# family	id	hook	type	variant	modifier	result
abilities	compoundeyes	onSourceModifyAccuracy	Normal	0	5325	undefined
abilities	compoundeyes	onSourceModifyAccuracy	Normal	1	7988	undefined
abilities	compoundeyes	onSourceModifyAccuracy	Normal	2	7988	undefined
abilities	compoundeyes	onSourceModifyAccuracy	Normal	3	5325	undefined
abilities	compoundeyes	onSourceModifyAccuracy	Normal	4	7988	undefined
abilities	compoundeyes	onSourceModifyAccuracy	Normal	5	7988	undefined
abilities	compoundeyes	onSourceModifyAccuracy	Normal	6	4096	undefined
abilities	compoundeyes	onSourceModifyAccuracy	Normal	7	6144	undefined
abilities	compoundeyes	onSourceModifyAccuracy	Normal	8	6144	undefined
abilities	compoundeyes	onSourceModifyAccuracy	Normal	9	4096	undefined
abilities	compoundeyes	onSourceModifyAccuracy	Normal	10	6144	undefined
abilities	compoundeyes	onSourceModifyAccuracy	Normal	11	6144	undefined
abilities	compoundeyes	onSourceModifyAccuracy	Fire	0	5325	undefined
abilities	compoundeyes	onSourceModifyAccuracy	Fire	1	7988	undefined
abilities	compoundeyes	onSourceModifyAccuracy	Fire	2	7988	undefined
abilities	compoundeyes	onSourceModifyAccuracy	Fire	3	5325	undefined
abilities	compoundeyes	onSourceModifyAccuracy	Fire	4	7988	undefined
abilities	compoundeyes	onSourceModifyAccuracy	Fire	5	7988	undefined
abilities	compoundeyes	onSourceModifyAccuracy	Fire	6	4096	undefined
abilities	compoundeyes	onSourceModifyAccuracy	Fire	7	6144	undefined
abilities	compoundeyes	onSourceModifyAccuracy	Fire	8	6144	undefined
abilities	compoundeyes	onSourceModifyAccuracy	Fire	9	4096	undefined
abilities	compoundeyes	onSourceModifyAccuracy	Fire	10	6144	undefined
abilities	compoundeyes	onSourceModifyAccuracy	Fire	11	6144	undefined
abilities	compoundeyes	onSourceModifyAccuracy	Water	0	5325	undefined
abilities	compoundeyes	onSourceModifyAccuracy	Water	1	7988	undefined
abilities	compoundeyes	onSourceModifyAccuracy	Water	2	7988	undefined
abilities	compoundeyes	onSourceModifyAccuracy	Water	3	5325	undefined
abilities	compoundeyes	onSourceModifyAccuracy	Water	4	7988	undefined
abilities	compoundeyes	onSourceModifyAccuracy	Water	5	7988	undefined
abilities	compoundeyes	onSourceModifyAccuracy	Water	6	4096	undefined
abilities	compoundeyes	onSourceModifyAccuracy	Water	7	6144	undefined
abilities	compoundeyes	onSourceModifyAccuracy	Water	8	6144	undefined
abilities	compoundeyes	onSourceModifyAccuracy	Water	9	4096	undefined
abilities	compoundeyes	onSourceModifyAccuracy	Water	10	6144	undefined
abilities	compoundeyes	onSourceModifyAccuracy	Water	11	6144	undefined
abilities	compoundeyes	onSourceModifyAccuracy	Ice	0	5325	undefined
abilities	compoundeyes	onSourceModifyAccuracy	Ice	1	7988	undefined
abilities	compoundeyes	onSourceModifyAccuracy	Ice	2	7988	undefined
abilities	compoundeyes	onSourceModifyAccuracy	Ice	3	5325	undefined
abilities	compoundeyes	onSourceModifyAccuracy	Ice	4	7988	undefined
abilities	compoundeyes	onSourceModifyAccuracy	Ice	5	7988	undefined
abilities	compoundeyes	onSourceModifyAccuracy	Ice	6	4096	undefined
abilities	compoundeyes	onSourceModifyAccuracy	Ice	7	6144	undefined
abilities	compoundeyes	onSourceModifyAccuracy	Ice	8	6144	undefined
abilities	compoundeyes	onSourceModifyAccuracy	Ice	9	4096	undefined
abilities	compoundeyes	onSourceModifyAccuracy	Ice	10	6144	undefined
abilities	compoundeyes	onSourceModifyAccuracy	Ice	11	6144	undefined
abilities	compoundeyes	onSourceModifyAccuracy	Ghost	0	5325	undefined
abilities	compoundeyes	onSourceModifyAccuracy	Ghost	1	7988	undefined
abilities	compoundeyes	onSourceModifyAccuracy	Ghost	2	7988	undefined
abilities	compoundeyes	onSourceModifyAccuracy	Ghost	3	5325	undefined
abilities	compoundeyes	onSourceModifyAccuracy	Ghost	4	7988	undefined
abilities	compoundeyes	onSourceModifyAccuracy	Ghost	5	7988	undefined
abilities	compoundeyes	onSourceModifyAccuracy	Ghost	6	4096	undefined
abilities	compoundeyes	onSourceModifyAccuracy	Ghost	7	6144	undefined
abilities	compoundeyes	onSourceModifyAccuracy	Ghost	8	6144	undefined
abilities	compoundeyes	onSourceModifyAccuracy	Ghost	9	4096	undefined
abilities	compoundeyes	onSourceModifyAccuracy	Ghost	10	6144	undefined
abilities	compoundeyes	onSourceModifyAccuracy	Ghost	11	6144	undefined
abilities	compoundeyes	onSourceModifyAccuracy	Grass	0	5325	undefined
abilities	compoundeyes	onSourceModifyAccuracy	Grass	1	7988	undefined
abilities	compoundeyes	onSourceModifyAccuracy	Grass	2	7988	undefined
abilities	compoundeyes	onSourceModifyAccuracy	Grass	3	5325	undefined
abilities	compoundeyes	onSourceModifyAccuracy	Grass	4	7988	undefined
abilities	compoundeyes	onSourceModifyAccuracy	Grass	5	7988	undefined
abilities	compoundeyes	onSourceModifyAccuracy	Grass	6	4096	undefined
abilities	compoundeyes	onSourceModifyAccuracy	Grass	7	6144	undefined
abilities	compoundeyes	onSourceModifyAccuracy	Grass	8	6144	undefined
abilities	compoundeyes	onSourceModifyAccuracy	Grass	9	4096	undefined
abilities	compoundeyes	onSourceModifyAccuracy	Grass	10	6144	undefined
abilities	compoundeyes	onSourceModifyAccuracy	Grass	11	6144	undefined
abilities	compoundeyes	onSourceModifyAccuracy	Electric	0	5325	undefined
abilities	compoundeyes	onSourceModifyAccuracy	Electric	1	7988	undefined
abilities	compoundeyes	onSourceModifyAccuracy	Electric	2	7988	undefined
abilities	compoundeyes	onSourceModifyAccuracy	Electric	3	5325	undefined
abilities	compoundeyes	onSourceModifyAccuracy	Electric	4	7988	undefined
abilities	compoundeyes	onSourceModifyAccuracy	Electric	5	7988	undefined
abilities	compoundeyes	onSourceModifyAccuracy	Electric	6	4096	undefined
abilities	compoundeyes	onSourceModifyAccuracy	Electric	7	6144	undefined
abilities	compoundeyes	onSourceModifyAccuracy	Electric	8	6144	undefined
abilities	compoundeyes	onSourceModifyAccuracy	Electric	9	4096	undefined
abilities	compoundeyes	onSourceModifyAccuracy	Electric	10	6144	undefined
abilities	compoundeyes	onSourceModifyAccuracy	Electric	11	6144	undefined
abilities	compoundeyes	onSourceModifyAccuracy	Fairy	0	5325	undefined
abilities	compoundeyes	onSourceModifyAccuracy	Fairy	1	7988	undefined
abilities	compoundeyes	onSourceModifyAccuracy	Fairy	2	7988	undefined
abilities	compoundeyes	onSourceModifyAccuracy	Fairy	3	5325	undefined
abilities	compoundeyes	onSourceModifyAccuracy	Fairy	4	7988	undefined
abilities	compoundeyes	onSourceModifyAccuracy	Fairy	5	7988	undefined
abilities	compoundeyes	onSourceModifyAccuracy	Fairy	6	4096	undefined
abilities	compoundeyes	onSourceModifyAccuracy	Fairy	7	6144	undefined
abilities	compoundeyes	onSourceModifyAccuracy	Fairy	8	6144	undefined
abilities	compoundeyes	onSourceModifyAccuracy	Fairy	9	4096	undefined
abilities	compoundeyes	onSourceModifyAccuracy	Fairy	10	6144	undefined
abilities	compoundeyes	onSourceModifyAccuracy	Fairy	11	6144	undefined
abilities	filter	onSourceModifyDamage	Normal	0	4096	undefined
abilities	filter	onSourceModifyDamage	Normal	1	6144	undefined
abilities	filter	onSourceModifyDamage	Normal	2	4608	undefined
abilities	filter	onSourceModifyDamage	Normal	3	4096	undefined
abilities	filter	onSourceModifyDamage	Normal	4	6144	undefined
abilities	filter	onSourceModifyDamage	Normal	5	4608	undefined
abilities	filter	onSourceModifyDamage	Normal	6	4096	undefined
abilities	filter	onSourceModifyDamage	Normal	7	6144	undefined
abilities	filter	onSourceModifyDamage	Normal	8	4608	undefined
abilities	filter	onSourceModifyDamage	Normal	9	4096	undefined
abilities	filter	onSourceModifyDamage	Normal	10	6144	undefined
abilities	filter	onSourceModifyDamage	Normal	11	4608	undefined
abilities	filter	onSourceModifyDamage	Fire	0	4096	undefined
abilities	filter	onSourceModifyDamage	Fire	1	6144	undefined
abilities	filter	onSourceModifyDamage	Fire	2	4608	undefined
abilities	filter	onSourceModifyDamage	Fire	3	4096	undefined
abilities	filter	onSourceModifyDamage	Fire	4	6144	undefined
abilities	filter	onSourceModifyDamage	Fire	5	4608	undefined
abilities	filter	onSourceModifyDamage	Fire	6	4096	undefined
abilities	filter	onSourceModifyDamage	Fire	7	6144	undefined
abilities	filter	onSourceModifyDamage	Fire	8	4608	undefined
abilities	filter	onSourceModifyDamage	Fire	9	4096	undefined
abilities	filter	onSourceModifyDamage	Fire	10	6144	undefined
abilities	filter	onSourceModifyDamage	Fire	11	4608	undefined
abilities	filter	onSourceModifyDamage	Water	0	4096	undefined
abilities	filter	onSourceModifyDamage	Water	1	6144	undefined
abilities	filter	onSourceModifyDamage	Water	2	4608	undefined
abilities	filter	onSourceModifyDamage	Water	3	4096	undefined
abilities	filter	onSourceModifyDamage	Water	4	6144	undefined
abilities	filter	onSourceModifyDamage	Water	5	4608	undefined
abilities	filter	onSourceModifyDamage	Water	6	4096	undefined
abilities	filter	onSourceModifyDamage	Water	7	6144	undefined
abilities	filter	onSourceModifyDamage	Water	8	4608	undefined
abilities	filter	onSourceModifyDamage	Water	9	4096	undefined
abilities	filter	onSourceModifyDamage	Water	10	6144	undefined
abilities	filter	onSourceModifyDamage	Water	11	4608	undefined
abilities	filter	onSourceModifyDamage	Ice	0	4096	undefined
abilities	filter	onSourceModifyDamage	Ice	1	6144	undefined
abilities	filter	onSourceModifyDamage	Ice	2	4608	undefined
abilities	filter	onSourceModifyDamage	Ice	3	4096	undefined
abilities	filter	onSourceModifyDamage	Ice	4	6144	undefined
abilities	filter	onSourceModifyDamage	Ice	5	4608	undefined
abilities	filter	onSourceModifyDamage	Ice	6	4096	undefined
abilities	filter	onSourceModifyDamage	Ice	7	6144	undefined
abilities	filter	onSourceModifyDamage	Ice	8	4608	undefined
abilities	filter	onSourceModifyDamage	Ice	9	4096	undefined
abilities	filter	onSourceModifyDamage	Ice	10	6144	undefined
abilities	filter	onSourceModifyDamage	Ice	11	4608	undefined
abilities	filter	onSourceModifyDamage	Ghost	0	4096	undefined
abilities	filter	onSourceModifyDamage	Ghost	1	6144	undefined
abilities	filter	onSourceModifyDamage	Ghost	2	4608	undefined
abilities	filter	onSourceModifyDamage	Ghost	3	4096	undefined
abilities	filter	onSourceModifyDamage	Ghost	4	6144	undefined
abilities	filter	onSourceModifyDamage	Ghost	5	4608	undefined
abilities	filter	onSourceModifyDamage	Ghost	6	4096	undefined
abilities	filter	onSourceModifyDamage	Ghost	7	6144	undefined
abilities	filter	onSourceModifyDamage	Ghost	8	4608	undefined
abilities	filter	onSourceModifyDamage	Ghost	9	4096	undefined
abilities	filter	onSourceModifyDamage	Ghost	10	6144	undefined
abilities	filter	onSourceModifyDamage	Ghost	11	4608	undefined
abilities	filter	onSourceModifyDamage	Grass	0	4096	undefined
abilities	filter	onSourceModifyDamage	Grass	1	6144	undefined
abilities	filter	onSourceModifyDamage	Grass	2	4608	undefined
abilities	filter	onSourceModifyDamage	Grass	3	4096	undefined
abilities	filter	onSourceModifyDamage	Grass	4	6144	undefined
abilities	filter	onSourceModifyDamage	Grass	5	4608	undefined
abilities	filter	onSourceModifyDamage	Grass	6	4096	undefined
abilities	filter	onSourceModifyDamage	Grass	7	6144	undefined
abilities	filter	onSourceModifyDamage	Grass	8	4608	undefined
abilities	filter	onSourceModifyDamage	Grass	9	4096	undefined
abilities	filter	onSourceModifyDamage	Grass	10	6144	undefined
abilities	filter	onSourceModifyDamage	Grass	11	4608	undefined
abilities	filter	onSourceModifyDamage	Electric	0	4096	undefined
abilities	filter	onSourceModifyDamage	Electric	1	6144	undefined
abilities	filter	onSourceModifyDamage	Electric	2	4608	undefined
abilities	filter	onSourceModifyDamage	Electric	3	4096	undefined
abilities	filter	onSourceModifyDamage	Electric	4	6144	undefined
abilities	filter	onSourceModifyDamage	Electric	5	4608	undefined
abilities	filter	onSourceModifyDamage	Electric	6	4096	undefined
abilities	filter	onSourceModifyDamage	Electric	7	6144	undefined
abilities	filter	onSourceModifyDamage	Electric	8	4608	undefined
abilities	filter	onSourceModifyDamage	Electric	9	4096	undefined
abilities	filter	onSourceModifyDamage	Electric	10	6144	undefined
abilities	filter	onSourceModifyDamage	Electric	11	4608	undefined
abilities	filter	onSourceModifyDamage	Fairy	0	4096	undefined
abilities	filter	onSourceModifyDamage	Fairy	1	6144	undefined
abilities	filter	onSourceModifyDamage	Fairy	2	4608	undefined
abilities	filter	onSourceModifyDamage	Fairy	3	4096	undefined
abilities	filter	onSourceModifyDamage	Fairy	4	6144	undefined
abilities	filter	onSourceModifyDamage	Fairy	5	4608	undefined
abilities	filter	onSourceModifyDamage	Fairy	6	4096	undefined
abilities	filter	onSourceModifyDamage	Fairy	7	6144	undefined
abilities	filter	onSourceModifyDamage	Fairy	8	4608	undefined
abilities	filter	onSourceModifyDamage	Fairy	9	4096	undefined
abilities	filter	onSourceModifyDamage	Fairy	10	6144	undefined
abilities	filter	onSourceModifyDamage	Fairy	11	4608	undefined
abilities	fluffy	onSourceModifyDamage	Normal	0	4096	undefined
abilities	fluffy	onSourceModifyDamage	Normal	1	3072	undefined
abilities	fluffy	onSourceModifyDamage	Normal	2	3072	undefined
abilities	fluffy	onSourceModifyDamage	Normal	3	4096	undefined
abilities	fluffy	onSourceModifyDamage	Normal	4	3072	undefined
abilities	fluffy	onSourceModifyDamage	Normal	5	3072	undefined
abilities	fluffy	onSourceModifyDamage	Normal	6	4096	undefined
abilities	fluffy	onSourceModifyDamage	Normal	7	3072	undefined
abilities	fluffy	onSourceModifyDamage	Normal	8	3072	undefined
abilities	fluffy	onSourceModifyDamage	Normal	9	4096	undefined
abilities	fluffy	onSourceModifyDamage	Normal	10	3072	undefined
abilities	fluffy	onSourceModifyDamage	Normal	11	3072	undefined
abilities	fluffy	onSourceModifyDamage	Fire	0	8192	undefined
abilities	fluffy	onSourceModifyDamage	Fire	1	6144	undefined
abilities	fluffy	onSourceModifyDamage	Fire	2	6144	undefined
abilities	fluffy	onSourceModifyDamage	Fire	3	8192	undefined
abilities	fluffy	onSourceModifyDamage	Fire	4	6144	undefined
abilities	fluffy	onSourceModifyDamage	Fire	5	6144	undefined
abilities	fluffy	onSourceModifyDamage	Fire	6	8192	undefined
abilities	fluffy	onSourceModifyDamage	Fire	7	6144	undefined
abilities	fluffy	onSourceModifyDamage	Fire	8	6144	undefined
abilities	fluffy	onSourceModifyDamage	Fire	9	8192	undefined
abilities	fluffy	onSourceModifyDamage	Fire	10	6144	undefined
abilities	fluffy	onSourceModifyDamage	Fire	11	6144	undefined
abilities	fluffy	onSourceModifyDamage	Water	0	4096	undefined
abilities	fluffy	onSourceModifyDamage	Water	1	3072	undefined
abilities	fluffy	onSourceModifyDamage	Water	2	3072	undefined
abilities	fluffy	onSourceModifyDamage	Water	3	4096	undefined
abilities	fluffy	onSourceModifyDamage	Water	4	3072	undefined
abilities	fluffy	onSourceModifyDamage	Water	5	3072	undefined
abilities	fluffy	onSourceModifyDamage	Water	6	4096	undefined
abilities	fluffy	onSourceModifyDamage	Water	7	3072	undefined
abilities	fluffy	onSourceModifyDamage	Water	8	3072	undefined
abilities	fluffy	onSourceModifyDamage	Water	9	4096	undefined
abilities	fluffy	onSourceModifyDamage	Water	10	3072	undefined
abilities	fluffy	onSourceModifyDamage	Water	11	3072	undefined
abilities	fluffy	onSourceModifyDamage	Ice	0	4096	undefined
abilities	fluffy	onSourceModifyDamage	Ice	1	3072	undefined
abilities	fluffy	onSourceModifyDamage	Ice	2	3072	undefined
abilities	fluffy	onSourceModifyDamage	Ice	3	4096	undefined
abilities	fluffy	onSourceModifyDamage	Ice	4	3072	undefined
abilities	fluffy	onSourceModifyDamage	Ice	5	3072	undefined
abilities	fluffy	onSourceModifyDamage	Ice	6	4096	undefined
abilities	fluffy	onSourceModifyDamage	Ice	7	3072	undefined
abilities	fluffy	onSourceModifyDamage	Ice	8	3072	undefined
abilities	fluffy	onSourceModifyDamage	Ice	9	4096	undefined
abilities	fluffy	onSourceModifyDamage	Ice	10	3072	undefined
abilities	fluffy	onSourceModifyDamage	Ice	11	3072	undefined
abilities	fluffy	onSourceModifyDamage	Ghost	0	4096	undefined
abilities	fluffy	onSourceModifyDamage	Ghost	1	3072	undefined
abilities	fluffy	onSourceModifyDamage	Ghost	2	3072	undefined
abilities	fluffy	onSourceModifyDamage	Ghost	3	4096	undefined
abilities	fluffy	onSourceModifyDamage	Ghost	4	3072	undefined
abilities	fluffy	onSourceModifyDamage	Ghost	5	3072	undefined
abilities	fluffy	onSourceModifyDamage	Ghost	6	4096	undefined
abilities	fluffy	onSourceModifyDamage	Ghost	7	3072	undefined
abilities	fluffy	onSourceModifyDamage	Ghost	8	3072	undefined
abilities	fluffy	onSourceModifyDamage	Ghost	9	4096	undefined
abilities	fluffy	onSourceModifyDamage	Ghost	10	3072	undefined
abilities	fluffy	onSourceModifyDamage	Ghost	11	3072	undefined
abilities	fluffy	onSourceModifyDamage	Grass	0	4096	undefined
abilities	fluffy	onSourceModifyDamage	Grass	1	3072	undefined
abilities	fluffy	onSourceModifyDamage	Grass	2	3072	undefined
abilities	fluffy	onSourceModifyDamage	Grass	3	4096	undefined
abilities	fluffy	onSourceModifyDamage	Grass	4	3072	undefined
abilities	fluffy	onSourceModifyDamage	Grass	5	3072	undefined
abilities	fluffy	onSourceModifyDamage	Grass	6	4096	undefined
abilities	fluffy	onSourceModifyDamage	Grass	7	3072	undefined
abilities	fluffy	onSourceModifyDamage	Grass	8	3072	undefined
abilities	fluffy	onSourceModifyDamage	Grass	9	4096	undefined
abilities	fluffy	onSourceModifyDamage	Grass	10	3072	undefined
abilities	fluffy	onSourceModifyDamage	Grass	11	3072	undefined
abilities	fluffy	onSourceModifyDamage	Electric	0	4096	undefined
abilities	fluffy	onSourceModifyDamage	Electric	1	3072	undefined
abilities	fluffy	onSourceModifyDamage	Electric	2	3072	undefined
abilities	fluffy	onSourceModifyDamage	Electric	3	4096	undefined
abilities	fluffy	onSourceModifyDamage	Electric	4	3072	undefined
abilities	fluffy	onSourceModifyDamage	Electric	5	3072	undefined
abilities	fluffy	onSourceModifyDamage	Electric	6	4096	undefined
abilities	fluffy	onSourceModifyDamage	Electric	7	3072	undefined
abilities	fluffy	onSourceModifyDamage	Electric	8	3072	undefined
abilities	fluffy	onSourceModifyDamage	Electric	9	4096	undefined
abilities	fluffy	onSourceModifyDamage	Electric	10	3072	undefined
abilities	fluffy	onSourceModifyDamage	Electric	11	3072	undefined
abilities	fluffy	onSourceModifyDamage	Fairy	0	4096	undefined
abilities	fluffy	onSourceModifyDamage	Fairy	1	3072	undefined
abilities	fluffy	onSourceModifyDamage	Fairy	2	3072	undefined
abilities	fluffy	onSourceModifyDamage	Fairy	3	4096	undefined
abilities	fluffy	onSourceModifyDamage	Fairy	4	3072	undefined
abilities	fluffy	onSourceModifyDamage	Fairy	5	3072	undefined
abilities	fluffy	onSourceModifyDamage	Fairy	6	4096	undefined
abilities	fluffy	onSourceModifyDamage	Fairy	7	3072	undefined
abilities	fluffy	onSourceModifyDamage	Fairy	8	3072	undefined
abilities	fluffy	onSourceModifyDamage	Fairy	9	4096	undefined
abilities	fluffy	onSourceModifyDamage	Fairy	10	3072	undefined
abilities	fluffy	onSourceModifyDamage	Fairy	11	3072	undefined
abilities	furcoat	onModifyDef	Normal	0	8192	undefined
abilities	furcoat	onModifyDef	Normal	1	12288	undefined
abilities	furcoat	onModifyDef	Normal	2	12288	undefined
abilities	furcoat	onModifyDef	Normal	3	8192	undefined
abilities	furcoat	onModifyDef	Normal	4	12288	undefined
abilities	furcoat	onModifyDef	Normal	5	12288	undefined
abilities	furcoat	onModifyDef	Normal	6	8192	undefined
abilities	furcoat	onModifyDef	Normal	7	12288	undefined
abilities	furcoat	onModifyDef	Normal	8	12288	undefined
abilities	furcoat	onModifyDef	Normal	9	8192	undefined
abilities	furcoat	onModifyDef	Normal	10	12288	undefined
abilities	furcoat	onModifyDef	Normal	11	12288	undefined
abilities	furcoat	onModifyDef	Fire	0	8192	undefined
abilities	furcoat	onModifyDef	Fire	1	12288	undefined
abilities	furcoat	onModifyDef	Fire	2	12288	undefined
abilities	furcoat	onModifyDef	Fire	3	8192	undefined
abilities	furcoat	onModifyDef	Fire	4	12288	undefined
abilities	furcoat	onModifyDef	Fire	5	12288	undefined
abilities	furcoat	onModifyDef	Fire	6	8192	undefined
abilities	furcoat	onModifyDef	Fire	7	12288	undefined
abilities	furcoat	onModifyDef	Fire	8	12288	undefined
abilities	furcoat	onModifyDef	Fire	9	8192	undefined
abilities	furcoat	onModifyDef	Fire	10	12288	undefined
abilities	furcoat	onModifyDef	Fire	11	12288	undefined
abilities	furcoat	onModifyDef	Water	0	8192	undefined
abilities	furcoat	onModifyDef	Water	1	12288	undefined
abilities	furcoat	onModifyDef	Water	2	12288	undefined
abilities	furcoat	onModifyDef	Water	3	8192	undefined
abilities	furcoat	onModifyDef	Water	4	12288	undefined
abilities	furcoat	onModifyDef	Water	5	12288	undefined
abilities	furcoat	onModifyDef	Water	6	8192	undefined
abilities	furcoat	onModifyDef	Water	7	12288	undefined
abilities	furcoat	onModifyDef	Water	8	12288	undefined
abilities	furcoat	onModifyDef	Water	9	8192	undefined
abilities	furcoat	onModifyDef	Water	10	12288	undefined
abilities	furcoat	onModifyDef	Water	11	12288	undefined
abilities	furcoat	onModifyDef	Ice	0	8192	undefined
abilities	furcoat	onModifyDef	Ice	1	12288	undefined
abilities	furcoat	onModifyDef	Ice	2	12288	undefined
abilities	furcoat	onModifyDef	Ice	3	8192	undefined
abilities	furcoat	onModifyDef	Ice	4	12288	undefined
abilities	furcoat	onModifyDef	Ice	5	12288	undefined
abilities	furcoat	onModifyDef	Ice	6	8192	undefined
abilities	furcoat	onModifyDef	Ice	7	12288	undefined
abilities	furcoat	onModifyDef	Ice	8	12288	undefined
abilities	furcoat	onModifyDef	Ice	9	8192	undefined
abilities	furcoat	onModifyDef	Ice	10	12288	undefined
abilities	furcoat	onModifyDef	Ice	11	12288	undefined
abilities	furcoat	onModifyDef	Ghost	0	8192	undefined
abilities	furcoat	onModifyDef	Ghost	1	12288	undefined
abilities	furcoat	onModifyDef	Ghost	2	12288	undefined
abilities	furcoat	onModifyDef	Ghost	3	8192	undefined
abilities	furcoat	onModifyDef	Ghost	4	12288	undefined
abilities	furcoat	onModifyDef	Ghost	5	12288	undefined
abilities	furcoat	onModifyDef	Ghost	6	8192	undefined
abilities	furcoat	onModifyDef	Ghost	7	12288	undefined
abilities	furcoat	onModifyDef	Ghost	8	12288	undefined
abilities	furcoat	onModifyDef	Ghost	9	8192	undefined
abilities	furcoat	onModifyDef	Ghost	10	12288	undefined
abilities	furcoat	onModifyDef	Ghost	11	12288	undefined
abilities	furcoat	onModifyDef	Grass	0	8192	undefined
abilities	furcoat	onModifyDef	Grass	1	12288	undefined
abilities	furcoat	onModifyDef	Grass	2	12288	undefined
abilities	furcoat	onModifyDef	Grass	3	8192	undefined
abilities	furcoat	onModifyDef	Grass	4	12288	undefined
abilities	furcoat	onModifyDef	Grass	5	12288	undefined
abilities	furcoat	onModifyDef	Grass	6	8192	undefined
abilities	furcoat	onModifyDef	Grass	7	12288	undefined
abilities	furcoat	onModifyDef	Grass	8	12288	undefined
abilities	furcoat	onModifyDef	Grass	9	8192	undefined
abilities	furcoat	onModifyDef	Grass	10	12288	undefined
abilities	furcoat	onModifyDef	Grass	11	12288	undefined
abilities	furcoat	onModifyDef	Electric	0	8192	undefined
abilities	furcoat	onModifyDef	Electric	1	12288	undefined
abilities	furcoat	onModifyDef	Electric	2	12288	undefined
abilities	furcoat	onModifyDef	Electric	3	8192	undefined
abilities	furcoat	onModifyDef	Electric	4	12288	undefined
abilities	furcoat	onModifyDef	Electric	5	12288	undefined
abilities	furcoat	onModifyDef	Electric	6	8192	undefined
abilities	furcoat	onModifyDef	Electric	7	12288	undefined
abilities	furcoat	onModifyDef	Electric	8	12288	undefined
abilities	furcoat	onModifyDef	Electric	9	8192	undefined
abilities	furcoat	onModifyDef	Electric	10	12288	undefined
abilities	furcoat	onModifyDef	Electric	11	12288	undefined
abilities	furcoat	onModifyDef	Fairy	0	8192	undefined
abilities	furcoat	onModifyDef	Fairy	1	12288	undefined
abilities	furcoat	onModifyDef	Fairy	2	12288	undefined
abilities	furcoat	onModifyDef	Fairy	3	8192	undefined
abilities	furcoat	onModifyDef	Fairy	4	12288	undefined
abilities	furcoat	onModifyDef	Fairy	5	12288	undefined
abilities	furcoat	onModifyDef	Fairy	6	8192	undefined
abilities	furcoat	onModifyDef	Fairy	7	12288	undefined
abilities	furcoat	onModifyDef	Fairy	8	12288	undefined
abilities	furcoat	onModifyDef	Fairy	9	8192	undefined
abilities	furcoat	onModifyDef	Fairy	10	12288	undefined
abilities	furcoat	onModifyDef	Fairy	11	12288	undefined
abilities	galvanize	onBasePower	Normal	0	4096	undefined
abilities	galvanize	onBasePower	Normal	1	7373	undefined
abilities	galvanize	onBasePower	Normal	2	6144	undefined
abilities	galvanize	onBasePower	Normal	3	4096	undefined
abilities	galvanize	onBasePower	Normal	4	7373	undefined
abilities	galvanize	onBasePower	Normal	5	6144	undefined
abilities	galvanize	onBasePower	Normal	6	4096	undefined
abilities	galvanize	onBasePower	Normal	7	7373	undefined
abilities	galvanize	onBasePower	Normal	8	6144	undefined
abilities	galvanize	onBasePower	Normal	9	4096	undefined
abilities	galvanize	onBasePower	Normal	10	7373	undefined
abilities	galvanize	onBasePower	Normal	11	6144	undefined
abilities	galvanize	onBasePower	Fire	0	4096	undefined
abilities	galvanize	onBasePower	Fire	1	7373	undefined
abilities	galvanize	onBasePower	Fire	2	6144	undefined
abilities	galvanize	onBasePower	Fire	3	4096	undefined
abilities	galvanize	onBasePower	Fire	4	7373	undefined
abilities	galvanize	onBasePower	Fire	5	6144	undefined
abilities	galvanize	onBasePower	Fire	6	4096	undefined
abilities	galvanize	onBasePower	Fire	7	7373	undefined
abilities	galvanize	onBasePower	Fire	8	6144	undefined
abilities	galvanize	onBasePower	Fire	9	4096	undefined
abilities	galvanize	onBasePower	Fire	10	7373	undefined
abilities	galvanize	onBasePower	Fire	11	6144	undefined
abilities	galvanize	onBasePower	Water	0	4096	undefined
abilities	galvanize	onBasePower	Water	1	7373	undefined
abilities	galvanize	onBasePower	Water	2	6144	undefined
abilities	galvanize	onBasePower	Water	3	4096	undefined
abilities	galvanize	onBasePower	Water	4	7373	undefined
abilities	galvanize	onBasePower	Water	5	6144	undefined
abilities	galvanize	onBasePower	Water	6	4096	undefined
abilities	galvanize	onBasePower	Water	7	7373	undefined
abilities	galvanize	onBasePower	Water	8	6144	undefined
abilities	galvanize	onBasePower	Water	9	4096	undefined
abilities	galvanize	onBasePower	Water	10	7373	undefined
abilities	galvanize	onBasePower	Water	11	6144	undefined
abilities	galvanize	onBasePower	Ice	0	4096	undefined
abilities	galvanize	onBasePower	Ice	1	7373	undefined
abilities	galvanize	onBasePower	Ice	2	6144	undefined
abilities	galvanize	onBasePower	Ice	3	4096	undefined
abilities	galvanize	onBasePower	Ice	4	7373	undefined
abilities	galvanize	onBasePower	Ice	5	6144	undefined
abilities	galvanize	onBasePower	Ice	6	4096	undefined
abilities	galvanize	onBasePower	Ice	7	7373	undefined
abilities	galvanize	onBasePower	Ice	8	6144	undefined
abilities	galvanize	onBasePower	Ice	9	4096	undefined
abilities	galvanize	onBasePower	Ice	10	7373	undefined
abilities	galvanize	onBasePower	Ice	11	6144	undefined
abilities	galvanize	onBasePower	Ghost	0	4096	undefined
abilities	galvanize	onBasePower	Ghost	1	7373	undefined
abilities	galvanize	onBasePower	Ghost	2	6144	undefined
abilities	galvanize	onBasePower	Ghost	3	4096	undefined
abilities	galvanize	onBasePower	Ghost	4	7373	undefined
abilities	galvanize	onBasePower	Ghost	5	6144	undefined
abilities	galvanize	onBasePower	Ghost	6	4096	undefined
abilities	galvanize	onBasePower	Ghost	7	7373	undefined
abilities	galvanize	onBasePower	Ghost	8	6144	undefined
abilities	galvanize	onBasePower	Ghost	9	4096	undefined
abilities	galvanize	onBasePower	Ghost	10	7373	undefined
abilities	galvanize	onBasePower	Ghost	11	6144	undefined
abilities	galvanize	onBasePower	Grass	0	4096	undefined
abilities	galvanize	onBasePower	Grass	1	7373	undefined
abilities	galvanize	onBasePower	Grass	2	6144	undefined
abilities	galvanize	onBasePower	Grass	3	4096	undefined
abilities	galvanize	onBasePower	Grass	4	7373	undefined
abilities	galvanize	onBasePower	Grass	5	6144	undefined
abilities	galvanize	onBasePower	Grass	6	4096	undefined
abilities	galvanize	onBasePower	Grass	7	7373	undefined
abilities	galvanize	onBasePower	Grass	8	6144	undefined
abilities	galvanize	onBasePower	Grass	9	4096	undefined
abilities	galvanize	onBasePower	Grass	10	7373	undefined
abilities	galvanize	onBasePower	Grass	11	6144	undefined
abilities	galvanize	onBasePower	Electric	0	4096	undefined
abilities	galvanize	onBasePower	Electric	1	7373	undefined
abilities	galvanize	onBasePower	Electric	2	6144	undefined
abilities	galvanize	onBasePower	Electric	3	4096	undefined
abilities	galvanize	onBasePower	Electric	4	7373	undefined
abilities	galvanize	onBasePower	Electric	5	6144	undefined
abilities	galvanize	onBasePower	Electric	6	4096	undefined
abilities	galvanize	onBasePower	Electric	7	7373	undefined
abilities	galvanize	onBasePower	Electric	8	6144	undefined
abilities	galvanize	onBasePower	Electric	9	4096	undefined
abilities	galvanize	onBasePower	Electric	10	7373	undefined
abilities	galvanize	onBasePower	Electric	11	6144	undefined
abilities	galvanize	onBasePower	Fairy	0	4096	undefined
abilities	galvanize	onBasePower	Fairy	1	7373	undefined
abilities	galvanize	onBasePower	Fairy	2	6144	undefined
abilities	galvanize	onBasePower	Fairy	3	4096	undefined
abilities	galvanize	onBasePower	Fairy	4	7373	undefined
abilities	galvanize	onBasePower	Fairy	5	6144	undefined
abilities	galvanize	onBasePower	Fairy	6	4096	undefined
abilities	galvanize	onBasePower	Fairy	7	7373	undefined
abilities	galvanize	onBasePower	Fairy	8	6144	undefined
abilities	galvanize	onBasePower	Fairy	9	4096	undefined
abilities	galvanize	onBasePower	Fairy	10	7373	undefined
abilities	galvanize	onBasePower	Fairy	11	6144	undefined
abilities	hustle	onModifyAtk	Normal	0	4096	151
abilities	hustle	onModifyAtk	Normal	1	6144	151
abilities	hustle	onModifyAtk	Normal	2	6144	151
abilities	hustle	onModifyAtk	Normal	3	4096	151
abilities	hustle	onModifyAtk	Normal	4	6144	151
abilities	hustle	onModifyAtk	Normal	5	6144	151
abilities	hustle	onModifyAtk	Normal	6	4096	151
abilities	hustle	onModifyAtk	Normal	7	6144	151
abilities	hustle	onModifyAtk	Normal	8	6144	151
abilities	hustle	onModifyAtk	Normal	9	4096	151
abilities	hustle	onModifyAtk	Normal	10	6144	151
abilities	hustle	onModifyAtk	Normal	11	6144	151
abilities	hustle	onModifyAtk	Fire	0	4096	151
abilities	hustle	onModifyAtk	Fire	1	6144	151
abilities	hustle	onModifyAtk	Fire	2	6144	151
abilities	hustle	onModifyAtk	Fire	3	4096	151
abilities	hustle	onModifyAtk	Fire	4	6144	151
abilities	hustle	onModifyAtk	Fire	5	6144	151
abilities	hustle	onModifyAtk	Fire	6	4096	151
abilities	hustle	onModifyAtk	Fire	7	6144	151
abilities	hustle	onModifyAtk	Fire	8	6144	151
abilities	hustle	onModifyAtk	Fire	9	4096	151
abilities	hustle	onModifyAtk	Fire	10	6144	151
abilities	hustle	onModifyAtk	Fire	11	6144	151
abilities	hustle	onModifyAtk	Water	0	4096	151
abilities	hustle	onModifyAtk	Water	1	6144	151
abilities	hustle	onModifyAtk	Water	2	6144	151
abilities	hustle	onModifyAtk	Water	3	4096	151
abilities	hustle	onModifyAtk	Water	4	6144	151
abilities	hustle	onModifyAtk	Water	5	6144	151
abilities	hustle	onModifyAtk	Water	6	4096	151
abilities	hustle	onModifyAtk	Water	7	6144	151
abilities	hustle	onModifyAtk	Water	8	6144	151
abilities	hustle	onModifyAtk	Water	9	4096	151
abilities	hustle	onModifyAtk	Water	10	6144	151
abilities	hustle	onModifyAtk	Water	11	6144	151
abilities	hustle	onModifyAtk	Ice	0	4096	151
abilities	hustle	onModifyAtk	Ice	1	6144	151
abilities	hustle	onModifyAtk	Ice	2	6144	151
abilities	hustle	onModifyAtk	Ice	3	4096	151
abilities	hustle	onModifyAtk	Ice	4	6144	151
abilities	hustle	onModifyAtk	Ice	5	6144	151
abilities	hustle	onModifyAtk	Ice	6	4096	151
abilities	hustle	onModifyAtk	Ice	7	6144	151
abilities	hustle	onModifyAtk	Ice	8	6144	151
abilities	hustle	onModifyAtk	Ice	9	4096	151
abilities	hustle	onModifyAtk	Ice	10	6144	151
abilities	hustle	onModifyAtk	Ice	11	6144	151
abilities	hustle	onModifyAtk	Ghost	0	4096	151
abilities	hustle	onModifyAtk	Ghost	1	6144	151
abilities	hustle	onModifyAtk	Ghost	2	6144	151
abilities	hustle	onModifyAtk	Ghost	3	4096	151
abilities	hustle	onModifyAtk	Ghost	4	6144	151
abilities	hustle	onModifyAtk	Ghost	5	6144	151
abilities	hustle	onModifyAtk	Ghost	6	4096	151
abilities	hustle	onModifyAtk	Ghost	7	6144	151
abilities	hustle	onModifyAtk	Ghost	8	6144	151
abilities	hustle	onModifyAtk	Ghost	9	4096	151
abilities	hustle	onModifyAtk	Ghost	10	6144	151
abilities	hustle	onModifyAtk	Ghost	11	6144	151
abilities	hustle	onModifyAtk	Grass	0	4096	151
abilities	hustle	onModifyAtk	Grass	1	6144	151
abilities	hustle	onModifyAtk	Grass	2	6144	151
abilities	hustle	onModifyAtk	Grass	3	4096	151
abilities	hustle	onModifyAtk	Grass	4	6144	151
abilities	hustle	onModifyAtk	Grass	5	6144	151
abilities	hustle	onModifyAtk	Grass	6	4096	151
abilities	hustle	onModifyAtk	Grass	7	6144	151
abilities	hustle	onModifyAtk	Grass	8	6144	151
abilities	hustle	onModifyAtk	Grass	9	4096	151
abilities	hustle	onModifyAtk	Grass	10	6144	151
abilities	hustle	onModifyAtk	Grass	11	6144	151
abilities	hustle	onModifyAtk	Electric	0	4096	151
abilities	hustle	onModifyAtk	Electric	1	6144	151
abilities	hustle	onModifyAtk	Electric	2	6144	151
abilities	hustle	onModifyAtk	Electric	3	4096	151
abilities	hustle	onModifyAtk	Electric	4	6144	151
abilities	hustle	onModifyAtk	Electric	5	6144	151
abilities	hustle	onModifyAtk	Electric	6	4096	151
abilities	hustle	onModifyAtk	Electric	7	6144	151
abilities	hustle	onModifyAtk	Electric	8	6144	151
abilities	hustle	onModifyAtk	Electric	9	4096	151
abilities	hustle	onModifyAtk	Electric	10	6144	151
abilities	hustle	onModifyAtk	Electric	11	6144	151
abilities	hustle	onModifyAtk	Fairy	0	4096	151
abilities	hustle	onModifyAtk	Fairy	1	6144	151
abilities	hustle	onModifyAtk	Fairy	2	6144	151
abilities	hustle	onModifyAtk	Fairy	3	4096	151
abilities	hustle	onModifyAtk	Fairy	4	6144	151
abilities	hustle	onModifyAtk	Fairy	5	6144	151
abilities	hustle	onModifyAtk	Fairy	6	4096	151
abilities	hustle	onModifyAtk	Fairy	7	6144	151
abilities	hustle	onModifyAtk	Fairy	8	6144	151
abilities	hustle	onModifyAtk	Fairy	9	4096	151
abilities	hustle	onModifyAtk	Fairy	10	6144	151
abilities	hustle	onModifyAtk	Fairy	11	6144	151
abilities	hustle	onSourceModifyAccuracy	Normal	0	3277	undefined
abilities	hustle	onSourceModifyAccuracy	Normal	1	6144	undefined
abilities	hustle	onSourceModifyAccuracy	Normal	2	4916	undefined
abilities	hustle	onSourceModifyAccuracy	Normal	3	4096	undefined
abilities	hustle	onSourceModifyAccuracy	Normal	4	4916	undefined
abilities	hustle	onSourceModifyAccuracy	Normal	5	6144	undefined
abilities	hustle	onSourceModifyAccuracy	Normal	6	4096	undefined
abilities	hustle	onSourceModifyAccuracy	Normal	7	6144	undefined
abilities	hustle	onSourceModifyAccuracy	Normal	8	6144	undefined
abilities	hustle	onSourceModifyAccuracy	Normal	9	4096	undefined
abilities	hustle	onSourceModifyAccuracy	Normal	10	6144	undefined
abilities	hustle	onSourceModifyAccuracy	Normal	11	6144	undefined
abilities	hustle	onSourceModifyAccuracy	Fire	0	3277	undefined
abilities	hustle	onSourceModifyAccuracy	Fire	1	6144	undefined
abilities	hustle	onSourceModifyAccuracy	Fire	2	4916	undefined
abilities	hustle	onSourceModifyAccuracy	Fire	3	4096	undefined
abilities	hustle	onSourceModifyAccuracy	Fire	4	4916	undefined
abilities	hustle	onSourceModifyAccuracy	Fire	5	6144	undefined
abilities	hustle	onSourceModifyAccuracy	Fire	6	4096	undefined
abilities	hustle	onSourceModifyAccuracy	Fire	7	6144	undefined
abilities	hustle	onSourceModifyAccuracy	Fire	8	6144	undefined
abilities	hustle	onSourceModifyAccuracy	Fire	9	4096	undefined
abilities	hustle	onSourceModifyAccuracy	Fire	10	6144	undefined
abilities	hustle	onSourceModifyAccuracy	Fire	11	6144	undefined
abilities	hustle	onSourceModifyAccuracy	Water	0	3277	undefined
abilities	hustle	onSourceModifyAccuracy	Water	1	6144	undefined
abilities	hustle	onSourceModifyAccuracy	Water	2	4916	undefined
abilities	hustle	onSourceModifyAccuracy	Water	3	4096	undefined
abilities	hustle	onSourceModifyAccuracy	Water	4	4916	undefined
abilities	hustle	onSourceModifyAccuracy	Water	5	6144	undefined
abilities	hustle	onSourceModifyAccuracy	Water	6	4096	undefined
abilities	hustle	onSourceModifyAccuracy	Water	7	6144	undefined
abilities	hustle	onSourceModifyAccuracy	Water	8	6144	undefined
abilities	hustle	onSourceModifyAccuracy	Water	9	4096	undefined
abilities	hustle	onSourceModifyAccuracy	Water	10	6144	undefined
abilities	hustle	onSourceModifyAccuracy	Water	11	6144	undefined
abilities	hustle	onSourceModifyAccuracy	Ice	0	3277	undefined
abilities	hustle	onSourceModifyAccuracy	Ice	1	6144	undefined
abilities	hustle	onSourceModifyAccuracy	Ice	2	4916	undefined
abilities	hustle	onSourceModifyAccuracy	Ice	3	4096	undefined
abilities	hustle	onSourceModifyAccuracy	Ice	4	4916	undefined
abilities	hustle	onSourceModifyAccuracy	Ice	5	6144	undefined
abilities	hustle	onSourceModifyAccuracy	Ice	6	4096	undefined
abilities	hustle	onSourceModifyAccuracy	Ice	7	6144	undefined
abilities	hustle	onSourceModifyAccuracy	Ice	8	6144	undefined
abilities	hustle	onSourceModifyAccuracy	Ice	9	4096	undefined
abilities	hustle	onSourceModifyAccuracy	Ice	10	6144	undefined
abilities	hustle	onSourceModifyAccuracy	Ice	11	6144	undefined
abilities	hustle	onSourceModifyAccuracy	Ghost	0	3277	undefined
abilities	hustle	onSourceModifyAccuracy	Ghost	1	6144	undefined
abilities	hustle	onSourceModifyAccuracy	Ghost	2	4916	undefined
abilities	hustle	onSourceModifyAccuracy	Ghost	3	4096	undefined
abilities	hustle	onSourceModifyAccuracy	Ghost	4	4916	undefined
abilities	hustle	onSourceModifyAccuracy	Ghost	5	6144	undefined
abilities	hustle	onSourceModifyAccuracy	Ghost	6	4096	undefined
abilities	hustle	onSourceModifyAccuracy	Ghost	7	6144	undefined
abilities	hustle	onSourceModifyAccuracy	Ghost	8	6144	undefined
abilities	hustle	onSourceModifyAccuracy	Ghost	9	4096	undefined
abilities	hustle	onSourceModifyAccuracy	Ghost	10	6144	undefined
abilities	hustle	onSourceModifyAccuracy	Ghost	11	6144	undefined
abilities	hustle	onSourceModifyAccuracy	Grass	0	3277	undefined
abilities	hustle	onSourceModifyAccuracy	Grass	1	6144	undefined
abilities	hustle	onSourceModifyAccuracy	Grass	2	4916	undefined
abilities	hustle	onSourceModifyAccuracy	Grass	3	4096	undefined
abilities	hustle	onSourceModifyAccuracy	Grass	4	4916	undefined
abilities	hustle	onSourceModifyAccuracy	Grass	5	6144	undefined
abilities	hustle	onSourceModifyAccuracy	Grass	6	4096	undefined
abilities	hustle	onSourceModifyAccuracy	Grass	7	6144	undefined
abilities	hustle	onSourceModifyAccuracy	Grass	8	6144	undefined
abilities	hustle	onSourceModifyAccuracy	Grass	9	4096	undefined
abilities	hustle	onSourceModifyAccuracy	Grass	10	6144	undefined
abilities	hustle	onSourceModifyAccuracy	Grass	11	6144	undefined
abilities	hustle	onSourceModifyAccuracy	Electric	0	3277	undefined
abilities	hustle	onSourceModifyAccuracy	Electric	1	6144	undefined
abilities	hustle	onSourceModifyAccuracy	Electric	2	4916	undefined
abilities	hustle	onSourceModifyAccuracy	Electric	3	4096	undefined
abilities	hustle	onSourceModifyAccuracy	Electric	4	4916	undefined
abilities	hustle	onSourceModifyAccuracy	Electric	5	6144	undefined
abilities	hustle	onSourceModifyAccuracy	Electric	6	4096	undefined
abilities	hustle	onSourceModifyAccuracy	Electric	7	6144	undefined
abilities	hustle	onSourceModifyAccuracy	Electric	8	6144	undefined
abilities	hustle	onSourceModifyAccuracy	Electric	9	4096	undefined
abilities	hustle	onSourceModifyAccuracy	Electric	10	6144	undefined
abilities	hustle	onSourceModifyAccuracy	Electric	11	6144	undefined
abilities	hustle	onSourceModifyAccuracy	Fairy	0	3277	undefined
abilities	hustle	onSourceModifyAccuracy	Fairy	1	6144	undefined
abilities	hustle	onSourceModifyAccuracy	Fairy	2	4916	undefined
abilities	hustle	onSourceModifyAccuracy	Fairy	3	4096	undefined
abilities	hustle	onSourceModifyAccuracy	Fairy	4	4916	undefined
abilities	hustle	onSourceModifyAccuracy	Fairy	5	6144	undefined
abilities	hustle	onSourceModifyAccuracy	Fairy	6	4096	undefined
abilities	hustle	onSourceModifyAccuracy	Fairy	7	6144	undefined
abilities	hustle	onSourceModifyAccuracy	Fairy	8	6144	undefined
abilities	hustle	onSourceModifyAccuracy	Fairy	9	4096	undefined
abilities	hustle	onSourceModifyAccuracy	Fairy	10	6144	undefined
abilities	hustle	onSourceModifyAccuracy	Fairy	11	6144	undefined
abilities	icescales	onSourceModifyDamage	Normal	0	4096	undefined
abilities	icescales	onSourceModifyDamage	Normal	1	3072	undefined
abilities	icescales	onSourceModifyDamage	Normal	2	6144	undefined
abilities	icescales	onSourceModifyDamage	Normal	3	2048	undefined
abilities	icescales	onSourceModifyDamage	Normal	4	6144	undefined
abilities	icescales	onSourceModifyDamage	Normal	5	3072	undefined
abilities	icescales	onSourceModifyDamage	Normal	6	4096	undefined
abilities	icescales	onSourceModifyDamage	Normal	7	3072	undefined
abilities	icescales	onSourceModifyDamage	Normal	8	6144	undefined
abilities	icescales	onSourceModifyDamage	Normal	9	2048	undefined
abilities	icescales	onSourceModifyDamage	Normal	10	6144	undefined
abilities	icescales	onSourceModifyDamage	Normal	11	3072	undefined
abilities	icescales	onSourceModifyDamage	Fire	0	4096	undefined
abilities	icescales	onSourceModifyDamage	Fire	1	3072	undefined
abilities	icescales	onSourceModifyDamage	Fire	2	6144	undefined
abilities	icescales	onSourceModifyDamage	Fire	3	2048	undefined
abilities	icescales	onSourceModifyDamage	Fire	4	6144	undefined
abilities	icescales	onSourceModifyDamage	Fire	5	3072	undefined
abilities	icescales	onSourceModifyDamage	Fire	6	4096	undefined
abilities	icescales	onSourceModifyDamage	Fire	7	3072	undefined
abilities	icescales	onSourceModifyDamage	Fire	8	6144	undefined
abilities	icescales	onSourceModifyDamage	Fire	9	2048	undefined
abilities	icescales	onSourceModifyDamage	Fire	10	6144	undefined
abilities	icescales	onSourceModifyDamage	Fire	11	3072	undefined
abilities	icescales	onSourceModifyDamage	Water	0	4096	undefined
abilities	icescales	onSourceModifyDamage	Water	1	3072	undefined
abilities	icescales	onSourceModifyDamage	Water	2	6144	undefined
abilities	icescales	onSourceModifyDamage	Water	3	2048	undefined
abilities	icescales	onSourceModifyDamage	Water	4	6144	undefined
abilities	icescales	onSourceModifyDamage	Water	5	3072	undefined
abilities	icescales	onSourceModifyDamage	Water	6	4096	undefined
abilities	icescales	onSourceModifyDamage	Water	7	3072	undefined
abilities	icescales	onSourceModifyDamage	Water	8	6144	undefined
abilities	icescales	onSourceModifyDamage	Water	9	2048	undefined
abilities	icescales	onSourceModifyDamage	Water	10	6144	undefined
abilities	icescales	onSourceModifyDamage	Water	11	3072	undefined
abilities	icescales	onSourceModifyDamage	Ice	0	4096	undefined
abilities	icescales	onSourceModifyDamage	Ice	1	3072	undefined
abilities	icescales	onSourceModifyDamage	Ice	2	6144	undefined
abilities	icescales	onSourceModifyDamage	Ice	3	2048	undefined
abilities	icescales	onSourceModifyDamage	Ice	4	6144	undefined
abilities	icescales	onSourceModifyDamage	Ice	5	3072	undefined
abilities	icescales	onSourceModifyDamage	Ice	6	4096	undefined
abilities	icescales	onSourceModifyDamage	Ice	7	3072	undefined
abilities	icescales	onSourceModifyDamage	Ice	8	6144	undefined
abilities	icescales	onSourceModifyDamage	Ice	9	2048	undefined
abilities	icescales	onSourceModifyDamage	Ice	10	6144	undefined
abilities	icescales	onSourceModifyDamage	Ice	11	3072	undefined
abilities	icescales	onSourceModifyDamage	Ghost	0	4096	undefined
abilities	icescales	onSourceModifyDamage	Ghost	1	3072	undefined
abilities	icescales	onSourceModifyDamage	Ghost	2	6144	undefined
abilities	icescales	onSourceModifyDamage	Ghost	3	2048	undefined
abilities	icescales	onSourceModifyDamage	Ghost	4	6144	undefined
abilities	icescales	onSourceModifyDamage	Ghost	5	3072	undefined
abilities	icescales	onSourceModifyDamage	Ghost	6	4096	undefined
abilities	icescales	onSourceModifyDamage	Ghost	7	3072	undefined
abilities	icescales	onSourceModifyDamage	Ghost	8	6144	undefined
abilities	icescales	onSourceModifyDamage	Ghost	9	2048	undefined
abilities	icescales	onSourceModifyDamage	Ghost	10	6144	undefined
abilities	icescales	onSourceModifyDamage	Ghost	11	3072	undefined
abilities	icescales	onSourceModifyDamage	Grass	0	4096	undefined
abilities	icescales	onSourceModifyDamage	Grass	1	3072	undefined
abilities	icescales	onSourceModifyDamage	Grass	2	6144	undefined
abilities	icescales	onSourceModifyDamage	Grass	3	2048	undefined
abilities	icescales	onSourceModifyDamage	Grass	4	6144	undefined
abilities	icescales	onSourceModifyDamage	Grass	5	3072	undefined
abilities	icescales	onSourceModifyDamage	Grass	6	4096	undefined
abilities	icescales	onSourceModifyDamage	Grass	7	3072	undefined
abilities	icescales	onSourceModifyDamage	Grass	8	6144	undefined
abilities	icescales	onSourceModifyDamage	Grass	9	2048	undefined
abilities	icescales	onSourceModifyDamage	Grass	10	6144	undefined
abilities	icescales	onSourceModifyDamage	Grass	11	3072	undefined
abilities	icescales	onSourceModifyDamage	Electric	0	4096	undefined
abilities	icescales	onSourceModifyDamage	Electric	1	3072	undefined
abilities	icescales	onSourceModifyDamage	Electric	2	6144	undefined
abilities	icescales	onSourceModifyDamage	Electric	3	2048	undefined
abilities	icescales	onSourceModifyDamage	Electric	4	6144	undefined
abilities	icescales	onSourceModifyDamage	Electric	5	3072	undefined
abilities	icescales	onSourceModifyDamage	Electric	6	4096	undefined
abilities	icescales	onSourceModifyDamage	Electric	7	3072	undefined
abilities	icescales	onSourceModifyDamage	Electric	8	6144	undefined
abilities	icescales	onSourceModifyDamage	Electric	9	2048	undefined
abilities	icescales	onSourceModifyDamage	Electric	10	6144	undefined
abilities	icescales	onSourceModifyDamage	Electric	11	3072	undefined
abilities	icescales	onSourceModifyDamage	Fairy	0	4096	undefined
abilities	icescales	onSourceModifyDamage	Fairy	1	3072	undefined
abilities	icescales	onSourceModifyDamage	Fairy	2	6144	undefined
abilities	icescales	onSourceModifyDamage	Fairy	3	2048	undefined
abilities	icescales	onSourceModifyDamage	Fairy	4	6144	undefined
abilities	icescales	onSourceModifyDamage	Fairy	5	3072	undefined
abilities	icescales	onSourceModifyDamage	Fairy	6	4096	undefined
abilities	icescales	onSourceModifyDamage	Fairy	7	3072	undefined
abilities	icescales	onSourceModifyDamage	Fairy	8	6144	undefined
abilities	icescales	onSourceModifyDamage	Fairy	9	2048	undefined
abilities	icescales	onSourceModifyDamage	Fairy	10	6144	undefined
abilities	icescales	onSourceModifyDamage	Fairy	11	3072	undefined
abilities	multiscale	onSourceModifyDamage	Normal	0	4096	undefined
abilities	multiscale	onSourceModifyDamage	Normal	1	3072	undefined
abilities	multiscale	onSourceModifyDamage	Normal	2	3072	undefined
abilities	multiscale	onSourceModifyDamage	Normal	3	4096	undefined
abilities	multiscale	onSourceModifyDamage	Normal	4	3072	undefined
abilities	multiscale	onSourceModifyDamage	Normal	5	3072	undefined
abilities	multiscale	onSourceModifyDamage	Normal	6	4096	undefined
abilities	multiscale	onSourceModifyDamage	Normal	7	3072	undefined
abilities	multiscale	onSourceModifyDamage	Normal	8	3072	undefined
abilities	multiscale	onSourceModifyDamage	Normal	9	4096	undefined
abilities	multiscale	onSourceModifyDamage	Normal	10	3072	undefined
abilities	multiscale	onSourceModifyDamage	Normal	11	3072	undefined
abilities	multiscale	onSourceModifyDamage	Fire	0	4096	undefined
abilities	multiscale	onSourceModifyDamage	Fire	1	3072	undefined
abilities	multiscale	onSourceModifyDamage	Fire	2	3072	undefined
abilities	multiscale	onSourceModifyDamage	Fire	3	4096	undefined
abilities	multiscale	onSourceModifyDamage	Fire	4	3072	undefined
abilities	multiscale	onSourceModifyDamage	Fire	5	3072	undefined
abilities	multiscale	onSourceModifyDamage	Fire	6	4096	undefined
abilities	multiscale	onSourceModifyDamage	Fire	7	3072	undefined
abilities	multiscale	onSourceModifyDamage	Fire	8	3072	undefined
abilities	multiscale	onSourceModifyDamage	Fire	9	4096	undefined
abilities	multiscale	onSourceModifyDamage	Fire	10	3072	undefined
abilities	multiscale	onSourceModifyDamage	Fire	11	3072	undefined
abilities	multiscale	onSourceModifyDamage	Water	0	4096	undefined
abilities	multiscale	onSourceModifyDamage	Water	1	3072	undefined
abilities	multiscale	onSourceModifyDamage	Water	2	3072	undefined
abilities	multiscale	onSourceModifyDamage	Water	3	4096	undefined
abilities	multiscale	onSourceModifyDamage	Water	4	3072	undefined
abilities	multiscale	onSourceModifyDamage	Water	5	3072	undefined
abilities	multiscale	onSourceModifyDamage	Water	6	4096	undefined
abilities	multiscale	onSourceModifyDamage	Water	7	3072	undefined
abilities	multiscale	onSourceModifyDamage	Water	8	3072	undefined
abilities	multiscale	onSourceModifyDamage	Water	9	4096	undefined
abilities	multiscale	onSourceModifyDamage	Water	10	3072	undefined
abilities	multiscale	onSourceModifyDamage	Water	11	3072	undefined
abilities	multiscale	onSourceModifyDamage	Ice	0	4096	undefined
abilities	multiscale	onSourceModifyDamage	Ice	1	3072	undefined
abilities	multiscale	onSourceModifyDamage	Ice	2	3072	undefined
abilities	multiscale	onSourceModifyDamage	Ice	3	4096	undefined
abilities	multiscale	onSourceModifyDamage	Ice	4	3072	undefined
abilities	multiscale	onSourceModifyDamage	Ice	5	3072	undefined
abilities	multiscale	onSourceModifyDamage	Ice	6	4096	undefined
abilities	multiscale	onSourceModifyDamage	Ice	7	3072	undefined
abilities	multiscale	onSourceModifyDamage	Ice	8	3072	undefined
abilities	multiscale	onSourceModifyDamage	Ice	9	4096	undefined
abilities	multiscale	onSourceModifyDamage	Ice	10	3072	undefined
abilities	multiscale	onSourceModifyDamage	Ice	11	3072	undefined
abilities	multiscale	onSourceModifyDamage	Ghost	0	4096	undefined
abilities	multiscale	onSourceModifyDamage	Ghost	1	3072	undefined
abilities	multiscale	onSourceModifyDamage	Ghost	2	3072	undefined
abilities	multiscale	onSourceModifyDamage	Ghost	3	4096	undefined
abilities	multiscale	onSourceModifyDamage	Ghost	4	3072	undefined
abilities	multiscale	onSourceModifyDamage	Ghost	5	3072	undefined
abilities	multiscale	onSourceModifyDamage	Ghost	6	4096	undefined
abilities	multiscale	onSourceModifyDamage	Ghost	7	3072	undefined
abilities	multiscale	onSourceModifyDamage	Ghost	8	3072	undefined
abilities	multiscale	onSourceModifyDamage	Ghost	9	4096	undefined
abilities	multiscale	onSourceModifyDamage	Ghost	10	3072	undefined
abilities	multiscale	onSourceModifyDamage	Ghost	11	3072	undefined
abilities	multiscale	onSourceModifyDamage	Grass	0	4096	undefined
abilities	multiscale	onSourceModifyDamage	Grass	1	3072	undefined
abilities	multiscale	onSourceModifyDamage	Grass	2	3072	undefined
abilities	multiscale	onSourceModifyDamage	Grass	3	4096	undefined
abilities	multiscale	onSourceModifyDamage	Grass	4	3072	undefined
abilities	multiscale	onSourceModifyDamage	Grass	5	3072	undefined
abilities	multiscale	onSourceModifyDamage	Grass	6	4096	undefined
abilities	multiscale	onSourceModifyDamage	Grass	7	3072	undefined
abilities	multiscale	onSourceModifyDamage	Grass	8	3072	undefined
abilities	multiscale	onSourceModifyDamage	Grass	9	4096	undefined
abilities	multiscale	onSourceModifyDamage	Grass	10	3072	undefined
abilities	multiscale	onSourceModifyDamage	Grass	11	3072	undefined
abilities	multiscale	onSourceModifyDamage	Electric	0	4096	undefined
abilities	multiscale	onSourceModifyDamage	Electric	1	3072	undefined
abilities	multiscale	onSourceModifyDamage	Electric	2	3072	undefined
abilities	multiscale	onSourceModifyDamage	Electric	3	4096	undefined
abilities	multiscale	onSourceModifyDamage	Electric	4	3072	undefined
abilities	multiscale	onSourceModifyDamage	Electric	5	3072	undefined
abilities	multiscale	onSourceModifyDamage	Electric	6	4096	undefined
abilities	multiscale	onSourceModifyDamage	Electric	7	3072	undefined
abilities	multiscale	onSourceModifyDamage	Electric	8	3072	undefined
abilities	multiscale	onSourceModifyDamage	Electric	9	4096	undefined
abilities	multiscale	onSourceModifyDamage	Electric	10	3072	undefined
abilities	multiscale	onSourceModifyDamage	Electric	11	3072	undefined
abilities	multiscale	onSourceModifyDamage	Fairy	0	4096	undefined
abilities	multiscale	onSourceModifyDamage	Fairy	1	3072	undefined
abilities	multiscale	onSourceModifyDamage	Fairy	2	3072	undefined
abilities	multiscale	onSourceModifyDamage	Fairy	3	4096	undefined
abilities	multiscale	onSourceModifyDamage	Fairy	4	3072	undefined
abilities	multiscale	onSourceModifyDamage	Fairy	5	3072	undefined
abilities	multiscale	onSourceModifyDamage	Fairy	6	4096	undefined
abilities	multiscale	onSourceModifyDamage	Fairy	7	3072	undefined
abilities	multiscale	onSourceModifyDamage	Fairy	8	3072	undefined
abilities	multiscale	onSourceModifyDamage	Fairy	9	4096	undefined
abilities	multiscale	onSourceModifyDamage	Fairy	10	3072	undefined
abilities	multiscale	onSourceModifyDamage	Fairy	11	3072	undefined
abilities	pixilate	onBasePower	Normal	0	4096	undefined
abilities	pixilate	onBasePower	Normal	1	7373	undefined
abilities	pixilate	onBasePower	Normal	2	6144	undefined
abilities	pixilate	onBasePower	Normal	3	4096	undefined
abilities	pixilate	onBasePower	Normal	4	7373	undefined
abilities	pixilate	onBasePower	Normal	5	6144	undefined
abilities	pixilate	onBasePower	Normal	6	4096	undefined
abilities	pixilate	onBasePower	Normal	7	7373	undefined
abilities	pixilate	onBasePower	Normal	8	6144	undefined
abilities	pixilate	onBasePower	Normal	9	4096	undefined
abilities	pixilate	onBasePower	Normal	10	7373	undefined
abilities	pixilate	onBasePower	Normal	11	6144	undefined
abilities	pixilate	onBasePower	Fire	0	4096	undefined
abilities	pixilate	onBasePower	Fire	1	7373	undefined
abilities	pixilate	onBasePower	Fire	2	6144	undefined
abilities	pixilate	onBasePower	Fire	3	4096	undefined
abilities	pixilate	onBasePower	Fire	4	7373	undefined
abilities	pixilate	onBasePower	Fire	5	6144	undefined
abilities	pixilate	onBasePower	Fire	6	4096	undefined
abilities	pixilate	onBasePower	Fire	7	7373	undefined
abilities	pixilate	onBasePower	Fire	8	6144	undefined
abilities	pixilate	onBasePower	Fire	9	4096	undefined
abilities	pixilate	onBasePower	Fire	10	7373	undefined
abilities	pixilate	onBasePower	Fire	11	6144	undefined
abilities	pixilate	onBasePower	Water	0	4096	undefined
abilities	pixilate	onBasePower	Water	1	7373	undefined
abilities	pixilate	onBasePower	Water	2	6144	undefined
abilities	pixilate	onBasePower	Water	3	4096	undefined
abilities	pixilate	onBasePower	Water	4	7373	undefined
abilities	pixilate	onBasePower	Water	5	6144	undefined
abilities	pixilate	onBasePower	Water	6	4096	undefined
abilities	pixilate	onBasePower	Water	7	7373	undefined
abilities	pixilate	onBasePower	Water	8	6144	undefined
abilities	pixilate	onBasePower	Water	9	4096	undefined
abilities	pixilate	onBasePower	Water	10	7373	undefined
abilities	pixilate	onBasePower	Water	11	6144	undefined
abilities	pixilate	onBasePower	Ice	0	4096	undefined
abilities	pixilate	onBasePower	Ice	1	7373	undefined
abilities	pixilate	onBasePower	Ice	2	6144	undefined
abilities	pixilate	onBasePower	Ice	3	4096	undefined
abilities	pixilate	onBasePower	Ice	4	7373	undefined
abilities	pixilate	onBasePower	Ice	5	6144	undefined
abilities	pixilate	onBasePower	Ice	6	4096	undefined
abilities	pixilate	onBasePower	Ice	7	7373	undefined
abilities	pixilate	onBasePower	Ice	8	6144	undefined
abilities	pixilate	onBasePower	Ice	9	4096	undefined
abilities	pixilate	onBasePower	Ice	10	7373	undefined
abilities	pixilate	onBasePower	Ice	11	6144	undefined
abilities	pixilate	onBasePower	Ghost	0	4096	undefined
abilities	pixilate	onBasePower	Ghost	1	7373	undefined
abilities	pixilate	onBasePower	Ghost	2	6144	undefined
abilities	pixilate	onBasePower	Ghost	3	4096	undefined
abilities	pixilate	onBasePower	Ghost	4	7373	undefined
abilities	pixilate	onBasePower	Ghost	5	6144	undefined
abilities	pixilate	onBasePower	Ghost	6	4096	undefined
abilities	pixilate	onBasePower	Ghost	7	7373	undefined
abilities	pixilate	onBasePower	Ghost	8	6144	undefined
abilities	pixilate	onBasePower	Ghost	9	4096	undefined
abilities	pixilate	onBasePower	Ghost	10	7373	undefined
abilities	pixilate	onBasePower	Ghost	11	6144	undefined
abilities	pixilate	onBasePower	Grass	0	4096	undefined
abilities	pixilate	onBasePower	Grass	1	7373	undefined
abilities	pixilate	onBasePower	Grass	2	6144	undefined
abilities	pixilate	onBasePower	Grass	3	4096	undefined
abilities	pixilate	onBasePower	Grass	4	7373	undefined
abilities	pixilate	onBasePower	Grass	5	6144	undefined
abilities	pixilate	onBasePower	Grass	6	4096	undefined
abilities	pixilate	onBasePower	Grass	7	7373	undefined
abilities	pixilate	onBasePower	Grass	8	6144	undefined
abilities	pixilate	onBasePower	Grass	9	4096	undefined
abilities	pixilate	onBasePower	Grass	10	7373	undefined
abilities	pixilate	onBasePower	Grass	11	6144	undefined
abilities	pixilate	onBasePower	Electric	0	4096	undefined
abilities	pixilate	onBasePower	Electric	1	7373	undefined
abilities	pixilate	onBasePower	Electric	2	6144	undefined
abilities	pixilate	onBasePower	Electric	3	4096	undefined
abilities	pixilate	onBasePower	Electric	4	7373	undefined
abilities	pixilate	onBasePower	Electric	5	6144	undefined
abilities	pixilate	onBasePower	Electric	6	4096	undefined
abilities	pixilate	onBasePower	Electric	7	7373	undefined
abilities	pixilate	onBasePower	Electric	8	6144	undefined
abilities	pixilate	onBasePower	Electric	9	4096	undefined
abilities	pixilate	onBasePower	Electric	10	7373	undefined
abilities	pixilate	onBasePower	Electric	11	6144	undefined
abilities	pixilate	onBasePower	Fairy	0	4096	undefined
abilities	pixilate	onBasePower	Fairy	1	7373	undefined
abilities	pixilate	onBasePower	Fairy	2	6144	undefined
abilities	pixilate	onBasePower	Fairy	3	4096	undefined
abilities	pixilate	onBasePower	Fairy	4	7373	undefined
abilities	pixilate	onBasePower	Fairy	5	6144	undefined
abilities	pixilate	onBasePower	Fairy	6	4096	undefined
abilities	pixilate	onBasePower	Fairy	7	7373	undefined
abilities	pixilate	onBasePower	Fairy	8	6144	undefined
abilities	pixilate	onBasePower	Fairy	9	4096	undefined
abilities	pixilate	onBasePower	Fairy	10	7373	undefined
abilities	pixilate	onBasePower	Fairy	11	6144	undefined
abilities	prismarmor	onSourceModifyDamage	Normal	0	4096	undefined
abilities	prismarmor	onSourceModifyDamage	Normal	1	6144	undefined
abilities	prismarmor	onSourceModifyDamage	Normal	2	4608	undefined
abilities	prismarmor	onSourceModifyDamage	Normal	3	4096	undefined
abilities	prismarmor	onSourceModifyDamage	Normal	4	6144	undefined
abilities	prismarmor	onSourceModifyDamage	Normal	5	4608	undefined
abilities	prismarmor	onSourceModifyDamage	Normal	6	4096	undefined
abilities	prismarmor	onSourceModifyDamage	Normal	7	6144	undefined
abilities	prismarmor	onSourceModifyDamage	Normal	8	4608	undefined
abilities	prismarmor	onSourceModifyDamage	Normal	9	4096	undefined
abilities	prismarmor	onSourceModifyDamage	Normal	10	6144	undefined
abilities	prismarmor	onSourceModifyDamage	Normal	11	4608	undefined
abilities	prismarmor	onSourceModifyDamage	Fire	0	4096	undefined
abilities	prismarmor	onSourceModifyDamage	Fire	1	6144	undefined
abilities	prismarmor	onSourceModifyDamage	Fire	2	4608	undefined
abilities	prismarmor	onSourceModifyDamage	Fire	3	4096	undefined
abilities	prismarmor	onSourceModifyDamage	Fire	4	6144	undefined
abilities	prismarmor	onSourceModifyDamage	Fire	5	4608	undefined
abilities	prismarmor	onSourceModifyDamage	Fire	6	4096	undefined
abilities	prismarmor	onSourceModifyDamage	Fire	7	6144	undefined
abilities	prismarmor	onSourceModifyDamage	Fire	8	4608	undefined
abilities	prismarmor	onSourceModifyDamage	Fire	9	4096	undefined
abilities	prismarmor	onSourceModifyDamage	Fire	10	6144	undefined
abilities	prismarmor	onSourceModifyDamage	Fire	11	4608	undefined
abilities	prismarmor	onSourceModifyDamage	Water	0	4096	undefined
abilities	prismarmor	onSourceModifyDamage	Water	1	6144	undefined
abilities	prismarmor	onSourceModifyDamage	Water	2	4608	undefined
abilities	prismarmor	onSourceModifyDamage	Water	3	4096	undefined
abilities	prismarmor	onSourceModifyDamage	Water	4	6144	undefined
abilities	prismarmor	onSourceModifyDamage	Water	5	4608	undefined
abilities	prismarmor	onSourceModifyDamage	Water	6	4096	undefined
abilities	prismarmor	onSourceModifyDamage	Water	7	6144	undefined
abilities	prismarmor	onSourceModifyDamage	Water	8	4608	undefined
abilities	prismarmor	onSourceModifyDamage	Water	9	4096	undefined
abilities	prismarmor	onSourceModifyDamage	Water	10	6144	undefined
abilities	prismarmor	onSourceModifyDamage	Water	11	4608	undefined
abilities	prismarmor	onSourceModifyDamage	Ice	0	4096	undefined
abilities	prismarmor	onSourceModifyDamage	Ice	1	6144	undefined
abilities	prismarmor	onSourceModifyDamage	Ice	2	4608	undefined
abilities	prismarmor	onSourceModifyDamage	Ice	3	4096	undefined
abilities	prismarmor	onSourceModifyDamage	Ice	4	6144	undefined
abilities	prismarmor	onSourceModifyDamage	Ice	5	4608	undefined
abilities	prismarmor	onSourceModifyDamage	Ice	6	4096	undefined
abilities	prismarmor	onSourceModifyDamage	Ice	7	6144	undefined
abilities	prismarmor	onSourceModifyDamage	Ice	8	4608	undefined
abilities	prismarmor	onSourceModifyDamage	Ice	9	4096	undefined
abilities	prismarmor	onSourceModifyDamage	Ice	10	6144	undefined
abilities	prismarmor	onSourceModifyDamage	Ice	11	4608	undefined
abilities	prismarmor	onSourceModifyDamage	Ghost	0	4096	undefined
abilities	prismarmor	onSourceModifyDamage	Ghost	1	6144	undefined
abilities	prismarmor	onSourceModifyDamage	Ghost	2	4608	undefined
abilities	prismarmor	onSourceModifyDamage	Ghost	3	4096	undefined
abilities	prismarmor	onSourceModifyDamage	Ghost	4	6144	undefined
abilities	prismarmor	onSourceModifyDamage	Ghost	5	4608	undefined
abilities	prismarmor	onSourceModifyDamage	Ghost	6	4096	undefined
abilities	prismarmor	onSourceModifyDamage	Ghost	7	6144	undefined
abilities	prismarmor	onSourceModifyDamage	Ghost	8	4608	undefined
abilities	prismarmor	onSourceModifyDamage	Ghost	9	4096	undefined
abilities	prismarmor	onSourceModifyDamage	Ghost	10	6144	undefined
abilities	prismarmor	onSourceModifyDamage	Ghost	11	4608	undefined
abilities	prismarmor	onSourceModifyDamage	Grass	0	4096	undefined
abilities	prismarmor	onSourceModifyDamage	Grass	1	6144	undefined
abilities	prismarmor	onSourceModifyDamage	Grass	2	4608	undefined
abilities	prismarmor	onSourceModifyDamage	Grass	3	4096	undefined
abilities	prismarmor	onSourceModifyDamage	Grass	4	6144	undefined
abilities	prismarmor	onSourceModifyDamage	Grass	5	4608	undefined
abilities	prismarmor	onSourceModifyDamage	Grass	6	4096	undefined
abilities	prismarmor	onSourceModifyDamage	Grass	7	6144	undefined
abilities	prismarmor	onSourceModifyDamage	Grass	8	4608	undefined
abilities	prismarmor	onSourceModifyDamage	Grass	9	4096	undefined
abilities	prismarmor	onSourceModifyDamage	Grass	10	6144	undefined
abilities	prismarmor	onSourceModifyDamage	Grass	11	4608	undefined
abilities	prismarmor	onSourceModifyDamage	Electric	0	4096	undefined
abilities	prismarmor	onSourceModifyDamage	Electric	1	6144	undefined
abilities	prismarmor	onSourceModifyDamage	Electric	2	4608	undefined
abilities	prismarmor	onSourceModifyDamage	Electric	3	4096	undefined
abilities	prismarmor	onSourceModifyDamage	Electric	4	6144	undefined
abilities	prismarmor	onSourceModifyDamage	Electric	5	4608	undefined
abilities	prismarmor	onSourceModifyDamage	Electric	6	4096	undefined
abilities	prismarmor	onSourceModifyDamage	Electric	7	6144	undefined
abilities	prismarmor	onSourceModifyDamage	Electric	8	4608	undefined
abilities	prismarmor	onSourceModifyDamage	Electric	9	4096	undefined
abilities	prismarmor	onSourceModifyDamage	Electric	10	6144	undefined
abilities	prismarmor	onSourceModifyDamage	Electric	11	4608	undefined
abilities	prismarmor	onSourceModifyDamage	Fairy	0	4096	undefined
abilities	prismarmor	onSourceModifyDamage	Fairy	1	6144	undefined
abilities	prismarmor	onSourceModifyDamage	Fairy	2	4608	undefined
abilities	prismarmor	onSourceModifyDamage	Fairy	3	4096	undefined
abilities	prismarmor	onSourceModifyDamage	Fairy	4	6144	undefined
abilities	prismarmor	onSourceModifyDamage	Fairy	5	4608	undefined
abilities	prismarmor	onSourceModifyDamage	Fairy	6	4096	undefined
abilities	prismarmor	onSourceModifyDamage	Fairy	7	6144	undefined
abilities	prismarmor	onSourceModifyDamage	Fairy	8	4608	undefined
abilities	prismarmor	onSourceModifyDamage	Fairy	9	4096	undefined
abilities	prismarmor	onSourceModifyDamage	Fairy	10	6144	undefined
abilities	prismarmor	onSourceModifyDamage	Fairy	11	4608	undefined
abilities	punkrock	onBasePower	Normal	0	4096	undefined
abilities	punkrock	onBasePower	Normal	1	7988	undefined
abilities	punkrock	onBasePower	Normal	2	7988	undefined
abilities	punkrock	onBasePower	Normal	3	4096	undefined
abilities	punkrock	onBasePower	Normal	4	7988	undefined
abilities	punkrock	onBasePower	Normal	5	7988	undefined
abilities	punkrock	onBasePower	Normal	6	4096	undefined
abilities	punkrock	onBasePower	Normal	7	7988	undefined
abilities	punkrock	onBasePower	Normal	8	7988	undefined
abilities	punkrock	onBasePower	Normal	9	4096	undefined
abilities	punkrock	onBasePower	Normal	10	7988	undefined
abilities	punkrock	onBasePower	Normal	11	7988	undefined
abilities	punkrock	onBasePower	Fire	0	4096	undefined
abilities	punkrock	onBasePower	Fire	1	7988	undefined
abilities	punkrock	onBasePower	Fire	2	7988	undefined
abilities	punkrock	onBasePower	Fire	3	4096	undefined
abilities	punkrock	onBasePower	Fire	4	7988	undefined
abilities	punkrock	onBasePower	Fire	5	7988	undefined
abilities	punkrock	onBasePower	Fire	6	4096	undefined
abilities	punkrock	onBasePower	Fire	7	7988	undefined
abilities	punkrock	onBasePower	Fire	8	7988	undefined
abilities	punkrock	onBasePower	Fire	9	4096	undefined
abilities	punkrock	onBasePower	Fire	10	7988	undefined
abilities	punkrock	onBasePower	Fire	11	7988	undefined
abilities	punkrock	onBasePower	Water	0	4096	undefined
abilities	punkrock	onBasePower	Water	1	7988	undefined
abilities	punkrock	onBasePower	Water	2	7988	undefined
abilities	punkrock	onBasePower	Water	3	4096	undefined
abilities	punkrock	onBasePower	Water	4	7988	undefined
abilities	punkrock	onBasePower	Water	5	7988	undefined
abilities	punkrock	onBasePower	Water	6	4096	undefined
abilities	punkrock	onBasePower	Water	7	7988	undefined
abilities	punkrock	onBasePower	Water	8	7988	undefined
abilities	punkrock	onBasePower	Water	9	4096	undefined
abilities	punkrock	onBasePower	Water	10	7988	undefined
abilities	punkrock	onBasePower	Water	11	7988	undefined
abilities	punkrock	onBasePower	Ice	0	4096	undefined
abilities	punkrock	onBasePower	Ice	1	7988	undefined
abilities	punkrock	onBasePower	Ice	2	7988	undefined
abilities	punkrock	onBasePower	Ice	3	4096	undefined
abilities	punkrock	onBasePower	Ice	4	7988	undefined
abilities	punkrock	onBasePower	Ice	5	7988	undefined
abilities	punkrock	onBasePower	Ice	6	4096	undefined
abilities	punkrock	onBasePower	Ice	7	7988	undefined
abilities	punkrock	onBasePower	Ice	8	7988	undefined
abilities	punkrock	onBasePower	Ice	9	4096	undefined
abilities	punkrock	onBasePower	Ice	10	7988	undefined
abilities	punkrock	onBasePower	Ice	11	7988	undefined
abilities	punkrock	onBasePower	Ghost	0	4096	undefined
abilities	punkrock	onBasePower	Ghost	1	7988	undefined
abilities	punkrock	onBasePower	Ghost	2	7988	undefined
abilities	punkrock	onBasePower	Ghost	3	4096	undefined
abilities	punkrock	onBasePower	Ghost	4	7988	undefined
abilities	punkrock	onBasePower	Ghost	5	7988	undefined
abilities	punkrock	onBasePower	Ghost	6	4096	undefined
abilities	punkrock	onBasePower	Ghost	7	7988	undefined
abilities	punkrock	onBasePower	Ghost	8	7988	undefined
abilities	punkrock	onBasePower	Ghost	9	4096	undefined
abilities	punkrock	onBasePower	Ghost	10	7988	undefined
abilities	punkrock	onBasePower	Ghost	11	7988	undefined
abilities	punkrock	onBasePower	Grass	0	4096	undefined
abilities	punkrock	onBasePower	Grass	1	7988	undefined
abilities	punkrock	onBasePower	Grass	2	7988	undefined
abilities	punkrock	onBasePower	Grass	3	4096	undefined
abilities	punkrock	onBasePower	Grass	4	7988	undefined
abilities	punkrock	onBasePower	Grass	5	7988	undefined
abilities	punkrock	onBasePower	Grass	6	4096	undefined
abilities	punkrock	onBasePower	Grass	7	7988	undefined
abilities	punkrock	onBasePower	Grass	8	7988	undefined
abilities	punkrock	onBasePower	Grass	9	4096	undefined
abilities	punkrock	onBasePower	Grass	10	7988	undefined
abilities	punkrock	onBasePower	Grass	11	7988	undefined
abilities	punkrock	onBasePower	Electric	0	4096	undefined
abilities	punkrock	onBasePower	Electric	1	7988	undefined
abilities	punkrock	onBasePower	Electric	2	7988	undefined
abilities	punkrock	onBasePower	Electric	3	4096	undefined
abilities	punkrock	onBasePower	Electric	4	7988	undefined
abilities	punkrock	onBasePower	Electric	5	7988	undefined
abilities	punkrock	onBasePower	Electric	6	4096	undefined
abilities	punkrock	onBasePower	Electric	7	7988	undefined
abilities	punkrock	onBasePower	Electric	8	7988	undefined
abilities	punkrock	onBasePower	Electric	9	4096	undefined
abilities	punkrock	onBasePower	Electric	10	7988	undefined
abilities	punkrock	onBasePower	Electric	11	7988	undefined
abilities	punkrock	onBasePower	Fairy	0	4096	undefined
abilities	punkrock	onBasePower	Fairy	1	7988	undefined
abilities	punkrock	onBasePower	Fairy	2	7988	undefined
abilities	punkrock	onBasePower	Fairy	3	4096	undefined
abilities	punkrock	onBasePower	Fairy	4	7988	undefined
abilities	punkrock	onBasePower	Fairy	5	7988	undefined
abilities	punkrock	onBasePower	Fairy	6	4096	undefined
abilities	punkrock	onBasePower	Fairy	7	7988	undefined
abilities	punkrock	onBasePower	Fairy	8	7988	undefined
abilities	punkrock	onBasePower	Fairy	9	4096	undefined
abilities	punkrock	onBasePower	Fairy	10	7988	undefined
abilities	punkrock	onBasePower	Fairy	11	7988	undefined
abilities	punkrock	onSourceModifyDamage	Normal	0	4096	undefined
abilities	punkrock	onSourceModifyDamage	Normal	1	3072	undefined
abilities	punkrock	onSourceModifyDamage	Normal	2	3072	undefined
abilities	punkrock	onSourceModifyDamage	Normal	3	4096	undefined
abilities	punkrock	onSourceModifyDamage	Normal	4	3072	undefined
abilities	punkrock	onSourceModifyDamage	Normal	5	3072	undefined
abilities	punkrock	onSourceModifyDamage	Normal	6	4096	undefined
abilities	punkrock	onSourceModifyDamage	Normal	7	3072	undefined
abilities	punkrock	onSourceModifyDamage	Normal	8	3072	undefined
abilities	punkrock	onSourceModifyDamage	Normal	9	4096	undefined
abilities	punkrock	onSourceModifyDamage	Normal	10	3072	undefined
abilities	punkrock	onSourceModifyDamage	Normal	11	3072	undefined
abilities	punkrock	onSourceModifyDamage	Fire	0	4096	undefined
abilities	punkrock	onSourceModifyDamage	Fire	1	3072	undefined
abilities	punkrock	onSourceModifyDamage	Fire	2	3072	undefined
abilities	punkrock	onSourceModifyDamage	Fire	3	4096	undefined
abilities	punkrock	onSourceModifyDamage	Fire	4	3072	undefined
abilities	punkrock	onSourceModifyDamage	Fire	5	3072	undefined
abilities	punkrock	onSourceModifyDamage	Fire	6	4096	undefined
abilities	punkrock	onSourceModifyDamage	Fire	7	3072	undefined
abilities	punkrock	onSourceModifyDamage	Fire	8	3072	undefined
abilities	punkrock	onSourceModifyDamage	Fire	9	4096	undefined
abilities	punkrock	onSourceModifyDamage	Fire	10	3072	undefined
abilities	punkrock	onSourceModifyDamage	Fire	11	3072	undefined
abilities	punkrock	onSourceModifyDamage	Water	0	4096	undefined
abilities	punkrock	onSourceModifyDamage	Water	1	3072	undefined
abilities	punkrock	onSourceModifyDamage	Water	2	3072	undefined
abilities	punkrock	onSourceModifyDamage	Water	3	4096	undefined
abilities	punkrock	onSourceModifyDamage	Water	4	3072	undefined
abilities	punkrock	onSourceModifyDamage	Water	5	3072	undefined
abilities	punkrock	onSourceModifyDamage	Water	6	4096	undefined
abilities	punkrock	onSourceModifyDamage	Water	7	3072	undefined
abilities	punkrock	onSourceModifyDamage	Water	8	3072	undefined
abilities	punkrock	onSourceModifyDamage	Water	9	4096	undefined
abilities	punkrock	onSourceModifyDamage	Water	10	3072	undefined
abilities	punkrock	onSourceModifyDamage	Water	11	3072	undefined
abilities	punkrock	onSourceModifyDamage	Ice	0	4096	undefined
abilities	punkrock	onSourceModifyDamage	Ice	1	3072	undefined
abilities	punkrock	onSourceModifyDamage	Ice	2	3072	undefined
abilities	punkrock	onSourceModifyDamage	Ice	3	4096	undefined
abilities	punkrock	onSourceModifyDamage	Ice	4	3072	undefined
abilities	punkrock	onSourceModifyDamage	Ice	5	3072	undefined
abilities	punkrock	onSourceModifyDamage	Ice	6	4096	undefined
abilities	punkrock	onSourceModifyDamage	Ice	7	3072	undefined
abilities	punkrock	onSourceModifyDamage	Ice	8	3072	undefined
abilities	punkrock	onSourceModifyDamage	Ice	9	4096	undefined
abilities	punkrock	onSourceModifyDamage	Ice	10	3072	undefined
abilities	punkrock	onSourceModifyDamage	Ice	11	3072	undefined
abilities	punkrock	onSourceModifyDamage	Ghost	0	4096	undefined
abilities	punkrock	onSourceModifyDamage	Ghost	1	3072	undefined
abilities	punkrock	onSourceModifyDamage	Ghost	2	3072	undefined
abilities	punkrock	onSourceModifyDamage	Ghost	3	4096	undefined
abilities	punkrock	onSourceModifyDamage	Ghost	4	3072	undefined
abilities	punkrock	onSourceModifyDamage	Ghost	5	3072	undefined
abilities	punkrock	onSourceModifyDamage	Ghost	6	4096	undefined
abilities	punkrock	onSourceModifyDamage	Ghost	7	3072	undefined
abilities	punkrock	onSourceModifyDamage	Ghost	8	3072	undefined
abilities	punkrock	onSourceModifyDamage	Ghost	9	4096	undefined
abilities	punkrock	onSourceModifyDamage	Ghost	10	3072	undefined
abilities	punkrock	onSourceModifyDamage	Ghost	11	3072	undefined
abilities	punkrock	onSourceModifyDamage	Grass	0	4096	undefined
abilities	punkrock	onSourceModifyDamage	Grass	1	3072	undefined
abilities	punkrock	onSourceModifyDamage	Grass	2	3072	undefined
abilities	punkrock	onSourceModifyDamage	Grass	3	4096	undefined
abilities	punkrock	onSourceModifyDamage	Grass	4	3072	undefined
abilities	punkrock	onSourceModifyDamage	Grass	5	3072	undefined
abilities	punkrock	onSourceModifyDamage	Grass	6	4096	undefined
abilities	punkrock	onSourceModifyDamage	Grass	7	3072	undefined
abilities	punkrock	onSourceModifyDamage	Grass	8	3072	undefined
abilities	punkrock	onSourceModifyDamage	Grass	9	4096	undefined
abilities	punkrock	onSourceModifyDamage	Grass	10	3072	undefined
abilities	punkrock	onSourceModifyDamage	Grass	11	3072	undefined
abilities	punkrock	onSourceModifyDamage	Electric	0	4096	undefined
abilities	punkrock	onSourceModifyDamage	Electric	1	3072	undefined
abilities	punkrock	onSourceModifyDamage	Electric	2	3072	undefined
abilities	punkrock	onSourceModifyDamage	Electric	3	4096	undefined
abilities	punkrock	onSourceModifyDamage	Electric	4	3072	undefined
abilities	punkrock	onSourceModifyDamage	Electric	5	3072	undefined
abilities	punkrock	onSourceModifyDamage	Electric	6	4096	undefined
abilities	punkrock	onSourceModifyDamage	Electric	7	3072	undefined
abilities	punkrock	onSourceModifyDamage	Electric	8	3072	undefined
abilities	punkrock	onSourceModifyDamage	Electric	9	4096	undefined
abilities	punkrock	onSourceModifyDamage	Electric	10	3072	undefined
abilities	punkrock	onSourceModifyDamage	Electric	11	3072	undefined
abilities	punkrock	onSourceModifyDamage	Fairy	0	4096	undefined
abilities	punkrock	onSourceModifyDamage	Fairy	1	3072	undefined
abilities	punkrock	onSourceModifyDamage	Fairy	2	3072	undefined
abilities	punkrock	onSourceModifyDamage	Fairy	3	4096	undefined
abilities	punkrock	onSourceModifyDamage	Fairy	4	3072	undefined
abilities	punkrock	onSourceModifyDamage	Fairy	5	3072	undefined
abilities	punkrock	onSourceModifyDamage	Fairy	6	4096	undefined
abilities	punkrock	onSourceModifyDamage	Fairy	7	3072	undefined
abilities	punkrock	onSourceModifyDamage	Fairy	8	3072	undefined
abilities	punkrock	onSourceModifyDamage	Fairy	9	4096	undefined
abilities	punkrock	onSourceModifyDamage	Fairy	10	3072	undefined
abilities	punkrock	onSourceModifyDamage	Fairy	11	3072	undefined
abilities	purifyingsalt	onSourceModifyAtk	Normal	0	4096	undefined
abilities	purifyingsalt	onSourceModifyAtk	Normal	1	6144	undefined
abilities	purifyingsalt	onSourceModifyAtk	Normal	2	6144	undefined
abilities	purifyingsalt	onSourceModifyAtk	Normal	3	4096	undefined
abilities	purifyingsalt	onSourceModifyAtk	Normal	4	6144	undefined
abilities	purifyingsalt	onSourceModifyAtk	Normal	5	6144	undefined
abilities	purifyingsalt	onSourceModifyAtk	Normal	6	4096	undefined
abilities	purifyingsalt	onSourceModifyAtk	Normal	7	6144	undefined
abilities	purifyingsalt	onSourceModifyAtk	Normal	8	6144	undefined
abilities	purifyingsalt	onSourceModifyAtk	Normal	9	4096	undefined
abilities	purifyingsalt	onSourceModifyAtk	Normal	10	6144	undefined
abilities	purifyingsalt	onSourceModifyAtk	Normal	11	6144	undefined
abilities	purifyingsalt	onSourceModifyAtk	Fire	0	4096	undefined
abilities	purifyingsalt	onSourceModifyAtk	Fire	1	6144	undefined
abilities	purifyingsalt	onSourceModifyAtk	Fire	2	6144	undefined
abilities	purifyingsalt	onSourceModifyAtk	Fire	3	4096	undefined
abilities	purifyingsalt	onSourceModifyAtk	Fire	4	6144	undefined
abilities	purifyingsalt	onSourceModifyAtk	Fire	5	6144	undefined
abilities	purifyingsalt	onSourceModifyAtk	Fire	6	4096	undefined
abilities	purifyingsalt	onSourceModifyAtk	Fire	7	6144	undefined
abilities	purifyingsalt	onSourceModifyAtk	Fire	8	6144	undefined
abilities	purifyingsalt	onSourceModifyAtk	Fire	9	4096	undefined
abilities	purifyingsalt	onSourceModifyAtk	Fire	10	6144	undefined
abilities	purifyingsalt	onSourceModifyAtk	Fire	11	6144	undefined
abilities	purifyingsalt	onSourceModifyAtk	Water	0	4096	undefined
abilities	purifyingsalt	onSourceModifyAtk	Water	1	6144	undefined
abilities	purifyingsalt	onSourceModifyAtk	Water	2	6144	undefined
abilities	purifyingsalt	onSourceModifyAtk	Water	3	4096	undefined
abilities	purifyingsalt	onSourceModifyAtk	Water	4	6144	undefined
abilities	purifyingsalt	onSourceModifyAtk	Water	5	6144	undefined
abilities	purifyingsalt	onSourceModifyAtk	Water	6	4096	undefined
abilities	purifyingsalt	onSourceModifyAtk	Water	7	6144	undefined
abilities	purifyingsalt	onSourceModifyAtk	Water	8	6144	undefined
abilities	purifyingsalt	onSourceModifyAtk	Water	9	4096	undefined
abilities	purifyingsalt	onSourceModifyAtk	Water	10	6144	undefined
abilities	purifyingsalt	onSourceModifyAtk	Water	11	6144	undefined
abilities	purifyingsalt	onSourceModifyAtk	Ice	0	4096	undefined
abilities	purifyingsalt	onSourceModifyAtk	Ice	1	6144	undefined
abilities	purifyingsalt	onSourceModifyAtk	Ice	2	6144	undefined
abilities	purifyingsalt	onSourceModifyAtk	Ice	3	4096	undefined
abilities	purifyingsalt	onSourceModifyAtk	Ice	4	6144	undefined
abilities	purifyingsalt	onSourceModifyAtk	Ice	5	6144	undefined
abilities	purifyingsalt	onSourceModifyAtk	Ice	6	4096	undefined
abilities	purifyingsalt	onSourceModifyAtk	Ice	7	6144	undefined
abilities	purifyingsalt	onSourceModifyAtk	Ice	8	6144	undefined
abilities	purifyingsalt	onSourceModifyAtk	Ice	9	4096	undefined
abilities	purifyingsalt	onSourceModifyAtk	Ice	10	6144	undefined
abilities	purifyingsalt	onSourceModifyAtk	Ice	11	6144	undefined
abilities	purifyingsalt	onSourceModifyAtk	Ghost	0	2048	undefined
abilities	purifyingsalt	onSourceModifyAtk	Ghost	1	3072	undefined
abilities	purifyingsalt	onSourceModifyAtk	Ghost	2	3072	undefined
abilities	purifyingsalt	onSourceModifyAtk	Ghost	3	2048	undefined
abilities	purifyingsalt	onSourceModifyAtk	Ghost	4	3072	undefined
abilities	purifyingsalt	onSourceModifyAtk	Ghost	5	3072	undefined
abilities	purifyingsalt	onSourceModifyAtk	Ghost	6	2048	undefined
abilities	purifyingsalt	onSourceModifyAtk	Ghost	7	3072	undefined
abilities	purifyingsalt	onSourceModifyAtk	Ghost	8	3072	undefined
abilities	purifyingsalt	onSourceModifyAtk	Ghost	9	2048	undefined
abilities	purifyingsalt	onSourceModifyAtk	Ghost	10	3072	undefined
abilities	purifyingsalt	onSourceModifyAtk	Ghost	11	3072	undefined
abilities	purifyingsalt	onSourceModifyAtk	Grass	0	4096	undefined
abilities	purifyingsalt	onSourceModifyAtk	Grass	1	6144	undefined
abilities	purifyingsalt	onSourceModifyAtk	Grass	2	6144	undefined
abilities	purifyingsalt	onSourceModifyAtk	Grass	3	4096	undefined
abilities	purifyingsalt	onSourceModifyAtk	Grass	4	6144	undefined
abilities	purifyingsalt	onSourceModifyAtk	Grass	5	6144	undefined
abilities	purifyingsalt	onSourceModifyAtk	Grass	6	4096	undefined
abilities	purifyingsalt	onSourceModifyAtk	Grass	7	6144	undefined
abilities	purifyingsalt	onSourceModifyAtk	Grass	8	6144	undefined
abilities	purifyingsalt	onSourceModifyAtk	Grass	9	4096	undefined
abilities	purifyingsalt	onSourceModifyAtk	Grass	10	6144	undefined
abilities	purifyingsalt	onSourceModifyAtk	Grass	11	6144	undefined
abilities	purifyingsalt	onSourceModifyAtk	Electric	0	4096	undefined
abilities	purifyingsalt	onSourceModifyAtk	Electric	1	6144	undefined
abilities	purifyingsalt	onSourceModifyAtk	Electric	2	6144	undefined
abilities	purifyingsalt	onSourceModifyAtk	Electric	3	4096	undefined
abilities	purifyingsalt	onSourceModifyAtk	Electric	4	6144	undefined
abilities	purifyingsalt	onSourceModifyAtk	Electric	5	6144	undefined
abilities	purifyingsalt	onSourceModifyAtk	Electric	6	4096	undefined
abilities	purifyingsalt	onSourceModifyAtk	Electric	7	6144	undefined
abilities	purifyingsalt	onSourceModifyAtk	Electric	8	6144	undefined
abilities	purifyingsalt	onSourceModifyAtk	Electric	9	4096	undefined
abilities	purifyingsalt	onSourceModifyAtk	Electric	10	6144	undefined
abilities	purifyingsalt	onSourceModifyAtk	Electric	11	6144	undefined
abilities	purifyingsalt	onSourceModifyAtk	Fairy	0	4096	undefined
abilities	purifyingsalt	onSourceModifyAtk	Fairy	1	6144	undefined
abilities	purifyingsalt	onSourceModifyAtk	Fairy	2	6144	undefined
abilities	purifyingsalt	onSourceModifyAtk	Fairy	3	4096	undefined
abilities	purifyingsalt	onSourceModifyAtk	Fairy	4	6144	undefined
abilities	purifyingsalt	onSourceModifyAtk	Fairy	5	6144	undefined
abilities	purifyingsalt	onSourceModifyAtk	Fairy	6	4096	undefined
abilities	purifyingsalt	onSourceModifyAtk	Fairy	7	6144	undefined
abilities	purifyingsalt	onSourceModifyAtk	Fairy	8	6144	undefined
abilities	purifyingsalt	onSourceModifyAtk	Fairy	9	4096	undefined
abilities	purifyingsalt	onSourceModifyAtk	Fairy	10	6144	undefined
abilities	purifyingsalt	onSourceModifyAtk	Fairy	11	6144	undefined
abilities	purifyingsalt	onSourceModifySpA	Normal	0	4096	undefined
abilities	purifyingsalt	onSourceModifySpA	Normal	1	6144	undefined
abilities	purifyingsalt	onSourceModifySpA	Normal	2	6144	undefined
abilities	purifyingsalt	onSourceModifySpA	Normal	3	4096	undefined
abilities	purifyingsalt	onSourceModifySpA	Normal	4	6144	undefined
abilities	purifyingsalt	onSourceModifySpA	Normal	5	6144	undefined
abilities	purifyingsalt	onSourceModifySpA	Normal	6	4096	undefined
abilities	purifyingsalt	onSourceModifySpA	Normal	7	6144	undefined
abilities	purifyingsalt	onSourceModifySpA	Normal	8	6144	undefined
abilities	purifyingsalt	onSourceModifySpA	Normal	9	4096	undefined
abilities	purifyingsalt	onSourceModifySpA	Normal	10	6144	undefined
abilities	purifyingsalt	onSourceModifySpA	Normal	11	6144	undefined
abilities	purifyingsalt	onSourceModifySpA	Fire	0	4096	undefined
abilities	purifyingsalt	onSourceModifySpA	Fire	1	6144	undefined
abilities	purifyingsalt	onSourceModifySpA	Fire	2	6144	undefined
abilities	purifyingsalt	onSourceModifySpA	Fire	3	4096	undefined
abilities	purifyingsalt	onSourceModifySpA	Fire	4	6144	undefined
abilities	purifyingsalt	onSourceModifySpA	Fire	5	6144	undefined
abilities	purifyingsalt	onSourceModifySpA	Fire	6	4096	undefined
abilities	purifyingsalt	onSourceModifySpA	Fire	7	6144	undefined
abilities	purifyingsalt	onSourceModifySpA	Fire	8	6144	undefined
abilities	purifyingsalt	onSourceModifySpA	Fire	9	4096	undefined
abilities	purifyingsalt	onSourceModifySpA	Fire	10	6144	undefined
abilities	purifyingsalt	onSourceModifySpA	Fire	11	6144	undefined
abilities	purifyingsalt	onSourceModifySpA	Water	0	4096	undefined
abilities	purifyingsalt	onSourceModifySpA	Water	1	6144	undefined
abilities	purifyingsalt	onSourceModifySpA	Water	2	6144	undefined
abilities	purifyingsalt	onSourceModifySpA	Water	3	4096	undefined
abilities	purifyingsalt	onSourceModifySpA	Water	4	6144	undefined
abilities	purifyingsalt	onSourceModifySpA	Water	5	6144	undefined
abilities	purifyingsalt	onSourceModifySpA	Water	6	4096	undefined
abilities	purifyingsalt	onSourceModifySpA	Water	7	6144	undefined
abilities	purifyingsalt	onSourceModifySpA	Water	8	6144	undefined
abilities	purifyingsalt	onSourceModifySpA	Water	9	4096	undefined
abilities	purifyingsalt	onSourceModifySpA	Water	10	6144	undefined
abilities	purifyingsalt	onSourceModifySpA	Water	11	6144	undefined
abilities	purifyingsalt	onSourceModifySpA	Ice	0	4096	undefined
abilities	purifyingsalt	onSourceModifySpA	Ice	1	6144	undefined
abilities	purifyingsalt	onSourceModifySpA	Ice	2	6144	undefined
abilities	purifyingsalt	onSourceModifySpA	Ice	3	4096	undefined
abilities	purifyingsalt	onSourceModifySpA	Ice	4	6144	undefined
abilities	purifyingsalt	onSourceModifySpA	Ice	5	6144	undefined
abilities	purifyingsalt	onSourceModifySpA	Ice	6	4096	undefined
abilities	purifyingsalt	onSourceModifySpA	Ice	7	6144	undefined
abilities	purifyingsalt	onSourceModifySpA	Ice	8	6144	undefined
abilities	purifyingsalt	onSourceModifySpA	Ice	9	4096	undefined
abilities	purifyingsalt	onSourceModifySpA	Ice	10	6144	undefined
abilities	purifyingsalt	onSourceModifySpA	Ice	11	6144	undefined
abilities	purifyingsalt	onSourceModifySpA	Ghost	0	2048	undefined
abilities	purifyingsalt	onSourceModifySpA	Ghost	1	3072	undefined
abilities	purifyingsalt	onSourceModifySpA	Ghost	2	3072	undefined
abilities	purifyingsalt	onSourceModifySpA	Ghost	3	2048	undefined
abilities	purifyingsalt	onSourceModifySpA	Ghost	4	3072	undefined
abilities	purifyingsalt	onSourceModifySpA	Ghost	5	3072	undefined
abilities	purifyingsalt	onSourceModifySpA	Ghost	6	2048	undefined
abilities	purifyingsalt	onSourceModifySpA	Ghost	7	3072	undefined
abilities	purifyingsalt	onSourceModifySpA	Ghost	8	3072	undefined
abilities	purifyingsalt	onSourceModifySpA	Ghost	9	2048	undefined
abilities	purifyingsalt	onSourceModifySpA	Ghost	10	3072	undefined
abilities	purifyingsalt	onSourceModifySpA	Ghost	11	3072	undefined
abilities	purifyingsalt	onSourceModifySpA	Grass	0	4096	undefined
abilities	purifyingsalt	onSourceModifySpA	Grass	1	6144	undefined
abilities	purifyingsalt	onSourceModifySpA	Grass	2	6144	undefined
abilities	purifyingsalt	onSourceModifySpA	Grass	3	4096	undefined
abilities	purifyingsalt	onSourceModifySpA	Grass	4	6144	undefined
abilities	purifyingsalt	onSourceModifySpA	Grass	5	6144	undefined
abilities	purifyingsalt	onSourceModifySpA	Grass	6	4096	undefined
abilities	purifyingsalt	onSourceModifySpA	Grass	7	6144	undefined
abilities	purifyingsalt	onSourceModifySpA	Grass	8	6144	undefined
abilities	purifyingsalt	onSourceModifySpA	Grass	9	4096	undefined
abilities	purifyingsalt	onSourceModifySpA	Grass	10	6144	undefined
abilities	purifyingsalt	onSourceModifySpA	Grass	11	6144	undefined
abilities	purifyingsalt	onSourceModifySpA	Electric	0	4096	undefined
abilities	purifyingsalt	onSourceModifySpA	Electric	1	6144	undefined
abilities	purifyingsalt	onSourceModifySpA	Electric	2	6144	undefined
abilities	purifyingsalt	onSourceModifySpA	Electric	3	4096	undefined
abilities	purifyingsalt	onSourceModifySpA	Electric	4	6144	undefined
abilities	purifyingsalt	onSourceModifySpA	Electric	5	6144	undefined
abilities	purifyingsalt	onSourceModifySpA	Electric	6	4096	undefined
abilities	purifyingsalt	onSourceModifySpA	Electric	7	6144	undefined
abilities	purifyingsalt	onSourceModifySpA	Electric	8	6144	undefined
abilities	purifyingsalt	onSourceModifySpA	Electric	9	4096	undefined
abilities	purifyingsalt	onSourceModifySpA	Electric	10	6144	undefined
abilities	purifyingsalt	onSourceModifySpA	Electric	11	6144	undefined
abilities	purifyingsalt	onSourceModifySpA	Fairy	0	4096	undefined
abilities	purifyingsalt	onSourceModifySpA	Fairy	1	6144	undefined
abilities	purifyingsalt	onSourceModifySpA	Fairy	2	6144	undefined
abilities	purifyingsalt	onSourceModifySpA	Fairy	3	4096	undefined
abilities	purifyingsalt	onSourceModifySpA	Fairy	4	6144	undefined
abilities	purifyingsalt	onSourceModifySpA	Fairy	5	6144	undefined
abilities	purifyingsalt	onSourceModifySpA	Fairy	6	4096	undefined
abilities	purifyingsalt	onSourceModifySpA	Fairy	7	6144	undefined
abilities	purifyingsalt	onSourceModifySpA	Fairy	8	6144	undefined
abilities	purifyingsalt	onSourceModifySpA	Fairy	9	4096	undefined
abilities	purifyingsalt	onSourceModifySpA	Fairy	10	6144	undefined
abilities	purifyingsalt	onSourceModifySpA	Fairy	11	6144	undefined
abilities	shadowshield	onSourceModifyDamage	Normal	0	4096	undefined
abilities	shadowshield	onSourceModifyDamage	Normal	1	3072	undefined
abilities	shadowshield	onSourceModifyDamage	Normal	2	3072	undefined
abilities	shadowshield	onSourceModifyDamage	Normal	3	4096	undefined
abilities	shadowshield	onSourceModifyDamage	Normal	4	3072	undefined
abilities	shadowshield	onSourceModifyDamage	Normal	5	3072	undefined
abilities	shadowshield	onSourceModifyDamage	Normal	6	4096	undefined
abilities	shadowshield	onSourceModifyDamage	Normal	7	3072	undefined
abilities	shadowshield	onSourceModifyDamage	Normal	8	3072	undefined
abilities	shadowshield	onSourceModifyDamage	Normal	9	4096	undefined
abilities	shadowshield	onSourceModifyDamage	Normal	10	3072	undefined
abilities	shadowshield	onSourceModifyDamage	Normal	11	3072	undefined
abilities	shadowshield	onSourceModifyDamage	Fire	0	4096	undefined
abilities	shadowshield	onSourceModifyDamage	Fire	1	3072	undefined
abilities	shadowshield	onSourceModifyDamage	Fire	2	3072	undefined
abilities	shadowshield	onSourceModifyDamage	Fire	3	4096	undefined
abilities	shadowshield	onSourceModifyDamage	Fire	4	3072	undefined
abilities	shadowshield	onSourceModifyDamage	Fire	5	3072	undefined
abilities	shadowshield	onSourceModifyDamage	Fire	6	4096	undefined
abilities	shadowshield	onSourceModifyDamage	Fire	7	3072	undefined
abilities	shadowshield	onSourceModifyDamage	Fire	8	3072	undefined
abilities	shadowshield	onSourceModifyDamage	Fire	9	4096	undefined
abilities	shadowshield	onSourceModifyDamage	Fire	10	3072	undefined
abilities	shadowshield	onSourceModifyDamage	Fire	11	3072	undefined
abilities	shadowshield	onSourceModifyDamage	Water	0	4096	undefined
abilities	shadowshield	onSourceModifyDamage	Water	1	3072	undefined
abilities	shadowshield	onSourceModifyDamage	Water	2	3072	undefined
abilities	shadowshield	onSourceModifyDamage	Water	3	4096	undefined
abilities	shadowshield	onSourceModifyDamage	Water	4	3072	undefined
abilities	shadowshield	onSourceModifyDamage	Water	5	3072	undefined
abilities	shadowshield	onSourceModifyDamage	Water	6	4096	undefined
abilities	shadowshield	onSourceModifyDamage	Water	7	3072	undefined
abilities	shadowshield	onSourceModifyDamage	Water	8	3072	undefined
abilities	shadowshield	onSourceModifyDamage	Water	9	4096	undefined
abilities	shadowshield	onSourceModifyDamage	Water	10	3072	undefined
abilities	shadowshield	onSourceModifyDamage	Water	11	3072	undefined
abilities	shadowshield	onSourceModifyDamage	Ice	0	4096	undefined
abilities	shadowshield	onSourceModifyDamage	Ice	1	3072	undefined
abilities	shadowshield	onSourceModifyDamage	Ice	2	3072	undefined
abilities	shadowshield	onSourceModifyDamage	Ice	3	4096	undefined
abilities	shadowshield	onSourceModifyDamage	Ice	4	3072	undefined
abilities	shadowshield	onSourceModifyDamage	Ice	5	3072	undefined
abilities	shadowshield	onSourceModifyDamage	Ice	6	4096	undefined
abilities	shadowshield	onSourceModifyDamage	Ice	7	3072	undefined
abilities	shadowshield	onSourceModifyDamage	Ice	8	3072	undefined
abilities	shadowshield	onSourceModifyDamage	Ice	9	4096	undefined
abilities	shadowshield	onSourceModifyDamage	Ice	10	3072	undefined
abilities	shadowshield	onSourceModifyDamage	Ice	11	3072	undefined
abilities	shadowshield	onSourceModifyDamage	Ghost	0	4096	undefined
abilities	shadowshield	onSourceModifyDamage	Ghost	1	3072	undefined
abilities	shadowshield	onSourceModifyDamage	Ghost	2	3072	undefined
abilities	shadowshield	onSourceModifyDamage	Ghost	3	4096	undefined
abilities	shadowshield	onSourceModifyDamage	Ghost	4	3072	undefined
abilities	shadowshield	onSourceModifyDamage	Ghost	5	3072	undefined
abilities	shadowshield	onSourceModifyDamage	Ghost	6	4096	undefined
abilities	shadowshield	onSourceModifyDamage	Ghost	7	3072	undefined
abilities	shadowshield	onSourceModifyDamage	Ghost	8	3072	undefined
abilities	shadowshield	onSourceModifyDamage	Ghost	9	4096	undefined
abilities	shadowshield	onSourceModifyDamage	Ghost	10	3072	undefined
abilities	shadowshield	onSourceModifyDamage	Ghost	11	3072	undefined
abilities	shadowshield	onSourceModifyDamage	Grass	0	4096	undefined
abilities	shadowshield	onSourceModifyDamage	Grass	1	3072	undefined
abilities	shadowshield	onSourceModifyDamage	Grass	2	3072	undefined
abilities	shadowshield	onSourceModifyDamage	Grass	3	4096	undefined
abilities	shadowshield	onSourceModifyDamage	Grass	4	3072	undefined
abilities	shadowshield	onSourceModifyDamage	Grass	5	3072	undefined
abilities	shadowshield	onSourceModifyDamage	Grass	6	4096	undefined
abilities	shadowshield	onSourceModifyDamage	Grass	7	3072	undefined
abilities	shadowshield	onSourceModifyDamage	Grass	8	3072	undefined
abilities	shadowshield	onSourceModifyDamage	Grass	9	4096	undefined
abilities	shadowshield	onSourceModifyDamage	Grass	10	3072	undefined
abilities	shadowshield	onSourceModifyDamage	Grass	11	3072	undefined
abilities	shadowshield	onSourceModifyDamage	Electric	0	4096	undefined
abilities	shadowshield	onSourceModifyDamage	Electric	1	3072	undefined
abilities	shadowshield	onSourceModifyDamage	Electric	2	3072	undefined
abilities	shadowshield	onSourceModifyDamage	Electric	3	4096	undefined
abilities	shadowshield	onSourceModifyDamage	Electric	4	3072	undefined
abilities	shadowshield	onSourceModifyDamage	Electric	5	3072	undefined
abilities	shadowshield	onSourceModifyDamage	Electric	6	4096	undefined
abilities	shadowshield	onSourceModifyDamage	Electric	7	3072	undefined
abilities	shadowshield	onSourceModifyDamage	Electric	8	3072	undefined
abilities	shadowshield	onSourceModifyDamage	Electric	9	4096	undefined
abilities	shadowshield	onSourceModifyDamage	Electric	10	3072	undefined
abilities	shadowshield	onSourceModifyDamage	Electric	11	3072	undefined
abilities	shadowshield	onSourceModifyDamage	Fairy	0	4096	undefined
abilities	shadowshield	onSourceModifyDamage	Fairy	1	3072	undefined
abilities	shadowshield	onSourceModifyDamage	Fairy	2	3072	undefined
abilities	shadowshield	onSourceModifyDamage	Fairy	3	4096	undefined
abilities	shadowshield	onSourceModifyDamage	Fairy	4	3072	undefined
abilities	shadowshield	onSourceModifyDamage	Fairy	5	3072	undefined
abilities	shadowshield	onSourceModifyDamage	Fairy	6	4096	undefined
abilities	shadowshield	onSourceModifyDamage	Fairy	7	3072	undefined
abilities	shadowshield	onSourceModifyDamage	Fairy	8	3072	undefined
abilities	shadowshield	onSourceModifyDamage	Fairy	9	4096	undefined
abilities	shadowshield	onSourceModifyDamage	Fairy	10	3072	undefined
abilities	shadowshield	onSourceModifyDamage	Fairy	11	3072	undefined
abilities	slowstart	onModifyAtk	Normal	0	4096	undefined
abilities	slowstart	onModifyAtk	Normal	1	3072	undefined
abilities	slowstart	onModifyAtk	Normal	2	6144	undefined
abilities	slowstart	onModifyAtk	Normal	3	2048	undefined
abilities	slowstart	onModifyAtk	Normal	4	6144	undefined
abilities	slowstart	onModifyAtk	Normal	5	3072	undefined
abilities	slowstart	onModifyAtk	Normal	6	4096	undefined
abilities	slowstart	onModifyAtk	Normal	7	3072	undefined
abilities	slowstart	onModifyAtk	Normal	8	6144	undefined
abilities	slowstart	onModifyAtk	Normal	9	2048	undefined
abilities	slowstart	onModifyAtk	Normal	10	6144	undefined
abilities	slowstart	onModifyAtk	Normal	11	3072	undefined
abilities	slowstart	onModifyAtk	Fire	0	4096	undefined
abilities	slowstart	onModifyAtk	Fire	1	3072	undefined
abilities	slowstart	onModifyAtk	Fire	2	6144	undefined
abilities	slowstart	onModifyAtk	Fire	3	2048	undefined
abilities	slowstart	onModifyAtk	Fire	4	6144	undefined
abilities	slowstart	onModifyAtk	Fire	5	3072	undefined
abilities	slowstart	onModifyAtk	Fire	6	4096	undefined
abilities	slowstart	onModifyAtk	Fire	7	3072	undefined
abilities	slowstart	onModifyAtk	Fire	8	6144	undefined
abilities	slowstart	onModifyAtk	Fire	9	2048	undefined
abilities	slowstart	onModifyAtk	Fire	10	6144	undefined
abilities	slowstart	onModifyAtk	Fire	11	3072	undefined
abilities	slowstart	onModifyAtk	Water	0	4096	undefined
abilities	slowstart	onModifyAtk	Water	1	3072	undefined
abilities	slowstart	onModifyAtk	Water	2	6144	undefined
abilities	slowstart	onModifyAtk	Water	3	2048	undefined
abilities	slowstart	onModifyAtk	Water	4	6144	undefined
abilities	slowstart	onModifyAtk	Water	5	3072	undefined
abilities	slowstart	onModifyAtk	Water	6	4096	undefined
abilities	slowstart	onModifyAtk	Water	7	3072	undefined
abilities	slowstart	onModifyAtk	Water	8	6144	undefined
abilities	slowstart	onModifyAtk	Water	9	2048	undefined
abilities	slowstart	onModifyAtk	Water	10	6144	undefined
abilities	slowstart	onModifyAtk	Water	11	3072	undefined
abilities	slowstart	onModifyAtk	Ice	0	4096	undefined
abilities	slowstart	onModifyAtk	Ice	1	3072	undefined
abilities	slowstart	onModifyAtk	Ice	2	6144	undefined
abilities	slowstart	onModifyAtk	Ice	3	2048	undefined
abilities	slowstart	onModifyAtk	Ice	4	6144	undefined
abilities	slowstart	onModifyAtk	Ice	5	3072	undefined
abilities	slowstart	onModifyAtk	Ice	6	4096	undefined
abilities	slowstart	onModifyAtk	Ice	7	3072	undefined
abilities	slowstart	onModifyAtk	Ice	8	6144	undefined
abilities	slowstart	onModifyAtk	Ice	9	2048	undefined
abilities	slowstart	onModifyAtk	Ice	10	6144	undefined
abilities	slowstart	onModifyAtk	Ice	11	3072	undefined
abilities	slowstart	onModifyAtk	Ghost	0	4096	undefined
abilities	slowstart	onModifyAtk	Ghost	1	3072	undefined
abilities	slowstart	onModifyAtk	Ghost	2	6144	undefined
abilities	slowstart	onModifyAtk	Ghost	3	2048	undefined
abilities	slowstart	onModifyAtk	Ghost	4	6144	undefined
abilities	slowstart	onModifyAtk	Ghost	5	3072	undefined
abilities	slowstart	onModifyAtk	Ghost	6	4096	undefined
abilities	slowstart	onModifyAtk	Ghost	7	3072	undefined
abilities	slowstart	onModifyAtk	Ghost	8	6144	undefined
abilities	slowstart	onModifyAtk	Ghost	9	2048	undefined
abilities	slowstart	onModifyAtk	Ghost	10	6144	undefined
abilities	slowstart	onModifyAtk	Ghost	11	3072	undefined
abilities	slowstart	onModifyAtk	Grass	0	4096	undefined
abilities	slowstart	onModifyAtk	Grass	1	3072	undefined
abilities	slowstart	onModifyAtk	Grass	2	6144	undefined
abilities	slowstart	onModifyAtk	Grass	3	2048	undefined
abilities	slowstart	onModifyAtk	Grass	4	6144	undefined
abilities	slowstart	onModifyAtk	Grass	5	3072	undefined
abilities	slowstart	onModifyAtk	Grass	6	4096	undefined
abilities	slowstart	onModifyAtk	Grass	7	3072	undefined
abilities	slowstart	onModifyAtk	Grass	8	6144	undefined
abilities	slowstart	onModifyAtk	Grass	9	2048	undefined
abilities	slowstart	onModifyAtk	Grass	10	6144	undefined
abilities	slowstart	onModifyAtk	Grass	11	3072	undefined
abilities	slowstart	onModifyAtk	Electric	0	4096	undefined
abilities	slowstart	onModifyAtk	Electric	1	3072	undefined
abilities	slowstart	onModifyAtk	Electric	2	6144	undefined
abilities	slowstart	onModifyAtk	Electric	3	2048	undefined
abilities	slowstart	onModifyAtk	Electric	4	6144	undefined
abilities	slowstart	onModifyAtk	Electric	5	3072	undefined
abilities	slowstart	onModifyAtk	Electric	6	4096	undefined
abilities	slowstart	onModifyAtk	Electric	7	3072	undefined
abilities	slowstart	onModifyAtk	Electric	8	6144	undefined
abilities	slowstart	onModifyAtk	Electric	9	2048	undefined
abilities	slowstart	onModifyAtk	Electric	10	6144	undefined
abilities	slowstart	onModifyAtk	Electric	11	3072	undefined
abilities	slowstart	onModifyAtk	Fairy	0	4096	undefined
abilities	slowstart	onModifyAtk	Fairy	1	3072	undefined
abilities	slowstart	onModifyAtk	Fairy	2	6144	undefined
abilities	slowstart	onModifyAtk	Fairy	3	2048	undefined
abilities	slowstart	onModifyAtk	Fairy	4	6144	undefined
abilities	slowstart	onModifyAtk	Fairy	5	3072	undefined
abilities	slowstart	onModifyAtk	Fairy	6	4096	undefined
abilities	slowstart	onModifyAtk	Fairy	7	3072	undefined
abilities	slowstart	onModifyAtk	Fairy	8	6144	undefined
abilities	slowstart	onModifyAtk	Fairy	9	2048	undefined
abilities	slowstart	onModifyAtk	Fairy	10	6144	undefined
abilities	slowstart	onModifyAtk	Fairy	11	3072	undefined
abilities	slowstart	onModifySpe	Normal	0	4096	undefined
abilities	slowstart	onModifySpe	Normal	1	3072	undefined
abilities	slowstart	onModifySpe	Normal	2	6144	undefined
abilities	slowstart	onModifySpe	Normal	3	2048	undefined
abilities	slowstart	onModifySpe	Normal	4	6144	undefined
abilities	slowstart	onModifySpe	Normal	5	3072	undefined
abilities	slowstart	onModifySpe	Normal	6	4096	undefined
abilities	slowstart	onModifySpe	Normal	7	3072	undefined
abilities	slowstart	onModifySpe	Normal	8	6144	undefined
abilities	slowstart	onModifySpe	Normal	9	2048	undefined
abilities	slowstart	onModifySpe	Normal	10	6144	undefined
abilities	slowstart	onModifySpe	Normal	11	3072	undefined
abilities	slowstart	onModifySpe	Fire	0	4096	undefined
abilities	slowstart	onModifySpe	Fire	1	3072	undefined
abilities	slowstart	onModifySpe	Fire	2	6144	undefined
abilities	slowstart	onModifySpe	Fire	3	2048	undefined
abilities	slowstart	onModifySpe	Fire	4	6144	undefined
abilities	slowstart	onModifySpe	Fire	5	3072	undefined
abilities	slowstart	onModifySpe	Fire	6	4096	undefined
abilities	slowstart	onModifySpe	Fire	7	3072	undefined
abilities	slowstart	onModifySpe	Fire	8	6144	undefined
abilities	slowstart	onModifySpe	Fire	9	2048	undefined
abilities	slowstart	onModifySpe	Fire	10	6144	undefined
abilities	slowstart	onModifySpe	Fire	11	3072	undefined
abilities	slowstart	onModifySpe	Water	0	4096	undefined
abilities	slowstart	onModifySpe	Water	1	3072	undefined
abilities	slowstart	onModifySpe	Water	2	6144	undefined
abilities	slowstart	onModifySpe	Water	3	2048	undefined
abilities	slowstart	onModifySpe	Water	4	6144	undefined
abilities	slowstart	onModifySpe	Water	5	3072	undefined
abilities	slowstart	onModifySpe	Water	6	4096	undefined
abilities	slowstart	onModifySpe	Water	7	3072	undefined
abilities	slowstart	onModifySpe	Water	8	6144	undefined
abilities	slowstart	onModifySpe	Water	9	2048	undefined
abilities	slowstart	onModifySpe	Water	10	6144	undefined
abilities	slowstart	onModifySpe	Water	11	3072	undefined
abilities	slowstart	onModifySpe	Ice	0	4096	undefined
abilities	slowstart	onModifySpe	Ice	1	3072	undefined
abilities	slowstart	onModifySpe	Ice	2	6144	undefined
abilities	slowstart	onModifySpe	Ice	3	2048	undefined
abilities	slowstart	onModifySpe	Ice	4	6144	undefined
abilities	slowstart	onModifySpe	Ice	5	3072	undefined
abilities	slowstart	onModifySpe	Ice	6	4096	undefined
abilities	slowstart	onModifySpe	Ice	7	3072	undefined
abilities	slowstart	onModifySpe	Ice	8	6144	undefined
abilities	slowstart	onModifySpe	Ice	9	2048	undefined
abilities	slowstart	onModifySpe	Ice	10	6144	undefined
abilities	slowstart	onModifySpe	Ice	11	3072	undefined
abilities	slowstart	onModifySpe	Ghost	0	4096	undefined
abilities	slowstart	onModifySpe	Ghost	1	3072	undefined
abilities	slowstart	onModifySpe	Ghost	2	6144	undefined
abilities	slowstart	onModifySpe	Ghost	3	2048	undefined
abilities	slowstart	onModifySpe	Ghost	4	6144	undefined
abilities	slowstart	onModifySpe	Ghost	5	3072	undefined
abilities	slowstart	onModifySpe	Ghost	6	4096	undefined
abilities	slowstart	onModifySpe	Ghost	7	3072	undefined
abilities	slowstart	onModifySpe	Ghost	8	6144	undefined
abilities	slowstart	onModifySpe	Ghost	9	2048	undefined
abilities	slowstart	onModifySpe	Ghost	10	6144	undefined
abilities	slowstart	onModifySpe	Ghost	11	3072	undefined
abilities	slowstart	onModifySpe	Grass	0	4096	undefined
abilities	slowstart	onModifySpe	Grass	1	3072	undefined
abilities	slowstart	onModifySpe	Grass	2	6144	undefined
abilities	slowstart	onModifySpe	Grass	3	2048	undefined
abilities	slowstart	onModifySpe	Grass	4	6144	undefined
abilities	slowstart	onModifySpe	Grass	5	3072	undefined
abilities	slowstart	onModifySpe	Grass	6	4096	undefined
abilities	slowstart	onModifySpe	Grass	7	3072	undefined
abilities	slowstart	onModifySpe	Grass	8	6144	undefined
abilities	slowstart	onModifySpe	Grass	9	2048	undefined
abilities	slowstart	onModifySpe	Grass	10	6144	undefined
abilities	slowstart	onModifySpe	Grass	11	3072	undefined
abilities	slowstart	onModifySpe	Electric	0	4096	undefined
abilities	slowstart	onModifySpe	Electric	1	3072	undefined
abilities	slowstart	onModifySpe	Electric	2	6144	undefined
abilities	slowstart	onModifySpe	Electric	3	2048	undefined
abilities	slowstart	onModifySpe	Electric	4	6144	undefined
abilities	slowstart	onModifySpe	Electric	5	3072	undefined
abilities	slowstart	onModifySpe	Electric	6	4096	undefined
abilities	slowstart	onModifySpe	Electric	7	3072	undefined
abilities	slowstart	onModifySpe	Electric	8	6144	undefined
abilities	slowstart	onModifySpe	Electric	9	2048	undefined
abilities	slowstart	onModifySpe	Electric	10	6144	undefined
abilities	slowstart	onModifySpe	Electric	11	3072	undefined
abilities	slowstart	onModifySpe	Fairy	0	4096	undefined
abilities	slowstart	onModifySpe	Fairy	1	3072	undefined
abilities	slowstart	onModifySpe	Fairy	2	6144	undefined
abilities	slowstart	onModifySpe	Fairy	3	2048	undefined
abilities	slowstart	onModifySpe	Fairy	4	6144	undefined
abilities	slowstart	onModifySpe	Fairy	5	3072	undefined
abilities	slowstart	onModifySpe	Fairy	6	4096	undefined
abilities	slowstart	onModifySpe	Fairy	7	3072	undefined
abilities	slowstart	onModifySpe	Fairy	8	6144	undefined
abilities	slowstart	onModifySpe	Fairy	9	2048	undefined
abilities	slowstart	onModifySpe	Fairy	10	6144	undefined
abilities	slowstart	onModifySpe	Fairy	11	3072	undefined
abilities	solidrock	onSourceModifyDamage	Normal	0	4096	undefined
abilities	solidrock	onSourceModifyDamage	Normal	1	6144	undefined
abilities	solidrock	onSourceModifyDamage	Normal	2	4608	undefined
abilities	solidrock	onSourceModifyDamage	Normal	3	4096	undefined
abilities	solidrock	onSourceModifyDamage	Normal	4	6144	undefined
abilities	solidrock	onSourceModifyDamage	Normal	5	4608	undefined
abilities	solidrock	onSourceModifyDamage	Normal	6	4096	undefined
abilities	solidrock	onSourceModifyDamage	Normal	7	6144	undefined
abilities	solidrock	onSourceModifyDamage	Normal	8	4608	undefined
abilities	solidrock	onSourceModifyDamage	Normal	9	4096	undefined
abilities	solidrock	onSourceModifyDamage	Normal	10	6144	undefined
abilities	solidrock	onSourceModifyDamage	Normal	11	4608	undefined
abilities	solidrock	onSourceModifyDamage	Fire	0	4096	undefined
abilities	solidrock	onSourceModifyDamage	Fire	1	6144	undefined
abilities	solidrock	onSourceModifyDamage	Fire	2	4608	undefined
abilities	solidrock	onSourceModifyDamage	Fire	3	4096	undefined
abilities	solidrock	onSourceModifyDamage	Fire	4	6144	undefined
abilities	solidrock	onSourceModifyDamage	Fire	5	4608	undefined
abilities	solidrock	onSourceModifyDamage	Fire	6	4096	undefined
abilities	solidrock	onSourceModifyDamage	Fire	7	6144	undefined
abilities	solidrock	onSourceModifyDamage	Fire	8	4608	undefined
abilities	solidrock	onSourceModifyDamage	Fire	9	4096	undefined
abilities	solidrock	onSourceModifyDamage	Fire	10	6144	undefined
abilities	solidrock	onSourceModifyDamage	Fire	11	4608	undefined
abilities	solidrock	onSourceModifyDamage	Water	0	4096	undefined
abilities	solidrock	onSourceModifyDamage	Water	1	6144	undefined
abilities	solidrock	onSourceModifyDamage	Water	2	4608	undefined
abilities	solidrock	onSourceModifyDamage	Water	3	4096	undefined
abilities	solidrock	onSourceModifyDamage	Water	4	6144	undefined
abilities	solidrock	onSourceModifyDamage	Water	5	4608	undefined
abilities	solidrock	onSourceModifyDamage	Water	6	4096	undefined
abilities	solidrock	onSourceModifyDamage	Water	7	6144	undefined
abilities	solidrock	onSourceModifyDamage	Water	8	4608	undefined
abilities	solidrock	onSourceModifyDamage	Water	9	4096	undefined
abilities	solidrock	onSourceModifyDamage	Water	10	6144	undefined
abilities	solidrock	onSourceModifyDamage	Water	11	4608	undefined
abilities	solidrock	onSourceModifyDamage	Ice	0	4096	undefined
abilities	solidrock	onSourceModifyDamage	Ice	1	6144	undefined
abilities	solidrock	onSourceModifyDamage	Ice	2	4608	undefined
abilities	solidrock	onSourceModifyDamage	Ice	3	4096	undefined
abilities	solidrock	onSourceModifyDamage	Ice	4	6144	undefined
abilities	solidrock	onSourceModifyDamage	Ice	5	4608	undefined
abilities	solidrock	onSourceModifyDamage	Ice	6	4096	undefined
abilities	solidrock	onSourceModifyDamage	Ice	7	6144	undefined
abilities	solidrock	onSourceModifyDamage	Ice	8	4608	undefined
abilities	solidrock	onSourceModifyDamage	Ice	9	4096	undefined
abilities	solidrock	onSourceModifyDamage	Ice	10	6144	undefined
abilities	solidrock	onSourceModifyDamage	Ice	11	4608	undefined
abilities	solidrock	onSourceModifyDamage	Ghost	0	4096	undefined
abilities	solidrock	onSourceModifyDamage	Ghost	1	6144	undefined
abilities	solidrock	onSourceModifyDamage	Ghost	2	4608	undefined
abilities	solidrock	onSourceModifyDamage	Ghost	3	4096	undefined
abilities	solidrock	onSourceModifyDamage	Ghost	4	6144	undefined
abilities	solidrock	onSourceModifyDamage	Ghost	5	4608	undefined
abilities	solidrock	onSourceModifyDamage	Ghost	6	4096	undefined
abilities	solidrock	onSourceModifyDamage	Ghost	7	6144	undefined
abilities	solidrock	onSourceModifyDamage	Ghost	8	4608	undefined
abilities	solidrock	onSourceModifyDamage	Ghost	9	4096	undefined
abilities	solidrock	onSourceModifyDamage	Ghost	10	6144	undefined
abilities	solidrock	onSourceModifyDamage	Ghost	11	4608	undefined
abilities	solidrock	onSourceModifyDamage	Grass	0	4096	undefined
abilities	solidrock	onSourceModifyDamage	Grass	1	6144	undefined
abilities	solidrock	onSourceModifyDamage	Grass	2	4608	undefined
abilities	solidrock	onSourceModifyDamage	Grass	3	4096	undefined
abilities	solidrock	onSourceModifyDamage	Grass	4	6144	undefined
abilities	solidrock	onSourceModifyDamage	Grass	5	4608	undefined
abilities	solidrock	onSourceModifyDamage	Grass	6	4096	undefined
abilities	solidrock	onSourceModifyDamage	Grass	7	6144	undefined
abilities	solidrock	onSourceModifyDamage	Grass	8	4608	undefined
abilities	solidrock	onSourceModifyDamage	Grass	9	4096	undefined
abilities	solidrock	onSourceModifyDamage	Grass	10	6144	undefined
abilities	solidrock	onSourceModifyDamage	Grass	11	4608	undefined
abilities	solidrock	onSourceModifyDamage	Electric	0	4096	undefined
abilities	solidrock	onSourceModifyDamage	Electric	1	6144	undefined
abilities	solidrock	onSourceModifyDamage	Electric	2	4608	undefined
abilities	solidrock	onSourceModifyDamage	Electric	3	4096	undefined
abilities	solidrock	onSourceModifyDamage	Electric	4	6144	undefined
abilities	solidrock	onSourceModifyDamage	Electric	5	4608	undefined
abilities	solidrock	onSourceModifyDamage	Electric	6	4096	undefined
abilities	solidrock	onSourceModifyDamage	Electric	7	6144	undefined
abilities	solidrock	onSourceModifyDamage	Electric	8	4608	undefined
abilities	solidrock	onSourceModifyDamage	Electric	9	4096	undefined
abilities	solidrock	onSourceModifyDamage	Electric	10	6144	undefined
abilities	solidrock	onSourceModifyDamage	Electric	11	4608	undefined
abilities	solidrock	onSourceModifyDamage	Fairy	0	4096	undefined
abilities	solidrock	onSourceModifyDamage	Fairy	1	6144	undefined
abilities	solidrock	onSourceModifyDamage	Fairy	2	4608	undefined
abilities	solidrock	onSourceModifyDamage	Fairy	3	4096	undefined
abilities	solidrock	onSourceModifyDamage	Fairy	4	6144	undefined
abilities	solidrock	onSourceModifyDamage	Fairy	5	4608	undefined
abilities	solidrock	onSourceModifyDamage	Fairy	6	4096	undefined
abilities	solidrock	onSourceModifyDamage	Fairy	7	6144	undefined
abilities	solidrock	onSourceModifyDamage	Fairy	8	4608	undefined
abilities	solidrock	onSourceModifyDamage	Fairy	9	4096	undefined
abilities	solidrock	onSourceModifyDamage	Fairy	10	6144	undefined
abilities	solidrock	onSourceModifyDamage	Fairy	11	4608	undefined
abilities	thickfat	onSourceModifyAtk	Normal	0	4096	undefined
abilities	thickfat	onSourceModifyAtk	Normal	1	6144	undefined
abilities	thickfat	onSourceModifyAtk	Normal	2	6144	undefined
abilities	thickfat	onSourceModifyAtk	Normal	3	4096	undefined
abilities	thickfat	onSourceModifyAtk	Normal	4	6144	undefined
abilities	thickfat	onSourceModifyAtk	Normal	5	6144	undefined
abilities	thickfat	onSourceModifyAtk	Normal	6	4096	undefined
abilities	thickfat	onSourceModifyAtk	Normal	7	6144	undefined
abilities	thickfat	onSourceModifyAtk	Normal	8	6144	undefined
abilities	thickfat	onSourceModifyAtk	Normal	9	4096	undefined
abilities	thickfat	onSourceModifyAtk	Normal	10	6144	undefined
abilities	thickfat	onSourceModifyAtk	Normal	11	6144	undefined
abilities	thickfat	onSourceModifyAtk	Fire	0	2048	undefined
abilities	thickfat	onSourceModifyAtk	Fire	1	3072	undefined
abilities	thickfat	onSourceModifyAtk	Fire	2	3072	undefined
abilities	thickfat	onSourceModifyAtk	Fire	3	2048	undefined
abilities	thickfat	onSourceModifyAtk	Fire	4	3072	undefined
abilities	thickfat	onSourceModifyAtk	Fire	5	3072	undefined
abilities	thickfat	onSourceModifyAtk	Fire	6	2048	undefined
abilities	thickfat	onSourceModifyAtk	Fire	7	3072	undefined
abilities	thickfat	onSourceModifyAtk	Fire	8	3072	undefined
abilities	thickfat	onSourceModifyAtk	Fire	9	2048	undefined
abilities	thickfat	onSourceModifyAtk	Fire	10	3072	undefined
abilities	thickfat	onSourceModifyAtk	Fire	11	3072	undefined
abilities	thickfat	onSourceModifyAtk	Water	0	4096	undefined
abilities	thickfat	onSourceModifyAtk	Water	1	6144	undefined
abilities	thickfat	onSourceModifyAtk	Water	2	6144	undefined
abilities	thickfat	onSourceModifyAtk	Water	3	4096	undefined
abilities	thickfat	onSourceModifyAtk	Water	4	6144	undefined
abilities	thickfat	onSourceModifyAtk	Water	5	6144	undefined
abilities	thickfat	onSourceModifyAtk	Water	6	4096	undefined
abilities	thickfat	onSourceModifyAtk	Water	7	6144	undefined
abilities	thickfat	onSourceModifyAtk	Water	8	6144	undefined
abilities	thickfat	onSourceModifyAtk	Water	9	4096	undefined
abilities	thickfat	onSourceModifyAtk	Water	10	6144	undefined
abilities	thickfat	onSourceModifyAtk	Water	11	6144	undefined
abilities	thickfat	onSourceModifyAtk	Ice	0	2048	undefined
abilities	thickfat	onSourceModifyAtk	Ice	1	3072	undefined
abilities	thickfat	onSourceModifyAtk	Ice	2	3072	undefined
abilities	thickfat	onSourceModifyAtk	Ice	3	2048	undefined
abilities	thickfat	onSourceModifyAtk	Ice	4	3072	undefined
abilities	thickfat	onSourceModifyAtk	Ice	5	3072	undefined
abilities	thickfat	onSourceModifyAtk	Ice	6	2048	undefined
abilities	thickfat	onSourceModifyAtk	Ice	7	3072	undefined
abilities	thickfat	onSourceModifyAtk	Ice	8	3072	undefined
abilities	thickfat	onSourceModifyAtk	Ice	9	2048	undefined
abilities	thickfat	onSourceModifyAtk	Ice	10	3072	undefined
abilities	thickfat	onSourceModifyAtk	Ice	11	3072	undefined
abilities	thickfat	onSourceModifyAtk	Ghost	0	4096	undefined
abilities	thickfat	onSourceModifyAtk	Ghost	1	6144	undefined
abilities	thickfat	onSourceModifyAtk	Ghost	2	6144	undefined
abilities	thickfat	onSourceModifyAtk	Ghost	3	4096	undefined
abilities	thickfat	onSourceModifyAtk	Ghost	4	6144	undefined
abilities	thickfat	onSourceModifyAtk	Ghost	5	6144	undefined
abilities	thickfat	onSourceModifyAtk	Ghost	6	4096	undefined
abilities	thickfat	onSourceModifyAtk	Ghost	7	6144	undefined
abilities	thickfat	onSourceModifyAtk	Ghost	8	6144	undefined
abilities	thickfat	onSourceModifyAtk	Ghost	9	4096	undefined
abilities	thickfat	onSourceModifyAtk	Ghost	10	6144	undefined
abilities	thickfat	onSourceModifyAtk	Ghost	11	6144	undefined
abilities	thickfat	onSourceModifyAtk	Grass	0	4096	undefined
abilities	thickfat	onSourceModifyAtk	Grass	1	6144	undefined
abilities	thickfat	onSourceModifyAtk	Grass	2	6144	undefined
abilities	thickfat	onSourceModifyAtk	Grass	3	4096	undefined
abilities	thickfat	onSourceModifyAtk	Grass	4	6144	undefined
abilities	thickfat	onSourceModifyAtk	Grass	5	6144	undefined
abilities	thickfat	onSourceModifyAtk	Grass	6	4096	undefined
abilities	thickfat	onSourceModifyAtk	Grass	7	6144	undefined
abilities	thickfat	onSourceModifyAtk	Grass	8	6144	undefined
abilities	thickfat	onSourceModifyAtk	Grass	9	4096	undefined
abilities	thickfat	onSourceModifyAtk	Grass	10	6144	undefined
abilities	thickfat	onSourceModifyAtk	Grass	11	6144	undefined
abilities	thickfat	onSourceModifyAtk	Electric	0	4096	undefined
abilities	thickfat	onSourceModifyAtk	Electric	1	6144	undefined
abilities	thickfat	onSourceModifyAtk	Electric	2	6144	undefined
abilities	thickfat	onSourceModifyAtk	Electric	3	4096	undefined
abilities	thickfat	onSourceModifyAtk	Electric	4	6144	undefined
abilities	thickfat	onSourceModifyAtk	Electric	5	6144	undefined
abilities	thickfat	onSourceModifyAtk	Electric	6	4096	undefined
abilities	thickfat	onSourceModifyAtk	Electric	7	6144	undefined
abilities	thickfat	onSourceModifyAtk	Electric	8	6144	undefined
abilities	thickfat	onSourceModifyAtk	Electric	9	4096	undefined
abilities	thickfat	onSourceModifyAtk	Electric	10	6144	undefined
abilities	thickfat	onSourceModifyAtk	Electric	11	6144	undefined
abilities	thickfat	onSourceModifyAtk	Fairy	0	4096	undefined
abilities	thickfat	onSourceModifyAtk	Fairy	1	6144	undefined
abilities	thickfat	onSourceModifyAtk	Fairy	2	6144	undefined
abilities	thickfat	onSourceModifyAtk	Fairy	3	4096	undefined
abilities	thickfat	onSourceModifyAtk	Fairy	4	6144	undefined
abilities	thickfat	onSourceModifyAtk	Fairy	5	6144	undefined
abilities	thickfat	onSourceModifyAtk	Fairy	6	4096	undefined
abilities	thickfat	onSourceModifyAtk	Fairy	7	6144	undefined
abilities	thickfat	onSourceModifyAtk	Fairy	8	6144	undefined
abilities	thickfat	onSourceModifyAtk	Fairy	9	4096	undefined
abilities	thickfat	onSourceModifyAtk	Fairy	10	6144	undefined
abilities	thickfat	onSourceModifyAtk	Fairy	11	6144	undefined
abilities	thickfat	onSourceModifySpA	Normal	0	4096	undefined
abilities	thickfat	onSourceModifySpA	Normal	1	6144	undefined
abilities	thickfat	onSourceModifySpA	Normal	2	6144	undefined
abilities	thickfat	onSourceModifySpA	Normal	3	4096	undefined
abilities	thickfat	onSourceModifySpA	Normal	4	6144	undefined
abilities	thickfat	onSourceModifySpA	Normal	5	6144	undefined
abilities	thickfat	onSourceModifySpA	Normal	6	4096	undefined
abilities	thickfat	onSourceModifySpA	Normal	7	6144	undefined
abilities	thickfat	onSourceModifySpA	Normal	8	6144	undefined
abilities	thickfat	onSourceModifySpA	Normal	9	4096	undefined
abilities	thickfat	onSourceModifySpA	Normal	10	6144	undefined
abilities	thickfat	onSourceModifySpA	Normal	11	6144	undefined
abilities	thickfat	onSourceModifySpA	Fire	0	2048	undefined
abilities	thickfat	onSourceModifySpA	Fire	1	3072	undefined
abilities	thickfat	onSourceModifySpA	Fire	2	3072	undefined
abilities	thickfat	onSourceModifySpA	Fire	3	2048	undefined
abilities	thickfat	onSourceModifySpA	Fire	4	3072	undefined
abilities	thickfat	onSourceModifySpA	Fire	5	3072	undefined
abilities	thickfat	onSourceModifySpA	Fire	6	2048	undefined
abilities	thickfat	onSourceModifySpA	Fire	7	3072	undefined
abilities	thickfat	onSourceModifySpA	Fire	8	3072	undefined
abilities	thickfat	onSourceModifySpA	Fire	9	2048	undefined
abilities	thickfat	onSourceModifySpA	Fire	10	3072	undefined
abilities	thickfat	onSourceModifySpA	Fire	11	3072	undefined
abilities	thickfat	onSourceModifySpA	Water	0	4096	undefined
abilities	thickfat	onSourceModifySpA	Water	1	6144	undefined
abilities	thickfat	onSourceModifySpA	Water	2	6144	undefined
abilities	thickfat	onSourceModifySpA	Water	3	4096	undefined
abilities	thickfat	onSourceModifySpA	Water	4	6144	undefined
abilities	thickfat	onSourceModifySpA	Water	5	6144	undefined
abilities	thickfat	onSourceModifySpA	Water	6	4096	undefined
abilities	thickfat	onSourceModifySpA	Water	7	6144	undefined
abilities	thickfat	onSourceModifySpA	Water	8	6144	undefined
abilities	thickfat	onSourceModifySpA	Water	9	4096	undefined
abilities	thickfat	onSourceModifySpA	Water	10	6144	undefined
abilities	thickfat	onSourceModifySpA	Water	11	6144	undefined
abilities	thickfat	onSourceModifySpA	Ice	0	2048	undefined
abilities	thickfat	onSourceModifySpA	Ice	1	3072	undefined
abilities	thickfat	onSourceModifySpA	Ice	2	3072	undefined
abilities	thickfat	onSourceModifySpA	Ice	3	2048	undefined
abilities	thickfat	onSourceModifySpA	Ice	4	3072	undefined
abilities	thickfat	onSourceModifySpA	Ice	5	3072	undefined
abilities	thickfat	onSourceModifySpA	Ice	6	2048	undefined
abilities	thickfat	onSourceModifySpA	Ice	7	3072	undefined
abilities	thickfat	onSourceModifySpA	Ice	8	3072	undefined
abilities	thickfat	onSourceModifySpA	Ice	9	2048	undefined
abilities	thickfat	onSourceModifySpA	Ice	10	3072	undefined
abilities	thickfat	onSourceModifySpA	Ice	11	3072	undefined
abilities	thickfat	onSourceModifySpA	Ghost	0	4096	undefined
abilities	thickfat	onSourceModifySpA	Ghost	1	6144	undefined
abilities	thickfat	onSourceModifySpA	Ghost	2	6144	undefined
abilities	thickfat	onSourceModifySpA	Ghost	3	4096	undefined
abilities	thickfat	onSourceModifySpA	Ghost	4	6144	undefined
abilities	thickfat	onSourceModifySpA	Ghost	5	6144	undefined
abilities	thickfat	onSourceModifySpA	Ghost	6	4096	undefined
abilities	thickfat	onSourceModifySpA	Ghost	7	6144	undefined
abilities	thickfat	onSourceModifySpA	Ghost	8	6144	undefined
abilities	thickfat	onSourceModifySpA	Ghost	9	4096	undefined
abilities	thickfat	onSourceModifySpA	Ghost	10	6144	undefined
abilities	thickfat	onSourceModifySpA	Ghost	11	6144	undefined
abilities	thickfat	onSourceModifySpA	Grass	0	4096	undefined
abilities	thickfat	onSourceModifySpA	Grass	1	6144	undefined
abilities	thickfat	onSourceModifySpA	Grass	2	6144	undefined
abilities	thickfat	onSourceModifySpA	Grass	3	4096	undefined
abilities	thickfat	onSourceModifySpA	Grass	4	6144	undefined
abilities	thickfat	onSourceModifySpA	Grass	5	6144	undefined
abilities	thickfat	onSourceModifySpA	Grass	6	4096	undefined
abilities	thickfat	onSourceModifySpA	Grass	7	6144	undefined
abilities	thickfat	onSourceModifySpA	Grass	8	6144	undefined
abilities	thickfat	onSourceModifySpA	Grass	9	4096	undefined
abilities	thickfat	onSourceModifySpA	Grass	10	6144	undefined
abilities	thickfat	onSourceModifySpA	Grass	11	6144	undefined
abilities	thickfat	onSourceModifySpA	Electric	0	4096	undefined
abilities	thickfat	onSourceModifySpA	Electric	1	6144	undefined
abilities	thickfat	onSourceModifySpA	Electric	2	6144	undefined
abilities	thickfat	onSourceModifySpA	Electric	3	4096	undefined
abilities	thickfat	onSourceModifySpA	Electric	4	6144	undefined
abilities	thickfat	onSourceModifySpA	Electric	5	6144	undefined
abilities	thickfat	onSourceModifySpA	Electric	6	4096	undefined
abilities	thickfat	onSourceModifySpA	Electric	7	6144	undefined
abilities	thickfat	onSourceModifySpA	Electric	8	6144	undefined
abilities	thickfat	onSourceModifySpA	Electric	9	4096	undefined
abilities	thickfat	onSourceModifySpA	Electric	10	6144	undefined
abilities	thickfat	onSourceModifySpA	Electric	11	6144	undefined
abilities	thickfat	onSourceModifySpA	Fairy	0	4096	undefined
abilities	thickfat	onSourceModifySpA	Fairy	1	6144	undefined
abilities	thickfat	onSourceModifySpA	Fairy	2	6144	undefined
abilities	thickfat	onSourceModifySpA	Fairy	3	4096	undefined
abilities	thickfat	onSourceModifySpA	Fairy	4	6144	undefined
abilities	thickfat	onSourceModifySpA	Fairy	5	6144	undefined
abilities	thickfat	onSourceModifySpA	Fairy	6	4096	undefined
abilities	thickfat	onSourceModifySpA	Fairy	7	6144	undefined
abilities	thickfat	onSourceModifySpA	Fairy	8	6144	undefined
abilities	thickfat	onSourceModifySpA	Fairy	9	4096	undefined
abilities	thickfat	onSourceModifySpA	Fairy	10	6144	undefined
abilities	thickfat	onSourceModifySpA	Fairy	11	6144	undefined
abilities	tintedlens	onModifyDamage	Normal	0	8192	undefined
abilities	tintedlens	onModifyDamage	Normal	1	6144	undefined
abilities	tintedlens	onModifyDamage	Normal	2	6144	undefined
abilities	tintedlens	onModifyDamage	Normal	3	8192	undefined
abilities	tintedlens	onModifyDamage	Normal	4	6144	undefined
abilities	tintedlens	onModifyDamage	Normal	5	6144	undefined
abilities	tintedlens	onModifyDamage	Normal	6	8192	undefined
abilities	tintedlens	onModifyDamage	Normal	7	6144	undefined
abilities	tintedlens	onModifyDamage	Normal	8	6144	undefined
abilities	tintedlens	onModifyDamage	Normal	9	8192	undefined
abilities	tintedlens	onModifyDamage	Normal	10	6144	undefined
abilities	tintedlens	onModifyDamage	Normal	11	6144	undefined
abilities	tintedlens	onModifyDamage	Fire	0	8192	undefined
abilities	tintedlens	onModifyDamage	Fire	1	6144	undefined
abilities	tintedlens	onModifyDamage	Fire	2	6144	undefined
abilities	tintedlens	onModifyDamage	Fire	3	8192	undefined
abilities	tintedlens	onModifyDamage	Fire	4	6144	undefined
abilities	tintedlens	onModifyDamage	Fire	5	6144	undefined
abilities	tintedlens	onModifyDamage	Fire	6	8192	undefined
abilities	tintedlens	onModifyDamage	Fire	7	6144	undefined
abilities	tintedlens	onModifyDamage	Fire	8	6144	undefined
abilities	tintedlens	onModifyDamage	Fire	9	8192	undefined
abilities	tintedlens	onModifyDamage	Fire	10	6144	undefined
abilities	tintedlens	onModifyDamage	Fire	11	6144	undefined
abilities	tintedlens	onModifyDamage	Water	0	8192	undefined
abilities	tintedlens	onModifyDamage	Water	1	6144	undefined
abilities	tintedlens	onModifyDamage	Water	2	6144	undefined
abilities	tintedlens	onModifyDamage	Water	3	8192	undefined
abilities	tintedlens	onModifyDamage	Water	4	6144	undefined
abilities	tintedlens	onModifyDamage	Water	5	6144	undefined
abilities	tintedlens	onModifyDamage	Water	6	8192	undefined
abilities	tintedlens	onModifyDamage	Water	7	6144	undefined
abilities	tintedlens	onModifyDamage	Water	8	6144	undefined
abilities	tintedlens	onModifyDamage	Water	9	8192	undefined
abilities	tintedlens	onModifyDamage	Water	10	6144	undefined
abilities	tintedlens	onModifyDamage	Water	11	6144	undefined
abilities	tintedlens	onModifyDamage	Ice	0	8192	undefined
abilities	tintedlens	onModifyDamage	Ice	1	6144	undefined
abilities	tintedlens	onModifyDamage	Ice	2	6144	undefined
abilities	tintedlens	onModifyDamage	Ice	3	8192	undefined
abilities	tintedlens	onModifyDamage	Ice	4	6144	undefined
abilities	tintedlens	onModifyDamage	Ice	5	6144	undefined
abilities	tintedlens	onModifyDamage	Ice	6	8192	undefined
abilities	tintedlens	onModifyDamage	Ice	7	6144	undefined
abilities	tintedlens	onModifyDamage	Ice	8	6144	undefined
abilities	tintedlens	onModifyDamage	Ice	9	8192	undefined
abilities	tintedlens	onModifyDamage	Ice	10	6144	undefined
abilities	tintedlens	onModifyDamage	Ice	11	6144	undefined
abilities	tintedlens	onModifyDamage	Ghost	0	8192	undefined
abilities	tintedlens	onModifyDamage	Ghost	1	6144	undefined
abilities	tintedlens	onModifyDamage	Ghost	2	6144	undefined
abilities	tintedlens	onModifyDamage	Ghost	3	8192	undefined
abilities	tintedlens	onModifyDamage	Ghost	4	6144	undefined
abilities	tintedlens	onModifyDamage	Ghost	5	6144	undefined
abilities	tintedlens	onModifyDamage	Ghost	6	8192	undefined
abilities	tintedlens	onModifyDamage	Ghost	7	6144	undefined
abilities	tintedlens	onModifyDamage	Ghost	8	6144	undefined
abilities	tintedlens	onModifyDamage	Ghost	9	8192	undefined
abilities	tintedlens	onModifyDamage	Ghost	10	6144	undefined
abilities	tintedlens	onModifyDamage	Ghost	11	6144	undefined
abilities	tintedlens	onModifyDamage	Grass	0	8192	undefined
abilities	tintedlens	onModifyDamage	Grass	1	6144	undefined
abilities	tintedlens	onModifyDamage	Grass	2	6144	undefined
abilities	tintedlens	onModifyDamage	Grass	3	8192	undefined
abilities	tintedlens	onModifyDamage	Grass	4	6144	undefined
abilities	tintedlens	onModifyDamage	Grass	5	6144	undefined
abilities	tintedlens	onModifyDamage	Grass	6	8192	undefined
abilities	tintedlens	onModifyDamage	Grass	7	6144	undefined
abilities	tintedlens	onModifyDamage	Grass	8	6144	undefined
abilities	tintedlens	onModifyDamage	Grass	9	8192	undefined
abilities	tintedlens	onModifyDamage	Grass	10	6144	undefined
abilities	tintedlens	onModifyDamage	Grass	11	6144	undefined
abilities	tintedlens	onModifyDamage	Electric	0	8192	undefined
abilities	tintedlens	onModifyDamage	Electric	1	6144	undefined
abilities	tintedlens	onModifyDamage	Electric	2	6144	undefined
abilities	tintedlens	onModifyDamage	Electric	3	8192	undefined
abilities	tintedlens	onModifyDamage	Electric	4	6144	undefined
abilities	tintedlens	onModifyDamage	Electric	5	6144	undefined
abilities	tintedlens	onModifyDamage	Electric	6	8192	undefined
abilities	tintedlens	onModifyDamage	Electric	7	6144	undefined
abilities	tintedlens	onModifyDamage	Electric	8	6144	undefined
abilities	tintedlens	onModifyDamage	Electric	9	8192	undefined
abilities	tintedlens	onModifyDamage	Electric	10	6144	undefined
abilities	tintedlens	onModifyDamage	Electric	11	6144	undefined
abilities	tintedlens	onModifyDamage	Fairy	0	8192	undefined
abilities	tintedlens	onModifyDamage	Fairy	1	6144	undefined
abilities	tintedlens	onModifyDamage	Fairy	2	6144	undefined
abilities	tintedlens	onModifyDamage	Fairy	3	8192	undefined
abilities	tintedlens	onModifyDamage	Fairy	4	6144	undefined
abilities	tintedlens	onModifyDamage	Fairy	5	6144	undefined
abilities	tintedlens	onModifyDamage	Fairy	6	8192	undefined
abilities	tintedlens	onModifyDamage	Fairy	7	6144	undefined
abilities	tintedlens	onModifyDamage	Fairy	8	6144	undefined
abilities	tintedlens	onModifyDamage	Fairy	9	8192	undefined
abilities	tintedlens	onModifyDamage	Fairy	10	6144	undefined
abilities	tintedlens	onModifyDamage	Fairy	11	6144	undefined
abilities	waterbubble	onSourceModifyAtk	Normal	0	4096	undefined
abilities	waterbubble	onSourceModifyAtk	Normal	1	6144	undefined
abilities	waterbubble	onSourceModifyAtk	Normal	2	6144	undefined
abilities	waterbubble	onSourceModifyAtk	Normal	3	4096	undefined
abilities	waterbubble	onSourceModifyAtk	Normal	4	6144	undefined
abilities	waterbubble	onSourceModifyAtk	Normal	5	6144	undefined
abilities	waterbubble	onSourceModifyAtk	Normal	6	4096	undefined
abilities	waterbubble	onSourceModifyAtk	Normal	7	6144	undefined
abilities	waterbubble	onSourceModifyAtk	Normal	8	6144	undefined
abilities	waterbubble	onSourceModifyAtk	Normal	9	4096	undefined
abilities	waterbubble	onSourceModifyAtk	Normal	10	6144	undefined
abilities	waterbubble	onSourceModifyAtk	Normal	11	6144	undefined
abilities	waterbubble	onSourceModifyAtk	Fire	0	2048	undefined
abilities	waterbubble	onSourceModifyAtk	Fire	1	3072	undefined
abilities	waterbubble	onSourceModifyAtk	Fire	2	3072	undefined
abilities	waterbubble	onSourceModifyAtk	Fire	3	2048	undefined
abilities	waterbubble	onSourceModifyAtk	Fire	4	3072	undefined
abilities	waterbubble	onSourceModifyAtk	Fire	5	3072	undefined
abilities	waterbubble	onSourceModifyAtk	Fire	6	2048	undefined
abilities	waterbubble	onSourceModifyAtk	Fire	7	3072	undefined
abilities	waterbubble	onSourceModifyAtk	Fire	8	3072	undefined
abilities	waterbubble	onSourceModifyAtk	Fire	9	2048	undefined
abilities	waterbubble	onSourceModifyAtk	Fire	10	3072	undefined
abilities	waterbubble	onSourceModifyAtk	Fire	11	3072	undefined
abilities	waterbubble	onSourceModifyAtk	Water	0	4096	undefined
abilities	waterbubble	onSourceModifyAtk	Water	1	6144	undefined
abilities	waterbubble	onSourceModifyAtk	Water	2	6144	undefined
abilities	waterbubble	onSourceModifyAtk	Water	3	4096	undefined
abilities	waterbubble	onSourceModifyAtk	Water	4	6144	undefined
abilities	waterbubble	onSourceModifyAtk	Water	5	6144	undefined
abilities	waterbubble	onSourceModifyAtk	Water	6	4096	undefined
abilities	waterbubble	onSourceModifyAtk	Water	7	6144	undefined
abilities	waterbubble	onSourceModifyAtk	Water	8	6144	undefined
abilities	waterbubble	onSourceModifyAtk	Water	9	4096	undefined
abilities	waterbubble	onSourceModifyAtk	Water	10	6144	undefined
abilities	waterbubble	onSourceModifyAtk	Water	11	6144	undefined
abilities	waterbubble	onSourceModifyAtk	Ice	0	4096	undefined
abilities	waterbubble	onSourceModifyAtk	Ice	1	6144	undefined
abilities	waterbubble	onSourceModifyAtk	Ice	2	6144	undefined
abilities	waterbubble	onSourceModifyAtk	Ice	3	4096	undefined
abilities	waterbubble	onSourceModifyAtk	Ice	4	6144	undefined
abilities	waterbubble	onSourceModifyAtk	Ice	5	6144	undefined
abilities	waterbubble	onSourceModifyAtk	Ice	6	4096	undefined
abilities	waterbubble	onSourceModifyAtk	Ice	7	6144	undefined
abilities	waterbubble	onSourceModifyAtk	Ice	8	6144	undefined
abilities	waterbubble	onSourceModifyAtk	Ice	9	4096	undefined
abilities	waterbubble	onSourceModifyAtk	Ice	10	6144	undefined
abilities	waterbubble	onSourceModifyAtk	Ice	11	6144	undefined
abilities	waterbubble	onSourceModifyAtk	Ghost	0	4096	undefined
abilities	waterbubble	onSourceModifyAtk	Ghost	1	6144	undefined
abilities	waterbubble	onSourceModifyAtk	Ghost	2	6144	undefined
abilities	waterbubble	onSourceModifyAtk	Ghost	3	4096	undefined
abilities	waterbubble	onSourceModifyAtk	Ghost	4	6144	undefined
abilities	waterbubble	onSourceModifyAtk	Ghost	5	6144	undefined
abilities	waterbubble	onSourceModifyAtk	Ghost	6	4096	undefined
abilities	waterbubble	onSourceModifyAtk	Ghost	7	6144	undefined
abilities	waterbubble	onSourceModifyAtk	Ghost	8	6144	undefined
abilities	waterbubble	onSourceModifyAtk	Ghost	9	4096	undefined
abilities	waterbubble	onSourceModifyAtk	Ghost	10	6144	undefined
abilities	waterbubble	onSourceModifyAtk	Ghost	11	6144	undefined
abilities	waterbubble	onSourceModifyAtk	Grass	0	4096	undefined
abilities	waterbubble	onSourceModifyAtk	Grass	1	6144	undefined
abilities	waterbubble	onSourceModifyAtk	Grass	2	6144	undefined
abilities	waterbubble	onSourceModifyAtk	Grass	3	4096	undefined
abilities	waterbubble	onSourceModifyAtk	Grass	4	6144	undefined
abilities	waterbubble	onSourceModifyAtk	Grass	5	6144	undefined
abilities	waterbubble	onSourceModifyAtk	Grass	6	4096	undefined
abilities	waterbubble	onSourceModifyAtk	Grass	7	6144	undefined
abilities	waterbubble	onSourceModifyAtk	Grass	8	6144	undefined
abilities	waterbubble	onSourceModifyAtk	Grass	9	4096	undefined
abilities	waterbubble	onSourceModifyAtk	Grass	10	6144	undefined
abilities	waterbubble	onSourceModifyAtk	Grass	11	6144	undefined
abilities	waterbubble	onSourceModifyAtk	Electric	0	4096	undefined
abilities	waterbubble	onSourceModifyAtk	Electric	1	6144	undefined
abilities	waterbubble	onSourceModifyAtk	Electric	2	6144	undefined
abilities	waterbubble	onSourceModifyAtk	Electric	3	4096	undefined
abilities	waterbubble	onSourceModifyAtk	Electric	4	6144	undefined
abilities	waterbubble	onSourceModifyAtk	Electric	5	6144	undefined
abilities	waterbubble	onSourceModifyAtk	Electric	6	4096	undefined
abilities	waterbubble	onSourceModifyAtk	Electric	7	6144	undefined
abilities	waterbubble	onSourceModifyAtk	Electric	8	6144	undefined
abilities	waterbubble	onSourceModifyAtk	Electric	9	4096	undefined
abilities	waterbubble	onSourceModifyAtk	Electric	10	6144	undefined
abilities	waterbubble	onSourceModifyAtk	Electric	11	6144	undefined
abilities	waterbubble	onSourceModifyAtk	Fairy	0	4096	undefined
abilities	waterbubble	onSourceModifyAtk	Fairy	1	6144	undefined
abilities	waterbubble	onSourceModifyAtk	Fairy	2	6144	undefined
abilities	waterbubble	onSourceModifyAtk	Fairy	3	4096	undefined
abilities	waterbubble	onSourceModifyAtk	Fairy	4	6144	undefined
abilities	waterbubble	onSourceModifyAtk	Fairy	5	6144	undefined
abilities	waterbubble	onSourceModifyAtk	Fairy	6	4096	undefined
abilities	waterbubble	onSourceModifyAtk	Fairy	7	6144	undefined
abilities	waterbubble	onSourceModifyAtk	Fairy	8	6144	undefined
abilities	waterbubble	onSourceModifyAtk	Fairy	9	4096	undefined
abilities	waterbubble	onSourceModifyAtk	Fairy	10	6144	undefined
abilities	waterbubble	onSourceModifyAtk	Fairy	11	6144	undefined
abilities	waterbubble	onSourceModifySpA	Normal	0	4096	undefined
abilities	waterbubble	onSourceModifySpA	Normal	1	6144	undefined
abilities	waterbubble	onSourceModifySpA	Normal	2	6144	undefined
abilities	waterbubble	onSourceModifySpA	Normal	3	4096	undefined
abilities	waterbubble	onSourceModifySpA	Normal	4	6144	undefined
abilities	waterbubble	onSourceModifySpA	Normal	5	6144	undefined
abilities	waterbubble	onSourceModifySpA	Normal	6	4096	undefined
abilities	waterbubble	onSourceModifySpA	Normal	7	6144	undefined
abilities	waterbubble	onSourceModifySpA	Normal	8	6144	undefined
abilities	waterbubble	onSourceModifySpA	Normal	9	4096	undefined
abilities	waterbubble	onSourceModifySpA	Normal	10	6144	undefined
abilities	waterbubble	onSourceModifySpA	Normal	11	6144	undefined
abilities	waterbubble	onSourceModifySpA	Fire	0	2048	undefined
abilities	waterbubble	onSourceModifySpA	Fire	1	3072	undefined
abilities	waterbubble	onSourceModifySpA	Fire	2	3072	undefined
abilities	waterbubble	onSourceModifySpA	Fire	3	2048	undefined
abilities	waterbubble	onSourceModifySpA	Fire	4	3072	undefined
abilities	waterbubble	onSourceModifySpA	Fire	5	3072	undefined
abilities	waterbubble	onSourceModifySpA	Fire	6	2048	undefined
abilities	waterbubble	onSourceModifySpA	Fire	7	3072	undefined
abilities	waterbubble	onSourceModifySpA	Fire	8	3072	undefined
abilities	waterbubble	onSourceModifySpA	Fire	9	2048	undefined
abilities	waterbubble	onSourceModifySpA	Fire	10	3072	undefined
abilities	waterbubble	onSourceModifySpA	Fire	11	3072	undefined
abilities	waterbubble	onSourceModifySpA	Water	0	4096	undefined
abilities	waterbubble	onSourceModifySpA	Water	1	6144	undefined
abilities	waterbubble	onSourceModifySpA	Water	2	6144	undefined
abilities	waterbubble	onSourceModifySpA	Water	3	4096	undefined
abilities	waterbubble	onSourceModifySpA	Water	4	6144	undefined
abilities	waterbubble	onSourceModifySpA	Water	5	6144	undefined
abilities	waterbubble	onSourceModifySpA	Water	6	4096	undefined
abilities	waterbubble	onSourceModifySpA	Water	7	6144	undefined
abilities	waterbubble	onSourceModifySpA	Water	8	6144	undefined
abilities	waterbubble	onSourceModifySpA	Water	9	4096	undefined
abilities	waterbubble	onSourceModifySpA	Water	10	6144	undefined
abilities	waterbubble	onSourceModifySpA	Water	11	6144	undefined
abilities	waterbubble	onSourceModifySpA	Ice	0	4096	undefined
abilities	waterbubble	onSourceModifySpA	Ice	1	6144	undefined
abilities	waterbubble	onSourceModifySpA	Ice	2	6144	undefined
abilities	waterbubble	onSourceModifySpA	Ice	3	4096	undefined
abilities	waterbubble	onSourceModifySpA	Ice	4	6144	undefined
abilities	waterbubble	onSourceModifySpA	Ice	5	6144	undefined
abilities	waterbubble	onSourceModifySpA	Ice	6	4096	undefined
abilities	waterbubble	onSourceModifySpA	Ice	7	6144	undefined
abilities	waterbubble	onSourceModifySpA	Ice	8	6144	undefined
abilities	waterbubble	onSourceModifySpA	Ice	9	4096	undefined
abilities	waterbubble	onSourceModifySpA	Ice	10	6144	undefined
abilities	waterbubble	onSourceModifySpA	Ice	11	6144	undefined
abilities	waterbubble	onSourceModifySpA	Ghost	0	4096	undefined
abilities	waterbubble	onSourceModifySpA	Ghost	1	6144	undefined
abilities	waterbubble	onSourceModifySpA	Ghost	2	6144	undefined
abilities	waterbubble	onSourceModifySpA	Ghost	3	4096	undefined
abilities	waterbubble	onSourceModifySpA	Ghost	4	6144	undefined
abilities	waterbubble	onSourceModifySpA	Ghost	5	6144	undefined
abilities	waterbubble	onSourceModifySpA	Ghost	6	4096	undefined
abilities	waterbubble	onSourceModifySpA	Ghost	7	6144	undefined
abilities	waterbubble	onSourceModifySpA	Ghost	8	6144	undefined
abilities	waterbubble	onSourceModifySpA	Ghost	9	4096	undefined
abilities	waterbubble	onSourceModifySpA	Ghost	10	6144	undefined
abilities	waterbubble	onSourceModifySpA	Ghost	11	6144	undefined
abilities	waterbubble	onSourceModifySpA	Grass	0	4096	undefined
abilities	waterbubble	onSourceModifySpA	Grass	1	6144	undefined
abilities	waterbubble	onSourceModifySpA	Grass	2	6144	undefined
abilities	waterbubble	onSourceModifySpA	Grass	3	4096	undefined
abilities	waterbubble	onSourceModifySpA	Grass	4	6144	undefined
abilities	waterbubble	onSourceModifySpA	Grass	5	6144	undefined
abilities	waterbubble	onSourceModifySpA	Grass	6	4096	undefined
abilities	waterbubble	onSourceModifySpA	Grass	7	6144	undefined
abilities	waterbubble	onSourceModifySpA	Grass	8	6144	undefined
abilities	waterbubble	onSourceModifySpA	Grass	9	4096	undefined
abilities	waterbubble	onSourceModifySpA	Grass	10	6144	undefined
abilities	waterbubble	onSourceModifySpA	Grass	11	6144	undefined
abilities	waterbubble	onSourceModifySpA	Electric	0	4096	undefined
abilities	waterbubble	onSourceModifySpA	Electric	1	6144	undefined
abilities	waterbubble	onSourceModifySpA	Electric	2	6144	undefined
abilities	waterbubble	onSourceModifySpA	Electric	3	4096	undefined
abilities	waterbubble	onSourceModifySpA	Electric	4	6144	undefined
abilities	waterbubble	onSourceModifySpA	Electric	5	6144	undefined
abilities	waterbubble	onSourceModifySpA	Electric	6	4096	undefined
abilities	waterbubble	onSourceModifySpA	Electric	7	6144	undefined
abilities	waterbubble	onSourceModifySpA	Electric	8	6144	undefined
abilities	waterbubble	onSourceModifySpA	Electric	9	4096	undefined
abilities	waterbubble	onSourceModifySpA	Electric	10	6144	undefined
abilities	waterbubble	onSourceModifySpA	Electric	11	6144	undefined
abilities	waterbubble	onSourceModifySpA	Fairy	0	4096	undefined
abilities	waterbubble	onSourceModifySpA	Fairy	1	6144	undefined
abilities	waterbubble	onSourceModifySpA	Fairy	2	6144	undefined
abilities	waterbubble	onSourceModifySpA	Fairy	3	4096	undefined
abilities	waterbubble	onSourceModifySpA	Fairy	4	6144	undefined
abilities	waterbubble	onSourceModifySpA	Fairy	5	6144	undefined
abilities	waterbubble	onSourceModifySpA	Fairy	6	4096	undefined
abilities	waterbubble	onSourceModifySpA	Fairy	7	6144	undefined
abilities	waterbubble	onSourceModifySpA	Fairy	8	6144	undefined
abilities	waterbubble	onSourceModifySpA	Fairy	9	4096	undefined
abilities	waterbubble	onSourceModifySpA	Fairy	10	6144	undefined
abilities	waterbubble	onSourceModifySpA	Fairy	11	6144	undefined
abilities	waterbubble	onModifyAtk	Normal	0	4096	undefined
abilities	waterbubble	onModifyAtk	Normal	1	6144	undefined
abilities	waterbubble	onModifyAtk	Normal	2	6144	undefined
abilities	waterbubble	onModifyAtk	Normal	3	4096	undefined
abilities	waterbubble	onModifyAtk	Normal	4	6144	undefined
abilities	waterbubble	onModifyAtk	Normal	5	6144	undefined
abilities	waterbubble	onModifyAtk	Normal	6	4096	undefined
abilities	waterbubble	onModifyAtk	Normal	7	6144	undefined
abilities	waterbubble	onModifyAtk	Normal	8	6144	undefined
abilities	waterbubble	onModifyAtk	Normal	9	4096	undefined
abilities	waterbubble	onModifyAtk	Normal	10	6144	undefined
abilities	waterbubble	onModifyAtk	Normal	11	6144	undefined
abilities	waterbubble	onModifyAtk	Fire	0	4096	undefined
abilities	waterbubble	onModifyAtk	Fire	1	6144	undefined
abilities	waterbubble	onModifyAtk	Fire	2	6144	undefined
abilities	waterbubble	onModifyAtk	Fire	3	4096	undefined
abilities	waterbubble	onModifyAtk	Fire	4	6144	undefined
abilities	waterbubble	onModifyAtk	Fire	5	6144	undefined
abilities	waterbubble	onModifyAtk	Fire	6	4096	undefined
abilities	waterbubble	onModifyAtk	Fire	7	6144	undefined
abilities	waterbubble	onModifyAtk	Fire	8	6144	undefined
abilities	waterbubble	onModifyAtk	Fire	9	4096	undefined
abilities	waterbubble	onModifyAtk	Fire	10	6144	undefined
abilities	waterbubble	onModifyAtk	Fire	11	6144	undefined
abilities	waterbubble	onModifyAtk	Water	0	8192	undefined
abilities	waterbubble	onModifyAtk	Water	1	12288	undefined
abilities	waterbubble	onModifyAtk	Water	2	12288	undefined
abilities	waterbubble	onModifyAtk	Water	3	8192	undefined
abilities	waterbubble	onModifyAtk	Water	4	12288	undefined
abilities	waterbubble	onModifyAtk	Water	5	12288	undefined
abilities	waterbubble	onModifyAtk	Water	6	8192	undefined
abilities	waterbubble	onModifyAtk	Water	7	12288	undefined
abilities	waterbubble	onModifyAtk	Water	8	12288	undefined
abilities	waterbubble	onModifyAtk	Water	9	8192	undefined
abilities	waterbubble	onModifyAtk	Water	10	12288	undefined
abilities	waterbubble	onModifyAtk	Water	11	12288	undefined
abilities	waterbubble	onModifyAtk	Ice	0	4096	undefined
abilities	waterbubble	onModifyAtk	Ice	1	6144	undefined
abilities	waterbubble	onModifyAtk	Ice	2	6144	undefined
abilities	waterbubble	onModifyAtk	Ice	3	4096	undefined
abilities	waterbubble	onModifyAtk	Ice	4	6144	undefined
abilities	waterbubble	onModifyAtk	Ice	5	6144	undefined
abilities	waterbubble	onModifyAtk	Ice	6	4096	undefined
abilities	waterbubble	onModifyAtk	Ice	7	6144	undefined
abilities	waterbubble	onModifyAtk	Ice	8	6144	undefined
abilities	waterbubble	onModifyAtk	Ice	9	4096	undefined
abilities	waterbubble	onModifyAtk	Ice	10	6144	undefined
abilities	waterbubble	onModifyAtk	Ice	11	6144	undefined
abilities	waterbubble	onModifyAtk	Ghost	0	4096	undefined
abilities	waterbubble	onModifyAtk	Ghost	1	6144	undefined
abilities	waterbubble	onModifyAtk	Ghost	2	6144	undefined
abilities	waterbubble	onModifyAtk	Ghost	3	4096	undefined
abilities	waterbubble	onModifyAtk	Ghost	4	6144	undefined
abilities	waterbubble	onModifyAtk	Ghost	5	6144	undefined
abilities	waterbubble	onModifyAtk	Ghost	6	4096	undefined
abilities	waterbubble	onModifyAtk	Ghost	7	6144	undefined
abilities	waterbubble	onModifyAtk	Ghost	8	6144	undefined
abilities	waterbubble	onModifyAtk	Ghost	9	4096	undefined
abilities	waterbubble	onModifyAtk	Ghost	10	6144	undefined
abilities	waterbubble	onModifyAtk	Ghost	11	6144	undefined
abilities	waterbubble	onModifyAtk	Grass	0	4096	undefined
abilities	waterbubble	onModifyAtk	Grass	1	6144	undefined
abilities	waterbubble	onModifyAtk	Grass	2	6144	undefined
abilities	waterbubble	onModifyAtk	Grass	3	4096	undefined
abilities	waterbubble	onModifyAtk	Grass	4	6144	undefined
abilities	waterbubble	onModifyAtk	Grass	5	6144	undefined
abilities	waterbubble	onModifyAtk	Grass	6	4096	undefined
abilities	waterbubble	onModifyAtk	Grass	7	6144	undefined
abilities	waterbubble	onModifyAtk	Grass	8	6144	undefined
abilities	waterbubble	onModifyAtk	Grass	9	4096	undefined
abilities	waterbubble	onModifyAtk	Grass	10	6144	undefined
abilities	waterbubble	onModifyAtk	Grass	11	6144	undefined
abilities	waterbubble	onModifyAtk	Electric	0	4096	undefined
abilities	waterbubble	onModifyAtk	Electric	1	6144	undefined
abilities	waterbubble	onModifyAtk	Electric	2	6144	undefined
abilities	waterbubble	onModifyAtk	Electric	3	4096	undefined
abilities	waterbubble	onModifyAtk	Electric	4	6144	undefined
abilities	waterbubble	onModifyAtk	Electric	5	6144	undefined
abilities	waterbubble	onModifyAtk	Electric	6	4096	undefined
abilities	waterbubble	onModifyAtk	Electric	7	6144	undefined
abilities	waterbubble	onModifyAtk	Electric	8	6144	undefined
abilities	waterbubble	onModifyAtk	Electric	9	4096	undefined
abilities	waterbubble	onModifyAtk	Electric	10	6144	undefined
abilities	waterbubble	onModifyAtk	Electric	11	6144	undefined
abilities	waterbubble	onModifyAtk	Fairy	0	4096	undefined
abilities	waterbubble	onModifyAtk	Fairy	1	6144	undefined
abilities	waterbubble	onModifyAtk	Fairy	2	6144	undefined
abilities	waterbubble	onModifyAtk	Fairy	3	4096	undefined
abilities	waterbubble	onModifyAtk	Fairy	4	6144	undefined
abilities	waterbubble	onModifyAtk	Fairy	5	6144	undefined
abilities	waterbubble	onModifyAtk	Fairy	6	4096	undefined
abilities	waterbubble	onModifyAtk	Fairy	7	6144	undefined
abilities	waterbubble	onModifyAtk	Fairy	8	6144	undefined
abilities	waterbubble	onModifyAtk	Fairy	9	4096	undefined
abilities	waterbubble	onModifyAtk	Fairy	10	6144	undefined
abilities	waterbubble	onModifyAtk	Fairy	11	6144	undefined
abilities	waterbubble	onModifySpA	Normal	0	4096	undefined
abilities	waterbubble	onModifySpA	Normal	1	6144	undefined
abilities	waterbubble	onModifySpA	Normal	2	6144	undefined
abilities	waterbubble	onModifySpA	Normal	3	4096	undefined
abilities	waterbubble	onModifySpA	Normal	4	6144	undefined
abilities	waterbubble	onModifySpA	Normal	5	6144	undefined
abilities	waterbubble	onModifySpA	Normal	6	4096	undefined
abilities	waterbubble	onModifySpA	Normal	7	6144	undefined
abilities	waterbubble	onModifySpA	Normal	8	6144	undefined
abilities	waterbubble	onModifySpA	Normal	9	4096	undefined
abilities	waterbubble	onModifySpA	Normal	10	6144	undefined
abilities	waterbubble	onModifySpA	Normal	11	6144	undefined
abilities	waterbubble	onModifySpA	Fire	0	4096	undefined
abilities	waterbubble	onModifySpA	Fire	1	6144	undefined
abilities	waterbubble	onModifySpA	Fire	2	6144	undefined
abilities	waterbubble	onModifySpA	Fire	3	4096	undefined
abilities	waterbubble	onModifySpA	Fire	4	6144	undefined
abilities	waterbubble	onModifySpA	Fire	5	6144	undefined
abilities	waterbubble	onModifySpA	Fire	6	4096	undefined
abilities	waterbubble	onModifySpA	Fire	7	6144	undefined
abilities	waterbubble	onModifySpA	Fire	8	6144	undefined
abilities	waterbubble	onModifySpA	Fire	9	4096	undefined
abilities	waterbubble	onModifySpA	Fire	10	6144	undefined
abilities	waterbubble	onModifySpA	Fire	11	6144	undefined
abilities	waterbubble	onModifySpA	Water	0	8192	undefined
abilities	waterbubble	onModifySpA	Water	1	12288	undefined
abilities	waterbubble	onModifySpA	Water	2	12288	undefined
abilities	waterbubble	onModifySpA	Water	3	8192	undefined
abilities	waterbubble	onModifySpA	Water	4	12288	undefined
abilities	waterbubble	onModifySpA	Water	5	12288	undefined
abilities	waterbubble	onModifySpA	Water	6	8192	undefined
abilities	waterbubble	onModifySpA	Water	7	12288	undefined
abilities	waterbubble	onModifySpA	Water	8	12288	undefined
abilities	waterbubble	onModifySpA	Water	9	8192	undefined
abilities	waterbubble	onModifySpA	Water	10	12288	undefined
abilities	waterbubble	onModifySpA	Water	11	12288	undefined
abilities	waterbubble	onModifySpA	Ice	0	4096	undefined
abilities	waterbubble	onModifySpA	Ice	1	6144	undefined
abilities	waterbubble	onModifySpA	Ice	2	6144	undefined
abilities	waterbubble	onModifySpA	Ice	3	4096	undefined
abilities	waterbubble	onModifySpA	Ice	4	6144	undefined
abilities	waterbubble	onModifySpA	Ice	5	6144	undefined
abilities	waterbubble	onModifySpA	Ice	6	4096	undefined
abilities	waterbubble	onModifySpA	Ice	7	6144	undefined
abilities	waterbubble	onModifySpA	Ice	8	6144	undefined
abilities	waterbubble	onModifySpA	Ice	9	4096	undefined
abilities	waterbubble	onModifySpA	Ice	10	6144	undefined
abilities	waterbubble	onModifySpA	Ice	11	6144	undefined
abilities	waterbubble	onModifySpA	Ghost	0	4096	undefined
abilities	waterbubble	onModifySpA	Ghost	1	6144	undefined
abilities	waterbubble	onModifySpA	Ghost	2	6144	undefined
abilities	waterbubble	onModifySpA	Ghost	3	4096	undefined
abilities	waterbubble	onModifySpA	Ghost	4	6144	undefined
abilities	waterbubble	onModifySpA	Ghost	5	6144	undefined
abilities	waterbubble	onModifySpA	Ghost	6	4096	undefined
abilities	waterbubble	onModifySpA	Ghost	7	6144	undefined
abilities	waterbubble	onModifySpA	Ghost	8	6144	undefined
abilities	waterbubble	onModifySpA	Ghost	9	4096	undefined
abilities	waterbubble	onModifySpA	Ghost	10	6144	undefined
abilities	waterbubble	onModifySpA	Ghost	11	6144	undefined
abilities	waterbubble	onModifySpA	Grass	0	4096	undefined
abilities	waterbubble	onModifySpA	Grass	1	6144	undefined
abilities	waterbubble	onModifySpA	Grass	2	6144	undefined
abilities	waterbubble	onModifySpA	Grass	3	4096	undefined
abilities	waterbubble	onModifySpA	Grass	4	6144	undefined
abilities	waterbubble	onModifySpA	Grass	5	6144	undefined
abilities	waterbubble	onModifySpA	Grass	6	4096	undefined
abilities	waterbubble	onModifySpA	Grass	7	6144	undefined
abilities	waterbubble	onModifySpA	Grass	8	6144	undefined
abilities	waterbubble	onModifySpA	Grass	9	4096	undefined
abilities	waterbubble	onModifySpA	Grass	10	6144	undefined
abilities	waterbubble	onModifySpA	Grass	11	6144	undefined
abilities	waterbubble	onModifySpA	Electric	0	4096	undefined
abilities	waterbubble	onModifySpA	Electric	1	6144	undefined
abilities	waterbubble	onModifySpA	Electric	2	6144	undefined
abilities	waterbubble	onModifySpA	Electric	3	4096	undefined
abilities	waterbubble	onModifySpA	Electric	4	6144	undefined
abilities	waterbubble	onModifySpA	Electric	5	6144	undefined
abilities	waterbubble	onModifySpA	Electric	6	4096	undefined
abilities	waterbubble	onModifySpA	Electric	7	6144	undefined
abilities	waterbubble	onModifySpA	Electric	8	6144	undefined
abilities	waterbubble	onModifySpA	Electric	9	4096	undefined
abilities	waterbubble	onModifySpA	Electric	10	6144	undefined
abilities	waterbubble	onModifySpA	Electric	11	6144	undefined
abilities	waterbubble	onModifySpA	Fairy	0	4096	undefined
abilities	waterbubble	onModifySpA	Fairy	1	6144	undefined
abilities	waterbubble	onModifySpA	Fairy	2	6144	undefined
abilities	waterbubble	onModifySpA	Fairy	3	4096	undefined
abilities	waterbubble	onModifySpA	Fairy	4	6144	undefined
abilities	waterbubble	onModifySpA	Fairy	5	6144	undefined
abilities	waterbubble	onModifySpA	Fairy	6	4096	undefined
abilities	waterbubble	onModifySpA	Fairy	7	6144	undefined
abilities	waterbubble	onModifySpA	Fairy	8	6144	undefined
abilities	waterbubble	onModifySpA	Fairy	9	4096	undefined
abilities	waterbubble	onModifySpA	Fairy	10	6144	undefined
abilities	waterbubble	onModifySpA	Fairy	11	6144	undefined
conditions	flashfire	onModifyAtk	Normal	0	4096	undefined
conditions	flashfire	onModifyAtk	Normal	1	6144	undefined
conditions	flashfire	onModifyAtk	Normal	2	6144	undefined
conditions	flashfire	onModifyAtk	Normal	3	4096	undefined
conditions	flashfire	onModifyAtk	Normal	4	6144	undefined
conditions	flashfire	onModifyAtk	Normal	5	6144	undefined
conditions	flashfire	onModifyAtk	Normal	6	4096	undefined
conditions	flashfire	onModifyAtk	Normal	7	6144	undefined
conditions	flashfire	onModifyAtk	Normal	8	6144	undefined
conditions	flashfire	onModifyAtk	Normal	9	4096	undefined
conditions	flashfire	onModifyAtk	Normal	10	6144	undefined
conditions	flashfire	onModifyAtk	Normal	11	6144	undefined
conditions	flashfire	onModifyAtk	Fire	0	6144	undefined
conditions	flashfire	onModifyAtk	Fire	1	9216	undefined
conditions	flashfire	onModifyAtk	Fire	2	6144	undefined
conditions	flashfire	onModifyAtk	Fire	3	6144	undefined
conditions	flashfire	onModifyAtk	Fire	4	9216	undefined
conditions	flashfire	onModifyAtk	Fire	5	6144	undefined
conditions	flashfire	onModifyAtk	Fire	6	6144	undefined
conditions	flashfire	onModifyAtk	Fire	7	9216	undefined
conditions	flashfire	onModifyAtk	Fire	8	6144	undefined
conditions	flashfire	onModifyAtk	Fire	9	6144	undefined
conditions	flashfire	onModifyAtk	Fire	10	9216	undefined
conditions	flashfire	onModifyAtk	Fire	11	6144	undefined
conditions	flashfire	onModifyAtk	Water	0	4096	undefined
conditions	flashfire	onModifyAtk	Water	1	6144	undefined
conditions	flashfire	onModifyAtk	Water	2	6144	undefined
conditions	flashfire	onModifyAtk	Water	3	4096	undefined
conditions	flashfire	onModifyAtk	Water	4	6144	undefined
conditions	flashfire	onModifyAtk	Water	5	6144	undefined
conditions	flashfire	onModifyAtk	Water	6	4096	undefined
conditions	flashfire	onModifyAtk	Water	7	6144	undefined
conditions	flashfire	onModifyAtk	Water	8	6144	undefined
conditions	flashfire	onModifyAtk	Water	9	4096	undefined
conditions	flashfire	onModifyAtk	Water	10	6144	undefined
conditions	flashfire	onModifyAtk	Water	11	6144	undefined
conditions	flashfire	onModifyAtk	Ice	0	4096	undefined
conditions	flashfire	onModifyAtk	Ice	1	6144	undefined
conditions	flashfire	onModifyAtk	Ice	2	6144	undefined
conditions	flashfire	onModifyAtk	Ice	3	4096	undefined
conditions	flashfire	onModifyAtk	Ice	4	6144	undefined
conditions	flashfire	onModifyAtk	Ice	5	6144	undefined
conditions	flashfire	onModifyAtk	Ice	6	4096	undefined
conditions	flashfire	onModifyAtk	Ice	7	6144	undefined
conditions	flashfire	onModifyAtk	Ice	8	6144	undefined
conditions	flashfire	onModifyAtk	Ice	9	4096	undefined
conditions	flashfire	onModifyAtk	Ice	10	6144	undefined
conditions	flashfire	onModifyAtk	Ice	11	6144	undefined
conditions	flashfire	onModifyAtk	Ghost	0	4096	undefined
conditions	flashfire	onModifyAtk	Ghost	1	6144	undefined
conditions	flashfire	onModifyAtk	Ghost	2	6144	undefined
conditions	flashfire	onModifyAtk	Ghost	3	4096	undefined
conditions	flashfire	onModifyAtk	Ghost	4	6144	undefined
conditions	flashfire	onModifyAtk	Ghost	5	6144	undefined
conditions	flashfire	onModifyAtk	Ghost	6	4096	undefined
conditions	flashfire	onModifyAtk	Ghost	7	6144	undefined
conditions	flashfire	onModifyAtk	Ghost	8	6144	undefined
conditions	flashfire	onModifyAtk	Ghost	9	4096	undefined
conditions	flashfire	onModifyAtk	Ghost	10	6144	undefined
conditions	flashfire	onModifyAtk	Ghost	11	6144	undefined
conditions	flashfire	onModifyAtk	Grass	0	4096	undefined
conditions	flashfire	onModifyAtk	Grass	1	6144	undefined
conditions	flashfire	onModifyAtk	Grass	2	6144	undefined
conditions	flashfire	onModifyAtk	Grass	3	4096	undefined
conditions	flashfire	onModifyAtk	Grass	4	6144	undefined
conditions	flashfire	onModifyAtk	Grass	5	6144	undefined
conditions	flashfire	onModifyAtk	Grass	6	4096	undefined
conditions	flashfire	onModifyAtk	Grass	7	6144	undefined
conditions	flashfire	onModifyAtk	Grass	8	6144	undefined
conditions	flashfire	onModifyAtk	Grass	9	4096	undefined
conditions	flashfire	onModifyAtk	Grass	10	6144	undefined
conditions	flashfire	onModifyAtk	Grass	11	6144	undefined
conditions	flashfire	onModifyAtk	Electric	0	4096	undefined
conditions	flashfire	onModifyAtk	Electric	1	6144	undefined
conditions	flashfire	onModifyAtk	Electric	2	6144	undefined
conditions	flashfire	onModifyAtk	Electric	3	4096	undefined
conditions	flashfire	onModifyAtk	Electric	4	6144	undefined
conditions	flashfire	onModifyAtk	Electric	5	6144	undefined
conditions	flashfire	onModifyAtk	Electric	6	4096	undefined
conditions	flashfire	onModifyAtk	Electric	7	6144	undefined
conditions	flashfire	onModifyAtk	Electric	8	6144	undefined
conditions	flashfire	onModifyAtk	Electric	9	4096	undefined
conditions	flashfire	onModifyAtk	Electric	10	6144	undefined
conditions	flashfire	onModifyAtk	Electric	11	6144	undefined
conditions	flashfire	onModifyAtk	Fairy	0	4096	undefined
conditions	flashfire	onModifyAtk	Fairy	1	6144	undefined
conditions	flashfire	onModifyAtk	Fairy	2	6144	undefined
conditions	flashfire	onModifyAtk	Fairy	3	4096	undefined
conditions	flashfire	onModifyAtk	Fairy	4	6144	undefined
conditions	flashfire	onModifyAtk	Fairy	5	6144	undefined
conditions	flashfire	onModifyAtk	Fairy	6	4096	undefined
conditions	flashfire	onModifyAtk	Fairy	7	6144	undefined
conditions	flashfire	onModifyAtk	Fairy	8	6144	undefined
conditions	flashfire	onModifyAtk	Fairy	9	4096	undefined
conditions	flashfire	onModifyAtk	Fairy	10	6144	undefined
conditions	flashfire	onModifyAtk	Fairy	11	6144	undefined
conditions	flashfire	onModifySpA	Normal	0	4096	undefined
conditions	flashfire	onModifySpA	Normal	1	6144	undefined
conditions	flashfire	onModifySpA	Normal	2	6144	undefined
conditions	flashfire	onModifySpA	Normal	3	4096	undefined
conditions	flashfire	onModifySpA	Normal	4	6144	undefined
conditions	flashfire	onModifySpA	Normal	5	6144	undefined
conditions	flashfire	onModifySpA	Normal	6	4096	undefined
conditions	flashfire	onModifySpA	Normal	7	6144	undefined
conditions	flashfire	onModifySpA	Normal	8	6144	undefined
conditions	flashfire	onModifySpA	Normal	9	4096	undefined
conditions	flashfire	onModifySpA	Normal	10	6144	undefined
conditions	flashfire	onModifySpA	Normal	11	6144	undefined
conditions	flashfire	onModifySpA	Fire	0	6144	undefined
conditions	flashfire	onModifySpA	Fire	1	9216	undefined
conditions	flashfire	onModifySpA	Fire	2	6144	undefined
conditions	flashfire	onModifySpA	Fire	3	6144	undefined
conditions	flashfire	onModifySpA	Fire	4	9216	undefined
conditions	flashfire	onModifySpA	Fire	5	6144	undefined
conditions	flashfire	onModifySpA	Fire	6	6144	undefined
conditions	flashfire	onModifySpA	Fire	7	9216	undefined
conditions	flashfire	onModifySpA	Fire	8	6144	undefined
conditions	flashfire	onModifySpA	Fire	9	6144	undefined
conditions	flashfire	onModifySpA	Fire	10	9216	undefined
conditions	flashfire	onModifySpA	Fire	11	6144	undefined
conditions	flashfire	onModifySpA	Water	0	4096	undefined
conditions	flashfire	onModifySpA	Water	1	6144	undefined
conditions	flashfire	onModifySpA	Water	2	6144	undefined
conditions	flashfire	onModifySpA	Water	3	4096	undefined
conditions	flashfire	onModifySpA	Water	4	6144	undefined
conditions	flashfire	onModifySpA	Water	5	6144	undefined
conditions	flashfire	onModifySpA	Water	6	4096	undefined
conditions	flashfire	onModifySpA	Water	7	6144	undefined
conditions	flashfire	onModifySpA	Water	8	6144	undefined
conditions	flashfire	onModifySpA	Water	9	4096	undefined
conditions	flashfire	onModifySpA	Water	10	6144	undefined
conditions	flashfire	onModifySpA	Water	11	6144	undefined
conditions	flashfire	onModifySpA	Ice	0	4096	undefined
conditions	flashfire	onModifySpA	Ice	1	6144	undefined
conditions	flashfire	onModifySpA	Ice	2	6144	undefined
conditions	flashfire	onModifySpA	Ice	3	4096	undefined
conditions	flashfire	onModifySpA	Ice	4	6144	undefined
conditions	flashfire	onModifySpA	Ice	5	6144	undefined
conditions	flashfire	onModifySpA	Ice	6	4096	undefined
conditions	flashfire	onModifySpA	Ice	7	6144	undefined
conditions	flashfire	onModifySpA	Ice	8	6144	undefined
conditions	flashfire	onModifySpA	Ice	9	4096	undefined
conditions	flashfire	onModifySpA	Ice	10	6144	undefined
conditions	flashfire	onModifySpA	Ice	11	6144	undefined
conditions	flashfire	onModifySpA	Ghost	0	4096	undefined
conditions	flashfire	onModifySpA	Ghost	1	6144	undefined
conditions	flashfire	onModifySpA	Ghost	2	6144	undefined
conditions	flashfire	onModifySpA	Ghost	3	4096	undefined
conditions	flashfire	onModifySpA	Ghost	4	6144	undefined
conditions	flashfire	onModifySpA	Ghost	5	6144	undefined
conditions	flashfire	onModifySpA	Ghost	6	4096	undefined
conditions	flashfire	onModifySpA	Ghost	7	6144	undefined
conditions	flashfire	onModifySpA	Ghost	8	6144	undefined
conditions	flashfire	onModifySpA	Ghost	9	4096	undefined
conditions	flashfire	onModifySpA	Ghost	10	6144	undefined
conditions	flashfire	onModifySpA	Ghost	11	6144	undefined
conditions	flashfire	onModifySpA	Grass	0	4096	undefined
conditions	flashfire	onModifySpA	Grass	1	6144	undefined
conditions	flashfire	onModifySpA	Grass	2	6144	undefined
conditions	flashfire	onModifySpA	Grass	3	4096	undefined
conditions	flashfire	onModifySpA	Grass	4	6144	undefined
conditions	flashfire	onModifySpA	Grass	5	6144	undefined
conditions	flashfire	onModifySpA	Grass	6	4096	undefined
conditions	flashfire	onModifySpA	Grass	7	6144	undefined
conditions	flashfire	onModifySpA	Grass	8	6144	undefined
conditions	flashfire	onModifySpA	Grass	9	4096	undefined
conditions	flashfire	onModifySpA	Grass	10	6144	undefined
conditions	flashfire	onModifySpA	Grass	11	6144	undefined
conditions	flashfire	onModifySpA	Electric	0	4096	undefined
conditions	flashfire	onModifySpA	Electric	1	6144	undefined
conditions	flashfire	onModifySpA	Electric	2	6144	undefined
conditions	flashfire	onModifySpA	Electric	3	4096	undefined
conditions	flashfire	onModifySpA	Electric	4	6144	undefined
conditions	flashfire	onModifySpA	Electric	5	6144	undefined
conditions	flashfire	onModifySpA	Electric	6	4096	undefined
conditions	flashfire	onModifySpA	Electric	7	6144	undefined
conditions	flashfire	onModifySpA	Electric	8	6144	undefined
conditions	flashfire	onModifySpA	Electric	9	4096	undefined
conditions	flashfire	onModifySpA	Electric	10	6144	undefined
conditions	flashfire	onModifySpA	Electric	11	6144	undefined
conditions	flashfire	onModifySpA	Fairy	0	4096	undefined
conditions	flashfire	onModifySpA	Fairy	1	6144	undefined
conditions	flashfire	onModifySpA	Fairy	2	6144	undefined
conditions	flashfire	onModifySpA	Fairy	3	4096	undefined
conditions	flashfire	onModifySpA	Fairy	4	6144	undefined
conditions	flashfire	onModifySpA	Fairy	5	6144	undefined
conditions	flashfire	onModifySpA	Fairy	6	4096	undefined
conditions	flashfire	onModifySpA	Fairy	7	6144	undefined
conditions	flashfire	onModifySpA	Fairy	8	6144	undefined
conditions	flashfire	onModifySpA	Fairy	9	4096	undefined
conditions	flashfire	onModifySpA	Fairy	10	6144	undefined
conditions	flashfire	onModifySpA	Fairy	11	6144	undefined
conditions	unburden	onModifySpe	Normal	0	8192	undefined
conditions	unburden	onModifySpe	Normal	1	6144	undefined
conditions	unburden	onModifySpe	Normal	2	6144	undefined
conditions	unburden	onModifySpe	Normal	3	4096	undefined
conditions	unburden	onModifySpe	Normal	4	12288	undefined
conditions	unburden	onModifySpe	Normal	5	6144	undefined
conditions	unburden	onModifySpe	Normal	6	8192	undefined
conditions	unburden	onModifySpe	Normal	7	6144	undefined
conditions	unburden	onModifySpe	Normal	8	6144	undefined
conditions	unburden	onModifySpe	Normal	9	4096	undefined
conditions	unburden	onModifySpe	Normal	10	12288	undefined
conditions	unburden	onModifySpe	Normal	11	6144	undefined
conditions	unburden	onModifySpe	Fire	0	8192	undefined
conditions	unburden	onModifySpe	Fire	1	6144	undefined
conditions	unburden	onModifySpe	Fire	2	6144	undefined
conditions	unburden	onModifySpe	Fire	3	4096	undefined
conditions	unburden	onModifySpe	Fire	4	12288	undefined
conditions	unburden	onModifySpe	Fire	5	6144	undefined
conditions	unburden	onModifySpe	Fire	6	8192	undefined
conditions	unburden	onModifySpe	Fire	7	6144	undefined
conditions	unburden	onModifySpe	Fire	8	6144	undefined
conditions	unburden	onModifySpe	Fire	9	4096	undefined
conditions	unburden	onModifySpe	Fire	10	12288	undefined
conditions	unburden	onModifySpe	Fire	11	6144	undefined
conditions	unburden	onModifySpe	Water	0	8192	undefined
conditions	unburden	onModifySpe	Water	1	6144	undefined
conditions	unburden	onModifySpe	Water	2	6144	undefined
conditions	unburden	onModifySpe	Water	3	4096	undefined
conditions	unburden	onModifySpe	Water	4	12288	undefined
conditions	unburden	onModifySpe	Water	5	6144	undefined
conditions	unburden	onModifySpe	Water	6	8192	undefined
conditions	unburden	onModifySpe	Water	7	6144	undefined
conditions	unburden	onModifySpe	Water	8	6144	undefined
conditions	unburden	onModifySpe	Water	9	4096	undefined
conditions	unburden	onModifySpe	Water	10	12288	undefined
conditions	unburden	onModifySpe	Water	11	6144	undefined
conditions	unburden	onModifySpe	Ice	0	8192	undefined
conditions	unburden	onModifySpe	Ice	1	6144	undefined
conditions	unburden	onModifySpe	Ice	2	6144	undefined
conditions	unburden	onModifySpe	Ice	3	4096	undefined
conditions	unburden	onModifySpe	Ice	4	12288	undefined
conditions	unburden	onModifySpe	Ice	5	6144	undefined
conditions	unburden	onModifySpe	Ice	6	8192	undefined
conditions	unburden	onModifySpe	Ice	7	6144	undefined
conditions	unburden	onModifySpe	Ice	8	6144	undefined
conditions	unburden	onModifySpe	Ice	9	4096	undefined
conditions	unburden	onModifySpe	Ice	10	12288	undefined
conditions	unburden	onModifySpe	Ice	11	6144	undefined
conditions	unburden	onModifySpe	Ghost	0	8192	undefined
conditions	unburden	onModifySpe	Ghost	1	6144	undefined
conditions	unburden	onModifySpe	Ghost	2	6144	undefined
conditions	unburden	onModifySpe	Ghost	3	4096	undefined
conditions	unburden	onModifySpe	Ghost	4	12288	undefined
conditions	unburden	onModifySpe	Ghost	5	6144	undefined
conditions	unburden	onModifySpe	Ghost	6	8192	undefined
conditions	unburden	onModifySpe	Ghost	7	6144	undefined
conditions	unburden	onModifySpe	Ghost	8	6144	undefined
conditions	unburden	onModifySpe	Ghost	9	4096	undefined
conditions	unburden	onModifySpe	Ghost	10	12288	undefined
conditions	unburden	onModifySpe	Ghost	11	6144	undefined
conditions	unburden	onModifySpe	Grass	0	8192	undefined
conditions	unburden	onModifySpe	Grass	1	6144	undefined
conditions	unburden	onModifySpe	Grass	2	6144	undefined
conditions	unburden	onModifySpe	Grass	3	4096	undefined
conditions	unburden	onModifySpe	Grass	4	12288	undefined
conditions	unburden	onModifySpe	Grass	5	6144	undefined
conditions	unburden	onModifySpe	Grass	6	8192	undefined
conditions	unburden	onModifySpe	Grass	7	6144	undefined
conditions	unburden	onModifySpe	Grass	8	6144	undefined
conditions	unburden	onModifySpe	Grass	9	4096	undefined
conditions	unburden	onModifySpe	Grass	10	12288	undefined
conditions	unburden	onModifySpe	Grass	11	6144	undefined
conditions	unburden	onModifySpe	Electric	0	8192	undefined
conditions	unburden	onModifySpe	Electric	1	6144	undefined
conditions	unburden	onModifySpe	Electric	2	6144	undefined
conditions	unburden	onModifySpe	Electric	3	4096	undefined
conditions	unburden	onModifySpe	Electric	4	12288	undefined
conditions	unburden	onModifySpe	Electric	5	6144	undefined
conditions	unburden	onModifySpe	Electric	6	8192	undefined
conditions	unburden	onModifySpe	Electric	7	6144	undefined
conditions	unburden	onModifySpe	Electric	8	6144	undefined
conditions	unburden	onModifySpe	Electric	9	4096	undefined
conditions	unburden	onModifySpe	Electric	10	12288	undefined
conditions	unburden	onModifySpe	Electric	11	6144	undefined
conditions	unburden	onModifySpe	Fairy	0	8192	undefined
conditions	unburden	onModifySpe	Fairy	1	6144	undefined
conditions	unburden	onModifySpe	Fairy	2	6144	undefined
conditions	unburden	onModifySpe	Fairy	3	4096	undefined
conditions	unburden	onModifySpe	Fairy	4	12288	undefined
conditions	unburden	onModifySpe	Fairy	5	6144	undefined
conditions	unburden	onModifySpe	Fairy	6	8192	undefined
conditions	unburden	onModifySpe	Fairy	7	6144	undefined
conditions	unburden	onModifySpe	Fairy	8	6144	undefined
conditions	unburden	onModifySpe	Fairy	9	4096	undefined
conditions	unburden	onModifySpe	Fairy	10	12288	undefined
conditions	unburden	onModifySpe	Fairy	11	6144	undefined
