# case	seed	p1	p2	ops	result	seedAfter	state	log	outcome
0	61654,15128,58831,33847	|braviary||levitate|playrough,aquacutter|Serious||M|||100|,,,,,Electric]|braviary||levitate|playrough,aquacutter|Serious||M|||100|,,,,,Electric]|golurk||shellarmor|volttackle,nuzzle,firefang,poisonjab|Serious|||||100|,,,,,Steel]|farigiraf||earlybird|springtidestorm,scald|Serious||M|||88|,,,,,Fire]|braviary||levitate|playrough,aquacutter|Serious||M|||100|,,,,,Electric]|glalie||dancer|headlongrush,dragonpulse|Serious|||||100|,,,,,Fairy	|kommoo||terashell|iceshard,dragonpulse,seedbomb,volttackle|Serious|||||50|,,,,,Fairy]|taurospaldeablaze||corrosion|moongeistbeam,meteormash|Serious|||||100|,,,,,Fire]|clawitzer||terashell|blueflare,armorcannon,shadowball|Serious|||||100|,,,,,Stellar]|clawitzer||terashell|blueflare,armorcannon,shadowball|Serious|||||100|,,,,,Stellar]|krookodile||earlybird|focusblast,fierywrath,charm|Serious|||||88|,,,,,Water]|taurospaldeablaze||corrosion|moongeistbeam,meteormash|Serious|||||100|,,,,,Fire	wipe 0;messages 0 0 1	-,true	36143,21048,30525,29247	rs=- ended=1 winner=B turn=0 mid=1 left=0,6 fl=6,0 active=0,1,6,7 party=0,1,2,3,4,5;6,7,8,9,10,11 speeds=196,196,146,137,196,196,105,236,154,154,194,236 orders=0.0,1.0,0.0,0.0,0.0,0.0,2.0,3.0,0.0,0.0,0.0,0.0 so=3,2,0,1 mons=0.0.1.1.0.0.0.0.0.0.1.0 1.0.1.1.0.0.0.0.1.0.1.0 2.0.1.1.0.0.0.0.2.0.1.0 3.0.1.1.0.0.0.0.3.0.1.0 4.0.1.1.0.0.0.0.4.0.1.0 5.0.1.1.0.0.0.0.5.0.1.0 6.150.0.0.1.0.0.0.0.0.1.0 7.291.0.0.1.0.0.0.1.0.1.0 8.283.0.0.0.0.0.0.2.0.1.0 9.283.0.0.0.0.0.0.3.0.1.0 10.292.0.0.0.0.0.0.4.0.1.0 11.291.0.0.0.0.0.0.5.0.1.0	|faint|p1a: Braviary~|faint|p1b: Braviary~|faint|p1: Golurk~|faint|p1: Farigiraf~|faint|p1: Braviary~|faint|p1: Glalie~|~|win|B	1:0:0,6
1	61654,15128,58831,33847	|braviary||levitate|playrough,aquacutter|Serious||M|||100|,,,,,Electric]|braviary||levitate|playrough,aquacutter|Serious||M|||100|,,,,,Electric]|golurk||shellarmor|volttackle,nuzzle,firefang,poisonjab|Serious|||||100|,,,,,Steel]|farigiraf||earlybird|springtidestorm,scald|Serious||M|||88|,,,,,Fire]|braviary||levitate|playrough,aquacutter|Serious||M|||100|,,,,,Electric]|glalie||dancer|headlongrush,dragonpulse|Serious|||||100|,,,,,Fairy	|kommoo||terashell|iceshard,dragonpulse,seedbomb,volttackle|Serious|||||50|,,,,,Fairy]|taurospaldeablaze||corrosion|moongeistbeam,meteormash|Serious|||||100|,,,,,Fire]|clawitzer||terashell|blueflare,armorcannon,shadowball|Serious|||||100|,,,,,Stellar]|clawitzer||terashell|blueflare,armorcannon,shadowball|Serious|||||100|,,,,,Stellar]|krookodile||earlybird|focusblast,fierywrath,charm|Serious|||||88|,,,,,Water]|taurospaldeablaze||corrosion|moongeistbeam,meteormash|Serious|||||100|,,,,,Fire	wipe 1;messages 0 0 1	-,true	36143,21048,30525,29247	rs=- ended=1 winner=A turn=0 mid=1 left=6,0 fl=0,6 active=0,1,6,7 party=0,1,2,3,4,5;6,7,8,9,10,11 speeds=196,196,146,137,196,196,105,236,154,154,194,236 orders=0.0,1.0,0.0,0.0,0.0,0.0,2.0,3.0,0.0,0.0,0.0,0.0 so=3,2,0,1 mons=0.341.0.0.1.0.0.0.0.0.1.0 1.341.0.0.1.0.0.0.1.0.1.0 2.319.0.0.0.0.0.0.2.0.1.0 3.336.0.0.0.0.0.0.3.0.1.0 4.341.0.0.0.0.0.0.4.0.1.0 5.301.0.0.0.0.0.0.5.0.1.0 6.0.1.1.0.0.0.0.0.0.1.0 7.0.1.1.0.0.0.0.1.0.1.0 8.0.1.1.0.0.0.0.2.0.1.0 9.0.1.1.0.0.0.0.3.0.1.0 10.0.1.1.0.0.0.0.4.0.1.0 11.0.1.1.0.0.0.0.5.0.1.0	|faint|p2a: Kommo-o~|faint|p2b: Tauros~|faint|p2: Clawitzer~|faint|p2: Clawitzer~|faint|p2: Krookodile~|faint|p2: Tauros~|~|win|A	0:0:6,0
2	61654,15128,58831,33847	|braviary||levitate|playrough,aquacutter|Serious||M|||100|,,,,,Electric]|braviary||levitate|playrough,aquacutter|Serious||M|||100|,,,,,Electric]|golurk||shellarmor|volttackle,nuzzle,firefang,poisonjab|Serious|||||100|,,,,,Steel]|farigiraf||earlybird|springtidestorm,scald|Serious||M|||88|,,,,,Fire]|braviary||levitate|playrough,aquacutter|Serious||M|||100|,,,,,Electric]|glalie||dancer|headlongrush,dragonpulse|Serious|||||100|,,,,,Fairy	|kommoo||terashell|iceshard,dragonpulse,seedbomb,volttackle|Serious|||||50|,,,,,Fairy]|taurospaldeablaze||corrosion|moongeistbeam,meteormash|Serious|||||100|,,,,,Fire]|clawitzer||terashell|blueflare,armorcannon,shadowball|Serious|||||100|,,,,,Stellar]|clawitzer||terashell|blueflare,armorcannon,shadowball|Serious|||||100|,,,,,Stellar]|krookodile||earlybird|focusblast,fierywrath,charm|Serious|||||88|,,,,,Water]|taurospaldeablaze||corrosion|moongeistbeam,meteormash|Serious|||||100|,,,,,Fire	wipe 0;wipe 1;messages 0 0 1	-,-,true	36143,21048,30525,29247	rs=- ended=1 winner=B turn=0 mid=1 left=0,0 fl=6,6 active=0,1,6,7 party=0,1,2,3,4,5;6,7,8,9,10,11 speeds=196,196,146,137,196,196,105,236,154,154,194,236 orders=0.0,1.0,0.0,0.0,0.0,0.0,2.0,3.0,0.0,0.0,0.0,0.0 so=3,2,0,1 mons=0.0.1.1.0.0.0.0.0.0.1.0 1.0.1.1.0.0.0.0.1.0.1.0 2.0.1.1.0.0.0.0.2.0.1.0 3.0.1.1.0.0.0.0.3.0.1.0 4.0.1.1.0.0.0.0.4.0.1.0 5.0.1.1.0.0.0.0.5.0.1.0 6.0.1.1.0.0.0.0.0.0.1.0 7.0.1.1.0.0.0.0.1.0.1.0 8.0.1.1.0.0.0.0.2.0.1.0 9.0.1.1.0.0.0.0.3.0.1.0 10.0.1.1.0.0.0.0.4.0.1.0 11.0.1.1.0.0.0.0.5.0.1.0	|faint|p1a: Braviary~|faint|p1b: Braviary~|faint|p1: Golurk~|faint|p1: Farigiraf~|faint|p1: Braviary~|faint|p1: Glalie~|faint|p2a: Kommo-o~|faint|p2b: Tauros~|faint|p2: Clawitzer~|faint|p2: Clawitzer~|faint|p2: Krookodile~|faint|p2: Tauros~|~|win|B	1:0:0,0
3	61654,15128,58831,33847	|braviary||levitate|playrough,aquacutter|Serious||M|||100|,,,,,Electric]|braviary||levitate|playrough,aquacutter|Serious||M|||100|,,,,,Electric]|golurk||shellarmor|volttackle,nuzzle,firefang,poisonjab|Serious|||||100|,,,,,Steel]|farigiraf||earlybird|springtidestorm,scald|Serious||M|||88|,,,,,Fire]|braviary||levitate|playrough,aquacutter|Serious||M|||100|,,,,,Electric]|glalie||dancer|headlongrush,dragonpulse|Serious|||||100|,,,,,Fairy	|kommoo||terashell|iceshard,dragonpulse,seedbomb,volttackle|Serious|||||50|,,,,,Fairy]|taurospaldeablaze||corrosion|moongeistbeam,meteormash|Serious|||||100|,,,,,Fire]|clawitzer||terashell|blueflare,armorcannon,shadowball|Serious|||||100|,,,,,Stellar]|clawitzer||terashell|blueflare,armorcannon,shadowball|Serious|||||100|,,,,,Stellar]|krookodile||earlybird|focusblast,fierywrath,charm|Serious|||||88|,,,,,Water]|taurospaldeablaze||corrosion|moongeistbeam,meteormash|Serious|||||100|,,,,,Fire	wipe 1;wipe 0;messages 0 0 1	-,-,true	36143,21048,30525,29247	rs=- ended=1 winner=A turn=0 mid=1 left=0,0 fl=6,6 active=0,1,6,7 party=0,1,2,3,4,5;6,7,8,9,10,11 speeds=196,196,146,137,196,196,105,236,154,154,194,236 orders=0.0,1.0,0.0,0.0,0.0,0.0,2.0,3.0,0.0,0.0,0.0,0.0 so=3,2,0,1 mons=0.0.1.1.0.0.0.0.0.0.1.0 1.0.1.1.0.0.0.0.1.0.1.0 2.0.1.1.0.0.0.0.2.0.1.0 3.0.1.1.0.0.0.0.3.0.1.0 4.0.1.1.0.0.0.0.4.0.1.0 5.0.1.1.0.0.0.0.5.0.1.0 6.0.1.1.0.0.0.0.0.0.1.0 7.0.1.1.0.0.0.0.1.0.1.0 8.0.1.1.0.0.0.0.2.0.1.0 9.0.1.1.0.0.0.0.3.0.1.0 10.0.1.1.0.0.0.0.4.0.1.0 11.0.1.1.0.0.0.0.5.0.1.0	|faint|p2a: Kommo-o~|faint|p2b: Tauros~|faint|p2: Clawitzer~|faint|p2: Clawitzer~|faint|p2: Krookodile~|faint|p2: Tauros~|faint|p1a: Braviary~|faint|p1b: Braviary~|faint|p1: Golurk~|faint|p1: Farigiraf~|faint|p1: Braviary~|faint|p1: Glalie~|~|win|A	0:0:0,0
4	61654,15128,58831,33847	|braviary||levitate|playrough,aquacutter|Serious||M|||100|,,,,,Electric]|braviary||levitate|playrough,aquacutter|Serious||M|||100|,,,,,Electric]|golurk||shellarmor|volttackle,nuzzle,firefang,poisonjab|Serious|||||100|,,,,,Steel]|farigiraf||earlybird|springtidestorm,scald|Serious||M|||88|,,,,,Fire]|braviary||levitate|playrough,aquacutter|Serious||M|||100|,,,,,Electric]|glalie||dancer|headlongrush,dragonpulse|Serious|||||100|,,,,,Fairy	|kommoo||terashell|iceshard,dragonpulse,seedbomb,volttackle|Serious|||||50|,,,,,Fairy]|taurospaldeablaze||corrosion|moongeistbeam,meteormash|Serious|||||100|,,,,,Fire]|clawitzer||terashell|blueflare,armorcannon,shadowball|Serious|||||100|,,,,,Stellar]|clawitzer||terashell|blueflare,armorcannon,shadowball|Serious|||||100|,,,,,Stellar]|krookodile||earlybird|focusblast,fierywrath,charm|Serious|||||88|,,,,,Water]|taurospaldeablaze||corrosion|moongeistbeam,meteormash|Serious|||||100|,,,,,Fire	wipe 0;wipe 1;messages 1 0 1	-,-,true	36143,21048,30525,29247	rs=- ended=1 winner=B turn=0 mid=1 left=0,0 fl=6,6 active=0,1,6,7 party=0,1,2,3,4,5;6,7,8,9,10,11 speeds=196,196,146,137,196,196,105,236,154,154,194,236 orders=0.0,1.0,0.0,0.0,0.0,0.0,2.0,3.0,0.0,0.0,0.0,0.0 so=3,2,0,1 mons=0.0.1.1.0.0.0.0.0.0.1.0 1.0.1.1.0.0.0.0.1.0.1.0 2.0.1.1.0.0.0.0.2.0.1.0 3.0.1.1.0.0.0.0.3.0.1.0 4.0.1.1.0.0.0.0.4.0.1.0 5.0.1.1.0.0.0.0.5.0.1.0 6.0.1.1.0.0.0.0.0.0.1.0 7.0.1.1.0.0.0.0.1.0.1.0 8.0.1.1.0.0.0.0.2.0.1.0 9.0.1.1.0.0.0.0.3.0.1.0 10.0.1.1.0.0.0.0.4.0.1.0 11.0.1.1.0.0.0.0.5.0.1.0	|faint|p2: Tauros~|faint|p1a: Braviary~|faint|p1b: Braviary~|faint|p1: Golurk~|faint|p1: Farigiraf~|faint|p1: Braviary~|faint|p1: Glalie~|faint|p2a: Kommo-o~|faint|p2b: Tauros~|faint|p2: Clawitzer~|faint|p2: Clawitzer~|faint|p2: Krookodile~|~|win|B	1:0:0,0
5	61654,15128,58831,33847	|braviary||levitate|playrough,aquacutter|Serious||M|||100|,,,,,Electric]|braviary||levitate|playrough,aquacutter|Serious||M|||100|,,,,,Electric]|golurk||shellarmor|volttackle,nuzzle,firefang,poisonjab|Serious|||||100|,,,,,Steel]|farigiraf||earlybird|springtidestorm,scald|Serious||M|||88|,,,,,Fire]|braviary||levitate|playrough,aquacutter|Serious||M|||100|,,,,,Electric]|glalie||dancer|headlongrush,dragonpulse|Serious|||||100|,,,,,Fairy	|kommoo||terashell|iceshard,dragonpulse,seedbomb,volttackle|Serious|||||50|,,,,,Fairy]|taurospaldeablaze||corrosion|moongeistbeam,meteormash|Serious|||||100|,,,,,Fire]|clawitzer||terashell|blueflare,armorcannon,shadowball|Serious|||||100|,,,,,Stellar]|clawitzer||terashell|blueflare,armorcannon,shadowball|Serious|||||100|,,,,,Stellar]|krookodile||earlybird|focusblast,fierywrath,charm|Serious|||||88|,,,,,Water]|taurospaldeablaze||corrosion|moongeistbeam,meteormash|Serious|||||100|,,,,,Fire	wipe 1;wipe 0;messages 1 0 1	-,-,true	36143,21048,30525,29247	rs=- ended=1 winner=A turn=0 mid=1 left=0,0 fl=6,6 active=0,1,6,7 party=0,1,2,3,4,5;6,7,8,9,10,11 speeds=196,196,146,137,196,196,105,236,154,154,194,236 orders=0.0,1.0,0.0,0.0,0.0,0.0,2.0,3.0,0.0,0.0,0.0,0.0 so=3,2,0,1 mons=0.0.1.1.0.0.0.0.0.0.1.0 1.0.1.1.0.0.0.0.1.0.1.0 2.0.1.1.0.0.0.0.2.0.1.0 3.0.1.1.0.0.0.0.3.0.1.0 4.0.1.1.0.0.0.0.4.0.1.0 5.0.1.1.0.0.0.0.5.0.1.0 6.0.1.1.0.0.0.0.0.0.1.0 7.0.1.1.0.0.0.0.1.0.1.0 8.0.1.1.0.0.0.0.2.0.1.0 9.0.1.1.0.0.0.0.3.0.1.0 10.0.1.1.0.0.0.0.4.0.1.0 11.0.1.1.0.0.0.0.5.0.1.0	|faint|p1: Glalie~|faint|p2a: Kommo-o~|faint|p2b: Tauros~|faint|p2: Clawitzer~|faint|p2: Clawitzer~|faint|p2: Krookodile~|faint|p2: Tauros~|faint|p1a: Braviary~|faint|p1b: Braviary~|faint|p1: Golurk~|faint|p1: Farigiraf~|faint|p1: Braviary~|~|win|A	0:0:0,0
6	61654,15128,58831,33847	|braviary||levitate|playrough,aquacutter|Serious||M|||100|,,,,,Electric]|braviary||levitate|playrough,aquacutter|Serious||M|||100|,,,,,Electric]|golurk||shellarmor|volttackle,nuzzle,firefang,poisonjab|Serious|||||100|,,,,,Steel]|farigiraf||earlybird|springtidestorm,scald|Serious||M|||88|,,,,,Fire]|braviary||levitate|playrough,aquacutter|Serious||M|||100|,,,,,Electric]|glalie||dancer|headlongrush,dragonpulse|Serious|||||100|,,,,,Fairy	|kommoo||terashell|iceshard,dragonpulse,seedbomb,volttackle|Serious|||||50|,,,,,Fairy]|taurospaldeablaze||corrosion|moongeistbeam,meteormash|Serious|||||100|,,,,,Fire]|clawitzer||terashell|blueflare,armorcannon,shadowball|Serious|||||100|,,,,,Stellar]|clawitzer||terashell|blueflare,armorcannon,shadowball|Serious|||||100|,,,,,Stellar]|krookodile||earlybird|focusblast,fierywrath,charm|Serious|||||88|,,,,,Water]|taurospaldeablaze||corrosion|moongeistbeam,meteormash|Serious|||||100|,,,,,Fire	wipe 0;wipe 1;messages 0 0 0;messages 0 1 1	-,-,false,true	36143,21048,30525,29247	rs=- ended=1 winner=- turn=0 mid=1 left=0,0 fl=6,6 active=0,1,6,7 party=0,1,2,3,4,5;6,7,8,9,10,11 speeds=196,196,146,137,196,196,105,236,154,154,194,236 orders=0.0,1.0,0.0,0.0,0.0,0.0,2.0,3.0,0.0,0.0,0.0,0.0 so=3,2,0,1 mons=0.0.1.1.0.0.0.0.0.0.1.0 1.0.1.1.0.0.0.0.1.0.1.0 2.0.1.1.0.0.0.0.2.0.1.0 3.0.1.1.0.0.0.0.3.0.1.0 4.0.1.1.0.0.0.0.4.0.1.0 5.0.1.1.0.0.0.0.5.0.1.0 6.0.1.1.0.0.0.0.0.0.1.0 7.0.1.1.0.0.0.0.1.0.1.0 8.0.1.1.0.0.0.0.2.0.1.0 9.0.1.1.0.0.0.0.3.0.1.0 10.0.1.1.0.0.0.0.4.0.1.0 11.0.1.1.0.0.0.0.5.0.1.0	|faint|p1a: Braviary~|faint|p1b: Braviary~|faint|p1: Golurk~|faint|p1: Farigiraf~|faint|p1: Braviary~|faint|p1: Glalie~|faint|p2a: Kommo-o~|faint|p2b: Tauros~|faint|p2: Clawitzer~|faint|p2: Clawitzer~|faint|p2: Krookodile~|faint|p2: Tauros~|~|tie	-:0:0,0
7	61654,15128,58831,33847	|braviary||levitate|playrough,aquacutter|Serious||M|||100|,,,,,Electric]|braviary||levitate|playrough,aquacutter|Serious||M|||100|,,,,,Electric]|golurk||shellarmor|volttackle,nuzzle,firefang,poisonjab|Serious|||||100|,,,,,Steel]|farigiraf||earlybird|springtidestorm,scald|Serious||M|||88|,,,,,Fire]|braviary||levitate|playrough,aquacutter|Serious||M|||100|,,,,,Electric]|glalie||dancer|headlongrush,dragonpulse|Serious|||||100|,,,,,Fairy	|kommoo||terashell|iceshard,dragonpulse,seedbomb,volttackle|Serious|||||50|,,,,,Fairy]|taurospaldeablaze||corrosion|moongeistbeam,meteormash|Serious|||||100|,,,,,Fire]|clawitzer||terashell|blueflare,armorcannon,shadowball|Serious|||||100|,,,,,Stellar]|clawitzer||terashell|blueflare,armorcannon,shadowball|Serious|||||100|,,,,,Stellar]|krookodile||earlybird|focusblast,fierywrath,charm|Serious|||||88|,,,,,Water]|taurospaldeablaze||corrosion|moongeistbeam,meteormash|Serious|||||100|,,,,,Fire	faint 0;messages 0 0 0;checkfainted	-,false,-	36143,21048,30525,29247	rs=- ended=0 winner=- turn=0 mid=1 left=5,6 fl=1,0 active=0,1,6,7 party=0,1,2,3,4,5;6,7,8,9,10,11 speeds=196,196,146,137,196,196,105,236,154,154,194,236 orders=0.0,1.0,0.0,0.0,0.0,0.0,2.0,3.0,0.0,0.0,0.0,0.0 so=3,2,0,1 mons=0.0.1.1.0.1.0.1.0.0.1.0 1.341.0.0.1.0.0.0.1.0.1.0 2.319.0.0.0.0.0.0.2.0.1.0 3.336.0.0.0.0.0.0.3.0.1.0 4.341.0.0.0.0.0.0.4.0.1.0 5.301.0.0.0.0.0.0.5.0.1.0 6.150.0.0.1.0.0.0.0.0.1.0 7.291.0.0.1.0.0.0.1.0.1.0 8.283.0.0.0.0.0.0.2.0.1.0 9.283.0.0.0.0.0.0.3.0.1.0 10.292.0.0.0.0.0.0.4.0.1.0 11.291.0.0.0.0.0.0.5.0.1.0	|faint|p1a: Braviary	-
8	61654,15128,58831,33847	|braviary||levitate|playrough,aquacutter|Serious||M|||100|,,,,,Electric]|braviary||levitate|playrough,aquacutter|Serious||M|||100|,,,,,Electric]|golurk||shellarmor|volttackle,nuzzle,firefang,poisonjab|Serious|||||100|,,,,,Steel]|farigiraf||earlybird|springtidestorm,scald|Serious||M|||88|,,,,,Fire]|braviary||levitate|playrough,aquacutter|Serious||M|||100|,,,,,Electric]|glalie||dancer|headlongrush,dragonpulse|Serious|||||100|,,,,,Fairy	|kommoo||terashell|iceshard,dragonpulse,seedbomb,volttackle|Serious|||||50|,,,,,Fairy]|taurospaldeablaze||corrosion|moongeistbeam,meteormash|Serious|||||100|,,,,,Fire]|clawitzer||terashell|blueflare,armorcannon,shadowball|Serious|||||100|,,,,,Stellar]|clawitzer||terashell|blueflare,armorcannon,shadowball|Serious|||||100|,,,,,Stellar]|krookodile||earlybird|focusblast,fierywrath,charm|Serious|||||88|,,,,,Water]|taurospaldeablaze||corrosion|moongeistbeam,meteormash|Serious|||||100|,,,,,Fire	tera 0;faint 0;messages 0 0 0;checkfainted	-,-,false,-	36143,21048,30525,29247	rs=- ended=0 winner=- turn=0 mid=1 left=5,6 fl=1,0 active=0,1,6,7 party=0,1,2,3,4,5;6,7,8,9,10,11 speeds=196,196,146,137,196,196,105,236,154,154,194,236 orders=0.0,1.0,0.0,0.0,0.0,0.0,2.0,3.0,0.0,0.0,0.0,0.0 so=3,2,0,1 mons=0.0.1.1.0.1.0.1.0.0.0.0 1.341.0.0.1.0.0.0.1.0.0.0 2.319.0.0.0.0.0.0.2.0.0.0 3.336.0.0.0.0.0.0.3.0.0.0 4.341.0.0.0.0.0.0.4.0.0.0 5.301.0.0.0.0.0.0.5.0.0.0 6.150.0.0.1.0.0.0.0.0.1.0 7.291.0.0.1.0.0.0.1.0.1.0 8.283.0.0.0.0.0.0.2.0.1.0 9.283.0.0.0.0.0.0.3.0.1.0 10.292.0.0.0.0.0.0.4.0.1.0 11.291.0.0.0.0.0.0.5.0.1.0	|-terastallize|p1a: Braviary|Electric~|faint|p1a: Braviary	-
9	61654,15128,58831,33847	|braviary||levitate|playrough,aquacutter|Serious||M|||100|,,,,,Electric]|braviary||levitate|playrough,aquacutter|Serious||M|||100|,,,,,Electric]|golurk||shellarmor|volttackle,nuzzle,firefang,poisonjab|Serious|||||100|,,,,,Steel]|farigiraf||earlybird|springtidestorm,scald|Serious||M|||88|,,,,,Fire]|braviary||levitate|playrough,aquacutter|Serious||M|||100|,,,,,Electric]|glalie||dancer|headlongrush,dragonpulse|Serious|||||100|,,,,,Fairy	|kommoo||terashell|iceshard,dragonpulse,seedbomb,volttackle|Serious|||||50|,,,,,Fairy]|taurospaldeablaze||corrosion|moongeistbeam,meteormash|Serious|||||100|,,,,,Fire]|clawitzer||terashell|blueflare,armorcannon,shadowball|Serious|||||100|,,,,,Stellar]|clawitzer||terashell|blueflare,armorcannon,shadowball|Serious|||||100|,,,,,Stellar]|krookodile||earlybird|focusblast,fierywrath,charm|Serious|||||88|,,,,,Water]|taurospaldeablaze||corrosion|moongeistbeam,meteormash|Serious|||||100|,,,,,Fire	tera 6;faint 6;messages 0 0 0;checkfainted	-,-,false,-	36143,21048,30525,29247	rs=- ended=0 winner=- turn=0 mid=1 left=6,5 fl=0,1 active=0,1,6,7 party=0,1,2,3,4,5;6,7,8,9,10,11 speeds=196,196,146,137,196,196,105,236,154,154,194,236 orders=0.0,1.0,0.0,0.0,0.0,0.0,2.0,3.0,0.0,0.0,0.0,0.0 so=3,2,0,1 mons=0.341.0.0.1.0.0.0.0.0.1.0 1.341.0.0.1.0.0.0.1.0.1.0 2.319.0.0.0.0.0.0.2.0.1.0 3.336.0.0.0.0.0.0.3.0.1.0 4.341.0.0.0.0.0.0.4.0.1.0 5.301.0.0.0.0.0.0.5.0.1.0 6.0.1.1.0.1.0.1.0.0.0.0 7.291.0.0.1.0.0.0.1.0.0.0 8.283.0.0.0.0.0.0.2.0.0.0 9.283.0.0.0.0.0.0.3.0.0.0 10.292.0.0.0.0.0.0.4.0.0.0 11.291.0.0.0.0.0.0.5.0.0.0	|-terastallize|p2a: Kommo-o|Fairy~|faint|p2a: Kommo-o	-
10	61654,15128,58831,33847	|braviary||levitate|playrough,aquacutter|Serious||M|||100|,,,,,Electric]|braviary||levitate|playrough,aquacutter|Serious||M|||100|,,,,,Electric]|golurk||shellarmor|volttackle,nuzzle,firefang,poisonjab|Serious|||||100|,,,,,Steel]|farigiraf||earlybird|springtidestorm,scald|Serious||M|||88|,,,,,Fire]|braviary||levitate|playrough,aquacutter|Serious||M|||100|,,,,,Electric]|glalie||dancer|headlongrush,dragonpulse|Serious|||||100|,,,,,Fairy	|kommoo||terashell|iceshard,dragonpulse,seedbomb,volttackle|Serious|||||50|,,,,,Fairy]|taurospaldeablaze||corrosion|moongeistbeam,meteormash|Serious|||||100|,,,,,Fire]|clawitzer||terashell|blueflare,armorcannon,shadowball|Serious|||||100|,,,,,Stellar]|clawitzer||terashell|blueflare,armorcannon,shadowball|Serious|||||100|,,,,,Stellar]|krookodile||earlybird|focusblast,fierywrath,charm|Serious|||||88|,,,,,Water]|taurospaldeablaze||corrosion|moongeistbeam,meteormash|Serious|||||100|,,,,,Fire	cap 0;faint 0;messages 0 0 0	-,-,false	36143,21048,30525,29247	rs=- ended=0 winner=- turn=0 mid=1 left=5,6 fl=100,0 active=0,1,6,7 party=0,1,2,3,4,5;6,7,8,9,10,11 speeds=196,196,146,137,196,196,105,236,154,154,194,236 orders=0.0,1.0,0.0,0.0,0.0,0.0,2.0,3.0,0.0,0.0,0.0,0.0 so=3,2,0,1 mons=0.0.1.1.0.0.0.0.0.0.1.0 1.341.0.0.1.0.0.0.1.0.1.0 2.319.0.0.0.0.0.0.2.0.1.0 3.336.0.0.0.0.0.0.3.0.1.0 4.341.0.0.0.0.0.0.4.0.1.0 5.301.0.0.0.0.0.0.5.0.1.0 6.150.0.0.1.0.0.0.0.0.1.0 7.291.0.0.1.0.0.0.1.0.1.0 8.283.0.0.0.0.0.0.2.0.1.0 9.283.0.0.0.0.0.0.3.0.1.0 10.292.0.0.0.0.0.0.4.0.1.0 11.291.0.0.0.0.0.0.5.0.1.0	|faint|p1a: Braviary	-
11	61654,15128,58831,33847	|braviary||levitate|playrough,aquacutter|Serious||M|||100|,,,,,Electric]|braviary||levitate|playrough,aquacutter|Serious||M|||100|,,,,,Electric]|golurk||shellarmor|volttackle,nuzzle,firefang,poisonjab|Serious|||||100|,,,,,Steel]|farigiraf||earlybird|springtidestorm,scald|Serious||M|||88|,,,,,Fire]|braviary||levitate|playrough,aquacutter|Serious||M|||100|,,,,,Electric]|glalie||dancer|headlongrush,dragonpulse|Serious|||||100|,,,,,Fairy	|kommoo||terashell|iceshard,dragonpulse,seedbomb,volttackle|Serious|||||50|,,,,,Fairy]|taurospaldeablaze||corrosion|moongeistbeam,meteormash|Serious|||||100|,,,,,Fire]|clawitzer||terashell|blueflare,armorcannon,shadowball|Serious|||||100|,,,,,Stellar]|clawitzer||terashell|blueflare,armorcannon,shadowball|Serious|||||100|,,,,,Stellar]|krookodile||earlybird|focusblast,fierywrath,charm|Serious|||||88|,,,,,Water]|taurospaldeablaze||corrosion|moongeistbeam,meteormash|Serious|||||100|,,,,,Fire	faint 0;faint 0;messages 0 0 0;messages 0 0 1	-,-,false,false	36143,21048,30525,29247	rs=- ended=0 winner=- turn=0 mid=1 left=5,6 fl=1,0 active=0,1,6,7 party=0,1,2,3,4,5;6,7,8,9,10,11 speeds=196,196,146,137,196,196,105,236,154,154,194,236 orders=0.0,1.0,0.0,0.0,0.0,0.0,2.0,3.0,0.0,0.0,0.0,0.0 so=3,2,0,1 mons=0.0.1.1.0.0.0.0.0.0.1.0 1.341.0.0.1.0.0.0.1.0.1.0 2.319.0.0.0.0.0.0.2.0.1.0 3.336.0.0.0.0.0.0.3.0.1.0 4.341.0.0.0.0.0.0.4.0.1.0 5.301.0.0.0.0.0.0.5.0.1.0 6.150.0.0.1.0.0.0.0.0.1.0 7.291.0.0.1.0.0.0.1.0.1.0 8.283.0.0.0.0.0.0.2.0.1.0 9.283.0.0.0.0.0.0.3.0.1.0 10.292.0.0.0.0.0.0.4.0.1.0 11.291.0.0.0.0.0.0.5.0.1.0	|faint|p1a: Braviary	-
12	61654,15128,58831,33847	|braviary||levitate|playrough,aquacutter|Serious||M|||100|,,,,,Electric]|braviary||levitate|playrough,aquacutter|Serious||M|||100|,,,,,Electric]|golurk||shellarmor|volttackle,nuzzle,firefang,poisonjab|Serious|||||100|,,,,,Steel]|farigiraf||earlybird|springtidestorm,scald|Serious||M|||88|,,,,,Fire]|braviary||levitate|playrough,aquacutter|Serious||M|||100|,,,,,Electric]|glalie||dancer|headlongrush,dragonpulse|Serious|||||100|,,,,,Fairy	|kommoo||terashell|iceshard,dragonpulse,seedbomb,volttackle|Serious|||||50|,,,,,Fairy]|taurospaldeablaze||corrosion|moongeistbeam,meteormash|Serious|||||100|,,,,,Fire]|clawitzer||terashell|blueflare,armorcannon,shadowball|Serious|||||100|,,,,,Stellar]|clawitzer||terashell|blueflare,armorcannon,shadowball|Serious|||||100|,,,,,Stellar]|krookodile||earlybird|focusblast,fierywrath,charm|Serious|||||88|,,,,,Water]|taurospaldeablaze||corrosion|moongeistbeam,meteormash|Serious|||||100|,,,,,Fire	tie;tie;messages 0 1 1	true,false,-	36143,21048,30525,29247	rs=- ended=1 winner=- turn=0 mid=1 left=6,6 fl=0,0 active=0,1,6,7 party=0,1,2,3,4,5;6,7,8,9,10,11 speeds=196,196,146,137,196,196,105,236,154,154,194,236 orders=0.0,1.0,0.0,0.0,0.0,0.0,2.0,3.0,0.0,0.0,0.0,0.0 so=3,2,0,1 mons=0.341.0.0.1.0.0.0.0.0.1.0 1.341.0.0.1.0.0.0.1.0.1.0 2.319.0.0.0.0.0.0.2.0.1.0 3.336.0.0.0.0.0.0.3.0.1.0 4.341.0.0.0.0.0.0.4.0.1.0 5.301.0.0.0.0.0.0.5.0.1.0 6.150.0.0.1.0.0.0.0.0.1.0 7.291.0.0.1.0.0.0.1.0.1.0 8.283.0.0.0.0.0.0.2.0.1.0 9.283.0.0.0.0.0.0.3.0.1.0 10.292.0.0.0.0.0.0.4.0.1.0 11.291.0.0.0.0.0.0.5.0.1.0	|~|tie	-:0:6,6
13	61654,15128,58831,33847	|braviary||levitate|playrough,aquacutter|Serious||M|||100|,,,,,Electric]|braviary||levitate|playrough,aquacutter|Serious||M|||100|,,,,,Electric]|golurk||shellarmor|volttackle,nuzzle,firefang,poisonjab|Serious|||||100|,,,,,Steel]|farigiraf||earlybird|springtidestorm,scald|Serious||M|||88|,,,,,Fire]|braviary||levitate|playrough,aquacutter|Serious||M|||100|,,,,,Electric]|glalie||dancer|headlongrush,dragonpulse|Serious|||||100|,,,,,Fairy	|kommoo||terashell|iceshard,dragonpulse,seedbomb,volttackle|Serious|||||50|,,,,,Fairy]|taurospaldeablaze||corrosion|moongeistbeam,meteormash|Serious|||||100|,,,,,Fire]|clawitzer||terashell|blueflare,armorcannon,shadowball|Serious|||||100|,,,,,Stellar]|clawitzer||terashell|blueflare,armorcannon,shadowball|Serious|||||100|,,,,,Stellar]|krookodile||earlybird|focusblast,fierywrath,charm|Serious|||||88|,,,,,Water]|taurospaldeablaze||corrosion|moongeistbeam,meteormash|Serious|||||100|,,,,,Fire	lose 0;lose 1	true,false	36143,21048,30525,29247	rs=- ended=1 winner=B turn=0 mid=1 left=6,6 fl=0,0 active=0,1,6,7 party=0,1,2,3,4,5;6,7,8,9,10,11 speeds=196,196,146,137,196,196,105,236,154,154,194,236 orders=0.0,1.0,0.0,0.0,0.0,0.0,2.0,3.0,0.0,0.0,0.0,0.0 so=3,2,0,1 mons=0.341.0.0.1.0.0.0.0.0.1.0 1.341.0.0.1.0.0.0.1.0.1.0 2.319.0.0.0.0.0.0.2.0.1.0 3.336.0.0.0.0.0.0.3.0.1.0 4.341.0.0.0.0.0.0.4.0.1.0 5.301.0.0.0.0.0.0.5.0.1.0 6.150.0.0.1.0.0.0.0.0.1.0 7.291.0.0.1.0.0.0.1.0.1.0 8.283.0.0.0.0.0.0.2.0.1.0 9.283.0.0.0.0.0.0.3.0.1.0 10.292.0.0.0.0.0.0.4.0.1.0 11.291.0.0.0.0.0.0.5.0.1.0	|~|win|B	1:0:6,6
14	61654,15128,58831,33847	|braviary||levitate|playrough,aquacutter|Serious||M|||100|,,,,,Electric]|braviary||levitate|playrough,aquacutter|Serious||M|||100|,,,,,Electric]|golurk||shellarmor|volttackle,nuzzle,firefang,poisonjab|Serious|||||100|,,,,,Steel]|farigiraf||earlybird|springtidestorm,scald|Serious||M|||88|,,,,,Fire]|braviary||levitate|playrough,aquacutter|Serious||M|||100|,,,,,Electric]|glalie||dancer|headlongrush,dragonpulse|Serious|||||100|,,,,,Fairy	|kommoo||terashell|iceshard,dragonpulse,seedbomb,volttackle|Serious|||||50|,,,,,Fairy]|taurospaldeablaze||corrosion|moongeistbeam,meteormash|Serious|||||100|,,,,,Fire]|clawitzer||terashell|blueflare,armorcannon,shadowball|Serious|||||100|,,,,,Stellar]|clawitzer||terashell|blueflare,armorcannon,shadowball|Serious|||||100|,,,,,Stellar]|krookodile||earlybird|focusblast,fierywrath,charm|Serious|||||88|,,,,,Water]|taurospaldeablaze||corrosion|moongeistbeam,meteormash|Serious|||||100|,,,,,Fire	tiebreak	true	36143,21048,30525,29247	rs=- ended=1 winner=A turn=0 mid=1 left=6,6 fl=0,0 active=0,1,6,7 party=0,1,2,3,4,5;6,7,8,9,10,11 speeds=196,196,146,137,196,196,105,236,154,154,194,236 orders=0.0,1.0,0.0,0.0,0.0,0.0,2.0,3.0,0.0,0.0,0.0,0.0 so=3,2,0,1 mons=0.341.0.0.1.0.0.0.0.0.1.0 1.341.0.0.1.0.0.0.1.0.1.0 2.319.0.0.0.0.0.0.2.0.1.0 3.336.0.0.0.0.0.0.3.0.1.0 4.341.0.0.0.0.0.0.4.0.1.0 5.301.0.0.0.0.0.0.5.0.1.0 6.150.0.0.1.0.0.0.0.0.1.0 7.291.0.0.1.0.0.0.1.0.1.0 8.283.0.0.0.0.0.0.2.0.1.0 9.283.0.0.0.0.0.0.3.0.1.0 10.292.0.0.0.0.0.0.4.0.1.0 11.291.0.0.0.0.0.0.5.0.1.0	|message|Time's up! Going to tiebreaker...~|-message|A: 6 Pokemon left; B: 6 Pokemon left~|-message|A: 100% total HP left; B: 100% total HP left~|-message|A: 1979 total HP left; B: 1590 total HP left~|~|win|A	0:0:6,6
15	61654,15128,58831,33847	|braviary||levitate|playrough,aquacutter|Serious||M|||100|,,,,,Electric]|braviary||levitate|playrough,aquacutter|Serious||M|||100|,,,,,Electric]|golurk||shellarmor|volttackle,nuzzle,firefang,poisonjab|Serious|||||100|,,,,,Steel]|farigiraf||earlybird|springtidestorm,scald|Serious||M|||88|,,,,,Fire]|braviary||levitate|playrough,aquacutter|Serious||M|||100|,,,,,Electric]|glalie||dancer|headlongrush,dragonpulse|Serious|||||100|,,,,,Fairy	|kommoo||terashell|iceshard,dragonpulse,seedbomb,volttackle|Serious|||||50|,,,,,Fairy]|taurospaldeablaze||corrosion|moongeistbeam,meteormash|Serious|||||100|,,,,,Fire]|clawitzer||terashell|blueflare,armorcannon,shadowball|Serious|||||100|,,,,,Stellar]|clawitzer||terashell|blueflare,armorcannon,shadowball|Serious|||||100|,,,,,Stellar]|krookodile||earlybird|focusblast,fierywrath,charm|Serious|||||88|,,,,,Water]|taurospaldeablaze||corrosion|moongeistbeam,meteormash|Serious|||||100|,,,,,Fire	fraction 0 0.5;fraction 1 0.25;tiebreak	-,-,true	36143,21048,30525,29247	rs=- ended=1 winner=A turn=0 mid=1 left=6,6 fl=0,0 active=0,1,6,7 party=0,1,2,3,4,5;6,7,8,9,10,11 speeds=196,196,146,137,196,196,105,236,154,154,194,236 orders=0.0,1.0,0.0,0.0,0.0,0.0,2.0,3.0,0.0,0.0,0.0,0.0 so=3,2,0,1 mons=0.170.0.0.1.0.0.0.0.0.1.0 1.170.0.0.1.0.0.0.1.0.1.0 2.159.0.0.0.0.0.0.2.0.1.0 3.168.0.0.0.0.0.0.3.0.1.0 4.170.0.0.0.0.0.0.4.0.1.0 5.150.0.0.0.0.0.0.5.0.1.0 6.37.0.0.1.0.0.0.0.0.1.0 7.72.0.0.1.0.0.0.1.0.1.0 8.70.0.0.0.0.0.0.2.0.1.0 9.70.0.0.0.0.0.0.3.0.1.0 10.73.0.0.0.0.0.0.4.0.1.0 11.72.0.0.0.0.0.0.5.0.1.0	|message|Time's up! Going to tiebreaker...~|-message|A: 6 Pokemon left; B: 6 Pokemon left~|-message|A: 50% total HP left; B: 25% total HP left~|~|win|A	0:0:6,6
16	61654,15128,58831,33847	|braviary||levitate|playrough,aquacutter|Serious||M|||100|,,,,,Electric]|braviary||levitate|playrough,aquacutter|Serious||M|||100|,,,,,Electric]|golurk||shellarmor|volttackle,nuzzle,firefang,poisonjab|Serious|||||100|,,,,,Steel]|farigiraf||earlybird|springtidestorm,scald|Serious||M|||88|,,,,,Fire]|braviary||levitate|playrough,aquacutter|Serious||M|||100|,,,,,Electric]|glalie||dancer|headlongrush,dragonpulse|Serious|||||100|,,,,,Fairy	|kommoo||terashell|iceshard,dragonpulse,seedbomb,volttackle|Serious|||||50|,,,,,Fairy]|taurospaldeablaze||corrosion|moongeistbeam,meteormash|Serious|||||100|,,,,,Fire]|clawitzer||terashell|blueflare,armorcannon,shadowball|Serious|||||100|,,,,,Stellar]|clawitzer||terashell|blueflare,armorcannon,shadowball|Serious|||||100|,,,,,Stellar]|krookodile||earlybird|focusblast,fierywrath,charm|Serious|||||88|,,,,,Water]|taurospaldeablaze||corrosion|moongeistbeam,meteormash|Serious|||||100|,,,,,Fire	faint 0;messages 0 0 0;tiebreak	-,false,true	36143,21048,30525,29247	rs=- ended=1 winner=B turn=0 mid=1 left=5,6 fl=1,0 active=0,1,6,7 party=0,1,2,3,4,5;6,7,8,9,10,11 speeds=196,196,146,137,196,196,105,236,154,154,194,236 orders=0.0,1.0,0.0,0.0,0.0,0.0,2.0,3.0,0.0,0.0,0.0,0.0 so=3,2,0,1 mons=0.0.1.1.0.0.0.0.0.0.1.0 1.341.0.0.1.0.0.0.1.0.1.0 2.319.0.0.0.0.0.0.2.0.1.0 3.336.0.0.0.0.0.0.3.0.1.0 4.341.0.0.0.0.0.0.4.0.1.0 5.301.0.0.0.0.0.0.5.0.1.0 6.150.0.0.1.0.0.0.0.0.1.0 7.291.0.0.1.0.0.0.1.0.1.0 8.283.0.0.0.0.0.0.2.0.1.0 9.283.0.0.0.0.0.0.3.0.1.0 10.292.0.0.0.0.0.0.4.0.1.0 11.291.0.0.0.0.0.0.5.0.1.0	|faint|p1a: Braviary~|message|Time's up! Going to tiebreaker...~|-message|A: 5 Pokemon left; B: 6 Pokemon left~|~|win|B	1:0:5,6
17	61654,15128,58831,33847	|braviary||levitate|playrough,aquacutter|Serious||M|||100|,,,,,Electric]|braviary||levitate|playrough,aquacutter|Serious||M|||100|,,,,,Electric]|golurk||shellarmor|volttackle,nuzzle,firefang,poisonjab|Serious|||||100|,,,,,Steel]|farigiraf||earlybird|springtidestorm,scald|Serious||M|||88|,,,,,Fire]|braviary||levitate|playrough,aquacutter|Serious||M|||100|,,,,,Electric]|glalie||dancer|headlongrush,dragonpulse|Serious|||||100|,,,,,Fairy	|kommoo||terashell|iceshard,dragonpulse,seedbomb,volttackle|Serious|||||50|,,,,,Fairy]|taurospaldeablaze||corrosion|moongeistbeam,meteormash|Serious|||||100|,,,,,Fire]|clawitzer||terashell|blueflare,armorcannon,shadowball|Serious|||||100|,,,,,Stellar]|clawitzer||terashell|blueflare,armorcannon,shadowball|Serious|||||100|,,,,,Stellar]|krookodile||earlybird|focusblast,fierywrath,charm|Serious|||||88|,,,,,Water]|taurospaldeablaze||corrosion|moongeistbeam,meteormash|Serious|||||100|,,,,,Fire	left 0;left 1;messages 0 1 1	-,-,true	36143,21048,30525,29247	rs=- ended=1 winner=- turn=0 mid=1 left=0,0 fl=0,0 active=0,1,6,7 party=0,1,2,3,4,5;6,7,8,9,10,11 speeds=196,196,146,137,196,196,105,236,154,154,194,236 orders=0.0,1.0,0.0,0.0,0.0,0.0,2.0,3.0,0.0,0.0,0.0,0.0 so=3,2,0,1 mons=0.341.0.0.1.0.0.0.0.0.1.0 1.341.0.0.1.0.0.0.1.0.1.0 2.319.0.0.0.0.0.0.2.0.1.0 3.336.0.0.0.0.0.0.3.0.1.0 4.341.0.0.0.0.0.0.4.0.1.0 5.301.0.0.0.0.0.0.5.0.1.0 6.150.0.0.1.0.0.0.0.0.1.0 7.291.0.0.1.0.0.0.1.0.1.0 8.283.0.0.0.0.0.0.2.0.1.0 9.283.0.0.0.0.0.0.3.0.1.0 10.292.0.0.0.0.0.0.4.0.1.0 11.291.0.0.0.0.0.0.5.0.1.0	|~|tie	-:0:0,0
18	61654,15128,58831,33847	|braviary||levitate|playrough,aquacutter|Serious||M|||100|,,,,,Electric]|braviary||levitate|playrough,aquacutter|Serious||M|||100|,,,,,Electric]|golurk||shellarmor|volttackle,nuzzle,firefang,poisonjab|Serious|||||100|,,,,,Steel]|farigiraf||earlybird|springtidestorm,scald|Serious||M|||88|,,,,,Fire]|braviary||levitate|playrough,aquacutter|Serious||M|||100|,,,,,Electric]|glalie||dancer|headlongrush,dragonpulse|Serious|||||100|,,,,,Fairy	|kommoo||terashell|iceshard,dragonpulse,seedbomb,volttackle|Serious|||||50|,,,,,Fairy]|taurospaldeablaze||corrosion|moongeistbeam,meteormash|Serious|||||100|,,,,,Fire]|clawitzer||terashell|blueflare,armorcannon,shadowball|Serious|||||100|,,,,,Stellar]|clawitzer||terashell|blueflare,armorcannon,shadowball|Serious|||||100|,,,,,Stellar]|krookodile||earlybird|focusblast,fierywrath,charm|Serious|||||88|,,,,,Water]|taurospaldeablaze||corrosion|moongeistbeam,meteormash|Serious|||||100|,,,,,Fire	limit 100	false	36143,21048,30525,29247	rs=- ended=0 winner=- turn=100 mid=1 left=6,6 fl=0,0 active=0,1,6,7 party=0,1,2,3,4,5;6,7,8,9,10,11 speeds=196,196,146,137,196,196,105,236,154,154,194,236 orders=0.0,1.0,0.0,0.0,0.0,0.0,2.0,3.0,0.0,0.0,0.0,0.0 so=3,2,0,1 mons=0.341.0.0.1.0.0.0.0.0.1.0 1.341.0.0.1.0.0.0.1.0.1.0 2.319.0.0.0.0.0.0.2.0.1.0 3.336.0.0.0.0.0.0.3.0.1.0 4.341.0.0.0.0.0.0.4.0.1.0 5.301.0.0.0.0.0.0.5.0.1.0 6.150.0.0.1.0.0.0.0.0.1.0 7.291.0.0.1.0.0.0.1.0.1.0 8.283.0.0.0.0.0.0.2.0.1.0 9.283.0.0.0.0.0.0.3.0.1.0 10.292.0.0.0.0.0.0.4.0.1.0 11.291.0.0.0.0.0.0.5.0.1.0		-
19	61654,15128,58831,33847	|braviary||levitate|playrough,aquacutter|Serious||M|||100|,,,,,Electric]|braviary||levitate|playrough,aquacutter|Serious||M|||100|,,,,,Electric]|golurk||shellarmor|volttackle,nuzzle,firefang,poisonjab|Serious|||||100|,,,,,Steel]|farigiraf||earlybird|springtidestorm,scald|Serious||M|||88|,,,,,Fire]|braviary||levitate|playrough,aquacutter|Serious||M|||100|,,,,,Electric]|glalie||dancer|headlongrush,dragonpulse|Serious|||||100|,,,,,Fairy	|kommoo||terashell|iceshard,dragonpulse,seedbomb,volttackle|Serious|||||50|,,,,,Fairy]|taurospaldeablaze||corrosion|moongeistbeam,meteormash|Serious|||||100|,,,,,Fire]|clawitzer||terashell|blueflare,armorcannon,shadowball|Serious|||||100|,,,,,Stellar]|clawitzer||terashell|blueflare,armorcannon,shadowball|Serious|||||100|,,,,,Stellar]|krookodile||earlybird|focusblast,fierywrath,charm|Serious|||||88|,,,,,Water]|taurospaldeablaze||corrosion|moongeistbeam,meteormash|Serious|||||100|,,,,,Fire	limit 101	false	36143,21048,30525,29247	rs=- ended=0 winner=- turn=101 mid=1 left=6,6 fl=0,0 active=0,1,6,7 party=0,1,2,3,4,5;6,7,8,9,10,11 speeds=196,196,146,137,196,196,105,236,154,154,194,236 orders=0.0,1.0,0.0,0.0,0.0,0.0,2.0,3.0,0.0,0.0,0.0,0.0 so=3,2,0,1 mons=0.341.0.0.1.0.0.0.0.0.1.0 1.341.0.0.1.0.0.0.1.0.1.0 2.319.0.0.0.0.0.0.2.0.1.0 3.336.0.0.0.0.0.0.3.0.1.0 4.341.0.0.0.0.0.0.4.0.1.0 5.301.0.0.0.0.0.0.5.0.1.0 6.150.0.0.1.0.0.0.0.0.1.0 7.291.0.0.1.0.0.0.1.0.1.0 8.283.0.0.0.0.0.0.2.0.1.0 9.283.0.0.0.0.0.0.3.0.1.0 10.292.0.0.0.0.0.0.4.0.1.0 11.291.0.0.0.0.0.0.5.0.1.0		-
20	61654,15128,58831,33847	|braviary||levitate|playrough,aquacutter|Serious||M|||100|,,,,,Electric]|braviary||levitate|playrough,aquacutter|Serious||M|||100|,,,,,Electric]|golurk||shellarmor|volttackle,nuzzle,firefang,poisonjab|Serious|||||100|,,,,,Steel]|farigiraf||earlybird|springtidestorm,scald|Serious||M|||88|,,,,,Fire]|braviary||levitate|playrough,aquacutter|Serious||M|||100|,,,,,Electric]|glalie||dancer|headlongrush,dragonpulse|Serious|||||100|,,,,,Fairy	|kommoo||terashell|iceshard,dragonpulse,seedbomb,volttackle|Serious|||||50|,,,,,Fairy]|taurospaldeablaze||corrosion|moongeistbeam,meteormash|Serious|||||100|,,,,,Fire]|clawitzer||terashell|blueflare,armorcannon,shadowball|Serious|||||100|,,,,,Stellar]|clawitzer||terashell|blueflare,armorcannon,shadowball|Serious|||||100|,,,,,Stellar]|krookodile||earlybird|focusblast,fierywrath,charm|Serious|||||88|,,,,,Water]|taurospaldeablaze||corrosion|moongeistbeam,meteormash|Serious|||||100|,,,,,Fire	limit 499	false	36143,21048,30525,29247	rs=- ended=0 winner=- turn=499 mid=1 left=6,6 fl=0,0 active=0,1,6,7 party=0,1,2,3,4,5;6,7,8,9,10,11 speeds=196,196,146,137,196,196,105,236,154,154,194,236 orders=0.0,1.0,0.0,0.0,0.0,0.0,2.0,3.0,0.0,0.0,0.0,0.0 so=3,2,0,1 mons=0.341.0.0.1.0.0.0.0.0.1.0 1.341.0.0.1.0.0.0.1.0.1.0 2.319.0.0.0.0.0.0.2.0.1.0 3.336.0.0.0.0.0.0.3.0.1.0 4.341.0.0.0.0.0.0.4.0.1.0 5.301.0.0.0.0.0.0.5.0.1.0 6.150.0.0.1.0.0.0.0.0.1.0 7.291.0.0.1.0.0.0.1.0.1.0 8.283.0.0.0.0.0.0.2.0.1.0 9.283.0.0.0.0.0.0.3.0.1.0 10.292.0.0.0.0.0.0.4.0.1.0 11.291.0.0.0.0.0.0.5.0.1.0		-
21	61654,15128,58831,33847	|braviary||levitate|playrough,aquacutter|Serious||M|||100|,,,,,Electric]|braviary||levitate|playrough,aquacutter|Serious||M|||100|,,,,,Electric]|golurk||shellarmor|volttackle,nuzzle,firefang,poisonjab|Serious|||||100|,,,,,Steel]|farigiraf||earlybird|springtidestorm,scald|Serious||M|||88|,,,,,Fire]|braviary||levitate|playrough,aquacutter|Serious||M|||100|,,,,,Electric]|glalie||dancer|headlongrush,dragonpulse|Serious|||||100|,,,,,Fairy	|kommoo||terashell|iceshard,dragonpulse,seedbomb,volttackle|Serious|||||50|,,,,,Fairy]|taurospaldeablaze||corrosion|moongeistbeam,meteormash|Serious|||||100|,,,,,Fire]|clawitzer||terashell|blueflare,armorcannon,shadowball|Serious|||||100|,,,,,Stellar]|clawitzer||terashell|blueflare,armorcannon,shadowball|Serious|||||100|,,,,,Stellar]|krookodile||earlybird|focusblast,fierywrath,charm|Serious|||||88|,,,,,Water]|taurospaldeablaze||corrosion|moongeistbeam,meteormash|Serious|||||100|,,,,,Fire	limit 500	false	36143,21048,30525,29247	rs=- ended=0 winner=- turn=500 mid=1 left=6,6 fl=0,0 active=0,1,6,7 party=0,1,2,3,4,5;6,7,8,9,10,11 speeds=196,196,146,137,196,196,105,236,154,154,194,236 orders=0.0,1.0,0.0,0.0,0.0,0.0,2.0,3.0,0.0,0.0,0.0,0.0 so=3,2,0,1 mons=0.341.0.0.1.0.0.0.0.0.1.0 1.341.0.0.1.0.0.0.1.0.1.0 2.319.0.0.0.0.0.0.2.0.1.0 3.336.0.0.0.0.0.0.3.0.1.0 4.341.0.0.0.0.0.0.4.0.1.0 5.301.0.0.0.0.0.0.5.0.1.0 6.150.0.0.1.0.0.0.0.0.1.0 7.291.0.0.1.0.0.0.1.0.1.0 8.283.0.0.0.0.0.0.2.0.1.0 9.283.0.0.0.0.0.0.3.0.1.0 10.292.0.0.0.0.0.0.4.0.1.0 11.291.0.0.0.0.0.0.5.0.1.0	|bigerror|You will auto-tie if the battle doesn't end in 500 turns (on turn 1000).	-
22	61654,15128,58831,33847	|braviary||levitate|playrough,aquacutter|Serious||M|||100|,,,,,Electric]|braviary||levitate|playrough,aquacutter|Serious||M|||100|,,,,,Electric]|golurk||shellarmor|volttackle,nuzzle,firefang,poisonjab|Serious|||||100|,,,,,Steel]|farigiraf||earlybird|springtidestorm,scald|Serious||M|||88|,,,,,Fire]|braviary||levitate|playrough,aquacutter|Serious||M|||100|,,,,,Electric]|glalie||dancer|headlongrush,dragonpulse|Serious|||||100|,,,,,Fairy	|kommoo||terashell|iceshard,dragonpulse,seedbomb,volttackle|Serious|||||50|,,,,,Fairy]|taurospaldeablaze||corrosion|moongeistbeam,meteormash|Serious|||||100|,,,,,Fire]|clawitzer||terashell|blueflare,armorcannon,shadowball|Serious|||||100|,,,,,Stellar]|clawitzer||terashell|blueflare,armorcannon,shadowball|Serious|||||100|,,,,,Stellar]|krookodile||earlybird|focusblast,fierywrath,charm|Serious|||||88|,,,,,Water]|taurospaldeablaze||corrosion|moongeistbeam,meteormash|Serious|||||100|,,,,,Fire	limit 899	false	36143,21048,30525,29247	rs=- ended=0 winner=- turn=899 mid=1 left=6,6 fl=0,0 active=0,1,6,7 party=0,1,2,3,4,5;6,7,8,9,10,11 speeds=196,196,146,137,196,196,105,236,154,154,194,236 orders=0.0,1.0,0.0,0.0,0.0,0.0,2.0,3.0,0.0,0.0,0.0,0.0 so=3,2,0,1 mons=0.341.0.0.1.0.0.0.0.0.1.0 1.341.0.0.1.0.0.0.1.0.1.0 2.319.0.0.0.0.0.0.2.0.1.0 3.336.0.0.0.0.0.0.3.0.1.0 4.341.0.0.0.0.0.0.4.0.1.0 5.301.0.0.0.0.0.0.5.0.1.0 6.150.0.0.1.0.0.0.0.0.1.0 7.291.0.0.1.0.0.0.1.0.1.0 8.283.0.0.0.0.0.0.2.0.1.0 9.283.0.0.0.0.0.0.3.0.1.0 10.292.0.0.0.0.0.0.4.0.1.0 11.291.0.0.0.0.0.0.5.0.1.0		-
23	61654,15128,58831,33847	|braviary||levitate|playrough,aquacutter|Serious||M|||100|,,,,,Electric]|braviary||levitate|playrough,aquacutter|Serious||M|||100|,,,,,Electric]|golurk||shellarmor|volttackle,nuzzle,firefang,poisonjab|Serious|||||100|,,,,,Steel]|farigiraf||earlybird|springtidestorm,scald|Serious||M|||88|,,,,,Fire]|braviary||levitate|playrough,aquacutter|Serious||M|||100|,,,,,Electric]|glalie||dancer|headlongrush,dragonpulse|Serious|||||100|,,,,,Fairy	|kommoo||terashell|iceshard,dragonpulse,seedbomb,volttackle|Serious|||||50|,,,,,Fairy]|taurospaldeablaze||corrosion|moongeistbeam,meteormash|Serious|||||100|,,,,,Fire]|clawitzer||terashell|blueflare,armorcannon,shadowball|Serious|||||100|,,,,,Stellar]|clawitzer||terashell|blueflare,armorcannon,shadowball|Serious|||||100|,,,,,Stellar]|krookodile||earlybird|focusblast,fierywrath,charm|Serious|||||88|,,,,,Water]|taurospaldeablaze||corrosion|moongeistbeam,meteormash|Serious|||||100|,,,,,Fire	limit 900	false	36143,21048,30525,29247	rs=- ended=0 winner=- turn=900 mid=1 left=6,6 fl=0,0 active=0,1,6,7 party=0,1,2,3,4,5;6,7,8,9,10,11 speeds=196,196,146,137,196,196,105,236,154,154,194,236 orders=0.0,1.0,0.0,0.0,0.0,0.0,2.0,3.0,0.0,0.0,0.0,0.0 so=3,2,0,1 mons=0.341.0.0.1.0.0.0.0.0.1.0 1.341.0.0.1.0.0.0.1.0.1.0 2.319.0.0.0.0.0.0.2.0.1.0 3.336.0.0.0.0.0.0.3.0.1.0 4.341.0.0.0.0.0.0.4.0.1.0 5.301.0.0.0.0.0.0.5.0.1.0 6.150.0.0.1.0.0.0.0.0.1.0 7.291.0.0.1.0.0.0.1.0.1.0 8.283.0.0.0.0.0.0.2.0.1.0 9.283.0.0.0.0.0.0.3.0.1.0 10.292.0.0.0.0.0.0.4.0.1.0 11.291.0.0.0.0.0.0.5.0.1.0	|bigerror|You will auto-tie if the battle doesn't end in 100 turns (on turn 1000).	-
24	61654,15128,58831,33847	|braviary||levitate|playrough,aquacutter|Serious||M|||100|,,,,,Electric]|braviary||levitate|playrough,aquacutter|Serious||M|||100|,,,,,Electric]|golurk||shellarmor|volttackle,nuzzle,firefang,poisonjab|Serious|||||100|,,,,,Steel]|farigiraf||earlybird|springtidestorm,scald|Serious||M|||88|,,,,,Fire]|braviary||levitate|playrough,aquacutter|Serious||M|||100|,,,,,Electric]|glalie||dancer|headlongrush,dragonpulse|Serious|||||100|,,,,,Fairy	|kommoo||terashell|iceshard,dragonpulse,seedbomb,volttackle|Serious|||||50|,,,,,Fairy]|taurospaldeablaze||corrosion|moongeistbeam,meteormash|Serious|||||100|,,,,,Fire]|clawitzer||terashell|blueflare,armorcannon,shadowball|Serious|||||100|,,,,,Stellar]|clawitzer||terashell|blueflare,armorcannon,shadowball|Serious|||||100|,,,,,Stellar]|krookodile||earlybird|focusblast,fierywrath,charm|Serious|||||88|,,,,,Water]|taurospaldeablaze||corrosion|moongeistbeam,meteormash|Serious|||||100|,,,,,Fire	limit 989	false	36143,21048,30525,29247	rs=- ended=0 winner=- turn=989 mid=1 left=6,6 fl=0,0 active=0,1,6,7 party=0,1,2,3,4,5;6,7,8,9,10,11 speeds=196,196,146,137,196,196,105,236,154,154,194,236 orders=0.0,1.0,0.0,0.0,0.0,0.0,2.0,3.0,0.0,0.0,0.0,0.0 so=3,2,0,1 mons=0.341.0.0.1.0.0.0.0.0.1.0 1.341.0.0.1.0.0.0.1.0.1.0 2.319.0.0.0.0.0.0.2.0.1.0 3.336.0.0.0.0.0.0.3.0.1.0 4.341.0.0.0.0.0.0.4.0.1.0 5.301.0.0.0.0.0.0.5.0.1.0 6.150.0.0.1.0.0.0.0.0.1.0 7.291.0.0.1.0.0.0.1.0.1.0 8.283.0.0.0.0.0.0.2.0.1.0 9.283.0.0.0.0.0.0.3.0.1.0 10.292.0.0.0.0.0.0.4.0.1.0 11.291.0.0.0.0.0.0.5.0.1.0		-
25	61654,15128,58831,33847	|braviary||levitate|playrough,aquacutter|Serious||M|||100|,,,,,Electric]|braviary||levitate|playrough,aquacutter|Serious||M|||100|,,,,,Electric]|golurk||shellarmor|volttackle,nuzzle,firefang,poisonjab|Serious|||||100|,,,,,Steel]|farigiraf||earlybird|springtidestorm,scald|Serious||M|||88|,,,,,Fire]|braviary||levitate|playrough,aquacutter|Serious||M|||100|,,,,,Electric]|glalie||dancer|headlongrush,dragonpulse|Serious|||||100|,,,,,Fairy	|kommoo||terashell|iceshard,dragonpulse,seedbomb,volttackle|Serious|||||50|,,,,,Fairy]|taurospaldeablaze||corrosion|moongeistbeam,meteormash|Serious|||||100|,,,,,Fire]|clawitzer||terashell|blueflare,armorcannon,shadowball|Serious|||||100|,,,,,Stellar]|clawitzer||terashell|blueflare,armorcannon,shadowball|Serious|||||100|,,,,,Stellar]|krookodile||earlybird|focusblast,fierywrath,charm|Serious|||||88|,,,,,Water]|taurospaldeablaze||corrosion|moongeistbeam,meteormash|Serious|||||100|,,,,,Fire	limit 990	false	36143,21048,30525,29247	rs=- ended=0 winner=- turn=990 mid=1 left=6,6 fl=0,0 active=0,1,6,7 party=0,1,2,3,4,5;6,7,8,9,10,11 speeds=196,196,146,137,196,196,105,236,154,154,194,236 orders=0.0,1.0,0.0,0.0,0.0,0.0,2.0,3.0,0.0,0.0,0.0,0.0 so=3,2,0,1 mons=0.341.0.0.1.0.0.0.0.0.1.0 1.341.0.0.1.0.0.0.1.0.1.0 2.319.0.0.0.0.0.0.2.0.1.0 3.336.0.0.0.0.0.0.3.0.1.0 4.341.0.0.0.0.0.0.4.0.1.0 5.301.0.0.0.0.0.0.5.0.1.0 6.150.0.0.1.0.0.0.0.0.1.0 7.291.0.0.1.0.0.0.1.0.1.0 8.283.0.0.0.0.0.0.2.0.1.0 9.283.0.0.0.0.0.0.3.0.1.0 10.292.0.0.0.0.0.0.4.0.1.0 11.291.0.0.0.0.0.0.5.0.1.0	|bigerror|You will auto-tie if the battle doesn't end in 10 turns (on turn 1000).	-
26	61654,15128,58831,33847	|braviary||levitate|playrough,aquacutter|Serious||M|||100|,,,,,Electric]|braviary||levitate|playrough,aquacutter|Serious||M|||100|,,,,,Electric]|golurk||shellarmor|volttackle,nuzzle,firefang,poisonjab|Serious|||||100|,,,,,Steel]|farigiraf||earlybird|springtidestorm,scald|Serious||M|||88|,,,,,Fire]|braviary||levitate|playrough,aquacutter|Serious||M|||100|,,,,,Electric]|glalie||dancer|headlongrush,dragonpulse|Serious|||||100|,,,,,Fairy	|kommoo||terashell|iceshard,dragonpulse,seedbomb,volttackle|Serious|||||50|,,,,,Fairy]|taurospaldeablaze||corrosion|moongeistbeam,meteormash|Serious|||||100|,,,,,Fire]|clawitzer||terashell|blueflare,armorcannon,shadowball|Serious|||||100|,,,,,Stellar]|clawitzer||terashell|blueflare,armorcannon,shadowball|Serious|||||100|,,,,,Stellar]|krookodile||earlybird|focusblast,fierywrath,charm|Serious|||||88|,,,,,Water]|taurospaldeablaze||corrosion|moongeistbeam,meteormash|Serious|||||100|,,,,,Fire	limit 999	false	36143,21048,30525,29247	rs=- ended=0 winner=- turn=999 mid=1 left=6,6 fl=0,0 active=0,1,6,7 party=0,1,2,3,4,5;6,7,8,9,10,11 speeds=196,196,146,137,196,196,105,236,154,154,194,236 orders=0.0,1.0,0.0,0.0,0.0,0.0,2.0,3.0,0.0,0.0,0.0,0.0 so=3,2,0,1 mons=0.341.0.0.1.0.0.0.0.0.1.0 1.341.0.0.1.0.0.0.1.0.1.0 2.319.0.0.0.0.0.0.2.0.1.0 3.336.0.0.0.0.0.0.3.0.1.0 4.341.0.0.0.0.0.0.4.0.1.0 5.301.0.0.0.0.0.0.5.0.1.0 6.150.0.0.1.0.0.0.0.0.1.0 7.291.0.0.1.0.0.0.1.0.1.0 8.283.0.0.0.0.0.0.2.0.1.0 9.283.0.0.0.0.0.0.3.0.1.0 10.292.0.0.0.0.0.0.4.0.1.0 11.291.0.0.0.0.0.0.5.0.1.0	|bigerror|You will auto-tie if the battle doesn't end in 1 turn (on turn 1000).	-
27	61654,15128,58831,33847	|braviary||levitate|playrough,aquacutter|Serious||M|||100|,,,,,Electric]|braviary||levitate|playrough,aquacutter|Serious||M|||100|,,,,,Electric]|golurk||shellarmor|volttackle,nuzzle,firefang,poisonjab|Serious|||||100|,,,,,Steel]|farigiraf||earlybird|springtidestorm,scald|Serious||M|||88|,,,,,Fire]|braviary||levitate|playrough,aquacutter|Serious||M|||100|,,,,,Electric]|glalie||dancer|headlongrush,dragonpulse|Serious|||||100|,,,,,Fairy	|kommoo||terashell|iceshard,dragonpulse,seedbomb,volttackle|Serious|||||50|,,,,,Fairy]|taurospaldeablaze||corrosion|moongeistbeam,meteormash|Serious|||||100|,,,,,Fire]|clawitzer||terashell|blueflare,armorcannon,shadowball|Serious|||||100|,,,,,Stellar]|clawitzer||terashell|blueflare,armorcannon,shadowball|Serious|||||100|,,,,,Stellar]|krookodile||earlybird|focusblast,fierywrath,charm|Serious|||||88|,,,,,Water]|taurospaldeablaze||corrosion|moongeistbeam,meteormash|Serious|||||100|,,,,,Fire	limit 1000	false	36143,21048,30525,29247	rs=- ended=0 winner=- turn=1000 mid=1 left=6,6 fl=0,0 active=0,1,6,7 party=0,1,2,3,4,5;6,7,8,9,10,11 speeds=196,196,146,137,196,196,105,236,154,154,194,236 orders=0.0,1.0,0.0,0.0,0.0,0.0,2.0,3.0,0.0,0.0,0.0,0.0 so=3,2,0,1 mons=0.341.0.0.1.0.0.0.0.0.1.0 1.341.0.0.1.0.0.0.1.0.1.0 2.319.0.0.0.0.0.0.2.0.1.0 3.336.0.0.0.0.0.0.3.0.1.0 4.341.0.0.0.0.0.0.4.0.1.0 5.301.0.0.0.0.0.0.5.0.1.0 6.150.0.0.1.0.0.0.0.0.1.0 7.291.0.0.1.0.0.0.1.0.1.0 8.283.0.0.0.0.0.0.2.0.1.0 9.283.0.0.0.0.0.0.3.0.1.0 10.292.0.0.0.0.0.0.4.0.1.0 11.291.0.0.0.0.0.0.5.0.1.0	|bigerror|You will auto-tie if the battle doesn't end in 0 turns (on turn 1000).	-
28	61654,15128,58831,33847	|braviary||levitate|playrough,aquacutter|Serious||M|||100|,,,,,Electric]|braviary||levitate|playrough,aquacutter|Serious||M|||100|,,,,,Electric]|golurk||shellarmor|volttackle,nuzzle,firefang,poisonjab|Serious|||||100|,,,,,Steel]|farigiraf||earlybird|springtidestorm,scald|Serious||M|||88|,,,,,Fire]|braviary||levitate|playrough,aquacutter|Serious||M|||100|,,,,,Electric]|glalie||dancer|headlongrush,dragonpulse|Serious|||||100|,,,,,Fairy	|kommoo||terashell|iceshard,dragonpulse,seedbomb,volttackle|Serious|||||50|,,,,,Fairy]|taurospaldeablaze||corrosion|moongeistbeam,meteormash|Serious|||||100|,,,,,Fire]|clawitzer||terashell|blueflare,armorcannon,shadowball|Serious|||||100|,,,,,Stellar]|clawitzer||terashell|blueflare,armorcannon,shadowball|Serious|||||100|,,,,,Stellar]|krookodile||earlybird|focusblast,fierywrath,charm|Serious|||||88|,,,,,Water]|taurospaldeablaze||corrosion|moongeistbeam,meteormash|Serious|||||100|,,,,,Fire	limit 1001	true	36143,21048,30525,29247	rs=- ended=1 winner=- turn=1001 mid=1 left=6,6 fl=0,0 active=0,1,6,7 party=0,1,2,3,4,5;6,7,8,9,10,11 speeds=196,196,146,137,196,196,105,236,154,154,194,236 orders=0.0,1.0,0.0,0.0,0.0,0.0,2.0,3.0,0.0,0.0,0.0,0.0 so=3,2,0,1 mons=0.341.0.0.1.0.0.0.0.0.1.0 1.341.0.0.1.0.0.0.1.0.1.0 2.319.0.0.0.0.0.0.2.0.1.0 3.336.0.0.0.0.0.0.3.0.1.0 4.341.0.0.0.0.0.0.4.0.1.0 5.301.0.0.0.0.0.0.5.0.1.0 6.150.0.0.1.0.0.0.0.0.1.0 7.291.0.0.1.0.0.0.1.0.1.0 8.283.0.0.0.0.0.0.2.0.1.0 9.283.0.0.0.0.0.0.3.0.1.0 10.292.0.0.0.0.0.0.4.0.1.0 11.291.0.0.0.0.0.0.5.0.1.0	|message|It is turn 1000. You have hit the turn limit!~|~|tie	-:1001:6,6
29	54253,20295,61951,21823	|lilligant||dancer|astralbarrage,psyshock,dragonrush|Serious|||||100|,,,,,Dragon]|lilligant||dancer|astralbarrage,psyshock,dragonrush|Serious|||||100|,,,,,Dragon]|magnezone||shellarmor|originpulse,diamondstorm,flashcannon,quickattack|Serious||F|||100|,,,,,Electric]|electivire||earlybird|lowsweep,aquacutter,powerwhip|Serious|||||90|,,,,,Dark]|lilligant||dancer|astralbarrage,psyshock,dragonrush|Serious|||||100|,,,,,Dragon]|electivire||earlybird|lowsweep,aquacutter,powerwhip|Serious|||||90|,,,,,Dark	|electivire||earlybird|lowsweep,aquacutter,powerwhip|Serious|||||90|,,,,,Dark]|meowsticf||terashell|malignantchain,tailwind|Serious||F|||100|,,,,,Psychic]|magnezone||shellarmor|originpulse,diamondstorm,flashcannon,quickattack|Serious||F|||100|,,,,,Electric]|yanmega||shellarmor|dragonclaw,moonblast,coaching|Serious||M|||100|,,,,,Bug	wipe 0;messages 0 0 1	-,true	34975,32470,12626,30749	rs=- ended=1 winner=B turn=0 mid=1 left=0,4 fl=6,0 active=0,1,6,7 party=0,1,2,3,4,5;6,7,8,9 speeds=216,216,156,203,216,203,203,244,156,226 orders=0.0,1.0,0.0,0.0,0.0,0.0,2.0,3.0,0.0,0.0 so=3,2,0,1 mons=0.0.1.1.0.0.0.0.0.0.1.0 1.0.1.1.0.0.0.0.1.0.1.0 2.0.1.1.0.0.0.0.2.0.1.0 3.0.1.1.0.0.0.0.3.0.1.0 4.0.1.1.0.0.0.0.4.0.1.0 5.0.1.1.0.0.0.0.5.0.1.0 6.262.0.0.1.0.0.0.0.0.1.0 7.289.0.0.1.0.0.0.1.0.1.0 8.281.0.0.0.0.0.0.2.0.1.0 9.313.0.0.0.0.0.0.3.0.1.0	|faint|p1a: Lilligant~|faint|p1b: Lilligant~|faint|p1: Magnezone~|faint|p1: Electivire~|faint|p1: Lilligant~|faint|p1: Electivire~|~|win|B	1:0:0,4
30	54253,20295,61951,21823	|lilligant||dancer|astralbarrage,psyshock,dragonrush|Serious|||||100|,,,,,Dragon]|lilligant||dancer|astralbarrage,psyshock,dragonrush|Serious|||||100|,,,,,Dragon]|magnezone||shellarmor|originpulse,diamondstorm,flashcannon,quickattack|Serious||F|||100|,,,,,Electric]|electivire||earlybird|lowsweep,aquacutter,powerwhip|Serious|||||90|,,,,,Dark]|lilligant||dancer|astralbarrage,psyshock,dragonrush|Serious|||||100|,,,,,Dragon]|electivire||earlybird|lowsweep,aquacutter,powerwhip|Serious|||||90|,,,,,Dark	|electivire||earlybird|lowsweep,aquacutter,powerwhip|Serious|||||90|,,,,,Dark]|meowsticf||terashell|malignantchain,tailwind|Serious||F|||100|,,,,,Psychic]|magnezone||shellarmor|originpulse,diamondstorm,flashcannon,quickattack|Serious||F|||100|,,,,,Electric]|yanmega||shellarmor|dragonclaw,moonblast,coaching|Serious||M|||100|,,,,,Bug	wipe 1;messages 0 0 1	-,true	34975,32470,12626,30749	rs=- ended=1 winner=A turn=0 mid=1 left=6,0 fl=0,4 active=0,1,6,7 party=0,1,2,3,4,5;6,7,8,9 speeds=216,216,156,203,216,203,203,244,156,226 orders=0.0,1.0,0.0,0.0,0.0,0.0,2.0,3.0,0.0,0.0 so=3,2,0,1 mons=0.281.0.0.1.0.0.0.0.0.1.0 1.281.0.0.1.0.0.0.1.0.1.0 2.281.0.0.0.0.0.0.2.0.1.0 3.262.0.0.0.0.0.0.3.0.1.0 4.281.0.0.0.0.0.0.4.0.1.0 5.262.0.0.0.0.0.0.5.0.1.0 6.0.1.1.0.0.0.0.0.0.1.0 7.0.1.1.0.0.0.0.1.0.1.0 8.0.1.1.0.0.0.0.2.0.1.0 9.0.1.1.0.0.0.0.3.0.1.0	|faint|p2a: Electivire~|faint|p2b: Meowstic~|faint|p2: Magnezone~|faint|p2: Yanmega~|~|win|A	0:0:6,0
31	54253,20295,61951,21823	|lilligant||dancer|astralbarrage,psyshock,dragonrush|Serious|||||100|,,,,,Dragon]|lilligant||dancer|astralbarrage,psyshock,dragonrush|Serious|||||100|,,,,,Dragon]|magnezone||shellarmor|originpulse,diamondstorm,flashcannon,quickattack|Serious||F|||100|,,,,,Electric]|electivire||earlybird|lowsweep,aquacutter,powerwhip|Serious|||||90|,,,,,Dark]|lilligant||dancer|astralbarrage,psyshock,dragonrush|Serious|||||100|,,,,,Dragon]|electivire||earlybird|lowsweep,aquacutter,powerwhip|Serious|||||90|,,,,,Dark	|electivire||earlybird|lowsweep,aquacutter,powerwhip|Serious|||||90|,,,,,Dark]|meowsticf||terashell|malignantchain,tailwind|Serious||F|||100|,,,,,Psychic]|magnezone||shellarmor|originpulse,diamondstorm,flashcannon,quickattack|Serious||F|||100|,,,,,Electric]|yanmega||shellarmor|dragonclaw,moonblast,coaching|Serious||M|||100|,,,,,Bug	wipe 0;wipe 1;messages 0 0 1	-,-,true	34975,32470,12626,30749	rs=- ended=1 winner=B turn=0 mid=1 left=0,0 fl=6,4 active=0,1,6,7 party=0,1,2,3,4,5;6,7,8,9 speeds=216,216,156,203,216,203,203,244,156,226 orders=0.0,1.0,0.0,0.0,0.0,0.0,2.0,3.0,0.0,0.0 so=3,2,0,1 mons=0.0.1.1.0.0.0.0.0.0.1.0 1.0.1.1.0.0.0.0.1.0.1.0 2.0.1.1.0.0.0.0.2.0.1.0 3.0.1.1.0.0.0.0.3.0.1.0 4.0.1.1.0.0.0.0.4.0.1.0 5.0.1.1.0.0.0.0.5.0.1.0 6.0.1.1.0.0.0.0.0.0.1.0 7.0.1.1.0.0.0.0.1.0.1.0 8.0.1.1.0.0.0.0.2.0.1.0 9.0.1.1.0.0.0.0.3.0.1.0	|faint|p1a: Lilligant~|faint|p1b: Lilligant~|faint|p1: Magnezone~|faint|p1: Electivire~|faint|p1: Lilligant~|faint|p1: Electivire~|faint|p2a: Electivire~|faint|p2b: Meowstic~|faint|p2: Magnezone~|faint|p2: Yanmega~|~|win|B	1:0:0,0
32	54253,20295,61951,21823	|lilligant||dancer|astralbarrage,psyshock,dragonrush|Serious|||||100|,,,,,Dragon]|lilligant||dancer|astralbarrage,psyshock,dragonrush|Serious|||||100|,,,,,Dragon]|magnezone||shellarmor|originpulse,diamondstorm,flashcannon,quickattack|Serious||F|||100|,,,,,Electric]|electivire||earlybird|lowsweep,aquacutter,powerwhip|Serious|||||90|,,,,,Dark]|lilligant||dancer|astralbarrage,psyshock,dragonrush|Serious|||||100|,,,,,Dragon]|electivire||earlybird|lowsweep,aquacutter,powerwhip|Serious|||||90|,,,,,Dark	|electivire||earlybird|lowsweep,aquacutter,powerwhip|Serious|||||90|,,,,,Dark]|meowsticf||terashell|malignantchain,tailwind|Serious||F|||100|,,,,,Psychic]|magnezone||shellarmor|originpulse,diamondstorm,flashcannon,quickattack|Serious||F|||100|,,,,,Electric]|yanmega||shellarmor|dragonclaw,moonblast,coaching|Serious||M|||100|,,,,,Bug	wipe 1;wipe 0;messages 0 0 1	-,-,true	34975,32470,12626,30749	rs=- ended=1 winner=A turn=0 mid=1 left=0,0 fl=6,4 active=0,1,6,7 party=0,1,2,3,4,5;6,7,8,9 speeds=216,216,156,203,216,203,203,244,156,226 orders=0.0,1.0,0.0,0.0,0.0,0.0,2.0,3.0,0.0,0.0 so=3,2,0,1 mons=0.0.1.1.0.0.0.0.0.0.1.0 1.0.1.1.0.0.0.0.1.0.1.0 2.0.1.1.0.0.0.0.2.0.1.0 3.0.1.1.0.0.0.0.3.0.1.0 4.0.1.1.0.0.0.0.4.0.1.0 5.0.1.1.0.0.0.0.5.0.1.0 6.0.1.1.0.0.0.0.0.0.1.0 7.0.1.1.0.0.0.0.1.0.1.0 8.0.1.1.0.0.0.0.2.0.1.0 9.0.1.1.0.0.0.0.3.0.1.0	|faint|p2a: Electivire~|faint|p2b: Meowstic~|faint|p2: Magnezone~|faint|p2: Yanmega~|faint|p1a: Lilligant~|faint|p1b: Lilligant~|faint|p1: Magnezone~|faint|p1: Electivire~|faint|p1: Lilligant~|faint|p1: Electivire~|~|win|A	0:0:0,0
33	54253,20295,61951,21823	|lilligant||dancer|astralbarrage,psyshock,dragonrush|Serious|||||100|,,,,,Dragon]|lilligant||dancer|astralbarrage,psyshock,dragonrush|Serious|||||100|,,,,,Dragon]|magnezone||shellarmor|originpulse,diamondstorm,flashcannon,quickattack|Serious||F|||100|,,,,,Electric]|electivire||earlybird|lowsweep,aquacutter,powerwhip|Serious|||||90|,,,,,Dark]|lilligant||dancer|astralbarrage,psyshock,dragonrush|Serious|||||100|,,,,,Dragon]|electivire||earlybird|lowsweep,aquacutter,powerwhip|Serious|||||90|,,,,,Dark	|electivire||earlybird|lowsweep,aquacutter,powerwhip|Serious|||||90|,,,,,Dark]|meowsticf||terashell|malignantchain,tailwind|Serious||F|||100|,,,,,Psychic]|magnezone||shellarmor|originpulse,diamondstorm,flashcannon,quickattack|Serious||F|||100|,,,,,Electric]|yanmega||shellarmor|dragonclaw,moonblast,coaching|Serious||M|||100|,,,,,Bug	wipe 0;wipe 1;messages 1 0 1	-,-,true	34975,32470,12626,30749	rs=- ended=1 winner=B turn=0 mid=1 left=0,0 fl=6,4 active=0,1,6,7 party=0,1,2,3,4,5;6,7,8,9 speeds=216,216,156,203,216,203,203,244,156,226 orders=0.0,1.0,0.0,0.0,0.0,0.0,2.0,3.0,0.0,0.0 so=3,2,0,1 mons=0.0.1.1.0.0.0.0.0.0.1.0 1.0.1.1.0.0.0.0.1.0.1.0 2.0.1.1.0.0.0.0.2.0.1.0 3.0.1.1.0.0.0.0.3.0.1.0 4.0.1.1.0.0.0.0.4.0.1.0 5.0.1.1.0.0.0.0.5.0.1.0 6.0.1.1.0.0.0.0.0.0.1.0 7.0.1.1.0.0.0.0.1.0.1.0 8.0.1.1.0.0.0.0.2.0.1.0 9.0.1.1.0.0.0.0.3.0.1.0	|faint|p2: Yanmega~|faint|p1a: Lilligant~|faint|p1b: Lilligant~|faint|p1: Magnezone~|faint|p1: Electivire~|faint|p1: Lilligant~|faint|p1: Electivire~|faint|p2a: Electivire~|faint|p2b: Meowstic~|faint|p2: Magnezone~|~|win|B	1:0:0,0
34	54253,20295,61951,21823	|lilligant||dancer|astralbarrage,psyshock,dragonrush|Serious|||||100|,,,,,Dragon]|lilligant||dancer|astralbarrage,psyshock,dragonrush|Serious|||||100|,,,,,Dragon]|magnezone||shellarmor|originpulse,diamondstorm,flashcannon,quickattack|Serious||F|||100|,,,,,Electric]|electivire||earlybird|lowsweep,aquacutter,powerwhip|Serious|||||90|,,,,,Dark]|lilligant||dancer|astralbarrage,psyshock,dragonrush|Serious|||||100|,,,,,Dragon]|electivire||earlybird|lowsweep,aquacutter,powerwhip|Serious|||||90|,,,,,Dark	|electivire||earlybird|lowsweep,aquacutter,powerwhip|Serious|||||90|,,,,,Dark]|meowsticf||terashell|malignantchain,tailwind|Serious||F|||100|,,,,,Psychic]|magnezone||shellarmor|originpulse,diamondstorm,flashcannon,quickattack|Serious||F|||100|,,,,,Electric]|yanmega||shellarmor|dragonclaw,moonblast,coaching|Serious||M|||100|,,,,,Bug	wipe 1;wipe 0;messages 1 0 1	-,-,true	34975,32470,12626,30749	rs=- ended=1 winner=A turn=0 mid=1 left=0,0 fl=6,4 active=0,1,6,7 party=0,1,2,3,4,5;6,7,8,9 speeds=216,216,156,203,216,203,203,244,156,226 orders=0.0,1.0,0.0,0.0,0.0,0.0,2.0,3.0,0.0,0.0 so=3,2,0,1 mons=0.0.1.1.0.0.0.0.0.0.1.0 1.0.1.1.0.0.0.0.1.0.1.0 2.0.1.1.0.0.0.0.2.0.1.0 3.0.1.1.0.0.0.0.3.0.1.0 4.0.1.1.0.0.0.0.4.0.1.0 5.0.1.1.0.0.0.0.5.0.1.0 6.0.1.1.0.0.0.0.0.0.1.0 7.0.1.1.0.0.0.0.1.0.1.0 8.0.1.1.0.0.0.0.2.0.1.0 9.0.1.1.0.0.0.0.3.0.1.0	|faint|p1: Electivire~|faint|p2a: Electivire~|faint|p2b: Meowstic~|faint|p2: Magnezone~|faint|p2: Yanmega~|faint|p1a: Lilligant~|faint|p1b: Lilligant~|faint|p1: Magnezone~|faint|p1: Electivire~|faint|p1: Lilligant~|~|win|A	0:0:0,0
35	54253,20295,61951,21823	|lilligant||dancer|astralbarrage,psyshock,dragonrush|Serious|||||100|,,,,,Dragon]|lilligant||dancer|astralbarrage,psyshock,dragonrush|Serious|||||100|,,,,,Dragon]|magnezone||shellarmor|originpulse,diamondstorm,flashcannon,quickattack|Serious||F|||100|,,,,,Electric]|electivire||earlybird|lowsweep,aquacutter,powerwhip|Serious|||||90|,,,,,Dark]|lilligant||dancer|astralbarrage,psyshock,dragonrush|Serious|||||100|,,,,,Dragon]|electivire||earlybird|lowsweep,aquacutter,powerwhip|Serious|||||90|,,,,,Dark	|electivire||earlybird|lowsweep,aquacutter,powerwhip|Serious|||||90|,,,,,Dark]|meowsticf||terashell|malignantchain,tailwind|Serious||F|||100|,,,,,Psychic]|magnezone||shellarmor|originpulse,diamondstorm,flashcannon,quickattack|Serious||F|||100|,,,,,Electric]|yanmega||shellarmor|dragonclaw,moonblast,coaching|Serious||M|||100|,,,,,Bug	wipe 0;wipe 1;messages 0 0 0;messages 0 1 1	-,-,false,true	34975,32470,12626,30749	rs=- ended=1 winner=- turn=0 mid=1 left=0,0 fl=6,4 active=0,1,6,7 party=0,1,2,3,4,5;6,7,8,9 speeds=216,216,156,203,216,203,203,244,156,226 orders=0.0,1.0,0.0,0.0,0.0,0.0,2.0,3.0,0.0,0.0 so=3,2,0,1 mons=0.0.1.1.0.0.0.0.0.0.1.0 1.0.1.1.0.0.0.0.1.0.1.0 2.0.1.1.0.0.0.0.2.0.1.0 3.0.1.1.0.0.0.0.3.0.1.0 4.0.1.1.0.0.0.0.4.0.1.0 5.0.1.1.0.0.0.0.5.0.1.0 6.0.1.1.0.0.0.0.0.0.1.0 7.0.1.1.0.0.0.0.1.0.1.0 8.0.1.1.0.0.0.0.2.0.1.0 9.0.1.1.0.0.0.0.3.0.1.0	|faint|p1a: Lilligant~|faint|p1b: Lilligant~|faint|p1: Magnezone~|faint|p1: Electivire~|faint|p1: Lilligant~|faint|p1: Electivire~|faint|p2a: Electivire~|faint|p2b: Meowstic~|faint|p2: Magnezone~|faint|p2: Yanmega~|~|tie	-:0:0,0
36	54253,20295,61951,21823	|lilligant||dancer|astralbarrage,psyshock,dragonrush|Serious|||||100|,,,,,Dragon]|lilligant||dancer|astralbarrage,psyshock,dragonrush|Serious|||||100|,,,,,Dragon]|magnezone||shellarmor|originpulse,diamondstorm,flashcannon,quickattack|Serious||F|||100|,,,,,Electric]|electivire||earlybird|lowsweep,aquacutter,powerwhip|Serious|||||90|,,,,,Dark]|lilligant||dancer|astralbarrage,psyshock,dragonrush|Serious|||||100|,,,,,Dragon]|electivire||earlybird|lowsweep,aquacutter,powerwhip|Serious|||||90|,,,,,Dark	|electivire||earlybird|lowsweep,aquacutter,powerwhip|Serious|||||90|,,,,,Dark]|meowsticf||terashell|malignantchain,tailwind|Serious||F|||100|,,,,,Psychic]|magnezone||shellarmor|originpulse,diamondstorm,flashcannon,quickattack|Serious||F|||100|,,,,,Electric]|yanmega||shellarmor|dragonclaw,moonblast,coaching|Serious||M|||100|,,,,,Bug	faint 0;messages 0 0 0;checkfainted	-,false,-	34975,32470,12626,30749	rs=- ended=0 winner=- turn=0 mid=1 left=5,4 fl=1,0 active=0,1,6,7 party=0,1,2,3,4,5;6,7,8,9 speeds=216,216,156,203,216,203,203,244,156,226 orders=0.0,1.0,0.0,0.0,0.0,0.0,2.0,3.0,0.0,0.0 so=3,2,0,1 mons=0.0.1.1.0.1.0.1.0.0.1.0 1.281.0.0.1.0.0.0.1.0.1.0 2.281.0.0.0.0.0.0.2.0.1.0 3.262.0.0.0.0.0.0.3.0.1.0 4.281.0.0.0.0.0.0.4.0.1.0 5.262.0.0.0.0.0.0.5.0.1.0 6.262.0.0.1.0.0.0.0.0.1.0 7.289.0.0.1.0.0.0.1.0.1.0 8.281.0.0.0.0.0.0.2.0.1.0 9.313.0.0.0.0.0.0.3.0.1.0	|faint|p1a: Lilligant	-
37	54253,20295,61951,21823	|lilligant||dancer|astralbarrage,psyshock,dragonrush|Serious|||||100|,,,,,Dragon]|lilligant||dancer|astralbarrage,psyshock,dragonrush|Serious|||||100|,,,,,Dragon]|magnezone||shellarmor|originpulse,diamondstorm,flashcannon,quickattack|Serious||F|||100|,,,,,Electric]|electivire||earlybird|lowsweep,aquacutter,powerwhip|Serious|||||90|,,,,,Dark]|lilligant||dancer|astralbarrage,psyshock,dragonrush|Serious|||||100|,,,,,Dragon]|electivire||earlybird|lowsweep,aquacutter,powerwhip|Serious|||||90|,,,,,Dark	|electivire||earlybird|lowsweep,aquacutter,powerwhip|Serious|||||90|,,,,,Dark]|meowsticf||terashell|malignantchain,tailwind|Serious||F|||100|,,,,,Psychic]|magnezone||shellarmor|originpulse,diamondstorm,flashcannon,quickattack|Serious||F|||100|,,,,,Electric]|yanmega||shellarmor|dragonclaw,moonblast,coaching|Serious||M|||100|,,,,,Bug	tera 0;faint 0;messages 0 0 0;checkfainted	-,-,false,-	34975,32470,12626,30749	rs=- ended=0 winner=- turn=0 mid=1 left=5,4 fl=1,0 active=0,1,6,7 party=0,1,2,3,4,5;6,7,8,9 speeds=216,216,156,203,216,203,203,244,156,226 orders=0.0,1.0,0.0,0.0,0.0,0.0,2.0,3.0,0.0,0.0 so=3,2,0,1 mons=0.0.1.1.0.1.0.1.0.0.0.0 1.281.0.0.1.0.0.0.1.0.0.0 2.281.0.0.0.0.0.0.2.0.0.0 3.262.0.0.0.0.0.0.3.0.0.0 4.281.0.0.0.0.0.0.4.0.0.0 5.262.0.0.0.0.0.0.5.0.0.0 6.262.0.0.1.0.0.0.0.0.1.0 7.289.0.0.1.0.0.0.1.0.1.0 8.281.0.0.0.0.0.0.2.0.1.0 9.313.0.0.0.0.0.0.3.0.1.0	|-terastallize|p1a: Lilligant|Dragon~|faint|p1a: Lilligant	-
38	54253,20295,61951,21823	|lilligant||dancer|astralbarrage,psyshock,dragonrush|Serious|||||100|,,,,,Dragon]|lilligant||dancer|astralbarrage,psyshock,dragonrush|Serious|||||100|,,,,,Dragon]|magnezone||shellarmor|originpulse,diamondstorm,flashcannon,quickattack|Serious||F|||100|,,,,,Electric]|electivire||earlybird|lowsweep,aquacutter,powerwhip|Serious|||||90|,,,,,Dark]|lilligant||dancer|astralbarrage,psyshock,dragonrush|Serious|||||100|,,,,,Dragon]|electivire||earlybird|lowsweep,aquacutter,powerwhip|Serious|||||90|,,,,,Dark	|electivire||earlybird|lowsweep,aquacutter,powerwhip|Serious|||||90|,,,,,Dark]|meowsticf||terashell|malignantchain,tailwind|Serious||F|||100|,,,,,Psychic]|magnezone||shellarmor|originpulse,diamondstorm,flashcannon,quickattack|Serious||F|||100|,,,,,Electric]|yanmega||shellarmor|dragonclaw,moonblast,coaching|Serious||M|||100|,,,,,Bug	tera 6;faint 6;messages 0 0 0;checkfainted	-,-,false,-	34975,32470,12626,30749	rs=- ended=0 winner=- turn=0 mid=1 left=6,3 fl=0,1 active=0,1,6,7 party=0,1,2,3,4,5;6,7,8,9 speeds=216,216,156,203,216,203,203,244,156,226 orders=0.0,1.0,0.0,0.0,0.0,0.0,2.0,3.0,0.0,0.0 so=3,2,0,1 mons=0.281.0.0.1.0.0.0.0.0.1.0 1.281.0.0.1.0.0.0.1.0.1.0 2.281.0.0.0.0.0.0.2.0.1.0 3.262.0.0.0.0.0.0.3.0.1.0 4.281.0.0.0.0.0.0.4.0.1.0 5.262.0.0.0.0.0.0.5.0.1.0 6.0.1.1.0.1.0.1.0.0.0.0 7.289.0.0.1.0.0.0.1.0.0.0 8.281.0.0.0.0.0.0.2.0.0.0 9.313.0.0.0.0.0.0.3.0.0.0	|-terastallize|p2a: Electivire|Dark~|faint|p2a: Electivire	-
39	54253,20295,61951,21823	|lilligant||dancer|astralbarrage,psyshock,dragonrush|Serious|||||100|,,,,,Dragon]|lilligant||dancer|astralbarrage,psyshock,dragonrush|Serious|||||100|,,,,,Dragon]|magnezone||shellarmor|originpulse,diamondstorm,flashcannon,quickattack|Serious||F|||100|,,,,,Electric]|electivire||earlybird|lowsweep,aquacutter,powerwhip|Serious|||||90|,,,,,Dark]|lilligant||dancer|astralbarrage,psyshock,dragonrush|Serious|||||100|,,,,,Dragon]|electivire||earlybird|lowsweep,aquacutter,powerwhip|Serious|||||90|,,,,,Dark	|electivire||earlybird|lowsweep,aquacutter,powerwhip|Serious|||||90|,,,,,Dark]|meowsticf||terashell|malignantchain,tailwind|Serious||F|||100|,,,,,Psychic]|magnezone||shellarmor|originpulse,diamondstorm,flashcannon,quickattack|Serious||F|||100|,,,,,Electric]|yanmega||shellarmor|dragonclaw,moonblast,coaching|Serious||M|||100|,,,,,Bug	cap 0;faint 0;messages 0 0 0	-,-,false	34975,32470,12626,30749	rs=- ended=0 winner=- turn=0 mid=1 left=5,4 fl=100,0 active=0,1,6,7 party=0,1,2,3,4,5;6,7,8,9 speeds=216,216,156,203,216,203,203,244,156,226 orders=0.0,1.0,0.0,0.0,0.0,0.0,2.0,3.0,0.0,0.0 so=3,2,0,1 mons=0.0.1.1.0.0.0.0.0.0.1.0 1.281.0.0.1.0.0.0.1.0.1.0 2.281.0.0.0.0.0.0.2.0.1.0 3.262.0.0.0.0.0.0.3.0.1.0 4.281.0.0.0.0.0.0.4.0.1.0 5.262.0.0.0.0.0.0.5.0.1.0 6.262.0.0.1.0.0.0.0.0.1.0 7.289.0.0.1.0.0.0.1.0.1.0 8.281.0.0.0.0.0.0.2.0.1.0 9.313.0.0.0.0.0.0.3.0.1.0	|faint|p1a: Lilligant	-
40	54253,20295,61951,21823	|lilligant||dancer|astralbarrage,psyshock,dragonrush|Serious|||||100|,,,,,Dragon]|lilligant||dancer|astralbarrage,psyshock,dragonrush|Serious|||||100|,,,,,Dragon]|magnezone||shellarmor|originpulse,diamondstorm,flashcannon,quickattack|Serious||F|||100|,,,,,Electric]|electivire||earlybird|lowsweep,aquacutter,powerwhip|Serious|||||90|,,,,,Dark]|lilligant||dancer|astralbarrage,psyshock,dragonrush|Serious|||||100|,,,,,Dragon]|electivire||earlybird|lowsweep,aquacutter,powerwhip|Serious|||||90|,,,,,Dark	|electivire||earlybird|lowsweep,aquacutter,powerwhip|Serious|||||90|,,,,,Dark]|meowsticf||terashell|malignantchain,tailwind|Serious||F|||100|,,,,,Psychic]|magnezone||shellarmor|originpulse,diamondstorm,flashcannon,quickattack|Serious||F|||100|,,,,,Electric]|yanmega||shellarmor|dragonclaw,moonblast,coaching|Serious||M|||100|,,,,,Bug	faint 0;faint 0;messages 0 0 0;messages 0 0 1	-,-,false,false	34975,32470,12626,30749	rs=- ended=0 winner=- turn=0 mid=1 left=5,4 fl=1,0 active=0,1,6,7 party=0,1,2,3,4,5;6,7,8,9 speeds=216,216,156,203,216,203,203,244,156,226 orders=0.0,1.0,0.0,0.0,0.0,0.0,2.0,3.0,0.0,0.0 so=3,2,0,1 mons=0.0.1.1.0.0.0.0.0.0.1.0 1.281.0.0.1.0.0.0.1.0.1.0 2.281.0.0.0.0.0.0.2.0.1.0 3.262.0.0.0.0.0.0.3.0.1.0 4.281.0.0.0.0.0.0.4.0.1.0 5.262.0.0.0.0.0.0.5.0.1.0 6.262.0.0.1.0.0.0.0.0.1.0 7.289.0.0.1.0.0.0.1.0.1.0 8.281.0.0.0.0.0.0.2.0.1.0 9.313.0.0.0.0.0.0.3.0.1.0	|faint|p1a: Lilligant	-
41	54253,20295,61951,21823	|lilligant||dancer|astralbarrage,psyshock,dragonrush|Serious|||||100|,,,,,Dragon]|lilligant||dancer|astralbarrage,psyshock,dragonrush|Serious|||||100|,,,,,Dragon]|magnezone||shellarmor|originpulse,diamondstorm,flashcannon,quickattack|Serious||F|||100|,,,,,Electric]|electivire||earlybird|lowsweep,aquacutter,powerwhip|Serious|||||90|,,,,,Dark]|lilligant||dancer|astralbarrage,psyshock,dragonrush|Serious|||||100|,,,,,Dragon]|electivire||earlybird|lowsweep,aquacutter,powerwhip|Serious|||||90|,,,,,Dark	|electivire||earlybird|lowsweep,aquacutter,powerwhip|Serious|||||90|,,,,,Dark]|meowsticf||terashell|malignantchain,tailwind|Serious||F|||100|,,,,,Psychic]|magnezone||shellarmor|originpulse,diamondstorm,flashcannon,quickattack|Serious||F|||100|,,,,,Electric]|yanmega||shellarmor|dragonclaw,moonblast,coaching|Serious||M|||100|,,,,,Bug	tie;tie;messages 0 1 1	true,false,-	34975,32470,12626,30749	rs=- ended=1 winner=- turn=0 mid=1 left=6,4 fl=0,0 active=0,1,6,7 party=0,1,2,3,4,5;6,7,8,9 speeds=216,216,156,203,216,203,203,244,156,226 orders=0.0,1.0,0.0,0.0,0.0,0.0,2.0,3.0,0.0,0.0 so=3,2,0,1 mons=0.281.0.0.1.0.0.0.0.0.1.0 1.281.0.0.1.0.0.0.1.0.1.0 2.281.0.0.0.0.0.0.2.0.1.0 3.262.0.0.0.0.0.0.3.0.1.0 4.281.0.0.0.0.0.0.4.0.1.0 5.262.0.0.0.0.0.0.5.0.1.0 6.262.0.0.1.0.0.0.0.0.1.0 7.289.0.0.1.0.0.0.1.0.1.0 8.281.0.0.0.0.0.0.2.0.1.0 9.313.0.0.0.0.0.0.3.0.1.0	|~|tie	-:0:6,4
42	54253,20295,61951,21823	|lilligant||dancer|astralbarrage,psyshock,dragonrush|Serious|||||100|,,,,,Dragon]|lilligant||dancer|astralbarrage,psyshock,dragonrush|Serious|||||100|,,,,,Dragon]|magnezone||shellarmor|originpulse,diamondstorm,flashcannon,quickattack|Serious||F|||100|,,,,,Electric]|electivire||earlybird|lowsweep,aquacutter,powerwhip|Serious|||||90|,,,,,Dark]|lilligant||dancer|astralbarrage,psyshock,dragonrush|Serious|||||100|,,,,,Dragon]|electivire||earlybird|lowsweep,aquacutter,powerwhip|Serious|||||90|,,,,,Dark	|electivire||earlybird|lowsweep,aquacutter,powerwhip|Serious|||||90|,,,,,Dark]|meowsticf||terashell|malignantchain,tailwind|Serious||F|||100|,,,,,Psychic]|magnezone||shellarmor|originpulse,diamondstorm,flashcannon,quickattack|Serious||F|||100|,,,,,Electric]|yanmega||shellarmor|dragonclaw,moonblast,coaching|Serious||M|||100|,,,,,Bug	lose 0;lose 1	true,false	34975,32470,12626,30749	rs=- ended=1 winner=B turn=0 mid=1 left=6,4 fl=0,0 active=0,1,6,7 party=0,1,2,3,4,5;6,7,8,9 speeds=216,216,156,203,216,203,203,244,156,226 orders=0.0,1.0,0.0,0.0,0.0,0.0,2.0,3.0,0.0,0.0 so=3,2,0,1 mons=0.281.0.0.1.0.0.0.0.0.1.0 1.281.0.0.1.0.0.0.1.0.1.0 2.281.0.0.0.0.0.0.2.0.1.0 3.262.0.0.0.0.0.0.3.0.1.0 4.281.0.0.0.0.0.0.4.0.1.0 5.262.0.0.0.0.0.0.5.0.1.0 6.262.0.0.1.0.0.0.0.0.1.0 7.289.0.0.1.0.0.0.1.0.1.0 8.281.0.0.0.0.0.0.2.0.1.0 9.313.0.0.0.0.0.0.3.0.1.0	|~|win|B	1:0:6,4
43	54253,20295,61951,21823	|lilligant||dancer|astralbarrage,psyshock,dragonrush|Serious|||||100|,,,,,Dragon]|lilligant||dancer|astralbarrage,psyshock,dragonrush|Serious|||||100|,,,,,Dragon]|magnezone||shellarmor|originpulse,diamondstorm,flashcannon,quickattack|Serious||F|||100|,,,,,Electric]|electivire||earlybird|lowsweep,aquacutter,powerwhip|Serious|||||90|,,,,,Dark]|lilligant||dancer|astralbarrage,psyshock,dragonrush|Serious|||||100|,,,,,Dragon]|electivire||earlybird|lowsweep,aquacutter,powerwhip|Serious|||||90|,,,,,Dark	|electivire||earlybird|lowsweep,aquacutter,powerwhip|Serious|||||90|,,,,,Dark]|meowsticf||terashell|malignantchain,tailwind|Serious||F|||100|,,,,,Psychic]|magnezone||shellarmor|originpulse,diamondstorm,flashcannon,quickattack|Serious||F|||100|,,,,,Electric]|yanmega||shellarmor|dragonclaw,moonblast,coaching|Serious||M|||100|,,,,,Bug	tiebreak	true	34975,32470,12626,30749	rs=- ended=1 winner=A turn=0 mid=1 left=6,4 fl=0,0 active=0,1,6,7 party=0,1,2,3,4,5;6,7,8,9 speeds=216,216,156,203,216,203,203,244,156,226 orders=0.0,1.0,0.0,0.0,0.0,0.0,2.0,3.0,0.0,0.0 so=3,2,0,1 mons=0.281.0.0.1.0.0.0.0.0.1.0 1.281.0.0.1.0.0.0.1.0.1.0 2.281.0.0.0.0.0.0.2.0.1.0 3.262.0.0.0.0.0.0.3.0.1.0 4.281.0.0.0.0.0.0.4.0.1.0 5.262.0.0.0.0.0.0.5.0.1.0 6.262.0.0.1.0.0.0.0.0.1.0 7.289.0.0.1.0.0.0.1.0.1.0 8.281.0.0.0.0.0.0.2.0.1.0 9.313.0.0.0.0.0.0.3.0.1.0	|message|Time's up! Going to tiebreaker...~|-message|A: 6 Pokemon left; B: 4 Pokemon left~|~|win|A	0:0:6,4
44	54253,20295,61951,21823	|lilligant||dancer|astralbarrage,psyshock,dragonrush|Serious|||||100|,,,,,Dragon]|lilligant||dancer|astralbarrage,psyshock,dragonrush|Serious|||||100|,,,,,Dragon]|magnezone||shellarmor|originpulse,diamondstorm,flashcannon,quickattack|Serious||F|||100|,,,,,Electric]|electivire||earlybird|lowsweep,aquacutter,powerwhip|Serious|||||90|,,,,,Dark]|lilligant||dancer|astralbarrage,psyshock,dragonrush|Serious|||||100|,,,,,Dragon]|electivire||earlybird|lowsweep,aquacutter,powerwhip|Serious|||||90|,,,,,Dark	|electivire||earlybird|lowsweep,aquacutter,powerwhip|Serious|||||90|,,,,,Dark]|meowsticf||terashell|malignantchain,tailwind|Serious||F|||100|,,,,,Psychic]|magnezone||shellarmor|originpulse,diamondstorm,flashcannon,quickattack|Serious||F|||100|,,,,,Electric]|yanmega||shellarmor|dragonclaw,moonblast,coaching|Serious||M|||100|,,,,,Bug	fraction 0 0.5;fraction 1 0.25;tiebreak	-,-,true	34975,32470,12626,30749	rs=- ended=1 winner=A turn=0 mid=1 left=6,4 fl=0,0 active=0,1,6,7 party=0,1,2,3,4,5;6,7,8,9 speeds=216,216,156,203,216,203,203,244,156,226 orders=0.0,1.0,0.0,0.0,0.0,0.0,2.0,3.0,0.0,0.0 so=3,2,0,1 mons=0.140.0.0.1.0.0.0.0.0.1.0 1.140.0.0.1.0.0.0.1.0.1.0 2.140.0.0.0.0.0.0.2.0.1.0 3.131.0.0.0.0.0.0.3.0.1.0 4.140.0.0.0.0.0.0.4.0.1.0 5.131.0.0.0.0.0.0.5.0.1.0 6.65.0.0.1.0.0.0.0.0.1.0 7.72.0.0.1.0.0.0.1.0.1.0 8.70.0.0.0.0.0.0.2.0.1.0 9.78.0.0.0.0.0.0.3.0.1.0	|message|Time's up! Going to tiebreaker...~|-message|A: 6 Pokemon left; B: 4 Pokemon left~|~|win|A	0:0:6,4
45	54253,20295,61951,21823	|lilligant||dancer|astralbarrage,psyshock,dragonrush|Serious|||||100|,,,,,Dragon]|lilligant||dancer|astralbarrage,psyshock,dragonrush|Serious|||||100|,,,,,Dragon]|magnezone||shellarmor|originpulse,diamondstorm,flashcannon,quickattack|Serious||F|||100|,,,,,Electric]|electivire||earlybird|lowsweep,aquacutter,powerwhip|Serious|||||90|,,,,,Dark]|lilligant||dancer|astralbarrage,psyshock,dragonrush|Serious|||||100|,,,,,Dragon]|electivire||earlybird|lowsweep,aquacutter,powerwhip|Serious|||||90|,,,,,Dark	|electivire||earlybird|lowsweep,aquacutter,powerwhip|Serious|||||90|,,,,,Dark]|meowsticf||terashell|malignantchain,tailwind|Serious||F|||100|,,,,,Psychic]|magnezone||shellarmor|originpulse,diamondstorm,flashcannon,quickattack|Serious||F|||100|,,,,,Electric]|yanmega||shellarmor|dragonclaw,moonblast,coaching|Serious||M|||100|,,,,,Bug	faint 0;messages 0 0 0;tiebreak	-,false,true	34975,32470,12626,30749	rs=- ended=1 winner=A turn=0 mid=1 left=5,4 fl=1,0 active=0,1,6,7 party=0,1,2,3,4,5;6,7,8,9 speeds=216,216,156,203,216,203,203,244,156,226 orders=0.0,1.0,0.0,0.0,0.0,0.0,2.0,3.0,0.0,0.0 so=3,2,0,1 mons=0.0.1.1.0.0.0.0.0.0.1.0 1.281.0.0.1.0.0.0.1.0.1.0 2.281.0.0.0.0.0.0.2.0.1.0 3.262.0.0.0.0.0.0.3.0.1.0 4.281.0.0.0.0.0.0.4.0.1.0 5.262.0.0.0.0.0.0.5.0.1.0 6.262.0.0.1.0.0.0.0.0.1.0 7.289.0.0.1.0.0.0.1.0.1.0 8.281.0.0.0.0.0.0.2.0.1.0 9.313.0.0.0.0.0.0.3.0.1.0	|faint|p1a: Lilligant~|message|Time's up! Going to tiebreaker...~|-message|A: 5 Pokemon left; B: 4 Pokemon left~|~|win|A	0:0:5,4
46	54253,20295,61951,21823	|lilligant||dancer|astralbarrage,psyshock,dragonrush|Serious|||||100|,,,,,Dragon]|lilligant||dancer|astralbarrage,psyshock,dragonrush|Serious|||||100|,,,,,Dragon]|magnezone||shellarmor|originpulse,diamondstorm,flashcannon,quickattack|Serious||F|||100|,,,,,Electric]|electivire||earlybird|lowsweep,aquacutter,powerwhip|Serious|||||90|,,,,,Dark]|lilligant||dancer|astralbarrage,psyshock,dragonrush|Serious|||||100|,,,,,Dragon]|electivire||earlybird|lowsweep,aquacutter,powerwhip|Serious|||||90|,,,,,Dark	|electivire||earlybird|lowsweep,aquacutter,powerwhip|Serious|||||90|,,,,,Dark]|meowsticf||terashell|malignantchain,tailwind|Serious||F|||100|,,,,,Psychic]|magnezone||shellarmor|originpulse,diamondstorm,flashcannon,quickattack|Serious||F|||100|,,,,,Electric]|yanmega||shellarmor|dragonclaw,moonblast,coaching|Serious||M|||100|,,,,,Bug	left 0;left 1;messages 0 1 1	-,-,true	34975,32470,12626,30749	rs=- ended=1 winner=- turn=0 mid=1 left=0,0 fl=0,0 active=0,1,6,7 party=0,1,2,3,4,5;6,7,8,9 speeds=216,216,156,203,216,203,203,244,156,226 orders=0.0,1.0,0.0,0.0,0.0,0.0,2.0,3.0,0.0,0.0 so=3,2,0,1 mons=0.281.0.0.1.0.0.0.0.0.1.0 1.281.0.0.1.0.0.0.1.0.1.0 2.281.0.0.0.0.0.0.2.0.1.0 3.262.0.0.0.0.0.0.3.0.1.0 4.281.0.0.0.0.0.0.4.0.1.0 5.262.0.0.0.0.0.0.5.0.1.0 6.262.0.0.1.0.0.0.0.0.1.0 7.289.0.0.1.0.0.0.1.0.1.0 8.281.0.0.0.0.0.0.2.0.1.0 9.313.0.0.0.0.0.0.3.0.1.0	|~|tie	-:0:0,0
47	54253,20295,61951,21823	|lilligant||dancer|astralbarrage,psyshock,dragonrush|Serious|||||100|,,,,,Dragon]|lilligant||dancer|astralbarrage,psyshock,dragonrush|Serious|||||100|,,,,,Dragon]|magnezone||shellarmor|originpulse,diamondstorm,flashcannon,quickattack|Serious||F|||100|,,,,,Electric]|electivire||earlybird|lowsweep,aquacutter,powerwhip|Serious|||||90|,,,,,Dark]|lilligant||dancer|astralbarrage,psyshock,dragonrush|Serious|||||100|,,,,,Dragon]|electivire||earlybird|lowsweep,aquacutter,powerwhip|Serious|||||90|,,,,,Dark	|electivire||earlybird|lowsweep,aquacutter,powerwhip|Serious|||||90|,,,,,Dark]|meowsticf||terashell|malignantchain,tailwind|Serious||F|||100|,,,,,Psychic]|magnezone||shellarmor|originpulse,diamondstorm,flashcannon,quickattack|Serious||F|||100|,,,,,Electric]|yanmega||shellarmor|dragonclaw,moonblast,coaching|Serious||M|||100|,,,,,Bug	limit 100	false	34975,32470,12626,30749	rs=- ended=0 winner=- turn=100 mid=1 left=6,4 fl=0,0 active=0,1,6,7 party=0,1,2,3,4,5;6,7,8,9 speeds=216,216,156,203,216,203,203,244,156,226 orders=0.0,1.0,0.0,0.0,0.0,0.0,2.0,3.0,0.0,0.0 so=3,2,0,1 mons=0.281.0.0.1.0.0.0.0.0.1.0 1.281.0.0.1.0.0.0.1.0.1.0 2.281.0.0.0.0.0.0.2.0.1.0 3.262.0.0.0.0.0.0.3.0.1.0 4.281.0.0.0.0.0.0.4.0.1.0 5.262.0.0.0.0.0.0.5.0.1.0 6.262.0.0.1.0.0.0.0.0.1.0 7.289.0.0.1.0.0.0.1.0.1.0 8.281.0.0.0.0.0.0.2.0.1.0 9.313.0.0.0.0.0.0.3.0.1.0		-
48	54253,20295,61951,21823	|lilligant||dancer|astralbarrage,psyshock,dragonrush|Serious|||||100|,,,,,Dragon]|lilligant||dancer|astralbarrage,psyshock,dragonrush|Serious|||||100|,,,,,Dragon]|magnezone||shellarmor|originpulse,diamondstorm,flashcannon,quickattack|Serious||F|||100|,,,,,Electric]|electivire||earlybird|lowsweep,aquacutter,powerwhip|Serious|||||90|,,,,,Dark]|lilligant||dancer|astralbarrage,psyshock,dragonrush|Serious|||||100|,,,,,Dragon]|electivire||earlybird|lowsweep,aquacutter,powerwhip|Serious|||||90|,,,,,Dark	|electivire||earlybird|lowsweep,aquacutter,powerwhip|Serious|||||90|,,,,,Dark]|meowsticf||terashell|malignantchain,tailwind|Serious||F|||100|,,,,,Psychic]|magnezone||shellarmor|originpulse,diamondstorm,flashcannon,quickattack|Serious||F|||100|,,,,,Electric]|yanmega||shellarmor|dragonclaw,moonblast,coaching|Serious||M|||100|,,,,,Bug	limit 101	false	34975,32470,12626,30749	rs=- ended=0 winner=- turn=101 mid=1 left=6,4 fl=0,0 active=0,1,6,7 party=0,1,2,3,4,5;6,7,8,9 speeds=216,216,156,203,216,203,203,244,156,226 orders=0.0,1.0,0.0,0.0,0.0,0.0,2.0,3.0,0.0,0.0 so=3,2,0,1 mons=0.281.0.0.1.0.0.0.0.0.1.0 1.281.0.0.1.0.0.0.1.0.1.0 2.281.0.0.0.0.0.0.2.0.1.0 3.262.0.0.0.0.0.0.3.0.1.0 4.281.0.0.0.0.0.0.4.0.1.0 5.262.0.0.0.0.0.0.5.0.1.0 6.262.0.0.1.0.0.0.0.0.1.0 7.289.0.0.1.0.0.0.1.0.1.0 8.281.0.0.0.0.0.0.2.0.1.0 9.313.0.0.0.0.0.0.3.0.1.0		-
49	54253,20295,61951,21823	|lilligant||dancer|astralbarrage,psyshock,dragonrush|Serious|||||100|,,,,,Dragon]|lilligant||dancer|astralbarrage,psyshock,dragonrush|Serious|||||100|,,,,,Dragon]|magnezone||shellarmor|originpulse,diamondstorm,flashcannon,quickattack|Serious||F|||100|,,,,,Electric]|electivire||earlybird|lowsweep,aquacutter,powerwhip|Serious|||||90|,,,,,Dark]|lilligant||dancer|astralbarrage,psyshock,dragonrush|Serious|||||100|,,,,,Dragon]|electivire||earlybird|lowsweep,aquacutter,powerwhip|Serious|||||90|,,,,,Dark	|electivire||earlybird|lowsweep,aquacutter,powerwhip|Serious|||||90|,,,,,Dark]|meowsticf||terashell|malignantchain,tailwind|Serious||F|||100|,,,,,Psychic]|magnezone||shellarmor|originpulse,diamondstorm,flashcannon,quickattack|Serious||F|||100|,,,,,Electric]|yanmega||shellarmor|dragonclaw,moonblast,coaching|Serious||M|||100|,,,,,Bug	limit 499	false	34975,32470,12626,30749	rs=- ended=0 winner=- turn=499 mid=1 left=6,4 fl=0,0 active=0,1,6,7 party=0,1,2,3,4,5;6,7,8,9 speeds=216,216,156,203,216,203,203,244,156,226 orders=0.0,1.0,0.0,0.0,0.0,0.0,2.0,3.0,0.0,0.0 so=3,2,0,1 mons=0.281.0.0.1.0.0.0.0.0.1.0 1.281.0.0.1.0.0.0.1.0.1.0 2.281.0.0.0.0.0.0.2.0.1.0 3.262.0.0.0.0.0.0.3.0.1.0 4.281.0.0.0.0.0.0.4.0.1.0 5.262.0.0.0.0.0.0.5.0.1.0 6.262.0.0.1.0.0.0.0.0.1.0 7.289.0.0.1.0.0.0.1.0.1.0 8.281.0.0.0.0.0.0.2.0.1.0 9.313.0.0.0.0.0.0.3.0.1.0		-
50	54253,20295,61951,21823	|lilligant||dancer|astralbarrage,psyshock,dragonrush|Serious|||||100|,,,,,Dragon]|lilligant||dancer|astralbarrage,psyshock,dragonrush|Serious|||||100|,,,,,Dragon]|magnezone||shellarmor|originpulse,diamondstorm,flashcannon,quickattack|Serious||F|||100|,,,,,Electric]|electivire||earlybird|lowsweep,aquacutter,powerwhip|Serious|||||90|,,,,,Dark]|lilligant||dancer|astralbarrage,psyshock,dragonrush|Serious|||||100|,,,,,Dragon]|electivire||earlybird|lowsweep,aquacutter,powerwhip|Serious|||||90|,,,,,Dark	|electivire||earlybird|lowsweep,aquacutter,powerwhip|Serious|||||90|,,,,,Dark]|meowsticf||terashell|malignantchain,tailwind|Serious||F|||100|,,,,,Psychic]|magnezone||shellarmor|originpulse,diamondstorm,flashcannon,quickattack|Serious||F|||100|,,,,,Electric]|yanmega||shellarmor|dragonclaw,moonblast,coaching|Serious||M|||100|,,,,,Bug	limit 500	false	34975,32470,12626,30749	rs=- ended=0 winner=- turn=500 mid=1 left=6,4 fl=0,0 active=0,1,6,7 party=0,1,2,3,4,5;6,7,8,9 speeds=216,216,156,203,216,203,203,244,156,226 orders=0.0,1.0,0.0,0.0,0.0,0.0,2.0,3.0,0.0,0.0 so=3,2,0,1 mons=0.281.0.0.1.0.0.0.0.0.1.0 1.281.0.0.1.0.0.0.1.0.1.0 2.281.0.0.0.0.0.0.2.0.1.0 3.262.0.0.0.0.0.0.3.0.1.0 4.281.0.0.0.0.0.0.4.0.1.0 5.262.0.0.0.0.0.0.5.0.1.0 6.262.0.0.1.0.0.0.0.0.1.0 7.289.0.0.1.0.0.0.1.0.1.0 8.281.0.0.0.0.0.0.2.0.1.0 9.313.0.0.0.0.0.0.3.0.1.0	|bigerror|You will auto-tie if the battle doesn't end in 500 turns (on turn 1000).	-
51	54253,20295,61951,21823	|lilligant||dancer|astralbarrage,psyshock,dragonrush|Serious|||||100|,,,,,Dragon]|lilligant||dancer|astralbarrage,psyshock,dragonrush|Serious|||||100|,,,,,Dragon]|magnezone||shellarmor|originpulse,diamondstorm,flashcannon,quickattack|Serious||F|||100|,,,,,Electric]|electivire||earlybird|lowsweep,aquacutter,powerwhip|Serious|||||90|,,,,,Dark]|lilligant||dancer|astralbarrage,psyshock,dragonrush|Serious|||||100|,,,,,Dragon]|electivire||earlybird|lowsweep,aquacutter,powerwhip|Serious|||||90|,,,,,Dark	|electivire||earlybird|lowsweep,aquacutter,powerwhip|Serious|||||90|,,,,,Dark]|meowsticf||terashell|malignantchain,tailwind|Serious||F|||100|,,,,,Psychic]|magnezone||shellarmor|originpulse,diamondstorm,flashcannon,quickattack|Serious||F|||100|,,,,,Electric]|yanmega||shellarmor|dragonclaw,moonblast,coaching|Serious||M|||100|,,,,,Bug	limit 899	false	34975,32470,12626,30749	rs=- ended=0 winner=- turn=899 mid=1 left=6,4 fl=0,0 active=0,1,6,7 party=0,1,2,3,4,5;6,7,8,9 speeds=216,216,156,203,216,203,203,244,156,226 orders=0.0,1.0,0.0,0.0,0.0,0.0,2.0,3.0,0.0,0.0 so=3,2,0,1 mons=0.281.0.0.1.0.0.0.0.0.1.0 1.281.0.0.1.0.0.0.1.0.1.0 2.281.0.0.0.0.0.0.2.0.1.0 3.262.0.0.0.0.0.0.3.0.1.0 4.281.0.0.0.0.0.0.4.0.1.0 5.262.0.0.0.0.0.0.5.0.1.0 6.262.0.0.1.0.0.0.0.0.1.0 7.289.0.0.1.0.0.0.1.0.1.0 8.281.0.0.0.0.0.0.2.0.1.0 9.313.0.0.0.0.0.0.3.0.1.0		-
52	54253,20295,61951,21823	|lilligant||dancer|astralbarrage,psyshock,dragonrush|Serious|||||100|,,,,,Dragon]|lilligant||dancer|astralbarrage,psyshock,dragonrush|Serious|||||100|,,,,,Dragon]|magnezone||shellarmor|originpulse,diamondstorm,flashcannon,quickattack|Serious||F|||100|,,,,,Electric]|electivire||earlybird|lowsweep,aquacutter,powerwhip|Serious|||||90|,,,,,Dark]|lilligant||dancer|astralbarrage,psyshock,dragonrush|Serious|||||100|,,,,,Dragon]|electivire||earlybird|lowsweep,aquacutter,powerwhip|Serious|||||90|,,,,,Dark	|electivire||earlybird|lowsweep,aquacutter,powerwhip|Serious|||||90|,,,,,Dark]|meowsticf||terashell|malignantchain,tailwind|Serious||F|||100|,,,,,Psychic]|magnezone||shellarmor|originpulse,diamondstorm,flashcannon,quickattack|Serious||F|||100|,,,,,Electric]|yanmega||shellarmor|dragonclaw,moonblast,coaching|Serious||M|||100|,,,,,Bug	limit 900	false	34975,32470,12626,30749	rs=- ended=0 winner=- turn=900 mid=1 left=6,4 fl=0,0 active=0,1,6,7 party=0,1,2,3,4,5;6,7,8,9 speeds=216,216,156,203,216,203,203,244,156,226 orders=0.0,1.0,0.0,0.0,0.0,0.0,2.0,3.0,0.0,0.0 so=3,2,0,1 mons=0.281.0.0.1.0.0.0.0.0.1.0 1.281.0.0.1.0.0.0.1.0.1.0 2.281.0.0.0.0.0.0.2.0.1.0 3.262.0.0.0.0.0.0.3.0.1.0 4.281.0.0.0.0.0.0.4.0.1.0 5.262.0.0.0.0.0.0.5.0.1.0 6.262.0.0.1.0.0.0.0.0.1.0 7.289.0.0.1.0.0.0.1.0.1.0 8.281.0.0.0.0.0.0.2.0.1.0 9.313.0.0.0.0.0.0.3.0.1.0	|bigerror|You will auto-tie if the battle doesn't end in 100 turns (on turn 1000).	-
53	54253,20295,61951,21823	|lilligant||dancer|astralbarrage,psyshock,dragonrush|Serious|||||100|,,,,,Dragon]|lilligant||dancer|astralbarrage,psyshock,dragonrush|Serious|||||100|,,,,,Dragon]|magnezone||shellarmor|originpulse,diamondstorm,flashcannon,quickattack|Serious||F|||100|,,,,,Electric]|electivire||earlybird|lowsweep,aquacutter,powerwhip|Serious|||||90|,,,,,Dark]|lilligant||dancer|astralbarrage,psyshock,dragonrush|Serious|||||100|,,,,,Dragon]|electivire||earlybird|lowsweep,aquacutter,powerwhip|Serious|||||90|,,,,,Dark	|electivire||earlybird|lowsweep,aquacutter,powerwhip|Serious|||||90|,,,,,Dark]|meowsticf||terashell|malignantchain,tailwind|Serious||F|||100|,,,,,Psychic]|magnezone||shellarmor|originpulse,diamondstorm,flashcannon,quickattack|Serious||F|||100|,,,,,Electric]|yanmega||shellarmor|dragonclaw,moonblast,coaching|Serious||M|||100|,,,,,Bug	limit 989	false	34975,32470,12626,30749	rs=- ended=0 winner=- turn=989 mid=1 left=6,4 fl=0,0 active=0,1,6,7 party=0,1,2,3,4,5;6,7,8,9 speeds=216,216,156,203,216,203,203,244,156,226 orders=0.0,1.0,0.0,0.0,0.0,0.0,2.0,3.0,0.0,0.0 so=3,2,0,1 mons=0.281.0.0.1.0.0.0.0.0.1.0 1.281.0.0.1.0.0.0.1.0.1.0 2.281.0.0.0.0.0.0.2.0.1.0 3.262.0.0.0.0.0.0.3.0.1.0 4.281.0.0.0.0.0.0.4.0.1.0 5.262.0.0.0.0.0.0.5.0.1.0 6.262.0.0.1.0.0.0.0.0.1.0 7.289.0.0.1.0.0.0.1.0.1.0 8.281.0.0.0.0.0.0.2.0.1.0 9.313.0.0.0.0.0.0.3.0.1.0		-
54	54253,20295,61951,21823	|lilligant||dancer|astralbarrage,psyshock,dragonrush|Serious|||||100|,,,,,Dragon]|lilligant||dancer|astralbarrage,psyshock,dragonrush|Serious|||||100|,,,,,Dragon]|magnezone||shellarmor|originpulse,diamondstorm,flashcannon,quickattack|Serious||F|||100|,,,,,Electric]|electivire||earlybird|lowsweep,aquacutter,powerwhip|Serious|||||90|,,,,,Dark]|lilligant||dancer|astralbarrage,psyshock,dragonrush|Serious|||||100|,,,,,Dragon]|electivire||earlybird|lowsweep,aquacutter,powerwhip|Serious|||||90|,,,,,Dark	|electivire||earlybird|lowsweep,aquacutter,powerwhip|Serious|||||90|,,,,,Dark]|meowsticf||terashell|malignantchain,tailwind|Serious||F|||100|,,,,,Psychic]|magnezone||shellarmor|originpulse,diamondstorm,flashcannon,quickattack|Serious||F|||100|,,,,,Electric]|yanmega||shellarmor|dragonclaw,moonblast,coaching|Serious||M|||100|,,,,,Bug	limit 990	false	34975,32470,12626,30749	rs=- ended=0 winner=- turn=990 mid=1 left=6,4 fl=0,0 active=0,1,6,7 party=0,1,2,3,4,5;6,7,8,9 speeds=216,216,156,203,216,203,203,244,156,226 orders=0.0,1.0,0.0,0.0,0.0,0.0,2.0,3.0,0.0,0.0 so=3,2,0,1 mons=0.281.0.0.1.0.0.0.0.0.1.0 1.281.0.0.1.0.0.0.1.0.1.0 2.281.0.0.0.0.0.0.2.0.1.0 3.262.0.0.0.0.0.0.3.0.1.0 4.281.0.0.0.0.0.0.4.0.1.0 5.262.0.0.0.0.0.0.5.0.1.0 6.262.0.0.1.0.0.0.0.0.1.0 7.289.0.0.1.0.0.0.1.0.1.0 8.281.0.0.0.0.0.0.2.0.1.0 9.313.0.0.0.0.0.0.3.0.1.0	|bigerror|You will auto-tie if the battle doesn't end in 10 turns (on turn 1000).	-
55	54253,20295,61951,21823	|lilligant||dancer|astralbarrage,psyshock,dragonrush|Serious|||||100|,,,,,Dragon]|lilligant||dancer|astralbarrage,psyshock,dragonrush|Serious|||||100|,,,,,Dragon]|magnezone||shellarmor|originpulse,diamondstorm,flashcannon,quickattack|Serious||F|||100|,,,,,Electric]|electivire||earlybird|lowsweep,aquacutter,powerwhip|Serious|||||90|,,,,,Dark]|lilligant||dancer|astralbarrage,psyshock,dragonrush|Serious|||||100|,,,,,Dragon]|electivire||earlybird|lowsweep,aquacutter,powerwhip|Serious|||||90|,,,,,Dark	|electivire||earlybird|lowsweep,aquacutter,powerwhip|Serious|||||90|,,,,,Dark]|meowsticf||terashell|malignantchain,tailwind|Serious||F|||100|,,,,,Psychic]|magnezone||shellarmor|originpulse,diamondstorm,flashcannon,quickattack|Serious||F|||100|,,,,,Electric]|yanmega||shellarmor|dragonclaw,moonblast,coaching|Serious||M|||100|,,,,,Bug	limit 999	false	34975,32470,12626,30749	rs=- ended=0 winner=- turn=999 mid=1 left=6,4 fl=0,0 active=0,1,6,7 party=0,1,2,3,4,5;6,7,8,9 speeds=216,216,156,203,216,203,203,244,156,226 orders=0.0,1.0,0.0,0.0,0.0,0.0,2.0,3.0,0.0,0.0 so=3,2,0,1 mons=0.281.0.0.1.0.0.0.0.0.1.0 1.281.0.0.1.0.0.0.1.0.1.0 2.281.0.0.0.0.0.0.2.0.1.0 3.262.0.0.0.0.0.0.3.0.1.0 4.281.0.0.0.0.0.0.4.0.1.0 5.262.0.0.0.0.0.0.5.0.1.0 6.262.0.0.1.0.0.0.0.0.1.0 7.289.0.0.1.0.0.0.1.0.1.0 8.281.0.0.0.0.0.0.2.0.1.0 9.313.0.0.0.0.0.0.3.0.1.0	|bigerror|You will auto-tie if the battle doesn't end in 1 turn (on turn 1000).	-
56	54253,20295,61951,21823	|lilligant||dancer|astralbarrage,psyshock,dragonrush|Serious|||||100|,,,,,Dragon]|lilligant||dancer|astralbarrage,psyshock,dragonrush|Serious|||||100|,,,,,Dragon]|magnezone||shellarmor|originpulse,diamondstorm,flashcannon,quickattack|Serious||F|||100|,,,,,Electric]|electivire||earlybird|lowsweep,aquacutter,powerwhip|Serious|||||90|,,,,,Dark]|lilligant||dancer|astralbarrage,psyshock,dragonrush|Serious|||||100|,,,,,Dragon]|electivire||earlybird|lowsweep,aquacutter,powerwhip|Serious|||||90|,,,,,Dark	|electivire||earlybird|lowsweep,aquacutter,powerwhip|Serious|||||90|,,,,,Dark]|meowsticf||terashell|malignantchain,tailwind|Serious||F|||100|,,,,,Psychic]|magnezone||shellarmor|originpulse,diamondstorm,flashcannon,quickattack|Serious||F|||100|,,,,,Electric]|yanmega||shellarmor|dragonclaw,moonblast,coaching|Serious||M|||100|,,,,,Bug	limit 1000	false	34975,32470,12626,30749	rs=- ended=0 winner=- turn=1000 mid=1 left=6,4 fl=0,0 active=0,1,6,7 party=0,1,2,3,4,5;6,7,8,9 speeds=216,216,156,203,216,203,203,244,156,226 orders=0.0,1.0,0.0,0.0,0.0,0.0,2.0,3.0,0.0,0.0 so=3,2,0,1 mons=0.281.0.0.1.0.0.0.0.0.1.0 1.281.0.0.1.0.0.0.1.0.1.0 2.281.0.0.0.0.0.0.2.0.1.0 3.262.0.0.0.0.0.0.3.0.1.0 4.281.0.0.0.0.0.0.4.0.1.0 5.262.0.0.0.0.0.0.5.0.1.0 6.262.0.0.1.0.0.0.0.0.1.0 7.289.0.0.1.0.0.0.1.0.1.0 8.281.0.0.0.0.0.0.2.0.1.0 9.313.0.0.0.0.0.0.3.0.1.0	|bigerror|You will auto-tie if the battle doesn't end in 0 turns (on turn 1000).	-
57	54253,20295,61951,21823	|lilligant||dancer|astralbarrage,psyshock,dragonrush|Serious|||||100|,,,,,Dragon]|lilligant||dancer|astralbarrage,psyshock,dragonrush|Serious|||||100|,,,,,Dragon]|magnezone||shellarmor|originpulse,diamondstorm,flashcannon,quickattack|Serious||F|||100|,,,,,Electric]|electivire||earlybird|lowsweep,aquacutter,powerwhip|Serious|||||90|,,,,,Dark]|lilligant||dancer|astralbarrage,psyshock,dragonrush|Serious|||||100|,,,,,Dragon]|electivire||earlybird|lowsweep,aquacutter,powerwhip|Serious|||||90|,,,,,Dark	|electivire||earlybird|lowsweep,aquacutter,powerwhip|Serious|||||90|,,,,,Dark]|meowsticf||terashell|malignantchain,tailwind|Serious||F|||100|,,,,,Psychic]|magnezone||shellarmor|originpulse,diamondstorm,flashcannon,quickattack|Serious||F|||100|,,,,,Electric]|yanmega||shellarmor|dragonclaw,moonblast,coaching|Serious||M|||100|,,,,,Bug	limit 1001	true	34975,32470,12626,30749	rs=- ended=1 winner=- turn=1001 mid=1 left=6,4 fl=0,0 active=0,1,6,7 party=0,1,2,3,4,5;6,7,8,9 speeds=216,216,156,203,216,203,203,244,156,226 orders=0.0,1.0,0.0,0.0,0.0,0.0,2.0,3.0,0.0,0.0 so=3,2,0,1 mons=0.281.0.0.1.0.0.0.0.0.1.0 1.281.0.0.1.0.0.0.1.0.1.0 2.281.0.0.0.0.0.0.2.0.1.0 3.262.0.0.0.0.0.0.3.0.1.0 4.281.0.0.0.0.0.0.4.0.1.0 5.262.0.0.0.0.0.0.5.0.1.0 6.262.0.0.1.0.0.0.0.0.1.0 7.289.0.0.1.0.0.0.1.0.1.0 8.281.0.0.0.0.0.0.2.0.1.0 9.313.0.0.0.0.0.0.3.0.1.0	|message|It is turn 1000. You have hit the turn limit!~|~|tie	-:1001:6,4
58	13540,59613,12047,33646	|tinglu||shellarmor|liquidation|Serious|||||100|,,,,,Ice]|tinglu||dancer|aquacutter|Serious||M|||100|,,,,,Fighting]|tinglu||dancer|aquacutter|Serious||M|||100|,,,,,Fighting]|miniorindigo||levitate|highhorsepower|Serious||F|||88|,,,,,Ground	|azumarill||dancer|slackoff|Serious|||||100|,,,,,Bug]|shiftry||earlybird|dazzlinggleam|Serious||F|||88|,,,,,Normal]|vivillonhighplains||terashell|seedbomb,stealthrock,boomburst|Serious||M|||100|,,,,,Rock]|vivillonhighplains||terashell|seedbomb,stealthrock,boomburst|Serious||M|||100|,,,,,Rock]|shiftry||earlybird|dazzlinggleam|Serious||F|||88|,,,,,Normal]|politoed||earlybird|aeroblast|Serious||M|||90|,,,,,Dark	wipe 0;messages 0 0 1	-,true	39342,62877,22896,31266	rs=- ended=1 winner=B turn=0 mid=1 left=0,6 fl=4,0 active=0,1,6,7 party=0,1,2,3;6,7,8,9,10,11 speeds=126,126,126,243,136,173,214,214,173,158 orders=0.0,1.0,0.0,0.0,2.0,3.0,0.0,0.0,0.0,0.0 so=3,1,0,2 mons=0.0.1.1.0.0.0.0.0.0.1.0 1.0.1.1.0.0.0.0.1.0.1.0 2.0.1.1.0.0.0.0.2.0.1.0 3.0.1.1.0.0.0.0.3.0.1.0 6.341.0.0.1.0.0.0.0.0.1.0 7.283.0.0.1.0.0.0.1.0.1.0 8.301.0.0.0.0.0.0.2.0.1.0 9.301.0.0.0.0.0.0.3.0.1.0 10.283.0.0.0.0.0.0.4.0.1.0 11.289.0.0.0.0.0.0.5.0.1.0	|faint|p1a: Ting-Lu~|faint|p1b: Ting-Lu~|faint|p1: Ting-Lu~|faint|p1: Minior~|~|win|B	1:0:0,6
59	13540,59613,12047,33646	|tinglu||shellarmor|liquidation|Serious|||||100|,,,,,Ice]|tinglu||dancer|aquacutter|Serious||M|||100|,,,,,Fighting]|tinglu||dancer|aquacutter|Serious||M|||100|,,,,,Fighting]|miniorindigo||levitate|highhorsepower|Serious||F|||88|,,,,,Ground	|azumarill||dancer|slackoff|Serious|||||100|,,,,,Bug]|shiftry||earlybird|dazzlinggleam|Serious||F|||88|,,,,,Normal]|vivillonhighplains||terashell|seedbomb,stealthrock,boomburst|Serious||M|||100|,,,,,Rock]|vivillonhighplains||terashell|seedbomb,stealthrock,boomburst|Serious||M|||100|,,,,,Rock]|shiftry||earlybird|dazzlinggleam|Serious||F|||88|,,,,,Normal]|politoed||earlybird|aeroblast|Serious||M|||90|,,,,,Dark	wipe 1;messages 0 0 1	-,true	39342,62877,22896,31266	rs=- ended=1 winner=A turn=0 mid=1 left=4,0 fl=0,6 active=0,1,6,7 party=0,1,2,3;6,7,8,9,10,11 speeds=126,126,126,243,136,173,214,214,173,158 orders=0.0,1.0,0.0,0.0,2.0,3.0,0.0,0.0,0.0,0.0 so=3,1,0,2 mons=0.451.0.0.1.0.0.0.0.0.1.0 1.451.0.0.1.0.0.0.1.0.1.0 2.451.0.0.0.0.0.0.2.0.1.0 3.230.0.0.0.0.0.0.3.0.1.0 6.0.1.1.0.0.0.0.0.0.1.0 7.0.1.1.0.0.0.0.1.0.1.0 8.0.1.1.0.0.0.0.2.0.1.0 9.0.1.1.0.0.0.0.3.0.1.0 10.0.1.1.0.0.0.0.4.0.1.0 11.0.1.1.0.0.0.0.5.0.1.0	|faint|p2a: Azumarill~|faint|p2b: Shiftry~|faint|p2: Vivillon~|faint|p2: Vivillon~|faint|p2: Shiftry~|faint|p2: Politoed~|~|win|A	0:0:4,0
60	13540,59613,12047,33646	|tinglu||shellarmor|liquidation|Serious|||||100|,,,,,Ice]|tinglu||dancer|aquacutter|Serious||M|||100|,,,,,Fighting]|tinglu||dancer|aquacutter|Serious||M|||100|,,,,,Fighting]|miniorindigo||levitate|highhorsepower|Serious||F|||88|,,,,,Ground	|azumarill||dancer|slackoff|Serious|||||100|,,,,,Bug]|shiftry||earlybird|dazzlinggleam|Serious||F|||88|,,,,,Normal]|vivillonhighplains||terashell|seedbomb,stealthrock,boomburst|Serious||M|||100|,,,,,Rock]|vivillonhighplains||terashell|seedbomb,stealthrock,boomburst|Serious||M|||100|,,,,,Rock]|shiftry||earlybird|dazzlinggleam|Serious||F|||88|,,,,,Normal]|politoed||earlybird|aeroblast|Serious||M|||90|,,,,,Dark	wipe 0;wipe 1;messages 0 0 1	-,-,true	39342,62877,22896,31266	rs=- ended=1 winner=B turn=0 mid=1 left=0,0 fl=4,6 active=0,1,6,7 party=0,1,2,3;6,7,8,9,10,11 speeds=126,126,126,243,136,173,214,214,173,158 orders=0.0,1.0,0.0,0.0,2.0,3.0,0.0,0.0,0.0,0.0 so=3,1,0,2 mons=0.0.1.1.0.0.0.0.0.0.1.0 1.0.1.1.0.0.0.0.1.0.1.0 2.0.1.1.0.0.0.0.2.0.1.0 3.0.1.1.0.0.0.0.3.0.1.0 6.0.1.1.0.0.0.0.0.0.1.0 7.0.1.1.0.0.0.0.1.0.1.0 8.0.1.1.0.0.0.0.2.0.1.0 9.0.1.1.0.0.0.0.3.0.1.0 10.0.1.1.0.0.0.0.4.0.1.0 11.0.1.1.0.0.0.0.5.0.1.0	|faint|p1a: Ting-Lu~|faint|p1b: Ting-Lu~|faint|p1: Ting-Lu~|faint|p1: Minior~|faint|p2a: Azumarill~|faint|p2b: Shiftry~|faint|p2: Vivillon~|faint|p2: Vivillon~|faint|p2: Shiftry~|faint|p2: Politoed~|~|win|B	1:0:0,0
61	13540,59613,12047,33646	|tinglu||shellarmor|liquidation|Serious|||||100|,,,,,Ice]|tinglu||dancer|aquacutter|Serious||M|||100|,,,,,Fighting]|tinglu||dancer|aquacutter|Serious||M|||100|,,,,,Fighting]|miniorindigo||levitate|highhorsepower|Serious||F|||88|,,,,,Ground	|azumarill||dancer|slackoff|Serious|||||100|,,,,,Bug]|shiftry||earlybird|dazzlinggleam|Serious||F|||88|,,,,,Normal]|vivillonhighplains||terashell|seedbomb,stealthrock,boomburst|Serious||M|||100|,,,,,Rock]|vivillonhighplains||terashell|seedbomb,stealthrock,boomburst|Serious||M|||100|,,,,,Rock]|shiftry||earlybird|dazzlinggleam|Serious||F|||88|,,,,,Normal]|politoed||earlybird|aeroblast|Serious||M|||90|,,,,,Dark	wipe 1;wipe 0;messages 0 0 1	-,-,true	39342,62877,22896,31266	rs=- ended=1 winner=A turn=0 mid=1 left=0,0 fl=4,6 active=0,1,6,7 party=0,1,2,3;6,7,8,9,10,11 speeds=126,126,126,243,136,173,214,214,173,158 orders=0.0,1.0,0.0,0.0,2.0,3.0,0.0,0.0,0.0,0.0 so=3,1,0,2 mons=0.0.1.1.0.0.0.0.0.0.1.0 1.0.1.1.0.0.0.0.1.0.1.0 2.0.1.1.0.0.0.0.2.0.1.0 3.0.1.1.0.0.0.0.3.0.1.0 6.0.1.1.0.0.0.0.0.0.1.0 7.0.1.1.0.0.0.0.1.0.1.0 8.0.1.1.0.0.0.0.2.0.1.0 9.0.1.1.0.0.0.0.3.0.1.0 10.0.1.1.0.0.0.0.4.0.1.0 11.0.1.1.0.0.0.0.5.0.1.0	|faint|p2a: Azumarill~|faint|p2b: Shiftry~|faint|p2: Vivillon~|faint|p2: Vivillon~|faint|p2: Shiftry~|faint|p2: Politoed~|faint|p1a: Ting-Lu~|faint|p1b: Ting-Lu~|faint|p1: Ting-Lu~|faint|p1: Minior~|~|win|A	0:0:0,0
62	13540,59613,12047,33646	|tinglu||shellarmor|liquidation|Serious|||||100|,,,,,Ice]|tinglu||dancer|aquacutter|Serious||M|||100|,,,,,Fighting]|tinglu||dancer|aquacutter|Serious||M|||100|,,,,,Fighting]|miniorindigo||levitate|highhorsepower|Serious||F|||88|,,,,,Ground	|azumarill||dancer|slackoff|Serious|||||100|,,,,,Bug]|shiftry||earlybird|dazzlinggleam|Serious||F|||88|,,,,,Normal]|vivillonhighplains||terashell|seedbomb,stealthrock,boomburst|Serious||M|||100|,,,,,Rock]|vivillonhighplains||terashell|seedbomb,stealthrock,boomburst|Serious||M|||100|,,,,,Rock]|shiftry||earlybird|dazzlinggleam|Serious||F|||88|,,,,,Normal]|politoed||earlybird|aeroblast|Serious||M|||90|,,,,,Dark	wipe 0;wipe 1;messages 1 0 1	-,-,true	39342,62877,22896,31266	rs=- ended=1 winner=B turn=0 mid=1 left=0,0 fl=4,6 active=0,1,6,7 party=0,1,2,3;6,7,8,9,10,11 speeds=126,126,126,243,136,173,214,214,173,158 orders=0.0,1.0,0.0,0.0,2.0,3.0,0.0,0.0,0.0,0.0 so=3,1,0,2 mons=0.0.1.1.0.0.0.0.0.0.1.0 1.0.1.1.0.0.0.0.1.0.1.0 2.0.1.1.0.0.0.0.2.0.1.0 3.0.1.1.0.0.0.0.3.0.1.0 6.0.1.1.0.0.0.0.0.0.1.0 7.0.1.1.0.0.0.0.1.0.1.0 8.0.1.1.0.0.0.0.2.0.1.0 9.0.1.1.0.0.0.0.3.0.1.0 10.0.1.1.0.0.0.0.4.0.1.0 11.0.1.1.0.0.0.0.5.0.1.0	|faint|p2: Politoed~|faint|p1a: Ting-Lu~|faint|p1b: Ting-Lu~|faint|p1: Ting-Lu~|faint|p1: Minior~|faint|p2a: Azumarill~|faint|p2b: Shiftry~|faint|p2: Vivillon~|faint|p2: Vivillon~|faint|p2: Shiftry~|~|win|B	1:0:0,0
63	13540,59613,12047,33646	|tinglu||shellarmor|liquidation|Serious|||||100|,,,,,Ice]|tinglu||dancer|aquacutter|Serious||M|||100|,,,,,Fighting]|tinglu||dancer|aquacutter|Serious||M|||100|,,,,,Fighting]|miniorindigo||levitate|highhorsepower|Serious||F|||88|,,,,,Ground	|azumarill||dancer|slackoff|Serious|||||100|,,,,,Bug]|shiftry||earlybird|dazzlinggleam|Serious||F|||88|,,,,,Normal]|vivillonhighplains||terashell|seedbomb,stealthrock,boomburst|Serious||M|||100|,,,,,Rock]|vivillonhighplains||terashell|seedbomb,stealthrock,boomburst|Serious||M|||100|,,,,,Rock]|shiftry||earlybird|dazzlinggleam|Serious||F|||88|,,,,,Normal]|politoed||earlybird|aeroblast|Serious||M|||90|,,,,,Dark	wipe 1;wipe 0;messages 1 0 1	-,-,true	39342,62877,22896,31266	rs=- ended=1 winner=A turn=0 mid=1 left=0,0 fl=4,6 active=0,1,6,7 party=0,1,2,3;6,7,8,9,10,11 speeds=126,126,126,243,136,173,214,214,173,158 orders=0.0,1.0,0.0,0.0,2.0,3.0,0.0,0.0,0.0,0.0 so=3,1,0,2 mons=0.0.1.1.0.0.0.0.0.0.1.0 1.0.1.1.0.0.0.0.1.0.1.0 2.0.1.1.0.0.0.0.2.0.1.0 3.0.1.1.0.0.0.0.3.0.1.0 6.0.1.1.0.0.0.0.0.0.1.0 7.0.1.1.0.0.0.0.1.0.1.0 8.0.1.1.0.0.0.0.2.0.1.0 9.0.1.1.0.0.0.0.3.0.1.0 10.0.1.1.0.0.0.0.4.0.1.0 11.0.1.1.0.0.0.0.5.0.1.0	|faint|p1: Minior~|faint|p2a: Azumarill~|faint|p2b: Shiftry~|faint|p2: Vivillon~|faint|p2: Vivillon~|faint|p2: Shiftry~|faint|p2: Politoed~|faint|p1a: Ting-Lu~|faint|p1b: Ting-Lu~|faint|p1: Ting-Lu~|~|win|A	0:0:0,0
64	13540,59613,12047,33646	|tinglu||shellarmor|liquidation|Serious|||||100|,,,,,Ice]|tinglu||dancer|aquacutter|Serious||M|||100|,,,,,Fighting]|tinglu||dancer|aquacutter|Serious||M|||100|,,,,,Fighting]|miniorindigo||levitate|highhorsepower|Serious||F|||88|,,,,,Ground	|azumarill||dancer|slackoff|Serious|||||100|,,,,,Bug]|shiftry||earlybird|dazzlinggleam|Serious||F|||88|,,,,,Normal]|vivillonhighplains||terashell|seedbomb,stealthrock,boomburst|Serious||M|||100|,,,,,Rock]|vivillonhighplains||terashell|seedbomb,stealthrock,boomburst|Serious||M|||100|,,,,,Rock]|shiftry||earlybird|dazzlinggleam|Serious||F|||88|,,,,,Normal]|politoed||earlybird|aeroblast|Serious||M|||90|,,,,,Dark	wipe 0;wipe 1;messages 0 0 0;messages 0 1 1	-,-,false,true	39342,62877,22896,31266	rs=- ended=1 winner=- turn=0 mid=1 left=0,0 fl=4,6 active=0,1,6,7 party=0,1,2,3;6,7,8,9,10,11 speeds=126,126,126,243,136,173,214,214,173,158 orders=0.0,1.0,0.0,0.0,2.0,3.0,0.0,0.0,0.0,0.0 so=3,1,0,2 mons=0.0.1.1.0.0.0.0.0.0.1.0 1.0.1.1.0.0.0.0.1.0.1.0 2.0.1.1.0.0.0.0.2.0.1.0 3.0.1.1.0.0.0.0.3.0.1.0 6.0.1.1.0.0.0.0.0.0.1.0 7.0.1.1.0.0.0.0.1.0.1.0 8.0.1.1.0.0.0.0.2.0.1.0 9.0.1.1.0.0.0.0.3.0.1.0 10.0.1.1.0.0.0.0.4.0.1.0 11.0.1.1.0.0.0.0.5.0.1.0	|faint|p1a: Ting-Lu~|faint|p1b: Ting-Lu~|faint|p1: Ting-Lu~|faint|p1: Minior~|faint|p2a: Azumarill~|faint|p2b: Shiftry~|faint|p2: Vivillon~|faint|p2: Vivillon~|faint|p2: Shiftry~|faint|p2: Politoed~|~|tie	-:0:0,0
65	13540,59613,12047,33646	|tinglu||shellarmor|liquidation|Serious|||||100|,,,,,Ice]|tinglu||dancer|aquacutter|Serious||M|||100|,,,,,Fighting]|tinglu||dancer|aquacutter|Serious||M|||100|,,,,,Fighting]|miniorindigo||levitate|highhorsepower|Serious||F|||88|,,,,,Ground	|azumarill||dancer|slackoff|Serious|||||100|,,,,,Bug]|shiftry||earlybird|dazzlinggleam|Serious||F|||88|,,,,,Normal]|vivillonhighplains||terashell|seedbomb,stealthrock,boomburst|Serious||M|||100|,,,,,Rock]|vivillonhighplains||terashell|seedbomb,stealthrock,boomburst|Serious||M|||100|,,,,,Rock]|shiftry||earlybird|dazzlinggleam|Serious||F|||88|,,,,,Normal]|politoed||earlybird|aeroblast|Serious||M|||90|,,,,,Dark	faint 0;messages 0 0 0;checkfainted	-,false,-	39342,62877,22896,31266	rs=- ended=0 winner=- turn=0 mid=1 left=3,6 fl=1,0 active=0,1,6,7 party=0,1,2,3;6,7,8,9,10,11 speeds=126,126,126,243,136,173,214,214,173,158 orders=0.0,1.0,0.0,0.0,2.0,3.0,0.0,0.0,0.0,0.0 so=3,1,0,2 mons=0.0.1.1.0.1.0.1.0.0.1.0 1.451.0.0.1.0.0.0.1.0.1.0 2.451.0.0.0.0.0.0.2.0.1.0 3.230.0.0.0.0.0.0.3.0.1.0 6.341.0.0.1.0.0.0.0.0.1.0 7.283.0.0.1.0.0.0.1.0.1.0 8.301.0.0.0.0.0.0.2.0.1.0 9.301.0.0.0.0.0.0.3.0.1.0 10.283.0.0.0.0.0.0.4.0.1.0 11.289.0.0.0.0.0.0.5.0.1.0	|faint|p1a: Ting-Lu	-
66	13540,59613,12047,33646	|tinglu||shellarmor|liquidation|Serious|||||100|,,,,,Ice]|tinglu||dancer|aquacutter|Serious||M|||100|,,,,,Fighting]|tinglu||dancer|aquacutter|Serious||M|||100|,,,,,Fighting]|miniorindigo||levitate|highhorsepower|Serious||F|||88|,,,,,Ground	|azumarill||dancer|slackoff|Serious|||||100|,,,,,Bug]|shiftry||earlybird|dazzlinggleam|Serious||F|||88|,,,,,Normal]|vivillonhighplains||terashell|seedbomb,stealthrock,boomburst|Serious||M|||100|,,,,,Rock]|vivillonhighplains||terashell|seedbomb,stealthrock,boomburst|Serious||M|||100|,,,,,Rock]|shiftry||earlybird|dazzlinggleam|Serious||F|||88|,,,,,Normal]|politoed||earlybird|aeroblast|Serious||M|||90|,,,,,Dark	tera 0;faint 0;messages 0 0 0;checkfainted	-,-,false,-	39342,62877,22896,31266	rs=- ended=0 winner=- turn=0 mid=1 left=3,6 fl=1,0 active=0,1,6,7 party=0,1,2,3;6,7,8,9,10,11 speeds=126,126,126,243,136,173,214,214,173,158 orders=0.0,1.0,0.0,0.0,2.0,3.0,0.0,0.0,0.0,0.0 so=3,1,0,2 mons=0.0.1.1.0.1.0.1.0.0.0.0 1.451.0.0.1.0.0.0.1.0.0.0 2.451.0.0.0.0.0.0.2.0.0.0 3.230.0.0.0.0.0.0.3.0.0.0 6.341.0.0.1.0.0.0.0.0.1.0 7.283.0.0.1.0.0.0.1.0.1.0 8.301.0.0.0.0.0.0.2.0.1.0 9.301.0.0.0.0.0.0.3.0.1.0 10.283.0.0.0.0.0.0.4.0.1.0 11.289.0.0.0.0.0.0.5.0.1.0	|-terastallize|p1a: Ting-Lu|Ice~|faint|p1a: Ting-Lu	-
67	13540,59613,12047,33646	|tinglu||shellarmor|liquidation|Serious|||||100|,,,,,Ice]|tinglu||dancer|aquacutter|Serious||M|||100|,,,,,Fighting]|tinglu||dancer|aquacutter|Serious||M|||100|,,,,,Fighting]|miniorindigo||levitate|highhorsepower|Serious||F|||88|,,,,,Ground	|azumarill||dancer|slackoff|Serious|||||100|,,,,,Bug]|shiftry||earlybird|dazzlinggleam|Serious||F|||88|,,,,,Normal]|vivillonhighplains||terashell|seedbomb,stealthrock,boomburst|Serious||M|||100|,,,,,Rock]|vivillonhighplains||terashell|seedbomb,stealthrock,boomburst|Serious||M|||100|,,,,,Rock]|shiftry||earlybird|dazzlinggleam|Serious||F|||88|,,,,,Normal]|politoed||earlybird|aeroblast|Serious||M|||90|,,,,,Dark	tera 6;faint 6;messages 0 0 0;checkfainted	-,-,false,-	39342,62877,22896,31266	rs=- ended=0 winner=- turn=0 mid=1 left=4,5 fl=0,1 active=0,1,6,7 party=0,1,2,3;6,7,8,9,10,11 speeds=126,126,126,243,136,173,214,214,173,158 orders=0.0,1.0,0.0,0.0,2.0,3.0,0.0,0.0,0.0,0.0 so=3,1,0,2 mons=0.451.0.0.1.0.0.0.0.0.1.0 1.451.0.0.1.0.0.0.1.0.1.0 2.451.0.0.0.0.0.0.2.0.1.0 3.230.0.0.0.0.0.0.3.0.1.0 6.0.1.1.0.1.0.1.0.0.0.0 7.283.0.0.1.0.0.0.1.0.0.0 8.301.0.0.0.0.0.0.2.0.0.0 9.301.0.0.0.0.0.0.3.0.0.0 10.283.0.0.0.0.0.0.4.0.0.0 11.289.0.0.0.0.0.0.5.0.0.0	|-terastallize|p2a: Azumarill|Bug~|faint|p2a: Azumarill	-
68	13540,59613,12047,33646	|tinglu||shellarmor|liquidation|Serious|||||100|,,,,,Ice]|tinglu||dancer|aquacutter|Serious||M|||100|,,,,,Fighting]|tinglu||dancer|aquacutter|Serious||M|||100|,,,,,Fighting]|miniorindigo||levitate|highhorsepower|Serious||F|||88|,,,,,Ground	|azumarill||dancer|slackoff|Serious|||||100|,,,,,Bug]|shiftry||earlybird|dazzlinggleam|Serious||F|||88|,,,,,Normal]|vivillonhighplains||terashell|seedbomb,stealthrock,boomburst|Serious||M|||100|,,,,,Rock]|vivillonhighplains||terashell|seedbomb,stealthrock,boomburst|Serious||M|||100|,,,,,Rock]|shiftry||earlybird|dazzlinggleam|Serious||F|||88|,,,,,Normal]|politoed||earlybird|aeroblast|Serious||M|||90|,,,,,Dark	cap 0;faint 0;messages 0 0 0	-,-,false	39342,62877,22896,31266	rs=- ended=0 winner=- turn=0 mid=1 left=3,6 fl=100,0 active=0,1,6,7 party=0,1,2,3;6,7,8,9,10,11 speeds=126,126,126,243,136,173,214,214,173,158 orders=0.0,1.0,0.0,0.0,2.0,3.0,0.0,0.0,0.0,0.0 so=3,1,0,2 mons=0.0.1.1.0.0.0.0.0.0.1.0 1.451.0.0.1.0.0.0.1.0.1.0 2.451.0.0.0.0.0.0.2.0.1.0 3.230.0.0.0.0.0.0.3.0.1.0 6.341.0.0.1.0.0.0.0.0.1.0 7.283.0.0.1.0.0.0.1.0.1.0 8.301.0.0.0.0.0.0.2.0.1.0 9.301.0.0.0.0.0.0.3.0.1.0 10.283.0.0.0.0.0.0.4.0.1.0 11.289.0.0.0.0.0.0.5.0.1.0	|faint|p1a: Ting-Lu	-
69	13540,59613,12047,33646	|tinglu||shellarmor|liquidation|Serious|||||100|,,,,,Ice]|tinglu||dancer|aquacutter|Serious||M|||100|,,,,,Fighting]|tinglu||dancer|aquacutter|Serious||M|||100|,,,,,Fighting]|miniorindigo||levitate|highhorsepower|Serious||F|||88|,,,,,Ground	|azumarill||dancer|slackoff|Serious|||||100|,,,,,Bug]|shiftry||earlybird|dazzlinggleam|Serious||F|||88|,,,,,Normal]|vivillonhighplains||terashell|seedbomb,stealthrock,boomburst|Serious||M|||100|,,,,,Rock]|vivillonhighplains||terashell|seedbomb,stealthrock,boomburst|Serious||M|||100|,,,,,Rock]|shiftry||earlybird|dazzlinggleam|Serious||F|||88|,,,,,Normal]|politoed||earlybird|aeroblast|Serious||M|||90|,,,,,Dark	faint 0;faint 0;messages 0 0 0;messages 0 0 1	-,-,false,false	39342,62877,22896,31266	rs=- ended=0 winner=- turn=0 mid=1 left=3,6 fl=1,0 active=0,1,6,7 party=0,1,2,3;6,7,8,9,10,11 speeds=126,126,126,243,136,173,214,214,173,158 orders=0.0,1.0,0.0,0.0,2.0,3.0,0.0,0.0,0.0,0.0 so=3,1,0,2 mons=0.0.1.1.0.0.0.0.0.0.1.0 1.451.0.0.1.0.0.0.1.0.1.0 2.451.0.0.0.0.0.0.2.0.1.0 3.230.0.0.0.0.0.0.3.0.1.0 6.341.0.0.1.0.0.0.0.0.1.0 7.283.0.0.1.0.0.0.1.0.1.0 8.301.0.0.0.0.0.0.2.0.1.0 9.301.0.0.0.0.0.0.3.0.1.0 10.283.0.0.0.0.0.0.4.0.1.0 11.289.0.0.0.0.0.0.5.0.1.0	|faint|p1a: Ting-Lu	-
70	13540,59613,12047,33646	|tinglu||shellarmor|liquidation|Serious|||||100|,,,,,Ice]|tinglu||dancer|aquacutter|Serious||M|||100|,,,,,Fighting]|tinglu||dancer|aquacutter|Serious||M|||100|,,,,,Fighting]|miniorindigo||levitate|highhorsepower|Serious||F|||88|,,,,,Ground	|azumarill||dancer|slackoff|Serious|||||100|,,,,,Bug]|shiftry||earlybird|dazzlinggleam|Serious||F|||88|,,,,,Normal]|vivillonhighplains||terashell|seedbomb,stealthrock,boomburst|Serious||M|||100|,,,,,Rock]|vivillonhighplains||terashell|seedbomb,stealthrock,boomburst|Serious||M|||100|,,,,,Rock]|shiftry||earlybird|dazzlinggleam|Serious||F|||88|,,,,,Normal]|politoed||earlybird|aeroblast|Serious||M|||90|,,,,,Dark	tie;tie;messages 0 1 1	true,false,-	39342,62877,22896,31266	rs=- ended=1 winner=- turn=0 mid=1 left=4,6 fl=0,0 active=0,1,6,7 party=0,1,2,3;6,7,8,9,10,11 speeds=126,126,126,243,136,173,214,214,173,158 orders=0.0,1.0,0.0,0.0,2.0,3.0,0.0,0.0,0.0,0.0 so=3,1,0,2 mons=0.451.0.0.1.0.0.0.0.0.1.0 1.451.0.0.1.0.0.0.1.0.1.0 2.451.0.0.0.0.0.0.2.0.1.0 3.230.0.0.0.0.0.0.3.0.1.0 6.341.0.0.1.0.0.0.0.0.1.0 7.283.0.0.1.0.0.0.1.0.1.0 8.301.0.0.0.0.0.0.2.0.1.0 9.301.0.0.0.0.0.0.3.0.1.0 10.283.0.0.0.0.0.0.4.0.1.0 11.289.0.0.0.0.0.0.5.0.1.0	|~|tie	-:0:4,6
71	13540,59613,12047,33646	|tinglu||shellarmor|liquidation|Serious|||||100|,,,,,Ice]|tinglu||dancer|aquacutter|Serious||M|||100|,,,,,Fighting]|tinglu||dancer|aquacutter|Serious||M|||100|,,,,,Fighting]|miniorindigo||levitate|highhorsepower|Serious||F|||88|,,,,,Ground	|azumarill||dancer|slackoff|Serious|||||100|,,,,,Bug]|shiftry||earlybird|dazzlinggleam|Serious||F|||88|,,,,,Normal]|vivillonhighplains||terashell|seedbomb,stealthrock,boomburst|Serious||M|||100|,,,,,Rock]|vivillonhighplains||terashell|seedbomb,stealthrock,boomburst|Serious||M|||100|,,,,,Rock]|shiftry||earlybird|dazzlinggleam|Serious||F|||88|,,,,,Normal]|politoed||earlybird|aeroblast|Serious||M|||90|,,,,,Dark	lose 0;lose 1	true,false	39342,62877,22896,31266	rs=- ended=1 winner=B turn=0 mid=1 left=4,6 fl=0,0 active=0,1,6,7 party=0,1,2,3;6,7,8,9,10,11 speeds=126,126,126,243,136,173,214,214,173,158 orders=0.0,1.0,0.0,0.0,2.0,3.0,0.0,0.0,0.0,0.0 so=3,1,0,2 mons=0.451.0.0.1.0.0.0.0.0.1.0 1.451.0.0.1.0.0.0.1.0.1.0 2.451.0.0.0.0.0.0.2.0.1.0 3.230.0.0.0.0.0.0.3.0.1.0 6.341.0.0.1.0.0.0.0.0.1.0 7.283.0.0.1.0.0.0.1.0.1.0 8.301.0.0.0.0.0.0.2.0.1.0 9.301.0.0.0.0.0.0.3.0.1.0 10.283.0.0.0.0.0.0.4.0.1.0 11.289.0.0.0.0.0.0.5.0.1.0	|~|win|B	1:0:4,6
72	13540,59613,12047,33646	|tinglu||shellarmor|liquidation|Serious|||||100|,,,,,Ice]|tinglu||dancer|aquacutter|Serious||M|||100|,,,,,Fighting]|tinglu||dancer|aquacutter|Serious||M|||100|,,,,,Fighting]|miniorindigo||levitate|highhorsepower|Serious||F|||88|,,,,,Ground	|azumarill||dancer|slackoff|Serious|||||100|,,,,,Bug]|shiftry||earlybird|dazzlinggleam|Serious||F|||88|,,,,,Normal]|vivillonhighplains||terashell|seedbomb,stealthrock,boomburst|Serious||M|||100|,,,,,Rock]|vivillonhighplains||terashell|seedbomb,stealthrock,boomburst|Serious||M|||100|,,,,,Rock]|shiftry||earlybird|dazzlinggleam|Serious||F|||88|,,,,,Normal]|politoed||earlybird|aeroblast|Serious||M|||90|,,,,,Dark	tiebreak	true	39342,62877,22896,31266	rs=- ended=1 winner=B turn=0 mid=1 left=4,6 fl=0,0 active=0,1,6,7 party=0,1,2,3;6,7,8,9,10,11 speeds=126,126,126,243,136,173,214,214,173,158 orders=0.0,1.0,0.0,0.0,2.0,3.0,0.0,0.0,0.0,0.0 so=3,1,0,2 mons=0.451.0.0.1.0.0.0.0.0.1.0 1.451.0.0.1.0.0.0.1.0.1.0 2.451.0.0.0.0.0.0.2.0.1.0 3.230.0.0.0.0.0.0.3.0.1.0 6.341.0.0.1.0.0.0.0.0.1.0 7.283.0.0.1.0.0.0.1.0.1.0 8.301.0.0.0.0.0.0.2.0.1.0 9.301.0.0.0.0.0.0.3.0.1.0 10.283.0.0.0.0.0.0.4.0.1.0 11.289.0.0.0.0.0.0.5.0.1.0	|message|Time's up! Going to tiebreaker...~|-message|A: 4 Pokemon left; B: 6 Pokemon left~|~|win|B	1:0:4,6
73	13540,59613,12047,33646	|tinglu||shellarmor|liquidation|Serious|||||100|,,,,,Ice]|tinglu||dancer|aquacutter|Serious||M|||100|,,,,,Fighting]|tinglu||dancer|aquacutter|Serious||M|||100|,,,,,Fighting]|miniorindigo||levitate|highhorsepower|Serious||F|||88|,,,,,Ground	|azumarill||dancer|slackoff|Serious|||||100|,,,,,Bug]|shiftry||earlybird|dazzlinggleam|Serious||F|||88|,,,,,Normal]|vivillonhighplains||terashell|seedbomb,stealthrock,boomburst|Serious||M|||100|,,,,,Rock]|vivillonhighplains||terashell|seedbomb,stealthrock,boomburst|Serious||M|||100|,,,,,Rock]|shiftry||earlybird|dazzlinggleam|Serious||F|||88|,,,,,Normal]|politoed||earlybird|aeroblast|Serious||M|||90|,,,,,Dark	fraction 0 0.5;fraction 1 0.25;tiebreak	-,-,true	39342,62877,22896,31266	rs=- ended=1 winner=B turn=0 mid=1 left=4,6 fl=0,0 active=0,1,6,7 party=0,1,2,3;6,7,8,9,10,11 speeds=126,126,126,243,136,173,214,214,173,158 orders=0.0,1.0,0.0,0.0,2.0,3.0,0.0,0.0,0.0,0.0 so=3,1,0,2 mons=0.225.0.0.1.0.0.0.0.0.1.0 1.225.0.0.1.0.0.0.1.0.1.0 2.225.0.0.0.0.0.0.2.0.1.0 3.115.0.0.0.0.0.0.3.0.1.0 6.85.0.0.1.0.0.0.0.0.1.0 7.70.0.0.1.0.0.0.1.0.1.0 8.75.0.0.0.0.0.0.2.0.1.0 9.75.0.0.0.0.0.0.3.0.1.0 10.70.0.0.0.0.0.0.4.0.1.0 11.72.0.0.0.0.0.0.5.0.1.0	|message|Time's up! Going to tiebreaker...~|-message|A: 4 Pokemon left; B: 6 Pokemon left~|~|win|B	1:0:4,6
74	13540,59613,12047,33646	|tinglu||shellarmor|liquidation|Serious|||||100|,,,,,Ice]|tinglu||dancer|aquacutter|Serious||M|||100|,,,,,Fighting]|tinglu||dancer|aquacutter|Serious||M|||100|,,,,,Fighting]|miniorindigo||levitate|highhorsepower|Serious||F|||88|,,,,,Ground	|azumarill||dancer|slackoff|Serious|||||100|,,,,,Bug]|shiftry||earlybird|dazzlinggleam|Serious||F|||88|,,,,,Normal]|vivillonhighplains||terashell|seedbomb,stealthrock,boomburst|Serious||M|||100|,,,,,Rock]|vivillonhighplains||terashell|seedbomb,stealthrock,boomburst|Serious||M|||100|,,,,,Rock]|shiftry||earlybird|dazzlinggleam|Serious||F|||88|,,,,,Normal]|politoed||earlybird|aeroblast|Serious||M|||90|,,,,,Dark	faint 0;messages 0 0 0;tiebreak	-,false,true	39342,62877,22896,31266	rs=- ended=1 winner=B turn=0 mid=1 left=3,6 fl=1,0 active=0,1,6,7 party=0,1,2,3;6,7,8,9,10,11 speeds=126,126,126,243,136,173,214,214,173,158 orders=0.0,1.0,0.0,0.0,2.0,3.0,0.0,0.0,0.0,0.0 so=3,1,0,2 mons=0.0.1.1.0.0.0.0.0.0.1.0 1.451.0.0.1.0.0.0.1.0.1.0 2.451.0.0.0.0.0.0.2.0.1.0 3.230.0.0.0.0.0.0.3.0.1.0 6.341.0.0.1.0.0.0.0.0.1.0 7.283.0.0.1.0.0.0.1.0.1.0 8.301.0.0.0.0.0.0.2.0.1.0 9.301.0.0.0.0.0.0.3.0.1.0 10.283.0.0.0.0.0.0.4.0.1.0 11.289.0.0.0.0.0.0.5.0.1.0	|faint|p1a: Ting-Lu~|message|Time's up! Going to tiebreaker...~|-message|A: 3 Pokemon left; B: 6 Pokemon left~|~|win|B	1:0:3,6
75	13540,59613,12047,33646	|tinglu||shellarmor|liquidation|Serious|||||100|,,,,,Ice]|tinglu||dancer|aquacutter|Serious||M|||100|,,,,,Fighting]|tinglu||dancer|aquacutter|Serious||M|||100|,,,,,Fighting]|miniorindigo||levitate|highhorsepower|Serious||F|||88|,,,,,Ground	|azumarill||dancer|slackoff|Serious|||||100|,,,,,Bug]|shiftry||earlybird|dazzlinggleam|Serious||F|||88|,,,,,Normal]|vivillonhighplains||terashell|seedbomb,stealthrock,boomburst|Serious||M|||100|,,,,,Rock]|vivillonhighplains||terashell|seedbomb,stealthrock,boomburst|Serious||M|||100|,,,,,Rock]|shiftry||earlybird|dazzlinggleam|Serious||F|||88|,,,,,Normal]|politoed||earlybird|aeroblast|Serious||M|||90|,,,,,Dark	left 0;left 1;messages 0 1 1	-,-,true	39342,62877,22896,31266	rs=- ended=1 winner=- turn=0 mid=1 left=0,0 fl=0,0 active=0,1,6,7 party=0,1,2,3;6,7,8,9,10,11 speeds=126,126,126,243,136,173,214,214,173,158 orders=0.0,1.0,0.0,0.0,2.0,3.0,0.0,0.0,0.0,0.0 so=3,1,0,2 mons=0.451.0.0.1.0.0.0.0.0.1.0 1.451.0.0.1.0.0.0.1.0.1.0 2.451.0.0.0.0.0.0.2.0.1.0 3.230.0.0.0.0.0.0.3.0.1.0 6.341.0.0.1.0.0.0.0.0.1.0 7.283.0.0.1.0.0.0.1.0.1.0 8.301.0.0.0.0.0.0.2.0.1.0 9.301.0.0.0.0.0.0.3.0.1.0 10.283.0.0.0.0.0.0.4.0.1.0 11.289.0.0.0.0.0.0.5.0.1.0	|~|tie	-:0:0,0
76	13540,59613,12047,33646	|tinglu||shellarmor|liquidation|Serious|||||100|,,,,,Ice]|tinglu||dancer|aquacutter|Serious||M|||100|,,,,,Fighting]|tinglu||dancer|aquacutter|Serious||M|||100|,,,,,Fighting]|miniorindigo||levitate|highhorsepower|Serious||F|||88|,,,,,Ground	|azumarill||dancer|slackoff|Serious|||||100|,,,,,Bug]|shiftry||earlybird|dazzlinggleam|Serious||F|||88|,,,,,Normal]|vivillonhighplains||terashell|seedbomb,stealthrock,boomburst|Serious||M|||100|,,,,,Rock]|vivillonhighplains||terashell|seedbomb,stealthrock,boomburst|Serious||M|||100|,,,,,Rock]|shiftry||earlybird|dazzlinggleam|Serious||F|||88|,,,,,Normal]|politoed||earlybird|aeroblast|Serious||M|||90|,,,,,Dark	limit 100	false	39342,62877,22896,31266	rs=- ended=0 winner=- turn=100 mid=1 left=4,6 fl=0,0 active=0,1,6,7 party=0,1,2,3;6,7,8,9,10,11 speeds=126,126,126,243,136,173,214,214,173,158 orders=0.0,1.0,0.0,0.0,2.0,3.0,0.0,0.0,0.0,0.0 so=3,1,0,2 mons=0.451.0.0.1.0.0.0.0.0.1.0 1.451.0.0.1.0.0.0.1.0.1.0 2.451.0.0.0.0.0.0.2.0.1.0 3.230.0.0.0.0.0.0.3.0.1.0 6.341.0.0.1.0.0.0.0.0.1.0 7.283.0.0.1.0.0.0.1.0.1.0 8.301.0.0.0.0.0.0.2.0.1.0 9.301.0.0.0.0.0.0.3.0.1.0 10.283.0.0.0.0.0.0.4.0.1.0 11.289.0.0.0.0.0.0.5.0.1.0		-
77	13540,59613,12047,33646	|tinglu||shellarmor|liquidation|Serious|||||100|,,,,,Ice]|tinglu||dancer|aquacutter|Serious||M|||100|,,,,,Fighting]|tinglu||dancer|aquacutter|Serious||M|||100|,,,,,Fighting]|miniorindigo||levitate|highhorsepower|Serious||F|||88|,,,,,Ground	|azumarill||dancer|slackoff|Serious|||||100|,,,,,Bug]|shiftry||earlybird|dazzlinggleam|Serious||F|||88|,,,,,Normal]|vivillonhighplains||terashell|seedbomb,stealthrock,boomburst|Serious||M|||100|,,,,,Rock]|vivillonhighplains||terashell|seedbomb,stealthrock,boomburst|Serious||M|||100|,,,,,Rock]|shiftry||earlybird|dazzlinggleam|Serious||F|||88|,,,,,Normal]|politoed||earlybird|aeroblast|Serious||M|||90|,,,,,Dark	limit 101	false	39342,62877,22896,31266	rs=- ended=0 winner=- turn=101 mid=1 left=4,6 fl=0,0 active=0,1,6,7 party=0,1,2,3;6,7,8,9,10,11 speeds=126,126,126,243,136,173,214,214,173,158 orders=0.0,1.0,0.0,0.0,2.0,3.0,0.0,0.0,0.0,0.0 so=3,1,0,2 mons=0.451.0.0.1.0.0.0.0.0.1.0 1.451.0.0.1.0.0.0.1.0.1.0 2.451.0.0.0.0.0.0.2.0.1.0 3.230.0.0.0.0.0.0.3.0.1.0 6.341.0.0.1.0.0.0.0.0.1.0 7.283.0.0.1.0.0.0.1.0.1.0 8.301.0.0.0.0.0.0.2.0.1.0 9.301.0.0.0.0.0.0.3.0.1.0 10.283.0.0.0.0.0.0.4.0.1.0 11.289.0.0.0.0.0.0.5.0.1.0		-
78	13540,59613,12047,33646	|tinglu||shellarmor|liquidation|Serious|||||100|,,,,,Ice]|tinglu||dancer|aquacutter|Serious||M|||100|,,,,,Fighting]|tinglu||dancer|aquacutter|Serious||M|||100|,,,,,Fighting]|miniorindigo||levitate|highhorsepower|Serious||F|||88|,,,,,Ground	|azumarill||dancer|slackoff|Serious|||||100|,,,,,Bug]|shiftry||earlybird|dazzlinggleam|Serious||F|||88|,,,,,Normal]|vivillonhighplains||terashell|seedbomb,stealthrock,boomburst|Serious||M|||100|,,,,,Rock]|vivillonhighplains||terashell|seedbomb,stealthrock,boomburst|Serious||M|||100|,,,,,Rock]|shiftry||earlybird|dazzlinggleam|Serious||F|||88|,,,,,Normal]|politoed||earlybird|aeroblast|Serious||M|||90|,,,,,Dark	limit 499	false	39342,62877,22896,31266	rs=- ended=0 winner=- turn=499 mid=1 left=4,6 fl=0,0 active=0,1,6,7 party=0,1,2,3;6,7,8,9,10,11 speeds=126,126,126,243,136,173,214,214,173,158 orders=0.0,1.0,0.0,0.0,2.0,3.0,0.0,0.0,0.0,0.0 so=3,1,0,2 mons=0.451.0.0.1.0.0.0.0.0.1.0 1.451.0.0.1.0.0.0.1.0.1.0 2.451.0.0.0.0.0.0.2.0.1.0 3.230.0.0.0.0.0.0.3.0.1.0 6.341.0.0.1.0.0.0.0.0.1.0 7.283.0.0.1.0.0.0.1.0.1.0 8.301.0.0.0.0.0.0.2.0.1.0 9.301.0.0.0.0.0.0.3.0.1.0 10.283.0.0.0.0.0.0.4.0.1.0 11.289.0.0.0.0.0.0.5.0.1.0		-
79	13540,59613,12047,33646	|tinglu||shellarmor|liquidation|Serious|||||100|,,,,,Ice]|tinglu||dancer|aquacutter|Serious||M|||100|,,,,,Fighting]|tinglu||dancer|aquacutter|Serious||M|||100|,,,,,Fighting]|miniorindigo||levitate|highhorsepower|Serious||F|||88|,,,,,Ground	|azumarill||dancer|slackoff|Serious|||||100|,,,,,Bug]|shiftry||earlybird|dazzlinggleam|Serious||F|||88|,,,,,Normal]|vivillonhighplains||terashell|seedbomb,stealthrock,boomburst|Serious||M|||100|,,,,,Rock]|vivillonhighplains||terashell|seedbomb,stealthrock,boomburst|Serious||M|||100|,,,,,Rock]|shiftry||earlybird|dazzlinggleam|Serious||F|||88|,,,,,Normal]|politoed||earlybird|aeroblast|Serious||M|||90|,,,,,Dark	limit 500	false	39342,62877,22896,31266	rs=- ended=0 winner=- turn=500 mid=1 left=4,6 fl=0,0 active=0,1,6,7 party=0,1,2,3;6,7,8,9,10,11 speeds=126,126,126,243,136,173,214,214,173,158 orders=0.0,1.0,0.0,0.0,2.0,3.0,0.0,0.0,0.0,0.0 so=3,1,0,2 mons=0.451.0.0.1.0.0.0.0.0.1.0 1.451.0.0.1.0.0.0.1.0.1.0 2.451.0.0.0.0.0.0.2.0.1.0 3.230.0.0.0.0.0.0.3.0.1.0 6.341.0.0.1.0.0.0.0.0.1.0 7.283.0.0.1.0.0.0.1.0.1.0 8.301.0.0.0.0.0.0.2.0.1.0 9.301.0.0.0.0.0.0.3.0.1.0 10.283.0.0.0.0.0.0.4.0.1.0 11.289.0.0.0.0.0.0.5.0.1.0	|bigerror|You will auto-tie if the battle doesn't end in 500 turns (on turn 1000).	-
80	13540,59613,12047,33646	|tinglu||shellarmor|liquidation|Serious|||||100|,,,,,Ice]|tinglu||dancer|aquacutter|Serious||M|||100|,,,,,Fighting]|tinglu||dancer|aquacutter|Serious||M|||100|,,,,,Fighting]|miniorindigo||levitate|highhorsepower|Serious||F|||88|,,,,,Ground	|azumarill||dancer|slackoff|Serious|||||100|,,,,,Bug]|shiftry||earlybird|dazzlinggleam|Serious||F|||88|,,,,,Normal]|vivillonhighplains||terashell|seedbomb,stealthrock,boomburst|Serious||M|||100|,,,,,Rock]|vivillonhighplains||terashell|seedbomb,stealthrock,boomburst|Serious||M|||100|,,,,,Rock]|shiftry||earlybird|dazzlinggleam|Serious||F|||88|,,,,,Normal]|politoed||earlybird|aeroblast|Serious||M|||90|,,,,,Dark	limit 899	false	39342,62877,22896,31266	rs=- ended=0 winner=- turn=899 mid=1 left=4,6 fl=0,0 active=0,1,6,7 party=0,1,2,3;6,7,8,9,10,11 speeds=126,126,126,243,136,173,214,214,173,158 orders=0.0,1.0,0.0,0.0,2.0,3.0,0.0,0.0,0.0,0.0 so=3,1,0,2 mons=0.451.0.0.1.0.0.0.0.0.1.0 1.451.0.0.1.0.0.0.1.0.1.0 2.451.0.0.0.0.0.0.2.0.1.0 3.230.0.0.0.0.0.0.3.0.1.0 6.341.0.0.1.0.0.0.0.0.1.0 7.283.0.0.1.0.0.0.1.0.1.0 8.301.0.0.0.0.0.0.2.0.1.0 9.301.0.0.0.0.0.0.3.0.1.0 10.283.0.0.0.0.0.0.4.0.1.0 11.289.0.0.0.0.0.0.5.0.1.0		-
81	13540,59613,12047,33646	|tinglu||shellarmor|liquidation|Serious|||||100|,,,,,Ice]|tinglu||dancer|aquacutter|Serious||M|||100|,,,,,Fighting]|tinglu||dancer|aquacutter|Serious||M|||100|,,,,,Fighting]|miniorindigo||levitate|highhorsepower|Serious||F|||88|,,,,,Ground	|azumarill||dancer|slackoff|Serious|||||100|,,,,,Bug]|shiftry||earlybird|dazzlinggleam|Serious||F|||88|,,,,,Normal]|vivillonhighplains||terashell|seedbomb,stealthrock,boomburst|Serious||M|||100|,,,,,Rock]|vivillonhighplains||terashell|seedbomb,stealthrock,boomburst|Serious||M|||100|,,,,,Rock]|shiftry||earlybird|dazzlinggleam|Serious||F|||88|,,,,,Normal]|politoed||earlybird|aeroblast|Serious||M|||90|,,,,,Dark	limit 900	false	39342,62877,22896,31266	rs=- ended=0 winner=- turn=900 mid=1 left=4,6 fl=0,0 active=0,1,6,7 party=0,1,2,3;6,7,8,9,10,11 speeds=126,126,126,243,136,173,214,214,173,158 orders=0.0,1.0,0.0,0.0,2.0,3.0,0.0,0.0,0.0,0.0 so=3,1,0,2 mons=0.451.0.0.1.0.0.0.0.0.1.0 1.451.0.0.1.0.0.0.1.0.1.0 2.451.0.0.0.0.0.0.2.0.1.0 3.230.0.0.0.0.0.0.3.0.1.0 6.341.0.0.1.0.0.0.0.0.1.0 7.283.0.0.1.0.0.0.1.0.1.0 8.301.0.0.0.0.0.0.2.0.1.0 9.301.0.0.0.0.0.0.3.0.1.0 10.283.0.0.0.0.0.0.4.0.1.0 11.289.0.0.0.0.0.0.5.0.1.0	|bigerror|You will auto-tie if the battle doesn't end in 100 turns (on turn 1000).	-
82	13540,59613,12047,33646	|tinglu||shellarmor|liquidation|Serious|||||100|,,,,,Ice]|tinglu||dancer|aquacutter|Serious||M|||100|,,,,,Fighting]|tinglu||dancer|aquacutter|Serious||M|||100|,,,,,Fighting]|miniorindigo||levitate|highhorsepower|Serious||F|||88|,,,,,Ground	|azumarill||dancer|slackoff|Serious|||||100|,,,,,Bug]|shiftry||earlybird|dazzlinggleam|Serious||F|||88|,,,,,Normal]|vivillonhighplains||terashell|seedbomb,stealthrock,boomburst|Serious||M|||100|,,,,,Rock]|vivillonhighplains||terashell|seedbomb,stealthrock,boomburst|Serious||M|||100|,,,,,Rock]|shiftry||earlybird|dazzlinggleam|Serious||F|||88|,,,,,Normal]|politoed||earlybird|aeroblast|Serious||M|||90|,,,,,Dark	limit 989	false	39342,62877,22896,31266	rs=- ended=0 winner=- turn=989 mid=1 left=4,6 fl=0,0 active=0,1,6,7 party=0,1,2,3;6,7,8,9,10,11 speeds=126,126,126,243,136,173,214,214,173,158 orders=0.0,1.0,0.0,0.0,2.0,3.0,0.0,0.0,0.0,0.0 so=3,1,0,2 mons=0.451.0.0.1.0.0.0.0.0.1.0 1.451.0.0.1.0.0.0.1.0.1.0 2.451.0.0.0.0.0.0.2.0.1.0 3.230.0.0.0.0.0.0.3.0.1.0 6.341.0.0.1.0.0.0.0.0.1.0 7.283.0.0.1.0.0.0.1.0.1.0 8.301.0.0.0.0.0.0.2.0.1.0 9.301.0.0.0.0.0.0.3.0.1.0 10.283.0.0.0.0.0.0.4.0.1.0 11.289.0.0.0.0.0.0.5.0.1.0		-
83	13540,59613,12047,33646	|tinglu||shellarmor|liquidation|Serious|||||100|,,,,,Ice]|tinglu||dancer|aquacutter|Serious||M|||100|,,,,,Fighting]|tinglu||dancer|aquacutter|Serious||M|||100|,,,,,Fighting]|miniorindigo||levitate|highhorsepower|Serious||F|||88|,,,,,Ground	|azumarill||dancer|slackoff|Serious|||||100|,,,,,Bug]|shiftry||earlybird|dazzlinggleam|Serious||F|||88|,,,,,Normal]|vivillonhighplains||terashell|seedbomb,stealthrock,boomburst|Serious||M|||100|,,,,,Rock]|vivillonhighplains||terashell|seedbomb,stealthrock,boomburst|Serious||M|||100|,,,,,Rock]|shiftry||earlybird|dazzlinggleam|Serious||F|||88|,,,,,Normal]|politoed||earlybird|aeroblast|Serious||M|||90|,,,,,Dark	limit 990	false	39342,62877,22896,31266	rs=- ended=0 winner=- turn=990 mid=1 left=4,6 fl=0,0 active=0,1,6,7 party=0,1,2,3;6,7,8,9,10,11 speeds=126,126,126,243,136,173,214,214,173,158 orders=0.0,1.0,0.0,0.0,2.0,3.0,0.0,0.0,0.0,0.0 so=3,1,0,2 mons=0.451.0.0.1.0.0.0.0.0.1.0 1.451.0.0.1.0.0.0.1.0.1.0 2.451.0.0.0.0.0.0.2.0.1.0 3.230.0.0.0.0.0.0.3.0.1.0 6.341.0.0.1.0.0.0.0.0.1.0 7.283.0.0.1.0.0.0.1.0.1.0 8.301.0.0.0.0.0.0.2.0.1.0 9.301.0.0.0.0.0.0.3.0.1.0 10.283.0.0.0.0.0.0.4.0.1.0 11.289.0.0.0.0.0.0.5.0.1.0	|bigerror|You will auto-tie if the battle doesn't end in 10 turns (on turn 1000).	-
84	13540,59613,12047,33646	|tinglu||shellarmor|liquidation|Serious|||||100|,,,,,Ice]|tinglu||dancer|aquacutter|Serious||M|||100|,,,,,Fighting]|tinglu||dancer|aquacutter|Serious||M|||100|,,,,,Fighting]|miniorindigo||levitate|highhorsepower|Serious||F|||88|,,,,,Ground	|azumarill||dancer|slackoff|Serious|||||100|,,,,,Bug]|shiftry||earlybird|dazzlinggleam|Serious||F|||88|,,,,,Normal]|vivillonhighplains||terashell|seedbomb,stealthrock,boomburst|Serious||M|||100|,,,,,Rock]|vivillonhighplains||terashell|seedbomb,stealthrock,boomburst|Serious||M|||100|,,,,,Rock]|shiftry||earlybird|dazzlinggleam|Serious||F|||88|,,,,,Normal]|politoed||earlybird|aeroblast|Serious||M|||90|,,,,,Dark	limit 999	false	39342,62877,22896,31266	rs=- ended=0 winner=- turn=999 mid=1 left=4,6 fl=0,0 active=0,1,6,7 party=0,1,2,3;6,7,8,9,10,11 speeds=126,126,126,243,136,173,214,214,173,158 orders=0.0,1.0,0.0,0.0,2.0,3.0,0.0,0.0,0.0,0.0 so=3,1,0,2 mons=0.451.0.0.1.0.0.0.0.0.1.0 1.451.0.0.1.0.0.0.1.0.1.0 2.451.0.0.0.0.0.0.2.0.1.0 3.230.0.0.0.0.0.0.3.0.1.0 6.341.0.0.1.0.0.0.0.0.1.0 7.283.0.0.1.0.0.0.1.0.1.0 8.301.0.0.0.0.0.0.2.0.1.0 9.301.0.0.0.0.0.0.3.0.1.0 10.283.0.0.0.0.0.0.4.0.1.0 11.289.0.0.0.0.0.0.5.0.1.0	|bigerror|You will auto-tie if the battle doesn't end in 1 turn (on turn 1000).	-
85	13540,59613,12047,33646	|tinglu||shellarmor|liquidation|Serious|||||100|,,,,,Ice]|tinglu||dancer|aquacutter|Serious||M|||100|,,,,,Fighting]|tinglu||dancer|aquacutter|Serious||M|||100|,,,,,Fighting]|miniorindigo||levitate|highhorsepower|Serious||F|||88|,,,,,Ground	|azumarill||dancer|slackoff|Serious|||||100|,,,,,Bug]|shiftry||earlybird|dazzlinggleam|Serious||F|||88|,,,,,Normal]|vivillonhighplains||terashell|seedbomb,stealthrock,boomburst|Serious||M|||100|,,,,,Rock]|vivillonhighplains||terashell|seedbomb,stealthrock,boomburst|Serious||M|||100|,,,,,Rock]|shiftry||earlybird|dazzlinggleam|Serious||F|||88|,,,,,Normal]|politoed||earlybird|aeroblast|Serious||M|||90|,,,,,Dark	limit 1000	false	39342,62877,22896,31266	rs=- ended=0 winner=- turn=1000 mid=1 left=4,6 fl=0,0 active=0,1,6,7 party=0,1,2,3;6,7,8,9,10,11 speeds=126,126,126,243,136,173,214,214,173,158 orders=0.0,1.0,0.0,0.0,2.0,3.0,0.0,0.0,0.0,0.0 so=3,1,0,2 mons=0.451.0.0.1.0.0.0.0.0.1.0 1.451.0.0.1.0.0.0.1.0.1.0 2.451.0.0.0.0.0.0.2.0.1.0 3.230.0.0.0.0.0.0.3.0.1.0 6.341.0.0.1.0.0.0.0.0.1.0 7.283.0.0.1.0.0.0.1.0.1.0 8.301.0.0.0.0.0.0.2.0.1.0 9.301.0.0.0.0.0.0.3.0.1.0 10.283.0.0.0.0.0.0.4.0.1.0 11.289.0.0.0.0.0.0.5.0.1.0	|bigerror|You will auto-tie if the battle doesn't end in 0 turns (on turn 1000).	-
86	13540,59613,12047,33646	|tinglu||shellarmor|liquidation|Serious|||||100|,,,,,Ice]|tinglu||dancer|aquacutter|Serious||M|||100|,,,,,Fighting]|tinglu||dancer|aquacutter|Serious||M|||100|,,,,,Fighting]|miniorindigo||levitate|highhorsepower|Serious||F|||88|,,,,,Ground	|azumarill||dancer|slackoff|Serious|||||100|,,,,,Bug]|shiftry||earlybird|dazzlinggleam|Serious||F|||88|,,,,,Normal]|vivillonhighplains||terashell|seedbomb,stealthrock,boomburst|Serious||M|||100|,,,,,Rock]|vivillonhighplains||terashell|seedbomb,stealthrock,boomburst|Serious||M|||100|,,,,,Rock]|shiftry||earlybird|dazzlinggleam|Serious||F|||88|,,,,,Normal]|politoed||earlybird|aeroblast|Serious||M|||90|,,,,,Dark	limit 1001	true	39342,62877,22896,31266	rs=- ended=1 winner=- turn=1001 mid=1 left=4,6 fl=0,0 active=0,1,6,7 party=0,1,2,3;6,7,8,9,10,11 speeds=126,126,126,243,136,173,214,214,173,158 orders=0.0,1.0,0.0,0.0,2.0,3.0,0.0,0.0,0.0,0.0 so=3,1,0,2 mons=0.451.0.0.1.0.0.0.0.0.1.0 1.451.0.0.1.0.0.0.1.0.1.0 2.451.0.0.0.0.0.0.2.0.1.0 3.230.0.0.0.0.0.0.3.0.1.0 6.341.0.0.1.0.0.0.0.0.1.0 7.283.0.0.1.0.0.0.1.0.1.0 8.301.0.0.0.0.0.0.2.0.1.0 9.301.0.0.0.0.0.0.3.0.1.0 10.283.0.0.0.0.0.0.4.0.1.0 11.289.0.0.0.0.0.0.5.0.1.0	|message|It is turn 1000. You have hit the turn limit!~|~|tie	-:1001:4,6
87	31171,4251,18061,22296	|ironleaves||dancer|acidspray|Serious||F|||50|,,,,,Ice]|scrafty||earlybird|fierydance,iceshard,icefang|Serious||M|||100|,,,,,Fighting]|ditto||levitate|sludgewave|Serious||M|||90|,,,,,Stellar]|scrafty||earlybird|fierydance,iceshard,icefang|Serious||M|||100|,,,,,Fighting]|ursaluna||levitate|bulletseed,firepunch|Serious|||||50|,,,,,Grass]|giratina||dancer|aquacutter|Serious||F|||100|,,,,,Bug	|lanturn||levitate|muddywater,aeroblast,ironhead,boltstrike|Serious|||||88|,,,,,Stellar]|ditto||levitate|sludgewave|Serious||M|||90|,,,,,Stellar]|politoed||dancer|lowsweep,fierywrath|Serious||F|||88|,,,,,Ground]|ditto||levitate|sludgewave|Serious||M|||90|,,,,,Stellar]|azumarill||terashell|seedflare|Serious||F|||88|,,,,,Stellar]|azumarill||terashell|seedflare|Serious||F|||88|,,,,,Stellar	wipe 0;messages 0 0 1	-,true	15774,52870,18914,34826	rs=- ended=1 winner=B turn=0 mid=1 left=0,6 fl=6,0 active=0,1,6,7 party=0,1,2,3,4,5;6,7,8,9,10,11 speeds=124,152,119,152,70,216,150,119,155,119,120,120 orders=0.0,1.0,0.0,0.0,0.0,0.0,2.0,3.0,0.0,0.0,0.0,0.0 so=2,1,0,3 mons=0.0.1.1.0.0.0.0.0.0.1.0 1.0.1.1.0.0.0.0.1.0.1.0 2.0.1.1.0.0.0.0.2.0.1.0 3.0.1.1.0.0.0.0.3.0.1.0 4.0.1.1.0.0.0.0.4.0.1.0 5.0.1.1.0.0.0.0.5.0.1.0 6.345.0.0.1.0.0.0.0.0.1.0 7.214.0.0.1.0.0.0.1.0.1.0 8.283.0.0.0.0.0.0.2.0.1.0 9.214.0.0.0.0.0.0.3.0.1.0 10.301.0.0.0.0.0.0.4.0.1.0 11.301.0.0.0.0.0.0.5.0.1.0	|faint|p1a: Iron Leaves~|faint|p1b: Scrafty~|faint|p1: Ditto~|faint|p1: Scrafty~|faint|p1: Ursaluna~|faint|p1: Giratina~|~|win|B	1:0:0,6
88	31171,4251,18061,22296	|ironleaves||dancer|acidspray|Serious||F|||50|,,,,,Ice]|scrafty||earlybird|fierydance,iceshard,icefang|Serious||M|||100|,,,,,Fighting]|ditto||levitate|sludgewave|Serious||M|||90|,,,,,Stellar]|scrafty||earlybird|fierydance,iceshard,icefang|Serious||M|||100|,,,,,Fighting]|ursaluna||levitate|bulletseed,firepunch|Serious|||||50|,,,,,Grass]|giratina||dancer|aquacutter|Serious||F|||100|,,,,,Bug	|lanturn||levitate|muddywater,aeroblast,ironhead,boltstrike|Serious|||||88|,,,,,Stellar]|ditto||levitate|sludgewave|Serious||M|||90|,,,,,Stellar]|politoed||dancer|lowsweep,fierywrath|Serious||F|||88|,,,,,Ground]|ditto||levitate|sludgewave|Serious||M|||90|,,,,,Stellar]|azumarill||terashell|seedflare|Serious||F|||88|,,,,,Stellar]|azumarill||terashell|seedflare|Serious||F|||88|,,,,,Stellar	wipe 1;messages 0 0 1	-,true	15774,52870,18914,34826	rs=- ended=1 winner=A turn=0 mid=1 left=6,0 fl=0,6 active=0,1,6,7 party=0,1,2,3,4,5;6,7,8,9,10,11 speeds=124,152,119,152,70,216,150,119,155,119,120,120 orders=0.0,1.0,0.0,0.0,0.0,0.0,2.0,3.0,0.0,0.0,0.0,0.0 so=2,1,0,3 mons=0.165.0.0.1.0.0.0.0.0.1.0 1.271.0.0.1.0.0.0.1.0.1.0 2.214.0.0.0.0.0.0.2.0.1.0 3.271.0.0.0.0.0.0.3.0.1.0 4.205.0.0.0.0.0.0.4.0.1.0 5.441.0.0.0.0.0.0.5.0.1.0 6.0.1.1.0.0.0.0.0.0.1.0 7.0.1.1.0.0.0.0.1.0.1.0 8.0.1.1.0.0.0.0.2.0.1.0 9.0.1.1.0.0.0.0.3.0.1.0 10.0.1.1.0.0.0.0.4.0.1.0 11.0.1.1.0.0.0.0.5.0.1.0	|faint|p2a: Lanturn~|faint|p2b: Ditto~|faint|p2: Politoed~|faint|p2: Ditto~|faint|p2: Azumarill~|faint|p2: Azumarill~|~|win|A	0:0:6,0
89	31171,4251,18061,22296	|ironleaves||dancer|acidspray|Serious||F|||50|,,,,,Ice]|scrafty||earlybird|fierydance,iceshard,icefang|Serious||M|||100|,,,,,Fighting]|ditto||levitate|sludgewave|Serious||M|||90|,,,,,Stellar]|scrafty||earlybird|fierydance,iceshard,icefang|Serious||M|||100|,,,,,Fighting]|ursaluna||levitate|bulletseed,firepunch|Serious|||||50|,,,,,Grass]|giratina||dancer|aquacutter|Serious||F|||100|,,,,,Bug	|lanturn||levitate|muddywater,aeroblast,ironhead,boltstrike|Serious|||||88|,,,,,Stellar]|ditto||levitate|sludgewave|Serious||M|||90|,,,,,Stellar]|politoed||dancer|lowsweep,fierywrath|Serious||F|||88|,,,,,Ground]|ditto||levitate|sludgewave|Serious||M|||90|,,,,,Stellar]|azumarill||terashell|seedflare|Serious||F|||88|,,,,,Stellar]|azumarill||terashell|seedflare|Serious||F|||88|,,,,,Stellar	wipe 0;wipe 1;messages 0 0 1	-,-,true	15774,52870,18914,34826	rs=- ended=1 winner=B turn=0 mid=1 left=0,0 fl=6,6 active=0,1,6,7 party=0,1,2,3,4,5;6,7,8,9,10,11 speeds=124,152,119,152,70,216,150,119,155,119,120,120 orders=0.0,1.0,0.0,0.0,0.0,0.0,2.0,3.0,0.0,0.0,0.0,0.0 so=2,1,0,3 mons=0.0.1.1.0.0.0.0.0.0.1.0 1.0.1.1.0.0.0.0.1.0.1.0 2.0.1.1.0.0.0.0.2.0.1.0 3.0.1.1.0.0.0.0.3.0.1.0 4.0.1.1.0.0.0.0.4.0.1.0 5.0.1.1.0.0.0.0.5.0.1.0 6.0.1.1.0.0.0.0.0.0.1.0 7.0.1.1.0.0.0.0.1.0.1.0 8.0.1.1.0.0.0.0.2.0.1.0 9.0.1.1.0.0.0.0.3.0.1.0 10.0.1.1.0.0.0.0.4.0.1.0 11.0.1.1.0.0.0.0.5.0.1.0	|faint|p1a: Iron Leaves~|faint|p1b: Scrafty~|faint|p1: Ditto~|faint|p1: Scrafty~|faint|p1: Ursaluna~|faint|p1: Giratina~|faint|p2a: Lanturn~|faint|p2b: Ditto~|faint|p2: Politoed~|faint|p2: Ditto~|faint|p2: Azumarill~|faint|p2: Azumarill~|~|win|B	1:0:0,0
90	31171,4251,18061,22296	|ironleaves||dancer|acidspray|Serious||F|||50|,,,,,Ice]|scrafty||earlybird|fierydance,iceshard,icefang|Serious||M|||100|,,,,,Fighting]|ditto||levitate|sludgewave|Serious||M|||90|,,,,,Stellar]|scrafty||earlybird|fierydance,iceshard,icefang|Serious||M|||100|,,,,,Fighting]|ursaluna||levitate|bulletseed,firepunch|Serious|||||50|,,,,,Grass]|giratina||dancer|aquacutter|Serious||F|||100|,,,,,Bug	|lanturn||levitate|muddywater,aeroblast,ironhead,boltstrike|Serious|||||88|,,,,,Stellar]|ditto||levitate|sludgewave|Serious||M|||90|,,,,,Stellar]|politoed||dancer|lowsweep,fierywrath|Serious||F|||88|,,,,,Ground]|ditto||levitate|sludgewave|Serious||M|||90|,,,,,Stellar]|azumarill||terashell|seedflare|Serious||F|||88|,,,,,Stellar]|azumarill||terashell|seedflare|Serious||F|||88|,,,,,Stellar	wipe 1;wipe 0;messages 0 0 1	-,-,true	15774,52870,18914,34826	rs=- ended=1 winner=A turn=0 mid=1 left=0,0 fl=6,6 active=0,1,6,7 party=0,1,2,3,4,5;6,7,8,9,10,11 speeds=124,152,119,152,70,216,150,119,155,119,120,120 orders=0.0,1.0,0.0,0.0,0.0,0.0,2.0,3.0,0.0,0.0,0.0,0.0 so=2,1,0,3 mons=0.0.1.1.0.0.0.0.0.0.1.0 1.0.1.1.0.0.0.0.1.0.1.0 2.0.1.1.0.0.0.0.2.0.1.0 3.0.1.1.0.0.0.0.3.0.1.0 4.0.1.1.0.0.0.0.4.0.1.0 5.0.1.1.0.0.0.0.5.0.1.0 6.0.1.1.0.0.0.0.0.0.1.0 7.0.1.1.0.0.0.0.1.0.1.0 8.0.1.1.0.0.0.0.2.0.1.0 9.0.1.1.0.0.0.0.3.0.1.0 10.0.1.1.0.0.0.0.4.0.1.0 11.0.1.1.0.0.0.0.5.0.1.0	|faint|p2a: Lanturn~|faint|p2b: Ditto~|faint|p2: Politoed~|faint|p2: Ditto~|faint|p2: Azumarill~|faint|p2: Azumarill~|faint|p1a: Iron Leaves~|faint|p1b: Scrafty~|faint|p1: Ditto~|faint|p1: Scrafty~|faint|p1: Ursaluna~|faint|p1: Giratina~|~|win|A	0:0:0,0
91	31171,4251,18061,22296	|ironleaves||dancer|acidspray|Serious||F|||50|,,,,,Ice]|scrafty||earlybird|fierydance,iceshard,icefang|Serious||M|||100|,,,,,Fighting]|ditto||levitate|sludgewave|Serious||M|||90|,,,,,Stellar]|scrafty||earlybird|fierydance,iceshard,icefang|Serious||M|||100|,,,,,Fighting]|ursaluna||levitate|bulletseed,firepunch|Serious|||||50|,,,,,Grass]|giratina||dancer|aquacutter|Serious||F|||100|,,,,,Bug	|lanturn||levitate|muddywater,aeroblast,ironhead,boltstrike|Serious|||||88|,,,,,Stellar]|ditto||levitate|sludgewave|Serious||M|||90|,,,,,Stellar]|politoed||dancer|lowsweep,fierywrath|Serious||F|||88|,,,,,Ground]|ditto||levitate|sludgewave|Serious||M|||90|,,,,,Stellar]|azumarill||terashell|seedflare|Serious||F|||88|,,,,,Stellar]|azumarill||terashell|seedflare|Serious||F|||88|,,,,,Stellar	wipe 0;wipe 1;messages 1 0 1	-,-,true	15774,52870,18914,34826	rs=- ended=1 winner=B turn=0 mid=1 left=0,0 fl=6,6 active=0,1,6,7 party=0,1,2,3,4,5;6,7,8,9,10,11 speeds=124,152,119,152,70,216,150,119,155,119,120,120 orders=0.0,1.0,0.0,0.0,0.0,0.0,2.0,3.0,0.0,0.0,0.0,0.0 so=2,1,0,3 mons=0.0.1.1.0.0.0.0.0.0.1.0 1.0.1.1.0.0.0.0.1.0.1.0 2.0.1.1.0.0.0.0.2.0.1.0 3.0.1.1.0.0.0.0.3.0.1.0 4.0.1.1.0.0.0.0.4.0.1.0 5.0.1.1.0.0.0.0.5.0.1.0 6.0.1.1.0.0.0.0.0.0.1.0 7.0.1.1.0.0.0.0.1.0.1.0 8.0.1.1.0.0.0.0.2.0.1.0 9.0.1.1.0.0.0.0.3.0.1.0 10.0.1.1.0.0.0.0.4.0.1.0 11.0.1.1.0.0.0.0.5.0.1.0	|faint|p2: Azumarill~|faint|p1a: Iron Leaves~|faint|p1b: Scrafty~|faint|p1: Ditto~|faint|p1: Scrafty~|faint|p1: Ursaluna~|faint|p1: Giratina~|faint|p2a: Lanturn~|faint|p2b: Ditto~|faint|p2: Politoed~|faint|p2: Ditto~|faint|p2: Azumarill~|~|win|B	1:0:0,0
92	31171,4251,18061,22296	|ironleaves||dancer|acidspray|Serious||F|||50|,,,,,Ice]|scrafty||earlybird|fierydance,iceshard,icefang|Serious||M|||100|,,,,,Fighting]|ditto||levitate|sludgewave|Serious||M|||90|,,,,,Stellar]|scrafty||earlybird|fierydance,iceshard,icefang|Serious||M|||100|,,,,,Fighting]|ursaluna||levitate|bulletseed,firepunch|Serious|||||50|,,,,,Grass]|giratina||dancer|aquacutter|Serious||F|||100|,,,,,Bug	|lanturn||levitate|muddywater,aeroblast,ironhead,boltstrike|Serious|||||88|,,,,,Stellar]|ditto||levitate|sludgewave|Serious||M|||90|,,,,,Stellar]|politoed||dancer|lowsweep,fierywrath|Serious||F|||88|,,,,,Ground]|ditto||levitate|sludgewave|Serious||M|||90|,,,,,Stellar]|azumarill||terashell|seedflare|Serious||F|||88|,,,,,Stellar]|azumarill||terashell|seedflare|Serious||F|||88|,,,,,Stellar	wipe 1;wipe 0;messages 1 0 1	-,-,true	15774,52870,18914,34826	rs=- ended=1 winner=A turn=0 mid=1 left=0,0 fl=6,6 active=0,1,6,7 party=0,1,2,3,4,5;6,7,8,9,10,11 speeds=124,152,119,152,70,216,150,119,155,119,120,120 orders=0.0,1.0,0.0,0.0,0.0,0.0,2.0,3.0,0.0,0.0,0.0,0.0 so=2,1,0,3 mons=0.0.1.1.0.0.0.0.0.0.1.0 1.0.1.1.0.0.0.0.1.0.1.0 2.0.1.1.0.0.0.0.2.0.1.0 3.0.1.1.0.0.0.0.3.0.1.0 4.0.1.1.0.0.0.0.4.0.1.0 5.0.1.1.0.0.0.0.5.0.1.0 6.0.1.1.0.0.0.0.0.0.1.0 7.0.1.1.0.0.0.0.1.0.1.0 8.0.1.1.0.0.0.0.2.0.1.0 9.0.1.1.0.0.0.0.3.0.1.0 10.0.1.1.0.0.0.0.4.0.1.0 11.0.1.1.0.0.0.0.5.0.1.0	|faint|p1: Giratina~|faint|p2a: Lanturn~|faint|p2b: Ditto~|faint|p2: Politoed~|faint|p2: Ditto~|faint|p2: Azumarill~|faint|p2: Azumarill~|faint|p1a: Iron Leaves~|faint|p1b: Scrafty~|faint|p1: Ditto~|faint|p1: Scrafty~|faint|p1: Ursaluna~|~|win|A	0:0:0,0
93	31171,4251,18061,22296	|ironleaves||dancer|acidspray|Serious||F|||50|,,,,,Ice]|scrafty||earlybird|fierydance,iceshard,icefang|Serious||M|||100|,,,,,Fighting]|ditto||levitate|sludgewave|Serious||M|||90|,,,,,Stellar]|scrafty||earlybird|fierydance,iceshard,icefang|Serious||M|||100|,,,,,Fighting]|ursaluna||levitate|bulletseed,firepunch|Serious|||||50|,,,,,Grass]|giratina||dancer|aquacutter|Serious||F|||100|,,,,,Bug	|lanturn||levitate|muddywater,aeroblast,ironhead,boltstrike|Serious|||||88|,,,,,Stellar]|ditto||levitate|sludgewave|Serious||M|||90|,,,,,Stellar]|politoed||dancer|lowsweep,fierywrath|Serious||F|||88|,,,,,Ground]|ditto||levitate|sludgewave|Serious||M|||90|,,,,,Stellar]|azumarill||terashell|seedflare|Serious||F|||88|,,,,,Stellar]|azumarill||terashell|seedflare|Serious||F|||88|,,,,,Stellar	wipe 0;wipe 1;messages 0 0 0;messages 0 1 1	-,-,false,true	15774,52870,18914,34826	rs=- ended=1 winner=- turn=0 mid=1 left=0,0 fl=6,6 active=0,1,6,7 party=0,1,2,3,4,5;6,7,8,9,10,11 speeds=124,152,119,152,70,216,150,119,155,119,120,120 orders=0.0,1.0,0.0,0.0,0.0,0.0,2.0,3.0,0.0,0.0,0.0,0.0 so=2,1,0,3 mons=0.0.1.1.0.0.0.0.0.0.1.0 1.0.1.1.0.0.0.0.1.0.1.0 2.0.1.1.0.0.0.0.2.0.1.0 3.0.1.1.0.0.0.0.3.0.1.0 4.0.1.1.0.0.0.0.4.0.1.0 5.0.1.1.0.0.0.0.5.0.1.0 6.0.1.1.0.0.0.0.0.0.1.0 7.0.1.1.0.0.0.0.1.0.1.0 8.0.1.1.0.0.0.0.2.0.1.0 9.0.1.1.0.0.0.0.3.0.1.0 10.0.1.1.0.0.0.0.4.0.1.0 11.0.1.1.0.0.0.0.5.0.1.0	|faint|p1a: Iron Leaves~|faint|p1b: Scrafty~|faint|p1: Ditto~|faint|p1: Scrafty~|faint|p1: Ursaluna~|faint|p1: Giratina~|faint|p2a: Lanturn~|faint|p2b: Ditto~|faint|p2: Politoed~|faint|p2: Ditto~|faint|p2: Azumarill~|faint|p2: Azumarill~|~|tie	-:0:0,0
94	31171,4251,18061,22296	|ironleaves||dancer|acidspray|Serious||F|||50|,,,,,Ice]|scrafty||earlybird|fierydance,iceshard,icefang|Serious||M|||100|,,,,,Fighting]|ditto||levitate|sludgewave|Serious||M|||90|,,,,,Stellar]|scrafty||earlybird|fierydance,iceshard,icefang|Serious||M|||100|,,,,,Fighting]|ursaluna||levitate|bulletseed,firepunch|Serious|||||50|,,,,,Grass]|giratina||dancer|aquacutter|Serious||F|||100|,,,,,Bug	|lanturn||levitate|muddywater,aeroblast,ironhead,boltstrike|Serious|||||88|,,,,,Stellar]|ditto||levitate|sludgewave|Serious||M|||90|,,,,,Stellar]|politoed||dancer|lowsweep,fierywrath|Serious||F|||88|,,,,,Ground]|ditto||levitate|sludgewave|Serious||M|||90|,,,,,Stellar]|azumarill||terashell|seedflare|Serious||F|||88|,,,,,Stellar]|azumarill||terashell|seedflare|Serious||F|||88|,,,,,Stellar	faint 0;messages 0 0 0;checkfainted	-,false,-	15774,52870,18914,34826	rs=- ended=0 winner=- turn=0 mid=1 left=5,6 fl=1,0 active=0,1,6,7 party=0,1,2,3,4,5;6,7,8,9,10,11 speeds=124,152,119,152,70,216,150,119,155,119,120,120 orders=0.0,1.0,0.0,0.0,0.0,0.0,2.0,3.0,0.0,0.0,0.0,0.0 so=2,1,0,3 mons=0.0.1.1.0.1.0.1.0.0.1.0 1.271.0.0.1.0.0.0.1.0.1.0 2.214.0.0.0.0.0.0.2.0.1.0 3.271.0.0.0.0.0.0.3.0.1.0 4.205.0.0.0.0.0.0.4.0.1.0 5.441.0.0.0.0.0.0.5.0.1.0 6.345.0.0.1.0.0.0.0.0.1.0 7.214.0.0.1.0.0.0.1.0.1.0 8.283.0.0.0.0.0.0.2.0.1.0 9.214.0.0.0.0.0.0.3.0.1.0 10.301.0.0.0.0.0.0.4.0.1.0 11.301.0.0.0.0.0.0.5.0.1.0	|faint|p1a: Iron Leaves	-
95	31171,4251,18061,22296	|ironleaves||dancer|acidspray|Serious||F|||50|,,,,,Ice]|scrafty||earlybird|fierydance,iceshard,icefang|Serious||M|||100|,,,,,Fighting]|ditto||levitate|sludgewave|Serious||M|||90|,,,,,Stellar]|scrafty||earlybird|fierydance,iceshard,icefang|Serious||M|||100|,,,,,Fighting]|ursaluna||levitate|bulletseed,firepunch|Serious|||||50|,,,,,Grass]|giratina||dancer|aquacutter|Serious||F|||100|,,,,,Bug	|lanturn||levitate|muddywater,aeroblast,ironhead,boltstrike|Serious|||||88|,,,,,Stellar]|ditto||levitate|sludgewave|Serious||M|||90|,,,,,Stellar]|politoed||dancer|lowsweep,fierywrath|Serious||F|||88|,,,,,Ground]|ditto||levitate|sludgewave|Serious||M|||90|,,,,,Stellar]|azumarill||terashell|seedflare|Serious||F|||88|,,,,,Stellar]|azumarill||terashell|seedflare|Serious||F|||88|,,,,,Stellar	tera 0;faint 0;messages 0 0 0;checkfainted	-,-,false,-	15774,52870,18914,34826	rs=- ended=0 winner=- turn=0 mid=1 left=5,6 fl=1,0 active=0,1,6,7 party=0,1,2,3,4,5;6,7,8,9,10,11 speeds=124,152,119,152,70,216,150,119,155,119,120,120 orders=0.0,1.0,0.0,0.0,0.0,0.0,2.0,3.0,0.0,0.0,0.0,0.0 so=2,1,0,3 mons=0.0.1.1.0.1.0.1.0.0.0.0 1.271.0.0.1.0.0.0.1.0.0.0 2.214.0.0.0.0.0.0.2.0.0.0 3.271.0.0.0.0.0.0.3.0.0.0 4.205.0.0.0.0.0.0.4.0.0.0 5.441.0.0.0.0.0.0.5.0.0.0 6.345.0.0.1.0.0.0.0.0.1.0 7.214.0.0.1.0.0.0.1.0.1.0 8.283.0.0.0.0.0.0.2.0.1.0 9.214.0.0.0.0.0.0.3.0.1.0 10.301.0.0.0.0.0.0.4.0.1.0 11.301.0.0.0.0.0.0.5.0.1.0	|-terastallize|p1a: Iron Leaves|Ice~|faint|p1a: Iron Leaves	-
96	31171,4251,18061,22296	|ironleaves||dancer|acidspray|Serious||F|||50|,,,,,Ice]|scrafty||earlybird|fierydance,iceshard,icefang|Serious||M|||100|,,,,,Fighting]|ditto||levitate|sludgewave|Serious||M|||90|,,,,,Stellar]|scrafty||earlybird|fierydance,iceshard,icefang|Serious||M|||100|,,,,,Fighting]|ursaluna||levitate|bulletseed,firepunch|Serious|||||50|,,,,,Grass]|giratina||dancer|aquacutter|Serious||F|||100|,,,,,Bug	|lanturn||levitate|muddywater,aeroblast,ironhead,boltstrike|Serious|||||88|,,,,,Stellar]|ditto||levitate|sludgewave|Serious||M|||90|,,,,,Stellar]|politoed||dancer|lowsweep,fierywrath|Serious||F|||88|,,,,,Ground]|ditto||levitate|sludgewave|Serious||M|||90|,,,,,Stellar]|azumarill||terashell|seedflare|Serious||F|||88|,,,,,Stellar]|azumarill||terashell|seedflare|Serious||F|||88|,,,,,Stellar	tera 6;faint 6;messages 0 0 0;checkfainted	-,-,false,-	15774,52870,18914,34826	rs=- ended=0 winner=- turn=0 mid=1 left=6,5 fl=0,1 active=0,1,6,7 party=0,1,2,3,4,5;6,7,8,9,10,11 speeds=124,152,119,152,70,216,150,119,155,119,120,120 orders=0.0,1.0,0.0,0.0,0.0,0.0,2.0,3.0,0.0,0.0,0.0,0.0 so=2,1,0,3 mons=0.165.0.0.1.0.0.0.0.0.1.0 1.271.0.0.1.0.0.0.1.0.1.0 2.214.0.0.0.0.0.0.2.0.1.0 3.271.0.0.0.0.0.0.3.0.1.0 4.205.0.0.0.0.0.0.4.0.1.0 5.441.0.0.0.0.0.0.5.0.1.0 6.0.1.1.0.1.0.1.0.0.0.0 7.214.0.0.1.0.0.0.1.0.0.0 8.283.0.0.0.0.0.0.2.0.0.0 9.214.0.0.0.0.0.0.3.0.0.0 10.301.0.0.0.0.0.0.4.0.0.0 11.301.0.0.0.0.0.0.5.0.0.0	|-terastallize|p2a: Lanturn|Stellar~|faint|p2a: Lanturn	-
97	31171,4251,18061,22296	|ironleaves||dancer|acidspray|Serious||F|||50|,,,,,Ice]|scrafty||earlybird|fierydance,iceshard,icefang|Serious||M|||100|,,,,,Fighting]|ditto||levitate|sludgewave|Serious||M|||90|,,,,,Stellar]|scrafty||earlybird|fierydance,iceshard,icefang|Serious||M|||100|,,,,,Fighting]|ursaluna||levitate|bulletseed,firepunch|Serious|||||50|,,,,,Grass]|giratina||dancer|aquacutter|Serious||F|||100|,,,,,Bug	|lanturn||levitate|muddywater,aeroblast,ironhead,boltstrike|Serious|||||88|,,,,,Stellar]|ditto||levitate|sludgewave|Serious||M|||90|,,,,,Stellar]|politoed||dancer|lowsweep,fierywrath|Serious||F|||88|,,,,,Ground]|ditto||levitate|sludgewave|Serious||M|||90|,,,,,Stellar]|azumarill||terashell|seedflare|Serious||F|||88|,,,,,Stellar]|azumarill||terashell|seedflare|Serious||F|||88|,,,,,Stellar	cap 0;faint 0;messages 0 0 0	-,-,false	15774,52870,18914,34826	rs=- ended=0 winner=- turn=0 mid=1 left=5,6 fl=100,0 active=0,1,6,7 party=0,1,2,3,4,5;6,7,8,9,10,11 speeds=124,152,119,152,70,216,150,119,155,119,120,120 orders=0.0,1.0,0.0,0.0,0.0,0.0,2.0,3.0,0.0,0.0,0.0,0.0 so=2,1,0,3 mons=0.0.1.1.0.0.0.0.0.0.1.0 1.271.0.0.1.0.0.0.1.0.1.0 2.214.0.0.0.0.0.0.2.0.1.0 3.271.0.0.0.0.0.0.3.0.1.0 4.205.0.0.0.0.0.0.4.0.1.0 5.441.0.0.0.0.0.0.5.0.1.0 6.345.0.0.1.0.0.0.0.0.1.0 7.214.0.0.1.0.0.0.1.0.1.0 8.283.0.0.0.0.0.0.2.0.1.0 9.214.0.0.0.0.0.0.3.0.1.0 10.301.0.0.0.0.0.0.4.0.1.0 11.301.0.0.0.0.0.0.5.0.1.0	|faint|p1a: Iron Leaves	-
98	31171,4251,18061,22296	|ironleaves||dancer|acidspray|Serious||F|||50|,,,,,Ice]|scrafty||earlybird|fierydance,iceshard,icefang|Serious||M|||100|,,,,,Fighting]|ditto||levitate|sludgewave|Serious||M|||90|,,,,,Stellar]|scrafty||earlybird|fierydance,iceshard,icefang|Serious||M|||100|,,,,,Fighting]|ursaluna||levitate|bulletseed,firepunch|Serious|||||50|,,,,,Grass]|giratina||dancer|aquacutter|Serious||F|||100|,,,,,Bug	|lanturn||levitate|muddywater,aeroblast,ironhead,boltstrike|Serious|||||88|,,,,,Stellar]|ditto||levitate|sludgewave|Serious||M|||90|,,,,,Stellar]|politoed||dancer|lowsweep,fierywrath|Serious||F|||88|,,,,,Ground]|ditto||levitate|sludgewave|Serious||M|||90|,,,,,Stellar]|azumarill||terashell|seedflare|Serious||F|||88|,,,,,Stellar]|azumarill||terashell|seedflare|Serious||F|||88|,,,,,Stellar	faint 0;faint 0;messages 0 0 0;messages 0 0 1	-,-,false,false	15774,52870,18914,34826	rs=- ended=0 winner=- turn=0 mid=1 left=5,6 fl=1,0 active=0,1,6,7 party=0,1,2,3,4,5;6,7,8,9,10,11 speeds=124,152,119,152,70,216,150,119,155,119,120,120 orders=0.0,1.0,0.0,0.0,0.0,0.0,2.0,3.0,0.0,0.0,0.0,0.0 so=2,1,0,3 mons=0.0.1.1.0.0.0.0.0.0.1.0 1.271.0.0.1.0.0.0.1.0.1.0 2.214.0.0.0.0.0.0.2.0.1.0 3.271.0.0.0.0.0.0.3.0.1.0 4.205.0.0.0.0.0.0.4.0.1.0 5.441.0.0.0.0.0.0.5.0.1.0 6.345.0.0.1.0.0.0.0.0.1.0 7.214.0.0.1.0.0.0.1.0.1.0 8.283.0.0.0.0.0.0.2.0.1.0 9.214.0.0.0.0.0.0.3.0.1.0 10.301.0.0.0.0.0.0.4.0.1.0 11.301.0.0.0.0.0.0.5.0.1.0	|faint|p1a: Iron Leaves	-
99	31171,4251,18061,22296	|ironleaves||dancer|acidspray|Serious||F|||50|,,,,,Ice]|scrafty||earlybird|fierydance,iceshard,icefang|Serious||M|||100|,,,,,Fighting]|ditto||levitate|sludgewave|Serious||M|||90|,,,,,Stellar]|scrafty||earlybird|fierydance,iceshard,icefang|Serious||M|||100|,,,,,Fighting]|ursaluna||levitate|bulletseed,firepunch|Serious|||||50|,,,,,Grass]|giratina||dancer|aquacutter|Serious||F|||100|,,,,,Bug	|lanturn||levitate|muddywater,aeroblast,ironhead,boltstrike|Serious|||||88|,,,,,Stellar]|ditto||levitate|sludgewave|Serious||M|||90|,,,,,Stellar]|politoed||dancer|lowsweep,fierywrath|Serious||F|||88|,,,,,Ground]|ditto||levitate|sludgewave|Serious||M|||90|,,,,,Stellar]|azumarill||terashell|seedflare|Serious||F|||88|,,,,,Stellar]|azumarill||terashell|seedflare|Serious||F|||88|,,,,,Stellar	tie;tie;messages 0 1 1	true,false,-	15774,52870,18914,34826	rs=- ended=1 winner=- turn=0 mid=1 left=6,6 fl=0,0 active=0,1,6,7 party=0,1,2,3,4,5;6,7,8,9,10,11 speeds=124,152,119,152,70,216,150,119,155,119,120,120 orders=0.0,1.0,0.0,0.0,0.0,0.0,2.0,3.0,0.0,0.0,0.0,0.0 so=2,1,0,3 mons=0.165.0.0.1.0.0.0.0.0.1.0 1.271.0.0.1.0.0.0.1.0.1.0 2.214.0.0.0.0.0.0.2.0.1.0 3.271.0.0.0.0.0.0.3.0.1.0 4.205.0.0.0.0.0.0.4.0.1.0 5.441.0.0.0.0.0.0.5.0.1.0 6.345.0.0.1.0.0.0.0.0.1.0 7.214.0.0.1.0.0.0.1.0.1.0 8.283.0.0.0.0.0.0.2.0.1.0 9.214.0.0.0.0.0.0.3.0.1.0 10.301.0.0.0.0.0.0.4.0.1.0 11.301.0.0.0.0.0.0.5.0.1.0	|~|tie	-:0:6,6
100	31171,4251,18061,22296	|ironleaves||dancer|acidspray|Serious||F|||50|,,,,,Ice]|scrafty||earlybird|fierydance,iceshard,icefang|Serious||M|||100|,,,,,Fighting]|ditto||levitate|sludgewave|Serious||M|||90|,,,,,Stellar]|scrafty||earlybird|fierydance,iceshard,icefang|Serious||M|||100|,,,,,Fighting]|ursaluna||levitate|bulletseed,firepunch|Serious|||||50|,,,,,Grass]|giratina||dancer|aquacutter|Serious||F|||100|,,,,,Bug	|lanturn||levitate|muddywater,aeroblast,ironhead,boltstrike|Serious|||||88|,,,,,Stellar]|ditto||levitate|sludgewave|Serious||M|||90|,,,,,Stellar]|politoed||dancer|lowsweep,fierywrath|Serious||F|||88|,,,,,Ground]|ditto||levitate|sludgewave|Serious||M|||90|,,,,,Stellar]|azumarill||terashell|seedflare|Serious||F|||88|,,,,,Stellar]|azumarill||terashell|seedflare|Serious||F|||88|,,,,,Stellar	lose 0;lose 1	true,false	15774,52870,18914,34826	rs=- ended=1 winner=B turn=0 mid=1 left=6,6 fl=0,0 active=0,1,6,7 party=0,1,2,3,4,5;6,7,8,9,10,11 speeds=124,152,119,152,70,216,150,119,155,119,120,120 orders=0.0,1.0,0.0,0.0,0.0,0.0,2.0,3.0,0.0,0.0,0.0,0.0 so=2,1,0,3 mons=0.165.0.0.1.0.0.0.0.0.1.0 1.271.0.0.1.0.0.0.1.0.1.0 2.214.0.0.0.0.0.0.2.0.1.0 3.271.0.0.0.0.0.0.3.0.1.0 4.205.0.0.0.0.0.0.4.0.1.0 5.441.0.0.0.0.0.0.5.0.1.0 6.345.0.0.1.0.0.0.0.0.1.0 7.214.0.0.1.0.0.0.1.0.1.0 8.283.0.0.0.0.0.0.2.0.1.0 9.214.0.0.0.0.0.0.3.0.1.0 10.301.0.0.0.0.0.0.4.0.1.0 11.301.0.0.0.0.0.0.5.0.1.0	|~|win|B	1:0:6,6
101	31171,4251,18061,22296	|ironleaves||dancer|acidspray|Serious||F|||50|,,,,,Ice]|scrafty||earlybird|fierydance,iceshard,icefang|Serious||M|||100|,,,,,Fighting]|ditto||levitate|sludgewave|Serious||M|||90|,,,,,Stellar]|scrafty||earlybird|fierydance,iceshard,icefang|Serious||M|||100|,,,,,Fighting]|ursaluna||levitate|bulletseed,firepunch|Serious|||||50|,,,,,Grass]|giratina||dancer|aquacutter|Serious||F|||100|,,,,,Bug	|lanturn||levitate|muddywater,aeroblast,ironhead,boltstrike|Serious|||||88|,,,,,Stellar]|ditto||levitate|sludgewave|Serious||M|||90|,,,,,Stellar]|politoed||dancer|lowsweep,fierywrath|Serious||F|||88|,,,,,Ground]|ditto||levitate|sludgewave|Serious||M|||90|,,,,,Stellar]|azumarill||terashell|seedflare|Serious||F|||88|,,,,,Stellar]|azumarill||terashell|seedflare|Serious||F|||88|,,,,,Stellar	tiebreak	true	15774,52870,18914,34826	rs=- ended=1 winner=B turn=0 mid=1 left=6,6 fl=0,0 active=0,1,6,7 party=0,1,2,3,4,5;6,7,8,9,10,11 speeds=124,152,119,152,70,216,150,119,155,119,120,120 orders=0.0,1.0,0.0,0.0,0.0,0.0,2.0,3.0,0.0,0.0,0.0,0.0 so=2,1,0,3 mons=0.165.0.0.1.0.0.0.0.0.1.0 1.271.0.0.1.0.0.0.1.0.1.0 2.214.0.0.0.0.0.0.2.0.1.0 3.271.0.0.0.0.0.0.3.0.1.0 4.205.0.0.0.0.0.0.4.0.1.0 5.441.0.0.0.0.0.0.5.0.1.0 6.345.0.0.1.0.0.0.0.0.1.0 7.214.0.0.1.0.0.0.1.0.1.0 8.283.0.0.0.0.0.0.2.0.1.0 9.214.0.0.0.0.0.0.3.0.1.0 10.301.0.0.0.0.0.0.4.0.1.0 11.301.0.0.0.0.0.0.5.0.1.0	|message|Time's up! Going to tiebreaker...~|-message|A: 6 Pokemon left; B: 6 Pokemon left~|-message|A: 100% total HP left; B: 100% total HP left~|-message|A: 1567 total HP left; B: 1658 total HP left~|~|win|B	1:0:6,6
102	31171,4251,18061,22296	|ironleaves||dancer|acidspray|Serious||F|||50|,,,,,Ice]|scrafty||earlybird|fierydance,iceshard,icefang|Serious||M|||100|,,,,,Fighting]|ditto||levitate|sludgewave|Serious||M|||90|,,,,,Stellar]|scrafty||earlybird|fierydance,iceshard,icefang|Serious||M|||100|,,,,,Fighting]|ursaluna||levitate|bulletseed,firepunch|Serious|||||50|,,,,,Grass]|giratina||dancer|aquacutter|Serious||F|||100|,,,,,Bug	|lanturn||levitate|muddywater,aeroblast,ironhead,boltstrike|Serious|||||88|,,,,,Stellar]|ditto||levitate|sludgewave|Serious||M|||90|,,,,,Stellar]|politoed||dancer|lowsweep,fierywrath|Serious||F|||88|,,,,,Ground]|ditto||levitate|sludgewave|Serious||M|||90|,,,,,Stellar]|azumarill||terashell|seedflare|Serious||F|||88|,,,,,Stellar]|azumarill||terashell|seedflare|Serious||F|||88|,,,,,Stellar	fraction 0 0.5;fraction 1 0.25;tiebreak	-,-,true	15774,52870,18914,34826	rs=- ended=1 winner=A turn=0 mid=1 left=6,6 fl=0,0 active=0,1,6,7 party=0,1,2,3,4,5;6,7,8,9,10,11 speeds=124,152,119,152,70,216,150,119,155,119,120,120 orders=0.0,1.0,0.0,0.0,0.0,0.0,2.0,3.0,0.0,0.0,0.0,0.0 so=2,1,0,3 mons=0.82.0.0.1.0.0.0.0.0.1.0 1.135.0.0.1.0.0.0.1.0.1.0 2.107.0.0.0.0.0.0.2.0.1.0 3.135.0.0.0.0.0.0.3.0.1.0 4.102.0.0.0.0.0.0.4.0.1.0 5.220.0.0.0.0.0.0.5.0.1.0 6.86.0.0.1.0.0.0.0.0.1.0 7.53.0.0.1.0.0.0.1.0.1.0 8.70.0.0.0.0.0.0.2.0.1.0 9.53.0.0.0.0.0.0.3.0.1.0 10.75.0.0.0.0.0.0.4.0.1.0 11.75.0.0.0.0.0.0.5.0.1.0	|message|Time's up! Going to tiebreaker...~|-message|A: 6 Pokemon left; B: 6 Pokemon left~|-message|A: 50% total HP left; B: 25% total HP left~|~|win|A	0:0:6,6
103	31171,4251,18061,22296	|ironleaves||dancer|acidspray|Serious||F|||50|,,,,,Ice]|scrafty||earlybird|fierydance,iceshard,icefang|Serious||M|||100|,,,,,Fighting]|ditto||levitate|sludgewave|Serious||M|||90|,,,,,Stellar]|scrafty||earlybird|fierydance,iceshard,icefang|Serious||M|||100|,,,,,Fighting]|ursaluna||levitate|bulletseed,firepunch|Serious|||||50|,,,,,Grass]|giratina||dancer|aquacutter|Serious||F|||100|,,,,,Bug	|lanturn||levitate|muddywater,aeroblast,ironhead,boltstrike|Serious|||||88|,,,,,Stellar]|ditto||levitate|sludgewave|Serious||M|||90|,,,,,Stellar]|politoed||dancer|lowsweep,fierywrath|Serious||F|||88|,,,,,Ground]|ditto||levitate|sludgewave|Serious||M|||90|,,,,,Stellar]|azumarill||terashell|seedflare|Serious||F|||88|,,,,,Stellar]|azumarill||terashell|seedflare|Serious||F|||88|,,,,,Stellar	faint 0;messages 0 0 0;tiebreak	-,false,true	15774,52870,18914,34826	rs=- ended=1 winner=B turn=0 mid=1 left=5,6 fl=1,0 active=0,1,6,7 party=0,1,2,3,4,5;6,7,8,9,10,11 speeds=124,152,119,152,70,216,150,119,155,119,120,120 orders=0.0,1.0,0.0,0.0,0.0,0.0,2.0,3.0,0.0,0.0,0.0,0.0 so=2,1,0,3 mons=0.0.1.1.0.0.0.0.0.0.1.0 1.271.0.0.1.0.0.0.1.0.1.0 2.214.0.0.0.0.0.0.2.0.1.0 3.271.0.0.0.0.0.0.3.0.1.0 4.205.0.0.0.0.0.0.4.0.1.0 5.441.0.0.0.0.0.0.5.0.1.0 6.345.0.0.1.0.0.0.0.0.1.0 7.214.0.0.1.0.0.0.1.0.1.0 8.283.0.0.0.0.0.0.2.0.1.0 9.214.0.0.0.0.0.0.3.0.1.0 10.301.0.0.0.0.0.0.4.0.1.0 11.301.0.0.0.0.0.0.5.0.1.0	|faint|p1a: Iron Leaves~|message|Time's up! Going to tiebreaker...~|-message|A: 5 Pokemon left; B: 6 Pokemon left~|~|win|B	1:0:5,6
104	31171,4251,18061,22296	|ironleaves||dancer|acidspray|Serious||F|||50|,,,,,Ice]|scrafty||earlybird|fierydance,iceshard,icefang|Serious||M|||100|,,,,,Fighting]|ditto||levitate|sludgewave|Serious||M|||90|,,,,,Stellar]|scrafty||earlybird|fierydance,iceshard,icefang|Serious||M|||100|,,,,,Fighting]|ursaluna||levitate|bulletseed,firepunch|Serious|||||50|,,,,,Grass]|giratina||dancer|aquacutter|Serious||F|||100|,,,,,Bug	|lanturn||levitate|muddywater,aeroblast,ironhead,boltstrike|Serious|||||88|,,,,,Stellar]|ditto||levitate|sludgewave|Serious||M|||90|,,,,,Stellar]|politoed||dancer|lowsweep,fierywrath|Serious||F|||88|,,,,,Ground]|ditto||levitate|sludgewave|Serious||M|||90|,,,,,Stellar]|azumarill||terashell|seedflare|Serious||F|||88|,,,,,Stellar]|azumarill||terashell|seedflare|Serious||F|||88|,,,,,Stellar	left 0;left 1;messages 0 1 1	-,-,true	15774,52870,18914,34826	rs=- ended=1 winner=- turn=0 mid=1 left=0,0 fl=0,0 active=0,1,6,7 party=0,1,2,3,4,5;6,7,8,9,10,11 speeds=124,152,119,152,70,216,150,119,155,119,120,120 orders=0.0,1.0,0.0,0.0,0.0,0.0,2.0,3.0,0.0,0.0,0.0,0.0 so=2,1,0,3 mons=0.165.0.0.1.0.0.0.0.0.1.0 1.271.0.0.1.0.0.0.1.0.1.0 2.214.0.0.0.0.0.0.2.0.1.0 3.271.0.0.0.0.0.0.3.0.1.0 4.205.0.0.0.0.0.0.4.0.1.0 5.441.0.0.0.0.0.0.5.0.1.0 6.345.0.0.1.0.0.0.0.0.1.0 7.214.0.0.1.0.0.0.1.0.1.0 8.283.0.0.0.0.0.0.2.0.1.0 9.214.0.0.0.0.0.0.3.0.1.0 10.301.0.0.0.0.0.0.4.0.1.0 11.301.0.0.0.0.0.0.5.0.1.0	|~|tie	-:0:0,0
105	31171,4251,18061,22296	|ironleaves||dancer|acidspray|Serious||F|||50|,,,,,Ice]|scrafty||earlybird|fierydance,iceshard,icefang|Serious||M|||100|,,,,,Fighting]|ditto||levitate|sludgewave|Serious||M|||90|,,,,,Stellar]|scrafty||earlybird|fierydance,iceshard,icefang|Serious||M|||100|,,,,,Fighting]|ursaluna||levitate|bulletseed,firepunch|Serious|||||50|,,,,,Grass]|giratina||dancer|aquacutter|Serious||F|||100|,,,,,Bug	|lanturn||levitate|muddywater,aeroblast,ironhead,boltstrike|Serious|||||88|,,,,,Stellar]|ditto||levitate|sludgewave|Serious||M|||90|,,,,,Stellar]|politoed||dancer|lowsweep,fierywrath|Serious||F|||88|,,,,,Ground]|ditto||levitate|sludgewave|Serious||M|||90|,,,,,Stellar]|azumarill||terashell|seedflare|Serious||F|||88|,,,,,Stellar]|azumarill||terashell|seedflare|Serious||F|||88|,,,,,Stellar	limit 100	false	15774,52870,18914,34826	rs=- ended=0 winner=- turn=100 mid=1 left=6,6 fl=0,0 active=0,1,6,7 party=0,1,2,3,4,5;6,7,8,9,10,11 speeds=124,152,119,152,70,216,150,119,155,119,120,120 orders=0.0,1.0,0.0,0.0,0.0,0.0,2.0,3.0,0.0,0.0,0.0,0.0 so=2,1,0,3 mons=0.165.0.0.1.0.0.0.0.0.1.0 1.271.0.0.1.0.0.0.1.0.1.0 2.214.0.0.0.0.0.0.2.0.1.0 3.271.0.0.0.0.0.0.3.0.1.0 4.205.0.0.0.0.0.0.4.0.1.0 5.441.0.0.0.0.0.0.5.0.1.0 6.345.0.0.1.0.0.0.0.0.1.0 7.214.0.0.1.0.0.0.1.0.1.0 8.283.0.0.0.0.0.0.2.0.1.0 9.214.0.0.0.0.0.0.3.0.1.0 10.301.0.0.0.0.0.0.4.0.1.0 11.301.0.0.0.0.0.0.5.0.1.0		-
106	31171,4251,18061,22296	|ironleaves||dancer|acidspray|Serious||F|||50|,,,,,Ice]|scrafty||earlybird|fierydance,iceshard,icefang|Serious||M|||100|,,,,,Fighting]|ditto||levitate|sludgewave|Serious||M|||90|,,,,,Stellar]|scrafty||earlybird|fierydance,iceshard,icefang|Serious||M|||100|,,,,,Fighting]|ursaluna||levitate|bulletseed,firepunch|Serious|||||50|,,,,,Grass]|giratina||dancer|aquacutter|Serious||F|||100|,,,,,Bug	|lanturn||levitate|muddywater,aeroblast,ironhead,boltstrike|Serious|||||88|,,,,,Stellar]|ditto||levitate|sludgewave|Serious||M|||90|,,,,,Stellar]|politoed||dancer|lowsweep,fierywrath|Serious||F|||88|,,,,,Ground]|ditto||levitate|sludgewave|Serious||M|||90|,,,,,Stellar]|azumarill||terashell|seedflare|Serious||F|||88|,,,,,Stellar]|azumarill||terashell|seedflare|Serious||F|||88|,,,,,Stellar	limit 101	false	15774,52870,18914,34826	rs=- ended=0 winner=- turn=101 mid=1 left=6,6 fl=0,0 active=0,1,6,7 party=0,1,2,3,4,5;6,7,8,9,10,11 speeds=124,152,119,152,70,216,150,119,155,119,120,120 orders=0.0,1.0,0.0,0.0,0.0,0.0,2.0,3.0,0.0,0.0,0.0,0.0 so=2,1,0,3 mons=0.165.0.0.1.0.0.0.0.0.1.0 1.271.0.0.1.0.0.0.1.0.1.0 2.214.0.0.0.0.0.0.2.0.1.0 3.271.0.0.0.0.0.0.3.0.1.0 4.205.0.0.0.0.0.0.4.0.1.0 5.441.0.0.0.0.0.0.5.0.1.0 6.345.0.0.1.0.0.0.0.0.1.0 7.214.0.0.1.0.0.0.1.0.1.0 8.283.0.0.0.0.0.0.2.0.1.0 9.214.0.0.0.0.0.0.3.0.1.0 10.301.0.0.0.0.0.0.4.0.1.0 11.301.0.0.0.0.0.0.5.0.1.0		-
107	31171,4251,18061,22296	|ironleaves||dancer|acidspray|Serious||F|||50|,,,,,Ice]|scrafty||earlybird|fierydance,iceshard,icefang|Serious||M|||100|,,,,,Fighting]|ditto||levitate|sludgewave|Serious||M|||90|,,,,,Stellar]|scrafty||earlybird|fierydance,iceshard,icefang|Serious||M|||100|,,,,,Fighting]|ursaluna||levitate|bulletseed,firepunch|Serious|||||50|,,,,,Grass]|giratina||dancer|aquacutter|Serious||F|||100|,,,,,Bug	|lanturn||levitate|muddywater,aeroblast,ironhead,boltstrike|Serious|||||88|,,,,,Stellar]|ditto||levitate|sludgewave|Serious||M|||90|,,,,,Stellar]|politoed||dancer|lowsweep,fierywrath|Serious||F|||88|,,,,,Ground]|ditto||levitate|sludgewave|Serious||M|||90|,,,,,Stellar]|azumarill||terashell|seedflare|Serious||F|||88|,,,,,Stellar]|azumarill||terashell|seedflare|Serious||F|||88|,,,,,Stellar	limit 499	false	15774,52870,18914,34826	rs=- ended=0 winner=- turn=499 mid=1 left=6,6 fl=0,0 active=0,1,6,7 party=0,1,2,3,4,5;6,7,8,9,10,11 speeds=124,152,119,152,70,216,150,119,155,119,120,120 orders=0.0,1.0,0.0,0.0,0.0,0.0,2.0,3.0,0.0,0.0,0.0,0.0 so=2,1,0,3 mons=0.165.0.0.1.0.0.0.0.0.1.0 1.271.0.0.1.0.0.0.1.0.1.0 2.214.0.0.0.0.0.0.2.0.1.0 3.271.0.0.0.0.0.0.3.0.1.0 4.205.0.0.0.0.0.0.4.0.1.0 5.441.0.0.0.0.0.0.5.0.1.0 6.345.0.0.1.0.0.0.0.0.1.0 7.214.0.0.1.0.0.0.1.0.1.0 8.283.0.0.0.0.0.0.2.0.1.0 9.214.0.0.0.0.0.0.3.0.1.0 10.301.0.0.0.0.0.0.4.0.1.0 11.301.0.0.0.0.0.0.5.0.1.0		-
108	31171,4251,18061,22296	|ironleaves||dancer|acidspray|Serious||F|||50|,,,,,Ice]|scrafty||earlybird|fierydance,iceshard,icefang|Serious||M|||100|,,,,,Fighting]|ditto||levitate|sludgewave|Serious||M|||90|,,,,,Stellar]|scrafty||earlybird|fierydance,iceshard,icefang|Serious||M|||100|,,,,,Fighting]|ursaluna||levitate|bulletseed,firepunch|Serious|||||50|,,,,,Grass]|giratina||dancer|aquacutter|Serious||F|||100|,,,,,Bug	|lanturn||levitate|muddywater,aeroblast,ironhead,boltstrike|Serious|||||88|,,,,,Stellar]|ditto||levitate|sludgewave|Serious||M|||90|,,,,,Stellar]|politoed||dancer|lowsweep,fierywrath|Serious||F|||88|,,,,,Ground]|ditto||levitate|sludgewave|Serious||M|||90|,,,,,Stellar]|azumarill||terashell|seedflare|Serious||F|||88|,,,,,Stellar]|azumarill||terashell|seedflare|Serious||F|||88|,,,,,Stellar	limit 500	false	15774,52870,18914,34826	rs=- ended=0 winner=- turn=500 mid=1 left=6,6 fl=0,0 active=0,1,6,7 party=0,1,2,3,4,5;6,7,8,9,10,11 speeds=124,152,119,152,70,216,150,119,155,119,120,120 orders=0.0,1.0,0.0,0.0,0.0,0.0,2.0,3.0,0.0,0.0,0.0,0.0 so=2,1,0,3 mons=0.165.0.0.1.0.0.0.0.0.1.0 1.271.0.0.1.0.0.0.1.0.1.0 2.214.0.0.0.0.0.0.2.0.1.0 3.271.0.0.0.0.0.0.3.0.1.0 4.205.0.0.0.0.0.0.4.0.1.0 5.441.0.0.0.0.0.0.5.0.1.0 6.345.0.0.1.0.0.0.0.0.1.0 7.214.0.0.1.0.0.0.1.0.1.0 8.283.0.0.0.0.0.0.2.0.1.0 9.214.0.0.0.0.0.0.3.0.1.0 10.301.0.0.0.0.0.0.4.0.1.0 11.301.0.0.0.0.0.0.5.0.1.0	|bigerror|You will auto-tie if the battle doesn't end in 500 turns (on turn 1000).	-
109	31171,4251,18061,22296	|ironleaves||dancer|acidspray|Serious||F|||50|,,,,,Ice]|scrafty||earlybird|fierydance,iceshard,icefang|Serious||M|||100|,,,,,Fighting]|ditto||levitate|sludgewave|Serious||M|||90|,,,,,Stellar]|scrafty||earlybird|fierydance,iceshard,icefang|Serious||M|||100|,,,,,Fighting]|ursaluna||levitate|bulletseed,firepunch|Serious|||||50|,,,,,Grass]|giratina||dancer|aquacutter|Serious||F|||100|,,,,,Bug	|lanturn||levitate|muddywater,aeroblast,ironhead,boltstrike|Serious|||||88|,,,,,Stellar]|ditto||levitate|sludgewave|Serious||M|||90|,,,,,Stellar]|politoed||dancer|lowsweep,fierywrath|Serious||F|||88|,,,,,Ground]|ditto||levitate|sludgewave|Serious||M|||90|,,,,,Stellar]|azumarill||terashell|seedflare|Serious||F|||88|,,,,,Stellar]|azumarill||terashell|seedflare|Serious||F|||88|,,,,,Stellar	limit 899	false	15774,52870,18914,34826	rs=- ended=0 winner=- turn=899 mid=1 left=6,6 fl=0,0 active=0,1,6,7 party=0,1,2,3,4,5;6,7,8,9,10,11 speeds=124,152,119,152,70,216,150,119,155,119,120,120 orders=0.0,1.0,0.0,0.0,0.0,0.0,2.0,3.0,0.0,0.0,0.0,0.0 so=2,1,0,3 mons=0.165.0.0.1.0.0.0.0.0.1.0 1.271.0.0.1.0.0.0.1.0.1.0 2.214.0.0.0.0.0.0.2.0.1.0 3.271.0.0.0.0.0.0.3.0.1.0 4.205.0.0.0.0.0.0.4.0.1.0 5.441.0.0.0.0.0.0.5.0.1.0 6.345.0.0.1.0.0.0.0.0.1.0 7.214.0.0.1.0.0.0.1.0.1.0 8.283.0.0.0.0.0.0.2.0.1.0 9.214.0.0.0.0.0.0.3.0.1.0 10.301.0.0.0.0.0.0.4.0.1.0 11.301.0.0.0.0.0.0.5.0.1.0		-
110	31171,4251,18061,22296	|ironleaves||dancer|acidspray|Serious||F|||50|,,,,,Ice]|scrafty||earlybird|fierydance,iceshard,icefang|Serious||M|||100|,,,,,Fighting]|ditto||levitate|sludgewave|Serious||M|||90|,,,,,Stellar]|scrafty||earlybird|fierydance,iceshard,icefang|Serious||M|||100|,,,,,Fighting]|ursaluna||levitate|bulletseed,firepunch|Serious|||||50|,,,,,Grass]|giratina||dancer|aquacutter|Serious||F|||100|,,,,,Bug	|lanturn||levitate|muddywater,aeroblast,ironhead,boltstrike|Serious|||||88|,,,,,Stellar]|ditto||levitate|sludgewave|Serious||M|||90|,,,,,Stellar]|politoed||dancer|lowsweep,fierywrath|Serious||F|||88|,,,,,Ground]|ditto||levitate|sludgewave|Serious||M|||90|,,,,,Stellar]|azumarill||terashell|seedflare|Serious||F|||88|,,,,,Stellar]|azumarill||terashell|seedflare|Serious||F|||88|,,,,,Stellar	limit 900	false	15774,52870,18914,34826	rs=- ended=0 winner=- turn=900 mid=1 left=6,6 fl=0,0 active=0,1,6,7 party=0,1,2,3,4,5;6,7,8,9,10,11 speeds=124,152,119,152,70,216,150,119,155,119,120,120 orders=0.0,1.0,0.0,0.0,0.0,0.0,2.0,3.0,0.0,0.0,0.0,0.0 so=2,1,0,3 mons=0.165.0.0.1.0.0.0.0.0.1.0 1.271.0.0.1.0.0.0.1.0.1.0 2.214.0.0.0.0.0.0.2.0.1.0 3.271.0.0.0.0.0.0.3.0.1.0 4.205.0.0.0.0.0.0.4.0.1.0 5.441.0.0.0.0.0.0.5.0.1.0 6.345.0.0.1.0.0.0.0.0.1.0 7.214.0.0.1.0.0.0.1.0.1.0 8.283.0.0.0.0.0.0.2.0.1.0 9.214.0.0.0.0.0.0.3.0.1.0 10.301.0.0.0.0.0.0.4.0.1.0 11.301.0.0.0.0.0.0.5.0.1.0	|bigerror|You will auto-tie if the battle doesn't end in 100 turns (on turn 1000).	-
111	31171,4251,18061,22296	|ironleaves||dancer|acidspray|Serious||F|||50|,,,,,Ice]|scrafty||earlybird|fierydance,iceshard,icefang|Serious||M|||100|,,,,,Fighting]|ditto||levitate|sludgewave|Serious||M|||90|,,,,,Stellar]|scrafty||earlybird|fierydance,iceshard,icefang|Serious||M|||100|,,,,,Fighting]|ursaluna||levitate|bulletseed,firepunch|Serious|||||50|,,,,,Grass]|giratina||dancer|aquacutter|Serious||F|||100|,,,,,Bug	|lanturn||levitate|muddywater,aeroblast,ironhead,boltstrike|Serious|||||88|,,,,,Stellar]|ditto||levitate|sludgewave|Serious||M|||90|,,,,,Stellar]|politoed||dancer|lowsweep,fierywrath|Serious||F|||88|,,,,,Ground]|ditto||levitate|sludgewave|Serious||M|||90|,,,,,Stellar]|azumarill||terashell|seedflare|Serious||F|||88|,,,,,Stellar]|azumarill||terashell|seedflare|Serious||F|||88|,,,,,Stellar	limit 989	false	15774,52870,18914,34826	rs=- ended=0 winner=- turn=989 mid=1 left=6,6 fl=0,0 active=0,1,6,7 party=0,1,2,3,4,5;6,7,8,9,10,11 speeds=124,152,119,152,70,216,150,119,155,119,120,120 orders=0.0,1.0,0.0,0.0,0.0,0.0,2.0,3.0,0.0,0.0,0.0,0.0 so=2,1,0,3 mons=0.165.0.0.1.0.0.0.0.0.1.0 1.271.0.0.1.0.0.0.1.0.1.0 2.214.0.0.0.0.0.0.2.0.1.0 3.271.0.0.0.0.0.0.3.0.1.0 4.205.0.0.0.0.0.0.4.0.1.0 5.441.0.0.0.0.0.0.5.0.1.0 6.345.0.0.1.0.0.0.0.0.1.0 7.214.0.0.1.0.0.0.1.0.1.0 8.283.0.0.0.0.0.0.2.0.1.0 9.214.0.0.0.0.0.0.3.0.1.0 10.301.0.0.0.0.0.0.4.0.1.0 11.301.0.0.0.0.0.0.5.0.1.0		-
112	31171,4251,18061,22296	|ironleaves||dancer|acidspray|Serious||F|||50|,,,,,Ice]|scrafty||earlybird|fierydance,iceshard,icefang|Serious||M|||100|,,,,,Fighting]|ditto||levitate|sludgewave|Serious||M|||90|,,,,,Stellar]|scrafty||earlybird|fierydance,iceshard,icefang|Serious||M|||100|,,,,,Fighting]|ursaluna||levitate|bulletseed,firepunch|Serious|||||50|,,,,,Grass]|giratina||dancer|aquacutter|Serious||F|||100|,,,,,Bug	|lanturn||levitate|muddywater,aeroblast,ironhead,boltstrike|Serious|||||88|,,,,,Stellar]|ditto||levitate|sludgewave|Serious||M|||90|,,,,,Stellar]|politoed||dancer|lowsweep,fierywrath|Serious||F|||88|,,,,,Ground]|ditto||levitate|sludgewave|Serious||M|||90|,,,,,Stellar]|azumarill||terashell|seedflare|Serious||F|||88|,,,,,Stellar]|azumarill||terashell|seedflare|Serious||F|||88|,,,,,Stellar	limit 990	false	15774,52870,18914,34826	rs=- ended=0 winner=- turn=990 mid=1 left=6,6 fl=0,0 active=0,1,6,7 party=0,1,2,3,4,5;6,7,8,9,10,11 speeds=124,152,119,152,70,216,150,119,155,119,120,120 orders=0.0,1.0,0.0,0.0,0.0,0.0,2.0,3.0,0.0,0.0,0.0,0.0 so=2,1,0,3 mons=0.165.0.0.1.0.0.0.0.0.1.0 1.271.0.0.1.0.0.0.1.0.1.0 2.214.0.0.0.0.0.0.2.0.1.0 3.271.0.0.0.0.0.0.3.0.1.0 4.205.0.0.0.0.0.0.4.0.1.0 5.441.0.0.0.0.0.0.5.0.1.0 6.345.0.0.1.0.0.0.0.0.1.0 7.214.0.0.1.0.0.0.1.0.1.0 8.283.0.0.0.0.0.0.2.0.1.0 9.214.0.0.0.0.0.0.3.0.1.0 10.301.0.0.0.0.0.0.4.0.1.0 11.301.0.0.0.0.0.0.5.0.1.0	|bigerror|You will auto-tie if the battle doesn't end in 10 turns (on turn 1000).	-
113	31171,4251,18061,22296	|ironleaves||dancer|acidspray|Serious||F|||50|,,,,,Ice]|scrafty||earlybird|fierydance,iceshard,icefang|Serious||M|||100|,,,,,Fighting]|ditto||levitate|sludgewave|Serious||M|||90|,,,,,Stellar]|scrafty||earlybird|fierydance,iceshard,icefang|Serious||M|||100|,,,,,Fighting]|ursaluna||levitate|bulletseed,firepunch|Serious|||||50|,,,,,Grass]|giratina||dancer|aquacutter|Serious||F|||100|,,,,,Bug	|lanturn||levitate|muddywater,aeroblast,ironhead,boltstrike|Serious|||||88|,,,,,Stellar]|ditto||levitate|sludgewave|Serious||M|||90|,,,,,Stellar]|politoed||dancer|lowsweep,fierywrath|Serious||F|||88|,,,,,Ground]|ditto||levitate|sludgewave|Serious||M|||90|,,,,,Stellar]|azumarill||terashell|seedflare|Serious||F|||88|,,,,,Stellar]|azumarill||terashell|seedflare|Serious||F|||88|,,,,,Stellar	limit 999	false	15774,52870,18914,34826	rs=- ended=0 winner=- turn=999 mid=1 left=6,6 fl=0,0 active=0,1,6,7 party=0,1,2,3,4,5;6,7,8,9,10,11 speeds=124,152,119,152,70,216,150,119,155,119,120,120 orders=0.0,1.0,0.0,0.0,0.0,0.0,2.0,3.0,0.0,0.0,0.0,0.0 so=2,1,0,3 mons=0.165.0.0.1.0.0.0.0.0.1.0 1.271.0.0.1.0.0.0.1.0.1.0 2.214.0.0.0.0.0.0.2.0.1.0 3.271.0.0.0.0.0.0.3.0.1.0 4.205.0.0.0.0.0.0.4.0.1.0 5.441.0.0.0.0.0.0.5.0.1.0 6.345.0.0.1.0.0.0.0.0.1.0 7.214.0.0.1.0.0.0.1.0.1.0 8.283.0.0.0.0.0.0.2.0.1.0 9.214.0.0.0.0.0.0.3.0.1.0 10.301.0.0.0.0.0.0.4.0.1.0 11.301.0.0.0.0.0.0.5.0.1.0	|bigerror|You will auto-tie if the battle doesn't end in 1 turn (on turn 1000).	-
114	31171,4251,18061,22296	|ironleaves||dancer|acidspray|Serious||F|||50|,,,,,Ice]|scrafty||earlybird|fierydance,iceshard,icefang|Serious||M|||100|,,,,,Fighting]|ditto||levitate|sludgewave|Serious||M|||90|,,,,,Stellar]|scrafty||earlybird|fierydance,iceshard,icefang|Serious||M|||100|,,,,,Fighting]|ursaluna||levitate|bulletseed,firepunch|Serious|||||50|,,,,,Grass]|giratina||dancer|aquacutter|Serious||F|||100|,,,,,Bug	|lanturn||levitate|muddywater,aeroblast,ironhead,boltstrike|Serious|||||88|,,,,,Stellar]|ditto||levitate|sludgewave|Serious||M|||90|,,,,,Stellar]|politoed||dancer|lowsweep,fierywrath|Serious||F|||88|,,,,,Ground]|ditto||levitate|sludgewave|Serious||M|||90|,,,,,Stellar]|azumarill||terashell|seedflare|Serious||F|||88|,,,,,Stellar]|azumarill||terashell|seedflare|Serious||F|||88|,,,,,Stellar	limit 1000	false	15774,52870,18914,34826	rs=- ended=0 winner=- turn=1000 mid=1 left=6,6 fl=0,0 active=0,1,6,7 party=0,1,2,3,4,5;6,7,8,9,10,11 speeds=124,152,119,152,70,216,150,119,155,119,120,120 orders=0.0,1.0,0.0,0.0,0.0,0.0,2.0,3.0,0.0,0.0,0.0,0.0 so=2,1,0,3 mons=0.165.0.0.1.0.0.0.0.0.1.0 1.271.0.0.1.0.0.0.1.0.1.0 2.214.0.0.0.0.0.0.2.0.1.0 3.271.0.0.0.0.0.0.3.0.1.0 4.205.0.0.0.0.0.0.4.0.1.0 5.441.0.0.0.0.0.0.5.0.1.0 6.345.0.0.1.0.0.0.0.0.1.0 7.214.0.0.1.0.0.0.1.0.1.0 8.283.0.0.0.0.0.0.2.0.1.0 9.214.0.0.0.0.0.0.3.0.1.0 10.301.0.0.0.0.0.0.4.0.1.0 11.301.0.0.0.0.0.0.5.0.1.0	|bigerror|You will auto-tie if the battle doesn't end in 0 turns (on turn 1000).	-
115	31171,4251,18061,22296	|ironleaves||dancer|acidspray|Serious||F|||50|,,,,,Ice]|scrafty||earlybird|fierydance,iceshard,icefang|Serious||M|||100|,,,,,Fighting]|ditto||levitate|sludgewave|Serious||M|||90|,,,,,Stellar]|scrafty||earlybird|fierydance,iceshard,icefang|Serious||M|||100|,,,,,Fighting]|ursaluna||levitate|bulletseed,firepunch|Serious|||||50|,,,,,Grass]|giratina||dancer|aquacutter|Serious||F|||100|,,,,,Bug	|lanturn||levitate|muddywater,aeroblast,ironhead,boltstrike|Serious|||||88|,,,,,Stellar]|ditto||levitate|sludgewave|Serious||M|||90|,,,,,Stellar]|politoed||dancer|lowsweep,fierywrath|Serious||F|||88|,,,,,Ground]|ditto||levitate|sludgewave|Serious||M|||90|,,,,,Stellar]|azumarill||terashell|seedflare|Serious||F|||88|,,,,,Stellar]|azumarill||terashell|seedflare|Serious||F|||88|,,,,,Stellar	limit 1001	true	15774,52870,18914,34826	rs=- ended=1 winner=- turn=1001 mid=1 left=6,6 fl=0,0 active=0,1,6,7 party=0,1,2,3,4,5;6,7,8,9,10,11 speeds=124,152,119,152,70,216,150,119,155,119,120,120 orders=0.0,1.0,0.0,0.0,0.0,0.0,2.0,3.0,0.0,0.0,0.0,0.0 so=2,1,0,3 mons=0.165.0.0.1.0.0.0.0.0.1.0 1.271.0.0.1.0.0.0.1.0.1.0 2.214.0.0.0.0.0.0.2.0.1.0 3.271.0.0.0.0.0.0.3.0.1.0 4.205.0.0.0.0.0.0.4.0.1.0 5.441.0.0.0.0.0.0.5.0.1.0 6.345.0.0.1.0.0.0.0.0.1.0 7.214.0.0.1.0.0.0.1.0.1.0 8.283.0.0.0.0.0.0.2.0.1.0 9.214.0.0.0.0.0.0.3.0.1.0 10.301.0.0.0.0.0.0.4.0.1.0 11.301.0.0.0.0.0.0.5.0.1.0	|message|It is turn 1000. You have hit the turn limit!~|~|tie	-:1001:6,6
116	38205,30791,18348,56408	|victreebel||corrosion|sacredsword|Serious||F|||90|,,,,,Bug]|moltresgalar||terashell|strugglebug,hypnosis,glaciallance|Serious||F|||100|,,,,,Flying]|moltresgalar||terashell|strugglebug,hypnosis,glaciallance|Serious||F|||100|,,,,,Flying]|fezandipiti||dancer|bitterblade|Serious||M|||90|,,,,,Flying]|moltresgalar||terashell|strugglebug,hypnosis,glaciallance|Serious||F|||100|,,,,,Flying	|moltresgalar||terashell|strugglebug,hypnosis,glaciallance|Serious||F|||100|,,,,,Flying]|oinkologne||earlybird|nastyplot,gunkshot|Serious||M|||100|,,,,,Poison]|moltresgalar||terashell|strugglebug,hypnosis,glaciallance|Serious||F|||100|,,,,,Flying]|chienpao||earlybird|softboiled|Serious||M|||100|,,,,,Normal]|moltresgalar||terashell|strugglebug,hypnosis,glaciallance|Serious||F|||100|,,,,,Flying	wipe 0;messages 0 0 1	-,true	58034,18846,2876,7413	rs=- ended=1 winner=B turn=0 mid=1 left=0,5 fl=5,0 active=0,1,6,7 party=0,1,2,3,4;6,7,8,9,10 speeds=158,216,216,211,216,216,166,216,306,216 orders=0.0,1.0,0.0,0.0,0.0,2.0,3.0,0.0,0.0,0.0 so=1,2,3,0 mons=0.0.1.1.0.0.0.0.0.0.1.0 1.0.1.1.0.0.0.0.1.0.1.0 2.0.1.1.0.0.0.0.2.0.1.0 3.0.1.1.0.0.0.0.3.0.1.0 4.0.1.1.0.0.0.0.4.0.1.0 6.321.0.0.1.0.0.0.0.0.1.0 7.361.0.0.1.0.0.0.1.0.1.0 8.321.0.0.0.0.0.0.2.0.1.0 9.301.0.0.0.0.0.0.3.0.1.0 10.321.0.0.0.0.0.0.4.0.1.0	|faint|p1a: Victreebel~|faint|p1b: Moltres~|faint|p1: Moltres~|faint|p1: Fezandipiti~|faint|p1: Moltres~|~|win|B	1:0:0,5
117	38205,30791,18348,56408	|victreebel||corrosion|sacredsword|Serious||F|||90|,,,,,Bug]|moltresgalar||terashell|strugglebug,hypnosis,glaciallance|Serious||F|||100|,,,,,Flying]|moltresgalar||terashell|strugglebug,hypnosis,glaciallance|Serious||F|||100|,,,,,Flying]|fezandipiti||dancer|bitterblade|Serious||M|||90|,,,,,Flying]|moltresgalar||terashell|strugglebug,hypnosis,glaciallance|Serious||F|||100|,,,,,Flying	|moltresgalar||terashell|strugglebug,hypnosis,glaciallance|Serious||F|||100|,,,,,Flying]|oinkologne||earlybird|nastyplot,gunkshot|Serious||M|||100|,,,,,Poison]|moltresgalar||terashell|strugglebug,hypnosis,glaciallance|Serious||F|||100|,,,,,Flying]|chienpao||earlybird|softboiled|Serious||M|||100|,,,,,Normal]|moltresgalar||terashell|strugglebug,hypnosis,glaciallance|Serious||F|||100|,,,,,Flying	wipe 1;messages 0 0 1	-,true	58034,18846,2876,7413	rs=- ended=1 winner=A turn=0 mid=1 left=5,0 fl=0,5 active=0,1,6,7 party=0,1,2,3,4;6,7,8,9,10 speeds=158,216,216,211,216,216,166,216,306,216 orders=0.0,1.0,0.0,0.0,0.0,2.0,3.0,0.0,0.0,0.0 so=1,2,3,0 mons=0.271.0.0.1.0.0.0.0.0.1.0 1.321.0.0.1.0.0.0.1.0.1.0 2.321.0.0.0.0.0.0.2.0.1.0 3.286.0.0.0.0.0.0.3.0.1.0 4.321.0.0.0.0.0.0.4.0.1.0 6.0.1.1.0.0.0.0.0.0.1.0 7.0.1.1.0.0.0.0.1.0.1.0 8.0.1.1.0.0.0.0.2.0.1.0 9.0.1.1.0.0.0.0.3.0.1.0 10.0.1.1.0.0.0.0.4.0.1.0	|faint|p2a: Moltres~|faint|p2b: Oinkologne~|faint|p2: Moltres~|faint|p2: Chien-Pao~|faint|p2: Moltres~|~|win|A	0:0:5,0
118	38205,30791,18348,56408	|victreebel||corrosion|sacredsword|Serious||F|||90|,,,,,Bug]|moltresgalar||terashell|strugglebug,hypnosis,glaciallance|Serious||F|||100|,,,,,Flying]|moltresgalar||terashell|strugglebug,hypnosis,glaciallance|Serious||F|||100|,,,,,Flying]|fezandipiti||dancer|bitterblade|Serious||M|||90|,,,,,Flying]|moltresgalar||terashell|strugglebug,hypnosis,glaciallance|Serious||F|||100|,,,,,Flying	|moltresgalar||terashell|strugglebug,hypnosis,glaciallance|Serious||F|||100|,,,,,Flying]|oinkologne||earlybird|nastyplot,gunkshot|Serious||M|||100|,,,,,Poison]|moltresgalar||terashell|strugglebug,hypnosis,glaciallance|Serious||F|||100|,,,,,Flying]|chienpao||earlybird|softboiled|Serious||M|||100|,,,,,Normal]|moltresgalar||terashell|strugglebug,hypnosis,glaciallance|Serious||F|||100|,,,,,Flying	wipe 0;wipe 1;messages 0 0 1	-,-,true	58034,18846,2876,7413	rs=- ended=1 winner=B turn=0 mid=1 left=0,0 fl=5,5 active=0,1,6,7 party=0,1,2,3,4;6,7,8,9,10 speeds=158,216,216,211,216,216,166,216,306,216 orders=0.0,1.0,0.0,0.0,0.0,2.0,3.0,0.0,0.0,0.0 so=1,2,3,0 mons=0.0.1.1.0.0.0.0.0.0.1.0 1.0.1.1.0.0.0.0.1.0.1.0 2.0.1.1.0.0.0.0.2.0.1.0 3.0.1.1.0.0.0.0.3.0.1.0 4.0.1.1.0.0.0.0.4.0.1.0 6.0.1.1.0.0.0.0.0.0.1.0 7.0.1.1.0.0.0.0.1.0.1.0 8.0.1.1.0.0.0.0.2.0.1.0 9.0.1.1.0.0.0.0.3.0.1.0 10.0.1.1.0.0.0.0.4.0.1.0	|faint|p1a: Victreebel~|faint|p1b: Moltres~|faint|p1: Moltres~|faint|p1: Fezandipiti~|faint|p1: Moltres~|faint|p2a: Moltres~|faint|p2b: Oinkologne~|faint|p2: Moltres~|faint|p2: Chien-Pao~|faint|p2: Moltres~|~|win|B	1:0:0,0
119	38205,30791,18348,56408	|victreebel||corrosion|sacredsword|Serious||F|||90|,,,,,Bug]|moltresgalar||terashell|strugglebug,hypnosis,glaciallance|Serious||F|||100|,,,,,Flying]|moltresgalar||terashell|strugglebug,hypnosis,glaciallance|Serious||F|||100|,,,,,Flying]|fezandipiti||dancer|bitterblade|Serious||M|||90|,,,,,Flying]|moltresgalar||terashell|strugglebug,hypnosis,glaciallance|Serious||F|||100|,,,,,Flying	|moltresgalar||terashell|strugglebug,hypnosis,glaciallance|Serious||F|||100|,,,,,Flying]|oinkologne||earlybird|nastyplot,gunkshot|Serious||M|||100|,,,,,Poison]|moltresgalar||terashell|strugglebug,hypnosis,glaciallance|Serious||F|||100|,,,,,Flying]|chienpao||earlybird|softboiled|Serious||M|||100|,,,,,Normal]|moltresgalar||terashell|strugglebug,hypnosis,glaciallance|Serious||F|||100|,,,,,Flying	wipe 1;wipe 0;messages 0 0 1	-,-,true	58034,18846,2876,7413	rs=- ended=1 winner=A turn=0 mid=1 left=0,0 fl=5,5 active=0,1,6,7 party=0,1,2,3,4;6,7,8,9,10 speeds=158,216,216,211,216,216,166,216,306,216 orders=0.0,1.0,0.0,0.0,0.0,2.0,3.0,0.0,0.0,0.0 so=1,2,3,0 mons=0.0.1.1.0.0.0.0.0.0.1.0 1.0.1.1.0.0.0.0.1.0.1.0 2.0.1.1.0.0.0.0.2.0.1.0 3.0.1.1.0.0.0.0.3.0.1.0 4.0.1.1.0.0.0.0.4.0.1.0 6.0.1.1.0.0.0.0.0.0.1.0 7.0.1.1.0.0.0.0.1.0.1.0 8.0.1.1.0.0.0.0.2.0.1.0 9.0.1.1.0.0.0.0.3.0.1.0 10.0.1.1.0.0.0.0.4.0.1.0	|faint|p2a: Moltres~|faint|p2b: Oinkologne~|faint|p2: Moltres~|faint|p2: Chien-Pao~|faint|p2: Moltres~|faint|p1a: Victreebel~|faint|p1b: Moltres~|faint|p1: Moltres~|faint|p1: Fezandipiti~|faint|p1: Moltres~|~|win|A	0:0:0,0
120	38205,30791,18348,56408	|victreebel||corrosion|sacredsword|Serious||F|||90|,,,,,Bug]|moltresgalar||terashell|strugglebug,hypnosis,glaciallance|Serious||F|||100|,,,,,Flying]|moltresgalar||terashell|strugglebug,hypnosis,glaciallance|Serious||F|||100|,,,,,Flying]|fezandipiti||dancer|bitterblade|Serious||M|||90|,,,,,Flying]|moltresgalar||terashell|strugglebug,hypnosis,glaciallance|Serious||F|||100|,,,,,Flying	|moltresgalar||terashell|strugglebug,hypnosis,glaciallance|Serious||F|||100|,,,,,Flying]|oinkologne||earlybird|nastyplot,gunkshot|Serious||M|||100|,,,,,Poison]|moltresgalar||terashell|strugglebug,hypnosis,glaciallance|Serious||F|||100|,,,,,Flying]|chienpao||earlybird|softboiled|Serious||M|||100|,,,,,Normal]|moltresgalar||terashell|strugglebug,hypnosis,glaciallance|Serious||F|||100|,,,,,Flying	wipe 0;wipe 1;messages 1 0 1	-,-,true	58034,18846,2876,7413	rs=- ended=1 winner=B turn=0 mid=1 left=0,0 fl=5,5 active=0,1,6,7 party=0,1,2,3,4;6,7,8,9,10 speeds=158,216,216,211,216,216,166,216,306,216 orders=0.0,1.0,0.0,0.0,0.0,2.0,3.0,0.0,0.0,0.0 so=1,2,3,0 mons=0.0.1.1.0.0.0.0.0.0.1.0 1.0.1.1.0.0.0.0.1.0.1.0 2.0.1.1.0.0.0.0.2.0.1.0 3.0.1.1.0.0.0.0.3.0.1.0 4.0.1.1.0.0.0.0.4.0.1.0 6.0.1.1.0.0.0.0.0.0.1.0 7.0.1.1.0.0.0.0.1.0.1.0 8.0.1.1.0.0.0.0.2.0.1.0 9.0.1.1.0.0.0.0.3.0.1.0 10.0.1.1.0.0.0.0.4.0.1.0	|faint|p2: Moltres~|faint|p1a: Victreebel~|faint|p1b: Moltres~|faint|p1: Moltres~|faint|p1: Fezandipiti~|faint|p1: Moltres~|faint|p2a: Moltres~|faint|p2b: Oinkologne~|faint|p2: Moltres~|faint|p2: Chien-Pao~|~|win|B	1:0:0,0
121	38205,30791,18348,56408	|victreebel||corrosion|sacredsword|Serious||F|||90|,,,,,Bug]|moltresgalar||terashell|strugglebug,hypnosis,glaciallance|Serious||F|||100|,,,,,Flying]|moltresgalar||terashell|strugglebug,hypnosis,glaciallance|Serious||F|||100|,,,,,Flying]|fezandipiti||dancer|bitterblade|Serious||M|||90|,,,,,Flying]|moltresgalar||terashell|strugglebug,hypnosis,glaciallance|Serious||F|||100|,,,,,Flying	|moltresgalar||terashell|strugglebug,hypnosis,glaciallance|Serious||F|||100|,,,,,Flying]|oinkologne||earlybird|nastyplot,gunkshot|Serious||M|||100|,,,,,Poison]|moltresgalar||terashell|strugglebug,hypnosis,glaciallance|Serious||F|||100|,,,,,Flying]|chienpao||earlybird|softboiled|Serious||M|||100|,,,,,Normal]|moltresgalar||terashell|strugglebug,hypnosis,glaciallance|Serious||F|||100|,,,,,Flying	wipe 1;wipe 0;messages 1 0 1	-,-,true	58034,18846,2876,7413	rs=- ended=1 winner=A turn=0 mid=1 left=0,0 fl=5,5 active=0,1,6,7 party=0,1,2,3,4;6,7,8,9,10 speeds=158,216,216,211,216,216,166,216,306,216 orders=0.0,1.0,0.0,0.0,0.0,2.0,3.0,0.0,0.0,0.0 so=1,2,3,0 mons=0.0.1.1.0.0.0.0.0.0.1.0 1.0.1.1.0.0.0.0.1.0.1.0 2.0.1.1.0.0.0.0.2.0.1.0 3.0.1.1.0.0.0.0.3.0.1.0 4.0.1.1.0.0.0.0.4.0.1.0 6.0.1.1.0.0.0.0.0.0.1.0 7.0.1.1.0.0.0.0.1.0.1.0 8.0.1.1.0.0.0.0.2.0.1.0 9.0.1.1.0.0.0.0.3.0.1.0 10.0.1.1.0.0.0.0.4.0.1.0	|faint|p1: Moltres~|faint|p2a: Moltres~|faint|p2b: Oinkologne~|faint|p2: Moltres~|faint|p2: Chien-Pao~|faint|p2: Moltres~|faint|p1a: Victreebel~|faint|p1b: Moltres~|faint|p1: Moltres~|faint|p1: Fezandipiti~|~|win|A	0:0:0,0
122	38205,30791,18348,56408	|victreebel||corrosion|sacredsword|Serious||F|||90|,,,,,Bug]|moltresgalar||terashell|strugglebug,hypnosis,glaciallance|Serious||F|||100|,,,,,Flying]|moltresgalar||terashell|strugglebug,hypnosis,glaciallance|Serious||F|||100|,,,,,Flying]|fezandipiti||dancer|bitterblade|Serious||M|||90|,,,,,Flying]|moltresgalar||terashell|strugglebug,hypnosis,glaciallance|Serious||F|||100|,,,,,Flying	|moltresgalar||terashell|strugglebug,hypnosis,glaciallance|Serious||F|||100|,,,,,Flying]|oinkologne||earlybird|nastyplot,gunkshot|Serious||M|||100|,,,,,Poison]|moltresgalar||terashell|strugglebug,hypnosis,glaciallance|Serious||F|||100|,,,,,Flying]|chienpao||earlybird|softboiled|Serious||M|||100|,,,,,Normal]|moltresgalar||terashell|strugglebug,hypnosis,glaciallance|Serious||F|||100|,,,,,Flying	wipe 0;wipe 1;messages 0 0 0;messages 0 1 1	-,-,false,true	58034,18846,2876,7413	rs=- ended=1 winner=- turn=0 mid=1 left=0,0 fl=5,5 active=0,1,6,7 party=0,1,2,3,4;6,7,8,9,10 speeds=158,216,216,211,216,216,166,216,306,216 orders=0.0,1.0,0.0,0.0,0.0,2.0,3.0,0.0,0.0,0.0 so=1,2,3,0 mons=0.0.1.1.0.0.0.0.0.0.1.0 1.0.1.1.0.0.0.0.1.0.1.0 2.0.1.1.0.0.0.0.2.0.1.0 3.0.1.1.0.0.0.0.3.0.1.0 4.0.1.1.0.0.0.0.4.0.1.0 6.0.1.1.0.0.0.0.0.0.1.0 7.0.1.1.0.0.0.0.1.0.1.0 8.0.1.1.0.0.0.0.2.0.1.0 9.0.1.1.0.0.0.0.3.0.1.0 10.0.1.1.0.0.0.0.4.0.1.0	|faint|p1a: Victreebel~|faint|p1b: Moltres~|faint|p1: Moltres~|faint|p1: Fezandipiti~|faint|p1: Moltres~|faint|p2a: Moltres~|faint|p2b: Oinkologne~|faint|p2: Moltres~|faint|p2: Chien-Pao~|faint|p2: Moltres~|~|tie	-:0:0,0
123	38205,30791,18348,56408	|victreebel||corrosion|sacredsword|Serious||F|||90|,,,,,Bug]|moltresgalar||terashell|strugglebug,hypnosis,glaciallance|Serious||F|||100|,,,,,Flying]|moltresgalar||terashell|strugglebug,hypnosis,glaciallance|Serious||F|||100|,,,,,Flying]|fezandipiti||dancer|bitterblade|Serious||M|||90|,,,,,Flying]|moltresgalar||terashell|strugglebug,hypnosis,glaciallance|Serious||F|||100|,,,,,Flying	|moltresgalar||terashell|strugglebug,hypnosis,glaciallance|Serious||F|||100|,,,,,Flying]|oinkologne||earlybird|nastyplot,gunkshot|Serious||M|||100|,,,,,Poison]|moltresgalar||terashell|strugglebug,hypnosis,glaciallance|Serious||F|||100|,,,,,Flying]|chienpao||earlybird|softboiled|Serious||M|||100|,,,,,Normal]|moltresgalar||terashell|strugglebug,hypnosis,glaciallance|Serious||F|||100|,,,,,Flying	faint 0;messages 0 0 0;checkfainted	-,false,-	58034,18846,2876,7413	rs=- ended=0 winner=- turn=0 mid=1 left=4,5 fl=1,0 active=0,1,6,7 party=0,1,2,3,4;6,7,8,9,10 speeds=158,216,216,211,216,216,166,216,306,216 orders=0.0,1.0,0.0,0.0,0.0,2.0,3.0,0.0,0.0,0.0 so=1,2,3,0 mons=0.0.1.1.0.1.0.1.0.0.1.0 1.321.0.0.1.0.0.0.1.0.1.0 2.321.0.0.0.0.0.0.2.0.1.0 3.286.0.0.0.0.0.0.3.0.1.0 4.321.0.0.0.0.0.0.4.0.1.0 6.321.0.0.1.0.0.0.0.0.1.0 7.361.0.0.1.0.0.0.1.0.1.0 8.321.0.0.0.0.0.0.2.0.1.0 9.301.0.0.0.0.0.0.3.0.1.0 10.321.0.0.0.0.0.0.4.0.1.0	|faint|p1a: Victreebel	-
124	38205,30791,18348,56408	|victreebel||corrosion|sacredsword|Serious||F|||90|,,,,,Bug]|moltresgalar||terashell|strugglebug,hypnosis,glaciallance|Serious||F|||100|,,,,,Flying]|moltresgalar||terashell|strugglebug,hypnosis,glaciallance|Serious||F|||100|,,,,,Flying]|fezandipiti||dancer|bitterblade|Serious||M|||90|,,,,,Flying]|moltresgalar||terashell|strugglebug,hypnosis,glaciallance|Serious||F|||100|,,,,,Flying	|moltresgalar||terashell|strugglebug,hypnosis,glaciallance|Serious||F|||100|,,,,,Flying]|oinkologne||earlybird|nastyplot,gunkshot|Serious||M|||100|,,,,,Poison]|moltresgalar||terashell|strugglebug,hypnosis,glaciallance|Serious||F|||100|,,,,,Flying]|chienpao||earlybird|softboiled|Serious||M|||100|,,,,,Normal]|moltresgalar||terashell|strugglebug,hypnosis,glaciallance|Serious||F|||100|,,,,,Flying	tera 0;faint 0;messages 0 0 0;checkfainted	-,-,false,-	58034,18846,2876,7413	rs=- ended=0 winner=- turn=0 mid=1 left=4,5 fl=1,0 active=0,1,6,7 party=0,1,2,3,4;6,7,8,9,10 speeds=158,216,216,211,216,216,166,216,306,216 orders=0.0,1.0,0.0,0.0,0.0,2.0,3.0,0.0,0.0,0.0 so=1,2,3,0 mons=0.0.1.1.0.1.0.1.0.0.0.0 1.321.0.0.1.0.0.0.1.0.0.0 2.321.0.0.0.0.0.0.2.0.0.0 3.286.0.0.0.0.0.0.3.0.0.0 4.321.0.0.0.0.0.0.4.0.0.0 6.321.0.0.1.0.0.0.0.0.1.0 7.361.0.0.1.0.0.0.1.0.1.0 8.321.0.0.0.0.0.0.2.0.1.0 9.301.0.0.0.0.0.0.3.0.1.0 10.321.0.0.0.0.0.0.4.0.1.0	|-terastallize|p1a: Victreebel|Bug~|faint|p1a: Victreebel	-
125	38205,30791,18348,56408	|victreebel||corrosion|sacredsword|Serious||F|||90|,,,,,Bug]|moltresgalar||terashell|strugglebug,hypnosis,glaciallance|Serious||F|||100|,,,,,Flying]|moltresgalar||terashell|strugglebug,hypnosis,glaciallance|Serious||F|||100|,,,,,Flying]|fezandipiti||dancer|bitterblade|Serious||M|||90|,,,,,Flying]|moltresgalar||terashell|strugglebug,hypnosis,glaciallance|Serious||F|||100|,,,,,Flying	|moltresgalar||terashell|strugglebug,hypnosis,glaciallance|Serious||F|||100|,,,,,Flying]|oinkologne||earlybird|nastyplot,gunkshot|Serious||M|||100|,,,,,Poison]|moltresgalar||terashell|strugglebug,hypnosis,glaciallance|Serious||F|||100|,,,,,Flying]|chienpao||earlybird|softboiled|Serious||M|||100|,,,,,Normal]|moltresgalar||terashell|strugglebug,hypnosis,glaciallance|Serious||F|||100|,,,,,Flying	tera 6;faint 6;messages 0 0 0;checkfainted	-,-,false,-	58034,18846,2876,7413	rs=- ended=0 winner=- turn=0 mid=1 left=5,4 fl=0,1 active=0,1,6,7 party=0,1,2,3,4;6,7,8,9,10 speeds=158,216,216,211,216,216,166,216,306,216 orders=0.0,1.0,0.0,0.0,0.0,2.0,3.0,0.0,0.0,0.0 so=1,2,3,0 mons=0.271.0.0.1.0.0.0.0.0.1.0 1.321.0.0.1.0.0.0.1.0.1.0 2.321.0.0.0.0.0.0.2.0.1.0 3.286.0.0.0.0.0.0.3.0.1.0 4.321.0.0.0.0.0.0.4.0.1.0 6.0.1.1.0.1.0.1.0.0.0.0 7.361.0.0.1.0.0.0.1.0.0.0 8.321.0.0.0.0.0.0.2.0.0.0 9.301.0.0.0.0.0.0.3.0.0.0 10.321.0.0.0.0.0.0.4.0.0.0	|-terastallize|p2a: Moltres|Flying~|faint|p2a: Moltres	-
126	38205,30791,18348,56408	|victreebel||corrosion|sacredsword|Serious||F|||90|,,,,,Bug]|moltresgalar||terashell|strugglebug,hypnosis,glaciallance|Serious||F|||100|,,,,,Flying]|moltresgalar||terashell|strugglebug,hypnosis,glaciallance|Serious||F|||100|,,,,,Flying]|fezandipiti||dancer|bitterblade|Serious||M|||90|,,,,,Flying]|moltresgalar||terashell|strugglebug,hypnosis,glaciallance|Serious||F|||100|,,,,,Flying	|moltresgalar||terashell|strugglebug,hypnosis,glaciallance|Serious||F|||100|,,,,,Flying]|oinkologne||earlybird|nastyplot,gunkshot|Serious||M|||100|,,,,,Poison]|moltresgalar||terashell|strugglebug,hypnosis,glaciallance|Serious||F|||100|,,,,,Flying]|chienpao||earlybird|softboiled|Serious||M|||100|,,,,,Normal]|moltresgalar||terashell|strugglebug,hypnosis,glaciallance|Serious||F|||100|,,,,,Flying	cap 0;faint 0;messages 0 0 0	-,-,false	58034,18846,2876,7413	rs=- ended=0 winner=- turn=0 mid=1 left=4,5 fl=100,0 active=0,1,6,7 party=0,1,2,3,4;6,7,8,9,10 speeds=158,216,216,211,216,216,166,216,306,216 orders=0.0,1.0,0.0,0.0,0.0,2.0,3.0,0.0,0.0,0.0 so=1,2,3,0 mons=0.0.1.1.0.0.0.0.0.0.1.0 1.321.0.0.1.0.0.0.1.0.1.0 2.321.0.0.0.0.0.0.2.0.1.0 3.286.0.0.0.0.0.0.3.0.1.0 4.321.0.0.0.0.0.0.4.0.1.0 6.321.0.0.1.0.0.0.0.0.1.0 7.361.0.0.1.0.0.0.1.0.1.0 8.321.0.0.0.0.0.0.2.0.1.0 9.301.0.0.0.0.0.0.3.0.1.0 10.321.0.0.0.0.0.0.4.0.1.0	|faint|p1a: Victreebel	-
127	38205,30791,18348,56408	|victreebel||corrosion|sacredsword|Serious||F|||90|,,,,,Bug]|moltresgalar||terashell|strugglebug,hypnosis,glaciallance|Serious||F|||100|,,,,,Flying]|moltresgalar||terashell|strugglebug,hypnosis,glaciallance|Serious||F|||100|,,,,,Flying]|fezandipiti||dancer|bitterblade|Serious||M|||90|,,,,,Flying]|moltresgalar||terashell|strugglebug,hypnosis,glaciallance|Serious||F|||100|,,,,,Flying	|moltresgalar||terashell|strugglebug,hypnosis,glaciallance|Serious||F|||100|,,,,,Flying]|oinkologne||earlybird|nastyplot,gunkshot|Serious||M|||100|,,,,,Poison]|moltresgalar||terashell|strugglebug,hypnosis,glaciallance|Serious||F|||100|,,,,,Flying]|chienpao||earlybird|softboiled|Serious||M|||100|,,,,,Normal]|moltresgalar||terashell|strugglebug,hypnosis,glaciallance|Serious||F|||100|,,,,,Flying	faint 0;faint 0;messages 0 0 0;messages 0 0 1	-,-,false,false	58034,18846,2876,7413	rs=- ended=0 winner=- turn=0 mid=1 left=4,5 fl=1,0 active=0,1,6,7 party=0,1,2,3,4;6,7,8,9,10 speeds=158,216,216,211,216,216,166,216,306,216 orders=0.0,1.0,0.0,0.0,0.0,2.0,3.0,0.0,0.0,0.0 so=1,2,3,0 mons=0.0.1.1.0.0.0.0.0.0.1.0 1.321.0.0.1.0.0.0.1.0.1.0 2.321.0.0.0.0.0.0.2.0.1.0 3.286.0.0.0.0.0.0.3.0.1.0 4.321.0.0.0.0.0.0.4.0.1.0 6.321.0.0.1.0.0.0.0.0.1.0 7.361.0.0.1.0.0.0.1.0.1.0 8.321.0.0.0.0.0.0.2.0.1.0 9.301.0.0.0.0.0.0.3.0.1.0 10.321.0.0.0.0.0.0.4.0.1.0	|faint|p1a: Victreebel	-
128	38205,30791,18348,56408	|victreebel||corrosion|sacredsword|Serious||F|||90|,,,,,Bug]|moltresgalar||terashell|strugglebug,hypnosis,glaciallance|Serious||F|||100|,,,,,Flying]|moltresgalar||terashell|strugglebug,hypnosis,glaciallance|Serious||F|||100|,,,,,Flying]|fezandipiti||dancer|bitterblade|Serious||M|||90|,,,,,Flying]|moltresgalar||terashell|strugglebug,hypnosis,glaciallance|Serious||F|||100|,,,,,Flying	|moltresgalar||terashell|strugglebug,hypnosis,glaciallance|Serious||F|||100|,,,,,Flying]|oinkologne||earlybird|nastyplot,gunkshot|Serious||M|||100|,,,,,Poison]|moltresgalar||terashell|strugglebug,hypnosis,glaciallance|Serious||F|||100|,,,,,Flying]|chienpao||earlybird|softboiled|Serious||M|||100|,,,,,Normal]|moltresgalar||terashell|strugglebug,hypnosis,glaciallance|Serious||F|||100|,,,,,Flying	tie;tie;messages 0 1 1	true,false,-	58034,18846,2876,7413	rs=- ended=1 winner=- turn=0 mid=1 left=5,5 fl=0,0 active=0,1,6,7 party=0,1,2,3,4;6,7,8,9,10 speeds=158,216,216,211,216,216,166,216,306,216 orders=0.0,1.0,0.0,0.0,0.0,2.0,3.0,0.0,0.0,0.0 so=1,2,3,0 mons=0.271.0.0.1.0.0.0.0.0.1.0 1.321.0.0.1.0.0.0.1.0.1.0 2.321.0.0.0.0.0.0.2.0.1.0 3.286.0.0.0.0.0.0.3.0.1.0 4.321.0.0.0.0.0.0.4.0.1.0 6.321.0.0.1.0.0.0.0.0.1.0 7.361.0.0.1.0.0.0.1.0.1.0 8.321.0.0.0.0.0.0.2.0.1.0 9.301.0.0.0.0.0.0.3.0.1.0 10.321.0.0.0.0.0.0.4.0.1.0	|~|tie	-:0:5,5
129	38205,30791,18348,56408	|victreebel||corrosion|sacredsword|Serious||F|||90|,,,,,Bug]|moltresgalar||terashell|strugglebug,hypnosis,glaciallance|Serious||F|||100|,,,,,Flying]|moltresgalar||terashell|strugglebug,hypnosis,glaciallance|Serious||F|||100|,,,,,Flying]|fezandipiti||dancer|bitterblade|Serious||M|||90|,,,,,Flying]|moltresgalar||terashell|strugglebug,hypnosis,glaciallance|Serious||F|||100|,,,,,Flying	|moltresgalar||terashell|strugglebug,hypnosis,glaciallance|Serious||F|||100|,,,,,Flying]|oinkologne||earlybird|nastyplot,gunkshot|Serious||M|||100|,,,,,Poison]|moltresgalar||terashell|strugglebug,hypnosis,glaciallance|Serious||F|||100|,,,,,Flying]|chienpao||earlybird|softboiled|Serious||M|||100|,,,,,Normal]|moltresgalar||terashell|strugglebug,hypnosis,glaciallance|Serious||F|||100|,,,,,Flying	lose 0;lose 1	true,false	58034,18846,2876,7413	rs=- ended=1 winner=B turn=0 mid=1 left=5,5 fl=0,0 active=0,1,6,7 party=0,1,2,3,4;6,7,8,9,10 speeds=158,216,216,211,216,216,166,216,306,216 orders=0.0,1.0,0.0,0.0,0.0,2.0,3.0,0.0,0.0,0.0 so=1,2,3,0 mons=0.271.0.0.1.0.0.0.0.0.1.0 1.321.0.0.1.0.0.0.1.0.1.0 2.321.0.0.0.0.0.0.2.0.1.0 3.286.0.0.0.0.0.0.3.0.1.0 4.321.0.0.0.0.0.0.4.0.1.0 6.321.0.0.1.0.0.0.0.0.1.0 7.361.0.0.1.0.0.0.1.0.1.0 8.321.0.0.0.0.0.0.2.0.1.0 9.301.0.0.0.0.0.0.3.0.1.0 10.321.0.0.0.0.0.0.4.0.1.0	|~|win|B	1:0:5,5
130	38205,30791,18348,56408	|victreebel||corrosion|sacredsword|Serious||F|||90|,,,,,Bug]|moltresgalar||terashell|strugglebug,hypnosis,glaciallance|Serious||F|||100|,,,,,Flying]|moltresgalar||terashell|strugglebug,hypnosis,glaciallance|Serious||F|||100|,,,,,Flying]|fezandipiti||dancer|bitterblade|Serious||M|||90|,,,,,Flying]|moltresgalar||terashell|strugglebug,hypnosis,glaciallance|Serious||F|||100|,,,,,Flying	|moltresgalar||terashell|strugglebug,hypnosis,glaciallance|Serious||F|||100|,,,,,Flying]|oinkologne||earlybird|nastyplot,gunkshot|Serious||M|||100|,,,,,Poison]|moltresgalar||terashell|strugglebug,hypnosis,glaciallance|Serious||F|||100|,,,,,Flying]|chienpao||earlybird|softboiled|Serious||M|||100|,,,,,Normal]|moltresgalar||terashell|strugglebug,hypnosis,glaciallance|Serious||F|||100|,,,,,Flying	tiebreak	true	58034,18846,2876,7413	rs=- ended=1 winner=B turn=0 mid=1 left=5,5 fl=0,0 active=0,1,6,7 party=0,1,2,3,4;6,7,8,9,10 speeds=158,216,216,211,216,216,166,216,306,216 orders=0.0,1.0,0.0,0.0,0.0,2.0,3.0,0.0,0.0,0.0 so=1,2,3,0 mons=0.271.0.0.1.0.0.0.0.0.1.0 1.321.0.0.1.0.0.0.1.0.1.0 2.321.0.0.0.0.0.0.2.0.1.0 3.286.0.0.0.0.0.0.3.0.1.0 4.321.0.0.0.0.0.0.4.0.1.0 6.321.0.0.1.0.0.0.0.0.1.0 7.361.0.0.1.0.0.0.1.0.1.0 8.321.0.0.0.0.0.0.2.0.1.0 9.301.0.0.0.0.0.0.3.0.1.0 10.321.0.0.0.0.0.0.4.0.1.0	|message|Time's up! Going to tiebreaker...~|-message|A: 5 Pokemon left; B: 5 Pokemon left~|-message|A: 83% total HP left; B: 83% total HP left~|-message|A: 1520 total HP left; B: 1625 total HP left~|~|win|B	1:0:5,5
131	38205,30791,18348,56408	|victreebel||corrosion|sacredsword|Serious||F|||90|,,,,,Bug]|moltresgalar||terashell|strugglebug,hypnosis,glaciallance|Serious||F|||100|,,,,,Flying]|moltresgalar||terashell|strugglebug,hypnosis,glaciallance|Serious||F|||100|,,,,,Flying]|fezandipiti||dancer|bitterblade|Serious||M|||90|,,,,,Flying]|moltresgalar||terashell|strugglebug,hypnosis,glaciallance|Serious||F|||100|,,,,,Flying	|moltresgalar||terashell|strugglebug,hypnosis,glaciallance|Serious||F|||100|,,,,,Flying]|oinkologne||earlybird|nastyplot,gunkshot|Serious||M|||100|,,,,,Poison]|moltresgalar||terashell|strugglebug,hypnosis,glaciallance|Serious||F|||100|,,,,,Flying]|chienpao||earlybird|softboiled|Serious||M|||100|,,,,,Normal]|moltresgalar||terashell|strugglebug,hypnosis,glaciallance|Serious||F|||100|,,,,,Flying	fraction 0 0.5;fraction 1 0.25;tiebreak	-,-,true	58034,18846,2876,7413	rs=- ended=1 winner=A turn=0 mid=1 left=5,5 fl=0,0 active=0,1,6,7 party=0,1,2,3,4;6,7,8,9,10 speeds=158,216,216,211,216,216,166,216,306,216 orders=0.0,1.0,0.0,0.0,0.0,2.0,3.0,0.0,0.0,0.0 so=1,2,3,0 mons=0.135.0.0.1.0.0.0.0.0.1.0 1.160.0.0.1.0.0.0.1.0.1.0 2.160.0.0.0.0.0.0.2.0.1.0 3.143.0.0.0.0.0.0.3.0.1.0 4.160.0.0.0.0.0.0.4.0.1.0 6.80.0.0.1.0.0.0.0.0.1.0 7.90.0.0.1.0.0.0.1.0.1.0 8.80.0.0.0.0.0.0.2.0.1.0 9.75.0.0.0.0.0.0.3.0.1.0 10.80.0.0.0.0.0.0.4.0.1.0	|message|Time's up! Going to tiebreaker...~|-message|A: 5 Pokemon left; B: 5 Pokemon left~|-message|A: 42% total HP left; B: 21% total HP left~|~|win|A	0:0:5,5
132	38205,30791,18348,56408	|victreebel||corrosion|sacredsword|Serious||F|||90|,,,,,Bug]|moltresgalar||terashell|strugglebug,hypnosis,glaciallance|Serious||F|||100|,,,,,Flying]|moltresgalar||terashell|strugglebug,hypnosis,glaciallance|Serious||F|||100|,,,,,Flying]|fezandipiti||dancer|bitterblade|Serious||M|||90|,,,,,Flying]|moltresgalar||terashell|strugglebug,hypnosis,glaciallance|Serious||F|||100|,,,,,Flying	|moltresgalar||terashell|strugglebug,hypnosis,glaciallance|Serious||F|||100|,,,,,Flying]|oinkologne||earlybird|nastyplot,gunkshot|Serious||M|||100|,,,,,Poison]|moltresgalar||terashell|strugglebug,hypnosis,glaciallance|Serious||F|||100|,,,,,Flying]|chienpao||earlybird|softboiled|Serious||M|||100|,,,,,Normal]|moltresgalar||terashell|strugglebug,hypnosis,glaciallance|Serious||F|||100|,,,,,Flying	faint 0;messages 0 0 0;tiebreak	-,false,true	58034,18846,2876,7413	rs=- ended=1 winner=B turn=0 mid=1 left=4,5 fl=1,0 active=0,1,6,7 party=0,1,2,3,4;6,7,8,9,10 speeds=158,216,216,211,216,216,166,216,306,216 orders=0.0,1.0,0.0,0.0,0.0,2.0,3.0,0.0,0.0,0.0 so=1,2,3,0 mons=0.0.1.1.0.0.0.0.0.0.1.0 1.321.0.0.1.0.0.0.1.0.1.0 2.321.0.0.0.0.0.0.2.0.1.0 3.286.0.0.0.0.0.0.3.0.1.0 4.321.0.0.0.0.0.0.4.0.1.0 6.321.0.0.1.0.0.0.0.0.1.0 7.361.0.0.1.0.0.0.1.0.1.0 8.321.0.0.0.0.0.0.2.0.1.0 9.301.0.0.0.0.0.0.3.0.1.0 10.321.0.0.0.0.0.0.4.0.1.0	|faint|p1a: Victreebel~|message|Time's up! Going to tiebreaker...~|-message|A: 4 Pokemon left; B: 5 Pokemon left~|~|win|B	1:0:4,5
133	38205,30791,18348,56408	|victreebel||corrosion|sacredsword|Serious||F|||90|,,,,,Bug]|moltresgalar||terashell|strugglebug,hypnosis,glaciallance|Serious||F|||100|,,,,,Flying]|moltresgalar||terashell|strugglebug,hypnosis,glaciallance|Serious||F|||100|,,,,,Flying]|fezandipiti||dancer|bitterblade|Serious||M|||90|,,,,,Flying]|moltresgalar||terashell|strugglebug,hypnosis,glaciallance|Serious||F|||100|,,,,,Flying	|moltresgalar||terashell|strugglebug,hypnosis,glaciallance|Serious||F|||100|,,,,,Flying]|oinkologne||earlybird|nastyplot,gunkshot|Serious||M|||100|,,,,,Poison]|moltresgalar||terashell|strugglebug,hypnosis,glaciallance|Serious||F|||100|,,,,,Flying]|chienpao||earlybird|softboiled|Serious||M|||100|,,,,,Normal]|moltresgalar||terashell|strugglebug,hypnosis,glaciallance|Serious||F|||100|,,,,,Flying	left 0;left 1;messages 0 1 1	-,-,true	58034,18846,2876,7413	rs=- ended=1 winner=- turn=0 mid=1 left=0,0 fl=0,0 active=0,1,6,7 party=0,1,2,3,4;6,7,8,9,10 speeds=158,216,216,211,216,216,166,216,306,216 orders=0.0,1.0,0.0,0.0,0.0,2.0,3.0,0.0,0.0,0.0 so=1,2,3,0 mons=0.271.0.0.1.0.0.0.0.0.1.0 1.321.0.0.1.0.0.0.1.0.1.0 2.321.0.0.0.0.0.0.2.0.1.0 3.286.0.0.0.0.0.0.3.0.1.0 4.321.0.0.0.0.0.0.4.0.1.0 6.321.0.0.1.0.0.0.0.0.1.0 7.361.0.0.1.0.0.0.1.0.1.0 8.321.0.0.0.0.0.0.2.0.1.0 9.301.0.0.0.0.0.0.3.0.1.0 10.321.0.0.0.0.0.0.4.0.1.0	|~|tie	-:0:0,0
134	38205,30791,18348,56408	|victreebel||corrosion|sacredsword|Serious||F|||90|,,,,,Bug]|moltresgalar||terashell|strugglebug,hypnosis,glaciallance|Serious||F|||100|,,,,,Flying]|moltresgalar||terashell|strugglebug,hypnosis,glaciallance|Serious||F|||100|,,,,,Flying]|fezandipiti||dancer|bitterblade|Serious||M|||90|,,,,,Flying]|moltresgalar||terashell|strugglebug,hypnosis,glaciallance|Serious||F|||100|,,,,,Flying	|moltresgalar||terashell|strugglebug,hypnosis,glaciallance|Serious||F|||100|,,,,,Flying]|oinkologne||earlybird|nastyplot,gunkshot|Serious||M|||100|,,,,,Poison]|moltresgalar||terashell|strugglebug,hypnosis,glaciallance|Serious||F|||100|,,,,,Flying]|chienpao||earlybird|softboiled|Serious||M|||100|,,,,,Normal]|moltresgalar||terashell|strugglebug,hypnosis,glaciallance|Serious||F|||100|,,,,,Flying	limit 100	false	58034,18846,2876,7413	rs=- ended=0 winner=- turn=100 mid=1 left=5,5 fl=0,0 active=0,1,6,7 party=0,1,2,3,4;6,7,8,9,10 speeds=158,216,216,211,216,216,166,216,306,216 orders=0.0,1.0,0.0,0.0,0.0,2.0,3.0,0.0,0.0,0.0 so=1,2,3,0 mons=0.271.0.0.1.0.0.0.0.0.1.0 1.321.0.0.1.0.0.0.1.0.1.0 2.321.0.0.0.0.0.0.2.0.1.0 3.286.0.0.0.0.0.0.3.0.1.0 4.321.0.0.0.0.0.0.4.0.1.0 6.321.0.0.1.0.0.0.0.0.1.0 7.361.0.0.1.0.0.0.1.0.1.0 8.321.0.0.0.0.0.0.2.0.1.0 9.301.0.0.0.0.0.0.3.0.1.0 10.321.0.0.0.0.0.0.4.0.1.0		-
135	38205,30791,18348,56408	|victreebel||corrosion|sacredsword|Serious||F|||90|,,,,,Bug]|moltresgalar||terashell|strugglebug,hypnosis,glaciallance|Serious||F|||100|,,,,,Flying]|moltresgalar||terashell|strugglebug,hypnosis,glaciallance|Serious||F|||100|,,,,,Flying]|fezandipiti||dancer|bitterblade|Serious||M|||90|,,,,,Flying]|moltresgalar||terashell|strugglebug,hypnosis,glaciallance|Serious||F|||100|,,,,,Flying	|moltresgalar||terashell|strugglebug,hypnosis,glaciallance|Serious||F|||100|,,,,,Flying]|oinkologne||earlybird|nastyplot,gunkshot|Serious||M|||100|,,,,,Poison]|moltresgalar||terashell|strugglebug,hypnosis,glaciallance|Serious||F|||100|,,,,,Flying]|chienpao||earlybird|softboiled|Serious||M|||100|,,,,,Normal]|moltresgalar||terashell|strugglebug,hypnosis,glaciallance|Serious||F|||100|,,,,,Flying	limit 101	false	58034,18846,2876,7413	rs=- ended=0 winner=- turn=101 mid=1 left=5,5 fl=0,0 active=0,1,6,7 party=0,1,2,3,4;6,7,8,9,10 speeds=158,216,216,211,216,216,166,216,306,216 orders=0.0,1.0,0.0,0.0,0.0,2.0,3.0,0.0,0.0,0.0 so=1,2,3,0 mons=0.271.0.0.1.0.0.0.0.0.1.0 1.321.0.0.1.0.0.0.1.0.1.0 2.321.0.0.0.0.0.0.2.0.1.0 3.286.0.0.0.0.0.0.3.0.1.0 4.321.0.0.0.0.0.0.4.0.1.0 6.321.0.0.1.0.0.0.0.0.1.0 7.361.0.0.1.0.0.0.1.0.1.0 8.321.0.0.0.0.0.0.2.0.1.0 9.301.0.0.0.0.0.0.3.0.1.0 10.321.0.0.0.0.0.0.4.0.1.0		-
136	38205,30791,18348,56408	|victreebel||corrosion|sacredsword|Serious||F|||90|,,,,,Bug]|moltresgalar||terashell|strugglebug,hypnosis,glaciallance|Serious||F|||100|,,,,,Flying]|moltresgalar||terashell|strugglebug,hypnosis,glaciallance|Serious||F|||100|,,,,,Flying]|fezandipiti||dancer|bitterblade|Serious||M|||90|,,,,,Flying]|moltresgalar||terashell|strugglebug,hypnosis,glaciallance|Serious||F|||100|,,,,,Flying	|moltresgalar||terashell|strugglebug,hypnosis,glaciallance|Serious||F|||100|,,,,,Flying]|oinkologne||earlybird|nastyplot,gunkshot|Serious||M|||100|,,,,,Poison]|moltresgalar||terashell|strugglebug,hypnosis,glaciallance|Serious||F|||100|,,,,,Flying]|chienpao||earlybird|softboiled|Serious||M|||100|,,,,,Normal]|moltresgalar||terashell|strugglebug,hypnosis,glaciallance|Serious||F|||100|,,,,,Flying	limit 499	false	58034,18846,2876,7413	rs=- ended=0 winner=- turn=499 mid=1 left=5,5 fl=0,0 active=0,1,6,7 party=0,1,2,3,4;6,7,8,9,10 speeds=158,216,216,211,216,216,166,216,306,216 orders=0.0,1.0,0.0,0.0,0.0,2.0,3.0,0.0,0.0,0.0 so=1,2,3,0 mons=0.271.0.0.1.0.0.0.0.0.1.0 1.321.0.0.1.0.0.0.1.0.1.0 2.321.0.0.0.0.0.0.2.0.1.0 3.286.0.0.0.0.0.0.3.0.1.0 4.321.0.0.0.0.0.0.4.0.1.0 6.321.0.0.1.0.0.0.0.0.1.0 7.361.0.0.1.0.0.0.1.0.1.0 8.321.0.0.0.0.0.0.2.0.1.0 9.301.0.0.0.0.0.0.3.0.1.0 10.321.0.0.0.0.0.0.4.0.1.0		-
137	38205,30791,18348,56408	|victreebel||corrosion|sacredsword|Serious||F|||90|,,,,,Bug]|moltresgalar||terashell|strugglebug,hypnosis,glaciallance|Serious||F|||100|,,,,,Flying]|moltresgalar||terashell|strugglebug,hypnosis,glaciallance|Serious||F|||100|,,,,,Flying]|fezandipiti||dancer|bitterblade|Serious||M|||90|,,,,,Flying]|moltresgalar||terashell|strugglebug,hypnosis,glaciallance|Serious||F|||100|,,,,,Flying	|moltresgalar||terashell|strugglebug,hypnosis,glaciallance|Serious||F|||100|,,,,,Flying]|oinkologne||earlybird|nastyplot,gunkshot|Serious||M|||100|,,,,,Poison]|moltresgalar||terashell|strugglebug,hypnosis,glaciallance|Serious||F|||100|,,,,,Flying]|chienpao||earlybird|softboiled|Serious||M|||100|,,,,,Normal]|moltresgalar||terashell|strugglebug,hypnosis,glaciallance|Serious||F|||100|,,,,,Flying	limit 500	false	58034,18846,2876,7413	rs=- ended=0 winner=- turn=500 mid=1 left=5,5 fl=0,0 active=0,1,6,7 party=0,1,2,3,4;6,7,8,9,10 speeds=158,216,216,211,216,216,166,216,306,216 orders=0.0,1.0,0.0,0.0,0.0,2.0,3.0,0.0,0.0,0.0 so=1,2,3,0 mons=0.271.0.0.1.0.0.0.0.0.1.0 1.321.0.0.1.0.0.0.1.0.1.0 2.321.0.0.0.0.0.0.2.0.1.0 3.286.0.0.0.0.0.0.3.0.1.0 4.321.0.0.0.0.0.0.4.0.1.0 6.321.0.0.1.0.0.0.0.0.1.0 7.361.0.0.1.0.0.0.1.0.1.0 8.321.0.0.0.0.0.0.2.0.1.0 9.301.0.0.0.0.0.0.3.0.1.0 10.321.0.0.0.0.0.0.4.0.1.0	|bigerror|You will auto-tie if the battle doesn't end in 500 turns (on turn 1000).	-
138	38205,30791,18348,56408	|victreebel||corrosion|sacredsword|Serious||F|||90|,,,,,Bug]|moltresgalar||terashell|strugglebug,hypnosis,glaciallance|Serious||F|||100|,,,,,Flying]|moltresgalar||terashell|strugglebug,hypnosis,glaciallance|Serious||F|||100|,,,,,Flying]|fezandipiti||dancer|bitterblade|Serious||M|||90|,,,,,Flying]|moltresgalar||terashell|strugglebug,hypnosis,glaciallance|Serious||F|||100|,,,,,Flying	|moltresgalar||terashell|strugglebug,hypnosis,glaciallance|Serious||F|||100|,,,,,Flying]|oinkologne||earlybird|nastyplot,gunkshot|Serious||M|||100|,,,,,Poison]|moltresgalar||terashell|strugglebug,hypnosis,glaciallance|Serious||F|||100|,,,,,Flying]|chienpao||earlybird|softboiled|Serious||M|||100|,,,,,Normal]|moltresgalar||terashell|strugglebug,hypnosis,glaciallance|Serious||F|||100|,,,,,Flying	limit 899	false	58034,18846,2876,7413	rs=- ended=0 winner=- turn=899 mid=1 left=5,5 fl=0,0 active=0,1,6,7 party=0,1,2,3,4;6,7,8,9,10 speeds=158,216,216,211,216,216,166,216,306,216 orders=0.0,1.0,0.0,0.0,0.0,2.0,3.0,0.0,0.0,0.0 so=1,2,3,0 mons=0.271.0.0.1.0.0.0.0.0.1.0 1.321.0.0.1.0.0.0.1.0.1.0 2.321.0.0.0.0.0.0.2.0.1.0 3.286.0.0.0.0.0.0.3.0.1.0 4.321.0.0.0.0.0.0.4.0.1.0 6.321.0.0.1.0.0.0.0.0.1.0 7.361.0.0.1.0.0.0.1.0.1.0 8.321.0.0.0.0.0.0.2.0.1.0 9.301.0.0.0.0.0.0.3.0.1.0 10.321.0.0.0.0.0.0.4.0.1.0		-
139	38205,30791,18348,56408	|victreebel||corrosion|sacredsword|Serious||F|||90|,,,,,Bug]|moltresgalar||terashell|strugglebug,hypnosis,glaciallance|Serious||F|||100|,,,,,Flying]|moltresgalar||terashell|strugglebug,hypnosis,glaciallance|Serious||F|||100|,,,,,Flying]|fezandipiti||dancer|bitterblade|Serious||M|||90|,,,,,Flying]|moltresgalar||terashell|strugglebug,hypnosis,glaciallance|Serious||F|||100|,,,,,Flying	|moltresgalar||terashell|strugglebug,hypnosis,glaciallance|Serious||F|||100|,,,,,Flying]|oinkologne||earlybird|nastyplot,gunkshot|Serious||M|||100|,,,,,Poison]|moltresgalar||terashell|strugglebug,hypnosis,glaciallance|Serious||F|||100|,,,,,Flying]|chienpao||earlybird|softboiled|Serious||M|||100|,,,,,Normal]|moltresgalar||terashell|strugglebug,hypnosis,glaciallance|Serious||F|||100|,,,,,Flying	limit 900	false	58034,18846,2876,7413	rs=- ended=0 winner=- turn=900 mid=1 left=5,5 fl=0,0 active=0,1,6,7 party=0,1,2,3,4;6,7,8,9,10 speeds=158,216,216,211,216,216,166,216,306,216 orders=0.0,1.0,0.0,0.0,0.0,2.0,3.0,0.0,0.0,0.0 so=1,2,3,0 mons=0.271.0.0.1.0.0.0.0.0.1.0 1.321.0.0.1.0.0.0.1.0.1.0 2.321.0.0.0.0.0.0.2.0.1.0 3.286.0.0.0.0.0.0.3.0.1.0 4.321.0.0.0.0.0.0.4.0.1.0 6.321.0.0.1.0.0.0.0.0.1.0 7.361.0.0.1.0.0.0.1.0.1.0 8.321.0.0.0.0.0.0.2.0.1.0 9.301.0.0.0.0.0.0.3.0.1.0 10.321.0.0.0.0.0.0.4.0.1.0	|bigerror|You will auto-tie if the battle doesn't end in 100 turns (on turn 1000).	-
140	38205,30791,18348,56408	|victreebel||corrosion|sacredsword|Serious||F|||90|,,,,,Bug]|moltresgalar||terashell|strugglebug,hypnosis,glaciallance|Serious||F|||100|,,,,,Flying]|moltresgalar||terashell|strugglebug,hypnosis,glaciallance|Serious||F|||100|,,,,,Flying]|fezandipiti||dancer|bitterblade|Serious||M|||90|,,,,,Flying]|moltresgalar||terashell|strugglebug,hypnosis,glaciallance|Serious||F|||100|,,,,,Flying	|moltresgalar||terashell|strugglebug,hypnosis,glaciallance|Serious||F|||100|,,,,,Flying]|oinkologne||earlybird|nastyplot,gunkshot|Serious||M|||100|,,,,,Poison]|moltresgalar||terashell|strugglebug,hypnosis,glaciallance|Serious||F|||100|,,,,,Flying]|chienpao||earlybird|softboiled|Serious||M|||100|,,,,,Normal]|moltresgalar||terashell|strugglebug,hypnosis,glaciallance|Serious||F|||100|,,,,,Flying	limit 989	false	58034,18846,2876,7413	rs=- ended=0 winner=- turn=989 mid=1 left=5,5 fl=0,0 active=0,1,6,7 party=0,1,2,3,4;6,7,8,9,10 speeds=158,216,216,211,216,216,166,216,306,216 orders=0.0,1.0,0.0,0.0,0.0,2.0,3.0,0.0,0.0,0.0 so=1,2,3,0 mons=0.271.0.0.1.0.0.0.0.0.1.0 1.321.0.0.1.0.0.0.1.0.1.0 2.321.0.0.0.0.0.0.2.0.1.0 3.286.0.0.0.0.0.0.3.0.1.0 4.321.0.0.0.0.0.0.4.0.1.0 6.321.0.0.1.0.0.0.0.0.1.0 7.361.0.0.1.0.0.0.1.0.1.0 8.321.0.0.0.0.0.0.2.0.1.0 9.301.0.0.0.0.0.0.3.0.1.0 10.321.0.0.0.0.0.0.4.0.1.0		-
141	38205,30791,18348,56408	|victreebel||corrosion|sacredsword|Serious||F|||90|,,,,,Bug]|moltresgalar||terashell|strugglebug,hypnosis,glaciallance|Serious||F|||100|,,,,,Flying]|moltresgalar||terashell|strugglebug,hypnosis,glaciallance|Serious||F|||100|,,,,,Flying]|fezandipiti||dancer|bitterblade|Serious||M|||90|,,,,,Flying]|moltresgalar||terashell|strugglebug,hypnosis,glaciallance|Serious||F|||100|,,,,,Flying	|moltresgalar||terashell|strugglebug,hypnosis,glaciallance|Serious||F|||100|,,,,,Flying]|oinkologne||earlybird|nastyplot,gunkshot|Serious||M|||100|,,,,,Poison]|moltresgalar||terashell|strugglebug,hypnosis,glaciallance|Serious||F|||100|,,,,,Flying]|chienpao||earlybird|softboiled|Serious||M|||100|,,,,,Normal]|moltresgalar||terashell|strugglebug,hypnosis,glaciallance|Serious||F|||100|,,,,,Flying	limit 990	false	58034,18846,2876,7413	rs=- ended=0 winner=- turn=990 mid=1 left=5,5 fl=0,0 active=0,1,6,7 party=0,1,2,3,4;6,7,8,9,10 speeds=158,216,216,211,216,216,166,216,306,216 orders=0.0,1.0,0.0,0.0,0.0,2.0,3.0,0.0,0.0,0.0 so=1,2,3,0 mons=0.271.0.0.1.0.0.0.0.0.1.0 1.321.0.0.1.0.0.0.1.0.1.0 2.321.0.0.0.0.0.0.2.0.1.0 3.286.0.0.0.0.0.0.3.0.1.0 4.321.0.0.0.0.0.0.4.0.1.0 6.321.0.0.1.0.0.0.0.0.1.0 7.361.0.0.1.0.0.0.1.0.1.0 8.321.0.0.0.0.0.0.2.0.1.0 9.301.0.0.0.0.0.0.3.0.1.0 10.321.0.0.0.0.0.0.4.0.1.0	|bigerror|You will auto-tie if the battle doesn't end in 10 turns (on turn 1000).	-
142	38205,30791,18348,56408	|victreebel||corrosion|sacredsword|Serious||F|||90|,,,,,Bug]|moltresgalar||terashell|strugglebug,hypnosis,glaciallance|Serious||F|||100|,,,,,Flying]|moltresgalar||terashell|strugglebug,hypnosis,glaciallance|Serious||F|||100|,,,,,Flying]|fezandipiti||dancer|bitterblade|Serious||M|||90|,,,,,Flying]|moltresgalar||terashell|strugglebug,hypnosis,glaciallance|Serious||F|||100|,,,,,Flying	|moltresgalar||terashell|strugglebug,hypnosis,glaciallance|Serious||F|||100|,,,,,Flying]|oinkologne||earlybird|nastyplot,gunkshot|Serious||M|||100|,,,,,Poison]|moltresgalar||terashell|strugglebug,hypnosis,glaciallance|Serious||F|||100|,,,,,Flying]|chienpao||earlybird|softboiled|Serious||M|||100|,,,,,Normal]|moltresgalar||terashell|strugglebug,hypnosis,glaciallance|Serious||F|||100|,,,,,Flying	limit 999	false	58034,18846,2876,7413	rs=- ended=0 winner=- turn=999 mid=1 left=5,5 fl=0,0 active=0,1,6,7 party=0,1,2,3,4;6,7,8,9,10 speeds=158,216,216,211,216,216,166,216,306,216 orders=0.0,1.0,0.0,0.0,0.0,2.0,3.0,0.0,0.0,0.0 so=1,2,3,0 mons=0.271.0.0.1.0.0.0.0.0.1.0 1.321.0.0.1.0.0.0.1.0.1.0 2.321.0.0.0.0.0.0.2.0.1.0 3.286.0.0.0.0.0.0.3.0.1.0 4.321.0.0.0.0.0.0.4.0.1.0 6.321.0.0.1.0.0.0.0.0.1.0 7.361.0.0.1.0.0.0.1.0.1.0 8.321.0.0.0.0.0.0.2.0.1.0 9.301.0.0.0.0.0.0.3.0.1.0 10.321.0.0.0.0.0.0.4.0.1.0	|bigerror|You will auto-tie if the battle doesn't end in 1 turn (on turn 1000).	-
143	38205,30791,18348,56408	|victreebel||corrosion|sacredsword|Serious||F|||90|,,,,,Bug]|moltresgalar||terashell|strugglebug,hypnosis,glaciallance|Serious||F|||100|,,,,,Flying]|moltresgalar||terashell|strugglebug,hypnosis,glaciallance|Serious||F|||100|,,,,,Flying]|fezandipiti||dancer|bitterblade|Serious||M|||90|,,,,,Flying]|moltresgalar||terashell|strugglebug,hypnosis,glaciallance|Serious||F|||100|,,,,,Flying	|moltresgalar||terashell|strugglebug,hypnosis,glaciallance|Serious||F|||100|,,,,,Flying]|oinkologne||earlybird|nastyplot,gunkshot|Serious||M|||100|,,,,,Poison]|moltresgalar||terashell|strugglebug,hypnosis,glaciallance|Serious||F|||100|,,,,,Flying]|chienpao||earlybird|softboiled|Serious||M|||100|,,,,,Normal]|moltresgalar||terashell|strugglebug,hypnosis,glaciallance|Serious||F|||100|,,,,,Flying	limit 1000	false	58034,18846,2876,7413	rs=- ended=0 winner=- turn=1000 mid=1 left=5,5 fl=0,0 active=0,1,6,7 party=0,1,2,3,4;6,7,8,9,10 speeds=158,216,216,211,216,216,166,216,306,216 orders=0.0,1.0,0.0,0.0,0.0,2.0,3.0,0.0,0.0,0.0 so=1,2,3,0 mons=0.271.0.0.1.0.0.0.0.0.1.0 1.321.0.0.1.0.0.0.1.0.1.0 2.321.0.0.0.0.0.0.2.0.1.0 3.286.0.0.0.0.0.0.3.0.1.0 4.321.0.0.0.0.0.0.4.0.1.0 6.321.0.0.1.0.0.0.0.0.1.0 7.361.0.0.1.0.0.0.1.0.1.0 8.321.0.0.0.0.0.0.2.0.1.0 9.301.0.0.0.0.0.0.3.0.1.0 10.321.0.0.0.0.0.0.4.0.1.0	|bigerror|You will auto-tie if the battle doesn't end in 0 turns (on turn 1000).	-
144	38205,30791,18348,56408	|victreebel||corrosion|sacredsword|Serious||F|||90|,,,,,Bug]|moltresgalar||terashell|strugglebug,hypnosis,glaciallance|Serious||F|||100|,,,,,Flying]|moltresgalar||terashell|strugglebug,hypnosis,glaciallance|Serious||F|||100|,,,,,Flying]|fezandipiti||dancer|bitterblade|Serious||M|||90|,,,,,Flying]|moltresgalar||terashell|strugglebug,hypnosis,glaciallance|Serious||F|||100|,,,,,Flying	|moltresgalar||terashell|strugglebug,hypnosis,glaciallance|Serious||F|||100|,,,,,Flying]|oinkologne||earlybird|nastyplot,gunkshot|Serious||M|||100|,,,,,Poison]|moltresgalar||terashell|strugglebug,hypnosis,glaciallance|Serious||F|||100|,,,,,Flying]|chienpao||earlybird|softboiled|Serious||M|||100|,,,,,Normal]|moltresgalar||terashell|strugglebug,hypnosis,glaciallance|Serious||F|||100|,,,,,Flying	limit 1001	true	58034,18846,2876,7413	rs=- ended=1 winner=- turn=1001 mid=1 left=5,5 fl=0,0 active=0,1,6,7 party=0,1,2,3,4;6,7,8,9,10 speeds=158,216,216,211,216,216,166,216,306,216 orders=0.0,1.0,0.0,0.0,0.0,2.0,3.0,0.0,0.0,0.0 so=1,2,3,0 mons=0.271.0.0.1.0.0.0.0.0.1.0 1.321.0.0.1.0.0.0.1.0.1.0 2.321.0.0.0.0.0.0.2.0.1.0 3.286.0.0.0.0.0.0.3.0.1.0 4.321.0.0.0.0.0.0.4.0.1.0 6.321.0.0.1.0.0.0.0.0.1.0 7.361.0.0.1.0.0.0.1.0.1.0 8.321.0.0.0.0.0.0.2.0.1.0 9.301.0.0.0.0.0.0.3.0.1.0 10.321.0.0.0.0.0.0.4.0.1.0	|message|It is turn 1000. You have hit the turn limit!~|~|tie	-:1001:5,5
145	49778,65297,10394,28733	|lurantis||earlybird|fireblast,aquajet,acidspray,psychicnoise|Serious||M|||90|,,,,,Normal]|lurantis||earlybird|fireblast,aquajet,acidspray,psychicnoise|Serious||M|||90|,,,,,Normal]|lurantis||earlybird|fireblast,aquajet,acidspray,psychicnoise|Serious||M|||90|,,,,,Normal]|lurantis||earlybird|fireblast,aquajet,acidspray,psychicnoise|Serious||M|||90|,,,,,Normal]|lurantis||earlybird|fireblast,aquajet,acidspray,psychicnoise|Serious||M|||90|,,,,,Normal]|lurantis||earlybird|fireblast,aquajet,acidspray,psychicnoise|Serious||M|||90|,,,,,Normal	|lurantis||earlybird|fireblast,aquajet,acidspray,psychicnoise|Serious||M|||90|,,,,,Normal]|lurantis||earlybird|fireblast,aquajet,acidspray,psychicnoise|Serious||M|||90|,,,,,Normal]|heatran||multitype|circlethrow,cosmicpower,megahorn,malignantchain|Serious|||||90|,,,,,Ghost]|lurantis||earlybird|fireblast,aquajet,acidspray,psychicnoise|Serious||M|||90|,,,,,Normal]|barraskewda||levitate|meteormash,muddywater,flowertrick|Serious||M|||100|,,,,,Steel]|lurantis||earlybird|fireblast,aquajet,acidspray,psychicnoise|Serious||M|||90|,,,,,Normal	wipe 0;messages 0 0 1	-,true	120,3156,7885,62831	rs=- ended=1 winner=B turn=0 mid=1 left=0,6 fl=6,0 active=0,1,6,7 party=0,1,2,3,4,5;6,7,8,9,10,11 speeds=113,113,113,113,113,113,113,113,171,113,308,113 orders=0.0,1.0,0.0,0.0,0.0,0.0,2.0,3.0,0.0,0.0,0.0,0.0 so=2,3,1,0 mons=0.0.1.1.0.0.0.0.0.0.1.0 1.0.1.1.0.0.0.0.1.0.1.0 2.0.1.1.0.0.0.0.2.0.1.0 3.0.1.1.0.0.0.0.3.0.1.0 4.0.1.1.0.0.0.0.4.0.1.0 5.0.1.1.0.0.0.0.5.0.1.0 6.253.0.0.1.0.0.0.0.0.1.0 7.253.0.0.1.0.0.0.1.0.1.0 8.291.0.0.0.0.0.0.2.0.1.0 9.253.0.0.0.0.0.0.3.0.1.0 10.263.0.0.0.0.0.0.4.0.1.0 11.253.0.0.0.0.0.0.5.0.1.0	|faint|p1a: Lurantis~|faint|p1b: Lurantis~|faint|p1: Lurantis~|faint|p1: Lurantis~|faint|p1: Lurantis~|faint|p1: Lurantis~|~|win|B	1:0:0,6
146	49778,65297,10394,28733	|lurantis||earlybird|fireblast,aquajet,acidspray,psychicnoise|Serious||M|||90|,,,,,Normal]|lurantis||earlybird|fireblast,aquajet,acidspray,psychicnoise|Serious||M|||90|,,,,,Normal]|lurantis||earlybird|fireblast,aquajet,acidspray,psychicnoise|Serious||M|||90|,,,,,Normal]|lurantis||earlybird|fireblast,aquajet,acidspray,psychicnoise|Serious||M|||90|,,,,,Normal]|lurantis||earlybird|fireblast,aquajet,acidspray,psychicnoise|Serious||M|||90|,,,,,Normal]|lurantis||earlybird|fireblast,aquajet,acidspray,psychicnoise|Serious||M|||90|,,,,,Normal	|lurantis||earlybird|fireblast,aquajet,acidspray,psychicnoise|Serious||M|||90|,,,,,Normal]|lurantis||earlybird|fireblast,aquajet,acidspray,psychicnoise|Serious||M|||90|,,,,,Normal]|heatran||multitype|circlethrow,cosmicpower,megahorn,malignantchain|Serious|||||90|,,,,,Ghost]|lurantis||earlybird|fireblast,aquajet,acidspray,psychicnoise|Serious||M|||90|,,,,,Normal]|barraskewda||levitate|meteormash,muddywater,flowertrick|Serious||M|||100|,,,,,Steel]|lurantis||earlybird|fireblast,aquajet,acidspray,psychicnoise|Serious||M|||90|,,,,,Normal	wipe 1;messages 0 0 1	-,true	120,3156,7885,62831	rs=- ended=1 winner=A turn=0 mid=1 left=6,0 fl=0,6 active=0,1,6,7 party=0,1,2,3,4,5;6,7,8,9,10,11 speeds=113,113,113,113,113,113,113,113,171,113,308,113 orders=0.0,1.0,0.0,0.0,0.0,0.0,2.0,3.0,0.0,0.0,0.0,0.0 so=2,3,1,0 mons=0.253.0.0.1.0.0.0.0.0.1.0 1.253.0.0.1.0.0.0.1.0.1.0 2.253.0.0.0.0.0.0.2.0.1.0 3.253.0.0.0.0.0.0.3.0.1.0 4.253.0.0.0.0.0.0.4.0.1.0 5.253.0.0.0.0.0.0.5.0.1.0 6.0.1.1.0.0.0.0.0.0.1.0 7.0.1.1.0.0.0.0.1.0.1.0 8.0.1.1.0.0.0.0.2.0.1.0 9.0.1.1.0.0.0.0.3.0.1.0 10.0.1.1.0.0.0.0.4.0.1.0 11.0.1.1.0.0.0.0.5.0.1.0	|faint|p2a: Lurantis~|faint|p2b: Lurantis~|faint|p2: Heatran~|faint|p2: Lurantis~|faint|p2: Barraskewda~|faint|p2: Lurantis~|~|win|A	0:0:6,0
147	49778,65297,10394,28733	|lurantis||earlybird|fireblast,aquajet,acidspray,psychicnoise|Serious||M|||90|,,,,,Normal]|lurantis||earlybird|fireblast,aquajet,acidspray,psychicnoise|Serious||M|||90|,,,,,Normal]|lurantis||earlybird|fireblast,aquajet,acidspray,psychicnoise|Serious||M|||90|,,,,,Normal]|lurantis||earlybird|fireblast,aquajet,acidspray,psychicnoise|Serious||M|||90|,,,,,Normal]|lurantis||earlybird|fireblast,aquajet,acidspray,psychicnoise|Serious||M|||90|,,,,,Normal]|lurantis||earlybird|fireblast,aquajet,acidspray,psychicnoise|Serious||M|||90|,,,,,Normal	|lurantis||earlybird|fireblast,aquajet,acidspray,psychicnoise|Serious||M|||90|,,,,,Normal]|lurantis||earlybird|fireblast,aquajet,acidspray,psychicnoise|Serious||M|||90|,,,,,Normal]|heatran||multitype|circlethrow,cosmicpower,megahorn,malignantchain|Serious|||||90|,,,,,Ghost]|lurantis||earlybird|fireblast,aquajet,acidspray,psychicnoise|Serious||M|||90|,,,,,Normal]|barraskewda||levitate|meteormash,muddywater,flowertrick|Serious||M|||100|,,,,,Steel]|lurantis||earlybird|fireblast,aquajet,acidspray,psychicnoise|Serious||M|||90|,,,,,Normal	wipe 0;wipe 1;messages 0 0 1	-,-,true	120,3156,7885,62831	rs=- ended=1 winner=B turn=0 mid=1 left=0,0 fl=6,6 active=0,1,6,7 party=0,1,2,3,4,5;6,7,8,9,10,11 speeds=113,113,113,113,113,113,113,113,171,113,308,113 orders=0.0,1.0,0.0,0.0,0.0,0.0,2.0,3.0,0.0,0.0,0.0,0.0 so=2,3,1,0 mons=0.0.1.1.0.0.0.0.0.0.1.0 1.0.1.1.0.0.0.0.1.0.1.0 2.0.1.1.0.0.0.0.2.0.1.0 3.0.1.1.0.0.0.0.3.0.1.0 4.0.1.1.0.0.0.0.4.0.1.0 5.0.1.1.0.0.0.0.5.0.1.0 6.0.1.1.0.0.0.0.0.0.1.0 7.0.1.1.0.0.0.0.1.0.1.0 8.0.1.1.0.0.0.0.2.0.1.0 9.0.1.1.0.0.0.0.3.0.1.0 10.0.1.1.0.0.0.0.4.0.1.0 11.0.1.1.0.0.0.0.5.0.1.0	|faint|p1a: Lurantis~|faint|p1b: Lurantis~|faint|p1: Lurantis~|faint|p1: Lurantis~|faint|p1: Lurantis~|faint|p1: Lurantis~|faint|p2a: Lurantis~|faint|p2b: Lurantis~|faint|p2: Heatran~|faint|p2: Lurantis~|faint|p2: Barraskewda~|faint|p2: Lurantis~|~|win|B	1:0:0,0
148	49778,65297,10394,28733	|lurantis||earlybird|fireblast,aquajet,acidspray,psychicnoise|Serious||M|||90|,,,,,Normal]|lurantis||earlybird|fireblast,aquajet,acidspray,psychicnoise|Serious||M|||90|,,,,,Normal]|lurantis||earlybird|fireblast,aquajet,acidspray,psychicnoise|Serious||M|||90|,,,,,Normal]|lurantis||earlybird|fireblast,aquajet,acidspray,psychicnoise|Serious||M|||90|,,,,,Normal]|lurantis||earlybird|fireblast,aquajet,acidspray,psychicnoise|Serious||M|||90|,,,,,Normal]|lurantis||earlybird|fireblast,aquajet,acidspray,psychicnoise|Serious||M|||90|,,,,,Normal	|lurantis||earlybird|fireblast,aquajet,acidspray,psychicnoise|Serious||M|||90|,,,,,Normal]|lurantis||earlybird|fireblast,aquajet,acidspray,psychicnoise|Serious||M|||90|,,,,,Normal]|heatran||multitype|circlethrow,cosmicpower,megahorn,malignantchain|Serious|||||90|,,,,,Ghost]|lurantis||earlybird|fireblast,aquajet,acidspray,psychicnoise|Serious||M|||90|,,,,,Normal]|barraskewda||levitate|meteormash,muddywater,flowertrick|Serious||M|||100|,,,,,Steel]|lurantis||earlybird|fireblast,aquajet,acidspray,psychicnoise|Serious||M|||90|,,,,,Normal	wipe 1;wipe 0;messages 0 0 1	-,-,true	120,3156,7885,62831	rs=- ended=1 winner=A turn=0 mid=1 left=0,0 fl=6,6 active=0,1,6,7 party=0,1,2,3,4,5;6,7,8,9,10,11 speeds=113,113,113,113,113,113,113,113,171,113,308,113 orders=0.0,1.0,0.0,0.0,0.0,0.0,2.0,3.0,0.0,0.0,0.0,0.0 so=2,3,1,0 mons=0.0.1.1.0.0.0.0.0.0.1.0 1.0.1.1.0.0.0.0.1.0.1.0 2.0.1.1.0.0.0.0.2.0.1.0 3.0.1.1.0.0.0.0.3.0.1.0 4.0.1.1.0.0.0.0.4.0.1.0 5.0.1.1.0.0.0.0.5.0.1.0 6.0.1.1.0.0.0.0.0.0.1.0 7.0.1.1.0.0.0.0.1.0.1.0 8.0.1.1.0.0.0.0.2.0.1.0 9.0.1.1.0.0.0.0.3.0.1.0 10.0.1.1.0.0.0.0.4.0.1.0 11.0.1.1.0.0.0.0.5.0.1.0	|faint|p2a: Lurantis~|faint|p2b: Lurantis~|faint|p2: Heatran~|faint|p2: Lurantis~|faint|p2: Barraskewda~|faint|p2: Lurantis~|faint|p1a: Lurantis~|faint|p1b: Lurantis~|faint|p1: Lurantis~|faint|p1: Lurantis~|faint|p1: Lurantis~|faint|p1: Lurantis~|~|win|A	0:0:0,0
149	49778,65297,10394,28733	|lurantis||earlybird|fireblast,aquajet,acidspray,psychicnoise|Serious||M|||90|,,,,,Normal]|lurantis||earlybird|fireblast,aquajet,acidspray,psychicnoise|Serious||M|||90|,,,,,Normal]|lurantis||earlybird|fireblast,aquajet,acidspray,psychicnoise|Serious||M|||90|,,,,,Normal]|lurantis||earlybird|fireblast,aquajet,acidspray,psychicnoise|Serious||M|||90|,,,,,Normal]|lurantis||earlybird|fireblast,aquajet,acidspray,psychicnoise|Serious||M|||90|,,,,,Normal]|lurantis||earlybird|fireblast,aquajet,acidspray,psychicnoise|Serious||M|||90|,,,,,Normal	|lurantis||earlybird|fireblast,aquajet,acidspray,psychicnoise|Serious||M|||90|,,,,,Normal]|lurantis||earlybird|fireblast,aquajet,acidspray,psychicnoise|Serious||M|||90|,,,,,Normal]|heatran||multitype|circlethrow,cosmicpower,megahorn,malignantchain|Serious|||||90|,,,,,Ghost]|lurantis||earlybird|fireblast,aquajet,acidspray,psychicnoise|Serious||M|||90|,,,,,Normal]|barraskewda||levitate|meteormash,muddywater,flowertrick|Serious||M|||100|,,,,,Steel]|lurantis||earlybird|fireblast,aquajet,acidspray,psychicnoise|Serious||M|||90|,,,,,Normal	wipe 0;wipe 1;messages 1 0 1	-,-,true	120,3156,7885,62831	rs=- ended=1 winner=B turn=0 mid=1 left=0,0 fl=6,6 active=0,1,6,7 party=0,1,2,3,4,5;6,7,8,9,10,11 speeds=113,113,113,113,113,113,113,113,171,113,308,113 orders=0.0,1.0,0.0,0.0,0.0,0.0,2.0,3.0,0.0,0.0,0.0,0.0 so=2,3,1,0 mons=0.0.1.1.0.0.0.0.0.0.1.0 1.0.1.1.0.0.0.0.1.0.1.0 2.0.1.1.0.0.0.0.2.0.1.0 3.0.1.1.0.0.0.0.3.0.1.0 4.0.1.1.0.0.0.0.4.0.1.0 5.0.1.1.0.0.0.0.5.0.1.0 6.0.1.1.0.0.0.0.0.0.1.0 7.0.1.1.0.0.0.0.1.0.1.0 8.0.1.1.0.0.0.0.2.0.1.0 9.0.1.1.0.0.0.0.3.0.1.0 10.0.1.1.0.0.0.0.4.0.1.0 11.0.1.1.0.0.0.0.5.0.1.0	|faint|p2: Lurantis~|faint|p1a: Lurantis~|faint|p1b: Lurantis~|faint|p1: Lurantis~|faint|p1: Lurantis~|faint|p1: Lurantis~|faint|p1: Lurantis~|faint|p2a: Lurantis~|faint|p2b: Lurantis~|faint|p2: Heatran~|faint|p2: Lurantis~|faint|p2: Barraskewda~|~|win|B	1:0:0,0
150	49778,65297,10394,28733	|lurantis||earlybird|fireblast,aquajet,acidspray,psychicnoise|Serious||M|||90|,,,,,Normal]|lurantis||earlybird|fireblast,aquajet,acidspray,psychicnoise|Serious||M|||90|,,,,,Normal]|lurantis||earlybird|fireblast,aquajet,acidspray,psychicnoise|Serious||M|||90|,,,,,Normal]|lurantis||earlybird|fireblast,aquajet,acidspray,psychicnoise|Serious||M|||90|,,,,,Normal]|lurantis||earlybird|fireblast,aquajet,acidspray,psychicnoise|Serious||M|||90|,,,,,Normal]|lurantis||earlybird|fireblast,aquajet,acidspray,psychicnoise|Serious||M|||90|,,,,,Normal	|lurantis||earlybird|fireblast,aquajet,acidspray,psychicnoise|Serious||M|||90|,,,,,Normal]|lurantis||earlybird|fireblast,aquajet,acidspray,psychicnoise|Serious||M|||90|,,,,,Normal]|heatran||multitype|circlethrow,cosmicpower,megahorn,malignantchain|Serious|||||90|,,,,,Ghost]|lurantis||earlybird|fireblast,aquajet,acidspray,psychicnoise|Serious||M|||90|,,,,,Normal]|barraskewda||levitate|meteormash,muddywater,flowertrick|Serious||M|||100|,,,,,Steel]|lurantis||earlybird|fireblast,aquajet,acidspray,psychicnoise|Serious||M|||90|,,,,,Normal	wipe 1;wipe 0;messages 1 0 1	-,-,true	120,3156,7885,62831	rs=- ended=1 winner=A turn=0 mid=1 left=0,0 fl=6,6 active=0,1,6,7 party=0,1,2,3,4,5;6,7,8,9,10,11 speeds=113,113,113,113,113,113,113,113,171,113,308,113 orders=0.0,1.0,0.0,0.0,0.0,0.0,2.0,3.0,0.0,0.0,0.0,0.0 so=2,3,1,0 mons=0.0.1.1.0.0.0.0.0.0.1.0 1.0.1.1.0.0.0.0.1.0.1.0 2.0.1.1.0.0.0.0.2.0.1.0 3.0.1.1.0.0.0.0.3.0.1.0 4.0.1.1.0.0.0.0.4.0.1.0 5.0.1.1.0.0.0.0.5.0.1.0 6.0.1.1.0.0.0.0.0.0.1.0 7.0.1.1.0.0.0.0.1.0.1.0 8.0.1.1.0.0.0.0.2.0.1.0 9.0.1.1.0.0.0.0.3.0.1.0 10.0.1.1.0.0.0.0.4.0.1.0 11.0.1.1.0.0.0.0.5.0.1.0	|faint|p1: Lurantis~|faint|p2a: Lurantis~|faint|p2b: Lurantis~|faint|p2: Heatran~|faint|p2: Lurantis~|faint|p2: Barraskewda~|faint|p2: Lurantis~|faint|p1a: Lurantis~|faint|p1b: Lurantis~|faint|p1: Lurantis~|faint|p1: Lurantis~|faint|p1: Lurantis~|~|win|A	0:0:0,0
151	49778,65297,10394,28733	|lurantis||earlybird|fireblast,aquajet,acidspray,psychicnoise|Serious||M|||90|,,,,,Normal]|lurantis||earlybird|fireblast,aquajet,acidspray,psychicnoise|Serious||M|||90|,,,,,Normal]|lurantis||earlybird|fireblast,aquajet,acidspray,psychicnoise|Serious||M|||90|,,,,,Normal]|lurantis||earlybird|fireblast,aquajet,acidspray,psychicnoise|Serious||M|||90|,,,,,Normal]|lurantis||earlybird|fireblast,aquajet,acidspray,psychicnoise|Serious||M|||90|,,,,,Normal]|lurantis||earlybird|fireblast,aquajet,acidspray,psychicnoise|Serious||M|||90|,,,,,Normal	|lurantis||earlybird|fireblast,aquajet,acidspray,psychicnoise|Serious||M|||90|,,,,,Normal]|lurantis||earlybird|fireblast,aquajet,acidspray,psychicnoise|Serious||M|||90|,,,,,Normal]|heatran||multitype|circlethrow,cosmicpower,megahorn,malignantchain|Serious|||||90|,,,,,Ghost]|lurantis||earlybird|fireblast,aquajet,acidspray,psychicnoise|Serious||M|||90|,,,,,Normal]|barraskewda||levitate|meteormash,muddywater,flowertrick|Serious||M|||100|,,,,,Steel]|lurantis||earlybird|fireblast,aquajet,acidspray,psychicnoise|Serious||M|||90|,,,,,Normal	wipe 0;wipe 1;messages 0 0 0;messages 0 1 1	-,-,false,true	120,3156,7885,62831	rs=- ended=1 winner=- turn=0 mid=1 left=0,0 fl=6,6 active=0,1,6,7 party=0,1,2,3,4,5;6,7,8,9,10,11 speeds=113,113,113,113,113,113,113,113,171,113,308,113 orders=0.0,1.0,0.0,0.0,0.0,0.0,2.0,3.0,0.0,0.0,0.0,0.0 so=2,3,1,0 mons=0.0.1.1.0.0.0.0.0.0.1.0 1.0.1.1.0.0.0.0.1.0.1.0 2.0.1.1.0.0.0.0.2.0.1.0 3.0.1.1.0.0.0.0.3.0.1.0 4.0.1.1.0.0.0.0.4.0.1.0 5.0.1.1.0.0.0.0.5.0.1.0 6.0.1.1.0.0.0.0.0.0.1.0 7.0.1.1.0.0.0.0.1.0.1.0 8.0.1.1.0.0.0.0.2.0.1.0 9.0.1.1.0.0.0.0.3.0.1.0 10.0.1.1.0.0.0.0.4.0.1.0 11.0.1.1.0.0.0.0.5.0.1.0	|faint|p1a: Lurantis~|faint|p1b: Lurantis~|faint|p1: Lurantis~|faint|p1: Lurantis~|faint|p1: Lurantis~|faint|p1: Lurantis~|faint|p2a: Lurantis~|faint|p2b: Lurantis~|faint|p2: Heatran~|faint|p2: Lurantis~|faint|p2: Barraskewda~|faint|p2: Lurantis~|~|tie	-:0:0,0
152	49778,65297,10394,28733	|lurantis||earlybird|fireblast,aquajet,acidspray,psychicnoise|Serious||M|||90|,,,,,Normal]|lurantis||earlybird|fireblast,aquajet,acidspray,psychicnoise|Serious||M|||90|,,,,,Normal]|lurantis||earlybird|fireblast,aquajet,acidspray,psychicnoise|Serious||M|||90|,,,,,Normal]|lurantis||earlybird|fireblast,aquajet,acidspray,psychicnoise|Serious||M|||90|,,,,,Normal]|lurantis||earlybird|fireblast,aquajet,acidspray,psychicnoise|Serious||M|||90|,,,,,Normal]|lurantis||earlybird|fireblast,aquajet,acidspray,psychicnoise|Serious||M|||90|,,,,,Normal	|lurantis||earlybird|fireblast,aquajet,acidspray,psychicnoise|Serious||M|||90|,,,,,Normal]|lurantis||earlybird|fireblast,aquajet,acidspray,psychicnoise|Serious||M|||90|,,,,,Normal]|heatran||multitype|circlethrow,cosmicpower,megahorn,malignantchain|Serious|||||90|,,,,,Ghost]|lurantis||earlybird|fireblast,aquajet,acidspray,psychicnoise|Serious||M|||90|,,,,,Normal]|barraskewda||levitate|meteormash,muddywater,flowertrick|Serious||M|||100|,,,,,Steel]|lurantis||earlybird|fireblast,aquajet,acidspray,psychicnoise|Serious||M|||90|,,,,,Normal	faint 0;messages 0 0 0;checkfainted	-,false,-	120,3156,7885,62831	rs=- ended=0 winner=- turn=0 mid=1 left=5,6 fl=1,0 active=0,1,6,7 party=0,1,2,3,4,5;6,7,8,9,10,11 speeds=113,113,113,113,113,113,113,113,171,113,308,113 orders=0.0,1.0,0.0,0.0,0.0,0.0,2.0,3.0,0.0,0.0,0.0,0.0 so=2,3,1,0 mons=0.0.1.1.0.1.0.1.0.0.1.0 1.253.0.0.1.0.0.0.1.0.1.0 2.253.0.0.0.0.0.0.2.0.1.0 3.253.0.0.0.0.0.0.3.0.1.0 4.253.0.0.0.0.0.0.4.0.1.0 5.253.0.0.0.0.0.0.5.0.1.0 6.253.0.0.1.0.0.0.0.0.1.0 7.253.0.0.1.0.0.0.1.0.1.0 8.291.0.0.0.0.0.0.2.0.1.0 9.253.0.0.0.0.0.0.3.0.1.0 10.263.0.0.0.0.0.0.4.0.1.0 11.253.0.0.0.0.0.0.5.0.1.0	|faint|p1a: Lurantis	-
153	49778,65297,10394,28733	|lurantis||earlybird|fireblast,aquajet,acidspray,psychicnoise|Serious||M|||90|,,,,,Normal]|lurantis||earlybird|fireblast,aquajet,acidspray,psychicnoise|Serious||M|||90|,,,,,Normal]|lurantis||earlybird|fireblast,aquajet,acidspray,psychicnoise|Serious||M|||90|,,,,,Normal]|lurantis||earlybird|fireblast,aquajet,acidspray,psychicnoise|Serious||M|||90|,,,,,Normal]|lurantis||earlybird|fireblast,aquajet,acidspray,psychicnoise|Serious||M|||90|,,,,,Normal]|lurantis||earlybird|fireblast,aquajet,acidspray,psychicnoise|Serious||M|||90|,,,,,Normal	|lurantis||earlybird|fireblast,aquajet,acidspray,psychicnoise|Serious||M|||90|,,,,,Normal]|lurantis||earlybird|fireblast,aquajet,acidspray,psychicnoise|Serious||M|||90|,,,,,Normal]|heatran||multitype|circlethrow,cosmicpower,megahorn,malignantchain|Serious|||||90|,,,,,Ghost]|lurantis||earlybird|fireblast,aquajet,acidspray,psychicnoise|Serious||M|||90|,,,,,Normal]|barraskewda||levitate|meteormash,muddywater,flowertrick|Serious||M|||100|,,,,,Steel]|lurantis||earlybird|fireblast,aquajet,acidspray,psychicnoise|Serious||M|||90|,,,,,Normal	tera 0;faint 0;messages 0 0 0;checkfainted	-,-,false,-	120,3156,7885,62831	rs=- ended=0 winner=- turn=0 mid=1 left=5,6 fl=1,0 active=0,1,6,7 party=0,1,2,3,4,5;6,7,8,9,10,11 speeds=113,113,113,113,113,113,113,113,171,113,308,113 orders=0.0,1.0,0.0,0.0,0.0,0.0,2.0,3.0,0.0,0.0,0.0,0.0 so=2,3,1,0 mons=0.0.1.1.0.1.0.1.0.0.0.0 1.253.0.0.1.0.0.0.1.0.0.0 2.253.0.0.0.0.0.0.2.0.0.0 3.253.0.0.0.0.0.0.3.0.0.0 4.253.0.0.0.0.0.0.4.0.0.0 5.253.0.0.0.0.0.0.5.0.0.0 6.253.0.0.1.0.0.0.0.0.1.0 7.253.0.0.1.0.0.0.1.0.1.0 8.291.0.0.0.0.0.0.2.0.1.0 9.253.0.0.0.0.0.0.3.0.1.0 10.263.0.0.0.0.0.0.4.0.1.0 11.253.0.0.0.0.0.0.5.0.1.0	|-terastallize|p1a: Lurantis|Normal~|faint|p1a: Lurantis	-
154	49778,65297,10394,28733	|lurantis||earlybird|fireblast,aquajet,acidspray,psychicnoise|Serious||M|||90|,,,,,Normal]|lurantis||earlybird|fireblast,aquajet,acidspray,psychicnoise|Serious||M|||90|,,,,,Normal]|lurantis||earlybird|fireblast,aquajet,acidspray,psychicnoise|Serious||M|||90|,,,,,Normal]|lurantis||earlybird|fireblast,aquajet,acidspray,psychicnoise|Serious||M|||90|,,,,,Normal]|lurantis||earlybird|fireblast,aquajet,acidspray,psychicnoise|Serious||M|||90|,,,,,Normal]|lurantis||earlybird|fireblast,aquajet,acidspray,psychicnoise|Serious||M|||90|,,,,,Normal	|lurantis||earlybird|fireblast,aquajet,acidspray,psychicnoise|Serious||M|||90|,,,,,Normal]|lurantis||earlybird|fireblast,aquajet,acidspray,psychicnoise|Serious||M|||90|,,,,,Normal]|heatran||multitype|circlethrow,cosmicpower,megahorn,malignantchain|Serious|||||90|,,,,,Ghost]|lurantis||earlybird|fireblast,aquajet,acidspray,psychicnoise|Serious||M|||90|,,,,,Normal]|barraskewda||levitate|meteormash,muddywater,flowertrick|Serious||M|||100|,,,,,Steel]|lurantis||earlybird|fireblast,aquajet,acidspray,psychicnoise|Serious||M|||90|,,,,,Normal	tera 6;faint 6;messages 0 0 0;checkfainted	-,-,false,-	120,3156,7885,62831	rs=- ended=0 winner=- turn=0 mid=1 left=6,5 fl=0,1 active=0,1,6,7 party=0,1,2,3,4,5;6,7,8,9,10,11 speeds=113,113,113,113,113,113,113,113,171,113,308,113 orders=0.0,1.0,0.0,0.0,0.0,0.0,2.0,3.0,0.0,0.0,0.0,0.0 so=2,3,1,0 mons=0.253.0.0.1.0.0.0.0.0.1.0 1.253.0.0.1.0.0.0.1.0.1.0 2.253.0.0.0.0.0.0.2.0.1.0 3.253.0.0.0.0.0.0.3.0.1.0 4.253.0.0.0.0.0.0.4.0.1.0 5.253.0.0.0.0.0.0.5.0.1.0 6.0.1.1.0.1.0.1.0.0.0.0 7.253.0.0.1.0.0.0.1.0.0.0 8.291.0.0.0.0.0.0.2.0.0.0 9.253.0.0.0.0.0.0.3.0.0.0 10.263.0.0.0.0.0.0.4.0.0.0 11.253.0.0.0.0.0.0.5.0.0.0	|-terastallize|p2a: Lurantis|Normal~|faint|p2a: Lurantis	-
155	49778,65297,10394,28733	|lurantis||earlybird|fireblast,aquajet,acidspray,psychicnoise|Serious||M|||90|,,,,,Normal]|lurantis||earlybird|fireblast,aquajet,acidspray,psychicnoise|Serious||M|||90|,,,,,Normal]|lurantis||earlybird|fireblast,aquajet,acidspray,psychicnoise|Serious||M|||90|,,,,,Normal]|lurantis||earlybird|fireblast,aquajet,acidspray,psychicnoise|Serious||M|||90|,,,,,Normal]|lurantis||earlybird|fireblast,aquajet,acidspray,psychicnoise|Serious||M|||90|,,,,,Normal]|lurantis||earlybird|fireblast,aquajet,acidspray,psychicnoise|Serious||M|||90|,,,,,Normal	|lurantis||earlybird|fireblast,aquajet,acidspray,psychicnoise|Serious||M|||90|,,,,,Normal]|lurantis||earlybird|fireblast,aquajet,acidspray,psychicnoise|Serious||M|||90|,,,,,Normal]|heatran||multitype|circlethrow,cosmicpower,megahorn,malignantchain|Serious|||||90|,,,,,Ghost]|lurantis||earlybird|fireblast,aquajet,acidspray,psychicnoise|Serious||M|||90|,,,,,Normal]|barraskewda||levitate|meteormash,muddywater,flowertrick|Serious||M|||100|,,,,,Steel]|lurantis||earlybird|fireblast,aquajet,acidspray,psychicnoise|Serious||M|||90|,,,,,Normal	cap 0;faint 0;messages 0 0 0	-,-,false	120,3156,7885,62831	rs=- ended=0 winner=- turn=0 mid=1 left=5,6 fl=100,0 active=0,1,6,7 party=0,1,2,3,4,5;6,7,8,9,10,11 speeds=113,113,113,113,113,113,113,113,171,113,308,113 orders=0.0,1.0,0.0,0.0,0.0,0.0,2.0,3.0,0.0,0.0,0.0,0.0 so=2,3,1,0 mons=0.0.1.1.0.0.0.0.0.0.1.0 1.253.0.0.1.0.0.0.1.0.1.0 2.253.0.0.0.0.0.0.2.0.1.0 3.253.0.0.0.0.0.0.3.0.1.0 4.253.0.0.0.0.0.0.4.0.1.0 5.253.0.0.0.0.0.0.5.0.1.0 6.253.0.0.1.0.0.0.0.0.1.0 7.253.0.0.1.0.0.0.1.0.1.0 8.291.0.0.0.0.0.0.2.0.1.0 9.253.0.0.0.0.0.0.3.0.1.0 10.263.0.0.0.0.0.0.4.0.1.0 11.253.0.0.0.0.0.0.5.0.1.0	|faint|p1a: Lurantis	-
156	49778,65297,10394,28733	|lurantis||earlybird|fireblast,aquajet,acidspray,psychicnoise|Serious||M|||90|,,,,,Normal]|lurantis||earlybird|fireblast,aquajet,acidspray,psychicnoise|Serious||M|||90|,,,,,Normal]|lurantis||earlybird|fireblast,aquajet,acidspray,psychicnoise|Serious||M|||90|,,,,,Normal]|lurantis||earlybird|fireblast,aquajet,acidspray,psychicnoise|Serious||M|||90|,,,,,Normal]|lurantis||earlybird|fireblast,aquajet,acidspray,psychicnoise|Serious||M|||90|,,,,,Normal]|lurantis||earlybird|fireblast,aquajet,acidspray,psychicnoise|Serious||M|||90|,,,,,Normal	|lurantis||earlybird|fireblast,aquajet,acidspray,psychicnoise|Serious||M|||90|,,,,,Normal]|lurantis||earlybird|fireblast,aquajet,acidspray,psychicnoise|Serious||M|||90|,,,,,Normal]|heatran||multitype|circlethrow,cosmicpower,megahorn,malignantchain|Serious|||||90|,,,,,Ghost]|lurantis||earlybird|fireblast,aquajet,acidspray,psychicnoise|Serious||M|||90|,,,,,Normal]|barraskewda||levitate|meteormash,muddywater,flowertrick|Serious||M|||100|,,,,,Steel]|lurantis||earlybird|fireblast,aquajet,acidspray,psychicnoise|Serious||M|||90|,,,,,Normal	faint 0;faint 0;messages 0 0 0;messages 0 0 1	-,-,false,false	120,3156,7885,62831	rs=- ended=0 winner=- turn=0 mid=1 left=5,6 fl=1,0 active=0,1,6,7 party=0,1,2,3,4,5;6,7,8,9,10,11 speeds=113,113,113,113,113,113,113,113,171,113,308,113 orders=0.0,1.0,0.0,0.0,0.0,0.0,2.0,3.0,0.0,0.0,0.0,0.0 so=2,3,1,0 mons=0.0.1.1.0.0.0.0.0.0.1.0 1.253.0.0.1.0.0.0.1.0.1.0 2.253.0.0.0.0.0.0.2.0.1.0 3.253.0.0.0.0.0.0.3.0.1.0 4.253.0.0.0.0.0.0.4.0.1.0 5.253.0.0.0.0.0.0.5.0.1.0 6.253.0.0.1.0.0.0.0.0.1.0 7.253.0.0.1.0.0.0.1.0.1.0 8.291.0.0.0.0.0.0.2.0.1.0 9.253.0.0.0.0.0.0.3.0.1.0 10.263.0.0.0.0.0.0.4.0.1.0 11.253.0.0.0.0.0.0.5.0.1.0	|faint|p1a: Lurantis	-
157	49778,65297,10394,28733	|lurantis||earlybird|fireblast,aquajet,acidspray,psychicnoise|Serious||M|||90|,,,,,Normal]|lurantis||earlybird|fireblast,aquajet,acidspray,psychicnoise|Serious||M|||90|,,,,,Normal]|lurantis||earlybird|fireblast,aquajet,acidspray,psychicnoise|Serious||M|||90|,,,,,Normal]|lurantis||earlybird|fireblast,aquajet,acidspray,psychicnoise|Serious||M|||90|,,,,,Normal]|lurantis||earlybird|fireblast,aquajet,acidspray,psychicnoise|Serious||M|||90|,,,,,Normal]|lurantis||earlybird|fireblast,aquajet,acidspray,psychicnoise|Serious||M|||90|,,,,,Normal	|lurantis||earlybird|fireblast,aquajet,acidspray,psychicnoise|Serious||M|||90|,,,,,Normal]|lurantis||earlybird|fireblast,aquajet,acidspray,psychicnoise|Serious||M|||90|,,,,,Normal]|heatran||multitype|circlethrow,cosmicpower,megahorn,malignantchain|Serious|||||90|,,,,,Ghost]|lurantis||earlybird|fireblast,aquajet,acidspray,psychicnoise|Serious||M|||90|,,,,,Normal]|barraskewda||levitate|meteormash,muddywater,flowertrick|Serious||M|||100|,,,,,Steel]|lurantis||earlybird|fireblast,aquajet,acidspray,psychicnoise|Serious||M|||90|,,,,,Normal	tie;tie;messages 0 1 1	true,false,-	120,3156,7885,62831	rs=- ended=1 winner=- turn=0 mid=1 left=6,6 fl=0,0 active=0,1,6,7 party=0,1,2,3,4,5;6,7,8,9,10,11 speeds=113,113,113,113,113,113,113,113,171,113,308,113 orders=0.0,1.0,0.0,0.0,0.0,0.0,2.0,3.0,0.0,0.0,0.0,0.0 so=2,3,1,0 mons=0.253.0.0.1.0.0.0.0.0.1.0 1.253.0.0.1.0.0.0.1.0.1.0 2.253.0.0.0.0.0.0.2.0.1.0 3.253.0.0.0.0.0.0.3.0.1.0 4.253.0.0.0.0.0.0.4.0.1.0 5.253.0.0.0.0.0.0.5.0.1.0 6.253.0.0.1.0.0.0.0.0.1.0 7.253.0.0.1.0.0.0.1.0.1.0 8.291.0.0.0.0.0.0.2.0.1.0 9.253.0.0.0.0.0.0.3.0.1.0 10.263.0.0.0.0.0.0.4.0.1.0 11.253.0.0.0.0.0.0.5.0.1.0	|~|tie	-:0:6,6
158	49778,65297,10394,28733	|lurantis||earlybird|fireblast,aquajet,acidspray,psychicnoise|Serious||M|||90|,,,,,Normal]|lurantis||earlybird|fireblast,aquajet,acidspray,psychicnoise|Serious||M|||90|,,,,,Normal]|lurantis||earlybird|fireblast,aquajet,acidspray,psychicnoise|Serious||M|||90|,,,,,Normal]|lurantis||earlybird|fireblast,aquajet,acidspray,psychicnoise|Serious||M|||90|,,,,,Normal]|lurantis||earlybird|fireblast,aquajet,acidspray,psychicnoise|Serious||M|||90|,,,,,Normal]|lurantis||earlybird|fireblast,aquajet,acidspray,psychicnoise|Serious||M|||90|,,,,,Normal	|lurantis||earlybird|fireblast,aquajet,acidspray,psychicnoise|Serious||M|||90|,,,,,Normal]|lurantis||earlybird|fireblast,aquajet,acidspray,psychicnoise|Serious||M|||90|,,,,,Normal]|heatran||multitype|circlethrow,cosmicpower,megahorn,malignantchain|Serious|||||90|,,,,,Ghost]|lurantis||earlybird|fireblast,aquajet,acidspray,psychicnoise|Serious||M|||90|,,,,,Normal]|barraskewda||levitate|meteormash,muddywater,flowertrick|Serious||M|||100|,,,,,Steel]|lurantis||earlybird|fireblast,aquajet,acidspray,psychicnoise|Serious||M|||90|,,,,,Normal	lose 0;lose 1	true,false	120,3156,7885,62831	rs=- ended=1 winner=B turn=0 mid=1 left=6,6 fl=0,0 active=0,1,6,7 party=0,1,2,3,4,5;6,7,8,9,10,11 speeds=113,113,113,113,113,113,113,113,171,113,308,113 orders=0.0,1.0,0.0,0.0,0.0,0.0,2.0,3.0,0.0,0.0,0.0,0.0 so=2,3,1,0 mons=0.253.0.0.1.0.0.0.0.0.1.0 1.253.0.0.1.0.0.0.1.0.1.0 2.253.0.0.0.0.0.0.2.0.1.0 3.253.0.0.0.0.0.0.3.0.1.0 4.253.0.0.0.0.0.0.4.0.1.0 5.253.0.0.0.0.0.0.5.0.1.0 6.253.0.0.1.0.0.0.0.0.1.0 7.253.0.0.1.0.0.0.1.0.1.0 8.291.0.0.0.0.0.0.2.0.1.0 9.253.0.0.0.0.0.0.3.0.1.0 10.263.0.0.0.0.0.0.4.0.1.0 11.253.0.0.0.0.0.0.5.0.1.0	|~|win|B	1:0:6,6
159	49778,65297,10394,28733	|lurantis||earlybird|fireblast,aquajet,acidspray,psychicnoise|Serious||M|||90|,,,,,Normal]|lurantis||earlybird|fireblast,aquajet,acidspray,psychicnoise|Serious||M|||90|,,,,,Normal]|lurantis||earlybird|fireblast,aquajet,acidspray,psychicnoise|Serious||M|||90|,,,,,Normal]|lurantis||earlybird|fireblast,aquajet,acidspray,psychicnoise|Serious||M|||90|,,,,,Normal]|lurantis||earlybird|fireblast,aquajet,acidspray,psychicnoise|Serious||M|||90|,,,,,Normal]|lurantis||earlybird|fireblast,aquajet,acidspray,psychicnoise|Serious||M|||90|,,,,,Normal	|lurantis||earlybird|fireblast,aquajet,acidspray,psychicnoise|Serious||M|||90|,,,,,Normal]|lurantis||earlybird|fireblast,aquajet,acidspray,psychicnoise|Serious||M|||90|,,,,,Normal]|heatran||multitype|circlethrow,cosmicpower,megahorn,malignantchain|Serious|||||90|,,,,,Ghost]|lurantis||earlybird|fireblast,aquajet,acidspray,psychicnoise|Serious||M|||90|,,,,,Normal]|barraskewda||levitate|meteormash,muddywater,flowertrick|Serious||M|||100|,,,,,Steel]|lurantis||earlybird|fireblast,aquajet,acidspray,psychicnoise|Serious||M|||90|,,,,,Normal	tiebreak	true	120,3156,7885,62831	rs=- ended=1 winner=B turn=0 mid=1 left=6,6 fl=0,0 active=0,1,6,7 party=0,1,2,3,4,5;6,7,8,9,10,11 speeds=113,113,113,113,113,113,113,113,171,113,308,113 orders=0.0,1.0,0.0,0.0,0.0,0.0,2.0,3.0,0.0,0.0,0.0,0.0 so=2,3,1,0 mons=0.253.0.0.1.0.0.0.0.0.1.0 1.253.0.0.1.0.0.0.1.0.1.0 2.253.0.0.0.0.0.0.2.0.1.0 3.253.0.0.0.0.0.0.3.0.1.0 4.253.0.0.0.0.0.0.4.0.1.0 5.253.0.0.0.0.0.0.5.0.1.0 6.253.0.0.1.0.0.0.0.0.1.0 7.253.0.0.1.0.0.0.1.0.1.0 8.291.0.0.0.0.0.0.2.0.1.0 9.253.0.0.0.0.0.0.3.0.1.0 10.263.0.0.0.0.0.0.4.0.1.0 11.253.0.0.0.0.0.0.5.0.1.0	|message|Time's up! Going to tiebreaker...~|-message|A: 6 Pokemon left; B: 6 Pokemon left~|-message|A: 100% total HP left; B: 100% total HP left~|-message|A: 1518 total HP left; B: 1566 total HP left~|~|win|B	1:0:6,6
160	49778,65297,10394,28733	|lurantis||earlybird|fireblast,aquajet,acidspray,psychicnoise|Serious||M|||90|,,,,,Normal]|lurantis||earlybird|fireblast,aquajet,acidspray,psychicnoise|Serious||M|||90|,,,,,Normal]|lurantis||earlybird|fireblast,aquajet,acidspray,psychicnoise|Serious||M|||90|,,,,,Normal]|lurantis||earlybird|fireblast,aquajet,acidspray,psychicnoise|Serious||M|||90|,,,,,Normal]|lurantis||earlybird|fireblast,aquajet,acidspray,psychicnoise|Serious||M|||90|,,,,,Normal]|lurantis||earlybird|fireblast,aquajet,acidspray,psychicnoise|Serious||M|||90|,,,,,Normal	|lurantis||earlybird|fireblast,aquajet,acidspray,psychicnoise|Serious||M|||90|,,,,,Normal]|lurantis||earlybird|fireblast,aquajet,acidspray,psychicnoise|Serious||M|||90|,,,,,Normal]|heatran||multitype|circlethrow,cosmicpower,megahorn,malignantchain|Serious|||||90|,,,,,Ghost]|lurantis||earlybird|fireblast,aquajet,acidspray,psychicnoise|Serious||M|||90|,,,,,Normal]|barraskewda||levitate|meteormash,muddywater,flowertrick|Serious||M|||100|,,,,,Steel]|lurantis||earlybird|fireblast,aquajet,acidspray,psychicnoise|Serious||M|||90|,,,,,Normal	fraction 0 0.5;fraction 1 0.25;tiebreak	-,-,true	120,3156,7885,62831	rs=- ended=1 winner=A turn=0 mid=1 left=6,6 fl=0,0 active=0,1,6,7 party=0,1,2,3,4,5;6,7,8,9,10,11 speeds=113,113,113,113,113,113,113,113,171,113,308,113 orders=0.0,1.0,0.0,0.0,0.0,0.0,2.0,3.0,0.0,0.0,0.0,0.0 so=2,3,1,0 mons=0.126.0.0.1.0.0.0.0.0.1.0 1.126.0.0.1.0.0.0.1.0.1.0 2.126.0.0.0.0.0.0.2.0.1.0 3.126.0.0.0.0.0.0.3.0.1.0 4.126.0.0.0.0.0.0.4.0.1.0 5.126.0.0.0.0.0.0.5.0.1.0 6.63.0.0.1.0.0.0.0.0.1.0 7.63.0.0.1.0.0.0.1.0.1.0 8.72.0.0.0.0.0.0.2.0.1.0 9.63.0.0.0.0.0.0.3.0.1.0 10.65.0.0.0.0.0.0.4.0.1.0 11.63.0.0.0.0.0.0.5.0.1.0	|message|Time's up! Going to tiebreaker...~|-message|A: 6 Pokemon left; B: 6 Pokemon left~|-message|A: 50% total HP left; B: 25% total HP left~|~|win|A	0:0:6,6
161	49778,65297,10394,28733	|lurantis||earlybird|fireblast,aquajet,acidspray,psychicnoise|Serious||M|||90|,,,,,Normal]|lurantis||earlybird|fireblast,aquajet,acidspray,psychicnoise|Serious||M|||90|,,,,,Normal]|lurantis||earlybird|fireblast,aquajet,acidspray,psychicnoise|Serious||M|||90|,,,,,Normal]|lurantis||earlybird|fireblast,aquajet,acidspray,psychicnoise|Serious||M|||90|,,,,,Normal]|lurantis||earlybird|fireblast,aquajet,acidspray,psychicnoise|Serious||M|||90|,,,,,Normal]|lurantis||earlybird|fireblast,aquajet,acidspray,psychicnoise|Serious||M|||90|,,,,,Normal	|lurantis||earlybird|fireblast,aquajet,acidspray,psychicnoise|Serious||M|||90|,,,,,Normal]|lurantis||earlybird|fireblast,aquajet,acidspray,psychicnoise|Serious||M|||90|,,,,,Normal]|heatran||multitype|circlethrow,cosmicpower,megahorn,malignantchain|Serious|||||90|,,,,,Ghost]|lurantis||earlybird|fireblast,aquajet,acidspray,psychicnoise|Serious||M|||90|,,,,,Normal]|barraskewda||levitate|meteormash,muddywater,flowertrick|Serious||M|||100|,,,,,Steel]|lurantis||earlybird|fireblast,aquajet,acidspray,psychicnoise|Serious||M|||90|,,,,,Normal	faint 0;messages 0 0 0;tiebreak	-,false,true	120,3156,7885,62831	rs=- ended=1 winner=B turn=0 mid=1 left=5,6 fl=1,0 active=0,1,6,7 party=0,1,2,3,4,5;6,7,8,9,10,11 speeds=113,113,113,113,113,113,113,113,171,113,308,113 orders=0.0,1.0,0.0,0.0,0.0,0.0,2.0,3.0,0.0,0.0,0.0,0.0 so=2,3,1,0 mons=0.0.1.1.0.0.0.0.0.0.1.0 1.253.0.0.1.0.0.0.1.0.1.0 2.253.0.0.0.0.0.0.2.0.1.0 3.253.0.0.0.0.0.0.3.0.1.0 4.253.0.0.0.0.0.0.4.0.1.0 5.253.0.0.0.0.0.0.5.0.1.0 6.253.0.0.1.0.0.0.0.0.1.0 7.253.0.0.1.0.0.0.1.0.1.0 8.291.0.0.0.0.0.0.2.0.1.0 9.253.0.0.0.0.0.0.3.0.1.0 10.263.0.0.0.0.0.0.4.0.1.0 11.253.0.0.0.0.0.0.5.0.1.0	|faint|p1a: Lurantis~|message|Time's up! Going to tiebreaker...~|-message|A: 5 Pokemon left; B: 6 Pokemon left~|~|win|B	1:0:5,6
162	49778,65297,10394,28733	|lurantis||earlybird|fireblast,aquajet,acidspray,psychicnoise|Serious||M|||90|,,,,,Normal]|lurantis||earlybird|fireblast,aquajet,acidspray,psychicnoise|Serious||M|||90|,,,,,Normal]|lurantis||earlybird|fireblast,aquajet,acidspray,psychicnoise|Serious||M|||90|,,,,,Normal]|lurantis||earlybird|fireblast,aquajet,acidspray,psychicnoise|Serious||M|||90|,,,,,Normal]|lurantis||earlybird|fireblast,aquajet,acidspray,psychicnoise|Serious||M|||90|,,,,,Normal]|lurantis||earlybird|fireblast,aquajet,acidspray,psychicnoise|Serious||M|||90|,,,,,Normal	|lurantis||earlybird|fireblast,aquajet,acidspray,psychicnoise|Serious||M|||90|,,,,,Normal]|lurantis||earlybird|fireblast,aquajet,acidspray,psychicnoise|Serious||M|||90|,,,,,Normal]|heatran||multitype|circlethrow,cosmicpower,megahorn,malignantchain|Serious|||||90|,,,,,Ghost]|lurantis||earlybird|fireblast,aquajet,acidspray,psychicnoise|Serious||M|||90|,,,,,Normal]|barraskewda||levitate|meteormash,muddywater,flowertrick|Serious||M|||100|,,,,,Steel]|lurantis||earlybird|fireblast,aquajet,acidspray,psychicnoise|Serious||M|||90|,,,,,Normal	left 0;left 1;messages 0 1 1	-,-,true	120,3156,7885,62831	rs=- ended=1 winner=- turn=0 mid=1 left=0,0 fl=0,0 active=0,1,6,7 party=0,1,2,3,4,5;6,7,8,9,10,11 speeds=113,113,113,113,113,113,113,113,171,113,308,113 orders=0.0,1.0,0.0,0.0,0.0,0.0,2.0,3.0,0.0,0.0,0.0,0.0 so=2,3,1,0 mons=0.253.0.0.1.0.0.0.0.0.1.0 1.253.0.0.1.0.0.0.1.0.1.0 2.253.0.0.0.0.0.0.2.0.1.0 3.253.0.0.0.0.0.0.3.0.1.0 4.253.0.0.0.0.0.0.4.0.1.0 5.253.0.0.0.0.0.0.5.0.1.0 6.253.0.0.1.0.0.0.0.0.1.0 7.253.0.0.1.0.0.0.1.0.1.0 8.291.0.0.0.0.0.0.2.0.1.0 9.253.0.0.0.0.0.0.3.0.1.0 10.263.0.0.0.0.0.0.4.0.1.0 11.253.0.0.0.0.0.0.5.0.1.0	|~|tie	-:0:0,0
163	49778,65297,10394,28733	|lurantis||earlybird|fireblast,aquajet,acidspray,psychicnoise|Serious||M|||90|,,,,,Normal]|lurantis||earlybird|fireblast,aquajet,acidspray,psychicnoise|Serious||M|||90|,,,,,Normal]|lurantis||earlybird|fireblast,aquajet,acidspray,psychicnoise|Serious||M|||90|,,,,,Normal]|lurantis||earlybird|fireblast,aquajet,acidspray,psychicnoise|Serious||M|||90|,,,,,Normal]|lurantis||earlybird|fireblast,aquajet,acidspray,psychicnoise|Serious||M|||90|,,,,,Normal]|lurantis||earlybird|fireblast,aquajet,acidspray,psychicnoise|Serious||M|||90|,,,,,Normal	|lurantis||earlybird|fireblast,aquajet,acidspray,psychicnoise|Serious||M|||90|,,,,,Normal]|lurantis||earlybird|fireblast,aquajet,acidspray,psychicnoise|Serious||M|||90|,,,,,Normal]|heatran||multitype|circlethrow,cosmicpower,megahorn,malignantchain|Serious|||||90|,,,,,Ghost]|lurantis||earlybird|fireblast,aquajet,acidspray,psychicnoise|Serious||M|||90|,,,,,Normal]|barraskewda||levitate|meteormash,muddywater,flowertrick|Serious||M|||100|,,,,,Steel]|lurantis||earlybird|fireblast,aquajet,acidspray,psychicnoise|Serious||M|||90|,,,,,Normal	limit 100	false	120,3156,7885,62831	rs=- ended=0 winner=- turn=100 mid=1 left=6,6 fl=0,0 active=0,1,6,7 party=0,1,2,3,4,5;6,7,8,9,10,11 speeds=113,113,113,113,113,113,113,113,171,113,308,113 orders=0.0,1.0,0.0,0.0,0.0,0.0,2.0,3.0,0.0,0.0,0.0,0.0 so=2,3,1,0 mons=0.253.0.0.1.0.0.0.0.0.1.0 1.253.0.0.1.0.0.0.1.0.1.0 2.253.0.0.0.0.0.0.2.0.1.0 3.253.0.0.0.0.0.0.3.0.1.0 4.253.0.0.0.0.0.0.4.0.1.0 5.253.0.0.0.0.0.0.5.0.1.0 6.253.0.0.1.0.0.0.0.0.1.0 7.253.0.0.1.0.0.0.1.0.1.0 8.291.0.0.0.0.0.0.2.0.1.0 9.253.0.0.0.0.0.0.3.0.1.0 10.263.0.0.0.0.0.0.4.0.1.0 11.253.0.0.0.0.0.0.5.0.1.0		-
164	49778,65297,10394,28733	|lurantis||earlybird|fireblast,aquajet,acidspray,psychicnoise|Serious||M|||90|,,,,,Normal]|lurantis||earlybird|fireblast,aquajet,acidspray,psychicnoise|Serious||M|||90|,,,,,Normal]|lurantis||earlybird|fireblast,aquajet,acidspray,psychicnoise|Serious||M|||90|,,,,,Normal]|lurantis||earlybird|fireblast,aquajet,acidspray,psychicnoise|Serious||M|||90|,,,,,Normal]|lurantis||earlybird|fireblast,aquajet,acidspray,psychicnoise|Serious||M|||90|,,,,,Normal]|lurantis||earlybird|fireblast,aquajet,acidspray,psychicnoise|Serious||M|||90|,,,,,Normal	|lurantis||earlybird|fireblast,aquajet,acidspray,psychicnoise|Serious||M|||90|,,,,,Normal]|lurantis||earlybird|fireblast,aquajet,acidspray,psychicnoise|Serious||M|||90|,,,,,Normal]|heatran||multitype|circlethrow,cosmicpower,megahorn,malignantchain|Serious|||||90|,,,,,Ghost]|lurantis||earlybird|fireblast,aquajet,acidspray,psychicnoise|Serious||M|||90|,,,,,Normal]|barraskewda||levitate|meteormash,muddywater,flowertrick|Serious||M|||100|,,,,,Steel]|lurantis||earlybird|fireblast,aquajet,acidspray,psychicnoise|Serious||M|||90|,,,,,Normal	limit 101	false	120,3156,7885,62831	rs=- ended=0 winner=- turn=101 mid=1 left=6,6 fl=0,0 active=0,1,6,7 party=0,1,2,3,4,5;6,7,8,9,10,11 speeds=113,113,113,113,113,113,113,113,171,113,308,113 orders=0.0,1.0,0.0,0.0,0.0,0.0,2.0,3.0,0.0,0.0,0.0,0.0 so=2,3,1,0 mons=0.253.0.0.1.0.0.0.0.0.1.0 1.253.0.0.1.0.0.0.1.0.1.0 2.253.0.0.0.0.0.0.2.0.1.0 3.253.0.0.0.0.0.0.3.0.1.0 4.253.0.0.0.0.0.0.4.0.1.0 5.253.0.0.0.0.0.0.5.0.1.0 6.253.0.0.1.0.0.0.0.0.1.0 7.253.0.0.1.0.0.0.1.0.1.0 8.291.0.0.0.0.0.0.2.0.1.0 9.253.0.0.0.0.0.0.3.0.1.0 10.263.0.0.0.0.0.0.4.0.1.0 11.253.0.0.0.0.0.0.5.0.1.0		-
165	49778,65297,10394,28733	|lurantis||earlybird|fireblast,aquajet,acidspray,psychicnoise|Serious||M|||90|,,,,,Normal]|lurantis||earlybird|fireblast,aquajet,acidspray,psychicnoise|Serious||M|||90|,,,,,Normal]|lurantis||earlybird|fireblast,aquajet,acidspray,psychicnoise|Serious||M|||90|,,,,,Normal]|lurantis||earlybird|fireblast,aquajet,acidspray,psychicnoise|Serious||M|||90|,,,,,Normal]|lurantis||earlybird|fireblast,aquajet,acidspray,psychicnoise|Serious||M|||90|,,,,,Normal]|lurantis||earlybird|fireblast,aquajet,acidspray,psychicnoise|Serious||M|||90|,,,,,Normal	|lurantis||earlybird|fireblast,aquajet,acidspray,psychicnoise|Serious||M|||90|,,,,,Normal]|lurantis||earlybird|fireblast,aquajet,acidspray,psychicnoise|Serious||M|||90|,,,,,Normal]|heatran||multitype|circlethrow,cosmicpower,megahorn,malignantchain|Serious|||||90|,,,,,Ghost]|lurantis||earlybird|fireblast,aquajet,acidspray,psychicnoise|Serious||M|||90|,,,,,Normal]|barraskewda||levitate|meteormash,muddywater,flowertrick|Serious||M|||100|,,,,,Steel]|lurantis||earlybird|fireblast,aquajet,acidspray,psychicnoise|Serious||M|||90|,,,,,Normal	limit 499	false	120,3156,7885,62831	rs=- ended=0 winner=- turn=499 mid=1 left=6,6 fl=0,0 active=0,1,6,7 party=0,1,2,3,4,5;6,7,8,9,10,11 speeds=113,113,113,113,113,113,113,113,171,113,308,113 orders=0.0,1.0,0.0,0.0,0.0,0.0,2.0,3.0,0.0,0.0,0.0,0.0 so=2,3,1,0 mons=0.253.0.0.1.0.0.0.0.0.1.0 1.253.0.0.1.0.0.0.1.0.1.0 2.253.0.0.0.0.0.0.2.0.1.0 3.253.0.0.0.0.0.0.3.0.1.0 4.253.0.0.0.0.0.0.4.0.1.0 5.253.0.0.0.0.0.0.5.0.1.0 6.253.0.0.1.0.0.0.0.0.1.0 7.253.0.0.1.0.0.0.1.0.1.0 8.291.0.0.0.0.0.0.2.0.1.0 9.253.0.0.0.0.0.0.3.0.1.0 10.263.0.0.0.0.0.0.4.0.1.0 11.253.0.0.0.0.0.0.5.0.1.0		-
166	49778,65297,10394,28733	|lurantis||earlybird|fireblast,aquajet,acidspray,psychicnoise|Serious||M|||90|,,,,,Normal]|lurantis||earlybird|fireblast,aquajet,acidspray,psychicnoise|Serious||M|||90|,,,,,Normal]|lurantis||earlybird|fireblast,aquajet,acidspray,psychicnoise|Serious||M|||90|,,,,,Normal]|lurantis||earlybird|fireblast,aquajet,acidspray,psychicnoise|Serious||M|||90|,,,,,Normal]|lurantis||earlybird|fireblast,aquajet,acidspray,psychicnoise|Serious||M|||90|,,,,,Normal]|lurantis||earlybird|fireblast,aquajet,acidspray,psychicnoise|Serious||M|||90|,,,,,Normal	|lurantis||earlybird|fireblast,aquajet,acidspray,psychicnoise|Serious||M|||90|,,,,,Normal]|lurantis||earlybird|fireblast,aquajet,acidspray,psychicnoise|Serious||M|||90|,,,,,Normal]|heatran||multitype|circlethrow,cosmicpower,megahorn,malignantchain|Serious|||||90|,,,,,Ghost]|lurantis||earlybird|fireblast,aquajet,acidspray,psychicnoise|Serious||M|||90|,,,,,Normal]|barraskewda||levitate|meteormash,muddywater,flowertrick|Serious||M|||100|,,,,,Steel]|lurantis||earlybird|fireblast,aquajet,acidspray,psychicnoise|Serious||M|||90|,,,,,Normal	limit 500	false	120,3156,7885,62831	rs=- ended=0 winner=- turn=500 mid=1 left=6,6 fl=0,0 active=0,1,6,7 party=0,1,2,3,4,5;6,7,8,9,10,11 speeds=113,113,113,113,113,113,113,113,171,113,308,113 orders=0.0,1.0,0.0,0.0,0.0,0.0,2.0,3.0,0.0,0.0,0.0,0.0 so=2,3,1,0 mons=0.253.0.0.1.0.0.0.0.0.1.0 1.253.0.0.1.0.0.0.1.0.1.0 2.253.0.0.0.0.0.0.2.0.1.0 3.253.0.0.0.0.0.0.3.0.1.0 4.253.0.0.0.0.0.0.4.0.1.0 5.253.0.0.0.0.0.0.5.0.1.0 6.253.0.0.1.0.0.0.0.0.1.0 7.253.0.0.1.0.0.0.1.0.1.0 8.291.0.0.0.0.0.0.2.0.1.0 9.253.0.0.0.0.0.0.3.0.1.0 10.263.0.0.0.0.0.0.4.0.1.0 11.253.0.0.0.0.0.0.5.0.1.0	|bigerror|You will auto-tie if the battle doesn't end in 500 turns (on turn 1000).	-
167	49778,65297,10394,28733	|lurantis||earlybird|fireblast,aquajet,acidspray,psychicnoise|Serious||M|||90|,,,,,Normal]|lurantis||earlybird|fireblast,aquajet,acidspray,psychicnoise|Serious||M|||90|,,,,,Normal]|lurantis||earlybird|fireblast,aquajet,acidspray,psychicnoise|Serious||M|||90|,,,,,Normal]|lurantis||earlybird|fireblast,aquajet,acidspray,psychicnoise|Serious||M|||90|,,,,,Normal]|lurantis||earlybird|fireblast,aquajet,acidspray,psychicnoise|Serious||M|||90|,,,,,Normal]|lurantis||earlybird|fireblast,aquajet,acidspray,psychicnoise|Serious||M|||90|,,,,,Normal	|lurantis||earlybird|fireblast,aquajet,acidspray,psychicnoise|Serious||M|||90|,,,,,Normal]|lurantis||earlybird|fireblast,aquajet,acidspray,psychicnoise|Serious||M|||90|,,,,,Normal]|heatran||multitype|circlethrow,cosmicpower,megahorn,malignantchain|Serious|||||90|,,,,,Ghost]|lurantis||earlybird|fireblast,aquajet,acidspray,psychicnoise|Serious||M|||90|,,,,,Normal]|barraskewda||levitate|meteormash,muddywater,flowertrick|Serious||M|||100|,,,,,Steel]|lurantis||earlybird|fireblast,aquajet,acidspray,psychicnoise|Serious||M|||90|,,,,,Normal	limit 899	false	120,3156,7885,62831	rs=- ended=0 winner=- turn=899 mid=1 left=6,6 fl=0,0 active=0,1,6,7 party=0,1,2,3,4,5;6,7,8,9,10,11 speeds=113,113,113,113,113,113,113,113,171,113,308,113 orders=0.0,1.0,0.0,0.0,0.0,0.0,2.0,3.0,0.0,0.0,0.0,0.0 so=2,3,1,0 mons=0.253.0.0.1.0.0.0.0.0.1.0 1.253.0.0.1.0.0.0.1.0.1.0 2.253.0.0.0.0.0.0.2.0.1.0 3.253.0.0.0.0.0.0.3.0.1.0 4.253.0.0.0.0.0.0.4.0.1.0 5.253.0.0.0.0.0.0.5.0.1.0 6.253.0.0.1.0.0.0.0.0.1.0 7.253.0.0.1.0.0.0.1.0.1.0 8.291.0.0.0.0.0.0.2.0.1.0 9.253.0.0.0.0.0.0.3.0.1.0 10.263.0.0.0.0.0.0.4.0.1.0 11.253.0.0.0.0.0.0.5.0.1.0		-
168	49778,65297,10394,28733	|lurantis||earlybird|fireblast,aquajet,acidspray,psychicnoise|Serious||M|||90|,,,,,Normal]|lurantis||earlybird|fireblast,aquajet,acidspray,psychicnoise|Serious||M|||90|,,,,,Normal]|lurantis||earlybird|fireblast,aquajet,acidspray,psychicnoise|Serious||M|||90|,,,,,Normal]|lurantis||earlybird|fireblast,aquajet,acidspray,psychicnoise|Serious||M|||90|,,,,,Normal]|lurantis||earlybird|fireblast,aquajet,acidspray,psychicnoise|Serious||M|||90|,,,,,Normal]|lurantis||earlybird|fireblast,aquajet,acidspray,psychicnoise|Serious||M|||90|,,,,,Normal	|lurantis||earlybird|fireblast,aquajet,acidspray,psychicnoise|Serious||M|||90|,,,,,Normal]|lurantis||earlybird|fireblast,aquajet,acidspray,psychicnoise|Serious||M|||90|,,,,,Normal]|heatran||multitype|circlethrow,cosmicpower,megahorn,malignantchain|Serious|||||90|,,,,,Ghost]|lurantis||earlybird|fireblast,aquajet,acidspray,psychicnoise|Serious||M|||90|,,,,,Normal]|barraskewda||levitate|meteormash,muddywater,flowertrick|Serious||M|||100|,,,,,Steel]|lurantis||earlybird|fireblast,aquajet,acidspray,psychicnoise|Serious||M|||90|,,,,,Normal	limit 900	false	120,3156,7885,62831	rs=- ended=0 winner=- turn=900 mid=1 left=6,6 fl=0,0 active=0,1,6,7 party=0,1,2,3,4,5;6,7,8,9,10,11 speeds=113,113,113,113,113,113,113,113,171,113,308,113 orders=0.0,1.0,0.0,0.0,0.0,0.0,2.0,3.0,0.0,0.0,0.0,0.0 so=2,3,1,0 mons=0.253.0.0.1.0.0.0.0.0.1.0 1.253.0.0.1.0.0.0.1.0.1.0 2.253.0.0.0.0.0.0.2.0.1.0 3.253.0.0.0.0.0.0.3.0.1.0 4.253.0.0.0.0.0.0.4.0.1.0 5.253.0.0.0.0.0.0.5.0.1.0 6.253.0.0.1.0.0.0.0.0.1.0 7.253.0.0.1.0.0.0.1.0.1.0 8.291.0.0.0.0.0.0.2.0.1.0 9.253.0.0.0.0.0.0.3.0.1.0 10.263.0.0.0.0.0.0.4.0.1.0 11.253.0.0.0.0.0.0.5.0.1.0	|bigerror|You will auto-tie if the battle doesn't end in 100 turns (on turn 1000).	-
169	49778,65297,10394,28733	|lurantis||earlybird|fireblast,aquajet,acidspray,psychicnoise|Serious||M|||90|,,,,,Normal]|lurantis||earlybird|fireblast,aquajet,acidspray,psychicnoise|Serious||M|||90|,,,,,Normal]|lurantis||earlybird|fireblast,aquajet,acidspray,psychicnoise|Serious||M|||90|,,,,,Normal]|lurantis||earlybird|fireblast,aquajet,acidspray,psychicnoise|Serious||M|||90|,,,,,Normal]|lurantis||earlybird|fireblast,aquajet,acidspray,psychicnoise|Serious||M|||90|,,,,,Normal]|lurantis||earlybird|fireblast,aquajet,acidspray,psychicnoise|Serious||M|||90|,,,,,Normal	|lurantis||earlybird|fireblast,aquajet,acidspray,psychicnoise|Serious||M|||90|,,,,,Normal]|lurantis||earlybird|fireblast,aquajet,acidspray,psychicnoise|Serious||M|||90|,,,,,Normal]|heatran||multitype|circlethrow,cosmicpower,megahorn,malignantchain|Serious|||||90|,,,,,Ghost]|lurantis||earlybird|fireblast,aquajet,acidspray,psychicnoise|Serious||M|||90|,,,,,Normal]|barraskewda||levitate|meteormash,muddywater,flowertrick|Serious||M|||100|,,,,,Steel]|lurantis||earlybird|fireblast,aquajet,acidspray,psychicnoise|Serious||M|||90|,,,,,Normal	limit 989	false	120,3156,7885,62831	rs=- ended=0 winner=- turn=989 mid=1 left=6,6 fl=0,0 active=0,1,6,7 party=0,1,2,3,4,5;6,7,8,9,10,11 speeds=113,113,113,113,113,113,113,113,171,113,308,113 orders=0.0,1.0,0.0,0.0,0.0,0.0,2.0,3.0,0.0,0.0,0.0,0.0 so=2,3,1,0 mons=0.253.0.0.1.0.0.0.0.0.1.0 1.253.0.0.1.0.0.0.1.0.1.0 2.253.0.0.0.0.0.0.2.0.1.0 3.253.0.0.0.0.0.0.3.0.1.0 4.253.0.0.0.0.0.0.4.0.1.0 5.253.0.0.0.0.0.0.5.0.1.0 6.253.0.0.1.0.0.0.0.0.1.0 7.253.0.0.1.0.0.0.1.0.1.0 8.291.0.0.0.0.0.0.2.0.1.0 9.253.0.0.0.0.0.0.3.0.1.0 10.263.0.0.0.0.0.0.4.0.1.0 11.253.0.0.0.0.0.0.5.0.1.0		-
170	49778,65297,10394,28733	|lurantis||earlybird|fireblast,aquajet,acidspray,psychicnoise|Serious||M|||90|,,,,,Normal]|lurantis||earlybird|fireblast,aquajet,acidspray,psychicnoise|Serious||M|||90|,,,,,Normal]|lurantis||earlybird|fireblast,aquajet,acidspray,psychicnoise|Serious||M|||90|,,,,,Normal]|lurantis||earlybird|fireblast,aquajet,acidspray,psychicnoise|Serious||M|||90|,,,,,Normal]|lurantis||earlybird|fireblast,aquajet,acidspray,psychicnoise|Serious||M|||90|,,,,,Normal]|lurantis||earlybird|fireblast,aquajet,acidspray,psychicnoise|Serious||M|||90|,,,,,Normal	|lurantis||earlybird|fireblast,aquajet,acidspray,psychicnoise|Serious||M|||90|,,,,,Normal]|lurantis||earlybird|fireblast,aquajet,acidspray,psychicnoise|Serious||M|||90|,,,,,Normal]|heatran||multitype|circlethrow,cosmicpower,megahorn,malignantchain|Serious|||||90|,,,,,Ghost]|lurantis||earlybird|fireblast,aquajet,acidspray,psychicnoise|Serious||M|||90|,,,,,Normal]|barraskewda||levitate|meteormash,muddywater,flowertrick|Serious||M|||100|,,,,,Steel]|lurantis||earlybird|fireblast,aquajet,acidspray,psychicnoise|Serious||M|||90|,,,,,Normal	limit 990	false	120,3156,7885,62831	rs=- ended=0 winner=- turn=990 mid=1 left=6,6 fl=0,0 active=0,1,6,7 party=0,1,2,3,4,5;6,7,8,9,10,11 speeds=113,113,113,113,113,113,113,113,171,113,308,113 orders=0.0,1.0,0.0,0.0,0.0,0.0,2.0,3.0,0.0,0.0,0.0,0.0 so=2,3,1,0 mons=0.253.0.0.1.0.0.0.0.0.1.0 1.253.0.0.1.0.0.0.1.0.1.0 2.253.0.0.0.0.0.0.2.0.1.0 3.253.0.0.0.0.0.0.3.0.1.0 4.253.0.0.0.0.0.0.4.0.1.0 5.253.0.0.0.0.0.0.5.0.1.0 6.253.0.0.1.0.0.0.0.0.1.0 7.253.0.0.1.0.0.0.1.0.1.0 8.291.0.0.0.0.0.0.2.0.1.0 9.253.0.0.0.0.0.0.3.0.1.0 10.263.0.0.0.0.0.0.4.0.1.0 11.253.0.0.0.0.0.0.5.0.1.0	|bigerror|You will auto-tie if the battle doesn't end in 10 turns (on turn 1000).	-
171	49778,65297,10394,28733	|lurantis||earlybird|fireblast,aquajet,acidspray,psychicnoise|Serious||M|||90|,,,,,Normal]|lurantis||earlybird|fireblast,aquajet,acidspray,psychicnoise|Serious||M|||90|,,,,,Normal]|lurantis||earlybird|fireblast,aquajet,acidspray,psychicnoise|Serious||M|||90|,,,,,Normal]|lurantis||earlybird|fireblast,aquajet,acidspray,psychicnoise|Serious||M|||90|,,,,,Normal]|lurantis||earlybird|fireblast,aquajet,acidspray,psychicnoise|Serious||M|||90|,,,,,Normal]|lurantis||earlybird|fireblast,aquajet,acidspray,psychicnoise|Serious||M|||90|,,,,,Normal	|lurantis||earlybird|fireblast,aquajet,acidspray,psychicnoise|Serious||M|||90|,,,,,Normal]|lurantis||earlybird|fireblast,aquajet,acidspray,psychicnoise|Serious||M|||90|,,,,,Normal]|heatran||multitype|circlethrow,cosmicpower,megahorn,malignantchain|Serious|||||90|,,,,,Ghost]|lurantis||earlybird|fireblast,aquajet,acidspray,psychicnoise|Serious||M|||90|,,,,,Normal]|barraskewda||levitate|meteormash,muddywater,flowertrick|Serious||M|||100|,,,,,Steel]|lurantis||earlybird|fireblast,aquajet,acidspray,psychicnoise|Serious||M|||90|,,,,,Normal	limit 999	false	120,3156,7885,62831	rs=- ended=0 winner=- turn=999 mid=1 left=6,6 fl=0,0 active=0,1,6,7 party=0,1,2,3,4,5;6,7,8,9,10,11 speeds=113,113,113,113,113,113,113,113,171,113,308,113 orders=0.0,1.0,0.0,0.0,0.0,0.0,2.0,3.0,0.0,0.0,0.0,0.0 so=2,3,1,0 mons=0.253.0.0.1.0.0.0.0.0.1.0 1.253.0.0.1.0.0.0.1.0.1.0 2.253.0.0.0.0.0.0.2.0.1.0 3.253.0.0.0.0.0.0.3.0.1.0 4.253.0.0.0.0.0.0.4.0.1.0 5.253.0.0.0.0.0.0.5.0.1.0 6.253.0.0.1.0.0.0.0.0.1.0 7.253.0.0.1.0.0.0.1.0.1.0 8.291.0.0.0.0.0.0.2.0.1.0 9.253.0.0.0.0.0.0.3.0.1.0 10.263.0.0.0.0.0.0.4.0.1.0 11.253.0.0.0.0.0.0.5.0.1.0	|bigerror|You will auto-tie if the battle doesn't end in 1 turn (on turn 1000).	-
172	49778,65297,10394,28733	|lurantis||earlybird|fireblast,aquajet,acidspray,psychicnoise|Serious||M|||90|,,,,,Normal]|lurantis||earlybird|fireblast,aquajet,acidspray,psychicnoise|Serious||M|||90|,,,,,Normal]|lurantis||earlybird|fireblast,aquajet,acidspray,psychicnoise|Serious||M|||90|,,,,,Normal]|lurantis||earlybird|fireblast,aquajet,acidspray,psychicnoise|Serious||M|||90|,,,,,Normal]|lurantis||earlybird|fireblast,aquajet,acidspray,psychicnoise|Serious||M|||90|,,,,,Normal]|lurantis||earlybird|fireblast,aquajet,acidspray,psychicnoise|Serious||M|||90|,,,,,Normal	|lurantis||earlybird|fireblast,aquajet,acidspray,psychicnoise|Serious||M|||90|,,,,,Normal]|lurantis||earlybird|fireblast,aquajet,acidspray,psychicnoise|Serious||M|||90|,,,,,Normal]|heatran||multitype|circlethrow,cosmicpower,megahorn,malignantchain|Serious|||||90|,,,,,Ghost]|lurantis||earlybird|fireblast,aquajet,acidspray,psychicnoise|Serious||M|||90|,,,,,Normal]|barraskewda||levitate|meteormash,muddywater,flowertrick|Serious||M|||100|,,,,,Steel]|lurantis||earlybird|fireblast,aquajet,acidspray,psychicnoise|Serious||M|||90|,,,,,Normal	limit 1000	false	120,3156,7885,62831	rs=- ended=0 winner=- turn=1000 mid=1 left=6,6 fl=0,0 active=0,1,6,7 party=0,1,2,3,4,5;6,7,8,9,10,11 speeds=113,113,113,113,113,113,113,113,171,113,308,113 orders=0.0,1.0,0.0,0.0,0.0,0.0,2.0,3.0,0.0,0.0,0.0,0.0 so=2,3,1,0 mons=0.253.0.0.1.0.0.0.0.0.1.0 1.253.0.0.1.0.0.0.1.0.1.0 2.253.0.0.0.0.0.0.2.0.1.0 3.253.0.0.0.0.0.0.3.0.1.0 4.253.0.0.0.0.0.0.4.0.1.0 5.253.0.0.0.0.0.0.5.0.1.0 6.253.0.0.1.0.0.0.0.0.1.0 7.253.0.0.1.0.0.0.1.0.1.0 8.291.0.0.0.0.0.0.2.0.1.0 9.253.0.0.0.0.0.0.3.0.1.0 10.263.0.0.0.0.0.0.4.0.1.0 11.253.0.0.0.0.0.0.5.0.1.0	|bigerror|You will auto-tie if the battle doesn't end in 0 turns (on turn 1000).	-
173	49778,65297,10394,28733	|lurantis||earlybird|fireblast,aquajet,acidspray,psychicnoise|Serious||M|||90|,,,,,Normal]|lurantis||earlybird|fireblast,aquajet,acidspray,psychicnoise|Serious||M|||90|,,,,,Normal]|lurantis||earlybird|fireblast,aquajet,acidspray,psychicnoise|Serious||M|||90|,,,,,Normal]|lurantis||earlybird|fireblast,aquajet,acidspray,psychicnoise|Serious||M|||90|,,,,,Normal]|lurantis||earlybird|fireblast,aquajet,acidspray,psychicnoise|Serious||M|||90|,,,,,Normal]|lurantis||earlybird|fireblast,aquajet,acidspray,psychicnoise|Serious||M|||90|,,,,,Normal	|lurantis||earlybird|fireblast,aquajet,acidspray,psychicnoise|Serious||M|||90|,,,,,Normal]|lurantis||earlybird|fireblast,aquajet,acidspray,psychicnoise|Serious||M|||90|,,,,,Normal]|heatran||multitype|circlethrow,cosmicpower,megahorn,malignantchain|Serious|||||90|,,,,,Ghost]|lurantis||earlybird|fireblast,aquajet,acidspray,psychicnoise|Serious||M|||90|,,,,,Normal]|barraskewda||levitate|meteormash,muddywater,flowertrick|Serious||M|||100|,,,,,Steel]|lurantis||earlybird|fireblast,aquajet,acidspray,psychicnoise|Serious||M|||90|,,,,,Normal	limit 1001	true	120,3156,7885,62831	rs=- ended=1 winner=- turn=1001 mid=1 left=6,6 fl=0,0 active=0,1,6,7 party=0,1,2,3,4,5;6,7,8,9,10,11 speeds=113,113,113,113,113,113,113,113,171,113,308,113 orders=0.0,1.0,0.0,0.0,0.0,0.0,2.0,3.0,0.0,0.0,0.0,0.0 so=2,3,1,0 mons=0.253.0.0.1.0.0.0.0.0.1.0 1.253.0.0.1.0.0.0.1.0.1.0 2.253.0.0.0.0.0.0.2.0.1.0 3.253.0.0.0.0.0.0.3.0.1.0 4.253.0.0.0.0.0.0.4.0.1.0 5.253.0.0.0.0.0.0.5.0.1.0 6.253.0.0.1.0.0.0.0.0.1.0 7.253.0.0.1.0.0.0.1.0.1.0 8.291.0.0.0.0.0.0.2.0.1.0 9.253.0.0.0.0.0.0.3.0.1.0 10.263.0.0.0.0.0.0.4.0.1.0 11.253.0.0.0.0.0.0.5.0.1.0	|message|It is turn 1000. You have hit the turn limit!~|~|tie	-:1001:6,6
174	60056,27500,49615,4437	|fezandipiti||corrosion|doubleedge,snarl,bravebird|Serious|||||50|,,,,,Electric]|glaceon||levitate|freezingglare,roost,moonblast,uturn|Serious||F|||100|,,,,,Ground]|whimsicott||multitype|jetpunch,agility,clangingscales|Serious|||||100|,,,,,Steel]|scizor||levitate|volttackle,quiverdance|Serious||M|||100|,,,,,Poison]|wugtrio||terashell|firefang,headlongrush|Serious||M|||100|,,,,,Normal]|conkeldurr||multitype|calmmind,softboiled|Serious||M|||100|,,,,,Poison	|bellossom||levitate|diamondstorm,rockblast,toxicspikes,hornleech|Serious||F|||88|,,,,,Psychic]|skeledirge||corrosion|superpower,esperwing,precipiceblades|Serious||M|||100|,,,,,Electric]|glaceon||levitate|freezingglare,roost,moonblast,uturn|Serious||F|||100|,,,,,Ground]|sawsbuck||shellarmor|aquacutter,dazzlinggleam,scaleshot,firepunch|Serious|||||50|,,,,,Steel	wipe 0;messages 0 0 1	-,true	40286,4018,25561,58047	rs=- ended=1 winner=B turn=0 mid=1 left=0,4 fl=6,0 active=0,1,6,7 party=0,1,2,3,4,5;6,7,8,9 speeds=119,166,268,166,276,126,120,168,166,115 orders=0.0,1.0,0.0,0.0,0.0,0.0,2.0,3.0,0.0,0.0 so=3,2,1,0 mons=0.0.1.1.0.0.0.0.0.0.1.0 1.0.1.1.0.0.0.0.1.0.1.0 2.0.1.1.0.0.0.0.2.0.1.0 3.0.1.1.0.0.0.0.3.0.1.0 4.0.1.1.0.0.0.0.4.0.1.0 5.0.1.1.0.0.0.0.5.0.1.0 6.257.0.0.1.0.0.0.0.0.1.0 7.349.0.0.1.0.0.0.1.0.1.0 8.271.0.0.0.0.0.0.2.0.1.0 9.155.0.0.0.0.0.0.3.0.1.0	|faint|p1a: Fezandipiti~|faint|p1b: Glaceon~|faint|p1: Whimsicott~|faint|p1: Scizor~|faint|p1: Wugtrio~|faint|p1: Conkeldurr~|~|win|B	1:0:0,4
175	60056,27500,49615,4437	|fezandipiti||corrosion|doubleedge,snarl,bravebird|Serious|||||50|,,,,,Electric]|glaceon||levitate|freezingglare,roost,moonblast,uturn|Serious||F|||100|,,,,,Ground]|whimsicott||multitype|jetpunch,agility,clangingscales|Serious|||||100|,,,,,Steel]|scizor||levitate|volttackle,quiverdance|Serious||M|||100|,,,,,Poison]|wugtrio||terashell|firefang,headlongrush|Serious||M|||100|,,,,,Normal]|conkeldurr||multitype|calmmind,softboiled|Serious||M|||100|,,,,,Poison	|bellossom||levitate|diamondstorm,rockblast,toxicspikes,hornleech|Serious||F|||88|,,,,,Psychic]|skeledirge||corrosion|superpower,esperwing,precipiceblades|Serious||M|||100|,,,,,Electric]|glaceon||levitate|freezingglare,roost,moonblast,uturn|Serious||F|||100|,,,,,Ground]|sawsbuck||shellarmor|aquacutter,dazzlinggleam,scaleshot,firepunch|Serious|||||50|,,,,,Steel	wipe 1;messages 0 0 1	-,true	40286,4018,25561,58047	rs=- ended=1 winner=A turn=0 mid=1 left=6,0 fl=0,4 active=0,1,6,7 party=0,1,2,3,4,5;6,7,8,9 speeds=119,166,268,166,276,126,120,168,166,115 orders=0.0,1.0,0.0,0.0,0.0,0.0,2.0,3.0,0.0,0.0 so=3,2,1,0 mons=0.163.0.0.1.0.0.0.0.0.1.0 1.271.0.0.1.0.0.0.1.0.1.0 2.261.0.0.0.0.0.0.2.0.1.0 3.281.0.0.0.0.0.0.3.0.1.0 4.211.0.0.0.0.0.0.4.0.1.0 5.351.0.0.0.0.0.0.5.0.1.0 6.0.1.1.0.0.0.0.0.0.1.0 7.0.1.1.0.0.0.0.1.0.1.0 8.0.1.1.0.0.0.0.2.0.1.0 9.0.1.1.0.0.0.0.3.0.1.0	|faint|p2a: Bellossom~|faint|p2b: Skeledirge~|faint|p2: Glaceon~|faint|p2: Sawsbuck~|~|win|A	0:0:6,0
176	60056,27500,49615,4437	|fezandipiti||corrosion|doubleedge,snarl,bravebird|Serious|||||50|,,,,,Electric]|glaceon||levitate|freezingglare,roost,moonblast,uturn|Serious||F|||100|,,,,,Ground]|whimsicott||multitype|jetpunch,agility,clangingscales|Serious|||||100|,,,,,Steel]|scizor||levitate|volttackle,quiverdance|Serious||M|||100|,,,,,Poison]|wugtrio||terashell|firefang,headlongrush|Serious||M|||100|,,,,,Normal]|conkeldurr||multitype|calmmind,softboiled|Serious||M|||100|,,,,,Poison	|bellossom||levitate|diamondstorm,rockblast,toxicspikes,hornleech|Serious||F|||88|,,,,,Psychic]|skeledirge||corrosion|superpower,esperwing,precipiceblades|Serious||M|||100|,,,,,Electric]|glaceon||levitate|freezingglare,roost,moonblast,uturn|Serious||F|||100|,,,,,Ground]|sawsbuck||shellarmor|aquacutter,dazzlinggleam,scaleshot,firepunch|Serious|||||50|,,,,,Steel	wipe 0;wipe 1;messages 0 0 1	-,-,true	40286,4018,25561,58047	rs=- ended=1 winner=B turn=0 mid=1 left=0,0 fl=6,4 active=0,1,6,7 party=0,1,2,3,4,5;6,7,8,9 speeds=119,166,268,166,276,126,120,168,166,115 orders=0.0,1.0,0.0,0.0,0.0,0.0,2.0,3.0,0.0,0.0 so=3,2,1,0 mons=0.0.1.1.0.0.0.0.0.0.1.0 1.0.1.1.0.0.0.0.1.0.1.0 2.0.1.1.0.0.0.0.2.0.1.0 3.0.1.1.0.0.0.0.3.0.1.0 4.0.1.1.0.0.0.0.4.0.1.0 5.0.1.1.0.0.0.0.5.0.1.0 6.0.1.1.0.0.0.0.0.0.1.0 7.0.1.1.0.0.0.0.1.0.1.0 8.0.1.1.0.0.0.0.2.0.1.0 9.0.1.1.0.0.0.0.3.0.1.0	|faint|p1a: Fezandipiti~|faint|p1b: Glaceon~|faint|p1: Whimsicott~|faint|p1: Scizor~|faint|p1: Wugtrio~|faint|p1: Conkeldurr~|faint|p2a: Bellossom~|faint|p2b: Skeledirge~|faint|p2: Glaceon~|faint|p2: Sawsbuck~|~|win|B	1:0:0,0
177	60056,27500,49615,4437	|fezandipiti||corrosion|doubleedge,snarl,bravebird|Serious|||||50|,,,,,Electric]|glaceon||levitate|freezingglare,roost,moonblast,uturn|Serious||F|||100|,,,,,Ground]|whimsicott||multitype|jetpunch,agility,clangingscales|Serious|||||100|,,,,,Steel]|scizor||levitate|volttackle,quiverdance|Serious||M|||100|,,,,,Poison]|wugtrio||terashell|firefang,headlongrush|Serious||M|||100|,,,,,Normal]|conkeldurr||multitype|calmmind,softboiled|Serious||M|||100|,,,,,Poison	|bellossom||levitate|diamondstorm,rockblast,toxicspikes,hornleech|Serious||F|||88|,,,,,Psychic]|skeledirge||corrosion|superpower,esperwing,precipiceblades|Serious||M|||100|,,,,,Electric]|glaceon||levitate|freezingglare,roost,moonblast,uturn|Serious||F|||100|,,,,,Ground]|sawsbuck||shellarmor|aquacutter,dazzlinggleam,scaleshot,firepunch|Serious|||||50|,,,,,Steel	wipe 1;wipe 0;messages 0 0 1	-,-,true	40286,4018,25561,58047	rs=- ended=1 winner=A turn=0 mid=1 left=0,0 fl=6,4 active=0,1,6,7 party=0,1,2,3,4,5;6,7,8,9 speeds=119,166,268,166,276,126,120,168,166,115 orders=0.0,1.0,0.0,0.0,0.0,0.0,2.0,3.0,0.0,0.0 so=3,2,1,0 mons=0.0.1.1.0.0.0.0.0.0.1.0 1.0.1.1.0.0.0.0.1.0.1.0 2.0.1.1.0.0.0.0.2.0.1.0 3.0.1.1.0.0.0.0.3.0.1.0 4.0.1.1.0.0.0.0.4.0.1.0 5.0.1.1.0.0.0.0.5.0.1.0 6.0.1.1.0.0.0.0.0.0.1.0 7.0.1.1.0.0.0.0.1.0.1.0 8.0.1.1.0.0.0.0.2.0.1.0 9.0.1.1.0.0.0.0.3.0.1.0	|faint|p2a: Bellossom~|faint|p2b: Skeledirge~|faint|p2: Glaceon~|faint|p2: Sawsbuck~|faint|p1a: Fezandipiti~|faint|p1b: Glaceon~|faint|p1: Whimsicott~|faint|p1: Scizor~|faint|p1: Wugtrio~|faint|p1: Conkeldurr~|~|win|A	0:0:0,0
178	60056,27500,49615,4437	|fezandipiti||corrosion|doubleedge,snarl,bravebird|Serious|||||50|,,,,,Electric]|glaceon||levitate|freezingglare,roost,moonblast,uturn|Serious||F|||100|,,,,,Ground]|whimsicott||multitype|jetpunch,agility,clangingscales|Serious|||||100|,,,,,Steel]|scizor||levitate|volttackle,quiverdance|Serious||M|||100|,,,,,Poison]|wugtrio||terashell|firefang,headlongrush|Serious||M|||100|,,,,,Normal]|conkeldurr||multitype|calmmind,softboiled|Serious||M|||100|,,,,,Poison	|bellossom||levitate|diamondstorm,rockblast,toxicspikes,hornleech|Serious||F|||88|,,,,,Psychic]|skeledirge||corrosion|superpower,esperwing,precipiceblades|Serious||M|||100|,,,,,Electric]|glaceon||levitate|freezingglare,roost,moonblast,uturn|Serious||F|||100|,,,,,Ground]|sawsbuck||shellarmor|aquacutter,dazzlinggleam,scaleshot,firepunch|Serious|||||50|,,,,,Steel	wipe 0;wipe 1;messages 1 0 1	-,-,true	40286,4018,25561,58047	rs=- ended=1 winner=B turn=0 mid=1 left=0,0 fl=6,4 active=0,1,6,7 party=0,1,2,3,4,5;6,7,8,9 speeds=119,166,268,166,276,126,120,168,166,115 orders=0.0,1.0,0.0,0.0,0.0,0.0,2.0,3.0,0.0,0.0 so=3,2,1,0 mons=0.0.1.1.0.0.0.0.0.0.1.0 1.0.1.1.0.0.0.0.1.0.1.0 2.0.1.1.0.0.0.0.2.0.1.0 3.0.1.1.0.0.0.0.3.0.1.0 4.0.1.1.0.0.0.0.4.0.1.0 5.0.1.1.0.0.0.0.5.0.1.0 6.0.1.1.0.0.0.0.0.0.1.0 7.0.1.1.0.0.0.0.1.0.1.0 8.0.1.1.0.0.0.0.2.0.1.0 9.0.1.1.0.0.0.0.3.0.1.0	|faint|p2: Sawsbuck~|faint|p1a: Fezandipiti~|faint|p1b: Glaceon~|faint|p1: Whimsicott~|faint|p1: Scizor~|faint|p1: Wugtrio~|faint|p1: Conkeldurr~|faint|p2a: Bellossom~|faint|p2b: Skeledirge~|faint|p2: Glaceon~|~|win|B	1:0:0,0
179	60056,27500,49615,4437	|fezandipiti||corrosion|doubleedge,snarl,bravebird|Serious|||||50|,,,,,Electric]|glaceon||levitate|freezingglare,roost,moonblast,uturn|Serious||F|||100|,,,,,Ground]|whimsicott||multitype|jetpunch,agility,clangingscales|Serious|||||100|,,,,,Steel]|scizor||levitate|volttackle,quiverdance|Serious||M|||100|,,,,,Poison]|wugtrio||terashell|firefang,headlongrush|Serious||M|||100|,,,,,Normal]|conkeldurr||multitype|calmmind,softboiled|Serious||M|||100|,,,,,Poison	|bellossom||levitate|diamondstorm,rockblast,toxicspikes,hornleech|Serious||F|||88|,,,,,Psychic]|skeledirge||corrosion|superpower,esperwing,precipiceblades|Serious||M|||100|,,,,,Electric]|glaceon||levitate|freezingglare,roost,moonblast,uturn|Serious||F|||100|,,,,,Ground]|sawsbuck||shellarmor|aquacutter,dazzlinggleam,scaleshot,firepunch|Serious|||||50|,,,,,Steel	wipe 1;wipe 0;messages 1 0 1	-,-,true	40286,4018,25561,58047	rs=- ended=1 winner=A turn=0 mid=1 left=0,0 fl=6,4 active=0,1,6,7 party=0,1,2,3,4,5;6,7,8,9 speeds=119,166,268,166,276,126,120,168,166,115 orders=0.0,1.0,0.0,0.0,0.0,0.0,2.0,3.0,0.0,0.0 so=3,2,1,0 mons=0.0.1.1.0.0.0.0.0.0.1.0 1.0.1.1.0.0.0.0.1.0.1.0 2.0.1.1.0.0.0.0.2.0.1.0 3.0.1.1.0.0.0.0.3.0.1.0 4.0.1.1.0.0.0.0.4.0.1.0 5.0.1.1.0.0.0.0.5.0.1.0 6.0.1.1.0.0.0.0.0.0.1.0 7.0.1.1.0.0.0.0.1.0.1.0 8.0.1.1.0.0.0.0.2.0.1.0 9.0.1.1.0.0.0.0.3.0.1.0	|faint|p1: Conkeldurr~|faint|p2a: Bellossom~|faint|p2b: Skeledirge~|faint|p2: Glaceon~|faint|p2: Sawsbuck~|faint|p1a: Fezandipiti~|faint|p1b: Glaceon~|faint|p1: Whimsicott~|faint|p1: Scizor~|faint|p1: Wugtrio~|~|win|A	0:0:0,0
180	60056,27500,49615,4437	|fezandipiti||corrosion|doubleedge,snarl,bravebird|Serious|||||50|,,,,,Electric]|glaceon||levitate|freezingglare,roost,moonblast,uturn|Serious||F|||100|,,,,,Ground]|whimsicott||multitype|jetpunch,agility,clangingscales|Serious|||||100|,,,,,Steel]|scizor||levitate|volttackle,quiverdance|Serious||M|||100|,,,,,Poison]|wugtrio||terashell|firefang,headlongrush|Serious||M|||100|,,,,,Normal]|conkeldurr||multitype|calmmind,softboiled|Serious||M|||100|,,,,,Poison	|bellossom||levitate|diamondstorm,rockblast,toxicspikes,hornleech|Serious||F|||88|,,,,,Psychic]|skeledirge||corrosion|superpower,esperwing,precipiceblades|Serious||M|||100|,,,,,Electric]|glaceon||levitate|freezingglare,roost,moonblast,uturn|Serious||F|||100|,,,,,Ground]|sawsbuck||shellarmor|aquacutter,dazzlinggleam,scaleshot,firepunch|Serious|||||50|,,,,,Steel	wipe 0;wipe 1;messages 0 0 0;messages 0 1 1	-,-,false,true	40286,4018,25561,58047	rs=- ended=1 winner=- turn=0 mid=1 left=0,0 fl=6,4 active=0,1,6,7 party=0,1,2,3,4,5;6,7,8,9 speeds=119,166,268,166,276,126,120,168,166,115 orders=0.0,1.0,0.0,0.0,0.0,0.0,2.0,3.0,0.0,0.0 so=3,2,1,0 mons=0.0.1.1.0.0.0.0.0.0.1.0 1.0.1.1.0.0.0.0.1.0.1.0 2.0.1.1.0.0.0.0.2.0.1.0 3.0.1.1.0.0.0.0.3.0.1.0 4.0.1.1.0.0.0.0.4.0.1.0 5.0.1.1.0.0.0.0.5.0.1.0 6.0.1.1.0.0.0.0.0.0.1.0 7.0.1.1.0.0.0.0.1.0.1.0 8.0.1.1.0.0.0.0.2.0.1.0 9.0.1.1.0.0.0.0.3.0.1.0	|faint|p1a: Fezandipiti~|faint|p1b: Glaceon~|faint|p1: Whimsicott~|faint|p1: Scizor~|faint|p1: Wugtrio~|faint|p1: Conkeldurr~|faint|p2a: Bellossom~|faint|p2b: Skeledirge~|faint|p2: Glaceon~|faint|p2: Sawsbuck~|~|tie	-:0:0,0
181	60056,27500,49615,4437	|fezandipiti||corrosion|doubleedge,snarl,bravebird|Serious|||||50|,,,,,Electric]|glaceon||levitate|freezingglare,roost,moonblast,uturn|Serious||F|||100|,,,,,Ground]|whimsicott||multitype|jetpunch,agility,clangingscales|Serious|||||100|,,,,,Steel]|scizor||levitate|volttackle,quiverdance|Serious||M|||100|,,,,,Poison]|wugtrio||terashell|firefang,headlongrush|Serious||M|||100|,,,,,Normal]|conkeldurr||multitype|calmmind,softboiled|Serious||M|||100|,,,,,Poison	|bellossom||levitate|diamondstorm,rockblast,toxicspikes,hornleech|Serious||F|||88|,,,,,Psychic]|skeledirge||corrosion|superpower,esperwing,precipiceblades|Serious||M|||100|,,,,,Electric]|glaceon||levitate|freezingglare,roost,moonblast,uturn|Serious||F|||100|,,,,,Ground]|sawsbuck||shellarmor|aquacutter,dazzlinggleam,scaleshot,firepunch|Serious|||||50|,,,,,Steel	faint 0;messages 0 0 0;checkfainted	-,false,-	40286,4018,25561,58047	rs=- ended=0 winner=- turn=0 mid=1 left=5,4 fl=1,0 active=0,1,6,7 party=0,1,2,3,4,5;6,7,8,9 speeds=119,166,268,166,276,126,120,168,166,115 orders=0.0,1.0,0.0,0.0,0.0,0.0,2.0,3.0,0.0,0.0 so=3,2,1,0 mons=0.0.1.1.0.1.0.1.0.0.1.0 1.271.0.0.1.0.0.0.1.0.1.0 2.261.0.0.0.0.0.0.2.0.1.0 3.281.0.0.0.0.0.0.3.0.1.0 4.211.0.0.0.0.0.0.4.0.1.0 5.351.0.0.0.0.0.0.5.0.1.0 6.257.0.0.1.0.0.0.0.0.1.0 7.349.0.0.1.0.0.0.1.0.1.0 8.271.0.0.0.0.0.0.2.0.1.0 9.155.0.0.0.0.0.0.3.0.1.0	|faint|p1a: Fezandipiti	-
182	60056,27500,49615,4437	|fezandipiti||corrosion|doubleedge,snarl,bravebird|Serious|||||50|,,,,,Electric]|glaceon||levitate|freezingglare,roost,moonblast,uturn|Serious||F|||100|,,,,,Ground]|whimsicott||multitype|jetpunch,agility,clangingscales|Serious|||||100|,,,,,Steel]|scizor||levitate|volttackle,quiverdance|Serious||M|||100|,,,,,Poison]|wugtrio||terashell|firefang,headlongrush|Serious||M|||100|,,,,,Normal]|conkeldurr||multitype|calmmind,softboiled|Serious||M|||100|,,,,,Poison	|bellossom||levitate|diamondstorm,rockblast,toxicspikes,hornleech|Serious||F|||88|,,,,,Psychic]|skeledirge||corrosion|superpower,esperwing,precipiceblades|Serious||M|||100|,,,,,Electric]|glaceon||levitate|freezingglare,roost,moonblast,uturn|Serious||F|||100|,,,,,Ground]|sawsbuck||shellarmor|aquacutter,dazzlinggleam,scaleshot,firepunch|Serious|||||50|,,,,,Steel	tera 0;faint 0;messages 0 0 0;checkfainted	-,-,false,-	40286,4018,25561,58047	rs=- ended=0 winner=- turn=0 mid=1 left=5,4 fl=1,0 active=0,1,6,7 party=0,1,2,3,4,5;6,7,8,9 speeds=119,166,268,166,276,126,120,168,166,115 orders=0.0,1.0,0.0,0.0,0.0,0.0,2.0,3.0,0.0,0.0 so=3,2,1,0 mons=0.0.1.1.0.1.0.1.0.0.0.0 1.271.0.0.1.0.0.0.1.0.0.0 2.261.0.0.0.0.0.0.2.0.0.0 3.281.0.0.0.0.0.0.3.0.0.0 4.211.0.0.0.0.0.0.4.0.0.0 5.351.0.0.0.0.0.0.5.0.0.0 6.257.0.0.1.0.0.0.0.0.1.0 7.349.0.0.1.0.0.0.1.0.1.0 8.271.0.0.0.0.0.0.2.0.1.0 9.155.0.0.0.0.0.0.3.0.1.0	|-terastallize|p1a: Fezandipiti|Electric~|faint|p1a: Fezandipiti	-
183	60056,27500,49615,4437	|fezandipiti||corrosion|doubleedge,snarl,bravebird|Serious|||||50|,,,,,Electric]|glaceon||levitate|freezingglare,roost,moonblast,uturn|Serious||F|||100|,,,,,Ground]|whimsicott||multitype|jetpunch,agility,clangingscales|Serious|||||100|,,,,,Steel]|scizor||levitate|volttackle,quiverdance|Serious||M|||100|,,,,,Poison]|wugtrio||terashell|firefang,headlongrush|Serious||M|||100|,,,,,Normal]|conkeldurr||multitype|calmmind,softboiled|Serious||M|||100|,,,,,Poison	|bellossom||levitate|diamondstorm,rockblast,toxicspikes,hornleech|Serious||F|||88|,,,,,Psychic]|skeledirge||corrosion|superpower,esperwing,precipiceblades|Serious||M|||100|,,,,,Electric]|glaceon||levitate|freezingglare,roost,moonblast,uturn|Serious||F|||100|,,,,,Ground]|sawsbuck||shellarmor|aquacutter,dazzlinggleam,scaleshot,firepunch|Serious|||||50|,,,,,Steel	tera 6;faint 6;messages 0 0 0;checkfainted	-,-,false,-	40286,4018,25561,58047	rs=- ended=0 winner=- turn=0 mid=1 left=6,3 fl=0,1 active=0,1,6,7 party=0,1,2,3,4,5;6,7,8,9 speeds=119,166,268,166,276,126,120,168,166,115 orders=0.0,1.0,0.0,0.0,0.0,0.0,2.0,3.0,0.0,0.0 so=3,2,1,0 mons=0.163.0.0.1.0.0.0.0.0.1.0 1.271.0.0.1.0.0.0.1.0.1.0 2.261.0.0.0.0.0.0.2.0.1.0 3.281.0.0.0.0.0.0.3.0.1.0 4.211.0.0.0.0.0.0.4.0.1.0 5.351.0.0.0.0.0.0.5.0.1.0 6.0.1.1.0.1.0.1.0.0.0.0 7.349.0.0.1.0.0.0.1.0.0.0 8.271.0.0.0.0.0.0.2.0.0.0 9.155.0.0.0.0.0.0.3.0.0.0	|-terastallize|p2a: Bellossom|Psychic~|faint|p2a: Bellossom	-
184	60056,27500,49615,4437	|fezandipiti||corrosion|doubleedge,snarl,bravebird|Serious|||||50|,,,,,Electric]|glaceon||levitate|freezingglare,roost,moonblast,uturn|Serious||F|||100|,,,,,Ground]|whimsicott||multitype|jetpunch,agility,clangingscales|Serious|||||100|,,,,,Steel]|scizor||levitate|volttackle,quiverdance|Serious||M|||100|,,,,,Poison]|wugtrio||terashell|firefang,headlongrush|Serious||M|||100|,,,,,Normal]|conkeldurr||multitype|calmmind,softboiled|Serious||M|||100|,,,,,Poison	|bellossom||levitate|diamondstorm,rockblast,toxicspikes,hornleech|Serious||F|||88|,,,,,Psychic]|skeledirge||corrosion|superpower,esperwing,precipiceblades|Serious||M|||100|,,,,,Electric]|glaceon||levitate|freezingglare,roost,moonblast,uturn|Serious||F|||100|,,,,,Ground]|sawsbuck||shellarmor|aquacutter,dazzlinggleam,scaleshot,firepunch|Serious|||||50|,,,,,Steel	cap 0;faint 0;messages 0 0 0	-,-,false	40286,4018,25561,58047	rs=- ended=0 winner=- turn=0 mid=1 left=5,4 fl=100,0 active=0,1,6,7 party=0,1,2,3,4,5;6,7,8,9 speeds=119,166,268,166,276,126,120,168,166,115 orders=0.0,1.0,0.0,0.0,0.0,0.0,2.0,3.0,0.0,0.0 so=3,2,1,0 mons=0.0.1.1.0.0.0.0.0.0.1.0 1.271.0.0.1.0.0.0.1.0.1.0 2.261.0.0.0.0.0.0.2.0.1.0 3.281.0.0.0.0.0.0.3.0.1.0 4.211.0.0.0.0.0.0.4.0.1.0 5.351.0.0.0.0.0.0.5.0.1.0 6.257.0.0.1.0.0.0.0.0.1.0 7.349.0.0.1.0.0.0.1.0.1.0 8.271.0.0.0.0.0.0.2.0.1.0 9.155.0.0.0.0.0.0.3.0.1.0	|faint|p1a: Fezandipiti	-
185	60056,27500,49615,4437	|fezandipiti||corrosion|doubleedge,snarl,bravebird|Serious|||||50|,,,,,Electric]|glaceon||levitate|freezingglare,roost,moonblast,uturn|Serious||F|||100|,,,,,Ground]|whimsicott||multitype|jetpunch,agility,clangingscales|Serious|||||100|,,,,,Steel]|scizor||levitate|volttackle,quiverdance|Serious||M|||100|,,,,,Poison]|wugtrio||terashell|firefang,headlongrush|Serious||M|||100|,,,,,Normal]|conkeldurr||multitype|calmmind,softboiled|Serious||M|||100|,,,,,Poison	|bellossom||levitate|diamondstorm,rockblast,toxicspikes,hornleech|Serious||F|||88|,,,,,Psychic]|skeledirge||corrosion|superpower,esperwing,precipiceblades|Serious||M|||100|,,,,,Electric]|glaceon||levitate|freezingglare,roost,moonblast,uturn|Serious||F|||100|,,,,,Ground]|sawsbuck||shellarmor|aquacutter,dazzlinggleam,scaleshot,firepunch|Serious|||||50|,,,,,Steel	faint 0;faint 0;messages 0 0 0;messages 0 0 1	-,-,false,false	40286,4018,25561,58047	rs=- ended=0 winner=- turn=0 mid=1 left=5,4 fl=1,0 active=0,1,6,7 party=0,1,2,3,4,5;6,7,8,9 speeds=119,166,268,166,276,126,120,168,166,115 orders=0.0,1.0,0.0,0.0,0.0,0.0,2.0,3.0,0.0,0.0 so=3,2,1,0 mons=0.0.1.1.0.0.0.0.0.0.1.0 1.271.0.0.1.0.0.0.1.0.1.0 2.261.0.0.0.0.0.0.2.0.1.0 3.281.0.0.0.0.0.0.3.0.1.0 4.211.0.0.0.0.0.0.4.0.1.0 5.351.0.0.0.0.0.0.5.0.1.0 6.257.0.0.1.0.0.0.0.0.1.0 7.349.0.0.1.0.0.0.1.0.1.0 8.271.0.0.0.0.0.0.2.0.1.0 9.155.0.0.0.0.0.0.3.0.1.0	|faint|p1a: Fezandipiti	-
186	60056,27500,49615,4437	|fezandipiti||corrosion|doubleedge,snarl,bravebird|Serious|||||50|,,,,,Electric]|glaceon||levitate|freezingglare,roost,moonblast,uturn|Serious||F|||100|,,,,,Ground]|whimsicott||multitype|jetpunch,agility,clangingscales|Serious|||||100|,,,,,Steel]|scizor||levitate|volttackle,quiverdance|Serious||M|||100|,,,,,Poison]|wugtrio||terashell|firefang,headlongrush|Serious||M|||100|,,,,,Normal]|conkeldurr||multitype|calmmind,softboiled|Serious||M|||100|,,,,,Poison	|bellossom||levitate|diamondstorm,rockblast,toxicspikes,hornleech|Serious||F|||88|,,,,,Psychic]|skeledirge||corrosion|superpower,esperwing,precipiceblades|Serious||M|||100|,,,,,Electric]|glaceon||levitate|freezingglare,roost,moonblast,uturn|Serious||F|||100|,,,,,Ground]|sawsbuck||shellarmor|aquacutter,dazzlinggleam,scaleshot,firepunch|Serious|||||50|,,,,,Steel	tie;tie;messages 0 1 1	true,false,-	40286,4018,25561,58047	rs=- ended=1 winner=- turn=0 mid=1 left=6,4 fl=0,0 active=0,1,6,7 party=0,1,2,3,4,5;6,7,8,9 speeds=119,166,268,166,276,126,120,168,166,115 orders=0.0,1.0,0.0,0.0,0.0,0.0,2.0,3.0,0.0,0.0 so=3,2,1,0 mons=0.163.0.0.1.0.0.0.0.0.1.0 1.271.0.0.1.0.0.0.1.0.1.0 2.261.0.0.0.0.0.0.2.0.1.0 3.281.0.0.0.0.0.0.3.0.1.0 4.211.0.0.0.0.0.0.4.0.1.0 5.351.0.0.0.0.0.0.5.0.1.0 6.257.0.0.1.0.0.0.0.0.1.0 7.349.0.0.1.0.0.0.1.0.1.0 8.271.0.0.0.0.0.0.2.0.1.0 9.155.0.0.0.0.0.0.3.0.1.0	|~|tie	-:0:6,4
187	60056,27500,49615,4437	|fezandipiti||corrosion|doubleedge,snarl,bravebird|Serious|||||50|,,,,,Electric]|glaceon||levitate|freezingglare,roost,moonblast,uturn|Serious||F|||100|,,,,,Ground]|whimsicott||multitype|jetpunch,agility,clangingscales|Serious|||||100|,,,,,Steel]|scizor||levitate|volttackle,quiverdance|Serious||M|||100|,,,,,Poison]|wugtrio||terashell|firefang,headlongrush|Serious||M|||100|,,,,,Normal]|conkeldurr||multitype|calmmind,softboiled|Serious||M|||100|,,,,,Poison	|bellossom||levitate|diamondstorm,rockblast,toxicspikes,hornleech|Serious||F|||88|,,,,,Psychic]|skeledirge||corrosion|superpower,esperwing,precipiceblades|Serious||M|||100|,,,,,Electric]|glaceon||levitate|freezingglare,roost,moonblast,uturn|Serious||F|||100|,,,,,Ground]|sawsbuck||shellarmor|aquacutter,dazzlinggleam,scaleshot,firepunch|Serious|||||50|,,,,,Steel	lose 0;lose 1	true,false	40286,4018,25561,58047	rs=- ended=1 winner=B turn=0 mid=1 left=6,4 fl=0,0 active=0,1,6,7 party=0,1,2,3,4,5;6,7,8,9 speeds=119,166,268,166,276,126,120,168,166,115 orders=0.0,1.0,0.0,0.0,0.0,0.0,2.0,3.0,0.0,0.0 so=3,2,1,0 mons=0.163.0.0.1.0.0.0.0.0.1.0 1.271.0.0.1.0.0.0.1.0.1.0 2.261.0.0.0.0.0.0.2.0.1.0 3.281.0.0.0.0.0.0.3.0.1.0 4.211.0.0.0.0.0.0.4.0.1.0 5.351.0.0.0.0.0.0.5.0.1.0 6.257.0.0.1.0.0.0.0.0.1.0 7.349.0.0.1.0.0.0.1.0.1.0 8.271.0.0.0.0.0.0.2.0.1.0 9.155.0.0.0.0.0.0.3.0.1.0	|~|win|B	1:0:6,4
188	60056,27500,49615,4437	|fezandipiti||corrosion|doubleedge,snarl,bravebird|Serious|||||50|,,,,,Electric]|glaceon||levitate|freezingglare,roost,moonblast,uturn|Serious||F|||100|,,,,,Ground]|whimsicott||multitype|jetpunch,agility,clangingscales|Serious|||||100|,,,,,Steel]|scizor||levitate|volttackle,quiverdance|Serious||M|||100|,,,,,Poison]|wugtrio||terashell|firefang,headlongrush|Serious||M|||100|,,,,,Normal]|conkeldurr||multitype|calmmind,softboiled|Serious||M|||100|,,,,,Poison	|bellossom||levitate|diamondstorm,rockblast,toxicspikes,hornleech|Serious||F|||88|,,,,,Psychic]|skeledirge||corrosion|superpower,esperwing,precipiceblades|Serious||M|||100|,,,,,Electric]|glaceon||levitate|freezingglare,roost,moonblast,uturn|Serious||F|||100|,,,,,Ground]|sawsbuck||shellarmor|aquacutter,dazzlinggleam,scaleshot,firepunch|Serious|||||50|,,,,,Steel	tiebreak	true	40286,4018,25561,58047	rs=- ended=1 winner=A turn=0 mid=1 left=6,4 fl=0,0 active=0,1,6,7 party=0,1,2,3,4,5;6,7,8,9 speeds=119,166,268,166,276,126,120,168,166,115 orders=0.0,1.0,0.0,0.0,0.0,0.0,2.0,3.0,0.0,0.0 so=3,2,1,0 mons=0.163.0.0.1.0.0.0.0.0.1.0 1.271.0.0.1.0.0.0.1.0.1.0 2.261.0.0.0.0.0.0.2.0.1.0 3.281.0.0.0.0.0.0.3.0.1.0 4.211.0.0.0.0.0.0.4.0.1.0 5.351.0.0.0.0.0.0.5.0.1.0 6.257.0.0.1.0.0.0.0.0.1.0 7.349.0.0.1.0.0.0.1.0.1.0 8.271.0.0.0.0.0.0.2.0.1.0 9.155.0.0.0.0.0.0.3.0.1.0	|message|Time's up! Going to tiebreaker...~|-message|A: 6 Pokemon left; B: 4 Pokemon left~|~|win|A	0:0:6,4
189	60056,27500,49615,4437	|fezandipiti||corrosion|doubleedge,snarl,bravebird|Serious|||||50|,,,,,Electric]|glaceon||levitate|freezingglare,roost,moonblast,uturn|Serious||F|||100|,,,,,Ground]|whimsicott||multitype|jetpunch,agility,clangingscales|Serious|||||100|,,,,,Steel]|scizor||levitate|volttackle,quiverdance|Serious||M|||100|,,,,,Poison]|wugtrio||terashell|firefang,headlongrush|Serious||M|||100|,,,,,Normal]|conkeldurr||multitype|calmmind,softboiled|Serious||M|||100|,,,,,Poison	|bellossom||levitate|diamondstorm,rockblast,toxicspikes,hornleech|Serious||F|||88|,,,,,Psychic]|skeledirge||corrosion|superpower,esperwing,precipiceblades|Serious||M|||100|,,,,,Electric]|glaceon||levitate|freezingglare,roost,moonblast,uturn|Serious||F|||100|,,,,,Ground]|sawsbuck||shellarmor|aquacutter,dazzlinggleam,scaleshot,firepunch|Serious|||||50|,,,,,Steel	fraction 0 0.5;fraction 1 0.25;tiebreak	-,-,true	40286,4018,25561,58047	rs=- ended=1 winner=A turn=0 mid=1 left=6,4 fl=0,0 active=0,1,6,7 party=0,1,2,3,4,5;6,7,8,9 speeds=119,166,268,166,276,126,120,168,166,115 orders=0.0,1.0,0.0,0.0,0.0,0.0,2.0,3.0,0.0,0.0 so=3,2,1,0 mons=0.81.0.0.1.0.0.0.0.0.1.0 1.135.0.0.1.0.0.0.1.0.1.0 2.130.0.0.0.0.0.0.2.0.1.0 3.140.0.0.0.0.0.0.3.0.1.0 4.105.0.0.0.0.0.0.4.0.1.0 5.175.0.0.0.0.0.0.5.0.1.0 6.64.0.0.1.0.0.0.0.0.1.0 7.87.0.0.1.0.0.0.1.0.1.0 8.67.0.0.0.0.0.0.2.0.1.0 9.38.0.0.0.0.0.0.3.0.1.0	|message|Time's up! Going to tiebreaker...~|-message|A: 6 Pokemon left; B: 4 Pokemon left~|~|win|A	0:0:6,4
190	60056,27500,49615,4437	|fezandipiti||corrosion|doubleedge,snarl,bravebird|Serious|||||50|,,,,,Electric]|glaceon||levitate|freezingglare,roost,moonblast,uturn|Serious||F|||100|,,,,,Ground]|whimsicott||multitype|jetpunch,agility,clangingscales|Serious|||||100|,,,,,Steel]|scizor||levitate|volttackle,quiverdance|Serious||M|||100|,,,,,Poison]|wugtrio||terashell|firefang,headlongrush|Serious||M|||100|,,,,,Normal]|conkeldurr||multitype|calmmind,softboiled|Serious||M|||100|,,,,,Poison	|bellossom||levitate|diamondstorm,rockblast,toxicspikes,hornleech|Serious||F|||88|,,,,,Psychic]|skeledirge||corrosion|superpower,esperwing,precipiceblades|Serious||M|||100|,,,,,Electric]|glaceon||levitate|freezingglare,roost,moonblast,uturn|Serious||F|||100|,,,,,Ground]|sawsbuck||shellarmor|aquacutter,dazzlinggleam,scaleshot,firepunch|Serious|||||50|,,,,,Steel	faint 0;messages 0 0 0;tiebreak	-,false,true	40286,4018,25561,58047	rs=- ended=1 winner=A turn=0 mid=1 left=5,4 fl=1,0 active=0,1,6,7 party=0,1,2,3,4,5;6,7,8,9 speeds=119,166,268,166,276,126,120,168,166,115 orders=0.0,1.0,0.0,0.0,0.0,0.0,2.0,3.0,0.0,0.0 so=3,2,1,0 mons=0.0.1.1.0.0.0.0.0.0.1.0 1.271.0.0.1.0.0.0.1.0.1.0 2.261.0.0.0.0.0.0.2.0.1.0 3.281.0.0.0.0.0.0.3.0.1.0 4.211.0.0.0.0.0.0.4.0.1.0 5.351.0.0.0.0.0.0.5.0.1.0 6.257.0.0.1.0.0.0.0.0.1.0 7.349.0.0.1.0.0.0.1.0.1.0 8.271.0.0.0.0.0.0.2.0.1.0 9.155.0.0.0.0.0.0.3.0.1.0	|faint|p1a: Fezandipiti~|message|Time's up! Going to tiebreaker...~|-message|A: 5 Pokemon left; B: 4 Pokemon left~|~|win|A	0:0:5,4
191	60056,27500,49615,4437	|fezandipiti||corrosion|doubleedge,snarl,bravebird|Serious|||||50|,,,,,Electric]|glaceon||levitate|freezingglare,roost,moonblast,uturn|Serious||F|||100|,,,,,Ground]|whimsicott||multitype|jetpunch,agility,clangingscales|Serious|||||100|,,,,,Steel]|scizor||levitate|volttackle,quiverdance|Serious||M|||100|,,,,,Poison]|wugtrio||terashell|firefang,headlongrush|Serious||M|||100|,,,,,Normal]|conkeldurr||multitype|calmmind,softboiled|Serious||M|||100|,,,,,Poison	|bellossom||levitate|diamondstorm,rockblast,toxicspikes,hornleech|Serious||F|||88|,,,,,Psychic]|skeledirge||corrosion|superpower,esperwing,precipiceblades|Serious||M|||100|,,,,,Electric]|glaceon||levitate|freezingglare,roost,moonblast,uturn|Serious||F|||100|,,,,,Ground]|sawsbuck||shellarmor|aquacutter,dazzlinggleam,scaleshot,firepunch|Serious|||||50|,,,,,Steel	left 0;left 1;messages 0 1 1	-,-,true	40286,4018,25561,58047	rs=- ended=1 winner=- turn=0 mid=1 left=0,0 fl=0,0 active=0,1,6,7 party=0,1,2,3,4,5;6,7,8,9 speeds=119,166,268,166,276,126,120,168,166,115 orders=0.0,1.0,0.0,0.0,0.0,0.0,2.0,3.0,0.0,0.0 so=3,2,1,0 mons=0.163.0.0.1.0.0.0.0.0.1.0 1.271.0.0.1.0.0.0.1.0.1.0 2.261.0.0.0.0.0.0.2.0.1.0 3.281.0.0.0.0.0.0.3.0.1.0 4.211.0.0.0.0.0.0.4.0.1.0 5.351.0.0.0.0.0.0.5.0.1.0 6.257.0.0.1.0.0.0.0.0.1.0 7.349.0.0.1.0.0.0.1.0.1.0 8.271.0.0.0.0.0.0.2.0.1.0 9.155.0.0.0.0.0.0.3.0.1.0	|~|tie	-:0:0,0
192	60056,27500,49615,4437	|fezandipiti||corrosion|doubleedge,snarl,bravebird|Serious|||||50|,,,,,Electric]|glaceon||levitate|freezingglare,roost,moonblast,uturn|Serious||F|||100|,,,,,Ground]|whimsicott||multitype|jetpunch,agility,clangingscales|Serious|||||100|,,,,,Steel]|scizor||levitate|volttackle,quiverdance|Serious||M|||100|,,,,,Poison]|wugtrio||terashell|firefang,headlongrush|Serious||M|||100|,,,,,Normal]|conkeldurr||multitype|calmmind,softboiled|Serious||M|||100|,,,,,Poison	|bellossom||levitate|diamondstorm,rockblast,toxicspikes,hornleech|Serious||F|||88|,,,,,Psychic]|skeledirge||corrosion|superpower,esperwing,precipiceblades|Serious||M|||100|,,,,,Electric]|glaceon||levitate|freezingglare,roost,moonblast,uturn|Serious||F|||100|,,,,,Ground]|sawsbuck||shellarmor|aquacutter,dazzlinggleam,scaleshot,firepunch|Serious|||||50|,,,,,Steel	limit 100	false	40286,4018,25561,58047	rs=- ended=0 winner=- turn=100 mid=1 left=6,4 fl=0,0 active=0,1,6,7 party=0,1,2,3,4,5;6,7,8,9 speeds=119,166,268,166,276,126,120,168,166,115 orders=0.0,1.0,0.0,0.0,0.0,0.0,2.0,3.0,0.0,0.0 so=3,2,1,0 mons=0.163.0.0.1.0.0.0.0.0.1.0 1.271.0.0.1.0.0.0.1.0.1.0 2.261.0.0.0.0.0.0.2.0.1.0 3.281.0.0.0.0.0.0.3.0.1.0 4.211.0.0.0.0.0.0.4.0.1.0 5.351.0.0.0.0.0.0.5.0.1.0 6.257.0.0.1.0.0.0.0.0.1.0 7.349.0.0.1.0.0.0.1.0.1.0 8.271.0.0.0.0.0.0.2.0.1.0 9.155.0.0.0.0.0.0.3.0.1.0		-
193	60056,27500,49615,4437	|fezandipiti||corrosion|doubleedge,snarl,bravebird|Serious|||||50|,,,,,Electric]|glaceon||levitate|freezingglare,roost,moonblast,uturn|Serious||F|||100|,,,,,Ground]|whimsicott||multitype|jetpunch,agility,clangingscales|Serious|||||100|,,,,,Steel]|scizor||levitate|volttackle,quiverdance|Serious||M|||100|,,,,,Poison]|wugtrio||terashell|firefang,headlongrush|Serious||M|||100|,,,,,Normal]|conkeldurr||multitype|calmmind,softboiled|Serious||M|||100|,,,,,Poison	|bellossom||levitate|diamondstorm,rockblast,toxicspikes,hornleech|Serious||F|||88|,,,,,Psychic]|skeledirge||corrosion|superpower,esperwing,precipiceblades|Serious||M|||100|,,,,,Electric]|glaceon||levitate|freezingglare,roost,moonblast,uturn|Serious||F|||100|,,,,,Ground]|sawsbuck||shellarmor|aquacutter,dazzlinggleam,scaleshot,firepunch|Serious|||||50|,,,,,Steel	limit 101	false	40286,4018,25561,58047	rs=- ended=0 winner=- turn=101 mid=1 left=6,4 fl=0,0 active=0,1,6,7 party=0,1,2,3,4,5;6,7,8,9 speeds=119,166,268,166,276,126,120,168,166,115 orders=0.0,1.0,0.0,0.0,0.0,0.0,2.0,3.0,0.0,0.0 so=3,2,1,0 mons=0.163.0.0.1.0.0.0.0.0.1.0 1.271.0.0.1.0.0.0.1.0.1.0 2.261.0.0.0.0.0.0.2.0.1.0 3.281.0.0.0.0.0.0.3.0.1.0 4.211.0.0.0.0.0.0.4.0.1.0 5.351.0.0.0.0.0.0.5.0.1.0 6.257.0.0.1.0.0.0.0.0.1.0 7.349.0.0.1.0.0.0.1.0.1.0 8.271.0.0.0.0.0.0.2.0.1.0 9.155.0.0.0.0.0.0.3.0.1.0		-
194	60056,27500,49615,4437	|fezandipiti||corrosion|doubleedge,snarl,bravebird|Serious|||||50|,,,,,Electric]|glaceon||levitate|freezingglare,roost,moonblast,uturn|Serious||F|||100|,,,,,Ground]|whimsicott||multitype|jetpunch,agility,clangingscales|Serious|||||100|,,,,,Steel]|scizor||levitate|volttackle,quiverdance|Serious||M|||100|,,,,,Poison]|wugtrio||terashell|firefang,headlongrush|Serious||M|||100|,,,,,Normal]|conkeldurr||multitype|calmmind,softboiled|Serious||M|||100|,,,,,Poison	|bellossom||levitate|diamondstorm,rockblast,toxicspikes,hornleech|Serious||F|||88|,,,,,Psychic]|skeledirge||corrosion|superpower,esperwing,precipiceblades|Serious||M|||100|,,,,,Electric]|glaceon||levitate|freezingglare,roost,moonblast,uturn|Serious||F|||100|,,,,,Ground]|sawsbuck||shellarmor|aquacutter,dazzlinggleam,scaleshot,firepunch|Serious|||||50|,,,,,Steel	limit 499	false	40286,4018,25561,58047	rs=- ended=0 winner=- turn=499 mid=1 left=6,4 fl=0,0 active=0,1,6,7 party=0,1,2,3,4,5;6,7,8,9 speeds=119,166,268,166,276,126,120,168,166,115 orders=0.0,1.0,0.0,0.0,0.0,0.0,2.0,3.0,0.0,0.0 so=3,2,1,0 mons=0.163.0.0.1.0.0.0.0.0.1.0 1.271.0.0.1.0.0.0.1.0.1.0 2.261.0.0.0.0.0.0.2.0.1.0 3.281.0.0.0.0.0.0.3.0.1.0 4.211.0.0.0.0.0.0.4.0.1.0 5.351.0.0.0.0.0.0.5.0.1.0 6.257.0.0.1.0.0.0.0.0.1.0 7.349.0.0.1.0.0.0.1.0.1.0 8.271.0.0.0.0.0.0.2.0.1.0 9.155.0.0.0.0.0.0.3.0.1.0		-
195	60056,27500,49615,4437	|fezandipiti||corrosion|doubleedge,snarl,bravebird|Serious|||||50|,,,,,Electric]|glaceon||levitate|freezingglare,roost,moonblast,uturn|Serious||F|||100|,,,,,Ground]|whimsicott||multitype|jetpunch,agility,clangingscales|Serious|||||100|,,,,,Steel]|scizor||levitate|volttackle,quiverdance|Serious||M|||100|,,,,,Poison]|wugtrio||terashell|firefang,headlongrush|Serious||M|||100|,,,,,Normal]|conkeldurr||multitype|calmmind,softboiled|Serious||M|||100|,,,,,Poison	|bellossom||levitate|diamondstorm,rockblast,toxicspikes,hornleech|Serious||F|||88|,,,,,Psychic]|skeledirge||corrosion|superpower,esperwing,precipiceblades|Serious||M|||100|,,,,,Electric]|glaceon||levitate|freezingglare,roost,moonblast,uturn|Serious||F|||100|,,,,,Ground]|sawsbuck||shellarmor|aquacutter,dazzlinggleam,scaleshot,firepunch|Serious|||||50|,,,,,Steel	limit 500	false	40286,4018,25561,58047	rs=- ended=0 winner=- turn=500 mid=1 left=6,4 fl=0,0 active=0,1,6,7 party=0,1,2,3,4,5;6,7,8,9 speeds=119,166,268,166,276,126,120,168,166,115 orders=0.0,1.0,0.0,0.0,0.0,0.0,2.0,3.0,0.0,0.0 so=3,2,1,0 mons=0.163.0.0.1.0.0.0.0.0.1.0 1.271.0.0.1.0.0.0.1.0.1.0 2.261.0.0.0.0.0.0.2.0.1.0 3.281.0.0.0.0.0.0.3.0.1.0 4.211.0.0.0.0.0.0.4.0.1.0 5.351.0.0.0.0.0.0.5.0.1.0 6.257.0.0.1.0.0.0.0.0.1.0 7.349.0.0.1.0.0.0.1.0.1.0 8.271.0.0.0.0.0.0.2.0.1.0 9.155.0.0.0.0.0.0.3.0.1.0	|bigerror|You will auto-tie if the battle doesn't end in 500 turns (on turn 1000).	-
196	60056,27500,49615,4437	|fezandipiti||corrosion|doubleedge,snarl,bravebird|Serious|||||50|,,,,,Electric]|glaceon||levitate|freezingglare,roost,moonblast,uturn|Serious||F|||100|,,,,,Ground]|whimsicott||multitype|jetpunch,agility,clangingscales|Serious|||||100|,,,,,Steel]|scizor||levitate|volttackle,quiverdance|Serious||M|||100|,,,,,Poison]|wugtrio||terashell|firefang,headlongrush|Serious||M|||100|,,,,,Normal]|conkeldurr||multitype|calmmind,softboiled|Serious||M|||100|,,,,,Poison	|bellossom||levitate|diamondstorm,rockblast,toxicspikes,hornleech|Serious||F|||88|,,,,,Psychic]|skeledirge||corrosion|superpower,esperwing,precipiceblades|Serious||M|||100|,,,,,Electric]|glaceon||levitate|freezingglare,roost,moonblast,uturn|Serious||F|||100|,,,,,Ground]|sawsbuck||shellarmor|aquacutter,dazzlinggleam,scaleshot,firepunch|Serious|||||50|,,,,,Steel	limit 899	false	40286,4018,25561,58047	rs=- ended=0 winner=- turn=899 mid=1 left=6,4 fl=0,0 active=0,1,6,7 party=0,1,2,3,4,5;6,7,8,9 speeds=119,166,268,166,276,126,120,168,166,115 orders=0.0,1.0,0.0,0.0,0.0,0.0,2.0,3.0,0.0,0.0 so=3,2,1,0 mons=0.163.0.0.1.0.0.0.0.0.1.0 1.271.0.0.1.0.0.0.1.0.1.0 2.261.0.0.0.0.0.0.2.0.1.0 3.281.0.0.0.0.0.0.3.0.1.0 4.211.0.0.0.0.0.0.4.0.1.0 5.351.0.0.0.0.0.0.5.0.1.0 6.257.0.0.1.0.0.0.0.0.1.0 7.349.0.0.1.0.0.0.1.0.1.0 8.271.0.0.0.0.0.0.2.0.1.0 9.155.0.0.0.0.0.0.3.0.1.0		-
197	60056,27500,49615,4437	|fezandipiti||corrosion|doubleedge,snarl,bravebird|Serious|||||50|,,,,,Electric]|glaceon||levitate|freezingglare,roost,moonblast,uturn|Serious||F|||100|,,,,,Ground]|whimsicott||multitype|jetpunch,agility,clangingscales|Serious|||||100|,,,,,Steel]|scizor||levitate|volttackle,quiverdance|Serious||M|||100|,,,,,Poison]|wugtrio||terashell|firefang,headlongrush|Serious||M|||100|,,,,,Normal]|conkeldurr||multitype|calmmind,softboiled|Serious||M|||100|,,,,,Poison	|bellossom||levitate|diamondstorm,rockblast,toxicspikes,hornleech|Serious||F|||88|,,,,,Psychic]|skeledirge||corrosion|superpower,esperwing,precipiceblades|Serious||M|||100|,,,,,Electric]|glaceon||levitate|freezingglare,roost,moonblast,uturn|Serious||F|||100|,,,,,Ground]|sawsbuck||shellarmor|aquacutter,dazzlinggleam,scaleshot,firepunch|Serious|||||50|,,,,,Steel	limit 900	false	40286,4018,25561,58047	rs=- ended=0 winner=- turn=900 mid=1 left=6,4 fl=0,0 active=0,1,6,7 party=0,1,2,3,4,5;6,7,8,9 speeds=119,166,268,166,276,126,120,168,166,115 orders=0.0,1.0,0.0,0.0,0.0,0.0,2.0,3.0,0.0,0.0 so=3,2,1,0 mons=0.163.0.0.1.0.0.0.0.0.1.0 1.271.0.0.1.0.0.0.1.0.1.0 2.261.0.0.0.0.0.0.2.0.1.0 3.281.0.0.0.0.0.0.3.0.1.0 4.211.0.0.0.0.0.0.4.0.1.0 5.351.0.0.0.0.0.0.5.0.1.0 6.257.0.0.1.0.0.0.0.0.1.0 7.349.0.0.1.0.0.0.1.0.1.0 8.271.0.0.0.0.0.0.2.0.1.0 9.155.0.0.0.0.0.0.3.0.1.0	|bigerror|You will auto-tie if the battle doesn't end in 100 turns (on turn 1000).	-
198	60056,27500,49615,4437	|fezandipiti||corrosion|doubleedge,snarl,bravebird|Serious|||||50|,,,,,Electric]|glaceon||levitate|freezingglare,roost,moonblast,uturn|Serious||F|||100|,,,,,Ground]|whimsicott||multitype|jetpunch,agility,clangingscales|Serious|||||100|,,,,,Steel]|scizor||levitate|volttackle,quiverdance|Serious||M|||100|,,,,,Poison]|wugtrio||terashell|firefang,headlongrush|Serious||M|||100|,,,,,Normal]|conkeldurr||multitype|calmmind,softboiled|Serious||M|||100|,,,,,Poison	|bellossom||levitate|diamondstorm,rockblast,toxicspikes,hornleech|Serious||F|||88|,,,,,Psychic]|skeledirge||corrosion|superpower,esperwing,precipiceblades|Serious||M|||100|,,,,,Electric]|glaceon||levitate|freezingglare,roost,moonblast,uturn|Serious||F|||100|,,,,,Ground]|sawsbuck||shellarmor|aquacutter,dazzlinggleam,scaleshot,firepunch|Serious|||||50|,,,,,Steel	limit 989	false	40286,4018,25561,58047	rs=- ended=0 winner=- turn=989 mid=1 left=6,4 fl=0,0 active=0,1,6,7 party=0,1,2,3,4,5;6,7,8,9 speeds=119,166,268,166,276,126,120,168,166,115 orders=0.0,1.0,0.0,0.0,0.0,0.0,2.0,3.0,0.0,0.0 so=3,2,1,0 mons=0.163.0.0.1.0.0.0.0.0.1.0 1.271.0.0.1.0.0.0.1.0.1.0 2.261.0.0.0.0.0.0.2.0.1.0 3.281.0.0.0.0.0.0.3.0.1.0 4.211.0.0.0.0.0.0.4.0.1.0 5.351.0.0.0.0.0.0.5.0.1.0 6.257.0.0.1.0.0.0.0.0.1.0 7.349.0.0.1.0.0.0.1.0.1.0 8.271.0.0.0.0.0.0.2.0.1.0 9.155.0.0.0.0.0.0.3.0.1.0		-
199	60056,27500,49615,4437	|fezandipiti||corrosion|doubleedge,snarl,bravebird|Serious|||||50|,,,,,Electric]|glaceon||levitate|freezingglare,roost,moonblast,uturn|Serious||F|||100|,,,,,Ground]|whimsicott||multitype|jetpunch,agility,clangingscales|Serious|||||100|,,,,,Steel]|scizor||levitate|volttackle,quiverdance|Serious||M|||100|,,,,,Poison]|wugtrio||terashell|firefang,headlongrush|Serious||M|||100|,,,,,Normal]|conkeldurr||multitype|calmmind,softboiled|Serious||M|||100|,,,,,Poison	|bellossom||levitate|diamondstorm,rockblast,toxicspikes,hornleech|Serious||F|||88|,,,,,Psychic]|skeledirge||corrosion|superpower,esperwing,precipiceblades|Serious||M|||100|,,,,,Electric]|glaceon||levitate|freezingglare,roost,moonblast,uturn|Serious||F|||100|,,,,,Ground]|sawsbuck||shellarmor|aquacutter,dazzlinggleam,scaleshot,firepunch|Serious|||||50|,,,,,Steel	limit 990	false	40286,4018,25561,58047	rs=- ended=0 winner=- turn=990 mid=1 left=6,4 fl=0,0 active=0,1,6,7 party=0,1,2,3,4,5;6,7,8,9 speeds=119,166,268,166,276,126,120,168,166,115 orders=0.0,1.0,0.0,0.0,0.0,0.0,2.0,3.0,0.0,0.0 so=3,2,1,0 mons=0.163.0.0.1.0.0.0.0.0.1.0 1.271.0.0.1.0.0.0.1.0.1.0 2.261.0.0.0.0.0.0.2.0.1.0 3.281.0.0.0.0.0.0.3.0.1.0 4.211.0.0.0.0.0.0.4.0.1.0 5.351.0.0.0.0.0.0.5.0.1.0 6.257.0.0.1.0.0.0.0.0.1.0 7.349.0.0.1.0.0.0.1.0.1.0 8.271.0.0.0.0.0.0.2.0.1.0 9.155.0.0.0.0.0.0.3.0.1.0	|bigerror|You will auto-tie if the battle doesn't end in 10 turns (on turn 1000).	-
200	60056,27500,49615,4437	|fezandipiti||corrosion|doubleedge,snarl,bravebird|Serious|||||50|,,,,,Electric]|glaceon||levitate|freezingglare,roost,moonblast,uturn|Serious||F|||100|,,,,,Ground]|whimsicott||multitype|jetpunch,agility,clangingscales|Serious|||||100|,,,,,Steel]|scizor||levitate|volttackle,quiverdance|Serious||M|||100|,,,,,Poison]|wugtrio||terashell|firefang,headlongrush|Serious||M|||100|,,,,,Normal]|conkeldurr||multitype|calmmind,softboiled|Serious||M|||100|,,,,,Poison	|bellossom||levitate|diamondstorm,rockblast,toxicspikes,hornleech|Serious||F|||88|,,,,,Psychic]|skeledirge||corrosion|superpower,esperwing,precipiceblades|Serious||M|||100|,,,,,Electric]|glaceon||levitate|freezingglare,roost,moonblast,uturn|Serious||F|||100|,,,,,Ground]|sawsbuck||shellarmor|aquacutter,dazzlinggleam,scaleshot,firepunch|Serious|||||50|,,,,,Steel	limit 999	false	40286,4018,25561,58047	rs=- ended=0 winner=- turn=999 mid=1 left=6,4 fl=0,0 active=0,1,6,7 party=0,1,2,3,4,5;6,7,8,9 speeds=119,166,268,166,276,126,120,168,166,115 orders=0.0,1.0,0.0,0.0,0.0,0.0,2.0,3.0,0.0,0.0 so=3,2,1,0 mons=0.163.0.0.1.0.0.0.0.0.1.0 1.271.0.0.1.0.0.0.1.0.1.0 2.261.0.0.0.0.0.0.2.0.1.0 3.281.0.0.0.0.0.0.3.0.1.0 4.211.0.0.0.0.0.0.4.0.1.0 5.351.0.0.0.0.0.0.5.0.1.0 6.257.0.0.1.0.0.0.0.0.1.0 7.349.0.0.1.0.0.0.1.0.1.0 8.271.0.0.0.0.0.0.2.0.1.0 9.155.0.0.0.0.0.0.3.0.1.0	|bigerror|You will auto-tie if the battle doesn't end in 1 turn (on turn 1000).	-
201	60056,27500,49615,4437	|fezandipiti||corrosion|doubleedge,snarl,bravebird|Serious|||||50|,,,,,Electric]|glaceon||levitate|freezingglare,roost,moonblast,uturn|Serious||F|||100|,,,,,Ground]|whimsicott||multitype|jetpunch,agility,clangingscales|Serious|||||100|,,,,,Steel]|scizor||levitate|volttackle,quiverdance|Serious||M|||100|,,,,,Poison]|wugtrio||terashell|firefang,headlongrush|Serious||M|||100|,,,,,Normal]|conkeldurr||multitype|calmmind,softboiled|Serious||M|||100|,,,,,Poison	|bellossom||levitate|diamondstorm,rockblast,toxicspikes,hornleech|Serious||F|||88|,,,,,Psychic]|skeledirge||corrosion|superpower,esperwing,precipiceblades|Serious||M|||100|,,,,,Electric]|glaceon||levitate|freezingglare,roost,moonblast,uturn|Serious||F|||100|,,,,,Ground]|sawsbuck||shellarmor|aquacutter,dazzlinggleam,scaleshot,firepunch|Serious|||||50|,,,,,Steel	limit 1000	false	40286,4018,25561,58047	rs=- ended=0 winner=- turn=1000 mid=1 left=6,4 fl=0,0 active=0,1,6,7 party=0,1,2,3,4,5;6,7,8,9 speeds=119,166,268,166,276,126,120,168,166,115 orders=0.0,1.0,0.0,0.0,0.0,0.0,2.0,3.0,0.0,0.0 so=3,2,1,0 mons=0.163.0.0.1.0.0.0.0.0.1.0 1.271.0.0.1.0.0.0.1.0.1.0 2.261.0.0.0.0.0.0.2.0.1.0 3.281.0.0.0.0.0.0.3.0.1.0 4.211.0.0.0.0.0.0.4.0.1.0 5.351.0.0.0.0.0.0.5.0.1.0 6.257.0.0.1.0.0.0.0.0.1.0 7.349.0.0.1.0.0.0.1.0.1.0 8.271.0.0.0.0.0.0.2.0.1.0 9.155.0.0.0.0.0.0.3.0.1.0	|bigerror|You will auto-tie if the battle doesn't end in 0 turns (on turn 1000).	-
202	60056,27500,49615,4437	|fezandipiti||corrosion|doubleedge,snarl,bravebird|Serious|||||50|,,,,,Electric]|glaceon||levitate|freezingglare,roost,moonblast,uturn|Serious||F|||100|,,,,,Ground]|whimsicott||multitype|jetpunch,agility,clangingscales|Serious|||||100|,,,,,Steel]|scizor||levitate|volttackle,quiverdance|Serious||M|||100|,,,,,Poison]|wugtrio||terashell|firefang,headlongrush|Serious||M|||100|,,,,,Normal]|conkeldurr||multitype|calmmind,softboiled|Serious||M|||100|,,,,,Poison	|bellossom||levitate|diamondstorm,rockblast,toxicspikes,hornleech|Serious||F|||88|,,,,,Psychic]|skeledirge||corrosion|superpower,esperwing,precipiceblades|Serious||M|||100|,,,,,Electric]|glaceon||levitate|freezingglare,roost,moonblast,uturn|Serious||F|||100|,,,,,Ground]|sawsbuck||shellarmor|aquacutter,dazzlinggleam,scaleshot,firepunch|Serious|||||50|,,,,,Steel	limit 1001	true	40286,4018,25561,58047	rs=- ended=1 winner=- turn=1001 mid=1 left=6,4 fl=0,0 active=0,1,6,7 party=0,1,2,3,4,5;6,7,8,9 speeds=119,166,268,166,276,126,120,168,166,115 orders=0.0,1.0,0.0,0.0,0.0,0.0,2.0,3.0,0.0,0.0 so=3,2,1,0 mons=0.163.0.0.1.0.0.0.0.0.1.0 1.271.0.0.1.0.0.0.1.0.1.0 2.261.0.0.0.0.0.0.2.0.1.0 3.281.0.0.0.0.0.0.3.0.1.0 4.211.0.0.0.0.0.0.4.0.1.0 5.351.0.0.0.0.0.0.5.0.1.0 6.257.0.0.1.0.0.0.0.0.1.0 7.349.0.0.1.0.0.0.1.0.1.0 8.271.0.0.0.0.0.0.2.0.1.0 9.155.0.0.0.0.0.0.3.0.1.0	|message|It is turn 1000. You have hit the turn limit!~|~|tie	-:1001:6,4
203	1684,12506,35145,61028	|palossand||earlybird|calmmind,scorchingsands,headsmash,leechlife|Serious|||||88|,,,,,Normal]|eelektross||shellarmor|trickroom|Serious|||||50|,,,,,Fire]|regieleki||shellarmor|bodyslam,poisonjab,dazzlinggleam,aquastep|Serious|||||88|,,,,,Dragon]|hoopa||shellarmor|bittermalice,crunch,quickattack,originpulse|Serious|||||100|,,,,,Normal	|primarina||terashell|energyball,tailglow|Serious|||||100|,,,,,Fairy]|lycanrocdusk||shellarmor|populationbomb|Serious||F|||50|,,,,,Bug]|lycanrocdusk||shellarmor|populationbomb|Serious||F|||50|,,,,,Bug]|hydrapple||dancer|bodypress,stealthrock,icebeam|Serious|||||100|,,,,,Grass]|hydrapple||dancer|bodypress,stealthrock,icebeam|Serious|||||100|,,,,,Grass]|toxapex||multitype|foulplay,bulletpunch|Serious|||||100|,,,,,Steel	wipe 0;messages 0 0 1	-,true	45899,37839,26468,22954	rs=- ended=1 winner=B turn=0 mid=1 left=0,6 fl=4,0 active=0,1,6,7 party=0,1,2,3;6,7,8,9,10,11 speeds=93,70,384,176,156,130,130,124,124,106 orders=0.0,1.0,0.0,0.0,2.0,3.0,0.0,0.0,0.0,0.0 so=1,3,0,2 mons=0.0.1.1.0.0.0.0.0.0.1.0 1.0.1.1.0.0.0.0.1.0.1.0 2.0.1.1.0.0.0.0.2.0.1.0 3.0.1.1.0.0.0.0.3.0.1.0 6.301.0.0.1.0.0.0.0.0.1.0 7.150.0.0.1.0.0.0.1.0.1.0 8.150.0.0.0.0.0.0.2.0.1.0 9.353.0.0.0.0.0.0.3.0.1.0 10.353.0.0.0.0.0.0.4.0.1.0 11.241.0.0.0.0.0.0.5.0.1.0	|faint|p1a: Palossand~|faint|p1b: Eelektross~|faint|p1: Regieleki~|faint|p1: Hoopa~|~|win|B	1:0:0,6
204	1684,12506,35145,61028	|palossand||earlybird|calmmind,scorchingsands,headsmash,leechlife|Serious|||||88|,,,,,Normal]|eelektross||shellarmor|trickroom|Serious|||||50|,,,,,Fire]|regieleki||shellarmor|bodyslam,poisonjab,dazzlinggleam,aquastep|Serious|||||88|,,,,,Dragon]|hoopa||shellarmor|bittermalice,crunch,quickattack,originpulse|Serious|||||100|,,,,,Normal	|primarina||terashell|energyball,tailglow|Serious|||||100|,,,,,Fairy]|lycanrocdusk||shellarmor|populationbomb|Serious||F|||50|,,,,,Bug]|lycanrocdusk||shellarmor|populationbomb|Serious||F|||50|,,,,,Bug]|hydrapple||dancer|bodypress,stealthrock,icebeam|Serious|||||100|,,,,,Grass]|hydrapple||dancer|bodypress,stealthrock,icebeam|Serious|||||100|,,,,,Grass]|toxapex||multitype|foulplay,bulletpunch|Serious|||||100|,,,,,Steel	wipe 1;messages 0 0 1	-,true	45899,37839,26468,22954	rs=- ended=1 winner=A turn=0 mid=1 left=4,0 fl=0,6 active=0,1,6,7 party=0,1,2,3;6,7,8,9,10,11 speeds=93,70,384,176,156,130,130,124,124,106 orders=0.0,1.0,0.0,0.0,2.0,3.0,0.0,0.0,0.0,0.0 so=1,3,0,2 mons=0.274.0.0.1.0.0.0.0.0.1.0 1.160.0.0.1.0.0.0.1.0.1.0 2.266.0.0.0.0.0.0.2.0.1.0 3.301.0.0.0.0.0.0.3.0.1.0 6.0.1.1.0.0.0.0.0.0.1.0 7.0.1.1.0.0.0.0.1.0.1.0 8.0.1.1.0.0.0.0.2.0.1.0 9.0.1.1.0.0.0.0.3.0.1.0 10.0.1.1.0.0.0.0.4.0.1.0 11.0.1.1.0.0.0.0.5.0.1.0	|faint|p2a: Primarina~|faint|p2b: Lycanroc~|faint|p2: Lycanroc~|faint|p2: Hydrapple~|faint|p2: Hydrapple~|faint|p2: Toxapex~|~|win|A	0:0:4,0
205	1684,12506,35145,61028	|palossand||earlybird|calmmind,scorchingsands,headsmash,leechlife|Serious|||||88|,,,,,Normal]|eelektross||shellarmor|trickroom|Serious|||||50|,,,,,Fire]|regieleki||shellarmor|bodyslam,poisonjab,dazzlinggleam,aquastep|Serious|||||88|,,,,,Dragon]|hoopa||shellarmor|bittermalice,crunch,quickattack,originpulse|Serious|||||100|,,,,,Normal	|primarina||terashell|energyball,tailglow|Serious|||||100|,,,,,Fairy]|lycanrocdusk||shellarmor|populationbomb|Serious||F|||50|,,,,,Bug]|lycanrocdusk||shellarmor|populationbomb|Serious||F|||50|,,,,,Bug]|hydrapple||dancer|bodypress,stealthrock,icebeam|Serious|||||100|,,,,,Grass]|hydrapple||dancer|bodypress,stealthrock,icebeam|Serious|||||100|,,,,,Grass]|toxapex||multitype|foulplay,bulletpunch|Serious|||||100|,,,,,Steel	wipe 0;wipe 1;messages 0 0 1	-,-,true	45899,37839,26468,22954	rs=- ended=1 winner=B turn=0 mid=1 left=0,0 fl=4,6 active=0,1,6,7 party=0,1,2,3;6,7,8,9,10,11 speeds=93,70,384,176,156,130,130,124,124,106 orders=0.0,1.0,0.0,0.0,2.0,3.0,0.0,0.0,0.0,0.0 so=1,3,0,2 mons=0.0.1.1.0.0.0.0.0.0.1.0 1.0.1.1.0.0.0.0.1.0.1.0 2.0.1.1.0.0.0.0.2.0.1.0 3.0.1.1.0.0.0.0.3.0.1.0 6.0.1.1.0.0.0.0.0.0.1.0 7.0.1.1.0.0.0.0.1.0.1.0 8.0.1.1.0.0.0.0.2.0.1.0 9.0.1.1.0.0.0.0.3.0.1.0 10.0.1.1.0.0.0.0.4.0.1.0 11.0.1.1.0.0.0.0.5.0.1.0	|faint|p1a: Palossand~|faint|p1b: Eelektross~|faint|p1: Regieleki~|faint|p1: Hoopa~|faint|p2a: Primarina~|faint|p2b: Lycanroc~|faint|p2: Lycanroc~|faint|p2: Hydrapple~|faint|p2: Hydrapple~|faint|p2: Toxapex~|~|win|B	1:0:0,0
206	1684,12506,35145,61028	|palossand||earlybird|calmmind,scorchingsands,headsmash,leechlife|Serious|||||88|,,,,,Normal]|eelektross||shellarmor|trickroom|Serious|||||50|,,,,,Fire]|regieleki||shellarmor|bodyslam,poisonjab,dazzlinggleam,aquastep|Serious|||||88|,,,,,Dragon]|hoopa||shellarmor|bittermalice,crunch,quickattack,originpulse|Serious|||||100|,,,,,Normal	|primarina||terashell|energyball,tailglow|Serious|||||100|,,,,,Fairy]|lycanrocdusk||shellarmor|populationbomb|Serious||F|||50|,,,,,Bug]|lycanrocdusk||shellarmor|populationbomb|Serious||F|||50|,,,,,Bug]|hydrapple||dancer|bodypress,stealthrock,icebeam|Serious|||||100|,,,,,Grass]|hydrapple||dancer|bodypress,stealthrock,icebeam|Serious|||||100|,,,,,Grass]|toxapex||multitype|foulplay,bulletpunch|Serious|||||100|,,,,,Steel	wipe 1;wipe 0;messages 0 0 1	-,-,true	45899,37839,26468,22954	rs=- ended=1 winner=A turn=0 mid=1 left=0,0 fl=4,6 active=0,1,6,7 party=0,1,2,3;6,7,8,9,10,11 speeds=93,70,384,176,156,130,130,124,124,106 orders=0.0,1.0,0.0,0.0,2.0,3.0,0.0,0.0,0.0,0.0 so=1,3,0,2 mons=0.0.1.1.0.0.0.0.0.0.1.0 1.0.1.1.0.0.0.0.1.0.1.0 2.0.1.1.0.0.0.0.2.0.1.0 3.0.1.1.0.0.0.0.3.0.1.0 6.0.1.1.0.0.0.0.0.0.1.0 7.0.1.1.0.0.0.0.1.0.1.0 8.0.1.1.0.0.0.0.2.0.1.0 9.0.1.1.0.0.0.0.3.0.1.0 10.0.1.1.0.0.0.0.4.0.1.0 11.0.1.1.0.0.0.0.5.0.1.0	|faint|p2a: Primarina~|faint|p2b: Lycanroc~|faint|p2: Lycanroc~|faint|p2: Hydrapple~|faint|p2: Hydrapple~|faint|p2: Toxapex~|faint|p1a: Palossand~|faint|p1b: Eelektross~|faint|p1: Regieleki~|faint|p1: Hoopa~|~|win|A	0:0:0,0
207	1684,12506,35145,61028	|palossand||earlybird|calmmind,scorchingsands,headsmash,leechlife|Serious|||||88|,,,,,Normal]|eelektross||shellarmor|trickroom|Serious|||||50|,,,,,Fire]|regieleki||shellarmor|bodyslam,poisonjab,dazzlinggleam,aquastep|Serious|||||88|,,,,,Dragon]|hoopa||shellarmor|bittermalice,crunch,quickattack,originpulse|Serious|||||100|,,,,,Normal	|primarina||terashell|energyball,tailglow|Serious|||||100|,,,,,Fairy]|lycanrocdusk||shellarmor|populationbomb|Serious||F|||50|,,,,,Bug]|lycanrocdusk||shellarmor|populationbomb|Serious||F|||50|,,,,,Bug]|hydrapple||dancer|bodypress,stealthrock,icebeam|Serious|||||100|,,,,,Grass]|hydrapple||dancer|bodypress,stealthrock,icebeam|Serious|||||100|,,,,,Grass]|toxapex||multitype|foulplay,bulletpunch|Serious|||||100|,,,,,Steel	wipe 0;wipe 1;messages 1 0 1	-,-,true	45899,37839,26468,22954	rs=- ended=1 winner=B turn=0 mid=1 left=0,0 fl=4,6 active=0,1,6,7 party=0,1,2,3;6,7,8,9,10,11 speeds=93,70,384,176,156,130,130,124,124,106 orders=0.0,1.0,0.0,0.0,2.0,3.0,0.0,0.0,0.0,0.0 so=1,3,0,2 mons=0.0.1.1.0.0.0.0.0.0.1.0 1.0.1.1.0.0.0.0.1.0.1.0 2.0.1.1.0.0.0.0.2.0.1.0 3.0.1.1.0.0.0.0.3.0.1.0 6.0.1.1.0.0.0.0.0.0.1.0 7.0.1.1.0.0.0.0.1.0.1.0 8.0.1.1.0.0.0.0.2.0.1.0 9.0.1.1.0.0.0.0.3.0.1.0 10.0.1.1.0.0.0.0.4.0.1.0 11.0.1.1.0.0.0.0.5.0.1.0	|faint|p2: Toxapex~|faint|p1a: Palossand~|faint|p1b: Eelektross~|faint|p1: Regieleki~|faint|p1: Hoopa~|faint|p2a: Primarina~|faint|p2b: Lycanroc~|faint|p2: Lycanroc~|faint|p2: Hydrapple~|faint|p2: Hydrapple~|~|win|B	1:0:0,0
208	1684,12506,35145,61028	|palossand||earlybird|calmmind,scorchingsands,headsmash,leechlife|Serious|||||88|,,,,,Normal]|eelektross||shellarmor|trickroom|Serious|||||50|,,,,,Fire]|regieleki||shellarmor|bodyslam,poisonjab,dazzlinggleam,aquastep|Serious|||||88|,,,,,Dragon]|hoopa||shellarmor|bittermalice,crunch,quickattack,originpulse|Serious|||||100|,,,,,Normal	|primarina||terashell|energyball,tailglow|Serious|||||100|,,,,,Fairy]|lycanrocdusk||shellarmor|populationbomb|Serious||F|||50|,,,,,Bug]|lycanrocdusk||shellarmor|populationbomb|Serious||F|||50|,,,,,Bug]|hydrapple||dancer|bodypress,stealthrock,icebeam|Serious|||||100|,,,,,Grass]|hydrapple||dancer|bodypress,stealthrock,icebeam|Serious|||||100|,,,,,Grass]|toxapex||multitype|foulplay,bulletpunch|Serious|||||100|,,,,,Steel	wipe 1;wipe 0;messages 1 0 1	-,-,true	45899,37839,26468,22954	rs=- ended=1 winner=A turn=0 mid=1 left=0,0 fl=4,6 active=0,1,6,7 party=0,1,2,3;6,7,8,9,10,11 speeds=93,70,384,176,156,130,130,124,124,106 orders=0.0,1.0,0.0,0.0,2.0,3.0,0.0,0.0,0.0,0.0 so=1,3,0,2 mons=0.0.1.1.0.0.0.0.0.0.1.0 1.0.1.1.0.0.0.0.1.0.1.0 2.0.1.1.0.0.0.0.2.0.1.0 3.0.1.1.0.0.0.0.3.0.1.0 6.0.1.1.0.0.0.0.0.0.1.0 7.0.1.1.0.0.0.0.1.0.1.0 8.0.1.1.0.0.0.0.2.0.1.0 9.0.1.1.0.0.0.0.3.0.1.0 10.0.1.1.0.0.0.0.4.0.1.0 11.0.1.1.0.0.0.0.5.0.1.0	|faint|p1: Hoopa~|faint|p2a: Primarina~|faint|p2b: Lycanroc~|faint|p2: Lycanroc~|faint|p2: Hydrapple~|faint|p2: Hydrapple~|faint|p2: Toxapex~|faint|p1a: Palossand~|faint|p1b: Eelektross~|faint|p1: Regieleki~|~|win|A	0:0:0,0
209	1684,12506,35145,61028	|palossand||earlybird|calmmind,scorchingsands,headsmash,leechlife|Serious|||||88|,,,,,Normal]|eelektross||shellarmor|trickroom|Serious|||||50|,,,,,Fire]|regieleki||shellarmor|bodyslam,poisonjab,dazzlinggleam,aquastep|Serious|||||88|,,,,,Dragon]|hoopa||shellarmor|bittermalice,crunch,quickattack,originpulse|Serious|||||100|,,,,,Normal	|primarina||terashell|energyball,tailglow|Serious|||||100|,,,,,Fairy]|lycanrocdusk||shellarmor|populationbomb|Serious||F|||50|,,,,,Bug]|lycanrocdusk||shellarmor|populationbomb|Serious||F|||50|,,,,,Bug]|hydrapple||dancer|bodypress,stealthrock,icebeam|Serious|||||100|,,,,,Grass]|hydrapple||dancer|bodypress,stealthrock,icebeam|Serious|||||100|,,,,,Grass]|toxapex||multitype|foulplay,bulletpunch|Serious|||||100|,,,,,Steel	wipe 0;wipe 1;messages 0 0 0;messages 0 1 1	-,-,false,true	45899,37839,26468,22954	rs=- ended=1 winner=- turn=0 mid=1 left=0,0 fl=4,6 active=0,1,6,7 party=0,1,2,3;6,7,8,9,10,11 speeds=93,70,384,176,156,130,130,124,124,106 orders=0.0,1.0,0.0,0.0,2.0,3.0,0.0,0.0,0.0,0.0 so=1,3,0,2 mons=0.0.1.1.0.0.0.0.0.0.1.0 1.0.1.1.0.0.0.0.1.0.1.0 2.0.1.1.0.0.0.0.2.0.1.0 3.0.1.1.0.0.0.0.3.0.1.0 6.0.1.1.0.0.0.0.0.0.1.0 7.0.1.1.0.0.0.0.1.0.1.0 8.0.1.1.0.0.0.0.2.0.1.0 9.0.1.1.0.0.0.0.3.0.1.0 10.0.1.1.0.0.0.0.4.0.1.0 11.0.1.1.0.0.0.0.5.0.1.0	|faint|p1a: Palossand~|faint|p1b: Eelektross~|faint|p1: Regieleki~|faint|p1: Hoopa~|faint|p2a: Primarina~|faint|p2b: Lycanroc~|faint|p2: Lycanroc~|faint|p2: Hydrapple~|faint|p2: Hydrapple~|faint|p2: Toxapex~|~|tie	-:0:0,0
210	1684,12506,35145,61028	|palossand||earlybird|calmmind,scorchingsands,headsmash,leechlife|Serious|||||88|,,,,,Normal]|eelektross||shellarmor|trickroom|Serious|||||50|,,,,,Fire]|regieleki||shellarmor|bodyslam,poisonjab,dazzlinggleam,aquastep|Serious|||||88|,,,,,Dragon]|hoopa||shellarmor|bittermalice,crunch,quickattack,originpulse|Serious|||||100|,,,,,Normal	|primarina||terashell|energyball,tailglow|Serious|||||100|,,,,,Fairy]|lycanrocdusk||shellarmor|populationbomb|Serious||F|||50|,,,,,Bug]|lycanrocdusk||shellarmor|populationbomb|Serious||F|||50|,,,,,Bug]|hydrapple||dancer|bodypress,stealthrock,icebeam|Serious|||||100|,,,,,Grass]|hydrapple||dancer|bodypress,stealthrock,icebeam|Serious|||||100|,,,,,Grass]|toxapex||multitype|foulplay,bulletpunch|Serious|||||100|,,,,,Steel	faint 0;messages 0 0 0;checkfainted	-,false,-	45899,37839,26468,22954	rs=- ended=0 winner=- turn=0 mid=1 left=3,6 fl=1,0 active=0,1,6,7 party=0,1,2,3;6,7,8,9,10,11 speeds=93,70,384,176,156,130,130,124,124,106 orders=0.0,1.0,0.0,0.0,2.0,3.0,0.0,0.0,0.0,0.0 so=1,3,0,2 mons=0.0.1.1.0.1.0.1.0.0.1.0 1.160.0.0.1.0.0.0.1.0.1.0 2.266.0.0.0.0.0.0.2.0.1.0 3.301.0.0.0.0.0.0.3.0.1.0 6.301.0.0.1.0.0.0.0.0.1.0 7.150.0.0.1.0.0.0.1.0.1.0 8.150.0.0.0.0.0.0.2.0.1.0 9.353.0.0.0.0.0.0.3.0.1.0 10.353.0.0.0.0.0.0.4.0.1.0 11.241.0.0.0.0.0.0.5.0.1.0	|faint|p1a: Palossand	-
211	1684,12506,35145,61028	|palossand||earlybird|calmmind,scorchingsands,headsmash,leechlife|Serious|||||88|,,,,,Normal]|eelektross||shellarmor|trickroom|Serious|||||50|,,,,,Fire]|regieleki||shellarmor|bodyslam,poisonjab,dazzlinggleam,aquastep|Serious|||||88|,,,,,Dragon]|hoopa||shellarmor|bittermalice,crunch,quickattack,originpulse|Serious|||||100|,,,,,Normal	|primarina||terashell|energyball,tailglow|Serious|||||100|,,,,,Fairy]|lycanrocdusk||shellarmor|populationbomb|Serious||F|||50|,,,,,Bug]|lycanrocdusk||shellarmor|populationbomb|Serious||F|||50|,,,,,Bug]|hydrapple||dancer|bodypress,stealthrock,icebeam|Serious|||||100|,,,,,Grass]|hydrapple||dancer|bodypress,stealthrock,icebeam|Serious|||||100|,,,,,Grass]|toxapex||multitype|foulplay,bulletpunch|Serious|||||100|,,,,,Steel	tera 0;faint 0;messages 0 0 0;checkfainted	-,-,false,-	45899,37839,26468,22954	rs=- ended=0 winner=- turn=0 mid=1 left=3,6 fl=1,0 active=0,1,6,7 party=0,1,2,3;6,7,8,9,10,11 speeds=93,70,384,176,156,130,130,124,124,106 orders=0.0,1.0,0.0,0.0,2.0,3.0,0.0,0.0,0.0,0.0 so=1,3,0,2 mons=0.0.1.1.0.1.0.1.0.0.0.0 1.160.0.0.1.0.0.0.1.0.0.0 2.266.0.0.0.0.0.0.2.0.0.0 3.301.0.0.0.0.0.0.3.0.0.0 6.301.0.0.1.0.0.0.0.0.1.0 7.150.0.0.1.0.0.0.1.0.1.0 8.150.0.0.0.0.0.0.2.0.1.0 9.353.0.0.0.0.0.0.3.0.1.0 10.353.0.0.0.0.0.0.4.0.1.0 11.241.0.0.0.0.0.0.5.0.1.0	|-terastallize|p1a: Palossand|Normal~|faint|p1a: Palossand	-
212	1684,12506,35145,61028	|palossand||earlybird|calmmind,scorchingsands,headsmash,leechlife|Serious|||||88|,,,,,Normal]|eelektross||shellarmor|trickroom|Serious|||||50|,,,,,Fire]|regieleki||shellarmor|bodyslam,poisonjab,dazzlinggleam,aquastep|Serious|||||88|,,,,,Dragon]|hoopa||shellarmor|bittermalice,crunch,quickattack,originpulse|Serious|||||100|,,,,,Normal	|primarina||terashell|energyball,tailglow|Serious|||||100|,,,,,Fairy]|lycanrocdusk||shellarmor|populationbomb|Serious||F|||50|,,,,,Bug]|lycanrocdusk||shellarmor|populationbomb|Serious||F|||50|,,,,,Bug]|hydrapple||dancer|bodypress,stealthrock,icebeam|Serious|||||100|,,,,,Grass]|hydrapple||dancer|bodypress,stealthrock,icebeam|Serious|||||100|,,,,,Grass]|toxapex||multitype|foulplay,bulletpunch|Serious|||||100|,,,,,Steel	tera 6;faint 6;messages 0 0 0;checkfainted	-,-,false,-	45899,37839,26468,22954	rs=- ended=0 winner=- turn=0 mid=1 left=4,5 fl=0,1 active=0,1,6,7 party=0,1,2,3;6,7,8,9,10,11 speeds=93,70,384,176,156,130,130,124,124,106 orders=0.0,1.0,0.0,0.0,2.0,3.0,0.0,0.0,0.0,0.0 so=1,3,0,2 mons=0.274.0.0.1.0.0.0.0.0.1.0 1.160.0.0.1.0.0.0.1.0.1.0 2.266.0.0.0.0.0.0.2.0.1.0 3.301.0.0.0.0.0.0.3.0.1.0 6.0.1.1.0.1.0.1.0.0.0.0 7.150.0.0.1.0.0.0.1.0.0.0 8.150.0.0.0.0.0.0.2.0.0.0 9.353.0.0.0.0.0.0.3.0.0.0 10.353.0.0.0.0.0.0.4.0.0.0 11.241.0.0.0.0.0.0.5.0.0.0	|-terastallize|p2a: Primarina|Fairy~|faint|p2a: Primarina	-
213	1684,12506,35145,61028	|palossand||earlybird|calmmind,scorchingsands,headsmash,leechlife|Serious|||||88|,,,,,Normal]|eelektross||shellarmor|trickroom|Serious|||||50|,,,,,Fire]|regieleki||shellarmor|bodyslam,poisonjab,dazzlinggleam,aquastep|Serious|||||88|,,,,,Dragon]|hoopa||shellarmor|bittermalice,crunch,quickattack,originpulse|Serious|||||100|,,,,,Normal	|primarina||terashell|energyball,tailglow|Serious|||||100|,,,,,Fairy]|lycanrocdusk||shellarmor|populationbomb|Serious||F|||50|,,,,,Bug]|lycanrocdusk||shellarmor|populationbomb|Serious||F|||50|,,,,,Bug]|hydrapple||dancer|bodypress,stealthrock,icebeam|Serious|||||100|,,,,,Grass]|hydrapple||dancer|bodypress,stealthrock,icebeam|Serious|||||100|,,,,,Grass]|toxapex||multitype|foulplay,bulletpunch|Serious|||||100|,,,,,Steel	cap 0;faint 0;messages 0 0 0	-,-,false	45899,37839,26468,22954	rs=- ended=0 winner=- turn=0 mid=1 left=3,6 fl=100,0 active=0,1,6,7 party=0,1,2,3;6,7,8,9,10,11 speeds=93,70,384,176,156,130,130,124,124,106 orders=0.0,1.0,0.0,0.0,2.0,3.0,0.0,0.0,0.0,0.0 so=1,3,0,2 mons=0.0.1.1.0.0.0.0.0.0.1.0 1.160.0.0.1.0.0.0.1.0.1.0 2.266.0.0.0.0.0.0.2.0.1.0 3.301.0.0.0.0.0.0.3.0.1.0 6.301.0.0.1.0.0.0.0.0.1.0 7.150.0.0.1.0.0.0.1.0.1.0 8.150.0.0.0.0.0.0.2.0.1.0 9.353.0.0.0.0.0.0.3.0.1.0 10.353.0.0.0.0.0.0.4.0.1.0 11.241.0.0.0.0.0.0.5.0.1.0	|faint|p1a: Palossand	-
214	1684,12506,35145,61028	|palossand||earlybird|calmmind,scorchingsands,headsmash,leechlife|Serious|||||88|,,,,,Normal]|eelektross||shellarmor|trickroom|Serious|||||50|,,,,,Fire]|regieleki||shellarmor|bodyslam,poisonjab,dazzlinggleam,aquastep|Serious|||||88|,,,,,Dragon]|hoopa||shellarmor|bittermalice,crunch,quickattack,originpulse|Serious|||||100|,,,,,Normal	|primarina||terashell|energyball,tailglow|Serious|||||100|,,,,,Fairy]|lycanrocdusk||shellarmor|populationbomb|Serious||F|||50|,,,,,Bug]|lycanrocdusk||shellarmor|populationbomb|Serious||F|||50|,,,,,Bug]|hydrapple||dancer|bodypress,stealthrock,icebeam|Serious|||||100|,,,,,Grass]|hydrapple||dancer|bodypress,stealthrock,icebeam|Serious|||||100|,,,,,Grass]|toxapex||multitype|foulplay,bulletpunch|Serious|||||100|,,,,,Steel	faint 0;faint 0;messages 0 0 0;messages 0 0 1	-,-,false,false	45899,37839,26468,22954	rs=- ended=0 winner=- turn=0 mid=1 left=3,6 fl=1,0 active=0,1,6,7 party=0,1,2,3;6,7,8,9,10,11 speeds=93,70,384,176,156,130,130,124,124,106 orders=0.0,1.0,0.0,0.0,2.0,3.0,0.0,0.0,0.0,0.0 so=1,3,0,2 mons=0.0.1.1.0.0.0.0.0.0.1.0 1.160.0.0.1.0.0.0.1.0.1.0 2.266.0.0.0.0.0.0.2.0.1.0 3.301.0.0.0.0.0.0.3.0.1.0 6.301.0.0.1.0.0.0.0.0.1.0 7.150.0.0.1.0.0.0.1.0.1.0 8.150.0.0.0.0.0.0.2.0.1.0 9.353.0.0.0.0.0.0.3.0.1.0 10.353.0.0.0.0.0.0.4.0.1.0 11.241.0.0.0.0.0.0.5.0.1.0	|faint|p1a: Palossand	-
215	1684,12506,35145,61028	|palossand||earlybird|calmmind,scorchingsands,headsmash,leechlife|Serious|||||88|,,,,,Normal]|eelektross||shellarmor|trickroom|Serious|||||50|,,,,,Fire]|regieleki||shellarmor|bodyslam,poisonjab,dazzlinggleam,aquastep|Serious|||||88|,,,,,Dragon]|hoopa||shellarmor|bittermalice,crunch,quickattack,originpulse|Serious|||||100|,,,,,Normal	|primarina||terashell|energyball,tailglow|Serious|||||100|,,,,,Fairy]|lycanrocdusk||shellarmor|populationbomb|Serious||F|||50|,,,,,Bug]|lycanrocdusk||shellarmor|populationbomb|Serious||F|||50|,,,,,Bug]|hydrapple||dancer|bodypress,stealthrock,icebeam|Serious|||||100|,,,,,Grass]|hydrapple||dancer|bodypress,stealthrock,icebeam|Serious|||||100|,,,,,Grass]|toxapex||multitype|foulplay,bulletpunch|Serious|||||100|,,,,,Steel	tie;tie;messages 0 1 1	true,false,-	45899,37839,26468,22954	rs=- ended=1 winner=- turn=0 mid=1 left=4,6 fl=0,0 active=0,1,6,7 party=0,1,2,3;6,7,8,9,10,11 speeds=93,70,384,176,156,130,130,124,124,106 orders=0.0,1.0,0.0,0.0,2.0,3.0,0.0,0.0,0.0,0.0 so=1,3,0,2 mons=0.274.0.0.1.0.0.0.0.0.1.0 1.160.0.0.1.0.0.0.1.0.1.0 2.266.0.0.0.0.0.0.2.0.1.0 3.301.0.0.0.0.0.0.3.0.1.0 6.301.0.0.1.0.0.0.0.0.1.0 7.150.0.0.1.0.0.0.1.0.1.0 8.150.0.0.0.0.0.0.2.0.1.0 9.353.0.0.0.0.0.0.3.0.1.0 10.353.0.0.0.0.0.0.4.0.1.0 11.241.0.0.0.0.0.0.5.0.1.0	|~|tie	-:0:4,6
216	1684,12506,35145,61028	|palossand||earlybird|calmmind,scorchingsands,headsmash,leechlife|Serious|||||88|,,,,,Normal]|eelektross||shellarmor|trickroom|Serious|||||50|,,,,,Fire]|regieleki||shellarmor|bodyslam,poisonjab,dazzlinggleam,aquastep|Serious|||||88|,,,,,Dragon]|hoopa||shellarmor|bittermalice,crunch,quickattack,originpulse|Serious|||||100|,,,,,Normal	|primarina||terashell|energyball,tailglow|Serious|||||100|,,,,,Fairy]|lycanrocdusk||shellarmor|populationbomb|Serious||F|||50|,,,,,Bug]|lycanrocdusk||shellarmor|populationbomb|Serious||F|||50|,,,,,Bug]|hydrapple||dancer|bodypress,stealthrock,icebeam|Serious|||||100|,,,,,Grass]|hydrapple||dancer|bodypress,stealthrock,icebeam|Serious|||||100|,,,,,Grass]|toxapex||multitype|foulplay,bulletpunch|Serious|||||100|,,,,,Steel	lose 0;lose 1	true,false	45899,37839,26468,22954	rs=- ended=1 winner=B turn=0 mid=1 left=4,6 fl=0,0 active=0,1,6,7 party=0,1,2,3;6,7,8,9,10,11 speeds=93,70,384,176,156,130,130,124,124,106 orders=0.0,1.0,0.0,0.0,2.0,3.0,0.0,0.0,0.0,0.0 so=1,3,0,2 mons=0.274.0.0.1.0.0.0.0.0.1.0 1.160.0.0.1.0.0.0.1.0.1.0 2.266.0.0.0.0.0.0.2.0.1.0 3.301.0.0.0.0.0.0.3.0.1.0 6.301.0.0.1.0.0.0.0.0.1.0 7.150.0.0.1.0.0.0.1.0.1.0 8.150.0.0.0.0.0.0.2.0.1.0 9.353.0.0.0.0.0.0.3.0.1.0 10.353.0.0.0.0.0.0.4.0.1.0 11.241.0.0.0.0.0.0.5.0.1.0	|~|win|B	1:0:4,6
217	1684,12506,35145,61028	|palossand||earlybird|calmmind,scorchingsands,headsmash,leechlife|Serious|||||88|,,,,,Normal]|eelektross||shellarmor|trickroom|Serious|||||50|,,,,,Fire]|regieleki||shellarmor|bodyslam,poisonjab,dazzlinggleam,aquastep|Serious|||||88|,,,,,Dragon]|hoopa||shellarmor|bittermalice,crunch,quickattack,originpulse|Serious|||||100|,,,,,Normal	|primarina||terashell|energyball,tailglow|Serious|||||100|,,,,,Fairy]|lycanrocdusk||shellarmor|populationbomb|Serious||F|||50|,,,,,Bug]|lycanrocdusk||shellarmor|populationbomb|Serious||F|||50|,,,,,Bug]|hydrapple||dancer|bodypress,stealthrock,icebeam|Serious|||||100|,,,,,Grass]|hydrapple||dancer|bodypress,stealthrock,icebeam|Serious|||||100|,,,,,Grass]|toxapex||multitype|foulplay,bulletpunch|Serious|||||100|,,,,,Steel	tiebreak	true	45899,37839,26468,22954	rs=- ended=1 winner=B turn=0 mid=1 left=4,6 fl=0,0 active=0,1,6,7 party=0,1,2,3;6,7,8,9,10,11 speeds=93,70,384,176,156,130,130,124,124,106 orders=0.0,1.0,0.0,0.0,2.0,3.0,0.0,0.0,0.0,0.0 so=1,3,0,2 mons=0.274.0.0.1.0.0.0.0.0.1.0 1.160.0.0.1.0.0.0.1.0.1.0 2.266.0.0.0.0.0.0.2.0.1.0 3.301.0.0.0.0.0.0.3.0.1.0 6.301.0.0.1.0.0.0.0.0.1.0 7.150.0.0.1.0.0.0.1.0.1.0 8.150.0.0.0.0.0.0.2.0.1.0 9.353.0.0.0.0.0.0.3.0.1.0 10.353.0.0.0.0.0.0.4.0.1.0 11.241.0.0.0.0.0.0.5.0.1.0	|message|Time's up! Going to tiebreaker...~|-message|A: 4 Pokemon left; B: 6 Pokemon left~|~|win|B	1:0:4,6
218	1684,12506,35145,61028	|palossand||earlybird|calmmind,scorchingsands,headsmash,leechlife|Serious|||||88|,,,,,Normal]|eelektross||shellarmor|trickroom|Serious|||||50|,,,,,Fire]|regieleki||shellarmor|bodyslam,poisonjab,dazzlinggleam,aquastep|Serious|||||88|,,,,,Dragon]|hoopa||shellarmor|bittermalice,crunch,quickattack,originpulse|Serious|||||100|,,,,,Normal	|primarina||terashell|energyball,tailglow|Serious|||||100|,,,,,Fairy]|lycanrocdusk||shellarmor|populationbomb|Serious||F|||50|,,,,,Bug]|lycanrocdusk||shellarmor|populationbomb|Serious||F|||50|,,,,,Bug]|hydrapple||dancer|bodypress,stealthrock,icebeam|Serious|||||100|,,,,,Grass]|hydrapple||dancer|bodypress,stealthrock,icebeam|Serious|||||100|,,,,,Grass]|toxapex||multitype|foulplay,bulletpunch|Serious|||||100|,,,,,Steel	fraction 0 0.5;fraction 1 0.25;tiebreak	-,-,true	45899,37839,26468,22954	rs=- ended=1 winner=B turn=0 mid=1 left=4,6 fl=0,0 active=0,1,6,7 party=0,1,2,3;6,7,8,9,10,11 speeds=93,70,384,176,156,130,130,124,124,106 orders=0.0,1.0,0.0,0.0,2.0,3.0,0.0,0.0,0.0,0.0 so=1,3,0,2 mons=0.137.0.0.1.0.0.0.0.0.1.0 1.80.0.0.1.0.0.0.1.0.1.0 2.133.0.0.0.0.0.0.2.0.1.0 3.150.0.0.0.0.0.0.3.0.1.0 6.75.0.0.1.0.0.0.0.0.1.0 7.37.0.0.1.0.0.0.1.0.1.0 8.37.0.0.0.0.0.0.2.0.1.0 9.88.0.0.0.0.0.0.3.0.1.0 10.88.0.0.0.0.0.0.4.0.1.0 11.60.0.0.0.0.0.0.5.0.1.0	|message|Time's up! Going to tiebreaker...~|-message|A: 4 Pokemon left; B: 6 Pokemon left~|~|win|B	1:0:4,6
219	1684,12506,35145,61028	|palossand||earlybird|calmmind,scorchingsands,headsmash,leechlife|Serious|||||88|,,,,,Normal]|eelektross||shellarmor|trickroom|Serious|||||50|,,,,,Fire]|regieleki||shellarmor|bodyslam,poisonjab,dazzlinggleam,aquastep|Serious|||||88|,,,,,Dragon]|hoopa||shellarmor|bittermalice,crunch,quickattack,originpulse|Serious|||||100|,,,,,Normal	|primarina||terashell|energyball,tailglow|Serious|||||100|,,,,,Fairy]|lycanrocdusk||shellarmor|populationbomb|Serious||F|||50|,,,,,Bug]|lycanrocdusk||shellarmor|populationbomb|Serious||F|||50|,,,,,Bug]|hydrapple||dancer|bodypress,stealthrock,icebeam|Serious|||||100|,,,,,Grass]|hydrapple||dancer|bodypress,stealthrock,icebeam|Serious|||||100|,,,,,Grass]|toxapex||multitype|foulplay,bulletpunch|Serious|||||100|,,,,,Steel	faint 0;messages 0 0 0;tiebreak	-,false,true	45899,37839,26468,22954	rs=- ended=1 winner=B turn=0 mid=1 left=3,6 fl=1,0 active=0,1,6,7 party=0,1,2,3;6,7,8,9,10,11 speeds=93,70,384,176,156,130,130,124,124,106 orders=0.0,1.0,0.0,0.0,2.0,3.0,0.0,0.0,0.0,0.0 so=1,3,0,2 mons=0.0.1.1.0.0.0.0.0.0.1.0 1.160.0.0.1.0.0.0.1.0.1.0 2.266.0.0.0.0.0.0.2.0.1.0 3.301.0.0.0.0.0.0.3.0.1.0 6.301.0.0.1.0.0.0.0.0.1.0 7.150.0.0.1.0.0.0.1.0.1.0 8.150.0.0.0.0.0.0.2.0.1.0 9.353.0.0.0.0.0.0.3.0.1.0 10.353.0.0.0.0.0.0.4.0.1.0 11.241.0.0.0.0.0.0.5.0.1.0	|faint|p1a: Palossand~|message|Time's up! Going to tiebreaker...~|-message|A: 3 Pokemon left; B: 6 Pokemon left~|~|win|B	1:0:3,6
220	1684,12506,35145,61028	|palossand||earlybird|calmmind,scorchingsands,headsmash,leechlife|Serious|||||88|,,,,,Normal]|eelektross||shellarmor|trickroom|Serious|||||50|,,,,,Fire]|regieleki||shellarmor|bodyslam,poisonjab,dazzlinggleam,aquastep|Serious|||||88|,,,,,Dragon]|hoopa||shellarmor|bittermalice,crunch,quickattack,originpulse|Serious|||||100|,,,,,Normal	|primarina||terashell|energyball,tailglow|Serious|||||100|,,,,,Fairy]|lycanrocdusk||shellarmor|populationbomb|Serious||F|||50|,,,,,Bug]|lycanrocdusk||shellarmor|populationbomb|Serious||F|||50|,,,,,Bug]|hydrapple||dancer|bodypress,stealthrock,icebeam|Serious|||||100|,,,,,Grass]|hydrapple||dancer|bodypress,stealthrock,icebeam|Serious|||||100|,,,,,Grass]|toxapex||multitype|foulplay,bulletpunch|Serious|||||100|,,,,,Steel	left 0;left 1;messages 0 1 1	-,-,true	45899,37839,26468,22954	rs=- ended=1 winner=- turn=0 mid=1 left=0,0 fl=0,0 active=0,1,6,7 party=0,1,2,3;6,7,8,9,10,11 speeds=93,70,384,176,156,130,130,124,124,106 orders=0.0,1.0,0.0,0.0,2.0,3.0,0.0,0.0,0.0,0.0 so=1,3,0,2 mons=0.274.0.0.1.0.0.0.0.0.1.0 1.160.0.0.1.0.0.0.1.0.1.0 2.266.0.0.0.0.0.0.2.0.1.0 3.301.0.0.0.0.0.0.3.0.1.0 6.301.0.0.1.0.0.0.0.0.1.0 7.150.0.0.1.0.0.0.1.0.1.0 8.150.0.0.0.0.0.0.2.0.1.0 9.353.0.0.0.0.0.0.3.0.1.0 10.353.0.0.0.0.0.0.4.0.1.0 11.241.0.0.0.0.0.0.5.0.1.0	|~|tie	-:0:0,0
221	1684,12506,35145,61028	|palossand||earlybird|calmmind,scorchingsands,headsmash,leechlife|Serious|||||88|,,,,,Normal]|eelektross||shellarmor|trickroom|Serious|||||50|,,,,,Fire]|regieleki||shellarmor|bodyslam,poisonjab,dazzlinggleam,aquastep|Serious|||||88|,,,,,Dragon]|hoopa||shellarmor|bittermalice,crunch,quickattack,originpulse|Serious|||||100|,,,,,Normal	|primarina||terashell|energyball,tailglow|Serious|||||100|,,,,,Fairy]|lycanrocdusk||shellarmor|populationbomb|Serious||F|||50|,,,,,Bug]|lycanrocdusk||shellarmor|populationbomb|Serious||F|||50|,,,,,Bug]|hydrapple||dancer|bodypress,stealthrock,icebeam|Serious|||||100|,,,,,Grass]|hydrapple||dancer|bodypress,stealthrock,icebeam|Serious|||||100|,,,,,Grass]|toxapex||multitype|foulplay,bulletpunch|Serious|||||100|,,,,,Steel	limit 100	false	45899,37839,26468,22954	rs=- ended=0 winner=- turn=100 mid=1 left=4,6 fl=0,0 active=0,1,6,7 party=0,1,2,3;6,7,8,9,10,11 speeds=93,70,384,176,156,130,130,124,124,106 orders=0.0,1.0,0.0,0.0,2.0,3.0,0.0,0.0,0.0,0.0 so=1,3,0,2 mons=0.274.0.0.1.0.0.0.0.0.1.0 1.160.0.0.1.0.0.0.1.0.1.0 2.266.0.0.0.0.0.0.2.0.1.0 3.301.0.0.0.0.0.0.3.0.1.0 6.301.0.0.1.0.0.0.0.0.1.0 7.150.0.0.1.0.0.0.1.0.1.0 8.150.0.0.0.0.0.0.2.0.1.0 9.353.0.0.0.0.0.0.3.0.1.0 10.353.0.0.0.0.0.0.4.0.1.0 11.241.0.0.0.0.0.0.5.0.1.0		-
222	1684,12506,35145,61028	|palossand||earlybird|calmmind,scorchingsands,headsmash,leechlife|Serious|||||88|,,,,,Normal]|eelektross||shellarmor|trickroom|Serious|||||50|,,,,,Fire]|regieleki||shellarmor|bodyslam,poisonjab,dazzlinggleam,aquastep|Serious|||||88|,,,,,Dragon]|hoopa||shellarmor|bittermalice,crunch,quickattack,originpulse|Serious|||||100|,,,,,Normal	|primarina||terashell|energyball,tailglow|Serious|||||100|,,,,,Fairy]|lycanrocdusk||shellarmor|populationbomb|Serious||F|||50|,,,,,Bug]|lycanrocdusk||shellarmor|populationbomb|Serious||F|||50|,,,,,Bug]|hydrapple||dancer|bodypress,stealthrock,icebeam|Serious|||||100|,,,,,Grass]|hydrapple||dancer|bodypress,stealthrock,icebeam|Serious|||||100|,,,,,Grass]|toxapex||multitype|foulplay,bulletpunch|Serious|||||100|,,,,,Steel	limit 101	false	45899,37839,26468,22954	rs=- ended=0 winner=- turn=101 mid=1 left=4,6 fl=0,0 active=0,1,6,7 party=0,1,2,3;6,7,8,9,10,11 speeds=93,70,384,176,156,130,130,124,124,106 orders=0.0,1.0,0.0,0.0,2.0,3.0,0.0,0.0,0.0,0.0 so=1,3,0,2 mons=0.274.0.0.1.0.0.0.0.0.1.0 1.160.0.0.1.0.0.0.1.0.1.0 2.266.0.0.0.0.0.0.2.0.1.0 3.301.0.0.0.0.0.0.3.0.1.0 6.301.0.0.1.0.0.0.0.0.1.0 7.150.0.0.1.0.0.0.1.0.1.0 8.150.0.0.0.0.0.0.2.0.1.0 9.353.0.0.0.0.0.0.3.0.1.0 10.353.0.0.0.0.0.0.4.0.1.0 11.241.0.0.0.0.0.0.5.0.1.0		-
223	1684,12506,35145,61028	|palossand||earlybird|calmmind,scorchingsands,headsmash,leechlife|Serious|||||88|,,,,,Normal]|eelektross||shellarmor|trickroom|Serious|||||50|,,,,,Fire]|regieleki||shellarmor|bodyslam,poisonjab,dazzlinggleam,aquastep|Serious|||||88|,,,,,Dragon]|hoopa||shellarmor|bittermalice,crunch,quickattack,originpulse|Serious|||||100|,,,,,Normal	|primarina||terashell|energyball,tailglow|Serious|||||100|,,,,,Fairy]|lycanrocdusk||shellarmor|populationbomb|Serious||F|||50|,,,,,Bug]|lycanrocdusk||shellarmor|populationbomb|Serious||F|||50|,,,,,Bug]|hydrapple||dancer|bodypress,stealthrock,icebeam|Serious|||||100|,,,,,Grass]|hydrapple||dancer|bodypress,stealthrock,icebeam|Serious|||||100|,,,,,Grass]|toxapex||multitype|foulplay,bulletpunch|Serious|||||100|,,,,,Steel	limit 499	false	45899,37839,26468,22954	rs=- ended=0 winner=- turn=499 mid=1 left=4,6 fl=0,0 active=0,1,6,7 party=0,1,2,3;6,7,8,9,10,11 speeds=93,70,384,176,156,130,130,124,124,106 orders=0.0,1.0,0.0,0.0,2.0,3.0,0.0,0.0,0.0,0.0 so=1,3,0,2 mons=0.274.0.0.1.0.0.0.0.0.1.0 1.160.0.0.1.0.0.0.1.0.1.0 2.266.0.0.0.0.0.0.2.0.1.0 3.301.0.0.0.0.0.0.3.0.1.0 6.301.0.0.1.0.0.0.0.0.1.0 7.150.0.0.1.0.0.0.1.0.1.0 8.150.0.0.0.0.0.0.2.0.1.0 9.353.0.0.0.0.0.0.3.0.1.0 10.353.0.0.0.0.0.0.4.0.1.0 11.241.0.0.0.0.0.0.5.0.1.0		-
224	1684,12506,35145,61028	|palossand||earlybird|calmmind,scorchingsands,headsmash,leechlife|Serious|||||88|,,,,,Normal]|eelektross||shellarmor|trickroom|Serious|||||50|,,,,,Fire]|regieleki||shellarmor|bodyslam,poisonjab,dazzlinggleam,aquastep|Serious|||||88|,,,,,Dragon]|hoopa||shellarmor|bittermalice,crunch,quickattack,originpulse|Serious|||||100|,,,,,Normal	|primarina||terashell|energyball,tailglow|Serious|||||100|,,,,,Fairy]|lycanrocdusk||shellarmor|populationbomb|Serious||F|||50|,,,,,Bug]|lycanrocdusk||shellarmor|populationbomb|Serious||F|||50|,,,,,Bug]|hydrapple||dancer|bodypress,stealthrock,icebeam|Serious|||||100|,,,,,Grass]|hydrapple||dancer|bodypress,stealthrock,icebeam|Serious|||||100|,,,,,Grass]|toxapex||multitype|foulplay,bulletpunch|Serious|||||100|,,,,,Steel	limit 500	false	45899,37839,26468,22954	rs=- ended=0 winner=- turn=500 mid=1 left=4,6 fl=0,0 active=0,1,6,7 party=0,1,2,3;6,7,8,9,10,11 speeds=93,70,384,176,156,130,130,124,124,106 orders=0.0,1.0,0.0,0.0,2.0,3.0,0.0,0.0,0.0,0.0 so=1,3,0,2 mons=0.274.0.0.1.0.0.0.0.0.1.0 1.160.0.0.1.0.0.0.1.0.1.0 2.266.0.0.0.0.0.0.2.0.1.0 3.301.0.0.0.0.0.0.3.0.1.0 6.301.0.0.1.0.0.0.0.0.1.0 7.150.0.0.1.0.0.0.1.0.1.0 8.150.0.0.0.0.0.0.2.0.1.0 9.353.0.0.0.0.0.0.3.0.1.0 10.353.0.0.0.0.0.0.4.0.1.0 11.241.0.0.0.0.0.0.5.0.1.0	|bigerror|You will auto-tie if the battle doesn't end in 500 turns (on turn 1000).	-
225	1684,12506,35145,61028	|palossand||earlybird|calmmind,scorchingsands,headsmash,leechlife|Serious|||||88|,,,,,Normal]|eelektross||shellarmor|trickroom|Serious|||||50|,,,,,Fire]|regieleki||shellarmor|bodyslam,poisonjab,dazzlinggleam,aquastep|Serious|||||88|,,,,,Dragon]|hoopa||shellarmor|bittermalice,crunch,quickattack,originpulse|Serious|||||100|,,,,,Normal	|primarina||terashell|energyball,tailglow|Serious|||||100|,,,,,Fairy]|lycanrocdusk||shellarmor|populationbomb|Serious||F|||50|,,,,,Bug]|lycanrocdusk||shellarmor|populationbomb|Serious||F|||50|,,,,,Bug]|hydrapple||dancer|bodypress,stealthrock,icebeam|Serious|||||100|,,,,,Grass]|hydrapple||dancer|bodypress,stealthrock,icebeam|Serious|||||100|,,,,,Grass]|toxapex||multitype|foulplay,bulletpunch|Serious|||||100|,,,,,Steel	limit 899	false	45899,37839,26468,22954	rs=- ended=0 winner=- turn=899 mid=1 left=4,6 fl=0,0 active=0,1,6,7 party=0,1,2,3;6,7,8,9,10,11 speeds=93,70,384,176,156,130,130,124,124,106 orders=0.0,1.0,0.0,0.0,2.0,3.0,0.0,0.0,0.0,0.0 so=1,3,0,2 mons=0.274.0.0.1.0.0.0.0.0.1.0 1.160.0.0.1.0.0.0.1.0.1.0 2.266.0.0.0.0.0.0.2.0.1.0 3.301.0.0.0.0.0.0.3.0.1.0 6.301.0.0.1.0.0.0.0.0.1.0 7.150.0.0.1.0.0.0.1.0.1.0 8.150.0.0.0.0.0.0.2.0.1.0 9.353.0.0.0.0.0.0.3.0.1.0 10.353.0.0.0.0.0.0.4.0.1.0 11.241.0.0.0.0.0.0.5.0.1.0		-
226	1684,12506,35145,61028	|palossand||earlybird|calmmind,scorchingsands,headsmash,leechlife|Serious|||||88|,,,,,Normal]|eelektross||shellarmor|trickroom|Serious|||||50|,,,,,Fire]|regieleki||shellarmor|bodyslam,poisonjab,dazzlinggleam,aquastep|Serious|||||88|,,,,,Dragon]|hoopa||shellarmor|bittermalice,crunch,quickattack,originpulse|Serious|||||100|,,,,,Normal	|primarina||terashell|energyball,tailglow|Serious|||||100|,,,,,Fairy]|lycanrocdusk||shellarmor|populationbomb|Serious||F|||50|,,,,,Bug]|lycanrocdusk||shellarmor|populationbomb|Serious||F|||50|,,,,,Bug]|hydrapple||dancer|bodypress,stealthrock,icebeam|Serious|||||100|,,,,,Grass]|hydrapple||dancer|bodypress,stealthrock,icebeam|Serious|||||100|,,,,,Grass]|toxapex||multitype|foulplay,bulletpunch|Serious|||||100|,,,,,Steel	limit 900	false	45899,37839,26468,22954	rs=- ended=0 winner=- turn=900 mid=1 left=4,6 fl=0,0 active=0,1,6,7 party=0,1,2,3;6,7,8,9,10,11 speeds=93,70,384,176,156,130,130,124,124,106 orders=0.0,1.0,0.0,0.0,2.0,3.0,0.0,0.0,0.0,0.0 so=1,3,0,2 mons=0.274.0.0.1.0.0.0.0.0.1.0 1.160.0.0.1.0.0.0.1.0.1.0 2.266.0.0.0.0.0.0.2.0.1.0 3.301.0.0.0.0.0.0.3.0.1.0 6.301.0.0.1.0.0.0.0.0.1.0 7.150.0.0.1.0.0.0.1.0.1.0 8.150.0.0.0.0.0.0.2.0.1.0 9.353.0.0.0.0.0.0.3.0.1.0 10.353.0.0.0.0.0.0.4.0.1.0 11.241.0.0.0.0.0.0.5.0.1.0	|bigerror|You will auto-tie if the battle doesn't end in 100 turns (on turn 1000).	-
227	1684,12506,35145,61028	|palossand||earlybird|calmmind,scorchingsands,headsmash,leechlife|Serious|||||88|,,,,,Normal]|eelektross||shellarmor|trickroom|Serious|||||50|,,,,,Fire]|regieleki||shellarmor|bodyslam,poisonjab,dazzlinggleam,aquastep|Serious|||||88|,,,,,Dragon]|hoopa||shellarmor|bittermalice,crunch,quickattack,originpulse|Serious|||||100|,,,,,Normal	|primarina||terashell|energyball,tailglow|Serious|||||100|,,,,,Fairy]|lycanrocdusk||shellarmor|populationbomb|Serious||F|||50|,,,,,Bug]|lycanrocdusk||shellarmor|populationbomb|Serious||F|||50|,,,,,Bug]|hydrapple||dancer|bodypress,stealthrock,icebeam|Serious|||||100|,,,,,Grass]|hydrapple||dancer|bodypress,stealthrock,icebeam|Serious|||||100|,,,,,Grass]|toxapex||multitype|foulplay,bulletpunch|Serious|||||100|,,,,,Steel	limit 989	false	45899,37839,26468,22954	rs=- ended=0 winner=- turn=989 mid=1 left=4,6 fl=0,0 active=0,1,6,7 party=0,1,2,3;6,7,8,9,10,11 speeds=93,70,384,176,156,130,130,124,124,106 orders=0.0,1.0,0.0,0.0,2.0,3.0,0.0,0.0,0.0,0.0 so=1,3,0,2 mons=0.274.0.0.1.0.0.0.0.0.1.0 1.160.0.0.1.0.0.0.1.0.1.0 2.266.0.0.0.0.0.0.2.0.1.0 3.301.0.0.0.0.0.0.3.0.1.0 6.301.0.0.1.0.0.0.0.0.1.0 7.150.0.0.1.0.0.0.1.0.1.0 8.150.0.0.0.0.0.0.2.0.1.0 9.353.0.0.0.0.0.0.3.0.1.0 10.353.0.0.0.0.0.0.4.0.1.0 11.241.0.0.0.0.0.0.5.0.1.0		-
228	1684,12506,35145,61028	|palossand||earlybird|calmmind,scorchingsands,headsmash,leechlife|Serious|||||88|,,,,,Normal]|eelektross||shellarmor|trickroom|Serious|||||50|,,,,,Fire]|regieleki||shellarmor|bodyslam,poisonjab,dazzlinggleam,aquastep|Serious|||||88|,,,,,Dragon]|hoopa||shellarmor|bittermalice,crunch,quickattack,originpulse|Serious|||||100|,,,,,Normal	|primarina||terashell|energyball,tailglow|Serious|||||100|,,,,,Fairy]|lycanrocdusk||shellarmor|populationbomb|Serious||F|||50|,,,,,Bug]|lycanrocdusk||shellarmor|populationbomb|Serious||F|||50|,,,,,Bug]|hydrapple||dancer|bodypress,stealthrock,icebeam|Serious|||||100|,,,,,Grass]|hydrapple||dancer|bodypress,stealthrock,icebeam|Serious|||||100|,,,,,Grass]|toxapex||multitype|foulplay,bulletpunch|Serious|||||100|,,,,,Steel	limit 990	false	45899,37839,26468,22954	rs=- ended=0 winner=- turn=990 mid=1 left=4,6 fl=0,0 active=0,1,6,7 party=0,1,2,3;6,7,8,9,10,11 speeds=93,70,384,176,156,130,130,124,124,106 orders=0.0,1.0,0.0,0.0,2.0,3.0,0.0,0.0,0.0,0.0 so=1,3,0,2 mons=0.274.0.0.1.0.0.0.0.0.1.0 1.160.0.0.1.0.0.0.1.0.1.0 2.266.0.0.0.0.0.0.2.0.1.0 3.301.0.0.0.0.0.0.3.0.1.0 6.301.0.0.1.0.0.0.0.0.1.0 7.150.0.0.1.0.0.0.1.0.1.0 8.150.0.0.0.0.0.0.2.0.1.0 9.353.0.0.0.0.0.0.3.0.1.0 10.353.0.0.0.0.0.0.4.0.1.0 11.241.0.0.0.0.0.0.5.0.1.0	|bigerror|You will auto-tie if the battle doesn't end in 10 turns (on turn 1000).	-
229	1684,12506,35145,61028	|palossand||earlybird|calmmind,scorchingsands,headsmash,leechlife|Serious|||||88|,,,,,Normal]|eelektross||shellarmor|trickroom|Serious|||||50|,,,,,Fire]|regieleki||shellarmor|bodyslam,poisonjab,dazzlinggleam,aquastep|Serious|||||88|,,,,,Dragon]|hoopa||shellarmor|bittermalice,crunch,quickattack,originpulse|Serious|||||100|,,,,,Normal	|primarina||terashell|energyball,tailglow|Serious|||||100|,,,,,Fairy]|lycanrocdusk||shellarmor|populationbomb|Serious||F|||50|,,,,,Bug]|lycanrocdusk||shellarmor|populationbomb|Serious||F|||50|,,,,,Bug]|hydrapple||dancer|bodypress,stealthrock,icebeam|Serious|||||100|,,,,,Grass]|hydrapple||dancer|bodypress,stealthrock,icebeam|Serious|||||100|,,,,,Grass]|toxapex||multitype|foulplay,bulletpunch|Serious|||||100|,,,,,Steel	limit 999	false	45899,37839,26468,22954	rs=- ended=0 winner=- turn=999 mid=1 left=4,6 fl=0,0 active=0,1,6,7 party=0,1,2,3;6,7,8,9,10,11 speeds=93,70,384,176,156,130,130,124,124,106 orders=0.0,1.0,0.0,0.0,2.0,3.0,0.0,0.0,0.0,0.0 so=1,3,0,2 mons=0.274.0.0.1.0.0.0.0.0.1.0 1.160.0.0.1.0.0.0.1.0.1.0 2.266.0.0.0.0.0.0.2.0.1.0 3.301.0.0.0.0.0.0.3.0.1.0 6.301.0.0.1.0.0.0.0.0.1.0 7.150.0.0.1.0.0.0.1.0.1.0 8.150.0.0.0.0.0.0.2.0.1.0 9.353.0.0.0.0.0.0.3.0.1.0 10.353.0.0.0.0.0.0.4.0.1.0 11.241.0.0.0.0.0.0.5.0.1.0	|bigerror|You will auto-tie if the battle doesn't end in 1 turn (on turn 1000).	-
230	1684,12506,35145,61028	|palossand||earlybird|calmmind,scorchingsands,headsmash,leechlife|Serious|||||88|,,,,,Normal]|eelektross||shellarmor|trickroom|Serious|||||50|,,,,,Fire]|regieleki||shellarmor|bodyslam,poisonjab,dazzlinggleam,aquastep|Serious|||||88|,,,,,Dragon]|hoopa||shellarmor|bittermalice,crunch,quickattack,originpulse|Serious|||||100|,,,,,Normal	|primarina||terashell|energyball,tailglow|Serious|||||100|,,,,,Fairy]|lycanrocdusk||shellarmor|populationbomb|Serious||F|||50|,,,,,Bug]|lycanrocdusk||shellarmor|populationbomb|Serious||F|||50|,,,,,Bug]|hydrapple||dancer|bodypress,stealthrock,icebeam|Serious|||||100|,,,,,Grass]|hydrapple||dancer|bodypress,stealthrock,icebeam|Serious|||||100|,,,,,Grass]|toxapex||multitype|foulplay,bulletpunch|Serious|||||100|,,,,,Steel	limit 1000	false	45899,37839,26468,22954	rs=- ended=0 winner=- turn=1000 mid=1 left=4,6 fl=0,0 active=0,1,6,7 party=0,1,2,3;6,7,8,9,10,11 speeds=93,70,384,176,156,130,130,124,124,106 orders=0.0,1.0,0.0,0.0,2.0,3.0,0.0,0.0,0.0,0.0 so=1,3,0,2 mons=0.274.0.0.1.0.0.0.0.0.1.0 1.160.0.0.1.0.0.0.1.0.1.0 2.266.0.0.0.0.0.0.2.0.1.0 3.301.0.0.0.0.0.0.3.0.1.0 6.301.0.0.1.0.0.0.0.0.1.0 7.150.0.0.1.0.0.0.1.0.1.0 8.150.0.0.0.0.0.0.2.0.1.0 9.353.0.0.0.0.0.0.3.0.1.0 10.353.0.0.0.0.0.0.4.0.1.0 11.241.0.0.0.0.0.0.5.0.1.0	|bigerror|You will auto-tie if the battle doesn't end in 0 turns (on turn 1000).	-
231	1684,12506,35145,61028	|palossand||earlybird|calmmind,scorchingsands,headsmash,leechlife|Serious|||||88|,,,,,Normal]|eelektross||shellarmor|trickroom|Serious|||||50|,,,,,Fire]|regieleki||shellarmor|bodyslam,poisonjab,dazzlinggleam,aquastep|Serious|||||88|,,,,,Dragon]|hoopa||shellarmor|bittermalice,crunch,quickattack,originpulse|Serious|||||100|,,,,,Normal	|primarina||terashell|energyball,tailglow|Serious|||||100|,,,,,Fairy]|lycanrocdusk||shellarmor|populationbomb|Serious||F|||50|,,,,,Bug]|lycanrocdusk||shellarmor|populationbomb|Serious||F|||50|,,,,,Bug]|hydrapple||dancer|bodypress,stealthrock,icebeam|Serious|||||100|,,,,,Grass]|hydrapple||dancer|bodypress,stealthrock,icebeam|Serious|||||100|,,,,,Grass]|toxapex||multitype|foulplay,bulletpunch|Serious|||||100|,,,,,Steel	limit 1001	true	45899,37839,26468,22954	rs=- ended=1 winner=- turn=1001 mid=1 left=4,6 fl=0,0 active=0,1,6,7 party=0,1,2,3;6,7,8,9,10,11 speeds=93,70,384,176,156,130,130,124,124,106 orders=0.0,1.0,0.0,0.0,2.0,3.0,0.0,0.0,0.0,0.0 so=1,3,0,2 mons=0.274.0.0.1.0.0.0.0.0.1.0 1.160.0.0.1.0.0.0.1.0.1.0 2.266.0.0.0.0.0.0.2.0.1.0 3.301.0.0.0.0.0.0.3.0.1.0 6.301.0.0.1.0.0.0.0.0.1.0 7.150.0.0.1.0.0.0.1.0.1.0 8.150.0.0.0.0.0.0.2.0.1.0 9.353.0.0.0.0.0.0.3.0.1.0 10.353.0.0.0.0.0.0.4.0.1.0 11.241.0.0.0.0.0.0.5.0.1.0	|message|It is turn 1000. You have hit the turn limit!~|~|tie	-:1001:4,6
232	56448,3979,54577,18002	|toedscruel||terashell|crunch,headsmash,drainpunch,psystrike|Serious|||||50|,,,,,Ice]|miraidon||levitate|nuzzle|Serious|||||100|,,,,,Water]|cinccino||dancer|armorcannon,imprison,aurasphere,thunderwave|Serious|||||88|,,,,,Steel]|hawlucha||terashell|shadowsneak,mysticalpower|Serious||M|||100|,,,,,Stellar]|cinccino||dancer|armorcannon,imprison,aurasphere,thunderwave|Serious|||||88|,,,,,Steel]|skuntank||multitype|dragonpulse,precipiceblades|Serious|||||100|,,,,,Steel	|vivillonhighplains||dancer|megahorn|Serious|||||50|,,,,,Fire]|toxapex||multitype|tailwind,tailslap|Serious|||||90|,,,,,Fighting]|leavanny||earlybird|triplearrows,doubleedge|Serious|||||90|,,,,,Stellar]|mesprit||earlybird|nightshade,scald,moongeistbeam|Serious||F|||100|,,,,,Poison]|magmortar||levitate|electroweb,bloodmoon,acidspray|Serious||M|||50|,,,,,Electric]|leavanny||earlybird|triplearrows,doubleedge|Serious|||||90|,,,,,Stellar	wipe 0;messages 0 0 1	-,true	25837,58007,41894,43002	rs=- ended=1 winner=B turn=0 mid=1 left=0,6 fl=6,0 active=0,1,6,7 party=0,1,2,3,4,5;6,7,8,9,10,11 speeds=120,306,234,272,234,204,109,95,198,196,103,198 orders=0.0,1.0,0.0,0.0,0.0,0.0,2.0,3.0,0.0,0.0,0.0,0.0 so=2,0,1,3 mons=0.0.1.1.0.0.0.0.0.0.1.0 1.0.1.1.0.0.0.0.1.0.1.0 2.0.1.1.0.0.0.0.2.0.1.0 3.0.1.1.0.0.0.0.3.0.1.0 4.0.1.1.0.0.0.0.4.0.1.0 5.0.1.1.0.0.0.0.5.0.1.0 6.155.0.0.1.0.0.0.0.0.1.0 7.217.0.0.1.0.0.0.1.0.1.0 8.262.0.0.0.0.0.0.2.0.1.0 9.301.0.0.0.0.0.0.3.0.1.0 10.150.0.0.0.0.0.0.4.0.1.0 11.262.0.0.0.0.0.0.5.0.1.0	|faint|p1a: Toedscruel~|faint|p1b: Miraidon~|faint|p1: Cinccino~|faint|p1: Hawlucha~|faint|p1: Cinccino~|faint|p1: Skuntank~|~|win|B	1:0:0,6
233	56448,3979,54577,18002	|toedscruel||terashell|crunch,headsmash,drainpunch,psystrike|Serious|||||50|,,,,,Ice]|miraidon||levitate|nuzzle|Serious|||||100|,,,,,Water]|cinccino||dancer|armorcannon,imprison,aurasphere,thunderwave|Serious|||||88|,,,,,Steel]|hawlucha||terashell|shadowsneak,mysticalpower|Serious||M|||100|,,,,,Stellar]|cinccino||dancer|armorcannon,imprison,aurasphere,thunderwave|Serious|||||88|,,,,,Steel]|skuntank||multitype|dragonpulse,precipiceblades|Serious|||||100|,,,,,Steel	|vivillonhighplains||dancer|megahorn|Serious|||||50|,,,,,Fire]|toxapex||multitype|tailwind,tailslap|Serious|||||90|,,,,,Fighting]|leavanny||earlybird|triplearrows,doubleedge|Serious|||||90|,,,,,Stellar]|mesprit||earlybird|nightshade,scald,moongeistbeam|Serious||F|||100|,,,,,Poison]|magmortar||levitate|electroweb,bloodmoon,acidspray|Serious||M|||50|,,,,,Electric]|leavanny||earlybird|triplearrows,doubleedge|Serious|||||90|,,,,,Stellar	wipe 1;messages 0 0 1	-,true	25837,58007,41894,43002	rs=- ended=1 winner=A turn=0 mid=1 left=6,0 fl=0,6 active=0,1,6,7 party=0,1,2,3,4,5;6,7,8,9,10,11 speeds=120,306,234,272,234,204,109,95,198,196,103,198 orders=0.0,1.0,0.0,0.0,0.0,0.0,2.0,3.0,0.0,0.0,0.0,0.0 so=2,0,1,3 mons=0.155.0.0.1.0.0.0.0.0.1.0 1.341.0.0.1.0.0.0.1.0.1.0 2.257.0.0.0.0.0.0.2.0.1.0 3.297.0.0.0.0.0.0.3.0.1.0 4.257.0.0.0.0.0.0.4.0.1.0 5.347.0.0.0.0.0.0.5.0.1.0 6.0.1.1.0.0.0.0.0.0.1.0 7.0.1.1.0.0.0.0.1.0.1.0 8.0.1.1.0.0.0.0.2.0.1.0 9.0.1.1.0.0.0.0.3.0.1.0 10.0.1.1.0.0.0.0.4.0.1.0 11.0.1.1.0.0.0.0.5.0.1.0	|faint|p2a: Vivillon~|faint|p2b: Toxapex~|faint|p2: Leavanny~|faint|p2: Mesprit~|faint|p2: Magmortar~|faint|p2: Leavanny~|~|win|A	0:0:6,0
234	56448,3979,54577,18002	|toedscruel||terashell|crunch,headsmash,drainpunch,psystrike|Serious|||||50|,,,,,Ice]|miraidon||levitate|nuzzle|Serious|||||100|,,,,,Water]|cinccino||dancer|armorcannon,imprison,aurasphere,thunderwave|Serious|||||88|,,,,,Steel]|hawlucha||terashell|shadowsneak,mysticalpower|Serious||M|||100|,,,,,Stellar]|cinccino||dancer|armorcannon,imprison,aurasphere,thunderwave|Serious|||||88|,,,,,Steel]|skuntank||multitype|dragonpulse,precipiceblades|Serious|||||100|,,,,,Steel	|vivillonhighplains||dancer|megahorn|Serious|||||50|,,,,,Fire]|toxapex||multitype|tailwind,tailslap|Serious|||||90|,,,,,Fighting]|leavanny||earlybird|triplearrows,doubleedge|Serious|||||90|,,,,,Stellar]|mesprit||earlybird|nightshade,scald,moongeistbeam|Serious||F|||100|,,,,,Poison]|magmortar||levitate|electroweb,bloodmoon,acidspray|Serious||M|||50|,,,,,Electric]|leavanny||earlybird|triplearrows,doubleedge|Serious|||||90|,,,,,Stellar	wipe 0;wipe 1;messages 0 0 1	-,-,true	25837,58007,41894,43002	rs=- ended=1 winner=B turn=0 mid=1 left=0,0 fl=6,6 active=0,1,6,7 party=0,1,2,3,4,5;6,7,8,9,10,11 speeds=120,306,234,272,234,204,109,95,198,196,103,198 orders=0.0,1.0,0.0,0.0,0.0,0.0,2.0,3.0,0.0,0.0,0.0,0.0 so=2,0,1,3 mons=0.0.1.1.0.0.0.0.0.0.1.0 1.0.1.1.0.0.0.0.1.0.1.0 2.0.1.1.0.0.0.0.2.0.1.0 3.0.1.1.0.0.0.0.3.0.1.0 4.0.1.1.0.0.0.0.4.0.1.0 5.0.1.1.0.0.0.0.5.0.1.0 6.0.1.1.0.0.0.0.0.0.1.0 7.0.1.1.0.0.0.0.1.0.1.0 8.0.1.1.0.0.0.0.2.0.1.0 9.0.1.1.0.0.0.0.3.0.1.0 10.0.1.1.0.0.0.0.4.0.1.0 11.0.1.1.0.0.0.0.5.0.1.0	|faint|p1a: Toedscruel~|faint|p1b: Miraidon~|faint|p1: Cinccino~|faint|p1: Hawlucha~|faint|p1: Cinccino~|faint|p1: Skuntank~|faint|p2a: Vivillon~|faint|p2b: Toxapex~|faint|p2: Leavanny~|faint|p2: Mesprit~|faint|p2: Magmortar~|faint|p2: Leavanny~|~|win|B	1:0:0,0
235	56448,3979,54577,18002	|toedscruel||terashell|crunch,headsmash,drainpunch,psystrike|Serious|||||50|,,,,,Ice]|miraidon||levitate|nuzzle|Serious|||||100|,,,,,Water]|cinccino||dancer|armorcannon,imprison,aurasphere,thunderwave|Serious|||||88|,,,,,Steel]|hawlucha||terashell|shadowsneak,mysticalpower|Serious||M|||100|,,,,,Stellar]|cinccino||dancer|armorcannon,imprison,aurasphere,thunderwave|Serious|||||88|,,,,,Steel]|skuntank||multitype|dragonpulse,precipiceblades|Serious|||||100|,,,,,Steel	|vivillonhighplains||dancer|megahorn|Serious|||||50|,,,,,Fire]|toxapex||multitype|tailwind,tailslap|Serious|||||90|,,,,,Fighting]|leavanny||earlybird|triplearrows,doubleedge|Serious|||||90|,,,,,Stellar]|mesprit||earlybird|nightshade,scald,moongeistbeam|Serious||F|||100|,,,,,Poison]|magmortar||levitate|electroweb,bloodmoon,acidspray|Serious||M|||50|,,,,,Electric]|leavanny||earlybird|triplearrows,doubleedge|Serious|||||90|,,,,,Stellar	wipe 1;wipe 0;messages 0 0 1	-,-,true	25837,58007,41894,43002	rs=- ended=1 winner=A turn=0 mid=1 left=0,0 fl=6,6 active=0,1,6,7 party=0,1,2,3,4,5;6,7,8,9,10,11 speeds=120,306,234,272,234,204,109,95,198,196,103,198 orders=0.0,1.0,0.0,0.0,0.0,0.0,2.0,3.0,0.0,0.0,0.0,0.0 so=2,0,1,3 mons=0.0.1.1.0.0.0.0.0.0.1.0 1.0.1.1.0.0.0.0.1.0.1.0 2.0.1.1.0.0.0.0.2.0.1.0 3.0.1.1.0.0.0.0.3.0.1.0 4.0.1.1.0.0.0.0.4.0.1.0 5.0.1.1.0.0.0.0.5.0.1.0 6.0.1.1.0.0.0.0.0.0.1.0 7.0.1.1.0.0.0.0.1.0.1.0 8.0.1.1.0.0.0.0.2.0.1.0 9.0.1.1.0.0.0.0.3.0.1.0 10.0.1.1.0.0.0.0.4.0.1.0 11.0.1.1.0.0.0.0.5.0.1.0	|faint|p2a: Vivillon~|faint|p2b: Toxapex~|faint|p2: Leavanny~|faint|p2: Mesprit~|faint|p2: Magmortar~|faint|p2: Leavanny~|faint|p1a: Toedscruel~|faint|p1b: Miraidon~|faint|p1: Cinccino~|faint|p1: Hawlucha~|faint|p1: Cinccino~|faint|p1: Skuntank~|~|win|A	0:0:0,0
236	56448,3979,54577,18002	|toedscruel||terashell|crunch,headsmash,drainpunch,psystrike|Serious|||||50|,,,,,Ice]|miraidon||levitate|nuzzle|Serious|||||100|,,,,,Water]|cinccino||dancer|armorcannon,imprison,aurasphere,thunderwave|Serious|||||88|,,,,,Steel]|hawlucha||terashell|shadowsneak,mysticalpower|Serious||M|||100|,,,,,Stellar]|cinccino||dancer|armorcannon,imprison,aurasphere,thunderwave|Serious|||||88|,,,,,Steel]|skuntank||multitype|dragonpulse,precipiceblades|Serious|||||100|,,,,,Steel	|vivillonhighplains||dancer|megahorn|Serious|||||50|,,,,,Fire]|toxapex||multitype|tailwind,tailslap|Serious|||||90|,,,,,Fighting]|leavanny||earlybird|triplearrows,doubleedge|Serious|||||90|,,,,,Stellar]|mesprit||earlybird|nightshade,scald,moongeistbeam|Serious||F|||100|,,,,,Poison]|magmortar||levitate|electroweb,bloodmoon,acidspray|Serious||M|||50|,,,,,Electric]|leavanny||earlybird|triplearrows,doubleedge|Serious|||||90|,,,,,Stellar	wipe 0;wipe 1;messages 1 0 1	-,-,true	25837,58007,41894,43002	rs=- ended=1 winner=B turn=0 mid=1 left=0,0 fl=6,6 active=0,1,6,7 party=0,1,2,3,4,5;6,7,8,9,10,11 speeds=120,306,234,272,234,204,109,95,198,196,103,198 orders=0.0,1.0,0.0,0.0,0.0,0.0,2.0,3.0,0.0,0.0,0.0,0.0 so=2,0,1,3 mons=0.0.1.1.0.0.0.0.0.0.1.0 1.0.1.1.0.0.0.0.1.0.1.0 2.0.1.1.0.0.0.0.2.0.1.0 3.0.1.1.0.0.0.0.3.0.1.0 4.0.1.1.0.0.0.0.4.0.1.0 5.0.1.1.0.0.0.0.5.0.1.0 6.0.1.1.0.0.0.0.0.0.1.0 7.0.1.1.0.0.0.0.1.0.1.0 8.0.1.1.0.0.0.0.2.0.1.0 9.0.1.1.0.0.0.0.3.0.1.0 10.0.1.1.0.0.0.0.4.0.1.0 11.0.1.1.0.0.0.0.5.0.1.0	|faint|p2: Leavanny~|faint|p1a: Toedscruel~|faint|p1b: Miraidon~|faint|p1: Cinccino~|faint|p1: Hawlucha~|faint|p1: Cinccino~|faint|p1: Skuntank~|faint|p2a: Vivillon~|faint|p2b: Toxapex~|faint|p2: Leavanny~|faint|p2: Mesprit~|faint|p2: Magmortar~|~|win|B	1:0:0,0
237	56448,3979,54577,18002	|toedscruel||terashell|crunch,headsmash,drainpunch,psystrike|Serious|||||50|,,,,,Ice]|miraidon||levitate|nuzzle|Serious|||||100|,,,,,Water]|cinccino||dancer|armorcannon,imprison,aurasphere,thunderwave|Serious|||||88|,,,,,Steel]|hawlucha||terashell|shadowsneak,mysticalpower|Serious||M|||100|,,,,,Stellar]|cinccino||dancer|armorcannon,imprison,aurasphere,thunderwave|Serious|||||88|,,,,,Steel]|skuntank||multitype|dragonpulse,precipiceblades|Serious|||||100|,,,,,Steel	|vivillonhighplains||dancer|megahorn|Serious|||||50|,,,,,Fire]|toxapex||multitype|tailwind,tailslap|Serious|||||90|,,,,,Fighting]|leavanny||earlybird|triplearrows,doubleedge|Serious|||||90|,,,,,Stellar]|mesprit||earlybird|nightshade,scald,moongeistbeam|Serious||F|||100|,,,,,Poison]|magmortar||levitate|electroweb,bloodmoon,acidspray|Serious||M|||50|,,,,,Electric]|leavanny||earlybird|triplearrows,doubleedge|Serious|||||90|,,,,,Stellar	wipe 1;wipe 0;messages 1 0 1	-,-,true	25837,58007,41894,43002	rs=- ended=1 winner=A turn=0 mid=1 left=0,0 fl=6,6 active=0,1,6,7 party=0,1,2,3,4,5;6,7,8,9,10,11 speeds=120,306,234,272,234,204,109,95,198,196,103,198 orders=0.0,1.0,0.0,0.0,0.0,0.0,2.0,3.0,0.0,0.0,0.0,0.0 so=2,0,1,3 mons=0.0.1.1.0.0.0.0.0.0.1.0 1.0.1.1.0.0.0.0.1.0.1.0 2.0.1.1.0.0.0.0.2.0.1.0 3.0.1.1.0.0.0.0.3.0.1.0 4.0.1.1.0.0.0.0.4.0.1.0 5.0.1.1.0.0.0.0.5.0.1.0 6.0.1.1.0.0.0.0.0.0.1.0 7.0.1.1.0.0.0.0.1.0.1.0 8.0.1.1.0.0.0.0.2.0.1.0 9.0.1.1.0.0.0.0.3.0.1.0 10.0.1.1.0.0.0.0.4.0.1.0 11.0.1.1.0.0.0.0.5.0.1.0	|faint|p1: Skuntank~|faint|p2a: Vivillon~|faint|p2b: Toxapex~|faint|p2: Leavanny~|faint|p2: Mesprit~|faint|p2: Magmortar~|faint|p2: Leavanny~|faint|p1a: Toedscruel~|faint|p1b: Miraidon~|faint|p1: Cinccino~|faint|p1: Hawlucha~|faint|p1: Cinccino~|~|win|A	0:0:0,0
238	56448,3979,54577,18002	|toedscruel||terashell|crunch,headsmash,drainpunch,psystrike|Serious|||||50|,,,,,Ice]|miraidon||levitate|nuzzle|Serious|||||100|,,,,,Water]|cinccino||dancer|armorcannon,imprison,aurasphere,thunderwave|Serious|||||88|,,,,,Steel]|hawlucha||terashell|shadowsneak,mysticalpower|Serious||M|||100|,,,,,Stellar]|cinccino||dancer|armorcannon,imprison,aurasphere,thunderwave|Serious|||||88|,,,,,Steel]|skuntank||multitype|dragonpulse,precipiceblades|Serious|||||100|,,,,,Steel	|vivillonhighplains||dancer|megahorn|Serious|||||50|,,,,,Fire]|toxapex||multitype|tailwind,tailslap|Serious|||||90|,,,,,Fighting]|leavanny||earlybird|triplearrows,doubleedge|Serious|||||90|,,,,,Stellar]|mesprit||earlybird|nightshade,scald,moongeistbeam|Serious||F|||100|,,,,,Poison]|magmortar||levitate|electroweb,bloodmoon,acidspray|Serious||M|||50|,,,,,Electric]|leavanny||earlybird|triplearrows,doubleedge|Serious|||||90|,,,,,Stellar	wipe 0;wipe 1;messages 0 0 0;messages 0 1 1	-,-,false,true	25837,58007,41894,43002	rs=- ended=1 winner=- turn=0 mid=1 left=0,0 fl=6,6 active=0,1,6,7 party=0,1,2,3,4,5;6,7,8,9,10,11 speeds=120,306,234,272,234,204,109,95,198,196,103,198 orders=0.0,1.0,0.0,0.0,0.0,0.0,2.0,3.0,0.0,0.0,0.0,0.0 so=2,0,1,3 mons=0.0.1.1.0.0.0.0.0.0.1.0 1.0.1.1.0.0.0.0.1.0.1.0 2.0.1.1.0.0.0.0.2.0.1.0 3.0.1.1.0.0.0.0.3.0.1.0 4.0.1.1.0.0.0.0.4.0.1.0 5.0.1.1.0.0.0.0.5.0.1.0 6.0.1.1.0.0.0.0.0.0.1.0 7.0.1.1.0.0.0.0.1.0.1.0 8.0.1.1.0.0.0.0.2.0.1.0 9.0.1.1.0.0.0.0.3.0.1.0 10.0.1.1.0.0.0.0.4.0.1.0 11.0.1.1.0.0.0.0.5.0.1.0	|faint|p1a: Toedscruel~|faint|p1b: Miraidon~|faint|p1: Cinccino~|faint|p1: Hawlucha~|faint|p1: Cinccino~|faint|p1: Skuntank~|faint|p2a: Vivillon~|faint|p2b: Toxapex~|faint|p2: Leavanny~|faint|p2: Mesprit~|faint|p2: Magmortar~|faint|p2: Leavanny~|~|tie	-:0:0,0
239	56448,3979,54577,18002	|toedscruel||terashell|crunch,headsmash,drainpunch,psystrike|Serious|||||50|,,,,,Ice]|miraidon||levitate|nuzzle|Serious|||||100|,,,,,Water]|cinccino||dancer|armorcannon,imprison,aurasphere,thunderwave|Serious|||||88|,,,,,Steel]|hawlucha||terashell|shadowsneak,mysticalpower|Serious||M|||100|,,,,,Stellar]|cinccino||dancer|armorcannon,imprison,aurasphere,thunderwave|Serious|||||88|,,,,,Steel]|skuntank||multitype|dragonpulse,precipiceblades|Serious|||||100|,,,,,Steel	|vivillonhighplains||dancer|megahorn|Serious|||||50|,,,,,Fire]|toxapex||multitype|tailwind,tailslap|Serious|||||90|,,,,,Fighting]|leavanny||earlybird|triplearrows,doubleedge|Serious|||||90|,,,,,Stellar]|mesprit||earlybird|nightshade,scald,moongeistbeam|Serious||F|||100|,,,,,Poison]|magmortar||levitate|electroweb,bloodmoon,acidspray|Serious||M|||50|,,,,,Electric]|leavanny||earlybird|triplearrows,doubleedge|Serious|||||90|,,,,,Stellar	faint 0;messages 0 0 0;checkfainted	-,false,-	25837,58007,41894,43002	rs=- ended=0 winner=- turn=0 mid=1 left=5,6 fl=1,0 active=0,1,6,7 party=0,1,2,3,4,5;6,7,8,9,10,11 speeds=120,306,234,272,234,204,109,95,198,196,103,198 orders=0.0,1.0,0.0,0.0,0.0,0.0,2.0,3.0,0.0,0.0,0.0,0.0 so=2,0,1,3 mons=0.0.1.1.0.1.0.1.0.0.1.0 1.341.0.0.1.0.0.0.1.0.1.0 2.257.0.0.0.0.0.0.2.0.1.0 3.297.0.0.0.0.0.0.3.0.1.0 4.257.0.0.0.0.0.0.4.0.1.0 5.347.0.0.0.0.0.0.5.0.1.0 6.155.0.0.1.0.0.0.0.0.1.0 7.217.0.0.1.0.0.0.1.0.1.0 8.262.0.0.0.0.0.0.2.0.1.0 9.301.0.0.0.0.0.0.3.0.1.0 10.150.0.0.0.0.0.0.4.0.1.0 11.262.0.0.0.0.0.0.5.0.1.0	|faint|p1a: Toedscruel	-
240	56448,3979,54577,18002	|toedscruel||terashell|crunch,headsmash,drainpunch,psystrike|Serious|||||50|,,,,,Ice]|miraidon||levitate|nuzzle|Serious|||||100|,,,,,Water]|cinccino||dancer|armorcannon,imprison,aurasphere,thunderwave|Serious|||||88|,,,,,Steel]|hawlucha||terashell|shadowsneak,mysticalpower|Serious||M|||100|,,,,,Stellar]|cinccino||dancer|armorcannon,imprison,aurasphere,thunderwave|Serious|||||88|,,,,,Steel]|skuntank||multitype|dragonpulse,precipiceblades|Serious|||||100|,,,,,Steel	|vivillonhighplains||dancer|megahorn|Serious|||||50|,,,,,Fire]|toxapex||multitype|tailwind,tailslap|Serious|||||90|,,,,,Fighting]|leavanny||earlybird|triplearrows,doubleedge|Serious|||||90|,,,,,Stellar]|mesprit||earlybird|nightshade,scald,moongeistbeam|Serious||F|||100|,,,,,Poison]|magmortar||levitate|electroweb,bloodmoon,acidspray|Serious||M|||50|,,,,,Electric]|leavanny||earlybird|triplearrows,doubleedge|Serious|||||90|,,,,,Stellar	tera 0;faint 0;messages 0 0 0;checkfainted	-,-,false,-	25837,58007,41894,43002	rs=- ended=0 winner=- turn=0 mid=1 left=5,6 fl=1,0 active=0,1,6,7 party=0,1,2,3,4,5;6,7,8,9,10,11 speeds=120,306,234,272,234,204,109,95,198,196,103,198 orders=0.0,1.0,0.0,0.0,0.0,0.0,2.0,3.0,0.0,0.0,0.0,0.0 so=2,0,1,3 mons=0.0.1.1.0.1.0.1.0.0.0.0 1.341.0.0.1.0.0.0.1.0.0.0 2.257.0.0.0.0.0.0.2.0.0.0 3.297.0.0.0.0.0.0.3.0.0.0 4.257.0.0.0.0.0.0.4.0.0.0 5.347.0.0.0.0.0.0.5.0.0.0 6.155.0.0.1.0.0.0.0.0.1.0 7.217.0.0.1.0.0.0.1.0.1.0 8.262.0.0.0.0.0.0.2.0.1.0 9.301.0.0.0.0.0.0.3.0.1.0 10.150.0.0.0.0.0.0.4.0.1.0 11.262.0.0.0.0.0.0.5.0.1.0	|-terastallize|p1a: Toedscruel|Ice~|faint|p1a: Toedscruel	-
241	56448,3979,54577,18002	|toedscruel||terashell|crunch,headsmash,drainpunch,psystrike|Serious|||||50|,,,,,Ice]|miraidon||levitate|nuzzle|Serious|||||100|,,,,,Water]|cinccino||dancer|armorcannon,imprison,aurasphere,thunderwave|Serious|||||88|,,,,,Steel]|hawlucha||terashell|shadowsneak,mysticalpower|Serious||M|||100|,,,,,Stellar]|cinccino||dancer|armorcannon,imprison,aurasphere,thunderwave|Serious|||||88|,,,,,Steel]|skuntank||multitype|dragonpulse,precipiceblades|Serious|||||100|,,,,,Steel	|vivillonhighplains||dancer|megahorn|Serious|||||50|,,,,,Fire]|toxapex||multitype|tailwind,tailslap|Serious|||||90|,,,,,Fighting]|leavanny||earlybird|triplearrows,doubleedge|Serious|||||90|,,,,,Stellar]|mesprit||earlybird|nightshade,scald,moongeistbeam|Serious||F|||100|,,,,,Poison]|magmortar||levitate|electroweb,bloodmoon,acidspray|Serious||M|||50|,,,,,Electric]|leavanny||earlybird|triplearrows,doubleedge|Serious|||||90|,,,,,Stellar	tera 6;faint 6;messages 0 0 0;checkfainted	-,-,false,-	25837,58007,41894,43002	rs=- ended=0 winner=- turn=0 mid=1 left=6,5 fl=0,1 active=0,1,6,7 party=0,1,2,3,4,5;6,7,8,9,10,11 speeds=120,306,234,272,234,204,109,95,198,196,103,198 orders=0.0,1.0,0.0,0.0,0.0,0.0,2.0,3.0,0.0,0.0,0.0,0.0 so=2,0,1,3 mons=0.155.0.0.1.0.0.0.0.0.1.0 1.341.0.0.1.0.0.0.1.0.1.0 2.257.0.0.0.0.0.0.2.0.1.0 3.297.0.0.0.0.0.0.3.0.1.0 4.257.0.0.0.0.0.0.4.0.1.0 5.347.0.0.0.0.0.0.5.0.1.0 6.0.1.1.0.1.0.1.0.0.0.0 7.217.0.0.1.0.0.0.1.0.0.0 8.262.0.0.0.0.0.0.2.0.0.0 9.301.0.0.0.0.0.0.3.0.0.0 10.150.0.0.0.0.0.0.4.0.0.0 11.262.0.0.0.0.0.0.5.0.0.0	|-terastallize|p2a: Vivillon|Fire~|faint|p2a: Vivillon	-
242	56448,3979,54577,18002	|toedscruel||terashell|crunch,headsmash,drainpunch,psystrike|Serious|||||50|,,,,,Ice]|miraidon||levitate|nuzzle|Serious|||||100|,,,,,Water]|cinccino||dancer|armorcannon,imprison,aurasphere,thunderwave|Serious|||||88|,,,,,Steel]|hawlucha||terashell|shadowsneak,mysticalpower|Serious||M|||100|,,,,,Stellar]|cinccino||dancer|armorcannon,imprison,aurasphere,thunderwave|Serious|||||88|,,,,,Steel]|skuntank||multitype|dragonpulse,precipiceblades|Serious|||||100|,,,,,Steel	|vivillonhighplains||dancer|megahorn|Serious|||||50|,,,,,Fire]|toxapex||multitype|tailwind,tailslap|Serious|||||90|,,,,,Fighting]|leavanny||earlybird|triplearrows,doubleedge|Serious|||||90|,,,,,Stellar]|mesprit||earlybird|nightshade,scald,moongeistbeam|Serious||F|||100|,,,,,Poison]|magmortar||levitate|electroweb,bloodmoon,acidspray|Serious||M|||50|,,,,,Electric]|leavanny||earlybird|triplearrows,doubleedge|Serious|||||90|,,,,,Stellar	cap 0;faint 0;messages 0 0 0	-,-,false	25837,58007,41894,43002	rs=- ended=0 winner=- turn=0 mid=1 left=5,6 fl=100,0 active=0,1,6,7 party=0,1,2,3,4,5;6,7,8,9,10,11 speeds=120,306,234,272,234,204,109,95,198,196,103,198 orders=0.0,1.0,0.0,0.0,0.0,0.0,2.0,3.0,0.0,0.0,0.0,0.0 so=2,0,1,3 mons=0.0.1.1.0.0.0.0.0.0.1.0 1.341.0.0.1.0.0.0.1.0.1.0 2.257.0.0.0.0.0.0.2.0.1.0 3.297.0.0.0.0.0.0.3.0.1.0 4.257.0.0.0.0.0.0.4.0.1.0 5.347.0.0.0.0.0.0.5.0.1.0 6.155.0.0.1.0.0.0.0.0.1.0 7.217.0.0.1.0.0.0.1.0.1.0 8.262.0.0.0.0.0.0.2.0.1.0 9.301.0.0.0.0.0.0.3.0.1.0 10.150.0.0.0.0.0.0.4.0.1.0 11.262.0.0.0.0.0.0.5.0.1.0	|faint|p1a: Toedscruel	-
243	56448,3979,54577,18002	|toedscruel||terashell|crunch,headsmash,drainpunch,psystrike|Serious|||||50|,,,,,Ice]|miraidon||levitate|nuzzle|Serious|||||100|,,,,,Water]|cinccino||dancer|armorcannon,imprison,aurasphere,thunderwave|Serious|||||88|,,,,,Steel]|hawlucha||terashell|shadowsneak,mysticalpower|Serious||M|||100|,,,,,Stellar]|cinccino||dancer|armorcannon,imprison,aurasphere,thunderwave|Serious|||||88|,,,,,Steel]|skuntank||multitype|dragonpulse,precipiceblades|Serious|||||100|,,,,,Steel	|vivillonhighplains||dancer|megahorn|Serious|||||50|,,,,,Fire]|toxapex||multitype|tailwind,tailslap|Serious|||||90|,,,,,Fighting]|leavanny||earlybird|triplearrows,doubleedge|Serious|||||90|,,,,,Stellar]|mesprit||earlybird|nightshade,scald,moongeistbeam|Serious||F|||100|,,,,,Poison]|magmortar||levitate|electroweb,bloodmoon,acidspray|Serious||M|||50|,,,,,Electric]|leavanny||earlybird|triplearrows,doubleedge|Serious|||||90|,,,,,Stellar	faint 0;faint 0;messages 0 0 0;messages 0 0 1	-,-,false,false	25837,58007,41894,43002	rs=- ended=0 winner=- turn=0 mid=1 left=5,6 fl=1,0 active=0,1,6,7 party=0,1,2,3,4,5;6,7,8,9,10,11 speeds=120,306,234,272,234,204,109,95,198,196,103,198 orders=0.0,1.0,0.0,0.0,0.0,0.0,2.0,3.0,0.0,0.0,0.0,0.0 so=2,0,1,3 mons=0.0.1.1.0.0.0.0.0.0.1.0 1.341.0.0.1.0.0.0.1.0.1.0 2.257.0.0.0.0.0.0.2.0.1.0 3.297.0.0.0.0.0.0.3.0.1.0 4.257.0.0.0.0.0.0.4.0.1.0 5.347.0.0.0.0.0.0.5.0.1.0 6.155.0.0.1.0.0.0.0.0.1.0 7.217.0.0.1.0.0.0.1.0.1.0 8.262.0.0.0.0.0.0.2.0.1.0 9.301.0.0.0.0.0.0.3.0.1.0 10.150.0.0.0.0.0.0.4.0.1.0 11.262.0.0.0.0.0.0.5.0.1.0	|faint|p1a: Toedscruel	-
244	56448,3979,54577,18002	|toedscruel||terashell|crunch,headsmash,drainpunch,psystrike|Serious|||||50|,,,,,Ice]|miraidon||levitate|nuzzle|Serious|||||100|,,,,,Water]|cinccino||dancer|armorcannon,imprison,aurasphere,thunderwave|Serious|||||88|,,,,,Steel]|hawlucha||terashell|shadowsneak,mysticalpower|Serious||M|||100|,,,,,Stellar]|cinccino||dancer|armorcannon,imprison,aurasphere,thunderwave|Serious|||||88|,,,,,Steel]|skuntank||multitype|dragonpulse,precipiceblades|Serious|||||100|,,,,,Steel	|vivillonhighplains||dancer|megahorn|Serious|||||50|,,,,,Fire]|toxapex||multitype|tailwind,tailslap|Serious|||||90|,,,,,Fighting]|leavanny||earlybird|triplearrows,doubleedge|Serious|||||90|,,,,,Stellar]|mesprit||earlybird|nightshade,scald,moongeistbeam|Serious||F|||100|,,,,,Poison]|magmortar||levitate|electroweb,bloodmoon,acidspray|Serious||M|||50|,,,,,Electric]|leavanny||earlybird|triplearrows,doubleedge|Serious|||||90|,,,,,Stellar	tie;tie;messages 0 1 1	true,false,-	25837,58007,41894,43002	rs=- ended=1 winner=- turn=0 mid=1 left=6,6 fl=0,0 active=0,1,6,7 party=0,1,2,3,4,5;6,7,8,9,10,11 speeds=120,306,234,272,234,204,109,95,198,196,103,198 orders=0.0,1.0,0.0,0.0,0.0,0.0,2.0,3.0,0.0,0.0,0.0,0.0 so=2,0,1,3 mons=0.155.0.0.1.0.0.0.0.0.1.0 1.341.0.0.1.0.0.0.1.0.1.0 2.257.0.0.0.0.0.0.2.0.1.0 3.297.0.0.0.0.0.0.3.0.1.0 4.257.0.0.0.0.0.0.4.0.1.0 5.347.0.0.0.0.0.0.5.0.1.0 6.155.0.0.1.0.0.0.0.0.1.0 7.217.0.0.1.0.0.0.1.0.1.0 8.262.0.0.0.0.0.0.2.0.1.0 9.301.0.0.0.0.0.0.3.0.1.0 10.150.0.0.0.0.0.0.4.0.1.0 11.262.0.0.0.0.0.0.5.0.1.0	|~|tie	-:0:6,6
245	56448,3979,54577,18002	|toedscruel||terashell|crunch,headsmash,drainpunch,psystrike|Serious|||||50|,,,,,Ice]|miraidon||levitate|nuzzle|Serious|||||100|,,,,,Water]|cinccino||dancer|armorcannon,imprison,aurasphere,thunderwave|Serious|||||88|,,,,,Steel]|hawlucha||terashell|shadowsneak,mysticalpower|Serious||M|||100|,,,,,Stellar]|cinccino||dancer|armorcannon,imprison,aurasphere,thunderwave|Serious|||||88|,,,,,Steel]|skuntank||multitype|dragonpulse,precipiceblades|Serious|||||100|,,,,,Steel	|vivillonhighplains||dancer|megahorn|Serious|||||50|,,,,,Fire]|toxapex||multitype|tailwind,tailslap|Serious|||||90|,,,,,Fighting]|leavanny||earlybird|triplearrows,doubleedge|Serious|||||90|,,,,,Stellar]|mesprit||earlybird|nightshade,scald,moongeistbeam|Serious||F|||100|,,,,,Poison]|magmortar||levitate|electroweb,bloodmoon,acidspray|Serious||M|||50|,,,,,Electric]|leavanny||earlybird|triplearrows,doubleedge|Serious|||||90|,,,,,Stellar	lose 0;lose 1	true,false	25837,58007,41894,43002	rs=- ended=1 winner=B turn=0 mid=1 left=6,6 fl=0,0 active=0,1,6,7 party=0,1,2,3,4,5;6,7,8,9,10,11 speeds=120,306,234,272,234,204,109,95,198,196,103,198 orders=0.0,1.0,0.0,0.0,0.0,0.0,2.0,3.0,0.0,0.0,0.0,0.0 so=2,0,1,3 mons=0.155.0.0.1.0.0.0.0.0.1.0 1.341.0.0.1.0.0.0.1.0.1.0 2.257.0.0.0.0.0.0.2.0.1.0 3.297.0.0.0.0.0.0.3.0.1.0 4.257.0.0.0.0.0.0.4.0.1.0 5.347.0.0.0.0.0.0.5.0.1.0 6.155.0.0.1.0.0.0.0.0.1.0 7.217.0.0.1.0.0.0.1.0.1.0 8.262.0.0.0.0.0.0.2.0.1.0 9.301.0.0.0.0.0.0.3.0.1.0 10.150.0.0.0.0.0.0.4.0.1.0 11.262.0.0.0.0.0.0.5.0.1.0	|~|win|B	1:0:6,6
246	56448,3979,54577,18002	|toedscruel||terashell|crunch,headsmash,drainpunch,psystrike|Serious|||||50|,,,,,Ice]|miraidon||levitate|nuzzle|Serious|||||100|,,,,,Water]|cinccino||dancer|armorcannon,imprison,aurasphere,thunderwave|Serious|||||88|,,,,,Steel]|hawlucha||terashell|shadowsneak,mysticalpower|Serious||M|||100|,,,,,Stellar]|cinccino||dancer|armorcannon,imprison,aurasphere,thunderwave|Serious|||||88|,,,,,Steel]|skuntank||multitype|dragonpulse,precipiceblades|Serious|||||100|,,,,,Steel	|vivillonhighplains||dancer|megahorn|Serious|||||50|,,,,,Fire]|toxapex||multitype|tailwind,tailslap|Serious|||||90|,,,,,Fighting]|leavanny||earlybird|triplearrows,doubleedge|Serious|||||90|,,,,,Stellar]|mesprit||earlybird|nightshade,scald,moongeistbeam|Serious||F|||100|,,,,,Poison]|magmortar||levitate|electroweb,bloodmoon,acidspray|Serious||M|||50|,,,,,Electric]|leavanny||earlybird|triplearrows,doubleedge|Serious|||||90|,,,,,Stellar	tiebreak	true	25837,58007,41894,43002	rs=- ended=1 winner=A turn=0 mid=1 left=6,6 fl=0,0 active=0,1,6,7 party=0,1,2,3,4,5;6,7,8,9,10,11 speeds=120,306,234,272,234,204,109,95,198,196,103,198 orders=0.0,1.0,0.0,0.0,0.0,0.0,2.0,3.0,0.0,0.0,0.0,0.0 so=2,0,1,3 mons=0.155.0.0.1.0.0.0.0.0.1.0 1.341.0.0.1.0.0.0.1.0.1.0 2.257.0.0.0.0.0.0.2.0.1.0 3.297.0.0.0.0.0.0.3.0.1.0 4.257.0.0.0.0.0.0.4.0.1.0 5.347.0.0.0.0.0.0.5.0.1.0 6.155.0.0.1.0.0.0.0.0.1.0 7.217.0.0.1.0.0.0.1.0.1.0 8.262.0.0.0.0.0.0.2.0.1.0 9.301.0.0.0.0.0.0.3.0.1.0 10.150.0.0.0.0.0.0.4.0.1.0 11.262.0.0.0.0.0.0.5.0.1.0	|message|Time's up! Going to tiebreaker...~|-message|A: 6 Pokemon left; B: 6 Pokemon left~|-message|A: 100% total HP left; B: 100% total HP left~|-message|A: 1654 total HP left; B: 1347 total HP left~|~|win|A	0:0:6,6
247	56448,3979,54577,18002	|toedscruel||terashell|crunch,headsmash,drainpunch,psystrike|Serious|||||50|,,,,,Ice]|miraidon||levitate|nuzzle|Serious|||||100|,,,,,Water]|cinccino||dancer|armorcannon,imprison,aurasphere,thunderwave|Serious|||||88|,,,,,Steel]|hawlucha||terashell|shadowsneak,mysticalpower|Serious||M|||100|,,,,,Stellar]|cinccino||dancer|armorcannon,imprison,aurasphere,thunderwave|Serious|||||88|,,,,,Steel]|skuntank||multitype|dragonpulse,precipiceblades|Serious|||||100|,,,,,Steel	|vivillonhighplains||dancer|megahorn|Serious|||||50|,,,,,Fire]|toxapex||multitype|tailwind,tailslap|Serious|||||90|,,,,,Fighting]|leavanny||earlybird|triplearrows,doubleedge|Serious|||||90|,,,,,Stellar]|mesprit||earlybird|nightshade,scald,moongeistbeam|Serious||F|||100|,,,,,Poison]|magmortar||levitate|electroweb,bloodmoon,acidspray|Serious||M|||50|,,,,,Electric]|leavanny||earlybird|triplearrows,doubleedge|Serious|||||90|,,,,,Stellar	fraction 0 0.5;fraction 1 0.25;tiebreak	-,-,true	25837,58007,41894,43002	rs=- ended=1 winner=A turn=0 mid=1 left=6,6 fl=0,0 active=0,1,6,7 party=0,1,2,3,4,5;6,7,8,9,10,11 speeds=120,306,234,272,234,204,109,95,198,196,103,198 orders=0.0,1.0,0.0,0.0,0.0,0.0,2.0,3.0,0.0,0.0,0.0,0.0 so=2,0,1,3 mons=0.77.0.0.1.0.0.0.0.0.1.0 1.170.0.0.1.0.0.0.1.0.1.0 2.128.0.0.0.0.0.0.2.0.1.0 3.148.0.0.0.0.0.0.3.0.1.0 4.128.0.0.0.0.0.0.4.0.1.0 5.173.0.0.0.0.0.0.5.0.1.0 6.38.0.0.1.0.0.0.0.0.1.0 7.54.0.0.1.0.0.0.1.0.1.0 8.65.0.0.0.0.0.0.2.0.1.0 9.75.0.0.0.0.0.0.3.0.1.0 10.37.0.0.0.0.0.0.4.0.1.0 11.65.0.0.0.0.0.0.5.0.1.0	|message|Time's up! Going to tiebreaker...~|-message|A: 6 Pokemon left; B: 6 Pokemon left~|-message|A: 50% total HP left; B: 25% total HP left~|~|win|A	0:0:6,6
248	56448,3979,54577,18002	|toedscruel||terashell|crunch,headsmash,drainpunch,psystrike|Serious|||||50|,,,,,Ice]|miraidon||levitate|nuzzle|Serious|||||100|,,,,,Water]|cinccino||dancer|armorcannon,imprison,aurasphere,thunderwave|Serious|||||88|,,,,,Steel]|hawlucha||terashell|shadowsneak,mysticalpower|Serious||M|||100|,,,,,Stellar]|cinccino||dancer|armorcannon,imprison,aurasphere,thunderwave|Serious|||||88|,,,,,Steel]|skuntank||multitype|dragonpulse,precipiceblades|Serious|||||100|,,,,,Steel	|vivillonhighplains||dancer|megahorn|Serious|||||50|,,,,,Fire]|toxapex||multitype|tailwind,tailslap|Serious|||||90|,,,,,Fighting]|leavanny||earlybird|triplearrows,doubleedge|Serious|||||90|,,,,,Stellar]|mesprit||earlybird|nightshade,scald,moongeistbeam|Serious||F|||100|,,,,,Poison]|magmortar||levitate|electroweb,bloodmoon,acidspray|Serious||M|||50|,,,,,Electric]|leavanny||earlybird|triplearrows,doubleedge|Serious|||||90|,,,,,Stellar	faint 0;messages 0 0 0;tiebreak	-,false,true	25837,58007,41894,43002	rs=- ended=1 winner=B turn=0 mid=1 left=5,6 fl=1,0 active=0,1,6,7 party=0,1,2,3,4,5;6,7,8,9,10,11 speeds=120,306,234,272,234,204,109,95,198,196,103,198 orders=0.0,1.0,0.0,0.0,0.0,0.0,2.0,3.0,0.0,0.0,0.0,0.0 so=2,0,1,3 mons=0.0.1.1.0.0.0.0.0.0.1.0 1.341.0.0.1.0.0.0.1.0.1.0 2.257.0.0.0.0.0.0.2.0.1.0 3.297.0.0.0.0.0.0.3.0.1.0 4.257.0.0.0.0.0.0.4.0.1.0 5.347.0.0.0.0.0.0.5.0.1.0 6.155.0.0.1.0.0.0.0.0.1.0 7.217.0.0.1.0.0.0.1.0.1.0 8.262.0.0.0.0.0.0.2.0.1.0 9.301.0.0.0.0.0.0.3.0.1.0 10.150.0.0.0.0.0.0.4.0.1.0 11.262.0.0.0.0.0.0.5.0.1.0	|faint|p1a: Toedscruel~|message|Time's up! Going to tiebreaker...~|-message|A: 5 Pokemon left; B: 6 Pokemon left~|~|win|B	1:0:5,6
249	56448,3979,54577,18002	|toedscruel||terashell|crunch,headsmash,drainpunch,psystrike|Serious|||||50|,,,,,Ice]|miraidon||levitate|nuzzle|Serious|||||100|,,,,,Water]|cinccino||dancer|armorcannon,imprison,aurasphere,thunderwave|Serious|||||88|,,,,,Steel]|hawlucha||terashell|shadowsneak,mysticalpower|Serious||M|||100|,,,,,Stellar]|cinccino||dancer|armorcannon,imprison,aurasphere,thunderwave|Serious|||||88|,,,,,Steel]|skuntank||multitype|dragonpulse,precipiceblades|Serious|||||100|,,,,,Steel	|vivillonhighplains||dancer|megahorn|Serious|||||50|,,,,,Fire]|toxapex||multitype|tailwind,tailslap|Serious|||||90|,,,,,Fighting]|leavanny||earlybird|triplearrows,doubleedge|Serious|||||90|,,,,,Stellar]|mesprit||earlybird|nightshade,scald,moongeistbeam|Serious||F|||100|,,,,,Poison]|magmortar||levitate|electroweb,bloodmoon,acidspray|Serious||M|||50|,,,,,Electric]|leavanny||earlybird|triplearrows,doubleedge|Serious|||||90|,,,,,Stellar	left 0;left 1;messages 0 1 1	-,-,true	25837,58007,41894,43002	rs=- ended=1 winner=- turn=0 mid=1 left=0,0 fl=0,0 active=0,1,6,7 party=0,1,2,3,4,5;6,7,8,9,10,11 speeds=120,306,234,272,234,204,109,95,198,196,103,198 orders=0.0,1.0,0.0,0.0,0.0,0.0,2.0,3.0,0.0,0.0,0.0,0.0 so=2,0,1,3 mons=0.155.0.0.1.0.0.0.0.0.1.0 1.341.0.0.1.0.0.0.1.0.1.0 2.257.0.0.0.0.0.0.2.0.1.0 3.297.0.0.0.0.0.0.3.0.1.0 4.257.0.0.0.0.0.0.4.0.1.0 5.347.0.0.0.0.0.0.5.0.1.0 6.155.0.0.1.0.0.0.0.0.1.0 7.217.0.0.1.0.0.0.1.0.1.0 8.262.0.0.0.0.0.0.2.0.1.0 9.301.0.0.0.0.0.0.3.0.1.0 10.150.0.0.0.0.0.0.4.0.1.0 11.262.0.0.0.0.0.0.5.0.1.0	|~|tie	-:0:0,0
250	56448,3979,54577,18002	|toedscruel||terashell|crunch,headsmash,drainpunch,psystrike|Serious|||||50|,,,,,Ice]|miraidon||levitate|nuzzle|Serious|||||100|,,,,,Water]|cinccino||dancer|armorcannon,imprison,aurasphere,thunderwave|Serious|||||88|,,,,,Steel]|hawlucha||terashell|shadowsneak,mysticalpower|Serious||M|||100|,,,,,Stellar]|cinccino||dancer|armorcannon,imprison,aurasphere,thunderwave|Serious|||||88|,,,,,Steel]|skuntank||multitype|dragonpulse,precipiceblades|Serious|||||100|,,,,,Steel	|vivillonhighplains||dancer|megahorn|Serious|||||50|,,,,,Fire]|toxapex||multitype|tailwind,tailslap|Serious|||||90|,,,,,Fighting]|leavanny||earlybird|triplearrows,doubleedge|Serious|||||90|,,,,,Stellar]|mesprit||earlybird|nightshade,scald,moongeistbeam|Serious||F|||100|,,,,,Poison]|magmortar||levitate|electroweb,bloodmoon,acidspray|Serious||M|||50|,,,,,Electric]|leavanny||earlybird|triplearrows,doubleedge|Serious|||||90|,,,,,Stellar	limit 100	false	25837,58007,41894,43002	rs=- ended=0 winner=- turn=100 mid=1 left=6,6 fl=0,0 active=0,1,6,7 party=0,1,2,3,4,5;6,7,8,9,10,11 speeds=120,306,234,272,234,204,109,95,198,196,103,198 orders=0.0,1.0,0.0,0.0,0.0,0.0,2.0,3.0,0.0,0.0,0.0,0.0 so=2,0,1,3 mons=0.155.0.0.1.0.0.0.0.0.1.0 1.341.0.0.1.0.0.0.1.0.1.0 2.257.0.0.0.0.0.0.2.0.1.0 3.297.0.0.0.0.0.0.3.0.1.0 4.257.0.0.0.0.0.0.4.0.1.0 5.347.0.0.0.0.0.0.5.0.1.0 6.155.0.0.1.0.0.0.0.0.1.0 7.217.0.0.1.0.0.0.1.0.1.0 8.262.0.0.0.0.0.0.2.0.1.0 9.301.0.0.0.0.0.0.3.0.1.0 10.150.0.0.0.0.0.0.4.0.1.0 11.262.0.0.0.0.0.0.5.0.1.0		-
251	56448,3979,54577,18002	|toedscruel||terashell|crunch,headsmash,drainpunch,psystrike|Serious|||||50|,,,,,Ice]|miraidon||levitate|nuzzle|Serious|||||100|,,,,,Water]|cinccino||dancer|armorcannon,imprison,aurasphere,thunderwave|Serious|||||88|,,,,,Steel]|hawlucha||terashell|shadowsneak,mysticalpower|Serious||M|||100|,,,,,Stellar]|cinccino||dancer|armorcannon,imprison,aurasphere,thunderwave|Serious|||||88|,,,,,Steel]|skuntank||multitype|dragonpulse,precipiceblades|Serious|||||100|,,,,,Steel	|vivillonhighplains||dancer|megahorn|Serious|||||50|,,,,,Fire]|toxapex||multitype|tailwind,tailslap|Serious|||||90|,,,,,Fighting]|leavanny||earlybird|triplearrows,doubleedge|Serious|||||90|,,,,,Stellar]|mesprit||earlybird|nightshade,scald,moongeistbeam|Serious||F|||100|,,,,,Poison]|magmortar||levitate|electroweb,bloodmoon,acidspray|Serious||M|||50|,,,,,Electric]|leavanny||earlybird|triplearrows,doubleedge|Serious|||||90|,,,,,Stellar	limit 101	false	25837,58007,41894,43002	rs=- ended=0 winner=- turn=101 mid=1 left=6,6 fl=0,0 active=0,1,6,7 party=0,1,2,3,4,5;6,7,8,9,10,11 speeds=120,306,234,272,234,204,109,95,198,196,103,198 orders=0.0,1.0,0.0,0.0,0.0,0.0,2.0,3.0,0.0,0.0,0.0,0.0 so=2,0,1,3 mons=0.155.0.0.1.0.0.0.0.0.1.0 1.341.0.0.1.0.0.0.1.0.1.0 2.257.0.0.0.0.0.0.2.0.1.0 3.297.0.0.0.0.0.0.3.0.1.0 4.257.0.0.0.0.0.0.4.0.1.0 5.347.0.0.0.0.0.0.5.0.1.0 6.155.0.0.1.0.0.0.0.0.1.0 7.217.0.0.1.0.0.0.1.0.1.0 8.262.0.0.0.0.0.0.2.0.1.0 9.301.0.0.0.0.0.0.3.0.1.0 10.150.0.0.0.0.0.0.4.0.1.0 11.262.0.0.0.0.0.0.5.0.1.0		-
252	56448,3979,54577,18002	|toedscruel||terashell|crunch,headsmash,drainpunch,psystrike|Serious|||||50|,,,,,Ice]|miraidon||levitate|nuzzle|Serious|||||100|,,,,,Water]|cinccino||dancer|armorcannon,imprison,aurasphere,thunderwave|Serious|||||88|,,,,,Steel]|hawlucha||terashell|shadowsneak,mysticalpower|Serious||M|||100|,,,,,Stellar]|cinccino||dancer|armorcannon,imprison,aurasphere,thunderwave|Serious|||||88|,,,,,Steel]|skuntank||multitype|dragonpulse,precipiceblades|Serious|||||100|,,,,,Steel	|vivillonhighplains||dancer|megahorn|Serious|||||50|,,,,,Fire]|toxapex||multitype|tailwind,tailslap|Serious|||||90|,,,,,Fighting]|leavanny||earlybird|triplearrows,doubleedge|Serious|||||90|,,,,,Stellar]|mesprit||earlybird|nightshade,scald,moongeistbeam|Serious||F|||100|,,,,,Poison]|magmortar||levitate|electroweb,bloodmoon,acidspray|Serious||M|||50|,,,,,Electric]|leavanny||earlybird|triplearrows,doubleedge|Serious|||||90|,,,,,Stellar	limit 499	false	25837,58007,41894,43002	rs=- ended=0 winner=- turn=499 mid=1 left=6,6 fl=0,0 active=0,1,6,7 party=0,1,2,3,4,5;6,7,8,9,10,11 speeds=120,306,234,272,234,204,109,95,198,196,103,198 orders=0.0,1.0,0.0,0.0,0.0,0.0,2.0,3.0,0.0,0.0,0.0,0.0 so=2,0,1,3 mons=0.155.0.0.1.0.0.0.0.0.1.0 1.341.0.0.1.0.0.0.1.0.1.0 2.257.0.0.0.0.0.0.2.0.1.0 3.297.0.0.0.0.0.0.3.0.1.0 4.257.0.0.0.0.0.0.4.0.1.0 5.347.0.0.0.0.0.0.5.0.1.0 6.155.0.0.1.0.0.0.0.0.1.0 7.217.0.0.1.0.0.0.1.0.1.0 8.262.0.0.0.0.0.0.2.0.1.0 9.301.0.0.0.0.0.0.3.0.1.0 10.150.0.0.0.0.0.0.4.0.1.0 11.262.0.0.0.0.0.0.5.0.1.0		-
253	56448,3979,54577,18002	|toedscruel||terashell|crunch,headsmash,drainpunch,psystrike|Serious|||||50|,,,,,Ice]|miraidon||levitate|nuzzle|Serious|||||100|,,,,,Water]|cinccino||dancer|armorcannon,imprison,aurasphere,thunderwave|Serious|||||88|,,,,,Steel]|hawlucha||terashell|shadowsneak,mysticalpower|Serious||M|||100|,,,,,Stellar]|cinccino||dancer|armorcannon,imprison,aurasphere,thunderwave|Serious|||||88|,,,,,Steel]|skuntank||multitype|dragonpulse,precipiceblades|Serious|||||100|,,,,,Steel	|vivillonhighplains||dancer|megahorn|Serious|||||50|,,,,,Fire]|toxapex||multitype|tailwind,tailslap|Serious|||||90|,,,,,Fighting]|leavanny||earlybird|triplearrows,doubleedge|Serious|||||90|,,,,,Stellar]|mesprit||earlybird|nightshade,scald,moongeistbeam|Serious||F|||100|,,,,,Poison]|magmortar||levitate|electroweb,bloodmoon,acidspray|Serious||M|||50|,,,,,Electric]|leavanny||earlybird|triplearrows,doubleedge|Serious|||||90|,,,,,Stellar	limit 500	false	25837,58007,41894,43002	rs=- ended=0 winner=- turn=500 mid=1 left=6,6 fl=0,0 active=0,1,6,7 party=0,1,2,3,4,5;6,7,8,9,10,11 speeds=120,306,234,272,234,204,109,95,198,196,103,198 orders=0.0,1.0,0.0,0.0,0.0,0.0,2.0,3.0,0.0,0.0,0.0,0.0 so=2,0,1,3 mons=0.155.0.0.1.0.0.0.0.0.1.0 1.341.0.0.1.0.0.0.1.0.1.0 2.257.0.0.0.0.0.0.2.0.1.0 3.297.0.0.0.0.0.0.3.0.1.0 4.257.0.0.0.0.0.0.4.0.1.0 5.347.0.0.0.0.0.0.5.0.1.0 6.155.0.0.1.0.0.0.0.0.1.0 7.217.0.0.1.0.0.0.1.0.1.0 8.262.0.0.0.0.0.0.2.0.1.0 9.301.0.0.0.0.0.0.3.0.1.0 10.150.0.0.0.0.0.0.4.0.1.0 11.262.0.0.0.0.0.0.5.0.1.0	|bigerror|You will auto-tie if the battle doesn't end in 500 turns (on turn 1000).	-
254	56448,3979,54577,18002	|toedscruel||terashell|crunch,headsmash,drainpunch,psystrike|Serious|||||50|,,,,,Ice]|miraidon||levitate|nuzzle|Serious|||||100|,,,,,Water]|cinccino||dancer|armorcannon,imprison,aurasphere,thunderwave|Serious|||||88|,,,,,Steel]|hawlucha||terashell|shadowsneak,mysticalpower|Serious||M|||100|,,,,,Stellar]|cinccino||dancer|armorcannon,imprison,aurasphere,thunderwave|Serious|||||88|,,,,,Steel]|skuntank||multitype|dragonpulse,precipiceblades|Serious|||||100|,,,,,Steel	|vivillonhighplains||dancer|megahorn|Serious|||||50|,,,,,Fire]|toxapex||multitype|tailwind,tailslap|Serious|||||90|,,,,,Fighting]|leavanny||earlybird|triplearrows,doubleedge|Serious|||||90|,,,,,Stellar]|mesprit||earlybird|nightshade,scald,moongeistbeam|Serious||F|||100|,,,,,Poison]|magmortar||levitate|electroweb,bloodmoon,acidspray|Serious||M|||50|,,,,,Electric]|leavanny||earlybird|triplearrows,doubleedge|Serious|||||90|,,,,,Stellar	limit 899	false	25837,58007,41894,43002	rs=- ended=0 winner=- turn=899 mid=1 left=6,6 fl=0,0 active=0,1,6,7 party=0,1,2,3,4,5;6,7,8,9,10,11 speeds=120,306,234,272,234,204,109,95,198,196,103,198 orders=0.0,1.0,0.0,0.0,0.0,0.0,2.0,3.0,0.0,0.0,0.0,0.0 so=2,0,1,3 mons=0.155.0.0.1.0.0.0.0.0.1.0 1.341.0.0.1.0.0.0.1.0.1.0 2.257.0.0.0.0.0.0.2.0.1.0 3.297.0.0.0.0.0.0.3.0.1.0 4.257.0.0.0.0.0.0.4.0.1.0 5.347.0.0.0.0.0.0.5.0.1.0 6.155.0.0.1.0.0.0.0.0.1.0 7.217.0.0.1.0.0.0.1.0.1.0 8.262.0.0.0.0.0.0.2.0.1.0 9.301.0.0.0.0.0.0.3.0.1.0 10.150.0.0.0.0.0.0.4.0.1.0 11.262.0.0.0.0.0.0.5.0.1.0		-
255	56448,3979,54577,18002	|toedscruel||terashell|crunch,headsmash,drainpunch,psystrike|Serious|||||50|,,,,,Ice]|miraidon||levitate|nuzzle|Serious|||||100|,,,,,Water]|cinccino||dancer|armorcannon,imprison,aurasphere,thunderwave|Serious|||||88|,,,,,Steel]|hawlucha||terashell|shadowsneak,mysticalpower|Serious||M|||100|,,,,,Stellar]|cinccino||dancer|armorcannon,imprison,aurasphere,thunderwave|Serious|||||88|,,,,,Steel]|skuntank||multitype|dragonpulse,precipiceblades|Serious|||||100|,,,,,Steel	|vivillonhighplains||dancer|megahorn|Serious|||||50|,,,,,Fire]|toxapex||multitype|tailwind,tailslap|Serious|||||90|,,,,,Fighting]|leavanny||earlybird|triplearrows,doubleedge|Serious|||||90|,,,,,Stellar]|mesprit||earlybird|nightshade,scald,moongeistbeam|Serious||F|||100|,,,,,Poison]|magmortar||levitate|electroweb,bloodmoon,acidspray|Serious||M|||50|,,,,,Electric]|leavanny||earlybird|triplearrows,doubleedge|Serious|||||90|,,,,,Stellar	limit 900	false	25837,58007,41894,43002	rs=- ended=0 winner=- turn=900 mid=1 left=6,6 fl=0,0 active=0,1,6,7 party=0,1,2,3,4,5;6,7,8,9,10,11 speeds=120,306,234,272,234,204,109,95,198,196,103,198 orders=0.0,1.0,0.0,0.0,0.0,0.0,2.0,3.0,0.0,0.0,0.0,0.0 so=2,0,1,3 mons=0.155.0.0.1.0.0.0.0.0.1.0 1.341.0.0.1.0.0.0.1.0.1.0 2.257.0.0.0.0.0.0.2.0.1.0 3.297.0.0.0.0.0.0.3.0.1.0 4.257.0.0.0.0.0.0.4.0.1.0 5.347.0.0.0.0.0.0.5.0.1.0 6.155.0.0.1.0.0.0.0.0.1.0 7.217.0.0.1.0.0.0.1.0.1.0 8.262.0.0.0.0.0.0.2.0.1.0 9.301.0.0.0.0.0.0.3.0.1.0 10.150.0.0.0.0.0.0.4.0.1.0 11.262.0.0.0.0.0.0.5.0.1.0	|bigerror|You will auto-tie if the battle doesn't end in 100 turns (on turn 1000).	-
256	56448,3979,54577,18002	|toedscruel||terashell|crunch,headsmash,drainpunch,psystrike|Serious|||||50|,,,,,Ice]|miraidon||levitate|nuzzle|Serious|||||100|,,,,,Water]|cinccino||dancer|armorcannon,imprison,aurasphere,thunderwave|Serious|||||88|,,,,,Steel]|hawlucha||terashell|shadowsneak,mysticalpower|Serious||M|||100|,,,,,Stellar]|cinccino||dancer|armorcannon,imprison,aurasphere,thunderwave|Serious|||||88|,,,,,Steel]|skuntank||multitype|dragonpulse,precipiceblades|Serious|||||100|,,,,,Steel	|vivillonhighplains||dancer|megahorn|Serious|||||50|,,,,,Fire]|toxapex||multitype|tailwind,tailslap|Serious|||||90|,,,,,Fighting]|leavanny||earlybird|triplearrows,doubleedge|Serious|||||90|,,,,,Stellar]|mesprit||earlybird|nightshade,scald,moongeistbeam|Serious||F|||100|,,,,,Poison]|magmortar||levitate|electroweb,bloodmoon,acidspray|Serious||M|||50|,,,,,Electric]|leavanny||earlybird|triplearrows,doubleedge|Serious|||||90|,,,,,Stellar	limit 989	false	25837,58007,41894,43002	rs=- ended=0 winner=- turn=989 mid=1 left=6,6 fl=0,0 active=0,1,6,7 party=0,1,2,3,4,5;6,7,8,9,10,11 speeds=120,306,234,272,234,204,109,95,198,196,103,198 orders=0.0,1.0,0.0,0.0,0.0,0.0,2.0,3.0,0.0,0.0,0.0,0.0 so=2,0,1,3 mons=0.155.0.0.1.0.0.0.0.0.1.0 1.341.0.0.1.0.0.0.1.0.1.0 2.257.0.0.0.0.0.0.2.0.1.0 3.297.0.0.0.0.0.0.3.0.1.0 4.257.0.0.0.0.0.0.4.0.1.0 5.347.0.0.0.0.0.0.5.0.1.0 6.155.0.0.1.0.0.0.0.0.1.0 7.217.0.0.1.0.0.0.1.0.1.0 8.262.0.0.0.0.0.0.2.0.1.0 9.301.0.0.0.0.0.0.3.0.1.0 10.150.0.0.0.0.0.0.4.0.1.0 11.262.0.0.0.0.0.0.5.0.1.0		-
257	56448,3979,54577,18002	|toedscruel||terashell|crunch,headsmash,drainpunch,psystrike|Serious|||||50|,,,,,Ice]|miraidon||levitate|nuzzle|Serious|||||100|,,,,,Water]|cinccino||dancer|armorcannon,imprison,aurasphere,thunderwave|Serious|||||88|,,,,,Steel]|hawlucha||terashell|shadowsneak,mysticalpower|Serious||M|||100|,,,,,Stellar]|cinccino||dancer|armorcannon,imprison,aurasphere,thunderwave|Serious|||||88|,,,,,Steel]|skuntank||multitype|dragonpulse,precipiceblades|Serious|||||100|,,,,,Steel	|vivillonhighplains||dancer|megahorn|Serious|||||50|,,,,,Fire]|toxapex||multitype|tailwind,tailslap|Serious|||||90|,,,,,Fighting]|leavanny||earlybird|triplearrows,doubleedge|Serious|||||90|,,,,,Stellar]|mesprit||earlybird|nightshade,scald,moongeistbeam|Serious||F|||100|,,,,,Poison]|magmortar||levitate|electroweb,bloodmoon,acidspray|Serious||M|||50|,,,,,Electric]|leavanny||earlybird|triplearrows,doubleedge|Serious|||||90|,,,,,Stellar	limit 990	false	25837,58007,41894,43002	rs=- ended=0 winner=- turn=990 mid=1 left=6,6 fl=0,0 active=0,1,6,7 party=0,1,2,3,4,5;6,7,8,9,10,11 speeds=120,306,234,272,234,204,109,95,198,196,103,198 orders=0.0,1.0,0.0,0.0,0.0,0.0,2.0,3.0,0.0,0.0,0.0,0.0 so=2,0,1,3 mons=0.155.0.0.1.0.0.0.0.0.1.0 1.341.0.0.1.0.0.0.1.0.1.0 2.257.0.0.0.0.0.0.2.0.1.0 3.297.0.0.0.0.0.0.3.0.1.0 4.257.0.0.0.0.0.0.4.0.1.0 5.347.0.0.0.0.0.0.5.0.1.0 6.155.0.0.1.0.0.0.0.0.1.0 7.217.0.0.1.0.0.0.1.0.1.0 8.262.0.0.0.0.0.0.2.0.1.0 9.301.0.0.0.0.0.0.3.0.1.0 10.150.0.0.0.0.0.0.4.0.1.0 11.262.0.0.0.0.0.0.5.0.1.0	|bigerror|You will auto-tie if the battle doesn't end in 10 turns (on turn 1000).	-
258	56448,3979,54577,18002	|toedscruel||terashell|crunch,headsmash,drainpunch,psystrike|Serious|||||50|,,,,,Ice]|miraidon||levitate|nuzzle|Serious|||||100|,,,,,Water]|cinccino||dancer|armorcannon,imprison,aurasphere,thunderwave|Serious|||||88|,,,,,Steel]|hawlucha||terashell|shadowsneak,mysticalpower|Serious||M|||100|,,,,,Stellar]|cinccino||dancer|armorcannon,imprison,aurasphere,thunderwave|Serious|||||88|,,,,,Steel]|skuntank||multitype|dragonpulse,precipiceblades|Serious|||||100|,,,,,Steel	|vivillonhighplains||dancer|megahorn|Serious|||||50|,,,,,Fire]|toxapex||multitype|tailwind,tailslap|Serious|||||90|,,,,,Fighting]|leavanny||earlybird|triplearrows,doubleedge|Serious|||||90|,,,,,Stellar]|mesprit||earlybird|nightshade,scald,moongeistbeam|Serious||F|||100|,,,,,Poison]|magmortar||levitate|electroweb,bloodmoon,acidspray|Serious||M|||50|,,,,,Electric]|leavanny||earlybird|triplearrows,doubleedge|Serious|||||90|,,,,,Stellar	limit 999	false	25837,58007,41894,43002	rs=- ended=0 winner=- turn=999 mid=1 left=6,6 fl=0,0 active=0,1,6,7 party=0,1,2,3,4,5;6,7,8,9,10,11 speeds=120,306,234,272,234,204,109,95,198,196,103,198 orders=0.0,1.0,0.0,0.0,0.0,0.0,2.0,3.0,0.0,0.0,0.0,0.0 so=2,0,1,3 mons=0.155.0.0.1.0.0.0.0.0.1.0 1.341.0.0.1.0.0.0.1.0.1.0 2.257.0.0.0.0.0.0.2.0.1.0 3.297.0.0.0.0.0.0.3.0.1.0 4.257.0.0.0.0.0.0.4.0.1.0 5.347.0.0.0.0.0.0.5.0.1.0 6.155.0.0.1.0.0.0.0.0.1.0 7.217.0.0.1.0.0.0.1.0.1.0 8.262.0.0.0.0.0.0.2.0.1.0 9.301.0.0.0.0.0.0.3.0.1.0 10.150.0.0.0.0.0.0.4.0.1.0 11.262.0.0.0.0.0.0.5.0.1.0	|bigerror|You will auto-tie if the battle doesn't end in 1 turn (on turn 1000).	-
259	56448,3979,54577,18002	|toedscruel||terashell|crunch,headsmash,drainpunch,psystrike|Serious|||||50|,,,,,Ice]|miraidon||levitate|nuzzle|Serious|||||100|,,,,,Water]|cinccino||dancer|armorcannon,imprison,aurasphere,thunderwave|Serious|||||88|,,,,,Steel]|hawlucha||terashell|shadowsneak,mysticalpower|Serious||M|||100|,,,,,Stellar]|cinccino||dancer|armorcannon,imprison,aurasphere,thunderwave|Serious|||||88|,,,,,Steel]|skuntank||multitype|dragonpulse,precipiceblades|Serious|||||100|,,,,,Steel	|vivillonhighplains||dancer|megahorn|Serious|||||50|,,,,,Fire]|toxapex||multitype|tailwind,tailslap|Serious|||||90|,,,,,Fighting]|leavanny||earlybird|triplearrows,doubleedge|Serious|||||90|,,,,,Stellar]|mesprit||earlybird|nightshade,scald,moongeistbeam|Serious||F|||100|,,,,,Poison]|magmortar||levitate|electroweb,bloodmoon,acidspray|Serious||M|||50|,,,,,Electric]|leavanny||earlybird|triplearrows,doubleedge|Serious|||||90|,,,,,Stellar	limit 1000	false	25837,58007,41894,43002	rs=- ended=0 winner=- turn=1000 mid=1 left=6,6 fl=0,0 active=0,1,6,7 party=0,1,2,3,4,5;6,7,8,9,10,11 speeds=120,306,234,272,234,204,109,95,198,196,103,198 orders=0.0,1.0,0.0,0.0,0.0,0.0,2.0,3.0,0.0,0.0,0.0,0.0 so=2,0,1,3 mons=0.155.0.0.1.0.0.0.0.0.1.0 1.341.0.0.1.0.0.0.1.0.1.0 2.257.0.0.0.0.0.0.2.0.1.0 3.297.0.0.0.0.0.0.3.0.1.0 4.257.0.0.0.0.0.0.4.0.1.0 5.347.0.0.0.0.0.0.5.0.1.0 6.155.0.0.1.0.0.0.0.0.1.0 7.217.0.0.1.0.0.0.1.0.1.0 8.262.0.0.0.0.0.0.2.0.1.0 9.301.0.0.0.0.0.0.3.0.1.0 10.150.0.0.0.0.0.0.4.0.1.0 11.262.0.0.0.0.0.0.5.0.1.0	|bigerror|You will auto-tie if the battle doesn't end in 0 turns (on turn 1000).	-
260	56448,3979,54577,18002	|toedscruel||terashell|crunch,headsmash,drainpunch,psystrike|Serious|||||50|,,,,,Ice]|miraidon||levitate|nuzzle|Serious|||||100|,,,,,Water]|cinccino||dancer|armorcannon,imprison,aurasphere,thunderwave|Serious|||||88|,,,,,Steel]|hawlucha||terashell|shadowsneak,mysticalpower|Serious||M|||100|,,,,,Stellar]|cinccino||dancer|armorcannon,imprison,aurasphere,thunderwave|Serious|||||88|,,,,,Steel]|skuntank||multitype|dragonpulse,precipiceblades|Serious|||||100|,,,,,Steel	|vivillonhighplains||dancer|megahorn|Serious|||||50|,,,,,Fire]|toxapex||multitype|tailwind,tailslap|Serious|||||90|,,,,,Fighting]|leavanny||earlybird|triplearrows,doubleedge|Serious|||||90|,,,,,Stellar]|mesprit||earlybird|nightshade,scald,moongeistbeam|Serious||F|||100|,,,,,Poison]|magmortar||levitate|electroweb,bloodmoon,acidspray|Serious||M|||50|,,,,,Electric]|leavanny||earlybird|triplearrows,doubleedge|Serious|||||90|,,,,,Stellar	limit 1001	true	25837,58007,41894,43002	rs=- ended=1 winner=- turn=1001 mid=1 left=6,6 fl=0,0 active=0,1,6,7 party=0,1,2,3,4,5;6,7,8,9,10,11 speeds=120,306,234,272,234,204,109,95,198,196,103,198 orders=0.0,1.0,0.0,0.0,0.0,0.0,2.0,3.0,0.0,0.0,0.0,0.0 so=2,0,1,3 mons=0.155.0.0.1.0.0.0.0.0.1.0 1.341.0.0.1.0.0.0.1.0.1.0 2.257.0.0.0.0.0.0.2.0.1.0 3.297.0.0.0.0.0.0.3.0.1.0 4.257.0.0.0.0.0.0.4.0.1.0 5.347.0.0.0.0.0.0.5.0.1.0 6.155.0.0.1.0.0.0.0.0.1.0 7.217.0.0.1.0.0.0.1.0.1.0 8.262.0.0.0.0.0.0.2.0.1.0 9.301.0.0.0.0.0.0.3.0.1.0 10.150.0.0.0.0.0.0.4.0.1.0 11.262.0.0.0.0.0.0.5.0.1.0	|message|It is turn 1000. You have hit the turn limit!~|~|tie	-:1001:6,6
261	29383,25505,14884,2221	|deoxys||terashell|flamethrower,doubleedge|Serious|||||88|,,,,,Electric]|deoxys||terashell|flamethrower,doubleedge|Serious|||||88|,,,,,Electric]|delphox||terashell|malignantchain,megahorn,seedflare|Serious||M|||50|,,,,,Stellar]|umbreon||corrosion|secretsword,toxic,headsmash,mudshot|Serious||F|||90|,,,,,Ghost	|umbreon||corrosion|secretsword,toxic,headsmash,mudshot|Serious||F|||90|,,,,,Ghost]|magcargo||earlybird|strugglebug,hyperspacehole|Serious|||||100|,,,,,Dark]|deoxys||terashell|flamethrower,doubleedge|Serious|||||88|,,,,,Electric]|umbreon||corrosion|secretsword,toxic,headsmash,mudshot|Serious||F|||90|,,,,,Ghost]|deoxys||terashell|flamethrower,doubleedge|Serious|||||88|,,,,,Electric	wipe 0;messages 0 0 1	-,true	22485,56327,11459,16753	rs=- ended=1 winner=B turn=0 mid=1 left=0,5 fl=4,0 active=0,1,6,7 party=0,1,2,3;6,7,8,9,10 speeds=296,296,124,149,149,96,296,149,296 orders=0.0,1.0,0.0,0.0,2.0,3.0,0.0,0.0,0.0 so=2,0,1,3 mons=0.0.1.1.0.0.0.0.0.0.1.0 1.0.1.1.0.0.0.0.1.0.1.0 2.0.1.1.0.0.0.0.2.0.1.0 3.0.1.1.0.0.0.0.3.0.1.0 6.298.0.0.1.0.0.0.0.0.1.0 7.261.0.0.1.0.0.0.1.0.1.0 8.213.0.0.0.0.0.0.2.0.1.0 9.298.0.0.0.0.0.0.3.0.1.0 10.213.0.0.0.0.0.0.4.0.1.0	|faint|p1a: Deoxys~|faint|p1b: Deoxys~|faint|p1: Delphox~|faint|p1: Umbreon~|~|win|B	1:0:0,5
262	29383,25505,14884,2221	|deoxys||terashell|flamethrower,doubleedge|Serious|||||88|,,,,,Electric]|deoxys||terashell|flamethrower,doubleedge|Serious|||||88|,,,,,Electric]|delphox||terashell|malignantchain,megahorn,seedflare|Serious||M|||50|,,,,,Stellar]|umbreon||corrosion|secretsword,toxic,headsmash,mudshot|Serious||F|||90|,,,,,Ghost	|umbreon||corrosion|secretsword,toxic,headsmash,mudshot|Serious||F|||90|,,,,,Ghost]|magcargo||earlybird|strugglebug,hyperspacehole|Serious|||||100|,,,,,Dark]|deoxys||terashell|flamethrower,doubleedge|Serious|||||88|,,,,,Electric]|umbreon||corrosion|secretsword,toxic,headsmash,mudshot|Serious||F|||90|,,,,,Ghost]|deoxys||terashell|flamethrower,doubleedge|Serious|||||88|,,,,,Electric	wipe 1;messages 0 0 1	-,true	22485,56327,11459,16753	rs=- ended=1 winner=A turn=0 mid=1 left=4,0 fl=0,5 active=0,1,6,7 party=0,1,2,3;6,7,8,9,10 speeds=296,296,124,149,149,96,296,149,296 orders=0.0,1.0,0.0,0.0,2.0,3.0,0.0,0.0,0.0 so=2,0,1,3 mons=0.213.0.0.1.0.0.0.0.0.1.0 1.213.0.0.1.0.0.0.1.0.1.0 2.150.0.0.0.0.0.0.2.0.1.0 3.298.0.0.0.0.0.0.3.0.1.0 6.0.1.1.0.0.0.0.0.0.1.0 7.0.1.1.0.0.0.0.1.0.1.0 8.0.1.1.0.0.0.0.2.0.1.0 9.0.1.1.0.0.0.0.3.0.1.0 10.0.1.1.0.0.0.0.4.0.1.0	|faint|p2a: Umbreon~|faint|p2b: Magcargo~|faint|p2: Deoxys~|faint|p2: Umbreon~|faint|p2: Deoxys~|~|win|A	0:0:4,0
263	29383,25505,14884,2221	|deoxys||terashell|flamethrower,doubleedge|Serious|||||88|,,,,,Electric]|deoxys||terashell|flamethrower,doubleedge|Serious|||||88|,,,,,Electric]|delphox||terashell|malignantchain,megahorn,seedflare|Serious||M|||50|,,,,,Stellar]|umbreon||corrosion|secretsword,toxic,headsmash,mudshot|Serious||F|||90|,,,,,Ghost	|umbreon||corrosion|secretsword,toxic,headsmash,mudshot|Serious||F|||90|,,,,,Ghost]|magcargo||earlybird|strugglebug,hyperspacehole|Serious|||||100|,,,,,Dark]|deoxys||terashell|flamethrower,doubleedge|Serious|||||88|,,,,,Electric]|umbreon||corrosion|secretsword,toxic,headsmash,mudshot|Serious||F|||90|,,,,,Ghost]|deoxys||terashell|flamethrower,doubleedge|Serious|||||88|,,,,,Electric	wipe 0;wipe 1;messages 0 0 1	-,-,true	22485,56327,11459,16753	rs=- ended=1 winner=B turn=0 mid=1 left=0,0 fl=4,5 active=0,1,6,7 party=0,1,2,3;6,7,8,9,10 speeds=296,296,124,149,149,96,296,149,296 orders=0.0,1.0,0.0,0.0,2.0,3.0,0.0,0.0,0.0 so=2,0,1,3 mons=0.0.1.1.0.0.0.0.0.0.1.0 1.0.1.1.0.0.0.0.1.0.1.0 2.0.1.1.0.0.0.0.2.0.1.0 3.0.1.1.0.0.0.0.3.0.1.0 6.0.1.1.0.0.0.0.0.0.1.0 7.0.1.1.0.0.0.0.1.0.1.0 8.0.1.1.0.0.0.0.2.0.1.0 9.0.1.1.0.0.0.0.3.0.1.0 10.0.1.1.0.0.0.0.4.0.1.0	|faint|p1a: Deoxys~|faint|p1b: Deoxys~|faint|p1: Delphox~|faint|p1: Umbreon~|faint|p2a: Umbreon~|faint|p2b: Magcargo~|faint|p2: Deoxys~|faint|p2: Umbreon~|faint|p2: Deoxys~|~|win|B	1:0:0,0
264	29383,25505,14884,2221	|deoxys||terashell|flamethrower,doubleedge|Serious|||||88|,,,,,Electric]|deoxys||terashell|flamethrower,doubleedge|Serious|||||88|,,,,,Electric]|delphox||terashell|malignantchain,megahorn,seedflare|Serious||M|||50|,,,,,Stellar]|umbreon||corrosion|secretsword,toxic,headsmash,mudshot|Serious||F|||90|,,,,,Ghost	|umbreon||corrosion|secretsword,toxic,headsmash,mudshot|Serious||F|||90|,,,,,Ghost]|magcargo||earlybird|strugglebug,hyperspacehole|Serious|||||100|,,,,,Dark]|deoxys||terashell|flamethrower,doubleedge|Serious|||||88|,,,,,Electric]|umbreon||corrosion|secretsword,toxic,headsmash,mudshot|Serious||F|||90|,,,,,Ghost]|deoxys||terashell|flamethrower,doubleedge|Serious|||||88|,,,,,Electric	wipe 1;wipe 0;messages 0 0 1	-,-,true	22485,56327,11459,16753	rs=- ended=1 winner=A turn=0 mid=1 left=0,0 fl=4,5 active=0,1,6,7 party=0,1,2,3;6,7,8,9,10 speeds=296,296,124,149,149,96,296,149,296 orders=0.0,1.0,0.0,0.0,2.0,3.0,0.0,0.0,0.0 so=2,0,1,3 mons=0.0.1.1.0.0.0.0.0.0.1.0 1.0.1.1.0.0.0.0.1.0.1.0 2.0.1.1.0.0.0.0.2.0.1.0 3.0.1.1.0.0.0.0.3.0.1.0 6.0.1.1.0.0.0.0.0.0.1.0 7.0.1.1.0.0.0.0.1.0.1.0 8.0.1.1.0.0.0.0.2.0.1.0 9.0.1.1.0.0.0.0.3.0.1.0 10.0.1.1.0.0.0.0.4.0.1.0	|faint|p2a: Umbreon~|faint|p2b: Magcargo~|faint|p2: Deoxys~|faint|p2: Umbreon~|faint|p2: Deoxys~|faint|p1a: Deoxys~|faint|p1b: Deoxys~|faint|p1: Delphox~|faint|p1: Umbreon~|~|win|A	0:0:0,0
265	29383,25505,14884,2221	|deoxys||terashell|flamethrower,doubleedge|Serious|||||88|,,,,,Electric]|deoxys||terashell|flamethrower,doubleedge|Serious|||||88|,,,,,Electric]|delphox||terashell|malignantchain,megahorn,seedflare|Serious||M|||50|,,,,,Stellar]|umbreon||corrosion|secretsword,toxic,headsmash,mudshot|Serious||F|||90|,,,,,Ghost	|umbreon||corrosion|secretsword,toxic,headsmash,mudshot|Serious||F|||90|,,,,,Ghost]|magcargo||earlybird|strugglebug,hyperspacehole|Serious|||||100|,,,,,Dark]|deoxys||terashell|flamethrower,doubleedge|Serious|||||88|,,,,,Electric]|umbreon||corrosion|secretsword,toxic,headsmash,mudshot|Serious||F|||90|,,,,,Ghost]|deoxys||terashell|flamethrower,doubleedge|Serious|||||88|,,,,,Electric	wipe 0;wipe 1;messages 1 0 1	-,-,true	22485,56327,11459,16753	rs=- ended=1 winner=B turn=0 mid=1 left=0,0 fl=4,5 active=0,1,6,7 party=0,1,2,3;6,7,8,9,10 speeds=296,296,124,149,149,96,296,149,296 orders=0.0,1.0,0.0,0.0,2.0,3.0,0.0,0.0,0.0 so=2,0,1,3 mons=0.0.1.1.0.0.0.0.0.0.1.0 1.0.1.1.0.0.0.0.1.0.1.0 2.0.1.1.0.0.0.0.2.0.1.0 3.0.1.1.0.0.0.0.3.0.1.0 6.0.1.1.0.0.0.0.0.0.1.0 7.0.1.1.0.0.0.0.1.0.1.0 8.0.1.1.0.0.0.0.2.0.1.0 9.0.1.1.0.0.0.0.3.0.1.0 10.0.1.1.0.0.0.0.4.0.1.0	|faint|p2: Deoxys~|faint|p1a: Deoxys~|faint|p1b: Deoxys~|faint|p1: Delphox~|faint|p1: Umbreon~|faint|p2a: Umbreon~|faint|p2b: Magcargo~|faint|p2: Deoxys~|faint|p2: Umbreon~|~|win|B	1:0:0,0
266	29383,25505,14884,2221	|deoxys||terashell|flamethrower,doubleedge|Serious|||||88|,,,,,Electric]|deoxys||terashell|flamethrower,doubleedge|Serious|||||88|,,,,,Electric]|delphox||terashell|malignantchain,megahorn,seedflare|Serious||M|||50|,,,,,Stellar]|umbreon||corrosion|secretsword,toxic,headsmash,mudshot|Serious||F|||90|,,,,,Ghost	|umbreon||corrosion|secretsword,toxic,headsmash,mudshot|Serious||F|||90|,,,,,Ghost]|magcargo||earlybird|strugglebug,hyperspacehole|Serious|||||100|,,,,,Dark]|deoxys||terashell|flamethrower,doubleedge|Serious|||||88|,,,,,Electric]|umbreon||corrosion|secretsword,toxic,headsmash,mudshot|Serious||F|||90|,,,,,Ghost]|deoxys||terashell|flamethrower,doubleedge|Serious|||||88|,,,,,Electric	wipe 1;wipe 0;messages 1 0 1	-,-,true	22485,56327,11459,16753	rs=- ended=1 winner=A turn=0 mid=1 left=0,0 fl=4,5 active=0,1,6,7 party=0,1,2,3;6,7,8,9,10 speeds=296,296,124,149,149,96,296,149,296 orders=0.0,1.0,0.0,0.0,2.0,3.0,0.0,0.0,0.0 so=2,0,1,3 mons=0.0.1.1.0.0.0.0.0.0.1.0 1.0.1.1.0.0.0.0.1.0.1.0 2.0.1.1.0.0.0.0.2.0.1.0 3.0.1.1.0.0.0.0.3.0.1.0 6.0.1.1.0.0.0.0.0.0.1.0 7.0.1.1.0.0.0.0.1.0.1.0 8.0.1.1.0.0.0.0.2.0.1.0 9.0.1.1.0.0.0.0.3.0.1.0 10.0.1.1.0.0.0.0.4.0.1.0	|faint|p1: Umbreon~|faint|p2a: Umbreon~|faint|p2b: Magcargo~|faint|p2: Deoxys~|faint|p2: Umbreon~|faint|p2: Deoxys~|faint|p1a: Deoxys~|faint|p1b: Deoxys~|faint|p1: Delphox~|~|win|A	0:0:0,0
267	29383,25505,14884,2221	|deoxys||terashell|flamethrower,doubleedge|Serious|||||88|,,,,,Electric]|deoxys||terashell|flamethrower,doubleedge|Serious|||||88|,,,,,Electric]|delphox||terashell|malignantchain,megahorn,seedflare|Serious||M|||50|,,,,,Stellar]|umbreon||corrosion|secretsword,toxic,headsmash,mudshot|Serious||F|||90|,,,,,Ghost	|umbreon||corrosion|secretsword,toxic,headsmash,mudshot|Serious||F|||90|,,,,,Ghost]|magcargo||earlybird|strugglebug,hyperspacehole|Serious|||||100|,,,,,Dark]|deoxys||terashell|flamethrower,doubleedge|Serious|||||88|,,,,,Electric]|umbreon||corrosion|secretsword,toxic,headsmash,mudshot|Serious||F|||90|,,,,,Ghost]|deoxys||terashell|flamethrower,doubleedge|Serious|||||88|,,,,,Electric	wipe 0;wipe 1;messages 0 0 0;messages 0 1 1	-,-,false,true	22485,56327,11459,16753	rs=- ended=1 winner=- turn=0 mid=1 left=0,0 fl=4,5 active=0,1,6,7 party=0,1,2,3;6,7,8,9,10 speeds=296,296,124,149,149,96,296,149,296 orders=0.0,1.0,0.0,0.0,2.0,3.0,0.0,0.0,0.0 so=2,0,1,3 mons=0.0.1.1.0.0.0.0.0.0.1.0 1.0.1.1.0.0.0.0.1.0.1.0 2.0.1.1.0.0.0.0.2.0.1.0 3.0.1.1.0.0.0.0.3.0.1.0 6.0.1.1.0.0.0.0.0.0.1.0 7.0.1.1.0.0.0.0.1.0.1.0 8.0.1.1.0.0.0.0.2.0.1.0 9.0.1.1.0.0.0.0.3.0.1.0 10.0.1.1.0.0.0.0.4.0.1.0	|faint|p1a: Deoxys~|faint|p1b: Deoxys~|faint|p1: Delphox~|faint|p1: Umbreon~|faint|p2a: Umbreon~|faint|p2b: Magcargo~|faint|p2: Deoxys~|faint|p2: Umbreon~|faint|p2: Deoxys~|~|tie	-:0:0,0
268	29383,25505,14884,2221	|deoxys||terashell|flamethrower,doubleedge|Serious|||||88|,,,,,Electric]|deoxys||terashell|flamethrower,doubleedge|Serious|||||88|,,,,,Electric]|delphox||terashell|malignantchain,megahorn,seedflare|Serious||M|||50|,,,,,Stellar]|umbreon||corrosion|secretsword,toxic,headsmash,mudshot|Serious||F|||90|,,,,,Ghost	|umbreon||corrosion|secretsword,toxic,headsmash,mudshot|Serious||F|||90|,,,,,Ghost]|magcargo||earlybird|strugglebug,hyperspacehole|Serious|||||100|,,,,,Dark]|deoxys||terashell|flamethrower,doubleedge|Serious|||||88|,,,,,Electric]|umbreon||corrosion|secretsword,toxic,headsmash,mudshot|Serious||F|||90|,,,,,Ghost]|deoxys||terashell|flamethrower,doubleedge|Serious|||||88|,,,,,Electric	faint 0;messages 0 0 0;checkfainted	-,false,-	22485,56327,11459,16753	rs=- ended=0 winner=- turn=0 mid=1 left=3,5 fl=1,0 active=0,1,6,7 party=0,1,2,3;6,7,8,9,10 speeds=296,296,124,149,149,96,296,149,296 orders=0.0,1.0,0.0,0.0,2.0,3.0,0.0,0.0,0.0 so=2,0,1,3 mons=0.0.1.1.0.1.0.1.0.0.1.0 1.213.0.0.1.0.0.0.1.0.1.0 2.150.0.0.0.0.0.0.2.0.1.0 3.298.0.0.0.0.0.0.3.0.1.0 6.298.0.0.1.0.0.0.0.0.1.0 7.261.0.0.1.0.0.0.1.0.1.0 8.213.0.0.0.0.0.0.2.0.1.0 9.298.0.0.0.0.0.0.3.0.1.0 10.213.0.0.0.0.0.0.4.0.1.0	|faint|p1a: Deoxys	-
269	29383,25505,14884,2221	|deoxys||terashell|flamethrower,doubleedge|Serious|||||88|,,,,,Electric]|deoxys||terashell|flamethrower,doubleedge|Serious|||||88|,,,,,Electric]|delphox||terashell|malignantchain,megahorn,seedflare|Serious||M|||50|,,,,,Stellar]|umbreon||corrosion|secretsword,toxic,headsmash,mudshot|Serious||F|||90|,,,,,Ghost	|umbreon||corrosion|secretsword,toxic,headsmash,mudshot|Serious||F|||90|,,,,,Ghost]|magcargo||earlybird|strugglebug,hyperspacehole|Serious|||||100|,,,,,Dark]|deoxys||terashell|flamethrower,doubleedge|Serious|||||88|,,,,,Electric]|umbreon||corrosion|secretsword,toxic,headsmash,mudshot|Serious||F|||90|,,,,,Ghost]|deoxys||terashell|flamethrower,doubleedge|Serious|||||88|,,,,,Electric	tera 0;faint 0;messages 0 0 0;checkfainted	-,-,false,-	22485,56327,11459,16753	rs=- ended=0 winner=- turn=0 mid=1 left=3,5 fl=1,0 active=0,1,6,7 party=0,1,2,3;6,7,8,9,10 speeds=296,296,124,149,149,96,296,149,296 orders=0.0,1.0,0.0,0.0,2.0,3.0,0.0,0.0,0.0 so=2,0,1,3 mons=0.0.1.1.0.1.0.1.0.0.0.0 1.213.0.0.1.0.0.0.1.0.0.0 2.150.0.0.0.0.0.0.2.0.0.0 3.298.0.0.0.0.0.0.3.0.0.0 6.298.0.0.1.0.0.0.0.0.1.0 7.261.0.0.1.0.0.0.1.0.1.0 8.213.0.0.0.0.0.0.2.0.1.0 9.298.0.0.0.0.0.0.3.0.1.0 10.213.0.0.0.0.0.0.4.0.1.0	|-terastallize|p1a: Deoxys|Electric~|faint|p1a: Deoxys	-
270	29383,25505,14884,2221	|deoxys||terashell|flamethrower,doubleedge|Serious|||||88|,,,,,Electric]|deoxys||terashell|flamethrower,doubleedge|Serious|||||88|,,,,,Electric]|delphox||terashell|malignantchain,megahorn,seedflare|Serious||M|||50|,,,,,Stellar]|umbreon||corrosion|secretsword,toxic,headsmash,mudshot|Serious||F|||90|,,,,,Ghost	|umbreon||corrosion|secretsword,toxic,headsmash,mudshot|Serious||F|||90|,,,,,Ghost]|magcargo||earlybird|strugglebug,hyperspacehole|Serious|||||100|,,,,,Dark]|deoxys||terashell|flamethrower,doubleedge|Serious|||||88|,,,,,Electric]|umbreon||corrosion|secretsword,toxic,headsmash,mudshot|Serious||F|||90|,,,,,Ghost]|deoxys||terashell|flamethrower,doubleedge|Serious|||||88|,,,,,Electric	tera 6;faint 6;messages 0 0 0;checkfainted	-,-,false,-	22485,56327,11459,16753	rs=- ended=0 winner=- turn=0 mid=1 left=4,4 fl=0,1 active=0,1,6,7 party=0,1,2,3;6,7,8,9,10 speeds=296,296,124,149,149,96,296,149,296 orders=0.0,1.0,0.0,0.0,2.0,3.0,0.0,0.0,0.0 so=2,0,1,3 mons=0.213.0.0.1.0.0.0.0.0.1.0 1.213.0.0.1.0.0.0.1.0.1.0 2.150.0.0.0.0.0.0.2.0.1.0 3.298.0.0.0.0.0.0.3.0.1.0 6.0.1.1.0.1.0.1.0.0.0.0 7.261.0.0.1.0.0.0.1.0.0.0 8.213.0.0.0.0.0.0.2.0.0.0 9.298.0.0.0.0.0.0.3.0.0.0 10.213.0.0.0.0.0.0.4.0.0.0	|-terastallize|p2a: Umbreon|Ghost~|faint|p2a: Umbreon	-
271	29383,25505,14884,2221	|deoxys||terashell|flamethrower,doubleedge|Serious|||||88|,,,,,Electric]|deoxys||terashell|flamethrower,doubleedge|Serious|||||88|,,,,,Electric]|delphox||terashell|malignantchain,megahorn,seedflare|Serious||M|||50|,,,,,Stellar]|umbreon||corrosion|secretsword,toxic,headsmash,mudshot|Serious||F|||90|,,,,,Ghost	|umbreon||corrosion|secretsword,toxic,headsmash,mudshot|Serious||F|||90|,,,,,Ghost]|magcargo||earlybird|strugglebug,hyperspacehole|Serious|||||100|,,,,,Dark]|deoxys||terashell|flamethrower,doubleedge|Serious|||||88|,,,,,Electric]|umbreon||corrosion|secretsword,toxic,headsmash,mudshot|Serious||F|||90|,,,,,Ghost]|deoxys||terashell|flamethrower,doubleedge|Serious|||||88|,,,,,Electric	cap 0;faint 0;messages 0 0 0	-,-,false	22485,56327,11459,16753	rs=- ended=0 winner=- turn=0 mid=1 left=3,5 fl=100,0 active=0,1,6,7 party=0,1,2,3;6,7,8,9,10 speeds=296,296,124,149,149,96,296,149,296 orders=0.0,1.0,0.0,0.0,2.0,3.0,0.0,0.0,0.0 so=2,0,1,3 mons=0.0.1.1.0.0.0.0.0.0.1.0 1.213.0.0.1.0.0.0.1.0.1.0 2.150.0.0.0.0.0.0.2.0.1.0 3.298.0.0.0.0.0.0.3.0.1.0 6.298.0.0.1.0.0.0.0.0.1.0 7.261.0.0.1.0.0.0.1.0.1.0 8.213.0.0.0.0.0.0.2.0.1.0 9.298.0.0.0.0.0.0.3.0.1.0 10.213.0.0.0.0.0.0.4.0.1.0	|faint|p1a: Deoxys	-
272	29383,25505,14884,2221	|deoxys||terashell|flamethrower,doubleedge|Serious|||||88|,,,,,Electric]|deoxys||terashell|flamethrower,doubleedge|Serious|||||88|,,,,,Electric]|delphox||terashell|malignantchain,megahorn,seedflare|Serious||M|||50|,,,,,Stellar]|umbreon||corrosion|secretsword,toxic,headsmash,mudshot|Serious||F|||90|,,,,,Ghost	|umbreon||corrosion|secretsword,toxic,headsmash,mudshot|Serious||F|||90|,,,,,Ghost]|magcargo||earlybird|strugglebug,hyperspacehole|Serious|||||100|,,,,,Dark]|deoxys||terashell|flamethrower,doubleedge|Serious|||||88|,,,,,Electric]|umbreon||corrosion|secretsword,toxic,headsmash,mudshot|Serious||F|||90|,,,,,Ghost]|deoxys||terashell|flamethrower,doubleedge|Serious|||||88|,,,,,Electric	faint 0;faint 0;messages 0 0 0;messages 0 0 1	-,-,false,false	22485,56327,11459,16753	rs=- ended=0 winner=- turn=0 mid=1 left=3,5 fl=1,0 active=0,1,6,7 party=0,1,2,3;6,7,8,9,10 speeds=296,296,124,149,149,96,296,149,296 orders=0.0,1.0,0.0,0.0,2.0,3.0,0.0,0.0,0.0 so=2,0,1,3 mons=0.0.1.1.0.0.0.0.0.0.1.0 1.213.0.0.1.0.0.0.1.0.1.0 2.150.0.0.0.0.0.0.2.0.1.0 3.298.0.0.0.0.0.0.3.0.1.0 6.298.0.0.1.0.0.0.0.0.1.0 7.261.0.0.1.0.0.0.1.0.1.0 8.213.0.0.0.0.0.0.2.0.1.0 9.298.0.0.0.0.0.0.3.0.1.0 10.213.0.0.0.0.0.0.4.0.1.0	|faint|p1a: Deoxys	-
273	29383,25505,14884,2221	|deoxys||terashell|flamethrower,doubleedge|Serious|||||88|,,,,,Electric]|deoxys||terashell|flamethrower,doubleedge|Serious|||||88|,,,,,Electric]|delphox||terashell|malignantchain,megahorn,seedflare|Serious||M|||50|,,,,,Stellar]|umbreon||corrosion|secretsword,toxic,headsmash,mudshot|Serious||F|||90|,,,,,Ghost	|umbreon||corrosion|secretsword,toxic,headsmash,mudshot|Serious||F|||90|,,,,,Ghost]|magcargo||earlybird|strugglebug,hyperspacehole|Serious|||||100|,,,,,Dark]|deoxys||terashell|flamethrower,doubleedge|Serious|||||88|,,,,,Electric]|umbreon||corrosion|secretsword,toxic,headsmash,mudshot|Serious||F|||90|,,,,,Ghost]|deoxys||terashell|flamethrower,doubleedge|Serious|||||88|,,,,,Electric	tie;tie;messages 0 1 1	true,false,-	22485,56327,11459,16753	rs=- ended=1 winner=- turn=0 mid=1 left=4,5 fl=0,0 active=0,1,6,7 party=0,1,2,3;6,7,8,9,10 speeds=296,296,124,149,149,96,296,149,296 orders=0.0,1.0,0.0,0.0,2.0,3.0,0.0,0.0,0.0 so=2,0,1,3 mons=0.213.0.0.1.0.0.0.0.0.1.0 1.213.0.0.1.0.0.0.1.0.1.0 2.150.0.0.0.0.0.0.2.0.1.0 3.298.0.0.0.0.0.0.3.0.1.0 6.298.0.0.1.0.0.0.0.0.1.0 7.261.0.0.1.0.0.0.1.0.1.0 8.213.0.0.0.0.0.0.2.0.1.0 9.298.0.0.0.0.0.0.3.0.1.0 10.213.0.0.0.0.0.0.4.0.1.0	|~|tie	-:0:4,5
274	29383,25505,14884,2221	|deoxys||terashell|flamethrower,doubleedge|Serious|||||88|,,,,,Electric]|deoxys||terashell|flamethrower,doubleedge|Serious|||||88|,,,,,Electric]|delphox||terashell|malignantchain,megahorn,seedflare|Serious||M|||50|,,,,,Stellar]|umbreon||corrosion|secretsword,toxic,headsmash,mudshot|Serious||F|||90|,,,,,Ghost	|umbreon||corrosion|secretsword,toxic,headsmash,mudshot|Serious||F|||90|,,,,,Ghost]|magcargo||earlybird|strugglebug,hyperspacehole|Serious|||||100|,,,,,Dark]|deoxys||terashell|flamethrower,doubleedge|Serious|||||88|,,,,,Electric]|umbreon||corrosion|secretsword,toxic,headsmash,mudshot|Serious||F|||90|,,,,,Ghost]|deoxys||terashell|flamethrower,doubleedge|Serious|||||88|,,,,,Electric	lose 0;lose 1	true,false	22485,56327,11459,16753	rs=- ended=1 winner=B turn=0 mid=1 left=4,5 fl=0,0 active=0,1,6,7 party=0,1,2,3;6,7,8,9,10 speeds=296,296,124,149,149,96,296,149,296 orders=0.0,1.0,0.0,0.0,2.0,3.0,0.0,0.0,0.0 so=2,0,1,3 mons=0.213.0.0.1.0.0.0.0.0.1.0 1.213.0.0.1.0.0.0.1.0.1.0 2.150.0.0.0.0.0.0.2.0.1.0 3.298.0.0.0.0.0.0.3.0.1.0 6.298.0.0.1.0.0.0.0.0.1.0 7.261.0.0.1.0.0.0.1.0.1.0 8.213.0.0.0.0.0.0.2.0.1.0 9.298.0.0.0.0.0.0.3.0.1.0 10.213.0.0.0.0.0.0.4.0.1.0	|~|win|B	1:0:4,5
275	29383,25505,14884,2221	|deoxys||terashell|flamethrower,doubleedge|Serious|||||88|,,,,,Electric]|deoxys||terashell|flamethrower,doubleedge|Serious|||||88|,,,,,Electric]|delphox||terashell|malignantchain,megahorn,seedflare|Serious||M|||50|,,,,,Stellar]|umbreon||corrosion|secretsword,toxic,headsmash,mudshot|Serious||F|||90|,,,,,Ghost	|umbreon||corrosion|secretsword,toxic,headsmash,mudshot|Serious||F|||90|,,,,,Ghost]|magcargo||earlybird|strugglebug,hyperspacehole|Serious|||||100|,,,,,Dark]|deoxys||terashell|flamethrower,doubleedge|Serious|||||88|,,,,,Electric]|umbreon||corrosion|secretsword,toxic,headsmash,mudshot|Serious||F|||90|,,,,,Ghost]|deoxys||terashell|flamethrower,doubleedge|Serious|||||88|,,,,,Electric	tiebreak	true	22485,56327,11459,16753	rs=- ended=1 winner=B turn=0 mid=1 left=4,5 fl=0,0 active=0,1,6,7 party=0,1,2,3;6,7,8,9,10 speeds=296,296,124,149,149,96,296,149,296 orders=0.0,1.0,0.0,0.0,2.0,3.0,0.0,0.0,0.0 so=2,0,1,3 mons=0.213.0.0.1.0.0.0.0.0.1.0 1.213.0.0.1.0.0.0.1.0.1.0 2.150.0.0.0.0.0.0.2.0.1.0 3.298.0.0.0.0.0.0.3.0.1.0 6.298.0.0.1.0.0.0.0.0.1.0 7.261.0.0.1.0.0.0.1.0.1.0 8.213.0.0.0.0.0.0.2.0.1.0 9.298.0.0.0.0.0.0.3.0.1.0 10.213.0.0.0.0.0.0.4.0.1.0	|message|Time's up! Going to tiebreaker...~|-message|A: 4 Pokemon left; B: 5 Pokemon left~|~|win|B	1:0:4,5
276	29383,25505,14884,2221	|deoxys||terashell|flamethrower,doubleedge|Serious|||||88|,,,,,Electric]|deoxys||terashell|flamethrower,doubleedge|Serious|||||88|,,,,,Electric]|delphox||terashell|malignantchain,megahorn,seedflare|Serious||M|||50|,,,,,Stellar]|umbreon||corrosion|secretsword,toxic,headsmash,mudshot|Serious||F|||90|,,,,,Ghost	|umbreon||corrosion|secretsword,toxic,headsmash,mudshot|Serious||F|||90|,,,,,Ghost]|magcargo||earlybird|strugglebug,hyperspacehole|Serious|||||100|,,,,,Dark]|deoxys||terashell|flamethrower,doubleedge|Serious|||||88|,,,,,Electric]|umbreon||corrosion|secretsword,toxic,headsmash,mudshot|Serious||F|||90|,,,,,Ghost]|deoxys||terashell|flamethrower,doubleedge|Serious|||||88|,,,,,Electric	fraction 0 0.5;fraction 1 0.25;tiebreak	-,-,true	22485,56327,11459,16753	rs=- ended=1 winner=B turn=0 mid=1 left=4,5 fl=0,0 active=0,1,6,7 party=0,1,2,3;6,7,8,9,10 speeds=296,296,124,149,149,96,296,149,296 orders=0.0,1.0,0.0,0.0,2.0,3.0,0.0,0.0,0.0 so=2,0,1,3 mons=0.106.0.0.1.0.0.0.0.0.1.0 1.106.0.0.1.0.0.0.1.0.1.0 2.75.0.0.0.0.0.0.2.0.1.0 3.149.0.0.0.0.0.0.3.0.1.0 6.74.0.0.1.0.0.0.0.0.1.0 7.65.0.0.1.0.0.0.1.0.1.0 8.53.0.0.0.0.0.0.2.0.1.0 9.74.0.0.0.0.0.0.3.0.1.0 10.53.0.0.0.0.0.0.4.0.1.0	|message|Time's up! Going to tiebreaker...~|-message|A: 4 Pokemon left; B: 5 Pokemon left~|~|win|B	1:0:4,5
277	29383,25505,14884,2221	|deoxys||terashell|flamethrower,doubleedge|Serious|||||88|,,,,,Electric]|deoxys||terashell|flamethrower,doubleedge|Serious|||||88|,,,,,Electric]|delphox||terashell|malignantchain,megahorn,seedflare|Serious||M|||50|,,,,,Stellar]|umbreon||corrosion|secretsword,toxic,headsmash,mudshot|Serious||F|||90|,,,,,Ghost	|umbreon||corrosion|secretsword,toxic,headsmash,mudshot|Serious||F|||90|,,,,,Ghost]|magcargo||earlybird|strugglebug,hyperspacehole|Serious|||||100|,,,,,Dark]|deoxys||terashell|flamethrower,doubleedge|Serious|||||88|,,,,,Electric]|umbreon||corrosion|secretsword,toxic,headsmash,mudshot|Serious||F|||90|,,,,,Ghost]|deoxys||terashell|flamethrower,doubleedge|Serious|||||88|,,,,,Electric	faint 0;messages 0 0 0;tiebreak	-,false,true	22485,56327,11459,16753	rs=- ended=1 winner=B turn=0 mid=1 left=3,5 fl=1,0 active=0,1,6,7 party=0,1,2,3;6,7,8,9,10 speeds=296,296,124,149,149,96,296,149,296 orders=0.0,1.0,0.0,0.0,2.0,3.0,0.0,0.0,0.0 so=2,0,1,3 mons=0.0.1.1.0.0.0.0.0.0.1.0 1.213.0.0.1.0.0.0.1.0.1.0 2.150.0.0.0.0.0.0.2.0.1.0 3.298.0.0.0.0.0.0.3.0.1.0 6.298.0.0.1.0.0.0.0.0.1.0 7.261.0.0.1.0.0.0.1.0.1.0 8.213.0.0.0.0.0.0.2.0.1.0 9.298.0.0.0.0.0.0.3.0.1.0 10.213.0.0.0.0.0.0.4.0.1.0	|faint|p1a: Deoxys~|message|Time's up! Going to tiebreaker...~|-message|A: 3 Pokemon left; B: 5 Pokemon left~|~|win|B	1:0:3,5
278	29383,25505,14884,2221	|deoxys||terashell|flamethrower,doubleedge|Serious|||||88|,,,,,Electric]|deoxys||terashell|flamethrower,doubleedge|Serious|||||88|,,,,,Electric]|delphox||terashell|malignantchain,megahorn,seedflare|Serious||M|||50|,,,,,Stellar]|umbreon||corrosion|secretsword,toxic,headsmash,mudshot|Serious||F|||90|,,,,,Ghost	|umbreon||corrosion|secretsword,toxic,headsmash,mudshot|Serious||F|||90|,,,,,Ghost]|magcargo||earlybird|strugglebug,hyperspacehole|Serious|||||100|,,,,,Dark]|deoxys||terashell|flamethrower,doubleedge|Serious|||||88|,,,,,Electric]|umbreon||corrosion|secretsword,toxic,headsmash,mudshot|Serious||F|||90|,,,,,Ghost]|deoxys||terashell|flamethrower,doubleedge|Serious|||||88|,,,,,Electric	left 0;left 1;messages 0 1 1	-,-,true	22485,56327,11459,16753	rs=- ended=1 winner=- turn=0 mid=1 left=0,0 fl=0,0 active=0,1,6,7 party=0,1,2,3;6,7,8,9,10 speeds=296,296,124,149,149,96,296,149,296 orders=0.0,1.0,0.0,0.0,2.0,3.0,0.0,0.0,0.0 so=2,0,1,3 mons=0.213.0.0.1.0.0.0.0.0.1.0 1.213.0.0.1.0.0.0.1.0.1.0 2.150.0.0.0.0.0.0.2.0.1.0 3.298.0.0.0.0.0.0.3.0.1.0 6.298.0.0.1.0.0.0.0.0.1.0 7.261.0.0.1.0.0.0.1.0.1.0 8.213.0.0.0.0.0.0.2.0.1.0 9.298.0.0.0.0.0.0.3.0.1.0 10.213.0.0.0.0.0.0.4.0.1.0	|~|tie	-:0:0,0
279	29383,25505,14884,2221	|deoxys||terashell|flamethrower,doubleedge|Serious|||||88|,,,,,Electric]|deoxys||terashell|flamethrower,doubleedge|Serious|||||88|,,,,,Electric]|delphox||terashell|malignantchain,megahorn,seedflare|Serious||M|||50|,,,,,Stellar]|umbreon||corrosion|secretsword,toxic,headsmash,mudshot|Serious||F|||90|,,,,,Ghost	|umbreon||corrosion|secretsword,toxic,headsmash,mudshot|Serious||F|||90|,,,,,Ghost]|magcargo||earlybird|strugglebug,hyperspacehole|Serious|||||100|,,,,,Dark]|deoxys||terashell|flamethrower,doubleedge|Serious|||||88|,,,,,Electric]|umbreon||corrosion|secretsword,toxic,headsmash,mudshot|Serious||F|||90|,,,,,Ghost]|deoxys||terashell|flamethrower,doubleedge|Serious|||||88|,,,,,Electric	limit 100	false	22485,56327,11459,16753	rs=- ended=0 winner=- turn=100 mid=1 left=4,5 fl=0,0 active=0,1,6,7 party=0,1,2,3;6,7,8,9,10 speeds=296,296,124,149,149,96,296,149,296 orders=0.0,1.0,0.0,0.0,2.0,3.0,0.0,0.0,0.0 so=2,0,1,3 mons=0.213.0.0.1.0.0.0.0.0.1.0 1.213.0.0.1.0.0.0.1.0.1.0 2.150.0.0.0.0.0.0.2.0.1.0 3.298.0.0.0.0.0.0.3.0.1.0 6.298.0.0.1.0.0.0.0.0.1.0 7.261.0.0.1.0.0.0.1.0.1.0 8.213.0.0.0.0.0.0.2.0.1.0 9.298.0.0.0.0.0.0.3.0.1.0 10.213.0.0.0.0.0.0.4.0.1.0		-
280	29383,25505,14884,2221	|deoxys||terashell|flamethrower,doubleedge|Serious|||||88|,,,,,Electric]|deoxys||terashell|flamethrower,doubleedge|Serious|||||88|,,,,,Electric]|delphox||terashell|malignantchain,megahorn,seedflare|Serious||M|||50|,,,,,Stellar]|umbreon||corrosion|secretsword,toxic,headsmash,mudshot|Serious||F|||90|,,,,,Ghost	|umbreon||corrosion|secretsword,toxic,headsmash,mudshot|Serious||F|||90|,,,,,Ghost]|magcargo||earlybird|strugglebug,hyperspacehole|Serious|||||100|,,,,,Dark]|deoxys||terashell|flamethrower,doubleedge|Serious|||||88|,,,,,Electric]|umbreon||corrosion|secretsword,toxic,headsmash,mudshot|Serious||F|||90|,,,,,Ghost]|deoxys||terashell|flamethrower,doubleedge|Serious|||||88|,,,,,Electric	limit 101	false	22485,56327,11459,16753	rs=- ended=0 winner=- turn=101 mid=1 left=4,5 fl=0,0 active=0,1,6,7 party=0,1,2,3;6,7,8,9,10 speeds=296,296,124,149,149,96,296,149,296 orders=0.0,1.0,0.0,0.0,2.0,3.0,0.0,0.0,0.0 so=2,0,1,3 mons=0.213.0.0.1.0.0.0.0.0.1.0 1.213.0.0.1.0.0.0.1.0.1.0 2.150.0.0.0.0.0.0.2.0.1.0 3.298.0.0.0.0.0.0.3.0.1.0 6.298.0.0.1.0.0.0.0.0.1.0 7.261.0.0.1.0.0.0.1.0.1.0 8.213.0.0.0.0.0.0.2.0.1.0 9.298.0.0.0.0.0.0.3.0.1.0 10.213.0.0.0.0.0.0.4.0.1.0		-
281	29383,25505,14884,2221	|deoxys||terashell|flamethrower,doubleedge|Serious|||||88|,,,,,Electric]|deoxys||terashell|flamethrower,doubleedge|Serious|||||88|,,,,,Electric]|delphox||terashell|malignantchain,megahorn,seedflare|Serious||M|||50|,,,,,Stellar]|umbreon||corrosion|secretsword,toxic,headsmash,mudshot|Serious||F|||90|,,,,,Ghost	|umbreon||corrosion|secretsword,toxic,headsmash,mudshot|Serious||F|||90|,,,,,Ghost]|magcargo||earlybird|strugglebug,hyperspacehole|Serious|||||100|,,,,,Dark]|deoxys||terashell|flamethrower,doubleedge|Serious|||||88|,,,,,Electric]|umbreon||corrosion|secretsword,toxic,headsmash,mudshot|Serious||F|||90|,,,,,Ghost]|deoxys||terashell|flamethrower,doubleedge|Serious|||||88|,,,,,Electric	limit 499	false	22485,56327,11459,16753	rs=- ended=0 winner=- turn=499 mid=1 left=4,5 fl=0,0 active=0,1,6,7 party=0,1,2,3;6,7,8,9,10 speeds=296,296,124,149,149,96,296,149,296 orders=0.0,1.0,0.0,0.0,2.0,3.0,0.0,0.0,0.0 so=2,0,1,3 mons=0.213.0.0.1.0.0.0.0.0.1.0 1.213.0.0.1.0.0.0.1.0.1.0 2.150.0.0.0.0.0.0.2.0.1.0 3.298.0.0.0.0.0.0.3.0.1.0 6.298.0.0.1.0.0.0.0.0.1.0 7.261.0.0.1.0.0.0.1.0.1.0 8.213.0.0.0.0.0.0.2.0.1.0 9.298.0.0.0.0.0.0.3.0.1.0 10.213.0.0.0.0.0.0.4.0.1.0		-
282	29383,25505,14884,2221	|deoxys||terashell|flamethrower,doubleedge|Serious|||||88|,,,,,Electric]|deoxys||terashell|flamethrower,doubleedge|Serious|||||88|,,,,,Electric]|delphox||terashell|malignantchain,megahorn,seedflare|Serious||M|||50|,,,,,Stellar]|umbreon||corrosion|secretsword,toxic,headsmash,mudshot|Serious||F|||90|,,,,,Ghost	|umbreon||corrosion|secretsword,toxic,headsmash,mudshot|Serious||F|||90|,,,,,Ghost]|magcargo||earlybird|strugglebug,hyperspacehole|Serious|||||100|,,,,,Dark]|deoxys||terashell|flamethrower,doubleedge|Serious|||||88|,,,,,Electric]|umbreon||corrosion|secretsword,toxic,headsmash,mudshot|Serious||F|||90|,,,,,Ghost]|deoxys||terashell|flamethrower,doubleedge|Serious|||||88|,,,,,Electric	limit 500	false	22485,56327,11459,16753	rs=- ended=0 winner=- turn=500 mid=1 left=4,5 fl=0,0 active=0,1,6,7 party=0,1,2,3;6,7,8,9,10 speeds=296,296,124,149,149,96,296,149,296 orders=0.0,1.0,0.0,0.0,2.0,3.0,0.0,0.0,0.0 so=2,0,1,3 mons=0.213.0.0.1.0.0.0.0.0.1.0 1.213.0.0.1.0.0.0.1.0.1.0 2.150.0.0.0.0.0.0.2.0.1.0 3.298.0.0.0.0.0.0.3.0.1.0 6.298.0.0.1.0.0.0.0.0.1.0 7.261.0.0.1.0.0.0.1.0.1.0 8.213.0.0.0.0.0.0.2.0.1.0 9.298.0.0.0.0.0.0.3.0.1.0 10.213.0.0.0.0.0.0.4.0.1.0	|bigerror|You will auto-tie if the battle doesn't end in 500 turns (on turn 1000).	-
283	29383,25505,14884,2221	|deoxys||terashell|flamethrower,doubleedge|Serious|||||88|,,,,,Electric]|deoxys||terashell|flamethrower,doubleedge|Serious|||||88|,,,,,Electric]|delphox||terashell|malignantchain,megahorn,seedflare|Serious||M|||50|,,,,,Stellar]|umbreon||corrosion|secretsword,toxic,headsmash,mudshot|Serious||F|||90|,,,,,Ghost	|umbreon||corrosion|secretsword,toxic,headsmash,mudshot|Serious||F|||90|,,,,,Ghost]|magcargo||earlybird|strugglebug,hyperspacehole|Serious|||||100|,,,,,Dark]|deoxys||terashell|flamethrower,doubleedge|Serious|||||88|,,,,,Electric]|umbreon||corrosion|secretsword,toxic,headsmash,mudshot|Serious||F|||90|,,,,,Ghost]|deoxys||terashell|flamethrower,doubleedge|Serious|||||88|,,,,,Electric	limit 899	false	22485,56327,11459,16753	rs=- ended=0 winner=- turn=899 mid=1 left=4,5 fl=0,0 active=0,1,6,7 party=0,1,2,3;6,7,8,9,10 speeds=296,296,124,149,149,96,296,149,296 orders=0.0,1.0,0.0,0.0,2.0,3.0,0.0,0.0,0.0 so=2,0,1,3 mons=0.213.0.0.1.0.0.0.0.0.1.0 1.213.0.0.1.0.0.0.1.0.1.0 2.150.0.0.0.0.0.0.2.0.1.0 3.298.0.0.0.0.0.0.3.0.1.0 6.298.0.0.1.0.0.0.0.0.1.0 7.261.0.0.1.0.0.0.1.0.1.0 8.213.0.0.0.0.0.0.2.0.1.0 9.298.0.0.0.0.0.0.3.0.1.0 10.213.0.0.0.0.0.0.4.0.1.0		-
284	29383,25505,14884,2221	|deoxys||terashell|flamethrower,doubleedge|Serious|||||88|,,,,,Electric]|deoxys||terashell|flamethrower,doubleedge|Serious|||||88|,,,,,Electric]|delphox||terashell|malignantchain,megahorn,seedflare|Serious||M|||50|,,,,,Stellar]|umbreon||corrosion|secretsword,toxic,headsmash,mudshot|Serious||F|||90|,,,,,Ghost	|umbreon||corrosion|secretsword,toxic,headsmash,mudshot|Serious||F|||90|,,,,,Ghost]|magcargo||earlybird|strugglebug,hyperspacehole|Serious|||||100|,,,,,Dark]|deoxys||terashell|flamethrower,doubleedge|Serious|||||88|,,,,,Electric]|umbreon||corrosion|secretsword,toxic,headsmash,mudshot|Serious||F|||90|,,,,,Ghost]|deoxys||terashell|flamethrower,doubleedge|Serious|||||88|,,,,,Electric	limit 900	false	22485,56327,11459,16753	rs=- ended=0 winner=- turn=900 mid=1 left=4,5 fl=0,0 active=0,1,6,7 party=0,1,2,3;6,7,8,9,10 speeds=296,296,124,149,149,96,296,149,296 orders=0.0,1.0,0.0,0.0,2.0,3.0,0.0,0.0,0.0 so=2,0,1,3 mons=0.213.0.0.1.0.0.0.0.0.1.0 1.213.0.0.1.0.0.0.1.0.1.0 2.150.0.0.0.0.0.0.2.0.1.0 3.298.0.0.0.0.0.0.3.0.1.0 6.298.0.0.1.0.0.0.0.0.1.0 7.261.0.0.1.0.0.0.1.0.1.0 8.213.0.0.0.0.0.0.2.0.1.0 9.298.0.0.0.0.0.0.3.0.1.0 10.213.0.0.0.0.0.0.4.0.1.0	|bigerror|You will auto-tie if the battle doesn't end in 100 turns (on turn 1000).	-
285	29383,25505,14884,2221	|deoxys||terashell|flamethrower,doubleedge|Serious|||||88|,,,,,Electric]|deoxys||terashell|flamethrower,doubleedge|Serious|||||88|,,,,,Electric]|delphox||terashell|malignantchain,megahorn,seedflare|Serious||M|||50|,,,,,Stellar]|umbreon||corrosion|secretsword,toxic,headsmash,mudshot|Serious||F|||90|,,,,,Ghost	|umbreon||corrosion|secretsword,toxic,headsmash,mudshot|Serious||F|||90|,,,,,Ghost]|magcargo||earlybird|strugglebug,hyperspacehole|Serious|||||100|,,,,,Dark]|deoxys||terashell|flamethrower,doubleedge|Serious|||||88|,,,,,Electric]|umbreon||corrosion|secretsword,toxic,headsmash,mudshot|Serious||F|||90|,,,,,Ghost]|deoxys||terashell|flamethrower,doubleedge|Serious|||||88|,,,,,Electric	limit 989	false	22485,56327,11459,16753	rs=- ended=0 winner=- turn=989 mid=1 left=4,5 fl=0,0 active=0,1,6,7 party=0,1,2,3;6,7,8,9,10 speeds=296,296,124,149,149,96,296,149,296 orders=0.0,1.0,0.0,0.0,2.0,3.0,0.0,0.0,0.0 so=2,0,1,3 mons=0.213.0.0.1.0.0.0.0.0.1.0 1.213.0.0.1.0.0.0.1.0.1.0 2.150.0.0.0.0.0.0.2.0.1.0 3.298.0.0.0.0.0.0.3.0.1.0 6.298.0.0.1.0.0.0.0.0.1.0 7.261.0.0.1.0.0.0.1.0.1.0 8.213.0.0.0.0.0.0.2.0.1.0 9.298.0.0.0.0.0.0.3.0.1.0 10.213.0.0.0.0.0.0.4.0.1.0		-
286	29383,25505,14884,2221	|deoxys||terashell|flamethrower,doubleedge|Serious|||||88|,,,,,Electric]|deoxys||terashell|flamethrower,doubleedge|Serious|||||88|,,,,,Electric]|delphox||terashell|malignantchain,megahorn,seedflare|Serious||M|||50|,,,,,Stellar]|umbreon||corrosion|secretsword,toxic,headsmash,mudshot|Serious||F|||90|,,,,,Ghost	|umbreon||corrosion|secretsword,toxic,headsmash,mudshot|Serious||F|||90|,,,,,Ghost]|magcargo||earlybird|strugglebug,hyperspacehole|Serious|||||100|,,,,,Dark]|deoxys||terashell|flamethrower,doubleedge|Serious|||||88|,,,,,Electric]|umbreon||corrosion|secretsword,toxic,headsmash,mudshot|Serious||F|||90|,,,,,Ghost]|deoxys||terashell|flamethrower,doubleedge|Serious|||||88|,,,,,Electric	limit 990	false	22485,56327,11459,16753	rs=- ended=0 winner=- turn=990 mid=1 left=4,5 fl=0,0 active=0,1,6,7 party=0,1,2,3;6,7,8,9,10 speeds=296,296,124,149,149,96,296,149,296 orders=0.0,1.0,0.0,0.0,2.0,3.0,0.0,0.0,0.0 so=2,0,1,3 mons=0.213.0.0.1.0.0.0.0.0.1.0 1.213.0.0.1.0.0.0.1.0.1.0 2.150.0.0.0.0.0.0.2.0.1.0 3.298.0.0.0.0.0.0.3.0.1.0 6.298.0.0.1.0.0.0.0.0.1.0 7.261.0.0.1.0.0.0.1.0.1.0 8.213.0.0.0.0.0.0.2.0.1.0 9.298.0.0.0.0.0.0.3.0.1.0 10.213.0.0.0.0.0.0.4.0.1.0	|bigerror|You will auto-tie if the battle doesn't end in 10 turns (on turn 1000).	-
287	29383,25505,14884,2221	|deoxys||terashell|flamethrower,doubleedge|Serious|||||88|,,,,,Electric]|deoxys||terashell|flamethrower,doubleedge|Serious|||||88|,,,,,Electric]|delphox||terashell|malignantchain,megahorn,seedflare|Serious||M|||50|,,,,,Stellar]|umbreon||corrosion|secretsword,toxic,headsmash,mudshot|Serious||F|||90|,,,,,Ghost	|umbreon||corrosion|secretsword,toxic,headsmash,mudshot|Serious||F|||90|,,,,,Ghost]|magcargo||earlybird|strugglebug,hyperspacehole|Serious|||||100|,,,,,Dark]|deoxys||terashell|flamethrower,doubleedge|Serious|||||88|,,,,,Electric]|umbreon||corrosion|secretsword,toxic,headsmash,mudshot|Serious||F|||90|,,,,,Ghost]|deoxys||terashell|flamethrower,doubleedge|Serious|||||88|,,,,,Electric	limit 999	false	22485,56327,11459,16753	rs=- ended=0 winner=- turn=999 mid=1 left=4,5 fl=0,0 active=0,1,6,7 party=0,1,2,3;6,7,8,9,10 speeds=296,296,124,149,149,96,296,149,296 orders=0.0,1.0,0.0,0.0,2.0,3.0,0.0,0.0,0.0 so=2,0,1,3 mons=0.213.0.0.1.0.0.0.0.0.1.0 1.213.0.0.1.0.0.0.1.0.1.0 2.150.0.0.0.0.0.0.2.0.1.0 3.298.0.0.0.0.0.0.3.0.1.0 6.298.0.0.1.0.0.0.0.0.1.0 7.261.0.0.1.0.0.0.1.0.1.0 8.213.0.0.0.0.0.0.2.0.1.0 9.298.0.0.0.0.0.0.3.0.1.0 10.213.0.0.0.0.0.0.4.0.1.0	|bigerror|You will auto-tie if the battle doesn't end in 1 turn (on turn 1000).	-
288	29383,25505,14884,2221	|deoxys||terashell|flamethrower,doubleedge|Serious|||||88|,,,,,Electric]|deoxys||terashell|flamethrower,doubleedge|Serious|||||88|,,,,,Electric]|delphox||terashell|malignantchain,megahorn,seedflare|Serious||M|||50|,,,,,Stellar]|umbreon||corrosion|secretsword,toxic,headsmash,mudshot|Serious||F|||90|,,,,,Ghost	|umbreon||corrosion|secretsword,toxic,headsmash,mudshot|Serious||F|||90|,,,,,Ghost]|magcargo||earlybird|strugglebug,hyperspacehole|Serious|||||100|,,,,,Dark]|deoxys||terashell|flamethrower,doubleedge|Serious|||||88|,,,,,Electric]|umbreon||corrosion|secretsword,toxic,headsmash,mudshot|Serious||F|||90|,,,,,Ghost]|deoxys||terashell|flamethrower,doubleedge|Serious|||||88|,,,,,Electric	limit 1000	false	22485,56327,11459,16753	rs=- ended=0 winner=- turn=1000 mid=1 left=4,5 fl=0,0 active=0,1,6,7 party=0,1,2,3;6,7,8,9,10 speeds=296,296,124,149,149,96,296,149,296 orders=0.0,1.0,0.0,0.0,2.0,3.0,0.0,0.0,0.0 so=2,0,1,3 mons=0.213.0.0.1.0.0.0.0.0.1.0 1.213.0.0.1.0.0.0.1.0.1.0 2.150.0.0.0.0.0.0.2.0.1.0 3.298.0.0.0.0.0.0.3.0.1.0 6.298.0.0.1.0.0.0.0.0.1.0 7.261.0.0.1.0.0.0.1.0.1.0 8.213.0.0.0.0.0.0.2.0.1.0 9.298.0.0.0.0.0.0.3.0.1.0 10.213.0.0.0.0.0.0.4.0.1.0	|bigerror|You will auto-tie if the battle doesn't end in 0 turns (on turn 1000).	-
289	29383,25505,14884,2221	|deoxys||terashell|flamethrower,doubleedge|Serious|||||88|,,,,,Electric]|deoxys||terashell|flamethrower,doubleedge|Serious|||||88|,,,,,Electric]|delphox||terashell|malignantchain,megahorn,seedflare|Serious||M|||50|,,,,,Stellar]|umbreon||corrosion|secretsword,toxic,headsmash,mudshot|Serious||F|||90|,,,,,Ghost	|umbreon||corrosion|secretsword,toxic,headsmash,mudshot|Serious||F|||90|,,,,,Ghost]|magcargo||earlybird|strugglebug,hyperspacehole|Serious|||||100|,,,,,Dark]|deoxys||terashell|flamethrower,doubleedge|Serious|||||88|,,,,,Electric]|umbreon||corrosion|secretsword,toxic,headsmash,mudshot|Serious||F|||90|,,,,,Ghost]|deoxys||terashell|flamethrower,doubleedge|Serious|||||88|,,,,,Electric	limit 1001	true	22485,56327,11459,16753	rs=- ended=1 winner=- turn=1001 mid=1 left=4,5 fl=0,0 active=0,1,6,7 party=0,1,2,3;6,7,8,9,10 speeds=296,296,124,149,149,96,296,149,296 orders=0.0,1.0,0.0,0.0,2.0,3.0,0.0,0.0,0.0 so=2,0,1,3 mons=0.213.0.0.1.0.0.0.0.0.1.0 1.213.0.0.1.0.0.0.1.0.1.0 2.150.0.0.0.0.0.0.2.0.1.0 3.298.0.0.0.0.0.0.3.0.1.0 6.298.0.0.1.0.0.0.0.0.1.0 7.261.0.0.1.0.0.0.1.0.1.0 8.213.0.0.0.0.0.0.2.0.1.0 9.298.0.0.0.0.0.0.3.0.1.0 10.213.0.0.0.0.0.0.4.0.1.0	|message|It is turn 1000. You have hit the turn limit!~|~|tie	-:1001:4,5
