# effect	hook	profile	source	owner	hp	type	physical	multihit	smart	total	last	checked	flags	species	turns	contact	suppress	secondaries	ability	old	oldability	foes	def	spd	substitute	tailwind	boostresult	effecttype	effectstatus	status	item	length	lowered	atkboost	wind	shuriken	trace	return	checked	flags0	flags1	flags6	old	multihit
download	onStart	0	6	0	40	Fire	1	0	0	100	20	-1	0	greninjabond	1	1	0	0	0	-1	0	2	100	100	0	0	true	Move	1	brn	sitrusberry	1	-1	-1	1	1	foes:0:false|stat:6:def:false:true|stat:6:spd:false:true|stat:7:def:false:true|stat:7:spd:false:true|boost:spa=1:undefined:undefined:undefined:false:false	undefined	undefined	0	0	0	-1	0
download	onStart	1	6	0	40	Fire	1	0	0	100	20	-1	0	greninjabond	1	1	0	0	0	-1	0	2	100	100	0	0	true	Move	1	brn	sitrusberry	1	-1	-1	1	1	foes:0:false|stat:6:def:false:true|stat:6:spd:false:true|stat:7:def:false:true|stat:7:spd:false:true|boost:spa=1:undefined:undefined:undefined:false:false	undefined	undefined	0	0	0	-1	0
download	onStart	2	1	0	40	Fire	1	0	0	100	20	-1	0	greninjabond	1	1	0	0	0	-1	0	2	100	100	0	0	true	Move	1	brn	sitrusberry	1	-1	-1	1	1	foes:0:false|stat:6:def:false:true|stat:6:spd:false:true|stat:7:def:false:true|stat:7:spd:false:true|boost:spa=1:undefined:undefined:undefined:false:false	undefined	undefined	0	0	0	-1	0
download	onStart	3	0	0	40	Fire	1	0	0	100	20	-1	0	greninjabond	1	1	0	0	0	-1	0	2	100	100	0	0	true	Move	1	brn	sitrusberry	1	-1	-1	1	1	foes:0:false|stat:6:def:false:true|stat:6:spd:false:true|stat:7:def:false:true|stat:7:spd:false:true|boost:spa=1:undefined:undefined:undefined:false:false	undefined	undefined	0	0	0	-1	0
download	onStart	4	-1	0	40	Fire	1	0	0	100	20	-1	0	greninjabond	1	1	0	0	0	-1	0	2	100	100	0	0	true	Move	1	brn	sitrusberry	1	-1	-1	1	1	foes:0:false|stat:6:def:false:true|stat:6:spd:false:true|stat:7:def:false:true|stat:7:spd:false:true|boost:spa=1:undefined:undefined:undefined:false:false	undefined	undefined	0	0	0	-1	0
download	onStart	5	6	0	40	Fire	1	0	0	100	20	-1	0	greninjabond	1	1	0	0	0	-1	0	2	100	100	0	0	true	Move	1	brn	sitrusberry	1	-1	-1	1	1	foes:0:false|stat:6:def:false:true|stat:6:spd:false:true|stat:7:def:false:true|stat:7:spd:false:true|boost:spa=1:undefined:undefined:undefined:false:false	undefined	undefined	0	0	0	-1	0
download	onStart	6	6	1	40	Fire	1	0	0	100	20	-1	0	greninjabond	1	1	0	0	0	-1	0	2	100	100	0	0	true	Move	1	brn	sitrusberry	1	-1	-1	1	1	foes:0:false|stat:6:def:false:true|stat:6:spd:false:true|stat:7:def:false:true|stat:7:spd:false:true|boost:spa=1:undefined:undefined:undefined:false:false	undefined	undefined	0	0	0	-1	0
download	onStart	7	6	6	40	Fire	1	0	0	100	20	-1	0	greninjabond	1	1	0	0	0	-1	0	2	100	100	0	0	true	Move	1	brn	sitrusberry	1	-1	-1	1	1	foes:0:false|stat:6:def:false:true|stat:6:spd:false:true|stat:7:def:false:true|stat:7:spd:false:true|boost:spa=1:undefined:undefined:undefined:false:false	undefined	undefined	0	0	0	-1	0
download	onStart	8	6	0	40	Fire	1	0	0	100	20	-1	0	greninjabond	1	1	0	0	0	-1	0	2	100	100	0	0	true	Move	1	brn	sitrusberry	1	-1	-1	1	1	foes:0:false|stat:6:def:false:true|stat:6:spd:false:true|stat:7:def:false:true|stat:7:spd:false:true|boost:spa=1:undefined:undefined:undefined:false:false	undefined	undefined	0	0	0	-1	0
download	onStart	9	6	0	0	Fire	1	0	0	100	20	-1	0	greninjabond	1	1	0	0	0	-1	0	2	100	100	0	0	true	Move	1	brn	sitrusberry	1	-1	-1	1	1	foes:0:false|stat:6:def:false:true|stat:6:spd:false:true|stat:7:def:false:true|stat:7:spd:false:true|boost:spa=1:undefined:undefined:undefined:false:false	undefined	undefined	0	0	0	-1	0
download	onStart	10	6	0	60	Fire	1	0	0	100	20	-1	0	greninjabond	1	1	0	0	0	-1	0	2	100	100	0	0	true	Move	1	brn	sitrusberry	1	-1	-1	1	1	foes:0:false|stat:6:def:false:true|stat:6:spd:false:true|stat:7:def:false:true|stat:7:spd:false:true|boost:spa=1:undefined:undefined:undefined:false:false	undefined	undefined	0	0	0	-1	0
download	onStart	11	6	0	61	Fire	1	0	0	100	20	-1	0	greninjabond	1	1	0	0	0	-1	0	2	100	100	0	0	true	Move	1	brn	sitrusberry	1	-1	-1	1	1	foes:0:false|stat:6:def:false:true|stat:6:spd:false:true|stat:7:def:false:true|stat:7:spd:false:true|boost:spa=1:undefined:undefined:undefined:false:false	undefined	undefined	0	0	0	-1	0
download	onStart	12	6	0	70	Fire	1	0	0	100	20	-1	0	greninjabond	1	1	0	0	0	-1	0	2	100	100	0	0	true	Move	1	brn	sitrusberry	1	-1	-1	1	1	foes:0:false|stat:6:def:false:true|stat:6:spd:false:true|stat:7:def:false:true|stat:7:spd:false:true|boost:spa=1:undefined:undefined:undefined:false:false	undefined	undefined	0	0	0	-1	0
download	onStart	13	6	0	40	Fire	1	0	0	100	20	-1	0	greninjabond	1	1	0	0	0	-1	0	2	100	100	0	0	true	Move	1	brn	sitrusberry	1	-1	-1	1	1	foes:0:false|stat:6:def:false:true|stat:6:spd:false:true|stat:7:def:false:true|stat:7:spd:false:true|boost:spa=1:undefined:undefined:undefined:false:false	undefined	undefined	0	0	0	-1	0
download	onStart	14	6	0	40	Water	1	0	0	100	20	-1	0	greninjabond	1	1	0	0	0	-1	0	2	100	100	0	0	true	Move	1	brn	sitrusberry	1	-1	-1	1	1	foes:0:false|stat:6:def:false:true|stat:6:spd:false:true|stat:7:def:false:true|stat:7:spd:false:true|boost:spa=1:undefined:undefined:undefined:false:false	undefined	undefined	0	0	0	-1	0
download	onStart	15	6	0	40	Dark	1	0	0	100	20	-1	0	greninjabond	1	1	0	0	0	-1	0	2	100	100	0	0	true	Move	1	brn	sitrusberry	1	-1	-1	1	1	foes:0:false|stat:6:def:false:true|stat:6:spd:false:true|stat:7:def:false:true|stat:7:spd:false:true|boost:spa=1:undefined:undefined:undefined:false:false	undefined	undefined	0	0	0	-1	0
download	onStart	16	6	0	40	Bug	1	0	0	100	20	-1	0	greninjabond	1	1	0	0	0	-1	0	2	100	100	0	0	true	Move	1	brn	sitrusberry	1	-1	-1	1	1	foes:0:false|stat:6:def:false:true|stat:6:spd:false:true|stat:7:def:false:true|stat:7:spd:false:true|boost:spa=1:undefined:undefined:undefined:false:false	undefined	undefined	0	0	0	-1	0
download	onStart	17	6	0	40	Ghost	1	0	0	100	20	-1	0	greninjabond	1	1	0	0	0	-1	0	2	100	100	0	0	true	Move	1	brn	sitrusberry	1	-1	-1	1	1	foes:0:false|stat:6:def:false:true|stat:6:spd:false:true|stat:7:def:false:true|stat:7:spd:false:true|boost:spa=1:undefined:undefined:undefined:false:false	undefined	undefined	0	0	0	-1	0
download	onStart	18	6	0	40	Normal	1	0	0	100	20	-1	0	greninjabond	1	1	0	0	0	-1	0	2	100	100	0	0	true	Move	1	brn	sitrusberry	1	-1	-1	1	1	foes:0:false|stat:6:def:false:true|stat:6:spd:false:true|stat:7:def:false:true|stat:7:spd:false:true|boost:spa=1:undefined:undefined:undefined:false:false	undefined	undefined	0	0	0	-1	0
download	onStart	19	6	0	40	Fire	1	0	0	100	20	-1	0	greninjabond	1	1	0	0	0	-1	0	2	100	100	0	0	true	Move	1	brn	sitrusberry	1	-1	-1	1	1	foes:0:false|stat:6:def:false:true|stat:6:spd:false:true|stat:7:def:false:true|stat:7:spd:false:true|boost:spa=1:undefined:undefined:undefined:false:false	undefined	undefined	0	0	0	-1	0
download	onStart	20	6	0	40	Fire	0	0	0	100	20	-1	0	greninjabond	1	1	0	0	0	-1	0	2	100	100	0	0	true	Move	1	brn	sitrusberry	1	-1	-1	1	1	foes:0:false|stat:6:def:false:true|stat:6:spd:false:true|stat:7:def:false:true|stat:7:spd:false:true|boost:spa=1:undefined:undefined:undefined:false:false	undefined	undefined	0	0	0	-1	0
download	onStart	21	6	0	40	Fire	1	0	0	100	20	-1	0	greninjabond	1	1	0	0	0	-1	0	2	100	100	0	0	true	Move	1	brn	sitrusberry	1	-1	-1	1	1	foes:0:false|stat:6:def:false:true|stat:6:spd:false:true|stat:7:def:false:true|stat:7:spd:false:true|boost:spa=1:undefined:undefined:undefined:false:false	undefined	undefined	0	0	0	-1	0
download	onStart	22	6	0	40	Fire	1	1	0	100	20	-1	0	greninjabond	1	1	0	0	0	-1	0	2	100	100	0	0	true	Move	1	brn	sitrusberry	1	-1	-1	1	1	foes:0:false|stat:6:def:false:true|stat:6:spd:false:true|stat:7:def:false:true|stat:7:spd:false:true|boost:spa=1:undefined:undefined:undefined:false:false	undefined	undefined	0	0	0	-1	2
download	onStart	23	6	0	40	Fire	1	0	0	100	20	-1	0	greninjabond	1	1	0	0	0	-1	0	2	100	100	0	0	true	Move	1	brn	sitrusberry	1	-1	-1	1	1	foes:0:false|stat:6:def:false:true|stat:6:spd:false:true|stat:7:def:false:true|stat:7:spd:false:true|boost:spa=1:undefined:undefined:undefined:false:false	undefined	undefined	0	0	0	-1	0
download	onStart	24	6	0	40	Fire	1	0	1	100	20	-1	0	greninjabond	1	1	0	0	0	-1	0	2	100	100	0	0	true	Move	1	brn	sitrusberry	1	-1	-1	1	1	foes:0:false|stat:6:def:false:true|stat:6:spd:false:true|stat:7:def:false:true|stat:7:spd:false:true|boost:spa=1:undefined:undefined:undefined:false:false	undefined	undefined	0	0	0	-1	0
download	onStart	25	6	0	40	Fire	1	0	0	100	20	-1	0	greninjabond	1	1	0	0	0	-1	0	2	100	100	0	0	true	Move	1	brn	sitrusberry	1	-1	-1	1	1	foes:0:false|stat:6:def:false:true|stat:6:spd:false:true|stat:7:def:false:true|stat:7:spd:false:true|boost:spa=1:undefined:undefined:undefined:false:false	undefined	undefined	0	0	0	-1	0
download	onStart	26	6	0	40	Fire	1	0	0	0	20	-1	0	greninjabond	1	1	0	0	0	-1	0	2	100	100	0	0	true	Move	1	brn	sitrusberry	1	-1	-1	1	1	foes:0:false|stat:6:def:false:true|stat:6:spd:false:true|stat:7:def:false:true|stat:7:spd:false:true|boost:spa=1:undefined:undefined:undefined:false:false	undefined	undefined	0	0	0	-1	0
download	onStart	27	6	0	40	Fire	1	0	0	10	20	-1	0	greninjabond	1	1	0	0	0	-1	0	2	100	100	0	0	true	Move	1	brn	sitrusberry	1	-1	-1	1	1	foes:0:false|stat:6:def:false:true|stat:6:spd:false:true|stat:7:def:false:true|stat:7:spd:false:true|boost:spa=1:undefined:undefined:undefined:false:false	undefined	undefined	0	0	0	-1	0
download	onStart	28	6	0	40	Fire	1	0	0	20	20	-1	0	greninjabond	1	1	0	0	0	-1	0	2	100	100	0	0	true	Move	1	brn	sitrusberry	1	-1	-1	1	1	foes:0:false|stat:6:def:false:true|stat:6:spd:false:true|stat:7:def:false:true|stat:7:spd:false:true|boost:spa=1:undefined:undefined:undefined:false:false	undefined	undefined	0	0	0	-1	0
download	onStart	29	6	0	40	Fire	1	0	0	100	20	-1	0	greninjabond	1	1	0	0	0	-1	0	2	100	100	0	0	true	Move	1	brn	sitrusberry	1	-1	-1	1	1	foes:0:false|stat:6:def:false:true|stat:6:spd:false:true|stat:7:def:false:true|stat:7:spd:false:true|boost:spa=1:undefined:undefined:undefined:false:false	undefined	undefined	0	0	0	-1	0
download	onStart	30	6	0	40	Fire	1	0	0	100	-1	-1	0	greninjabond	1	1	0	0	0	-1	0	2	100	100	0	0	true	Move	1	brn	sitrusberry	1	-1	-1	1	1	foes:0:false|stat:6:def:false:true|stat:6:spd:false:true|stat:7:def:false:true|stat:7:spd:false:true|boost:spa=1:undefined:undefined:undefined:false:false	undefined	undefined	0	0	0	-1	0
download	onStart	31	6	0	40	Fire	1	0	0	100	0	-1	0	greninjabond	1	1	0	0	0	-1	0	2	100	100	0	0	true	Move	1	brn	sitrusberry	1	-1	-1	1	1	foes:0:false|stat:6:def:false:true|stat:6:spd:false:true|stat:7:def:false:true|stat:7:spd:false:true|boost:spa=1:undefined:undefined:undefined:false:false	undefined	undefined	0	0	0	-1	0
download	onStart	32	6	0	40	Fire	1	0	0	100	100	-1	0	greninjabond	1	1	0	0	0	-1	0	2	100	100	0	0	true	Move	1	brn	sitrusberry	1	-1	-1	1	1	foes:0:false|stat:6:def:false:true|stat:6:spd:false:true|stat:7:def:false:true|stat:7:spd:false:true|boost:spa=1:undefined:undefined:undefined:false:false	undefined	undefined	0	0	0	-1	0
download	onStart	33	6	0	40	Fire	1	0	0	100	20	-1	0	greninjabond	1	1	0	0	0	-1	0	2	100	100	0	0	true	Move	1	brn	sitrusberry	1	-1	-1	1	1	foes:0:false|stat:6:def:false:true|stat:6:spd:false:true|stat:7:def:false:true|stat:7:spd:false:true|boost:spa=1:undefined:undefined:undefined:false:false	undefined	undefined	0	0	0	-1	0
download	onStart	34	6	0	40	Fire	1	0	0	100	20	0	0	greninjabond	1	1	0	0	0	-1	0	2	100	100	0	0	true	Move	1	brn	sitrusberry	1	-1	-1	1	1	foes:0:false|stat:6:def:false:true|stat:6:spd:false:true|stat:7:def:false:true|stat:7:spd:false:true|boost:spa=1:undefined:undefined:undefined:false:false	undefined	false	0	0	0	-1	0
download	onStart	35	6	0	40	Fire	1	0	0	100	20	1	0	greninjabond	1	1	0	0	0	-1	0	2	100	100	0	0	true	Move	1	brn	sitrusberry	1	-1	-1	1	1	foes:0:false|stat:6:def:false:true|stat:6:spd:false:true|stat:7:def:false:true|stat:7:spd:false:true|boost:spa=1:undefined:undefined:undefined:false:false	undefined	true	0	0	0	-1	0
download	onStart	36	6	0	40	Fire	1	0	0	100	20	-1	0	greninjabond	1	1	0	0	0	-1	0	2	100	100	0	0	true	Move	1	brn	sitrusberry	1	-1	-1	1	1	foes:0:false|stat:6:def:false:true|stat:6:spd:false:true|stat:7:def:false:true|stat:7:spd:false:true|boost:spa=1:undefined:undefined:undefined:false:false	undefined	undefined	0	0	0	-1	0
download	onStart	37	6	0	40	Fire	1	0	0	100	20	-1	8	greninjabond	1	1	0	0	0	-1	0	2	100	100	0	0	true	Move	1	brn	sitrusberry	1	-1	-1	1	1	foes:0:false|stat:6:def:false:true|stat:6:spd:false:true|stat:7:def:false:true|stat:7:spd:false:true|boost:spa=1:undefined:undefined:undefined:false:false	undefined	undefined	8	8	8	-1	0
download	onStart	38	6	0	40	Fire	1	0	0	100	20	-1	2048	greninjabond	1	1	0	0	0	-1	0	2	100	100	0	0	true	Move	1	brn	sitrusberry	1	-1	-1	1	1	foes:0:false|stat:6:def:false:true|stat:6:spd:false:true|stat:7:def:false:true|stat:7:spd:false:true|boost:spa=1:undefined:undefined:undefined:false:false	undefined	undefined	2048	2048	2048	-1	0
download	onStart	39	6	0	40	Fire	1	0	0	100	20	-1	8192	greninjabond	1	1	0	0	0	-1	0	2	100	100	0	0	true	Move	1	brn	sitrusberry	1	-1	-1	1	1	foes:0:false|stat:6:def:false:true|stat:6:spd:false:true|stat:7:def:false:true|stat:7:spd:false:true|boost:spa=1:undefined:undefined:undefined:false:false	undefined	undefined	8192	8192	8192	-1	0
download	onStart	40	6	0	40	Fire	1	0	0	100	20	-1	16384	greninjabond	1	1	0	0	0	-1	0	2	100	100	0	0	true	Move	1	brn	sitrusberry	1	-1	-1	1	1	foes:0:false|stat:6:def:false:true|stat:6:spd:false:true|stat:7:def:false:true|stat:7:spd:false:true|boost:spa=1:undefined:undefined:undefined:false:false	undefined	undefined	16384	16384	16384	-1	0
download	onStart	41	6	0	40	Fire	1	0	0	100	20	-1	24576	greninjabond	1	1	0	0	0	-1	0	2	100	100	0	0	true	Move	1	brn	sitrusberry	1	-1	-1	1	1	foes:0:false|stat:6:def:false:true|stat:6:spd:false:true|stat:7:def:false:true|stat:7:spd:false:true|boost:spa=1:undefined:undefined:undefined:false:false	undefined	undefined	24576	24576	24576	-1	0
download	onStart	42	6	0	40	Fire	1	0	0	100	20	-1	0	greninjabond	1	1	0	0	0	-1	0	2	100	100	0	0	true	Move	1	brn	sitrusberry	1	-1	-1	1	1	foes:0:false|stat:6:def:false:true|stat:6:spd:false:true|stat:7:def:false:true|stat:7:spd:false:true|boost:spa=1:undefined:undefined:undefined:false:false	undefined	undefined	0	0	0	-1	0
download	onStart	43	6	0	40	Fire	1	0	0	100	20	-1	0	greninjaash	1	1	0	0	0	-1	0	2	100	100	0	0	true	Move	1	brn	sitrusberry	1	-1	-1	1	1	foes:0:false|stat:6:def:false:true|stat:6:spd:false:true|stat:7:def:false:true|stat:7:spd:false:true|boost:spa=1:undefined:undefined:undefined:false:false	undefined	undefined	0	0	0	-1	0
download	onStart	44	6	0	40	Fire	1	0	0	100	20	-1	0	pikachu	1	1	0	0	0	-1	0	2	100	100	0	0	true	Move	1	brn	sitrusberry	1	-1	-1	1	1	foes:0:false|stat:6:def:false:true|stat:6:spd:false:true|stat:7:def:false:true|stat:7:spd:false:true|boost:spa=1:undefined:undefined:undefined:false:false	undefined	undefined	0	0	0	-1	0
download	onStart	45	6	0	40	Fire	1	0	0	100	20	-1	0	greninjabond	1	1	0	0	0	-1	0	2	100	100	0	0	true	Move	1	brn	sitrusberry	1	-1	-1	1	1	foes:0:false|stat:6:def:false:true|stat:6:spd:false:true|stat:7:def:false:true|stat:7:spd:false:true|boost:spa=1:undefined:undefined:undefined:false:false	undefined	undefined	0	0	0	-1	0
download	onStart	46	6	0	40	Fire	1	0	0	100	20	-1	0	greninjabond	0	1	0	0	0	-1	0	2	100	100	0	0	true	Move	1	brn	sitrusberry	1	-1	-1	1	1	foes:0:false|stat:6:def:false:true|stat:6:spd:false:true|stat:7:def:false:true|stat:7:spd:false:true|boost:spa=1:undefined:undefined:undefined:false:false	undefined	undefined	0	0	0	-1	0
download	onStart	47	6	0	40	Fire	1	0	0	100	20	-1	0	greninjabond	1	1	0	0	0	-1	0	2	100	100	0	0	true	Move	1	brn	sitrusberry	1	-1	-1	1	1	foes:0:false|stat:6:def:false:true|stat:6:spd:false:true|stat:7:def:false:true|stat:7:spd:false:true|boost:spa=1:undefined:undefined:undefined:false:false	undefined	undefined	0	0	0	-1	0
download	onStart	48	6	0	40	Fire	1	0	0	100	20	-1	0	greninjabond	1	0	0	0	0	-1	0	2	100	100	0	0	true	Move	1	brn	sitrusberry	1	-1	-1	1	1	foes:0:false|stat:6:def:false:true|stat:6:spd:false:true|stat:7:def:false:true|stat:7:spd:false:true|boost:spa=1:undefined:undefined:undefined:false:false	undefined	undefined	0	0	0	-1	0
download	onStart	49	6	0	40	Fire	1	0	0	100	20	-1	0	greninjabond	1	1	0	0	0	-1	0	2	100	100	0	0	true	Move	1	brn	sitrusberry	1	-1	-1	1	1	foes:0:false|stat:6:def:false:true|stat:6:spd:false:true|stat:7:def:false:true|stat:7:spd:false:true|boost:spa=1:undefined:undefined:undefined:false:false	undefined	undefined	0	0	0	-1	0
download	onStart	50	6	0	40	Fire	1	0	0	100	20	-1	0	greninjabond	1	1	1	0	0	-1	0	2	100	100	0	0	true	Move	1	brn	sitrusberry	1	-1	-1	1	1	foes:0:false|stat:6:def:false:true|stat:6:spd:false:true|stat:7:def:false:true|stat:7:spd:false:true|boost:spa=1:undefined:undefined:undefined:false:false	undefined	undefined	0	0	0	-1	0
download	onStart	51	6	0	40	Fire	1	0	0	100	20	-1	0	greninjabond	1	1	0	0	0	-1	0	2	100	100	0	0	true	Move	1	brn	sitrusberry	1	-1	-1	1	1	foes:0:false|stat:6:def:false:true|stat:6:spd:false:true|stat:7:def:false:true|stat:7:spd:false:true|boost:spa=1:undefined:undefined:undefined:false:false	undefined	undefined	0	0	0	-1	0
download	onStart	52	6	0	40	Fire	1	0	0	100	20	-1	0	greninjabond	1	1	0	1	0	-1	0	2	100	100	0	0	true	Move	1	brn	sitrusberry	1	-1	-1	1	1	foes:0:false|stat:6:def:false:true|stat:6:spd:false:true|stat:7:def:false:true|stat:7:spd:false:true|boost:spa=1:undefined:undefined:undefined:false:false	undefined	undefined	0	0	0	-1	0
download	onStart	53	6	0	40	Fire	1	0	0	100	20	-1	0	greninjabond	1	1	0	0	0	-1	0	2	100	100	0	0	true	Move	1	brn	sitrusberry	1	-1	-1	1	1	foes:0:false|stat:6:def:false:true|stat:6:spd:false:true|stat:7:def:false:true|stat:7:spd:false:true|boost:spa=1:undefined:undefined:undefined:false:false	undefined	undefined	0	0	0	-1	0
download	onStart	54	6	0	40	Fire	1	0	0	100	20	-1	0	greninjabond	1	1	0	0	1	-1	0	2	100	100	0	0	true	Move	1	brn	sitrusberry	1	-1	-1	1	1	foes:0:false|stat:6:def:false:true|stat:6:spd:false:true|stat:7:def:false:true|stat:7:spd:false:true|boost:spa=1:undefined:undefined:undefined:false:false	undefined	undefined	0	0	0	-1	0
download	onStart	55	6	0	40	Fire	1	0	0	100	20	-1	0	greninjabond	1	1	0	0	0	-1	0	2	100	100	0	0	true	Move	1	brn	sitrusberry	1	-1	-1	1	1	foes:0:false|stat:6:def:false:true|stat:6:spd:false:true|stat:7:def:false:true|stat:7:spd:false:true|boost:spa=1:undefined:undefined:undefined:false:false	undefined	undefined	0	0	0	-1	0
download	onStart	56	6	0	40	Fire	1	0	0	100	20	-1	0	greninjabond	1	1	0	0	0	0	0	2	100	100	0	0	true	Move	1	brn	sitrusberry	1	-1	-1	1	1	foes:0:false|stat:6:def:false:true|stat:6:spd:false:true|stat:7:def:false:true|stat:7:spd:false:true|boost:spa=1:undefined:undefined:undefined:false:false	undefined	undefined	0	0	0	0	0
download	onStart	57	6	0	40	Fire	1	0	0	100	20	-1	0	greninjabond	1	1	0	0	0	1	0	2	100	100	0	0	true	Move	1	brn	sitrusberry	1	-1	-1	1	1	foes:0:false|stat:6:def:false:true|stat:6:spd:false:true|stat:7:def:false:true|stat:7:spd:false:true|boost:spa=1:undefined:undefined:undefined:false:false	undefined	undefined	0	0	0	1	0
download	onStart	58	6	0	40	Fire	1	0	0	100	20	-1	0	greninjabond	1	1	0	0	0	6	0	2	100	100	0	0	true	Move	1	brn	sitrusberry	1	-1	-1	1	1	foes:0:false|stat:6:def:false:true|stat:6:spd:false:true|stat:7:def:false:true|stat:7:spd:false:true|boost:spa=1:undefined:undefined:undefined:false:false	undefined	undefined	0	0	0	6	0
download	onStart	59	6	0	40	Fire	1	0	0	100	20	-1	0	greninjabond	1	1	0	0	0	-1	0	2	100	100	0	0	true	Move	1	brn	sitrusberry	1	-1	-1	1	1	foes:0:false|stat:6:def:false:true|stat:6:spd:false:true|stat:7:def:false:true|stat:7:spd:false:true|boost:spa=1:undefined:undefined:undefined:false:false	undefined	undefined	0	0	0	-1	0
download	onStart	60	6	0	40	Fire	1	0	0	100	20	-1	0	greninjabond	1	1	0	0	0	-1	1	2	100	100	0	0	true	Move	1	brn	sitrusberry	1	-1	-1	1	1	foes:0:false|stat:6:def:false:true|stat:6:spd:false:true|stat:7:def:false:true|stat:7:spd:false:true|boost:spa=1:undefined:undefined:undefined:false:false	undefined	undefined	0	0	0	-1	0
download	onStart	61	6	0	40	Fire	1	0	0	100	20	-1	0	greninjabond	1	1	0	0	0	-1	0	2	100	100	0	0	true	Move	1	brn	sitrusberry	1	-1	-1	1	1	foes:0:false|stat:6:def:false:true|stat:6:spd:false:true|stat:7:def:false:true|stat:7:spd:false:true|boost:spa=1:undefined:undefined:undefined:false:false	undefined	undefined	0	0	0	-1	0
download	onStart	62	6	0	40	Fire	1	0	0	100	20	-1	0	greninjabond	1	1	0	0	0	-1	0	0	100	100	0	0	true	Move	1	brn	sitrusberry	1	-1	-1	1	1	foes:0:false	undefined	undefined	0	0	0	-1	0
download	onStart	63	6	0	40	Fire	1	0	0	100	20	-1	0	greninjabond	1	1	0	0	0	-1	0	1	100	100	0	0	true	Move	1	brn	sitrusberry	1	-1	-1	1	1	foes:0:false|stat:6:def:false:true|stat:6:spd:false:true|boost:spa=1:undefined:undefined:undefined:false:false	undefined	undefined	0	0	0	-1	0
download	onStart	64	6	0	40	Fire	1	0	0	100	20	-1	0	greninjabond	1	1	0	0	0	-1	0	2	100	100	0	0	true	Move	1	brn	sitrusberry	1	-1	-1	1	1	foes:0:false|stat:6:def:false:true|stat:6:spd:false:true|stat:7:def:false:true|stat:7:spd:false:true|boost:spa=1:undefined:undefined:undefined:false:false	undefined	undefined	0	0	0	-1	0
download	onStart	65	6	0	40	Fire	1	0	0	100	20	-1	0	greninjabond	1	1	0	0	0	-1	0	2	0	100	0	0	true	Move	1	brn	sitrusberry	1	-1	-1	1	1	foes:0:false|stat:6:def:false:true|stat:6:spd:false:true|stat:7:def:false:true|stat:7:spd:false:true|boost:atk=1:undefined:undefined:undefined:false:false	undefined	undefined	0	0	0	-1	0
download	onStart	66	6	0	40	Fire	1	0	0	100	20	-1	0	greninjabond	1	1	0	0	0	-1	0	2	60	100	0	0	true	Move	1	brn	sitrusberry	1	-1	-1	1	1	foes:0:false|stat:6:def:false:true|stat:6:spd:false:true|stat:7:def:false:true|stat:7:spd:false:true|boost:atk=1:undefined:undefined:undefined:false:false	undefined	undefined	0	0	0	-1	0
download	onStart	67	6	0	40	Fire	1	0	0	100	20	-1	0	greninjabond	1	1	0	0	0	-1	0	2	100	100	0	0	true	Move	1	brn	sitrusberry	1	-1	-1	1	1	foes:0:false|stat:6:def:false:true|stat:6:spd:false:true|stat:7:def:false:true|stat:7:spd:false:true|boost:spa=1:undefined:undefined:undefined:false:false	undefined	undefined	0	0	0	-1	0
download	onStart	68	6	0	40	Fire	1	0	0	100	20	-1	0	greninjabond	1	1	0	0	0	-1	0	2	100	0	0	0	true	Move	1	brn	sitrusberry	1	-1	-1	1	1	foes:0:false|stat:6:def:false:true|stat:6:spd:false:true|stat:7:def:false:true|stat:7:spd:false:true|boost:spa=1:undefined:undefined:undefined:false:false	undefined	undefined	0	0	0	-1	0
download	onStart	69	6	0	40	Fire	1	0	0	100	20	-1	0	greninjabond	1	1	0	0	0	-1	0	2	100	160	0	0	true	Move	1	brn	sitrusberry	1	-1	-1	1	1	foes:0:false|stat:6:def:false:true|stat:6:spd:false:true|stat:7:def:false:true|stat:7:spd:false:true|boost:atk=1:undefined:undefined:undefined:false:false	undefined	undefined	0	0	0	-1	0
download	onStart	70	6	0	40	Fire	1	0	0	100	20	-1	0	greninjabond	1	1	0	0	0	-1	0	2	100	100	0	0	true	Move	1	brn	sitrusberry	1	-1	-1	1	1	foes:0:false|stat:6:def:false:true|stat:6:spd:false:true|stat:7:def:false:true|stat:7:spd:false:true|boost:spa=1:undefined:undefined:undefined:false:false	undefined	undefined	0	0	0	-1	0
download	onStart	71	6	0	40	Fire	1	0	0	100	20	-1	0	greninjabond	1	1	0	0	0	-1	0	2	100	100	1	0	true	Move	1	brn	sitrusberry	1	-1	-1	1	1	foes:0:false|stat:6:def:false:true|stat:6:spd:false:true|stat:7:def:false:true|stat:7:spd:false:true|boost:spa=1:undefined:undefined:undefined:false:false	undefined	undefined	0	0	0	-1	0
download	onStart	72	6	0	40	Fire	1	0	0	100	20	-1	0	greninjabond	1	1	0	0	0	-1	0	2	100	100	0	0	true	Move	1	brn	sitrusberry	1	-1	-1	1	1	foes:0:false|stat:6:def:false:true|stat:6:spd:false:true|stat:7:def:false:true|stat:7:spd:false:true|boost:spa=1:undefined:undefined:undefined:false:false	undefined	undefined	0	0	0	-1	0
download	onStart	73	6	0	40	Fire	1	0	0	100	20	-1	0	greninjabond	1	1	0	0	0	-1	0	2	100	100	0	1	true	Move	1	brn	sitrusberry	1	-1	-1	1	1	foes:0:false|stat:6:def:false:true|stat:6:spd:false:true|stat:7:def:false:true|stat:7:spd:false:true|boost:spa=1:undefined:undefined:undefined:false:false	undefined	undefined	0	0	0	-1	0
download	onStart	74	6	0	40	Fire	1	0	0	100	20	-1	0	greninjabond	1	1	0	0	0	-1	0	2	100	100	0	0	true	Move	1	brn	sitrusberry	1	-1	-1	1	1	foes:0:false|stat:6:def:false:true|stat:6:spd:false:true|stat:7:def:false:true|stat:7:spd:false:true|boost:spa=1:undefined:undefined:undefined:false:false	undefined	undefined	0	0	0	-1	0
download	onStart	75	6	0	40	Fire	1	0	0	100	20	-1	0	greninjabond	1	1	0	0	0	-1	0	2	100	100	0	0	false	Move	1	brn	sitrusberry	1	-1	-1	1	1	foes:0:false|stat:6:def:false:true|stat:6:spd:false:true|stat:7:def:false:true|stat:7:spd:false:true|boost:spa=1:undefined:undefined:undefined:false:false	undefined	undefined	0	0	0	-1	0
download	onStart	76	6	0	40	Fire	1	0	0	100	20	-1	0	greninjabond	1	1	0	0	0	-1	0	2	100	100	0	0	0	Move	1	brn	sitrusberry	1	-1	-1	1	1	foes:0:false|stat:6:def:false:true|stat:6:spd:false:true|stat:7:def:false:true|stat:7:spd:false:true|boost:spa=1:undefined:undefined:undefined:false:false	undefined	undefined	0	0	0	-1	0
download	onStart	77	6	0	40	Fire	1	0	0	100	20	-1	0	greninjabond	1	1	0	0	0	-1	0	2	100	100	0	0	null	Move	1	brn	sitrusberry	1	-1	-1	1	1	foes:0:false|stat:6:def:false:true|stat:6:spd:false:true|stat:7:def:false:true|stat:7:spd:false:true|boost:spa=1:undefined:undefined:undefined:false:false	undefined	undefined	0	0	0	-1	0
download	onStart	78	6	0	40	Fire	1	0	0	100	20	-1	0	greninjabond	1	1	0	0	0	-1	0	2	100	100	0	0	undefined	Move	1	brn	sitrusberry	1	-1	-1	1	1	foes:0:false|stat:6:def:false:true|stat:6:spd:false:true|stat:7:def:false:true|stat:7:spd:false:true|boost:spa=1:undefined:undefined:undefined:false:false	undefined	undefined	0	0	0	-1	0
download	onStart	79	6	0	40	Fire	1	0	0	100	20	-1	0	greninjabond	1	1	0	0	0	-1	0	2	100	100	0	0	true	Move	1	brn	sitrusberry	1	-1	-1	1	1	foes:0:false|stat:6:def:false:true|stat:6:spd:false:true|stat:7:def:false:true|stat:7:spd:false:true|boost:spa=1:undefined:undefined:undefined:false:false	undefined	undefined	0	0	0	-1	0
download	onStart	80	6	0	40	Fire	1	0	0	100	20	-1	0	greninjabond	1	1	0	0	0	-1	0	2	100	100	0	0	true	Ability	1	brn	sitrusberry	1	-1	-1	1	1	foes:0:false|stat:6:def:false:true|stat:6:spd:false:true|stat:7:def:false:true|stat:7:spd:false:true|boost:spa=1:undefined:undefined:undefined:false:false	undefined	undefined	0	0	0	-1	0
download	onStart	81	6	0	40	Fire	1	0	0	100	20	-1	0	greninjabond	1	1	0	0	0	-1	0	2	100	100	0	0	true	missing	1	brn	sitrusberry	1	-1	-1	1	1	foes:0:false|stat:6:def:false:true|stat:6:spd:false:true|stat:7:def:false:true|stat:7:spd:false:true|boost:spa=1:undefined:undefined:undefined:false:false	undefined	undefined	0	0	0	-1	0
download	onStart	82	6	0	40	Fire	1	0	0	100	20	-1	0	greninjabond	1	1	0	0	0	-1	0	2	100	100	0	0	true	Move	1	brn	sitrusberry	1	-1	-1	1	1	foes:0:false|stat:6:def:false:true|stat:6:spd:false:true|stat:7:def:false:true|stat:7:spd:false:true|boost:spa=1:undefined:undefined:undefined:false:false	undefined	undefined	0	0	0	-1	0
download	onStart	83	6	0	40	Fire	1	0	0	100	20	-1	0	greninjabond	1	1	0	0	0	-1	0	2	100	100	0	0	true	Move	0	brn	sitrusberry	1	-1	-1	1	1	foes:0:false|stat:6:def:false:true|stat:6:spd:false:true|stat:7:def:false:true|stat:7:spd:false:true|boost:spa=1:undefined:undefined:undefined:false:false	undefined	undefined	0	0	0	-1	0
download	onStart	84	6	0	40	Fire	1	0	0	100	20	-1	0	greninjabond	1	1	0	0	0	-1	0	2	100	100	0	0	true	Move	1	brn	sitrusberry	1	-1	-1	1	1	foes:0:false|stat:6:def:false:true|stat:6:spd:false:true|stat:7:def:false:true|stat:7:spd:false:true|boost:spa=1:undefined:undefined:undefined:false:false	undefined	undefined	0	0	0	-1	0
download	onStart	85	6	0	40	Fire	1	0	0	100	20	-1	0	greninjabond	1	1	0	0	0	-1	0	2	100	100	0	0	true	Move	1	psn	sitrusberry	1	-1	-1	1	1	foes:0:false|stat:6:def:false:true|stat:6:spd:false:true|stat:7:def:false:true|stat:7:spd:false:true|boost:spa=1:undefined:undefined:undefined:false:false	undefined	undefined	0	0	0	-1	0
download	onStart	86	6	0	40	Fire	1	0	0	100	20	-1	0	greninjabond	1	1	0	0	0	-1	0	2	100	100	0	0	true	Move	1	brn	sitrusberry	1	-1	-1	1	1	foes:0:false|stat:6:def:false:true|stat:6:spd:false:true|stat:7:def:false:true|stat:7:spd:false:true|boost:spa=1:undefined:undefined:undefined:false:false	undefined	undefined	0	0	0	-1	0
download	onStart	87	6	0	40	Fire	1	0	0	100	20	-1	0	greninjabond	1	1	0	0	0	-1	0	2	100	100	0	0	true	Move	1	brn	aguavberry	1	-1	-1	1	1	foes:0:false|stat:6:def:false:true|stat:6:spd:false:true|stat:7:def:false:true|stat:7:spd:false:true|boost:spa=1:undefined:undefined:undefined:false:false	undefined	undefined	0	0	0	-1	0
download	onStart	88	6	0	40	Fire	1	0	0	100	20	-1	0	greninjabond	1	1	0	0	0	-1	0	2	100	100	0	0	true	Move	1	brn	figyberry	1	-1	-1	1	1	foes:0:false|stat:6:def:false:true|stat:6:spd:false:true|stat:7:def:false:true|stat:7:spd:false:true|boost:spa=1:undefined:undefined:undefined:false:false	undefined	undefined	0	0	0	-1	0
download	onStart	89	6	0	40	Fire	1	0	0	100	20	-1	0	greninjabond	1	1	0	0	0	-1	0	2	100	100	0	0	true	Move	1	brn	iapapaberry	1	-1	-1	1	1	foes:0:false|stat:6:def:false:true|stat:6:spd:false:true|stat:7:def:false:true|stat:7:spd:false:true|boost:spa=1:undefined:undefined:undefined:false:false	undefined	undefined	0	0	0	-1	0
download	onStart	90	6	0	40	Fire	1	0	0	100	20	-1	0	greninjabond	1	1	0	0	0	-1	0	2	100	100	0	0	true	Move	1	brn	magoberry	1	-1	-1	1	1	foes:0:false|stat:6:def:false:true|stat:6:spd:false:true|stat:7:def:false:true|stat:7:spd:false:true|boost:spa=1:undefined:undefined:undefined:false:false	undefined	undefined	0	0	0	-1	0
download	onStart	91	6	0	40	Fire	1	0	0	100	20	-1	0	greninjabond	1	1	0	0	0	-1	0	2	100	100	0	0	true	Move	1	brn	wikiberry	1	-1	-1	1	1	foes:0:false|stat:6:def:false:true|stat:6:spd:false:true|stat:7:def:false:true|stat:7:spd:false:true|boost:spa=1:undefined:undefined:undefined:false:false	undefined	undefined	0	0	0	-1	0
download	onStart	92	6	0	40	Fire	1	0	0	100	20	-1	0	greninjabond	1	1	0	0	0	-1	0	2	100	100	0	0	true	Move	1	brn	leftovers	1	-1	-1	1	1	foes:0:false|stat:6:def:false:true|stat:6:spd:false:true|stat:7:def:false:true|stat:7:spd:false:true|boost:spa=1:undefined:undefined:undefined:false:false	undefined	undefined	0	0	0	-1	0
download	onStart	93	6	0	40	Fire	1	0	0	100	20	-1	0	greninjabond	1	1	0	0	0	-1	0	2	100	100	0	0	true	Move	1	brn	sitrusberry	1	-1	-1	1	1	foes:0:false|stat:6:def:false:true|stat:6:spd:false:true|stat:7:def:false:true|stat:7:spd:false:true|boost:spa=1:undefined:undefined:undefined:false:false	undefined	undefined	0	0	0	-1	0
download	onStart	94	6	0	40	Fire	1	0	0	100	20	-1	0	greninjabond	1	1	0	0	0	-1	0	2	100	100	0	0	true	Move	1	brn	sitrusberry	2	-1	-1	1	1	foes:0:false|stat:6:def:false:true|stat:6:spd:false:true|stat:7:def:false:true|stat:7:spd:false:true|boost:spa=1:undefined:undefined:undefined:false:false	undefined	undefined	0	0	0	-1	0
download	onStart	95	6	0	40	Fire	1	0	0	100	20	-1	0	greninjabond	1	1	0	0	0	-1	0	2	100	100	0	0	true	Move	1	brn	sitrusberry	0	-1	-1	1	1	foes:0:false|stat:6:def:false:true|stat:6:spd:false:true|stat:7:def:false:true|stat:7:spd:false:true|boost:spa=1:undefined:undefined:undefined:false:false	undefined	undefined	0	0	0	-1	0
download	onStart	96	6	0	40	Fire	1	0	0	100	20	-1	0	greninjabond	1	1	0	0	0	-1	0	2	100	100	0	0	true	Move	1	brn	sitrusberry	1	-1	-1	1	1	foes:0:false|stat:6:def:false:true|stat:6:spd:false:true|stat:7:def:false:true|stat:7:spd:false:true|boost:spa=1:undefined:undefined:undefined:false:false	undefined	undefined	0	0	0	-1	0
download	onStart	97	6	0	40	Fire	1	0	0	100	20	-1	0	greninjabond	1	1	0	0	0	-1	0	2	100	100	0	0	true	Move	1	brn	sitrusberry	1	0	-1	1	1	foes:0:false|stat:6:def:false:true|stat:6:spd:false:true|stat:7:def:false:true|stat:7:spd:false:true|boost:spa=1:undefined:undefined:undefined:false:false	undefined	undefined	0	0	0	-1	0
download	onStart	98	6	0	40	Fire	1	0	0	100	20	-1	0	greninjabond	1	1	0	0	0	-1	0	2	100	100	0	0	true	Move	1	brn	sitrusberry	1	1	-1	1	1	foes:0:false|stat:6:def:false:true|stat:6:spd:false:true|stat:7:def:false:true|stat:7:spd:false:true|boost:spa=1:undefined:undefined:undefined:false:false	undefined	undefined	0	0	0	-1	0
download	onStart	99	6	0	40	Fire	1	0	0	100	20	-1	0	greninjabond	1	1	0	0	0	-1	0	2	100	100	0	0	true	Move	1	brn	sitrusberry	1	-1	-1	1	1	foes:0:false|stat:6:def:false:true|stat:6:spd:false:true|stat:7:def:false:true|stat:7:spd:false:true|boost:spa=1:undefined:undefined:undefined:false:false	undefined	undefined	0	0	0	-1	0
download	onStart	100	6	0	40	Fire	1	0	0	100	20	-1	0	greninjabond	1	1	0	0	0	-1	0	2	100	100	0	0	true	Move	1	brn	sitrusberry	1	-1	0	1	1	foes:0:false|stat:6:def:false:true|stat:6:spd:false:true|stat:7:def:false:true|stat:7:spd:false:true|boost:spa=1:undefined:undefined:undefined:false:false	undefined	undefined	0	0	0	-1	0
download	onStart	101	6	0	40	Fire	1	0	0	100	20	-1	0	greninjabond	1	1	0	0	0	-1	0	2	100	100	0	0	true	Move	1	brn	sitrusberry	1	-1	1	1	1	foes:0:false|stat:6:def:false:true|stat:6:spd:false:true|stat:7:def:false:true|stat:7:spd:false:true|boost:spa=1:undefined:undefined:undefined:false:false	undefined	undefined	0	0	0	-1	0
download	onStart	102	6	0	40	Fire	1	0	0	100	20	-1	0	greninjabond	1	1	0	0	0	-1	0	2	100	100	0	0	true	Move	1	brn	sitrusberry	1	-1	99	1	1	foes:0:false|stat:6:def:false:true|stat:6:spd:false:true|stat:7:def:false:true|stat:7:spd:false:true|boost:spa=1:undefined:undefined:undefined:false:false	undefined	undefined	0	0	0	-1	0
download	onStart	103	6	0	40	Fire	1	0	0	100	20	-1	0	greninjabond	1	1	0	0	0	-1	0	2	100	100	0	0	true	Move	1	brn	sitrusberry	1	-1	-1	1	1	foes:0:false|stat:6:def:false:true|stat:6:spd:false:true|stat:7:def:false:true|stat:7:spd:false:true|boost:spa=1:undefined:undefined:undefined:false:false	undefined	undefined	0	0	0	-1	0
download	onStart	104	6	0	40	Fire	1	0	0	100	20	-1	0	greninjabond	1	1	0	0	0	-1	0	2	100	100	0	0	true	Move	1	brn	sitrusberry	1	-1	-1	0	1	foes:0:false|stat:6:def:false:true|stat:6:spd:false:true|stat:7:def:false:true|stat:7:spd:false:true|boost:spa=1:undefined:undefined:undefined:false:false	undefined	undefined	0	0	0	-1	0
download	onStart	105	6	0	40	Fire	1	0	0	100	20	-1	0	greninjabond	1	1	0	0	0	-1	0	2	100	100	0	0	true	Move	1	brn	sitrusberry	1	-1	-1	1	1	foes:0:false|stat:6:def:false:true|stat:6:spd:false:true|stat:7:def:false:true|stat:7:spd:false:true|boost:spa=1:undefined:undefined:undefined:false:false	undefined	undefined	0	0	0	-1	0
download	onStart	106	6	0	40	Fire	1	0	0	100	20	-1	0	greninjabond	1	1	0	0	0	-1	0	2	100	100	0	0	true	Move	1	brn	sitrusberry	1	-1	-1	1	0	foes:0:false|stat:6:def:false:true|stat:6:spd:false:true|stat:7:def:false:true|stat:7:spd:false:true|boost:spa=1:undefined:undefined:undefined:false:false	undefined	undefined	0	0	0	-1	0
download	onStart	107	-1	6	0	Bug	0	0	0	20	-1	0	0	pikachu	0	1	0	0	1	-1	0	1	60	0	0	0	null	Move	1	brn	iapapaberry	1	0	-1	1	1	foes:0:false|stat:6:def:false:true|stat:6:spd:false:true|boost:spa=1:undefined:undefined:undefined:false:false	undefined	false	0	0	0	-1	0
download	onStart	108	-1	6	70	Dark	1	0	1	0	100	-1	2048	greninjaash	1	0	0	0	0	1	1	1	60	100	0	1	0	Move	0	psn	aguavberry	1	1	-1	0	0	foes:0:false|stat:6:def:false:true|stat:6:spd:false:true|boost:atk=1:undefined:undefined:undefined:false:false	undefined	undefined	2048	2048	2048	1	0
download	onStart	109	0	6	40	Bug	1	1	1	100	100	-1	2048	greninjabond	0	1	0	1	0	1	1	2	100	160	0	0	true	missing	0	brn	magoberry	2	-1	1	0	0	foes:0:false|stat:6:def:false:true|stat:6:spd:false:true|stat:7:def:false:true|stat:7:spd:false:true|boost:atk=1:undefined:undefined:undefined:false:false	undefined	undefined	2048	2048	2048	1	2
download	onStart	110	1	1	0	Normal	1	1	1	0	100	-1	24576	pikachu	0	0	0	0	1	-1	1	2	100	100	0	0	null	Move	0	brn	sitrusberry	0	0	0	1	0	foes:0:false|stat:6:def:false:true|stat:6:spd:false:true|stat:7:def:false:true|stat:7:spd:false:true|boost:spa=1:undefined:undefined:undefined:false:false	undefined	undefined	24576	24576	24576	-1	2
download	onStart	111	-1	6	40	Ghost	1	1	1	20	0	1	8192	pikachu	0	1	0	1	1	-1	1	0	0	0	1	0	undefined	missing	1	brn	iapapaberry	2	1	1	1	1	foes:0:false	undefined	true	8192	8192	8192	-1	2
download	onStart	112	0	1	40	Normal	1	0	0	100	100	-1	2048	pikachu	1	1	0	0	0	-1	0	1	0	160	1	0	undefined	Move	0	psn	wikiberry	2	0	1	0	1	foes:0:false|stat:6:def:false:true|stat:6:spd:false:true|boost:atk=1:undefined:undefined:undefined:false:false	undefined	undefined	2048	2048	2048	-1	0
download	onStart	113	1	0	40	Normal	0	0	0	100	0	-1	16384	greninjaash	0	1	0	1	0	1	0	2	60	100	1	0	0	missing	0	psn	figyberry	2	0	0	1	0	foes:0:false|stat:6:def:false:true|stat:6:spd:false:true|stat:7:def:false:true|stat:7:spd:false:true|boost:atk=1:undefined:undefined:undefined:false:false	undefined	undefined	16384	16384	16384	1	0
download	onStart	114	0	6	60	Dark	1	1	1	100	-1	-1	8	greninjaash	1	1	1	0	0	1	0	2	0	160	0	1	0	Move	1	brn	sitrusberry	0	-1	99	0	0	foes:0:false|stat:6:def:false:true|stat:6:spd:false:true|stat:7:def:false:true|stat:7:spd:false:true|boost:atk=1:undefined:undefined:undefined:false:false	undefined	undefined	8	8	8	1	2
download	onStart	115	6	1	40	Dark	0	0	1	20	20	0	8	pikachu	1	1	1	1	1	0	0	0	60	100	1	1	false	Move	1	brn	aguavberry	1	0	1	0	0	foes:0:false	undefined	false	8	8	8	0	0
download	onStart	116	1	6	0	Fire	1	1	1	100	100	1	0	greninjaash	0	1	1	1	0	1	1	2	100	160	1	0	false	missing	1	psn	figyberry	1	1	0	0	1	foes:0:false|stat:6:def:false:true|stat:6:spd:false:true|stat:7:def:false:true|stat:7:spd:false:true|boost:atk=1:undefined:undefined:undefined:false:false	undefined	true	0	0	0	1	2
download	onStart	117	1	1	61	Dark	0	0	1	0	100	-1	2048	greninjaash	1	0	0	1	0	-1	0	2	100	100	1	0	0	Ability	1	psn	wikiberry	0	-1	1	0	0	foes:0:false|stat:6:def:false:true|stat:6:spd:false:true|stat:7:def:false:true|stat:7:spd:false:true|boost:spa=1:undefined:undefined:undefined:false:false	undefined	undefined	2048	2048	2048	-1	0
download	onStart	118	6	0	0	Normal	1	0	1	0	20	-1	2048	greninjaash	0	1	1	0	1	-1	0	1	100	100	1	0	true	Move	0	psn	sitrusberry	2	1	99	0	1	foes:0:false|stat:6:def:false:true|stat:6:spd:false:true|boost:spa=1:undefined:undefined:undefined:false:false	undefined	undefined	2048	2048	2048	-1	0
download	onStart	119	0	1	60	Water	1	1	0	0	100	-1	24576	greninjaash	0	1	1	1	1	6	1	1	60	160	1	1	0	missing	1	brn	leftovers	0	1	99	0	0	foes:0:false|stat:6:def:false:true|stat:6:spd:false:true|boost:atk=1:undefined:undefined:undefined:false:false	undefined	undefined	24576	24576	24576	6	2
download	onStart	120	1	0	60	Normal	0	0	0	0	20	1	0	greninjabond	0	0	1	1	0	0	0	0	60	100	0	1	0	missing	0	psn	aguavberry	0	0	0	0	1	foes:0:false	undefined	true	0	0	0	0	0
download	onStart	121	1	6	40	Normal	1	1	0	20	-1	0	16384	greninjaash	1	0	0	0	1	1	1	1	60	100	1	0	null	missing	1	psn	wikiberry	1	-1	99	1	0	foes:0:false|stat:6:def:false:true|stat:6:spd:false:true|boost:atk=1:undefined:undefined:undefined:false:false	undefined	false	16384	16384	16384	1	2
download	onStart	122	-1	1	40	Dark	1	1	1	10	20	-1	24576	greninjaash	1	0	1	0	0	-1	1	1	0	100	0	1	false	Ability	0	psn	wikiberry	2	-1	99	1	1	foes:0:false|stat:6:def:false:true|stat:6:spd:false:true|boost:atk=1:undefined:undefined:undefined:false:false	undefined	undefined	24576	24576	24576	-1	2
download	onStart	123	0	1	0	Ghost	1	0	0	100	100	-1	8192	greninjaash	1	1	0	1	0	1	0	1	60	0	1	0	0	Ability	1	psn	figyberry	2	-1	0	1	1	foes:0:false|stat:6:def:false:true|stat:6:spd:false:true|boost:spa=1:undefined:undefined:undefined:false:false	undefined	undefined	8192	8192	8192	1	0
download	onStart	124	-1	1	61	Ghost	0	1	0	20	100	0	8	pikachu	1	1	1	0	0	0	0	1	0	0	0	1	false	missing	1	brn	figyberry	1	-1	1	0	1	foes:0:false|stat:6:def:false:true|stat:6:spd:false:true	undefined	false	8	8	8	0	2
download	onStart	125	-1	1	60	Dark	1	1	0	20	100	1	8	pikachu	0	1	1	1	0	1	1	0	60	160	1	1	undefined	missing	0	psn	leftovers	1	0	0	1	0	foes:0:false	undefined	true	8	8	8	1	2
download	onStart	126	0	6	70	Ghost	1	0	0	0	-1	-1	0	pikachu	0	1	1	0	0	0	1	2	0	0	1	0	undefined	missing	1	brn	aguavberry	1	-1	0	1	1	foes:0:false|stat:6:def:false:true|stat:6:spd:false:true|stat:7:def:false:true|stat:7:spd:false:true	undefined	undefined	0	0	0	0	0
download	onStart	127	0	1	0	Water	1	1	0	100	20	-1	8192	greninjaash	1	1	0	0	0	1	0	0	100	0	0	1	0	Ability	0	psn	magoberry	0	1	-1	1	1	foes:0:false	undefined	undefined	8192	8192	8192	1	2
download	onStart	128	1	6	60	Normal	1	1	1	10	0	-1	16384	pikachu	1	0	1	0	0	6	0	0	100	160	1	0	true	missing	1	psn	aguavberry	1	-1	-1	0	0	foes:0:false	undefined	undefined	16384	16384	16384	6	2
download	onStart	129	0	1	60	Fire	1	0	0	20	100	0	24576	greninjaash	0	1	0	0	1	1	0	1	60	160	1	0	null	missing	0	brn	figyberry	1	0	-1	1	0	foes:0:false|stat:6:def:false:true|stat:6:spd:false:true|boost:atk=1:undefined:undefined:undefined:false:false	undefined	false	24576	24576	24576	1	0
download	onStart	130	-1	0	0	Water	0	0	1	100	100	1	2048	greninjaash	0	0	0	0	1	6	1	0	0	0	1	1	null	Ability	1	brn	aguavberry	0	1	99	0	1	foes:0:false	undefined	true	2048	2048	2048	6	0
download	onStart	131	-1	6	60	Bug	1	0	0	0	100	-1	24576	greninjaash	1	1	1	0	1	6	0	2	0	0	0	0	false	Move	1	psn	wikiberry	2	1	99	1	0	foes:0:false|stat:6:def:false:true|stat:6:spd:false:true|stat:7:def:false:true|stat:7:spd:false:true	undefined	undefined	24576	24576	24576	6	0
download	onStart	132	1	6	0	Bug	1	0	1	10	100	-1	8192	greninjaash	1	0	0	1	0	0	0	1	0	160	1	0	null	Ability	1	brn	aguavberry	2	-1	99	1	1	foes:0:false|stat:6:def:false:true|stat:6:spd:false:true|boost:atk=1:undefined:undefined:undefined:false:false	undefined	undefined	8192	8192	8192	0	0
download	onStart	133	1	1	0	Water	1	1	0	100	100	1	16384	greninjabond	1	0	1	0	1	-1	1	0	60	160	1	1	null	Ability	1	brn	magoberry	2	-1	0	1	0	foes:0:false	undefined	true	16384	16384	16384	-1	2
download	onStart	134	1	6	60	Bug	1	1	0	0	0	0	24576	greninjaash	0	0	1	0	1	0	1	2	60	0	1	0	false	Ability	0	psn	wikiberry	2	-1	99	0	0	foes:0:false|stat:6:def:false:true|stat:6:spd:false:true|stat:7:def:false:true|stat:7:spd:false:true|boost:spa=1:undefined:undefined:undefined:false:false	undefined	false	24576	24576	24576	0	2
download	onStart	135	1	1	61	Bug	0	1	1	10	0	1	0	greninjaash	1	1	1	1	1	0	0	0	0	160	1	0	true	Ability	0	psn	sitrusberry	1	0	-1	1	0	foes:0:false	undefined	true	0	0	0	0	2
download	onStart	136	1	6	40	Normal	0	1	0	20	20	0	8	greninjabond	1	1	0	1	0	-1	1	0	100	100	1	1	0	Move	1	psn	sitrusberry	0	-1	99	0	0	foes:0:false	undefined	false	8	8	8	-1	2
download	onStart	137	0	0	40	Bug	0	0	0	20	-1	1	2048	pikachu	0	0	0	1	1	1	0	1	100	0	0	1	undefined	Ability	1	brn	iapapaberry	1	1	1	0	0	foes:0:false|stat:6:def:false:true|stat:6:spd:false:true|boost:spa=1:undefined:undefined:undefined:false:false	undefined	true	2048	2048	2048	1	0
download	onStart	138	6	1	70	Ghost	0	0	0	10	0	-1	8192	pikachu	0	0	0	0	0	0	0	1	0	0	1	1	0	missing	1	psn	figyberry	2	0	99	1	0	foes:0:false|stat:6:def:false:true|stat:6:spd:false:true	undefined	undefined	8192	8192	8192	0	0
download	onStart	139	6	6	70	Water	1	0	1	0	0	-1	8192	pikachu	0	1	0	0	1	-1	0	1	0	160	1	1	true	Move	1	brn	iapapaberry	1	0	1	0	1	foes:0:false|stat:6:def:false:true|stat:6:spd:false:true|boost:atk=1:undefined:undefined:undefined:false:false	undefined	undefined	8192	8192	8192	-1	0
download	onStart	140	-1	0	0	Normal	0	0	0	0	0	-1	8192	greninjabond	0	1	1	0	1	0	0	2	60	100	1	0	null	missing	1	brn	aguavberry	0	1	-1	1	0	foes:0:false|stat:6:def:false:true|stat:6:spd:false:true|stat:7:def:false:true|stat:7:spd:false:true|boost:atk=1:undefined:undefined:undefined:false:false	undefined	undefined	8192	8192	8192	0	0
download	onStart	141	6	1	70	Bug	0	0	0	10	20	-1	24576	greninjaash	1	1	1	0	1	1	0	0	0	160	1	0	false	Ability	0	brn	wikiberry	1	1	-1	1	0	foes:0:false	undefined	undefined	24576	24576	24576	1	0
download	onStart	142	6	1	0	Fire	1	1	0	0	0	1	16384	greninjabond	0	0	0	0	0	1	0	1	60	0	0	0	0	Move	0	brn	magoberry	1	1	0	1	1	foes:0:false|stat:6:def:false:true|stat:6:spd:false:true|boost:spa=1:undefined:undefined:undefined:false:false	undefined	true	16384	16384	16384	1	2
download	onStart	143	6	6	70	Ghost	0	1	0	0	100	-1	0	pikachu	1	1	0	1	1	-1	0	1	100	160	0	0	null	Ability	0	brn	sitrusberry	0	-1	0	0	1	foes:0:false|stat:6:def:false:true|stat:6:spd:false:true|boost:atk=1:undefined:undefined:undefined:false:false	undefined	undefined	0	0	0	-1	2
download	onStart	144	1	0	70	Normal	1	0	0	100	0	1	24576	greninjaash	0	1	1	0	0	1	1	2	60	0	0	1	undefined	Ability	1	psn	leftovers	1	0	1	0	1	foes:0:false|stat:6:def:false:true|stat:6:spd:false:true|stat:7:def:false:true|stat:7:spd:false:true|boost:spa=1:undefined:undefined:undefined:false:false	undefined	true	24576	24576	24576	1	0
download	onStart	145	0	6	40	Bug	1	1	1	10	100	1	8	pikachu	1	1	1	1	0	1	1	2	60	0	0	1	undefined	Ability	0	psn	figyberry	2	0	-1	0	0	foes:0:false|stat:6:def:false:true|stat:6:spd:false:true|stat:7:def:false:true|stat:7:spd:false:true|boost:spa=1:undefined:undefined:undefined:false:false	undefined	true	8	8	8	1	2
download	onStart	146	1	1	70	Normal	0	1	0	100	20	0	8	greninjaash	0	1	0	0	1	-1	1	2	100	160	1	1	true	missing	0	brn	wikiberry	2	-1	99	0	0	foes:0:false|stat:6:def:false:true|stat:6:spd:false:true|stat:7:def:false:true|stat:7:spd:false:true|boost:atk=1:undefined:undefined:undefined:false:false	undefined	false	8	8	8	-1	2
download	onStart	147	0	1	0	Fire	0	1	0	10	-1	1	24576	greninjabond	0	0	0	1	0	0	0	2	60	160	0	1	true	Move	0	brn	wikiberry	0	-1	0	1	0	foes:0:false|stat:6:def:false:true|stat:6:spd:false:true|stat:7:def:false:true|stat:7:spd:false:true|boost:atk=1:undefined:undefined:undefined:false:false	undefined	true	24576	24576	24576	0	2
download	onStart	148	6	6	61	Normal	1	1	0	0	0	0	8	greninjaash	1	1	0	1	1	-1	1	1	100	100	0	1	null	Move	0	brn	figyberry	2	0	0	1	0	foes:0:false|stat:6:def:false:true|stat:6:spd:false:true|boost:spa=1:undefined:undefined:undefined:false:false	undefined	false	8	8	8	-1	2
download	onStart	149	0	0	60	Ghost	1	1	0	20	20	1	0	pikachu	0	0	1	1	1	-1	1	2	0	100	1	0	false	Ability	0	psn	sitrusberry	2	1	-1	0	0	foes:0:false|stat:6:def:false:true|stat:6:spd:false:true|stat:7:def:false:true|stat:7:spd:false:true|boost:atk=1:undefined:undefined:undefined:false:false	undefined	true	0	0	0	-1	2
download	onStart	150	-1	6	0	Bug	0	1	1	0	100	1	0	greninjabond	1	1	0	0	1	6	1	1	0	160	0	0	false	Move	1	psn	magoberry	1	-1	99	0	1	foes:0:false|stat:6:def:false:true|stat:6:spd:false:true|boost:atk=1:undefined:undefined:undefined:false:false	undefined	true	0	0	0	6	2
download	onStart	151	6	6	40	Dark	0	1	1	20	20	-1	2048	greninjabond	0	1	0	0	0	6	0	0	60	160	1	1	false	missing	0	brn	sitrusberry	2	0	0	1	0	foes:0:false	undefined	undefined	2048	2048	2048	6	2
download	onStart	152	1	1	61	Bug	0	1	1	10	20	-1	24576	greninjaash	1	0	1	1	0	6	1	1	0	100	1	0	true	Move	1	psn	iapapaberry	2	-1	0	1	1	foes:0:false|stat:6:def:false:true|stat:6:spd:false:true|boost:atk=1:undefined:undefined:undefined:false:false	undefined	undefined	24576	24576	24576	6	2
download	onStart	153	-1	0	70	Dark	1	0	1	10	0	-1	16384	greninjabond	0	0	1	1	0	1	0	1	100	160	0	0	true	Ability	0	brn	iapapaberry	1	0	0	0	0	foes:0:false|stat:6:def:false:true|stat:6:spd:false:true|boost:atk=1:undefined:undefined:undefined:false:false	undefined	undefined	16384	16384	16384	1	0
download	onStart	154	0	6	70	Fire	0	1	0	10	100	0	0	greninjabond	0	1	1	0	0	1	1	2	100	0	0	0	true	Ability	1	psn	figyberry	2	-1	-1	0	1	foes:0:false|stat:6:def:false:true|stat:6:spd:false:true|stat:7:def:false:true|stat:7:spd:false:true|boost:spa=1:undefined:undefined:undefined:false:false	undefined	false	0	0	0	1	2
download	onStart	155	-1	0	0	Fire	0	1	1	10	20	1	0	greninjaash	0	0	1	0	1	1	1	0	100	0	1	0	undefined	missing	0	psn	sitrusberry	2	-1	99	0	1	foes:0:false	undefined	true	0	0	0	1	2
download	onStart	156	0	1	60	Water	1	1	1	100	0	-1	2048	greninjabond	0	0	0	0	1	-1	1	1	100	100	1	0	null	Move	0	brn	leftovers	1	0	1	1	1	foes:0:false|stat:6:def:false:true|stat:6:spd:false:true|boost:spa=1:undefined:undefined:undefined:false:false	undefined	undefined	2048	2048	2048	-1	2
download	onStart	157	6	6	40	Fire	1	0	0	0	20	1	16384	greninjabond	1	1	1	1	0	1	0	2	100	0	0	0	0	missing	1	psn	wikiberry	2	-1	99	0	0	foes:0:false|stat:6:def:false:true|stat:6:spd:false:true|stat:7:def:false:true|stat:7:spd:false:true|boost:spa=1:undefined:undefined:undefined:false:false	undefined	true	16384	16384	16384	1	0
download	onStart	158	0	1	70	Ghost	0	0	1	0	20	0	8192	pikachu	1	1	0	0	0	6	1	2	60	100	0	0	null	missing	0	brn	iapapaberry	0	1	0	0	0	foes:0:false|stat:6:def:false:true|stat:6:spd:false:true|stat:7:def:false:true|stat:7:spd:false:true|boost:atk=1:undefined:undefined:undefined:false:false	undefined	false	8192	8192	8192	6	0
download	onStart	159	-1	0	40	Bug	1	1	0	10	0	-1	16384	greninjabond	0	1	1	0	1	1	0	1	0	0	0	0	true	Move	0	brn	magoberry	1	0	1	1	1	foes:0:false|stat:6:def:false:true|stat:6:spd:false:true	undefined	undefined	16384	16384	16384	1	2
download	onStart	160	1	0	0	Water	0	1	0	20	-1	-1	24576	pikachu	0	0	0	0	1	0	0	1	60	160	1	1	undefined	missing	0	psn	magoberry	2	0	-1	1	1	foes:0:false|stat:6:def:false:true|stat:6:spd:false:true|boost:atk=1:undefined:undefined:undefined:false:false	undefined	undefined	24576	24576	24576	0	2
download	onStart	161	-1	6	0	Ghost	0	1	1	0	20	0	2048	greninjaash	0	1	1	0	0	1	1	0	100	100	0	0	undefined	Ability	1	brn	magoberry	1	0	99	1	0	foes:0:false	undefined	false	2048	2048	2048	1	2
download	onStart	162	-1	0	0	Water	0	0	1	0	0	0	8	greninjabond	0	0	1	1	0	0	0	2	60	100	0	0	true	Ability	0	brn	sitrusberry	1	-1	-1	1	0	foes:0:false|stat:6:def:false:true|stat:6:spd:false:true|stat:7:def:false:true|stat:7:spd:false:true|boost:atk=1:undefined:undefined:undefined:false:false	undefined	false	8	8	8	0	0
download	onStart	163	6	6	60	Ghost	0	1	0	20	20	-1	2048	greninjabond	0	0	0	0	0	6	1	0	60	100	1	0	0	missing	0	psn	figyberry	1	0	1	0	0	foes:0:false	undefined	undefined	2048	2048	2048	6	2
download	onStart	164	6	0	40	Water	0	0	0	20	0	-1	16384	pikachu	1	0	1	1	1	6	1	1	0	0	1	1	null	Move	0	brn	magoberry	2	-1	99	1	1	foes:0:false|stat:6:def:false:true|stat:6:spd:false:true	undefined	undefined	16384	16384	16384	6	0
download	onStart	165	-1	6	40	Normal	0	1	1	20	-1	1	24576	greninjaash	1	0	0	0	0	-1	1	0	100	160	0	1	undefined	missing	0	brn	aguavberry	1	1	99	0	0	foes:0:false	undefined	true	24576	24576	24576	-1	2
download	onStart	166	1	6	61	Normal	0	0	1	0	-1	0	16384	pikachu	1	0	1	0	0	-1	0	0	60	0	1	0	undefined	Move	0	psn	magoberry	1	0	99	1	0	foes:0:false	undefined	false	16384	16384	16384	-1	0
download	onStart	167	0	1	70	Water	1	1	1	0	100	0	0	greninjaash	0	1	0	1	1	0	0	1	100	160	0	0	null	Ability	1	psn	sitrusberry	1	1	1	0	0	foes:0:false|stat:6:def:false:true|stat:6:spd:false:true|boost:atk=1:undefined:undefined:undefined:false:false	undefined	false	0	0	0	0	2
download	onStart	168	6	1	61	Water	1	0	0	100	100	0	16384	greninjabond	1	1	1	1	1	6	0	0	60	100	0	0	true	Ability	0	psn	leftovers	0	1	99	1	0	foes:0:false	undefined	false	16384	16384	16384	6	0
download	onStart	169	-1	6	60	Bug	1	0	1	0	0	0	24576	pikachu	1	0	1	0	1	1	0	0	100	100	0	1	null	missing	0	psn	figyberry	1	1	-1	1	1	foes:0:false	undefined	false	24576	24576	24576	1	0
download	onStart	170	-1	6	61	Dark	0	0	1	20	-1	0	0	pikachu	1	0	1	1	1	-1	1	0	60	100	0	0	true	Ability	0	brn	wikiberry	0	1	-1	0	0	foes:0:false	undefined	false	0	0	0	-1	0
download	onStart	171	1	6	70	Water	1	1	0	20	100	1	0	pikachu	1	0	1	1	0	-1	1	1	100	160	0	1	undefined	Ability	0	brn	sitrusberry	2	0	-1	1	1	foes:0:false|stat:6:def:false:true|stat:6:spd:false:true|boost:atk=1:undefined:undefined:undefined:false:false	undefined	true	0	0	0	-1	2
download	onStart	172	0	0	60	Bug	1	0	0	10	0	-1	0	pikachu	1	1	0	0	1	6	0	1	60	100	0	0	true	Move	1	brn	magoberry	1	1	-1	0	0	foes:0:false|stat:6:def:false:true|stat:6:spd:false:true|boost:atk=1:undefined:undefined:undefined:false:false	undefined	undefined	0	0	0	6	0
download	onStart	173	1	0	0	Ghost	1	0	1	100	-1	-1	2048	greninjabond	0	1	0	0	0	1	0	2	0	0	0	1	undefined	missing	1	brn	wikiberry	2	1	1	1	0	foes:0:false|stat:6:def:false:true|stat:6:spd:false:true|stat:7:def:false:true|stat:7:spd:false:true	undefined	undefined	2048	2048	2048	1	0
download	onStart	174	-1	1	60	Fire	0	1	0	0	0	-1	2048	greninjaash	1	0	1	0	1	-1	1	0	100	0	1	0	true	Ability	1	psn	sitrusberry	0	0	0	0	1	foes:0:false	undefined	undefined	2048	2048	2048	-1	2
download	onStart	175	0	0	0	Ghost	1	1	1	20	20	0	8192	pikachu	0	1	1	1	0	-1	1	1	60	160	1	1	null	missing	1	psn	sitrusberry	2	-1	99	1	1	foes:0:false|stat:6:def:false:true|stat:6:spd:false:true|boost:atk=1:undefined:undefined:undefined:false:false	undefined	false	8192	8192	8192	-1	2
download	onStart	176	6	0	70	Bug	0	0	1	0	-1	0	16384	pikachu	1	0	1	0	1	-1	0	1	60	160	1	1	null	missing	0	psn	leftovers	1	-1	1	1	0	foes:0:false|stat:6:def:false:true|stat:6:spd:false:true|boost:atk=1:undefined:undefined:undefined:false:false	undefined	false	16384	16384	16384	-1	0
download	onStart	177	6	1	61	Bug	1	1	1	100	-1	-1	0	pikachu	0	1	1	1	1	6	0	0	0	100	0	1	undefined	Move	1	psn	figyberry	2	0	1	1	1	foes:0:false	undefined	undefined	0	0	0	6	2
download	onStart	178	6	1	61	Bug	1	0	1	0	20	1	2048	greninjaash	1	1	1	1	0	1	0	1	0	160	1	0	null	Move	1	psn	sitrusberry	2	-1	-1	1	1	foes:0:false|stat:6:def:false:true|stat:6:spd:false:true|boost:atk=1:undefined:undefined:undefined:false:false	undefined	true	2048	2048	2048	1	0
download	onStart	179	-1	0	40	Water	1	1	1	100	0	0	2048	pikachu	1	0	0	1	1	0	1	1	0	160	1	1	0	Move	0	brn	aguavberry	2	-1	99	0	0	foes:0:false|stat:6:def:false:true|stat:6:spd:false:true|boost:atk=1:undefined:undefined:undefined:false:false	undefined	false	2048	2048	2048	0	2
download	onStart	180	6	6	70	Bug	0	1	1	0	-1	1	24576	greninjabond	0	1	0	1	0	1	0	1	0	160	1	1	null	missing	1	brn	figyberry	1	0	0	0	0	foes:0:false|stat:6:def:false:true|stat:6:spd:false:true|boost:atk=1:undefined:undefined:undefined:false:false	undefined	true	24576	24576	24576	1	2
download	onStart	181	-1	6	0	Dark	1	1	1	10	-1	0	8192	greninjaash	1	0	0	1	1	-1	0	1	0	0	0	0	0	Move	0	psn	wikiberry	2	-1	1	1	0	foes:0:false|stat:6:def:false:true|stat:6:spd:false:true	undefined	false	8192	8192	8192	-1	2
download	onStart	182	0	0	60	Normal	0	1	0	0	100	-1	8	greninjabond	1	0	1	0	0	0	1	0	100	100	1	0	false	Ability	0	brn	sitrusberry	0	1	99	1	1	foes:0:false	undefined	undefined	8	8	8	0	2
download	onStart	183	1	6	0	Ghost	0	1	0	10	0	-1	8192	greninjabond	1	1	0	0	1	6	1	2	0	0	0	1	undefined	Move	1	brn	iapapaberry	1	-1	-1	1	0	foes:0:false|stat:6:def:false:true|stat:6:spd:false:true|stat:7:def:false:true|stat:7:spd:false:true	undefined	undefined	8192	8192	8192	6	2
download	onStart	184	6	0	60	Water	1	1	0	10	100	1	0	greninjaash	0	0	0	1	1	1	1	1	60	160	1	0	true	missing	1	brn	wikiberry	1	1	0	1	1	foes:0:false|stat:6:def:false:true|stat:6:spd:false:true|boost:atk=1:undefined:undefined:undefined:false:false	undefined	true	0	0	0	1	2
download	onStart	185	6	1	40	Dark	0	0	1	100	100	1	8	greninjabond	1	0	0	1	1	6	1	2	0	0	1	1	null	Move	0	brn	wikiberry	0	-1	99	1	1	foes:0:false|stat:6:def:false:true|stat:6:spd:false:true|stat:7:def:false:true|stat:7:spd:false:true	undefined	true	8	8	8	6	0
download	onStart	186	1	0	40	Fire	1	1	0	20	0	-1	24576	greninjaash	1	1	0	1	1	0	0	2	0	160	1	0	null	missing	0	brn	wikiberry	1	0	-1	0	1	foes:0:false|stat:6:def:false:true|stat:6:spd:false:true|stat:7:def:false:true|stat:7:spd:false:true|boost:atk=1:undefined:undefined:undefined:false:false	undefined	undefined	24576	24576	24576	0	2
download	onStart	187	6	0	70	Fire	1	1	0	100	0	-1	16384	greninjabond	1	0	0	0	0	1	1	2	0	160	0	0	null	Move	1	brn	sitrusberry	0	-1	0	0	1	foes:0:false|stat:6:def:false:true|stat:6:spd:false:true|stat:7:def:false:true|stat:7:spd:false:true|boost:atk=1:undefined:undefined:undefined:false:false	undefined	undefined	16384	16384	16384	1	2
download	onStart	188	1	1	60	Bug	1	0	0	100	-1	0	8	greninjaash	1	0	1	0	0	1	0	1	60	100	1	0	true	Ability	1	brn	sitrusberry	2	-1	1	0	1	foes:0:false|stat:6:def:false:true|stat:6:spd:false:true|boost:atk=1:undefined:undefined:undefined:false:false	undefined	false	8	8	8	1	0
download	onStart	189	0	6	70	Normal	0	0	1	20	0	-1	2048	greninjabond	1	1	0	1	1	1	1	1	100	100	0	0	false	missing	1	brn	magoberry	1	0	1	1	0	foes:0:false|stat:6:def:false:true|stat:6:spd:false:true|boost:spa=1:undefined:undefined:undefined:false:false	undefined	undefined	2048	2048	2048	1	0
download	onStart	190	1	6	60	Dark	0	0	0	0	100	1	2048	pikachu	0	1	1	0	1	0	0	0	60	0	0	0	true	missing	0	psn	figyberry	1	0	0	0	0	foes:0:false	undefined	true	2048	2048	2048	0	0
download	onStart	191	6	0	40	Dark	0	1	1	100	100	-1	8	pikachu	1	1	0	1	1	1	1	0	0	0	1	0	false	Move	1	brn	figyberry	1	0	-1	0	1	foes:0:false	undefined	undefined	8	8	8	1	2
download	onStart	192	6	0	70	Normal	0	1	0	20	-1	-1	8192	pikachu	1	1	1	0	1	6	1	0	100	0	0	1	undefined	Ability	1	brn	magoberry	0	-1	-1	0	1	foes:0:false	undefined	undefined	8192	8192	8192	6	2
download	onStart	193	6	0	70	Bug	1	1	0	100	-1	0	2048	greninjaash	1	0	0	0	1	6	0	0	0	100	1	0	true	Ability	0	brn	sitrusberry	2	-1	0	0	1	foes:0:false	undefined	false	2048	2048	2048	6	2
download	onStart	194	0	0	0	Normal	1	1	0	0	-1	1	16384	greninjaash	1	0	0	1	0	6	1	2	0	160	1	0	false	Move	0	psn	figyberry	0	1	-1	0	0	foes:0:false|stat:6:def:false:true|stat:6:spd:false:true|stat:7:def:false:true|stat:7:spd:false:true|boost:atk=1:undefined:undefined:undefined:false:false	undefined	true	16384	16384	16384	6	2
download	onStart	195	1	0	60	Ghost	0	1	1	0	-1	1	8	pikachu	0	0	1	0	0	6	0	0	0	100	1	1	undefined	Ability	1	psn	magoberry	1	1	-1	1	0	foes:0:false	undefined	true	8	8	8	6	2
download	onStart	196	-1	1	40	Water	0	0	0	20	-1	0	24576	pikachu	0	0	0	1	0	0	1	0	0	0	0	1	null	Ability	0	brn	sitrusberry	0	1	99	0	1	foes:0:false	undefined	false	24576	24576	24576	0	0
download	onStart	197	6	0	0	Water	1	1	1	0	0	-1	24576	greninjaash	0	1	0	1	1	-1	0	2	0	160	0	1	false	missing	1	brn	figyberry	1	0	0	1	0	foes:0:false|stat:6:def:false:true|stat:6:spd:false:true|stat:7:def:false:true|stat:7:spd:false:true|boost:atk=1:undefined:undefined:undefined:false:false	undefined	undefined	24576	24576	24576	-1	2
download	onStart	198	6	1	61	Normal	1	0	1	0	20	1	0	greninjabond	0	1	0	0	0	1	1	1	0	0	0	0	true	Move	1	brn	aguavberry	1	-1	99	0	1	foes:0:false|stat:6:def:false:true|stat:6:spd:false:true	undefined	true	0	0	0	1	0
download	onStart	199	6	6	60	Water	0	1	0	20	20	-1	8192	greninjaash	1	1	1	1	0	0	1	1	60	100	0	0	null	missing	1	psn	wikiberry	2	0	0	1	0	foes:0:false|stat:6:def:false:true|stat:6:spd:false:true|boost:atk=1:undefined:undefined:undefined:false:false	undefined	undefined	8192	8192	8192	0	2
download	onStart	200	6	0	40	Fire	0	0	1	100	100	0	8192	greninjabond	0	1	0	1	0	0	1	1	0	0	1	0	true	Ability	1	brn	figyberry	1	1	-1	0	0	foes:0:false|stat:6:def:false:true|stat:6:spd:false:true	undefined	false	8192	8192	8192	0	0
download	onStart	201	6	1	0	Water	0	0	0	20	20	1	2048	greninjaash	0	1	0	0	0	6	1	1	60	160	1	0	true	Move	1	psn	sitrusberry	1	0	1	0	1	foes:0:false|stat:6:def:false:true|stat:6:spd:false:true|boost:atk=1:undefined:undefined:undefined:false:false	undefined	true	2048	2048	2048	6	0
download	onStart	202	-1	1	61	Dark	1	0	0	20	20	-1	16384	greninjaash	1	0	0	1	0	1	0	1	60	160	0	0	undefined	Ability	1	brn	aguavberry	2	1	-1	1	0	foes:0:false|stat:6:def:false:true|stat:6:spd:false:true|boost:atk=1:undefined:undefined:undefined:false:false	undefined	undefined	16384	16384	16384	1	0
download	onStart	203	-1	0	0	Normal	0	1	0	10	20	-1	8192	pikachu	0	0	0	1	1	-1	0	1	60	160	0	1	false	Ability	1	psn	sitrusberry	0	0	1	0	1	foes:0:false|stat:6:def:false:true|stat:6:spd:false:true|boost:atk=1:undefined:undefined:undefined:false:false	undefined	undefined	8192	8192	8192	-1	2
download	onStart	204	1	6	61	Normal	0	1	1	10	-1	1	2048	pikachu	1	1	0	0	0	0	1	1	0	0	1	0	0	Move	0	brn	iapapaberry	2	0	0	0	1	foes:0:false|stat:6:def:false:true|stat:6:spd:false:true	undefined	true	2048	2048	2048	0	2
download	onStart	205	0	0	61	Dark	1	0	1	10	0	-1	8192	greninjaash	1	0	1	0	1	1	1	1	0	160	1	1	undefined	Ability	0	psn	aguavberry	2	-1	0	0	0	foes:0:false|stat:6:def:false:true|stat:6:spd:false:true|boost:atk=1:undefined:undefined:undefined:false:false	undefined	undefined	8192	8192	8192	1	0
download	onStart	206	-1	6	61	Fire	1	0	1	0	-1	-1	8	pikachu	0	0	0	0	0	6	1	2	60	160	0	0	null	Ability	0	psn	aguavberry	2	0	0	1	1	foes:0:false|stat:6:def:false:true|stat:6:spd:false:true|stat:7:def:false:true|stat:7:spd:false:true|boost:atk=1:undefined:undefined:undefined:false:false	undefined	undefined	8	8	8	6	0
download	onStart	207	-1	6	70	Normal	1	1	1	0	0	-1	8192	greninjabond	0	0	0	0	1	-1	1	2	100	160	0	1	null	missing	1	psn	figyberry	1	0	0	0	1	foes:0:false|stat:6:def:false:true|stat:6:spd:false:true|stat:7:def:false:true|stat:7:spd:false:true|boost:atk=1:undefined:undefined:undefined:false:false	undefined	undefined	8192	8192	8192	-1	2
download	onStart	208	-1	6	61	Fire	1	1	0	0	20	0	8192	greninjabond	1	0	0	1	0	1	1	1	100	160	0	1	true	missing	0	brn	leftovers	2	-1	99	0	0	foes:0:false|stat:6:def:false:true|stat:6:spd:false:true|boost:atk=1:undefined:undefined:undefined:false:false	undefined	false	8192	8192	8192	1	2
download	onStart	209	1	6	70	Fire	0	1	0	20	0	1	8	greninjaash	1	0	0	1	0	6	0	0	0	160	1	1	true	Ability	0	psn	wikiberry	2	1	-1	0	1	foes:0:false	undefined	true	8	8	8	6	2
download	onStart	210	-1	6	0	Bug	1	0	1	0	100	0	24576	greninjabond	0	0	1	1	1	-1	0	1	0	0	0	0	undefined	missing	0	psn	wikiberry	0	1	-1	0	1	foes:0:false|stat:6:def:false:true|stat:6:spd:false:true	undefined	false	24576	24576	24576	-1	0
download	onStart	211	6	6	40	Water	0	1	1	10	20	1	8	greninjabond	0	0	1	1	0	0	0	0	100	0	0	0	0	Ability	1	brn	sitrusberry	1	-1	0	0	0	foes:0:false	undefined	true	8	8	8	0	2
download	onStart	212	-1	1	60	Bug	1	1	0	0	-1	0	16384	pikachu	0	0	1	0	0	0	1	2	100	100	1	1	undefined	missing	0	brn	iapapaberry	0	0	1	1	0	foes:0:false|stat:6:def:false:true|stat:6:spd:false:true|stat:7:def:false:true|stat:7:spd:false:true|boost:spa=1:undefined:undefined:undefined:false:false	undefined	false	16384	16384	16384	0	2
download	onStart	213	6	0	61	Ghost	0	1	0	100	100	0	16384	greninjaash	1	1	1	0	0	-1	0	1	60	160	1	1	false	Move	1	psn	sitrusberry	0	0	-1	0	0	foes:0:false|stat:6:def:false:true|stat:6:spd:false:true|boost:atk=1:undefined:undefined:undefined:false:false	undefined	false	16384	16384	16384	-1	2
download	onStart	214	1	6	40	Water	1	1	1	0	0	0	2048	greninjabond	0	0	0	0	1	6	0	0	60	160	1	0	false	missing	0	brn	leftovers	2	1	-1	0	0	foes:0:false	undefined	false	2048	2048	2048	6	2
download	onStart	215	0	6	70	Fire	1	0	1	100	100	-1	8192	pikachu	0	0	1	0	0	6	0	0	100	0	1	0	true	Ability	0	psn	iapapaberry	2	1	1	0	1	foes:0:false	undefined	undefined	8192	8192	8192	6	0
download	onStart	216	-1	0	61	Dark	0	1	1	10	0	-1	16384	greninjaash	1	0	1	0	0	-1	0	0	60	100	0	0	undefined	missing	0	brn	iapapaberry	2	-1	1	0	1	foes:0:false	undefined	undefined	16384	16384	16384	-1	2
download	onStart	217	1	0	0	Fire	1	0	0	10	20	1	0	greninjaash	1	1	0	1	0	6	0	2	100	0	1	1	false	Ability	1	brn	magoberry	0	0	1	1	1	foes:0:false|stat:6:def:false:true|stat:6:spd:false:true|stat:7:def:false:true|stat:7:spd:false:true|boost:spa=1:undefined:undefined:undefined:false:false	undefined	true	0	0	0	6	0
download	onStart	218	6	6	60	Ghost	0	1	1	20	0	0	2048	pikachu	0	1	1	1	0	6	1	1	60	160	0	0	undefined	missing	0	brn	figyberry	1	0	-1	1	1	foes:0:false|stat:6:def:false:true|stat:6:spd:false:true|boost:atk=1:undefined:undefined:undefined:false:false	undefined	false	2048	2048	2048	6	2
download	onStart	219	1	6	60	Ghost	1	1	1	20	100	0	8	greninjabond	1	0	0	0	0	1	0	0	60	100	1	0	true	missing	1	brn	iapapaberry	0	0	-1	1	0	foes:0:false	undefined	false	8	8	8	1	2
download	onStart	220	1	1	70	Water	0	0	0	100	-1	0	16384	pikachu	0	0	0	1	1	-1	1	0	60	160	0	0	null	missing	1	brn	wikiberry	0	0	99	1	0	foes:0:false	undefined	false	16384	16384	16384	-1	0
download	onStart	221	-1	0	40	Normal	1	0	0	10	100	1	8192	greninjaash	0	0	1	1	0	1	0	0	100	0	1	0	true	Move	0	brn	wikiberry	0	0	-1	0	0	foes:0:false	undefined	true	8192	8192	8192	1	0
download	onStart	222	6	6	70	Ghost	1	1	0	0	100	-1	2048	greninjabond	0	1	1	1	0	-1	1	0	60	0	1	1	undefined	Move	1	psn	magoberry	1	1	1	1	0	foes:0:false	undefined	undefined	2048	2048	2048	-1	2
download	onStart	223	1	0	0	Fire	1	0	0	20	20	1	0	greninjaash	0	0	0	1	0	6	0	0	100	100	0	0	false	Ability	0	brn	leftovers	2	-1	1	1	0	foes:0:false	undefined	true	0	0	0	6	0
download	onStart	224	-1	6	0	Ghost	1	0	1	20	20	1	2048	greninjabond	0	1	0	1	0	0	0	0	100	160	1	1	true	Ability	0	brn	figyberry	0	-1	0	0	1	foes:0:false	undefined	true	2048	2048	2048	0	0
download	onStart	225	1	6	60	Normal	0	1	0	10	100	0	24576	greninjabond	0	0	1	1	1	6	1	0	0	100	0	0	0	Ability	0	psn	iapapaberry	0	0	99	1	1	foes:0:false	undefined	false	24576	24576	24576	6	2
download	onStart	226	1	1	0	Water	0	1	1	0	-1	-1	16384	greninjabond	0	1	1	1	1	0	0	1	60	0	1	0	0	missing	1	psn	iapapaberry	0	-1	-1	0	0	foes:0:false|stat:6:def:false:true|stat:6:spd:false:true|boost:spa=1:undefined:undefined:undefined:false:false	undefined	undefined	16384	16384	16384	0	2
download	onStart	227	-1	0	61	Fire	1	1	0	20	0	0	24576	greninjaash	1	0	1	1	1	-1	0	0	60	0	0	1	0	missing	1	psn	leftovers	2	0	1	0	1	foes:0:false	undefined	false	24576	24576	24576	-1	2
download	onStart	228	0	1	40	Bug	1	0	1	20	20	1	8	greninjabond	1	1	0	0	1	-1	0	2	0	160	1	1	true	Move	1	brn	figyberry	1	1	-1	1	1	foes:0:false|stat:6:def:false:true|stat:6:spd:false:true|stat:7:def:false:true|stat:7:spd:false:true|boost:atk=1:undefined:undefined:undefined:false:false	undefined	true	8	8	8	-1	0
download	onStart	229	1	6	40	Ghost	1	1	0	20	100	1	2048	pikachu	1	1	1	1	0	-1	1	0	100	160	1	0	null	Ability	1	brn	aguavberry	2	-1	99	1	1	foes:0:false	undefined	true	2048	2048	2048	-1	2
download	onStart	230	-1	6	0	Bug	1	0	0	10	100	-1	8	greninjaash	0	1	1	1	1	-1	0	0	60	160	1	1	undefined	Move	0	brn	leftovers	1	1	-1	0	1	foes:0:false	undefined	undefined	8	8	8	-1	0
download	onStart	231	1	6	40	Normal	1	0	1	0	-1	0	0	greninjaash	1	0	0	1	1	1	0	1	60	100	1	1	undefined	Move	0	brn	sitrusberry	2	0	99	0	1	foes:0:false|stat:6:def:false:true|stat:6:spd:false:true|boost:atk=1:undefined:undefined:undefined:false:false	undefined	false	0	0	0	1	0
download	onStart	232	-1	0	70	Dark	0	0	0	100	0	1	0	greninjaash	1	1	0	0	0	6	0	0	60	100	0	0	undefined	missing	1	brn	figyberry	1	1	-1	1	1	foes:0:false	undefined	true	0	0	0	6	0
download	onStart	233	0	1	70	Bug	0	0	1	0	-1	0	16384	pikachu	1	1	1	0	1	6	0	2	100	160	0	0	undefined	Move	1	psn	sitrusberry	2	0	0	1	1	foes:0:false|stat:6:def:false:true|stat:6:spd:false:true|stat:7:def:false:true|stat:7:spd:false:true|boost:atk=1:undefined:undefined:undefined:false:false	undefined	false	16384	16384	16384	6	0
download	onStart	234	0	6	70	Fire	0	0	0	20	100	1	24576	greninjabond	0	0	0	1	0	-1	0	0	60	100	1	0	null	missing	0	brn	figyberry	1	0	-1	1	1	foes:0:false	undefined	true	24576	24576	24576	-1	0
download	onStart	235	6	6	60	Fire	1	1	1	100	0	0	8192	greninjaash	1	0	1	1	0	0	1	0	60	160	1	1	true	Move	0	psn	wikiberry	2	1	0	0	0	foes:0:false	undefined	false	8192	8192	8192	0	2
download	onStart	236	6	6	60	Bug	0	1	0	10	20	1	8	greninjaash	0	1	1	1	1	6	0	1	100	160	1	0	false	Ability	1	brn	leftovers	0	-1	0	1	1	foes:0:false|stat:6:def:false:true|stat:6:spd:false:true|boost:atk=1:undefined:undefined:undefined:false:false	undefined	true	8	8	8	6	2
download	onStart	237	-1	6	60	Ghost	0	0	0	0	20	0	24576	pikachu	1	0	1	0	1	6	0	0	60	0	1	1	null	Ability	1	psn	wikiberry	2	0	99	1	1	foes:0:false	undefined	false	24576	24576	24576	6	0
download	onStart	238	0	1	70	Dark	0	0	0	10	20	-1	0	pikachu	1	1	1	1	0	0	0	1	100	0	1	1	0	Move	1	psn	iapapaberry	0	-1	1	0	1	foes:0:false|stat:6:def:false:true|stat:6:spd:false:true|boost:spa=1:undefined:undefined:undefined:false:false	undefined	undefined	0	0	0	0	0
download	onStart	239	6	6	60	Water	0	0	0	100	100	1	16384	pikachu	1	0	1	0	0	0	0	1	60	100	0	1	false	Move	0	psn	leftovers	0	-1	99	0	0	foes:0:false|stat:6:def:false:true|stat:6:spd:false:true|boost:atk=1:undefined:undefined:undefined:false:false	undefined	true	16384	16384	16384	0	0
download	onStart	240	-1	1	61	Ghost	0	1	1	0	20	-1	8	pikachu	0	0	1	1	1	0	1	2	60	0	0	1	true	Ability	1	brn	wikiberry	1	1	99	1	0	foes:0:false|stat:6:def:false:true|stat:6:spd:false:true|stat:7:def:false:true|stat:7:spd:false:true|boost:spa=1:undefined:undefined:undefined:false:false	undefined	undefined	8	8	8	0	2
download	onStart	241	0	6	60	Fire	1	1	1	0	100	1	8	greninjabond	1	0	1	0	1	6	1	1	0	0	0	1	0	missing	1	brn	iapapaberry	2	0	1	0	1	foes:0:false|stat:6:def:false:true|stat:6:spd:false:true	undefined	true	8	8	8	6	2
download	onStart	242	-1	6	0	Bug	0	0	0	0	0	1	0	greninjabond	0	0	0	1	1	6	1	2	0	100	1	0	undefined	Move	0	psn	sitrusberry	2	1	-1	1	1	foes:0:false|stat:6:def:false:true|stat:6:spd:false:true|stat:7:def:false:true|stat:7:spd:false:true|boost:atk=1:undefined:undefined:undefined:false:false	undefined	true	0	0	0	6	0
download	onStart	243	1	1	0	Water	1	1	0	100	-1	-1	2048	greninjaash	0	0	0	0	0	1	1	0	0	100	0	0	true	Ability	0	psn	aguavberry	2	-1	99	1	1	foes:0:false	undefined	undefined	2048	2048	2048	1	2
download	onStart	244	0	0	61	Bug	0	0	0	0	20	-1	24576	greninjabond	1	0	0	0	1	6	0	1	0	0	0	1	undefined	Ability	0	brn	wikiberry	2	-1	1	1	0	foes:0:false|stat:6:def:false:true|stat:6:spd:false:true	undefined	undefined	24576	24576	24576	6	0
download	onStart	245	0	1	40	Bug	1	1	0	10	20	-1	8	greninjabond	0	1	1	0	1	0	1	2	100	160	0	1	0	Move	0	brn	magoberry	1	1	99	1	1	foes:0:false|stat:6:def:false:true|stat:6:spd:false:true|stat:7:def:false:true|stat:7:spd:false:true|boost:atk=1:undefined:undefined:undefined:false:false	undefined	undefined	8	8	8	0	2
download	onStart	246	1	1	60	Dark	0	1	0	10	-1	0	8192	pikachu	1	0	0	1	0	0	1	1	100	0	0	1	true	missing	1	brn	iapapaberry	0	-1	-1	1	0	foes:0:false|stat:6:def:false:true|stat:6:spd:false:true|boost:spa=1:undefined:undefined:undefined:false:false	undefined	false	8192	8192	8192	0	2
download	onStart	247	-1	1	60	Ghost	0	0	1	10	20	0	2048	greninjaash	1	0	0	0	0	-1	0	0	100	100	0	0	undefined	Move	0	psn	aguavberry	0	0	-1	1	1	foes:0:false	undefined	false	2048	2048	2048	-1	0
download	onStart	248	0	6	0	Fire	1	1	1	10	-1	1	8	greninjaash	1	1	0	0	1	1	1	0	100	100	1	0	undefined	missing	1	brn	magoberry	2	1	1	1	0	foes:0:false	undefined	true	8	8	8	1	2
download	onStart	249	0	6	0	Ghost	0	0	1	100	0	-1	8	greninjabond	0	1	1	1	0	6	0	1	0	0	0	1	false	Move	0	brn	aguavberry	2	0	-1	0	1	foes:0:false|stat:6:def:false:true|stat:6:spd:false:true	undefined	undefined	8	8	8	6	0
download	onStart	250	6	0	60	Bug	0	0	0	20	-1	-1	2048	greninjaash	0	1	0	1	1	0	0	0	60	160	1	0	0	Ability	1	brn	aguavberry	0	1	-1	0	0	foes:0:false	undefined	undefined	2048	2048	2048	0	0
download	onStart	251	-1	6	61	Bug	0	1	1	0	20	1	2048	greninjabond	0	0	1	0	1	6	1	1	60	160	0	1	false	Move	0	brn	figyberry	0	-1	1	0	0	foes:0:false|stat:6:def:false:true|stat:6:spd:false:true|boost:atk=1:undefined:undefined:undefined:false:false	undefined	true	2048	2048	2048	6	2
download	onStart	252	6	6	0	Water	1	0	1	100	20	1	0	greninjabond	0	0	0	1	1	1	1	2	100	160	1	0	true	Ability	0	psn	wikiberry	1	1	99	1	0	foes:0:false|stat:6:def:false:true|stat:6:spd:false:true|stat:7:def:false:true|stat:7:spd:false:true|boost:atk=1:undefined:undefined:undefined:false:false	undefined	true	0	0	0	1	0
download	onStart	253	6	1	61	Bug	0	0	1	100	20	-1	2048	greninjabond	1	0	0	0	1	6	0	2	100	0	0	0	0	Ability	1	brn	leftovers	0	1	1	0	1	foes:0:false|stat:6:def:false:true|stat:6:spd:false:true|stat:7:def:false:true|stat:7:spd:false:true|boost:spa=1:undefined:undefined:undefined:false:false	undefined	undefined	2048	2048	2048	6	0
download	onStart	254	-1	1	70	Normal	0	1	1	10	0	1	8192	pikachu	1	0	0	1	1	1	0	0	0	160	0	1	undefined	missing	0	psn	aguavberry	2	1	1	0	0	foes:0:false	undefined	true	8192	8192	8192	1	2
download	onStart	255	-1	0	40	Fire	0	0	1	0	-1	0	0	pikachu	0	0	1	1	1	6	1	1	60	100	1	0	false	missing	1	brn	wikiberry	2	0	0	0	0	foes:0:false|stat:6:def:false:true|stat:6:spd:false:true|boost:atk=1:undefined:undefined:undefined:false:false	undefined	false	0	0	0	6	0
download	onStart	256	0	6	70	Dark	0	0	0	20	100	-1	24576	greninjabond	0	1	0	1	1	-1	1	1	100	0	0	1	true	missing	0	brn	leftovers	0	1	0	1	1	foes:0:false|stat:6:def:false:true|stat:6:spd:false:true|boost:spa=1:undefined:undefined:undefined:false:false	undefined	undefined	24576	24576	24576	-1	0
download	onStart	257	-1	6	61	Normal	0	1	1	100	20	-1	2048	greninjabond	1	0	1	1	0	6	1	2	100	0	0	1	undefined	Ability	1	psn	wikiberry	2	1	0	0	1	foes:0:false|stat:6:def:false:true|stat:6:spd:false:true|stat:7:def:false:true|stat:7:spd:false:true|boost:spa=1:undefined:undefined:undefined:false:false	undefined	undefined	2048	2048	2048	6	2
download	onStart	258	6	0	61	Dark	1	1	0	0	20	0	8192	pikachu	1	1	1	1	0	-1	0	2	100	160	0	0	null	Ability	0	psn	wikiberry	2	0	-1	1	0	foes:0:false|stat:6:def:false:true|stat:6:spd:false:true|stat:7:def:false:true|stat:7:spd:false:true|boost:atk=1:undefined:undefined:undefined:false:false	undefined	false	8192	8192	8192	-1	2
download	onStart	259	6	0	70	Dark	0	1	1	10	20	0	2048	pikachu	0	0	0	1	0	-1	1	2	0	100	1	1	true	Ability	0	brn	leftovers	1	-1	-1	0	1	foes:0:false|stat:6:def:false:true|stat:6:spd:false:true|stat:7:def:false:true|stat:7:spd:false:true|boost:atk=1:undefined:undefined:undefined:false:false	undefined	false	2048	2048	2048	-1	2
download	onStart	260	0	6	0	Fire	0	1	0	20	20	1	2048	greninjaash	0	1	1	0	1	1	1	0	60	100	0	1	0	missing	0	psn	wikiberry	1	0	-1	0	0	foes:0:false	undefined	true	2048	2048	2048	1	2
download	onStart	261	0	1	70	Ghost	0	0	1	0	20	1	24576	pikachu	0	1	0	1	0	0	0	1	60	160	0	0	true	missing	0	psn	leftovers	2	0	1	0	1	foes:0:false|stat:6:def:false:true|stat:6:spd:false:true|boost:atk=1:undefined:undefined:undefined:false:false	undefined	true	24576	24576	24576	0	0
download	onStart	262	0	6	70	Fire	0	0	1	10	100	1	16384	greninjaash	1	1	0	1	0	1	0	0	60	0	0	1	false	Move	1	brn	leftovers	0	1	-1	1	1	foes:0:false	undefined	true	16384	16384	16384	1	0
download	onStart	263	0	1	70	Ghost	1	0	0	20	100	1	8	greninjabond	0	0	0	0	0	1	1	0	0	160	0	1	null	Move	1	brn	figyberry	1	-1	0	0	1	foes:0:false	undefined	true	8	8	8	1	0
download	onStart	264	0	0	40	Ghost	1	0	1	100	-1	-1	0	pikachu	0	0	1	0	1	0	0	1	60	0	0	0	false	Move	0	brn	magoberry	0	1	-1	1	1	foes:0:false|stat:6:def:false:true|stat:6:spd:false:true|boost:spa=1:undefined:undefined:undefined:false:false	undefined	undefined	0	0	0	0	0
download	onStart	265	-1	6	0	Dark	1	1	1	100	0	0	24576	greninjaash	1	1	1	0	0	6	1	0	100	100	1	0	0	Ability	0	psn	wikiberry	1	0	99	1	1	foes:0:false	undefined	false	24576	24576	24576	6	2
download	onStart	266	1	1	60	Water	1	1	1	20	100	1	2048	greninjabond	1	1	1	1	1	1	1	1	100	0	0	0	false	Move	0	brn	magoberry	1	-1	-1	0	1	foes:0:false|stat:6:def:false:true|stat:6:spd:false:true|boost:spa=1:undefined:undefined:undefined:false:false	undefined	true	2048	2048	2048	1	2
download	onStart	267	1	6	70	Fire	0	1	0	10	100	1	0	greninjaash	1	0	1	1	0	0	1	2	100	160	0	0	false	Move	0	psn	figyberry	0	1	99	1	0	foes:0:false|stat:6:def:false:true|stat:6:spd:false:true|stat:7:def:false:true|stat:7:spd:false:true|boost:atk=1:undefined:undefined:undefined:false:false	undefined	true	0	0	0	0	2
download	onStart	268	6	0	61	Fire	1	1	1	10	100	0	0	greninjabond	1	0	0	1	0	1	1	2	0	160	0	1	false	Ability	0	psn	wikiberry	1	-1	0	0	1	foes:0:false|stat:6:def:false:true|stat:6:spd:false:true|stat:7:def:false:true|stat:7:spd:false:true|boost:atk=1:undefined:undefined:undefined:false:false	undefined	false	0	0	0	1	2
download	onStart	269	1	0	0	Fire	1	1	1	20	-1	0	0	pikachu	0	0	0	1	0	6	1	2	0	160	0	1	null	Ability	1	psn	magoberry	1	1	0	0	1	foes:0:false|stat:6:def:false:true|stat:6:spd:false:true|stat:7:def:false:true|stat:7:spd:false:true|boost:atk=1:undefined:undefined:undefined:false:false	undefined	false	0	0	0	6	2
download	onStart	270	1	0	61	Water	0	0	1	10	100	1	8	greninjabond	1	1	1	1	1	6	1	2	0	160	1	1	false	Ability	1	psn	figyberry	0	0	1	0	0	foes:0:false|stat:6:def:false:true|stat:6:spd:false:true|stat:7:def:false:true|stat:7:spd:false:true|boost:atk=1:undefined:undefined:undefined:false:false	undefined	true	8	8	8	6	0
download	onStart	271	1	1	40	Bug	1	0	1	10	20	1	24576	greninjabond	0	0	1	0	0	0	1	2	100	100	1	1	null	Ability	1	psn	leftovers	2	1	1	1	0	foes:0:false|stat:6:def:false:true|stat:6:spd:false:true|stat:7:def:false:true|stat:7:spd:false:true|boost:spa=1:undefined:undefined:undefined:false:false	undefined	true	24576	24576	24576	0	0
download	onStart	272	0	1	0	Dark	0	1	1	0	100	0	2048	pikachu	1	0	0	1	1	6	0	2	0	160	1	0	0	Move	0	brn	wikiberry	2	-1	99	1	0	foes:0:false|stat:6:def:false:true|stat:6:spd:false:true|stat:7:def:false:true|stat:7:spd:false:true|boost:atk=1:undefined:undefined:undefined:false:false	undefined	false	2048	2048	2048	6	2
download	onStart	273	-1	0	70	Ghost	0	0	0	20	20	0	2048	pikachu	0	0	0	0	1	6	0	2	60	0	1	0	true	missing	1	brn	aguavberry	0	0	0	1	1	foes:0:false|stat:6:def:false:true|stat:6:spd:false:true|stat:7:def:false:true|stat:7:spd:false:true|boost:spa=1:undefined:undefined:undefined:false:false	undefined	false	2048	2048	2048	6	0
download	onStart	274	0	0	61	Ghost	1	0	1	0	-1	1	16384	pikachu	1	0	1	1	0	0	0	2	60	100	0	0	0	Ability	1	psn	wikiberry	2	1	-1	1	1	foes:0:false|stat:6:def:false:true|stat:6:spd:false:true|stat:7:def:false:true|stat:7:spd:false:true|boost:atk=1:undefined:undefined:undefined:false:false	undefined	true	16384	16384	16384	0	0
download	onStart	275	-1	1	60	Water	1	0	1	20	0	-1	2048	pikachu	1	1	1	0	1	1	1	1	0	160	1	0	undefined	Move	1	psn	wikiberry	2	1	1	0	1	foes:0:false|stat:6:def:false:true|stat:6:spd:false:true|boost:atk=1:undefined:undefined:undefined:false:false	undefined	undefined	2048	2048	2048	1	0
download	onStart	276	1	6	70	Dark	0	0	1	10	100	1	2048	greninjabond	0	0	1	0	0	0	0	2	100	0	1	0	null	missing	1	psn	magoberry	2	0	1	0	1	foes:0:false|stat:6:def:false:true|stat:6:spd:false:true|stat:7:def:false:true|stat:7:spd:false:true|boost:spa=1:undefined:undefined:undefined:false:false	undefined	true	2048	2048	2048	0	0
download	onStart	277	-1	0	0	Bug	0	0	1	100	-1	1	8	greninjabond	1	1	0	0	0	0	0	0	60	160	0	1	null	Ability	1	brn	magoberry	2	0	0	1	1	foes:0:false	undefined	true	8	8	8	0	0
download	onStart	278	6	0	0	Fire	1	0	0	10	20	-1	8192	greninjabond	0	0	1	1	0	-1	0	1	100	0	1	1	null	Move	0	brn	wikiberry	0	-1	-1	1	0	foes:0:false|stat:6:def:false:true|stat:6:spd:false:true|boost:spa=1:undefined:undefined:undefined:false:false	undefined	undefined	8192	8192	8192	-1	0
download	onStart	279	1	1	60	Bug	1	0	0	100	-1	1	8192	greninjaash	1	0	1	1	1	-1	1	2	60	0	0	0	null	Move	1	psn	aguavberry	2	1	1	0	1	foes:0:false|stat:6:def:false:true|stat:6:spd:false:true|stat:7:def:false:true|stat:7:spd:false:true|boost:spa=1:undefined:undefined:undefined:false:false	undefined	true	8192	8192	8192	-1	0
download	onStart	280	0	1	60	Dark	1	0	0	20	-1	-1	16384	greninjaash	0	1	0	0	1	-1	0	0	100	100	0	1	false	Ability	0	brn	leftovers	2	0	1	0	0	foes:0:false	undefined	undefined	16384	16384	16384	-1	0
download	onStart	281	6	1	60	Normal	0	1	0	20	100	0	8192	pikachu	1	1	0	0	1	6	1	0	100	0	1	1	undefined	Move	1	psn	leftovers	1	-1	1	1	1	foes:0:false	undefined	false	8192	8192	8192	6	2
download	onStart	282	-1	0	61	Bug	1	0	1	20	20	0	8	greninjaash	1	0	0	1	1	6	0	0	100	0	1	1	undefined	missing	0	brn	leftovers	2	-1	0	1	0	foes:0:false	undefined	false	8	8	8	6	0
download	onStart	283	6	1	70	Water	1	0	0	20	-1	0	24576	greninjaash	1	1	0	1	0	6	0	2	0	100	0	1	false	Ability	1	brn	figyberry	1	0	-1	1	0	foes:0:false|stat:6:def:false:true|stat:6:spd:false:true|stat:7:def:false:true|stat:7:spd:false:true|boost:atk=1:undefined:undefined:undefined:false:false	undefined	false	24576	24576	24576	6	0
download	onStart	284	-1	0	60	Ghost	0	0	0	0	100	1	8	pikachu	1	1	1	1	0	0	0	0	100	0	0	1	false	missing	1	psn	iapapaberry	2	1	99	0	0	foes:0:false	undefined	true	8	8	8	0	0
download	onStart	285	1	6	40	Normal	0	1	1	10	-1	-1	8	greninjabond	0	0	0	0	1	6	1	1	0	160	1	1	true	Move	0	brn	sitrusberry	0	1	-1	1	1	foes:0:false|stat:6:def:false:true|stat:6:spd:false:true|boost:atk=1:undefined:undefined:undefined:false:false	undefined	undefined	8	8	8	6	2
download	onStart	286	-1	1	40	Bug	1	1	0	10	-1	-1	16384	greninjabond	0	0	1	1	1	-1	0	2	100	100	1	1	null	Ability	1	psn	sitrusberry	1	1	1	1	1	foes:0:false|stat:6:def:false:true|stat:6:spd:false:true|stat:7:def:false:true|stat:7:spd:false:true|boost:spa=1:undefined:undefined:undefined:false:false	undefined	undefined	16384	16384	16384	-1	2
download	onStart	287	6	0	40	Fire	0	0	1	20	100	0	24576	greninjabond	1	0	0	1	0	6	1	1	100	100	1	1	0	Ability	1	psn	leftovers	0	1	99	0	0	foes:0:false|stat:6:def:false:true|stat:6:spd:false:true|boost:spa=1:undefined:undefined:undefined:false:false	undefined	false	24576	24576	24576	6	0
download	onStart	288	0	0	61	Ghost	1	0	1	100	0	-1	2048	greninjabond	1	1	1	1	0	1	1	2	60	160	0	0	undefined	Move	1	brn	wikiberry	1	-1	0	0	0	foes:0:false|stat:6:def:false:true|stat:6:spd:false:true|stat:7:def:false:true|stat:7:spd:false:true|boost:atk=1:undefined:undefined:undefined:false:false	undefined	undefined	2048	2048	2048	1	0
download	onStart	289	6	6	60	Water	1	0	0	10	-1	1	8	greninjabond	1	0	0	1	1	6	0	2	100	0	1	1	true	missing	0	psn	sitrusberry	1	0	-1	0	1	foes:0:false|stat:6:def:false:true|stat:6:spd:false:true|stat:7:def:false:true|stat:7:spd:false:true|boost:spa=1:undefined:undefined:undefined:false:false	undefined	true	8	8	8	6	0
download	onStart	290	6	1	40	Ghost	1	1	0	10	100	1	16384	greninjaash	1	1	0	0	1	1	1	1	0	160	1	1	null	Ability	1	psn	aguavberry	2	-1	0	0	1	foes:0:false|stat:6:def:false:true|stat:6:spd:false:true|boost:atk=1:undefined:undefined:undefined:false:false	undefined	true	16384	16384	16384	1	2
download	onStart	291	1	6	40	Normal	1	0	1	100	-1	-1	8	greninjabond	1	1	1	1	1	-1	0	2	100	160	0	1	false	Ability	1	brn	leftovers	0	1	99	1	1	foes:0:false|stat:6:def:false:true|stat:6:spd:false:true|stat:7:def:false:true|stat:7:spd:false:true|boost:atk=1:undefined:undefined:undefined:false:false	undefined	undefined	8	8	8	-1	0
download	onStart	292	1	1	0	Ghost	1	1	1	100	100	-1	8	greninjabond	0	1	0	0	0	-1	0	2	0	160	0	0	true	Move	1	psn	leftovers	1	0	-1	0	0	foes:0:false|stat:6:def:false:true|stat:6:spd:false:true|stat:7:def:false:true|stat:7:spd:false:true|boost:atk=1:undefined:undefined:undefined:false:false	undefined	undefined	8	8	8	-1	2
download	onStart	293	6	6	61	Fire	1	0	0	100	0	-1	2048	greninjaash	0	1	1	1	1	0	0	0	0	0	1	0	null	Ability	1	psn	aguavberry	1	0	-1	1	1	foes:0:false	undefined	undefined	2048	2048	2048	0	0
download	onStart	294	0	0	0	Dark	1	1	0	10	0	0	24576	pikachu	0	1	0	1	1	0	1	2	60	100	0	1	0	missing	1	brn	figyberry	1	-1	-1	0	1	foes:0:false|stat:6:def:false:true|stat:6:spd:false:true|stat:7:def:false:true|stat:7:spd:false:true|boost:atk=1:undefined:undefined:undefined:false:false	undefined	false	24576	24576	24576	0	2
download	onStart	295	-1	6	70	Fire	0	0	0	10	20	1	8	pikachu	1	0	1	0	0	1	1	2	100	0	1	1	true	missing	0	brn	figyberry	0	1	99	1	1	foes:0:false|stat:6:def:false:true|stat:6:spd:false:true|stat:7:def:false:true|stat:7:spd:false:true|boost:spa=1:undefined:undefined:undefined:false:false	undefined	true	8	8	8	1	0
download	onStart	296	1	1	40	Fire	0	1	1	0	20	-1	8192	greninjaash	0	0	0	0	0	-1	1	1	100	0	1	1	false	missing	1	brn	magoberry	0	0	-1	0	1	foes:0:false|stat:6:def:false:true|stat:6:spd:false:true|boost:spa=1:undefined:undefined:undefined:false:false	undefined	undefined	8192	8192	8192	-1	2
download	onStart	297	6	0	0	Fire	0	1	0	10	100	0	16384	greninjabond	0	1	0	1	0	6	1	0	100	100	1	0	null	missing	1	brn	magoberry	0	1	0	0	0	foes:0:false	undefined	false	16384	16384	16384	6	2
download	onStart	298	6	6	70	Bug	1	1	0	100	0	-1	24576	greninjaash	0	1	0	0	0	0	0	1	100	160	1	1	undefined	missing	1	psn	iapapaberry	1	-1	0	1	1	foes:0:false|stat:6:def:false:true|stat:6:spd:false:true|boost:atk=1:undefined:undefined:undefined:false:false	undefined	undefined	24576	24576	24576	0	2
download	onStart	299	0	1	60	Dark	0	0	1	100	20	1	24576	pikachu	0	1	0	0	1	0	0	0	0	100	1	0	false	Move	1	psn	aguavberry	0	0	0	0	0	foes:0:false	undefined	true	24576	24576	24576	0	0
download	onStart	300	-1	6	61	Dark	0	1	1	20	100	1	8	pikachu	0	0	1	1	0	-1	1	1	60	160	1	1	true	Ability	0	psn	wikiberry	2	-1	0	1	1	foes:0:false|stat:6:def:false:true|stat:6:spd:false:true|boost:atk=1:undefined:undefined:undefined:false:false	undefined	true	8	8	8	-1	2
download	onStart	301	0	1	60	Water	0	1	0	0	0	0	24576	greninjabond	1	0	1	1	1	6	1	2	60	0	1	0	true	Move	0	psn	iapapaberry	2	0	99	0	1	foes:0:false|stat:6:def:false:true|stat:6:spd:false:true|stat:7:def:false:true|stat:7:spd:false:true|boost:spa=1:undefined:undefined:undefined:false:false	undefined	false	24576	24576	24576	6	2
download	onStart	302	6	0	70	Bug	1	0	1	10	100	0	8192	greninjaash	0	1	0	1	0	0	0	0	0	0	0	1	undefined	Ability	0	brn	leftovers	2	0	1	1	0	foes:0:false	undefined	false	8192	8192	8192	0	0
download	onStart	303	-1	1	61	Bug	0	0	0	100	-1	-1	2048	greninjaash	1	0	0	0	1	0	0	2	60	0	0	0	true	Move	0	brn	wikiberry	1	0	-1	0	0	foes:0:false|stat:6:def:false:true|stat:6:spd:false:true|stat:7:def:false:true|stat:7:spd:false:true|boost:spa=1:undefined:undefined:undefined:false:false	undefined	undefined	2048	2048	2048	0	0
download	onStart	304	1	1	61	Fire	1	1	0	10	0	0	8192	greninjabond	0	1	0	1	0	0	1	2	0	100	0	0	false	Move	1	brn	aguavberry	1	-1	99	0	1	foes:0:false|stat:6:def:false:true|stat:6:spd:false:true|stat:7:def:false:true|stat:7:spd:false:true|boost:atk=1:undefined:undefined:undefined:false:false	undefined	false	8192	8192	8192	0	2
download	onStart	305	1	1	40	Ghost	0	0	0	0	0	1	24576	pikachu	1	0	0	0	0	-1	1	2	0	100	1	0	true	missing	0	brn	wikiberry	0	0	99	0	0	foes:0:false|stat:6:def:false:true|stat:6:spd:false:true|stat:7:def:false:true|stat:7:spd:false:true|boost:atk=1:undefined:undefined:undefined:false:false	undefined	true	24576	24576	24576	-1	0
download	onStart	306	1	1	40	Fire	0	1	0	10	-1	-1	24576	pikachu	0	0	0	0	1	6	1	2	60	160	0	1	true	missing	0	brn	iapapaberry	2	0	0	0	0	foes:0:false|stat:6:def:false:true|stat:6:spd:false:true|stat:7:def:false:true|stat:7:spd:false:true|boost:atk=1:undefined:undefined:undefined:false:false	undefined	undefined	24576	24576	24576	6	2
download	onStart	307	6	1	0	Dark	0	0	0	0	100	0	8192	pikachu	0	1	1	0	0	1	0	2	60	100	0	0	true	Ability	1	psn	figyberry	0	-1	-1	1	1	foes:0:false|stat:6:def:false:true|stat:6:spd:false:true|stat:7:def:false:true|stat:7:spd:false:true|boost:atk=1:undefined:undefined:undefined:false:false	undefined	false	8192	8192	8192	1	0
download	onStart	308	1	0	60	Dark	1	0	0	10	0	0	0	greninjabond	1	0	1	0	1	6	1	0	60	0	0	0	true	Ability	0	psn	iapapaberry	1	-1	1	1	1	foes:0:false	undefined	false	0	0	0	6	0
download	onStart	309	6	6	61	Water	0	0	0	20	0	0	0	greninjabond	0	1	1	0	0	0	1	0	100	0	1	1	true	missing	1	brn	figyberry	1	-1	99	0	1	foes:0:false	undefined	false	0	0	0	0	0
download	onStart	310	-1	6	61	Dark	1	0	1	10	20	0	0	pikachu	0	1	0	1	1	1	0	0	0	100	0	1	null	Move	1	psn	sitrusberry	2	0	-1	0	0	foes:0:false	undefined	false	0	0	0	1	0
download	onStart	311	0	6	70	Water	1	0	1	20	100	1	2048	pikachu	0	0	1	1	0	-1	0	2	100	0	1	0	true	Move	0	psn	sitrusberry	2	0	0	0	1	foes:0:false|stat:6:def:false:true|stat:6:spd:false:true|stat:7:def:false:true|stat:7:spd:false:true|boost:spa=1:undefined:undefined:undefined:false:false	undefined	true	2048	2048	2048	-1	0
download	onStart	312	1	1	61	Dark	0	0	1	20	20	0	24576	pikachu	1	1	1	0	0	6	0	0	60	100	0	1	null	Move	0	psn	leftovers	2	1	1	0	0	foes:0:false	undefined	false	24576	24576	24576	6	0
download	onStart	313	1	6	0	Normal	1	1	0	0	20	0	2048	greninjaash	0	1	1	0	0	-1	0	0	0	100	0	0	0	Move	1	psn	aguavberry	2	0	-1	0	0	foes:0:false	undefined	false	2048	2048	2048	-1	2
download	onStart	314	0	1	40	Water	0	0	1	100	100	-1	0	greninjabond	0	0	1	0	0	1	1	1	0	160	0	1	null	missing	1	psn	sitrusberry	0	0	0	1	0	foes:0:false|stat:6:def:false:true|stat:6:spd:false:true|boost:atk=1:undefined:undefined:undefined:false:false	undefined	undefined	0	0	0	1	0
download	onStart	315	1	6	61	Bug	0	0	1	0	100	-1	8	greninjaash	0	1	1	1	1	6	0	2	0	160	1	1	undefined	missing	0	psn	sitrusberry	0	0	1	1	0	foes:0:false|stat:6:def:false:true|stat:6:spd:false:true|stat:7:def:false:true|stat:7:spd:false:true|boost:atk=1:undefined:undefined:undefined:false:false	undefined	undefined	8	8	8	6	0
download	onStart	316	0	6	60	Fire	0	1	1	0	0	-1	0	greninjabond	0	1	0	1	1	6	1	0	60	100	0	1	true	Ability	0	psn	aguavberry	0	0	99	1	0	foes:0:false	undefined	undefined	0	0	0	6	2
download	onStart	317	-1	0	0	Ghost	1	1	0	100	100	1	8	greninjaash	0	0	1	0	0	6	0	1	100	160	1	1	false	Move	0	psn	magoberry	2	0	99	0	1	foes:0:false|stat:6:def:false:true|stat:6:spd:false:true|boost:atk=1:undefined:undefined:undefined:false:false	undefined	true	8	8	8	6	2
download	onStart	318	0	6	60	Normal	1	1	1	10	20	-1	8192	greninjabond	1	0	0	1	0	1	1	0	0	0	1	1	undefined	missing	1	brn	magoberry	2	0	1	1	1	foes:0:false	undefined	undefined	8192	8192	8192	1	2
download	onStart	319	1	1	0	Normal	1	0	0	0	20	1	2048	pikachu	0	0	1	0	0	6	0	2	60	0	0	1	0	Move	0	psn	figyberry	0	0	0	1	0	foes:0:false|stat:6:def:false:true|stat:6:spd:false:true|stat:7:def:false:true|stat:7:spd:false:true|boost:spa=1:undefined:undefined:undefined:false:false	undefined	true	2048	2048	2048	6	0
download	onStart	320	1	1	70	Ghost	1	0	1	100	0	0	0	greninjaash	0	0	0	1	0	-1	0	0	100	100	1	0	true	Move	0	psn	figyberry	1	-1	0	1	0	foes:0:false	undefined	false	0	0	0	-1	0
download	onStart	321	1	0	60	Ghost	0	0	1	0	0	0	24576	greninjaash	0	1	1	1	0	-1	1	1	0	0	0	1	true	missing	1	psn	magoberry	2	0	1	1	0	foes:0:false|stat:6:def:false:true|stat:6:spd:false:true	undefined	false	24576	24576	24576	-1	0
download	onStart	322	-1	1	60	Dark	0	0	1	10	0	-1	8	greninjaash	0	1	1	0	1	-1	0	0	60	0	0	1	undefined	Move	1	brn	sitrusberry	1	1	0	1	1	foes:0:false	undefined	undefined	8	8	8	-1	0
download	onStart	323	0	0	0	Water	1	0	0	10	0	1	16384	pikachu	1	1	0	1	1	-1	1	0	60	160	0	0	0	Ability	0	brn	aguavberry	2	-1	0	0	1	foes:0:false	undefined	true	16384	16384	16384	-1	0
download	onStart	324	6	6	61	Dark	1	1	1	100	0	-1	16384	greninjabond	1	1	1	0	1	1	0	1	100	160	1	0	undefined	Move	1	psn	wikiberry	1	-1	-1	1	0	foes:0:false|stat:6:def:false:true|stat:6:spd:false:true|boost:atk=1:undefined:undefined:undefined:false:false	undefined	undefined	16384	16384	16384	1	2
download	onStart	325	1	0	40	Dark	0	0	0	10	100	1	2048	pikachu	1	0	1	0	0	0	1	0	60	100	1	0	undefined	Ability	0	psn	leftovers	1	0	1	0	1	foes:0:false	undefined	true	2048	2048	2048	0	0
download	onStart	326	1	0	70	Dark	0	1	0	10	-1	0	24576	pikachu	1	0	1	1	1	6	0	0	100	0	1	1	true	Ability	0	psn	sitrusberry	1	1	-1	1	0	foes:0:false	undefined	false	24576	24576	24576	6	2
download	onStart	327	1	6	0	Fire	1	0	1	100	-1	0	16384	greninjaash	0	0	0	0	1	1	0	1	100	100	1	1	undefined	missing	0	brn	figyberry	0	1	1	0	1	foes:0:false|stat:6:def:false:true|stat:6:spd:false:true|boost:spa=1:undefined:undefined:undefined:false:false	undefined	false	16384	16384	16384	1	0
download	onStart	328	1	0	70	Bug	1	1	0	0	20	0	16384	greninjaash	1	0	1	0	1	1	0	1	100	160	0	1	null	Ability	0	psn	magoberry	1	1	0	1	1	foes:0:false|stat:6:def:false:true|stat:6:spd:false:true|boost:atk=1:undefined:undefined:undefined:false:false	undefined	false	16384	16384	16384	1	2
download	onStart	329	1	6	61	Dark	1	1	1	100	-1	0	8192	greninjabond	1	0	1	1	1	-1	0	2	0	100	0	1	false	missing	0	brn	magoberry	2	1	99	1	0	foes:0:false|stat:6:def:false:true|stat:6:spd:false:true|stat:7:def:false:true|stat:7:spd:false:true|boost:atk=1:undefined:undefined:undefined:false:false	undefined	false	8192	8192	8192	-1	2
download	onStart	330	6	1	70	Water	0	1	1	100	-1	-1	8192	greninjabond	0	1	1	0	1	6	1	1	0	0	1	1	undefined	Ability	0	psn	aguavberry	0	1	0	0	1	foes:0:false|stat:6:def:false:true|stat:6:spd:false:true	undefined	undefined	8192	8192	8192	6	2
download	onStart	331	6	1	61	Fire	1	0	1	20	-1	1	2048	greninjabond	1	1	1	0	0	0	1	2	100	0	1	0	null	missing	0	brn	iapapaberry	0	0	99	1	0	foes:0:false|stat:6:def:false:true|stat:6:spd:false:true|stat:7:def:false:true|stat:7:spd:false:true|boost:spa=1:undefined:undefined:undefined:false:false	undefined	true	2048	2048	2048	0	0
download	onStart	332	0	1	70	Ghost	1	0	0	20	0	0	8192	greninjabond	0	0	1	1	1	1	0	1	0	0	0	1	false	Move	1	psn	aguavberry	0	-1	1	1	0	foes:0:false|stat:6:def:false:true|stat:6:spd:false:true	undefined	false	8192	8192	8192	1	0
download	onStart	333	-1	1	0	Bug	0	1	0	20	100	-1	2048	greninjabond	0	1	0	1	0	6	0	0	0	0	0	0	true	missing	1	brn	leftovers	0	0	1	1	1	foes:0:false	undefined	undefined	2048	2048	2048	6	2
download	onStart	334	6	0	61	Water	0	1	0	10	0	-1	16384	greninjaash	1	1	1	1	1	-1	0	0	0	100	1	1	null	missing	1	brn	wikiberry	0	1	1	0	0	foes:0:false	undefined	undefined	16384	16384	16384	-1	2
download	onStart	335	6	6	0	Dark	0	0	0	10	100	0	2048	greninjaash	1	1	1	1	0	0	0	2	100	100	1	0	true	Move	0	brn	figyberry	1	0	1	1	0	foes:0:false|stat:6:def:false:true|stat:6:spd:false:true|stat:7:def:false:true|stat:7:spd:false:true|boost:spa=1:undefined:undefined:undefined:false:false	undefined	false	2048	2048	2048	0	0
download	onStart	336	6	6	61	Water	0	0	1	10	-1	1	0	greninjaash	0	1	1	0	1	6	0	0	0	160	1	0	null	Ability	1	psn	sitrusberry	2	-1	-1	1	1	foes:0:false	undefined	true	0	0	0	6	0
download	onStart	337	0	1	40	Normal	1	0	1	100	100	-1	2048	greninjaash	0	1	1	0	1	-1	1	0	60	100	0	0	false	missing	1	brn	figyberry	1	1	0	1	0	foes:0:false	undefined	undefined	2048	2048	2048	-1	0
download	onStart	338	6	1	0	Ghost	0	1	0	10	20	0	0	pikachu	1	1	0	0	0	0	1	1	0	100	1	1	undefined	Move	1	brn	leftovers	2	1	0	1	0	foes:0:false|stat:6:def:false:true|stat:6:spd:false:true|boost:atk=1:undefined:undefined:undefined:false:false	undefined	false	0	0	0	0	2
download	onStart	339	1	1	61	Dark	1	0	0	20	-1	1	0	pikachu	1	1	0	0	1	1	1	1	60	100	1	1	undefined	Move	0	psn	figyberry	1	0	1	1	1	foes:0:false|stat:6:def:false:true|stat:6:spd:false:true|boost:atk=1:undefined:undefined:undefined:false:false	undefined	true	0	0	0	1	0
download	onStart	340	6	6	60	Ghost	0	0	1	10	0	1	24576	greninjaash	1	1	0	1	1	1	0	1	100	0	0	0	false	missing	1	psn	magoberry	2	0	99	0	1	foes:0:false|stat:6:def:false:true|stat:6:spd:false:true|boost:spa=1:undefined:undefined:undefined:false:false	undefined	true	24576	24576	24576	1	0
download	onStart	341	1	6	60	Normal	1	0	1	0	20	-1	8	greninjabond	0	0	0	1	1	0	1	1	100	100	0	0	undefined	Move	0	brn	leftovers	2	0	0	1	1	foes:0:false|stat:6:def:false:true|stat:6:spd:false:true|boost:spa=1:undefined:undefined:undefined:false:false	undefined	undefined	8	8	8	0	0
download	onStart	342	0	0	60	Fire	0	0	0	10	100	-1	8	greninjabond	1	1	1	1	0	-1	1	0	60	0	0	1	null	missing	1	psn	magoberry	1	1	0	1	1	foes:0:false	undefined	undefined	8	8	8	-1	0
download	onStart	343	-1	1	70	Bug	0	1	0	0	20	1	2048	greninjaash	1	1	0	1	1	-1	1	1	0	100	0	1	true	missing	1	brn	aguavberry	0	1	99	1	0	foes:0:false|stat:6:def:false:true|stat:6:spd:false:true|boost:atk=1:undefined:undefined:undefined:false:false	undefined	true	2048	2048	2048	-1	2
download	onStart	344	6	1	70	Bug	1	0	0	20	100	-1	8	pikachu	0	1	0	1	1	0	1	0	100	0	1	1	null	Move	1	psn	aguavberry	1	0	99	1	0	foes:0:false	undefined	undefined	8	8	8	0	0
download	onStart	345	0	1	60	Bug	0	1	1	20	-1	0	8192	greninjaash	0	0	1	0	1	-1	1	2	0	0	0	0	null	missing	0	psn	sitrusberry	0	1	99	0	0	foes:0:false|stat:6:def:false:true|stat:6:spd:false:true|stat:7:def:false:true|stat:7:spd:false:true	undefined	false	8192	8192	8192	-1	2
download	onStart	346	1	0	70	Bug	1	0	0	100	100	1	8	greninjaash	1	0	0	0	1	-1	0	0	60	160	1	1	null	Ability	1	psn	leftovers	1	-1	0	0	0	foes:0:false	undefined	true	8	8	8	-1	0
download	onStart	347	0	0	70	Bug	0	0	0	100	20	0	0	greninjaash	0	1	1	1	1	6	1	0	0	100	0	1	false	missing	0	psn	iapapaberry	1	-1	0	0	1	foes:0:false	undefined	false	0	0	0	6	0
download	onStart	348	0	1	0	Dark	1	1	1	0	0	1	8	greninjabond	1	1	1	0	0	0	0	1	100	160	1	1	0	missing	0	psn	magoberry	0	1	-1	0	1	foes:0:false|stat:6:def:false:true|stat:6:spd:false:true|boost:atk=1:undefined:undefined:undefined:false:false	undefined	true	8	8	8	0	2
download	onStart	349	6	6	40	Ghost	0	1	1	20	20	0	2048	greninjaash	1	1	0	0	1	6	1	1	0	160	0	1	false	Move	1	psn	figyberry	2	1	0	1	1	foes:0:false|stat:6:def:false:true|stat:6:spd:false:true|boost:atk=1:undefined:undefined:undefined:false:false	undefined	false	2048	2048	2048	6	2
download	onStart	350	1	6	61	Normal	0	0	1	10	20	0	8192	greninjaash	1	0	0	0	1	0	0	0	60	160	0	0	undefined	Ability	0	brn	leftovers	0	1	99	0	1	foes:0:false	undefined	false	8192	8192	8192	0	0
download	onStart	351	0	0	70	Water	0	1	1	100	-1	1	8	pikachu	1	1	1	0	1	-1	1	1	100	0	1	1	false	missing	1	psn	leftovers	0	1	99	0	1	foes:0:false|stat:6:def:false:true|stat:6:spd:false:true|boost:spa=1:undefined:undefined:undefined:false:false	undefined	true	8	8	8	-1	2
download	onStart	352	6	1	40	Normal	0	1	0	100	-1	1	8	greninjaash	1	0	1	0	1	1	1	2	0	160	0	0	true	Ability	1	psn	iapapaberry	1	1	1	1	0	foes:0:false|stat:6:def:false:true|stat:6:spd:false:true|stat:7:def:false:true|stat:7:spd:false:true|boost:atk=1:undefined:undefined:undefined:false:false	undefined	true	8	8	8	1	2
download	onStart	353	0	1	61	Ghost	1	0	1	20	20	0	16384	greninjabond	1	1	0	0	0	-1	0	1	60	160	1	1	0	Ability	1	brn	iapapaberry	0	-1	-1	0	0	foes:0:false|stat:6:def:false:true|stat:6:spd:false:true|boost:atk=1:undefined:undefined:undefined:false:false	undefined	false	16384	16384	16384	-1	0
download	onStart	354	0	0	0	Ghost	1	0	0	10	0	0	8	pikachu	1	0	0	0	0	1	1	1	0	160	0	1	0	Move	0	brn	aguavberry	2	1	0	1	1	foes:0:false|stat:6:def:false:true|stat:6:spd:false:true|boost:atk=1:undefined:undefined:undefined:false:false	undefined	false	8	8	8	1	0
download	onStart	355	6	6	40	Normal	0	0	1	100	100	1	16384	greninjaash	0	1	0	0	0	0	1	1	100	160	1	0	true	missing	0	brn	leftovers	1	-1	99	1	0	foes:0:false|stat:6:def:false:true|stat:6:spd:false:true|boost:atk=1:undefined:undefined:undefined:false:false	undefined	true	16384	16384	16384	0	0
download	onStart	356	-1	6	60	Ghost	0	1	0	100	-1	1	16384	greninjaash	0	0	1	1	0	0	1	2	100	100	0	0	false	Move	0	psn	leftovers	1	1	0	0	0	foes:0:false|stat:6:def:false:true|stat:6:spd:false:true|stat:7:def:false:true|stat:7:spd:false:true|boost:spa=1:undefined:undefined:undefined:false:false	undefined	true	16384	16384	16384	0	2
download	onStart	357	0	1	0	Water	0	0	1	100	20	1	8192	greninjaash	0	0	0	0	1	0	0	2	0	160	0	1	0	missing	0	psn	aguavberry	2	0	-1	0	0	foes:0:false|stat:6:def:false:true|stat:6:spd:false:true|stat:7:def:false:true|stat:7:spd:false:true|boost:atk=1:undefined:undefined:undefined:false:false	undefined	true	8192	8192	8192	0	0
download	onStart	358	6	6	70	Ghost	0	1	1	20	20	-1	0	pikachu	1	0	0	0	0	0	1	0	100	160	0	0	undefined	Ability	1	psn	aguavberry	1	0	0	1	0	foes:0:false	undefined	undefined	0	0	0	0	2
download	onStart	359	0	6	70	Dark	0	1	0	10	0	0	8192	pikachu	0	1	1	0	0	6	1	1	60	100	0	0	undefined	Ability	1	psn	leftovers	2	0	-1	1	0	foes:0:false|stat:6:def:false:true|stat:6:spd:false:true|boost:atk=1:undefined:undefined:undefined:false:false	undefined	false	8192	8192	8192	6	2
download	onStart	360	6	1	0	Normal	1	1	1	0	100	0	24576	pikachu	0	0	1	1	1	-1	1	2	0	0	1	1	undefined	Move	0	psn	figyberry	2	-1	0	0	0	foes:0:false|stat:6:def:false:true|stat:6:spd:false:true|stat:7:def:false:true|stat:7:spd:false:true	undefined	false	24576	24576	24576	-1	2
download	onStart	361	-1	0	60	Fire	1	1	0	10	0	1	8	greninjabond	0	0	0	1	0	-1	1	1	0	0	1	1	undefined	missing	0	brn	figyberry	0	1	1	0	0	foes:0:false|stat:6:def:false:true|stat:6:spd:false:true	undefined	true	8	8	8	-1	2
download	onStart	362	-1	0	61	Water	1	1	1	100	20	1	0	greninjaash	1	1	1	0	1	0	1	2	0	160	0	1	undefined	missing	1	psn	magoberry	1	1	0	0	0	foes:0:false|stat:6:def:false:true|stat:6:spd:false:true|stat:7:def:false:true|stat:7:spd:false:true|boost:atk=1:undefined:undefined:undefined:false:false	undefined	true	0	0	0	0	2
download	onStart	363	1	0	60	Bug	0	0	0	0	100	0	2048	pikachu	0	1	0	0	1	1	0	1	60	0	0	0	false	Move	1	brn	aguavberry	0	0	1	1	1	foes:0:false|stat:6:def:false:true|stat:6:spd:false:true|boost:spa=1:undefined:undefined:undefined:false:false	undefined	false	2048	2048	2048	1	0
download	onStart	364	1	0	60	Ghost	1	0	1	20	-1	-1	2048	greninjaash	1	0	0	0	0	-1	1	0	100	160	0	1	undefined	missing	0	psn	leftovers	0	-1	1	0	0	foes:0:false	undefined	undefined	2048	2048	2048	-1	0
download	onStart	365	6	1	60	Bug	1	1	1	10	-1	1	2048	pikachu	0	1	0	1	0	-1	1	1	60	160	0	0	undefined	Move	0	brn	magoberry	1	0	-1	0	0	foes:0:false|stat:6:def:false:true|stat:6:spd:false:true|boost:atk=1:undefined:undefined:undefined:false:false	undefined	true	2048	2048	2048	-1	2
download	onStart	366	-1	1	61	Water	1	1	1	20	-1	1	8192	greninjaash	0	0	0	0	1	1	1	1	0	160	0	0	false	missing	0	brn	figyberry	1	1	99	1	0	foes:0:false|stat:6:def:false:true|stat:6:spd:false:true|boost:atk=1:undefined:undefined:undefined:false:false	undefined	true	8192	8192	8192	1	2
download	onStart	367	1	0	61	Dark	1	1	1	0	20	1	8	greninjabond	0	1	0	1	1	1	1	1	60	100	1	0	true	Move	1	brn	magoberry	1	-1	-1	1	1	foes:0:false|stat:6:def:false:true|stat:6:spd:false:true|boost:atk=1:undefined:undefined:undefined:false:false	undefined	true	8	8	8	1	2
download	onStart	368	6	6	70	Normal	1	0	0	10	-1	1	16384	pikachu	1	1	0	0	0	1	0	1	100	160	1	0	undefined	missing	0	psn	aguavberry	2	1	-1	0	1	foes:0:false|stat:6:def:false:true|stat:6:spd:false:true|boost:atk=1:undefined:undefined:undefined:false:false	undefined	true	16384	16384	16384	1	0
download	onStart	369	-1	1	60	Bug	0	0	0	10	20	-1	0	pikachu	0	1	0	1	0	-1	0	0	100	100	1	0	undefined	Ability	0	psn	sitrusberry	1	1	99	1	0	foes:0:false	undefined	undefined	0	0	0	-1	0
download	onStart	370	6	6	0	Fire	1	1	1	10	100	0	24576	greninjabond	1	1	1	0	0	-1	0	1	100	0	0	1	0	Move	1	brn	aguavberry	1	1	0	0	0	foes:0:false|stat:6:def:false:true|stat:6:spd:false:true|boost:spa=1:undefined:undefined:undefined:false:false	undefined	false	24576	24576	24576	-1	2
download	onStart	371	0	6	40	Ghost	0	0	1	0	0	-1	24576	greninjaash	1	1	1	1	1	6	0	0	100	100	1	1	undefined	Move	1	brn	magoberry	0	0	-1	0	0	foes:0:false	undefined	undefined	24576	24576	24576	6	0
download	onStart	372	-1	1	61	Fire	1	1	1	10	-1	0	0	greninjaash	0	1	1	1	0	-1	1	1	100	0	1	0	false	missing	1	psn	leftovers	2	1	99	0	1	foes:0:false|stat:6:def:false:true|stat:6:spd:false:true|boost:spa=1:undefined:undefined:undefined:false:false	undefined	false	0	0	0	-1	2
download	onStart	373	-1	0	70	Ghost	0	0	1	20	-1	1	2048	pikachu	1	0	0	1	0	1	0	0	100	100	1	0	false	Move	1	psn	aguavberry	1	0	-1	0	0	foes:0:false	undefined	true	2048	2048	2048	1	0
download	onStart	374	0	1	0	Normal	1	0	1	20	0	1	0	greninjaash	0	1	1	0	1	1	0	1	0	160	1	0	true	missing	0	psn	wikiberry	2	1	0	0	1	foes:0:false|stat:6:def:false:true|stat:6:spd:false:true|boost:atk=1:undefined:undefined:undefined:false:false	undefined	true	0	0	0	1	0
download	onStart	375	6	6	61	Normal	1	1	0	20	-1	1	8192	greninjaash	0	1	1	1	1	0	1	1	0	160	1	1	undefined	Move	1	brn	wikiberry	0	0	0	0	0	foes:0:false|stat:6:def:false:true|stat:6:spd:false:true|boost:atk=1:undefined:undefined:undefined:false:false	undefined	true	8192	8192	8192	0	2
download	onStart	376	-1	1	60	Bug	0	0	0	20	0	0	0	greninjaash	0	0	1	1	0	6	0	1	0	160	0	1	0	missing	0	psn	iapapaberry	0	0	99	0	1	foes:0:false|stat:6:def:false:true|stat:6:spd:false:true|boost:atk=1:undefined:undefined:undefined:false:false	undefined	false	0	0	0	6	0
download	onStart	377	-1	0	40	Bug	1	1	0	0	100	-1	0	greninjabond	1	0	0	0	1	-1	1	2	60	160	1	0	true	Move	1	psn	iapapaberry	2	-1	0	1	0	foes:0:false|stat:6:def:false:true|stat:6:spd:false:true|stat:7:def:false:true|stat:7:spd:false:true|boost:atk=1:undefined:undefined:undefined:false:false	undefined	undefined	0	0	0	-1	2
download	onStart	378	1	6	60	Fire	1	1	1	100	0	-1	24576	greninjabond	1	0	1	0	0	1	1	0	0	0	0	1	null	missing	0	psn	iapapaberry	0	0	0	1	1	foes:0:false	undefined	undefined	24576	24576	24576	1	2
download	onStart	379	6	1	60	Dark	1	0	0	10	-1	1	8192	pikachu	1	1	0	1	0	-1	0	0	100	160	1	0	0	Ability	1	psn	iapapaberry	0	1	99	1	1	foes:0:false	undefined	true	8192	8192	8192	-1	0
download	onStart	380	1	6	70	Dark	0	1	0	0	-1	-1	24576	pikachu	1	1	1	0	0	6	0	1	60	160	0	1	false	Ability	1	brn	wikiberry	2	0	-1	0	1	foes:0:false|stat:6:def:false:true|stat:6:spd:false:true|boost:atk=1:undefined:undefined:undefined:false:false	undefined	undefined	24576	24576	24576	6	2
download	onStart	381	1	0	61	Fire	1	1	0	0	-1	0	8	greninjabond	0	1	1	1	0	-1	1	0	0	0	1	1	0	Ability	0	psn	magoberry	1	-1	99	1	0	foes:0:false	undefined	false	8	8	8	-1	2
download	onStart	382	6	0	61	Fire	1	0	0	20	100	0	2048	greninjabond	0	1	1	0	0	6	1	0	0	100	1	0	false	Ability	1	brn	iapapaberry	1	-1	99	1	1	foes:0:false	undefined	false	2048	2048	2048	6	0
download	onStart	383	6	6	61	Normal	1	1	0	10	0	1	8	pikachu	1	1	0	0	0	-1	0	0	0	160	0	1	true	missing	0	psn	iapapaberry	2	1	1	1	1	foes:0:false	undefined	true	8	8	8	-1	2
download	onStart	384	-1	6	70	Water	1	1	1	100	20	-1	16384	greninjaash	1	0	1	0	0	0	0	2	100	100	1	0	true	Ability	1	psn	iapapaberry	2	1	1	0	0	foes:0:false|stat:6:def:false:true|stat:6:spd:false:true|stat:7:def:false:true|stat:7:spd:false:true|boost:spa=1:undefined:undefined:undefined:false:false	undefined	undefined	16384	16384	16384	0	2
download	onStart	385	6	0	60	Fire	1	0	0	0	-1	-1	8	greninjabond	0	1	0	0	1	-1	0	1	60	160	1	0	null	Move	0	brn	iapapaberry	1	1	1	1	0	foes:0:false|stat:6:def:false:true|stat:6:spd:false:true|boost:atk=1:undefined:undefined:undefined:false:false	undefined	undefined	8	8	8	-1	0
download	onStart	386	1	1	61	Normal	0	0	1	10	-1	0	2048	greninjabond	0	0	0	0	1	0	1	0	60	0	1	1	true	missing	1	brn	iapapaberry	1	0	0	0	1	foes:0:false	undefined	false	2048	2048	2048	0	0
download	onStart	387	1	1	70	Normal	1	0	0	20	-1	0	8192	greninjaash	1	1	1	0	1	0	0	1	60	0	0	0	0	Ability	1	psn	leftovers	0	0	0	1	0	foes:0:false|stat:6:def:false:true|stat:6:spd:false:true|boost:spa=1:undefined:undefined:undefined:false:false	undefined	false	8192	8192	8192	0	0
download	onStart	388	-1	1	61	Normal	1	0	1	100	-1	0	24576	pikachu	1	0	0	1	0	6	0	0	100	160	1	0	true	Ability	1	brn	wikiberry	0	1	0	1	1	foes:0:false	undefined	false	24576	24576	24576	6	0
download	onStart	389	-1	1	0	Normal	1	1	0	10	-1	0	2048	greninjaash	1	0	1	0	1	1	1	2	0	0	1	1	false	Ability	1	brn	aguavberry	1	-1	99	1	0	foes:0:false|stat:6:def:false:true|stat:6:spd:false:true|stat:7:def:false:true|stat:7:spd:false:true	undefined	false	2048	2048	2048	1	2
download	onStart	390	-1	6	61	Normal	1	1	0	20	20	1	8	greninjabond	0	0	1	0	1	6	1	1	100	0	1	0	0	missing	0	psn	sitrusberry	2	-1	0	0	0	foes:0:false|stat:6:def:false:true|stat:6:spd:false:true|boost:spa=1:undefined:undefined:undefined:false:false	undefined	true	8	8	8	6	2
download	onStart	391	-1	1	61	Bug	0	1	1	100	20	-1	2048	greninjabond	1	1	1	1	1	6	0	1	0	160	1	0	true	Ability	0	psn	wikiberry	1	0	1	1	0	foes:0:false|stat:6:def:false:true|stat:6:spd:false:true|boost:atk=1:undefined:undefined:undefined:false:false	undefined	undefined	2048	2048	2048	6	2
download	onStart	392	-1	1	0	Normal	0	1	0	0	0	-1	24576	greninjaash	1	1	0	1	0	1	1	2	100	160	1	1	true	missing	1	psn	iapapaberry	0	-1	0	0	0	foes:0:false|stat:6:def:false:true|stat:6:spd:false:true|stat:7:def:false:true|stat:7:spd:false:true|boost:atk=1:undefined:undefined:undefined:false:false	undefined	undefined	24576	24576	24576	1	2
download	onStart	393	6	1	60	Normal	0	0	0	0	100	0	16384	pikachu	0	0	0	1	1	-1	0	0	60	160	0	1	0	Move	1	brn	iapapaberry	2	-1	-1	0	0	foes:0:false	undefined	false	16384	16384	16384	-1	0
download	onStart	394	0	6	60	Dark	0	0	0	100	20	1	8	greninjabond	0	0	0	0	0	6	0	1	100	0	1	1	undefined	Move	1	psn	figyberry	2	0	0	1	0	foes:0:false|stat:6:def:false:true|stat:6:spd:false:true|boost:spa=1:undefined:undefined:undefined:false:false	undefined	true	8	8	8	6	0
download	onStart	395	0	6	60	Bug	1	0	1	20	20	-1	8	greninjaash	0	1	0	0	1	1	0	1	100	0	1	1	null	Move	1	brn	figyberry	0	0	-1	0	1	foes:0:false|stat:6:def:false:true|stat:6:spd:false:true|boost:spa=1:undefined:undefined:undefined:false:false	undefined	undefined	8	8	8	1	0
download	onStart	396	1	1	61	Normal	0	0	0	20	20	-1	8192	pikachu	0	1	1	0	1	6	0	0	100	0	1	0	0	Move	1	brn	leftovers	0	1	1	1	0	foes:0:false	undefined	undefined	8192	8192	8192	6	0
download	onStart	397	0	0	61	Bug	0	0	0	100	0	1	8192	pikachu	1	1	1	0	1	-1	0	2	60	160	1	0	true	Move	0	brn	leftovers	0	0	1	1	0	foes:0:false|stat:6:def:false:true|stat:6:spd:false:true|stat:7:def:false:true|stat:7:spd:false:true|boost:atk=1:undefined:undefined:undefined:false:false	undefined	true	8192	8192	8192	-1	0
download	onStart	398	0	1	70	Ghost	1	1	0	20	20	1	16384	greninjabond	0	0	0	0	0	-1	0	2	0	0	0	0	false	Move	0	brn	figyberry	0	1	99	1	1	foes:0:false|stat:6:def:false:true|stat:6:spd:false:true|stat:7:def:false:true|stat:7:spd:false:true	undefined	true	16384	16384	16384	-1	2
download	onStart	399	0	1	61	Fire	0	1	0	20	-1	0	0	greninjabond	1	1	0	1	1	1	0	0	60	100	0	0	0	Move	0	brn	wikiberry	2	0	99	0	1	foes:0:false	undefined	false	0	0	0	1	2
download	onStart	400	-1	0	60	Water	1	0	0	10	20	0	8192	greninjaash	0	1	1	0	0	-1	1	2	60	160	0	1	true	missing	1	psn	sitrusberry	1	0	-1	0	1	foes:0:false|stat:6:def:false:true|stat:6:spd:false:true|stat:7:def:false:true|stat:7:spd:false:true|boost:atk=1:undefined:undefined:undefined:false:false	undefined	false	8192	8192	8192	-1	0
download	onStart	401	6	6	60	Normal	1	1	1	100	-1	1	8	greninjaash	1	1	1	1	0	-1	1	0	100	100	0	1	0	Ability	0	psn	iapapaberry	2	1	1	0	0	foes:0:false	undefined	true	8	8	8	-1	2
download	onStart	402	-1	0	0	Normal	0	1	0	10	0	-1	8192	greninjabond	0	1	0	0	1	1	1	1	100	0	1	1	null	missing	0	brn	sitrusberry	2	-1	0	0	0	foes:0:false|stat:6:def:false:true|stat:6:spd:false:true|boost:spa=1:undefined:undefined:undefined:false:false	undefined	undefined	8192	8192	8192	1	2
download	onStart	403	6	6	40	Fire	0	1	0	100	100	0	24576	greninjaash	0	0	0	1	0	6	0	1	0	100	0	1	null	missing	0	brn	iapapaberry	1	-1	99	1	0	foes:0:false|stat:6:def:false:true|stat:6:spd:false:true|boost:atk=1:undefined:undefined:undefined:false:false	undefined	false	24576	24576	24576	6	2
download	onStart	404	0	6	60	Normal	1	1	0	20	20	1	8192	greninjabond	1	1	0	1	1	1	1	0	0	100	0	1	null	missing	0	brn	sitrusberry	0	-1	99	1	0	foes:0:false	undefined	true	8192	8192	8192	1	2
download	onStart	405	6	0	60	Dark	1	1	0	0	0	-1	0	greninjabond	0	0	1	1	1	1	1	1	100	100	1	0	false	Ability	0	psn	aguavberry	2	0	1	0	0	foes:0:false|stat:6:def:false:true|stat:6:spd:false:true|boost:spa=1:undefined:undefined:undefined:false:false	undefined	undefined	0	0	0	1	2
download	onStart	406	1	6	61	Bug	0	1	1	20	-1	-1	0	pikachu	1	1	0	0	1	0	1	0	100	160	0	0	undefined	Move	1	psn	iapapaberry	0	1	0	0	1	foes:0:false	undefined	undefined	0	0	0	0	2
download	onStart	407	0	6	0	Fire	0	1	1	0	0	0	2048	pikachu	0	1	0	0	0	0	0	1	100	100	1	1	0	missing	0	brn	figyberry	2	-1	99	1	0	foes:0:false|stat:6:def:false:true|stat:6:spd:false:true|boost:spa=1:undefined:undefined:undefined:false:false	undefined	false	2048	2048	2048	0	2
download	onStart	408	-1	0	70	Normal	0	1	1	100	0	-1	8	greninjabond	1	0	1	1	0	0	1	2	0	160	1	0	false	Move	1	psn	wikiberry	2	-1	99	1	1	foes:0:false|stat:6:def:false:true|stat:6:spd:false:true|stat:7:def:false:true|stat:7:spd:false:true|boost:atk=1:undefined:undefined:undefined:false:false	undefined	undefined	8	8	8	0	2
download	onStart	409	1	6	40	Fire	1	0	1	100	20	1	0	greninjaash	0	0	1	1	0	-1	0	1	100	160	0	0	undefined	Move	0	brn	sitrusberry	0	0	99	0	0	foes:0:false|stat:6:def:false:true|stat:6:spd:false:true|boost:atk=1:undefined:undefined:undefined:false:false	undefined	true	0	0	0	-1	0
download	onStart	410	6	6	40	Ghost	0	1	0	100	-1	-1	0	pikachu	0	1	1	0	0	-1	1	0	100	160	0	0	true	Move	1	psn	iapapaberry	1	0	1	0	1	foes:0:false	undefined	undefined	0	0	0	-1	2
download	onStart	411	1	1	40	Fire	0	1	1	100	0	-1	2048	greninjaash	0	0	1	0	1	-1	1	1	0	160	1	0	undefined	missing	0	psn	sitrusberry	0	0	0	0	1	foes:0:false|stat:6:def:false:true|stat:6:spd:false:true|boost:atk=1:undefined:undefined:undefined:false:false	undefined	undefined	2048	2048	2048	-1	2
download	onStart	412	6	0	61	Water	1	1	1	10	20	-1	2048	pikachu	0	0	0	0	1	1	1	2	100	160	1	0	false	Ability	0	brn	leftovers	1	-1	-1	1	1	foes:0:false|stat:6:def:false:true|stat:6:spd:false:true|stat:7:def:false:true|stat:7:spd:false:true|boost:atk=1:undefined:undefined:undefined:false:false	undefined	undefined	2048	2048	2048	1	2
download	onStart	413	0	0	0	Fire	1	0	0	20	0	-1	0	greninjaash	1	1	1	1	0	-1	0	2	100	100	0	0	0	missing	1	psn	figyberry	1	1	0	0	0	foes:0:false|stat:6:def:false:true|stat:6:spd:false:true|stat:7:def:false:true|stat:7:spd:false:true|boost:spa=1:undefined:undefined:undefined:false:false	undefined	undefined	0	0	0	-1	0
download	onStart	414	6	0	60	Dark	0	0	1	20	0	1	8192	pikachu	1	1	0	0	0	0	1	0	100	160	0	0	false	missing	0	brn	iapapaberry	2	0	99	0	0	foes:0:false	undefined	true	8192	8192	8192	0	0
download	onStart	415	1	0	61	Normal	1	1	0	100	20	-1	0	pikachu	0	1	1	0	1	-1	0	2	60	0	0	0	true	Move	0	brn	figyberry	0	-1	-1	1	1	foes:0:false|stat:6:def:false:true|stat:6:spd:false:true|stat:7:def:false:true|stat:7:spd:false:true|boost:spa=1:undefined:undefined:undefined:false:false	undefined	undefined	0	0	0	-1	2
download	onStart	416	-1	0	60	Normal	0	1	0	0	100	1	24576	greninjabond	0	0	0	0	1	6	0	1	100	0	1	1	false	Move	0	psn	wikiberry	0	0	1	1	1	foes:0:false|stat:6:def:false:true|stat:6:spd:false:true|boost:spa=1:undefined:undefined:undefined:false:false	undefined	true	24576	24576	24576	6	2
download	onStart	417	1	1	60	Fire	0	1	1	20	0	-1	0	greninjaash	0	1	1	0	0	-1	1	2	100	0	0	0	true	missing	1	brn	magoberry	1	-1	0	1	0	foes:0:false|stat:6:def:false:true|stat:6:spd:false:true|stat:7:def:false:true|stat:7:spd:false:true|boost:spa=1:undefined:undefined:undefined:false:false	undefined	undefined	0	0	0	-1	2
download	onStart	418	1	0	70	Water	0	0	1	20	20	-1	24576	pikachu	0	0	1	1	0	6	0	0	100	0	0	0	true	Move	0	brn	magoberry	1	0	1	1	0	foes:0:false	undefined	undefined	24576	24576	24576	6	0
download	onStart	419	0	6	61	Ghost	0	1	0	0	0	-1	16384	pikachu	0	0	0	0	0	0	1	0	60	160	1	0	0	Move	0	psn	magoberry	2	1	-1	0	0	foes:0:false	undefined	undefined	16384	16384	16384	0	2
download	onStart	420	0	6	70	Water	0	0	0	0	20	-1	2048	greninjabond	1	0	1	1	1	0	1	1	60	0	1	1	false	Ability	0	brn	sitrusberry	2	0	0	1	1	foes:0:false|stat:6:def:false:true|stat:6:spd:false:true|boost:spa=1:undefined:undefined:undefined:false:false	undefined	undefined	2048	2048	2048	0	0
download	onStart	421	1	0	61	Normal	0	1	1	0	100	1	8192	greninjabond	1	0	0	0	0	1	1	1	60	0	0	1	true	Move	0	brn	magoberry	1	-1	0	0	0	foes:0:false|stat:6:def:false:true|stat:6:spd:false:true|boost:spa=1:undefined:undefined:undefined:false:false	undefined	true	8192	8192	8192	1	2
download	onStart	422	-1	6	61	Bug	0	0	1	20	100	0	2048	greninjaash	1	0	1	0	0	1	0	1	100	0	1	0	undefined	missing	0	psn	wikiberry	0	-1	0	1	0	foes:0:false|stat:6:def:false:true|stat:6:spd:false:true|boost:spa=1:undefined:undefined:undefined:false:false	undefined	false	2048	2048	2048	1	0
download	onStart	423	6	1	61	Normal	1	1	1	20	-1	-1	16384	greninjabond	0	1	0	1	1	6	0	0	0	100	0	0	null	Move	1	psn	magoberry	2	-1	-1	0	0	foes:0:false	undefined	undefined	16384	16384	16384	6	2
download	onStart	424	0	0	40	Normal	1	0	0	10	-1	1	0	greninjaash	1	1	1	1	1	0	0	2	60	160	0	0	true	missing	0	psn	magoberry	2	1	0	1	0	foes:0:false|stat:6:def:false:true|stat:6:spd:false:true|stat:7:def:false:true|stat:7:spd:false:true|boost:atk=1:undefined:undefined:undefined:false:false	undefined	true	0	0	0	0	0
download	onStart	425	1	6	61	Bug	1	0	1	20	20	-1	8192	greninjaash	1	0	1	0	1	-1	0	2	0	0	0	1	null	missing	0	psn	sitrusberry	2	-1	1	1	1	foes:0:false|stat:6:def:false:true|stat:6:spd:false:true|stat:7:def:false:true|stat:7:spd:false:true	undefined	undefined	8192	8192	8192	-1	0
download	onStart	426	1	6	60	Ghost	0	0	1	0	100	1	16384	greninjabond	1	0	1	1	1	1	1	0	60	160	0	0	undefined	Move	0	brn	magoberry	1	-1	1	0	0	foes:0:false	undefined	true	16384	16384	16384	1	0
download	onStart	427	-1	6	60	Normal	1	1	0	0	-1	-1	0	pikachu	1	0	1	1	0	1	1	1	60	0	0	1	undefined	Move	0	brn	leftovers	1	1	1	1	1	foes:0:false|stat:6:def:false:true|stat:6:spd:false:true|boost:spa=1:undefined:undefined:undefined:false:false	undefined	undefined	0	0	0	1	2
download	onStart	428	6	0	60	Bug	1	0	0	100	20	0	2048	greninjabond	1	1	0	0	1	0	0	0	60	0	0	0	false	Ability	1	brn	leftovers	1	0	1	0	0	foes:0:false	undefined	false	2048	2048	2048	0	0
download	onStart	429	-1	6	70	Ghost	1	0	1	10	100	0	0	greninjabond	0	1	0	0	0	-1	0	0	100	0	0	1	undefined	missing	1	brn	aguavberry	0	1	-1	1	0	foes:0:false	undefined	false	0	0	0	-1	0
download	onStart	430	1	6	70	Ghost	0	1	0	20	20	-1	0	greninjaash	1	0	1	0	1	1	1	0	60	0	1	0	null	Ability	1	psn	iapapaberry	0	0	99	0	1	foes:0:false	undefined	undefined	0	0	0	1	2
download	onStart	431	6	6	61	Dark	1	1	1	0	0	1	8192	pikachu	0	1	1	1	0	1	1	0	60	160	1	1	0	Move	1	psn	aguavberry	0	0	0	1	1	foes:0:false	undefined	true	8192	8192	8192	1	2
download	onStart	432	0	6	70	Water	0	0	1	20	100	0	2048	greninjabond	1	0	1	0	1	1	0	2	0	160	1	1	null	missing	0	psn	magoberry	1	-1	-1	1	0	foes:0:false|stat:6:def:false:true|stat:6:spd:false:true|stat:7:def:false:true|stat:7:spd:false:true|boost:atk=1:undefined:undefined:undefined:false:false	undefined	false	2048	2048	2048	1	0
download	onStart	433	0	1	61	Water	1	1	1	10	100	1	16384	greninjabond	0	1	1	1	1	0	0	1	100	0	0	1	null	Move	1	psn	iapapaberry	1	0	-1	1	1	foes:0:false|stat:6:def:false:true|stat:6:spd:false:true|boost:spa=1:undefined:undefined:undefined:false:false	undefined	true	16384	16384	16384	0	2
download	onStart	434	0	0	0	Normal	1	0	1	20	0	0	16384	greninjabond	1	1	1	1	0	-1	0	2	0	160	1	0	0	missing	1	psn	aguavberry	0	-1	1	1	1	foes:0:false|stat:6:def:false:true|stat:6:spd:false:true|stat:7:def:false:true|stat:7:spd:false:true|boost:atk=1:undefined:undefined:undefined:false:false	undefined	false	16384	16384	16384	-1	0
download	onStart	435	1	1	0	Bug	1	1	1	10	20	0	0	greninjaash	1	0	0	1	1	6	1	2	60	0	1	1	true	missing	0	brn	aguavberry	0	1	0	0	0	foes:0:false|stat:6:def:false:true|stat:6:spd:false:true|stat:7:def:false:true|stat:7:spd:false:true|boost:spa=1:undefined:undefined:undefined:false:false	undefined	false	0	0	0	6	2
download	onStart	436	0	1	61	Normal	0	1	1	20	100	0	8	greninjabond	0	1	0	1	0	-1	0	2	100	100	1	1	false	Ability	1	brn	sitrusberry	2	-1	99	0	0	foes:0:false|stat:6:def:false:true|stat:6:spd:false:true|stat:7:def:false:true|stat:7:spd:false:true|boost:spa=1:undefined:undefined:undefined:false:false	undefined	false	8	8	8	-1	2
download	onStart	437	1	1	40	Fire	1	1	1	100	100	0	8192	greninjaash	1	0	0	1	1	1	0	0	100	160	0	0	false	Move	0	psn	figyberry	0	-1	-1	1	0	foes:0:false	undefined	false	8192	8192	8192	1	2
download	onStart	438	6	6	61	Bug	0	1	0	20	-1	1	8	greninjaash	1	0	1	0	0	6	1	1	0	160	1	0	true	missing	0	brn	sitrusberry	1	1	0	1	1	foes:0:false|stat:6:def:false:true|stat:6:spd:false:true|boost:atk=1:undefined:undefined:undefined:false:false	undefined	true	8	8	8	6	2
download	onStart	439	-1	0	61	Dark	0	1	0	100	20	1	24576	greninjaash	1	1	0	0	1	0	1	2	100	100	0	1	0	Move	1	brn	figyberry	0	1	1	1	0	foes:0:false|stat:6:def:false:true|stat:6:spd:false:true|stat:7:def:false:true|stat:7:spd:false:true|boost:spa=1:undefined:undefined:undefined:false:false	undefined	true	24576	24576	24576	0	2
download	onStart	440	0	0	0	Bug	1	1	0	100	-1	0	2048	greninjaash	0	0	0	1	1	-1	1	0	100	100	1	0	null	Move	1	brn	figyberry	1	0	99	1	1	foes:0:false	undefined	false	2048	2048	2048	-1	2
download	onStart	441	0	0	0	Fire	0	0	1	10	-1	0	8	pikachu	1	0	0	1	1	0	1	2	100	100	1	1	false	Move	0	brn	aguavberry	1	-1	0	1	1	foes:0:false|stat:6:def:false:true|stat:6:spd:false:true|stat:7:def:false:true|stat:7:spd:false:true|boost:spa=1:undefined:undefined:undefined:false:false	undefined	false	8	8	8	0	0
download	onStart	442	-1	6	40	Dark	1	1	0	0	20	0	8	greninjaash	1	1	0	1	1	6	0	0	60	0	1	0	0	Ability	0	brn	iapapaberry	1	1	1	0	1	foes:0:false	undefined	false	8	8	8	6	2
download	onStart	443	0	6	40	Ghost	1	1	0	10	20	1	0	greninjaash	1	0	0	0	0	-1	1	1	100	160	0	0	undefined	missing	1	brn	magoberry	1	-1	99	0	1	foes:0:false|stat:6:def:false:true|stat:6:spd:false:true|boost:atk=1:undefined:undefined:undefined:false:false	undefined	true	0	0	0	-1	2
download	onStart	444	-1	6	60	Water	1	0	0	10	100	0	24576	greninjabond	1	0	1	0	0	-1	0	1	100	100	1	0	0	Ability	1	brn	figyberry	1	0	-1	0	1	foes:0:false|stat:6:def:false:true|stat:6:spd:false:true|boost:spa=1:undefined:undefined:undefined:false:false	undefined	false	24576	24576	24576	-1	0
download	onStart	445	6	1	40	Bug	0	0	1	0	20	0	0	greninjaash	1	1	0	1	1	-1	1	0	0	160	0	0	undefined	missing	1	brn	figyberry	1	0	-1	1	0	foes:0:false	undefined	false	0	0	0	-1	0
download	onStart	446	-1	0	61	Ghost	0	0	0	20	-1	-1	2048	pikachu	0	1	1	0	1	6	0	2	0	160	0	0	true	Ability	0	psn	iapapaberry	1	1	99	0	0	foes:0:false|stat:6:def:false:true|stat:6:spd:false:true|stat:7:def:false:true|stat:7:spd:false:true|boost:atk=1:undefined:undefined:undefined:false:false	undefined	undefined	2048	2048	2048	6	0
download	onStart	447	0	6	0	Fire	0	1	1	10	-1	1	8	pikachu	1	1	0	1	1	-1	1	1	0	160	1	0	true	Move	1	brn	magoberry	0	0	1	0	1	foes:0:false|stat:6:def:false:true|stat:6:spd:false:true|boost:atk=1:undefined:undefined:undefined:false:false	undefined	true	8	8	8	-1	2
download	onStart	448	0	1	60	Normal	0	1	0	0	100	-1	24576	greninjabond	1	1	1	0	1	0	1	1	60	0	0	1	false	missing	1	brn	magoberry	0	0	1	0	1	foes:0:false|stat:6:def:false:true|stat:6:spd:false:true|boost:spa=1:undefined:undefined:undefined:false:false	undefined	undefined	24576	24576	24576	0	2
download	onStart	449	0	1	60	Bug	1	1	0	10	100	-1	0	pikachu	1	0	0	0	1	0	0	0	100	0	1	0	undefined	missing	0	brn	iapapaberry	1	-1	99	0	1	foes:0:false	undefined	undefined	0	0	0	0	2
download	onStart	450	6	6	60	Bug	1	1	0	20	100	1	2048	pikachu	1	0	0	1	0	0	1	1	60	160	1	0	null	Ability	0	psn	leftovers	0	0	1	0	0	foes:0:false|stat:6:def:false:true|stat:6:spd:false:true|boost:atk=1:undefined:undefined:undefined:false:false	undefined	true	2048	2048	2048	0	2
download	onStart	451	-1	6	70	Ghost	0	1	1	20	100	1	8192	pikachu	0	0	1	0	0	0	0	2	60	100	1	1	false	Move	1	psn	sitrusberry	2	1	1	1	0	foes:0:false|stat:6:def:false:true|stat:6:spd:false:true|stat:7:def:false:true|stat:7:spd:false:true|boost:atk=1:undefined:undefined:undefined:false:false	undefined	true	8192	8192	8192	0	2
download	onStart	452	1	1	70	Water	0	0	0	0	100	1	24576	pikachu	0	0	0	1	0	6	1	0	100	0	0	1	undefined	missing	0	brn	iapapaberry	0	0	0	0	1	foes:0:false	undefined	true	24576	24576	24576	6	0
download	onStart	453	0	1	60	Bug	1	1	1	20	20	-1	8	greninjabond	0	1	0	1	1	1	0	1	100	0	0	1	0	Move	1	brn	aguavberry	2	0	99	1	0	foes:0:false|stat:6:def:false:true|stat:6:spd:false:true|boost:spa=1:undefined:undefined:undefined:false:false	undefined	undefined	8	8	8	1	2
download	onStart	454	0	6	70	Bug	1	0	1	20	0	1	16384	greninjaash	0	1	0	0	0	-1	1	0	60	100	0	0	true	missing	1	brn	aguavberry	0	0	0	0	1	foes:0:false	undefined	true	16384	16384	16384	-1	0
download	onStart	455	0	0	0	Normal	0	1	0	0	0	0	24576	pikachu	1	1	1	1	0	6	1	1	100	160	0	0	null	Ability	1	psn	iapapaberry	1	-1	99	1	0	foes:0:false|stat:6:def:false:true|stat:6:spd:false:true|boost:atk=1:undefined:undefined:undefined:false:false	undefined	false	24576	24576	24576	6	2
download	onStart	456	0	1	70	Dark	0	0	1	10	-1	1	8192	greninjabond	0	1	0	1	0	6	1	0	100	100	1	0	0	Move	1	brn	leftovers	0	-1	1	0	0	foes:0:false	undefined	true	8192	8192	8192	6	0
download	onStart	457	0	1	0	Bug	0	0	0	0	0	-1	16384	greninjaash	0	1	0	0	0	0	1	0	0	0	1	0	null	Ability	1	psn	aguavberry	0	1	-1	0	1	foes:0:false	undefined	undefined	16384	16384	16384	0	0
download	onStart	458	1	0	70	Ghost	1	0	0	0	0	0	16384	greninjaash	1	0	0	1	0	-1	0	2	100	0	0	0	0	Ability	1	brn	leftovers	2	0	1	1	0	foes:0:false|stat:6:def:false:true|stat:6:spd:false:true|stat:7:def:false:true|stat:7:spd:false:true|boost:spa=1:undefined:undefined:undefined:false:false	undefined	false	16384	16384	16384	-1	0
download	onStart	459	1	1	70	Bug	0	1	0	100	0	-1	8192	greninjabond	0	0	0	1	1	1	0	1	0	0	0	1	undefined	Move	1	psn	figyberry	0	0	-1	0	1	foes:0:false|stat:6:def:false:true|stat:6:spd:false:true	undefined	undefined	8192	8192	8192	1	2
download	onStart	460	-1	6	60	Bug	0	1	1	100	100	-1	2048	greninjaash	1	1	0	0	0	6	1	0	60	160	1	0	false	Ability	0	brn	aguavberry	0	-1	99	0	1	foes:0:false	undefined	undefined	2048	2048	2048	6	2
download	onStart	461	6	0	61	Ghost	1	0	1	100	20	0	24576	greninjabond	1	0	1	0	1	-1	1	1	100	0	1	1	0	missing	0	psn	sitrusberry	0	0	99	0	0	foes:0:false|stat:6:def:false:true|stat:6:spd:false:true|boost:spa=1:undefined:undefined:undefined:false:false	undefined	false	24576	24576	24576	-1	0
download	onStart	462	1	6	70	Dark	1	0	1	20	100	-1	8192	greninjaash	0	0	0	0	0	0	1	2	0	160	0	0	false	Ability	0	psn	magoberry	0	1	99	1	1	foes:0:false|stat:6:def:false:true|stat:6:spd:false:true|stat:7:def:false:true|stat:7:spd:false:true|boost:atk=1:undefined:undefined:undefined:false:false	undefined	undefined	8192	8192	8192	0	0
download	onStart	463	1	0	60	Bug	1	1	1	20	20	1	24576	greninjabond	0	0	0	0	1	1	1	1	60	100	0	1	0	Move	1	psn	wikiberry	2	-1	99	0	1	foes:0:false|stat:6:def:false:true|stat:6:spd:false:true|boost:atk=1:undefined:undefined:undefined:false:false	undefined	true	24576	24576	24576	1	2
download	onStart	464	1	6	61	Dark	1	1	0	20	0	0	8	pikachu	1	0	0	1	0	-1	1	1	100	160	0	1	null	Ability	0	brn	aguavberry	2	0	0	0	0	foes:0:false|stat:6:def:false:true|stat:6:spd:false:true|boost:atk=1:undefined:undefined:undefined:false:false	undefined	false	8	8	8	-1	2
download	onStart	465	-1	1	61	Dark	0	1	0	0	20	1	8	pikachu	1	0	0	1	0	0	0	2	100	100	1	1	undefined	Ability	0	psn	aguavberry	2	0	1	0	1	foes:0:false|stat:6:def:false:true|stat:6:spd:false:true|stat:7:def:false:true|stat:7:spd:false:true|boost:spa=1:undefined:undefined:undefined:false:false	undefined	true	8	8	8	0	2
download	onStart	466	1	0	60	Water	1	0	1	20	-1	1	24576	greninjabond	0	0	1	1	1	1	0	0	100	160	0	0	0	Move	0	psn	figyberry	2	0	1	0	1	foes:0:false	undefined	true	24576	24576	24576	1	0
download	onStart	467	0	6	70	Bug	0	1	1	100	0	-1	24576	greninjabond	0	0	1	1	0	6	0	0	60	160	0	0	null	missing	1	brn	magoberry	0	-1	99	0	0	foes:0:false	undefined	undefined	24576	24576	24576	6	2
download	onStart	468	1	6	70	Normal	1	1	0	20	100	0	0	greninjaash	0	0	1	0	0	6	1	1	100	0	1	1	null	Ability	0	brn	magoberry	2	1	-1	1	0	foes:0:false|stat:6:def:false:true|stat:6:spd:false:true|boost:spa=1:undefined:undefined:undefined:false:false	undefined	false	0	0	0	6	2
download	onStart	469	0	1	61	Dark	0	1	0	10	-1	1	0	greninjaash	1	1	1	0	0	1	0	2	100	0	1	1	undefined	Ability	1	psn	wikiberry	1	1	1	0	0	foes:0:false|stat:6:def:false:true|stat:6:spd:false:true|stat:7:def:false:true|stat:7:spd:false:true|boost:spa=1:undefined:undefined:undefined:false:false	undefined	true	0	0	0	1	2
download	onStart	470	-1	0	61	Normal	1	1	1	20	20	1	0	pikachu	0	0	0	0	1	0	0	2	60	0	1	0	null	missing	0	brn	wikiberry	0	-1	1	0	0	foes:0:false|stat:6:def:false:true|stat:6:spd:false:true|stat:7:def:false:true|stat:7:spd:false:true|boost:spa=1:undefined:undefined:undefined:false:false	undefined	true	0	0	0	0	2
download	onStart	471	6	6	60	Fire	1	0	1	10	-1	0	8	pikachu	0	0	1	0	0	0	0	1	100	0	1	0	null	Ability	0	psn	iapapaberry	2	1	-1	0	1	foes:0:false|stat:6:def:false:true|stat:6:spd:false:true|boost:spa=1:undefined:undefined:undefined:false:false	undefined	false	8	8	8	0	0
download	onStart	472	1	0	40	Dark	0	1	1	100	20	0	16384	greninjabond	1	0	1	0	0	1	0	2	100	0	0	0	0	Ability	0	brn	wikiberry	0	-1	-1	0	1	foes:0:false|stat:6:def:false:true|stat:6:spd:false:true|stat:7:def:false:true|stat:7:spd:false:true|boost:spa=1:undefined:undefined:undefined:false:false	undefined	false	16384	16384	16384	1	2
download	onStart	473	-1	6	60	Fire	1	0	0	100	0	0	0	greninjabond	1	1	0	1	0	0	0	0	0	0	1	1	false	missing	1	brn	leftovers	2	-1	-1	1	1	foes:0:false	undefined	false	0	0	0	0	0
download	onStart	474	0	6	61	Dark	0	1	1	0	20	-1	16384	pikachu	0	1	1	1	0	0	1	1	60	160	0	0	null	Move	0	brn	magoberry	2	1	1	1	1	foes:0:false|stat:6:def:false:true|stat:6:spd:false:true|boost:atk=1:undefined:undefined:undefined:false:false	undefined	undefined	16384	16384	16384	0	2
download	onStart	475	-1	6	61	Ghost	1	1	1	0	-1	0	24576	greninjabond	1	0	0	0	0	-1	0	1	0	0	1	0	true	missing	1	brn	sitrusberry	2	1	1	1	0	foes:0:false|stat:6:def:false:true|stat:6:spd:false:true	undefined	false	24576	24576	24576	-1	2
download	onStart	476	-1	1	70	Water	0	0	0	10	100	0	2048	pikachu	0	0	0	1	1	1	1	2	60	100	0	0	undefined	Move	1	brn	leftovers	1	1	0	1	0	foes:0:false|stat:6:def:false:true|stat:6:spd:false:true|stat:7:def:false:true|stat:7:spd:false:true|boost:atk=1:undefined:undefined:undefined:false:false	undefined	false	2048	2048	2048	1	0
download	onStart	477	1	6	70	Water	1	0	0	100	-1	0	24576	greninjaash	0	0	1	1	0	-1	0	0	0	0	1	0	0	Move	0	brn	leftovers	2	0	1	0	0	foes:0:false	undefined	false	24576	24576	24576	-1	0
download	onStart	478	0	1	60	Ghost	1	1	0	20	-1	0	2048	greninjaash	0	1	1	1	0	1	1	0	0	0	1	1	undefined	Move	1	psn	figyberry	0	1	-1	1	0	foes:0:false	undefined	false	2048	2048	2048	1	2
download	onStart	479	-1	0	60	Fire	1	0	0	0	0	-1	16384	greninjaash	0	0	0	1	0	0	0	1	60	0	0	0	undefined	Move	0	brn	magoberry	0	1	-1	1	0	foes:0:false|stat:6:def:false:true|stat:6:spd:false:true|boost:spa=1:undefined:undefined:undefined:false:false	undefined	undefined	16384	16384	16384	0	0
download	onStart	480	1	1	40	Ghost	1	0	1	0	0	1	16384	greninjabond	0	1	0	1	0	6	0	1	100	160	1	1	0	missing	0	brn	sitrusberry	2	1	99	0	1	foes:0:false|stat:6:def:false:true|stat:6:spd:false:true|boost:atk=1:undefined:undefined:undefined:false:false	undefined	true	16384	16384	16384	6	0
download	onStart	481	-1	0	70	Water	0	1	0	100	-1	1	8192	greninjaash	0	0	1	1	1	0	1	2	100	100	0	0	0	Move	0	psn	wikiberry	0	-1	0	1	1	foes:0:false|stat:6:def:false:true|stat:6:spd:false:true|stat:7:def:false:true|stat:7:spd:false:true|boost:spa=1:undefined:undefined:undefined:false:false	undefined	true	8192	8192	8192	0	2
download	onStart	482	-1	6	61	Normal	0	1	1	20	100	-1	0	greninjaash	0	1	1	1	1	6	0	1	100	100	1	0	undefined	Ability	1	psn	aguavberry	2	0	1	0	0	foes:0:false|stat:6:def:false:true|stat:6:spd:false:true|boost:spa=1:undefined:undefined:undefined:false:false	undefined	undefined	0	0	0	6	2
download	onStart	483	1	1	61	Fire	1	1	0	0	20	-1	8192	greninjabond	1	0	1	1	1	1	0	0	0	0	0	1	0	missing	1	psn	magoberry	1	-1	-1	0	1	foes:0:false	undefined	undefined	8192	8192	8192	1	2
download	onStart	484	6	1	60	Bug	1	0	1	0	0	0	8	greninjabond	1	1	0	0	1	1	0	1	0	0	1	1	0	missing	1	brn	wikiberry	2	-1	1	1	1	foes:0:false|stat:6:def:false:true|stat:6:spd:false:true	undefined	false	8	8	8	1	0
download	onStart	485	-1	6	60	Dark	1	1	0	0	-1	-1	0	greninjabond	1	1	1	1	0	1	1	2	0	0	1	0	null	Move	1	brn	iapapaberry	1	-1	0	1	1	foes:0:false|stat:6:def:false:true|stat:6:spd:false:true|stat:7:def:false:true|stat:7:spd:false:true	undefined	undefined	0	0	0	1	2
download	onStart	486	1	1	40	Water	1	0	0	100	-1	1	8192	greninjaash	0	1	1	1	1	1	0	0	100	100	1	1	0	Ability	0	brn	figyberry	2	1	1	0	1	foes:0:false	undefined	true	8192	8192	8192	1	0
download	onStart	487	-1	0	70	Bug	1	0	1	20	100	1	16384	greninjabond	1	0	0	1	1	-1	0	0	60	100	1	1	0	Ability	0	brn	aguavberry	0	-1	0	0	1	foes:0:false	undefined	true	16384	16384	16384	-1	0
download	onStart	488	1	1	0	Ghost	0	0	0	10	20	-1	0	pikachu	1	1	0	0	0	0	0	0	100	100	0	0	true	missing	1	brn	aguavberry	1	0	1	1	1	foes:0:false	undefined	undefined	0	0	0	0	0
download	onStart	489	6	0	60	Normal	0	0	1	20	100	-1	16384	greninjabond	1	1	1	0	1	0	0	2	100	0	0	0	true	Ability	1	psn	wikiberry	1	0	99	1	1	foes:0:false|stat:6:def:false:true|stat:6:spd:false:true|stat:7:def:false:true|stat:7:spd:false:true|boost:spa=1:undefined:undefined:undefined:false:false	undefined	undefined	16384	16384	16384	0	0
download	onStart	490	6	6	0	Dark	0	0	0	0	-1	0	8192	greninjaash	0	0	0	1	0	1	0	2	100	0	1	0	undefined	Ability	0	brn	wikiberry	2	-1	1	1	1	foes:0:false|stat:6:def:false:true|stat:6:spd:false:true|stat:7:def:false:true|stat:7:spd:false:true|boost:spa=1:undefined:undefined:undefined:false:false	undefined	false	8192	8192	8192	1	0
download	onStart	491	0	0	70	Fire	1	1	1	10	20	1	8	greninjabond	1	0	1	1	0	6	1	2	0	0	1	1	undefined	missing	0	psn	aguavberry	1	1	99	0	0	foes:0:false|stat:6:def:false:true|stat:6:spd:false:true|stat:7:def:false:true|stat:7:spd:false:true	undefined	true	8	8	8	6	2
download	onStart	492	0	6	40	Bug	0	1	0	100	0	-1	8	greninjabond	0	1	1	1	1	0	0	2	0	0	1	0	null	Move	1	brn	magoberry	1	1	99	1	1	foes:0:false|stat:6:def:false:true|stat:6:spd:false:true|stat:7:def:false:true|stat:7:spd:false:true	undefined	undefined	8	8	8	0	2
download	onStart	493	1	0	61	Ghost	0	0	0	20	0	-1	8	greninjabond	1	0	1	0	1	0	0	2	0	100	1	1	undefined	Move	1	psn	figyberry	0	-1	0	1	1	foes:0:false|stat:6:def:false:true|stat:6:spd:false:true|stat:7:def:false:true|stat:7:spd:false:true|boost:atk=1:undefined:undefined:undefined:false:false	undefined	undefined	8	8	8	0	0
download	onStart	494	6	1	61	Dark	0	0	0	100	0	0	16384	greninjaash	1	1	1	1	0	6	0	2	0	0	1	1	undefined	Move	1	psn	aguavberry	2	-1	-1	0	1	foes:0:false|stat:6:def:false:true|stat:6:spd:false:true|stat:7:def:false:true|stat:7:spd:false:true	undefined	false	16384	16384	16384	6	0
download	onStart	495	0	6	70	Water	0	0	0	10	-1	0	0	pikachu	1	0	1	0	0	6	0	2	100	100	0	1	true	Move	0	psn	iapapaberry	0	1	0	0	0	foes:0:false|stat:6:def:false:true|stat:6:spd:false:true|stat:7:def:false:true|stat:7:spd:false:true|boost:spa=1:undefined:undefined:undefined:false:false	undefined	false	0	0	0	6	0
download	onStart	496	1	6	61	Fire	0	1	1	20	0	0	24576	greninjabond	0	0	1	1	1	6	1	2	0	160	0	1	0	Move	1	brn	figyberry	2	-1	0	1	0	foes:0:false|stat:6:def:false:true|stat:6:spd:false:true|stat:7:def:false:true|stat:7:spd:false:true|boost:atk=1:undefined:undefined:undefined:false:false	undefined	false	24576	24576	24576	6	2
download	onStart	497	6	1	61	Fire	1	1	1	20	-1	-1	8192	greninjaash	1	0	1	0	1	0	1	2	60	0	0	1	0	missing	1	brn	wikiberry	2	-1	-1	0	1	foes:0:false|stat:6:def:false:true|stat:6:spd:false:true|stat:7:def:false:true|stat:7:spd:false:true|boost:spa=1:undefined:undefined:undefined:false:false	undefined	undefined	8192	8192	8192	0	2
download	onStart	498	1	0	70	Water	0	0	0	20	20	0	2048	pikachu	0	0	0	1	1	0	1	0	100	0	1	0	true	Move	0	psn	magoberry	1	1	1	1	1	foes:0:false	undefined	false	2048	2048	2048	0	0
download	onStart	499	-1	6	40	Normal	1	1	0	10	100	0	0	greninjaash	0	0	0	0	0	-1	1	0	0	160	0	0	undefined	Move	0	psn	figyberry	1	0	0	1	1	foes:0:false	undefined	false	0	0	0	-1	2
download	onStart	500	6	0	70	Normal	0	0	0	20	0	0	8	greninjaash	1	0	0	0	1	0	0	0	100	0	0	1	0	missing	0	brn	figyberry	1	-1	-1	1	0	foes:0:false	undefined	false	8	8	8	0	0
download	onStart	501	6	6	0	Normal	1	1	0	100	0	1	24576	greninjaash	0	1	1	0	1	6	1	2	0	100	0	1	null	Move	0	brn	aguavberry	0	-1	0	1	1	foes:0:false|stat:6:def:false:true|stat:6:spd:false:true|stat:7:def:false:true|stat:7:spd:false:true|boost:atk=1:undefined:undefined:undefined:false:false	undefined	true	24576	24576	24576	6	2
download	onStart	502	-1	6	61	Fire	0	1	0	100	100	1	8192	pikachu	1	0	0	1	0	6	1	1	100	0	0	1	0	Move	1	brn	aguavberry	1	0	1	1	0	foes:0:false|stat:6:def:false:true|stat:6:spd:false:true|boost:spa=1:undefined:undefined:undefined:false:false	undefined	true	8192	8192	8192	6	2
download	onStart	503	1	6	60	Fire	0	0	1	100	0	-1	2048	greninjabond	1	0	0	0	0	1	0	2	0	160	0	0	undefined	Ability	0	psn	iapapaberry	2	-1	1	1	1	foes:0:false|stat:6:def:false:true|stat:6:spd:false:true|stat:7:def:false:true|stat:7:spd:false:true|boost:atk=1:undefined:undefined:undefined:false:false	undefined	undefined	2048	2048	2048	1	0
download	onStart	504	6	6	70	Fire	1	1	1	100	100	-1	8192	pikachu	1	1	0	0	1	-1	1	2	60	160	1	0	null	Move	1	brn	aguavberry	2	0	-1	1	0	foes:0:false|stat:6:def:false:true|stat:6:spd:false:true|stat:7:def:false:true|stat:7:spd:false:true|boost:atk=1:undefined:undefined:undefined:false:false	undefined	undefined	8192	8192	8192	-1	2
download	onStart	505	6	1	60	Ghost	0	0	1	10	20	-1	24576	greninjaash	0	1	1	1	0	0	0	2	100	100	0	1	true	missing	0	brn	aguavberry	2	0	1	0	1	foes:0:false|stat:6:def:false:true|stat:6:spd:false:true|stat:7:def:false:true|stat:7:spd:false:true|boost:spa=1:undefined:undefined:undefined:false:false	undefined	undefined	24576	24576	24576	0	0
download	onStart	506	0	0	70	Normal	0	0	0	0	100	1	0	pikachu	0	1	0	1	1	6	0	0	0	100	1	0	0	missing	1	brn	sitrusberry	1	1	1	0	0	foes:0:false	undefined	true	0	0	0	6	0
download	onStart	507	1	6	70	Normal	0	1	1	20	0	1	2048	pikachu	0	0	1	0	1	0	1	1	0	0	0	1	true	Ability	0	brn	magoberry	1	0	-1	0	0	foes:0:false|stat:6:def:false:true|stat:6:spd:false:true	undefined	true	2048	2048	2048	0	2
download	onStart	508	0	1	0	Bug	1	0	1	10	0	0	2048	pikachu	0	0	0	1	1	-1	1	2	0	160	1	0	true	Move	0	psn	iapapaberry	1	-1	0	1	0	foes:0:false|stat:6:def:false:true|stat:6:spd:false:true|stat:7:def:false:true|stat:7:spd:false:true|boost:atk=1:undefined:undefined:undefined:false:false	undefined	false	2048	2048	2048	-1	0
download	onStart	509	0	1	61	Normal	0	0	1	10	0	1	0	greninjabond	1	0	0	0	1	0	0	1	60	100	0	0	true	Move	1	brn	wikiberry	0	1	-1	0	1	foes:0:false|stat:6:def:false:true|stat:6:spd:false:true|boost:atk=1:undefined:undefined:undefined:false:false	undefined	true	0	0	0	0	0
download	onStart	510	1	1	70	Water	0	1	1	100	20	1	8192	greninjabond	1	0	0	1	1	-1	0	2	60	0	0	1	true	Ability	0	psn	iapapaberry	2	-1	-1	0	0	foes:0:false|stat:6:def:false:true|stat:6:spd:false:true|stat:7:def:false:true|stat:7:spd:false:true|boost:spa=1:undefined:undefined:undefined:false:false	undefined	true	8192	8192	8192	-1	2
download	onStart	511	1	1	0	Ghost	0	0	1	20	100	0	2048	greninjabond	0	0	1	1	1	0	1	1	100	160	1	0	undefined	Ability	1	brn	wikiberry	2	0	99	0	0	foes:0:false|stat:6:def:false:true|stat:6:spd:false:true|boost:atk=1:undefined:undefined:undefined:false:false	undefined	false	2048	2048	2048	0	0
download	onStart	512	6	1	61	Dark	0	0	0	0	-1	1	24576	greninjaash	0	1	0	1	1	1	1	0	100	100	0	1	false	missing	0	brn	aguavberry	2	-1	99	1	1	foes:0:false	undefined	true	24576	24576	24576	1	0
download	onStart	513	1	1	60	Water	0	1	1	10	0	-1	2048	greninjaash	1	0	1	1	0	0	1	2	0	0	0	1	false	missing	1	psn	iapapaberry	0	-1	99	0	1	foes:0:false|stat:6:def:false:true|stat:6:spd:false:true|stat:7:def:false:true|stat:7:spd:false:true	undefined	undefined	2048	2048	2048	0	2
download	onStart	514	0	6	40	Ghost	1	1	0	20	0	-1	24576	greninjabond	1	1	1	1	0	1	0	1	60	160	0	0	null	Ability	0	psn	iapapaberry	0	1	1	1	0	foes:0:false|stat:6:def:false:true|stat:6:spd:false:true|boost:atk=1:undefined:undefined:undefined:false:false	undefined	undefined	24576	24576	24576	1	2
download	onStart	515	0	6	61	Fire	0	1	1	100	0	1	2048	greninjaash	0	0	0	1	0	1	1	2	100	100	1	1	false	Move	0	brn	leftovers	0	1	1	0	1	foes:0:false|stat:6:def:false:true|stat:6:spd:false:true|stat:7:def:false:true|stat:7:spd:false:true|boost:spa=1:undefined:undefined:undefined:false:false	undefined	true	2048	2048	2048	1	2
download	onStart	516	6	0	60	Ghost	0	1	0	0	0	0	2048	greninjabond	0	1	1	0	1	-1	1	0	100	160	0	1	null	missing	0	psn	magoberry	1	0	1	0	0	foes:0:false	undefined	false	2048	2048	2048	-1	2
download	onStart	517	6	1	0	Fire	0	0	1	20	0	-1	8192	greninjabond	0	1	0	1	0	6	0	1	60	160	0	0	null	Move	0	psn	aguavberry	0	-1	-1	0	1	foes:0:false|stat:6:def:false:true|stat:6:spd:false:true|boost:atk=1:undefined:undefined:undefined:false:false	undefined	undefined	8192	8192	8192	6	0
download	onStart	518	6	0	61	Fire	0	0	1	100	-1	0	16384	greninjaash	1	1	0	1	0	-1	0	2	60	100	0	1	undefined	Ability	1	brn	magoberry	2	1	1	1	1	foes:0:false|stat:6:def:false:true|stat:6:spd:false:true|stat:7:def:false:true|stat:7:spd:false:true|boost:atk=1:undefined:undefined:undefined:false:false	undefined	false	16384	16384	16384	-1	0
download	onStart	519	6	6	61	Ghost	1	0	0	0	-1	1	8	greninjaash	0	0	0	0	0	-1	1	1	100	0	0	1	false	Ability	1	brn	figyberry	1	-1	99	0	1	foes:0:false|stat:6:def:false:true|stat:6:spd:false:true|boost:spa=1:undefined:undefined:undefined:false:false	undefined	true	8	8	8	-1	0
download	onStart	520	6	0	60	Ghost	1	0	1	10	100	0	16384	pikachu	0	0	1	0	1	6	0	2	0	0	0	0	0	missing	0	brn	sitrusberry	0	0	1	1	1	foes:0:false|stat:6:def:false:true|stat:6:spd:false:true|stat:7:def:false:true|stat:7:spd:false:true	undefined	false	16384	16384	16384	6	0
download	onStart	521	1	0	61	Ghost	1	1	1	10	20	1	24576	greninjaash	1	1	1	0	0	0	1	2	60	160	1	0	false	Ability	0	psn	aguavberry	0	-1	0	1	1	foes:0:false|stat:6:def:false:true|stat:6:spd:false:true|stat:7:def:false:true|stat:7:spd:false:true|boost:atk=1:undefined:undefined:undefined:false:false	undefined	true	24576	24576	24576	0	2
download	onStart	522	-1	1	60	Normal	1	1	1	0	-1	1	16384	pikachu	1	1	1	1	1	-1	1	0	0	160	0	0	null	missing	0	brn	sitrusberry	0	0	1	0	1	foes:0:false	undefined	true	16384	16384	16384	-1	2
download	onStart	523	-1	0	70	Dark	0	1	0	100	-1	-1	2048	greninjaash	1	0	1	1	0	6	1	0	0	100	0	0	0	Ability	0	psn	iapapaberry	1	1	0	1	0	foes:0:false	undefined	undefined	2048	2048	2048	6	2
download	onStart	524	0	6	40	Dark	1	1	1	100	-1	-1	2048	pikachu	1	0	0	1	0	-1	1	2	0	0	0	1	true	missing	0	psn	aguavberry	2	-1	99	0	1	foes:0:false|stat:6:def:false:true|stat:6:spd:false:true|stat:7:def:false:true|stat:7:spd:false:true	undefined	undefined	2048	2048	2048	-1	2
download	onStart	525	-1	1	0	Fire	1	1	1	0	100	-1	2048	pikachu	0	0	0	1	0	0	1	2	100	0	0	1	undefined	Move	1	psn	figyberry	2	1	99	0	1	foes:0:false|stat:6:def:false:true|stat:6:spd:false:true|stat:7:def:false:true|stat:7:spd:false:true|boost:spa=1:undefined:undefined:undefined:false:false	undefined	undefined	2048	2048	2048	0	2
download	onStart	526	-1	0	70	Bug	0	0	1	100	-1	-1	8192	greninjabond	1	1	1	1	1	0	1	0	100	100	1	1	0	missing	1	psn	wikiberry	0	0	-1	0	0	foes:0:false	undefined	undefined	8192	8192	8192	0	0
download	onStart	527	-1	6	60	Normal	1	0	1	100	0	1	8192	pikachu	0	0	1	0	0	6	1	1	60	160	1	1	undefined	Ability	1	psn	iapapaberry	2	-1	-1	1	0	foes:0:false|stat:6:def:false:true|stat:6:spd:false:true|boost:atk=1:undefined:undefined:undefined:false:false	undefined	true	8192	8192	8192	6	0
download	onStart	528	6	6	61	Ghost	0	1	1	20	-1	-1	16384	greninjaash	1	0	0	1	1	0	0	1	0	0	1	0	true	Ability	0	brn	wikiberry	1	1	0	1	0	foes:0:false|stat:6:def:false:true|stat:6:spd:false:true	undefined	undefined	16384	16384	16384	0	2
download	onStart	529	1	1	70	Dark	0	0	0	0	0	-1	0	greninjaash	0	0	0	0	1	0	0	1	100	0	1	0	true	Move	1	brn	leftovers	0	-1	99	1	1	foes:0:false|stat:6:def:false:true|stat:6:spd:false:true|boost:spa=1:undefined:undefined:undefined:false:false	undefined	undefined	0	0	0	0	0
download	onStart	530	6	0	0	Ghost	1	0	1	20	100	1	0	pikachu	1	0	1	1	0	6	0	1	100	100	0	0	undefined	missing	1	psn	wikiberry	2	0	1	1	1	foes:0:false|stat:6:def:false:true|stat:6:spd:false:true|boost:spa=1:undefined:undefined:undefined:false:false	undefined	true	0	0	0	6	0
download	onStart	531	1	0	60	Bug	1	0	1	0	20	0	2048	pikachu	1	1	1	0	1	-1	1	1	100	0	1	0	false	missing	1	psn	magoberry	0	1	-1	0	1	foes:0:false|stat:6:def:false:true|stat:6:spd:false:true|boost:spa=1:undefined:undefined:undefined:false:false	undefined	false	2048	2048	2048	-1	0
download	onStart	532	-1	6	60	Fire	0	0	1	100	-1	0	2048	pikachu	0	0	1	0	0	6	0	0	0	100	1	0	null	missing	1	psn	leftovers	1	1	-1	0	1	foes:0:false	undefined	false	2048	2048	2048	6	0
download	onStart	533	1	1	61	Water	0	0	1	10	100	1	8	greninjaash	1	1	0	0	0	6	0	0	60	100	0	1	true	Ability	1	brn	leftovers	0	0	99	1	1	foes:0:false	undefined	true	8	8	8	6	0
download	onStart	534	0	0	0	Dark	1	0	0	100	0	-1	24576	greninjaash	0	0	1	1	0	1	0	1	0	100	1	1	0	missing	0	brn	leftovers	2	-1	1	1	0	foes:0:false|stat:6:def:false:true|stat:6:spd:false:true|boost:atk=1:undefined:undefined:undefined:false:false	undefined	undefined	24576	24576	24576	1	0
download	onStart	535	-1	0	70	Bug	1	0	0	10	100	-1	8192	pikachu	1	0	1	1	1	1	1	0	0	160	0	0	true	missing	1	psn	figyberry	0	0	-1	0	1	foes:0:false	undefined	undefined	8192	8192	8192	1	0
download	onStart	536	6	1	40	Ghost	1	0	0	0	100	-1	2048	pikachu	0	1	0	0	1	1	0	0	0	160	0	1	0	Move	0	brn	sitrusberry	1	-1	-1	0	0	foes:0:false	undefined	undefined	2048	2048	2048	1	0
download	onStart	537	0	6	0	Normal	0	1	0	0	-1	-1	8192	pikachu	1	1	0	0	1	0	1	2	60	0	1	1	undefined	Move	1	psn	wikiberry	0	-1	-1	1	1	foes:0:false|stat:6:def:false:true|stat:6:spd:false:true|stat:7:def:false:true|stat:7:spd:false:true|boost:spa=1:undefined:undefined:undefined:false:false	undefined	undefined	8192	8192	8192	0	2
download	onStart	538	1	1	0	Normal	1	0	1	0	0	-1	24576	greninjabond	1	0	0	1	1	0	0	0	0	0	1	1	true	Ability	0	brn	iapapaberry	2	-1	99	1	0	foes:0:false	undefined	undefined	24576	24576	24576	0	0
download	onStart	539	0	1	61	Bug	1	0	0	0	100	-1	24576	greninjaash	1	1	0	1	0	0	0	2	60	0	0	1	0	Move	1	brn	leftovers	1	1	1	1	0	foes:0:false|stat:6:def:false:true|stat:6:spd:false:true|stat:7:def:false:true|stat:7:spd:false:true|boost:spa=1:undefined:undefined:undefined:false:false	undefined	undefined	24576	24576	24576	0	0
download	onStart	540	1	6	61	Ghost	0	0	0	20	-1	-1	8192	pikachu	1	1	1	1	0	6	0	0	60	0	0	1	true	Ability	1	psn	iapapaberry	0	-1	0	0	0	foes:0:false	undefined	undefined	8192	8192	8192	6	0
download	onStart	541	-1	1	40	Normal	0	1	1	100	100	1	8192	greninjabond	0	0	0	0	1	0	1	1	100	0	1	1	undefined	missing	0	brn	magoberry	2	1	1	1	1	foes:0:false|stat:6:def:false:true|stat:6:spd:false:true|boost:spa=1:undefined:undefined:undefined:false:false	undefined	true	8192	8192	8192	0	2
download	onStart	542	1	1	40	Water	1	1	0	100	100	1	2048	greninjabond	0	0	1	1	1	1	0	2	100	160	1	1	undefined	Ability	1	psn	aguavberry	1	-1	-1	1	1	foes:0:false|stat:6:def:false:true|stat:6:spd:false:true|stat:7:def:false:true|stat:7:spd:false:true|boost:atk=1:undefined:undefined:undefined:false:false	undefined	true	2048	2048	2048	1	2
download	onStart	543	0	1	60	Fire	0	0	1	0	-1	0	24576	greninjaash	1	0	0	1	0	0	1	1	100	160	1	1	true	missing	1	psn	sitrusberry	1	1	0	0	0	foes:0:false|stat:6:def:false:true|stat:6:spd:false:true|boost:atk=1:undefined:undefined:undefined:false:false	undefined	false	24576	24576	24576	0	0
download	onStart	544	6	0	0	Ghost	1	0	1	10	20	-1	16384	greninjaash	1	1	1	1	0	-1	1	0	100	0	0	0	0	Move	1	brn	magoberry	0	-1	99	0	0	foes:0:false	undefined	undefined	16384	16384	16384	-1	0
download	onStart	545	0	1	40	Water	1	0	0	100	100	1	8	greninjaash	1	0	0	1	1	0	0	1	60	100	1	1	undefined	Ability	0	psn	iapapaberry	0	-1	1	0	1	foes:0:false|stat:6:def:false:true|stat:6:spd:false:true|boost:atk=1:undefined:undefined:undefined:false:false	undefined	true	8	8	8	0	0
download	onStart	546	0	6	40	Dark	1	1	0	100	-1	-1	2048	greninjabond	1	1	0	0	1	-1	1	2	60	160	1	1	true	Ability	1	psn	iapapaberry	1	-1	99	0	1	foes:0:false|stat:6:def:false:true|stat:6:spd:false:true|stat:7:def:false:true|stat:7:spd:false:true|boost:atk=1:undefined:undefined:undefined:false:false	undefined	undefined	2048	2048	2048	-1	2
download	onStart	547	-1	1	70	Normal	1	0	1	10	100	0	24576	greninjabond	1	1	1	1	1	1	0	0	60	100	0	1	null	Move	1	brn	iapapaberry	0	0	0	1	1	foes:0:false	undefined	false	24576	24576	24576	1	0
download	onStart	548	-1	0	70	Fire	1	1	1	10	-1	1	8192	greninjaash	0	1	0	0	0	1	0	1	0	160	0	0	null	Move	1	psn	aguavberry	1	1	1	0	0	foes:0:false|stat:6:def:false:true|stat:6:spd:false:true|boost:atk=1:undefined:undefined:undefined:false:false	undefined	true	8192	8192	8192	1	2
download	onStart	549	0	6	0	Ghost	1	0	0	10	20	0	2048	greninjabond	0	1	1	1	1	6	0	1	0	100	1	0	null	missing	1	psn	aguavberry	1	0	1	1	1	foes:0:false|stat:6:def:false:true|stat:6:spd:false:true|boost:atk=1:undefined:undefined:undefined:false:false	undefined	false	2048	2048	2048	6	0
download	onStart	550	6	1	0	Ghost	1	1	0	100	20	-1	8	pikachu	0	1	0	1	1	6	1	0	100	0	0	1	0	Ability	1	brn	aguavberry	0	-1	1	0	1	foes:0:false	undefined	undefined	8	8	8	6	2
download	onStart	551	1	1	70	Dark	0	0	0	100	0	0	24576	greninjabond	1	0	1	0	0	-1	1	1	60	160	1	1	0	missing	0	brn	magoberry	0	1	0	1	1	foes:0:false|stat:6:def:false:true|stat:6:spd:false:true|boost:atk=1:undefined:undefined:undefined:false:false	undefined	false	24576	24576	24576	-1	0
download	onStart	552	-1	6	60	Ghost	0	1	1	20	0	1	8	greninjabond	0	0	0	0	0	1	1	2	0	0	1	1	undefined	Move	1	brn	aguavberry	2	-1	1	0	1	foes:0:false|stat:6:def:false:true|stat:6:spd:false:true|stat:7:def:false:true|stat:7:spd:false:true	undefined	true	8	8	8	1	2
download	onStart	553	0	6	40	Dark	0	1	0	100	-1	0	16384	pikachu	0	1	0	1	0	0	1	2	0	0	1	0	null	Move	1	brn	figyberry	2	1	99	0	0	foes:0:false|stat:6:def:false:true|stat:6:spd:false:true|stat:7:def:false:true|stat:7:spd:false:true	undefined	false	16384	16384	16384	0	2
download	onStart	554	0	0	60	Bug	1	1	0	10	20	1	8	greninjaash	0	1	0	0	0	6	0	1	100	100	1	1	0	missing	1	psn	wikiberry	2	-1	99	1	1	foes:0:false|stat:6:def:false:true|stat:6:spd:false:true|boost:spa=1:undefined:undefined:undefined:false:false	undefined	true	8	8	8	6	2
download	onStart	555	6	6	70	Fire	0	0	1	10	0	-1	8192	greninjaash	0	1	0	0	1	6	0	1	100	160	1	0	false	missing	1	psn	wikiberry	1	1	99	0	0	foes:0:false|stat:6:def:false:true|stat:6:spd:false:true|boost:atk=1:undefined:undefined:undefined:false:false	undefined	undefined	8192	8192	8192	6	0
download	onStart	556	1	6	70	Fire	0	1	1	0	-1	-1	24576	greninjabond	0	0	1	1	0	1	1	0	60	100	1	1	null	missing	0	psn	iapapaberry	0	1	99	1	1	foes:0:false	undefined	undefined	24576	24576	24576	1	2
download	onStart	557	6	6	70	Bug	0	1	0	20	20	-1	24576	greninjaash	1	0	1	1	1	0	1	1	100	0	1	0	0	missing	0	psn	iapapaberry	2	-1	0	0	1	foes:0:false|stat:6:def:false:true|stat:6:spd:false:true|boost:spa=1:undefined:undefined:undefined:false:false	undefined	undefined	24576	24576	24576	0	2
download	onStart	558	0	1	60	Bug	1	0	1	100	-1	1	8192	greninjaash	0	1	0	1	0	6	0	1	100	100	0	1	undefined	Move	0	brn	aguavberry	1	1	-1	1	0	foes:0:false|stat:6:def:false:true|stat:6:spd:false:true|boost:spa=1:undefined:undefined:undefined:false:false	undefined	true	8192	8192	8192	6	0
download	onStart	559	1	0	40	Bug	0	0	0	10	100	1	0	pikachu	1	0	0	0	1	6	0	2	100	100	0	0	null	missing	0	brn	aguavberry	1	0	1	0	0	foes:0:false|stat:6:def:false:true|stat:6:spd:false:true|stat:7:def:false:true|stat:7:spd:false:true|boost:spa=1:undefined:undefined:undefined:false:false	undefined	true	0	0	0	6	0
download	onStart	560	-1	6	60	Dark	1	1	0	100	20	1	8	pikachu	0	1	0	1	0	6	1	0	60	100	0	0	true	missing	1	brn	figyberry	1	1	0	0	1	foes:0:false	undefined	true	8	8	8	6	2
download	onStart	561	-1	1	0	Dark	0	0	0	20	20	-1	8192	pikachu	1	0	0	0	0	1	1	0	60	160	1	0	false	Ability	0	brn	figyberry	2	1	0	0	0	foes:0:false	undefined	undefined	8192	8192	8192	1	0
download	onStart	562	-1	0	0	Fire	0	1	0	100	100	1	8	greninjabond	0	0	0	0	1	0	1	1	60	100	0	1	0	Ability	0	brn	iapapaberry	0	0	99	0	0	foes:0:false|stat:6:def:false:true|stat:6:spd:false:true|boost:atk=1:undefined:undefined:undefined:false:false	undefined	true	8	8	8	0	2
download	onStart	563	0	1	70	Dark	0	0	0	20	-1	-1	8	pikachu	0	1	1	0	0	-1	0	2	0	160	0	0	null	missing	1	psn	leftovers	2	-1	1	1	1	foes:0:false|stat:6:def:false:true|stat:6:spd:false:true|stat:7:def:false:true|stat:7:spd:false:true|boost:atk=1:undefined:undefined:undefined:false:false	undefined	undefined	8	8	8	-1	0
download	onStart	564	-1	6	0	Fire	1	0	0	100	20	0	16384	pikachu	1	0	1	0	1	0	1	1	0	160	0	0	undefined	Move	0	psn	iapapaberry	0	0	-1	1	1	foes:0:false|stat:6:def:false:true|stat:6:spd:false:true|boost:atk=1:undefined:undefined:undefined:false:false	undefined	false	16384	16384	16384	0	0
download	onStart	565	0	1	70	Water	0	0	0	0	20	0	16384	greninjabond	0	1	1	0	0	6	1	0	60	160	1	1	false	Ability	1	brn	leftovers	2	-1	0	0	1	foes:0:false	undefined	false	16384	16384	16384	6	0
download	onStart	566	1	6	70	Fire	1	0	1	100	0	0	2048	greninjaash	0	1	0	1	1	-1	0	1	60	160	0	1	0	Move	1	psn	iapapaberry	1	0	1	0	0	foes:0:false|stat:6:def:false:true|stat:6:spd:false:true|boost:atk=1:undefined:undefined:undefined:false:false	undefined	false	2048	2048	2048	-1	0
download	onStart	567	6	0	60	Water	1	0	1	0	-1	1	16384	greninjabond	0	0	1	1	0	1	0	1	0	100	1	0	true	missing	0	psn	figyberry	1	-1	99	0	1	foes:0:false|stat:6:def:false:true|stat:6:spd:false:true|boost:atk=1:undefined:undefined:undefined:false:false	undefined	true	16384	16384	16384	1	0
download	onStart	568	-1	6	70	Ghost	0	0	1	0	0	1	8	greninjabond	1	1	1	0	0	0	0	1	100	0	0	1	undefined	Ability	0	psn	sitrusberry	0	1	-1	0	0	foes:0:false|stat:6:def:false:true|stat:6:spd:false:true|boost:spa=1:undefined:undefined:undefined:false:false	undefined	true	8	8	8	0	0
download	onStart	569	-1	6	70	Normal	1	1	0	20	0	0	16384	greninjaash	0	1	1	0	0	1	0	2	60	160	0	0	false	Ability	1	psn	wikiberry	1	0	1	0	0	foes:0:false|stat:6:def:false:true|stat:6:spd:false:true|stat:7:def:false:true|stat:7:spd:false:true|boost:atk=1:undefined:undefined:undefined:false:false	undefined	false	16384	16384	16384	1	2
download	onStart	570	6	1	0	Normal	0	0	1	10	-1	-1	2048	greninjabond	0	0	1	0	0	-1	1	2	100	160	0	1	0	Move	1	psn	figyberry	0	1	99	1	0	foes:0:false|stat:6:def:false:true|stat:6:spd:false:true|stat:7:def:false:true|stat:7:spd:false:true|boost:atk=1:undefined:undefined:undefined:false:false	undefined	undefined	2048	2048	2048	-1	0
download	onStart	571	-1	6	40	Normal	0	0	1	20	-1	0	8	pikachu	0	1	1	1	1	0	0	0	60	0	1	1	undefined	Move	0	psn	iapapaberry	1	1	-1	1	0	foes:0:false	undefined	false	8	8	8	0	0
download	onStart	572	6	0	61	Fire	0	1	1	20	20	0	16384	greninjaash	0	1	0	1	1	0	1	2	100	0	0	1	undefined	Move	0	psn	sitrusberry	0	0	0	1	0	foes:0:false|stat:6:def:false:true|stat:6:spd:false:true|stat:7:def:false:true|stat:7:spd:false:true|boost:spa=1:undefined:undefined:undefined:false:false	undefined	false	16384	16384	16384	0	2
download	onStart	573	1	0	61	Fire	1	1	0	10	-1	-1	8	greninjabond	0	0	1	0	0	0	0	1	60	160	1	1	undefined	Ability	0	psn	figyberry	2	1	0	0	1	foes:0:false|stat:6:def:false:true|stat:6:spd:false:true|boost:atk=1:undefined:undefined:undefined:false:false	undefined	undefined	8	8	8	0	2
download	onStart	574	6	1	61	Normal	1	1	1	100	0	1	8192	greninjabond	1	0	0	1	0	-1	1	1	60	0	1	1	undefined	Move	1	brn	aguavberry	2	-1	-1	1	1	foes:0:false|stat:6:def:false:true|stat:6:spd:false:true|boost:spa=1:undefined:undefined:undefined:false:false	undefined	true	8192	8192	8192	-1	2
download	onStart	575	-1	6	61	Normal	1	0	0	20	0	0	0	pikachu	0	0	1	0	0	0	0	0	60	100	0	1	true	missing	0	psn	magoberry	1	-1	99	1	0	foes:0:false	undefined	false	0	0	0	0	0
download	onStart	576	-1	0	70	Dark	1	0	1	10	20	-1	2048	pikachu	0	0	0	1	0	1	0	1	0	0	1	0	true	Ability	0	psn	magoberry	2	1	99	1	0	foes:0:false|stat:6:def:false:true|stat:6:spd:false:true	undefined	undefined	2048	2048	2048	1	0
download	onStart	577	-1	0	0	Fire	0	0	1	20	20	-1	8	greninjaash	0	1	1	1	0	1	1	1	0	100	0	1	false	Ability	1	psn	iapapaberry	0	0	-1	1	0	foes:0:false|stat:6:def:false:true|stat:6:spd:false:true|boost:atk=1:undefined:undefined:undefined:false:false	undefined	undefined	8	8	8	1	0
download	onStart	578	1	0	60	Fire	0	0	1	100	20	0	24576	pikachu	0	1	1	0	1	1	0	0	0	100	0	1	false	missing	1	brn	aguavberry	1	0	99	1	1	foes:0:false	undefined	false	24576	24576	24576	1	0
download	onStart	579	6	0	61	Bug	1	0	0	100	20	0	2048	pikachu	1	1	0	1	1	1	1	1	60	0	0	0	undefined	Move	0	brn	figyberry	1	0	99	0	1	foes:0:false|stat:6:def:false:true|stat:6:spd:false:true|boost:spa=1:undefined:undefined:undefined:false:false	undefined	false	2048	2048	2048	1	0
download	onStart	580	0	0	0	Fire	1	1	1	10	20	-1	0	pikachu	1	1	1	0	1	-1	0	2	60	0	1	0	0	Ability	1	psn	magoberry	2	0	1	1	0	foes:0:false|stat:6:def:false:true|stat:6:spd:false:true|stat:7:def:false:true|stat:7:spd:false:true|boost:spa=1:undefined:undefined:undefined:false:false	undefined	undefined	0	0	0	-1	2
download	onStart	581	-1	6	40	Dark	0	0	0	100	-1	-1	16384	greninjaash	1	0	1	0	0	6	1	2	100	160	1	0	true	Ability	0	psn	aguavberry	1	-1	-1	0	1	foes:0:false|stat:6:def:false:true|stat:6:spd:false:true|stat:7:def:false:true|stat:7:spd:false:true|boost:atk=1:undefined:undefined:undefined:false:false	undefined	undefined	16384	16384	16384	6	0
download	onStart	582	-1	6	61	Ghost	0	1	0	100	100	-1	24576	pikachu	1	0	1	1	1	0	0	0	0	160	1	1	undefined	missing	0	psn	leftovers	1	1	1	1	0	foes:0:false	undefined	undefined	24576	24576	24576	0	2
download	onStart	583	-1	0	60	Fire	1	0	1	10	100	1	16384	greninjaash	0	0	0	0	1	-1	0	2	100	160	1	1	undefined	missing	0	brn	sitrusberry	0	1	-1	0	1	foes:0:false|stat:6:def:false:true|stat:6:spd:false:true|stat:7:def:false:true|stat:7:spd:false:true|boost:atk=1:undefined:undefined:undefined:false:false	undefined	true	16384	16384	16384	-1	0
download	onStart	584	-1	6	61	Water	1	1	0	20	0	0	0	greninjabond	1	0	1	0	1	-1	0	0	0	160	0	1	true	Move	0	psn	magoberry	2	0	99	1	1	foes:0:false	undefined	false	0	0	0	-1	2
download	onStart	585	-1	6	70	Fire	1	1	1	10	100	0	8192	greninjabond	1	0	1	1	1	1	0	1	60	0	0	1	false	missing	0	brn	leftovers	0	1	0	1	0	foes:0:false|stat:6:def:false:true|stat:6:spd:false:true|boost:spa=1:undefined:undefined:undefined:false:false	undefined	false	8192	8192	8192	1	2
download	onStart	586	0	1	0	Bug	0	1	1	10	100	1	8192	pikachu	0	1	1	0	1	0	1	1	100	100	1	1	undefined	missing	0	psn	iapapaberry	2	-1	99	0	1	foes:0:false|stat:6:def:false:true|stat:6:spd:false:true|boost:spa=1:undefined:undefined:undefined:false:false	undefined	true	8192	8192	8192	0	2
download	onStart	587	0	1	0	Fire	1	0	1	0	100	0	16384	pikachu	1	1	1	0	0	6	1	2	0	100	1	0	undefined	missing	0	brn	wikiberry	0	0	0	1	0	foes:0:false|stat:6:def:false:true|stat:6:spd:false:true|stat:7:def:false:true|stat:7:spd:false:true|boost:atk=1:undefined:undefined:undefined:false:false	undefined	false	16384	16384	16384	6	0
download	onStart	588	6	6	61	Dark	1	0	0	0	20	-1	8192	greninjaash	0	0	1	1	1	-1	0	0	100	0	0	1	null	missing	1	psn	leftovers	2	0	-1	1	0	foes:0:false	undefined	undefined	8192	8192	8192	-1	0
download	onStart	589	1	6	70	Bug	0	1	0	0	-1	0	2048	greninjaash	0	1	0	1	0	0	0	0	0	100	0	0	true	Ability	1	brn	figyberry	2	-1	-1	1	1	foes:0:false	undefined	false	2048	2048	2048	0	2
download	onStart	590	0	6	60	Normal	0	1	0	100	20	0	0	greninjaash	1	1	1	1	1	1	0	1	60	0	1	1	false	missing	1	brn	aguavberry	1	0	-1	0	0	foes:0:false|stat:6:def:false:true|stat:6:spd:false:true|boost:spa=1:undefined:undefined:undefined:false:false	undefined	false	0	0	0	1	2
download	onStart	591	0	1	40	Fire	0	0	0	100	-1	0	16384	pikachu	1	1	1	1	0	6	0	0	60	160	1	0	true	Move	0	brn	iapapaberry	1	-1	-1	1	0	foes:0:false	undefined	false	16384	16384	16384	6	0
download	onStart	592	0	0	61	Normal	0	0	1	100	100	1	2048	greninjabond	0	1	1	0	1	0	0	0	100	100	1	0	0	Move	1	psn	figyberry	0	-1	1	1	1	foes:0:false	undefined	true	2048	2048	2048	0	0
download	onStart	593	6	1	40	Normal	1	0	1	10	-1	-1	0	greninjaash	0	1	1	0	1	1	1	1	100	100	0	0	0	Move	1	brn	aguavberry	2	-1	99	1	0	foes:0:false|stat:6:def:false:true|stat:6:spd:false:true|boost:spa=1:undefined:undefined:undefined:false:false	undefined	undefined	0	0	0	1	0
download	onStart	594	0	6	61	Ghost	0	1	0	100	0	-1	2048	greninjaash	1	1	0	0	0	6	1	0	0	0	1	1	true	Ability	1	brn	iapapaberry	0	1	99	1	0	foes:0:false	undefined	undefined	2048	2048	2048	6	2
download	onStart	595	-1	6	70	Ghost	1	0	0	0	100	-1	2048	greninjaash	1	1	0	0	1	-1	1	1	60	160	1	1	undefined	Move	0	psn	leftovers	1	-1	-1	1	1	foes:0:false|stat:6:def:false:true|stat:6:spd:false:true|boost:atk=1:undefined:undefined:undefined:false:false	undefined	undefined	2048	2048	2048	-1	0
download	onStart	596	0	6	60	Ghost	0	0	1	100	20	1	8192	greninjaash	1	1	0	1	1	-1	0	2	0	100	0	0	null	missing	1	psn	magoberry	1	0	0	0	1	foes:0:false|stat:6:def:false:true|stat:6:spd:false:true|stat:7:def:false:true|stat:7:spd:false:true|boost:atk=1:undefined:undefined:undefined:false:false	undefined	true	8192	8192	8192	-1	0
download	onStart	597	-1	6	60	Normal	1	0	1	20	0	0	8192	pikachu	0	0	0	1	1	6	1	1	100	0	0	0	undefined	missing	0	brn	iapapaberry	2	1	99	1	1	foes:0:false|stat:6:def:false:true|stat:6:spd:false:true|boost:spa=1:undefined:undefined:undefined:false:false	undefined	false	8192	8192	8192	6	0
download	onStart	598	6	0	0	Ghost	0	0	0	100	-1	1	8192	greninjabond	1	1	1	1	0	1	1	2	60	0	0	1	null	Ability	1	psn	sitrusberry	2	-1	99	1	1	foes:0:false|stat:6:def:false:true|stat:6:spd:false:true|stat:7:def:false:true|stat:7:spd:false:true|boost:spa=1:undefined:undefined:undefined:false:false	undefined	true	8192	8192	8192	1	0
download	onStart	599	1	6	40	Water	0	1	0	20	0	0	16384	greninjabond	1	1	0	1	1	1	1	1	100	0	0	1	null	missing	1	brn	sitrusberry	2	-1	0	1	0	foes:0:false|stat:6:def:false:true|stat:6:spd:false:true|boost:spa=1:undefined:undefined:undefined:false:false	undefined	false	16384	16384	16384	1	2
download	onStart	600	0	1	70	Normal	1	0	0	0	-1	0	24576	greninjaash	0	1	0	1	1	6	1	2	100	0	1	1	undefined	Ability	1	psn	wikiberry	1	0	0	1	0	foes:0:false|stat:6:def:false:true|stat:6:spd:false:true|stat:7:def:false:true|stat:7:spd:false:true|boost:spa=1:undefined:undefined:undefined:false:false	undefined	false	24576	24576	24576	6	0
download	onStart	601	6	1	70	Normal	0	1	1	0	100	0	24576	greninjaash	0	0	1	0	1	1	1	2	60	160	0	0	null	Move	0	psn	figyberry	0	0	0	0	0	foes:0:false|stat:6:def:false:true|stat:6:spd:false:true|stat:7:def:false:true|stat:7:spd:false:true|boost:atk=1:undefined:undefined:undefined:false:false	undefined	false	24576	24576	24576	1	2
download	onStart	602	-1	6	61	Water	1	0	0	10	-1	1	8192	greninjaash	1	0	0	0	1	1	0	1	0	100	1	1	false	missing	1	psn	wikiberry	0	0	99	0	0	foes:0:false|stat:6:def:false:true|stat:6:spd:false:true|boost:atk=1:undefined:undefined:undefined:false:false	undefined	true	8192	8192	8192	1	0
download	onStart	603	6	6	61	Normal	0	0	0	10	0	1	2048	pikachu	0	1	1	1	1	0	1	0	100	0	0	1	0	Move	0	psn	figyberry	0	-1	99	0	1	foes:0:false	undefined	true	2048	2048	2048	0	0
download	onStart	604	6	6	60	Fire	1	1	1	20	20	1	24576	greninjaash	1	1	1	0	0	6	0	1	60	100	1	1	false	Move	0	psn	sitrusberry	2	-1	1	0	1	foes:0:false|stat:6:def:false:true|stat:6:spd:false:true|boost:atk=1:undefined:undefined:undefined:false:false	undefined	true	24576	24576	24576	6	2
download	onStart	605	0	6	70	Fire	0	1	1	0	0	-1	2048	pikachu	1	1	0	0	1	0	1	2	100	0	0	1	null	Move	1	psn	figyberry	2	-1	99	1	1	foes:0:false|stat:6:def:false:true|stat:6:spd:false:true|stat:7:def:false:true|stat:7:spd:false:true|boost:spa=1:undefined:undefined:undefined:false:false	undefined	undefined	2048	2048	2048	0	2
download	onStart	606	-1	6	70	Bug	0	0	1	100	0	1	24576	greninjaash	1	0	0	0	1	6	0	0	60	160	0	0	null	Ability	0	brn	sitrusberry	0	1	0	0	1	foes:0:false	undefined	true	24576	24576	24576	6	0
download	onStart	607	6	0	61	Bug	0	1	1	10	100	0	8192	greninjabond	1	1	1	0	1	1	1	1	100	100	1	1	false	Move	1	psn	sitrusberry	0	1	0	0	1	foes:0:false|stat:6:def:false:true|stat:6:spd:false:true|boost:spa=1:undefined:undefined:undefined:false:false	undefined	false	8192	8192	8192	1	2
download	onStart	608	0	0	0	Water	0	1	0	10	100	-1	8192	pikachu	1	0	1	0	1	-1	1	0	0	100	0	0	true	Ability	1	psn	aguavberry	0	1	-1	1	0	foes:0:false	undefined	undefined	8192	8192	8192	-1	2
download	onStart	609	6	1	70	Dark	1	0	1	0	0	1	16384	pikachu	1	1	0	0	0	1	0	2	0	100	1	1	undefined	Move	1	brn	sitrusberry	0	0	1	0	0	foes:0:false|stat:6:def:false:true|stat:6:spd:false:true|stat:7:def:false:true|stat:7:spd:false:true|boost:atk=1:undefined:undefined:undefined:false:false	undefined	true	16384	16384	16384	1	0
download	onStart	610	6	0	40	Ghost	1	0	0	100	20	1	8	greninjabond	1	0	0	0	0	-1	1	2	100	0	0	1	0	Ability	0	brn	sitrusberry	2	0	99	1	1	foes:0:false|stat:6:def:false:true|stat:6:spd:false:true|stat:7:def:false:true|stat:7:spd:false:true|boost:spa=1:undefined:undefined:undefined:false:false	undefined	true	8	8	8	-1	0
download	onStart	611	0	6	40	Water	0	0	1	10	-1	1	16384	greninjaash	0	1	0	0	0	6	1	2	60	160	1	0	false	Ability	0	brn	wikiberry	0	0	0	1	0	foes:0:false|stat:6:def:false:true|stat:6:spd:false:true|stat:7:def:false:true|stat:7:spd:false:true|boost:atk=1:undefined:undefined:undefined:false:false	undefined	true	16384	16384	16384	6	0
download	onStart	612	1	1	60	Fire	0	1	0	10	100	-1	16384	greninjaash	0	0	1	1	0	6	1	0	60	0	0	0	false	missing	0	psn	iapapaberry	2	0	99	0	0	foes:0:false	undefined	undefined	16384	16384	16384	6	2
download	onStart	613	6	0	40	Bug	0	0	1	10	0	1	8192	greninjaash	0	0	0	0	1	6	0	0	60	0	0	1	false	missing	0	psn	wikiberry	1	-1	1	0	0	foes:0:false	undefined	true	8192	8192	8192	6	0
download	onStart	614	0	0	61	Ghost	0	1	1	0	0	-1	0	greninjaash	1	0	0	0	0	6	1	0	60	160	0	0	undefined	Ability	1	psn	wikiberry	2	1	99	1	0	foes:0:false	undefined	undefined	0	0	0	6	2
download	onStart	615	6	6	60	Fire	0	1	0	100	20	0	24576	greninjaash	0	1	1	0	0	0	1	2	0	0	0	0	null	Ability	1	psn	iapapaberry	0	1	1	1	0	foes:0:false|stat:6:def:false:true|stat:6:spd:false:true|stat:7:def:false:true|stat:7:spd:false:true	undefined	false	24576	24576	24576	0	2
download	onStart	616	0	1	61	Bug	1	1	1	20	-1	1	24576	greninjaash	0	0	1	1	1	1	1	1	100	0	1	1	false	Move	0	psn	figyberry	1	0	99	0	0	foes:0:false|stat:6:def:false:true|stat:6:spd:false:true|boost:spa=1:undefined:undefined:undefined:false:false	undefined	true	24576	24576	24576	1	2
download	onStart	617	1	6	40	Fire	1	1	0	100	20	1	8192	greninjabond	0	0	0	1	0	1	1	2	60	0	1	1	true	Move	0	brn	aguavberry	2	0	-1	0	0	foes:0:false|stat:6:def:false:true|stat:6:spd:false:true|stat:7:def:false:true|stat:7:spd:false:true|boost:spa=1:undefined:undefined:undefined:false:false	undefined	true	8192	8192	8192	1	2
download	onStart	618	1	1	61	Bug	1	1	1	10	0	-1	0	pikachu	1	1	1	0	1	6	1	1	0	0	0	1	false	missing	1	psn	sitrusberry	1	1	99	0	0	foes:0:false|stat:6:def:false:true|stat:6:spd:false:true	undefined	undefined	0	0	0	6	2
download	onStart	619	-1	1	40	Normal	0	0	0	20	-1	0	2048	greninjaash	0	1	0	0	1	-1	0	2	100	0	0	0	undefined	Move	1	brn	sitrusberry	1	1	-1	1	1	foes:0:false|stat:6:def:false:true|stat:6:spd:false:true|stat:7:def:false:true|stat:7:spd:false:true|boost:spa=1:undefined:undefined:undefined:false:false	undefined	false	2048	2048	2048	-1	0
download	onStart	620	-1	6	40	Fire	1	0	1	0	100	0	0	greninjabond	1	0	0	0	0	1	1	0	0	100	0	1	true	Move	0	psn	figyberry	2	0	-1	0	0	foes:0:false	undefined	false	0	0	0	1	0
download	onStart	621	0	6	40	Normal	1	1	1	100	100	-1	0	pikachu	0	1	0	1	0	1	1	0	0	0	0	0	0	Ability	0	brn	wikiberry	0	1	1	0	0	foes:0:false	undefined	undefined	0	0	0	1	2
download	onStart	622	1	0	61	Normal	1	1	1	0	100	-1	8	pikachu	0	0	0	0	1	-1	1	1	0	100	0	0	0	Move	0	brn	figyberry	2	1	0	1	0	foes:0:false|stat:6:def:false:true|stat:6:spd:false:true|boost:atk=1:undefined:undefined:undefined:false:false	undefined	undefined	8	8	8	-1	2
download	onStart	623	-1	1	60	Dark	1	1	1	20	0	0	8	greninjaash	0	1	0	1	1	-1	1	2	0	100	1	0	0	Move	1	brn	aguavberry	1	1	1	1	1	foes:0:false|stat:6:def:false:true|stat:6:spd:false:true|stat:7:def:false:true|stat:7:spd:false:true|boost:atk=1:undefined:undefined:undefined:false:false	undefined	false	8	8	8	-1	2
download	onStart	624	0	6	61	Bug	1	0	0	100	100	1	0	pikachu	1	1	0	0	0	-1	0	0	60	0	1	0	false	Move	0	psn	magoberry	1	-1	1	0	1	foes:0:false	undefined	true	0	0	0	-1	0
download	onStart	625	1	0	60	Water	0	0	0	100	0	-1	16384	pikachu	0	1	0	1	0	1	0	0	60	0	1	0	false	Ability	0	psn	magoberry	2	1	0	1	0	foes:0:false	undefined	undefined	16384	16384	16384	1	0
download	onStart	626	0	6	60	Dark	1	1	1	100	-1	-1	8	pikachu	1	1	1	0	0	1	0	1	60	0	0	1	undefined	missing	1	brn	wikiberry	0	-1	99	0	0	foes:0:false|stat:6:def:false:true|stat:6:spd:false:true|boost:spa=1:undefined:undefined:undefined:false:false	undefined	undefined	8	8	8	1	2
download	onStart	627	6	1	60	Fire	0	0	1	20	20	1	8192	greninjaash	1	1	1	1	1	0	0	1	60	0	1	1	undefined	Ability	1	brn	aguavberry	2	1	1	0	0	foes:0:false|stat:6:def:false:true|stat:6:spd:false:true|boost:spa=1:undefined:undefined:undefined:false:false	undefined	true	8192	8192	8192	0	0
download	onStart	628	1	1	61	Dark	1	1	1	100	100	0	2048	greninjaash	0	1	1	1	0	1	1	1	60	0	1	0	0	Move	1	psn	sitrusberry	0	1	0	0	1	foes:0:false|stat:6:def:false:true|stat:6:spd:false:true|boost:spa=1:undefined:undefined:undefined:false:false	undefined	false	2048	2048	2048	1	2
download	onStart	629	1	6	70	Dark	0	0	1	0	100	1	2048	pikachu	1	0	0	1	0	-1	0	1	100	100	1	0	null	Move	1	psn	magoberry	1	0	1	0	0	foes:0:false|stat:6:def:false:true|stat:6:spd:false:true|boost:spa=1:undefined:undefined:undefined:false:false	undefined	true	2048	2048	2048	-1	0
download	onStart	630	6	6	0	Bug	1	0	1	0	20	0	2048	greninjabond	0	1	1	0	1	-1	0	1	0	160	1	0	null	Ability	0	psn	sitrusberry	0	0	99	0	1	foes:0:false|stat:6:def:false:true|stat:6:spd:false:true|boost:atk=1:undefined:undefined:undefined:false:false	undefined	false	2048	2048	2048	-1	0
download	onStart	631	0	1	60	Bug	1	1	0	0	100	1	8	greninjabond	0	1	1	1	1	6	1	0	60	0	1	1	0	Move	1	brn	figyberry	0	0	99	0	0	foes:0:false	undefined	true	8	8	8	6	2
download	onStart	632	1	6	0	Bug	0	0	0	0	20	1	0	greninjaash	0	0	1	1	0	0	0	0	100	0	0	1	true	Move	0	psn	leftovers	1	-1	0	0	1	foes:0:false	undefined	true	0	0	0	0	0
download	onStart	633	1	1	70	Normal	1	1	0	20	-1	-1	16384	pikachu	1	0	0	0	1	1	1	2	100	160	1	0	true	Move	1	psn	iapapaberry	0	0	99	1	0	foes:0:false|stat:6:def:false:true|stat:6:spd:false:true|stat:7:def:false:true|stat:7:spd:false:true|boost:atk=1:undefined:undefined:undefined:false:false	undefined	undefined	16384	16384	16384	1	2
download	onStart	634	-1	0	61	Fire	1	1	1	10	20	-1	24576	pikachu	1	0	1	0	0	-1	1	1	60	160	0	1	true	Move	0	psn	aguavberry	2	1	99	1	1	foes:0:false|stat:6:def:false:true|stat:6:spd:false:true|boost:atk=1:undefined:undefined:undefined:false:false	undefined	undefined	24576	24576	24576	-1	2
download	onStart	635	0	1	0	Ghost	1	0	0	100	100	0	8192	pikachu	1	1	0	1	0	1	0	2	0	100	1	0	true	missing	1	psn	figyberry	0	0	0	1	1	foes:0:false|stat:6:def:false:true|stat:6:spd:false:true|stat:7:def:false:true|stat:7:spd:false:true|boost:atk=1:undefined:undefined:undefined:false:false	undefined	false	8192	8192	8192	1	0
download	onStart	636	-1	1	70	Dark	0	1	0	20	100	-1	24576	pikachu	1	1	1	0	0	0	0	0	0	100	0	1	true	Ability	1	brn	figyberry	0	1	1	0	1	foes:0:false	undefined	undefined	24576	24576	24576	0	2
download	onStart	637	-1	0	0	Dark	1	1	0	20	100	1	8	greninjaash	0	1	1	1	0	1	1	1	100	160	1	1	undefined	missing	0	psn	aguavberry	2	0	0	1	0	foes:0:false|stat:6:def:false:true|stat:6:spd:false:true|boost:atk=1:undefined:undefined:undefined:false:false	undefined	true	8	8	8	1	2
download	onStart	638	0	1	60	Dark	1	0	0	0	-1	0	16384	greninjabond	0	1	1	0	0	0	1	2	0	100	1	0	true	Move	1	brn	figyberry	2	-1	0	1	1	foes:0:false|stat:6:def:false:true|stat:6:spd:false:true|stat:7:def:false:true|stat:7:spd:false:true|boost:atk=1:undefined:undefined:undefined:false:false	undefined	false	16384	16384	16384	0	0
download	onStart	639	0	6	0	Normal	1	1	0	100	20	-1	24576	pikachu	1	1	0	0	0	1	0	0	60	0	0	1	0	Ability	0	psn	figyberry	0	1	-1	1	1	foes:0:false	undefined	undefined	24576	24576	24576	1	2
download	onStart	640	1	0	0	Normal	1	1	1	10	0	-1	2048	pikachu	1	0	1	0	0	6	0	2	60	160	1	0	true	Move	1	psn	figyberry	1	0	-1	0	0	foes:0:false|stat:6:def:false:true|stat:6:spd:false:true|stat:7:def:false:true|stat:7:spd:false:true|boost:atk=1:undefined:undefined:undefined:false:false	undefined	undefined	2048	2048	2048	6	2
download	onStart	641	0	6	70	Ghost	1	0	0	20	100	0	8	pikachu	0	1	0	0	1	1	0	0	60	100	1	0	0	missing	0	brn	iapapaberry	2	0	-1	1	0	foes:0:false	undefined	false	8	8	8	1	0
download	onStart	642	-1	6	70	Water	0	0	1	100	100	0	2048	pikachu	0	0	0	0	1	6	1	1	60	0	1	1	null	Move	1	brn	figyberry	2	0	99	0	1	foes:0:false|stat:6:def:false:true|stat:6:spd:false:true|boost:spa=1:undefined:undefined:undefined:false:false	undefined	false	2048	2048	2048	6	0
download	onStart	643	-1	6	70	Water	1	0	0	0	100	-1	8192	greninjabond	1	1	1	0	1	6	0	0	60	100	0	0	0	Ability	1	psn	magoberry	1	-1	99	1	0	foes:0:false	undefined	undefined	8192	8192	8192	6	0
download	onStart	644	1	1	60	Water	1	0	1	10	100	0	24576	greninjabond	1	0	0	1	0	0	0	2	0	100	1	0	true	Ability	1	brn	iapapaberry	2	-1	99	1	1	foes:0:false|stat:6:def:false:true|stat:6:spd:false:true|stat:7:def:false:true|stat:7:spd:false:true|boost:atk=1:undefined:undefined:undefined:false:false	undefined	false	24576	24576	24576	0	0
download	onStart	645	1	0	70	Normal	1	1	0	100	100	-1	0	greninjabond	1	0	1	0	1	-1	1	0	60	160	1	1	undefined	missing	1	brn	magoberry	2	1	0	1	0	foes:0:false	undefined	undefined	0	0	0	-1	2
download	onStart	646	1	1	40	Water	1	1	0	0	0	-1	24576	pikachu	0	0	1	0	1	0	1	2	0	160	1	0	false	Move	0	psn	sitrusberry	2	-1	99	0	0	foes:0:false|stat:6:def:false:true|stat:6:spd:false:true|stat:7:def:false:true|stat:7:spd:false:true|boost:atk=1:undefined:undefined:undefined:false:false	undefined	undefined	24576	24576	24576	0	2
download	onStart	647	1	6	60	Normal	0	1	1	10	0	-1	0	greninjabond	1	1	1	1	1	0	0	2	0	0	1	0	0	Ability	0	psn	magoberry	0	1	-1	1	0	foes:0:false|stat:6:def:false:true|stat:6:spd:false:true|stat:7:def:false:true|stat:7:spd:false:true	undefined	undefined	0	0	0	0	2
download	onStart	648	1	1	60	Bug	0	1	0	20	20	1	8	greninjaash	1	1	0	1	0	-1	1	2	60	160	1	1	undefined	Ability	1	psn	wikiberry	2	0	99	0	0	foes:0:false|stat:6:def:false:true|stat:6:spd:false:true|stat:7:def:false:true|stat:7:spd:false:true|boost:atk=1:undefined:undefined:undefined:false:false	undefined	true	8	8	8	-1	2
download	onStart	649	0	0	0	Water	0	0	0	20	-1	1	2048	greninjaash	0	0	0	1	1	1	0	0	0	100	0	1	false	missing	1	brn	magoberry	1	-1	1	0	0	foes:0:false	undefined	true	2048	2048	2048	1	0
download	onStart	650	6	6	61	Fire	0	0	0	10	0	1	24576	pikachu	0	0	0	0	0	0	0	1	100	100	1	1	true	missing	1	psn	wikiberry	1	-1	99	1	0	foes:0:false|stat:6:def:false:true|stat:6:spd:false:true|boost:spa=1:undefined:undefined:undefined:false:false	undefined	true	24576	24576	24576	0	0
download	onStart	651	6	6	70	Bug	1	0	1	0	0	0	24576	greninjabond	0	1	0	0	1	-1	0	2	0	160	1	1	false	missing	1	brn	figyberry	2	0	1	0	1	foes:0:false|stat:6:def:false:true|stat:6:spd:false:true|stat:7:def:false:true|stat:7:spd:false:true|boost:atk=1:undefined:undefined:undefined:false:false	undefined	false	24576	24576	24576	-1	0
download	onStart	652	-1	1	70	Water	0	0	0	0	0	-1	8192	greninjabond	0	1	1	0	1	0	0	2	0	0	1	0	0	Ability	1	brn	magoberry	2	-1	-1	1	0	foes:0:false|stat:6:def:false:true|stat:6:spd:false:true|stat:7:def:false:true|stat:7:spd:false:true	undefined	undefined	8192	8192	8192	0	0
download	onStart	653	6	6	70	Normal	0	0	0	10	20	1	8192	greninjabond	1	1	1	0	1	1	0	2	0	160	1	0	null	Ability	0	brn	leftovers	0	-1	-1	1	0	foes:0:false|stat:6:def:false:true|stat:6:spd:false:true|stat:7:def:false:true|stat:7:spd:false:true|boost:atk=1:undefined:undefined:undefined:false:false	undefined	true	8192	8192	8192	1	0
download	onStart	654	6	6	70	Ghost	1	1	0	0	0	-1	0	greninjaash	0	0	0	0	0	1	0	1	100	100	0	0	undefined	missing	0	brn	leftovers	0	-1	0	1	1	foes:0:false|stat:6:def:false:true|stat:6:spd:false:true|boost:spa=1:undefined:undefined:undefined:false:false	undefined	undefined	0	0	0	1	2
download	onStart	655	6	1	40	Ghost	0	1	0	0	100	1	2048	greninjaash	1	1	0	1	1	-1	0	1	0	100	0	0	null	Move	0	brn	leftovers	1	-1	0	0	1	foes:0:false|stat:6:def:false:true|stat:6:spd:false:true|boost:atk=1:undefined:undefined:undefined:false:false	undefined	true	2048	2048	2048	-1	2
download	onStart	656	1	0	70	Water	1	0	0	100	0	1	24576	greninjaash	0	1	1	0	0	1	1	2	100	0	0	1	true	Ability	1	psn	figyberry	2	-1	1	0	1	foes:0:false|stat:6:def:false:true|stat:6:spd:false:true|stat:7:def:false:true|stat:7:spd:false:true|boost:spa=1:undefined:undefined:undefined:false:false	undefined	true	24576	24576	24576	1	0
download	onStart	657	0	6	70	Water	1	1	1	10	100	1	24576	pikachu	1	1	1	1	0	1	1	1	100	160	0	1	undefined	Ability	0	psn	figyberry	1	0	-1	0	0	foes:0:false|stat:6:def:false:true|stat:6:spd:false:true|boost:atk=1:undefined:undefined:undefined:false:false	undefined	true	24576	24576	24576	1	2
download	onStart	658	1	6	70	Normal	0	1	0	100	20	-1	8192	pikachu	0	1	0	0	1	-1	1	2	60	0	1	1	undefined	missing	0	brn	aguavberry	0	0	99	0	0	foes:0:false|stat:6:def:false:true|stat:6:spd:false:true|stat:7:def:false:true|stat:7:spd:false:true|boost:spa=1:undefined:undefined:undefined:false:false	undefined	undefined	8192	8192	8192	-1	2
download	onStart	659	0	0	40	Ghost	0	1	0	10	-1	-1	8192	greninjabond	0	0	0	1	0	0	0	0	100	160	0	1	null	Ability	0	brn	sitrusberry	0	-1	0	1	0	foes:0:false	undefined	undefined	8192	8192	8192	0	2
download	onStart	660	6	1	70	Water	1	1	0	0	0	0	8	greninjabond	1	1	0	1	1	-1	1	1	0	0	0	1	0	Move	0	brn	iapapaberry	1	-1	0	1	0	foes:0:false|stat:6:def:false:true|stat:6:spd:false:true	undefined	false	8	8	8	-1	2
download	onStart	661	0	0	61	Ghost	1	1	0	20	20	-1	2048	greninjabond	0	0	1	1	1	-1	1	0	100	0	1	0	undefined	Ability	0	psn	aguavberry	1	0	-1	0	0	foes:0:false	undefined	undefined	2048	2048	2048	-1	2
download	onStart	662	-1	1	70	Bug	0	1	1	0	100	0	16384	greninjabond	1	1	0	0	1	6	1	1	60	160	0	0	undefined	Move	1	psn	iapapaberry	1	0	99	0	1	foes:0:false|stat:6:def:false:true|stat:6:spd:false:true|boost:atk=1:undefined:undefined:undefined:false:false	undefined	false	16384	16384	16384	6	2
download	onStart	663	6	6	61	Ghost	0	1	1	20	20	0	2048	pikachu	0	1	0	0	0	6	0	1	100	100	1	1	null	Move	0	brn	sitrusberry	0	0	0	1	0	foes:0:false|stat:6:def:false:true|stat:6:spd:false:true|boost:spa=1:undefined:undefined:undefined:false:false	undefined	false	2048	2048	2048	6	2
download	onStart	664	1	6	70	Water	0	1	1	10	20	1	24576	pikachu	1	0	1	1	0	6	1	1	100	100	1	0	null	Move	1	psn	iapapaberry	2	0	0	1	1	foes:0:false|stat:6:def:false:true|stat:6:spd:false:true|boost:spa=1:undefined:undefined:undefined:false:false	undefined	true	24576	24576	24576	6	2
download	onStart	665	-1	6	60	Fire	1	0	1	10	0	1	16384	greninjaash	0	0	1	1	0	1	0	1	100	0	0	0	undefined	Ability	0	brn	wikiberry	0	1	0	0	0	foes:0:false|stat:6:def:false:true|stat:6:spd:false:true|boost:spa=1:undefined:undefined:undefined:false:false	undefined	true	16384	16384	16384	1	0
download	onStart	666	0	0	0	Ghost	0	1	0	10	100	-1	2048	greninjabond	0	1	1	0	0	1	1	1	100	100	0	0	0	Ability	1	psn	sitrusberry	1	1	-1	0	1	foes:0:false|stat:6:def:false:true|stat:6:spd:false:true|boost:spa=1:undefined:undefined:undefined:false:false	undefined	undefined	2048	2048	2048	1	2
download	onStart	667	-1	1	70	Fire	0	1	1	10	20	1	2048	greninjabond	0	0	1	0	1	1	1	1	0	0	1	0	false	missing	0	psn	magoberry	0	0	99	0	1	foes:0:false|stat:6:def:false:true|stat:6:spd:false:true	undefined	true	2048	2048	2048	1	2
download	onStart	668	0	0	61	Normal	1	1	1	100	0	0	16384	greninjaash	0	0	0	0	1	-1	1	0	100	160	1	0	true	Move	0	brn	iapapaberry	2	0	1	1	1	foes:0:false	undefined	false	16384	16384	16384	-1	2
download	onStart	669	6	1	61	Ghost	1	0	0	0	20	-1	16384	greninjaash	1	1	1	1	0	1	0	0	60	0	0	0	false	Ability	1	psn	magoberry	1	0	99	0	0	foes:0:false	undefined	undefined	16384	16384	16384	1	0
download	onStart	670	0	0	70	Fire	0	0	1	0	20	0	24576	pikachu	1	1	0	0	0	6	1	0	0	100	0	0	undefined	Move	0	brn	magoberry	0	0	0	0	0	foes:0:false	undefined	false	24576	24576	24576	6	0
download	onStart	671	-1	6	70	Bug	1	1	0	10	0	0	16384	greninjabond	0	1	1	0	1	1	0	0	60	160	0	0	true	missing	0	brn	wikiberry	1	0	1	1	1	foes:0:false	undefined	false	16384	16384	16384	1	2
download	onStart	672	1	0	60	Normal	0	1	0	20	-1	0	8192	greninjabond	0	0	0	0	1	0	0	0	0	100	1	1	undefined	Ability	0	psn	wikiberry	1	0	-1	1	1	foes:0:false	undefined	false	8192	8192	8192	0	2
download	onStart	673	-1	0	0	Fire	0	1	1	0	20	-1	2048	greninjabond	0	1	1	0	0	1	1	0	0	160	0	0	false	missing	1	brn	figyberry	2	1	99	1	0	foes:0:false	undefined	undefined	2048	2048	2048	1	2
download	onStart	674	-1	0	70	Normal	0	0	1	0	0	0	8192	greninjabond	0	0	1	1	0	0	0	2	100	0	0	0	null	Move	0	brn	aguavberry	0	1	-1	1	0	foes:0:false|stat:6:def:false:true|stat:6:spd:false:true|stat:7:def:false:true|stat:7:spd:false:true|boost:spa=1:undefined:undefined:undefined:false:false	undefined	false	8192	8192	8192	0	0
download	onStart	675	6	0	40	Ghost	0	1	0	20	20	-1	2048	pikachu	0	0	0	0	0	6	1	2	100	100	1	0	true	missing	0	psn	aguavberry	2	-1	1	0	0	foes:0:false|stat:6:def:false:true|stat:6:spd:false:true|stat:7:def:false:true|stat:7:spd:false:true|boost:spa=1:undefined:undefined:undefined:false:false	undefined	undefined	2048	2048	2048	6	2
download	onStart	676	6	0	0	Normal	0	0	0	20	0	0	0	pikachu	1	0	1	1	1	6	1	1	60	160	1	1	undefined	Ability	0	brn	wikiberry	2	1	99	1	1	foes:0:false|stat:6:def:false:true|stat:6:spd:false:true|boost:atk=1:undefined:undefined:undefined:false:false	undefined	false	0	0	0	6	0
download	onStart	677	-1	0	40	Normal	0	1	1	20	-1	-1	24576	greninjaash	1	0	0	0	0	-1	1	2	60	0	0	1	undefined	Move	0	brn	magoberry	1	1	99	0	0	foes:0:false|stat:6:def:false:true|stat:6:spd:false:true|stat:7:def:false:true|stat:7:spd:false:true|boost:spa=1:undefined:undefined:undefined:false:false	undefined	undefined	24576	24576	24576	-1	2
download	onStart	678	1	1	70	Normal	0	0	1	0	-1	-1	16384	greninjaash	1	0	1	0	0	-1	0	1	100	100	1	0	null	missing	0	psn	sitrusberry	0	0	99	1	0	foes:0:false|stat:6:def:false:true|stat:6:spd:false:true|boost:spa=1:undefined:undefined:undefined:false:false	undefined	undefined	16384	16384	16384	-1	0
download	onStart	679	0	1	70	Water	1	1	1	0	100	0	0	greninjaash	0	1	0	1	1	0	0	1	0	100	0	0	0	Ability	1	psn	sitrusberry	0	0	1	0	0	foes:0:false|stat:6:def:false:true|stat:6:spd:false:true|boost:atk=1:undefined:undefined:undefined:false:false	undefined	false	0	0	0	0	2
download	onStart	680	6	0	0	Normal	1	0	0	100	100	-1	0	pikachu	1	1	1	1	1	6	0	1	0	0	0	0	false	Ability	0	psn	magoberry	0	-1	99	1	0	foes:0:false|stat:6:def:false:true|stat:6:spd:false:true	undefined	undefined	0	0	0	6	0
download	onStart	681	-1	6	70	Bug	1	0	1	0	0	-1	8	pikachu	1	0	1	0	1	1	0	2	0	0	0	1	undefined	Ability	0	psn	magoberry	2	1	-1	1	1	foes:0:false|stat:6:def:false:true|stat:6:spd:false:true|stat:7:def:false:true|stat:7:spd:false:true	undefined	undefined	8	8	8	1	0
download	onStart	682	-1	0	61	Dark	0	0	1	20	-1	1	16384	pikachu	1	0	1	1	1	-1	1	1	0	0	0	0	true	Move	0	brn	aguavberry	2	0	-1	0	0	foes:0:false|stat:6:def:false:true|stat:6:spd:false:true	undefined	true	16384	16384	16384	-1	0
download	onStart	683	1	0	60	Water	1	1	0	20	100	1	16384	greninjaash	1	0	1	1	0	-1	1	0	100	0	0	1	null	missing	0	brn	magoberry	2	0	-1	1	1	foes:0:false	undefined	true	16384	16384	16384	-1	2
download	onStart	684	0	1	60	Water	1	0	0	10	0	1	0	greninjabond	1	1	0	0	1	6	0	1	60	100	0	0	true	Ability	1	brn	magoberry	2	-1	-1	0	0	foes:0:false|stat:6:def:false:true|stat:6:spd:false:true|boost:atk=1:undefined:undefined:undefined:false:false	undefined	true	0	0	0	6	0
download	onStart	685	1	6	0	Dark	1	0	1	100	-1	0	0	greninjabond	0	1	0	0	0	1	0	0	100	100	0	1	null	missing	1	brn	aguavberry	0	1	1	1	0	foes:0:false	undefined	false	0	0	0	1	0
download	onStart	686	-1	6	61	Fire	0	1	0	0	0	0	2048	pikachu	1	0	1	0	1	-1	1	0	0	160	1	0	null	Ability	1	psn	aguavberry	0	-1	0	0	1	foes:0:false	undefined	false	2048	2048	2048	-1	2
download	onStart	687	0	0	40	Dark	1	1	1	20	20	1	8192	greninjaash	0	1	1	1	0	-1	1	0	100	100	1	1	0	Move	1	psn	magoberry	0	-1	99	1	1	foes:0:false	undefined	true	8192	8192	8192	-1	2
download	onStart	688	6	6	60	Bug	0	0	1	0	-1	-1	16384	greninjabond	1	0	1	0	1	-1	0	0	60	100	1	1	false	missing	0	psn	wikiberry	1	0	1	1	0	foes:0:false	undefined	undefined	16384	16384	16384	-1	0
download	onStart	689	6	0	40	Bug	1	1	1	100	-1	-1	2048	pikachu	0	1	1	1	1	6	0	1	100	100	0	1	true	Ability	1	psn	sitrusberry	2	0	1	1	1	foes:0:false|stat:6:def:false:true|stat:6:spd:false:true|boost:spa=1:undefined:undefined:undefined:false:false	undefined	undefined	2048	2048	2048	6	2
download	onStart	690	6	1	70	Normal	1	0	1	0	20	1	16384	greninjabond	1	1	1	1	0	1	0	0	100	0	1	0	0	missing	1	psn	iapapaberry	1	0	-1	1	1	foes:0:false	undefined	true	16384	16384	16384	1	0
download	onStart	691	-1	1	70	Normal	1	1	1	100	0	0	2048	greninjabond	1	0	0	1	1	0	1	2	60	160	1	1	undefined	Ability	0	brn	sitrusberry	0	0	99	0	0	foes:0:false|stat:6:def:false:true|stat:6:spd:false:true|stat:7:def:false:true|stat:7:spd:false:true|boost:atk=1:undefined:undefined:undefined:false:false	undefined	false	2048	2048	2048	0	2
download	onStart	692	6	0	40	Water	0	1	1	0	-1	0	8	greninjabond	0	1	0	1	0	1	0	1	0	160	1	1	false	missing	1	brn	sitrusberry	0	1	0	0	0	foes:0:false|stat:6:def:false:true|stat:6:spd:false:true|boost:atk=1:undefined:undefined:undefined:false:false	undefined	false	8	8	8	1	2
download	onStart	693	-1	1	61	Fire	1	1	1	10	-1	-1	24576	greninjaash	1	0	0	1	1	-1	0	2	60	100	0	0	undefined	Move	0	psn	iapapaberry	2	1	1	1	0	foes:0:false|stat:6:def:false:true|stat:6:spd:false:true|stat:7:def:false:true|stat:7:spd:false:true|boost:atk=1:undefined:undefined:undefined:false:false	undefined	undefined	24576	24576	24576	-1	2
download	onStart	694	0	1	61	Normal	0	1	0	0	100	-1	8	greninjaash	1	0	1	0	0	0	1	2	0	160	1	0	0	Move	0	brn	iapapaberry	2	0	99	1	1	foes:0:false|stat:6:def:false:true|stat:6:spd:false:true|stat:7:def:false:true|stat:7:spd:false:true|boost:atk=1:undefined:undefined:undefined:false:false	undefined	undefined	8	8	8	0	2
download	onStart	695	1	1	61	Ghost	0	1	0	10	0	0	24576	greninjabond	1	1	0	0	1	6	1	1	100	0	0	1	true	missing	1	brn	magoberry	0	0	-1	1	0	foes:0:false|stat:6:def:false:true|stat:6:spd:false:true|boost:spa=1:undefined:undefined:undefined:false:false	undefined	false	24576	24576	24576	6	2
download	onStart	696	6	1	61	Water	1	1	0	10	100	1	2048	pikachu	0	0	0	1	1	1	1	1	60	100	1	0	true	Ability	1	brn	wikiberry	0	0	0	1	1	foes:0:false|stat:6:def:false:true|stat:6:spd:false:true|boost:atk=1:undefined:undefined:undefined:false:false	undefined	true	2048	2048	2048	1	2
download	onStart	697	6	1	0	Fire	0	0	1	100	100	0	8192	pikachu	1	0	0	1	1	6	1	2	60	0	1	1	false	Ability	0	brn	magoberry	2	0	99	1	1	foes:0:false|stat:6:def:false:true|stat:6:spd:false:true|stat:7:def:false:true|stat:7:spd:false:true|boost:spa=1:undefined:undefined:undefined:false:false	undefined	false	8192	8192	8192	6	0
download	onStart	698	1	6	0	Ghost	1	1	0	20	0	0	8	greninjabond	1	1	0	1	1	0	0	2	100	100	1	0	false	Ability	0	brn	leftovers	2	1	-1	0	1	foes:0:false|stat:6:def:false:true|stat:6:spd:false:true|stat:7:def:false:true|stat:7:spd:false:true|boost:spa=1:undefined:undefined:undefined:false:false	undefined	false	8	8	8	0	2
download	onStart	699	6	6	60	Dark	1	1	0	100	0	-1	16384	pikachu	1	0	0	0	0	1	1	1	100	0	0	0	null	Ability	1	brn	iapapaberry	1	0	0	0	1	foes:0:false|stat:6:def:false:true|stat:6:spd:false:true|boost:spa=1:undefined:undefined:undefined:false:false	undefined	undefined	16384	16384	16384	1	2
download	onStart	700	1	0	60	Normal	1	0	0	100	-1	0	8192	pikachu	1	0	1	0	0	1	0	0	0	100	1	0	null	Ability	1	brn	iapapaberry	2	1	1	0	1	foes:0:false	undefined	false	8192	8192	8192	1	0
download	onStart	701	0	0	70	Normal	0	0	1	20	0	-1	2048	greninjabond	1	1	0	1	1	1	1	0	60	160	0	0	true	missing	1	brn	magoberry	2	-1	1	1	0	foes:0:false	undefined	undefined	2048	2048	2048	1	0
download	onStart	702	1	6	60	Ghost	0	0	0	0	100	0	0	pikachu	0	1	1	0	1	0	0	0	100	100	0	0	true	missing	0	psn	sitrusberry	0	0	0	0	0	foes:0:false	undefined	false	0	0	0	0	0
download	onStart	703	6	1	61	Dark	0	1	1	100	100	-1	24576	greninjabond	1	1	0	1	1	1	1	2	60	160	1	0	0	missing	1	brn	iapapaberry	0	-1	-1	0	1	foes:0:false|stat:6:def:false:true|stat:6:spd:false:true|stat:7:def:false:true|stat:7:spd:false:true|boost:atk=1:undefined:undefined:undefined:false:false	undefined	undefined	24576	24576	24576	1	2
download	onStart	704	6	0	70	Water	0	1	0	20	-1	-1	8	greninjaash	1	1	1	0	1	6	1	2	60	160	0	1	null	missing	1	brn	wikiberry	0	1	-1	0	1	foes:0:false|stat:6:def:false:true|stat:6:spd:false:true|stat:7:def:false:true|stat:7:spd:false:true|boost:atk=1:undefined:undefined:undefined:false:false	undefined	undefined	8	8	8	6	2
download	onStart	705	6	6	0	Normal	1	1	0	100	-1	1	0	pikachu	1	0	0	0	1	6	0	1	0	160	1	0	false	Move	0	brn	figyberry	0	-1	0	0	1	foes:0:false|stat:6:def:false:true|stat:6:spd:false:true|boost:atk=1:undefined:undefined:undefined:false:false	undefined	true	0	0	0	6	2
download	onStart	706	0	0	0	Water	1	1	0	0	-1	-1	2048	pikachu	1	0	0	1	0	6	1	1	60	100	1	0	true	Ability	0	psn	magoberry	2	-1	-1	0	0	foes:0:false|stat:6:def:false:true|stat:6:spd:false:true|boost:atk=1:undefined:undefined:undefined:false:false	undefined	undefined	2048	2048	2048	6	2
download	onStart	707	1	6	40	Ghost	0	1	1	0	-1	-1	8	greninjaash	0	0	1	0	0	6	0	2	60	160	1	1	false	Ability	1	psn	magoberry	0	0	-1	1	0	foes:0:false|stat:6:def:false:true|stat:6:spd:false:true|stat:7:def:false:true|stat:7:spd:false:true|boost:atk=1:undefined:undefined:undefined:false:false	undefined	undefined	8	8	8	6	2
download	onStart	708	-1	0	40	Water	0	0	0	20	-1	0	8	greninjaash	0	0	0	1	0	0	1	2	100	0	0	1	null	Ability	0	brn	iapapaberry	1	0	99	0	1	foes:0:false|stat:6:def:false:true|stat:6:spd:false:true|stat:7:def:false:true|stat:7:spd:false:true|boost:spa=1:undefined:undefined:undefined:false:false	undefined	false	8	8	8	0	0
download	onStart	709	6	6	0	Normal	1	1	1	0	0	-1	8	greninjabond	0	1	0	1	1	-1	0	2	100	160	0	1	false	Move	1	brn	magoberry	2	1	0	1	0	foes:0:false|stat:6:def:false:true|stat:6:spd:false:true|stat:7:def:false:true|stat:7:spd:false:true|boost:atk=1:undefined:undefined:undefined:false:false	undefined	undefined	8	8	8	-1	2
download	onStart	710	6	1	0	Normal	1	0	1	0	20	1	2048	greninjabond	0	1	0	0	0	1	1	0	60	160	0	0	0	Move	1	brn	magoberry	1	1	99	0	1	foes:0:false	undefined	true	2048	2048	2048	1	0
download	onStart	711	6	6	70	Bug	0	1	0	20	20	1	8192	pikachu	1	1	1	1	0	0	1	1	0	160	0	0	false	Ability	1	psn	leftovers	1	1	0	1	0	foes:0:false|stat:6:def:false:true|stat:6:spd:false:true|boost:atk=1:undefined:undefined:undefined:false:false	undefined	true	8192	8192	8192	0	2
download	onStart	712	6	0	60	Ghost	0	0	1	100	100	1	8	greninjabond	0	1	0	1	0	0	1	0	0	160	1	0	undefined	missing	1	brn	sitrusberry	0	-1	-1	0	0	foes:0:false	undefined	true	8	8	8	0	0
download	onStart	713	6	1	61	Water	0	0	0	20	20	0	16384	pikachu	0	1	0	0	0	6	1	0	60	160	1	0	null	missing	1	psn	aguavberry	1	0	1	0	1	foes:0:false	undefined	false	16384	16384	16384	6	0
download	onStart	714	-1	0	0	Ghost	1	0	0	20	20	1	2048	greninjabond	1	0	0	1	0	1	0	1	0	100	0	0	null	missing	1	brn	iapapaberry	0	1	-1	1	0	foes:0:false|stat:6:def:false:true|stat:6:spd:false:true|boost:atk=1:undefined:undefined:undefined:false:false	undefined	true	2048	2048	2048	1	0
download	onStart	715	-1	6	0	Bug	0	1	0	10	20	0	8	greninjaash	0	0	0	1	1	-1	0	0	0	0	0	1	0	missing	1	psn	iapapaberry	1	0	1	0	1	foes:0:false	undefined	false	8	8	8	-1	2
download	onStart	716	1	0	0	Bug	0	1	1	10	-1	1	0	greninjabond	1	1	0	0	0	0	1	0	60	0	1	0	undefined	Move	0	brn	iapapaberry	2	0	0	0	1	foes:0:false	undefined	true	0	0	0	0	2
download	onStart	717	0	6	70	Dark	1	0	1	10	0	1	8192	greninjaash	1	0	1	0	1	1	1	0	60	160	1	1	null	Move	0	psn	iapapaberry	1	1	0	0	0	foes:0:false	undefined	true	8192	8192	8192	1	0
download	onStart	718	-1	6	60	Ghost	1	0	1	0	-1	0	8192	greninjabond	0	0	0	0	0	6	1	0	60	160	0	0	null	missing	0	psn	magoberry	0	0	0	1	1	foes:0:false	undefined	false	8192	8192	8192	6	0
download	onStart	719	-1	6	60	Normal	1	1	1	0	0	1	8192	pikachu	0	0	0	0	1	-1	1	0	100	100	0	1	0	Ability	1	psn	aguavberry	1	-1	0	0	1	foes:0:false	undefined	true	8192	8192	8192	-1	2
download	onStart	720	-1	1	60	Ghost	1	1	0	0	20	-1	8	greninjabond	1	0	0	1	0	1	1	0	100	160	0	1	0	Move	0	brn	aguavberry	1	-1	99	0	0	foes:0:false	undefined	undefined	8	8	8	1	2
download	onStart	721	1	6	60	Dark	0	1	0	20	0	1	8	greninjabond	1	0	0	1	0	6	0	2	100	100	1	1	0	missing	0	psn	sitrusberry	2	0	-1	0	1	foes:0:false|stat:6:def:false:true|stat:6:spd:false:true|stat:7:def:false:true|stat:7:spd:false:true|boost:spa=1:undefined:undefined:undefined:false:false	undefined	true	8	8	8	6	2
download	onStart	722	-1	0	70	Normal	1	0	1	0	100	-1	8	greninjabond	0	0	1	1	1	-1	0	0	60	0	0	0	undefined	missing	0	psn	figyberry	1	1	-1	0	1	foes:0:false	undefined	undefined	8	8	8	-1	0
download	onStart	723	6	0	60	Bug	0	1	1	10	20	-1	24576	pikachu	0	0	1	1	0	0	0	0	0	160	0	0	true	Move	1	brn	magoberry	0	1	0	0	0	foes:0:false	undefined	undefined	24576	24576	24576	0	2
download	onStart	724	-1	0	60	Bug	1	1	0	0	-1	-1	16384	greninjabond	0	0	1	0	0	0	1	0	100	160	1	1	false	missing	0	brn	sitrusberry	0	-1	1	1	0	foes:0:false	undefined	undefined	16384	16384	16384	0	2
download	onStart	725	6	0	61	Dark	0	1	0	100	100	-1	2048	greninjabond	1	1	1	0	0	-1	0	2	100	160	1	1	true	Move	1	psn	leftovers	0	1	-1	0	0	foes:0:false|stat:6:def:false:true|stat:6:spd:false:true|stat:7:def:false:true|stat:7:spd:false:true|boost:atk=1:undefined:undefined:undefined:false:false	undefined	undefined	2048	2048	2048	-1	2
download	onStart	726	1	1	61	Water	1	1	1	0	0	0	0	greninjabond	0	0	0	0	1	6	0	2	60	0	1	0	true	Ability	0	brn	iapapaberry	2	0	-1	0	0	foes:0:false|stat:6:def:false:true|stat:6:spd:false:true|stat:7:def:false:true|stat:7:spd:false:true|boost:spa=1:undefined:undefined:undefined:false:false	undefined	false	0	0	0	6	2
download	onStart	727	0	0	40	Ghost	1	0	1	100	100	0	8192	pikachu	0	0	1	0	0	6	0	2	0	160	1	0	true	Ability	0	psn	magoberry	1	-1	1	0	1	foes:0:false|stat:6:def:false:true|stat:6:spd:false:true|stat:7:def:false:true|stat:7:spd:false:true|boost:atk=1:undefined:undefined:undefined:false:false	undefined	false	8192	8192	8192	6	0
download	onStart	728	-1	1	0	Ghost	0	1	1	10	0	-1	0	greninjaash	1	0	1	0	0	-1	0	0	0	160	0	0	false	missing	0	brn	figyberry	0	0	1	0	1	foes:0:false	undefined	undefined	0	0	0	-1	2
download	onStart	729	1	1	70	Dark	1	0	0	10	20	-1	0	pikachu	1	1	0	1	0	6	0	1	100	160	1	1	false	Ability	1	brn	leftovers	1	-1	1	1	1	foes:0:false|stat:6:def:false:true|stat:6:spd:false:true|boost:atk=1:undefined:undefined:undefined:false:false	undefined	undefined	0	0	0	6	0
download	onStart	730	6	0	61	Dark	0	1	1	20	0	0	0	greninjaash	0	1	1	1	0	6	1	1	100	100	0	0	undefined	missing	0	brn	wikiberry	0	1	-1	1	1	foes:0:false|stat:6:def:false:true|stat:6:spd:false:true|boost:spa=1:undefined:undefined:undefined:false:false	undefined	false	0	0	0	6	2
download	onStart	731	1	0	61	Fire	1	1	1	20	100	-1	24576	pikachu	1	0	0	0	0	1	0	0	0	160	1	0	false	Ability	1	brn	wikiberry	0	0	-1	1	0	foes:0:false	undefined	undefined	24576	24576	24576	1	2
download	onStart	732	1	0	70	Normal	0	0	0	100	-1	0	16384	greninjabond	0	0	0	1	1	-1	1	1	100	0	0	0	false	Ability	1	brn	aguavberry	2	0	99	1	0	foes:0:false|stat:6:def:false:true|stat:6:spd:false:true|boost:spa=1:undefined:undefined:undefined:false:false	undefined	false	16384	16384	16384	-1	0
download	onStart	733	-1	6	61	Normal	1	0	0	10	100	1	24576	greninjabond	0	0	1	1	0	1	0	2	60	100	1	0	null	Ability	0	brn	iapapaberry	0	0	-1	0	0	foes:0:false|stat:6:def:false:true|stat:6:spd:false:true|stat:7:def:false:true|stat:7:spd:false:true|boost:atk=1:undefined:undefined:undefined:false:false	undefined	true	24576	24576	24576	1	0
download	onStart	734	6	1	61	Dark	1	1	0	0	100	0	0	greninjaash	0	1	1	1	0	-1	1	2	100	100	1	1	null	Move	1	psn	iapapaberry	0	1	1	1	0	foes:0:false|stat:6:def:false:true|stat:6:spd:false:true|stat:7:def:false:true|stat:7:spd:false:true|boost:spa=1:undefined:undefined:undefined:false:false	undefined	false	0	0	0	-1	2
download	onStart	735	1	1	60	Dark	1	0	0	20	20	0	16384	greninjaash	0	0	0	1	0	6	0	1	0	160	0	0	true	missing	0	brn	wikiberry	1	-1	1	1	0	foes:0:false|stat:6:def:false:true|stat:6:spd:false:true|boost:atk=1:undefined:undefined:undefined:false:false	undefined	false	16384	16384	16384	6	0
download	onStart	736	-1	6	61	Ghost	1	0	1	20	20	1	0	greninjaash	0	1	0	1	0	0	0	1	0	160	1	1	true	missing	0	brn	aguavberry	2	0	0	0	1	foes:0:false|stat:6:def:false:true|stat:6:spd:false:true|boost:atk=1:undefined:undefined:undefined:false:false	undefined	true	0	0	0	0	0
download	onStart	737	1	6	40	Water	0	1	0	10	100	0	8192	pikachu	0	0	1	1	1	6	1	2	0	0	0	0	true	Move	0	psn	figyberry	1	1	99	1	1	foes:0:false|stat:6:def:false:true|stat:6:spd:false:true|stat:7:def:false:true|stat:7:spd:false:true	undefined	false	8192	8192	8192	6	2
download	onStart	738	1	0	61	Normal	0	1	1	0	-1	1	2048	greninjaash	0	1	1	1	1	0	0	2	0	160	1	0	null	Ability	1	psn	wikiberry	1	0	-1	0	0	foes:0:false|stat:6:def:false:true|stat:6:spd:false:true|stat:7:def:false:true|stat:7:spd:false:true|boost:atk=1:undefined:undefined:undefined:false:false	undefined	true	2048	2048	2048	0	2
download	onStart	739	-1	1	61	Dark	1	1	0	20	0	-1	8	pikachu	1	0	1	1	1	-1	0	1	0	100	0	1	undefined	Ability	1	psn	aguavberry	2	-1	1	0	1	foes:0:false|stat:6:def:false:true|stat:6:spd:false:true|boost:atk=1:undefined:undefined:undefined:false:false	undefined	undefined	8	8	8	-1	2
download	onStart	740	0	6	70	Bug	1	0	1	20	20	-1	8	pikachu	1	1	0	0	1	-1	0	1	60	160	1	1	undefined	Ability	1	brn	figyberry	0	1	-1	1	1	foes:0:false|stat:6:def:false:true|stat:6:spd:false:true|boost:atk=1:undefined:undefined:undefined:false:false	undefined	undefined	8	8	8	-1	0
download	onStart	741	1	0	60	Ghost	1	1	0	20	100	0	0	greninjaash	1	1	1	1	0	-1	1	2	0	160	1	0	false	missing	1	brn	leftovers	0	1	99	1	1	foes:0:false|stat:6:def:false:true|stat:6:spd:false:true|stat:7:def:false:true|stat:7:spd:false:true|boost:atk=1:undefined:undefined:undefined:false:false	undefined	false	0	0	0	-1	2
download	onStart	742	-1	1	70	Normal	1	0	0	10	100	-1	8192	pikachu	0	1	1	1	1	-1	0	0	0	160	1	1	undefined	Ability	0	brn	magoberry	1	1	-1	0	1	foes:0:false	undefined	undefined	8192	8192	8192	-1	0
download	onStart	743	1	6	70	Bug	1	0	1	0	-1	1	0	pikachu	1	0	0	1	1	1	0	1	100	0	1	1	0	missing	0	brn	leftovers	1	0	99	0	1	foes:0:false|stat:6:def:false:true|stat:6:spd:false:true|boost:spa=1:undefined:undefined:undefined:false:false	undefined	true	0	0	0	1	0
download	onStart	744	-1	1	0	Fire	0	0	0	100	0	1	16384	greninjaash	1	1	0	0	0	6	0	0	0	0	0	0	0	missing	1	brn	leftovers	1	-1	-1	1	1	foes:0:false	undefined	true	16384	16384	16384	6	0
download	onStart	745	0	0	40	Bug	0	0	1	0	-1	-1	0	greninjaash	1	1	1	0	1	6	0	0	60	0	0	0	true	missing	1	psn	aguavberry	2	-1	0	1	1	foes:0:false	undefined	undefined	0	0	0	6	0
download	onStart	746	0	6	70	Fire	0	0	0	20	100	-1	24576	greninjabond	0	0	0	1	0	-1	0	0	100	0	1	0	0	Ability	0	brn	iapapaberry	1	0	-1	1	1	foes:0:false	undefined	undefined	24576	24576	24576	-1	0
download	onStart	747	6	0	60	Fire	1	1	1	100	0	0	8192	greninjabond	1	0	1	1	0	0	1	1	60	0	1	1	false	Move	0	psn	aguavberry	0	1	0	0	0	foes:0:false|stat:6:def:false:true|stat:6:spd:false:true|boost:spa=1:undefined:undefined:undefined:false:false	undefined	false	8192	8192	8192	0	2
download	onStart	748	6	6	60	Normal	0	1	0	10	20	1	8192	pikachu	0	1	1	1	1	6	0	2	60	0	1	0	0	Move	1	brn	figyberry	2	1	0	1	1	foes:0:false|stat:6:def:false:true|stat:6:spd:false:true|stat:7:def:false:true|stat:7:spd:false:true|boost:spa=1:undefined:undefined:undefined:false:false	undefined	true	8192	8192	8192	6	2
download	onStart	749	-1	6	60	Fire	0	0	0	0	20	-1	8	greninjabond	1	0	1	0	1	6	0	0	0	0	1	1	null	missing	1	psn	figyberry	1	-1	99	1	1	foes:0:false	undefined	undefined	8	8	8	6	0
download	onStart	750	0	6	70	Dark	0	0	0	10	20	1	0	pikachu	1	1	1	1	0	0	0	2	0	100	1	1	0	Move	1	psn	leftovers	0	-1	1	0	1	foes:0:false|stat:6:def:false:true|stat:6:spd:false:true|stat:7:def:false:true|stat:7:spd:false:true|boost:atk=1:undefined:undefined:undefined:false:false	undefined	true	0	0	0	0	0
download	onStart	751	6	0	70	Water	0	0	0	100	100	1	2048	greninjabond	1	0	1	0	0	0	0	2	0	160	0	1	true	Ability	0	psn	wikiberry	2	0	99	0	0	foes:0:false|stat:6:def:false:true|stat:6:spd:false:true|stat:7:def:false:true|stat:7:spd:false:true|boost:atk=1:undefined:undefined:undefined:false:false	undefined	true	2048	2048	2048	0	0
download	onStart	752	-1	0	0	Ghost	0	1	1	0	20	0	8	greninjaash	0	0	1	1	1	0	1	1	60	0	0	1	true	Ability	1	brn	aguavberry	2	1	99	1	0	foes:0:false|stat:6:def:false:true|stat:6:spd:false:true|boost:spa=1:undefined:undefined:undefined:false:false	undefined	false	8	8	8	0	2
download	onStart	753	0	0	40	Fire	1	1	1	0	100	0	24576	pikachu	1	0	1	0	1	6	1	0	100	100	0	1	true	Ability	1	brn	aguavberry	1	-1	1	0	1	foes:0:false	undefined	false	24576	24576	24576	6	2
download	onStart	754	-1	1	60	Normal	0	0	0	0	0	1	0	pikachu	0	0	0	1	1	6	1	0	0	0	1	0	0	Move	0	psn	wikiberry	2	1	-1	1	1	foes:0:false	undefined	true	0	0	0	6	0
download	onStart	755	1	6	40	Water	1	1	0	100	-1	0	0	greninjaash	0	0	0	0	0	1	1	1	100	100	0	0	undefined	Move	0	psn	wikiberry	2	1	99	1	1	foes:0:false|stat:6:def:false:true|stat:6:spd:false:true|boost:spa=1:undefined:undefined:undefined:false:false	undefined	false	0	0	0	1	2
download	onStart	756	0	6	60	Bug	0	0	0	0	20	0	24576	greninjabond	1	0	0	0	1	6	0	2	60	0	0	1	false	Ability	0	brn	magoberry	2	0	1	1	0	foes:0:false|stat:6:def:false:true|stat:6:spd:false:true|stat:7:def:false:true|stat:7:spd:false:true|boost:spa=1:undefined:undefined:undefined:false:false	undefined	false	24576	24576	24576	6	0
download	onStart	757	0	0	40	Bug	1	1	0	10	20	-1	24576	pikachu	0	1	1	0	1	0	1	1	100	0	0	1	false	missing	0	brn	sitrusberry	2	1	99	1	1	foes:0:false|stat:6:def:false:true|stat:6:spd:false:true|boost:spa=1:undefined:undefined:undefined:false:false	undefined	undefined	24576	24576	24576	0	2
download	onStart	758	1	1	40	Fire	0	1	0	10	-1	0	8192	greninjabond	1	0	0	1	0	0	1	0	100	0	0	1	0	Move	1	brn	wikiberry	1	0	-1	1	0	foes:0:false	undefined	false	8192	8192	8192	0	2
download	onStart	759	-1	1	70	Dark	0	0	1	10	20	0	16384	pikachu	1	0	0	0	0	-1	0	1	100	100	0	0	undefined	missing	0	psn	leftovers	2	0	-1	1	1	foes:0:false|stat:6:def:false:true|stat:6:spd:false:true|boost:spa=1:undefined:undefined:undefined:false:false	undefined	false	16384	16384	16384	-1	0
download	onStart	760	0	6	70	Fire	1	1	1	10	-1	-1	8192	greninjabond	1	1	0	0	1	1	1	1	0	100	1	0	true	missing	1	brn	aguavberry	0	0	1	1	0	foes:0:false|stat:6:def:false:true|stat:6:spd:false:true|boost:atk=1:undefined:undefined:undefined:false:false	undefined	undefined	8192	8192	8192	1	2
download	onStart	761	0	0	40	Ghost	0	0	1	100	0	0	8192	pikachu	0	1	1	1	0	6	0	0	0	100	0	1	undefined	missing	0	brn	leftovers	0	1	-1	0	1	foes:0:false	undefined	false	8192	8192	8192	6	0
download	onStart	762	6	6	40	Water	0	0	0	20	-1	1	2048	greninjaash	0	1	0	1	1	0	0	1	100	100	1	0	false	Ability	1	brn	aguavberry	2	-1	-1	0	0	foes:0:false|stat:6:def:false:true|stat:6:spd:false:true|boost:spa=1:undefined:undefined:undefined:false:false	undefined	true	2048	2048	2048	0	0
download	onStart	763	-1	1	0	Water	0	1	1	0	20	0	0	greninjaash	0	0	1	0	1	6	1	0	100	160	0	1	false	Ability	0	brn	wikiberry	2	-1	1	0	0	foes:0:false	undefined	false	0	0	0	6	2
download	onStart	764	6	6	0	Normal	1	0	1	100	20	0	16384	greninjabond	0	0	0	1	1	1	1	0	0	160	1	0	null	Move	0	psn	wikiberry	2	0	99	1	0	foes:0:false	undefined	false	16384	16384	16384	1	0
download	onStart	765	6	1	40	Bug	0	0	1	100	20	0	2048	greninjaash	1	0	0	0	1	6	0	2	60	160	0	0	true	missing	1	brn	wikiberry	0	1	1	0	1	foes:0:false|stat:6:def:false:true|stat:6:spd:false:true|stat:7:def:false:true|stat:7:spd:false:true|boost:atk=1:undefined:undefined:undefined:false:false	undefined	false	2048	2048	2048	6	0
download	onStart	766	-1	1	60	Bug	0	1	1	10	0	0	8	greninjabond	1	0	0	1	1	1	0	1	100	0	0	1	true	Move	0	psn	wikiberry	1	0	1	0	0	foes:0:false|stat:6:def:false:true|stat:6:spd:false:true|boost:spa=1:undefined:undefined:undefined:false:false	undefined	false	8	8	8	1	2
download	onStart	767	-1	1	60	Fire	0	0	1	0	-1	-1	2048	greninjabond	0	0	1	1	1	6	1	0	100	160	1	0	undefined	missing	1	brn	sitrusberry	0	1	0	0	0	foes:0:false	undefined	undefined	2048	2048	2048	6	0
download	onStart	768	0	1	0	Ghost	0	0	0	20	100	-1	24576	greninjaash	0	1	0	1	1	-1	1	0	60	160	0	1	true	Ability	0	brn	figyberry	2	-1	0	1	1	foes:0:false	undefined	undefined	24576	24576	24576	-1	0
download	onStart	769	-1	0	0	Normal	0	1	1	100	20	0	0	pikachu	1	0	1	1	0	6	1	2	0	0	0	1	true	Ability	1	psn	aguavberry	0	1	0	0	1	foes:0:false|stat:6:def:false:true|stat:6:spd:false:true|stat:7:def:false:true|stat:7:spd:false:true	undefined	false	0	0	0	6	2
download	onStart	770	6	6	70	Ghost	1	1	0	0	20	-1	24576	pikachu	1	1	1	1	0	-1	0	0	60	100	0	0	0	missing	0	psn	aguavberry	2	0	-1	1	0	foes:0:false	undefined	undefined	24576	24576	24576	-1	2
download	onStart	771	6	6	70	Dark	0	1	1	10	20	1	16384	greninjaash	0	0	0	1	0	-1	1	1	0	100	1	1	undefined	Ability	0	brn	wikiberry	2	1	-1	0	1	foes:0:false|stat:6:def:false:true|stat:6:spd:false:true|boost:atk=1:undefined:undefined:undefined:false:false	undefined	true	16384	16384	16384	-1	2
download	onStart	772	0	0	70	Ghost	0	1	0	20	20	-1	0	pikachu	0	1	1	0	1	1	1	0	100	0	0	1	0	missing	0	psn	wikiberry	2	-1	-1	0	0	foes:0:false	undefined	undefined	0	0	0	1	2
download	onStart	773	0	0	70	Ghost	0	0	1	0	20	1	8192	greninjabond	0	1	0	1	0	0	0	0	0	100	0	0	null	missing	0	psn	iapapaberry	0	0	1	0	1	foes:0:false	undefined	true	8192	8192	8192	0	0
download	onStart	774	0	6	60	Dark	0	0	1	10	100	1	0	greninjaash	1	1	0	1	0	1	0	1	0	160	0	1	null	missing	1	brn	iapapaberry	1	1	-1	1	1	foes:0:false|stat:6:def:false:true|stat:6:spd:false:true|boost:atk=1:undefined:undefined:undefined:false:false	undefined	true	0	0	0	1	0
download	onStart	775	0	6	0	Fire	1	0	0	20	100	-1	24576	greninjaash	0	0	0	0	0	1	1	1	0	0	0	1	false	Move	1	brn	wikiberry	1	0	0	0	1	foes:0:false|stat:6:def:false:true|stat:6:spd:false:true	undefined	undefined	24576	24576	24576	1	0
download	onStart	776	0	1	0	Ghost	1	0	1	100	-1	-1	2048	greninjabond	0	0	1	0	1	0	0	2	100	0	0	0	null	missing	0	brn	wikiberry	1	1	-1	1	1	foes:0:false|stat:6:def:false:true|stat:6:spd:false:true|stat:7:def:false:true|stat:7:spd:false:true|boost:spa=1:undefined:undefined:undefined:false:false	undefined	undefined	2048	2048	2048	0	0
download	onStart	777	-1	0	0	Fire	1	1	1	100	0	1	8	greninjaash	1	1	1	0	0	6	1	0	60	0	1	0	false	Ability	0	psn	leftovers	1	-1	99	1	1	foes:0:false	undefined	true	8	8	8	6	2
download	onStart	778	1	0	61	Normal	1	1	1	20	100	-1	16384	pikachu	1	1	1	1	1	1	1	0	100	160	0	0	null	missing	0	brn	leftovers	2	1	-1	0	1	foes:0:false	undefined	undefined	16384	16384	16384	1	2
download	onStart	779	1	6	60	Fire	0	1	0	10	100	0	0	greninjaash	1	0	1	1	0	0	1	0	60	100	0	0	false	Ability	0	psn	sitrusberry	1	0	99	1	0	foes:0:false	undefined	false	0	0	0	0	2
download	onStart	780	6	6	40	Ghost	1	1	1	10	100	-1	16384	pikachu	1	0	0	1	0	1	1	1	100	0	0	1	undefined	missing	0	psn	wikiberry	2	-1	0	0	1	foes:0:false|stat:6:def:false:true|stat:6:spd:false:true|boost:spa=1:undefined:undefined:undefined:false:false	undefined	undefined	16384	16384	16384	1	2
download	onStart	781	1	0	60	Dark	1	1	1	20	-1	0	0	greninjabond	0	0	0	1	0	6	1	0	60	0	0	1	0	Ability	1	psn	aguavberry	2	-1	0	0	1	foes:0:false	undefined	false	0	0	0	6	2
download	onStart	782	1	6	60	Bug	0	0	1	10	100	-1	24576	greninjaash	1	1	1	1	1	6	1	0	0	0	1	1	0	Ability	1	psn	figyberry	2	1	1	0	0	foes:0:false	undefined	undefined	24576	24576	24576	6	0
download	onStart	783	1	0	60	Water	1	0	1	10	20	-1	8	greninjabond	0	0	1	0	0	0	1	2	0	100	1	1	true	Ability	1	psn	magoberry	1	-1	1	1	0	foes:0:false|stat:6:def:false:true|stat:6:spd:false:true|stat:7:def:false:true|stat:7:spd:false:true|boost:atk=1:undefined:undefined:undefined:false:false	undefined	undefined	8	8	8	0	0
download	onStart	784	0	1	70	Dark	0	1	1	0	100	-1	16384	pikachu	1	0	0	1	1	6	0	1	0	160	1	0	null	missing	0	brn	sitrusberry	1	1	99	1	0	foes:0:false|stat:6:def:false:true|stat:6:spd:false:true|boost:atk=1:undefined:undefined:undefined:false:false	undefined	undefined	16384	16384	16384	6	2
download	onStart	785	-1	6	61	Fire	0	0	0	20	20	0	0	pikachu	0	0	0	0	1	6	0	0	0	160	1	0	null	Ability	1	brn	iapapaberry	2	0	0	1	1	foes:0:false	undefined	false	0	0	0	6	0
download	onStart	786	0	1	61	Fire	1	0	1	0	-1	-1	16384	greninjabond	1	0	1	1	0	0	0	2	0	0	0	0	true	Move	1	psn	wikiberry	0	1	-1	1	1	foes:0:false|stat:6:def:false:true|stat:6:spd:false:true|stat:7:def:false:true|stat:7:spd:false:true	undefined	undefined	16384	16384	16384	0	0
download	onStart	787	-1	1	40	Normal	1	0	1	20	0	1	16384	greninjaash	1	1	1	0	1	1	1	2	100	160	1	0	null	Move	1	psn	iapapaberry	2	1	1	0	1	foes:0:false|stat:6:def:false:true|stat:6:spd:false:true|stat:7:def:false:true|stat:7:spd:false:true|boost:atk=1:undefined:undefined:undefined:false:false	undefined	true	16384	16384	16384	1	0
download	onStart	788	1	1	60	Ghost	0	0	1	10	100	1	2048	greninjabond	0	0	1	0	0	0	0	0	60	100	1	0	false	Ability	1	psn	sitrusberry	1	1	1	0	1	foes:0:false	undefined	true	2048	2048	2048	0	0
download	onStart	789	-1	6	60	Bug	0	0	1	100	-1	0	8	greninjaash	1	1	0	0	0	0	0	2	100	160	0	1	undefined	missing	1	brn	sitrusberry	2	0	0	1	1	foes:0:false|stat:6:def:false:true|stat:6:spd:false:true|stat:7:def:false:true|stat:7:spd:false:true|boost:atk=1:undefined:undefined:undefined:false:false	undefined	false	8	8	8	0	0
download	onStart	790	6	0	61	Ghost	1	0	0	10	20	-1	8192	greninjabond	0	0	1	1	0	-1	0	2	100	160	1	1	0	missing	0	brn	figyberry	2	0	-1	1	0	foes:0:false|stat:6:def:false:true|stat:6:spd:false:true|stat:7:def:false:true|stat:7:spd:false:true|boost:atk=1:undefined:undefined:undefined:false:false	undefined	undefined	8192	8192	8192	-1	0
download	onStart	791	1	1	40	Bug	1	0	0	100	-1	1	8	greninjaash	1	0	1	1	1	-1	1	1	60	0	0	0	true	Ability	1	psn	figyberry	1	0	1	0	1	foes:0:false|stat:6:def:false:true|stat:6:spd:false:true|boost:spa=1:undefined:undefined:undefined:false:false	undefined	true	8	8	8	-1	0
download	onStart	792	0	0	0	Dark	1	0	0	20	-1	-1	16384	greninjabond	0	1	0	0	1	-1	0	0	60	0	0	1	undefined	missing	0	brn	sitrusberry	0	-1	1	0	0	foes:0:false	undefined	undefined	16384	16384	16384	-1	0
download	onStart	793	6	6	0	Bug	0	1	0	20	100	-1	8192	greninjaash	1	1	0	0	1	6	1	2	0	0	1	1	undefined	Move	1	psn	leftovers	1	1	1	1	1	foes:0:false|stat:6:def:false:true|stat:6:spd:false:true|stat:7:def:false:true|stat:7:spd:false:true	undefined	undefined	8192	8192	8192	6	2
download	onStart	794	-1	1	61	Normal	1	0	1	20	20	1	8192	greninjaash	1	0	0	1	1	6	0	2	100	0	1	1	undefined	Move	0	brn	magoberry	2	0	0	1	0	foes:0:false|stat:6:def:false:true|stat:6:spd:false:true|stat:7:def:false:true|stat:7:spd:false:true|boost:spa=1:undefined:undefined:undefined:false:false	undefined	true	8192	8192	8192	6	0
download	onStart	795	6	6	0	Water	1	0	0	20	-1	-1	8	greninjabond	1	1	0	1	0	6	0	1	60	160	0	1	true	missing	1	brn	aguavberry	1	0	-1	1	0	foes:0:false|stat:6:def:false:true|stat:6:spd:false:true|boost:atk=1:undefined:undefined:undefined:false:false	undefined	undefined	8	8	8	6	0
download	onStart	796	-1	6	60	Fire	0	0	0	0	100	-1	8192	greninjaash	1	1	1	1	0	0	0	1	60	100	0	1	true	missing	1	psn	figyberry	1	0	99	0	0	foes:0:false|stat:6:def:false:true|stat:6:spd:false:true|boost:atk=1:undefined:undefined:undefined:false:false	undefined	undefined	8192	8192	8192	0	0
download	onStart	797	1	0	70	Normal	0	1	1	10	-1	-1	24576	greninjabond	0	0	0	0	1	6	1	1	60	0	1	1	false	Ability	0	brn	figyberry	2	-1	-1	1	1	foes:0:false|stat:6:def:false:true|stat:6:spd:false:true|boost:spa=1:undefined:undefined:undefined:false:false	undefined	undefined	24576	24576	24576	6	2
download	onStart	798	-1	0	70	Bug	1	1	0	10	-1	-1	2048	greninjaash	0	0	1	1	1	-1	0	1	60	160	1	1	0	Ability	1	psn	leftovers	2	-1	1	1	1	foes:0:false|stat:6:def:false:true|stat:6:spd:false:true|boost:atk=1:undefined:undefined:undefined:false:false	undefined	undefined	2048	2048	2048	-1	2
download	onStart	799	6	6	0	Ghost	0	0	1	20	100	1	24576	greninjaash	1	0	0	1	0	6	1	1	0	100	1	1	true	Move	1	psn	figyberry	0	-1	99	0	0	foes:0:false|stat:6:def:false:true|stat:6:spd:false:true|boost:atk=1:undefined:undefined:undefined:false:false	undefined	true	24576	24576	24576	6	0
download	onStart	800	0	1	61	Fire	1	0	1	100	0	0	0	greninjabond	1	1	1	1	0	1	1	2	60	160	0	0	true	Move	1	brn	iapapaberry	0	1	0	0	0	foes:0:false|stat:6:def:false:true|stat:6:spd:false:true|stat:7:def:false:true|stat:7:spd:false:true|boost:atk=1:undefined:undefined:undefined:false:false	undefined	false	0	0	0	1	0
download	onStart	801	6	0	40	Water	1	0	0	10	-1	-1	8192	pikachu	1	0	0	1	1	6	0	0	0	160	1	1	true	Move	0	psn	leftovers	0	1	-1	0	1	foes:0:false	undefined	undefined	8192	8192	8192	6	0
download	onStart	802	6	0	60	Dark	1	1	0	10	100	0	16384	greninjaash	1	1	0	0	1	1	1	2	0	0	1	1	null	Ability	1	psn	leftovers	2	0	0	0	1	foes:0:false|stat:6:def:false:true|stat:6:spd:false:true|stat:7:def:false:true|stat:7:spd:false:true	undefined	false	16384	16384	16384	1	2
download	onStart	803	1	0	61	Water	1	0	1	100	-1	1	24576	greninjabond	1	1	1	1	1	-1	0	1	100	0	0	1	0	Move	1	brn	iapapaberry	0	1	99	1	1	foes:0:false|stat:6:def:false:true|stat:6:spd:false:true|boost:spa=1:undefined:undefined:undefined:false:false	undefined	true	24576	24576	24576	-1	0
download	onStart	804	1	6	61	Fire	1	1	1	100	100	0	8192	pikachu	0	1	0	0	0	-1	0	1	100	0	0	0	true	missing	1	psn	sitrusberry	0	0	-1	0	0	foes:0:false|stat:6:def:false:true|stat:6:spd:false:true|boost:spa=1:undefined:undefined:undefined:false:false	undefined	false	8192	8192	8192	-1	2
download	onStart	805	6	6	61	Fire	1	0	0	100	0	0	16384	greninjaash	0	1	1	1	1	0	0	0	60	160	1	0	true	missing	1	psn	leftovers	1	-1	-1	1	1	foes:0:false	undefined	false	16384	16384	16384	0	0
download	onStart	806	0	6	60	Ghost	1	1	0	10	0	1	8192	greninjaash	0	1	0	1	1	0	1	2	60	0	0	1	true	Ability	1	brn	iapapaberry	1	1	-1	0	1	foes:0:false|stat:6:def:false:true|stat:6:spd:false:true|stat:7:def:false:true|stat:7:spd:false:true|boost:spa=1:undefined:undefined:undefined:false:false	undefined	true	8192	8192	8192	0	2
download	onStart	807	-1	6	40	Dark	0	0	0	10	20	-1	24576	greninjaash	1	0	1	0	0	1	1	1	0	100	1	1	false	Ability	0	brn	sitrusberry	2	-1	99	1	1	foes:0:false|stat:6:def:false:true|stat:6:spd:false:true|boost:atk=1:undefined:undefined:undefined:false:false	undefined	undefined	24576	24576	24576	1	0
download	onStart	808	1	6	60	Fire	0	1	1	0	20	1	8192	pikachu	0	0	0	0	0	-1	1	1	0	0	1	1	undefined	Move	1	brn	figyberry	1	-1	-1	0	1	foes:0:false|stat:6:def:false:true|stat:6:spd:false:true	undefined	true	8192	8192	8192	-1	2
download	onStart	809	6	6	61	Dark	0	1	0	10	100	1	2048	greninjabond	0	1	0	1	0	6	1	2	0	0	1	0	undefined	missing	1	brn	iapapaberry	1	-1	0	0	0	foes:0:false|stat:6:def:false:true|stat:6:spd:false:true|stat:7:def:false:true|stat:7:spd:false:true	undefined	true	2048	2048	2048	6	2
download	onStart	810	6	6	40	Water	1	1	0	100	0	-1	24576	pikachu	0	1	0	0	0	0	0	2	100	160	1	1	true	Ability	1	psn	leftovers	1	0	0	1	1	foes:0:false|stat:6:def:false:true|stat:6:spd:false:true|stat:7:def:false:true|stat:7:spd:false:true|boost:atk=1:undefined:undefined:undefined:false:false	undefined	undefined	24576	24576	24576	0	2
download	onStart	811	0	0	0	Fire	0	0	1	100	20	0	8	pikachu	0	1	0	0	1	0	0	0	60	100	1	0	undefined	Move	1	psn	figyberry	0	-1	0	0	0	foes:0:false	undefined	false	8	8	8	0	0
download	onStart	812	-1	1	61	Fire	0	1	1	20	100	1	8192	greninjabond	0	0	1	1	0	-1	1	1	60	160	1	1	null	Move	0	psn	magoberry	1	1	0	1	1	foes:0:false|stat:6:def:false:true|stat:6:spd:false:true|boost:atk=1:undefined:undefined:undefined:false:false	undefined	true	8192	8192	8192	-1	2
download	onStart	813	0	1	40	Bug	0	1	0	0	0	-1	24576	greninjaash	1	0	1	1	1	6	1	2	100	100	1	0	false	Move	0	psn	aguavberry	0	1	99	0	1	foes:0:false|stat:6:def:false:true|stat:6:spd:false:true|stat:7:def:false:true|stat:7:spd:false:true|boost:spa=1:undefined:undefined:undefined:false:false	undefined	undefined	24576	24576	24576	6	2
download	onStart	814	6	6	0	Normal	1	0	1	10	100	1	8	greninjaash	0	1	0	1	0	0	0	2	60	160	0	1	undefined	Ability	0	brn	leftovers	2	1	1	1	0	foes:0:false|stat:6:def:false:true|stat:6:spd:false:true|stat:7:def:false:true|stat:7:spd:false:true|boost:atk=1:undefined:undefined:undefined:false:false	undefined	true	8	8	8	0	0
download	onStart	815	-1	6	40	Water	0	0	0	100	-1	-1	16384	greninjaash	1	0	0	0	1	0	0	1	60	100	0	0	true	missing	0	brn	sitrusberry	0	-1	-1	0	0	foes:0:false|stat:6:def:false:true|stat:6:spd:false:true|boost:atk=1:undefined:undefined:undefined:false:false	undefined	undefined	16384	16384	16384	0	0
download	onStart	816	1	6	70	Fire	1	1	0	10	0	0	8192	greninjaash	0	1	0	1	0	0	1	0	100	160	0	0	false	missing	1	brn	aguavberry	0	-1	99	0	1	foes:0:false	undefined	false	8192	8192	8192	0	2
download	onStart	817	1	0	61	Ghost	0	0	0	0	0	-1	8	pikachu	1	0	0	0	0	-1	1	0	0	160	1	0	undefined	missing	0	brn	iapapaberry	2	0	99	0	0	foes:0:false	undefined	undefined	8	8	8	-1	0
download	onStart	818	1	6	0	Dark	0	1	0	10	-1	1	8	pikachu	0	0	0	0	1	6	1	2	100	160	0	1	undefined	Ability	0	brn	wikiberry	0	1	0	0	0	foes:0:false|stat:6:def:false:true|stat:6:spd:false:true|stat:7:def:false:true|stat:7:spd:false:true|boost:atk=1:undefined:undefined:undefined:false:false	undefined	true	8	8	8	6	2
download	onStart	819	6	6	0	Fire	0	0	0	0	100	0	24576	pikachu	0	1	1	0	0	1	0	2	60	0	0	0	false	Ability	1	psn	figyberry	2	0	-1	1	1	foes:0:false|stat:6:def:false:true|stat:6:spd:false:true|stat:7:def:false:true|stat:7:spd:false:true|boost:spa=1:undefined:undefined:undefined:false:false	undefined	false	24576	24576	24576	1	0
download	onStart	820	1	0	40	Dark	1	0	0	10	0	0	0	pikachu	1	0	1	0	1	6	1	2	60	100	0	0	undefined	missing	0	psn	leftovers	0	1	1	1	1	foes:0:false|stat:6:def:false:true|stat:6:spd:false:true|stat:7:def:false:true|stat:7:spd:false:true|boost:atk=1:undefined:undefined:undefined:false:false	undefined	false	0	0	0	6	0
download	onStart	821	6	6	61	Water	0	0	0	20	0	1	2048	greninjabond	0	1	1	0	0	0	1	1	0	160	1	1	true	Ability	1	brn	aguavberry	1	1	99	0	1	foes:0:false|stat:6:def:false:true|stat:6:spd:false:true|boost:atk=1:undefined:undefined:undefined:false:false	undefined	true	2048	2048	2048	0	0
download	onStart	822	-1	1	60	Dark	1	0	1	10	20	0	16384	greninjabond	0	1	0	1	1	1	0	1	60	100	0	1	null	Ability	1	psn	figyberry	1	-1	-1	0	0	foes:0:false|stat:6:def:false:true|stat:6:spd:false:true|boost:atk=1:undefined:undefined:undefined:false:false	undefined	false	16384	16384	16384	1	0
download	onStart	823	0	6	61	Water	1	0	1	20	100	-1	2048	greninjaash	0	0	1	1	0	-1	0	2	60	0	1	0	undefined	Move	0	psn	aguavberry	0	-1	0	0	1	foes:0:false|stat:6:def:false:true|stat:6:spd:false:true|stat:7:def:false:true|stat:7:spd:false:true|boost:spa=1:undefined:undefined:undefined:false:false	undefined	undefined	2048	2048	2048	-1	0
download	onStart	824	1	0	61	Dark	0	0	1	20	20	0	24576	greninjabond	1	1	1	0	0	6	0	1	60	160	0	1	false	Move	0	psn	figyberry	2	0	1	0	0	foes:0:false|stat:6:def:false:true|stat:6:spd:false:true|boost:atk=1:undefined:undefined:undefined:false:false	undefined	false	24576	24576	24576	6	0
download	onStart	825	1	6	40	Bug	1	1	0	0	20	0	0	greninjabond	0	1	1	0	0	-1	0	2	0	160	0	0	true	Ability	1	psn	iapapaberry	2	1	-1	0	0	foes:0:false|stat:6:def:false:true|stat:6:spd:false:true|stat:7:def:false:true|stat:7:spd:false:true|boost:atk=1:undefined:undefined:undefined:false:false	undefined	false	0	0	0	-1	2
download	onStart	826	0	0	40	Bug	0	0	1	100	100	-1	0	pikachu	0	0	1	0	0	1	1	1	0	0	0	1	true	Ability	1	psn	iapapaberry	1	1	0	1	0	foes:0:false|stat:6:def:false:true|stat:6:spd:false:true	undefined	undefined	0	0	0	1	0
download	onStart	827	1	6	61	Water	0	0	1	0	100	-1	8192	greninjabond	0	1	1	1	1	6	0	1	60	0	1	1	true	missing	0	psn	figyberry	0	-1	1	1	0	foes:0:false|stat:6:def:false:true|stat:6:spd:false:true|boost:spa=1:undefined:undefined:undefined:false:false	undefined	undefined	8192	8192	8192	6	0
download	onStart	828	0	6	60	Ghost	0	1	1	0	0	0	2048	greninjaash	0	1	0	1	1	6	1	0	100	100	0	1	false	missing	0	psn	sitrusberry	0	0	99	1	0	foes:0:false	undefined	false	2048	2048	2048	6	2
download	onStart	829	-1	6	61	Fire	1	1	0	100	100	0	24576	pikachu	0	0	1	0	0	6	0	1	100	0	1	1	null	Ability	0	psn	leftovers	2	-1	99	0	1	foes:0:false|stat:6:def:false:true|stat:6:spd:false:true|boost:spa=1:undefined:undefined:undefined:false:false	undefined	false	24576	24576	24576	6	2
download	onStart	830	0	6	0	Bug	1	1	1	10	20	0	8192	greninjaash	1	0	0	1	0	1	1	2	60	0	1	1	undefined	Ability	1	brn	figyberry	2	0	1	1	1	foes:0:false|stat:6:def:false:true|stat:6:spd:false:true|stat:7:def:false:true|stat:7:spd:false:true|boost:spa=1:undefined:undefined:undefined:false:false	undefined	false	8192	8192	8192	1	2
download	onStart	831	1	0	70	Bug	1	0	0	0	20	-1	2048	greninjabond	0	0	1	0	0	6	0	2	60	160	0	1	false	missing	0	psn	wikiberry	2	0	0	1	0	foes:0:false|stat:6:def:false:true|stat:6:spd:false:true|stat:7:def:false:true|stat:7:spd:false:true|boost:atk=1:undefined:undefined:undefined:false:false	undefined	undefined	2048	2048	2048	6	0
download	onStart	832	1	6	60	Dark	1	0	1	100	0	-1	0	greninjabond	0	0	0	1	0	-1	0	0	100	100	1	0	0	missing	0	psn	aguavberry	2	-1	0	1	0	foes:0:false	undefined	undefined	0	0	0	-1	0
download	onStart	833	1	0	70	Fire	0	0	1	0	0	-1	8192	greninjabond	0	1	1	1	0	-1	1	0	100	100	0	1	null	Move	1	psn	sitrusberry	1	1	1	1	0	foes:0:false	undefined	undefined	8192	8192	8192	-1	0
download	onStart	834	-1	1	70	Fire	0	0	1	10	0	1	24576	greninjabond	0	1	1	0	1	-1	0	1	100	0	0	1	0	Ability	1	brn	sitrusberry	0	0	0	1	1	foes:0:false|stat:6:def:false:true|stat:6:spd:false:true|boost:spa=1:undefined:undefined:undefined:false:false	undefined	true	24576	24576	24576	-1	0
download	onStart	835	0	6	0	Bug	1	0	0	10	0	0	0	greninjaash	1	1	0	1	1	-1	1	1	60	0	0	0	null	Ability	0	brn	wikiberry	1	0	0	0	1	foes:0:false|stat:6:def:false:true|stat:6:spd:false:true|boost:spa=1:undefined:undefined:undefined:false:false	undefined	false	0	0	0	-1	0
download	onStart	836	6	1	70	Ghost	1	1	1	100	0	-1	2048	greninjabond	1	1	1	0	1	1	0	0	100	160	1	0	true	Move	1	psn	iapapaberry	0	1	-1	1	0	foes:0:false	undefined	undefined	2048	2048	2048	1	2
download	onStart	837	1	1	60	Dark	0	0	0	10	100	-1	2048	greninjaash	1	0	1	0	0	0	1	0	0	100	1	0	0	Ability	0	psn	figyberry	1	0	1	0	1	foes:0:false	undefined	undefined	2048	2048	2048	0	0
download	onStart	838	1	0	60	Dark	0	1	0	10	-1	0	8192	greninjabond	1	0	1	1	1	6	0	1	100	0	1	1	undefined	Move	0	psn	iapapaberry	1	1	-1	1	0	foes:0:false|stat:6:def:false:true|stat:6:spd:false:true|boost:spa=1:undefined:undefined:undefined:false:false	undefined	false	8192	8192	8192	6	2
download	onStart	839	1	6	0	Ghost	1	0	1	100	-1	1	2048	greninjaash	0	0	0	0	1	1	0	0	0	160	1	1	undefined	missing	0	brn	wikiberry	2	1	1	0	1	foes:0:false	undefined	true	2048	2048	2048	1	0
download	onStart	840	1	6	70	Bug	1	1	0	0	20	0	16384	pikachu	1	0	1	0	1	1	0	1	0	0	0	1	true	Ability	0	psn	iapapaberry	0	-1	0	1	1	foes:0:false|stat:6:def:false:true|stat:6:spd:false:true	undefined	false	16384	16384	16384	1	2
download	onStart	841	1	1	0	Ghost	1	1	1	100	-1	1	8	pikachu	1	0	1	1	1	-1	0	0	60	0	0	1	true	missing	0	brn	aguavberry	1	-1	99	1	0	foes:0:false	undefined	true	8	8	8	-1	2
download	onStart	842	6	0	61	Bug	0	1	1	100	-1	-1	24576	greninjaash	0	1	1	0	1	6	1	1	100	100	1	1	false	missing	0	psn	leftovers	0	1	0	0	1	foes:0:false|stat:6:def:false:true|stat:6:spd:false:true|boost:spa=1:undefined:undefined:undefined:false:false	undefined	undefined	24576	24576	24576	6	2
download	onStart	843	6	6	0	Dark	1	0	1	20	-1	-1	2048	greninjabond	1	1	1	0	0	0	1	0	60	160	1	0	null	Move	0	brn	aguavberry	2	0	99	1	0	foes:0:false	undefined	undefined	2048	2048	2048	0	0
download	onStart	844	0	1	40	Fire	1	0	0	20	0	1	24576	pikachu	0	0	1	1	1	1	0	0	100	100	0	1	null	missing	1	psn	figyberry	1	1	1	1	0	foes:0:false	undefined	true	24576	24576	24576	1	0
download	onStart	845	-1	6	61	Normal	0	1	0	20	100	0	2048	greninjaash	0	1	0	1	0	6	0	0	60	160	0	0	false	Ability	1	brn	figyberry	1	0	1	1	1	foes:0:false	undefined	false	2048	2048	2048	6	2
download	onStart	846	6	0	60	Normal	0	1	0	10	0	-1	2048	greninjabond	1	1	1	1	1	-1	0	0	0	0	1	1	false	Move	1	brn	figyberry	0	1	1	0	0	foes:0:false	undefined	undefined	2048	2048	2048	-1	2
download	onStart	847	6	1	70	Dark	0	0	0	10	100	1	16384	greninjaash	1	1	1	1	0	0	0	2	60	0	1	0	undefined	Ability	0	brn	wikiberry	2	1	1	1	0	foes:0:false|stat:6:def:false:true|stat:6:spd:false:true|stat:7:def:false:true|stat:7:spd:false:true|boost:spa=1:undefined:undefined:undefined:false:false	undefined	true	16384	16384	16384	0	0
download	onStart	848	6	1	0	Normal	0	0	1	10	-1	0	16384	pikachu	0	1	1	0	1	6	0	2	0	160	1	0	true	Move	1	psn	wikiberry	1	-1	-1	1	1	foes:0:false|stat:6:def:false:true|stat:6:spd:false:true|stat:7:def:false:true|stat:7:spd:false:true|boost:atk=1:undefined:undefined:undefined:false:false	undefined	false	16384	16384	16384	6	0
download	onStart	849	0	1	60	Bug	1	0	1	100	100	0	0	greninjabond	0	1	1	0	1	-1	1	2	60	0	0	0	false	Ability	1	brn	iapapaberry	0	1	0	1	0	foes:0:false|stat:6:def:false:true|stat:6:spd:false:true|stat:7:def:false:true|stat:7:spd:false:true|boost:spa=1:undefined:undefined:undefined:false:false	undefined	false	0	0	0	-1	0
download	onStart	850	6	0	70	Ghost	0	1	0	10	20	0	16384	greninjabond	1	1	0	0	0	0	1	1	0	0	1	1	0	Move	1	brn	magoberry	2	0	0	1	0	foes:0:false|stat:6:def:false:true|stat:6:spd:false:true	undefined	false	16384	16384	16384	0	2
download	onStart	851	1	6	70	Fire	1	0	0	20	-1	0	0	greninjabond	1	1	0	0	1	1	1	1	100	160	1	1	null	missing	0	psn	sitrusberry	0	1	1	1	1	foes:0:false|stat:6:def:false:true|stat:6:spd:false:true|boost:atk=1:undefined:undefined:undefined:false:false	undefined	false	0	0	0	1	0
download	onStart	852	6	1	61	Ghost	0	0	1	10	0	1	24576	pikachu	1	1	0	1	1	1	0	2	60	160	0	0	false	missing	1	psn	figyberry	0	-1	99	0	1	foes:0:false|stat:6:def:false:true|stat:6:spd:false:true|stat:7:def:false:true|stat:7:spd:false:true|boost:atk=1:undefined:undefined:undefined:false:false	undefined	true	24576	24576	24576	1	0
download	onStart	853	1	0	60	Normal	1	0	1	0	20	1	24576	pikachu	0	0	0	1	1	0	1	0	100	0	0	0	false	Move	0	brn	wikiberry	1	0	0	1	1	foes:0:false	undefined	true	24576	24576	24576	0	0
download	onStart	854	0	6	60	Fire	0	0	0	10	100	-1	24576	greninjabond	1	1	1	1	0	-1	1	2	60	100	0	1	0	missing	1	psn	figyberry	2	1	0	1	1	foes:0:false|stat:6:def:false:true|stat:6:spd:false:true|stat:7:def:false:true|stat:7:spd:false:true|boost:atk=1:undefined:undefined:undefined:false:false	undefined	undefined	24576	24576	24576	-1	0
download	onStart	855	-1	1	40	Water	0	1	0	0	20	-1	16384	greninjaash	1	1	0	1	1	-1	1	0	0	160	0	1	undefined	Ability	1	brn	aguavberry	1	0	99	1	0	foes:0:false	undefined	undefined	16384	16384	16384	-1	2
download	onStart	856	6	6	40	Water	1	0	0	20	100	1	8192	pikachu	0	1	0	1	1	0	1	1	100	0	1	1	true	Move	1	psn	wikiberry	0	-1	99	1	0	foes:0:false|stat:6:def:false:true|stat:6:spd:false:true|boost:spa=1:undefined:undefined:undefined:false:false	undefined	true	8192	8192	8192	0	0
download	onStart	857	0	1	40	Water	0	1	1	20	-1	-1	8	pikachu	0	0	1	0	1	-1	1	2	0	0	0	0	undefined	Move	0	psn	magoberry	0	1	99	0	0	foes:0:false|stat:6:def:false:true|stat:6:spd:false:true|stat:7:def:false:true|stat:7:spd:false:true	undefined	undefined	8	8	8	-1	2
download	onStart	858	1	1	70	Water	1	0	0	100	100	-1	24576	greninjaash	1	0	0	0	1	-1	0	1	0	100	1	1	true	Ability	1	psn	sitrusberry	2	1	0	0	0	foes:0:false|stat:6:def:false:true|stat:6:spd:false:true|boost:atk=1:undefined:undefined:undefined:false:false	undefined	undefined	24576	24576	24576	-1	0
download	onStart	859	0	6	40	Water	0	0	0	100	20	-1	2048	pikachu	0	1	1	1	1	6	1	0	0	100	0	1	null	missing	0	psn	iapapaberry	1	0	0	0	1	foes:0:false	undefined	undefined	2048	2048	2048	6	0
download	onStart	860	0	1	40	Fire	1	1	1	0	0	-1	24576	greninjaash	1	1	1	0	0	0	0	1	100	100	1	1	true	missing	0	psn	leftovers	2	-1	-1	0	1	foes:0:false|stat:6:def:false:true|stat:6:spd:false:true|boost:spa=1:undefined:undefined:undefined:false:false	undefined	undefined	24576	24576	24576	0	2
download	onStart	861	6	1	60	Fire	0	1	1	20	20	1	2048	greninjaash	1	1	0	0	1	6	1	0	100	160	0	1	false	missing	1	psn	sitrusberry	2	1	0	1	1	foes:0:false	undefined	true	2048	2048	2048	6	2
download	onStart	862	1	1	0	Water	0	0	1	10	20	-1	8192	greninjabond	1	0	0	0	1	0	0	1	100	160	0	0	true	Ability	0	brn	sitrusberry	2	0	99	0	1	foes:0:false|stat:6:def:false:true|stat:6:spd:false:true|boost:atk=1:undefined:undefined:undefined:false:false	undefined	undefined	8192	8192	8192	0	0
download	onStart	863	0	1	61	Water	0	1	1	100	-1	-1	24576	greninjaash	1	1	1	0	1	-1	1	2	60	100	1	1	null	Move	1	psn	wikiberry	0	-1	99	0	1	foes:0:false|stat:6:def:false:true|stat:6:spd:false:true|stat:7:def:false:true|stat:7:spd:false:true|boost:atk=1:undefined:undefined:undefined:false:false	undefined	undefined	24576	24576	24576	-1	2
download	onStart	864	6	6	40	Water	0	1	0	100	-1	0	8192	greninjabond	1	0	1	0	1	1	1	2	100	160	0	0	true	missing	1	psn	iapapaberry	1	-1	1	1	0	foes:0:false|stat:6:def:false:true|stat:6:spd:false:true|stat:7:def:false:true|stat:7:spd:false:true|boost:atk=1:undefined:undefined:undefined:false:false	undefined	false	8192	8192	8192	1	2
download	onStart	865	0	1	61	Fire	1	0	1	20	20	0	16384	pikachu	1	1	0	0	0	-1	0	0	100	0	1	1	undefined	Move	1	brn	aguavberry	1	1	-1	0	0	foes:0:false	undefined	false	16384	16384	16384	-1	0
download	onStart	866	0	0	0	Ghost	1	0	0	10	0	-1	8192	pikachu	1	0	0	0	0	1	1	2	60	0	0	1	undefined	Move	0	brn	magoberry	0	-1	0	1	1	foes:0:false|stat:6:def:false:true|stat:6:spd:false:true|stat:7:def:false:true|stat:7:spd:false:true|boost:spa=1:undefined:undefined:undefined:false:false	undefined	undefined	8192	8192	8192	1	0
download	onStart	867	6	0	70	Water	0	0	1	100	100	1	16384	pikachu	0	1	0	0	0	0	1	1	100	0	1	0	undefined	Ability	0	brn	wikiberry	2	0	99	1	0	foes:0:false|stat:6:def:false:true|stat:6:spd:false:true|boost:spa=1:undefined:undefined:undefined:false:false	undefined	true	16384	16384	16384	0	0
download	onStart	868	-1	0	60	Fire	0	1	0	100	-1	1	16384	greninjaash	0	0	1	1	0	0	1	2	100	160	0	0	undefined	missing	0	psn	iapapaberry	1	-1	0	0	0	foes:0:false|stat:6:def:false:true|stat:6:spd:false:true|stat:7:def:false:true|stat:7:spd:false:true|boost:atk=1:undefined:undefined:undefined:false:false	undefined	true	16384	16384	16384	0	2
download	onStart	869	0	1	0	Bug	0	0	1	100	20	-1	8192	greninjaash	0	0	0	0	1	0	0	1	100	100	0	1	0	Move	0	psn	wikiberry	0	1	-1	0	0	foes:0:false|stat:6:def:false:true|stat:6:spd:false:true|boost:spa=1:undefined:undefined:undefined:false:false	undefined	undefined	8192	8192	8192	0	0
download	onStart	870	6	1	60	Ghost	0	1	1	20	20	-1	0	pikachu	1	0	0	0	0	0	1	0	60	0	0	0	null	Move	1	psn	figyberry	1	-1	0	1	0	foes:0:false	undefined	undefined	0	0	0	0	2
download	onStart	871	0	1	70	Ghost	0	1	0	10	0	-1	24576	greninjaash	0	1	1	0	0	6	1	2	100	0	0	0	null	missing	1	psn	sitrusberry	2	0	-1	1	0	foes:0:false|stat:6:def:false:true|stat:6:spd:false:true|stat:7:def:false:true|stat:7:spd:false:true|boost:spa=1:undefined:undefined:undefined:false:false	undefined	undefined	24576	24576	24576	6	2
download	onStart	872	6	1	60	Bug	1	1	1	0	100	1	8	pikachu	0	0	1	1	1	-1	1	2	60	100	1	1	undefined	Move	0	psn	figyberry	1	1	0	0	0	foes:0:false|stat:6:def:false:true|stat:6:spd:false:true|stat:7:def:false:true|stat:7:spd:false:true|boost:atk=1:undefined:undefined:undefined:false:false	undefined	true	8	8	8	-1	2
download	onStart	873	-1	0	60	Ghost	1	1	0	10	0	0	24576	greninjaash	0	0	0	1	0	-1	1	0	100	160	1	1	true	Move	0	brn	wikiberry	0	1	1	0	0	foes:0:false	undefined	false	24576	24576	24576	-1	2
download	onStart	874	-1	0	70	Water	1	1	1	100	20	0	2048	greninjabond	1	1	1	0	1	0	1	0	100	0	0	1	undefined	Move	1	psn	wikiberry	1	1	0	0	0	foes:0:false	undefined	false	2048	2048	2048	0	2
download	onStart	875	1	1	60	Bug	0	0	0	0	100	1	16384	greninjabond	0	1	0	0	1	1	0	0	100	100	0	0	false	Move	1	brn	wikiberry	1	-1	1	1	1	foes:0:false	undefined	true	16384	16384	16384	1	0
download	onStart	876	1	6	0	Dark	1	0	1	20	-1	-1	16384	greninjabond	1	0	0	0	0	-1	1	2	60	160	0	1	false	Move	0	psn	wikiberry	2	-1	1	0	0	foes:0:false|stat:6:def:false:true|stat:6:spd:false:true|stat:7:def:false:true|stat:7:spd:false:true|boost:atk=1:undefined:undefined:undefined:false:false	undefined	undefined	16384	16384	16384	-1	0
download	onStart	877	6	1	0	Bug	1	1	1	10	-1	0	0	greninjabond	0	1	0	1	0	-1	1	2	100	0	0	0	false	Ability	0	brn	aguavberry	2	0	-1	0	0	foes:0:false|stat:6:def:false:true|stat:6:spd:false:true|stat:7:def:false:true|stat:7:spd:false:true|boost:spa=1:undefined:undefined:undefined:false:false	undefined	false	0	0	0	-1	2
download	onStart	878	-1	1	70	Bug	1	1	1	20	-1	1	8	pikachu	0	0	0	0	1	1	1	1	0	100	0	0	0	Move	0	brn	aguavberry	0	0	99	1	0	foes:0:false|stat:6:def:false:true|stat:6:spd:false:true|boost:atk=1:undefined:undefined:undefined:false:false	undefined	true	8	8	8	1	2
download	onStart	879	1	1	70	Ghost	1	1	1	0	20	0	24576	greninjaash	0	1	0	1	1	1	1	1	100	100	1	0	undefined	missing	1	brn	leftovers	1	-1	-1	1	1	foes:0:false|stat:6:def:false:true|stat:6:spd:false:true|boost:spa=1:undefined:undefined:undefined:false:false	undefined	false	24576	24576	24576	1	2
download	onStart	880	6	0	40	Water	1	0	0	10	-1	-1	2048	greninjaash	1	1	0	0	0	1	0	2	100	0	1	0	true	Move	0	psn	figyberry	0	1	-1	0	1	foes:0:false|stat:6:def:false:true|stat:6:spd:false:true|stat:7:def:false:true|stat:7:spd:false:true|boost:spa=1:undefined:undefined:undefined:false:false	undefined	undefined	2048	2048	2048	1	0
download	onStart	881	-1	0	0	Bug	0	0	0	10	20	0	16384	greninjabond	0	1	0	1	0	-1	0	2	0	100	1	0	undefined	missing	0	psn	magoberry	0	1	99	1	0	foes:0:false|stat:6:def:false:true|stat:6:spd:false:true|stat:7:def:false:true|stat:7:spd:false:true|boost:atk=1:undefined:undefined:undefined:false:false	undefined	false	16384	16384	16384	-1	0
download	onStart	882	6	1	60	Fire	1	1	1	10	100	0	24576	pikachu	1	1	1	0	0	-1	0	2	60	100	0	1	true	Move	1	brn	figyberry	2	-1	0	0	0	foes:0:false|stat:6:def:false:true|stat:6:spd:false:true|stat:7:def:false:true|stat:7:spd:false:true|boost:atk=1:undefined:undefined:undefined:false:false	undefined	false	24576	24576	24576	-1	2
download	onStart	883	0	1	70	Fire	0	0	1	0	0	-1	8	greninjaash	1	1	1	1	1	6	0	2	100	100	1	1	null	missing	1	brn	sitrusberry	2	1	-1	0	0	foes:0:false|stat:6:def:false:true|stat:6:spd:false:true|stat:7:def:false:true|stat:7:spd:false:true|boost:spa=1:undefined:undefined:undefined:false:false	undefined	undefined	8	8	8	6	0
download	onStart	884	-1	1	61	Dark	1	1	1	10	-1	-1	16384	greninjabond	0	1	1	1	0	-1	1	2	0	160	1	0	null	Move	1	psn	aguavberry	2	0	99	0	1	foes:0:false|stat:6:def:false:true|stat:6:spd:false:true|stat:7:def:false:true|stat:7:spd:false:true|boost:atk=1:undefined:undefined:undefined:false:false	undefined	undefined	16384	16384	16384	-1	2
download	onStart	885	-1	1	0	Dark	0	0	1	20	-1	1	16384	pikachu	1	0	0	1	0	1	0	1	100	100	1	0	0	Move	1	psn	iapapaberry	1	-1	-1	0	0	foes:0:false|stat:6:def:false:true|stat:6:spd:false:true|boost:spa=1:undefined:undefined:undefined:false:false	undefined	true	16384	16384	16384	1	0
download	onStart	886	0	1	0	Water	1	0	1	20	0	0	16384	greninjaash	0	1	1	0	1	1	0	1	60	160	1	0	undefined	missing	0	psn	iapapaberry	0	-1	0	0	1	foes:0:false|stat:6:def:false:true|stat:6:spd:false:true|boost:atk=1:undefined:undefined:undefined:false:false	undefined	false	16384	16384	16384	1	0
download	onStart	887	6	0	0	Normal	1	1	0	20	-1	-1	8	greninjaash	0	1	1	1	1	0	1	1	0	100	1	1	null	Ability	1	brn	aguavberry	0	-1	0	0	0	foes:0:false|stat:6:def:false:true|stat:6:spd:false:true|boost:atk=1:undefined:undefined:undefined:false:false	undefined	undefined	8	8	8	0	2
download	onStart	888	-1	1	60	Normal	0	0	0	20	0	0	0	greninjaash	0	0	1	1	0	6	0	2	100	160	0	1	true	Move	0	psn	sitrusberry	0	-1	99	0	1	foes:0:false|stat:6:def:false:true|stat:6:spd:false:true|stat:7:def:false:true|stat:7:spd:false:true|boost:atk=1:undefined:undefined:undefined:false:false	undefined	false	0	0	0	6	0
download	onStart	889	-1	1	0	Bug	1	1	0	0	100	-1	0	pikachu	1	0	0	0	1	-1	1	2	0	0	1	0	null	Move	1	psn	aguavberry	0	-1	0	1	0	foes:0:false|stat:6:def:false:true|stat:6:spd:false:true|stat:7:def:false:true|stat:7:spd:false:true	undefined	undefined	0	0	0	-1	2
download	onStart	890	1	1	61	Fire	1	1	1	100	0	-1	8	greninjabond	1	0	1	0	0	1	1	0	0	160	0	1	false	missing	0	psn	iapapaberry	2	1	0	1	1	foes:0:false	undefined	undefined	8	8	8	1	2
download	onStart	891	6	0	0	Fire	1	0	0	10	-1	-1	8192	pikachu	1	1	0	1	0	-1	0	2	0	0	1	0	null	Move	1	psn	iapapaberry	0	-1	99	1	1	foes:0:false|stat:6:def:false:true|stat:6:spd:false:true|stat:7:def:false:true|stat:7:spd:false:true	undefined	undefined	8192	8192	8192	-1	0
download	onStart	892	1	0	60	Ghost	0	1	0	0	-1	-1	8192	greninjaash	1	1	1	0	0	6	0	1	60	0	0	1	0	missing	1	brn	wikiberry	2	-1	-1	0	1	foes:0:false|stat:6:def:false:true|stat:6:spd:false:true|boost:spa=1:undefined:undefined:undefined:false:false	undefined	undefined	8192	8192	8192	6	2
download	onStart	893	1	1	0	Ghost	1	1	0	0	-1	-1	8192	greninjaash	0	1	1	1	0	-1	1	0	0	0	1	1	null	Ability	0	psn	aguavberry	1	0	99	1	0	foes:0:false	undefined	undefined	8192	8192	8192	-1	2
download	onStart	894	6	6	61	Fire	1	0	0	20	100	0	16384	pikachu	0	1	1	0	0	6	1	2	100	160	1	0	0	missing	1	brn	magoberry	1	-1	99	1	1	foes:0:false|stat:6:def:false:true|stat:6:spd:false:true|stat:7:def:false:true|stat:7:spd:false:true|boost:atk=1:undefined:undefined:undefined:false:false	undefined	false	16384	16384	16384	6	0
download	onStart	895	6	0	70	Normal	1	1	0	10	0	-1	8	pikachu	1	1	0	0	0	-1	0	2	60	0	0	1	true	Move	0	psn	magoberry	0	0	1	1	1	foes:0:false|stat:6:def:false:true|stat:6:spd:false:true|stat:7:def:false:true|stat:7:spd:false:true|boost:spa=1:undefined:undefined:undefined:false:false	undefined	undefined	8	8	8	-1	2
download	onStart	896	-1	6	70	Bug	1	1	1	100	20	0	0	greninjaash	1	0	1	0	0	0	0	2	100	160	1	0	0	Move	1	psn	figyberry	2	1	1	0	0	foes:0:false|stat:6:def:false:true|stat:6:spd:false:true|stat:7:def:false:true|stat:7:spd:false:true|boost:atk=1:undefined:undefined:undefined:false:false	undefined	false	0	0	0	0	2
download	onStart	897	6	1	40	Ghost	1	0	0	0	-1	-1	24576	greninjaash	0	1	0	0	1	-1	0	0	60	100	1	0	0	Move	0	brn	magoberry	2	-1	1	1	0	foes:0:false	undefined	undefined	24576	24576	24576	-1	0
download	onStart	898	1	0	0	Normal	0	0	1	10	-1	-1	2048	greninjabond	0	0	0	0	1	0	1	2	0	0	1	1	null	missing	1	brn	iapapaberry	0	-1	0	0	1	foes:0:false|stat:6:def:false:true|stat:6:spd:false:true|stat:7:def:false:true|stat:7:spd:false:true	undefined	undefined	2048	2048	2048	0	0
download	onStart	899	1	6	0	Normal	1	0	0	20	-1	-1	24576	pikachu	1	1	1	0	1	0	0	1	60	100	0	0	null	missing	1	psn	sitrusberry	2	0	0	1	0	foes:0:false|stat:6:def:false:true|stat:6:spd:false:true|boost:atk=1:undefined:undefined:undefined:false:false	undefined	undefined	24576	24576	24576	0	0
download	onStart	900	-1	6	0	Normal	1	0	1	100	-1	0	24576	pikachu	1	0	0	1	0	6	0	2	60	160	1	0	true	Move	1	brn	magoberry	1	1	0	1	1	foes:0:false|stat:6:def:false:true|stat:6:spd:false:true|stat:7:def:false:true|stat:7:spd:false:true|boost:atk=1:undefined:undefined:undefined:false:false	undefined	false	24576	24576	24576	6	0
download	onStart	901	-1	1	60	Water	1	1	0	10	-1	-1	16384	greninjabond	1	0	1	0	1	1	1	1	0	0	1	1	0	missing	1	brn	iapapaberry	1	-1	99	1	0	foes:0:false|stat:6:def:false:true|stat:6:spd:false:true	undefined	undefined	16384	16384	16384	1	2
download	onStart	902	-1	0	40	Water	1	1	0	20	20	1	8192	greninjabond	0	0	1	0	1	6	1	0	60	100	1	0	true	Move	0	psn	figyberry	2	0	0	0	0	foes:0:false	undefined	true	8192	8192	8192	6	2
download	onStart	903	-1	0	61	Bug	0	1	1	100	20	-1	2048	pikachu	1	1	1	1	1	6	0	2	100	160	1	0	undefined	Move	0	psn	aguavberry	0	0	1	1	0	foes:0:false|stat:6:def:false:true|stat:6:spd:false:true|stat:7:def:false:true|stat:7:spd:false:true|boost:atk=1:undefined:undefined:undefined:false:false	undefined	undefined	2048	2048	2048	6	2
download	onStart	904	-1	0	40	Bug	0	1	0	0	0	0	8	greninjaash	1	1	0	1	0	1	1	2	100	100	1	1	true	missing	1	psn	iapapaberry	1	-1	0	0	0	foes:0:false|stat:6:def:false:true|stat:6:spd:false:true|stat:7:def:false:true|stat:7:spd:false:true|boost:spa=1:undefined:undefined:undefined:false:false	undefined	false	8	8	8	1	2
download	onStart	905	6	0	60	Bug	0	0	0	0	100	-1	2048	greninjaash	0	0	0	1	1	-1	0	1	100	0	0	1	true	Move	1	brn	magoberry	0	-1	-1	0	0	foes:0:false|stat:6:def:false:true|stat:6:spd:false:true|boost:spa=1:undefined:undefined:undefined:false:false	undefined	undefined	2048	2048	2048	-1	0
download	onStart	906	0	0	61	Ghost	0	0	0	100	20	-1	8	greninjabond	0	0	0	0	0	6	0	2	60	0	1	1	null	Move	1	psn	leftovers	2	-1	0	1	0	foes:0:false|stat:6:def:false:true|stat:6:spd:false:true|stat:7:def:false:true|stat:7:spd:false:true|boost:spa=1:undefined:undefined:undefined:false:false	undefined	undefined	8	8	8	6	0
download	onStart	907	0	6	60	Bug	1	0	1	20	20	-1	8192	greninjabond	0	1	0	0	1	1	0	0	100	100	1	1	0	missing	1	brn	sitrusberry	1	1	-1	0	1	foes:0:false	undefined	undefined	8192	8192	8192	1	0
download	onStart	908	1	1	61	Bug	0	0	0	20	20	0	24576	greninjaash	0	1	1	0	1	6	0	0	60	0	1	0	true	Ability	1	brn	wikiberry	0	0	1	1	0	foes:0:false	undefined	false	24576	24576	24576	6	0
download	onStart	909	0	0	70	Bug	0	0	0	100	0	1	8192	greninjabond	1	1	1	0	1	-1	0	0	0	100	1	0	0	Ability	0	brn	sitrusberry	2	-1	1	1	0	foes:0:false	undefined	true	8192	8192	8192	-1	0
download	onStart	910	0	6	70	Ghost	1	1	0	20	20	0	2048	pikachu	0	0	0	0	0	-1	0	1	0	160	0	0	undefined	missing	0	brn	sitrusberry	0	0	99	1	1	foes:0:false|stat:6:def:false:true|stat:6:spd:false:true|boost:atk=1:undefined:undefined:undefined:false:false	undefined	false	2048	2048	2048	-1	2
download	onStart	911	0	0	0	Dark	0	1	0	20	-1	1	2048	greninjabond	1	1	0	1	1	1	0	2	100	160	0	0	undefined	Ability	0	brn	wikiberry	0	1	99	0	1	foes:0:false|stat:6:def:false:true|stat:6:spd:false:true|stat:7:def:false:true|stat:7:spd:false:true|boost:atk=1:undefined:undefined:undefined:false:false	undefined	true	2048	2048	2048	1	2
download	onStart	912	-1	1	61	Water	1	0	0	10	20	1	24576	greninjaash	0	1	1	0	0	-1	1	0	0	100	0	1	undefined	Ability	1	psn	figyberry	0	-1	-1	0	1	foes:0:false	undefined	true	24576	24576	24576	-1	0
download	onStart	913	6	0	70	Bug	1	1	1	100	-1	-1	8192	greninjabond	1	1	1	1	0	-1	1	0	100	100	0	1	0	Move	0	psn	figyberry	2	0	1	0	0	foes:0:false	undefined	undefined	8192	8192	8192	-1	2
download	onStart	914	-1	6	40	Water	0	1	0	10	0	0	24576	greninjaash	0	1	0	0	1	1	1	0	60	160	1	1	0	Move	0	brn	wikiberry	1	-1	0	0	0	foes:0:false	undefined	false	24576	24576	24576	1	2
download	onStart	915	6	6	0	Fire	0	1	0	100	100	-1	8192	greninjabond	0	0	0	1	0	6	0	1	0	0	0	1	0	Ability	0	brn	leftovers	2	0	99	1	0	foes:0:false|stat:6:def:false:true|stat:6:spd:false:true	undefined	undefined	8192	8192	8192	6	2
download	onStart	916	0	6	0	Normal	1	1	0	20	20	1	8192	greninjaash	1	1	0	1	1	1	1	2	0	100	0	1	null	Ability	0	brn	aguavberry	2	-1	99	1	0	foes:0:false|stat:6:def:false:true|stat:6:spd:false:true|stat:7:def:false:true|stat:7:spd:false:true|boost:atk=1:undefined:undefined:undefined:false:false	undefined	true	8192	8192	8192	1	2
download	onStart	917	6	6	60	Dark	1	1	0	0	0	-1	2048	pikachu	0	0	1	1	1	1	1	0	100	0	1	0	null	Ability	0	psn	figyberry	1	0	1	0	0	foes:0:false	undefined	undefined	2048	2048	2048	1	2
download	onStart	918	1	1	0	Bug	0	1	1	20	-1	1	2048	pikachu	1	1	0	0	1	0	1	2	0	160	0	0	0	missing	1	psn	leftovers	0	1	0	0	1	foes:0:false|stat:6:def:false:true|stat:6:spd:false:true|stat:7:def:false:true|stat:7:spd:false:true|boost:atk=1:undefined:undefined:undefined:false:false	undefined	true	2048	2048	2048	0	2
download	onStart	919	0	0	61	Dark	0	1	1	0	0	-1	2048	greninjabond	0	1	0	0	0	0	0	2	60	160	1	1	false	Move	0	brn	leftovers	1	-1	99	1	0	foes:0:false|stat:6:def:false:true|stat:6:spd:false:true|stat:7:def:false:true|stat:7:spd:false:true|boost:atk=1:undefined:undefined:undefined:false:false	undefined	undefined	2048	2048	2048	0	2
download	onStart	920	-1	1	0	Bug	0	1	1	100	0	0	24576	pikachu	1	0	1	1	0	0	1	2	0	160	1	0	null	Ability	1	psn	aguavberry	2	0	99	1	1	foes:0:false|stat:6:def:false:true|stat:6:spd:false:true|stat:7:def:false:true|stat:7:spd:false:true|boost:atk=1:undefined:undefined:undefined:false:false	undefined	false	24576	24576	24576	0	2
download	onStart	921	1	1	70	Fire	1	0	1	100	20	0	0	greninjaash	0	0	1	1	0	-1	0	0	60	100	0	0	undefined	missing	0	brn	sitrusberry	0	1	99	0	0	foes:0:false	undefined	false	0	0	0	-1	0
download	onStart	922	6	1	70	Ghost	0	1	0	100	-1	0	2048	greninjabond	0	1	1	0	0	-1	1	2	60	0	0	0	false	Move	1	psn	iapapaberry	2	-1	1	0	1	foes:0:false|stat:6:def:false:true|stat:6:spd:false:true|stat:7:def:false:true|stat:7:spd:false:true|boost:spa=1:undefined:undefined:undefined:false:false	undefined	false	2048	2048	2048	-1	2
download	onStart	923	1	0	0	Dark	0	1	1	100	0	0	2048	greninjaash	0	0	1	0	1	-1	1	2	0	0	1	0	null	missing	0	psn	aguavberry	2	1	0	0	1	foes:0:false|stat:6:def:false:true|stat:6:spd:false:true|stat:7:def:false:true|stat:7:spd:false:true	undefined	false	2048	2048	2048	-1	2
download	onStart	924	6	1	40	Normal	1	1	1	10	20	0	16384	greninjaash	0	0	0	0	1	1	1	1	0	160	1	0	true	Ability	0	brn	aguavberry	2	0	-1	1	1	foes:0:false|stat:6:def:false:true|stat:6:spd:false:true|boost:atk=1:undefined:undefined:undefined:false:false	undefined	false	16384	16384	16384	1	2
download	onStart	925	0	0	61	Ghost	1	0	0	20	0	1	2048	greninjabond	1	1	1	1	0	-1	0	1	0	160	0	0	true	Move	1	psn	aguavberry	1	0	0	0	0	foes:0:false|stat:6:def:false:true|stat:6:spd:false:true|boost:atk=1:undefined:undefined:undefined:false:false	undefined	true	2048	2048	2048	-1	0
download	onStart	926	6	1	70	Dark	0	0	1	20	0	-1	8192	pikachu	1	1	0	0	0	0	1	1	100	0	0	0	0	missing	0	brn	figyberry	2	-1	99	0	0	foes:0:false|stat:6:def:false:true|stat:6:spd:false:true|boost:spa=1:undefined:undefined:undefined:false:false	undefined	undefined	8192	8192	8192	0	0
download	onStart	927	1	1	0	Normal	1	1	0	100	20	1	0	greninjaash	0	1	1	0	1	-1	0	1	0	160	0	0	true	Ability	0	brn	iapapaberry	1	0	-1	1	1	foes:0:false|stat:6:def:false:true|stat:6:spd:false:true|boost:atk=1:undefined:undefined:undefined:false:false	undefined	true	0	0	0	-1	2
download	onStart	928	-1	0	61	Normal	0	1	0	0	100	-1	8	pikachu	0	0	0	0	1	6	0	2	0	160	1	1	0	missing	0	psn	aguavberry	1	0	1	1	1	foes:0:false|stat:6:def:false:true|stat:6:spd:false:true|stat:7:def:false:true|stat:7:spd:false:true|boost:atk=1:undefined:undefined:undefined:false:false	undefined	undefined	8	8	8	6	2
download	onStart	929	1	1	0	Fire	0	1	1	20	0	0	16384	pikachu	0	1	1	0	0	-1	1	2	60	0	0	0	null	missing	1	brn	sitrusberry	1	1	0	1	0	foes:0:false|stat:6:def:false:true|stat:6:spd:false:true|stat:7:def:false:true|stat:7:spd:false:true|boost:spa=1:undefined:undefined:undefined:false:false	undefined	false	16384	16384	16384	-1	2
download	onStart	930	1	1	0	Bug	0	0	1	20	20	1	8	greninjabond	0	0	1	1	0	6	0	2	100	0	0	0	false	Ability	0	brn	aguavberry	2	-1	1	1	0	foes:0:false|stat:6:def:false:true|stat:6:spd:false:true|stat:7:def:false:true|stat:7:spd:false:true|boost:spa=1:undefined:undefined:undefined:false:false	undefined	true	8	8	8	6	0
download	onStart	931	0	0	0	Fire	0	1	0	0	0	1	2048	pikachu	0	0	0	0	0	0	1	0	100	100	1	0	undefined	Ability	0	psn	figyberry	2	0	-1	0	0	foes:0:false	undefined	true	2048	2048	2048	0	2
download	onStart	932	0	0	60	Water	0	0	0	0	20	1	2048	greninjabond	1	0	1	1	1	0	1	2	100	0	1	1	undefined	Ability	0	brn	iapapaberry	0	-1	0	1	1	foes:0:false|stat:6:def:false:true|stat:6:spd:false:true|stat:7:def:false:true|stat:7:spd:false:true|boost:spa=1:undefined:undefined:undefined:false:false	undefined	true	2048	2048	2048	0	0
download	onStart	933	1	1	0	Normal	0	1	1	0	100	-1	8	greninjaash	1	0	0	0	0	1	1	1	0	160	0	1	null	Move	0	brn	leftovers	0	0	0	0	0	foes:0:false|stat:6:def:false:true|stat:6:spd:false:true|boost:atk=1:undefined:undefined:undefined:false:false	undefined	undefined	8	8	8	1	2
download	onStart	934	-1	6	61	Normal	0	0	1	20	100	0	2048	greninjaash	1	0	1	0	0	1	0	0	100	100	1	0	true	Ability	0	psn	sitrusberry	1	0	0	1	0	foes:0:false	undefined	false	2048	2048	2048	1	0
download	onStart	935	6	1	70	Water	1	1	1	20	-1	-1	16384	pikachu	0	1	0	1	1	6	0	2	60	0	0	0	true	Move	1	psn	sitrusberry	1	1	-1	0	0	foes:0:false|stat:6:def:false:true|stat:6:spd:false:true|stat:7:def:false:true|stat:7:spd:false:true|boost:spa=1:undefined:undefined:undefined:false:false	undefined	undefined	16384	16384	16384	6	2
download	onStart	936	0	1	70	Bug	1	0	0	10	-1	-1	2048	greninjaash	1	1	1	1	1	0	0	1	100	0	0	0	null	Move	0	psn	figyberry	2	-1	0	1	0	foes:0:false|stat:6:def:false:true|stat:6:spd:false:true|boost:spa=1:undefined:undefined:undefined:false:false	undefined	undefined	2048	2048	2048	0	0
download	onStart	937	1	1	61	Water	1	0	1	20	20	-1	24576	greninjabond	1	0	1	0	1	-1	0	2	60	0	0	1	undefined	Move	0	psn	wikiberry	2	1	1	1	1	foes:0:false|stat:6:def:false:true|stat:6:spd:false:true|stat:7:def:false:true|stat:7:spd:false:true|boost:spa=1:undefined:undefined:undefined:false:false	undefined	undefined	24576	24576	24576	-1	0
download	onStart	938	1	0	61	Ghost	0	0	1	0	100	0	16384	greninjaash	1	0	1	1	1	1	1	1	0	160	0	0	true	Move	0	brn	magoberry	1	-1	1	0	0	foes:0:false|stat:6:def:false:true|stat:6:spd:false:true|boost:atk=1:undefined:undefined:undefined:false:false	undefined	false	16384	16384	16384	1	0
download	onStart	939	-1	6	40	Water	1	1	0	0	-1	1	16384	greninjaash	1	0	1	1	0	1	1	1	60	100	0	1	true	missing	0	brn	wikiberry	0	0	1	1	1	foes:0:false|stat:6:def:false:true|stat:6:spd:false:true|boost:atk=1:undefined:undefined:undefined:false:false	undefined	true	16384	16384	16384	1	2
download	onStart	940	6	0	40	Water	1	0	0	100	20	-1	16384	pikachu	1	1	0	0	1	0	0	2	100	160	0	0	true	missing	1	brn	sitrusberry	2	0	1	0	0	foes:0:false|stat:6:def:false:true|stat:6:spd:false:true|stat:7:def:false:true|stat:7:spd:false:true|boost:atk=1:undefined:undefined:undefined:false:false	undefined	undefined	16384	16384	16384	0	0
download	onStart	941	-1	0	70	Ghost	1	0	1	10	100	0	0	greninjaash	0	1	0	0	0	-1	0	2	0	0	0	1	0	missing	1	brn	figyberry	0	0	-1	1	0	foes:0:false|stat:6:def:false:true|stat:6:spd:false:true|stat:7:def:false:true|stat:7:spd:false:true	undefined	false	0	0	0	-1	0
download	onStart	942	1	0	60	Fire	0	1	0	20	20	0	0	pikachu	1	0	1	0	1	1	1	1	100	100	1	0	null	missing	1	psn	magoberry	0	-1	99	0	1	foes:0:false|stat:6:def:false:true|stat:6:spd:false:true|boost:spa=1:undefined:undefined:undefined:false:false	undefined	false	0	0	0	1	2
download	onStart	943	6	1	70	Ghost	1	1	1	0	0	-1	8192	greninjaash	0	1	1	1	0	1	1	0	0	160	1	1	false	Ability	1	psn	iapapaberry	1	-1	0	1	1	foes:0:false	undefined	undefined	8192	8192	8192	1	2
download	onStart	944	0	1	61	Water	0	0	1	20	100	-1	2048	pikachu	1	0	1	0	1	1	0	0	100	160	1	1	undefined	Ability	0	psn	sitrusberry	2	1	-1	1	0	foes:0:false	undefined	undefined	2048	2048	2048	1	0
download	onStart	945	0	0	0	Normal	1	1	1	10	100	0	16384	greninjaash	0	1	1	1	1	0	0	1	100	100	0	1	undefined	Ability	1	psn	magoberry	1	-1	-1	1	1	foes:0:false|stat:6:def:false:true|stat:6:spd:false:true|boost:spa=1:undefined:undefined:undefined:false:false	undefined	false	16384	16384	16384	0	2
download	onStart	946	0	0	0	Normal	1	0	1	20	0	0	2048	greninjaash	1	1	1	1	0	-1	0	2	60	160	1	0	false	missing	1	psn	iapapaberry	1	-1	1	1	1	foes:0:false|stat:6:def:false:true|stat:6:spd:false:true|stat:7:def:false:true|stat:7:spd:false:true|boost:atk=1:undefined:undefined:undefined:false:false	undefined	false	2048	2048	2048	-1	0
download	onStart	947	1	6	60	Water	1	1	1	10	20	0	16384	greninjaash	1	0	0	1	1	6	1	1	60	100	1	1	false	missing	0	brn	leftovers	1	0	0	0	0	foes:0:false|stat:6:def:false:true|stat:6:spd:false:true|boost:atk=1:undefined:undefined:undefined:false:false	undefined	false	16384	16384	16384	6	2
download	onStart	948	0	1	0	Bug	0	1	1	20	100	-1	8192	greninjaash	0	1	0	1	0	-1	0	2	100	100	1	1	undefined	Move	1	brn	iapapaberry	0	-1	99	0	0	foes:0:false|stat:6:def:false:true|stat:6:spd:false:true|stat:7:def:false:true|stat:7:spd:false:true|boost:spa=1:undefined:undefined:undefined:false:false	undefined	undefined	8192	8192	8192	-1	2
download	onStart	949	1	1	0	Fire	1	1	1	100	100	0	24576	greninjaash	1	0	0	1	1	1	0	1	100	0	0	0	null	missing	0	psn	wikiberry	0	0	-1	1	0	foes:0:false|stat:6:def:false:true|stat:6:spd:false:true|boost:spa=1:undefined:undefined:undefined:false:false	undefined	false	24576	24576	24576	1	2
download	onStart	950	6	6	70	Bug	0	1	0	20	-1	0	8192	greninjaash	1	0	1	0	0	6	1	2	60	0	1	0	false	missing	0	brn	magoberry	2	0	0	1	1	foes:0:false|stat:6:def:false:true|stat:6:spd:false:true|stat:7:def:false:true|stat:7:spd:false:true|boost:spa=1:undefined:undefined:undefined:false:false	undefined	false	8192	8192	8192	6	2
download	onStart	951	-1	6	61	Ghost	0	1	0	100	20	1	8	greninjaash	1	1	0	0	1	0	1	0	0	0	0	1	undefined	Ability	1	brn	wikiberry	2	-1	1	1	0	foes:0:false	undefined	true	8	8	8	0	2
download	onStart	952	0	0	60	Normal	1	1	0	100	-1	0	16384	pikachu	0	0	0	1	1	-1	1	2	0	0	1	0	null	missing	1	brn	iapapaberry	0	0	99	1	1	foes:0:false|stat:6:def:false:true|stat:6:spd:false:true|stat:7:def:false:true|stat:7:spd:false:true	undefined	false	16384	16384	16384	-1	2
download	onStart	953	0	6	60	Dark	0	0	1	10	-1	1	24576	pikachu	1	0	0	1	1	0	1	2	100	100	1	1	undefined	Ability	0	brn	figyberry	0	-1	0	1	1	foes:0:false|stat:6:def:false:true|stat:6:spd:false:true|stat:7:def:false:true|stat:7:spd:false:true|boost:spa=1:undefined:undefined:undefined:false:false	undefined	true	24576	24576	24576	0	0
download	onStart	954	-1	6	61	Ghost	1	1	0	0	20	-1	8192	pikachu	1	1	0	1	1	6	0	1	100	160	1	0	null	Ability	0	brn	iapapaberry	2	-1	1	0	1	foes:0:false|stat:6:def:false:true|stat:6:spd:false:true|boost:atk=1:undefined:undefined:undefined:false:false	undefined	undefined	8192	8192	8192	6	2
download	onStart	955	0	1	40	Dark	1	1	0	10	20	1	2048	greninjabond	1	0	0	0	0	-1	1	1	0	160	0	0	false	Ability	1	brn	sitrusberry	1	0	99	0	1	foes:0:false|stat:6:def:false:true|stat:6:spd:false:true|boost:atk=1:undefined:undefined:undefined:false:false	undefined	true	2048	2048	2048	-1	2
download	onStart	956	-1	6	40	Normal	1	0	0	10	100	1	24576	greninjabond	1	0	1	0	0	-1	0	0	100	100	1	0	true	missing	1	brn	sitrusberry	0	0	-1	0	1	foes:0:false	undefined	true	24576	24576	24576	-1	0
download	onStart	957	6	0	61	Normal	0	0	1	0	20	0	2048	greninjaash	1	1	0	1	1	-1	1	2	100	160	0	0	0	Move	1	brn	sitrusberry	1	0	-1	1	0	foes:0:false|stat:6:def:false:true|stat:6:spd:false:true|stat:7:def:false:true|stat:7:spd:false:true|boost:atk=1:undefined:undefined:undefined:false:false	undefined	false	2048	2048	2048	-1	0
download	onStart	958	-1	1	70	Fire	0	0	0	20	-1	0	16384	greninjabond	0	1	1	0	1	6	0	1	60	0	0	0	null	missing	0	psn	iapapaberry	2	-1	99	0	0	foes:0:false|stat:6:def:false:true|stat:6:spd:false:true|boost:spa=1:undefined:undefined:undefined:false:false	undefined	false	16384	16384	16384	6	0
download	onStart	959	0	0	60	Fire	0	1	1	10	-1	1	8192	greninjabond	1	1	0	1	1	-1	1	0	0	160	1	0	false	Ability	1	brn	figyberry	1	1	1	0	1	foes:0:false	undefined	true	8192	8192	8192	-1	2
download	onStart	960	0	1	61	Normal	0	1	0	0	100	1	24576	pikachu	1	1	1	0	1	0	1	0	0	0	0	1	true	Move	1	brn	iapapaberry	0	-1	1	0	1	foes:0:false	undefined	true	24576	24576	24576	0	2
download	onStart	961	0	6	61	Bug	1	1	0	10	100	1	16384	pikachu	1	0	0	0	1	0	0	0	0	0	1	0	undefined	missing	0	brn	aguavberry	0	1	99	0	1	foes:0:false	undefined	true	16384	16384	16384	0	2
download	onStart	962	6	1	40	Normal	1	1	0	20	100	1	16384	greninjabond	1	0	0	1	0	0	1	2	60	100	1	0	undefined	Move	0	psn	sitrusberry	0	1	1	0	0	foes:0:false|stat:6:def:false:true|stat:6:spd:false:true|stat:7:def:false:true|stat:7:spd:false:true|boost:atk=1:undefined:undefined:undefined:false:false	undefined	true	16384	16384	16384	0	2
download	onStart	963	-1	6	40	Dark	0	1	1	20	100	0	24576	pikachu	0	0	1	0	0	0	0	0	60	160	1	1	null	missing	1	psn	magoberry	2	1	1	1	0	foes:0:false	undefined	false	24576	24576	24576	0	2
download	onStart	964	1	6	40	Water	0	0	0	0	100	1	24576	greninjabond	0	0	0	1	0	6	1	0	60	0	0	1	false	missing	0	brn	wikiberry	0	-1	0	0	1	foes:0:false	undefined	true	24576	24576	24576	6	0
download	onStart	965	0	6	40	Normal	1	1	1	20	20	-1	8192	pikachu	0	1	0	1	1	1	0	0	0	160	0	1	false	missing	1	brn	sitrusberry	0	-1	99	1	0	foes:0:false	undefined	undefined	8192	8192	8192	1	2
download	onStart	966	0	6	0	Bug	1	0	1	20	0	0	0	greninjabond	0	1	0	0	0	-1	1	2	60	100	0	0	undefined	missing	1	brn	leftovers	1	1	0	0	1	foes:0:false|stat:6:def:false:true|stat:6:spd:false:true|stat:7:def:false:true|stat:7:spd:false:true|boost:atk=1:undefined:undefined:undefined:false:false	undefined	false	0	0	0	-1	0
download	onStart	967	0	6	61	Bug	0	1	0	0	0	-1	8192	greninjaash	1	1	1	1	0	6	1	2	60	0	0	0	null	missing	1	psn	magoberry	1	0	99	1	0	foes:0:false|stat:6:def:false:true|stat:6:spd:false:true|stat:7:def:false:true|stat:7:spd:false:true|boost:spa=1:undefined:undefined:undefined:false:false	undefined	undefined	8192	8192	8192	6	2
download	onStart	968	0	0	0	Dark	0	0	1	10	-1	-1	8192	greninjaash	0	1	0	1	0	6	1	1	0	0	1	0	0	Move	1	brn	aguavberry	1	0	1	0	0	foes:0:false|stat:6:def:false:true|stat:6:spd:false:true	undefined	undefined	8192	8192	8192	6	0
download	onStart	969	0	0	40	Water	0	0	0	0	0	0	16384	greninjabond	0	1	0	0	0	0	1	1	0	160	1	0	false	Move	1	psn	magoberry	0	0	-1	0	1	foes:0:false|stat:6:def:false:true|stat:6:spd:false:true|boost:atk=1:undefined:undefined:undefined:false:false	undefined	false	16384	16384	16384	0	0
download	onStart	970	1	6	60	Ghost	1	0	0	0	0	-1	16384	greninjabond	1	0	0	1	0	-1	0	1	0	100	0	0	false	Move	1	brn	figyberry	2	1	1	1	0	foes:0:false|stat:6:def:false:true|stat:6:spd:false:true|boost:atk=1:undefined:undefined:undefined:false:false	undefined	undefined	16384	16384	16384	-1	0
download	onStart	971	1	6	61	Bug	0	1	0	100	0	1	24576	greninjaash	0	0	0	1	1	1	0	2	0	160	0	1	0	Ability	1	psn	wikiberry	1	0	-1	0	1	foes:0:false|stat:6:def:false:true|stat:6:spd:false:true|stat:7:def:false:true|stat:7:spd:false:true|boost:atk=1:undefined:undefined:undefined:false:false	undefined	true	24576	24576	24576	1	2
download	onStart	972	-1	0	0	Water	0	1	1	100	100	0	2048	pikachu	1	1	0	0	0	6	1	0	60	160	1	0	false	Ability	0	brn	wikiberry	1	1	99	0	1	foes:0:false	undefined	false	2048	2048	2048	6	2
download	onStart	973	6	0	70	Dark	1	0	1	100	20	0	24576	greninjabond	1	0	1	0	1	-1	1	2	100	100	1	1	undefined	Move	0	psn	wikiberry	1	1	99	0	0	foes:0:false|stat:6:def:false:true|stat:6:spd:false:true|stat:7:def:false:true|stat:7:spd:false:true|boost:spa=1:undefined:undefined:undefined:false:false	undefined	false	24576	24576	24576	-1	0
download	onStart	974	1	0	70	Fire	1	0	1	20	100	-1	24576	pikachu	0	0	0	0	0	0	1	0	0	160	0	0	0	missing	0	psn	wikiberry	0	0	99	1	1	foes:0:false	undefined	undefined	24576	24576	24576	0	0
download	onStart	975	1	6	40	Water	1	1	1	20	20	1	8192	greninjaash	0	0	0	0	1	1	1	1	60	100	0	1	true	Ability	1	psn	sitrusberry	0	0	99	0	1	foes:0:false|stat:6:def:false:true|stat:6:spd:false:true|boost:atk=1:undefined:undefined:undefined:false:false	undefined	true	8192	8192	8192	1	2
download	onStart	976	1	0	61	Ghost	1	1	0	20	0	0	24576	pikachu	1	0	0	1	0	-1	1	2	100	0	0	1	null	Move	0	brn	magoberry	2	-1	0	0	0	foes:0:false|stat:6:def:false:true|stat:6:spd:false:true|stat:7:def:false:true|stat:7:spd:false:true|boost:spa=1:undefined:undefined:undefined:false:false	undefined	false	24576	24576	24576	-1	2
download	onStart	977	-1	0	60	Ghost	0	1	0	0	20	-1	8	greninjaash	1	0	0	1	0	0	0	2	60	160	1	1	true	Ability	0	psn	magoberry	1	1	1	0	1	foes:0:false|stat:6:def:false:true|stat:6:spd:false:true|stat:7:def:false:true|stat:7:spd:false:true|boost:atk=1:undefined:undefined:undefined:false:false	undefined	undefined	8	8	8	0	2
download	onStart	978	1	0	61	Bug	1	0	1	20	-1	0	8192	greninjaash	0	0	1	1	1	1	0	1	0	0	0	0	false	Ability	0	psn	figyberry	1	-1	1	0	1	foes:0:false|stat:6:def:false:true|stat:6:spd:false:true	undefined	false	8192	8192	8192	1	0
download	onStart	979	0	1	0	Water	0	1	1	100	0	-1	24576	pikachu	0	0	1	1	0	6	0	2	0	0	0	0	false	Ability	1	brn	magoberry	1	1	99	0	0	foes:0:false|stat:6:def:false:true|stat:6:spd:false:true|stat:7:def:false:true|stat:7:spd:false:true	undefined	undefined	24576	24576	24576	6	2
download	onStart	980	1	0	40	Water	1	1	0	20	100	-1	16384	pikachu	0	0	1	0	0	6	1	2	100	100	1	1	true	Move	0	brn	iapapaberry	2	0	-1	1	0	foes:0:false|stat:6:def:false:true|stat:6:spd:false:true|stat:7:def:false:true|stat:7:spd:false:true|boost:spa=1:undefined:undefined:undefined:false:false	undefined	undefined	16384	16384	16384	6	2
download	onStart	981	0	0	0	Ghost	0	1	0	10	-1	1	2048	pikachu	1	1	1	0	0	1	0	0	60	0	1	1	0	Ability	1	psn	leftovers	1	1	1	0	0	foes:0:false	undefined	true	2048	2048	2048	1	2
download	onStart	982	-1	1	70	Bug	1	1	1	20	20	-1	0	greninjaash	0	0	0	0	1	0	0	2	100	0	1	0	false	Move	0	brn	sitrusberry	1	1	1	0	0	foes:0:false|stat:6:def:false:true|stat:6:spd:false:true|stat:7:def:false:true|stat:7:spd:false:true|boost:spa=1:undefined:undefined:undefined:false:false	undefined	undefined	0	0	0	0	2
download	onStart	983	6	0	0	Dark	1	0	1	10	-1	-1	24576	pikachu	0	0	1	0	0	0	0	0	60	160	1	0	undefined	missing	0	psn	iapapaberry	0	-1	-1	0	1	foes:0:false	undefined	undefined	24576	24576	24576	0	0
download	onStart	984	1	1	61	Ghost	0	1	1	100	20	0	16384	pikachu	1	0	1	0	0	1	0	2	0	0	0	0	null	Move	0	brn	iapapaberry	2	1	-1	0	1	foes:0:false|stat:6:def:false:true|stat:6:spd:false:true|stat:7:def:false:true|stat:7:spd:false:true	undefined	false	16384	16384	16384	1	2
download	onStart	985	-1	1	70	Dark	1	0	0	100	0	-1	16384	greninjaash	1	1	0	1	0	0	0	2	100	0	1	1	true	Ability	1	brn	sitrusberry	2	1	-1	1	1	foes:0:false|stat:6:def:false:true|stat:6:spd:false:true|stat:7:def:false:true|stat:7:spd:false:true|boost:spa=1:undefined:undefined:undefined:false:false	undefined	undefined	16384	16384	16384	0	0
download	onStart	986	0	0	40	Ghost	0	1	1	0	20	-1	0	greninjaash	0	1	1	1	0	0	1	2	0	0	0	0	true	Ability	0	brn	magoberry	2	-1	1	1	1	foes:0:false|stat:6:def:false:true|stat:6:spd:false:true|stat:7:def:false:true|stat:7:spd:false:true	undefined	undefined	0	0	0	0	2
download	onStart	987	-1	6	0	Ghost	1	1	1	0	-1	1	8	greninjabond	1	0	0	0	0	-1	0	2	100	100	1	0	0	Move	1	brn	aguavberry	1	1	1	1	0	foes:0:false|stat:6:def:false:true|stat:6:spd:false:true|stat:7:def:false:true|stat:7:spd:false:true|boost:spa=1:undefined:undefined:undefined:false:false	undefined	true	8	8	8	-1	2
download	onStart	988	-1	0	40	Bug	0	0	0	10	100	1	2048	greninjaash	0	0	0	1	1	1	1	1	60	0	0	0	0	missing	1	brn	figyberry	0	-1	0	1	0	foes:0:false|stat:6:def:false:true|stat:6:spd:false:true|boost:spa=1:undefined:undefined:undefined:false:false	undefined	true	2048	2048	2048	1	0
download	onStart	989	1	0	70	Normal	1	0	0	100	-1	-1	8192	pikachu	0	0	1	1	0	-1	0	0	100	100	1	0	null	Ability	0	brn	leftovers	1	1	1	0	0	foes:0:false	undefined	undefined	8192	8192	8192	-1	0
download	onStart	990	0	0	60	Fire	1	1	0	20	-1	-1	0	greninjaash	0	1	1	1	0	1	1	0	60	160	1	1	false	Move	1	psn	sitrusberry	0	-1	-1	1	0	foes:0:false	undefined	undefined	0	0	0	1	2
download	onStart	991	-1	1	60	Dark	1	0	0	0	0	0	0	pikachu	0	0	0	1	0	0	0	1	60	160	0	0	0	Ability	0	brn	wikiberry	2	0	-1	1	0	foes:0:false|stat:6:def:false:true|stat:6:spd:false:true|boost:atk=1:undefined:undefined:undefined:false:false	undefined	false	0	0	0	0	0
download	onStart	992	1	0	60	Fire	1	0	1	0	0	-1	16384	greninjabond	0	1	0	1	0	6	0	2	0	0	1	1	0	Ability	0	brn	figyberry	2	-1	99	0	1	foes:0:false|stat:6:def:false:true|stat:6:spd:false:true|stat:7:def:false:true|stat:7:spd:false:true	undefined	undefined	16384	16384	16384	6	0
download	onStart	993	-1	0	40	Bug	0	1	0	100	-1	-1	8192	greninjabond	0	0	1	1	1	0	1	2	0	100	0	0	undefined	missing	0	psn	magoberry	1	-1	0	1	1	foes:0:false|stat:6:def:false:true|stat:6:spd:false:true|stat:7:def:false:true|stat:7:spd:false:true|boost:atk=1:undefined:undefined:undefined:false:false	undefined	undefined	8192	8192	8192	0	2
download	onStart	994	-1	0	61	Water	0	1	1	20	100	0	16384	greninjabond	0	1	1	1	1	6	0	0	60	160	1	0	false	Ability	1	psn	aguavberry	0	1	1	0	0	foes:0:false	undefined	false	16384	16384	16384	6	2
download	onStart	995	1	1	0	Ghost	1	1	0	0	20	0	8	greninjaash	1	0	1	1	1	1	0	0	0	160	0	1	0	Move	1	psn	aguavberry	1	-1	-1	0	1	foes:0:false	undefined	false	8	8	8	1	2
download	onStart	996	6	1	0	Normal	1	0	1	0	0	0	24576	pikachu	1	1	0	0	1	1	0	2	100	100	1	1	null	Ability	1	brn	figyberry	2	0	1	1	1	foes:0:false|stat:6:def:false:true|stat:6:spd:false:true|stat:7:def:false:true|stat:7:spd:false:true|boost:spa=1:undefined:undefined:undefined:false:false	undefined	false	24576	24576	24576	1	0
download	onStart	997	-1	6	40	Fire	1	1	0	0	-1	-1	0	greninjaash	1	1	1	1	0	1	1	2	60	0	1	0	undefined	Move	1	brn	aguavberry	1	0	0	1	1	foes:0:false|stat:6:def:false:true|stat:6:spd:false:true|stat:7:def:false:true|stat:7:spd:false:true|boost:spa=1:undefined:undefined:undefined:false:false	undefined	undefined	0	0	0	1	2
download	onStart	998	1	0	0	Normal	1	0	0	100	-1	0	24576	greninjaash	0	1	1	1	1	1	0	1	60	0	1	1	null	Ability	0	brn	sitrusberry	2	-1	1	0	1	foes:0:false|stat:6:def:false:true|stat:6:spd:false:true|boost:spa=1:undefined:undefined:undefined:false:false	undefined	false	24576	24576	24576	1	0
download	onStart	999	-1	0	61	Water	1	0	1	20	100	1	2048	greninjaash	1	0	0	1	1	-1	0	2	100	0	1	1	false	Ability	0	brn	wikiberry	2	-1	0	0	1	foes:0:false|stat:6:def:false:true|stat:6:spd:false:true|stat:7:def:false:true|stat:7:spd:false:true|boost:spa=1:undefined:undefined:undefined:false:false	undefined	true	2048	2048	2048	-1	0
download	onStart	1000	1	6	61	Ghost	0	0	0	10	20	1	16384	greninjabond	1	1	0	0	0	0	0	1	0	160	0	0	undefined	Ability	1	brn	leftovers	1	1	1	1	1	foes:0:false|stat:6:def:false:true|stat:6:spd:false:true|boost:atk=1:undefined:undefined:undefined:false:false	undefined	true	16384	16384	16384	0	0
download	onStart	1001	6	1	40	Normal	0	0	1	20	100	-1	2048	greninjaash	1	1	1	0	1	0	0	0	60	100	0	0	true	missing	1	psn	wikiberry	2	-1	99	1	1	foes:0:false	undefined	undefined	2048	2048	2048	0	0
download	onStart	1002	6	1	60	Ghost	0	0	0	0	-1	-1	24576	greninjaash	0	0	0	1	0	1	0	2	0	160	1	0	null	Move	0	brn	leftovers	0	1	1	1	1	foes:0:false|stat:6:def:false:true|stat:6:spd:false:true|stat:7:def:false:true|stat:7:spd:false:true|boost:atk=1:undefined:undefined:undefined:false:false	undefined	undefined	24576	24576	24576	1	0
download	onStart	1003	0	1	61	Fire	1	1	1	10	20	1	24576	pikachu	1	0	1	1	0	6	1	1	60	0	1	1	false	Ability	0	psn	figyberry	1	1	99	0	0	foes:0:false|stat:6:def:false:true|stat:6:spd:false:true|boost:spa=1:undefined:undefined:undefined:false:false	undefined	true	24576	24576	24576	6	2
download	onStart	1004	0	1	0	Bug	0	1	0	100	0	-1	8192	pikachu	0	1	1	1	1	0	0	0	0	160	1	0	true	missing	1	brn	aguavberry	0	0	99	1	1	foes:0:false	undefined	undefined	8192	8192	8192	0	2
download	onStart	1005	1	0	61	Fire	0	0	0	20	0	-1	8192	pikachu	1	0	1	0	1	0	0	1	100	0	1	1	0	missing	1	psn	sitrusberry	1	0	0	1	1	foes:0:false|stat:6:def:false:true|stat:6:spd:false:true|boost:spa=1:undefined:undefined:undefined:false:false	undefined	undefined	8192	8192	8192	0	0
download	onStart	1006	6	1	61	Dark	0	0	0	100	0	-1	16384	pikachu	1	1	1	1	0	6	0	0	60	0	1	1	undefined	Ability	1	psn	wikiberry	0	-1	-1	0	1	foes:0:false	undefined	undefined	16384	16384	16384	6	0
download	onStart	1007	0	0	0	Normal	0	0	0	10	-1	-1	2048	greninjabond	1	0	1	0	0	6	0	1	60	160	0	1	null	Move	0	psn	iapapaberry	1	-1	0	0	0	foes:0:false|stat:6:def:false:true|stat:6:spd:false:true|boost:atk=1:undefined:undefined:undefined:false:false	undefined	undefined	2048	2048	2048	6	0
download	onStart	1008	1	6	40	Ghost	0	1	1	20	0	-1	24576	greninjaash	0	0	1	1	1	6	1	2	60	0	0	1	null	missing	1	brn	iapapaberry	1	-1	0	1	0	foes:0:false|stat:6:def:false:true|stat:6:spd:false:true|stat:7:def:false:true|stat:7:spd:false:true|boost:spa=1:undefined:undefined:undefined:false:false	undefined	undefined	24576	24576	24576	6	2
download	onStart	1009	6	0	60	Dark	1	1	1	20	-1	0	8192	pikachu	1	0	1	0	1	0	1	2	0	100	0	1	undefined	missing	1	brn	figyberry	2	1	-1	0	1	foes:0:false|stat:6:def:false:true|stat:6:spd:false:true|stat:7:def:false:true|stat:7:spd:false:true|boost:atk=1:undefined:undefined:undefined:false:false	undefined	false	8192	8192	8192	0	2
download	onStart	1010	1	0	60	Normal	0	0	0	20	20	1	0	greninjaash	0	0	0	1	1	0	1	2	100	0	1	0	false	Move	0	psn	figyberry	1	0	1	1	1	foes:0:false|stat:6:def:false:true|stat:6:spd:false:true|stat:7:def:false:true|stat:7:spd:false:true|boost:spa=1:undefined:undefined:undefined:false:false	undefined	true	0	0	0	0	0
download	onStart	1011	-1	6	61	Bug	1	1	0	10	100	1	0	greninjabond	0	0	0	0	0	-1	1	2	60	160	0	0	0	Ability	0	psn	leftovers	2	-1	0	1	1	foes:0:false|stat:6:def:false:true|stat:6:spd:false:true|stat:7:def:false:true|stat:7:spd:false:true|boost:atk=1:undefined:undefined:undefined:false:false	undefined	true	0	0	0	-1	2
download	onStart	1012	6	0	70	Normal	0	0	0	20	0	0	24576	greninjaash	1	0	0	0	1	0	0	1	60	160	0	1	null	Ability	0	brn	sitrusberry	0	0	-1	1	0	foes:0:false|stat:6:def:false:true|stat:6:spd:false:true|boost:atk=1:undefined:undefined:undefined:false:false	undefined	false	24576	24576	24576	0	0
download	onStart	1013	6	0	70	Water	1	1	0	100	0	0	24576	greninjaash	0	1	1	0	1	6	1	1	60	100	0	1	undefined	missing	0	brn	magoberry	1	0	0	1	1	foes:0:false|stat:6:def:false:true|stat:6:spd:false:true|boost:atk=1:undefined:undefined:undefined:false:false	undefined	false	24576	24576	24576	6	2
download	onStart	1014	-1	1	61	Ghost	0	1	0	100	100	1	24576	pikachu	1	0	0	1	0	6	1	0	60	0	0	1	0	missing	1	brn	wikiberry	1	1	1	1	0	foes:0:false	undefined	true	24576	24576	24576	6	2
download	onStart	1015	1	0	40	Fire	0	0	1	100	0	-1	2048	greninjabond	1	0	0	0	0	1	0	2	100	100	0	0	true	Ability	0	psn	wikiberry	2	1	1	1	1	foes:0:false|stat:6:def:false:true|stat:6:spd:false:true|stat:7:def:false:true|stat:7:spd:false:true|boost:spa=1:undefined:undefined:undefined:false:false	undefined	undefined	2048	2048	2048	1	0
download	onStart	1016	6	6	40	Dark	1	1	1	100	100	1	8192	greninjabond	1	1	0	0	1	-1	1	0	60	100	1	0	0	Ability	1	brn	sitrusberry	0	1	-1	1	0	foes:0:false	undefined	true	8192	8192	8192	-1	2
download	onStart	1017	6	6	70	Fire	0	0	1	10	20	-1	8192	pikachu	0	1	1	1	0	0	0	1	60	160	0	1	false	Move	0	brn	iapapaberry	1	-1	1	0	1	foes:0:false|stat:6:def:false:true|stat:6:spd:false:true|boost:atk=1:undefined:undefined:undefined:false:false	undefined	undefined	8192	8192	8192	0	0
download	onStart	1018	0	0	60	Bug	0	0	0	0	100	-1	2048	pikachu	0	1	0	1	1	6	0	0	60	160	1	0	0	missing	1	brn	aguavberry	0	1	1	0	0	foes:0:false	undefined	undefined	2048	2048	2048	6	0
download	onStart	1019	1	6	61	Bug	0	1	1	20	0	1	2048	greninjabond	0	0	1	0	1	0	1	2	60	100	0	1	false	Ability	0	brn	iapapaberry	0	0	-1	0	0	foes:0:false|stat:6:def:false:true|stat:6:spd:false:true|stat:7:def:false:true|stat:7:spd:false:true|boost:atk=1:undefined:undefined:undefined:false:false	undefined	true	2048	2048	2048	0	2
download	onStart	1020	0	0	60	Water	1	0	1	10	0	-1	16384	pikachu	0	0	0	1	1	-1	1	0	0	100	1	0	null	missing	0	psn	sitrusberry	1	0	0	1	0	foes:0:false	undefined	undefined	16384	16384	16384	-1	0
download	onStart	1021	0	1	60	Water	0	0	1	10	0	0	0	greninjaash	1	0	0	0	1	0	0	2	0	100	0	0	false	Move	1	brn	figyberry	0	1	-1	0	1	foes:0:false|stat:6:def:false:true|stat:6:spd:false:true|stat:7:def:false:true|stat:7:spd:false:true|boost:atk=1:undefined:undefined:undefined:false:false	undefined	false	0	0	0	0	0
download	onStart	1022	1	0	0	Bug	0	1	1	100	20	0	8	greninjaash	1	0	0	1	1	-1	0	0	60	100	0	1	null	Ability	0	psn	iapapaberry	2	0	-1	0	0	foes:0:false	undefined	false	8	8	8	-1	2
download	onStart	1023	1	0	40	Dark	0	0	1	20	100	0	0	pikachu	0	0	1	1	1	0	1	1	100	0	1	0	true	Ability	1	brn	sitrusberry	1	1	99	0	0	foes:0:false|stat:6:def:false:true|stat:6:spd:false:true|boost:spa=1:undefined:undefined:undefined:false:false	undefined	false	0	0	0	0	0
download	onStart	1024	6	1	40	Fire	0	0	0	0	-1	1	24576	greninjabond	0	1	0	1	1	1	1	1	100	0	0	1	undefined	Move	0	brn	magoberry	2	-1	99	1	1	foes:0:false|stat:6:def:false:true|stat:6:spd:false:true|boost:spa=1:undefined:undefined:undefined:false:false	undefined	true	24576	24576	24576	1	0
download	onStart	1025	1	1	61	Normal	0	1	1	10	0	-1	0	greninjaash	1	0	1	1	0	0	1	2	0	0	0	1	false	Move	1	psn	iapapaberry	0	-1	99	0	1	foes:0:false|stat:6:def:false:true|stat:6:spd:false:true|stat:7:def:false:true|stat:7:spd:false:true	undefined	undefined	0	0	0	0	2
download	onStart	1026	0	6	61	Fire	1	1	0	20	0	1	8	greninjabond	1	1	1	1	0	1	0	1	0	0	0	0	null	Ability	0	psn	figyberry	2	-1	1	1	0	foes:0:false|stat:6:def:false:true|stat:6:spd:false:true	undefined	true	8	8	8	1	2
download	onStart	1027	0	6	40	Ghost	0	1	1	100	0	0	0	pikachu	0	0	0	1	0	1	1	1	100	0	1	1	null	Move	0	brn	magoberry	2	1	1	0	1	foes:0:false|stat:6:def:false:true|stat:6:spd:false:true|boost:spa=1:undefined:undefined:undefined:false:false	undefined	false	0	0	0	1	2
download	onStart	1028	6	6	40	Fire	0	1	0	0	0	0	16384	greninjabond	0	1	1	0	1	-1	1	2	60	160	0	1	undefined	Move	0	psn	magoberry	0	1	1	0	0	foes:0:false|stat:6:def:false:true|stat:6:spd:false:true|stat:7:def:false:true|stat:7:spd:false:true|boost:atk=1:undefined:undefined:undefined:false:false	undefined	false	16384	16384	16384	-1	2
download	onStart	1029	6	0	0	Fire	0	0	1	20	0	-1	24576	greninjaash	0	1	0	1	0	6	0	1	60	100	0	0	undefined	Ability	0	psn	figyberry	2	1	-1	0	1	foes:0:false|stat:6:def:false:true|stat:6:spd:false:true|boost:atk=1:undefined:undefined:undefined:false:false	undefined	undefined	24576	24576	24576	6	0
download	onStart	1030	6	6	61	Fire	0	0	1	100	-1	1	16384	greninjaash	1	1	0	1	0	-1	0	0	0	0	0	1	0	Move	1	brn	sitrusberry	2	0	1	1	1	foes:0:false	undefined	true	16384	16384	16384	-1	0
download	onStart	1031	6	6	70	Dark	1	0	0	0	-1	0	8192	greninjaash	0	0	0	0	0	-1	1	1	0	160	0	1	true	Move	1	brn	sitrusberry	2	1	99	0	1	foes:0:false|stat:6:def:false:true|stat:6:spd:false:true|boost:atk=1:undefined:undefined:undefined:false:false	undefined	false	8192	8192	8192	-1	0
download	onStart	1032	6	0	0	Dark	1	0	1	10	100	1	16384	greninjabond	0	0	1	0	1	6	0	1	0	0	0	0	undefined	Ability	0	brn	sitrusberry	1	0	1	1	1	foes:0:false|stat:6:def:false:true|stat:6:spd:false:true	undefined	true	16384	16384	16384	6	0
download	onStart	1033	1	1	61	Fire	1	1	1	10	20	-1	24576	greninjabond	1	1	1	0	0	0	1	1	60	100	1	0	undefined	missing	0	psn	magoberry	2	1	0	1	1	foes:0:false|stat:6:def:false:true|stat:6:spd:false:true|boost:atk=1:undefined:undefined:undefined:false:false	undefined	undefined	24576	24576	24576	0	2
download	onStart	1034	-1	1	60	Bug	1	1	1	0	-1	0	0	pikachu	1	1	1	1	1	-1	1	1	60	100	0	0	null	Move	0	brn	leftovers	1	1	1	0	1	foes:0:false|stat:6:def:false:true|stat:6:spd:false:true|boost:atk=1:undefined:undefined:undefined:false:false	undefined	false	0	0	0	-1	2
download	onStart	1035	-1	6	40	Ghost	0	1	0	100	-1	0	2048	greninjabond	1	0	1	1	0	6	1	2	60	100	0	0	null	missing	0	psn	figyberry	0	-1	0	1	0	foes:0:false|stat:6:def:false:true|stat:6:spd:false:true|stat:7:def:false:true|stat:7:spd:false:true|boost:atk=1:undefined:undefined:undefined:false:false	undefined	false	2048	2048	2048	6	2
download	onStart	1036	0	0	60	Fire	1	1	1	100	-1	0	2048	greninjabond	1	0	0	1	0	-1	1	1	60	100	0	1	false	missing	0	psn	sitrusberry	2	0	99	0	1	foes:0:false|stat:6:def:false:true|stat:6:spd:false:true|boost:atk=1:undefined:undefined:undefined:false:false	undefined	false	2048	2048	2048	-1	2
download	onStart	1037	-1	6	0	Ghost	1	1	1	0	100	0	2048	greninjabond	0	0	0	1	0	0	1	0	100	160	0	1	false	Move	1	psn	iapapaberry	2	-1	99	0	1	foes:0:false	undefined	false	2048	2048	2048	0	2
download	onStart	1038	-1	0	70	Water	0	0	1	100	-1	-1	24576	greninjaash	1	1	1	1	1	0	1	1	0	100	1	1	0	missing	1	psn	iapapaberry	2	1	-1	0	0	foes:0:false|stat:6:def:false:true|stat:6:spd:false:true|boost:atk=1:undefined:undefined:undefined:false:false	undefined	undefined	24576	24576	24576	0	0
download	onStart	1039	-1	0	70	Bug	1	0	1	100	0	0	8192	greninjaash	0	0	1	0	0	6	1	1	0	100	1	1	undefined	missing	1	psn	leftovers	1	0	-1	1	0	foes:0:false|stat:6:def:false:true|stat:6:spd:false:true|boost:atk=1:undefined:undefined:undefined:false:false	undefined	false	8192	8192	8192	6	0
download	onStart	1040	6	6	40	Fire	0	1	1	20	-1	0	16384	pikachu	1	0	0	1	1	0	0	2	60	100	1	0	0	missing	0	brn	iapapaberry	0	0	0	1	0	foes:0:false|stat:6:def:false:true|stat:6:spd:false:true|stat:7:def:false:true|stat:7:spd:false:true|boost:atk=1:undefined:undefined:undefined:false:false	undefined	false	16384	16384	16384	0	2
download	onStart	1041	1	6	61	Dark	0	0	0	0	0	-1	16384	pikachu	0	0	0	0	1	0	0	1	60	0	1	0	false	missing	1	brn	iapapaberry	2	0	99	1	1	foes:0:false|stat:6:def:false:true|stat:6:spd:false:true|boost:spa=1:undefined:undefined:undefined:false:false	undefined	undefined	16384	16384	16384	0	0
download	onStart	1042	6	1	61	Ghost	1	0	1	20	100	-1	2048	greninjabond	1	0	1	1	0	6	0	2	100	0	0	0	true	Move	1	psn	figyberry	1	0	1	1	1	foes:0:false|stat:6:def:false:true|stat:6:spd:false:true|stat:7:def:false:true|stat:7:spd:false:true|boost:spa=1:undefined:undefined:undefined:false:false	undefined	undefined	2048	2048	2048	6	0
download	onStart	1043	1	6	70	Normal	1	0	1	0	20	-1	0	pikachu	1	1	1	0	1	-1	1	1	0	100	1	0	null	Move	1	psn	sitrusberry	2	-1	-1	0	1	foes:0:false|stat:6:def:false:true|stat:6:spd:false:true|boost:atk=1:undefined:undefined:undefined:false:false	undefined	undefined	0	0	0	-1	0
download	onStart	1044	-1	1	40	Ghost	0	0	1	100	-1	1	0	greninjaash	0	0	1	0	0	6	0	1	60	160	1	0	undefined	missing	1	psn	leftovers	1	-1	-1	0	1	foes:0:false|stat:6:def:false:true|stat:6:spd:false:true|boost:atk=1:undefined:undefined:undefined:false:false	undefined	true	0	0	0	6	0
download	onStart	1045	1	0	60	Normal	0	0	1	10	100	1	24576	pikachu	1	1	0	0	0	6	0	2	0	0	0	1	0	Ability	1	brn	wikiberry	2	0	99	1	1	foes:0:false|stat:6:def:false:true|stat:6:spd:false:true|stat:7:def:false:true|stat:7:spd:false:true	undefined	true	24576	24576	24576	6	0
download	onStart	1046	0	1	70	Dark	1	0	0	100	0	1	8	greninjaash	0	0	1	1	0	1	0	0	60	160	1	1	undefined	missing	0	brn	iapapaberry	2	1	1	1	0	foes:0:false	undefined	true	8	8	8	1	0
download	onStart	1047	-1	0	61	Water	1	0	0	10	100	1	24576	greninjabond	1	0	1	1	1	1	1	0	60	160	0	0	false	Move	1	psn	magoberry	2	-1	-1	0	1	foes:0:false	undefined	true	24576	24576	24576	1	0
download	onStart	1048	6	0	61	Fire	1	0	0	0	100	-1	16384	pikachu	0	1	0	0	1	1	0	2	60	160	0	1	null	Ability	0	brn	aguavberry	1	0	-1	0	0	foes:0:false|stat:6:def:false:true|stat:6:spd:false:true|stat:7:def:false:true|stat:7:spd:false:true|boost:atk=1:undefined:undefined:undefined:false:false	undefined	undefined	16384	16384	16384	1	0
download	onStart	1049	0	6	70	Bug	0	1	0	0	-1	1	24576	greninjaash	1	1	0	0	1	0	1	0	60	0	1	1	null	missing	1	psn	sitrusberry	0	-1	-1	1	1	foes:0:false	undefined	true	24576	24576	24576	0	2
download	onStart	1050	1	6	0	Bug	1	0	1	0	0	0	8192	pikachu	1	0	0	1	1	0	0	0	60	160	1	1	false	Ability	0	brn	leftovers	2	0	99	1	0	foes:0:false	undefined	false	8192	8192	8192	0	0
download	onStart	1051	0	6	0	Water	1	0	0	0	100	0	24576	pikachu	1	1	0	1	0	0	0	2	60	100	0	1	false	Move	1	brn	wikiberry	0	-1	1	1	0	foes:0:false|stat:6:def:false:true|stat:6:spd:false:true|stat:7:def:false:true|stat:7:spd:false:true|boost:atk=1:undefined:undefined:undefined:false:false	undefined	false	24576	24576	24576	0	0
download	onStart	1052	1	1	60	Ghost	0	0	0	20	-1	-1	8	greninjabond	1	1	1	1	0	6	0	0	100	100	0	1	null	missing	1	psn	iapapaberry	0	0	0	0	0	foes:0:false	undefined	undefined	8	8	8	6	0
download	onStart	1053	-1	1	40	Water	0	1	1	100	100	-1	8	pikachu	0	0	0	0	1	0	1	0	60	0	1	1	null	Ability	0	brn	figyberry	0	0	1	1	1	foes:0:false	undefined	undefined	8	8	8	0	2
download	onStart	1054	1	1	61	Water	1	1	0	100	100	1	16384	greninjabond	0	0	1	1	1	1	0	0	100	160	1	1	true	Ability	1	psn	aguavberry	1	1	-1	1	1	foes:0:false	undefined	true	16384	16384	16384	1	2
download	onStart	1055	0	0	0	Ghost	0	0	1	0	-1	1	8192	greninjaash	1	0	0	1	0	0	1	0	60	160	1	1	true	missing	1	psn	sitrusberry	0	1	0	0	0	foes:0:false	undefined	true	8192	8192	8192	0	0
download	onStart	1056	6	0	70	Dark	1	0	1	10	20	-1	16384	greninjabond	1	1	1	1	0	-1	1	1	0	0	0	0	0	missing	1	brn	sitrusberry	1	0	99	0	0	foes:0:false|stat:6:def:false:true|stat:6:spd:false:true	undefined	undefined	16384	16384	16384	-1	0
download	onStart	1057	0	0	40	Water	1	0	0	100	100	-1	8192	greninjaash	1	0	0	1	1	0	0	1	60	100	1	1	0	Move	0	psn	magoberry	2	0	1	0	1	foes:0:false|stat:6:def:false:true|stat:6:spd:false:true|boost:atk=1:undefined:undefined:undefined:false:false	undefined	undefined	8192	8192	8192	0	0
download	onStart	1058	0	0	61	Fire	1	1	0	100	-1	1	0	greninjabond	1	1	0	0	1	-1	1	1	100	0	1	1	true	missing	1	psn	aguavberry	2	-1	99	0	1	foes:0:false|stat:6:def:false:true|stat:6:spd:false:true|boost:spa=1:undefined:undefined:undefined:false:false	undefined	true	0	0	0	-1	2
download	onStart	1059	-1	1	70	Water	1	0	1	10	100	-1	8192	greninjabond	1	1	1	1	1	1	0	2	100	0	0	1	false	Ability	1	brn	iapapaberry	0	-1	0	1	1	foes:0:false|stat:6:def:false:true|stat:6:spd:false:true|stat:7:def:false:true|stat:7:spd:false:true|boost:spa=1:undefined:undefined:undefined:false:false	undefined	undefined	8192	8192	8192	1	0
download	onStart	1060	-1	1	0	Dark	1	1	1	10	-1	-1	24576	greninjaash	0	1	0	0	0	1	0	0	0	100	0	0	undefined	Ability	1	psn	aguavberry	1	0	1	0	0	foes:0:false	undefined	undefined	24576	24576	24576	1	2
download	onStart	1061	0	0	0	Ghost	1	0	0	10	20	0	0	greninjabond	0	1	1	1	1	6	0	1	100	160	1	0	0	Move	1	psn	aguavberry	0	1	1	1	1	foes:0:false|stat:6:def:false:true|stat:6:spd:false:true|boost:atk=1:undefined:undefined:undefined:false:false	undefined	false	0	0	0	6	0
download	onStart	1062	6	1	70	Fire	1	1	0	100	20	1	8192	greninjabond	0	1	0	1	1	6	1	2	60	0	0	1	true	Move	1	brn	wikiberry	0	0	1	0	1	foes:0:false|stat:6:def:false:true|stat:6:spd:false:true|stat:7:def:false:true|stat:7:spd:false:true|boost:spa=1:undefined:undefined:undefined:false:false	undefined	true	8192	8192	8192	6	2
download	onStart	1063	1	6	61	Dark	0	0	0	100	0	1	24576	pikachu	1	0	1	0	0	-1	1	1	100	160	1	1	null	Move	0	brn	sitrusberry	0	1	0	1	1	foes:0:false|stat:6:def:false:true|stat:6:spd:false:true|boost:atk=1:undefined:undefined:undefined:false:false	undefined	true	24576	24576	24576	-1	0
download	onStart	1064	-1	1	60	Dark	0	1	1	20	0	-1	24576	greninjabond	0	0	0	0	0	1	1	1	60	100	1	1	0	Move	1	brn	aguavberry	2	-1	1	0	1	foes:0:false|stat:6:def:false:true|stat:6:spd:false:true|boost:atk=1:undefined:undefined:undefined:false:false	undefined	undefined	24576	24576	24576	1	2
download	onStart	1065	0	1	60	Ghost	0	1	0	100	-1	0	0	greninjabond	0	1	0	1	0	0	1	2	100	100	1	0	0	missing	1	brn	figyberry	1	-1	99	0	0	foes:0:false|stat:6:def:false:true|stat:6:spd:false:true|stat:7:def:false:true|stat:7:spd:false:true|boost:spa=1:undefined:undefined:undefined:false:false	undefined	false	0	0	0	0	2
download	onStart	1066	0	0	60	Bug	1	1	0	10	20	0	24576	greninjaash	0	1	0	0	0	6	0	0	100	0	1	1	false	missing	1	psn	iapapaberry	2	-1	99	1	1	foes:0:false	undefined	false	24576	24576	24576	6	2
download	onStart	1067	6	1	0	Dark	0	0	1	10	0	-1	24576	greninjabond	0	1	0	0	1	6	0	2	100	100	1	0	undefined	missing	1	psn	magoberry	1	1	99	0	0	foes:0:false|stat:6:def:false:true|stat:6:spd:false:true|stat:7:def:false:true|stat:7:spd:false:true|boost:spa=1:undefined:undefined:undefined:false:false	undefined	undefined	24576	24576	24576	6	0
download	onStart	1068	1	6	61	Fire	0	1	1	0	-1	1	24576	greninjaash	0	0	1	1	0	1	1	0	0	160	1	1	0	missing	0	psn	leftovers	0	1	99	1	1	foes:0:false	undefined	true	24576	24576	24576	1	2
download	onStart	1069	6	6	0	Bug	0	1	0	20	20	-1	8192	pikachu	1	0	1	1	1	0	1	2	0	160	1	0	true	Ability	0	psn	figyberry	1	-1	0	0	1	foes:0:false|stat:6:def:false:true|stat:6:spd:false:true|stat:7:def:false:true|stat:7:spd:false:true|boost:atk=1:undefined:undefined:undefined:false:false	undefined	undefined	8192	8192	8192	0	2
download	onStart	1070	0	1	70	Bug	1	0	1	100	-1	1	24576	greninjabond	0	1	0	1	0	6	0	2	60	160	0	1	0	Move	0	brn	magoberry	2	-1	-1	1	0	foes:0:false|stat:6:def:false:true|stat:6:spd:false:true|stat:7:def:false:true|stat:7:spd:false:true|boost:atk=1:undefined:undefined:undefined:false:false	undefined	true	24576	24576	24576	6	0
download	onStart	1071	1	6	60	Bug	0	0	0	10	100	0	16384	greninjabond	1	0	0	0	1	6	0	0	60	100	0	0	true	Ability	0	brn	wikiberry	2	0	1	0	0	foes:0:false	undefined	false	16384	16384	16384	6	0
download	onStart	1072	-1	6	60	Fire	1	1	0	100	20	-1	8192	greninjaash	0	1	0	1	0	6	1	2	60	160	0	0	false	Ability	1	brn	iapapaberry	0	1	0	0	1	foes:0:false|stat:6:def:false:true|stat:6:spd:false:true|stat:7:def:false:true|stat:7:spd:false:true|boost:atk=1:undefined:undefined:undefined:false:false	undefined	undefined	8192	8192	8192	6	2
download	onStart	1073	-1	1	61	Dark	0	0	0	20	20	1	24576	pikachu	1	0	0	0	0	1	1	2	60	160	1	0	null	Move	0	brn	sitrusberry	2	-1	0	0	0	foes:0:false|stat:6:def:false:true|stat:6:spd:false:true|stat:7:def:false:true|stat:7:spd:false:true|boost:atk=1:undefined:undefined:undefined:false:false	undefined	true	24576	24576	24576	1	0
download	onStart	1074	-1	0	61	Dark	0	1	0	100	100	-1	8192	greninjabond	0	0	0	0	1	0	1	0	0	100	0	1	null	Move	0	brn	sitrusberry	1	1	99	0	0	foes:0:false	undefined	undefined	8192	8192	8192	0	2
download	onStart	1075	0	6	60	Dark	0	0	0	20	-1	0	24576	pikachu	0	1	1	0	0	-1	0	1	0	100	0	0	0	missing	1	psn	aguavberry	0	-1	1	1	1	foes:0:false|stat:6:def:false:true|stat:6:spd:false:true|boost:atk=1:undefined:undefined:undefined:false:false	undefined	false	24576	24576	24576	-1	0
download	onStart	1076	-1	1	60	Ghost	1	0	0	100	20	0	2048	greninjabond	1	0	1	0	1	0	1	1	0	0	0	0	false	missing	0	psn	sitrusberry	2	-1	-1	1	1	foes:0:false|stat:6:def:false:true|stat:6:spd:false:true	undefined	false	2048	2048	2048	0	0
download	onStart	1077	0	0	0	Normal	0	0	0	0	20	1	2048	greninjaash	0	1	1	0	0	6	1	1	100	100	1	1	null	Move	1	brn	leftovers	2	1	0	0	1	foes:0:false|stat:6:def:false:true|stat:6:spd:false:true|boost:spa=1:undefined:undefined:undefined:false:false	undefined	true	2048	2048	2048	6	0
download	onStart	1078	1	0	70	Ghost	1	0	1	100	0	-1	0	pikachu	0	1	0	1	1	-1	0	1	0	100	0	1	null	Ability	1	psn	figyberry	0	-1	1	0	0	foes:0:false|stat:6:def:false:true|stat:6:spd:false:true|boost:atk=1:undefined:undefined:undefined:false:false	undefined	undefined	0	0	0	-1	0
download	onStart	1079	6	6	60	Bug	1	0	1	0	-1	-1	0	pikachu	0	0	1	1	0	1	0	0	100	160	1	0	undefined	Ability	0	psn	aguavberry	0	0	99	0	1	foes:0:false	undefined	undefined	0	0	0	1	0
download	onStart	1080	-1	1	0	Ghost	0	0	1	0	0	-1	8	greninjaash	1	1	1	0	0	0	0	2	100	0	0	1	undefined	Ability	0	psn	aguavberry	2	0	-1	0	0	foes:0:false|stat:6:def:false:true|stat:6:spd:false:true|stat:7:def:false:true|stat:7:spd:false:true|boost:spa=1:undefined:undefined:undefined:false:false	undefined	undefined	8	8	8	0	0
download	onStart	1081	-1	1	0	Normal	1	1	0	20	0	0	16384	pikachu	0	1	1	0	0	1	0	2	60	160	0	0	0	missing	1	psn	leftovers	0	0	1	0	0	foes:0:false|stat:6:def:false:true|stat:6:spd:false:true|stat:7:def:false:true|stat:7:spd:false:true|boost:atk=1:undefined:undefined:undefined:false:false	undefined	false	16384	16384	16384	1	2
download	onStart	1082	6	6	70	Normal	0	0	1	10	-1	1	2048	pikachu	0	0	1	0	0	-1	1	1	0	0	0	1	true	missing	1	psn	sitrusberry	2	0	99	1	0	foes:0:false|stat:6:def:false:true|stat:6:spd:false:true	undefined	true	2048	2048	2048	-1	0
download	onStart	1083	-1	1	40	Water	0	0	1	20	-1	1	8192	pikachu	0	1	1	1	1	0	0	2	0	160	1	1	true	Move	0	psn	figyberry	2	0	-1	1	0	foes:0:false|stat:6:def:false:true|stat:6:spd:false:true|stat:7:def:false:true|stat:7:spd:false:true|boost:atk=1:undefined:undefined:undefined:false:false	undefined	true	8192	8192	8192	0	0
download	onStart	1084	6	0	0	Ghost	0	1	1	20	20	-1	2048	greninjabond	0	1	0	1	1	0	1	2	100	160	0	1	null	missing	0	psn	wikiberry	1	-1	0	1	0	foes:0:false|stat:6:def:false:true|stat:6:spd:false:true|stat:7:def:false:true|stat:7:spd:false:true|boost:atk=1:undefined:undefined:undefined:false:false	undefined	undefined	2048	2048	2048	0	2
download	onStart	1085	1	1	0	Dark	1	1	0	10	-1	0	24576	greninjabond	0	0	1	0	0	0	0	2	0	100	1	1	0	Ability	0	psn	wikiberry	2	0	0	0	1	foes:0:false|stat:6:def:false:true|stat:6:spd:false:true|stat:7:def:false:true|stat:7:spd:false:true|boost:atk=1:undefined:undefined:undefined:false:false	undefined	false	24576	24576	24576	0	2
download	onStart	1086	6	0	40	Normal	1	1	1	100	0	0	8192	greninjaash	1	0	0	1	0	-1	1	0	0	100	1	1	true	missing	1	brn	magoberry	0	1	-1	1	1	foes:0:false	undefined	false	8192	8192	8192	-1	2
download	onStart	1087	-1	0	0	Normal	1	0	0	20	0	0	0	greninjabond	0	0	1	0	0	0	0	1	100	100	0	1	false	Ability	0	psn	aguavberry	2	0	99	1	0	foes:0:false|stat:6:def:false:true|stat:6:spd:false:true|boost:spa=1:undefined:undefined:undefined:false:false	undefined	false	0	0	0	0	0
download	onStart	1088	-1	6	40	Ghost	1	0	1	10	20	-1	0	pikachu	0	0	0	1	0	1	0	1	60	160	1	0	true	Move	0	psn	leftovers	1	0	99	1	0	foes:0:false|stat:6:def:false:true|stat:6:spd:false:true|boost:atk=1:undefined:undefined:undefined:false:false	undefined	undefined	0	0	0	1	0
download	onStart	1089	-1	0	70	Ghost	0	0	1	20	20	-1	8192	pikachu	0	1	1	1	0	1	1	0	60	0	0	1	false	Ability	1	psn	magoberry	1	-1	-1	1	0	foes:0:false	undefined	undefined	8192	8192	8192	1	0
download	onStart	1090	1	6	40	Ghost	0	0	1	100	20	0	24576	pikachu	0	1	1	0	1	1	0	1	100	100	0	1	null	Move	1	brn	leftovers	0	1	99	1	1	foes:0:false|stat:6:def:false:true|stat:6:spd:false:true|boost:spa=1:undefined:undefined:undefined:false:false	undefined	false	24576	24576	24576	1	0
download	onStart	1091	6	1	70	Water	1	0	0	100	20	0	16384	greninjabond	1	1	0	1	1	1	1	0	0	0	0	0	false	Ability	0	brn	leftovers	0	0	99	0	1	foes:0:false	undefined	false	16384	16384	16384	1	0
download	onStart	1092	0	1	0	Fire	1	1	1	10	20	0	16384	pikachu	1	1	1	0	1	-1	0	0	0	160	1	0	null	missing	1	psn	wikiberry	1	1	1	1	0	foes:0:false	undefined	false	16384	16384	16384	-1	2
download	onStart	1093	-1	6	60	Ghost	0	0	0	100	-1	1	0	greninjaash	1	0	1	0	0	6	1	0	100	160	1	0	null	missing	0	psn	wikiberry	0	-1	-1	0	1	foes:0:false	undefined	true	0	0	0	6	0
download	onStart	1094	-1	1	60	Fire	0	1	0	100	100	0	8192	greninjabond	1	0	1	1	1	0	0	2	100	100	1	1	null	Move	0	psn	aguavberry	0	0	1	1	0	foes:0:false|stat:6:def:false:true|stat:6:spd:false:true|stat:7:def:false:true|stat:7:spd:false:true|boost:spa=1:undefined:undefined:undefined:false:false	undefined	false	8192	8192	8192	0	2
download	onStart	1095	-1	6	40	Ghost	1	0	1	10	100	1	16384	greninjabond	0	0	0	0	1	-1	0	0	0	0	1	1	0	Move	0	brn	sitrusberry	2	0	-1	0	1	foes:0:false	undefined	true	16384	16384	16384	-1	0
download	onStart	1096	-1	1	40	Normal	1	1	0	20	0	1	16384	greninjaash	1	0	1	0	1	-1	0	2	100	160	0	1	false	Ability	0	psn	magoberry	0	-1	99	1	1	foes:0:false|stat:6:def:false:true|stat:6:spd:false:true|stat:7:def:false:true|stat:7:spd:false:true|boost:atk=1:undefined:undefined:undefined:false:false	undefined	true	16384	16384	16384	-1	2
download	onStart	1097	-1	0	60	Fire	1	1	1	10	100	-1	8192	greninjabond	1	0	1	1	1	1	0	2	60	160	0	1	0	Ability	0	brn	aguavberry	1	-1	0	1	0	foes:0:false|stat:6:def:false:true|stat:6:spd:false:true|stat:7:def:false:true|stat:7:spd:false:true|boost:atk=1:undefined:undefined:undefined:false:false	undefined	undefined	8192	8192	8192	1	2
download	onStart	1098	0	6	61	Water	0	1	1	10	100	-1	24576	greninjaash	0	1	1	0	1	0	1	2	100	160	1	1	null	Move	0	psn	sitrusberry	2	-1	99	0	1	foes:0:false|stat:6:def:false:true|stat:6:spd:false:true|stat:7:def:false:true|stat:7:spd:false:true|boost:atk=1:undefined:undefined:undefined:false:false	undefined	undefined	24576	24576	24576	0	2
download	onStart	1099	0	6	40	Ghost	1	0	1	0	100	1	16384	pikachu	1	1	1	0	0	6	1	0	60	0	1	0	null	Ability	0	brn	sitrusberry	0	0	0	1	0	foes:0:false	undefined	true	16384	16384	16384	6	0
download	onStart	1100	6	1	61	Dark	1	0	0	0	20	-1	8192	pikachu	0	0	1	1	1	-1	0	0	60	160	0	1	true	Ability	1	psn	aguavberry	0	1	-1	1	0	foes:0:false	undefined	undefined	8192	8192	8192	-1	0
download	onStart	1101	1	1	40	Normal	0	1	0	0	-1	1	0	greninjabond	0	1	0	1	0	0	0	0	100	160	0	0	false	Move	1	brn	magoberry	2	0	-1	1	1	foes:0:false	undefined	true	0	0	0	0	2
download	onStart	1102	0	1	0	Bug	0	1	0	100	20	1	0	greninjaash	1	1	1	1	1	1	0	0	0	100	1	1	0	missing	1	brn	leftovers	2	-1	-1	0	0	foes:0:false	undefined	true	0	0	0	1	2
download	onStart	1103	0	0	60	Ghost	0	0	0	100	-1	0	0	pikachu	1	1	1	1	0	6	0	1	0	100	1	0	false	missing	0	brn	wikiberry	0	1	-1	1	0	foes:0:false|stat:6:def:false:true|stat:6:spd:false:true|boost:atk=1:undefined:undefined:undefined:false:false	undefined	false	0	0	0	6	0
download	onStart	1104	0	6	61	Normal	0	0	1	100	100	-1	2048	greninjabond	0	1	1	0	1	0	0	0	0	100	1	0	null	missing	1	psn	wikiberry	2	-1	1	1	1	foes:0:false	undefined	undefined	2048	2048	2048	0	0
download	onStart	1105	6	0	40	Water	1	0	1	10	-1	1	0	greninjaash	0	1	1	0	1	1	1	0	0	0	0	0	undefined	Move	1	brn	leftovers	1	-1	99	1	0	foes:0:false	undefined	true	0	0	0	1	0
download	onStart	1106	0	6	0	Fire	0	1	0	100	0	0	16384	greninjaash	1	1	0	0	0	6	1	2	100	100	1	1	undefined	Move	1	brn	sitrusberry	2	1	99	1	0	foes:0:false|stat:6:def:false:true|stat:6:spd:false:true|stat:7:def:false:true|stat:7:spd:false:true|boost:spa=1:undefined:undefined:undefined:false:false	undefined	false	16384	16384	16384	6	2
download	onStart	1107	-1	0	61	Dark	1	0	0	0	100	1	2048	greninjabond	1	1	0	0	1	-1	1	2	100	0	1	1	undefined	Ability	0	psn	figyberry	0	0	-1	1	1	foes:0:false|stat:6:def:false:true|stat:6:spd:false:true|stat:7:def:false:true|stat:7:spd:false:true|boost:spa=1:undefined:undefined:undefined:false:false	undefined	true	2048	2048	2048	-1	0
download	onStart	1108	0	1	60	Dark	0	0	1	100	20	0	24576	greninjabond	1	1	0	1	1	-1	0	1	60	160	0	0	true	Ability	1	psn	sitrusberry	1	-1	0	0	1	foes:0:false|stat:6:def:false:true|stat:6:spd:false:true|boost:atk=1:undefined:undefined:undefined:false:false	undefined	false	24576	24576	24576	-1	0
download	onStart	1109	-1	1	70	Water	1	0	1	20	0	1	8192	greninjaash	0	0	0	1	1	6	1	0	60	100	0	0	0	Ability	0	brn	aguavberry	1	1	99	1	1	foes:0:false	undefined	true	8192	8192	8192	6	0
download	onStart	1110	6	0	60	Ghost	0	0	0	100	-1	1	8	pikachu	1	1	1	1	0	1	1	0	0	100	0	1	undefined	Ability	1	psn	sitrusberry	2	1	99	1	1	foes:0:false	undefined	true	8	8	8	1	0
download	onStart	1111	1	0	0	Water	0	1	0	20	0	0	2048	greninjaash	1	1	0	1	1	1	1	2	60	160	0	1	true	missing	1	brn	figyberry	1	1	0	1	0	foes:0:false|stat:6:def:false:true|stat:6:spd:false:true|stat:7:def:false:true|stat:7:spd:false:true|boost:atk=1:undefined:undefined:undefined:false:false	undefined	false	2048	2048	2048	1	2
download	onStart	1112	0	1	60	Water	1	0	0	0	-1	0	8	pikachu	0	1	0	1	1	6	1	2	100	0	1	1	0	Ability	1	psn	magoberry	2	-1	0	1	0	foes:0:false|stat:6:def:false:true|stat:6:spd:false:true|stat:7:def:false:true|stat:7:spd:false:true|boost:spa=1:undefined:undefined:undefined:false:false	undefined	false	8	8	8	6	0
download	onStart	1113	6	0	70	Water	0	1	1	0	100	1	8	greninjabond	0	0	1	0	1	1	1	1	100	100	0	0	false	Ability	0	psn	figyberry	0	1	0	0	0	foes:0:false|stat:6:def:false:true|stat:6:spd:false:true|boost:spa=1:undefined:undefined:undefined:false:false	undefined	true	8	8	8	1	2
download	onStart	1114	-1	0	0	Water	1	0	0	10	-1	0	8192	greninjaash	1	0	0	0	1	1	0	0	60	0	1	1	0	Move	1	psn	sitrusberry	1	1	99	0	0	foes:0:false	undefined	false	8192	8192	8192	1	0
download	onStart	1115	6	6	60	Bug	0	0	0	10	0	1	16384	greninjabond	0	1	1	1	1	0	1	2	60	100	0	1	0	missing	0	psn	magoberry	0	0	99	0	1	foes:0:false|stat:6:def:false:true|stat:6:spd:false:true|stat:7:def:false:true|stat:7:spd:false:true|boost:atk=1:undefined:undefined:undefined:false:false	undefined	true	16384	16384	16384	0	0
download	onStart	1116	6	1	70	Fire	1	1	1	20	20	-1	8192	pikachu	1	1	1	0	0	6	0	0	60	100	1	1	0	missing	0	psn	wikiberry	0	1	1	0	1	foes:0:false	undefined	undefined	8192	8192	8192	6	2
download	onStart	1117	0	1	0	Ghost	0	1	1	0	0	1	2048	greninjabond	1	1	0	0	1	0	1	2	60	160	0	1	null	Move	1	psn	wikiberry	1	0	99	1	1	foes:0:false|stat:6:def:false:true|stat:6:spd:false:true|stat:7:def:false:true|stat:7:spd:false:true|boost:atk=1:undefined:undefined:undefined:false:false	undefined	true	2048	2048	2048	0	2
download	onStart	1118	-1	6	70	Normal	0	0	1	100	0	0	8	pikachu	1	0	0	0	1	6	0	0	60	100	0	0	true	missing	0	brn	magoberry	2	0	0	0	1	foes:0:false	undefined	false	8	8	8	6	0
download	onStart	1119	6	6	60	Bug	0	1	1	10	100	1	8	greninjaash	1	1	1	0	1	1	1	2	100	160	1	1	undefined	Move	1	psn	magoberry	2	-1	0	0	1	foes:0:false|stat:6:def:false:true|stat:6:spd:false:true|stat:7:def:false:true|stat:7:spd:false:true|boost:atk=1:undefined:undefined:undefined:false:false	undefined	true	8	8	8	1	2
download	onStart	1120	0	1	70	Water	0	1	0	10	100	0	8192	greninjaash	1	0	1	0	1	-1	1	1	60	100	0	0	null	Ability	1	psn	sitrusberry	2	1	-1	1	0	foes:0:false|stat:6:def:false:true|stat:6:spd:false:true|boost:atk=1:undefined:undefined:undefined:false:false	undefined	false	8192	8192	8192	-1	2
download	onStart	1121	6	6	40	Ghost	1	0	1	0	0	0	2048	pikachu	1	1	0	0	0	1	0	1	0	100	1	1	0	Move	1	brn	aguavberry	2	0	1	0	0	foes:0:false|stat:6:def:false:true|stat:6:spd:false:true|boost:atk=1:undefined:undefined:undefined:false:false	undefined	false	2048	2048	2048	1	0
download	onStart	1122	6	0	40	Fire	1	0	0	100	20	1	8	greninjabond	1	0	0	0	0	-1	1	2	100	0	0	1	null	missing	0	brn	wikiberry	1	-1	99	1	1	foes:0:false|stat:6:def:false:true|stat:6:spd:false:true|stat:7:def:false:true|stat:7:spd:false:true|boost:spa=1:undefined:undefined:undefined:false:false	undefined	true	8	8	8	-1	0
download	onStart	1123	0	1	40	Water	0	0	1	10	-1	-1	2048	pikachu	0	1	0	0	0	6	1	0	0	0	1	0	false	Move	0	brn	figyberry	2	0	0	1	0	foes:0:false	undefined	undefined	2048	2048	2048	6	0
download	onStart	1124	1	0	40	Fire	0	1	0	10	100	0	16384	greninjabond	0	0	1	1	0	6	1	1	100	0	0	0	null	missing	0	psn	aguavberry	2	-1	99	0	0	foes:0:false|stat:6:def:false:true|stat:6:spd:false:true|boost:spa=1:undefined:undefined:undefined:false:false	undefined	false	16384	16384	16384	6	2
download	onStart	1125	6	6	70	Bug	0	0	1	10	0	-1	8192	greninjaash	0	0	0	0	1	6	0	2	60	0	0	1	0	Move	0	psn	leftovers	0	0	1	0	0	foes:0:false|stat:6:def:false:true|stat:6:spd:false:true|stat:7:def:false:true|stat:7:spd:false:true|boost:spa=1:undefined:undefined:undefined:false:false	undefined	undefined	8192	8192	8192	6	0
download	onStart	1126	0	6	60	Dark	0	1	1	0	0	-1	2048	greninjaash	1	0	0	0	0	6	1	1	100	160	0	0	0	Ability	1	psn	figyberry	0	1	99	1	0	foes:0:false|stat:6:def:false:true|stat:6:spd:false:true|boost:atk=1:undefined:undefined:undefined:false:false	undefined	undefined	2048	2048	2048	6	2
download	onStart	1127	6	0	61	Ghost	0	1	0	100	20	-1	8192	greninjaash	0	1	1	0	0	0	1	1	0	0	0	0	false	Ability	1	psn	wikiberry	2	1	1	1	0	foes:0:false|stat:6:def:false:true|stat:6:spd:false:true	undefined	undefined	8192	8192	8192	0	2
download	onStart	1128	0	6	40	Water	1	1	1	20	-1	-1	24576	greninjabond	0	0	1	1	1	1	1	1	60	160	1	1	undefined	Move	0	psn	sitrusberry	0	1	99	0	0	foes:0:false|stat:6:def:false:true|stat:6:spd:false:true|boost:atk=1:undefined:undefined:undefined:false:false	undefined	undefined	24576	24576	24576	1	2
download	onStart	1129	1	6	40	Fire	1	1	0	100	20	0	8	pikachu	0	0	0	1	0	1	1	0	100	0	1	1	null	missing	0	brn	leftovers	1	-1	-1	0	0	foes:0:false	undefined	false	8	8	8	1	2
download	onStart	1130	1	1	61	Bug	1	1	1	10	0	1	0	greninjaash	1	1	1	0	1	6	1	1	60	160	0	1	null	missing	1	psn	iapapaberry	1	1	99	0	0	foes:0:false|stat:6:def:false:true|stat:6:spd:false:true|boost:atk=1:undefined:undefined:undefined:false:false	undefined	true	0	0	0	6	2
