# effect	hook	profile	source	owner	hp	type	physical	multihit	smart	total	last	checked	flags	species	turns	contact	suppress	secondaries	ability	old	oldability	foes	def	spd	substitute	tailwind	boostresult	effecttype	effectstatus	status	item	length	lowered	atkboost	wind	shuriken	trace	return	checked	flags0	flags1	flags6	old	multihit
rattled	onDamagingHit	0	6	0	40	Fire	1	0	0	100	20	-1	0	greninjabond	1	1	0	0	0	-1	0	2	100	100	0	0	true	Move	1	brn	sitrusberry	1	-1	-1	1	1		undefined	undefined	0	0	0	-1	0
rattled	onDamagingHit	1	6	0	40	Fire	1	0	0	100	20	-1	0	greninjabond	1	1	0	0	0	-1	0	2	100	100	0	0	true	Move	1	brn	sitrusberry	1	-1	-1	1	1		undefined	undefined	0	0	0	-1	0
rattled	onDamagingHit	2	1	0	40	Fire	1	0	0	100	20	-1	0	greninjabond	1	1	0	0	0	-1	0	2	100	100	0	0	true	Move	1	brn	sitrusberry	1	-1	-1	1	1		undefined	undefined	0	0	0	-1	0
rattled	onDamagingHit	3	0	0	40	Fire	1	0	0	100	20	-1	0	greninjabond	1	1	0	0	0	-1	0	2	100	100	0	0	true	Move	1	brn	sitrusberry	1	-1	-1	1	1		undefined	undefined	0	0	0	-1	0
rattled	onDamagingHit	4	-1	0	40	Fire	1	0	0	100	20	-1	0	greninjabond	1	1	0	0	0	-1	0	2	100	100	0	0	true	Move	1	brn	sitrusberry	1	-1	-1	1	1		undefined	undefined	0	0	0	-1	0
rattled	onDamagingHit	5	6	0	40	Fire	1	0	0	100	20	-1	0	greninjabond	1	1	0	0	0	-1	0	2	100	100	0	0	true	Move	1	brn	sitrusberry	1	-1	-1	1	1		undefined	undefined	0	0	0	-1	0
rattled	onDamagingHit	6	6	1	40	Fire	1	0	0	100	20	-1	0	greninjabond	1	1	0	0	0	-1	0	2	100	100	0	0	true	Move	1	brn	sitrusberry	1	-1	-1	1	1		undefined	undefined	0	0	0	-1	0
rattled	onDamagingHit	7	6	6	40	Fire	1	0	0	100	20	-1	0	greninjabond	1	1	0	0	0	-1	0	2	100	100	0	0	true	Move	1	brn	sitrusberry	1	-1	-1	1	1		undefined	undefined	0	0	0	-1	0
rattled	onDamagingHit	8	6	0	40	Fire	1	0	0	100	20	-1	0	greninjabond	1	1	0	0	0	-1	0	2	100	100	0	0	true	Move	1	brn	sitrusberry	1	-1	-1	1	1		undefined	undefined	0	0	0	-1	0
rattled	onDamagingHit	9	6	0	0	Fire	1	0	0	100	20	-1	0	greninjabond	1	1	0	0	0	-1	0	2	100	100	0	0	true	Move	1	brn	sitrusberry	1	-1	-1	1	1		undefined	undefined	0	0	0	-1	0
rattled	onDamagingHit	10	6	0	60	Fire	1	0	0	100	20	-1	0	greninjabond	1	1	0	0	0	-1	0	2	100	100	0	0	true	Move	1	brn	sitrusberry	1	-1	-1	1	1		undefined	undefined	0	0	0	-1	0
rattled	onDamagingHit	11	6	0	61	Fire	1	0	0	100	20	-1	0	greninjabond	1	1	0	0	0	-1	0	2	100	100	0	0	true	Move	1	brn	sitrusberry	1	-1	-1	1	1		undefined	undefined	0	0	0	-1	0
rattled	onDamagingHit	12	6	0	70	Fire	1	0	0	100	20	-1	0	greninjabond	1	1	0	0	0	-1	0	2	100	100	0	0	true	Move	1	brn	sitrusberry	1	-1	-1	1	1		undefined	undefined	0	0	0	-1	0
rattled	onDamagingHit	13	6	0	40	Fire	1	0	0	100	20	-1	0	greninjabond	1	1	0	0	0	-1	0	2	100	100	0	0	true	Move	1	brn	sitrusberry	1	-1	-1	1	1		undefined	undefined	0	0	0	-1	0
rattled	onDamagingHit	14	6	0	40	Water	1	0	0	100	20	-1	0	greninjabond	1	1	0	0	0	-1	0	2	100	100	0	0	true	Move	1	brn	sitrusberry	1	-1	-1	1	1		undefined	undefined	0	0	0	-1	0
rattled	onDamagingHit	15	6	0	40	Dark	1	0	0	100	20	-1	0	greninjabond	1	1	0	0	0	-1	0	2	100	100	0	0	true	Move	1	brn	sitrusberry	1	-1	-1	1	1	boost:spe=1:undefined:undefined:undefined:false:false	undefined	undefined	0	0	0	-1	0
rattled	onDamagingHit	16	6	0	40	Bug	1	0	0	100	20	-1	0	greninjabond	1	1	0	0	0	-1	0	2	100	100	0	0	true	Move	1	brn	sitrusberry	1	-1	-1	1	1	boost:spe=1:undefined:undefined:undefined:false:false	undefined	undefined	0	0	0	-1	0
rattled	onDamagingHit	17	6	0	40	Ghost	1	0	0	100	20	-1	0	greninjabond	1	1	0	0	0	-1	0	2	100	100	0	0	true	Move	1	brn	sitrusberry	1	-1	-1	1	1	boost:spe=1:undefined:undefined:undefined:false:false	undefined	undefined	0	0	0	-1	0
rattled	onDamagingHit	18	6	0	40	Normal	1	0	0	100	20	-1	0	greninjabond	1	1	0	0	0	-1	0	2	100	100	0	0	true	Move	1	brn	sitrusberry	1	-1	-1	1	1		undefined	undefined	0	0	0	-1	0
rattled	onDamagingHit	19	6	0	40	Fire	1	0	0	100	20	-1	0	greninjabond	1	1	0	0	0	-1	0	2	100	100	0	0	true	Move	1	brn	sitrusberry	1	-1	-1	1	1		undefined	undefined	0	0	0	-1	0
rattled	onDamagingHit	20	6	0	40	Fire	0	0	0	100	20	-1	0	greninjabond	1	1	0	0	0	-1	0	2	100	100	0	0	true	Move	1	brn	sitrusberry	1	-1	-1	1	1		undefined	undefined	0	0	0	-1	0
rattled	onDamagingHit	21	6	0	40	Fire	1	0	0	100	20	-1	0	greninjabond	1	1	0	0	0	-1	0	2	100	100	0	0	true	Move	1	brn	sitrusberry	1	-1	-1	1	1		undefined	undefined	0	0	0	-1	0
rattled	onDamagingHit	22	6	0	40	Fire	1	1	0	100	20	-1	0	greninjabond	1	1	0	0	0	-1	0	2	100	100	0	0	true	Move	1	brn	sitrusberry	1	-1	-1	1	1		undefined	undefined	0	0	0	-1	2
rattled	onDamagingHit	23	6	0	40	Fire	1	0	0	100	20	-1	0	greninjabond	1	1	0	0	0	-1	0	2	100	100	0	0	true	Move	1	brn	sitrusberry	1	-1	-1	1	1		undefined	undefined	0	0	0	-1	0
rattled	onDamagingHit	24	6	0	40	Fire	1	0	1	100	20	-1	0	greninjabond	1	1	0	0	0	-1	0	2	100	100	0	0	true	Move	1	brn	sitrusberry	1	-1	-1	1	1		undefined	undefined	0	0	0	-1	0
rattled	onDamagingHit	25	6	0	40	Fire	1	0	0	100	20	-1	0	greninjabond	1	1	0	0	0	-1	0	2	100	100	0	0	true	Move	1	brn	sitrusberry	1	-1	-1	1	1		undefined	undefined	0	0	0	-1	0
rattled	onDamagingHit	26	6	0	40	Fire	1	0	0	0	20	-1	0	greninjabond	1	1	0	0	0	-1	0	2	100	100	0	0	true	Move	1	brn	sitrusberry	1	-1	-1	1	1		undefined	undefined	0	0	0	-1	0
rattled	onDamagingHit	27	6	0	40	Fire	1	0	0	10	20	-1	0	greninjabond	1	1	0	0	0	-1	0	2	100	100	0	0	true	Move	1	brn	sitrusberry	1	-1	-1	1	1		undefined	undefined	0	0	0	-1	0
rattled	onDamagingHit	28	6	0	40	Fire	1	0	0	20	20	-1	0	greninjabond	1	1	0	0	0	-1	0	2	100	100	0	0	true	Move	1	brn	sitrusberry	1	-1	-1	1	1		undefined	undefined	0	0	0	-1	0
rattled	onDamagingHit	29	6	0	40	Fire	1	0	0	100	20	-1	0	greninjabond	1	1	0	0	0	-1	0	2	100	100	0	0	true	Move	1	brn	sitrusberry	1	-1	-1	1	1		undefined	undefined	0	0	0	-1	0
rattled	onDamagingHit	30	6	0	40	Fire	1	0	0	100	-1	-1	0	greninjabond	1	1	0	0	0	-1	0	2	100	100	0	0	true	Move	1	brn	sitrusberry	1	-1	-1	1	1		undefined	undefined	0	0	0	-1	0
rattled	onDamagingHit	31	6	0	40	Fire	1	0	0	100	0	-1	0	greninjabond	1	1	0	0	0	-1	0	2	100	100	0	0	true	Move	1	brn	sitrusberry	1	-1	-1	1	1		undefined	undefined	0	0	0	-1	0
rattled	onDamagingHit	32	6	0	40	Fire	1	0	0	100	100	-1	0	greninjabond	1	1	0	0	0	-1	0	2	100	100	0	0	true	Move	1	brn	sitrusberry	1	-1	-1	1	1		undefined	undefined	0	0	0	-1	0
rattled	onDamagingHit	33	6	0	40	Fire	1	0	0	100	20	-1	0	greninjabond	1	1	0	0	0	-1	0	2	100	100	0	0	true	Move	1	brn	sitrusberry	1	-1	-1	1	1		undefined	undefined	0	0	0	-1	0
rattled	onDamagingHit	34	6	0	40	Fire	1	0	0	100	20	0	0	greninjabond	1	1	0	0	0	-1	0	2	100	100	0	0	true	Move	1	brn	sitrusberry	1	-1	-1	1	1		undefined	false	0	0	0	-1	0
rattled	onDamagingHit	35	6	0	40	Fire	1	0	0	100	20	1	0	greninjabond	1	1	0	0	0	-1	0	2	100	100	0	0	true	Move	1	brn	sitrusberry	1	-1	-1	1	1		undefined	true	0	0	0	-1	0
rattled	onDamagingHit	36	6	0	40	Fire	1	0	0	100	20	-1	0	greninjabond	1	1	0	0	0	-1	0	2	100	100	0	0	true	Move	1	brn	sitrusberry	1	-1	-1	1	1		undefined	undefined	0	0	0	-1	0
rattled	onDamagingHit	37	6	0	40	Fire	1	0	0	100	20	-1	8	greninjabond	1	1	0	0	0	-1	0	2	100	100	0	0	true	Move	1	brn	sitrusberry	1	-1	-1	1	1		undefined	undefined	8	8	8	-1	0
rattled	onDamagingHit	38	6	0	40	Fire	1	0	0	100	20	-1	2048	greninjabond	1	1	0	0	0	-1	0	2	100	100	0	0	true	Move	1	brn	sitrusberry	1	-1	-1	1	1		undefined	undefined	2048	2048	2048	-1	0
rattled	onDamagingHit	39	6	0	40	Fire	1	0	0	100	20	-1	8192	greninjabond	1	1	0	0	0	-1	0	2	100	100	0	0	true	Move	1	brn	sitrusberry	1	-1	-1	1	1		undefined	undefined	8192	8192	8192	-1	0
rattled	onDamagingHit	40	6	0	40	Fire	1	0	0	100	20	-1	16384	greninjabond	1	1	0	0	0	-1	0	2	100	100	0	0	true	Move	1	brn	sitrusberry	1	-1	-1	1	1		undefined	undefined	16384	16384	16384	-1	0
rattled	onDamagingHit	41	6	0	40	Fire	1	0	0	100	20	-1	24576	greninjabond	1	1	0	0	0	-1	0	2	100	100	0	0	true	Move	1	brn	sitrusberry	1	-1	-1	1	1		undefined	undefined	24576	24576	24576	-1	0
rattled	onDamagingHit	42	6	0	40	Fire	1	0	0	100	20	-1	0	greninjabond	1	1	0	0	0	-1	0	2	100	100	0	0	true	Move	1	brn	sitrusberry	1	-1	-1	1	1		undefined	undefined	0	0	0	-1	0
rattled	onDamagingHit	43	6	0	40	Fire	1	0	0	100	20	-1	0	greninjaash	1	1	0	0	0	-1	0	2	100	100	0	0	true	Move	1	brn	sitrusberry	1	-1	-1	1	1		undefined	undefined	0	0	0	-1	0
rattled	onDamagingHit	44	6	0	40	Fire	1	0	0	100	20	-1	0	pikachu	1	1	0	0	0	-1	0	2	100	100	0	0	true	Move	1	brn	sitrusberry	1	-1	-1	1	1		undefined	undefined	0	0	0	-1	0
rattled	onDamagingHit	45	6	0	40	Fire	1	0	0	100	20	-1	0	greninjabond	1	1	0	0	0	-1	0	2	100	100	0	0	true	Move	1	brn	sitrusberry	1	-1	-1	1	1		undefined	undefined	0	0	0	-1	0
rattled	onDamagingHit	46	6	0	40	Fire	1	0	0	100	20	-1	0	greninjabond	0	1	0	0	0	-1	0	2	100	100	0	0	true	Move	1	brn	sitrusberry	1	-1	-1	1	1		undefined	undefined	0	0	0	-1	0
rattled	onDamagingHit	47	6	0	40	Fire	1	0	0	100	20	-1	0	greninjabond	1	1	0	0	0	-1	0	2	100	100	0	0	true	Move	1	brn	sitrusberry	1	-1	-1	1	1		undefined	undefined	0	0	0	-1	0
rattled	onDamagingHit	48	6	0	40	Fire	1	0	0	100	20	-1	0	greninjabond	1	0	0	0	0	-1	0	2	100	100	0	0	true	Move	1	brn	sitrusberry	1	-1	-1	1	1		undefined	undefined	0	0	0	-1	0
rattled	onDamagingHit	49	6	0	40	Fire	1	0	0	100	20	-1	0	greninjabond	1	1	0	0	0	-1	0	2	100	100	0	0	true	Move	1	brn	sitrusberry	1	-1	-1	1	1		undefined	undefined	0	0	0	-1	0
rattled	onDamagingHit	50	6	0	40	Fire	1	0	0	100	20	-1	0	greninjabond	1	1	1	0	0	-1	0	2	100	100	0	0	true	Move	1	brn	sitrusberry	1	-1	-1	1	1		undefined	undefined	0	0	0	-1	0
rattled	onDamagingHit	51	6	0	40	Fire	1	0	0	100	20	-1	0	greninjabond	1	1	0	0	0	-1	0	2	100	100	0	0	true	Move	1	brn	sitrusberry	1	-1	-1	1	1		undefined	undefined	0	0	0	-1	0
rattled	onDamagingHit	52	6	0	40	Fire	1	0	0	100	20	-1	0	greninjabond	1	1	0	1	0	-1	0	2	100	100	0	0	true	Move	1	brn	sitrusberry	1	-1	-1	1	1		undefined	undefined	0	0	0	-1	0
rattled	onDamagingHit	53	6	0	40	Fire	1	0	0	100	20	-1	0	greninjabond	1	1	0	0	0	-1	0	2	100	100	0	0	true	Move	1	brn	sitrusberry	1	-1	-1	1	1		undefined	undefined	0	0	0	-1	0
rattled	onDamagingHit	54	6	0	40	Fire	1	0	0	100	20	-1	0	greninjabond	1	1	0	0	1	-1	0	2	100	100	0	0	true	Move	1	brn	sitrusberry	1	-1	-1	1	1		undefined	undefined	0	0	0	-1	0
rattled	onDamagingHit	55	6	0	40	Fire	1	0	0	100	20	-1	0	greninjabond	1	1	0	0	0	-1	0	2	100	100	0	0	true	Move	1	brn	sitrusberry	1	-1	-1	1	1		undefined	undefined	0	0	0	-1	0
rattled	onDamagingHit	56	6	0	40	Fire	1	0	0	100	20	-1	0	greninjabond	1	1	0	0	0	0	0	2	100	100	0	0	true	Move	1	brn	sitrusberry	1	-1	-1	1	1		undefined	undefined	0	0	0	0	0
rattled	onDamagingHit	57	6	0	40	Fire	1	0	0	100	20	-1	0	greninjabond	1	1	0	0	0	1	0	2	100	100	0	0	true	Move	1	brn	sitrusberry	1	-1	-1	1	1		undefined	undefined	0	0	0	1	0
rattled	onDamagingHit	58	6	0	40	Fire	1	0	0	100	20	-1	0	greninjabond	1	1	0	0	0	6	0	2	100	100	0	0	true	Move	1	brn	sitrusberry	1	-1	-1	1	1		undefined	undefined	0	0	0	6	0
rattled	onDamagingHit	59	6	0	40	Fire	1	0	0	100	20	-1	0	greninjabond	1	1	0	0	0	-1	0	2	100	100	0	0	true	Move	1	brn	sitrusberry	1	-1	-1	1	1		undefined	undefined	0	0	0	-1	0
rattled	onDamagingHit	60	6	0	40	Fire	1	0	0	100	20	-1	0	greninjabond	1	1	0	0	0	-1	1	2	100	100	0	0	true	Move	1	brn	sitrusberry	1	-1	-1	1	1		undefined	undefined	0	0	0	-1	0
rattled	onDamagingHit	61	6	0	40	Fire	1	0	0	100	20	-1	0	greninjabond	1	1	0	0	0	-1	0	2	100	100	0	0	true	Move	1	brn	sitrusberry	1	-1	-1	1	1		undefined	undefined	0	0	0	-1	0
rattled	onDamagingHit	62	6	0	40	Fire	1	0	0	100	20	-1	0	greninjabond	1	1	0	0	0	-1	0	0	100	100	0	0	true	Move	1	brn	sitrusberry	1	-1	-1	1	1		undefined	undefined	0	0	0	-1	0
rattled	onDamagingHit	63	6	0	40	Fire	1	0	0	100	20	-1	0	greninjabond	1	1	0	0	0	-1	0	1	100	100	0	0	true	Move	1	brn	sitrusberry	1	-1	-1	1	1		undefined	undefined	0	0	0	-1	0
rattled	onDamagingHit	64	6	0	40	Fire	1	0	0	100	20	-1	0	greninjabond	1	1	0	0	0	-1	0	2	100	100	0	0	true	Move	1	brn	sitrusberry	1	-1	-1	1	1		undefined	undefined	0	0	0	-1	0
rattled	onDamagingHit	65	6	0	40	Fire	1	0	0	100	20	-1	0	greninjabond	1	1	0	0	0	-1	0	2	0	100	0	0	true	Move	1	brn	sitrusberry	1	-1	-1	1	1		undefined	undefined	0	0	0	-1	0
rattled	onDamagingHit	66	6	0	40	Fire	1	0	0	100	20	-1	0	greninjabond	1	1	0	0	0	-1	0	2	60	100	0	0	true	Move	1	brn	sitrusberry	1	-1	-1	1	1		undefined	undefined	0	0	0	-1	0
rattled	onDamagingHit	67	6	0	40	Fire	1	0	0	100	20	-1	0	greninjabond	1	1	0	0	0	-1	0	2	100	100	0	0	true	Move	1	brn	sitrusberry	1	-1	-1	1	1		undefined	undefined	0	0	0	-1	0
rattled	onDamagingHit	68	6	0	40	Fire	1	0	0	100	20	-1	0	greninjabond	1	1	0	0	0	-1	0	2	100	0	0	0	true	Move	1	brn	sitrusberry	1	-1	-1	1	1		undefined	undefined	0	0	0	-1	0
rattled	onDamagingHit	69	6	0	40	Fire	1	0	0	100	20	-1	0	greninjabond	1	1	0	0	0	-1	0	2	100	160	0	0	true	Move	1	brn	sitrusberry	1	-1	-1	1	1		undefined	undefined	0	0	0	-1	0
rattled	onDamagingHit	70	6	0	40	Fire	1	0	0	100	20	-1	0	greninjabond	1	1	0	0	0	-1	0	2	100	100	0	0	true	Move	1	brn	sitrusberry	1	-1	-1	1	1		undefined	undefined	0	0	0	-1	0
rattled	onDamagingHit	71	6	0	40	Fire	1	0	0	100	20	-1	0	greninjabond	1	1	0	0	0	-1	0	2	100	100	1	0	true	Move	1	brn	sitrusberry	1	-1	-1	1	1		undefined	undefined	0	0	0	-1	0
rattled	onDamagingHit	72	6	0	40	Fire	1	0	0	100	20	-1	0	greninjabond	1	1	0	0	0	-1	0	2	100	100	0	0	true	Move	1	brn	sitrusberry	1	-1	-1	1	1		undefined	undefined	0	0	0	-1	0
rattled	onDamagingHit	73	6	0	40	Fire	1	0	0	100	20	-1	0	greninjabond	1	1	0	0	0	-1	0	2	100	100	0	1	true	Move	1	brn	sitrusberry	1	-1	-1	1	1		undefined	undefined	0	0	0	-1	0
rattled	onDamagingHit	74	6	0	40	Fire	1	0	0	100	20	-1	0	greninjabond	1	1	0	0	0	-1	0	2	100	100	0	0	true	Move	1	brn	sitrusberry	1	-1	-1	1	1		undefined	undefined	0	0	0	-1	0
rattled	onDamagingHit	75	6	0	40	Fire	1	0	0	100	20	-1	0	greninjabond	1	1	0	0	0	-1	0	2	100	100	0	0	false	Move	1	brn	sitrusberry	1	-1	-1	1	1		undefined	undefined	0	0	0	-1	0
rattled	onDamagingHit	76	6	0	40	Fire	1	0	0	100	20	-1	0	greninjabond	1	1	0	0	0	-1	0	2	100	100	0	0	0	Move	1	brn	sitrusberry	1	-1	-1	1	1		undefined	undefined	0	0	0	-1	0
rattled	onDamagingHit	77	6	0	40	Fire	1	0	0	100	20	-1	0	greninjabond	1	1	0	0	0	-1	0	2	100	100	0	0	null	Move	1	brn	sitrusberry	1	-1	-1	1	1		undefined	undefined	0	0	0	-1	0
rattled	onDamagingHit	78	6	0	40	Fire	1	0	0	100	20	-1	0	greninjabond	1	1	0	0	0	-1	0	2	100	100	0	0	undefined	Move	1	brn	sitrusberry	1	-1	-1	1	1		undefined	undefined	0	0	0	-1	0
rattled	onDamagingHit	79	6	0	40	Fire	1	0	0	100	20	-1	0	greninjabond	1	1	0	0	0	-1	0	2	100	100	0	0	true	Move	1	brn	sitrusberry	1	-1	-1	1	1		undefined	undefined	0	0	0	-1	0
rattled	onDamagingHit	80	6	0	40	Fire	1	0	0	100	20	-1	0	greninjabond	1	1	0	0	0	-1	0	2	100	100	0	0	true	Ability	1	brn	sitrusberry	1	-1	-1	1	1		undefined	undefined	0	0	0	-1	0
rattled	onDamagingHit	81	6	0	40	Fire	1	0	0	100	20	-1	0	greninjabond	1	1	0	0	0	-1	0	2	100	100	0	0	true	missing	1	brn	sitrusberry	1	-1	-1	1	1		undefined	undefined	0	0	0	-1	0
rattled	onDamagingHit	82	6	0	40	Fire	1	0	0	100	20	-1	0	greninjabond	1	1	0	0	0	-1	0	2	100	100	0	0	true	Move	1	brn	sitrusberry	1	-1	-1	1	1		undefined	undefined	0	0	0	-1	0
rattled	onDamagingHit	83	6	0	40	Fire	1	0	0	100	20	-1	0	greninjabond	1	1	0	0	0	-1	0	2	100	100	0	0	true	Move	0	brn	sitrusberry	1	-1	-1	1	1		undefined	undefined	0	0	0	-1	0
rattled	onDamagingHit	84	6	0	40	Fire	1	0	0	100	20	-1	0	greninjabond	1	1	0	0	0	-1	0	2	100	100	0	0	true	Move	1	brn	sitrusberry	1	-1	-1	1	1		undefined	undefined	0	0	0	-1	0
rattled	onDamagingHit	85	6	0	40	Fire	1	0	0	100	20	-1	0	greninjabond	1	1	0	0	0	-1	0	2	100	100	0	0	true	Move	1	psn	sitrusberry	1	-1	-1	1	1		undefined	undefined	0	0	0	-1	0
rattled	onDamagingHit	86	6	0	40	Fire	1	0	0	100	20	-1	0	greninjabond	1	1	0	0	0	-1	0	2	100	100	0	0	true	Move	1	brn	sitrusberry	1	-1	-1	1	1		undefined	undefined	0	0	0	-1	0
rattled	onDamagingHit	87	6	0	40	Fire	1	0	0	100	20	-1	0	greninjabond	1	1	0	0	0	-1	0	2	100	100	0	0	true	Move	1	brn	aguavberry	1	-1	-1	1	1		undefined	undefined	0	0	0	-1	0
rattled	onDamagingHit	88	6	0	40	Fire	1	0	0	100	20	-1	0	greninjabond	1	1	0	0	0	-1	0	2	100	100	0	0	true	Move	1	brn	figyberry	1	-1	-1	1	1		undefined	undefined	0	0	0	-1	0
rattled	onDamagingHit	89	6	0	40	Fire	1	0	0	100	20	-1	0	greninjabond	1	1	0	0	0	-1	0	2	100	100	0	0	true	Move	1	brn	iapapaberry	1	-1	-1	1	1		undefined	undefined	0	0	0	-1	0
rattled	onDamagingHit	90	6	0	40	Fire	1	0	0	100	20	-1	0	greninjabond	1	1	0	0	0	-1	0	2	100	100	0	0	true	Move	1	brn	magoberry	1	-1	-1	1	1		undefined	undefined	0	0	0	-1	0
rattled	onDamagingHit	91	6	0	40	Fire	1	0	0	100	20	-1	0	greninjabond	1	1	0	0	0	-1	0	2	100	100	0	0	true	Move	1	brn	wikiberry	1	-1	-1	1	1		undefined	undefined	0	0	0	-1	0
rattled	onDamagingHit	92	6	0	40	Fire	1	0	0	100	20	-1	0	greninjabond	1	1	0	0	0	-1	0	2	100	100	0	0	true	Move	1	brn	leftovers	1	-1	-1	1	1		undefined	undefined	0	0	0	-1	0
rattled	onDamagingHit	93	6	0	40	Fire	1	0	0	100	20	-1	0	greninjabond	1	1	0	0	0	-1	0	2	100	100	0	0	true	Move	1	brn	sitrusberry	1	-1	-1	1	1		undefined	undefined	0	0	0	-1	0
rattled	onDamagingHit	94	6	0	40	Fire	1	0	0	100	20	-1	0	greninjabond	1	1	0	0	0	-1	0	2	100	100	0	0	true	Move	1	brn	sitrusberry	2	-1	-1	1	1		undefined	undefined	0	0	0	-1	0
rattled	onDamagingHit	95	6	0	40	Fire	1	0	0	100	20	-1	0	greninjabond	1	1	0	0	0	-1	0	2	100	100	0	0	true	Move	1	brn	sitrusberry	0	-1	-1	1	1		undefined	undefined	0	0	0	-1	0
rattled	onDamagingHit	96	6	0	40	Fire	1	0	0	100	20	-1	0	greninjabond	1	1	0	0	0	-1	0	2	100	100	0	0	true	Move	1	brn	sitrusberry	1	-1	-1	1	1		undefined	undefined	0	0	0	-1	0
rattled	onDamagingHit	97	6	0	40	Fire	1	0	0	100	20	-1	0	greninjabond	1	1	0	0	0	-1	0	2	100	100	0	0	true	Move	1	brn	sitrusberry	1	0	-1	1	1		undefined	undefined	0	0	0	-1	0
rattled	onDamagingHit	98	6	0	40	Fire	1	0	0	100	20	-1	0	greninjabond	1	1	0	0	0	-1	0	2	100	100	0	0	true	Move	1	brn	sitrusberry	1	1	-1	1	1		undefined	undefined	0	0	0	-1	0
rattled	onDamagingHit	99	6	0	40	Fire	1	0	0	100	20	-1	0	greninjabond	1	1	0	0	0	-1	0	2	100	100	0	0	true	Move	1	brn	sitrusberry	1	-1	-1	1	1		undefined	undefined	0	0	0	-1	0
rattled	onDamagingHit	100	6	0	40	Fire	1	0	0	100	20	-1	0	greninjabond	1	1	0	0	0	-1	0	2	100	100	0	0	true	Move	1	brn	sitrusberry	1	-1	0	1	1		undefined	undefined	0	0	0	-1	0
rattled	onDamagingHit	101	6	0	40	Fire	1	0	0	100	20	-1	0	greninjabond	1	1	0	0	0	-1	0	2	100	100	0	0	true	Move	1	brn	sitrusberry	1	-1	1	1	1		undefined	undefined	0	0	0	-1	0
rattled	onDamagingHit	102	6	0	40	Fire	1	0	0	100	20	-1	0	greninjabond	1	1	0	0	0	-1	0	2	100	100	0	0	true	Move	1	brn	sitrusberry	1	-1	99	1	1		undefined	undefined	0	0	0	-1	0
rattled	onDamagingHit	103	6	0	40	Fire	1	0	0	100	20	-1	0	greninjabond	1	1	0	0	0	-1	0	2	100	100	0	0	true	Move	1	brn	sitrusberry	1	-1	-1	1	1		undefined	undefined	0	0	0	-1	0
rattled	onDamagingHit	104	6	0	40	Fire	1	0	0	100	20	-1	0	greninjabond	1	1	0	0	0	-1	0	2	100	100	0	0	true	Move	1	brn	sitrusberry	1	-1	-1	0	1		undefined	undefined	0	0	0	-1	0
rattled	onDamagingHit	105	6	0	40	Fire	1	0	0	100	20	-1	0	greninjabond	1	1	0	0	0	-1	0	2	100	100	0	0	true	Move	1	brn	sitrusberry	1	-1	-1	1	1		undefined	undefined	0	0	0	-1	0
rattled	onDamagingHit	106	6	0	40	Fire	1	0	0	100	20	-1	0	greninjabond	1	1	0	0	0	-1	0	2	100	100	0	0	true	Move	1	brn	sitrusberry	1	-1	-1	1	0		undefined	undefined	0	0	0	-1	0
rattled	onDamagingHit	107	-1	6	0	Bug	0	0	0	20	-1	0	0	pikachu	0	1	0	0	1	-1	0	1	60	0	0	0	null	Move	1	brn	iapapaberry	1	0	-1	1	1	boost:spe=1:undefined:undefined:undefined:false:false	undefined	false	0	0	0	-1	0
rattled	onDamagingHit	108	-1	6	70	Dark	1	0	1	0	100	-1	2048	greninjaash	1	0	0	0	0	1	1	1	60	100	0	1	0	Move	0	psn	aguavberry	1	1	-1	0	0	boost:spe=1:undefined:undefined:undefined:false:false	undefined	undefined	2048	2048	2048	1	0
rattled	onDamagingHit	109	0	6	40	Bug	1	1	1	100	100	-1	2048	greninjabond	0	1	0	1	0	1	1	2	100	160	0	0	true	missing	0	brn	magoberry	2	-1	1	0	0	boost:spe=1:undefined:undefined:undefined:false:false	undefined	undefined	2048	2048	2048	1	2
rattled	onDamagingHit	110	1	1	0	Normal	1	1	1	0	100	-1	24576	pikachu	0	0	0	0	1	-1	1	2	100	100	0	0	null	Move	0	brn	sitrusberry	0	0	0	1	0		undefined	undefined	24576	24576	24576	-1	2
rattled	onDamagingHit	111	-1	6	40	Ghost	1	1	1	20	0	1	8192	pikachu	0	1	0	1	1	-1	1	0	0	0	1	0	undefined	missing	1	brn	iapapaberry	2	1	1	1	1	boost:spe=1:undefined:undefined:undefined:false:false	undefined	true	8192	8192	8192	-1	2
rattled	onDamagingHit	112	0	1	40	Normal	1	0	0	100	100	-1	2048	pikachu	1	1	0	0	0	-1	0	1	0	160	1	0	undefined	Move	0	psn	wikiberry	2	0	1	0	1		undefined	undefined	2048	2048	2048	-1	0
rattled	onDamagingHit	113	1	0	40	Normal	0	0	0	100	0	-1	16384	greninjaash	0	1	0	1	0	1	0	2	60	100	1	0	0	missing	0	psn	figyberry	2	0	0	1	0		undefined	undefined	16384	16384	16384	1	0
rattled	onDamagingHit	114	0	6	60	Dark	1	1	1	100	-1	-1	8	greninjaash	1	1	1	0	0	1	0	2	0	160	0	1	0	Move	1	brn	sitrusberry	0	-1	99	0	0	boost:spe=1:undefined:undefined:undefined:false:false	undefined	undefined	8	8	8	1	2
rattled	onDamagingHit	115	6	1	40	Dark	0	0	1	20	20	0	8	pikachu	1	1	1	1	1	0	0	0	60	100	1	1	false	Move	1	brn	aguavberry	1	0	1	0	0	boost:spe=1:undefined:undefined:undefined:false:false	undefined	false	8	8	8	0	0
rattled	onDamagingHit	116	1	6	0	Fire	1	1	1	100	100	1	0	greninjaash	0	1	1	1	0	1	1	2	100	160	1	0	false	missing	1	psn	figyberry	1	1	0	0	1		undefined	true	0	0	0	1	2
rattled	onDamagingHit	117	1	1	61	Dark	0	0	1	0	100	-1	2048	greninjaash	1	0	0	1	0	-1	0	2	100	100	1	0	0	Ability	1	psn	wikiberry	0	-1	1	0	0	boost:spe=1:undefined:undefined:undefined:false:false	undefined	undefined	2048	2048	2048	-1	0
rattled	onDamagingHit	118	6	0	0	Normal	1	0	1	0	20	-1	2048	greninjaash	0	1	1	0	1	-1	0	1	100	100	1	0	true	Move	0	psn	sitrusberry	2	1	99	0	1		undefined	undefined	2048	2048	2048	-1	0
rattled	onDamagingHit	119	0	1	60	Water	1	1	0	0	100	-1	24576	greninjaash	0	1	1	1	1	6	1	1	60	160	1	1	0	missing	1	brn	leftovers	0	1	99	0	0		undefined	undefined	24576	24576	24576	6	2
rattled	onDamagingHit	120	1	0	60	Normal	0	0	0	0	20	1	0	greninjabond	0	0	1	1	0	0	0	0	60	100	0	1	0	missing	0	psn	aguavberry	0	0	0	0	1		undefined	true	0	0	0	0	0
rattled	onDamagingHit	121	1	6	40	Normal	1	1	0	20	-1	0	16384	greninjaash	1	0	0	0	1	1	1	1	60	100	1	0	null	missing	1	psn	wikiberry	1	-1	99	1	0		undefined	false	16384	16384	16384	1	2
rattled	onDamagingHit	122	-1	1	40	Dark	1	1	1	10	20	-1	24576	greninjaash	1	0	1	0	0	-1	1	1	0	100	0	1	false	Ability	0	psn	wikiberry	2	-1	99	1	1	boost:spe=1:undefined:undefined:undefined:false:false	undefined	undefined	24576	24576	24576	-1	2
rattled	onDamagingHit	123	0	1	0	Ghost	1	0	0	100	100	-1	8192	greninjaash	1	1	0	1	0	1	0	1	60	0	1	0	0	Ability	1	psn	figyberry	2	-1	0	1	1	boost:spe=1:undefined:undefined:undefined:false:false	undefined	undefined	8192	8192	8192	1	0
rattled	onDamagingHit	124	-1	1	61	Ghost	0	1	0	20	100	0	8	pikachu	1	1	1	0	0	0	0	1	0	0	0	1	false	missing	1	brn	figyberry	1	-1	1	0	1	boost:spe=1:undefined:undefined:undefined:false:false	undefined	false	8	8	8	0	2
rattled	onDamagingHit	125	-1	1	60	Dark	1	1	0	20	100	1	8	pikachu	0	1	1	1	0	1	1	0	60	160	1	1	undefined	missing	0	psn	leftovers	1	0	0	1	0	boost:spe=1:undefined:undefined:undefined:false:false	undefined	true	8	8	8	1	2
rattled	onDamagingHit	126	0	6	70	Ghost	1	0	0	0	-1	-1	0	pikachu	0	1	1	0	0	0	1	2	0	0	1	0	undefined	missing	1	brn	aguavberry	1	-1	0	1	1	boost:spe=1:undefined:undefined:undefined:false:false	undefined	undefined	0	0	0	0	0
rattled	onDamagingHit	127	0	1	0	Water	1	1	0	100	20	-1	8192	greninjaash	1	1	0	0	0	1	0	0	100	0	0	1	0	Ability	0	psn	magoberry	0	1	-1	1	1		undefined	undefined	8192	8192	8192	1	2
rattled	onDamagingHit	128	1	6	60	Normal	1	1	1	10	0	-1	16384	pikachu	1	0	1	0	0	6	0	0	100	160	1	0	true	missing	1	psn	aguavberry	1	-1	-1	0	0		undefined	undefined	16384	16384	16384	6	2
rattled	onDamagingHit	129	0	1	60	Fire	1	0	0	20	100	0	24576	greninjaash	0	1	0	0	1	1	0	1	60	160	1	0	null	missing	0	brn	figyberry	1	0	-1	1	0		undefined	false	24576	24576	24576	1	0
rattled	onDamagingHit	130	-1	0	0	Water	0	0	1	100	100	1	2048	greninjaash	0	0	0	0	1	6	1	0	0	0	1	1	null	Ability	1	brn	aguavberry	0	1	99	0	1		undefined	true	2048	2048	2048	6	0
rattled	onDamagingHit	131	-1	6	60	Bug	1	0	0	0	100	-1	24576	greninjaash	1	1	1	0	1	6	0	2	0	0	0	0	false	Move	1	psn	wikiberry	2	1	99	1	0	boost:spe=1:undefined:undefined:undefined:false:false	undefined	undefined	24576	24576	24576	6	0
rattled	onDamagingHit	132	1	6	0	Bug	1	0	1	10	100	-1	8192	greninjaash	1	0	0	1	0	0	0	1	0	160	1	0	null	Ability	1	brn	aguavberry	2	-1	99	1	1	boost:spe=1:undefined:undefined:undefined:false:false	undefined	undefined	8192	8192	8192	0	0
rattled	onDamagingHit	133	1	1	0	Water	1	1	0	100	100	1	16384	greninjabond	1	0	1	0	1	-1	1	0	60	160	1	1	null	Ability	1	brn	magoberry	2	-1	0	1	0		undefined	true	16384	16384	16384	-1	2
rattled	onDamagingHit	134	1	6	60	Bug	1	1	0	0	0	0	24576	greninjaash	0	0	1	0	1	0	1	2	60	0	1	0	false	Ability	0	psn	wikiberry	2	-1	99	0	0	boost:spe=1:undefined:undefined:undefined:false:false	undefined	false	24576	24576	24576	0	2
rattled	onDamagingHit	135	1	1	61	Bug	0	1	1	10	0	1	0	greninjaash	1	1	1	1	1	0	0	0	0	160	1	0	true	Ability	0	psn	sitrusberry	1	0	-1	1	0	boost:spe=1:undefined:undefined:undefined:false:false	undefined	true	0	0	0	0	2
rattled	onDamagingHit	136	1	6	40	Normal	0	1	0	20	20	0	8	greninjabond	1	1	0	1	0	-1	1	0	100	100	1	1	0	Move	1	psn	sitrusberry	0	-1	99	0	0		undefined	false	8	8	8	-1	2
rattled	onDamagingHit	137	0	0	40	Bug	0	0	0	20	-1	1	2048	pikachu	0	0	0	1	1	1	0	1	100	0	0	1	undefined	Ability	1	brn	iapapaberry	1	1	1	0	0	boost:spe=1:undefined:undefined:undefined:false:false	undefined	true	2048	2048	2048	1	0
rattled	onDamagingHit	138	6	1	70	Ghost	0	0	0	10	0	-1	8192	pikachu	0	0	0	0	0	0	0	1	0	0	1	1	0	missing	1	psn	figyberry	2	0	99	1	0	boost:spe=1:undefined:undefined:undefined:false:false	undefined	undefined	8192	8192	8192	0	0
rattled	onDamagingHit	139	6	6	70	Water	1	0	1	0	0	-1	8192	pikachu	0	1	0	0	1	-1	0	1	0	160	1	1	true	Move	1	brn	iapapaberry	1	0	1	0	1		undefined	undefined	8192	8192	8192	-1	0
rattled	onDamagingHit	140	-1	0	0	Normal	0	0	0	0	0	-1	8192	greninjabond	0	1	1	0	1	0	0	2	60	100	1	0	null	missing	1	brn	aguavberry	0	1	-1	1	0		undefined	undefined	8192	8192	8192	0	0
rattled	onDamagingHit	141	6	1	70	Bug	0	0	0	10	20	-1	24576	greninjaash	1	1	1	0	1	1	0	0	0	160	1	0	false	Ability	0	brn	wikiberry	1	1	-1	1	0	boost:spe=1:undefined:undefined:undefined:false:false	undefined	undefined	24576	24576	24576	1	0
rattled	onDamagingHit	142	6	1	0	Fire	1	1	0	0	0	1	16384	greninjabond	0	0	0	0	0	1	0	1	60	0	0	0	0	Move	0	brn	magoberry	1	1	0	1	1		undefined	true	16384	16384	16384	1	2
rattled	onDamagingHit	143	6	6	70	Ghost	0	1	0	0	100	-1	0	pikachu	1	1	0	1	1	-1	0	1	100	160	0	0	null	Ability	0	brn	sitrusberry	0	-1	0	0	1	boost:spe=1:undefined:undefined:undefined:false:false	undefined	undefined	0	0	0	-1	2
rattled	onDamagingHit	144	1	0	70	Normal	1	0	0	100	0	1	24576	greninjaash	0	1	1	0	0	1	1	2	60	0	0	1	undefined	Ability	1	psn	leftovers	1	0	1	0	1		undefined	true	24576	24576	24576	1	0
rattled	onDamagingHit	145	0	6	40	Bug	1	1	1	10	100	1	8	pikachu	1	1	1	1	0	1	1	2	60	0	0	1	undefined	Ability	0	psn	figyberry	2	0	-1	0	0	boost:spe=1:undefined:undefined:undefined:false:false	undefined	true	8	8	8	1	2
rattled	onDamagingHit	146	1	1	70	Normal	0	1	0	100	20	0	8	greninjaash	0	1	0	0	1	-1	1	2	100	160	1	1	true	missing	0	brn	wikiberry	2	-1	99	0	0		undefined	false	8	8	8	-1	2
rattled	onDamagingHit	147	0	1	0	Fire	0	1	0	10	-1	1	24576	greninjabond	0	0	0	1	0	0	0	2	60	160	0	1	true	Move	0	brn	wikiberry	0	-1	0	1	0		undefined	true	24576	24576	24576	0	2
rattled	onDamagingHit	148	6	6	61	Normal	1	1	0	0	0	0	8	greninjaash	1	1	0	1	1	-1	1	1	100	100	0	1	null	Move	0	brn	figyberry	2	0	0	1	0		undefined	false	8	8	8	-1	2
rattled	onDamagingHit	149	0	0	60	Ghost	1	1	0	20	20	1	0	pikachu	0	0	1	1	1	-1	1	2	0	100	1	0	false	Ability	0	psn	sitrusberry	2	1	-1	0	0	boost:spe=1:undefined:undefined:undefined:false:false	undefined	true	0	0	0	-1	2
rattled	onDamagingHit	150	-1	6	0	Bug	0	1	1	0	100	1	0	greninjabond	1	1	0	0	1	6	1	1	0	160	0	0	false	Move	1	psn	magoberry	1	-1	99	0	1	boost:spe=1:undefined:undefined:undefined:false:false	undefined	true	0	0	0	6	2
rattled	onDamagingHit	151	6	6	40	Dark	0	1	1	20	20	-1	2048	greninjabond	0	1	0	0	0	6	0	0	60	160	1	1	false	missing	0	brn	sitrusberry	2	0	0	1	0	boost:spe=1:undefined:undefined:undefined:false:false	undefined	undefined	2048	2048	2048	6	2
rattled	onDamagingHit	152	1	1	61	Bug	0	1	1	10	20	-1	24576	greninjaash	1	0	1	1	0	6	1	1	0	100	1	0	true	Move	1	psn	iapapaberry	2	-1	0	1	1	boost:spe=1:undefined:undefined:undefined:false:false	undefined	undefined	24576	24576	24576	6	2
rattled	onDamagingHit	153	-1	0	70	Dark	1	0	1	10	0	-1	16384	greninjabond	0	0	1	1	0	1	0	1	100	160	0	0	true	Ability	0	brn	iapapaberry	1	0	0	0	0	boost:spe=1:undefined:undefined:undefined:false:false	undefined	undefined	16384	16384	16384	1	0
rattled	onDamagingHit	154	0	6	70	Fire	0	1	0	10	100	0	0	greninjabond	0	1	1	0	0	1	1	2	100	0	0	0	true	Ability	1	psn	figyberry	2	-1	-1	0	1		undefined	false	0	0	0	1	2
rattled	onDamagingHit	155	-1	0	0	Fire	0	1	1	10	20	1	0	greninjaash	0	0	1	0	1	1	1	0	100	0	1	0	undefined	missing	0	psn	sitrusberry	2	-1	99	0	1		undefined	true	0	0	0	1	2
rattled	onDamagingHit	156	0	1	60	Water	1	1	1	100	0	-1	2048	greninjabond	0	0	0	0	1	-1	1	1	100	100	1	0	null	Move	0	brn	leftovers	1	0	1	1	1		undefined	undefined	2048	2048	2048	-1	2
rattled	onDamagingHit	157	6	6	40	Fire	1	0	0	0	20	1	16384	greninjabond	1	1	1	1	0	1	0	2	100	0	0	0	0	missing	1	psn	wikiberry	2	-1	99	0	0		undefined	true	16384	16384	16384	1	0
rattled	onDamagingHit	158	0	1	70	Ghost	0	0	1	0	20	0	8192	pikachu	1	1	0	0	0	6	1	2	60	100	0	0	null	missing	0	brn	iapapaberry	0	1	0	0	0	boost:spe=1:undefined:undefined:undefined:false:false	undefined	false	8192	8192	8192	6	0
rattled	onDamagingHit	159	-1	0	40	Bug	1	1	0	10	0	-1	16384	greninjabond	0	1	1	0	1	1	0	1	0	0	0	0	true	Move	0	brn	magoberry	1	0	1	1	1	boost:spe=1:undefined:undefined:undefined:false:false	undefined	undefined	16384	16384	16384	1	2
rattled	onDamagingHit	160	1	0	0	Water	0	1	0	20	-1	-1	24576	pikachu	0	0	0	0	1	0	0	1	60	160	1	1	undefined	missing	0	psn	magoberry	2	0	-1	1	1		undefined	undefined	24576	24576	24576	0	2
rattled	onDamagingHit	161	-1	6	0	Ghost	0	1	1	0	20	0	2048	greninjaash	0	1	1	0	0	1	1	0	100	100	0	0	undefined	Ability	1	brn	magoberry	1	0	99	1	0	boost:spe=1:undefined:undefined:undefined:false:false	undefined	false	2048	2048	2048	1	2
rattled	onDamagingHit	162	-1	0	0	Water	0	0	1	0	0	0	8	greninjabond	0	0	1	1	0	0	0	2	60	100	0	0	true	Ability	0	brn	sitrusberry	1	-1	-1	1	0		undefined	false	8	8	8	0	0
rattled	onDamagingHit	163	6	6	60	Ghost	0	1	0	20	20	-1	2048	greninjabond	0	0	0	0	0	6	1	0	60	100	1	0	0	missing	0	psn	figyberry	1	0	1	0	0	boost:spe=1:undefined:undefined:undefined:false:false	undefined	undefined	2048	2048	2048	6	2
rattled	onDamagingHit	164	6	0	40	Water	0	0	0	20	0	-1	16384	pikachu	1	0	1	1	1	6	1	1	0	0	1	1	null	Move	0	brn	magoberry	2	-1	99	1	1		undefined	undefined	16384	16384	16384	6	0
rattled	onDamagingHit	165	-1	6	40	Normal	0	1	1	20	-1	1	24576	greninjaash	1	0	0	0	0	-1	1	0	100	160	0	1	undefined	missing	0	brn	aguavberry	1	1	99	0	0		undefined	true	24576	24576	24576	-1	2
rattled	onDamagingHit	166	1	6	61	Normal	0	0	1	0	-1	0	16384	pikachu	1	0	1	0	0	-1	0	0	60	0	1	0	undefined	Move	0	psn	magoberry	1	0	99	1	0		undefined	false	16384	16384	16384	-1	0
rattled	onDamagingHit	167	0	1	70	Water	1	1	1	0	100	0	0	greninjaash	0	1	0	1	1	0	0	1	100	160	0	0	null	Ability	1	psn	sitrusberry	1	1	1	0	0		undefined	false	0	0	0	0	2
rattled	onDamagingHit	168	6	1	61	Water	1	0	0	100	100	0	16384	greninjabond	1	1	1	1	1	6	0	0	60	100	0	0	true	Ability	0	psn	leftovers	0	1	99	1	0		undefined	false	16384	16384	16384	6	0
rattled	onDamagingHit	169	-1	6	60	Bug	1	0	1	0	0	0	24576	pikachu	1	0	1	0	1	1	0	0	100	100	0	1	null	missing	0	psn	figyberry	1	1	-1	1	1	boost:spe=1:undefined:undefined:undefined:false:false	undefined	false	24576	24576	24576	1	0
rattled	onDamagingHit	170	-1	6	61	Dark	0	0	1	20	-1	0	0	pikachu	1	0	1	1	1	-1	1	0	60	100	0	0	true	Ability	0	brn	wikiberry	0	1	-1	0	0	boost:spe=1:undefined:undefined:undefined:false:false	undefined	false	0	0	0	-1	0
rattled	onDamagingHit	171	1	6	70	Water	1	1	0	20	100	1	0	pikachu	1	0	1	1	0	-1	1	1	100	160	0	1	undefined	Ability	0	brn	sitrusberry	2	0	-1	1	1		undefined	true	0	0	0	-1	2
rattled	onDamagingHit	172	0	0	60	Bug	1	0	0	10	0	-1	0	pikachu	1	1	0	0	1	6	0	1	60	100	0	0	true	Move	1	brn	magoberry	1	1	-1	0	0	boost:spe=1:undefined:undefined:undefined:false:false	undefined	undefined	0	0	0	6	0
rattled	onDamagingHit	173	1	0	0	Ghost	1	0	1	100	-1	-1	2048	greninjabond	0	1	0	0	0	1	0	2	0	0	0	1	undefined	missing	1	brn	wikiberry	2	1	1	1	0	boost:spe=1:undefined:undefined:undefined:false:false	undefined	undefined	2048	2048	2048	1	0
rattled	onDamagingHit	174	-1	1	60	Fire	0	1	0	0	0	-1	2048	greninjaash	1	0	1	0	1	-1	1	0	100	0	1	0	true	Ability	1	psn	sitrusberry	0	0	0	0	1		undefined	undefined	2048	2048	2048	-1	2
rattled	onDamagingHit	175	0	0	0	Ghost	1	1	1	20	20	0	8192	pikachu	0	1	1	1	0	-1	1	1	60	160	1	1	null	missing	1	psn	sitrusberry	2	-1	99	1	1	boost:spe=1:undefined:undefined:undefined:false:false	undefined	false	8192	8192	8192	-1	2
rattled	onDamagingHit	176	6	0	70	Bug	0	0	1	0	-1	0	16384	pikachu	1	0	1	0	1	-1	0	1	60	160	1	1	null	missing	0	psn	leftovers	1	-1	1	1	0	boost:spe=1:undefined:undefined:undefined:false:false	undefined	false	16384	16384	16384	-1	0
rattled	onDamagingHit	177	6	1	61	Bug	1	1	1	100	-1	-1	0	pikachu	0	1	1	1	1	6	0	0	0	100	0	1	undefined	Move	1	psn	figyberry	2	0	1	1	1	boost:spe=1:undefined:undefined:undefined:false:false	undefined	undefined	0	0	0	6	2
rattled	onDamagingHit	178	6	1	61	Bug	1	0	1	0	20	1	2048	greninjaash	1	1	1	1	0	1	0	1	0	160	1	0	null	Move	1	psn	sitrusberry	2	-1	-1	1	1	boost:spe=1:undefined:undefined:undefined:false:false	undefined	true	2048	2048	2048	1	0
rattled	onDamagingHit	179	-1	0	40	Water	1	1	1	100	0	0	2048	pikachu	1	0	0	1	1	0	1	1	0	160	1	1	0	Move	0	brn	aguavberry	2	-1	99	0	0		undefined	false	2048	2048	2048	0	2
rattled	onDamagingHit	180	6	6	70	Bug	0	1	1	0	-1	1	24576	greninjabond	0	1	0	1	0	1	0	1	0	160	1	1	null	missing	1	brn	figyberry	1	0	0	0	0	boost:spe=1:undefined:undefined:undefined:false:false	undefined	true	24576	24576	24576	1	2
rattled	onDamagingHit	181	-1	6	0	Dark	1	1	1	10	-1	0	8192	greninjaash	1	0	0	1	1	-1	0	1	0	0	0	0	0	Move	0	psn	wikiberry	2	-1	1	1	0	boost:spe=1:undefined:undefined:undefined:false:false	undefined	false	8192	8192	8192	-1	2
rattled	onDamagingHit	182	0	0	60	Normal	0	1	0	0	100	-1	8	greninjabond	1	0	1	0	0	0	1	0	100	100	1	0	false	Ability	0	brn	sitrusberry	0	1	99	1	1		undefined	undefined	8	8	8	0	2
rattled	onDamagingHit	183	1	6	0	Ghost	0	1	0	10	0	-1	8192	greninjabond	1	1	0	0	1	6	1	2	0	0	0	1	undefined	Move	1	brn	iapapaberry	1	-1	-1	1	0	boost:spe=1:undefined:undefined:undefined:false:false	undefined	undefined	8192	8192	8192	6	2
rattled	onDamagingHit	184	6	0	60	Water	1	1	0	10	100	1	0	greninjaash	0	0	0	1	1	1	1	1	60	160	1	0	true	missing	1	brn	wikiberry	1	1	0	1	1		undefined	true	0	0	0	1	2
rattled	onDamagingHit	185	6	1	40	Dark	0	0	1	100	100	1	8	greninjabond	1	0	0	1	1	6	1	2	0	0	1	1	null	Move	0	brn	wikiberry	0	-1	99	1	1	boost:spe=1:undefined:undefined:undefined:false:false	undefined	true	8	8	8	6	0
rattled	onDamagingHit	186	1	0	40	Fire	1	1	0	20	0	-1	24576	greninjaash	1	1	0	1	1	0	0	2	0	160	1	0	null	missing	0	brn	wikiberry	1	0	-1	0	1		undefined	undefined	24576	24576	24576	0	2
rattled	onDamagingHit	187	6	0	70	Fire	1	1	0	100	0	-1	16384	greninjabond	1	0	0	0	0	1	1	2	0	160	0	0	null	Move	1	brn	sitrusberry	0	-1	0	0	1		undefined	undefined	16384	16384	16384	1	2
rattled	onDamagingHit	188	1	1	60	Bug	1	0	0	100	-1	0	8	greninjaash	1	0	1	0	0	1	0	1	60	100	1	0	true	Ability	1	brn	sitrusberry	2	-1	1	0	1	boost:spe=1:undefined:undefined:undefined:false:false	undefined	false	8	8	8	1	0
rattled	onDamagingHit	189	0	6	70	Normal	0	0	1	20	0	-1	2048	greninjabond	1	1	0	1	1	1	1	1	100	100	0	0	false	missing	1	brn	magoberry	1	0	1	1	0		undefined	undefined	2048	2048	2048	1	0
rattled	onDamagingHit	190	1	6	60	Dark	0	0	0	0	100	1	2048	pikachu	0	1	1	0	1	0	0	0	60	0	0	0	true	missing	0	psn	figyberry	1	0	0	0	0	boost:spe=1:undefined:undefined:undefined:false:false	undefined	true	2048	2048	2048	0	0
rattled	onDamagingHit	191	6	0	40	Dark	0	1	1	100	100	-1	8	pikachu	1	1	0	1	1	1	1	0	0	0	1	0	false	Move	1	brn	figyberry	1	0	-1	0	1	boost:spe=1:undefined:undefined:undefined:false:false	undefined	undefined	8	8	8	1	2
rattled	onDamagingHit	192	6	0	70	Normal	0	1	0	20	-1	-1	8192	pikachu	1	1	1	0	1	6	1	0	100	0	0	1	undefined	Ability	1	brn	magoberry	0	-1	-1	0	1		undefined	undefined	8192	8192	8192	6	2
rattled	onDamagingHit	193	6	0	70	Bug	1	1	0	100	-1	0	2048	greninjaash	1	0	0	0	1	6	0	0	0	100	1	0	true	Ability	0	brn	sitrusberry	2	-1	0	0	1	boost:spe=1:undefined:undefined:undefined:false:false	undefined	false	2048	2048	2048	6	2
rattled	onDamagingHit	194	0	0	0	Normal	1	1	0	0	-1	1	16384	greninjaash	1	0	0	1	0	6	1	2	0	160	1	0	false	Move	0	psn	figyberry	0	1	-1	0	0		undefined	true	16384	16384	16384	6	2
rattled	onDamagingHit	195	1	0	60	Ghost	0	1	1	0	-1	1	8	pikachu	0	0	1	0	0	6	0	0	0	100	1	1	undefined	Ability	1	psn	magoberry	1	1	-1	1	0	boost:spe=1:undefined:undefined:undefined:false:false	undefined	true	8	8	8	6	2
rattled	onDamagingHit	196	-1	1	40	Water	0	0	0	20	-1	0	24576	pikachu	0	0	0	1	0	0	1	0	0	0	0	1	null	Ability	0	brn	sitrusberry	0	1	99	0	1		undefined	false	24576	24576	24576	0	0
rattled	onDamagingHit	197	6	0	0	Water	1	1	1	0	0	-1	24576	greninjaash	0	1	0	1	1	-1	0	2	0	160	0	1	false	missing	1	brn	figyberry	1	0	0	1	0		undefined	undefined	24576	24576	24576	-1	2
rattled	onDamagingHit	198	6	1	61	Normal	1	0	1	0	20	1	0	greninjabond	0	1	0	0	0	1	1	1	0	0	0	0	true	Move	1	brn	aguavberry	1	-1	99	0	1		undefined	true	0	0	0	1	0
rattled	onDamagingHit	199	6	6	60	Water	0	1	0	20	20	-1	8192	greninjaash	1	1	1	1	0	0	1	1	60	100	0	0	null	missing	1	psn	wikiberry	2	0	0	1	0		undefined	undefined	8192	8192	8192	0	2
rattled	onDamagingHit	200	6	0	40	Fire	0	0	1	100	100	0	8192	greninjabond	0	1	0	1	0	0	1	1	0	0	1	0	true	Ability	1	brn	figyberry	1	1	-1	0	0		undefined	false	8192	8192	8192	0	0
rattled	onDamagingHit	201	6	1	0	Water	0	0	0	20	20	1	2048	greninjaash	0	1	0	0	0	6	1	1	60	160	1	0	true	Move	1	psn	sitrusberry	1	0	1	0	1		undefined	true	2048	2048	2048	6	0
rattled	onDamagingHit	202	-1	1	61	Dark	1	0	0	20	20	-1	16384	greninjaash	1	0	0	1	0	1	0	1	60	160	0	0	undefined	Ability	1	brn	aguavberry	2	1	-1	1	0	boost:spe=1:undefined:undefined:undefined:false:false	undefined	undefined	16384	16384	16384	1	0
rattled	onDamagingHit	203	-1	0	0	Normal	0	1	0	10	20	-1	8192	pikachu	0	0	0	1	1	-1	0	1	60	160	0	1	false	Ability	1	psn	sitrusberry	0	0	1	0	1		undefined	undefined	8192	8192	8192	-1	2
rattled	onDamagingHit	204	1	6	61	Normal	0	1	1	10	-1	1	2048	pikachu	1	1	0	0	0	0	1	1	0	0	1	0	0	Move	0	brn	iapapaberry	2	0	0	0	1		undefined	true	2048	2048	2048	0	2
rattled	onDamagingHit	205	0	0	61	Dark	1	0	1	10	0	-1	8192	greninjaash	1	0	1	0	1	1	1	1	0	160	1	1	undefined	Ability	0	psn	aguavberry	2	-1	0	0	0	boost:spe=1:undefined:undefined:undefined:false:false	undefined	undefined	8192	8192	8192	1	0
rattled	onDamagingHit	206	-1	6	61	Fire	1	0	1	0	-1	-1	8	pikachu	0	0	0	0	0	6	1	2	60	160	0	0	null	Ability	0	psn	aguavberry	2	0	0	1	1		undefined	undefined	8	8	8	6	0
rattled	onDamagingHit	207	-1	6	70	Normal	1	1	1	0	0	-1	8192	greninjabond	0	0	0	0	1	-1	1	2	100	160	0	1	null	missing	1	psn	figyberry	1	0	0	0	1		undefined	undefined	8192	8192	8192	-1	2
rattled	onDamagingHit	208	-1	6	61	Fire	1	1	0	0	20	0	8192	greninjabond	1	0	0	1	0	1	1	1	100	160	0	1	true	missing	0	brn	leftovers	2	-1	99	0	0		undefined	false	8192	8192	8192	1	2
rattled	onDamagingHit	209	1	6	70	Fire	0	1	0	20	0	1	8	greninjaash	1	0	0	1	0	6	0	0	0	160	1	1	true	Ability	0	psn	wikiberry	2	1	-1	0	1		undefined	true	8	8	8	6	2
rattled	onDamagingHit	210	-1	6	0	Bug	1	0	1	0	100	0	24576	greninjabond	0	0	1	1	1	-1	0	1	0	0	0	0	undefined	missing	0	psn	wikiberry	0	1	-1	0	1	boost:spe=1:undefined:undefined:undefined:false:false	undefined	false	24576	24576	24576	-1	0
rattled	onDamagingHit	211	6	6	40	Water	0	1	1	10	20	1	8	greninjabond	0	0	1	1	0	0	0	0	100	0	0	0	0	Ability	1	brn	sitrusberry	1	-1	0	0	0		undefined	true	8	8	8	0	2
rattled	onDamagingHit	212	-1	1	60	Bug	1	1	0	0	-1	0	16384	pikachu	0	0	1	0	0	0	1	2	100	100	1	1	undefined	missing	0	brn	iapapaberry	0	0	1	1	0	boost:spe=1:undefined:undefined:undefined:false:false	undefined	false	16384	16384	16384	0	2
rattled	onDamagingHit	213	6	0	61	Ghost	0	1	0	100	100	0	16384	greninjaash	1	1	1	0	0	-1	0	1	60	160	1	1	false	Move	1	psn	sitrusberry	0	0	-1	0	0	boost:spe=1:undefined:undefined:undefined:false:false	undefined	false	16384	16384	16384	-1	2
rattled	onDamagingHit	214	1	6	40	Water	1	1	1	0	0	0	2048	greninjabond	0	0	0	0	1	6	0	0	60	160	1	0	false	missing	0	brn	leftovers	2	1	-1	0	0		undefined	false	2048	2048	2048	6	2
rattled	onDamagingHit	215	0	6	70	Fire	1	0	1	100	100	-1	8192	pikachu	0	0	1	0	0	6	0	0	100	0	1	0	true	Ability	0	psn	iapapaberry	2	1	1	0	1		undefined	undefined	8192	8192	8192	6	0
rattled	onDamagingHit	216	-1	0	61	Dark	0	1	1	10	0	-1	16384	greninjaash	1	0	1	0	0	-1	0	0	60	100	0	0	undefined	missing	0	brn	iapapaberry	2	-1	1	0	1	boost:spe=1:undefined:undefined:undefined:false:false	undefined	undefined	16384	16384	16384	-1	2
rattled	onDamagingHit	217	1	0	0	Fire	1	0	0	10	20	1	0	greninjaash	1	1	0	1	0	6	0	2	100	0	1	1	false	Ability	1	brn	magoberry	0	0	1	1	1		undefined	true	0	0	0	6	0
rattled	onDamagingHit	218	6	6	60	Ghost	0	1	1	20	0	0	2048	pikachu	0	1	1	1	0	6	1	1	60	160	0	0	undefined	missing	0	brn	figyberry	1	0	-1	1	1	boost:spe=1:undefined:undefined:undefined:false:false	undefined	false	2048	2048	2048	6	2
rattled	onDamagingHit	219	1	6	60	Ghost	1	1	1	20	100	0	8	greninjabond	1	0	0	0	0	1	0	0	60	100	1	0	true	missing	1	brn	iapapaberry	0	0	-1	1	0	boost:spe=1:undefined:undefined:undefined:false:false	undefined	false	8	8	8	1	2
rattled	onDamagingHit	220	1	1	70	Water	0	0	0	100	-1	0	16384	pikachu	0	0	0	1	1	-1	1	0	60	160	0	0	null	missing	1	brn	wikiberry	0	0	99	1	0		undefined	false	16384	16384	16384	-1	0
rattled	onDamagingHit	221	-1	0	40	Normal	1	0	0	10	100	1	8192	greninjaash	0	0	1	1	0	1	0	0	100	0	1	0	true	Move	0	brn	wikiberry	0	0	-1	0	0		undefined	true	8192	8192	8192	1	0
rattled	onDamagingHit	222	6	6	70	Ghost	1	1	0	0	100	-1	2048	greninjabond	0	1	1	1	0	-1	1	0	60	0	1	1	undefined	Move	1	psn	magoberry	1	1	1	1	0	boost:spe=1:undefined:undefined:undefined:false:false	undefined	undefined	2048	2048	2048	-1	2
rattled	onDamagingHit	223	1	0	0	Fire	1	0	0	20	20	1	0	greninjaash	0	0	0	1	0	6	0	0	100	100	0	0	false	Ability	0	brn	leftovers	2	-1	1	1	0		undefined	true	0	0	0	6	0
rattled	onDamagingHit	224	-1	6	0	Ghost	1	0	1	20	20	1	2048	greninjabond	0	1	0	1	0	0	0	0	100	160	1	1	true	Ability	0	brn	figyberry	0	-1	0	0	1	boost:spe=1:undefined:undefined:undefined:false:false	undefined	true	2048	2048	2048	0	0
rattled	onDamagingHit	225	1	6	60	Normal	0	1	0	10	100	0	24576	greninjabond	0	0	1	1	1	6	1	0	0	100	0	0	0	Ability	0	psn	iapapaberry	0	0	99	1	1		undefined	false	24576	24576	24576	6	2
rattled	onDamagingHit	226	1	1	0	Water	0	1	1	0	-1	-1	16384	greninjabond	0	1	1	1	1	0	0	1	60	0	1	0	0	missing	1	psn	iapapaberry	0	-1	-1	0	0		undefined	undefined	16384	16384	16384	0	2
rattled	onDamagingHit	227	-1	0	61	Fire	1	1	0	20	0	0	24576	greninjaash	1	0	1	1	1	-1	0	0	60	0	0	1	0	missing	1	psn	leftovers	2	0	1	0	1		undefined	false	24576	24576	24576	-1	2
rattled	onDamagingHit	228	0	1	40	Bug	1	0	1	20	20	1	8	greninjabond	1	1	0	0	1	-1	0	2	0	160	1	1	true	Move	1	brn	figyberry	1	1	-1	1	1	boost:spe=1:undefined:undefined:undefined:false:false	undefined	true	8	8	8	-1	0
rattled	onDamagingHit	229	1	6	40	Ghost	1	1	0	20	100	1	2048	pikachu	1	1	1	1	0	-1	1	0	100	160	1	0	null	Ability	1	brn	aguavberry	2	-1	99	1	1	boost:spe=1:undefined:undefined:undefined:false:false	undefined	true	2048	2048	2048	-1	2
rattled	onDamagingHit	230	-1	6	0	Bug	1	0	0	10	100	-1	8	greninjaash	0	1	1	1	1	-1	0	0	60	160	1	1	undefined	Move	0	brn	leftovers	1	1	-1	0	1	boost:spe=1:undefined:undefined:undefined:false:false	undefined	undefined	8	8	8	-1	0
rattled	onDamagingHit	231	1	6	40	Normal	1	0	1	0	-1	0	0	greninjaash	1	0	0	1	1	1	0	1	60	100	1	1	undefined	Move	0	brn	sitrusberry	2	0	99	0	1		undefined	false	0	0	0	1	0
rattled	onDamagingHit	232	-1	0	70	Dark	0	0	0	100	0	1	0	greninjaash	1	1	0	0	0	6	0	0	60	100	0	0	undefined	missing	1	brn	figyberry	1	1	-1	1	1	boost:spe=1:undefined:undefined:undefined:false:false	undefined	true	0	0	0	6	0
rattled	onDamagingHit	233	0	1	70	Bug	0	0	1	0	-1	0	16384	pikachu	1	1	1	0	1	6	0	2	100	160	0	0	undefined	Move	1	psn	sitrusberry	2	0	0	1	1	boost:spe=1:undefined:undefined:undefined:false:false	undefined	false	16384	16384	16384	6	0
rattled	onDamagingHit	234	0	6	70	Fire	0	0	0	20	100	1	24576	greninjabond	0	0	0	1	0	-1	0	0	60	100	1	0	null	missing	0	brn	figyberry	1	0	-1	1	1		undefined	true	24576	24576	24576	-1	0
rattled	onDamagingHit	235	6	6	60	Fire	1	1	1	100	0	0	8192	greninjaash	1	0	1	1	0	0	1	0	60	160	1	1	true	Move	0	psn	wikiberry	2	1	0	0	0		undefined	false	8192	8192	8192	0	2
rattled	onDamagingHit	236	6	6	60	Bug	0	1	0	10	20	1	8	greninjaash	0	1	1	1	1	6	0	1	100	160	1	0	false	Ability	1	brn	leftovers	0	-1	0	1	1	boost:spe=1:undefined:undefined:undefined:false:false	undefined	true	8	8	8	6	2
rattled	onDamagingHit	237	-1	6	60	Ghost	0	0	0	0	20	0	24576	pikachu	1	0	1	0	1	6	0	0	60	0	1	1	null	Ability	1	psn	wikiberry	2	0	99	1	1	boost:spe=1:undefined:undefined:undefined:false:false	undefined	false	24576	24576	24576	6	0
rattled	onDamagingHit	238	0	1	70	Dark	0	0	0	10	20	-1	0	pikachu	1	1	1	1	0	0	0	1	100	0	1	1	0	Move	1	psn	iapapaberry	0	-1	1	0	1	boost:spe=1:undefined:undefined:undefined:false:false	undefined	undefined	0	0	0	0	0
rattled	onDamagingHit	239	6	6	60	Water	0	0	0	100	100	1	16384	pikachu	1	0	1	0	0	0	0	1	60	100	0	1	false	Move	0	psn	leftovers	0	-1	99	0	0		undefined	true	16384	16384	16384	0	0
rattled	onDamagingHit	240	-1	1	61	Ghost	0	1	1	0	20	-1	8	pikachu	0	0	1	1	1	0	1	2	60	0	0	1	true	Ability	1	brn	wikiberry	1	1	99	1	0	boost:spe=1:undefined:undefined:undefined:false:false	undefined	undefined	8	8	8	0	2
rattled	onDamagingHit	241	0	6	60	Fire	1	1	1	0	100	1	8	greninjabond	1	0	1	0	1	6	1	1	0	0	0	1	0	missing	1	brn	iapapaberry	2	0	1	0	1		undefined	true	8	8	8	6	2
rattled	onDamagingHit	242	-1	6	0	Bug	0	0	0	0	0	1	0	greninjabond	0	0	0	1	1	6	1	2	0	100	1	0	undefined	Move	0	psn	sitrusberry	2	1	-1	1	1	boost:spe=1:undefined:undefined:undefined:false:false	undefined	true	0	0	0	6	0
rattled	onDamagingHit	243	1	1	0	Water	1	1	0	100	-1	-1	2048	greninjaash	0	0	0	0	0	1	1	0	0	100	0	0	true	Ability	0	psn	aguavberry	2	-1	99	1	1		undefined	undefined	2048	2048	2048	1	2
rattled	onDamagingHit	244	0	0	61	Bug	0	0	0	0	20	-1	24576	greninjabond	1	0	0	0	1	6	0	1	0	0	0	1	undefined	Ability	0	brn	wikiberry	2	-1	1	1	0	boost:spe=1:undefined:undefined:undefined:false:false	undefined	undefined	24576	24576	24576	6	0
rattled	onDamagingHit	245	0	1	40	Bug	1	1	0	10	20	-1	8	greninjabond	0	1	1	0	1	0	1	2	100	160	0	1	0	Move	0	brn	magoberry	1	1	99	1	1	boost:spe=1:undefined:undefined:undefined:false:false	undefined	undefined	8	8	8	0	2
rattled	onDamagingHit	246	1	1	60	Dark	0	1	0	10	-1	0	8192	pikachu	1	0	0	1	0	0	1	1	100	0	0	1	true	missing	1	brn	iapapaberry	0	-1	-1	1	0	boost:spe=1:undefined:undefined:undefined:false:false	undefined	false	8192	8192	8192	0	2
rattled	onDamagingHit	247	-1	1	60	Ghost	0	0	1	10	20	0	2048	greninjaash	1	0	0	0	0	-1	0	0	100	100	0	0	undefined	Move	0	psn	aguavberry	0	0	-1	1	1	boost:spe=1:undefined:undefined:undefined:false:false	undefined	false	2048	2048	2048	-1	0
rattled	onDamagingHit	248	0	6	0	Fire	1	1	1	10	-1	1	8	greninjaash	1	1	0	0	1	1	1	0	100	100	1	0	undefined	missing	1	brn	magoberry	2	1	1	1	0		undefined	true	8	8	8	1	2
rattled	onDamagingHit	249	0	6	0	Ghost	0	0	1	100	0	-1	8	greninjabond	0	1	1	1	0	6	0	1	0	0	0	1	false	Move	0	brn	aguavberry	2	0	-1	0	1	boost:spe=1:undefined:undefined:undefined:false:false	undefined	undefined	8	8	8	6	0
rattled	onDamagingHit	250	6	0	60	Bug	0	0	0	20	-1	-1	2048	greninjaash	0	1	0	1	1	0	0	0	60	160	1	0	0	Ability	1	brn	aguavberry	0	1	-1	0	0	boost:spe=1:undefined:undefined:undefined:false:false	undefined	undefined	2048	2048	2048	0	0
rattled	onDamagingHit	251	-1	6	61	Bug	0	1	1	0	20	1	2048	greninjabond	0	0	1	0	1	6	1	1	60	160	0	1	false	Move	0	brn	figyberry	0	-1	1	0	0	boost:spe=1:undefined:undefined:undefined:false:false	undefined	true	2048	2048	2048	6	2
rattled	onDamagingHit	252	6	6	0	Water	1	0	1	100	20	1	0	greninjabond	0	0	0	1	1	1	1	2	100	160	1	0	true	Ability	0	psn	wikiberry	1	1	99	1	0		undefined	true	0	0	0	1	0
rattled	onDamagingHit	253	6	1	61	Bug	0	0	1	100	20	-1	2048	greninjabond	1	0	0	0	1	6	0	2	100	0	0	0	0	Ability	1	brn	leftovers	0	1	1	0	1	boost:spe=1:undefined:undefined:undefined:false:false	undefined	undefined	2048	2048	2048	6	0
rattled	onDamagingHit	254	-1	1	70	Normal	0	1	1	10	0	1	8192	pikachu	1	0	0	1	1	1	0	0	0	160	0	1	undefined	missing	0	psn	aguavberry	2	1	1	0	0		undefined	true	8192	8192	8192	1	2
rattled	onDamagingHit	255	-1	0	40	Fire	0	0	1	0	-1	0	0	pikachu	0	0	1	1	1	6	1	1	60	100	1	0	false	missing	1	brn	wikiberry	2	0	0	0	0		undefined	false	0	0	0	6	0
rattled	onDamagingHit	256	0	6	70	Dark	0	0	0	20	100	-1	24576	greninjabond	0	1	0	1	1	-1	1	1	100	0	0	1	true	missing	0	brn	leftovers	0	1	0	1	1	boost:spe=1:undefined:undefined:undefined:false:false	undefined	undefined	24576	24576	24576	-1	0
rattled	onDamagingHit	257	-1	6	61	Normal	0	1	1	100	20	-1	2048	greninjabond	1	0	1	1	0	6	1	2	100	0	0	1	undefined	Ability	1	psn	wikiberry	2	1	0	0	1		undefined	undefined	2048	2048	2048	6	2
rattled	onDamagingHit	258	6	0	61	Dark	1	1	0	0	20	0	8192	pikachu	1	1	1	1	0	-1	0	2	100	160	0	0	null	Ability	0	psn	wikiberry	2	0	-1	1	0	boost:spe=1:undefined:undefined:undefined:false:false	undefined	false	8192	8192	8192	-1	2
rattled	onDamagingHit	259	6	0	70	Dark	0	1	1	10	20	0	2048	pikachu	0	0	0	1	0	-1	1	2	0	100	1	1	true	Ability	0	brn	leftovers	1	-1	-1	0	1	boost:spe=1:undefined:undefined:undefined:false:false	undefined	false	2048	2048	2048	-1	2
rattled	onDamagingHit	260	0	6	0	Fire	0	1	0	20	20	1	2048	greninjaash	0	1	1	0	1	1	1	0	60	100	0	1	0	missing	0	psn	wikiberry	1	0	-1	0	0		undefined	true	2048	2048	2048	1	2
rattled	onDamagingHit	261	0	1	70	Ghost	0	0	1	0	20	1	24576	pikachu	0	1	0	1	0	0	0	1	60	160	0	0	true	missing	0	psn	leftovers	2	0	1	0	1	boost:spe=1:undefined:undefined:undefined:false:false	undefined	true	24576	24576	24576	0	0
rattled	onDamagingHit	262	0	6	70	Fire	0	0	1	10	100	1	16384	greninjaash	1	1	0	1	0	1	0	0	60	0	0	1	false	Move	1	brn	leftovers	0	1	-1	1	1		undefined	true	16384	16384	16384	1	0
rattled	onDamagingHit	263	0	1	70	Ghost	1	0	0	20	100	1	8	greninjabond	0	0	0	0	0	1	1	0	0	160	0	1	null	Move	1	brn	figyberry	1	-1	0	0	1	boost:spe=1:undefined:undefined:undefined:false:false	undefined	true	8	8	8	1	0
rattled	onDamagingHit	264	0	0	40	Ghost	1	0	1	100	-1	-1	0	pikachu	0	0	1	0	1	0	0	1	60	0	0	0	false	Move	0	brn	magoberry	0	1	-1	1	1	boost:spe=1:undefined:undefined:undefined:false:false	undefined	undefined	0	0	0	0	0
rattled	onDamagingHit	265	-1	6	0	Dark	1	1	1	100	0	0	24576	greninjaash	1	1	1	0	0	6	1	0	100	100	1	0	0	Ability	0	psn	wikiberry	1	0	99	1	1	boost:spe=1:undefined:undefined:undefined:false:false	undefined	false	24576	24576	24576	6	2
rattled	onDamagingHit	266	1	1	60	Water	1	1	1	20	100	1	2048	greninjabond	1	1	1	1	1	1	1	1	100	0	0	0	false	Move	0	brn	magoberry	1	-1	-1	0	1		undefined	true	2048	2048	2048	1	2
rattled	onDamagingHit	267	1	6	70	Fire	0	1	0	10	100	1	0	greninjaash	1	0	1	1	0	0	1	2	100	160	0	0	false	Move	0	psn	figyberry	0	1	99	1	0		undefined	true	0	0	0	0	2
rattled	onDamagingHit	268	6	0	61	Fire	1	1	1	10	100	0	0	greninjabond	1	0	0	1	0	1	1	2	0	160	0	1	false	Ability	0	psn	wikiberry	1	-1	0	0	1		undefined	false	0	0	0	1	2
rattled	onDamagingHit	269	1	0	0	Fire	1	1	1	20	-1	0	0	pikachu	0	0	0	1	0	6	1	2	0	160	0	1	null	Ability	1	psn	magoberry	1	1	0	0	1		undefined	false	0	0	0	6	2
rattled	onDamagingHit	270	1	0	61	Water	0	0	1	10	100	1	8	greninjabond	1	1	1	1	1	6	1	2	0	160	1	1	false	Ability	1	psn	figyberry	0	0	1	0	0		undefined	true	8	8	8	6	0
rattled	onDamagingHit	271	1	1	40	Bug	1	0	1	10	20	1	24576	greninjabond	0	0	1	0	0	0	1	2	100	100	1	1	null	Ability	1	psn	leftovers	2	1	1	1	0	boost:spe=1:undefined:undefined:undefined:false:false	undefined	true	24576	24576	24576	0	0
rattled	onDamagingHit	272	0	1	0	Dark	0	1	1	0	100	0	2048	pikachu	1	0	0	1	1	6	0	2	0	160	1	0	0	Move	0	brn	wikiberry	2	-1	99	1	0	boost:spe=1:undefined:undefined:undefined:false:false	undefined	false	2048	2048	2048	6	2
rattled	onDamagingHit	273	-1	0	70	Ghost	0	0	0	20	20	0	2048	pikachu	0	0	0	0	1	6	0	2	60	0	1	0	true	missing	1	brn	aguavberry	0	0	0	1	1	boost:spe=1:undefined:undefined:undefined:false:false	undefined	false	2048	2048	2048	6	0
rattled	onDamagingHit	274	0	0	61	Ghost	1	0	1	0	-1	1	16384	pikachu	1	0	1	1	0	0	0	2	60	100	0	0	0	Ability	1	psn	wikiberry	2	1	-1	1	1	boost:spe=1:undefined:undefined:undefined:false:false	undefined	true	16384	16384	16384	0	0
rattled	onDamagingHit	275	-1	1	60	Water	1	0	1	20	0	-1	2048	pikachu	1	1	1	0	1	1	1	1	0	160	1	0	undefined	Move	1	psn	wikiberry	2	1	1	0	1		undefined	undefined	2048	2048	2048	1	0
rattled	onDamagingHit	276	1	6	70	Dark	0	0	1	10	100	1	2048	greninjabond	0	0	1	0	0	0	0	2	100	0	1	0	null	missing	1	psn	magoberry	2	0	1	0	1	boost:spe=1:undefined:undefined:undefined:false:false	undefined	true	2048	2048	2048	0	0
rattled	onDamagingHit	277	-1	0	0	Bug	0	0	1	100	-1	1	8	greninjabond	1	1	0	0	0	0	0	0	60	160	0	1	null	Ability	1	brn	magoberry	2	0	0	1	1	boost:spe=1:undefined:undefined:undefined:false:false	undefined	true	8	8	8	0	0
rattled	onDamagingHit	278	6	0	0	Fire	1	0	0	10	20	-1	8192	greninjabond	0	0	1	1	0	-1	0	1	100	0	1	1	null	Move	0	brn	wikiberry	0	-1	-1	1	0		undefined	undefined	8192	8192	8192	-1	0
rattled	onDamagingHit	279	1	1	60	Bug	1	0	0	100	-1	1	8192	greninjaash	1	0	1	1	1	-1	1	2	60	0	0	0	null	Move	1	psn	aguavberry	2	1	1	0	1	boost:spe=1:undefined:undefined:undefined:false:false	undefined	true	8192	8192	8192	-1	0
rattled	onDamagingHit	280	0	1	60	Dark	1	0	0	20	-1	-1	16384	greninjaash	0	1	0	0	1	-1	0	0	100	100	0	1	false	Ability	0	brn	leftovers	2	0	1	0	0	boost:spe=1:undefined:undefined:undefined:false:false	undefined	undefined	16384	16384	16384	-1	0
rattled	onDamagingHit	281	6	1	60	Normal	0	1	0	20	100	0	8192	pikachu	1	1	0	0	1	6	1	0	100	0	1	1	undefined	Move	1	psn	leftovers	1	-1	1	1	1		undefined	false	8192	8192	8192	6	2
rattled	onDamagingHit	282	-1	0	61	Bug	1	0	1	20	20	0	8	greninjaash	1	0	0	1	1	6	0	0	100	0	1	1	undefined	missing	0	brn	leftovers	2	-1	0	1	0	boost:spe=1:undefined:undefined:undefined:false:false	undefined	false	8	8	8	6	0
rattled	onDamagingHit	283	6	1	70	Water	1	0	0	20	-1	0	24576	greninjaash	1	1	0	1	0	6	0	2	0	100	0	1	false	Ability	1	brn	figyberry	1	0	-1	1	0		undefined	false	24576	24576	24576	6	0
rattled	onDamagingHit	284	-1	0	60	Ghost	0	0	0	0	100	1	8	pikachu	1	1	1	1	0	0	0	0	100	0	0	1	false	missing	1	psn	iapapaberry	2	1	99	0	0	boost:spe=1:undefined:undefined:undefined:false:false	undefined	true	8	8	8	0	0
rattled	onDamagingHit	285	1	6	40	Normal	0	1	1	10	-1	-1	8	greninjabond	0	0	0	0	1	6	1	1	0	160	1	1	true	Move	0	brn	sitrusberry	0	1	-1	1	1		undefined	undefined	8	8	8	6	2
rattled	onDamagingHit	286	-1	1	40	Bug	1	1	0	10	-1	-1	16384	greninjabond	0	0	1	1	1	-1	0	2	100	100	1	1	null	Ability	1	psn	sitrusberry	1	1	1	1	1	boost:spe=1:undefined:undefined:undefined:false:false	undefined	undefined	16384	16384	16384	-1	2
rattled	onDamagingHit	287	6	0	40	Fire	0	0	1	20	100	0	24576	greninjabond	1	0	0	1	0	6	1	1	100	100	1	1	0	Ability	1	psn	leftovers	0	1	99	0	0		undefined	false	24576	24576	24576	6	0
rattled	onDamagingHit	288	0	0	61	Ghost	1	0	1	100	0	-1	2048	greninjabond	1	1	1	1	0	1	1	2	60	160	0	0	undefined	Move	1	brn	wikiberry	1	-1	0	0	0	boost:spe=1:undefined:undefined:undefined:false:false	undefined	undefined	2048	2048	2048	1	0
rattled	onDamagingHit	289	6	6	60	Water	1	0	0	10	-1	1	8	greninjabond	1	0	0	1	1	6	0	2	100	0	1	1	true	missing	0	psn	sitrusberry	1	0	-1	0	1		undefined	true	8	8	8	6	0
rattled	onDamagingHit	290	6	1	40	Ghost	1	1	0	10	100	1	16384	greninjaash	1	1	0	0	1	1	1	1	0	160	1	1	null	Ability	1	psn	aguavberry	2	-1	0	0	1	boost:spe=1:undefined:undefined:undefined:false:false	undefined	true	16384	16384	16384	1	2
rattled	onDamagingHit	291	1	6	40	Normal	1	0	1	100	-1	-1	8	greninjabond	1	1	1	1	1	-1	0	2	100	160	0	1	false	Ability	1	brn	leftovers	0	1	99	1	1		undefined	undefined	8	8	8	-1	0
rattled	onDamagingHit	292	1	1	0	Ghost	1	1	1	100	100	-1	8	greninjabond	0	1	0	0	0	-1	0	2	0	160	0	0	true	Move	1	psn	leftovers	1	0	-1	0	0	boost:spe=1:undefined:undefined:undefined:false:false	undefined	undefined	8	8	8	-1	2
rattled	onDamagingHit	293	6	6	61	Fire	1	0	0	100	0	-1	2048	greninjaash	0	1	1	1	1	0	0	0	0	0	1	0	null	Ability	1	psn	aguavberry	1	0	-1	1	1		undefined	undefined	2048	2048	2048	0	0
rattled	onDamagingHit	294	0	0	0	Dark	1	1	0	10	0	0	24576	pikachu	0	1	0	1	1	0	1	2	60	100	0	1	0	missing	1	brn	figyberry	1	-1	-1	0	1	boost:spe=1:undefined:undefined:undefined:false:false	undefined	false	24576	24576	24576	0	2
rattled	onDamagingHit	295	-1	6	70	Fire	0	0	0	10	20	1	8	pikachu	1	0	1	0	0	1	1	2	100	0	1	1	true	missing	0	brn	figyberry	0	1	99	1	1		undefined	true	8	8	8	1	0
rattled	onDamagingHit	296	1	1	40	Fire	0	1	1	0	20	-1	8192	greninjaash	0	0	0	0	0	-1	1	1	100	0	1	1	false	missing	1	brn	magoberry	0	0	-1	0	1		undefined	undefined	8192	8192	8192	-1	2
rattled	onDamagingHit	297	6	0	0	Fire	0	1	0	10	100	0	16384	greninjabond	0	1	0	1	0	6	1	0	100	100	1	0	null	missing	1	brn	magoberry	0	1	0	0	0		undefined	false	16384	16384	16384	6	2
rattled	onDamagingHit	298	6	6	70	Bug	1	1	0	100	0	-1	24576	greninjaash	0	1	0	0	0	0	0	1	100	160	1	1	undefined	missing	1	psn	iapapaberry	1	-1	0	1	1	boost:spe=1:undefined:undefined:undefined:false:false	undefined	undefined	24576	24576	24576	0	2
rattled	onDamagingHit	299	0	1	60	Dark	0	0	1	100	20	1	24576	pikachu	0	1	0	0	1	0	0	0	0	100	1	0	false	Move	1	psn	aguavberry	0	0	0	0	0	boost:spe=1:undefined:undefined:undefined:false:false	undefined	true	24576	24576	24576	0	0
rattled	onDamagingHit	300	-1	6	61	Dark	0	1	1	20	100	1	8	pikachu	0	0	1	1	0	-1	1	1	60	160	1	1	true	Ability	0	psn	wikiberry	2	-1	0	1	1	boost:spe=1:undefined:undefined:undefined:false:false	undefined	true	8	8	8	-1	2
rattled	onDamagingHit	301	0	1	60	Water	0	1	0	0	0	0	24576	greninjabond	1	0	1	1	1	6	1	2	60	0	1	0	true	Move	0	psn	iapapaberry	2	0	99	0	1		undefined	false	24576	24576	24576	6	2
rattled	onDamagingHit	302	6	0	70	Bug	1	0	1	10	100	0	8192	greninjaash	0	1	0	1	0	0	0	0	0	0	0	1	undefined	Ability	0	brn	leftovers	2	0	1	1	0	boost:spe=1:undefined:undefined:undefined:false:false	undefined	false	8192	8192	8192	0	0
rattled	onDamagingHit	303	-1	1	61	Bug	0	0	0	100	-1	-1	2048	greninjaash	1	0	0	0	1	0	0	2	60	0	0	0	true	Move	0	brn	wikiberry	1	0	-1	0	0	boost:spe=1:undefined:undefined:undefined:false:false	undefined	undefined	2048	2048	2048	0	0
rattled	onDamagingHit	304	1	1	61	Fire	1	1	0	10	0	0	8192	greninjabond	0	1	0	1	0	0	1	2	0	100	0	0	false	Move	1	brn	aguavberry	1	-1	99	0	1		undefined	false	8192	8192	8192	0	2
rattled	onDamagingHit	305	1	1	40	Ghost	0	0	0	0	0	1	24576	pikachu	1	0	0	0	0	-1	1	2	0	100	1	0	true	missing	0	brn	wikiberry	0	0	99	0	0	boost:spe=1:undefined:undefined:undefined:false:false	undefined	true	24576	24576	24576	-1	0
rattled	onDamagingHit	306	1	1	40	Fire	0	1	0	10	-1	-1	24576	pikachu	0	0	0	0	1	6	1	2	60	160	0	1	true	missing	0	brn	iapapaberry	2	0	0	0	0		undefined	undefined	24576	24576	24576	6	2
rattled	onDamagingHit	307	6	1	0	Dark	0	0	0	0	100	0	8192	pikachu	0	1	1	0	0	1	0	2	60	100	0	0	true	Ability	1	psn	figyberry	0	-1	-1	1	1	boost:spe=1:undefined:undefined:undefined:false:false	undefined	false	8192	8192	8192	1	0
rattled	onDamagingHit	308	1	0	60	Dark	1	0	0	10	0	0	0	greninjabond	1	0	1	0	1	6	1	0	60	0	0	0	true	Ability	0	psn	iapapaberry	1	-1	1	1	1	boost:spe=1:undefined:undefined:undefined:false:false	undefined	false	0	0	0	6	0
rattled	onDamagingHit	309	6	6	61	Water	0	0	0	20	0	0	0	greninjabond	0	1	1	0	0	0	1	0	100	0	1	1	true	missing	1	brn	figyberry	1	-1	99	0	1		undefined	false	0	0	0	0	0
rattled	onDamagingHit	310	-1	6	61	Dark	1	0	1	10	20	0	0	pikachu	0	1	0	1	1	1	0	0	0	100	0	1	null	Move	1	psn	sitrusberry	2	0	-1	0	0	boost:spe=1:undefined:undefined:undefined:false:false	undefined	false	0	0	0	1	0
rattled	onDamagingHit	311	0	6	70	Water	1	0	1	20	100	1	2048	pikachu	0	0	1	1	0	-1	0	2	100	0	1	0	true	Move	0	psn	sitrusberry	2	0	0	0	1		undefined	true	2048	2048	2048	-1	0
rattled	onDamagingHit	312	1	1	61	Dark	0	0	1	20	20	0	24576	pikachu	1	1	1	0	0	6	0	0	60	100	0	1	null	Move	0	psn	leftovers	2	1	1	0	0	boost:spe=1:undefined:undefined:undefined:false:false	undefined	false	24576	24576	24576	6	0
rattled	onDamagingHit	313	1	6	0	Normal	1	1	0	0	20	0	2048	greninjaash	0	1	1	0	0	-1	0	0	0	100	0	0	0	Move	1	psn	aguavberry	2	0	-1	0	0		undefined	false	2048	2048	2048	-1	2
rattled	onDamagingHit	314	0	1	40	Water	0	0	1	100	100	-1	0	greninjabond	0	0	1	0	0	1	1	1	0	160	0	1	null	missing	1	psn	sitrusberry	0	0	0	1	0		undefined	undefined	0	0	0	1	0
rattled	onDamagingHit	315	1	6	61	Bug	0	0	1	0	100	-1	8	greninjaash	0	1	1	1	1	6	0	2	0	160	1	1	undefined	missing	0	psn	sitrusberry	0	0	1	1	0	boost:spe=1:undefined:undefined:undefined:false:false	undefined	undefined	8	8	8	6	0
rattled	onDamagingHit	316	0	6	60	Fire	0	1	1	0	0	-1	0	greninjabond	0	1	0	1	1	6	1	0	60	100	0	1	true	Ability	0	psn	aguavberry	0	0	99	1	0		undefined	undefined	0	0	0	6	2
rattled	onDamagingHit	317	-1	0	0	Ghost	1	1	0	100	100	1	8	greninjaash	0	0	1	0	0	6	0	1	100	160	1	1	false	Move	0	psn	magoberry	2	0	99	0	1	boost:spe=1:undefined:undefined:undefined:false:false	undefined	true	8	8	8	6	2
rattled	onDamagingHit	318	0	6	60	Normal	1	1	1	10	20	-1	8192	greninjabond	1	0	0	1	0	1	1	0	0	0	1	1	undefined	missing	1	brn	magoberry	2	0	1	1	1		undefined	undefined	8192	8192	8192	1	2
rattled	onDamagingHit	319	1	1	0	Normal	1	0	0	0	20	1	2048	pikachu	0	0	1	0	0	6	0	2	60	0	0	1	0	Move	0	psn	figyberry	0	0	0	1	0		undefined	true	2048	2048	2048	6	0
rattled	onDamagingHit	320	1	1	70	Ghost	1	0	1	100	0	0	0	greninjaash	0	0	0	1	0	-1	0	0	100	100	1	0	true	Move	0	psn	figyberry	1	-1	0	1	0	boost:spe=1:undefined:undefined:undefined:false:false	undefined	false	0	0	0	-1	0
rattled	onDamagingHit	321	1	0	60	Ghost	0	0	1	0	0	0	24576	greninjaash	0	1	1	1	0	-1	1	1	0	0	0	1	true	missing	1	psn	magoberry	2	0	1	1	0	boost:spe=1:undefined:undefined:undefined:false:false	undefined	false	24576	24576	24576	-1	0
rattled	onDamagingHit	322	-1	1	60	Dark	0	0	1	10	0	-1	8	greninjaash	0	1	1	0	1	-1	0	0	60	0	0	1	undefined	Move	1	brn	sitrusberry	1	1	0	1	1	boost:spe=1:undefined:undefined:undefined:false:false	undefined	undefined	8	8	8	-1	0
rattled	onDamagingHit	323	0	0	0	Water	1	0	0	10	0	1	16384	pikachu	1	1	0	1	1	-1	1	0	60	160	0	0	0	Ability	0	brn	aguavberry	2	-1	0	0	1		undefined	true	16384	16384	16384	-1	0
rattled	onDamagingHit	324	6	6	61	Dark	1	1	1	100	0	-1	16384	greninjabond	1	1	1	0	1	1	0	1	100	160	1	0	undefined	Move	1	psn	wikiberry	1	-1	-1	1	0	boost:spe=1:undefined:undefined:undefined:false:false	undefined	undefined	16384	16384	16384	1	2
rattled	onDamagingHit	325	1	0	40	Dark	0	0	0	10	100	1	2048	pikachu	1	0	1	0	0	0	1	0	60	100	1	0	undefined	Ability	0	psn	leftovers	1	0	1	0	1	boost:spe=1:undefined:undefined:undefined:false:false	undefined	true	2048	2048	2048	0	0
rattled	onDamagingHit	326	1	0	70	Dark	0	1	0	10	-1	0	24576	pikachu	1	0	1	1	1	6	0	0	100	0	1	1	true	Ability	0	psn	sitrusberry	1	1	-1	1	0	boost:spe=1:undefined:undefined:undefined:false:false	undefined	false	24576	24576	24576	6	2
rattled	onDamagingHit	327	1	6	0	Fire	1	0	1	100	-1	0	16384	greninjaash	0	0	0	0	1	1	0	1	100	100	1	1	undefined	missing	0	brn	figyberry	0	1	1	0	1		undefined	false	16384	16384	16384	1	0
rattled	onDamagingHit	328	1	0	70	Bug	1	1	0	0	20	0	16384	greninjaash	1	0	1	0	1	1	0	1	100	160	0	1	null	Ability	0	psn	magoberry	1	1	0	1	1	boost:spe=1:undefined:undefined:undefined:false:false	undefined	false	16384	16384	16384	1	2
rattled	onDamagingHit	329	1	6	61	Dark	1	1	1	100	-1	0	8192	greninjabond	1	0	1	1	1	-1	0	2	0	100	0	1	false	missing	0	brn	magoberry	2	1	99	1	0	boost:spe=1:undefined:undefined:undefined:false:false	undefined	false	8192	8192	8192	-1	2
rattled	onDamagingHit	330	6	1	70	Water	0	1	1	100	-1	-1	8192	greninjabond	0	1	1	0	1	6	1	1	0	0	1	1	undefined	Ability	0	psn	aguavberry	0	1	0	0	1		undefined	undefined	8192	8192	8192	6	2
rattled	onDamagingHit	331	6	1	61	Fire	1	0	1	20	-1	1	2048	greninjabond	1	1	1	0	0	0	1	2	100	0	1	0	null	missing	0	brn	iapapaberry	0	0	99	1	0		undefined	true	2048	2048	2048	0	0
rattled	onDamagingHit	332	0	1	70	Ghost	1	0	0	20	0	0	8192	greninjabond	0	0	1	1	1	1	0	1	0	0	0	1	false	Move	1	psn	aguavberry	0	-1	1	1	0	boost:spe=1:undefined:undefined:undefined:false:false	undefined	false	8192	8192	8192	1	0
rattled	onDamagingHit	333	-1	1	0	Bug	0	1	0	20	100	-1	2048	greninjabond	0	1	0	1	0	6	0	0	0	0	0	0	true	missing	1	brn	leftovers	0	0	1	1	1	boost:spe=1:undefined:undefined:undefined:false:false	undefined	undefined	2048	2048	2048	6	2
rattled	onDamagingHit	334	6	0	61	Water	0	1	0	10	0	-1	16384	greninjaash	1	1	1	1	1	-1	0	0	0	100	1	1	null	missing	1	brn	wikiberry	0	1	1	0	0		undefined	undefined	16384	16384	16384	-1	2
rattled	onDamagingHit	335	6	6	0	Dark	0	0	0	10	100	0	2048	greninjaash	1	1	1	1	0	0	0	2	100	100	1	0	true	Move	0	brn	figyberry	1	0	1	1	0	boost:spe=1:undefined:undefined:undefined:false:false	undefined	false	2048	2048	2048	0	0
rattled	onDamagingHit	336	6	6	61	Water	0	0	1	10	-1	1	0	greninjaash	0	1	1	0	1	6	0	0	0	160	1	0	null	Ability	1	psn	sitrusberry	2	-1	-1	1	1		undefined	true	0	0	0	6	0
rattled	onDamagingHit	337	0	1	40	Normal	1	0	1	100	100	-1	2048	greninjaash	0	1	1	0	1	-1	1	0	60	100	0	0	false	missing	1	brn	figyberry	1	1	0	1	0		undefined	undefined	2048	2048	2048	-1	0
rattled	onDamagingHit	338	6	1	0	Ghost	0	1	0	10	20	0	0	pikachu	1	1	0	0	0	0	1	1	0	100	1	1	undefined	Move	1	brn	leftovers	2	1	0	1	0	boost:spe=1:undefined:undefined:undefined:false:false	undefined	false	0	0	0	0	2
rattled	onDamagingHit	339	1	1	61	Dark	1	0	0	20	-1	1	0	pikachu	1	1	0	0	1	1	1	1	60	100	1	1	undefined	Move	0	psn	figyberry	1	0	1	1	1	boost:spe=1:undefined:undefined:undefined:false:false	undefined	true	0	0	0	1	0
rattled	onDamagingHit	340	6	6	60	Ghost	0	0	1	10	0	1	24576	greninjaash	1	1	0	1	1	1	0	1	100	0	0	0	false	missing	1	psn	magoberry	2	0	99	0	1	boost:spe=1:undefined:undefined:undefined:false:false	undefined	true	24576	24576	24576	1	0
rattled	onDamagingHit	341	1	6	60	Normal	1	0	1	0	20	-1	8	greninjabond	0	0	0	1	1	0	1	1	100	100	0	0	undefined	Move	0	brn	leftovers	2	0	0	1	1		undefined	undefined	8	8	8	0	0
rattled	onDamagingHit	342	0	0	60	Fire	0	0	0	10	100	-1	8	greninjabond	1	1	1	1	0	-1	1	0	60	0	0	1	null	missing	1	psn	magoberry	1	1	0	1	1		undefined	undefined	8	8	8	-1	0
rattled	onDamagingHit	343	-1	1	70	Bug	0	1	0	0	20	1	2048	greninjaash	1	1	0	1	1	-1	1	1	0	100	0	1	true	missing	1	brn	aguavberry	0	1	99	1	0	boost:spe=1:undefined:undefined:undefined:false:false	undefined	true	2048	2048	2048	-1	2
rattled	onDamagingHit	344	6	1	70	Bug	1	0	0	20	100	-1	8	pikachu	0	1	0	1	1	0	1	0	100	0	1	1	null	Move	1	psn	aguavberry	1	0	99	1	0	boost:spe=1:undefined:undefined:undefined:false:false	undefined	undefined	8	8	8	0	0
rattled	onDamagingHit	345	0	1	60	Bug	0	1	1	20	-1	0	8192	greninjaash	0	0	1	0	1	-1	1	2	0	0	0	0	null	missing	0	psn	sitrusberry	0	1	99	0	0	boost:spe=1:undefined:undefined:undefined:false:false	undefined	false	8192	8192	8192	-1	2
rattled	onDamagingHit	346	1	0	70	Bug	1	0	0	100	100	1	8	greninjaash	1	0	0	0	1	-1	0	0	60	160	1	1	null	Ability	1	psn	leftovers	1	-1	0	0	0	boost:spe=1:undefined:undefined:undefined:false:false	undefined	true	8	8	8	-1	0
rattled	onDamagingHit	347	0	0	70	Bug	0	0	0	100	20	0	0	greninjaash	0	1	1	1	1	6	1	0	0	100	0	1	false	missing	0	psn	iapapaberry	1	-1	0	0	1	boost:spe=1:undefined:undefined:undefined:false:false	undefined	false	0	0	0	6	0
rattled	onDamagingHit	348	0	1	0	Dark	1	1	1	0	0	1	8	greninjabond	1	1	1	0	0	0	0	1	100	160	1	1	0	missing	0	psn	magoberry	0	1	-1	0	1	boost:spe=1:undefined:undefined:undefined:false:false	undefined	true	8	8	8	0	2
rattled	onDamagingHit	349	6	6	40	Ghost	0	1	1	20	20	0	2048	greninjaash	1	1	0	0	1	6	1	1	0	160	0	1	false	Move	1	psn	figyberry	2	1	0	1	1	boost:spe=1:undefined:undefined:undefined:false:false	undefined	false	2048	2048	2048	6	2
rattled	onDamagingHit	350	1	6	61	Normal	0	0	1	10	20	0	8192	greninjaash	1	0	0	0	1	0	0	0	60	160	0	0	undefined	Ability	0	brn	leftovers	0	1	99	0	1		undefined	false	8192	8192	8192	0	0
rattled	onDamagingHit	351	0	0	70	Water	0	1	1	100	-1	1	8	pikachu	1	1	1	0	1	-1	1	1	100	0	1	1	false	missing	1	psn	leftovers	0	1	99	0	1		undefined	true	8	8	8	-1	2
rattled	onDamagingHit	352	6	1	40	Normal	0	1	0	100	-1	1	8	greninjaash	1	0	1	0	1	1	1	2	0	160	0	0	true	Ability	1	psn	iapapaberry	1	1	1	1	0		undefined	true	8	8	8	1	2
rattled	onDamagingHit	353	0	1	61	Ghost	1	0	1	20	20	0	16384	greninjabond	1	1	0	0	0	-1	0	1	60	160	1	1	0	Ability	1	brn	iapapaberry	0	-1	-1	0	0	boost:spe=1:undefined:undefined:undefined:false:false	undefined	false	16384	16384	16384	-1	0
rattled	onDamagingHit	354	0	0	0	Ghost	1	0	0	10	0	0	8	pikachu	1	0	0	0	0	1	1	1	0	160	0	1	0	Move	0	brn	aguavberry	2	1	0	1	1	boost:spe=1:undefined:undefined:undefined:false:false	undefined	false	8	8	8	1	0
rattled	onDamagingHit	355	6	6	40	Normal	0	0	1	100	100	1	16384	greninjaash	0	1	0	0	0	0	1	1	100	160	1	0	true	missing	0	brn	leftovers	1	-1	99	1	0		undefined	true	16384	16384	16384	0	0
rattled	onDamagingHit	356	-1	6	60	Ghost	0	1	0	100	-1	1	16384	greninjaash	0	0	1	1	0	0	1	2	100	100	0	0	false	Move	0	psn	leftovers	1	1	0	0	0	boost:spe=1:undefined:undefined:undefined:false:false	undefined	true	16384	16384	16384	0	2
rattled	onDamagingHit	357	0	1	0	Water	0	0	1	100	20	1	8192	greninjaash	0	0	0	0	1	0	0	2	0	160	0	1	0	missing	0	psn	aguavberry	2	0	-1	0	0		undefined	true	8192	8192	8192	0	0
rattled	onDamagingHit	358	6	6	70	Ghost	0	1	1	20	20	-1	0	pikachu	1	0	0	0	0	0	1	0	100	160	0	0	undefined	Ability	1	psn	aguavberry	1	0	0	1	0	boost:spe=1:undefined:undefined:undefined:false:false	undefined	undefined	0	0	0	0	2
rattled	onDamagingHit	359	0	6	70	Dark	0	1	0	10	0	0	8192	pikachu	0	1	1	0	0	6	1	1	60	100	0	0	undefined	Ability	1	psn	leftovers	2	0	-1	1	0	boost:spe=1:undefined:undefined:undefined:false:false	undefined	false	8192	8192	8192	6	2
rattled	onDamagingHit	360	6	1	0	Normal	1	1	1	0	100	0	24576	pikachu	0	0	1	1	1	-1	1	2	0	0	1	1	undefined	Move	0	psn	figyberry	2	-1	0	0	0		undefined	false	24576	24576	24576	-1	2
rattled	onDamagingHit	361	-1	0	60	Fire	1	1	0	10	0	1	8	greninjabond	0	0	0	1	0	-1	1	1	0	0	1	1	undefined	missing	0	brn	figyberry	0	1	1	0	0		undefined	true	8	8	8	-1	2
rattled	onDamagingHit	362	-1	0	61	Water	1	1	1	100	20	1	0	greninjaash	1	1	1	0	1	0	1	2	0	160	0	1	undefined	missing	1	psn	magoberry	1	1	0	0	0		undefined	true	0	0	0	0	2
rattled	onDamagingHit	363	1	0	60	Bug	0	0	0	0	100	0	2048	pikachu	0	1	0	0	1	1	0	1	60	0	0	0	false	Move	1	brn	aguavberry	0	0	1	1	1	boost:spe=1:undefined:undefined:undefined:false:false	undefined	false	2048	2048	2048	1	0
rattled	onDamagingHit	364	1	0	60	Ghost	1	0	1	20	-1	-1	2048	greninjaash	1	0	0	0	0	-1	1	0	100	160	0	1	undefined	missing	0	psn	leftovers	0	-1	1	0	0	boost:spe=1:undefined:undefined:undefined:false:false	undefined	undefined	2048	2048	2048	-1	0
rattled	onDamagingHit	365	6	1	60	Bug	1	1	1	10	-1	1	2048	pikachu	0	1	0	1	0	-1	1	1	60	160	0	0	undefined	Move	0	brn	magoberry	1	0	-1	0	0	boost:spe=1:undefined:undefined:undefined:false:false	undefined	true	2048	2048	2048	-1	2
rattled	onDamagingHit	366	-1	1	61	Water	1	1	1	20	-1	1	8192	greninjaash	0	0	0	0	1	1	1	1	0	160	0	0	false	missing	0	brn	figyberry	1	1	99	1	0		undefined	true	8192	8192	8192	1	2
rattled	onDamagingHit	367	1	0	61	Dark	1	1	1	0	20	1	8	greninjabond	0	1	0	1	1	1	1	1	60	100	1	0	true	Move	1	brn	magoberry	1	-1	-1	1	1	boost:spe=1:undefined:undefined:undefined:false:false	undefined	true	8	8	8	1	2
rattled	onDamagingHit	368	6	6	70	Normal	1	0	0	10	-1	1	16384	pikachu	1	1	0	0	0	1	0	1	100	160	1	0	undefined	missing	0	psn	aguavberry	2	1	-1	0	1		undefined	true	16384	16384	16384	1	0
rattled	onDamagingHit	369	-1	1	60	Bug	0	0	0	10	20	-1	0	pikachu	0	1	0	1	0	-1	0	0	100	100	1	0	undefined	Ability	0	psn	sitrusberry	1	1	99	1	0	boost:spe=1:undefined:undefined:undefined:false:false	undefined	undefined	0	0	0	-1	0
rattled	onDamagingHit	370	6	6	0	Fire	1	1	1	10	100	0	24576	greninjabond	1	1	1	0	0	-1	0	1	100	0	0	1	0	Move	1	brn	aguavberry	1	1	0	0	0		undefined	false	24576	24576	24576	-1	2
rattled	onDamagingHit	371	0	6	40	Ghost	0	0	1	0	0	-1	24576	greninjaash	1	1	1	1	1	6	0	0	100	100	1	1	undefined	Move	1	brn	magoberry	0	0	-1	0	0	boost:spe=1:undefined:undefined:undefined:false:false	undefined	undefined	24576	24576	24576	6	0
rattled	onDamagingHit	372	-1	1	61	Fire	1	1	1	10	-1	0	0	greninjaash	0	1	1	1	0	-1	1	1	100	0	1	0	false	missing	1	psn	leftovers	2	1	99	0	1		undefined	false	0	0	0	-1	2
rattled	onDamagingHit	373	-1	0	70	Ghost	0	0	1	20	-1	1	2048	pikachu	1	0	0	1	0	1	0	0	100	100	1	0	false	Move	1	psn	aguavberry	1	0	-1	0	0	boost:spe=1:undefined:undefined:undefined:false:false	undefined	true	2048	2048	2048	1	0
rattled	onDamagingHit	374	0	1	0	Normal	1	0	1	20	0	1	0	greninjaash	0	1	1	0	1	1	0	1	0	160	1	0	true	missing	0	psn	wikiberry	2	1	0	0	1		undefined	true	0	0	0	1	0
rattled	onDamagingHit	375	6	6	61	Normal	1	1	0	20	-1	1	8192	greninjaash	0	1	1	1	1	0	1	1	0	160	1	1	undefined	Move	1	brn	wikiberry	0	0	0	0	0		undefined	true	8192	8192	8192	0	2
rattled	onDamagingHit	376	-1	1	60	Bug	0	0	0	20	0	0	0	greninjaash	0	0	1	1	0	6	0	1	0	160	0	1	0	missing	0	psn	iapapaberry	0	0	99	0	1	boost:spe=1:undefined:undefined:undefined:false:false	undefined	false	0	0	0	6	0
rattled	onDamagingHit	377	-1	0	40	Bug	1	1	0	0	100	-1	0	greninjabond	1	0	0	0	1	-1	1	2	60	160	1	0	true	Move	1	psn	iapapaberry	2	-1	0	1	0	boost:spe=1:undefined:undefined:undefined:false:false	undefined	undefined	0	0	0	-1	2
rattled	onDamagingHit	378	1	6	60	Fire	1	1	1	100	0	-1	24576	greninjabond	1	0	1	0	0	1	1	0	0	0	0	1	null	missing	0	psn	iapapaberry	0	0	0	1	1		undefined	undefined	24576	24576	24576	1	2
rattled	onDamagingHit	379	6	1	60	Dark	1	0	0	10	-1	1	8192	pikachu	1	1	0	1	0	-1	0	0	100	160	1	0	0	Ability	1	psn	iapapaberry	0	1	99	1	1	boost:spe=1:undefined:undefined:undefined:false:false	undefined	true	8192	8192	8192	-1	0
rattled	onDamagingHit	380	1	6	70	Dark	0	1	0	0	-1	-1	24576	pikachu	1	1	1	0	0	6	0	1	60	160	0	1	false	Ability	1	brn	wikiberry	2	0	-1	0	1	boost:spe=1:undefined:undefined:undefined:false:false	undefined	undefined	24576	24576	24576	6	2
rattled	onDamagingHit	381	1	0	61	Fire	1	1	0	0	-1	0	8	greninjabond	0	1	1	1	0	-1	1	0	0	0	1	1	0	Ability	0	psn	magoberry	1	-1	99	1	0		undefined	false	8	8	8	-1	2
rattled	onDamagingHit	382	6	0	61	Fire	1	0	0	20	100	0	2048	greninjabond	0	1	1	0	0	6	1	0	0	100	1	0	false	Ability	1	brn	iapapaberry	1	-1	99	1	1		undefined	false	2048	2048	2048	6	0
rattled	onDamagingHit	383	6	6	61	Normal	1	1	0	10	0	1	8	pikachu	1	1	0	0	0	-1	0	0	0	160	0	1	true	missing	0	psn	iapapaberry	2	1	1	1	1		undefined	true	8	8	8	-1	2
rattled	onDamagingHit	384	-1	6	70	Water	1	1	1	100	20	-1	16384	greninjaash	1	0	1	0	0	0	0	2	100	100	1	0	true	Ability	1	psn	iapapaberry	2	1	1	0	0		undefined	undefined	16384	16384	16384	0	2
rattled	onDamagingHit	385	6	0	60	Fire	1	0	0	0	-1	-1	8	greninjabond	0	1	0	0	1	-1	0	1	60	160	1	0	null	Move	0	brn	iapapaberry	1	1	1	1	0		undefined	undefined	8	8	8	-1	0
rattled	onDamagingHit	386	1	1	61	Normal	0	0	1	10	-1	0	2048	greninjabond	0	0	0	0	1	0	1	0	60	0	1	1	true	missing	1	brn	iapapaberry	1	0	0	0	1		undefined	false	2048	2048	2048	0	0
rattled	onDamagingHit	387	1	1	70	Normal	1	0	0	20	-1	0	8192	greninjaash	1	1	1	0	1	0	0	1	60	0	0	0	0	Ability	1	psn	leftovers	0	0	0	1	0		undefined	false	8192	8192	8192	0	0
rattled	onDamagingHit	388	-1	1	61	Normal	1	0	1	100	-1	0	24576	pikachu	1	0	0	1	0	6	0	0	100	160	1	0	true	Ability	1	brn	wikiberry	0	1	0	1	1		undefined	false	24576	24576	24576	6	0
rattled	onDamagingHit	389	-1	1	0	Normal	1	1	0	10	-1	0	2048	greninjaash	1	0	1	0	1	1	1	2	0	0	1	1	false	Ability	1	brn	aguavberry	1	-1	99	1	0		undefined	false	2048	2048	2048	1	2
rattled	onDamagingHit	390	-1	6	61	Normal	1	1	0	20	20	1	8	greninjabond	0	0	1	0	1	6	1	1	100	0	1	0	0	missing	0	psn	sitrusberry	2	-1	0	0	0		undefined	true	8	8	8	6	2
rattled	onDamagingHit	391	-1	1	61	Bug	0	1	1	100	20	-1	2048	greninjabond	1	1	1	1	1	6	0	1	0	160	1	0	true	Ability	0	psn	wikiberry	1	0	1	1	0	boost:spe=1:undefined:undefined:undefined:false:false	undefined	undefined	2048	2048	2048	6	2
rattled	onDamagingHit	392	-1	1	0	Normal	0	1	0	0	0	-1	24576	greninjaash	1	1	0	1	0	1	1	2	100	160	1	1	true	missing	1	psn	iapapaberry	0	-1	0	0	0		undefined	undefined	24576	24576	24576	1	2
rattled	onDamagingHit	393	6	1	60	Normal	0	0	0	0	100	0	16384	pikachu	0	0	0	1	1	-1	0	0	60	160	0	1	0	Move	1	brn	iapapaberry	2	-1	-1	0	0		undefined	false	16384	16384	16384	-1	0
rattled	onDamagingHit	394	0	6	60	Dark	0	0	0	100	20	1	8	greninjabond	0	0	0	0	0	6	0	1	100	0	1	1	undefined	Move	1	psn	figyberry	2	0	0	1	0	boost:spe=1:undefined:undefined:undefined:false:false	undefined	true	8	8	8	6	0
rattled	onDamagingHit	395	0	6	60	Bug	1	0	1	20	20	-1	8	greninjaash	0	1	0	0	1	1	0	1	100	0	1	1	null	Move	1	brn	figyberry	0	0	-1	0	1	boost:spe=1:undefined:undefined:undefined:false:false	undefined	undefined	8	8	8	1	0
rattled	onDamagingHit	396	1	1	61	Normal	0	0	0	20	20	-1	8192	pikachu	0	1	1	0	1	6	0	0	100	0	1	0	0	Move	1	brn	leftovers	0	1	1	1	0		undefined	undefined	8192	8192	8192	6	0
rattled	onDamagingHit	397	0	0	61	Bug	0	0	0	100	0	1	8192	pikachu	1	1	1	0	1	-1	0	2	60	160	1	0	true	Move	0	brn	leftovers	0	0	1	1	0	boost:spe=1:undefined:undefined:undefined:false:false	undefined	true	8192	8192	8192	-1	0
rattled	onDamagingHit	398	0	1	70	Ghost	1	1	0	20	20	1	16384	greninjabond	0	0	0	0	0	-1	0	2	0	0	0	0	false	Move	0	brn	figyberry	0	1	99	1	1	boost:spe=1:undefined:undefined:undefined:false:false	undefined	true	16384	16384	16384	-1	2
rattled	onDamagingHit	399	0	1	61	Fire	0	1	0	20	-1	0	0	greninjabond	1	1	0	1	1	1	0	0	60	100	0	0	0	Move	0	brn	wikiberry	2	0	99	0	1		undefined	false	0	0	0	1	2
rattled	onDamagingHit	400	-1	0	60	Water	1	0	0	10	20	0	8192	greninjaash	0	1	1	0	0	-1	1	2	60	160	0	1	true	missing	1	psn	sitrusberry	1	0	-1	0	1		undefined	false	8192	8192	8192	-1	0
rattled	onDamagingHit	401	6	6	60	Normal	1	1	1	100	-1	1	8	greninjaash	1	1	1	1	0	-1	1	0	100	100	0	1	0	Ability	0	psn	iapapaberry	2	1	1	0	0		undefined	true	8	8	8	-1	2
rattled	onDamagingHit	402	-1	0	0	Normal	0	1	0	10	0	-1	8192	greninjabond	0	1	0	0	1	1	1	1	100	0	1	1	null	missing	0	brn	sitrusberry	2	-1	0	0	0		undefined	undefined	8192	8192	8192	1	2
rattled	onDamagingHit	403	6	6	40	Fire	0	1	0	100	100	0	24576	greninjaash	0	0	0	1	0	6	0	1	0	100	0	1	null	missing	0	brn	iapapaberry	1	-1	99	1	0		undefined	false	24576	24576	24576	6	2
rattled	onDamagingHit	404	0	6	60	Normal	1	1	0	20	20	1	8192	greninjabond	1	1	0	1	1	1	1	0	0	100	0	1	null	missing	0	brn	sitrusberry	0	-1	99	1	0		undefined	true	8192	8192	8192	1	2
rattled	onDamagingHit	405	6	0	60	Dark	1	1	0	0	0	-1	0	greninjabond	0	0	1	1	1	1	1	1	100	100	1	0	false	Ability	0	psn	aguavberry	2	0	1	0	0	boost:spe=1:undefined:undefined:undefined:false:false	undefined	undefined	0	0	0	1	2
rattled	onDamagingHit	406	1	6	61	Bug	0	1	1	20	-1	-1	0	pikachu	1	1	0	0	1	0	1	0	100	160	0	0	undefined	Move	1	psn	iapapaberry	0	1	0	0	1	boost:spe=1:undefined:undefined:undefined:false:false	undefined	undefined	0	0	0	0	2
rattled	onDamagingHit	407	0	6	0	Fire	0	1	1	0	0	0	2048	pikachu	0	1	0	0	0	0	0	1	100	100	1	1	0	missing	0	brn	figyberry	2	-1	99	1	0		undefined	false	2048	2048	2048	0	2
rattled	onDamagingHit	408	-1	0	70	Normal	0	1	1	100	0	-1	8	greninjabond	1	0	1	1	0	0	1	2	0	160	1	0	false	Move	1	psn	wikiberry	2	-1	99	1	1		undefined	undefined	8	8	8	0	2
rattled	onDamagingHit	409	1	6	40	Fire	1	0	1	100	20	1	0	greninjaash	0	0	1	1	0	-1	0	1	100	160	0	0	undefined	Move	0	brn	sitrusberry	0	0	99	0	0		undefined	true	0	0	0	-1	0
rattled	onDamagingHit	410	6	6	40	Ghost	0	1	0	100	-1	-1	0	pikachu	0	1	1	0	0	-1	1	0	100	160	0	0	true	Move	1	psn	iapapaberry	1	0	1	0	1	boost:spe=1:undefined:undefined:undefined:false:false	undefined	undefined	0	0	0	-1	2
rattled	onDamagingHit	411	1	1	40	Fire	0	1	1	100	0	-1	2048	greninjaash	0	0	1	0	1	-1	1	1	0	160	1	0	undefined	missing	0	psn	sitrusberry	0	0	0	0	1		undefined	undefined	2048	2048	2048	-1	2
rattled	onDamagingHit	412	6	0	61	Water	1	1	1	10	20	-1	2048	pikachu	0	0	0	0	1	1	1	2	100	160	1	0	false	Ability	0	brn	leftovers	1	-1	-1	1	1		undefined	undefined	2048	2048	2048	1	2
rattled	onDamagingHit	413	0	0	0	Fire	1	0	0	20	0	-1	0	greninjaash	1	1	1	1	0	-1	0	2	100	100	0	0	0	missing	1	psn	figyberry	1	1	0	0	0		undefined	undefined	0	0	0	-1	0
rattled	onDamagingHit	414	6	0	60	Dark	0	0	1	20	0	1	8192	pikachu	1	1	0	0	0	0	1	0	100	160	0	0	false	missing	0	brn	iapapaberry	2	0	99	0	0	boost:spe=1:undefined:undefined:undefined:false:false	undefined	true	8192	8192	8192	0	0
rattled	onDamagingHit	415	1	0	61	Normal	1	1	0	100	20	-1	0	pikachu	0	1	1	0	1	-1	0	2	60	0	0	0	true	Move	0	brn	figyberry	0	-1	-1	1	1		undefined	undefined	0	0	0	-1	2
rattled	onDamagingHit	416	-1	0	60	Normal	0	1	0	0	100	1	24576	greninjabond	0	0	0	0	1	6	0	1	100	0	1	1	false	Move	0	psn	wikiberry	0	0	1	1	1		undefined	true	24576	24576	24576	6	2
rattled	onDamagingHit	417	1	1	60	Fire	0	1	1	20	0	-1	0	greninjaash	0	1	1	0	0	-1	1	2	100	0	0	0	true	missing	1	brn	magoberry	1	-1	0	1	0		undefined	undefined	0	0	0	-1	2
rattled	onDamagingHit	418	1	0	70	Water	0	0	1	20	20	-1	24576	pikachu	0	0	1	1	0	6	0	0	100	0	0	0	true	Move	0	brn	magoberry	1	0	1	1	0		undefined	undefined	24576	24576	24576	6	0
rattled	onDamagingHit	419	0	6	61	Ghost	0	1	0	0	0	-1	16384	pikachu	0	0	0	0	0	0	1	0	60	160	1	0	0	Move	0	psn	magoberry	2	1	-1	0	0	boost:spe=1:undefined:undefined:undefined:false:false	undefined	undefined	16384	16384	16384	0	2
rattled	onDamagingHit	420	0	6	70	Water	0	0	0	0	20	-1	2048	greninjabond	1	0	1	1	1	0	1	1	60	0	1	1	false	Ability	0	brn	sitrusberry	2	0	0	1	1		undefined	undefined	2048	2048	2048	0	0
rattled	onDamagingHit	421	1	0	61	Normal	0	1	1	0	100	1	8192	greninjabond	1	0	0	0	0	1	1	1	60	0	0	1	true	Move	0	brn	magoberry	1	-1	0	0	0		undefined	true	8192	8192	8192	1	2
rattled	onDamagingHit	422	-1	6	61	Bug	0	0	1	20	100	0	2048	greninjaash	1	0	1	0	0	1	0	1	100	0	1	0	undefined	missing	0	psn	wikiberry	0	-1	0	1	0	boost:spe=1:undefined:undefined:undefined:false:false	undefined	false	2048	2048	2048	1	0
rattled	onDamagingHit	423	6	1	61	Normal	1	1	1	20	-1	-1	16384	greninjabond	0	1	0	1	1	6	0	0	0	100	0	0	null	Move	1	psn	magoberry	2	-1	-1	0	0		undefined	undefined	16384	16384	16384	6	2
rattled	onDamagingHit	424	0	0	40	Normal	1	0	0	10	-1	1	0	greninjaash	1	1	1	1	1	0	0	2	60	160	0	0	true	missing	0	psn	magoberry	2	1	0	1	0		undefined	true	0	0	0	0	0
rattled	onDamagingHit	425	1	6	61	Bug	1	0	1	20	20	-1	8192	greninjaash	1	0	1	0	1	-1	0	2	0	0	0	1	null	missing	0	psn	sitrusberry	2	-1	1	1	1	boost:spe=1:undefined:undefined:undefined:false:false	undefined	undefined	8192	8192	8192	-1	0
rattled	onDamagingHit	426	1	6	60	Ghost	0	0	1	0	100	1	16384	greninjabond	1	0	1	1	1	1	1	0	60	160	0	0	undefined	Move	0	brn	magoberry	1	-1	1	0	0	boost:spe=1:undefined:undefined:undefined:false:false	undefined	true	16384	16384	16384	1	0
rattled	onDamagingHit	427	-1	6	60	Normal	1	1	0	0	-1	-1	0	pikachu	1	0	1	1	0	1	1	1	60	0	0	1	undefined	Move	0	brn	leftovers	1	1	1	1	1		undefined	undefined	0	0	0	1	2
rattled	onDamagingHit	428	6	0	60	Bug	1	0	0	100	20	0	2048	greninjabond	1	1	0	0	1	0	0	0	60	0	0	0	false	Ability	1	brn	leftovers	1	0	1	0	0	boost:spe=1:undefined:undefined:undefined:false:false	undefined	false	2048	2048	2048	0	0
rattled	onDamagingHit	429	-1	6	70	Ghost	1	0	1	10	100	0	0	greninjabond	0	1	0	0	0	-1	0	0	100	0	0	1	undefined	missing	1	brn	aguavberry	0	1	-1	1	0	boost:spe=1:undefined:undefined:undefined:false:false	undefined	false	0	0	0	-1	0
rattled	onDamagingHit	430	1	6	70	Ghost	0	1	0	20	20	-1	0	greninjaash	1	0	1	0	1	1	1	0	60	0	1	0	null	Ability	1	psn	iapapaberry	0	0	99	0	1	boost:spe=1:undefined:undefined:undefined:false:false	undefined	undefined	0	0	0	1	2
rattled	onDamagingHit	431	6	6	61	Dark	1	1	1	0	0	1	8192	pikachu	0	1	1	1	0	1	1	0	60	160	1	1	0	Move	1	psn	aguavberry	0	0	0	1	1	boost:spe=1:undefined:undefined:undefined:false:false	undefined	true	8192	8192	8192	1	2
rattled	onDamagingHit	432	0	6	70	Water	0	0	1	20	100	0	2048	greninjabond	1	0	1	0	1	1	0	2	0	160	1	1	null	missing	0	psn	magoberry	1	-1	-1	1	0		undefined	false	2048	2048	2048	1	0
rattled	onDamagingHit	433	0	1	61	Water	1	1	1	10	100	1	16384	greninjabond	0	1	1	1	1	0	0	1	100	0	0	1	null	Move	1	psn	iapapaberry	1	0	-1	1	1		undefined	true	16384	16384	16384	0	2
rattled	onDamagingHit	434	0	0	0	Normal	1	0	1	20	0	0	16384	greninjabond	1	1	1	1	0	-1	0	2	0	160	1	0	0	missing	1	psn	aguavberry	0	-1	1	1	1		undefined	false	16384	16384	16384	-1	0
rattled	onDamagingHit	435	1	1	0	Bug	1	1	1	10	20	0	0	greninjaash	1	0	0	1	1	6	1	2	60	0	1	1	true	missing	0	brn	aguavberry	0	1	0	0	0	boost:spe=1:undefined:undefined:undefined:false:false	undefined	false	0	0	0	6	2
rattled	onDamagingHit	436	0	1	61	Normal	0	1	1	20	100	0	8	greninjabond	0	1	0	1	0	-1	0	2	100	100	1	1	false	Ability	1	brn	sitrusberry	2	-1	99	0	0		undefined	false	8	8	8	-1	2
rattled	onDamagingHit	437	1	1	40	Fire	1	1	1	100	100	0	8192	greninjaash	1	0	0	1	1	1	0	0	100	160	0	0	false	Move	0	psn	figyberry	0	-1	-1	1	0		undefined	false	8192	8192	8192	1	2
rattled	onDamagingHit	438	6	6	61	Bug	0	1	0	20	-1	1	8	greninjaash	1	0	1	0	0	6	1	1	0	160	1	0	true	missing	0	brn	sitrusberry	1	1	0	1	1	boost:spe=1:undefined:undefined:undefined:false:false	undefined	true	8	8	8	6	2
rattled	onDamagingHit	439	-1	0	61	Dark	0	1	0	100	20	1	24576	greninjaash	1	1	0	0	1	0	1	2	100	100	0	1	0	Move	1	brn	figyberry	0	1	1	1	0	boost:spe=1:undefined:undefined:undefined:false:false	undefined	true	24576	24576	24576	0	2
rattled	onDamagingHit	440	0	0	0	Bug	1	1	0	100	-1	0	2048	greninjaash	0	0	0	1	1	-1	1	0	100	100	1	0	null	Move	1	brn	figyberry	1	0	99	1	1	boost:spe=1:undefined:undefined:undefined:false:false	undefined	false	2048	2048	2048	-1	2
rattled	onDamagingHit	441	0	0	0	Fire	0	0	1	10	-1	0	8	pikachu	1	0	0	1	1	0	1	2	100	100	1	1	false	Move	0	brn	aguavberry	1	-1	0	1	1		undefined	false	8	8	8	0	0
rattled	onDamagingHit	442	-1	6	40	Dark	1	1	0	0	20	0	8	greninjaash	1	1	0	1	1	6	0	0	60	0	1	0	0	Ability	0	brn	iapapaberry	1	1	1	0	1	boost:spe=1:undefined:undefined:undefined:false:false	undefined	false	8	8	8	6	2
rattled	onDamagingHit	443	0	6	40	Ghost	1	1	0	10	20	1	0	greninjaash	1	0	0	0	0	-1	1	1	100	160	0	0	undefined	missing	1	brn	magoberry	1	-1	99	0	1	boost:spe=1:undefined:undefined:undefined:false:false	undefined	true	0	0	0	-1	2
rattled	onDamagingHit	444	-1	6	60	Water	1	0	0	10	100	0	24576	greninjabond	1	0	1	0	0	-1	0	1	100	100	1	0	0	Ability	1	brn	figyberry	1	0	-1	0	1		undefined	false	24576	24576	24576	-1	0
rattled	onDamagingHit	445	6	1	40	Bug	0	0	1	0	20	0	0	greninjaash	1	1	0	1	1	-1	1	0	0	160	0	0	undefined	missing	1	brn	figyberry	1	0	-1	1	0	boost:spe=1:undefined:undefined:undefined:false:false	undefined	false	0	0	0	-1	0
rattled	onDamagingHit	446	-1	0	61	Ghost	0	0	0	20	-1	-1	2048	pikachu	0	1	1	0	1	6	0	2	0	160	0	0	true	Ability	0	psn	iapapaberry	1	1	99	0	0	boost:spe=1:undefined:undefined:undefined:false:false	undefined	undefined	2048	2048	2048	6	0
rattled	onDamagingHit	447	0	6	0	Fire	0	1	1	10	-1	1	8	pikachu	1	1	0	1	1	-1	1	1	0	160	1	0	true	Move	1	brn	magoberry	0	0	1	0	1		undefined	true	8	8	8	-1	2
rattled	onDamagingHit	448	0	1	60	Normal	0	1	0	0	100	-1	24576	greninjabond	1	1	1	0	1	0	1	1	60	0	0	1	false	missing	1	brn	magoberry	0	0	1	0	1		undefined	undefined	24576	24576	24576	0	2
rattled	onDamagingHit	449	0	1	60	Bug	1	1	0	10	100	-1	0	pikachu	1	0	0	0	1	0	0	0	100	0	1	0	undefined	missing	0	brn	iapapaberry	1	-1	99	0	1	boost:spe=1:undefined:undefined:undefined:false:false	undefined	undefined	0	0	0	0	2
rattled	onDamagingHit	450	6	6	60	Bug	1	1	0	20	100	1	2048	pikachu	1	0	0	1	0	0	1	1	60	160	1	0	null	Ability	0	psn	leftovers	0	0	1	0	0	boost:spe=1:undefined:undefined:undefined:false:false	undefined	true	2048	2048	2048	0	2
rattled	onDamagingHit	451	-1	6	70	Ghost	0	1	1	20	100	1	8192	pikachu	0	0	1	0	0	0	0	2	60	100	1	1	false	Move	1	psn	sitrusberry	2	1	1	1	0	boost:spe=1:undefined:undefined:undefined:false:false	undefined	true	8192	8192	8192	0	2
rattled	onDamagingHit	452	1	1	70	Water	0	0	0	0	100	1	24576	pikachu	0	0	0	1	0	6	1	0	100	0	0	1	undefined	missing	0	brn	iapapaberry	0	0	0	0	1		undefined	true	24576	24576	24576	6	0
rattled	onDamagingHit	453	0	1	60	Bug	1	1	1	20	20	-1	8	greninjabond	0	1	0	1	1	1	0	1	100	0	0	1	0	Move	1	brn	aguavberry	2	0	99	1	0	boost:spe=1:undefined:undefined:undefined:false:false	undefined	undefined	8	8	8	1	2
rattled	onDamagingHit	454	0	6	70	Bug	1	0	1	20	0	1	16384	greninjaash	0	1	0	0	0	-1	1	0	60	100	0	0	true	missing	1	brn	aguavberry	0	0	0	0	1	boost:spe=1:undefined:undefined:undefined:false:false	undefined	true	16384	16384	16384	-1	0
rattled	onDamagingHit	455	0	0	0	Normal	0	1	0	0	0	0	24576	pikachu	1	1	1	1	0	6	1	1	100	160	0	0	null	Ability	1	psn	iapapaberry	1	-1	99	1	0		undefined	false	24576	24576	24576	6	2
rattled	onDamagingHit	456	0	1	70	Dark	0	0	1	10	-1	1	8192	greninjabond	0	1	0	1	0	6	1	0	100	100	1	0	0	Move	1	brn	leftovers	0	-1	1	0	0	boost:spe=1:undefined:undefined:undefined:false:false	undefined	true	8192	8192	8192	6	0
rattled	onDamagingHit	457	0	1	0	Bug	0	0	0	0	0	-1	16384	greninjaash	0	1	0	0	0	0	1	0	0	0	1	0	null	Ability	1	psn	aguavberry	0	1	-1	0	1	boost:spe=1:undefined:undefined:undefined:false:false	undefined	undefined	16384	16384	16384	0	0
rattled	onDamagingHit	458	1	0	70	Ghost	1	0	0	0	0	0	16384	greninjaash	1	0	0	1	0	-1	0	2	100	0	0	0	0	Ability	1	brn	leftovers	2	0	1	1	0	boost:spe=1:undefined:undefined:undefined:false:false	undefined	false	16384	16384	16384	-1	0
rattled	onDamagingHit	459	1	1	70	Bug	0	1	0	100	0	-1	8192	greninjabond	0	0	0	1	1	1	0	1	0	0	0	1	undefined	Move	1	psn	figyberry	0	0	-1	0	1	boost:spe=1:undefined:undefined:undefined:false:false	undefined	undefined	8192	8192	8192	1	2
rattled	onDamagingHit	460	-1	6	60	Bug	0	1	1	100	100	-1	2048	greninjaash	1	1	0	0	0	6	1	0	60	160	1	0	false	Ability	0	brn	aguavberry	0	-1	99	0	1	boost:spe=1:undefined:undefined:undefined:false:false	undefined	undefined	2048	2048	2048	6	2
rattled	onDamagingHit	461	6	0	61	Ghost	1	0	1	100	20	0	24576	greninjabond	1	0	1	0	1	-1	1	1	100	0	1	1	0	missing	0	psn	sitrusberry	0	0	99	0	0	boost:spe=1:undefined:undefined:undefined:false:false	undefined	false	24576	24576	24576	-1	0
rattled	onDamagingHit	462	1	6	70	Dark	1	0	1	20	100	-1	8192	greninjaash	0	0	0	0	0	0	1	2	0	160	0	0	false	Ability	0	psn	magoberry	0	1	99	1	1	boost:spe=1:undefined:undefined:undefined:false:false	undefined	undefined	8192	8192	8192	0	0
rattled	onDamagingHit	463	1	0	60	Bug	1	1	1	20	20	1	24576	greninjabond	0	0	0	0	1	1	1	1	60	100	0	1	0	Move	1	psn	wikiberry	2	-1	99	0	1	boost:spe=1:undefined:undefined:undefined:false:false	undefined	true	24576	24576	24576	1	2
rattled	onDamagingHit	464	1	6	61	Dark	1	1	0	20	0	0	8	pikachu	1	0	0	1	0	-1	1	1	100	160	0	1	null	Ability	0	brn	aguavberry	2	0	0	0	0	boost:spe=1:undefined:undefined:undefined:false:false	undefined	false	8	8	8	-1	2
rattled	onDamagingHit	465	-1	1	61	Dark	0	1	0	0	20	1	8	pikachu	1	0	0	1	0	0	0	2	100	100	1	1	undefined	Ability	0	psn	aguavberry	2	0	1	0	1	boost:spe=1:undefined:undefined:undefined:false:false	undefined	true	8	8	8	0	2
rattled	onDamagingHit	466	1	0	60	Water	1	0	1	20	-1	1	24576	greninjabond	0	0	1	1	1	1	0	0	100	160	0	0	0	Move	0	psn	figyberry	2	0	1	0	1		undefined	true	24576	24576	24576	1	0
rattled	onDamagingHit	467	0	6	70	Bug	0	1	1	100	0	-1	24576	greninjabond	0	0	1	1	0	6	0	0	60	160	0	0	null	missing	1	brn	magoberry	0	-1	99	0	0	boost:spe=1:undefined:undefined:undefined:false:false	undefined	undefined	24576	24576	24576	6	2
rattled	onDamagingHit	468	1	6	70	Normal	1	1	0	20	100	0	0	greninjaash	0	0	1	0	0	6	1	1	100	0	1	1	null	Ability	0	brn	magoberry	2	1	-1	1	0		undefined	false	0	0	0	6	2
rattled	onDamagingHit	469	0	1	61	Dark	0	1	0	10	-1	1	0	greninjaash	1	1	1	0	0	1	0	2	100	0	1	1	undefined	Ability	1	psn	wikiberry	1	1	1	0	0	boost:spe=1:undefined:undefined:undefined:false:false	undefined	true	0	0	0	1	2
rattled	onDamagingHit	470	-1	0	61	Normal	1	1	1	20	20	1	0	pikachu	0	0	0	0	1	0	0	2	60	0	1	0	null	missing	0	brn	wikiberry	0	-1	1	0	0		undefined	true	0	0	0	0	2
rattled	onDamagingHit	471	6	6	60	Fire	1	0	1	10	-1	0	8	pikachu	0	0	1	0	0	0	0	1	100	0	1	0	null	Ability	0	psn	iapapaberry	2	1	-1	0	1		undefined	false	8	8	8	0	0
rattled	onDamagingHit	472	1	0	40	Dark	0	1	1	100	20	0	16384	greninjabond	1	0	1	0	0	1	0	2	100	0	0	0	0	Ability	0	brn	wikiberry	0	-1	-1	0	1	boost:spe=1:undefined:undefined:undefined:false:false	undefined	false	16384	16384	16384	1	2
rattled	onDamagingHit	473	-1	6	60	Fire	1	0	0	100	0	0	0	greninjabond	1	1	0	1	0	0	0	0	0	0	1	1	false	missing	1	brn	leftovers	2	-1	-1	1	1		undefined	false	0	0	0	0	0
rattled	onDamagingHit	474	0	6	61	Dark	0	1	1	0	20	-1	16384	pikachu	0	1	1	1	0	0	1	1	60	160	0	0	null	Move	0	brn	magoberry	2	1	1	1	1	boost:spe=1:undefined:undefined:undefined:false:false	undefined	undefined	16384	16384	16384	0	2
rattled	onDamagingHit	475	-1	6	61	Ghost	1	1	1	0	-1	0	24576	greninjabond	1	0	0	0	0	-1	0	1	0	0	1	0	true	missing	1	brn	sitrusberry	2	1	1	1	0	boost:spe=1:undefined:undefined:undefined:false:false	undefined	false	24576	24576	24576	-1	2
rattled	onDamagingHit	476	-1	1	70	Water	0	0	0	10	100	0	2048	pikachu	0	0	0	1	1	1	1	2	60	100	0	0	undefined	Move	1	brn	leftovers	1	1	0	1	0		undefined	false	2048	2048	2048	1	0
rattled	onDamagingHit	477	1	6	70	Water	1	0	0	100	-1	0	24576	greninjaash	0	0	1	1	0	-1	0	0	0	0	1	0	0	Move	0	brn	leftovers	2	0	1	0	0		undefined	false	24576	24576	24576	-1	0
rattled	onDamagingHit	478	0	1	60	Ghost	1	1	0	20	-1	0	2048	greninjaash	0	1	1	1	0	1	1	0	0	0	1	1	undefined	Move	1	psn	figyberry	0	1	-1	1	0	boost:spe=1:undefined:undefined:undefined:false:false	undefined	false	2048	2048	2048	1	2
rattled	onDamagingHit	479	-1	0	60	Fire	1	0	0	0	0	-1	16384	greninjaash	0	0	0	1	0	0	0	1	60	0	0	0	undefined	Move	0	brn	magoberry	0	1	-1	1	0		undefined	undefined	16384	16384	16384	0	0
rattled	onDamagingHit	480	1	1	40	Ghost	1	0	1	0	0	1	16384	greninjabond	0	1	0	1	0	6	0	1	100	160	1	1	0	missing	0	brn	sitrusberry	2	1	99	0	1	boost:spe=1:undefined:undefined:undefined:false:false	undefined	true	16384	16384	16384	6	0
rattled	onDamagingHit	481	-1	0	70	Water	0	1	0	100	-1	1	8192	greninjaash	0	0	1	1	1	0	1	2	100	100	0	0	0	Move	0	psn	wikiberry	0	-1	0	1	1		undefined	true	8192	8192	8192	0	2
rattled	onDamagingHit	482	-1	6	61	Normal	0	1	1	20	100	-1	0	greninjaash	0	1	1	1	1	6	0	1	100	100	1	0	undefined	Ability	1	psn	aguavberry	2	0	1	0	0		undefined	undefined	0	0	0	6	2
rattled	onDamagingHit	483	1	1	61	Fire	1	1	0	0	20	-1	8192	greninjabond	1	0	1	1	1	1	0	0	0	0	0	1	0	missing	1	psn	magoberry	1	-1	-1	0	1		undefined	undefined	8192	8192	8192	1	2
rattled	onDamagingHit	484	6	1	60	Bug	1	0	1	0	0	0	8	greninjabond	1	1	0	0	1	1	0	1	0	0	1	1	0	missing	1	brn	wikiberry	2	-1	1	1	1	boost:spe=1:undefined:undefined:undefined:false:false	undefined	false	8	8	8	1	0
rattled	onDamagingHit	485	-1	6	60	Dark	1	1	0	0	-1	-1	0	greninjabond	1	1	1	1	0	1	1	2	0	0	1	0	null	Move	1	brn	iapapaberry	1	-1	0	1	1	boost:spe=1:undefined:undefined:undefined:false:false	undefined	undefined	0	0	0	1	2
rattled	onDamagingHit	486	1	1	40	Water	1	0	0	100	-1	1	8192	greninjaash	0	1	1	1	1	1	0	0	100	100	1	1	0	Ability	0	brn	figyberry	2	1	1	0	1		undefined	true	8192	8192	8192	1	0
rattled	onDamagingHit	487	-1	0	70	Bug	1	0	1	20	100	1	16384	greninjabond	1	0	0	1	1	-1	0	0	60	100	1	1	0	Ability	0	brn	aguavberry	0	-1	0	0	1	boost:spe=1:undefined:undefined:undefined:false:false	undefined	true	16384	16384	16384	-1	0
rattled	onDamagingHit	488	1	1	0	Ghost	0	0	0	10	20	-1	0	pikachu	1	1	0	0	0	0	0	0	100	100	0	0	true	missing	1	brn	aguavberry	1	0	1	1	1	boost:spe=1:undefined:undefined:undefined:false:false	undefined	undefined	0	0	0	0	0
rattled	onDamagingHit	489	6	0	60	Normal	0	0	1	20	100	-1	16384	greninjabond	1	1	1	0	1	0	0	2	100	0	0	0	true	Ability	1	psn	wikiberry	1	0	99	1	1		undefined	undefined	16384	16384	16384	0	0
rattled	onDamagingHit	490	6	6	0	Dark	0	0	0	0	-1	0	8192	greninjaash	0	0	0	1	0	1	0	2	100	0	1	0	undefined	Ability	0	brn	wikiberry	2	-1	1	1	1	boost:spe=1:undefined:undefined:undefined:false:false	undefined	false	8192	8192	8192	1	0
rattled	onDamagingHit	491	0	0	70	Fire	1	1	1	10	20	1	8	greninjabond	1	0	1	1	0	6	1	2	0	0	1	1	undefined	missing	0	psn	aguavberry	1	1	99	0	0		undefined	true	8	8	8	6	2
rattled	onDamagingHit	492	0	6	40	Bug	0	1	0	100	0	-1	8	greninjabond	0	1	1	1	1	0	0	2	0	0	1	0	null	Move	1	brn	magoberry	1	1	99	1	1	boost:spe=1:undefined:undefined:undefined:false:false	undefined	undefined	8	8	8	0	2
rattled	onDamagingHit	493	1	0	61	Ghost	0	0	0	20	0	-1	8	greninjabond	1	0	1	0	1	0	0	2	0	100	1	1	undefined	Move	1	psn	figyberry	0	-1	0	1	1	boost:spe=1:undefined:undefined:undefined:false:false	undefined	undefined	8	8	8	0	0
rattled	onDamagingHit	494	6	1	61	Dark	0	0	0	100	0	0	16384	greninjaash	1	1	1	1	0	6	0	2	0	0	1	1	undefined	Move	1	psn	aguavberry	2	-1	-1	0	1	boost:spe=1:undefined:undefined:undefined:false:false	undefined	false	16384	16384	16384	6	0
rattled	onDamagingHit	495	0	6	70	Water	0	0	0	10	-1	0	0	pikachu	1	0	1	0	0	6	0	2	100	100	0	1	true	Move	0	psn	iapapaberry	0	1	0	0	0		undefined	false	0	0	0	6	0
rattled	onDamagingHit	496	1	6	61	Fire	0	1	1	20	0	0	24576	greninjabond	0	0	1	1	1	6	1	2	0	160	0	1	0	Move	1	brn	figyberry	2	-1	0	1	0		undefined	false	24576	24576	24576	6	2
rattled	onDamagingHit	497	6	1	61	Fire	1	1	1	20	-1	-1	8192	greninjaash	1	0	1	0	1	0	1	2	60	0	0	1	0	missing	1	brn	wikiberry	2	-1	-1	0	1		undefined	undefined	8192	8192	8192	0	2
rattled	onDamagingHit	498	1	0	70	Water	0	0	0	20	20	0	2048	pikachu	0	0	0	1	1	0	1	0	100	0	1	0	true	Move	0	psn	magoberry	1	1	1	1	1		undefined	false	2048	2048	2048	0	0
rattled	onDamagingHit	499	-1	6	40	Normal	1	1	0	10	100	0	0	greninjaash	0	0	0	0	0	-1	1	0	0	160	0	0	undefined	Move	0	psn	figyberry	1	0	0	1	1		undefined	false	0	0	0	-1	2
rattled	onDamagingHit	500	6	0	70	Normal	0	0	0	20	0	0	8	greninjaash	1	0	0	0	1	0	0	0	100	0	0	1	0	missing	0	brn	figyberry	1	-1	-1	1	0		undefined	false	8	8	8	0	0
rattled	onDamagingHit	501	6	6	0	Normal	1	1	0	100	0	1	24576	greninjaash	0	1	1	0	1	6	1	2	0	100	0	1	null	Move	0	brn	aguavberry	0	-1	0	1	1		undefined	true	24576	24576	24576	6	2
rattled	onDamagingHit	502	-1	6	61	Fire	0	1	0	100	100	1	8192	pikachu	1	0	0	1	0	6	1	1	100	0	0	1	0	Move	1	brn	aguavberry	1	0	1	1	0		undefined	true	8192	8192	8192	6	2
rattled	onDamagingHit	503	1	6	60	Fire	0	0	1	100	0	-1	2048	greninjabond	1	0	0	0	0	1	0	2	0	160	0	0	undefined	Ability	0	psn	iapapaberry	2	-1	1	1	1		undefined	undefined	2048	2048	2048	1	0
rattled	onDamagingHit	504	6	6	70	Fire	1	1	1	100	100	-1	8192	pikachu	1	1	0	0	1	-1	1	2	60	160	1	0	null	Move	1	brn	aguavberry	2	0	-1	1	0		undefined	undefined	8192	8192	8192	-1	2
rattled	onDamagingHit	505	6	1	60	Ghost	0	0	1	10	20	-1	24576	greninjaash	0	1	1	1	0	0	0	2	100	100	0	1	true	missing	0	brn	aguavberry	2	0	1	0	1	boost:spe=1:undefined:undefined:undefined:false:false	undefined	undefined	24576	24576	24576	0	0
rattled	onDamagingHit	506	0	0	70	Normal	0	0	0	0	100	1	0	pikachu	0	1	0	1	1	6	0	0	0	100	1	0	0	missing	1	brn	sitrusberry	1	1	1	0	0		undefined	true	0	0	0	6	0
rattled	onDamagingHit	507	1	6	70	Normal	0	1	1	20	0	1	2048	pikachu	0	0	1	0	1	0	1	1	0	0	0	1	true	Ability	0	brn	magoberry	1	0	-1	0	0		undefined	true	2048	2048	2048	0	2
rattled	onDamagingHit	508	0	1	0	Bug	1	0	1	10	0	0	2048	pikachu	0	0	0	1	1	-1	1	2	0	160	1	0	true	Move	0	psn	iapapaberry	1	-1	0	1	0	boost:spe=1:undefined:undefined:undefined:false:false	undefined	false	2048	2048	2048	-1	0
rattled	onDamagingHit	509	0	1	61	Normal	0	0	1	10	0	1	0	greninjabond	1	0	0	0	1	0	0	1	60	100	0	0	true	Move	1	brn	wikiberry	0	1	-1	0	1		undefined	true	0	0	0	0	0
rattled	onDamagingHit	510	1	1	70	Water	0	1	1	100	20	1	8192	greninjabond	1	0	0	1	1	-1	0	2	60	0	0	1	true	Ability	0	psn	iapapaberry	2	-1	-1	0	0		undefined	true	8192	8192	8192	-1	2
rattled	onDamagingHit	511	1	1	0	Ghost	0	0	1	20	100	0	2048	greninjabond	0	0	1	1	1	0	1	1	100	160	1	0	undefined	Ability	1	brn	wikiberry	2	0	99	0	0	boost:spe=1:undefined:undefined:undefined:false:false	undefined	false	2048	2048	2048	0	0
rattled	onDamagingHit	512	6	1	61	Dark	0	0	0	0	-1	1	24576	greninjaash	0	1	0	1	1	1	1	0	100	100	0	1	false	missing	0	brn	aguavberry	2	-1	99	1	1	boost:spe=1:undefined:undefined:undefined:false:false	undefined	true	24576	24576	24576	1	0
rattled	onDamagingHit	513	1	1	60	Water	0	1	1	10	0	-1	2048	greninjaash	1	0	1	1	0	0	1	2	0	0	0	1	false	missing	1	psn	iapapaberry	0	-1	99	0	1		undefined	undefined	2048	2048	2048	0	2
rattled	onDamagingHit	514	0	6	40	Ghost	1	1	0	20	0	-1	24576	greninjabond	1	1	1	1	0	1	0	1	60	160	0	0	null	Ability	0	psn	iapapaberry	0	1	1	1	0	boost:spe=1:undefined:undefined:undefined:false:false	undefined	undefined	24576	24576	24576	1	2
rattled	onDamagingHit	515	0	6	61	Fire	0	1	1	100	0	1	2048	greninjaash	0	0	0	1	0	1	1	2	100	100	1	1	false	Move	0	brn	leftovers	0	1	1	0	1		undefined	true	2048	2048	2048	1	2
rattled	onDamagingHit	516	6	0	60	Ghost	0	1	0	0	0	0	2048	greninjabond	0	1	1	0	1	-1	1	0	100	160	0	1	null	missing	0	psn	magoberry	1	0	1	0	0	boost:spe=1:undefined:undefined:undefined:false:false	undefined	false	2048	2048	2048	-1	2
rattled	onDamagingHit	517	6	1	0	Fire	0	0	1	20	0	-1	8192	greninjabond	0	1	0	1	0	6	0	1	60	160	0	0	null	Move	0	psn	aguavberry	0	-1	-1	0	1		undefined	undefined	8192	8192	8192	6	0
rattled	onDamagingHit	518	6	0	61	Fire	0	0	1	100	-1	0	16384	greninjaash	1	1	0	1	0	-1	0	2	60	100	0	1	undefined	Ability	1	brn	magoberry	2	1	1	1	1		undefined	false	16384	16384	16384	-1	0
rattled	onDamagingHit	519	6	6	61	Ghost	1	0	0	0	-1	1	8	greninjaash	0	0	0	0	0	-1	1	1	100	0	0	1	false	Ability	1	brn	figyberry	1	-1	99	0	1	boost:spe=1:undefined:undefined:undefined:false:false	undefined	true	8	8	8	-1	0
rattled	onDamagingHit	520	6	0	60	Ghost	1	0	1	10	100	0	16384	pikachu	0	0	1	0	1	6	0	2	0	0	0	0	0	missing	0	brn	sitrusberry	0	0	1	1	1	boost:spe=1:undefined:undefined:undefined:false:false	undefined	false	16384	16384	16384	6	0
rattled	onDamagingHit	521	1	0	61	Ghost	1	1	1	10	20	1	24576	greninjaash	1	1	1	0	0	0	1	2	60	160	1	0	false	Ability	0	psn	aguavberry	0	-1	0	1	1	boost:spe=1:undefined:undefined:undefined:false:false	undefined	true	24576	24576	24576	0	2
rattled	onDamagingHit	522	-1	1	60	Normal	1	1	1	0	-1	1	16384	pikachu	1	1	1	1	1	-1	1	0	0	160	0	0	null	missing	0	brn	sitrusberry	0	0	1	0	1		undefined	true	16384	16384	16384	-1	2
rattled	onDamagingHit	523	-1	0	70	Dark	0	1	0	100	-1	-1	2048	greninjaash	1	0	1	1	0	6	1	0	0	100	0	0	0	Ability	0	psn	iapapaberry	1	1	0	1	0	boost:spe=1:undefined:undefined:undefined:false:false	undefined	undefined	2048	2048	2048	6	2
rattled	onDamagingHit	524	0	6	40	Dark	1	1	1	100	-1	-1	2048	pikachu	1	0	0	1	0	-1	1	2	0	0	0	1	true	missing	0	psn	aguavberry	2	-1	99	0	1	boost:spe=1:undefined:undefined:undefined:false:false	undefined	undefined	2048	2048	2048	-1	2
rattled	onDamagingHit	525	-1	1	0	Fire	1	1	1	0	100	-1	2048	pikachu	0	0	0	1	0	0	1	2	100	0	0	1	undefined	Move	1	psn	figyberry	2	1	99	0	1		undefined	undefined	2048	2048	2048	0	2
rattled	onDamagingHit	526	-1	0	70	Bug	0	0	1	100	-1	-1	8192	greninjabond	1	1	1	1	1	0	1	0	100	100	1	1	0	missing	1	psn	wikiberry	0	0	-1	0	0	boost:spe=1:undefined:undefined:undefined:false:false	undefined	undefined	8192	8192	8192	0	0
rattled	onDamagingHit	527	-1	6	60	Normal	1	0	1	100	0	1	8192	pikachu	0	0	1	0	0	6	1	1	60	160	1	1	undefined	Ability	1	psn	iapapaberry	2	-1	-1	1	0		undefined	true	8192	8192	8192	6	0
rattled	onDamagingHit	528	6	6	61	Ghost	0	1	1	20	-1	-1	16384	greninjaash	1	0	0	1	1	0	0	1	0	0	1	0	true	Ability	0	brn	wikiberry	1	1	0	1	0	boost:spe=1:undefined:undefined:undefined:false:false	undefined	undefined	16384	16384	16384	0	2
rattled	onDamagingHit	529	1	1	70	Dark	0	0	0	0	0	-1	0	greninjaash	0	0	0	0	1	0	0	1	100	0	1	0	true	Move	1	brn	leftovers	0	-1	99	1	1	boost:spe=1:undefined:undefined:undefined:false:false	undefined	undefined	0	0	0	0	0
rattled	onDamagingHit	530	6	0	0	Ghost	1	0	1	20	100	1	0	pikachu	1	0	1	1	0	6	0	1	100	100	0	0	undefined	missing	1	psn	wikiberry	2	0	1	1	1	boost:spe=1:undefined:undefined:undefined:false:false	undefined	true	0	0	0	6	0
rattled	onDamagingHit	531	1	0	60	Bug	1	0	1	0	20	0	2048	pikachu	1	1	1	0	1	-1	1	1	100	0	1	0	false	missing	1	psn	magoberry	0	1	-1	0	1	boost:spe=1:undefined:undefined:undefined:false:false	undefined	false	2048	2048	2048	-1	0
rattled	onDamagingHit	532	-1	6	60	Fire	0	0	1	100	-1	0	2048	pikachu	0	0	1	0	0	6	0	0	0	100	1	0	null	missing	1	psn	leftovers	1	1	-1	0	1		undefined	false	2048	2048	2048	6	0
rattled	onDamagingHit	533	1	1	61	Water	0	0	1	10	100	1	8	greninjaash	1	1	0	0	0	6	0	0	60	100	0	1	true	Ability	1	brn	leftovers	0	0	99	1	1		undefined	true	8	8	8	6	0
rattled	onDamagingHit	534	0	0	0	Dark	1	0	0	100	0	-1	24576	greninjaash	0	0	1	1	0	1	0	1	0	100	1	1	0	missing	0	brn	leftovers	2	-1	1	1	0	boost:spe=1:undefined:undefined:undefined:false:false	undefined	undefined	24576	24576	24576	1	0
rattled	onDamagingHit	535	-1	0	70	Bug	1	0	0	10	100	-1	8192	pikachu	1	0	1	1	1	1	1	0	0	160	0	0	true	missing	1	psn	figyberry	0	0	-1	0	1	boost:spe=1:undefined:undefined:undefined:false:false	undefined	undefined	8192	8192	8192	1	0
rattled	onDamagingHit	536	6	1	40	Ghost	1	0	0	0	100	-1	2048	pikachu	0	1	0	0	1	1	0	0	0	160	0	1	0	Move	0	brn	sitrusberry	1	-1	-1	0	0	boost:spe=1:undefined:undefined:undefined:false:false	undefined	undefined	2048	2048	2048	1	0
rattled	onDamagingHit	537	0	6	0	Normal	0	1	0	0	-1	-1	8192	pikachu	1	1	0	0	1	0	1	2	60	0	1	1	undefined	Move	1	psn	wikiberry	0	-1	-1	1	1		undefined	undefined	8192	8192	8192	0	2
rattled	onDamagingHit	538	1	1	0	Normal	1	0	1	0	0	-1	24576	greninjabond	1	0	0	1	1	0	0	0	0	0	1	1	true	Ability	0	brn	iapapaberry	2	-1	99	1	0		undefined	undefined	24576	24576	24576	0	0
rattled	onDamagingHit	539	0	1	61	Bug	1	0	0	0	100	-1	24576	greninjaash	1	1	0	1	0	0	0	2	60	0	0	1	0	Move	1	brn	leftovers	1	1	1	1	0	boost:spe=1:undefined:undefined:undefined:false:false	undefined	undefined	24576	24576	24576	0	0
rattled	onDamagingHit	540	1	6	61	Ghost	0	0	0	20	-1	-1	8192	pikachu	1	1	1	1	0	6	0	0	60	0	0	1	true	Ability	1	psn	iapapaberry	0	-1	0	0	0	boost:spe=1:undefined:undefined:undefined:false:false	undefined	undefined	8192	8192	8192	6	0
rattled	onDamagingHit	541	-1	1	40	Normal	0	1	1	100	100	1	8192	greninjabond	0	0	0	0	1	0	1	1	100	0	1	1	undefined	missing	0	brn	magoberry	2	1	1	1	1		undefined	true	8192	8192	8192	0	2
rattled	onDamagingHit	542	1	1	40	Water	1	1	0	100	100	1	2048	greninjabond	0	0	1	1	1	1	0	2	100	160	1	1	undefined	Ability	1	psn	aguavberry	1	-1	-1	1	1		undefined	true	2048	2048	2048	1	2
rattled	onDamagingHit	543	0	1	60	Fire	0	0	1	0	-1	0	24576	greninjaash	1	0	0	1	0	0	1	1	100	160	1	1	true	missing	1	psn	sitrusberry	1	1	0	0	0		undefined	false	24576	24576	24576	0	0
rattled	onDamagingHit	544	6	0	0	Ghost	1	0	1	10	20	-1	16384	greninjaash	1	1	1	1	0	-1	1	0	100	0	0	0	0	Move	1	brn	magoberry	0	-1	99	0	0	boost:spe=1:undefined:undefined:undefined:false:false	undefined	undefined	16384	16384	16384	-1	0
rattled	onDamagingHit	545	0	1	40	Water	1	0	0	100	100	1	8	greninjaash	1	0	0	1	1	0	0	1	60	100	1	1	undefined	Ability	0	psn	iapapaberry	0	-1	1	0	1		undefined	true	8	8	8	0	0
rattled	onDamagingHit	546	0	6	40	Dark	1	1	0	100	-1	-1	2048	greninjabond	1	1	0	0	1	-1	1	2	60	160	1	1	true	Ability	1	psn	iapapaberry	1	-1	99	0	1	boost:spe=1:undefined:undefined:undefined:false:false	undefined	undefined	2048	2048	2048	-1	2
rattled	onDamagingHit	547	-1	1	70	Normal	1	0	1	10	100	0	24576	greninjabond	1	1	1	1	1	1	0	0	60	100	0	1	null	Move	1	brn	iapapaberry	0	0	0	1	1		undefined	false	24576	24576	24576	1	0
rattled	onDamagingHit	548	-1	0	70	Fire	1	1	1	10	-1	1	8192	greninjaash	0	1	0	0	0	1	0	1	0	160	0	0	null	Move	1	psn	aguavberry	1	1	1	0	0		undefined	true	8192	8192	8192	1	2
rattled	onDamagingHit	549	0	6	0	Ghost	1	0	0	10	20	0	2048	greninjabond	0	1	1	1	1	6	0	1	0	100	1	0	null	missing	1	psn	aguavberry	1	0	1	1	1	boost:spe=1:undefined:undefined:undefined:false:false	undefined	false	2048	2048	2048	6	0
rattled	onDamagingHit	550	6	1	0	Ghost	1	1	0	100	20	-1	8	pikachu	0	1	0	1	1	6	1	0	100	0	0	1	0	Ability	1	brn	aguavberry	0	-1	1	0	1	boost:spe=1:undefined:undefined:undefined:false:false	undefined	undefined	8	8	8	6	2
rattled	onDamagingHit	551	1	1	70	Dark	0	0	0	100	0	0	24576	greninjabond	1	0	1	0	0	-1	1	1	60	160	1	1	0	missing	0	brn	magoberry	0	1	0	1	1	boost:spe=1:undefined:undefined:undefined:false:false	undefined	false	24576	24576	24576	-1	0
rattled	onDamagingHit	552	-1	6	60	Ghost	0	1	1	20	0	1	8	greninjabond	0	0	0	0	0	1	1	2	0	0	1	1	undefined	Move	1	brn	aguavberry	2	-1	1	0	1	boost:spe=1:undefined:undefined:undefined:false:false	undefined	true	8	8	8	1	2
rattled	onDamagingHit	553	0	6	40	Dark	0	1	0	100	-1	0	16384	pikachu	0	1	0	1	0	0	1	2	0	0	1	0	null	Move	1	brn	figyberry	2	1	99	0	0	boost:spe=1:undefined:undefined:undefined:false:false	undefined	false	16384	16384	16384	0	2
rattled	onDamagingHit	554	0	0	60	Bug	1	1	0	10	20	1	8	greninjaash	0	1	0	0	0	6	0	1	100	100	1	1	0	missing	1	psn	wikiberry	2	-1	99	1	1	boost:spe=1:undefined:undefined:undefined:false:false	undefined	true	8	8	8	6	2
rattled	onDamagingHit	555	6	6	70	Fire	0	0	1	10	0	-1	8192	greninjaash	0	1	0	0	1	6	0	1	100	160	1	0	false	missing	1	psn	wikiberry	1	1	99	0	0		undefined	undefined	8192	8192	8192	6	0
rattled	onDamagingHit	556	1	6	70	Fire	0	1	1	0	-1	-1	24576	greninjabond	0	0	1	1	0	1	1	0	60	100	1	1	null	missing	0	psn	iapapaberry	0	1	99	1	1		undefined	undefined	24576	24576	24576	1	2
rattled	onDamagingHit	557	6	6	70	Bug	0	1	0	20	20	-1	24576	greninjaash	1	0	1	1	1	0	1	1	100	0	1	0	0	missing	0	psn	iapapaberry	2	-1	0	0	1	boost:spe=1:undefined:undefined:undefined:false:false	undefined	undefined	24576	24576	24576	0	2
rattled	onDamagingHit	558	0	1	60	Bug	1	0	1	100	-1	1	8192	greninjaash	0	1	0	1	0	6	0	1	100	100	0	1	undefined	Move	0	brn	aguavberry	1	1	-1	1	0	boost:spe=1:undefined:undefined:undefined:false:false	undefined	true	8192	8192	8192	6	0
rattled	onDamagingHit	559	1	0	40	Bug	0	0	0	10	100	1	0	pikachu	1	0	0	0	1	6	0	2	100	100	0	0	null	missing	0	brn	aguavberry	1	0	1	0	0	boost:spe=1:undefined:undefined:undefined:false:false	undefined	true	0	0	0	6	0
rattled	onDamagingHit	560	-1	6	60	Dark	1	1	0	100	20	1	8	pikachu	0	1	0	1	0	6	1	0	60	100	0	0	true	missing	1	brn	figyberry	1	1	0	0	1	boost:spe=1:undefined:undefined:undefined:false:false	undefined	true	8	8	8	6	2
rattled	onDamagingHit	561	-1	1	0	Dark	0	0	0	20	20	-1	8192	pikachu	1	0	0	0	0	1	1	0	60	160	1	0	false	Ability	0	brn	figyberry	2	1	0	0	0	boost:spe=1:undefined:undefined:undefined:false:false	undefined	undefined	8192	8192	8192	1	0
rattled	onDamagingHit	562	-1	0	0	Fire	0	1	0	100	100	1	8	greninjabond	0	0	0	0	1	0	1	1	60	100	0	1	0	Ability	0	brn	iapapaberry	0	0	99	0	0		undefined	true	8	8	8	0	2
rattled	onDamagingHit	563	0	1	70	Dark	0	0	0	20	-1	-1	8	pikachu	0	1	1	0	0	-1	0	2	0	160	0	0	null	missing	1	psn	leftovers	2	-1	1	1	1	boost:spe=1:undefined:undefined:undefined:false:false	undefined	undefined	8	8	8	-1	0
rattled	onDamagingHit	564	-1	6	0	Fire	1	0	0	100	20	0	16384	pikachu	1	0	1	0	1	0	1	1	0	160	0	0	undefined	Move	0	psn	iapapaberry	0	0	-1	1	1		undefined	false	16384	16384	16384	0	0
rattled	onDamagingHit	565	0	1	70	Water	0	0	0	0	20	0	16384	greninjabond	0	1	1	0	0	6	1	0	60	160	1	1	false	Ability	1	brn	leftovers	2	-1	0	0	1		undefined	false	16384	16384	16384	6	0
rattled	onDamagingHit	566	1	6	70	Fire	1	0	1	100	0	0	2048	greninjaash	0	1	0	1	1	-1	0	1	60	160	0	1	0	Move	1	psn	iapapaberry	1	0	1	0	0		undefined	false	2048	2048	2048	-1	0
rattled	onDamagingHit	567	6	0	60	Water	1	0	1	0	-1	1	16384	greninjabond	0	0	1	1	0	1	0	1	0	100	1	0	true	missing	0	psn	figyberry	1	-1	99	0	1		undefined	true	16384	16384	16384	1	0
rattled	onDamagingHit	568	-1	6	70	Ghost	0	0	1	0	0	1	8	greninjabond	1	1	1	0	0	0	0	1	100	0	0	1	undefined	Ability	0	psn	sitrusberry	0	1	-1	0	0	boost:spe=1:undefined:undefined:undefined:false:false	undefined	true	8	8	8	0	0
rattled	onDamagingHit	569	-1	6	70	Normal	1	1	0	20	0	0	16384	greninjaash	0	1	1	0	0	1	0	2	60	160	0	0	false	Ability	1	psn	wikiberry	1	0	1	0	0		undefined	false	16384	16384	16384	1	2
rattled	onDamagingHit	570	6	1	0	Normal	0	0	1	10	-1	-1	2048	greninjabond	0	0	1	0	0	-1	1	2	100	160	0	1	0	Move	1	psn	figyberry	0	1	99	1	0		undefined	undefined	2048	2048	2048	-1	0
rattled	onDamagingHit	571	-1	6	40	Normal	0	0	1	20	-1	0	8	pikachu	0	1	1	1	1	0	0	0	60	0	1	1	undefined	Move	0	psn	iapapaberry	1	1	-1	1	0		undefined	false	8	8	8	0	0
rattled	onDamagingHit	572	6	0	61	Fire	0	1	1	20	20	0	16384	greninjaash	0	1	0	1	1	0	1	2	100	0	0	1	undefined	Move	0	psn	sitrusberry	0	0	0	1	0		undefined	false	16384	16384	16384	0	2
rattled	onDamagingHit	573	1	0	61	Fire	1	1	0	10	-1	-1	8	greninjabond	0	0	1	0	0	0	0	1	60	160	1	1	undefined	Ability	0	psn	figyberry	2	1	0	0	1		undefined	undefined	8	8	8	0	2
rattled	onDamagingHit	574	6	1	61	Normal	1	1	1	100	0	1	8192	greninjabond	1	0	0	1	0	-1	1	1	60	0	1	1	undefined	Move	1	brn	aguavberry	2	-1	-1	1	1		undefined	true	8192	8192	8192	-1	2
rattled	onDamagingHit	575	-1	6	61	Normal	1	0	0	20	0	0	0	pikachu	0	0	1	0	0	0	0	0	60	100	0	1	true	missing	0	psn	magoberry	1	-1	99	1	0		undefined	false	0	0	0	0	0
rattled	onDamagingHit	576	-1	0	70	Dark	1	0	1	10	20	-1	2048	pikachu	0	0	0	1	0	1	0	1	0	0	1	0	true	Ability	0	psn	magoberry	2	1	99	1	0	boost:spe=1:undefined:undefined:undefined:false:false	undefined	undefined	2048	2048	2048	1	0
rattled	onDamagingHit	577	-1	0	0	Fire	0	0	1	20	20	-1	8	greninjaash	0	1	1	1	0	1	1	1	0	100	0	1	false	Ability	1	psn	iapapaberry	0	0	-1	1	0		undefined	undefined	8	8	8	1	0
rattled	onDamagingHit	578	1	0	60	Fire	0	0	1	100	20	0	24576	pikachu	0	1	1	0	1	1	0	0	0	100	0	1	false	missing	1	brn	aguavberry	1	0	99	1	1		undefined	false	24576	24576	24576	1	0
rattled	onDamagingHit	579	6	0	61	Bug	1	0	0	100	20	0	2048	pikachu	1	1	0	1	1	1	1	1	60	0	0	0	undefined	Move	0	brn	figyberry	1	0	99	0	1	boost:spe=1:undefined:undefined:undefined:false:false	undefined	false	2048	2048	2048	1	0
rattled	onDamagingHit	580	0	0	0	Fire	1	1	1	10	20	-1	0	pikachu	1	1	1	0	1	-1	0	2	60	0	1	0	0	Ability	1	psn	magoberry	2	0	1	1	0		undefined	undefined	0	0	0	-1	2
rattled	onDamagingHit	581	-1	6	40	Dark	0	0	0	100	-1	-1	16384	greninjaash	1	0	1	0	0	6	1	2	100	160	1	0	true	Ability	0	psn	aguavberry	1	-1	-1	0	1	boost:spe=1:undefined:undefined:undefined:false:false	undefined	undefined	16384	16384	16384	6	0
rattled	onDamagingHit	582	-1	6	61	Ghost	0	1	0	100	100	-1	24576	pikachu	1	0	1	1	1	0	0	0	0	160	1	1	undefined	missing	0	psn	leftovers	1	1	1	1	0	boost:spe=1:undefined:undefined:undefined:false:false	undefined	undefined	24576	24576	24576	0	2
rattled	onDamagingHit	583	-1	0	60	Fire	1	0	1	10	100	1	16384	greninjaash	0	0	0	0	1	-1	0	2	100	160	1	1	undefined	missing	0	brn	sitrusberry	0	1	-1	0	1		undefined	true	16384	16384	16384	-1	0
rattled	onDamagingHit	584	-1	6	61	Water	1	1	0	20	0	0	0	greninjabond	1	0	1	0	1	-1	0	0	0	160	0	1	true	Move	0	psn	magoberry	2	0	99	1	1		undefined	false	0	0	0	-1	2
rattled	onDamagingHit	585	-1	6	70	Fire	1	1	1	10	100	0	8192	greninjabond	1	0	1	1	1	1	0	1	60	0	0	1	false	missing	0	brn	leftovers	0	1	0	1	0		undefined	false	8192	8192	8192	1	2
rattled	onDamagingHit	586	0	1	0	Bug	0	1	1	10	100	1	8192	pikachu	0	1	1	0	1	0	1	1	100	100	1	1	undefined	missing	0	psn	iapapaberry	2	-1	99	0	1	boost:spe=1:undefined:undefined:undefined:false:false	undefined	true	8192	8192	8192	0	2
rattled	onDamagingHit	587	0	1	0	Fire	1	0	1	0	100	0	16384	pikachu	1	1	1	0	0	6	1	2	0	100	1	0	undefined	missing	0	brn	wikiberry	0	0	0	1	0		undefined	false	16384	16384	16384	6	0
rattled	onDamagingHit	588	6	6	61	Dark	1	0	0	0	20	-1	8192	greninjaash	0	0	1	1	1	-1	0	0	100	0	0	1	null	missing	1	psn	leftovers	2	0	-1	1	0	boost:spe=1:undefined:undefined:undefined:false:false	undefined	undefined	8192	8192	8192	-1	0
rattled	onDamagingHit	589	1	6	70	Bug	0	1	0	0	-1	0	2048	greninjaash	0	1	0	1	0	0	0	0	0	100	0	0	true	Ability	1	brn	figyberry	2	-1	-1	1	1	boost:spe=1:undefined:undefined:undefined:false:false	undefined	false	2048	2048	2048	0	2
rattled	onDamagingHit	590	0	6	60	Normal	0	1	0	100	20	0	0	greninjaash	1	1	1	1	1	1	0	1	60	0	1	1	false	missing	1	brn	aguavberry	1	0	-1	0	0		undefined	false	0	0	0	1	2
rattled	onDamagingHit	591	0	1	40	Fire	0	0	0	100	-1	0	16384	pikachu	1	1	1	1	0	6	0	0	60	160	1	0	true	Move	0	brn	iapapaberry	1	-1	-1	1	0		undefined	false	16384	16384	16384	6	0
rattled	onDamagingHit	592	0	0	61	Normal	0	0	1	100	100	1	2048	greninjabond	0	1	1	0	1	0	0	0	100	100	1	0	0	Move	1	psn	figyberry	0	-1	1	1	1		undefined	true	2048	2048	2048	0	0
rattled	onDamagingHit	593	6	1	40	Normal	1	0	1	10	-1	-1	0	greninjaash	0	1	1	0	1	1	1	1	100	100	0	0	0	Move	1	brn	aguavberry	2	-1	99	1	0		undefined	undefined	0	0	0	1	0
rattled	onDamagingHit	594	0	6	61	Ghost	0	1	0	100	0	-1	2048	greninjaash	1	1	0	0	0	6	1	0	0	0	1	1	true	Ability	1	brn	iapapaberry	0	1	99	1	0	boost:spe=1:undefined:undefined:undefined:false:false	undefined	undefined	2048	2048	2048	6	2
rattled	onDamagingHit	595	-1	6	70	Ghost	1	0	0	0	100	-1	2048	greninjaash	1	1	0	0	1	-1	1	1	60	160	1	1	undefined	Move	0	psn	leftovers	1	-1	-1	1	1	boost:spe=1:undefined:undefined:undefined:false:false	undefined	undefined	2048	2048	2048	-1	0
rattled	onDamagingHit	596	0	6	60	Ghost	0	0	1	100	20	1	8192	greninjaash	1	1	0	1	1	-1	0	2	0	100	0	0	null	missing	1	psn	magoberry	1	0	0	0	1	boost:spe=1:undefined:undefined:undefined:false:false	undefined	true	8192	8192	8192	-1	0
rattled	onDamagingHit	597	-1	6	60	Normal	1	0	1	20	0	0	8192	pikachu	0	0	0	1	1	6	1	1	100	0	0	0	undefined	missing	0	brn	iapapaberry	2	1	99	1	1		undefined	false	8192	8192	8192	6	0
rattled	onDamagingHit	598	6	0	0	Ghost	0	0	0	100	-1	1	8192	greninjabond	1	1	1	1	0	1	1	2	60	0	0	1	null	Ability	1	psn	sitrusberry	2	-1	99	1	1	boost:spe=1:undefined:undefined:undefined:false:false	undefined	true	8192	8192	8192	1	0
rattled	onDamagingHit	599	1	6	40	Water	0	1	0	20	0	0	16384	greninjabond	1	1	0	1	1	1	1	1	100	0	0	1	null	missing	1	brn	sitrusberry	2	-1	0	1	0		undefined	false	16384	16384	16384	1	2
rattled	onDamagingHit	600	0	1	70	Normal	1	0	0	0	-1	0	24576	greninjaash	0	1	0	1	1	6	1	2	100	0	1	1	undefined	Ability	1	psn	wikiberry	1	0	0	1	0		undefined	false	24576	24576	24576	6	0
rattled	onDamagingHit	601	6	1	70	Normal	0	1	1	0	100	0	24576	greninjaash	0	0	1	0	1	1	1	2	60	160	0	0	null	Move	0	psn	figyberry	0	0	0	0	0		undefined	false	24576	24576	24576	1	2
rattled	onDamagingHit	602	-1	6	61	Water	1	0	0	10	-1	1	8192	greninjaash	1	0	0	0	1	1	0	1	0	100	1	1	false	missing	1	psn	wikiberry	0	0	99	0	0		undefined	true	8192	8192	8192	1	0
rattled	onDamagingHit	603	6	6	61	Normal	0	0	0	10	0	1	2048	pikachu	0	1	1	1	1	0	1	0	100	0	0	1	0	Move	0	psn	figyberry	0	-1	99	0	1		undefined	true	2048	2048	2048	0	0
rattled	onDamagingHit	604	6	6	60	Fire	1	1	1	20	20	1	24576	greninjaash	1	1	1	0	0	6	0	1	60	100	1	1	false	Move	0	psn	sitrusberry	2	-1	1	0	1		undefined	true	24576	24576	24576	6	2
rattled	onDamagingHit	605	0	6	70	Fire	0	1	1	0	0	-1	2048	pikachu	1	1	0	0	1	0	1	2	100	0	0	1	null	Move	1	psn	figyberry	2	-1	99	1	1		undefined	undefined	2048	2048	2048	0	2
rattled	onDamagingHit	606	-1	6	70	Bug	0	0	1	100	0	1	24576	greninjaash	1	0	0	0	1	6	0	0	60	160	0	0	null	Ability	0	brn	sitrusberry	0	1	0	0	1	boost:spe=1:undefined:undefined:undefined:false:false	undefined	true	24576	24576	24576	6	0
rattled	onDamagingHit	607	6	0	61	Bug	0	1	1	10	100	0	8192	greninjabond	1	1	1	0	1	1	1	1	100	100	1	1	false	Move	1	psn	sitrusberry	0	1	0	0	1	boost:spe=1:undefined:undefined:undefined:false:false	undefined	false	8192	8192	8192	1	2
rattled	onDamagingHit	608	0	0	0	Water	0	1	0	10	100	-1	8192	pikachu	1	0	1	0	1	-1	1	0	0	100	0	0	true	Ability	1	psn	aguavberry	0	1	-1	1	0		undefined	undefined	8192	8192	8192	-1	2
rattled	onDamagingHit	609	6	1	70	Dark	1	0	1	0	0	1	16384	pikachu	1	1	0	0	0	1	0	2	0	100	1	1	undefined	Move	1	brn	sitrusberry	0	0	1	0	0	boost:spe=1:undefined:undefined:undefined:false:false	undefined	true	16384	16384	16384	1	0
rattled	onDamagingHit	610	6	0	40	Ghost	1	0	0	100	20	1	8	greninjabond	1	0	0	0	0	-1	1	2	100	0	0	1	0	Ability	0	brn	sitrusberry	2	0	99	1	1	boost:spe=1:undefined:undefined:undefined:false:false	undefined	true	8	8	8	-1	0
rattled	onDamagingHit	611	0	6	40	Water	0	0	1	10	-1	1	16384	greninjaash	0	1	0	0	0	6	1	2	60	160	1	0	false	Ability	0	brn	wikiberry	0	0	0	1	0		undefined	true	16384	16384	16384	6	0
rattled	onDamagingHit	612	1	1	60	Fire	0	1	0	10	100	-1	16384	greninjaash	0	0	1	1	0	6	1	0	60	0	0	0	false	missing	0	psn	iapapaberry	2	0	99	0	0		undefined	undefined	16384	16384	16384	6	2
rattled	onDamagingHit	613	6	0	40	Bug	0	0	1	10	0	1	8192	greninjaash	0	0	0	0	1	6	0	0	60	0	0	1	false	missing	0	psn	wikiberry	1	-1	1	0	0	boost:spe=1:undefined:undefined:undefined:false:false	undefined	true	8192	8192	8192	6	0
rattled	onDamagingHit	614	0	0	61	Ghost	0	1	1	0	0	-1	0	greninjaash	1	0	0	0	0	6	1	0	60	160	0	0	undefined	Ability	1	psn	wikiberry	2	1	99	1	0	boost:spe=1:undefined:undefined:undefined:false:false	undefined	undefined	0	0	0	6	2
rattled	onDamagingHit	615	6	6	60	Fire	0	1	0	100	20	0	24576	greninjaash	0	1	1	0	0	0	1	2	0	0	0	0	null	Ability	1	psn	iapapaberry	0	1	1	1	0		undefined	false	24576	24576	24576	0	2
rattled	onDamagingHit	616	0	1	61	Bug	1	1	1	20	-1	1	24576	greninjaash	0	0	1	1	1	1	1	1	100	0	1	1	false	Move	0	psn	figyberry	1	0	99	0	0	boost:spe=1:undefined:undefined:undefined:false:false	undefined	true	24576	24576	24576	1	2
rattled	onDamagingHit	617	1	6	40	Fire	1	1	0	100	20	1	8192	greninjabond	0	0	0	1	0	1	1	2	60	0	1	1	true	Move	0	brn	aguavberry	2	0	-1	0	0		undefined	true	8192	8192	8192	1	2
rattled	onDamagingHit	618	1	1	61	Bug	1	1	1	10	0	-1	0	pikachu	1	1	1	0	1	6	1	1	0	0	0	1	false	missing	1	psn	sitrusberry	1	1	99	0	0	boost:spe=1:undefined:undefined:undefined:false:false	undefined	undefined	0	0	0	6	2
rattled	onDamagingHit	619	-1	1	40	Normal	0	0	0	20	-1	0	2048	greninjaash	0	1	0	0	1	-1	0	2	100	0	0	0	undefined	Move	1	brn	sitrusberry	1	1	-1	1	1		undefined	false	2048	2048	2048	-1	0
rattled	onDamagingHit	620	-1	6	40	Fire	1	0	1	0	100	0	0	greninjabond	1	0	0	0	0	1	1	0	0	100	0	1	true	Move	0	psn	figyberry	2	0	-1	0	0		undefined	false	0	0	0	1	0
rattled	onDamagingHit	621	0	6	40	Normal	1	1	1	100	100	-1	0	pikachu	0	1	0	1	0	1	1	0	0	0	0	0	0	Ability	0	brn	wikiberry	0	1	1	0	0		undefined	undefined	0	0	0	1	2
rattled	onDamagingHit	622	1	0	61	Normal	1	1	1	0	100	-1	8	pikachu	0	0	0	0	1	-1	1	1	0	100	0	0	0	Move	0	brn	figyberry	2	1	0	1	0		undefined	undefined	8	8	8	-1	2
rattled	onDamagingHit	623	-1	1	60	Dark	1	1	1	20	0	0	8	greninjaash	0	1	0	1	1	-1	1	2	0	100	1	0	0	Move	1	brn	aguavberry	1	1	1	1	1	boost:spe=1:undefined:undefined:undefined:false:false	undefined	false	8	8	8	-1	2
rattled	onDamagingHit	624	0	6	61	Bug	1	0	0	100	100	1	0	pikachu	1	1	0	0	0	-1	0	0	60	0	1	0	false	Move	0	psn	magoberry	1	-1	1	0	1	boost:spe=1:undefined:undefined:undefined:false:false	undefined	true	0	0	0	-1	0
rattled	onDamagingHit	625	1	0	60	Water	0	0	0	100	0	-1	16384	pikachu	0	1	0	1	0	1	0	0	60	0	1	0	false	Ability	0	psn	magoberry	2	1	0	1	0		undefined	undefined	16384	16384	16384	1	0
rattled	onDamagingHit	626	0	6	60	Dark	1	1	1	100	-1	-1	8	pikachu	1	1	1	0	0	1	0	1	60	0	0	1	undefined	missing	1	brn	wikiberry	0	-1	99	0	0	boost:spe=1:undefined:undefined:undefined:false:false	undefined	undefined	8	8	8	1	2
rattled	onDamagingHit	627	6	1	60	Fire	0	0	1	20	20	1	8192	greninjaash	1	1	1	1	1	0	0	1	60	0	1	1	undefined	Ability	1	brn	aguavberry	2	1	1	0	0		undefined	true	8192	8192	8192	0	0
rattled	onDamagingHit	628	1	1	61	Dark	1	1	1	100	100	0	2048	greninjaash	0	1	1	1	0	1	1	1	60	0	1	0	0	Move	1	psn	sitrusberry	0	1	0	0	1	boost:spe=1:undefined:undefined:undefined:false:false	undefined	false	2048	2048	2048	1	2
rattled	onDamagingHit	629	1	6	70	Dark	0	0	1	0	100	1	2048	pikachu	1	0	0	1	0	-1	0	1	100	100	1	0	null	Move	1	psn	magoberry	1	0	1	0	0	boost:spe=1:undefined:undefined:undefined:false:false	undefined	true	2048	2048	2048	-1	0
rattled	onDamagingHit	630	6	6	0	Bug	1	0	1	0	20	0	2048	greninjabond	0	1	1	0	1	-1	0	1	0	160	1	0	null	Ability	0	psn	sitrusberry	0	0	99	0	1	boost:spe=1:undefined:undefined:undefined:false:false	undefined	false	2048	2048	2048	-1	0
rattled	onDamagingHit	631	0	1	60	Bug	1	1	0	0	100	1	8	greninjabond	0	1	1	1	1	6	1	0	60	0	1	1	0	Move	1	brn	figyberry	0	0	99	0	0	boost:spe=1:undefined:undefined:undefined:false:false	undefined	true	8	8	8	6	2
rattled	onDamagingHit	632	1	6	0	Bug	0	0	0	0	20	1	0	greninjaash	0	0	1	1	0	0	0	0	100	0	0	1	true	Move	0	psn	leftovers	1	-1	0	0	1	boost:spe=1:undefined:undefined:undefined:false:false	undefined	true	0	0	0	0	0
rattled	onDamagingHit	633	1	1	70	Normal	1	1	0	20	-1	-1	16384	pikachu	1	0	0	0	1	1	1	2	100	160	1	0	true	Move	1	psn	iapapaberry	0	0	99	1	0		undefined	undefined	16384	16384	16384	1	2
rattled	onDamagingHit	634	-1	0	61	Fire	1	1	1	10	20	-1	24576	pikachu	1	0	1	0	0	-1	1	1	60	160	0	1	true	Move	0	psn	aguavberry	2	1	99	1	1		undefined	undefined	24576	24576	24576	-1	2
rattled	onDamagingHit	635	0	1	0	Ghost	1	0	0	100	100	0	8192	pikachu	1	1	0	1	0	1	0	2	0	100	1	0	true	missing	1	psn	figyberry	0	0	0	1	1	boost:spe=1:undefined:undefined:undefined:false:false	undefined	false	8192	8192	8192	1	0
rattled	onDamagingHit	636	-1	1	70	Dark	0	1	0	20	100	-1	24576	pikachu	1	1	1	0	0	0	0	0	0	100	0	1	true	Ability	1	brn	figyberry	0	1	1	0	1	boost:spe=1:undefined:undefined:undefined:false:false	undefined	undefined	24576	24576	24576	0	2
rattled	onDamagingHit	637	-1	0	0	Dark	1	1	0	20	100	1	8	greninjaash	0	1	1	1	0	1	1	1	100	160	1	1	undefined	missing	0	psn	aguavberry	2	0	0	1	0	boost:spe=1:undefined:undefined:undefined:false:false	undefined	true	8	8	8	1	2
rattled	onDamagingHit	638	0	1	60	Dark	1	0	0	0	-1	0	16384	greninjabond	0	1	1	0	0	0	1	2	0	100	1	0	true	Move	1	brn	figyberry	2	-1	0	1	1	boost:spe=1:undefined:undefined:undefined:false:false	undefined	false	16384	16384	16384	0	0
rattled	onDamagingHit	639	0	6	0	Normal	1	1	0	100	20	-1	24576	pikachu	1	1	0	0	0	1	0	0	60	0	0	1	0	Ability	0	psn	figyberry	0	1	-1	1	1		undefined	undefined	24576	24576	24576	1	2
rattled	onDamagingHit	640	1	0	0	Normal	1	1	1	10	0	-1	2048	pikachu	1	0	1	0	0	6	0	2	60	160	1	0	true	Move	1	psn	figyberry	1	0	-1	0	0		undefined	undefined	2048	2048	2048	6	2
rattled	onDamagingHit	641	0	6	70	Ghost	1	0	0	20	100	0	8	pikachu	0	1	0	0	1	1	0	0	60	100	1	0	0	missing	0	brn	iapapaberry	2	0	-1	1	0	boost:spe=1:undefined:undefined:undefined:false:false	undefined	false	8	8	8	1	0
rattled	onDamagingHit	642	-1	6	70	Water	0	0	1	100	100	0	2048	pikachu	0	0	0	0	1	6	1	1	60	0	1	1	null	Move	1	brn	figyberry	2	0	99	0	1		undefined	false	2048	2048	2048	6	0
rattled	onDamagingHit	643	-1	6	70	Water	1	0	0	0	100	-1	8192	greninjabond	1	1	1	0	1	6	0	0	60	100	0	0	0	Ability	1	psn	magoberry	1	-1	99	1	0		undefined	undefined	8192	8192	8192	6	0
rattled	onDamagingHit	644	1	1	60	Water	1	0	1	10	100	0	24576	greninjabond	1	0	0	1	0	0	0	2	0	100	1	0	true	Ability	1	brn	iapapaberry	2	-1	99	1	1		undefined	false	24576	24576	24576	0	0
rattled	onDamagingHit	645	1	0	70	Normal	1	1	0	100	100	-1	0	greninjabond	1	0	1	0	1	-1	1	0	60	160	1	1	undefined	missing	1	brn	magoberry	2	1	0	1	0		undefined	undefined	0	0	0	-1	2
rattled	onDamagingHit	646	1	1	40	Water	1	1	0	0	0	-1	24576	pikachu	0	0	1	0	1	0	1	2	0	160	1	0	false	Move	0	psn	sitrusberry	2	-1	99	0	0		undefined	undefined	24576	24576	24576	0	2
rattled	onDamagingHit	647	1	6	60	Normal	0	1	1	10	0	-1	0	greninjabond	1	1	1	1	1	0	0	2	0	0	1	0	0	Ability	0	psn	magoberry	0	1	-1	1	0		undefined	undefined	0	0	0	0	2
rattled	onDamagingHit	648	1	1	60	Bug	0	1	0	20	20	1	8	greninjaash	1	1	0	1	0	-1	1	2	60	160	1	1	undefined	Ability	1	psn	wikiberry	2	0	99	0	0	boost:spe=1:undefined:undefined:undefined:false:false	undefined	true	8	8	8	-1	2
rattled	onDamagingHit	649	0	0	0	Water	0	0	0	20	-1	1	2048	greninjaash	0	0	0	1	1	1	0	0	0	100	0	1	false	missing	1	brn	magoberry	1	-1	1	0	0		undefined	true	2048	2048	2048	1	0
rattled	onDamagingHit	650	6	6	61	Fire	0	0	0	10	0	1	24576	pikachu	0	0	0	0	0	0	0	1	100	100	1	1	true	missing	1	psn	wikiberry	1	-1	99	1	0		undefined	true	24576	24576	24576	0	0
rattled	onDamagingHit	651	6	6	70	Bug	1	0	1	0	0	0	24576	greninjabond	0	1	0	0	1	-1	0	2	0	160	1	1	false	missing	1	brn	figyberry	2	0	1	0	1	boost:spe=1:undefined:undefined:undefined:false:false	undefined	false	24576	24576	24576	-1	0
rattled	onDamagingHit	652	-1	1	70	Water	0	0	0	0	0	-1	8192	greninjabond	0	1	1	0	1	0	0	2	0	0	1	0	0	Ability	1	brn	magoberry	2	-1	-1	1	0		undefined	undefined	8192	8192	8192	0	0
rattled	onDamagingHit	653	6	6	70	Normal	0	0	0	10	20	1	8192	greninjabond	1	1	1	0	1	1	0	2	0	160	1	0	null	Ability	0	brn	leftovers	0	-1	-1	1	0		undefined	true	8192	8192	8192	1	0
rattled	onDamagingHit	654	6	6	70	Ghost	1	1	0	0	0	-1	0	greninjaash	0	0	0	0	0	1	0	1	100	100	0	0	undefined	missing	0	brn	leftovers	0	-1	0	1	1	boost:spe=1:undefined:undefined:undefined:false:false	undefined	undefined	0	0	0	1	2
rattled	onDamagingHit	655	6	1	40	Ghost	0	1	0	0	100	1	2048	greninjaash	1	1	0	1	1	-1	0	1	0	100	0	0	null	Move	0	brn	leftovers	1	-1	0	0	1	boost:spe=1:undefined:undefined:undefined:false:false	undefined	true	2048	2048	2048	-1	2
rattled	onDamagingHit	656	1	0	70	Water	1	0	0	100	0	1	24576	greninjaash	0	1	1	0	0	1	1	2	100	0	0	1	true	Ability	1	psn	figyberry	2	-1	1	0	1		undefined	true	24576	24576	24576	1	0
rattled	onDamagingHit	657	0	6	70	Water	1	1	1	10	100	1	24576	pikachu	1	1	1	1	0	1	1	1	100	160	0	1	undefined	Ability	0	psn	figyberry	1	0	-1	0	0		undefined	true	24576	24576	24576	1	2
rattled	onDamagingHit	658	1	6	70	Normal	0	1	0	100	20	-1	8192	pikachu	0	1	0	0	1	-1	1	2	60	0	1	1	undefined	missing	0	brn	aguavberry	0	0	99	0	0		undefined	undefined	8192	8192	8192	-1	2
rattled	onDamagingHit	659	0	0	40	Ghost	0	1	0	10	-1	-1	8192	greninjabond	0	0	0	1	0	0	0	0	100	160	0	1	null	Ability	0	brn	sitrusberry	0	-1	0	1	0	boost:spe=1:undefined:undefined:undefined:false:false	undefined	undefined	8192	8192	8192	0	2
rattled	onDamagingHit	660	6	1	70	Water	1	1	0	0	0	0	8	greninjabond	1	1	0	1	1	-1	1	1	0	0	0	1	0	Move	0	brn	iapapaberry	1	-1	0	1	0		undefined	false	8	8	8	-1	2
rattled	onDamagingHit	661	0	0	61	Ghost	1	1	0	20	20	-1	2048	greninjabond	0	0	1	1	1	-1	1	0	100	0	1	0	undefined	Ability	0	psn	aguavberry	1	0	-1	0	0	boost:spe=1:undefined:undefined:undefined:false:false	undefined	undefined	2048	2048	2048	-1	2
rattled	onDamagingHit	662	-1	1	70	Bug	0	1	1	0	100	0	16384	greninjabond	1	1	0	0	1	6	1	1	60	160	0	0	undefined	Move	1	psn	iapapaberry	1	0	99	0	1	boost:spe=1:undefined:undefined:undefined:false:false	undefined	false	16384	16384	16384	6	2
rattled	onDamagingHit	663	6	6	61	Ghost	0	1	1	20	20	0	2048	pikachu	0	1	0	0	0	6	0	1	100	100	1	1	null	Move	0	brn	sitrusberry	0	0	0	1	0	boost:spe=1:undefined:undefined:undefined:false:false	undefined	false	2048	2048	2048	6	2
rattled	onDamagingHit	664	1	6	70	Water	0	1	1	10	20	1	24576	pikachu	1	0	1	1	0	6	1	1	100	100	1	0	null	Move	1	psn	iapapaberry	2	0	0	1	1		undefined	true	24576	24576	24576	6	2
rattled	onDamagingHit	665	-1	6	60	Fire	1	0	1	10	0	1	16384	greninjaash	0	0	1	1	0	1	0	1	100	0	0	0	undefined	Ability	0	brn	wikiberry	0	1	0	0	0		undefined	true	16384	16384	16384	1	0
rattled	onDamagingHit	666	0	0	0	Ghost	0	1	0	10	100	-1	2048	greninjabond	0	1	1	0	0	1	1	1	100	100	0	0	0	Ability	1	psn	sitrusberry	1	1	-1	0	1	boost:spe=1:undefined:undefined:undefined:false:false	undefined	undefined	2048	2048	2048	1	2
rattled	onDamagingHit	667	-1	1	70	Fire	0	1	1	10	20	1	2048	greninjabond	0	0	1	0	1	1	1	1	0	0	1	0	false	missing	0	psn	magoberry	0	0	99	0	1		undefined	true	2048	2048	2048	1	2
rattled	onDamagingHit	668	0	0	61	Normal	1	1	1	100	0	0	16384	greninjaash	0	0	0	0	1	-1	1	0	100	160	1	0	true	Move	0	brn	iapapaberry	2	0	1	1	1		undefined	false	16384	16384	16384	-1	2
rattled	onDamagingHit	669	6	1	61	Ghost	1	0	0	0	20	-1	16384	greninjaash	1	1	1	1	0	1	0	0	60	0	0	0	false	Ability	1	psn	magoberry	1	0	99	0	0	boost:spe=1:undefined:undefined:undefined:false:false	undefined	undefined	16384	16384	16384	1	0
rattled	onDamagingHit	670	0	0	70	Fire	0	0	1	0	20	0	24576	pikachu	1	1	0	0	0	6	1	0	0	100	0	0	undefined	Move	0	brn	magoberry	0	0	0	0	0		undefined	false	24576	24576	24576	6	0
rattled	onDamagingHit	671	-1	6	70	Bug	1	1	0	10	0	0	16384	greninjabond	0	1	1	0	1	1	0	0	60	160	0	0	true	missing	0	brn	wikiberry	1	0	1	1	1	boost:spe=1:undefined:undefined:undefined:false:false	undefined	false	16384	16384	16384	1	2
rattled	onDamagingHit	672	1	0	60	Normal	0	1	0	20	-1	0	8192	greninjabond	0	0	0	0	1	0	0	0	0	100	1	1	undefined	Ability	0	psn	wikiberry	1	0	-1	1	1		undefined	false	8192	8192	8192	0	2
rattled	onDamagingHit	673	-1	0	0	Fire	0	1	1	0	20	-1	2048	greninjabond	0	1	1	0	0	1	1	0	0	160	0	0	false	missing	1	brn	figyberry	2	1	99	1	0		undefined	undefined	2048	2048	2048	1	2
rattled	onDamagingHit	674	-1	0	70	Normal	0	0	1	0	0	0	8192	greninjabond	0	0	1	1	0	0	0	2	100	0	0	0	null	Move	0	brn	aguavberry	0	1	-1	1	0		undefined	false	8192	8192	8192	0	0
rattled	onDamagingHit	675	6	0	40	Ghost	0	1	0	20	20	-1	2048	pikachu	0	0	0	0	0	6	1	2	100	100	1	0	true	missing	0	psn	aguavberry	2	-1	1	0	0	boost:spe=1:undefined:undefined:undefined:false:false	undefined	undefined	2048	2048	2048	6	2
rattled	onDamagingHit	676	6	0	0	Normal	0	0	0	20	0	0	0	pikachu	1	0	1	1	1	6	1	1	60	160	1	1	undefined	Ability	0	brn	wikiberry	2	1	99	1	1		undefined	false	0	0	0	6	0
rattled	onDamagingHit	677	-1	0	40	Normal	0	1	1	20	-1	-1	24576	greninjaash	1	0	0	0	0	-1	1	2	60	0	0	1	undefined	Move	0	brn	magoberry	1	1	99	0	0		undefined	undefined	24576	24576	24576	-1	2
rattled	onDamagingHit	678	1	1	70	Normal	0	0	1	0	-1	-1	16384	greninjaash	1	0	1	0	0	-1	0	1	100	100	1	0	null	missing	0	psn	sitrusberry	0	0	99	1	0		undefined	undefined	16384	16384	16384	-1	0
rattled	onDamagingHit	679	0	1	70	Water	1	1	1	0	100	0	0	greninjaash	0	1	0	1	1	0	0	1	0	100	0	0	0	Ability	1	psn	sitrusberry	0	0	1	0	0		undefined	false	0	0	0	0	2
rattled	onDamagingHit	680	6	0	0	Normal	1	0	0	100	100	-1	0	pikachu	1	1	1	1	1	6	0	1	0	0	0	0	false	Ability	0	psn	magoberry	0	-1	99	1	0		undefined	undefined	0	0	0	6	0
rattled	onDamagingHit	681	-1	6	70	Bug	1	0	1	0	0	-1	8	pikachu	1	0	1	0	1	1	0	2	0	0	0	1	undefined	Ability	0	psn	magoberry	2	1	-1	1	1	boost:spe=1:undefined:undefined:undefined:false:false	undefined	undefined	8	8	8	1	0
rattled	onDamagingHit	682	-1	0	61	Dark	0	0	1	20	-1	1	16384	pikachu	1	0	1	1	1	-1	1	1	0	0	0	0	true	Move	0	brn	aguavberry	2	0	-1	0	0	boost:spe=1:undefined:undefined:undefined:false:false	undefined	true	16384	16384	16384	-1	0
rattled	onDamagingHit	683	1	0	60	Water	1	1	0	20	100	1	16384	greninjaash	1	0	1	1	0	-1	1	0	100	0	0	1	null	missing	0	brn	magoberry	2	0	-1	1	1		undefined	true	16384	16384	16384	-1	2
rattled	onDamagingHit	684	0	1	60	Water	1	0	0	10	0	1	0	greninjabond	1	1	0	0	1	6	0	1	60	100	0	0	true	Ability	1	brn	magoberry	2	-1	-1	0	0		undefined	true	0	0	0	6	0
rattled	onDamagingHit	685	1	6	0	Dark	1	0	1	100	-1	0	0	greninjabond	0	1	0	0	0	1	0	0	100	100	0	1	null	missing	1	brn	aguavberry	0	1	1	1	0	boost:spe=1:undefined:undefined:undefined:false:false	undefined	false	0	0	0	1	0
rattled	onDamagingHit	686	-1	6	61	Fire	0	1	0	0	0	0	2048	pikachu	1	0	1	0	1	-1	1	0	0	160	1	0	null	Ability	1	psn	aguavberry	0	-1	0	0	1		undefined	false	2048	2048	2048	-1	2
rattled	onDamagingHit	687	0	0	40	Dark	1	1	1	20	20	1	8192	greninjaash	0	1	1	1	0	-1	1	0	100	100	1	1	0	Move	1	psn	magoberry	0	-1	99	1	1	boost:spe=1:undefined:undefined:undefined:false:false	undefined	true	8192	8192	8192	-1	2
rattled	onDamagingHit	688	6	6	60	Bug	0	0	1	0	-1	-1	16384	greninjabond	1	0	1	0	1	-1	0	0	60	100	1	1	false	missing	0	psn	wikiberry	1	0	1	1	0	boost:spe=1:undefined:undefined:undefined:false:false	undefined	undefined	16384	16384	16384	-1	0
rattled	onDamagingHit	689	6	0	40	Bug	1	1	1	100	-1	-1	2048	pikachu	0	1	1	1	1	6	0	1	100	100	0	1	true	Ability	1	psn	sitrusberry	2	0	1	1	1	boost:spe=1:undefined:undefined:undefined:false:false	undefined	undefined	2048	2048	2048	6	2
rattled	onDamagingHit	690	6	1	70	Normal	1	0	1	0	20	1	16384	greninjabond	1	1	1	1	0	1	0	0	100	0	1	0	0	missing	1	psn	iapapaberry	1	0	-1	1	1		undefined	true	16384	16384	16384	1	0
rattled	onDamagingHit	691	-1	1	70	Normal	1	1	1	100	0	0	2048	greninjabond	1	0	0	1	1	0	1	2	60	160	1	1	undefined	Ability	0	brn	sitrusberry	0	0	99	0	0		undefined	false	2048	2048	2048	0	2
rattled	onDamagingHit	692	6	0	40	Water	0	1	1	0	-1	0	8	greninjabond	0	1	0	1	0	1	0	1	0	160	1	1	false	missing	1	brn	sitrusberry	0	1	0	0	0		undefined	false	8	8	8	1	2
rattled	onDamagingHit	693	-1	1	61	Fire	1	1	1	10	-1	-1	24576	greninjaash	1	0	0	1	1	-1	0	2	60	100	0	0	undefined	Move	0	psn	iapapaberry	2	1	1	1	0		undefined	undefined	24576	24576	24576	-1	2
rattled	onDamagingHit	694	0	1	61	Normal	0	1	0	0	100	-1	8	greninjaash	1	0	1	0	0	0	1	2	0	160	1	0	0	Move	0	brn	iapapaberry	2	0	99	1	1		undefined	undefined	8	8	8	0	2
rattled	onDamagingHit	695	1	1	61	Ghost	0	1	0	10	0	0	24576	greninjabond	1	1	0	0	1	6	1	1	100	0	0	1	true	missing	1	brn	magoberry	0	0	-1	1	0	boost:spe=1:undefined:undefined:undefined:false:false	undefined	false	24576	24576	24576	6	2
rattled	onDamagingHit	696	6	1	61	Water	1	1	0	10	100	1	2048	pikachu	0	0	0	1	1	1	1	1	60	100	1	0	true	Ability	1	brn	wikiberry	0	0	0	1	1		undefined	true	2048	2048	2048	1	2
rattled	onDamagingHit	697	6	1	0	Fire	0	0	1	100	100	0	8192	pikachu	1	0	0	1	1	6	1	2	60	0	1	1	false	Ability	0	brn	magoberry	2	0	99	1	1		undefined	false	8192	8192	8192	6	0
rattled	onDamagingHit	698	1	6	0	Ghost	1	1	0	20	0	0	8	greninjabond	1	1	0	1	1	0	0	2	100	100	1	0	false	Ability	0	brn	leftovers	2	1	-1	0	1	boost:spe=1:undefined:undefined:undefined:false:false	undefined	false	8	8	8	0	2
rattled	onDamagingHit	699	6	6	60	Dark	1	1	0	100	0	-1	16384	pikachu	1	0	0	0	0	1	1	1	100	0	0	0	null	Ability	1	brn	iapapaberry	1	0	0	0	1	boost:spe=1:undefined:undefined:undefined:false:false	undefined	undefined	16384	16384	16384	1	2
rattled	onDamagingHit	700	1	0	60	Normal	1	0	0	100	-1	0	8192	pikachu	1	0	1	0	0	1	0	0	0	100	1	0	null	Ability	1	brn	iapapaberry	2	1	1	0	1		undefined	false	8192	8192	8192	1	0
rattled	onDamagingHit	701	0	0	70	Normal	0	0	1	20	0	-1	2048	greninjabond	1	1	0	1	1	1	1	0	60	160	0	0	true	missing	1	brn	magoberry	2	-1	1	1	0		undefined	undefined	2048	2048	2048	1	0
rattled	onDamagingHit	702	1	6	60	Ghost	0	0	0	0	100	0	0	pikachu	0	1	1	0	1	0	0	0	100	100	0	0	true	missing	0	psn	sitrusberry	0	0	0	0	0	boost:spe=1:undefined:undefined:undefined:false:false	undefined	false	0	0	0	0	0
rattled	onDamagingHit	703	6	1	61	Dark	0	1	1	100	100	-1	24576	greninjabond	1	1	0	1	1	1	1	2	60	160	1	0	0	missing	1	brn	iapapaberry	0	-1	-1	0	1	boost:spe=1:undefined:undefined:undefined:false:false	undefined	undefined	24576	24576	24576	1	2
rattled	onDamagingHit	704	6	0	70	Water	0	1	0	20	-1	-1	8	greninjaash	1	1	1	0	1	6	1	2	60	160	0	1	null	missing	1	brn	wikiberry	0	1	-1	0	1		undefined	undefined	8	8	8	6	2
rattled	onDamagingHit	705	6	6	0	Normal	1	1	0	100	-1	1	0	pikachu	1	0	0	0	1	6	0	1	0	160	1	0	false	Move	0	brn	figyberry	0	-1	0	0	1		undefined	true	0	0	0	6	2
rattled	onDamagingHit	706	0	0	0	Water	1	1	0	0	-1	-1	2048	pikachu	1	0	0	1	0	6	1	1	60	100	1	0	true	Ability	0	psn	magoberry	2	-1	-1	0	0		undefined	undefined	2048	2048	2048	6	2
rattled	onDamagingHit	707	1	6	40	Ghost	0	1	1	0	-1	-1	8	greninjaash	0	0	1	0	0	6	0	2	60	160	1	1	false	Ability	1	psn	magoberry	0	0	-1	1	0	boost:spe=1:undefined:undefined:undefined:false:false	undefined	undefined	8	8	8	6	2
rattled	onDamagingHit	708	-1	0	40	Water	0	0	0	20	-1	0	8	greninjaash	0	0	0	1	0	0	1	2	100	0	0	1	null	Ability	0	brn	iapapaberry	1	0	99	0	1		undefined	false	8	8	8	0	0
rattled	onDamagingHit	709	6	6	0	Normal	1	1	1	0	0	-1	8	greninjabond	0	1	0	1	1	-1	0	2	100	160	0	1	false	Move	1	brn	magoberry	2	1	0	1	0		undefined	undefined	8	8	8	-1	2
rattled	onDamagingHit	710	6	1	0	Normal	1	0	1	0	20	1	2048	greninjabond	0	1	0	0	0	1	1	0	60	160	0	0	0	Move	1	brn	magoberry	1	1	99	0	1		undefined	true	2048	2048	2048	1	0
rattled	onDamagingHit	711	6	6	70	Bug	0	1	0	20	20	1	8192	pikachu	1	1	1	1	0	0	1	1	0	160	0	0	false	Ability	1	psn	leftovers	1	1	0	1	0	boost:spe=1:undefined:undefined:undefined:false:false	undefined	true	8192	8192	8192	0	2
rattled	onDamagingHit	712	6	0	60	Ghost	0	0	1	100	100	1	8	greninjabond	0	1	0	1	0	0	1	0	0	160	1	0	undefined	missing	1	brn	sitrusberry	0	-1	-1	0	0	boost:spe=1:undefined:undefined:undefined:false:false	undefined	true	8	8	8	0	0
rattled	onDamagingHit	713	6	1	61	Water	0	0	0	20	20	0	16384	pikachu	0	1	0	0	0	6	1	0	60	160	1	0	null	missing	1	psn	aguavberry	1	0	1	0	1		undefined	false	16384	16384	16384	6	0
rattled	onDamagingHit	714	-1	0	0	Ghost	1	0	0	20	20	1	2048	greninjabond	1	0	0	1	0	1	0	1	0	100	0	0	null	missing	1	brn	iapapaberry	0	1	-1	1	0	boost:spe=1:undefined:undefined:undefined:false:false	undefined	true	2048	2048	2048	1	0
rattled	onDamagingHit	715	-1	6	0	Bug	0	1	0	10	20	0	8	greninjaash	0	0	0	1	1	-1	0	0	0	0	0	1	0	missing	1	psn	iapapaberry	1	0	1	0	1	boost:spe=1:undefined:undefined:undefined:false:false	undefined	false	8	8	8	-1	2
rattled	onDamagingHit	716	1	0	0	Bug	0	1	1	10	-1	1	0	greninjabond	1	1	0	0	0	0	1	0	60	0	1	0	undefined	Move	0	brn	iapapaberry	2	0	0	0	1	boost:spe=1:undefined:undefined:undefined:false:false	undefined	true	0	0	0	0	2
rattled	onDamagingHit	717	0	6	70	Dark	1	0	1	10	0	1	8192	greninjaash	1	0	1	0	1	1	1	0	60	160	1	1	null	Move	0	psn	iapapaberry	1	1	0	0	0	boost:spe=1:undefined:undefined:undefined:false:false	undefined	true	8192	8192	8192	1	0
rattled	onDamagingHit	718	-1	6	60	Ghost	1	0	1	0	-1	0	8192	greninjabond	0	0	0	0	0	6	1	0	60	160	0	0	null	missing	0	psn	magoberry	0	0	0	1	1	boost:spe=1:undefined:undefined:undefined:false:false	undefined	false	8192	8192	8192	6	0
rattled	onDamagingHit	719	-1	6	60	Normal	1	1	1	0	0	1	8192	pikachu	0	0	0	0	1	-1	1	0	100	100	0	1	0	Ability	1	psn	aguavberry	1	-1	0	0	1		undefined	true	8192	8192	8192	-1	2
rattled	onDamagingHit	720	-1	1	60	Ghost	1	1	0	0	20	-1	8	greninjabond	1	0	0	1	0	1	1	0	100	160	0	1	0	Move	0	brn	aguavberry	1	-1	99	0	0	boost:spe=1:undefined:undefined:undefined:false:false	undefined	undefined	8	8	8	1	2
rattled	onDamagingHit	721	1	6	60	Dark	0	1	0	20	0	1	8	greninjabond	1	0	0	1	0	6	0	2	100	100	1	1	0	missing	0	psn	sitrusberry	2	0	-1	0	1	boost:spe=1:undefined:undefined:undefined:false:false	undefined	true	8	8	8	6	2
rattled	onDamagingHit	722	-1	0	70	Normal	1	0	1	0	100	-1	8	greninjabond	0	0	1	1	1	-1	0	0	60	0	0	0	undefined	missing	0	psn	figyberry	1	1	-1	0	1		undefined	undefined	8	8	8	-1	0
rattled	onDamagingHit	723	6	0	60	Bug	0	1	1	10	20	-1	24576	pikachu	0	0	1	1	0	0	0	0	0	160	0	0	true	Move	1	brn	magoberry	0	1	0	0	0	boost:spe=1:undefined:undefined:undefined:false:false	undefined	undefined	24576	24576	24576	0	2
rattled	onDamagingHit	724	-1	0	60	Bug	1	1	0	0	-1	-1	16384	greninjabond	0	0	1	0	0	0	1	0	100	160	1	1	false	missing	0	brn	sitrusberry	0	-1	1	1	0	boost:spe=1:undefined:undefined:undefined:false:false	undefined	undefined	16384	16384	16384	0	2
rattled	onDamagingHit	725	6	0	61	Dark	0	1	0	100	100	-1	2048	greninjabond	1	1	1	0	0	-1	0	2	100	160	1	1	true	Move	1	psn	leftovers	0	1	-1	0	0	boost:spe=1:undefined:undefined:undefined:false:false	undefined	undefined	2048	2048	2048	-1	2
rattled	onDamagingHit	726	1	1	61	Water	1	1	1	0	0	0	0	greninjabond	0	0	0	0	1	6	0	2	60	0	1	0	true	Ability	0	brn	iapapaberry	2	0	-1	0	0		undefined	false	0	0	0	6	2
rattled	onDamagingHit	727	0	0	40	Ghost	1	0	1	100	100	0	8192	pikachu	0	0	1	0	0	6	0	2	0	160	1	0	true	Ability	0	psn	magoberry	1	-1	1	0	1	boost:spe=1:undefined:undefined:undefined:false:false	undefined	false	8192	8192	8192	6	0
rattled	onDamagingHit	728	-1	1	0	Ghost	0	1	1	10	0	-1	0	greninjaash	1	0	1	0	0	-1	0	0	0	160	0	0	false	missing	0	brn	figyberry	0	0	1	0	1	boost:spe=1:undefined:undefined:undefined:false:false	undefined	undefined	0	0	0	-1	2
rattled	onDamagingHit	729	1	1	70	Dark	1	0	0	10	20	-1	0	pikachu	1	1	0	1	0	6	0	1	100	160	1	1	false	Ability	1	brn	leftovers	1	-1	1	1	1	boost:spe=1:undefined:undefined:undefined:false:false	undefined	undefined	0	0	0	6	0
rattled	onDamagingHit	730	6	0	61	Dark	0	1	1	20	0	0	0	greninjaash	0	1	1	1	0	6	1	1	100	100	0	0	undefined	missing	0	brn	wikiberry	0	1	-1	1	1	boost:spe=1:undefined:undefined:undefined:false:false	undefined	false	0	0	0	6	2
rattled	onDamagingHit	731	1	0	61	Fire	1	1	1	20	100	-1	24576	pikachu	1	0	0	0	0	1	0	0	0	160	1	0	false	Ability	1	brn	wikiberry	0	0	-1	1	0		undefined	undefined	24576	24576	24576	1	2
rattled	onDamagingHit	732	1	0	70	Normal	0	0	0	100	-1	0	16384	greninjabond	0	0	0	1	1	-1	1	1	100	0	0	0	false	Ability	1	brn	aguavberry	2	0	99	1	0		undefined	false	16384	16384	16384	-1	0
rattled	onDamagingHit	733	-1	6	61	Normal	1	0	0	10	100	1	24576	greninjabond	0	0	1	1	0	1	0	2	60	100	1	0	null	Ability	0	brn	iapapaberry	0	0	-1	0	0		undefined	true	24576	24576	24576	1	0
rattled	onDamagingHit	734	6	1	61	Dark	1	1	0	0	100	0	0	greninjaash	0	1	1	1	0	-1	1	2	100	100	1	1	null	Move	1	psn	iapapaberry	0	1	1	1	0	boost:spe=1:undefined:undefined:undefined:false:false	undefined	false	0	0	0	-1	2
rattled	onDamagingHit	735	1	1	60	Dark	1	0	0	20	20	0	16384	greninjaash	0	0	0	1	0	6	0	1	0	160	0	0	true	missing	0	brn	wikiberry	1	-1	1	1	0	boost:spe=1:undefined:undefined:undefined:false:false	undefined	false	16384	16384	16384	6	0
rattled	onDamagingHit	736	-1	6	61	Ghost	1	0	1	20	20	1	0	greninjaash	0	1	0	1	0	0	0	1	0	160	1	1	true	missing	0	brn	aguavberry	2	0	0	0	1	boost:spe=1:undefined:undefined:undefined:false:false	undefined	true	0	0	0	0	0
rattled	onDamagingHit	737	1	6	40	Water	0	1	0	10	100	0	8192	pikachu	0	0	1	1	1	6	1	2	0	0	0	0	true	Move	0	psn	figyberry	1	1	99	1	1		undefined	false	8192	8192	8192	6	2
rattled	onDamagingHit	738	1	0	61	Normal	0	1	1	0	-1	1	2048	greninjaash	0	1	1	1	1	0	0	2	0	160	1	0	null	Ability	1	psn	wikiberry	1	0	-1	0	0		undefined	true	2048	2048	2048	0	2
rattled	onDamagingHit	739	-1	1	61	Dark	1	1	0	20	0	-1	8	pikachu	1	0	1	1	1	-1	0	1	0	100	0	1	undefined	Ability	1	psn	aguavberry	2	-1	1	0	1	boost:spe=1:undefined:undefined:undefined:false:false	undefined	undefined	8	8	8	-1	2
rattled	onDamagingHit	740	0	6	70	Bug	1	0	1	20	20	-1	8	pikachu	1	1	0	0	1	-1	0	1	60	160	1	1	undefined	Ability	1	brn	figyberry	0	1	-1	1	1	boost:spe=1:undefined:undefined:undefined:false:false	undefined	undefined	8	8	8	-1	0
rattled	onDamagingHit	741	1	0	60	Ghost	1	1	0	20	100	0	0	greninjaash	1	1	1	1	0	-1	1	2	0	160	1	0	false	missing	1	brn	leftovers	0	1	99	1	1	boost:spe=1:undefined:undefined:undefined:false:false	undefined	false	0	0	0	-1	2
rattled	onDamagingHit	742	-1	1	70	Normal	1	0	0	10	100	-1	8192	pikachu	0	1	1	1	1	-1	0	0	0	160	1	1	undefined	Ability	0	brn	magoberry	1	1	-1	0	1		undefined	undefined	8192	8192	8192	-1	0
rattled	onDamagingHit	743	1	6	70	Bug	1	0	1	0	-1	1	0	pikachu	1	0	0	1	1	1	0	1	100	0	1	1	0	missing	0	brn	leftovers	1	0	99	0	1	boost:spe=1:undefined:undefined:undefined:false:false	undefined	true	0	0	0	1	0
rattled	onDamagingHit	744	-1	1	0	Fire	0	0	0	100	0	1	16384	greninjaash	1	1	0	0	0	6	0	0	0	0	0	0	0	missing	1	brn	leftovers	1	-1	-1	1	1		undefined	true	16384	16384	16384	6	0
rattled	onDamagingHit	745	0	0	40	Bug	0	0	1	0	-1	-1	0	greninjaash	1	1	1	0	1	6	0	0	60	0	0	0	true	missing	1	psn	aguavberry	2	-1	0	1	1	boost:spe=1:undefined:undefined:undefined:false:false	undefined	undefined	0	0	0	6	0
rattled	onDamagingHit	746	0	6	70	Fire	0	0	0	20	100	-1	24576	greninjabond	0	0	0	1	0	-1	0	0	100	0	1	0	0	Ability	0	brn	iapapaberry	1	0	-1	1	1		undefined	undefined	24576	24576	24576	-1	0
rattled	onDamagingHit	747	6	0	60	Fire	1	1	1	100	0	0	8192	greninjabond	1	0	1	1	0	0	1	1	60	0	1	1	false	Move	0	psn	aguavberry	0	1	0	0	0		undefined	false	8192	8192	8192	0	2
rattled	onDamagingHit	748	6	6	60	Normal	0	1	0	10	20	1	8192	pikachu	0	1	1	1	1	6	0	2	60	0	1	0	0	Move	1	brn	figyberry	2	1	0	1	1		undefined	true	8192	8192	8192	6	2
rattled	onDamagingHit	749	-1	6	60	Fire	0	0	0	0	20	-1	8	greninjabond	1	0	1	0	1	6	0	0	0	0	1	1	null	missing	1	psn	figyberry	1	-1	99	1	1		undefined	undefined	8	8	8	6	0
rattled	onDamagingHit	750	0	6	70	Dark	0	0	0	10	20	1	0	pikachu	1	1	1	1	0	0	0	2	0	100	1	1	0	Move	1	psn	leftovers	0	-1	1	0	1	boost:spe=1:undefined:undefined:undefined:false:false	undefined	true	0	0	0	0	0
rattled	onDamagingHit	751	6	0	70	Water	0	0	0	100	100	1	2048	greninjabond	1	0	1	0	0	0	0	2	0	160	0	1	true	Ability	0	psn	wikiberry	2	0	99	0	0		undefined	true	2048	2048	2048	0	0
rattled	onDamagingHit	752	-1	0	0	Ghost	0	1	1	0	20	0	8	greninjaash	0	0	1	1	1	0	1	1	60	0	0	1	true	Ability	1	brn	aguavberry	2	1	99	1	0	boost:spe=1:undefined:undefined:undefined:false:false	undefined	false	8	8	8	0	2
rattled	onDamagingHit	753	0	0	40	Fire	1	1	1	0	100	0	24576	pikachu	1	0	1	0	1	6	1	0	100	100	0	1	true	Ability	1	brn	aguavberry	1	-1	1	0	1		undefined	false	24576	24576	24576	6	2
rattled	onDamagingHit	754	-1	1	60	Normal	0	0	0	0	0	1	0	pikachu	0	0	0	1	1	6	1	0	0	0	1	0	0	Move	0	psn	wikiberry	2	1	-1	1	1		undefined	true	0	0	0	6	0
rattled	onDamagingHit	755	1	6	40	Water	1	1	0	100	-1	0	0	greninjaash	0	0	0	0	0	1	1	1	100	100	0	0	undefined	Move	0	psn	wikiberry	2	1	99	1	1		undefined	false	0	0	0	1	2
rattled	onDamagingHit	756	0	6	60	Bug	0	0	0	0	20	0	24576	greninjabond	1	0	0	0	1	6	0	2	60	0	0	1	false	Ability	0	brn	magoberry	2	0	1	1	0	boost:spe=1:undefined:undefined:undefined:false:false	undefined	false	24576	24576	24576	6	0
rattled	onDamagingHit	757	0	0	40	Bug	1	1	0	10	20	-1	24576	pikachu	0	1	1	0	1	0	1	1	100	0	0	1	false	missing	0	brn	sitrusberry	2	1	99	1	1	boost:spe=1:undefined:undefined:undefined:false:false	undefined	undefined	24576	24576	24576	0	2
rattled	onDamagingHit	758	1	1	40	Fire	0	1	0	10	-1	0	8192	greninjabond	1	0	0	1	0	0	1	0	100	0	0	1	0	Move	1	brn	wikiberry	1	0	-1	1	0		undefined	false	8192	8192	8192	0	2
rattled	onDamagingHit	759	-1	1	70	Dark	0	0	1	10	20	0	16384	pikachu	1	0	0	0	0	-1	0	1	100	100	0	0	undefined	missing	0	psn	leftovers	2	0	-1	1	1	boost:spe=1:undefined:undefined:undefined:false:false	undefined	false	16384	16384	16384	-1	0
rattled	onDamagingHit	760	0	6	70	Fire	1	1	1	10	-1	-1	8192	greninjabond	1	1	0	0	1	1	1	1	0	100	1	0	true	missing	1	brn	aguavberry	0	0	1	1	0		undefined	undefined	8192	8192	8192	1	2
rattled	onDamagingHit	761	0	0	40	Ghost	0	0	1	100	0	0	8192	pikachu	0	1	1	1	0	6	0	0	0	100	0	1	undefined	missing	0	brn	leftovers	0	1	-1	0	1	boost:spe=1:undefined:undefined:undefined:false:false	undefined	false	8192	8192	8192	6	0
rattled	onDamagingHit	762	6	6	40	Water	0	0	0	20	-1	1	2048	greninjaash	0	1	0	1	1	0	0	1	100	100	1	0	false	Ability	1	brn	aguavberry	2	-1	-1	0	0		undefined	true	2048	2048	2048	0	0
rattled	onDamagingHit	763	-1	1	0	Water	0	1	1	0	20	0	0	greninjaash	0	0	1	0	1	6	1	0	100	160	0	1	false	Ability	0	brn	wikiberry	2	-1	1	0	0		undefined	false	0	0	0	6	2
rattled	onDamagingHit	764	6	6	0	Normal	1	0	1	100	20	0	16384	greninjabond	0	0	0	1	1	1	1	0	0	160	1	0	null	Move	0	psn	wikiberry	2	0	99	1	0		undefined	false	16384	16384	16384	1	0
rattled	onDamagingHit	765	6	1	40	Bug	0	0	1	100	20	0	2048	greninjaash	1	0	0	0	1	6	0	2	60	160	0	0	true	missing	1	brn	wikiberry	0	1	1	0	1	boost:spe=1:undefined:undefined:undefined:false:false	undefined	false	2048	2048	2048	6	0
rattled	onDamagingHit	766	-1	1	60	Bug	0	1	1	10	0	0	8	greninjabond	1	0	0	1	1	1	0	1	100	0	0	1	true	Move	0	psn	wikiberry	1	0	1	0	0	boost:spe=1:undefined:undefined:undefined:false:false	undefined	false	8	8	8	1	2
rattled	onDamagingHit	767	-1	1	60	Fire	0	0	1	0	-1	-1	2048	greninjabond	0	0	1	1	1	6	1	0	100	160	1	0	undefined	missing	1	brn	sitrusberry	0	1	0	0	0		undefined	undefined	2048	2048	2048	6	0
rattled	onDamagingHit	768	0	1	0	Ghost	0	0	0	20	100	-1	24576	greninjaash	0	1	0	1	1	-1	1	0	60	160	0	1	true	Ability	0	brn	figyberry	2	-1	0	1	1	boost:spe=1:undefined:undefined:undefined:false:false	undefined	undefined	24576	24576	24576	-1	0
rattled	onDamagingHit	769	-1	0	0	Normal	0	1	1	100	20	0	0	pikachu	1	0	1	1	0	6	1	2	0	0	0	1	true	Ability	1	psn	aguavberry	0	1	0	0	1		undefined	false	0	0	0	6	2
rattled	onDamagingHit	770	6	6	70	Ghost	1	1	0	0	20	-1	24576	pikachu	1	1	1	1	0	-1	0	0	60	100	0	0	0	missing	0	psn	aguavberry	2	0	-1	1	0	boost:spe=1:undefined:undefined:undefined:false:false	undefined	undefined	24576	24576	24576	-1	2
rattled	onDamagingHit	771	6	6	70	Dark	0	1	1	10	20	1	16384	greninjaash	0	0	0	1	0	-1	1	1	0	100	1	1	undefined	Ability	0	brn	wikiberry	2	1	-1	0	1	boost:spe=1:undefined:undefined:undefined:false:false	undefined	true	16384	16384	16384	-1	2
rattled	onDamagingHit	772	0	0	70	Ghost	0	1	0	20	20	-1	0	pikachu	0	1	1	0	1	1	1	0	100	0	0	1	0	missing	0	psn	wikiberry	2	-1	-1	0	0	boost:spe=1:undefined:undefined:undefined:false:false	undefined	undefined	0	0	0	1	2
rattled	onDamagingHit	773	0	0	70	Ghost	0	0	1	0	20	1	8192	greninjabond	0	1	0	1	0	0	0	0	0	100	0	0	null	missing	0	psn	iapapaberry	0	0	1	0	1	boost:spe=1:undefined:undefined:undefined:false:false	undefined	true	8192	8192	8192	0	0
rattled	onDamagingHit	774	0	6	60	Dark	0	0	1	10	100	1	0	greninjaash	1	1	0	1	0	1	0	1	0	160	0	1	null	missing	1	brn	iapapaberry	1	1	-1	1	1	boost:spe=1:undefined:undefined:undefined:false:false	undefined	true	0	0	0	1	0
rattled	onDamagingHit	775	0	6	0	Fire	1	0	0	20	100	-1	24576	greninjaash	0	0	0	0	0	1	1	1	0	0	0	1	false	Move	1	brn	wikiberry	1	0	0	0	1		undefined	undefined	24576	24576	24576	1	0
rattled	onDamagingHit	776	0	1	0	Ghost	1	0	1	100	-1	-1	2048	greninjabond	0	0	1	0	1	0	0	2	100	0	0	0	null	missing	0	brn	wikiberry	1	1	-1	1	1	boost:spe=1:undefined:undefined:undefined:false:false	undefined	undefined	2048	2048	2048	0	0
rattled	onDamagingHit	777	-1	0	0	Fire	1	1	1	100	0	1	8	greninjaash	1	1	1	0	0	6	1	0	60	0	1	0	false	Ability	0	psn	leftovers	1	-1	99	1	1		undefined	true	8	8	8	6	2
rattled	onDamagingHit	778	1	0	61	Normal	1	1	1	20	100	-1	16384	pikachu	1	1	1	1	1	1	1	0	100	160	0	0	null	missing	0	brn	leftovers	2	1	-1	0	1		undefined	undefined	16384	16384	16384	1	2
rattled	onDamagingHit	779	1	6	60	Fire	0	1	0	10	100	0	0	greninjaash	1	0	1	1	0	0	1	0	60	100	0	0	false	Ability	0	psn	sitrusberry	1	0	99	1	0		undefined	false	0	0	0	0	2
rattled	onDamagingHit	780	6	6	40	Ghost	1	1	1	10	100	-1	16384	pikachu	1	0	0	1	0	1	1	1	100	0	0	1	undefined	missing	0	psn	wikiberry	2	-1	0	0	1	boost:spe=1:undefined:undefined:undefined:false:false	undefined	undefined	16384	16384	16384	1	2
rattled	onDamagingHit	781	1	0	60	Dark	1	1	1	20	-1	0	0	greninjabond	0	0	0	1	0	6	1	0	60	0	0	1	0	Ability	1	psn	aguavberry	2	-1	0	0	1	boost:spe=1:undefined:undefined:undefined:false:false	undefined	false	0	0	0	6	2
rattled	onDamagingHit	782	1	6	60	Bug	0	0	1	10	100	-1	24576	greninjaash	1	1	1	1	1	6	1	0	0	0	1	1	0	Ability	1	psn	figyberry	2	1	1	0	0	boost:spe=1:undefined:undefined:undefined:false:false	undefined	undefined	24576	24576	24576	6	0
rattled	onDamagingHit	783	1	0	60	Water	1	0	1	10	20	-1	8	greninjabond	0	0	1	0	0	0	1	2	0	100	1	1	true	Ability	1	psn	magoberry	1	-1	1	1	0		undefined	undefined	8	8	8	0	0
rattled	onDamagingHit	784	0	1	70	Dark	0	1	1	0	100	-1	16384	pikachu	1	0	0	1	1	6	0	1	0	160	1	0	null	missing	0	brn	sitrusberry	1	1	99	1	0	boost:spe=1:undefined:undefined:undefined:false:false	undefined	undefined	16384	16384	16384	6	2
rattled	onDamagingHit	785	-1	6	61	Fire	0	0	0	20	20	0	0	pikachu	0	0	0	0	1	6	0	0	0	160	1	0	null	Ability	1	brn	iapapaberry	2	0	0	1	1		undefined	false	0	0	0	6	0
rattled	onDamagingHit	786	0	1	61	Fire	1	0	1	0	-1	-1	16384	greninjabond	1	0	1	1	0	0	0	2	0	0	0	0	true	Move	1	psn	wikiberry	0	1	-1	1	1		undefined	undefined	16384	16384	16384	0	0
rattled	onDamagingHit	787	-1	1	40	Normal	1	0	1	20	0	1	16384	greninjaash	1	1	1	0	1	1	1	2	100	160	1	0	null	Move	1	psn	iapapaberry	2	1	1	0	1		undefined	true	16384	16384	16384	1	0
rattled	onDamagingHit	788	1	1	60	Ghost	0	0	1	10	100	1	2048	greninjabond	0	0	1	0	0	0	0	0	60	100	1	0	false	Ability	1	psn	sitrusberry	1	1	1	0	1	boost:spe=1:undefined:undefined:undefined:false:false	undefined	true	2048	2048	2048	0	0
rattled	onDamagingHit	789	-1	6	60	Bug	0	0	1	100	-1	0	8	greninjaash	1	1	0	0	0	0	0	2	100	160	0	1	undefined	missing	1	brn	sitrusberry	2	0	0	1	1	boost:spe=1:undefined:undefined:undefined:false:false	undefined	false	8	8	8	0	0
rattled	onDamagingHit	790	6	0	61	Ghost	1	0	0	10	20	-1	8192	greninjabond	0	0	1	1	0	-1	0	2	100	160	1	1	0	missing	0	brn	figyberry	2	0	-1	1	0	boost:spe=1:undefined:undefined:undefined:false:false	undefined	undefined	8192	8192	8192	-1	0
rattled	onDamagingHit	791	1	1	40	Bug	1	0	0	100	-1	1	8	greninjaash	1	0	1	1	1	-1	1	1	60	0	0	0	true	Ability	1	psn	figyberry	1	0	1	0	1	boost:spe=1:undefined:undefined:undefined:false:false	undefined	true	8	8	8	-1	0
rattled	onDamagingHit	792	0	0	0	Dark	1	0	0	20	-1	-1	16384	greninjabond	0	1	0	0	1	-1	0	0	60	0	0	1	undefined	missing	0	brn	sitrusberry	0	-1	1	0	0	boost:spe=1:undefined:undefined:undefined:false:false	undefined	undefined	16384	16384	16384	-1	0
rattled	onDamagingHit	793	6	6	0	Bug	0	1	0	20	100	-1	8192	greninjaash	1	1	0	0	1	6	1	2	0	0	1	1	undefined	Move	1	psn	leftovers	1	1	1	1	1	boost:spe=1:undefined:undefined:undefined:false:false	undefined	undefined	8192	8192	8192	6	2
rattled	onDamagingHit	794	-1	1	61	Normal	1	0	1	20	20	1	8192	greninjaash	1	0	0	1	1	6	0	2	100	0	1	1	undefined	Move	0	brn	magoberry	2	0	0	1	0		undefined	true	8192	8192	8192	6	0
rattled	onDamagingHit	795	6	6	0	Water	1	0	0	20	-1	-1	8	greninjabond	1	1	0	1	0	6	0	1	60	160	0	1	true	missing	1	brn	aguavberry	1	0	-1	1	0		undefined	undefined	8	8	8	6	0
rattled	onDamagingHit	796	-1	6	60	Fire	0	0	0	0	100	-1	8192	greninjaash	1	1	1	1	0	0	0	1	60	100	0	1	true	missing	1	psn	figyberry	1	0	99	0	0		undefined	undefined	8192	8192	8192	0	0
rattled	onDamagingHit	797	1	0	70	Normal	0	1	1	10	-1	-1	24576	greninjabond	0	0	0	0	1	6	1	1	60	0	1	1	false	Ability	0	brn	figyberry	2	-1	-1	1	1		undefined	undefined	24576	24576	24576	6	2
rattled	onDamagingHit	798	-1	0	70	Bug	1	1	0	10	-1	-1	2048	greninjaash	0	0	1	1	1	-1	0	1	60	160	1	1	0	Ability	1	psn	leftovers	2	-1	1	1	1	boost:spe=1:undefined:undefined:undefined:false:false	undefined	undefined	2048	2048	2048	-1	2
rattled	onDamagingHit	799	6	6	0	Ghost	0	0	1	20	100	1	24576	greninjaash	1	0	0	1	0	6	1	1	0	100	1	1	true	Move	1	psn	figyberry	0	-1	99	0	0	boost:spe=1:undefined:undefined:undefined:false:false	undefined	true	24576	24576	24576	6	0
rattled	onDamagingHit	800	0	1	61	Fire	1	0	1	100	0	0	0	greninjabond	1	1	1	1	0	1	1	2	60	160	0	0	true	Move	1	brn	iapapaberry	0	1	0	0	0		undefined	false	0	0	0	1	0
rattled	onDamagingHit	801	6	0	40	Water	1	0	0	10	-1	-1	8192	pikachu	1	0	0	1	1	6	0	0	0	160	1	1	true	Move	0	psn	leftovers	0	1	-1	0	1		undefined	undefined	8192	8192	8192	6	0
rattled	onDamagingHit	802	6	0	60	Dark	1	1	0	10	100	0	16384	greninjaash	1	1	0	0	1	1	1	2	0	0	1	1	null	Ability	1	psn	leftovers	2	0	0	0	1	boost:spe=1:undefined:undefined:undefined:false:false	undefined	false	16384	16384	16384	1	2
rattled	onDamagingHit	803	1	0	61	Water	1	0	1	100	-1	1	24576	greninjabond	1	1	1	1	1	-1	0	1	100	0	0	1	0	Move	1	brn	iapapaberry	0	1	99	1	1		undefined	true	24576	24576	24576	-1	0
rattled	onDamagingHit	804	1	6	61	Fire	1	1	1	100	100	0	8192	pikachu	0	1	0	0	0	-1	0	1	100	0	0	0	true	missing	1	psn	sitrusberry	0	0	-1	0	0		undefined	false	8192	8192	8192	-1	2
rattled	onDamagingHit	805	6	6	61	Fire	1	0	0	100	0	0	16384	greninjaash	0	1	1	1	1	0	0	0	60	160	1	0	true	missing	1	psn	leftovers	1	-1	-1	1	1		undefined	false	16384	16384	16384	0	0
rattled	onDamagingHit	806	0	6	60	Ghost	1	1	0	10	0	1	8192	greninjaash	0	1	0	1	1	0	1	2	60	0	0	1	true	Ability	1	brn	iapapaberry	1	1	-1	0	1	boost:spe=1:undefined:undefined:undefined:false:false	undefined	true	8192	8192	8192	0	2
rattled	onDamagingHit	807	-1	6	40	Dark	0	0	0	10	20	-1	24576	greninjaash	1	0	1	0	0	1	1	1	0	100	1	1	false	Ability	0	brn	sitrusberry	2	-1	99	1	1	boost:spe=1:undefined:undefined:undefined:false:false	undefined	undefined	24576	24576	24576	1	0
rattled	onDamagingHit	808	1	6	60	Fire	0	1	1	0	20	1	8192	pikachu	0	0	0	0	0	-1	1	1	0	0	1	1	undefined	Move	1	brn	figyberry	1	-1	-1	0	1		undefined	true	8192	8192	8192	-1	2
rattled	onDamagingHit	809	6	6	61	Dark	0	1	0	10	100	1	2048	greninjabond	0	1	0	1	0	6	1	2	0	0	1	0	undefined	missing	1	brn	iapapaberry	1	-1	0	0	0	boost:spe=1:undefined:undefined:undefined:false:false	undefined	true	2048	2048	2048	6	2
rattled	onDamagingHit	810	6	6	40	Water	1	1	0	100	0	-1	24576	pikachu	0	1	0	0	0	0	0	2	100	160	1	1	true	Ability	1	psn	leftovers	1	0	0	1	1		undefined	undefined	24576	24576	24576	0	2
rattled	onDamagingHit	811	0	0	0	Fire	0	0	1	100	20	0	8	pikachu	0	1	0	0	1	0	0	0	60	100	1	0	undefined	Move	1	psn	figyberry	0	-1	0	0	0		undefined	false	8	8	8	0	0
rattled	onDamagingHit	812	-1	1	61	Fire	0	1	1	20	100	1	8192	greninjabond	0	0	1	1	0	-1	1	1	60	160	1	1	null	Move	0	psn	magoberry	1	1	0	1	1		undefined	true	8192	8192	8192	-1	2
rattled	onDamagingHit	813	0	1	40	Bug	0	1	0	0	0	-1	24576	greninjaash	1	0	1	1	1	6	1	2	100	100	1	0	false	Move	0	psn	aguavberry	0	1	99	0	1	boost:spe=1:undefined:undefined:undefined:false:false	undefined	undefined	24576	24576	24576	6	2
rattled	onDamagingHit	814	6	6	0	Normal	1	0	1	10	100	1	8	greninjaash	0	1	0	1	0	0	0	2	60	160	0	1	undefined	Ability	0	brn	leftovers	2	1	1	1	0		undefined	true	8	8	8	0	0
rattled	onDamagingHit	815	-1	6	40	Water	0	0	0	100	-1	-1	16384	greninjaash	1	0	0	0	1	0	0	1	60	100	0	0	true	missing	0	brn	sitrusberry	0	-1	-1	0	0		undefined	undefined	16384	16384	16384	0	0
rattled	onDamagingHit	816	1	6	70	Fire	1	1	0	10	0	0	8192	greninjaash	0	1	0	1	0	0	1	0	100	160	0	0	false	missing	1	brn	aguavberry	0	-1	99	0	1		undefined	false	8192	8192	8192	0	2
rattled	onDamagingHit	817	1	0	61	Ghost	0	0	0	0	0	-1	8	pikachu	1	0	0	0	0	-1	1	0	0	160	1	0	undefined	missing	0	brn	iapapaberry	2	0	99	0	0	boost:spe=1:undefined:undefined:undefined:false:false	undefined	undefined	8	8	8	-1	0
rattled	onDamagingHit	818	1	6	0	Dark	0	1	0	10	-1	1	8	pikachu	0	0	0	0	1	6	1	2	100	160	0	1	undefined	Ability	0	brn	wikiberry	0	1	0	0	0	boost:spe=1:undefined:undefined:undefined:false:false	undefined	true	8	8	8	6	2
rattled	onDamagingHit	819	6	6	0	Fire	0	0	0	0	100	0	24576	pikachu	0	1	1	0	0	1	0	2	60	0	0	0	false	Ability	1	psn	figyberry	2	0	-1	1	1		undefined	false	24576	24576	24576	1	0
rattled	onDamagingHit	820	1	0	40	Dark	1	0	0	10	0	0	0	pikachu	1	0	1	0	1	6	1	2	60	100	0	0	undefined	missing	0	psn	leftovers	0	1	1	1	1	boost:spe=1:undefined:undefined:undefined:false:false	undefined	false	0	0	0	6	0
rattled	onDamagingHit	821	6	6	61	Water	0	0	0	20	0	1	2048	greninjabond	0	1	1	0	0	0	1	1	0	160	1	1	true	Ability	1	brn	aguavberry	1	1	99	0	1		undefined	true	2048	2048	2048	0	0
rattled	onDamagingHit	822	-1	1	60	Dark	1	0	1	10	20	0	16384	greninjabond	0	1	0	1	1	1	0	1	60	100	0	1	null	Ability	1	psn	figyberry	1	-1	-1	0	0	boost:spe=1:undefined:undefined:undefined:false:false	undefined	false	16384	16384	16384	1	0
rattled	onDamagingHit	823	0	6	61	Water	1	0	1	20	100	-1	2048	greninjaash	0	0	1	1	0	-1	0	2	60	0	1	0	undefined	Move	0	psn	aguavberry	0	-1	0	0	1		undefined	undefined	2048	2048	2048	-1	0
rattled	onDamagingHit	824	1	0	61	Dark	0	0	1	20	20	0	24576	greninjabond	1	1	1	0	0	6	0	1	60	160	0	1	false	Move	0	psn	figyberry	2	0	1	0	0	boost:spe=1:undefined:undefined:undefined:false:false	undefined	false	24576	24576	24576	6	0
rattled	onDamagingHit	825	1	6	40	Bug	1	1	0	0	20	0	0	greninjabond	0	1	1	0	0	-1	0	2	0	160	0	0	true	Ability	1	psn	iapapaberry	2	1	-1	0	0	boost:spe=1:undefined:undefined:undefined:false:false	undefined	false	0	0	0	-1	2
rattled	onDamagingHit	826	0	0	40	Bug	0	0	1	100	100	-1	0	pikachu	0	0	1	0	0	1	1	1	0	0	0	1	true	Ability	1	psn	iapapaberry	1	1	0	1	0	boost:spe=1:undefined:undefined:undefined:false:false	undefined	undefined	0	0	0	1	0
rattled	onDamagingHit	827	1	6	61	Water	0	0	1	0	100	-1	8192	greninjabond	0	1	1	1	1	6	0	1	60	0	1	1	true	missing	0	psn	figyberry	0	-1	1	1	0		undefined	undefined	8192	8192	8192	6	0
rattled	onDamagingHit	828	0	6	60	Ghost	0	1	1	0	0	0	2048	greninjaash	0	1	0	1	1	6	1	0	100	100	0	1	false	missing	0	psn	sitrusberry	0	0	99	1	0	boost:spe=1:undefined:undefined:undefined:false:false	undefined	false	2048	2048	2048	6	2
rattled	onDamagingHit	829	-1	6	61	Fire	1	1	0	100	100	0	24576	pikachu	0	0	1	0	0	6	0	1	100	0	1	1	null	Ability	0	psn	leftovers	2	-1	99	0	1		undefined	false	24576	24576	24576	6	2
rattled	onDamagingHit	830	0	6	0	Bug	1	1	1	10	20	0	8192	greninjaash	1	0	0	1	0	1	1	2	60	0	1	1	undefined	Ability	1	brn	figyberry	2	0	1	1	1	boost:spe=1:undefined:undefined:undefined:false:false	undefined	false	8192	8192	8192	1	2
rattled	onDamagingHit	831	1	0	70	Bug	1	0	0	0	20	-1	2048	greninjabond	0	0	1	0	0	6	0	2	60	160	0	1	false	missing	0	psn	wikiberry	2	0	0	1	0	boost:spe=1:undefined:undefined:undefined:false:false	undefined	undefined	2048	2048	2048	6	0
rattled	onDamagingHit	832	1	6	60	Dark	1	0	1	100	0	-1	0	greninjabond	0	0	0	1	0	-1	0	0	100	100	1	0	0	missing	0	psn	aguavberry	2	-1	0	1	0	boost:spe=1:undefined:undefined:undefined:false:false	undefined	undefined	0	0	0	-1	0
rattled	onDamagingHit	833	1	0	70	Fire	0	0	1	0	0	-1	8192	greninjabond	0	1	1	1	0	-1	1	0	100	100	0	1	null	Move	1	psn	sitrusberry	1	1	1	1	0		undefined	undefined	8192	8192	8192	-1	0
rattled	onDamagingHit	834	-1	1	70	Fire	0	0	1	10	0	1	24576	greninjabond	0	1	1	0	1	-1	0	1	100	0	0	1	0	Ability	1	brn	sitrusberry	0	0	0	1	1		undefined	true	24576	24576	24576	-1	0
rattled	onDamagingHit	835	0	6	0	Bug	1	0	0	10	0	0	0	greninjaash	1	1	0	1	1	-1	1	1	60	0	0	0	null	Ability	0	brn	wikiberry	1	0	0	0	1	boost:spe=1:undefined:undefined:undefined:false:false	undefined	false	0	0	0	-1	0
rattled	onDamagingHit	836	6	1	70	Ghost	1	1	1	100	0	-1	2048	greninjabond	1	1	1	0	1	1	0	0	100	160	1	0	true	Move	1	psn	iapapaberry	0	1	-1	1	0	boost:spe=1:undefined:undefined:undefined:false:false	undefined	undefined	2048	2048	2048	1	2
rattled	onDamagingHit	837	1	1	60	Dark	0	0	0	10	100	-1	2048	greninjaash	1	0	1	0	0	0	1	0	0	100	1	0	0	Ability	0	psn	figyberry	1	0	1	0	1	boost:spe=1:undefined:undefined:undefined:false:false	undefined	undefined	2048	2048	2048	0	0
rattled	onDamagingHit	838	1	0	60	Dark	0	1	0	10	-1	0	8192	greninjabond	1	0	1	1	1	6	0	1	100	0	1	1	undefined	Move	0	psn	iapapaberry	1	1	-1	1	0	boost:spe=1:undefined:undefined:undefined:false:false	undefined	false	8192	8192	8192	6	2
rattled	onDamagingHit	839	1	6	0	Ghost	1	0	1	100	-1	1	2048	greninjaash	0	0	0	0	1	1	0	0	0	160	1	1	undefined	missing	0	brn	wikiberry	2	1	1	0	1	boost:spe=1:undefined:undefined:undefined:false:false	undefined	true	2048	2048	2048	1	0
rattled	onDamagingHit	840	1	6	70	Bug	1	1	0	0	20	0	16384	pikachu	1	0	1	0	1	1	0	1	0	0	0	1	true	Ability	0	psn	iapapaberry	0	-1	0	1	1	boost:spe=1:undefined:undefined:undefined:false:false	undefined	false	16384	16384	16384	1	2
rattled	onDamagingHit	841	1	1	0	Ghost	1	1	1	100	-1	1	8	pikachu	1	0	1	1	1	-1	0	0	60	0	0	1	true	missing	0	brn	aguavberry	1	-1	99	1	0	boost:spe=1:undefined:undefined:undefined:false:false	undefined	true	8	8	8	-1	2
rattled	onDamagingHit	842	6	0	61	Bug	0	1	1	100	-1	-1	24576	greninjaash	0	1	1	0	1	6	1	1	100	100	1	1	false	missing	0	psn	leftovers	0	1	0	0	1	boost:spe=1:undefined:undefined:undefined:false:false	undefined	undefined	24576	24576	24576	6	2
rattled	onDamagingHit	843	6	6	0	Dark	1	0	1	20	-1	-1	2048	greninjabond	1	1	1	0	0	0	1	0	60	160	1	0	null	Move	0	brn	aguavberry	2	0	99	1	0	boost:spe=1:undefined:undefined:undefined:false:false	undefined	undefined	2048	2048	2048	0	0
rattled	onDamagingHit	844	0	1	40	Fire	1	0	0	20	0	1	24576	pikachu	0	0	1	1	1	1	0	0	100	100	0	1	null	missing	1	psn	figyberry	1	1	1	1	0		undefined	true	24576	24576	24576	1	0
rattled	onDamagingHit	845	-1	6	61	Normal	0	1	0	20	100	0	2048	greninjaash	0	1	0	1	0	6	0	0	60	160	0	0	false	Ability	1	brn	figyberry	1	0	1	1	1		undefined	false	2048	2048	2048	6	2
rattled	onDamagingHit	846	6	0	60	Normal	0	1	0	10	0	-1	2048	greninjabond	1	1	1	1	1	-1	0	0	0	0	1	1	false	Move	1	brn	figyberry	0	1	1	0	0		undefined	undefined	2048	2048	2048	-1	2
rattled	onDamagingHit	847	6	1	70	Dark	0	0	0	10	100	1	16384	greninjaash	1	1	1	1	0	0	0	2	60	0	1	0	undefined	Ability	0	brn	wikiberry	2	1	1	1	0	boost:spe=1:undefined:undefined:undefined:false:false	undefined	true	16384	16384	16384	0	0
rattled	onDamagingHit	848	6	1	0	Normal	0	0	1	10	-1	0	16384	pikachu	0	1	1	0	1	6	0	2	0	160	1	0	true	Move	1	psn	wikiberry	1	-1	-1	1	1		undefined	false	16384	16384	16384	6	0
rattled	onDamagingHit	849	0	1	60	Bug	1	0	1	100	100	0	0	greninjabond	0	1	1	0	1	-1	1	2	60	0	0	0	false	Ability	1	brn	iapapaberry	0	1	0	1	0	boost:spe=1:undefined:undefined:undefined:false:false	undefined	false	0	0	0	-1	0
rattled	onDamagingHit	850	6	0	70	Ghost	0	1	0	10	20	0	16384	greninjabond	1	1	0	0	0	0	1	1	0	0	1	1	0	Move	1	brn	magoberry	2	0	0	1	0	boost:spe=1:undefined:undefined:undefined:false:false	undefined	false	16384	16384	16384	0	2
rattled	onDamagingHit	851	1	6	70	Fire	1	0	0	20	-1	0	0	greninjabond	1	1	0	0	1	1	1	1	100	160	1	1	null	missing	0	psn	sitrusberry	0	1	1	1	1		undefined	false	0	0	0	1	0
rattled	onDamagingHit	852	6	1	61	Ghost	0	0	1	10	0	1	24576	pikachu	1	1	0	1	1	1	0	2	60	160	0	0	false	missing	1	psn	figyberry	0	-1	99	0	1	boost:spe=1:undefined:undefined:undefined:false:false	undefined	true	24576	24576	24576	1	0
rattled	onDamagingHit	853	1	0	60	Normal	1	0	1	0	20	1	24576	pikachu	0	0	0	1	1	0	1	0	100	0	0	0	false	Move	0	brn	wikiberry	1	0	0	1	1		undefined	true	24576	24576	24576	0	0
rattled	onDamagingHit	854	0	6	60	Fire	0	0	0	10	100	-1	24576	greninjabond	1	1	1	1	0	-1	1	2	60	100	0	1	0	missing	1	psn	figyberry	2	1	0	1	1		undefined	undefined	24576	24576	24576	-1	0
rattled	onDamagingHit	855	-1	1	40	Water	0	1	0	0	20	-1	16384	greninjaash	1	1	0	1	1	-1	1	0	0	160	0	1	undefined	Ability	1	brn	aguavberry	1	0	99	1	0		undefined	undefined	16384	16384	16384	-1	2
rattled	onDamagingHit	856	6	6	40	Water	1	0	0	20	100	1	8192	pikachu	0	1	0	1	1	0	1	1	100	0	1	1	true	Move	1	psn	wikiberry	0	-1	99	1	0		undefined	true	8192	8192	8192	0	0
rattled	onDamagingHit	857	0	1	40	Water	0	1	1	20	-1	-1	8	pikachu	0	0	1	0	1	-1	1	2	0	0	0	0	undefined	Move	0	psn	magoberry	0	1	99	0	0		undefined	undefined	8	8	8	-1	2
rattled	onDamagingHit	858	1	1	70	Water	1	0	0	100	100	-1	24576	greninjaash	1	0	0	0	1	-1	0	1	0	100	1	1	true	Ability	1	psn	sitrusberry	2	1	0	0	0		undefined	undefined	24576	24576	24576	-1	0
rattled	onDamagingHit	859	0	6	40	Water	0	0	0	100	20	-1	2048	pikachu	0	1	1	1	1	6	1	0	0	100	0	1	null	missing	0	psn	iapapaberry	1	0	0	0	1		undefined	undefined	2048	2048	2048	6	0
rattled	onDamagingHit	860	0	1	40	Fire	1	1	1	0	0	-1	24576	greninjaash	1	1	1	0	0	0	0	1	100	100	1	1	true	missing	0	psn	leftovers	2	-1	-1	0	1		undefined	undefined	24576	24576	24576	0	2
rattled	onDamagingHit	861	6	1	60	Fire	0	1	1	20	20	1	2048	greninjaash	1	1	0	0	1	6	1	0	100	160	0	1	false	missing	1	psn	sitrusberry	2	1	0	1	1		undefined	true	2048	2048	2048	6	2
rattled	onDamagingHit	862	1	1	0	Water	0	0	1	10	20	-1	8192	greninjabond	1	0	0	0	1	0	0	1	100	160	0	0	true	Ability	0	brn	sitrusberry	2	0	99	0	1		undefined	undefined	8192	8192	8192	0	0
rattled	onDamagingHit	863	0	1	61	Water	0	1	1	100	-1	-1	24576	greninjaash	1	1	1	0	1	-1	1	2	60	100	1	1	null	Move	1	psn	wikiberry	0	-1	99	0	1		undefined	undefined	24576	24576	24576	-1	2
rattled	onDamagingHit	864	6	6	40	Water	0	1	0	100	-1	0	8192	greninjabond	1	0	1	0	1	1	1	2	100	160	0	0	true	missing	1	psn	iapapaberry	1	-1	1	1	0		undefined	false	8192	8192	8192	1	2
rattled	onDamagingHit	865	0	1	61	Fire	1	0	1	20	20	0	16384	pikachu	1	1	0	0	0	-1	0	0	100	0	1	1	undefined	Move	1	brn	aguavberry	1	1	-1	0	0		undefined	false	16384	16384	16384	-1	0
rattled	onDamagingHit	866	0	0	0	Ghost	1	0	0	10	0	-1	8192	pikachu	1	0	0	0	0	1	1	2	60	0	0	1	undefined	Move	0	brn	magoberry	0	-1	0	1	1	boost:spe=1:undefined:undefined:undefined:false:false	undefined	undefined	8192	8192	8192	1	0
rattled	onDamagingHit	867	6	0	70	Water	0	0	1	100	100	1	16384	pikachu	0	1	0	0	0	0	1	1	100	0	1	0	undefined	Ability	0	brn	wikiberry	2	0	99	1	0		undefined	true	16384	16384	16384	0	0
rattled	onDamagingHit	868	-1	0	60	Fire	0	1	0	100	-1	1	16384	greninjaash	0	0	1	1	0	0	1	2	100	160	0	0	undefined	missing	0	psn	iapapaberry	1	-1	0	0	0		undefined	true	16384	16384	16384	0	2
rattled	onDamagingHit	869	0	1	0	Bug	0	0	1	100	20	-1	8192	greninjaash	0	0	0	0	1	0	0	1	100	100	0	1	0	Move	0	psn	wikiberry	0	1	-1	0	0	boost:spe=1:undefined:undefined:undefined:false:false	undefined	undefined	8192	8192	8192	0	0
rattled	onDamagingHit	870	6	1	60	Ghost	0	1	1	20	20	-1	0	pikachu	1	0	0	0	0	0	1	0	60	0	0	0	null	Move	1	psn	figyberry	1	-1	0	1	0	boost:spe=1:undefined:undefined:undefined:false:false	undefined	undefined	0	0	0	0	2
rattled	onDamagingHit	871	0	1	70	Ghost	0	1	0	10	0	-1	24576	greninjaash	0	1	1	0	0	6	1	2	100	0	0	0	null	missing	1	psn	sitrusberry	2	0	-1	1	0	boost:spe=1:undefined:undefined:undefined:false:false	undefined	undefined	24576	24576	24576	6	2
rattled	onDamagingHit	872	6	1	60	Bug	1	1	1	0	100	1	8	pikachu	0	0	1	1	1	-1	1	2	60	100	1	1	undefined	Move	0	psn	figyberry	1	1	0	0	0	boost:spe=1:undefined:undefined:undefined:false:false	undefined	true	8	8	8	-1	2
rattled	onDamagingHit	873	-1	0	60	Ghost	1	1	0	10	0	0	24576	greninjaash	0	0	0	1	0	-1	1	0	100	160	1	1	true	Move	0	brn	wikiberry	0	1	1	0	0	boost:spe=1:undefined:undefined:undefined:false:false	undefined	false	24576	24576	24576	-1	2
rattled	onDamagingHit	874	-1	0	70	Water	1	1	1	100	20	0	2048	greninjabond	1	1	1	0	1	0	1	0	100	0	0	1	undefined	Move	1	psn	wikiberry	1	1	0	0	0		undefined	false	2048	2048	2048	0	2
rattled	onDamagingHit	875	1	1	60	Bug	0	0	0	0	100	1	16384	greninjabond	0	1	0	0	1	1	0	0	100	100	0	0	false	Move	1	brn	wikiberry	1	-1	1	1	1	boost:spe=1:undefined:undefined:undefined:false:false	undefined	true	16384	16384	16384	1	0
rattled	onDamagingHit	876	1	6	0	Dark	1	0	1	20	-1	-1	16384	greninjabond	1	0	0	0	0	-1	1	2	60	160	0	1	false	Move	0	psn	wikiberry	2	-1	1	0	0	boost:spe=1:undefined:undefined:undefined:false:false	undefined	undefined	16384	16384	16384	-1	0
rattled	onDamagingHit	877	6	1	0	Bug	1	1	1	10	-1	0	0	greninjabond	0	1	0	1	0	-1	1	2	100	0	0	0	false	Ability	0	brn	aguavberry	2	0	-1	0	0	boost:spe=1:undefined:undefined:undefined:false:false	undefined	false	0	0	0	-1	2
rattled	onDamagingHit	878	-1	1	70	Bug	1	1	1	20	-1	1	8	pikachu	0	0	0	0	1	1	1	1	0	100	0	0	0	Move	0	brn	aguavberry	0	0	99	1	0	boost:spe=1:undefined:undefined:undefined:false:false	undefined	true	8	8	8	1	2
rattled	onDamagingHit	879	1	1	70	Ghost	1	1	1	0	20	0	24576	greninjaash	0	1	0	1	1	1	1	1	100	100	1	0	undefined	missing	1	brn	leftovers	1	-1	-1	1	1	boost:spe=1:undefined:undefined:undefined:false:false	undefined	false	24576	24576	24576	1	2
rattled	onDamagingHit	880	6	0	40	Water	1	0	0	10	-1	-1	2048	greninjaash	1	1	0	0	0	1	0	2	100	0	1	0	true	Move	0	psn	figyberry	0	1	-1	0	1		undefined	undefined	2048	2048	2048	1	0
rattled	onDamagingHit	881	-1	0	0	Bug	0	0	0	10	20	0	16384	greninjabond	0	1	0	1	0	-1	0	2	0	100	1	0	undefined	missing	0	psn	magoberry	0	1	99	1	0	boost:spe=1:undefined:undefined:undefined:false:false	undefined	false	16384	16384	16384	-1	0
rattled	onDamagingHit	882	6	1	60	Fire	1	1	1	10	100	0	24576	pikachu	1	1	1	0	0	-1	0	2	60	100	0	1	true	Move	1	brn	figyberry	2	-1	0	0	0		undefined	false	24576	24576	24576	-1	2
rattled	onDamagingHit	883	0	1	70	Fire	0	0	1	0	0	-1	8	greninjaash	1	1	1	1	1	6	0	2	100	100	1	1	null	missing	1	brn	sitrusberry	2	1	-1	0	0		undefined	undefined	8	8	8	6	0
rattled	onDamagingHit	884	-1	1	61	Dark	1	1	1	10	-1	-1	16384	greninjabond	0	1	1	1	0	-1	1	2	0	160	1	0	null	Move	1	psn	aguavberry	2	0	99	0	1	boost:spe=1:undefined:undefined:undefined:false:false	undefined	undefined	16384	16384	16384	-1	2
rattled	onDamagingHit	885	-1	1	0	Dark	0	0	1	20	-1	1	16384	pikachu	1	0	0	1	0	1	0	1	100	100	1	0	0	Move	1	psn	iapapaberry	1	-1	-1	0	0	boost:spe=1:undefined:undefined:undefined:false:false	undefined	true	16384	16384	16384	1	0
rattled	onDamagingHit	886	0	1	0	Water	1	0	1	20	0	0	16384	greninjaash	0	1	1	0	1	1	0	1	60	160	1	0	undefined	missing	0	psn	iapapaberry	0	-1	0	0	1		undefined	false	16384	16384	16384	1	0
rattled	onDamagingHit	887	6	0	0	Normal	1	1	0	20	-1	-1	8	greninjaash	0	1	1	1	1	0	1	1	0	100	1	1	null	Ability	1	brn	aguavberry	0	-1	0	0	0		undefined	undefined	8	8	8	0	2
rattled	onDamagingHit	888	-1	1	60	Normal	0	0	0	20	0	0	0	greninjaash	0	0	1	1	0	6	0	2	100	160	0	1	true	Move	0	psn	sitrusberry	0	-1	99	0	1		undefined	false	0	0	0	6	0
rattled	onDamagingHit	889	-1	1	0	Bug	1	1	0	0	100	-1	0	pikachu	1	0	0	0	1	-1	1	2	0	0	1	0	null	Move	1	psn	aguavberry	0	-1	0	1	0	boost:spe=1:undefined:undefined:undefined:false:false	undefined	undefined	0	0	0	-1	2
rattled	onDamagingHit	890	1	1	61	Fire	1	1	1	100	0	-1	8	greninjabond	1	0	1	0	0	1	1	0	0	160	0	1	false	missing	0	psn	iapapaberry	2	1	0	1	1		undefined	undefined	8	8	8	1	2
rattled	onDamagingHit	891	6	0	0	Fire	1	0	0	10	-1	-1	8192	pikachu	1	1	0	1	0	-1	0	2	0	0	1	0	null	Move	1	psn	iapapaberry	0	-1	99	1	1		undefined	undefined	8192	8192	8192	-1	0
rattled	onDamagingHit	892	1	0	60	Ghost	0	1	0	0	-1	-1	8192	greninjaash	1	1	1	0	0	6	0	1	60	0	0	1	0	missing	1	brn	wikiberry	2	-1	-1	0	1	boost:spe=1:undefined:undefined:undefined:false:false	undefined	undefined	8192	8192	8192	6	2
rattled	onDamagingHit	893	1	1	0	Ghost	1	1	0	0	-1	-1	8192	greninjaash	0	1	1	1	0	-1	1	0	0	0	1	1	null	Ability	0	psn	aguavberry	1	0	99	1	0	boost:spe=1:undefined:undefined:undefined:false:false	undefined	undefined	8192	8192	8192	-1	2
rattled	onDamagingHit	894	6	6	61	Fire	1	0	0	20	100	0	16384	pikachu	0	1	1	0	0	6	1	2	100	160	1	0	0	missing	1	brn	magoberry	1	-1	99	1	1		undefined	false	16384	16384	16384	6	0
rattled	onDamagingHit	895	6	0	70	Normal	1	1	0	10	0	-1	8	pikachu	1	1	0	0	0	-1	0	2	60	0	0	1	true	Move	0	psn	magoberry	0	0	1	1	1		undefined	undefined	8	8	8	-1	2
rattled	onDamagingHit	896	-1	6	70	Bug	1	1	1	100	20	0	0	greninjaash	1	0	1	0	0	0	0	2	100	160	1	0	0	Move	1	psn	figyberry	2	1	1	0	0	boost:spe=1:undefined:undefined:undefined:false:false	undefined	false	0	0	0	0	2
rattled	onDamagingHit	897	6	1	40	Ghost	1	0	0	0	-1	-1	24576	greninjaash	0	1	0	0	1	-1	0	0	60	100	1	0	0	Move	0	brn	magoberry	2	-1	1	1	0	boost:spe=1:undefined:undefined:undefined:false:false	undefined	undefined	24576	24576	24576	-1	0
rattled	onDamagingHit	898	1	0	0	Normal	0	0	1	10	-1	-1	2048	greninjabond	0	0	0	0	1	0	1	2	0	0	1	1	null	missing	1	brn	iapapaberry	0	-1	0	0	1		undefined	undefined	2048	2048	2048	0	0
rattled	onDamagingHit	899	1	6	0	Normal	1	0	0	20	-1	-1	24576	pikachu	1	1	1	0	1	0	0	1	60	100	0	0	null	missing	1	psn	sitrusberry	2	0	0	1	0		undefined	undefined	24576	24576	24576	0	0
rattled	onDamagingHit	900	-1	6	0	Normal	1	0	1	100	-1	0	24576	pikachu	1	0	0	1	0	6	0	2	60	160	1	0	true	Move	1	brn	magoberry	1	1	0	1	1		undefined	false	24576	24576	24576	6	0
rattled	onDamagingHit	901	-1	1	60	Water	1	1	0	10	-1	-1	16384	greninjabond	1	0	1	0	1	1	1	1	0	0	1	1	0	missing	1	brn	iapapaberry	1	-1	99	1	0		undefined	undefined	16384	16384	16384	1	2
rattled	onDamagingHit	902	-1	0	40	Water	1	1	0	20	20	1	8192	greninjabond	0	0	1	0	1	6	1	0	60	100	1	0	true	Move	0	psn	figyberry	2	0	0	0	0		undefined	true	8192	8192	8192	6	2
rattled	onDamagingHit	903	-1	0	61	Bug	0	1	1	100	20	-1	2048	pikachu	1	1	1	1	1	6	0	2	100	160	1	0	undefined	Move	0	psn	aguavberry	0	0	1	1	0	boost:spe=1:undefined:undefined:undefined:false:false	undefined	undefined	2048	2048	2048	6	2
rattled	onDamagingHit	904	-1	0	40	Bug	0	1	0	0	0	0	8	greninjaash	1	1	0	1	0	1	1	2	100	100	1	1	true	missing	1	psn	iapapaberry	1	-1	0	0	0	boost:spe=1:undefined:undefined:undefined:false:false	undefined	false	8	8	8	1	2
rattled	onDamagingHit	905	6	0	60	Bug	0	0	0	0	100	-1	2048	greninjaash	0	0	0	1	1	-1	0	1	100	0	0	1	true	Move	1	brn	magoberry	0	-1	-1	0	0	boost:spe=1:undefined:undefined:undefined:false:false	undefined	undefined	2048	2048	2048	-1	0
rattled	onDamagingHit	906	0	0	61	Ghost	0	0	0	100	20	-1	8	greninjabond	0	0	0	0	0	6	0	2	60	0	1	1	null	Move	1	psn	leftovers	2	-1	0	1	0	boost:spe=1:undefined:undefined:undefined:false:false	undefined	undefined	8	8	8	6	0
rattled	onDamagingHit	907	0	6	60	Bug	1	0	1	20	20	-1	8192	greninjabond	0	1	0	0	1	1	0	0	100	100	1	1	0	missing	1	brn	sitrusberry	1	1	-1	0	1	boost:spe=1:undefined:undefined:undefined:false:false	undefined	undefined	8192	8192	8192	1	0
rattled	onDamagingHit	908	1	1	61	Bug	0	0	0	20	20	0	24576	greninjaash	0	1	1	0	1	6	0	0	60	0	1	0	true	Ability	1	brn	wikiberry	0	0	1	1	0	boost:spe=1:undefined:undefined:undefined:false:false	undefined	false	24576	24576	24576	6	0
rattled	onDamagingHit	909	0	0	70	Bug	0	0	0	100	0	1	8192	greninjabond	1	1	1	0	1	-1	0	0	0	100	1	0	0	Ability	0	brn	sitrusberry	2	-1	1	1	0	boost:spe=1:undefined:undefined:undefined:false:false	undefined	true	8192	8192	8192	-1	0
rattled	onDamagingHit	910	0	6	70	Ghost	1	1	0	20	20	0	2048	pikachu	0	0	0	0	0	-1	0	1	0	160	0	0	undefined	missing	0	brn	sitrusberry	0	0	99	1	1	boost:spe=1:undefined:undefined:undefined:false:false	undefined	false	2048	2048	2048	-1	2
rattled	onDamagingHit	911	0	0	0	Dark	0	1	0	20	-1	1	2048	greninjabond	1	1	0	1	1	1	0	2	100	160	0	0	undefined	Ability	0	brn	wikiberry	0	1	99	0	1	boost:spe=1:undefined:undefined:undefined:false:false	undefined	true	2048	2048	2048	1	2
rattled	onDamagingHit	912	-1	1	61	Water	1	0	0	10	20	1	24576	greninjaash	0	1	1	0	0	-1	1	0	0	100	0	1	undefined	Ability	1	psn	figyberry	0	-1	-1	0	1		undefined	true	24576	24576	24576	-1	0
rattled	onDamagingHit	913	6	0	70	Bug	1	1	1	100	-1	-1	8192	greninjabond	1	1	1	1	0	-1	1	0	100	100	0	1	0	Move	0	psn	figyberry	2	0	1	0	0	boost:spe=1:undefined:undefined:undefined:false:false	undefined	undefined	8192	8192	8192	-1	2
rattled	onDamagingHit	914	-1	6	40	Water	0	1	0	10	0	0	24576	greninjaash	0	1	0	0	1	1	1	0	60	160	1	1	0	Move	0	brn	wikiberry	1	-1	0	0	0		undefined	false	24576	24576	24576	1	2
rattled	onDamagingHit	915	6	6	0	Fire	0	1	0	100	100	-1	8192	greninjabond	0	0	0	1	0	6	0	1	0	0	0	1	0	Ability	0	brn	leftovers	2	0	99	1	0		undefined	undefined	8192	8192	8192	6	2
rattled	onDamagingHit	916	0	6	0	Normal	1	1	0	20	20	1	8192	greninjaash	1	1	0	1	1	1	1	2	0	100	0	1	null	Ability	0	brn	aguavberry	2	-1	99	1	0		undefined	true	8192	8192	8192	1	2
rattled	onDamagingHit	917	6	6	60	Dark	1	1	0	0	0	-1	2048	pikachu	0	0	1	1	1	1	1	0	100	0	1	0	null	Ability	0	psn	figyberry	1	0	1	0	0	boost:spe=1:undefined:undefined:undefined:false:false	undefined	undefined	2048	2048	2048	1	2
rattled	onDamagingHit	918	1	1	0	Bug	0	1	1	20	-1	1	2048	pikachu	1	1	0	0	1	0	1	2	0	160	0	0	0	missing	1	psn	leftovers	0	1	0	0	1	boost:spe=1:undefined:undefined:undefined:false:false	undefined	true	2048	2048	2048	0	2
rattled	onDamagingHit	919	0	0	61	Dark	0	1	1	0	0	-1	2048	greninjabond	0	1	0	0	0	0	0	2	60	160	1	1	false	Move	0	brn	leftovers	1	-1	99	1	0	boost:spe=1:undefined:undefined:undefined:false:false	undefined	undefined	2048	2048	2048	0	2
rattled	onDamagingHit	920	-1	1	0	Bug	0	1	1	100	0	0	24576	pikachu	1	0	1	1	0	0	1	2	0	160	1	0	null	Ability	1	psn	aguavberry	2	0	99	1	1	boost:spe=1:undefined:undefined:undefined:false:false	undefined	false	24576	24576	24576	0	2
rattled	onDamagingHit	921	1	1	70	Fire	1	0	1	100	20	0	0	greninjaash	0	0	1	1	0	-1	0	0	60	100	0	0	undefined	missing	0	brn	sitrusberry	0	1	99	0	0		undefined	false	0	0	0	-1	0
rattled	onDamagingHit	922	6	1	70	Ghost	0	1	0	100	-1	0	2048	greninjabond	0	1	1	0	0	-1	1	2	60	0	0	0	false	Move	1	psn	iapapaberry	2	-1	1	0	1	boost:spe=1:undefined:undefined:undefined:false:false	undefined	false	2048	2048	2048	-1	2
rattled	onDamagingHit	923	1	0	0	Dark	0	1	1	100	0	0	2048	greninjaash	0	0	1	0	1	-1	1	2	0	0	1	0	null	missing	0	psn	aguavberry	2	1	0	0	1	boost:spe=1:undefined:undefined:undefined:false:false	undefined	false	2048	2048	2048	-1	2
rattled	onDamagingHit	924	6	1	40	Normal	1	1	1	10	20	0	16384	greninjaash	0	0	0	0	1	1	1	1	0	160	1	0	true	Ability	0	brn	aguavberry	2	0	-1	1	1		undefined	false	16384	16384	16384	1	2
rattled	onDamagingHit	925	0	0	61	Ghost	1	0	0	20	0	1	2048	greninjabond	1	1	1	1	0	-1	0	1	0	160	0	0	true	Move	1	psn	aguavberry	1	0	0	0	0	boost:spe=1:undefined:undefined:undefined:false:false	undefined	true	2048	2048	2048	-1	0
rattled	onDamagingHit	926	6	1	70	Dark	0	0	1	20	0	-1	8192	pikachu	1	1	0	0	0	0	1	1	100	0	0	0	0	missing	0	brn	figyberry	2	-1	99	0	0	boost:spe=1:undefined:undefined:undefined:false:false	undefined	undefined	8192	8192	8192	0	0
rattled	onDamagingHit	927	1	1	0	Normal	1	1	0	100	20	1	0	greninjaash	0	1	1	0	1	-1	0	1	0	160	0	0	true	Ability	0	brn	iapapaberry	1	0	-1	1	1		undefined	true	0	0	0	-1	2
rattled	onDamagingHit	928	-1	0	61	Normal	0	1	0	0	100	-1	8	pikachu	0	0	0	0	1	6	0	2	0	160	1	1	0	missing	0	psn	aguavberry	1	0	1	1	1		undefined	undefined	8	8	8	6	2
rattled	onDamagingHit	929	1	1	0	Fire	0	1	1	20	0	0	16384	pikachu	0	1	1	0	0	-1	1	2	60	0	0	0	null	missing	1	brn	sitrusberry	1	1	0	1	0		undefined	false	16384	16384	16384	-1	2
rattled	onDamagingHit	930	1	1	0	Bug	0	0	1	20	20	1	8	greninjabond	0	0	1	1	0	6	0	2	100	0	0	0	false	Ability	0	brn	aguavberry	2	-1	1	1	0	boost:spe=1:undefined:undefined:undefined:false:false	undefined	true	8	8	8	6	0
rattled	onDamagingHit	931	0	0	0	Fire	0	1	0	0	0	1	2048	pikachu	0	0	0	0	0	0	1	0	100	100	1	0	undefined	Ability	0	psn	figyberry	2	0	-1	0	0		undefined	true	2048	2048	2048	0	2
rattled	onDamagingHit	932	0	0	60	Water	0	0	0	0	20	1	2048	greninjabond	1	0	1	1	1	0	1	2	100	0	1	1	undefined	Ability	0	brn	iapapaberry	0	-1	0	1	1		undefined	true	2048	2048	2048	0	0
rattled	onDamagingHit	933	1	1	0	Normal	0	1	1	0	100	-1	8	greninjaash	1	0	0	0	0	1	1	1	0	160	0	1	null	Move	0	brn	leftovers	0	0	0	0	0		undefined	undefined	8	8	8	1	2
rattled	onDamagingHit	934	-1	6	61	Normal	0	0	1	20	100	0	2048	greninjaash	1	0	1	0	0	1	0	0	100	100	1	0	true	Ability	0	psn	sitrusberry	1	0	0	1	0		undefined	false	2048	2048	2048	1	0
rattled	onDamagingHit	935	6	1	70	Water	1	1	1	20	-1	-1	16384	pikachu	0	1	0	1	1	6	0	2	60	0	0	0	true	Move	1	psn	sitrusberry	1	1	-1	0	0		undefined	undefined	16384	16384	16384	6	2
rattled	onDamagingHit	936	0	1	70	Bug	1	0	0	10	-1	-1	2048	greninjaash	1	1	1	1	1	0	0	1	100	0	0	0	null	Move	0	psn	figyberry	2	-1	0	1	0	boost:spe=1:undefined:undefined:undefined:false:false	undefined	undefined	2048	2048	2048	0	0
rattled	onDamagingHit	937	1	1	61	Water	1	0	1	20	20	-1	24576	greninjabond	1	0	1	0	1	-1	0	2	60	0	0	1	undefined	Move	0	psn	wikiberry	2	1	1	1	1		undefined	undefined	24576	24576	24576	-1	0
rattled	onDamagingHit	938	1	0	61	Ghost	0	0	1	0	100	0	16384	greninjaash	1	0	1	1	1	1	1	1	0	160	0	0	true	Move	0	brn	magoberry	1	-1	1	0	0	boost:spe=1:undefined:undefined:undefined:false:false	undefined	false	16384	16384	16384	1	0
rattled	onDamagingHit	939	-1	6	40	Water	1	1	0	0	-1	1	16384	greninjaash	1	0	1	1	0	1	1	1	60	100	0	1	true	missing	0	brn	wikiberry	0	0	1	1	1		undefined	true	16384	16384	16384	1	2
rattled	onDamagingHit	940	6	0	40	Water	1	0	0	100	20	-1	16384	pikachu	1	1	0	0	1	0	0	2	100	160	0	0	true	missing	1	brn	sitrusberry	2	0	1	0	0		undefined	undefined	16384	16384	16384	0	0
rattled	onDamagingHit	941	-1	0	70	Ghost	1	0	1	10	100	0	0	greninjaash	0	1	0	0	0	-1	0	2	0	0	0	1	0	missing	1	brn	figyberry	0	0	-1	1	0	boost:spe=1:undefined:undefined:undefined:false:false	undefined	false	0	0	0	-1	0
rattled	onDamagingHit	942	1	0	60	Fire	0	1	0	20	20	0	0	pikachu	1	0	1	0	1	1	1	1	100	100	1	0	null	missing	1	psn	magoberry	0	-1	99	0	1		undefined	false	0	0	0	1	2
rattled	onDamagingHit	943	6	1	70	Ghost	1	1	1	0	0	-1	8192	greninjaash	0	1	1	1	0	1	1	0	0	160	1	1	false	Ability	1	psn	iapapaberry	1	-1	0	1	1	boost:spe=1:undefined:undefined:undefined:false:false	undefined	undefined	8192	8192	8192	1	2
rattled	onDamagingHit	944	0	1	61	Water	0	0	1	20	100	-1	2048	pikachu	1	0	1	0	1	1	0	0	100	160	1	1	undefined	Ability	0	psn	sitrusberry	2	1	-1	1	0		undefined	undefined	2048	2048	2048	1	0
rattled	onDamagingHit	945	0	0	0	Normal	1	1	1	10	100	0	16384	greninjaash	0	1	1	1	1	0	0	1	100	100	0	1	undefined	Ability	1	psn	magoberry	1	-1	-1	1	1		undefined	false	16384	16384	16384	0	2
rattled	onDamagingHit	946	0	0	0	Normal	1	0	1	20	0	0	2048	greninjaash	1	1	1	1	0	-1	0	2	60	160	1	0	false	missing	1	psn	iapapaberry	1	-1	1	1	1		undefined	false	2048	2048	2048	-1	0
rattled	onDamagingHit	947	1	6	60	Water	1	1	1	10	20	0	16384	greninjaash	1	0	0	1	1	6	1	1	60	100	1	1	false	missing	0	brn	leftovers	1	0	0	0	0		undefined	false	16384	16384	16384	6	2
rattled	onDamagingHit	948	0	1	0	Bug	0	1	1	20	100	-1	8192	greninjaash	0	1	0	1	0	-1	0	2	100	100	1	1	undefined	Move	1	brn	iapapaberry	0	-1	99	0	0	boost:spe=1:undefined:undefined:undefined:false:false	undefined	undefined	8192	8192	8192	-1	2
rattled	onDamagingHit	949	1	1	0	Fire	1	1	1	100	100	0	24576	greninjaash	1	0	0	1	1	1	0	1	100	0	0	0	null	missing	0	psn	wikiberry	0	0	-1	1	0		undefined	false	24576	24576	24576	1	2
rattled	onDamagingHit	950	6	6	70	Bug	0	1	0	20	-1	0	8192	greninjaash	1	0	1	0	0	6	1	2	60	0	1	0	false	missing	0	brn	magoberry	2	0	0	1	1	boost:spe=1:undefined:undefined:undefined:false:false	undefined	false	8192	8192	8192	6	2
rattled	onDamagingHit	951	-1	6	61	Ghost	0	1	0	100	20	1	8	greninjaash	1	1	0	0	1	0	1	0	0	0	0	1	undefined	Ability	1	brn	wikiberry	2	-1	1	1	0	boost:spe=1:undefined:undefined:undefined:false:false	undefined	true	8	8	8	0	2
rattled	onDamagingHit	952	0	0	60	Normal	1	1	0	100	-1	0	16384	pikachu	0	0	0	1	1	-1	1	2	0	0	1	0	null	missing	1	brn	iapapaberry	0	0	99	1	1		undefined	false	16384	16384	16384	-1	2
rattled	onDamagingHit	953	0	6	60	Dark	0	0	1	10	-1	1	24576	pikachu	1	0	0	1	1	0	1	2	100	100	1	1	undefined	Ability	0	brn	figyberry	0	-1	0	1	1	boost:spe=1:undefined:undefined:undefined:false:false	undefined	true	24576	24576	24576	0	0
rattled	onDamagingHit	954	-1	6	61	Ghost	1	1	0	0	20	-1	8192	pikachu	1	1	0	1	1	6	0	1	100	160	1	0	null	Ability	0	brn	iapapaberry	2	-1	1	0	1	boost:spe=1:undefined:undefined:undefined:false:false	undefined	undefined	8192	8192	8192	6	2
rattled	onDamagingHit	955	0	1	40	Dark	1	1	0	10	20	1	2048	greninjabond	1	0	0	0	0	-1	1	1	0	160	0	0	false	Ability	1	brn	sitrusberry	1	0	99	0	1	boost:spe=1:undefined:undefined:undefined:false:false	undefined	true	2048	2048	2048	-1	2
rattled	onDamagingHit	956	-1	6	40	Normal	1	0	0	10	100	1	24576	greninjabond	1	0	1	0	0	-1	0	0	100	100	1	0	true	missing	1	brn	sitrusberry	0	0	-1	0	1		undefined	true	24576	24576	24576	-1	0
rattled	onDamagingHit	957	6	0	61	Normal	0	0	1	0	20	0	2048	greninjaash	1	1	0	1	1	-1	1	2	100	160	0	0	0	Move	1	brn	sitrusberry	1	0	-1	1	0		undefined	false	2048	2048	2048	-1	0
rattled	onDamagingHit	958	-1	1	70	Fire	0	0	0	20	-1	0	16384	greninjabond	0	1	1	0	1	6	0	1	60	0	0	0	null	missing	0	psn	iapapaberry	2	-1	99	0	0		undefined	false	16384	16384	16384	6	0
rattled	onDamagingHit	959	0	0	60	Fire	0	1	1	10	-1	1	8192	greninjabond	1	1	0	1	1	-1	1	0	0	160	1	0	false	Ability	1	brn	figyberry	1	1	1	0	1		undefined	true	8192	8192	8192	-1	2
rattled	onDamagingHit	960	0	1	61	Normal	0	1	0	0	100	1	24576	pikachu	1	1	1	0	1	0	1	0	0	0	0	1	true	Move	1	brn	iapapaberry	0	-1	1	0	1		undefined	true	24576	24576	24576	0	2
rattled	onDamagingHit	961	0	6	61	Bug	1	1	0	10	100	1	16384	pikachu	1	0	0	0	1	0	0	0	0	0	1	0	undefined	missing	0	brn	aguavberry	0	1	99	0	1	boost:spe=1:undefined:undefined:undefined:false:false	undefined	true	16384	16384	16384	0	2
rattled	onDamagingHit	962	6	1	40	Normal	1	1	0	20	100	1	16384	greninjabond	1	0	0	1	0	0	1	2	60	100	1	0	undefined	Move	0	psn	sitrusberry	0	1	1	0	0		undefined	true	16384	16384	16384	0	2
rattled	onDamagingHit	963	-1	6	40	Dark	0	1	1	20	100	0	24576	pikachu	0	0	1	0	0	0	0	0	60	160	1	1	null	missing	1	psn	magoberry	2	1	1	1	0	boost:spe=1:undefined:undefined:undefined:false:false	undefined	false	24576	24576	24576	0	2
rattled	onDamagingHit	964	1	6	40	Water	0	0	0	0	100	1	24576	greninjabond	0	0	0	1	0	6	1	0	60	0	0	1	false	missing	0	brn	wikiberry	0	-1	0	0	1		undefined	true	24576	24576	24576	6	0
rattled	onDamagingHit	965	0	6	40	Normal	1	1	1	20	20	-1	8192	pikachu	0	1	0	1	1	1	0	0	0	160	0	1	false	missing	1	brn	sitrusberry	0	-1	99	1	0		undefined	undefined	8192	8192	8192	1	2
rattled	onDamagingHit	966	0	6	0	Bug	1	0	1	20	0	0	0	greninjabond	0	1	0	0	0	-1	1	2	60	100	0	0	undefined	missing	1	brn	leftovers	1	1	0	0	1	boost:spe=1:undefined:undefined:undefined:false:false	undefined	false	0	0	0	-1	0
rattled	onDamagingHit	967	0	6	61	Bug	0	1	0	0	0	-1	8192	greninjaash	1	1	1	1	0	6	1	2	60	0	0	0	null	missing	1	psn	magoberry	1	0	99	1	0	boost:spe=1:undefined:undefined:undefined:false:false	undefined	undefined	8192	8192	8192	6	2
rattled	onDamagingHit	968	0	0	0	Dark	0	0	1	10	-1	-1	8192	greninjaash	0	1	0	1	0	6	1	1	0	0	1	0	0	Move	1	brn	aguavberry	1	0	1	0	0	boost:spe=1:undefined:undefined:undefined:false:false	undefined	undefined	8192	8192	8192	6	0
rattled	onDamagingHit	969	0	0	40	Water	0	0	0	0	0	0	16384	greninjabond	0	1	0	0	0	0	1	1	0	160	1	0	false	Move	1	psn	magoberry	0	0	-1	0	1		undefined	false	16384	16384	16384	0	0
rattled	onDamagingHit	970	1	6	60	Ghost	1	0	0	0	0	-1	16384	greninjabond	1	0	0	1	0	-1	0	1	0	100	0	0	false	Move	1	brn	figyberry	2	1	1	1	0	boost:spe=1:undefined:undefined:undefined:false:false	undefined	undefined	16384	16384	16384	-1	0
rattled	onDamagingHit	971	1	6	61	Bug	0	1	0	100	0	1	24576	greninjaash	0	0	0	1	1	1	0	2	0	160	0	1	0	Ability	1	psn	wikiberry	1	0	-1	0	1	boost:spe=1:undefined:undefined:undefined:false:false	undefined	true	24576	24576	24576	1	2
rattled	onDamagingHit	972	-1	0	0	Water	0	1	1	100	100	0	2048	pikachu	1	1	0	0	0	6	1	0	60	160	1	0	false	Ability	0	brn	wikiberry	1	1	99	0	1		undefined	false	2048	2048	2048	6	2
rattled	onDamagingHit	973	6	0	70	Dark	1	0	1	100	20	0	24576	greninjabond	1	0	1	0	1	-1	1	2	100	100	1	1	undefined	Move	0	psn	wikiberry	1	1	99	0	0	boost:spe=1:undefined:undefined:undefined:false:false	undefined	false	24576	24576	24576	-1	0
rattled	onDamagingHit	974	1	0	70	Fire	1	0	1	20	100	-1	24576	pikachu	0	0	0	0	0	0	1	0	0	160	0	0	0	missing	0	psn	wikiberry	0	0	99	1	1		undefined	undefined	24576	24576	24576	0	0
rattled	onDamagingHit	975	1	6	40	Water	1	1	1	20	20	1	8192	greninjaash	0	0	0	0	1	1	1	1	60	100	0	1	true	Ability	1	psn	sitrusberry	0	0	99	0	1		undefined	true	8192	8192	8192	1	2
rattled	onDamagingHit	976	1	0	61	Ghost	1	1	0	20	0	0	24576	pikachu	1	0	0	1	0	-1	1	2	100	0	0	1	null	Move	0	brn	magoberry	2	-1	0	0	0	boost:spe=1:undefined:undefined:undefined:false:false	undefined	false	24576	24576	24576	-1	2
rattled	onDamagingHit	977	-1	0	60	Ghost	0	1	0	0	20	-1	8	greninjaash	1	0	0	1	0	0	0	2	60	160	1	1	true	Ability	0	psn	magoberry	1	1	1	0	1	boost:spe=1:undefined:undefined:undefined:false:false	undefined	undefined	8	8	8	0	2
rattled	onDamagingHit	978	1	0	61	Bug	1	0	1	20	-1	0	8192	greninjaash	0	0	1	1	1	1	0	1	0	0	0	0	false	Ability	0	psn	figyberry	1	-1	1	0	1	boost:spe=1:undefined:undefined:undefined:false:false	undefined	false	8192	8192	8192	1	0
rattled	onDamagingHit	979	0	1	0	Water	0	1	1	100	0	-1	24576	pikachu	0	0	1	1	0	6	0	2	0	0	0	0	false	Ability	1	brn	magoberry	1	1	99	0	0		undefined	undefined	24576	24576	24576	6	2
rattled	onDamagingHit	980	1	0	40	Water	1	1	0	20	100	-1	16384	pikachu	0	0	1	0	0	6	1	2	100	100	1	1	true	Move	0	brn	iapapaberry	2	0	-1	1	0		undefined	undefined	16384	16384	16384	6	2
rattled	onDamagingHit	981	0	0	0	Ghost	0	1	0	10	-1	1	2048	pikachu	1	1	1	0	0	1	0	0	60	0	1	1	0	Ability	1	psn	leftovers	1	1	1	0	0	boost:spe=1:undefined:undefined:undefined:false:false	undefined	true	2048	2048	2048	1	2
rattled	onDamagingHit	982	-1	1	70	Bug	1	1	1	20	20	-1	0	greninjaash	0	0	0	0	1	0	0	2	100	0	1	0	false	Move	0	brn	sitrusberry	1	1	1	0	0	boost:spe=1:undefined:undefined:undefined:false:false	undefined	undefined	0	0	0	0	2
rattled	onDamagingHit	983	6	0	0	Dark	1	0	1	10	-1	-1	24576	pikachu	0	0	1	0	0	0	0	0	60	160	1	0	undefined	missing	0	psn	iapapaberry	0	-1	-1	0	1	boost:spe=1:undefined:undefined:undefined:false:false	undefined	undefined	24576	24576	24576	0	0
rattled	onDamagingHit	984	1	1	61	Ghost	0	1	1	100	20	0	16384	pikachu	1	0	1	0	0	1	0	2	0	0	0	0	null	Move	0	brn	iapapaberry	2	1	-1	0	1	boost:spe=1:undefined:undefined:undefined:false:false	undefined	false	16384	16384	16384	1	2
rattled	onDamagingHit	985	-1	1	70	Dark	1	0	0	100	0	-1	16384	greninjaash	1	1	0	1	0	0	0	2	100	0	1	1	true	Ability	1	brn	sitrusberry	2	1	-1	1	1	boost:spe=1:undefined:undefined:undefined:false:false	undefined	undefined	16384	16384	16384	0	0
rattled	onDamagingHit	986	0	0	40	Ghost	0	1	1	0	20	-1	0	greninjaash	0	1	1	1	0	0	1	2	0	0	0	0	true	Ability	0	brn	magoberry	2	-1	1	1	1	boost:spe=1:undefined:undefined:undefined:false:false	undefined	undefined	0	0	0	0	2
rattled	onDamagingHit	987	-1	6	0	Ghost	1	1	1	0	-1	1	8	greninjabond	1	0	0	0	0	-1	0	2	100	100	1	0	0	Move	1	brn	aguavberry	1	1	1	1	0	boost:spe=1:undefined:undefined:undefined:false:false	undefined	true	8	8	8	-1	2
rattled	onDamagingHit	988	-1	0	40	Bug	0	0	0	10	100	1	2048	greninjaash	0	0	0	1	1	1	1	1	60	0	0	0	0	missing	1	brn	figyberry	0	-1	0	1	0	boost:spe=1:undefined:undefined:undefined:false:false	undefined	true	2048	2048	2048	1	0
rattled	onDamagingHit	989	1	0	70	Normal	1	0	0	100	-1	-1	8192	pikachu	0	0	1	1	0	-1	0	0	100	100	1	0	null	Ability	0	brn	leftovers	1	1	1	0	0		undefined	undefined	8192	8192	8192	-1	0
rattled	onDamagingHit	990	0	0	60	Fire	1	1	0	20	-1	-1	0	greninjaash	0	1	1	1	0	1	1	0	60	160	1	1	false	Move	1	psn	sitrusberry	0	-1	-1	1	0		undefined	undefined	0	0	0	1	2
rattled	onDamagingHit	991	-1	1	60	Dark	1	0	0	0	0	0	0	pikachu	0	0	0	1	0	0	0	1	60	160	0	0	0	Ability	0	brn	wikiberry	2	0	-1	1	0	boost:spe=1:undefined:undefined:undefined:false:false	undefined	false	0	0	0	0	0
rattled	onDamagingHit	992	1	0	60	Fire	1	0	1	0	0	-1	16384	greninjabond	0	1	0	1	0	6	0	2	0	0	1	1	0	Ability	0	brn	figyberry	2	-1	99	0	1		undefined	undefined	16384	16384	16384	6	0
rattled	onDamagingHit	993	-1	0	40	Bug	0	1	0	100	-1	-1	8192	greninjabond	0	0	1	1	1	0	1	2	0	100	0	0	undefined	missing	0	psn	magoberry	1	-1	0	1	1	boost:spe=1:undefined:undefined:undefined:false:false	undefined	undefined	8192	8192	8192	0	2
rattled	onDamagingHit	994	-1	0	61	Water	0	1	1	20	100	0	16384	greninjabond	0	1	1	1	1	6	0	0	60	160	1	0	false	Ability	1	psn	aguavberry	0	1	1	0	0		undefined	false	16384	16384	16384	6	2
rattled	onDamagingHit	995	1	1	0	Ghost	1	1	0	0	20	0	8	greninjaash	1	0	1	1	1	1	0	0	0	160	0	1	0	Move	1	psn	aguavberry	1	-1	-1	0	1	boost:spe=1:undefined:undefined:undefined:false:false	undefined	false	8	8	8	1	2
rattled	onDamagingHit	996	6	1	0	Normal	1	0	1	0	0	0	24576	pikachu	1	1	0	0	1	1	0	2	100	100	1	1	null	Ability	1	brn	figyberry	2	0	1	1	1		undefined	false	24576	24576	24576	1	0
rattled	onDamagingHit	997	-1	6	40	Fire	1	1	0	0	-1	-1	0	greninjaash	1	1	1	1	0	1	1	2	60	0	1	0	undefined	Move	1	brn	aguavberry	1	0	0	1	1		undefined	undefined	0	0	0	1	2
rattled	onDamagingHit	998	1	0	0	Normal	1	0	0	100	-1	0	24576	greninjaash	0	1	1	1	1	1	0	1	60	0	1	1	null	Ability	0	brn	sitrusberry	2	-1	1	0	1		undefined	false	24576	24576	24576	1	0
rattled	onDamagingHit	999	-1	0	61	Water	1	0	1	20	100	1	2048	greninjaash	1	0	0	1	1	-1	0	2	100	0	1	1	false	Ability	0	brn	wikiberry	2	-1	0	0	1		undefined	true	2048	2048	2048	-1	0
rattled	onDamagingHit	1000	1	6	61	Ghost	0	0	0	10	20	1	16384	greninjabond	1	1	0	0	0	0	0	1	0	160	0	0	undefined	Ability	1	brn	leftovers	1	1	1	1	1	boost:spe=1:undefined:undefined:undefined:false:false	undefined	true	16384	16384	16384	0	0
rattled	onDamagingHit	1001	6	1	40	Normal	0	0	1	20	100	-1	2048	greninjaash	1	1	1	0	1	0	0	0	60	100	0	0	true	missing	1	psn	wikiberry	2	-1	99	1	1		undefined	undefined	2048	2048	2048	0	0
rattled	onDamagingHit	1002	6	1	60	Ghost	0	0	0	0	-1	-1	24576	greninjaash	0	0	0	1	0	1	0	2	0	160	1	0	null	Move	0	brn	leftovers	0	1	1	1	1	boost:spe=1:undefined:undefined:undefined:false:false	undefined	undefined	24576	24576	24576	1	0
rattled	onDamagingHit	1003	0	1	61	Fire	1	1	1	10	20	1	24576	pikachu	1	0	1	1	0	6	1	1	60	0	1	1	false	Ability	0	psn	figyberry	1	1	99	0	0		undefined	true	24576	24576	24576	6	2
rattled	onDamagingHit	1004	0	1	0	Bug	0	1	0	100	0	-1	8192	pikachu	0	1	1	1	1	0	0	0	0	160	1	0	true	missing	1	brn	aguavberry	0	0	99	1	1	boost:spe=1:undefined:undefined:undefined:false:false	undefined	undefined	8192	8192	8192	0	2
rattled	onDamagingHit	1005	1	0	61	Fire	0	0	0	20	0	-1	8192	pikachu	1	0	1	0	1	0	0	1	100	0	1	1	0	missing	1	psn	sitrusberry	1	0	0	1	1		undefined	undefined	8192	8192	8192	0	0
rattled	onDamagingHit	1006	6	1	61	Dark	0	0	0	100	0	-1	16384	pikachu	1	1	1	1	0	6	0	0	60	0	1	1	undefined	Ability	1	psn	wikiberry	0	-1	-1	0	1	boost:spe=1:undefined:undefined:undefined:false:false	undefined	undefined	16384	16384	16384	6	0
rattled	onDamagingHit	1007	0	0	0	Normal	0	0	0	10	-1	-1	2048	greninjabond	1	0	1	0	0	6	0	1	60	160	0	1	null	Move	0	psn	iapapaberry	1	-1	0	0	0		undefined	undefined	2048	2048	2048	6	0
rattled	onDamagingHit	1008	1	6	40	Ghost	0	1	1	20	0	-1	24576	greninjaash	0	0	1	1	1	6	1	2	60	0	0	1	null	missing	1	brn	iapapaberry	1	-1	0	1	0	boost:spe=1:undefined:undefined:undefined:false:false	undefined	undefined	24576	24576	24576	6	2
rattled	onDamagingHit	1009	6	0	60	Dark	1	1	1	20	-1	0	8192	pikachu	1	0	1	0	1	0	1	2	0	100	0	1	undefined	missing	1	brn	figyberry	2	1	-1	0	1	boost:spe=1:undefined:undefined:undefined:false:false	undefined	false	8192	8192	8192	0	2
rattled	onDamagingHit	1010	1	0	60	Normal	0	0	0	20	20	1	0	greninjaash	0	0	0	1	1	0	1	2	100	0	1	0	false	Move	0	psn	figyberry	1	0	1	1	1		undefined	true	0	0	0	0	0
rattled	onDamagingHit	1011	-1	6	61	Bug	1	1	0	10	100	1	0	greninjabond	0	0	0	0	0	-1	1	2	60	160	0	0	0	Ability	0	psn	leftovers	2	-1	0	1	1	boost:spe=1:undefined:undefined:undefined:false:false	undefined	true	0	0	0	-1	2
rattled	onDamagingHit	1012	6	0	70	Normal	0	0	0	20	0	0	24576	greninjaash	1	0	0	0	1	0	0	1	60	160	0	1	null	Ability	0	brn	sitrusberry	0	0	-1	1	0		undefined	false	24576	24576	24576	0	0
rattled	onDamagingHit	1013	6	0	70	Water	1	1	0	100	0	0	24576	greninjaash	0	1	1	0	1	6	1	1	60	100	0	1	undefined	missing	0	brn	magoberry	1	0	0	1	1		undefined	false	24576	24576	24576	6	2
rattled	onDamagingHit	1014	-1	1	61	Ghost	0	1	0	100	100	1	24576	pikachu	1	0	0	1	0	6	1	0	60	0	0	1	0	missing	1	brn	wikiberry	1	1	1	1	0	boost:spe=1:undefined:undefined:undefined:false:false	undefined	true	24576	24576	24576	6	2
rattled	onDamagingHit	1015	1	0	40	Fire	0	0	1	100	0	-1	2048	greninjabond	1	0	0	0	0	1	0	2	100	100	0	0	true	Ability	0	psn	wikiberry	2	1	1	1	1		undefined	undefined	2048	2048	2048	1	0
rattled	onDamagingHit	1016	6	6	40	Dark	1	1	1	100	100	1	8192	greninjabond	1	1	0	0	1	-1	1	0	60	100	1	0	0	Ability	1	brn	sitrusberry	0	1	-1	1	0	boost:spe=1:undefined:undefined:undefined:false:false	undefined	true	8192	8192	8192	-1	2
rattled	onDamagingHit	1017	6	6	70	Fire	0	0	1	10	20	-1	8192	pikachu	0	1	1	1	0	0	0	1	60	160	0	1	false	Move	0	brn	iapapaberry	1	-1	1	0	1		undefined	undefined	8192	8192	8192	0	0
rattled	onDamagingHit	1018	0	0	60	Bug	0	0	0	0	100	-1	2048	pikachu	0	1	0	1	1	6	0	0	60	160	1	0	0	missing	1	brn	aguavberry	0	1	1	0	0	boost:spe=1:undefined:undefined:undefined:false:false	undefined	undefined	2048	2048	2048	6	0
rattled	onDamagingHit	1019	1	6	61	Bug	0	1	1	20	0	1	2048	greninjabond	0	0	1	0	1	0	1	2	60	100	0	1	false	Ability	0	brn	iapapaberry	0	0	-1	0	0	boost:spe=1:undefined:undefined:undefined:false:false	undefined	true	2048	2048	2048	0	2
rattled	onDamagingHit	1020	0	0	60	Water	1	0	1	10	0	-1	16384	pikachu	0	0	0	1	1	-1	1	0	0	100	1	0	null	missing	0	psn	sitrusberry	1	0	0	1	0		undefined	undefined	16384	16384	16384	-1	0
rattled	onDamagingHit	1021	0	1	60	Water	0	0	1	10	0	0	0	greninjaash	1	0	0	0	1	0	0	2	0	100	0	0	false	Move	1	brn	figyberry	0	1	-1	0	1		undefined	false	0	0	0	0	0
rattled	onDamagingHit	1022	1	0	0	Bug	0	1	1	100	20	0	8	greninjaash	1	0	0	1	1	-1	0	0	60	100	0	1	null	Ability	0	psn	iapapaberry	2	0	-1	0	0	boost:spe=1:undefined:undefined:undefined:false:false	undefined	false	8	8	8	-1	2
rattled	onDamagingHit	1023	1	0	40	Dark	0	0	1	20	100	0	0	pikachu	0	0	1	1	1	0	1	1	100	0	1	0	true	Ability	1	brn	sitrusberry	1	1	99	0	0	boost:spe=1:undefined:undefined:undefined:false:false	undefined	false	0	0	0	0	0
rattled	onDamagingHit	1024	6	1	40	Fire	0	0	0	0	-1	1	24576	greninjabond	0	1	0	1	1	1	1	1	100	0	0	1	undefined	Move	0	brn	magoberry	2	-1	99	1	1		undefined	true	24576	24576	24576	1	0
rattled	onDamagingHit	1025	1	1	61	Normal	0	1	1	10	0	-1	0	greninjaash	1	0	1	1	0	0	1	2	0	0	0	1	false	Move	1	psn	iapapaberry	0	-1	99	0	1		undefined	undefined	0	0	0	0	2
rattled	onDamagingHit	1026	0	6	61	Fire	1	1	0	20	0	1	8	greninjabond	1	1	1	1	0	1	0	1	0	0	0	0	null	Ability	0	psn	figyberry	2	-1	1	1	0		undefined	true	8	8	8	1	2
rattled	onDamagingHit	1027	0	6	40	Ghost	0	1	1	100	0	0	0	pikachu	0	0	0	1	0	1	1	1	100	0	1	1	null	Move	0	brn	magoberry	2	1	1	0	1	boost:spe=1:undefined:undefined:undefined:false:false	undefined	false	0	0	0	1	2
rattled	onDamagingHit	1028	6	6	40	Fire	0	1	0	0	0	0	16384	greninjabond	0	1	1	0	1	-1	1	2	60	160	0	1	undefined	Move	0	psn	magoberry	0	1	1	0	0		undefined	false	16384	16384	16384	-1	2
rattled	onDamagingHit	1029	6	0	0	Fire	0	0	1	20	0	-1	24576	greninjaash	0	1	0	1	0	6	0	1	60	100	0	0	undefined	Ability	0	psn	figyberry	2	1	-1	0	1		undefined	undefined	24576	24576	24576	6	0
rattled	onDamagingHit	1030	6	6	61	Fire	0	0	1	100	-1	1	16384	greninjaash	1	1	0	1	0	-1	0	0	0	0	0	1	0	Move	1	brn	sitrusberry	2	0	1	1	1		undefined	true	16384	16384	16384	-1	0
rattled	onDamagingHit	1031	6	6	70	Dark	1	0	0	0	-1	0	8192	greninjaash	0	0	0	0	0	-1	1	1	0	160	0	1	true	Move	1	brn	sitrusberry	2	1	99	0	1	boost:spe=1:undefined:undefined:undefined:false:false	undefined	false	8192	8192	8192	-1	0
rattled	onDamagingHit	1032	6	0	0	Dark	1	0	1	10	100	1	16384	greninjabond	0	0	1	0	1	6	0	1	0	0	0	0	undefined	Ability	0	brn	sitrusberry	1	0	1	1	1	boost:spe=1:undefined:undefined:undefined:false:false	undefined	true	16384	16384	16384	6	0
rattled	onDamagingHit	1033	1	1	61	Fire	1	1	1	10	20	-1	24576	greninjabond	1	1	1	0	0	0	1	1	60	100	1	0	undefined	missing	0	psn	magoberry	2	1	0	1	1		undefined	undefined	24576	24576	24576	0	2
rattled	onDamagingHit	1034	-1	1	60	Bug	1	1	1	0	-1	0	0	pikachu	1	1	1	1	1	-1	1	1	60	100	0	0	null	Move	0	brn	leftovers	1	1	1	0	1	boost:spe=1:undefined:undefined:undefined:false:false	undefined	false	0	0	0	-1	2
rattled	onDamagingHit	1035	-1	6	40	Ghost	0	1	0	100	-1	0	2048	greninjabond	1	0	1	1	0	6	1	2	60	100	0	0	null	missing	0	psn	figyberry	0	-1	0	1	0	boost:spe=1:undefined:undefined:undefined:false:false	undefined	false	2048	2048	2048	6	2
rattled	onDamagingHit	1036	0	0	60	Fire	1	1	1	100	-1	0	2048	greninjabond	1	0	0	1	0	-1	1	1	60	100	0	1	false	missing	0	psn	sitrusberry	2	0	99	0	1		undefined	false	2048	2048	2048	-1	2
rattled	onDamagingHit	1037	-1	6	0	Ghost	1	1	1	0	100	0	2048	greninjabond	0	0	0	1	0	0	1	0	100	160	0	1	false	Move	1	psn	iapapaberry	2	-1	99	0	1	boost:spe=1:undefined:undefined:undefined:false:false	undefined	false	2048	2048	2048	0	2
rattled	onDamagingHit	1038	-1	0	70	Water	0	0	1	100	-1	-1	24576	greninjaash	1	1	1	1	1	0	1	1	0	100	1	1	0	missing	1	psn	iapapaberry	2	1	-1	0	0		undefined	undefined	24576	24576	24576	0	0
rattled	onDamagingHit	1039	-1	0	70	Bug	1	0	1	100	0	0	8192	greninjaash	0	0	1	0	0	6	1	1	0	100	1	1	undefined	missing	1	psn	leftovers	1	0	-1	1	0	boost:spe=1:undefined:undefined:undefined:false:false	undefined	false	8192	8192	8192	6	0
rattled	onDamagingHit	1040	6	6	40	Fire	0	1	1	20	-1	0	16384	pikachu	1	0	0	1	1	0	0	2	60	100	1	0	0	missing	0	brn	iapapaberry	0	0	0	1	0		undefined	false	16384	16384	16384	0	2
rattled	onDamagingHit	1041	1	6	61	Dark	0	0	0	0	0	-1	16384	pikachu	0	0	0	0	1	0	0	1	60	0	1	0	false	missing	1	brn	iapapaberry	2	0	99	1	1	boost:spe=1:undefined:undefined:undefined:false:false	undefined	undefined	16384	16384	16384	0	0
rattled	onDamagingHit	1042	6	1	61	Ghost	1	0	1	20	100	-1	2048	greninjabond	1	0	1	1	0	6	0	2	100	0	0	0	true	Move	1	psn	figyberry	1	0	1	1	1	boost:spe=1:undefined:undefined:undefined:false:false	undefined	undefined	2048	2048	2048	6	0
rattled	onDamagingHit	1043	1	6	70	Normal	1	0	1	0	20	-1	0	pikachu	1	1	1	0	1	-1	1	1	0	100	1	0	null	Move	1	psn	sitrusberry	2	-1	-1	0	1		undefined	undefined	0	0	0	-1	0
rattled	onDamagingHit	1044	-1	1	40	Ghost	0	0	1	100	-1	1	0	greninjaash	0	0	1	0	0	6	0	1	60	160	1	0	undefined	missing	1	psn	leftovers	1	-1	-1	0	1	boost:spe=1:undefined:undefined:undefined:false:false	undefined	true	0	0	0	6	0
rattled	onDamagingHit	1045	1	0	60	Normal	0	0	1	10	100	1	24576	pikachu	1	1	0	0	0	6	0	2	0	0	0	1	0	Ability	1	brn	wikiberry	2	0	99	1	1		undefined	true	24576	24576	24576	6	0
rattled	onDamagingHit	1046	0	1	70	Dark	1	0	0	100	0	1	8	greninjaash	0	0	1	1	0	1	0	0	60	160	1	1	undefined	missing	0	brn	iapapaberry	2	1	1	1	0	boost:spe=1:undefined:undefined:undefined:false:false	undefined	true	8	8	8	1	0
rattled	onDamagingHit	1047	-1	0	61	Water	1	0	0	10	100	1	24576	greninjabond	1	0	1	1	1	1	1	0	60	160	0	0	false	Move	1	psn	magoberry	2	-1	-1	0	1		undefined	true	24576	24576	24576	1	0
rattled	onDamagingHit	1048	6	0	61	Fire	1	0	0	0	100	-1	16384	pikachu	0	1	0	0	1	1	0	2	60	160	0	1	null	Ability	0	brn	aguavberry	1	0	-1	0	0		undefined	undefined	16384	16384	16384	1	0
rattled	onDamagingHit	1049	0	6	70	Bug	0	1	0	0	-1	1	24576	greninjaash	1	1	0	0	1	0	1	0	60	0	1	1	null	missing	1	psn	sitrusberry	0	-1	-1	1	1	boost:spe=1:undefined:undefined:undefined:false:false	undefined	true	24576	24576	24576	0	2
rattled	onDamagingHit	1050	1	6	0	Bug	1	0	1	0	0	0	8192	pikachu	1	0	0	1	1	0	0	0	60	160	1	1	false	Ability	0	brn	leftovers	2	0	99	1	0	boost:spe=1:undefined:undefined:undefined:false:false	undefined	false	8192	8192	8192	0	0
rattled	onDamagingHit	1051	0	6	0	Water	1	0	0	0	100	0	24576	pikachu	1	1	0	1	0	0	0	2	60	100	0	1	false	Move	1	brn	wikiberry	0	-1	1	1	0		undefined	false	24576	24576	24576	0	0
rattled	onDamagingHit	1052	1	1	60	Ghost	0	0	0	20	-1	-1	8	greninjabond	1	1	1	1	0	6	0	0	100	100	0	1	null	missing	1	psn	iapapaberry	0	0	0	0	0	boost:spe=1:undefined:undefined:undefined:false:false	undefined	undefined	8	8	8	6	0
rattled	onDamagingHit	1053	-1	1	40	Water	0	1	1	100	100	-1	8	pikachu	0	0	0	0	1	0	1	0	60	0	1	1	null	Ability	0	brn	figyberry	0	0	1	1	1		undefined	undefined	8	8	8	0	2
rattled	onDamagingHit	1054	1	1	61	Water	1	1	0	100	100	1	16384	greninjabond	0	0	1	1	1	1	0	0	100	160	1	1	true	Ability	1	psn	aguavberry	1	1	-1	1	1		undefined	true	16384	16384	16384	1	2
rattled	onDamagingHit	1055	0	0	0	Ghost	0	0	1	0	-1	1	8192	greninjaash	1	0	0	1	0	0	1	0	60	160	1	1	true	missing	1	psn	sitrusberry	0	1	0	0	0	boost:spe=1:undefined:undefined:undefined:false:false	undefined	true	8192	8192	8192	0	0
rattled	onDamagingHit	1056	6	0	70	Dark	1	0	1	10	20	-1	16384	greninjabond	1	1	1	1	0	-1	1	1	0	0	0	0	0	missing	1	brn	sitrusberry	1	0	99	0	0	boost:spe=1:undefined:undefined:undefined:false:false	undefined	undefined	16384	16384	16384	-1	0
rattled	onDamagingHit	1057	0	0	40	Water	1	0	0	100	100	-1	8192	greninjaash	1	0	0	1	1	0	0	1	60	100	1	1	0	Move	0	psn	magoberry	2	0	1	0	1		undefined	undefined	8192	8192	8192	0	0
rattled	onDamagingHit	1058	0	0	61	Fire	1	1	0	100	-1	1	0	greninjabond	1	1	0	0	1	-1	1	1	100	0	1	1	true	missing	1	psn	aguavberry	2	-1	99	0	1		undefined	true	0	0	0	-1	2
rattled	onDamagingHit	1059	-1	1	70	Water	1	0	1	10	100	-1	8192	greninjabond	1	1	1	1	1	1	0	2	100	0	0	1	false	Ability	1	brn	iapapaberry	0	-1	0	1	1		undefined	undefined	8192	8192	8192	1	0
rattled	onDamagingHit	1060	-1	1	0	Dark	1	1	1	10	-1	-1	24576	greninjaash	0	1	0	0	0	1	0	0	0	100	0	0	undefined	Ability	1	psn	aguavberry	1	0	1	0	0	boost:spe=1:undefined:undefined:undefined:false:false	undefined	undefined	24576	24576	24576	1	2
rattled	onDamagingHit	1061	0	0	0	Ghost	1	0	0	10	20	0	0	greninjabond	0	1	1	1	1	6	0	1	100	160	1	0	0	Move	1	psn	aguavberry	0	1	1	1	1	boost:spe=1:undefined:undefined:undefined:false:false	undefined	false	0	0	0	6	0
rattled	onDamagingHit	1062	6	1	70	Fire	1	1	0	100	20	1	8192	greninjabond	0	1	0	1	1	6	1	2	60	0	0	1	true	Move	1	brn	wikiberry	0	0	1	0	1		undefined	true	8192	8192	8192	6	2
rattled	onDamagingHit	1063	1	6	61	Dark	0	0	0	100	0	1	24576	pikachu	1	0	1	0	0	-1	1	1	100	160	1	1	null	Move	0	brn	sitrusberry	0	1	0	1	1	boost:spe=1:undefined:undefined:undefined:false:false	undefined	true	24576	24576	24576	-1	0
rattled	onDamagingHit	1064	-1	1	60	Dark	0	1	1	20	0	-1	24576	greninjabond	0	0	0	0	0	1	1	1	60	100	1	1	0	Move	1	brn	aguavberry	2	-1	1	0	1	boost:spe=1:undefined:undefined:undefined:false:false	undefined	undefined	24576	24576	24576	1	2
rattled	onDamagingHit	1065	0	1	60	Ghost	0	1	0	100	-1	0	0	greninjabond	0	1	0	1	0	0	1	2	100	100	1	0	0	missing	1	brn	figyberry	1	-1	99	0	0	boost:spe=1:undefined:undefined:undefined:false:false	undefined	false	0	0	0	0	2
rattled	onDamagingHit	1066	0	0	60	Bug	1	1	0	10	20	0	24576	greninjaash	0	1	0	0	0	6	0	0	100	0	1	1	false	missing	1	psn	iapapaberry	2	-1	99	1	1	boost:spe=1:undefined:undefined:undefined:false:false	undefined	false	24576	24576	24576	6	2
rattled	onDamagingHit	1067	6	1	0	Dark	0	0	1	10	0	-1	24576	greninjabond	0	1	0	0	1	6	0	2	100	100	1	0	undefined	missing	1	psn	magoberry	1	1	99	0	0	boost:spe=1:undefined:undefined:undefined:false:false	undefined	undefined	24576	24576	24576	6	0
rattled	onDamagingHit	1068	1	6	61	Fire	0	1	1	0	-1	1	24576	greninjaash	0	0	1	1	0	1	1	0	0	160	1	1	0	missing	0	psn	leftovers	0	1	99	1	1		undefined	true	24576	24576	24576	1	2
rattled	onDamagingHit	1069	6	6	0	Bug	0	1	0	20	20	-1	8192	pikachu	1	0	1	1	1	0	1	2	0	160	1	0	true	Ability	0	psn	figyberry	1	-1	0	0	1	boost:spe=1:undefined:undefined:undefined:false:false	undefined	undefined	8192	8192	8192	0	2
rattled	onDamagingHit	1070	0	1	70	Bug	1	0	1	100	-1	1	24576	greninjabond	0	1	0	1	0	6	0	2	60	160	0	1	0	Move	0	brn	magoberry	2	-1	-1	1	0	boost:spe=1:undefined:undefined:undefined:false:false	undefined	true	24576	24576	24576	6	0
rattled	onDamagingHit	1071	1	6	60	Bug	0	0	0	10	100	0	16384	greninjabond	1	0	0	0	1	6	0	0	60	100	0	0	true	Ability	0	brn	wikiberry	2	0	1	0	0	boost:spe=1:undefined:undefined:undefined:false:false	undefined	false	16384	16384	16384	6	0
rattled	onDamagingHit	1072	-1	6	60	Fire	1	1	0	100	20	-1	8192	greninjaash	0	1	0	1	0	6	1	2	60	160	0	0	false	Ability	1	brn	iapapaberry	0	1	0	0	1		undefined	undefined	8192	8192	8192	6	2
rattled	onDamagingHit	1073	-1	1	61	Dark	0	0	0	20	20	1	24576	pikachu	1	0	0	0	0	1	1	2	60	160	1	0	null	Move	0	brn	sitrusberry	2	-1	0	0	0	boost:spe=1:undefined:undefined:undefined:false:false	undefined	true	24576	24576	24576	1	0
rattled	onDamagingHit	1074	-1	0	61	Dark	0	1	0	100	100	-1	8192	greninjabond	0	0	0	0	1	0	1	0	0	100	0	1	null	Move	0	brn	sitrusberry	1	1	99	0	0	boost:spe=1:undefined:undefined:undefined:false:false	undefined	undefined	8192	8192	8192	0	2
rattled	onDamagingHit	1075	0	6	60	Dark	0	0	0	20	-1	0	24576	pikachu	0	1	1	0	0	-1	0	1	0	100	0	0	0	missing	1	psn	aguavberry	0	-1	1	1	1	boost:spe=1:undefined:undefined:undefined:false:false	undefined	false	24576	24576	24576	-1	0
rattled	onDamagingHit	1076	-1	1	60	Ghost	1	0	0	100	20	0	2048	greninjabond	1	0	1	0	1	0	1	1	0	0	0	0	false	missing	0	psn	sitrusberry	2	-1	-1	1	1	boost:spe=1:undefined:undefined:undefined:false:false	undefined	false	2048	2048	2048	0	0
rattled	onDamagingHit	1077	0	0	0	Normal	0	0	0	0	20	1	2048	greninjaash	0	1	1	0	0	6	1	1	100	100	1	1	null	Move	1	brn	leftovers	2	1	0	0	1		undefined	true	2048	2048	2048	6	0
rattled	onDamagingHit	1078	1	0	70	Ghost	1	0	1	100	0	-1	0	pikachu	0	1	0	1	1	-1	0	1	0	100	0	1	null	Ability	1	psn	figyberry	0	-1	1	0	0	boost:spe=1:undefined:undefined:undefined:false:false	undefined	undefined	0	0	0	-1	0
rattled	onDamagingHit	1079	6	6	60	Bug	1	0	1	0	-1	-1	0	pikachu	0	0	1	1	0	1	0	0	100	160	1	0	undefined	Ability	0	psn	aguavberry	0	0	99	0	1	boost:spe=1:undefined:undefined:undefined:false:false	undefined	undefined	0	0	0	1	0
rattled	onDamagingHit	1080	-1	1	0	Ghost	0	0	1	0	0	-1	8	greninjaash	1	1	1	0	0	0	0	2	100	0	0	1	undefined	Ability	0	psn	aguavberry	2	0	-1	0	0	boost:spe=1:undefined:undefined:undefined:false:false	undefined	undefined	8	8	8	0	0
rattled	onDamagingHit	1081	-1	1	0	Normal	1	1	0	20	0	0	16384	pikachu	0	1	1	0	0	1	0	2	60	160	0	0	0	missing	1	psn	leftovers	0	0	1	0	0		undefined	false	16384	16384	16384	1	2
rattled	onDamagingHit	1082	6	6	70	Normal	0	0	1	10	-1	1	2048	pikachu	0	0	1	0	0	-1	1	1	0	0	0	1	true	missing	1	psn	sitrusberry	2	0	99	1	0		undefined	true	2048	2048	2048	-1	0
rattled	onDamagingHit	1083	-1	1	40	Water	0	0	1	20	-1	1	8192	pikachu	0	1	1	1	1	0	0	2	0	160	1	1	true	Move	0	psn	figyberry	2	0	-1	1	0		undefined	true	8192	8192	8192	0	0
rattled	onDamagingHit	1084	6	0	0	Ghost	0	1	1	20	20	-1	2048	greninjabond	0	1	0	1	1	0	1	2	100	160	0	1	null	missing	0	psn	wikiberry	1	-1	0	1	0	boost:spe=1:undefined:undefined:undefined:false:false	undefined	undefined	2048	2048	2048	0	2
rattled	onDamagingHit	1085	1	1	0	Dark	1	1	0	10	-1	0	24576	greninjabond	0	0	1	0	0	0	0	2	0	100	1	1	0	Ability	0	psn	wikiberry	2	0	0	0	1	boost:spe=1:undefined:undefined:undefined:false:false	undefined	false	24576	24576	24576	0	2
rattled	onDamagingHit	1086	6	0	40	Normal	1	1	1	100	0	0	8192	greninjaash	1	0	0	1	0	-1	1	0	0	100	1	1	true	missing	1	brn	magoberry	0	1	-1	1	1		undefined	false	8192	8192	8192	-1	2
rattled	onDamagingHit	1087	-1	0	0	Normal	1	0	0	20	0	0	0	greninjabond	0	0	1	0	0	0	0	1	100	100	0	1	false	Ability	0	psn	aguavberry	2	0	99	1	0		undefined	false	0	0	0	0	0
rattled	onDamagingHit	1088	-1	6	40	Ghost	1	0	1	10	20	-1	0	pikachu	0	0	0	1	0	1	0	1	60	160	1	0	true	Move	0	psn	leftovers	1	0	99	1	0	boost:spe=1:undefined:undefined:undefined:false:false	undefined	undefined	0	0	0	1	0
rattled	onDamagingHit	1089	-1	0	70	Ghost	0	0	1	20	20	-1	8192	pikachu	0	1	1	1	0	1	1	0	60	0	0	1	false	Ability	1	psn	magoberry	1	-1	-1	1	0	boost:spe=1:undefined:undefined:undefined:false:false	undefined	undefined	8192	8192	8192	1	0
rattled	onDamagingHit	1090	1	6	40	Ghost	0	0	1	100	20	0	24576	pikachu	0	1	1	0	1	1	0	1	100	100	0	1	null	Move	1	brn	leftovers	0	1	99	1	1	boost:spe=1:undefined:undefined:undefined:false:false	undefined	false	24576	24576	24576	1	0
rattled	onDamagingHit	1091	6	1	70	Water	1	0	0	100	20	0	16384	greninjabond	1	1	0	1	1	1	1	0	0	0	0	0	false	Ability	0	brn	leftovers	0	0	99	0	1		undefined	false	16384	16384	16384	1	0
rattled	onDamagingHit	1092	0	1	0	Fire	1	1	1	10	20	0	16384	pikachu	1	1	1	0	1	-1	0	0	0	160	1	0	null	missing	1	psn	wikiberry	1	1	1	1	0		undefined	false	16384	16384	16384	-1	2
rattled	onDamagingHit	1093	-1	6	60	Ghost	0	0	0	100	-1	1	0	greninjaash	1	0	1	0	0	6	1	0	100	160	1	0	null	missing	0	psn	wikiberry	0	-1	-1	0	1	boost:spe=1:undefined:undefined:undefined:false:false	undefined	true	0	0	0	6	0
rattled	onDamagingHit	1094	-1	1	60	Fire	0	1	0	100	100	0	8192	greninjabond	1	0	1	1	1	0	0	2	100	100	1	1	null	Move	0	psn	aguavberry	0	0	1	1	0		undefined	false	8192	8192	8192	0	2
rattled	onDamagingHit	1095	-1	6	40	Ghost	1	0	1	10	100	1	16384	greninjabond	0	0	0	0	1	-1	0	0	0	0	1	1	0	Move	0	brn	sitrusberry	2	0	-1	0	1	boost:spe=1:undefined:undefined:undefined:false:false	undefined	true	16384	16384	16384	-1	0
rattled	onDamagingHit	1096	-1	1	40	Normal	1	1	0	20	0	1	16384	greninjaash	1	0	1	0	1	-1	0	2	100	160	0	1	false	Ability	0	psn	magoberry	0	-1	99	1	1		undefined	true	16384	16384	16384	-1	2
rattled	onDamagingHit	1097	-1	0	60	Fire	1	1	1	10	100	-1	8192	greninjabond	1	0	1	1	1	1	0	2	60	160	0	1	0	Ability	0	brn	aguavberry	1	-1	0	1	0		undefined	undefined	8192	8192	8192	1	2
rattled	onDamagingHit	1098	0	6	61	Water	0	1	1	10	100	-1	24576	greninjaash	0	1	1	0	1	0	1	2	100	160	1	1	null	Move	0	psn	sitrusberry	2	-1	99	0	1		undefined	undefined	24576	24576	24576	0	2
rattled	onDamagingHit	1099	0	6	40	Ghost	1	0	1	0	100	1	16384	pikachu	1	1	1	0	0	6	1	0	60	0	1	0	null	Ability	0	brn	sitrusberry	0	0	0	1	0	boost:spe=1:undefined:undefined:undefined:false:false	undefined	true	16384	16384	16384	6	0
rattled	onDamagingHit	1100	6	1	61	Dark	1	0	0	0	20	-1	8192	pikachu	0	0	1	1	1	-1	0	0	60	160	0	1	true	Ability	1	psn	aguavberry	0	1	-1	1	0	boost:spe=1:undefined:undefined:undefined:false:false	undefined	undefined	8192	8192	8192	-1	0
rattled	onDamagingHit	1101	1	1	40	Normal	0	1	0	0	-1	1	0	greninjabond	0	1	0	1	0	0	0	0	100	160	0	0	false	Move	1	brn	magoberry	2	0	-1	1	1		undefined	true	0	0	0	0	2
rattled	onDamagingHit	1102	0	1	0	Bug	0	1	0	100	20	1	0	greninjaash	1	1	1	1	1	1	0	0	0	100	1	1	0	missing	1	brn	leftovers	2	-1	-1	0	0	boost:spe=1:undefined:undefined:undefined:false:false	undefined	true	0	0	0	1	2
rattled	onDamagingHit	1103	0	0	60	Ghost	0	0	0	100	-1	0	0	pikachu	1	1	1	1	0	6	0	1	0	100	1	0	false	missing	0	brn	wikiberry	0	1	-1	1	0	boost:spe=1:undefined:undefined:undefined:false:false	undefined	false	0	0	0	6	0
rattled	onDamagingHit	1104	0	6	61	Normal	0	0	1	100	100	-1	2048	greninjabond	0	1	1	0	1	0	0	0	0	100	1	0	null	missing	1	psn	wikiberry	2	-1	1	1	1		undefined	undefined	2048	2048	2048	0	0
rattled	onDamagingHit	1105	6	0	40	Water	1	0	1	10	-1	1	0	greninjaash	0	1	1	0	1	1	1	0	0	0	0	0	undefined	Move	1	brn	leftovers	1	-1	99	1	0		undefined	true	0	0	0	1	0
rattled	onDamagingHit	1106	0	6	0	Fire	0	1	0	100	0	0	16384	greninjaash	1	1	0	0	0	6	1	2	100	100	1	1	undefined	Move	1	brn	sitrusberry	2	1	99	1	0		undefined	false	16384	16384	16384	6	2
rattled	onDamagingHit	1107	-1	0	61	Dark	1	0	0	0	100	1	2048	greninjabond	1	1	0	0	1	-1	1	2	100	0	1	1	undefined	Ability	0	psn	figyberry	0	0	-1	1	1	boost:spe=1:undefined:undefined:undefined:false:false	undefined	true	2048	2048	2048	-1	0
rattled	onDamagingHit	1108	0	1	60	Dark	0	0	1	100	20	0	24576	greninjabond	1	1	0	1	1	-1	0	1	60	160	0	0	true	Ability	1	psn	sitrusberry	1	-1	0	0	1	boost:spe=1:undefined:undefined:undefined:false:false	undefined	false	24576	24576	24576	-1	0
rattled	onDamagingHit	1109	-1	1	70	Water	1	0	1	20	0	1	8192	greninjaash	0	0	0	1	1	6	1	0	60	100	0	0	0	Ability	0	brn	aguavberry	1	1	99	1	1		undefined	true	8192	8192	8192	6	0
rattled	onDamagingHit	1110	6	0	60	Ghost	0	0	0	100	-1	1	8	pikachu	1	1	1	1	0	1	1	0	0	100	0	1	undefined	Ability	1	psn	sitrusberry	2	1	99	1	1	boost:spe=1:undefined:undefined:undefined:false:false	undefined	true	8	8	8	1	0
rattled	onDamagingHit	1111	1	0	0	Water	0	1	0	20	0	0	2048	greninjaash	1	1	0	1	1	1	1	2	60	160	0	1	true	missing	1	brn	figyberry	1	1	0	1	0		undefined	false	2048	2048	2048	1	2
rattled	onDamagingHit	1112	0	1	60	Water	1	0	0	0	-1	0	8	pikachu	0	1	0	1	1	6	1	2	100	0	1	1	0	Ability	1	psn	magoberry	2	-1	0	1	0		undefined	false	8	8	8	6	0
rattled	onDamagingHit	1113	6	0	70	Water	0	1	1	0	100	1	8	greninjabond	0	0	1	0	1	1	1	1	100	100	0	0	false	Ability	0	psn	figyberry	0	1	0	0	0		undefined	true	8	8	8	1	2
rattled	onDamagingHit	1114	-1	0	0	Water	1	0	0	10	-1	0	8192	greninjaash	1	0	0	0	1	1	0	0	60	0	1	1	0	Move	1	psn	sitrusberry	1	1	99	0	0		undefined	false	8192	8192	8192	1	0
rattled	onDamagingHit	1115	6	6	60	Bug	0	0	0	10	0	1	16384	greninjabond	0	1	1	1	1	0	1	2	60	100	0	1	0	missing	0	psn	magoberry	0	0	99	0	1	boost:spe=1:undefined:undefined:undefined:false:false	undefined	true	16384	16384	16384	0	0
rattled	onDamagingHit	1116	6	1	70	Fire	1	1	1	20	20	-1	8192	pikachu	1	1	1	0	0	6	0	0	60	100	1	1	0	missing	0	psn	wikiberry	0	1	1	0	1		undefined	undefined	8192	8192	8192	6	2
rattled	onDamagingHit	1117	0	1	0	Ghost	0	1	1	0	0	1	2048	greninjabond	1	1	0	0	1	0	1	2	60	160	0	1	null	Move	1	psn	wikiberry	1	0	99	1	1	boost:spe=1:undefined:undefined:undefined:false:false	undefined	true	2048	2048	2048	0	2
rattled	onDamagingHit	1118	-1	6	70	Normal	0	0	1	100	0	0	8	pikachu	1	0	0	0	1	6	0	0	60	100	0	0	true	missing	0	brn	magoberry	2	0	0	0	1		undefined	false	8	8	8	6	0
rattled	onDamagingHit	1119	6	6	60	Bug	0	1	1	10	100	1	8	greninjaash	1	1	1	0	1	1	1	2	100	160	1	1	undefined	Move	1	psn	magoberry	2	-1	0	0	1	boost:spe=1:undefined:undefined:undefined:false:false	undefined	true	8	8	8	1	2
rattled	onDamagingHit	1120	0	1	70	Water	0	1	0	10	100	0	8192	greninjaash	1	0	1	0	1	-1	1	1	60	100	0	0	null	Ability	1	psn	sitrusberry	2	1	-1	1	0		undefined	false	8192	8192	8192	-1	2
rattled	onDamagingHit	1121	6	6	40	Ghost	1	0	1	0	0	0	2048	pikachu	1	1	0	0	0	1	0	1	0	100	1	1	0	Move	1	brn	aguavberry	2	0	1	0	0	boost:spe=1:undefined:undefined:undefined:false:false	undefined	false	2048	2048	2048	1	0
rattled	onDamagingHit	1122	6	0	40	Fire	1	0	0	100	20	1	8	greninjabond	1	0	0	0	0	-1	1	2	100	0	0	1	null	missing	0	brn	wikiberry	1	-1	99	1	1		undefined	true	8	8	8	-1	0
rattled	onDamagingHit	1123	0	1	40	Water	0	0	1	10	-1	-1	2048	pikachu	0	1	0	0	0	6	1	0	0	0	1	0	false	Move	0	brn	figyberry	2	0	0	1	0		undefined	undefined	2048	2048	2048	6	0
rattled	onDamagingHit	1124	1	0	40	Fire	0	1	0	10	100	0	16384	greninjabond	0	0	1	1	0	6	1	1	100	0	0	0	null	missing	0	psn	aguavberry	2	-1	99	0	0		undefined	false	16384	16384	16384	6	2
rattled	onDamagingHit	1125	6	6	70	Bug	0	0	1	10	0	-1	8192	greninjaash	0	0	0	0	1	6	0	2	60	0	0	1	0	Move	0	psn	leftovers	0	0	1	0	0	boost:spe=1:undefined:undefined:undefined:false:false	undefined	undefined	8192	8192	8192	6	0
rattled	onDamagingHit	1126	0	6	60	Dark	0	1	1	0	0	-1	2048	greninjaash	1	0	0	0	0	6	1	1	100	160	0	0	0	Ability	1	psn	figyberry	0	1	99	1	0	boost:spe=1:undefined:undefined:undefined:false:false	undefined	undefined	2048	2048	2048	6	2
rattled	onDamagingHit	1127	6	0	61	Ghost	0	1	0	100	20	-1	8192	greninjaash	0	1	1	0	0	0	1	1	0	0	0	0	false	Ability	1	psn	wikiberry	2	1	1	1	0	boost:spe=1:undefined:undefined:undefined:false:false	undefined	undefined	8192	8192	8192	0	2
rattled	onDamagingHit	1128	0	6	40	Water	1	1	1	20	-1	-1	24576	greninjabond	0	0	1	1	1	1	1	1	60	160	1	1	undefined	Move	0	psn	sitrusberry	0	1	99	0	0		undefined	undefined	24576	24576	24576	1	2
rattled	onDamagingHit	1129	1	6	40	Fire	1	1	0	100	20	0	8	pikachu	0	0	0	1	0	1	1	0	100	0	1	1	null	missing	0	brn	leftovers	1	-1	-1	0	0		undefined	false	8	8	8	1	2
rattled	onDamagingHit	1130	1	1	61	Bug	1	1	1	10	0	1	0	greninjaash	1	1	1	0	1	6	1	1	60	160	0	1	null	missing	1	psn	iapapaberry	1	1	99	0	0	boost:spe=1:undefined:undefined:undefined:false:false	undefined	true	0	0	0	6	2
rattled	onAfterBoost	0	6	0	40	Fire	1	0	0	100	20	-1	0	greninjabond	1	1	0	0	0	-1	0	2	100	100	0	0	true	Move	1	brn	sitrusberry	1	-1	-1	1	1		undefined	undefined	0	0	0	-1	0
rattled	onAfterBoost	1	6	0	40	Fire	1	0	0	100	20	-1	0	greninjabond	1	1	0	0	0	-1	0	2	100	100	0	0	true	Move	1	brn	sitrusberry	1	-1	-1	1	1		undefined	undefined	0	0	0	-1	0
rattled	onAfterBoost	2	1	0	40	Fire	1	0	0	100	20	-1	0	greninjabond	1	1	0	0	0	-1	0	2	100	100	0	0	true	Move	1	brn	sitrusberry	1	-1	-1	1	1		undefined	undefined	0	0	0	-1	0
rattled	onAfterBoost	3	0	0	40	Fire	1	0	0	100	20	-1	0	greninjabond	1	1	0	0	0	-1	0	2	100	100	0	0	true	Move	1	brn	sitrusberry	1	-1	-1	1	1		undefined	undefined	0	0	0	-1	0
rattled	onAfterBoost	4	-1	0	40	Fire	1	0	0	100	20	-1	0	greninjabond	1	1	0	0	0	-1	0	2	100	100	0	0	true	Move	1	brn	sitrusberry	1	-1	-1	1	1		undefined	undefined	0	0	0	-1	0
rattled	onAfterBoost	5	6	0	40	Fire	1	0	0	100	20	-1	0	greninjabond	1	1	0	0	0	-1	0	2	100	100	0	0	true	Move	1	brn	sitrusberry	1	-1	-1	1	1		undefined	undefined	0	0	0	-1	0
rattled	onAfterBoost	6	6	1	40	Fire	1	0	0	100	20	-1	0	greninjabond	1	1	0	0	0	-1	0	2	100	100	0	0	true	Move	1	brn	sitrusberry	1	-1	-1	1	1		undefined	undefined	0	0	0	-1	0
rattled	onAfterBoost	7	6	6	40	Fire	1	0	0	100	20	-1	0	greninjabond	1	1	0	0	0	-1	0	2	100	100	0	0	true	Move	1	brn	sitrusberry	1	-1	-1	1	1		undefined	undefined	0	0	0	-1	0
rattled	onAfterBoost	8	6	0	40	Fire	1	0	0	100	20	-1	0	greninjabond	1	1	0	0	0	-1	0	2	100	100	0	0	true	Move	1	brn	sitrusberry	1	-1	-1	1	1		undefined	undefined	0	0	0	-1	0
rattled	onAfterBoost	9	6	0	0	Fire	1	0	0	100	20	-1	0	greninjabond	1	1	0	0	0	-1	0	2	100	100	0	0	true	Move	1	brn	sitrusberry	1	-1	-1	1	1		undefined	undefined	0	0	0	-1	0
rattled	onAfterBoost	10	6	0	60	Fire	1	0	0	100	20	-1	0	greninjabond	1	1	0	0	0	-1	0	2	100	100	0	0	true	Move	1	brn	sitrusberry	1	-1	-1	1	1		undefined	undefined	0	0	0	-1	0
rattled	onAfterBoost	11	6	0	61	Fire	1	0	0	100	20	-1	0	greninjabond	1	1	0	0	0	-1	0	2	100	100	0	0	true	Move	1	brn	sitrusberry	1	-1	-1	1	1		undefined	undefined	0	0	0	-1	0
rattled	onAfterBoost	12	6	0	70	Fire	1	0	0	100	20	-1	0	greninjabond	1	1	0	0	0	-1	0	2	100	100	0	0	true	Move	1	brn	sitrusberry	1	-1	-1	1	1		undefined	undefined	0	0	0	-1	0
rattled	onAfterBoost	13	6	0	40	Fire	1	0	0	100	20	-1	0	greninjabond	1	1	0	0	0	-1	0	2	100	100	0	0	true	Move	1	brn	sitrusberry	1	-1	-1	1	1		undefined	undefined	0	0	0	-1	0
rattled	onAfterBoost	14	6	0	40	Water	1	0	0	100	20	-1	0	greninjabond	1	1	0	0	0	-1	0	2	100	100	0	0	true	Move	1	brn	sitrusberry	1	-1	-1	1	1		undefined	undefined	0	0	0	-1	0
rattled	onAfterBoost	15	6	0	40	Dark	1	0	0	100	20	-1	0	greninjabond	1	1	0	0	0	-1	0	2	100	100	0	0	true	Move	1	brn	sitrusberry	1	-1	-1	1	1		undefined	undefined	0	0	0	-1	0
rattled	onAfterBoost	16	6	0	40	Bug	1	0	0	100	20	-1	0	greninjabond	1	1	0	0	0	-1	0	2	100	100	0	0	true	Move	1	brn	sitrusberry	1	-1	-1	1	1		undefined	undefined	0	0	0	-1	0
rattled	onAfterBoost	17	6	0	40	Ghost	1	0	0	100	20	-1	0	greninjabond	1	1	0	0	0	-1	0	2	100	100	0	0	true	Move	1	brn	sitrusberry	1	-1	-1	1	1		undefined	undefined	0	0	0	-1	0
rattled	onAfterBoost	18	6	0	40	Normal	1	0	0	100	20	-1	0	greninjabond	1	1	0	0	0	-1	0	2	100	100	0	0	true	Move	1	brn	sitrusberry	1	-1	-1	1	1		undefined	undefined	0	0	0	-1	0
rattled	onAfterBoost	19	6	0	40	Fire	1	0	0	100	20	-1	0	greninjabond	1	1	0	0	0	-1	0	2	100	100	0	0	true	Move	1	brn	sitrusberry	1	-1	-1	1	1		undefined	undefined	0	0	0	-1	0
rattled	onAfterBoost	20	6	0	40	Fire	0	0	0	100	20	-1	0	greninjabond	1	1	0	0	0	-1	0	2	100	100	0	0	true	Move	1	brn	sitrusberry	1	-1	-1	1	1		undefined	undefined	0	0	0	-1	0
rattled	onAfterBoost	21	6	0	40	Fire	1	0	0	100	20	-1	0	greninjabond	1	1	0	0	0	-1	0	2	100	100	0	0	true	Move	1	brn	sitrusberry	1	-1	-1	1	1		undefined	undefined	0	0	0	-1	0
rattled	onAfterBoost	22	6	0	40	Fire	1	1	0	100	20	-1	0	greninjabond	1	1	0	0	0	-1	0	2	100	100	0	0	true	Move	1	brn	sitrusberry	1	-1	-1	1	1		undefined	undefined	0	0	0	-1	2
rattled	onAfterBoost	23	6	0	40	Fire	1	0	0	100	20	-1	0	greninjabond	1	1	0	0	0	-1	0	2	100	100	0	0	true	Move	1	brn	sitrusberry	1	-1	-1	1	1		undefined	undefined	0	0	0	-1	0
rattled	onAfterBoost	24	6	0	40	Fire	1	0	1	100	20	-1	0	greninjabond	1	1	0	0	0	-1	0	2	100	100	0	0	true	Move	1	brn	sitrusberry	1	-1	-1	1	1		undefined	undefined	0	0	0	-1	0
rattled	onAfterBoost	25	6	0	40	Fire	1	0	0	100	20	-1	0	greninjabond	1	1	0	0	0	-1	0	2	100	100	0	0	true	Move	1	brn	sitrusberry	1	-1	-1	1	1		undefined	undefined	0	0	0	-1	0
rattled	onAfterBoost	26	6	0	40	Fire	1	0	0	0	20	-1	0	greninjabond	1	1	0	0	0	-1	0	2	100	100	0	0	true	Move	1	brn	sitrusberry	1	-1	-1	1	1		undefined	undefined	0	0	0	-1	0
rattled	onAfterBoost	27	6	0	40	Fire	1	0	0	10	20	-1	0	greninjabond	1	1	0	0	0	-1	0	2	100	100	0	0	true	Move	1	brn	sitrusberry	1	-1	-1	1	1		undefined	undefined	0	0	0	-1	0
rattled	onAfterBoost	28	6	0	40	Fire	1	0	0	20	20	-1	0	greninjabond	1	1	0	0	0	-1	0	2	100	100	0	0	true	Move	1	brn	sitrusberry	1	-1	-1	1	1		undefined	undefined	0	0	0	-1	0
rattled	onAfterBoost	29	6	0	40	Fire	1	0	0	100	20	-1	0	greninjabond	1	1	0	0	0	-1	0	2	100	100	0	0	true	Move	1	brn	sitrusberry	1	-1	-1	1	1		undefined	undefined	0	0	0	-1	0
rattled	onAfterBoost	30	6	0	40	Fire	1	0	0	100	-1	-1	0	greninjabond	1	1	0	0	0	-1	0	2	100	100	0	0	true	Move	1	brn	sitrusberry	1	-1	-1	1	1		undefined	undefined	0	0	0	-1	0
rattled	onAfterBoost	31	6	0	40	Fire	1	0	0	100	0	-1	0	greninjabond	1	1	0	0	0	-1	0	2	100	100	0	0	true	Move	1	brn	sitrusberry	1	-1	-1	1	1		undefined	undefined	0	0	0	-1	0
rattled	onAfterBoost	32	6	0	40	Fire	1	0	0	100	100	-1	0	greninjabond	1	1	0	0	0	-1	0	2	100	100	0	0	true	Move	1	brn	sitrusberry	1	-1	-1	1	1		undefined	undefined	0	0	0	-1	0
rattled	onAfterBoost	33	6	0	40	Fire	1	0	0	100	20	-1	0	greninjabond	1	1	0	0	0	-1	0	2	100	100	0	0	true	Move	1	brn	sitrusberry	1	-1	-1	1	1		undefined	undefined	0	0	0	-1	0
rattled	onAfterBoost	34	6	0	40	Fire	1	0	0	100	20	0	0	greninjabond	1	1	0	0	0	-1	0	2	100	100	0	0	true	Move	1	brn	sitrusberry	1	-1	-1	1	1		undefined	false	0	0	0	-1	0
rattled	onAfterBoost	35	6	0	40	Fire	1	0	0	100	20	1	0	greninjabond	1	1	0	0	0	-1	0	2	100	100	0	0	true	Move	1	brn	sitrusberry	1	-1	-1	1	1		undefined	true	0	0	0	-1	0
rattled	onAfterBoost	36	6	0	40	Fire	1	0	0	100	20	-1	0	greninjabond	1	1	0	0	0	-1	0	2	100	100	0	0	true	Move	1	brn	sitrusberry	1	-1	-1	1	1		undefined	undefined	0	0	0	-1	0
rattled	onAfterBoost	37	6	0	40	Fire	1	0	0	100	20	-1	8	greninjabond	1	1	0	0	0	-1	0	2	100	100	0	0	true	Move	1	brn	sitrusberry	1	-1	-1	1	1		undefined	undefined	8	8	8	-1	0
rattled	onAfterBoost	38	6	0	40	Fire	1	0	0	100	20	-1	2048	greninjabond	1	1	0	0	0	-1	0	2	100	100	0	0	true	Move	1	brn	sitrusberry	1	-1	-1	1	1		undefined	undefined	2048	2048	2048	-1	0
rattled	onAfterBoost	39	6	0	40	Fire	1	0	0	100	20	-1	8192	greninjabond	1	1	0	0	0	-1	0	2	100	100	0	0	true	Move	1	brn	sitrusberry	1	-1	-1	1	1		undefined	undefined	8192	8192	8192	-1	0
rattled	onAfterBoost	40	6	0	40	Fire	1	0	0	100	20	-1	16384	greninjabond	1	1	0	0	0	-1	0	2	100	100	0	0	true	Move	1	brn	sitrusberry	1	-1	-1	1	1		undefined	undefined	16384	16384	16384	-1	0
rattled	onAfterBoost	41	6	0	40	Fire	1	0	0	100	20	-1	24576	greninjabond	1	1	0	0	0	-1	0	2	100	100	0	0	true	Move	1	brn	sitrusberry	1	-1	-1	1	1		undefined	undefined	24576	24576	24576	-1	0
rattled	onAfterBoost	42	6	0	40	Fire	1	0	0	100	20	-1	0	greninjabond	1	1	0	0	0	-1	0	2	100	100	0	0	true	Move	1	brn	sitrusberry	1	-1	-1	1	1		undefined	undefined	0	0	0	-1	0
rattled	onAfterBoost	43	6	0	40	Fire	1	0	0	100	20	-1	0	greninjaash	1	1	0	0	0	-1	0	2	100	100	0	0	true	Move	1	brn	sitrusberry	1	-1	-1	1	1		undefined	undefined	0	0	0	-1	0
rattled	onAfterBoost	44	6	0	40	Fire	1	0	0	100	20	-1	0	pikachu	1	1	0	0	0	-1	0	2	100	100	0	0	true	Move	1	brn	sitrusberry	1	-1	-1	1	1		undefined	undefined	0	0	0	-1	0
rattled	onAfterBoost	45	6	0	40	Fire	1	0	0	100	20	-1	0	greninjabond	1	1	0	0	0	-1	0	2	100	100	0	0	true	Move	1	brn	sitrusberry	1	-1	-1	1	1		undefined	undefined	0	0	0	-1	0
rattled	onAfterBoost	46	6	0	40	Fire	1	0	0	100	20	-1	0	greninjabond	0	1	0	0	0	-1	0	2	100	100	0	0	true	Move	1	brn	sitrusberry	1	-1	-1	1	1		undefined	undefined	0	0	0	-1	0
rattled	onAfterBoost	47	6	0	40	Fire	1	0	0	100	20	-1	0	greninjabond	1	1	0	0	0	-1	0	2	100	100	0	0	true	Move	1	brn	sitrusberry	1	-1	-1	1	1		undefined	undefined	0	0	0	-1	0
rattled	onAfterBoost	48	6	0	40	Fire	1	0	0	100	20	-1	0	greninjabond	1	0	0	0	0	-1	0	2	100	100	0	0	true	Move	1	brn	sitrusberry	1	-1	-1	1	1		undefined	undefined	0	0	0	-1	0
rattled	onAfterBoost	49	6	0	40	Fire	1	0	0	100	20	-1	0	greninjabond	1	1	0	0	0	-1	0	2	100	100	0	0	true	Move	1	brn	sitrusberry	1	-1	-1	1	1		undefined	undefined	0	0	0	-1	0
rattled	onAfterBoost	50	6	0	40	Fire	1	0	0	100	20	-1	0	greninjabond	1	1	1	0	0	-1	0	2	100	100	0	0	true	Move	1	brn	sitrusberry	1	-1	-1	1	1		undefined	undefined	0	0	0	-1	0
rattled	onAfterBoost	51	6	0	40	Fire	1	0	0	100	20	-1	0	greninjabond	1	1	0	0	0	-1	0	2	100	100	0	0	true	Move	1	brn	sitrusberry	1	-1	-1	1	1		undefined	undefined	0	0	0	-1	0
rattled	onAfterBoost	52	6	0	40	Fire	1	0	0	100	20	-1	0	greninjabond	1	1	0	1	0	-1	0	2	100	100	0	0	true	Move	1	brn	sitrusberry	1	-1	-1	1	1		undefined	undefined	0	0	0	-1	0
rattled	onAfterBoost	53	6	0	40	Fire	1	0	0	100	20	-1	0	greninjabond	1	1	0	0	0	-1	0	2	100	100	0	0	true	Move	1	brn	sitrusberry	1	-1	-1	1	1		undefined	undefined	0	0	0	-1	0
rattled	onAfterBoost	54	6	0	40	Fire	1	0	0	100	20	-1	0	greninjabond	1	1	0	0	1	-1	0	2	100	100	0	0	true	Move	1	brn	sitrusberry	1	-1	-1	1	1		undefined	undefined	0	0	0	-1	0
rattled	onAfterBoost	55	6	0	40	Fire	1	0	0	100	20	-1	0	greninjabond	1	1	0	0	0	-1	0	2	100	100	0	0	true	Move	1	brn	sitrusberry	1	-1	-1	1	1		undefined	undefined	0	0	0	-1	0
rattled	onAfterBoost	56	6	0	40	Fire	1	0	0	100	20	-1	0	greninjabond	1	1	0	0	0	0	0	2	100	100	0	0	true	Move	1	brn	sitrusberry	1	-1	-1	1	1		undefined	undefined	0	0	0	0	0
rattled	onAfterBoost	57	6	0	40	Fire	1	0	0	100	20	-1	0	greninjabond	1	1	0	0	0	1	0	2	100	100	0	0	true	Move	1	brn	sitrusberry	1	-1	-1	1	1		undefined	undefined	0	0	0	1	0
rattled	onAfterBoost	58	6	0	40	Fire	1	0	0	100	20	-1	0	greninjabond	1	1	0	0	0	6	0	2	100	100	0	0	true	Move	1	brn	sitrusberry	1	-1	-1	1	1		undefined	undefined	0	0	0	6	0
rattled	onAfterBoost	59	6	0	40	Fire	1	0	0	100	20	-1	0	greninjabond	1	1	0	0	0	-1	0	2	100	100	0	0	true	Move	1	brn	sitrusberry	1	-1	-1	1	1		undefined	undefined	0	0	0	-1	0
rattled	onAfterBoost	60	6	0	40	Fire	1	0	0	100	20	-1	0	greninjabond	1	1	0	0	0	-1	1	2	100	100	0	0	true	Move	1	brn	sitrusberry	1	-1	-1	1	1		undefined	undefined	0	0	0	-1	0
rattled	onAfterBoost	61	6	0	40	Fire	1	0	0	100	20	-1	0	greninjabond	1	1	0	0	0	-1	0	2	100	100	0	0	true	Move	1	brn	sitrusberry	1	-1	-1	1	1		undefined	undefined	0	0	0	-1	0
rattled	onAfterBoost	62	6	0	40	Fire	1	0	0	100	20	-1	0	greninjabond	1	1	0	0	0	-1	0	0	100	100	0	0	true	Move	1	brn	sitrusberry	1	-1	-1	1	1		undefined	undefined	0	0	0	-1	0
rattled	onAfterBoost	63	6	0	40	Fire	1	0	0	100	20	-1	0	greninjabond	1	1	0	0	0	-1	0	1	100	100	0	0	true	Move	1	brn	sitrusberry	1	-1	-1	1	1		undefined	undefined	0	0	0	-1	0
rattled	onAfterBoost	64	6	0	40	Fire	1	0	0	100	20	-1	0	greninjabond	1	1	0	0	0	-1	0	2	100	100	0	0	true	Move	1	brn	sitrusberry	1	-1	-1	1	1		undefined	undefined	0	0	0	-1	0
rattled	onAfterBoost	65	6	0	40	Fire	1	0	0	100	20	-1	0	greninjabond	1	1	0	0	0	-1	0	2	0	100	0	0	true	Move	1	brn	sitrusberry	1	-1	-1	1	1		undefined	undefined	0	0	0	-1	0
rattled	onAfterBoost	66	6	0	40	Fire	1	0	0	100	20	-1	0	greninjabond	1	1	0	0	0	-1	0	2	60	100	0	0	true	Move	1	brn	sitrusberry	1	-1	-1	1	1		undefined	undefined	0	0	0	-1	0
rattled	onAfterBoost	67	6	0	40	Fire	1	0	0	100	20	-1	0	greninjabond	1	1	0	0	0	-1	0	2	100	100	0	0	true	Move	1	brn	sitrusberry	1	-1	-1	1	1		undefined	undefined	0	0	0	-1	0
rattled	onAfterBoost	68	6	0	40	Fire	1	0	0	100	20	-1	0	greninjabond	1	1	0	0	0	-1	0	2	100	0	0	0	true	Move	1	brn	sitrusberry	1	-1	-1	1	1		undefined	undefined	0	0	0	-1	0
rattled	onAfterBoost	69	6	0	40	Fire	1	0	0	100	20	-1	0	greninjabond	1	1	0	0	0	-1	0	2	100	160	0	0	true	Move	1	brn	sitrusberry	1	-1	-1	1	1		undefined	undefined	0	0	0	-1	0
rattled	onAfterBoost	70	6	0	40	Fire	1	0	0	100	20	-1	0	greninjabond	1	1	0	0	0	-1	0	2	100	100	0	0	true	Move	1	brn	sitrusberry	1	-1	-1	1	1		undefined	undefined	0	0	0	-1	0
rattled	onAfterBoost	71	6	0	40	Fire	1	0	0	100	20	-1	0	greninjabond	1	1	0	0	0	-1	0	2	100	100	1	0	true	Move	1	brn	sitrusberry	1	-1	-1	1	1		undefined	undefined	0	0	0	-1	0
rattled	onAfterBoost	72	6	0	40	Fire	1	0	0	100	20	-1	0	greninjabond	1	1	0	0	0	-1	0	2	100	100	0	0	true	Move	1	brn	sitrusberry	1	-1	-1	1	1		undefined	undefined	0	0	0	-1	0
rattled	onAfterBoost	73	6	0	40	Fire	1	0	0	100	20	-1	0	greninjabond	1	1	0	0	0	-1	0	2	100	100	0	1	true	Move	1	brn	sitrusberry	1	-1	-1	1	1		undefined	undefined	0	0	0	-1	0
rattled	onAfterBoost	74	6	0	40	Fire	1	0	0	100	20	-1	0	greninjabond	1	1	0	0	0	-1	0	2	100	100	0	0	true	Move	1	brn	sitrusberry	1	-1	-1	1	1		undefined	undefined	0	0	0	-1	0
rattled	onAfterBoost	75	6	0	40	Fire	1	0	0	100	20	-1	0	greninjabond	1	1	0	0	0	-1	0	2	100	100	0	0	false	Move	1	brn	sitrusberry	1	-1	-1	1	1		undefined	undefined	0	0	0	-1	0
rattled	onAfterBoost	76	6	0	40	Fire	1	0	0	100	20	-1	0	greninjabond	1	1	0	0	0	-1	0	2	100	100	0	0	0	Move	1	brn	sitrusberry	1	-1	-1	1	1		undefined	undefined	0	0	0	-1	0
rattled	onAfterBoost	77	6	0	40	Fire	1	0	0	100	20	-1	0	greninjabond	1	1	0	0	0	-1	0	2	100	100	0	0	null	Move	1	brn	sitrusberry	1	-1	-1	1	1		undefined	undefined	0	0	0	-1	0
rattled	onAfterBoost	78	6	0	40	Fire	1	0	0	100	20	-1	0	greninjabond	1	1	0	0	0	-1	0	2	100	100	0	0	undefined	Move	1	brn	sitrusberry	1	-1	-1	1	1		undefined	undefined	0	0	0	-1	0
rattled	onAfterBoost	79	6	0	40	Fire	1	0	0	100	20	-1	0	greninjabond	1	1	0	0	0	-1	0	2	100	100	0	0	true	Move	1	brn	sitrusberry	1	-1	-1	1	1		undefined	undefined	0	0	0	-1	0
rattled	onAfterBoost	80	6	0	40	Fire	1	0	0	100	20	-1	0	greninjabond	1	1	0	0	0	-1	0	2	100	100	0	0	true	Ability	1	brn	sitrusberry	1	-1	-1	1	1	boost:spe=1:undefined:undefined:undefined:false:false	undefined	undefined	0	0	0	-1	0
rattled	onAfterBoost	81	6	0	40	Fire	1	0	0	100	20	-1	0	greninjabond	1	1	0	0	0	-1	0	2	100	100	0	0	true	missing	1	brn	sitrusberry	1	-1	-1	1	1		undefined	undefined	0	0	0	-1	0
rattled	onAfterBoost	82	6	0	40	Fire	1	0	0	100	20	-1	0	greninjabond	1	1	0	0	0	-1	0	2	100	100	0	0	true	Move	1	brn	sitrusberry	1	-1	-1	1	1		undefined	undefined	0	0	0	-1	0
rattled	onAfterBoost	83	6	0	40	Fire	1	0	0	100	20	-1	0	greninjabond	1	1	0	0	0	-1	0	2	100	100	0	0	true	Move	0	brn	sitrusberry	1	-1	-1	1	1		undefined	undefined	0	0	0	-1	0
rattled	onAfterBoost	84	6	0	40	Fire	1	0	0	100	20	-1	0	greninjabond	1	1	0	0	0	-1	0	2	100	100	0	0	true	Move	1	brn	sitrusberry	1	-1	-1	1	1		undefined	undefined	0	0	0	-1	0
rattled	onAfterBoost	85	6	0	40	Fire	1	0	0	100	20	-1	0	greninjabond	1	1	0	0	0	-1	0	2	100	100	0	0	true	Move	1	psn	sitrusberry	1	-1	-1	1	1		undefined	undefined	0	0	0	-1	0
rattled	onAfterBoost	86	6	0	40	Fire	1	0	0	100	20	-1	0	greninjabond	1	1	0	0	0	-1	0	2	100	100	0	0	true	Move	1	brn	sitrusberry	1	-1	-1	1	1		undefined	undefined	0	0	0	-1	0
rattled	onAfterBoost	87	6	0	40	Fire	1	0	0	100	20	-1	0	greninjabond	1	1	0	0	0	-1	0	2	100	100	0	0	true	Move	1	brn	aguavberry	1	-1	-1	1	1		undefined	undefined	0	0	0	-1	0
rattled	onAfterBoost	88	6	0	40	Fire	1	0	0	100	20	-1	0	greninjabond	1	1	0	0	0	-1	0	2	100	100	0	0	true	Move	1	brn	figyberry	1	-1	-1	1	1		undefined	undefined	0	0	0	-1	0
rattled	onAfterBoost	89	6	0	40	Fire	1	0	0	100	20	-1	0	greninjabond	1	1	0	0	0	-1	0	2	100	100	0	0	true	Move	1	brn	iapapaberry	1	-1	-1	1	1		undefined	undefined	0	0	0	-1	0
rattled	onAfterBoost	90	6	0	40	Fire	1	0	0	100	20	-1	0	greninjabond	1	1	0	0	0	-1	0	2	100	100	0	0	true	Move	1	brn	magoberry	1	-1	-1	1	1		undefined	undefined	0	0	0	-1	0
rattled	onAfterBoost	91	6	0	40	Fire	1	0	0	100	20	-1	0	greninjabond	1	1	0	0	0	-1	0	2	100	100	0	0	true	Move	1	brn	wikiberry	1	-1	-1	1	1		undefined	undefined	0	0	0	-1	0
rattled	onAfterBoost	92	6	0	40	Fire	1	0	0	100	20	-1	0	greninjabond	1	1	0	0	0	-1	0	2	100	100	0	0	true	Move	1	brn	leftovers	1	-1	-1	1	1		undefined	undefined	0	0	0	-1	0
rattled	onAfterBoost	93	6	0	40	Fire	1	0	0	100	20	-1	0	greninjabond	1	1	0	0	0	-1	0	2	100	100	0	0	true	Move	1	brn	sitrusberry	1	-1	-1	1	1		undefined	undefined	0	0	0	-1	0
rattled	onAfterBoost	94	6	0	40	Fire	1	0	0	100	20	-1	0	greninjabond	1	1	0	0	0	-1	0	2	100	100	0	0	true	Move	1	brn	sitrusberry	2	-1	-1	1	1		undefined	undefined	0	0	0	-1	0
rattled	onAfterBoost	95	6	0	40	Fire	1	0	0	100	20	-1	0	greninjabond	1	1	0	0	0	-1	0	2	100	100	0	0	true	Move	1	brn	sitrusberry	0	-1	-1	1	1		undefined	undefined	0	0	0	-1	0
rattled	onAfterBoost	96	6	0	40	Fire	1	0	0	100	20	-1	0	greninjabond	1	1	0	0	0	-1	0	2	100	100	0	0	true	Move	1	brn	sitrusberry	1	-1	-1	1	1		undefined	undefined	0	0	0	-1	0
rattled	onAfterBoost	97	6	0	40	Fire	1	0	0	100	20	-1	0	greninjabond	1	1	0	0	0	-1	0	2	100	100	0	0	true	Move	1	brn	sitrusberry	1	0	-1	1	1		undefined	undefined	0	0	0	-1	0
rattled	onAfterBoost	98	6	0	40	Fire	1	0	0	100	20	-1	0	greninjabond	1	1	0	0	0	-1	0	2	100	100	0	0	true	Move	1	brn	sitrusberry	1	1	-1	1	1		undefined	undefined	0	0	0	-1	0
rattled	onAfterBoost	99	6	0	40	Fire	1	0	0	100	20	-1	0	greninjabond	1	1	0	0	0	-1	0	2	100	100	0	0	true	Move	1	brn	sitrusberry	1	-1	-1	1	1		undefined	undefined	0	0	0	-1	0
rattled	onAfterBoost	100	6	0	40	Fire	1	0	0	100	20	-1	0	greninjabond	1	1	0	0	0	-1	0	2	100	100	0	0	true	Move	1	brn	sitrusberry	1	-1	0	1	1		undefined	undefined	0	0	0	-1	0
rattled	onAfterBoost	101	6	0	40	Fire	1	0	0	100	20	-1	0	greninjabond	1	1	0	0	0	-1	0	2	100	100	0	0	true	Move	1	brn	sitrusberry	1	-1	1	1	1		undefined	undefined	0	0	0	-1	0
rattled	onAfterBoost	102	6	0	40	Fire	1	0	0	100	20	-1	0	greninjabond	1	1	0	0	0	-1	0	2	100	100	0	0	true	Move	1	brn	sitrusberry	1	-1	99	1	1		undefined	undefined	0	0	0	-1	0
rattled	onAfterBoost	103	6	0	40	Fire	1	0	0	100	20	-1	0	greninjabond	1	1	0	0	0	-1	0	2	100	100	0	0	true	Move	1	brn	sitrusberry	1	-1	-1	1	1		undefined	undefined	0	0	0	-1	0
rattled	onAfterBoost	104	6	0	40	Fire	1	0	0	100	20	-1	0	greninjabond	1	1	0	0	0	-1	0	2	100	100	0	0	true	Move	1	brn	sitrusberry	1	-1	-1	0	1		undefined	undefined	0	0	0	-1	0
rattled	onAfterBoost	105	6	0	40	Fire	1	0	0	100	20	-1	0	greninjabond	1	1	0	0	0	-1	0	2	100	100	0	0	true	Move	1	brn	sitrusberry	1	-1	-1	1	1		undefined	undefined	0	0	0	-1	0
rattled	onAfterBoost	106	6	0	40	Fire	1	0	0	100	20	-1	0	greninjabond	1	1	0	0	0	-1	0	2	100	100	0	0	true	Move	1	brn	sitrusberry	1	-1	-1	1	0		undefined	undefined	0	0	0	-1	0
rattled	onAfterBoost	107	-1	6	0	Bug	0	0	0	20	-1	0	0	pikachu	0	1	0	0	1	-1	0	1	60	0	0	0	null	Move	1	brn	iapapaberry	1	0	-1	1	1		undefined	false	0	0	0	-1	0
rattled	onAfterBoost	108	-1	6	70	Dark	1	0	1	0	100	-1	2048	greninjaash	1	0	0	0	0	1	1	1	60	100	0	1	0	Move	0	psn	aguavberry	1	1	-1	0	0		undefined	undefined	2048	2048	2048	1	0
rattled	onAfterBoost	109	0	6	40	Bug	1	1	1	100	100	-1	2048	greninjabond	0	1	0	1	0	1	1	2	100	160	0	0	true	missing	0	brn	magoberry	2	-1	1	0	0		undefined	undefined	2048	2048	2048	1	2
rattled	onAfterBoost	110	1	1	0	Normal	1	1	1	0	100	-1	24576	pikachu	0	0	0	0	1	-1	1	2	100	100	0	0	null	Move	0	brn	sitrusberry	0	0	0	1	0		undefined	undefined	24576	24576	24576	-1	2
rattled	onAfterBoost	111	-1	6	40	Ghost	1	1	1	20	0	1	8192	pikachu	0	1	0	1	1	-1	1	0	0	0	1	0	undefined	missing	1	brn	iapapaberry	2	1	1	1	1		undefined	true	8192	8192	8192	-1	2
rattled	onAfterBoost	112	0	1	40	Normal	1	0	0	100	100	-1	2048	pikachu	1	1	0	0	0	-1	0	1	0	160	1	0	undefined	Move	0	psn	wikiberry	2	0	1	0	1		undefined	undefined	2048	2048	2048	-1	0
rattled	onAfterBoost	113	1	0	40	Normal	0	0	0	100	0	-1	16384	greninjaash	0	1	0	1	0	1	0	2	60	100	1	0	0	missing	0	psn	figyberry	2	0	0	1	0		undefined	undefined	16384	16384	16384	1	0
rattled	onAfterBoost	114	0	6	60	Dark	1	1	1	100	-1	-1	8	greninjaash	1	1	1	0	0	1	0	2	0	160	0	1	0	Move	1	brn	sitrusberry	0	-1	99	0	0		undefined	undefined	8	8	8	1	2
rattled	onAfterBoost	115	6	1	40	Dark	0	0	1	20	20	0	8	pikachu	1	1	1	1	1	0	0	0	60	100	1	1	false	Move	1	brn	aguavberry	1	0	1	0	0		undefined	false	8	8	8	0	0
rattled	onAfterBoost	116	1	6	0	Fire	1	1	1	100	100	1	0	greninjaash	0	1	1	1	0	1	1	2	100	160	1	0	false	missing	1	psn	figyberry	1	1	0	0	1		undefined	true	0	0	0	1	2
rattled	onAfterBoost	117	1	1	61	Dark	0	0	1	0	100	-1	2048	greninjaash	1	0	0	1	0	-1	0	2	100	100	1	0	0	Ability	1	psn	wikiberry	0	-1	1	0	0	boost:spe=1:undefined:undefined:undefined:false:false	undefined	undefined	2048	2048	2048	-1	0
rattled	onAfterBoost	118	6	0	0	Normal	1	0	1	0	20	-1	2048	greninjaash	0	1	1	0	1	-1	0	1	100	100	1	0	true	Move	0	psn	sitrusberry	2	1	99	0	1		undefined	undefined	2048	2048	2048	-1	0
rattled	onAfterBoost	119	0	1	60	Water	1	1	0	0	100	-1	24576	greninjaash	0	1	1	1	1	6	1	1	60	160	1	1	0	missing	1	brn	leftovers	0	1	99	0	0		undefined	undefined	24576	24576	24576	6	2
rattled	onAfterBoost	120	1	0	60	Normal	0	0	0	0	20	1	0	greninjabond	0	0	1	1	0	0	0	0	60	100	0	1	0	missing	0	psn	aguavberry	0	0	0	0	1		undefined	true	0	0	0	0	0
rattled	onAfterBoost	121	1	6	40	Normal	1	1	0	20	-1	0	16384	greninjaash	1	0	0	0	1	1	1	1	60	100	1	0	null	missing	1	psn	wikiberry	1	-1	99	1	0		undefined	false	16384	16384	16384	1	2
rattled	onAfterBoost	122	-1	1	40	Dark	1	1	1	10	20	-1	24576	greninjaash	1	0	1	0	0	-1	1	1	0	100	0	1	false	Ability	0	psn	wikiberry	2	-1	99	1	1		undefined	undefined	24576	24576	24576	-1	2
rattled	onAfterBoost	123	0	1	0	Ghost	1	0	0	100	100	-1	8192	greninjaash	1	1	0	1	0	1	0	1	60	0	1	0	0	Ability	1	psn	figyberry	2	-1	0	1	1		undefined	undefined	8192	8192	8192	1	0
rattled	onAfterBoost	124	-1	1	61	Ghost	0	1	0	20	100	0	8	pikachu	1	1	1	0	0	0	0	1	0	0	0	1	false	missing	1	brn	figyberry	1	-1	1	0	1		undefined	false	8	8	8	0	2
rattled	onAfterBoost	125	-1	1	60	Dark	1	1	0	20	100	1	8	pikachu	0	1	1	1	0	1	1	0	60	160	1	1	undefined	missing	0	psn	leftovers	1	0	0	1	0		undefined	true	8	8	8	1	2
rattled	onAfterBoost	126	0	6	70	Ghost	1	0	0	0	-1	-1	0	pikachu	0	1	1	0	0	0	1	2	0	0	1	0	undefined	missing	1	brn	aguavberry	1	-1	0	1	1		undefined	undefined	0	0	0	0	0
rattled	onAfterBoost	127	0	1	0	Water	1	1	0	100	20	-1	8192	greninjaash	1	1	0	0	0	1	0	0	100	0	0	1	0	Ability	0	psn	magoberry	0	1	-1	1	1	boost:spe=1:undefined:undefined:undefined:false:false	undefined	undefined	8192	8192	8192	1	2
rattled	onAfterBoost	128	1	6	60	Normal	1	1	1	10	0	-1	16384	pikachu	1	0	1	0	0	6	0	0	100	160	1	0	true	missing	1	psn	aguavberry	1	-1	-1	0	0		undefined	undefined	16384	16384	16384	6	2
rattled	onAfterBoost	129	0	1	60	Fire	1	0	0	20	100	0	24576	greninjaash	0	1	0	0	1	1	0	1	60	160	1	0	null	missing	0	brn	figyberry	1	0	-1	1	0		undefined	false	24576	24576	24576	1	0
rattled	onAfterBoost	130	-1	0	0	Water	0	0	1	100	100	1	2048	greninjaash	0	0	0	0	1	6	1	0	0	0	1	1	null	Ability	1	brn	aguavberry	0	1	99	0	1		undefined	true	2048	2048	2048	6	0
rattled	onAfterBoost	131	-1	6	60	Bug	1	0	0	0	100	-1	24576	greninjaash	1	1	1	0	1	6	0	2	0	0	0	0	false	Move	1	psn	wikiberry	2	1	99	1	0		undefined	undefined	24576	24576	24576	6	0
rattled	onAfterBoost	132	1	6	0	Bug	1	0	1	10	100	-1	8192	greninjaash	1	0	0	1	0	0	0	1	0	160	1	0	null	Ability	1	brn	aguavberry	2	-1	99	1	1		undefined	undefined	8192	8192	8192	0	0
rattled	onAfterBoost	133	1	1	0	Water	1	1	0	100	100	1	16384	greninjabond	1	0	1	0	1	-1	1	0	60	160	1	1	null	Ability	1	brn	magoberry	2	-1	0	1	0		undefined	true	16384	16384	16384	-1	2
rattled	onAfterBoost	134	1	6	60	Bug	1	1	0	0	0	0	24576	greninjaash	0	0	1	0	1	0	1	2	60	0	1	0	false	Ability	0	psn	wikiberry	2	-1	99	0	0		undefined	false	24576	24576	24576	0	2
rattled	onAfterBoost	135	1	1	61	Bug	0	1	1	10	0	1	0	greninjaash	1	1	1	1	1	0	0	0	0	160	1	0	true	Ability	0	psn	sitrusberry	1	0	-1	1	0	boost:spe=1:undefined:undefined:undefined:false:false	undefined	true	0	0	0	0	2
rattled	onAfterBoost	136	1	6	40	Normal	0	1	0	20	20	0	8	greninjabond	1	1	0	1	0	-1	1	0	100	100	1	1	0	Move	1	psn	sitrusberry	0	-1	99	0	0		undefined	false	8	8	8	-1	2
rattled	onAfterBoost	137	0	0	40	Bug	0	0	0	20	-1	1	2048	pikachu	0	0	0	1	1	1	0	1	100	0	0	1	undefined	Ability	1	brn	iapapaberry	1	1	1	0	0	boost:spe=1:undefined:undefined:undefined:false:false	undefined	true	2048	2048	2048	1	0
rattled	onAfterBoost	138	6	1	70	Ghost	0	0	0	10	0	-1	8192	pikachu	0	0	0	0	0	0	0	1	0	0	1	1	0	missing	1	psn	figyberry	2	0	99	1	0		undefined	undefined	8192	8192	8192	0	0
rattled	onAfterBoost	139	6	6	70	Water	1	0	1	0	0	-1	8192	pikachu	0	1	0	0	1	-1	0	1	0	160	1	1	true	Move	1	brn	iapapaberry	1	0	1	0	1		undefined	undefined	8192	8192	8192	-1	0
rattled	onAfterBoost	140	-1	0	0	Normal	0	0	0	0	0	-1	8192	greninjabond	0	1	1	0	1	0	0	2	60	100	1	0	null	missing	1	brn	aguavberry	0	1	-1	1	0		undefined	undefined	8192	8192	8192	0	0
rattled	onAfterBoost	141	6	1	70	Bug	0	0	0	10	20	-1	24576	greninjaash	1	1	1	0	1	1	0	0	0	160	1	0	false	Ability	0	brn	wikiberry	1	1	-1	1	0	boost:spe=1:undefined:undefined:undefined:false:false	undefined	undefined	24576	24576	24576	1	0
rattled	onAfterBoost	142	6	1	0	Fire	1	1	0	0	0	1	16384	greninjabond	0	0	0	0	0	1	0	1	60	0	0	0	0	Move	0	brn	magoberry	1	1	0	1	1		undefined	true	16384	16384	16384	1	2
rattled	onAfterBoost	143	6	6	70	Ghost	0	1	0	0	100	-1	0	pikachu	1	1	0	1	1	-1	0	1	100	160	0	0	null	Ability	0	brn	sitrusberry	0	-1	0	0	1		undefined	undefined	0	0	0	-1	2
rattled	onAfterBoost	144	1	0	70	Normal	1	0	0	100	0	1	24576	greninjaash	0	1	1	0	0	1	1	2	60	0	0	1	undefined	Ability	1	psn	leftovers	1	0	1	0	1	boost:spe=1:undefined:undefined:undefined:false:false	undefined	true	24576	24576	24576	1	0
rattled	onAfterBoost	145	0	6	40	Bug	1	1	1	10	100	1	8	pikachu	1	1	1	1	0	1	1	2	60	0	0	1	undefined	Ability	0	psn	figyberry	2	0	-1	0	0	boost:spe=1:undefined:undefined:undefined:false:false	undefined	true	8	8	8	1	2
rattled	onAfterBoost	146	1	1	70	Normal	0	1	0	100	20	0	8	greninjaash	0	1	0	0	1	-1	1	2	100	160	1	1	true	missing	0	brn	wikiberry	2	-1	99	0	0		undefined	false	8	8	8	-1	2
rattled	onAfterBoost	147	0	1	0	Fire	0	1	0	10	-1	1	24576	greninjabond	0	0	0	1	0	0	0	2	60	160	0	1	true	Move	0	brn	wikiberry	0	-1	0	1	0		undefined	true	24576	24576	24576	0	2
rattled	onAfterBoost	148	6	6	61	Normal	1	1	0	0	0	0	8	greninjaash	1	1	0	1	1	-1	1	1	100	100	0	1	null	Move	0	brn	figyberry	2	0	0	1	0		undefined	false	8	8	8	-1	2
rattled	onAfterBoost	149	0	0	60	Ghost	1	1	0	20	20	1	0	pikachu	0	0	1	1	1	-1	1	2	0	100	1	0	false	Ability	0	psn	sitrusberry	2	1	-1	0	0	boost:spe=1:undefined:undefined:undefined:false:false	undefined	true	0	0	0	-1	2
rattled	onAfterBoost	150	-1	6	0	Bug	0	1	1	0	100	1	0	greninjabond	1	1	0	0	1	6	1	1	0	160	0	0	false	Move	1	psn	magoberry	1	-1	99	0	1		undefined	true	0	0	0	6	2
rattled	onAfterBoost	151	6	6	40	Dark	0	1	1	20	20	-1	2048	greninjabond	0	1	0	0	0	6	0	0	60	160	1	1	false	missing	0	brn	sitrusberry	2	0	0	1	0		undefined	undefined	2048	2048	2048	6	2
rattled	onAfterBoost	152	1	1	61	Bug	0	1	1	10	20	-1	24576	greninjaash	1	0	1	1	0	6	1	1	0	100	1	0	true	Move	1	psn	iapapaberry	2	-1	0	1	1		undefined	undefined	24576	24576	24576	6	2
rattled	onAfterBoost	153	-1	0	70	Dark	1	0	1	10	0	-1	16384	greninjabond	0	0	1	1	0	1	0	1	100	160	0	0	true	Ability	0	brn	iapapaberry	1	0	0	0	0		undefined	undefined	16384	16384	16384	1	0
rattled	onAfterBoost	154	0	6	70	Fire	0	1	0	10	100	0	0	greninjabond	0	1	1	0	0	1	1	2	100	0	0	0	true	Ability	1	psn	figyberry	2	-1	-1	0	1	boost:spe=1:undefined:undefined:undefined:false:false	undefined	false	0	0	0	1	2
rattled	onAfterBoost	155	-1	0	0	Fire	0	1	1	10	20	1	0	greninjaash	0	0	1	0	1	1	1	0	100	0	1	0	undefined	missing	0	psn	sitrusberry	2	-1	99	0	1		undefined	true	0	0	0	1	2
rattled	onAfterBoost	156	0	1	60	Water	1	1	1	100	0	-1	2048	greninjabond	0	0	0	0	1	-1	1	1	100	100	1	0	null	Move	0	brn	leftovers	1	0	1	1	1		undefined	undefined	2048	2048	2048	-1	2
rattled	onAfterBoost	157	6	6	40	Fire	1	0	0	0	20	1	16384	greninjabond	1	1	1	1	0	1	0	2	100	0	0	0	0	missing	1	psn	wikiberry	2	-1	99	0	0		undefined	true	16384	16384	16384	1	0
rattled	onAfterBoost	158	0	1	70	Ghost	0	0	1	0	20	0	8192	pikachu	1	1	0	0	0	6	1	2	60	100	0	0	null	missing	0	brn	iapapaberry	0	1	0	0	0		undefined	false	8192	8192	8192	6	0
rattled	onAfterBoost	159	-1	0	40	Bug	1	1	0	10	0	-1	16384	greninjabond	0	1	1	0	1	1	0	1	0	0	0	0	true	Move	0	brn	magoberry	1	0	1	1	1		undefined	undefined	16384	16384	16384	1	2
rattled	onAfterBoost	160	1	0	0	Water	0	1	0	20	-1	-1	24576	pikachu	0	0	0	0	1	0	0	1	60	160	1	1	undefined	missing	0	psn	magoberry	2	0	-1	1	1		undefined	undefined	24576	24576	24576	0	2
rattled	onAfterBoost	161	-1	6	0	Ghost	0	1	1	0	20	0	2048	greninjaash	0	1	1	0	0	1	1	0	100	100	0	0	undefined	Ability	1	brn	magoberry	1	0	99	1	0		undefined	false	2048	2048	2048	1	2
rattled	onAfterBoost	162	-1	0	0	Water	0	0	1	0	0	0	8	greninjabond	0	0	1	1	0	0	0	2	60	100	0	0	true	Ability	0	brn	sitrusberry	1	-1	-1	1	0	boost:spe=1:undefined:undefined:undefined:false:false	undefined	false	8	8	8	0	0
rattled	onAfterBoost	163	6	6	60	Ghost	0	1	0	20	20	-1	2048	greninjabond	0	0	0	0	0	6	1	0	60	100	1	0	0	missing	0	psn	figyberry	1	0	1	0	0		undefined	undefined	2048	2048	2048	6	2
rattled	onAfterBoost	164	6	0	40	Water	0	0	0	20	0	-1	16384	pikachu	1	0	1	1	1	6	1	1	0	0	1	1	null	Move	0	brn	magoberry	2	-1	99	1	1		undefined	undefined	16384	16384	16384	6	0
rattled	onAfterBoost	165	-1	6	40	Normal	0	1	1	20	-1	1	24576	greninjaash	1	0	0	0	0	-1	1	0	100	160	0	1	undefined	missing	0	brn	aguavberry	1	1	99	0	0		undefined	true	24576	24576	24576	-1	2
rattled	onAfterBoost	166	1	6	61	Normal	0	0	1	0	-1	0	16384	pikachu	1	0	1	0	0	-1	0	0	60	0	1	0	undefined	Move	0	psn	magoberry	1	0	99	1	0		undefined	false	16384	16384	16384	-1	0
rattled	onAfterBoost	167	0	1	70	Water	1	1	1	0	100	0	0	greninjaash	0	1	0	1	1	0	0	1	100	160	0	0	null	Ability	1	psn	sitrusberry	1	1	1	0	0	boost:spe=1:undefined:undefined:undefined:false:false	undefined	false	0	0	0	0	2
rattled	onAfterBoost	168	6	1	61	Water	1	0	0	100	100	0	16384	greninjabond	1	1	1	1	1	6	0	0	60	100	0	0	true	Ability	0	psn	leftovers	0	1	99	1	0		undefined	false	16384	16384	16384	6	0
rattled	onAfterBoost	169	-1	6	60	Bug	1	0	1	0	0	0	24576	pikachu	1	0	1	0	1	1	0	0	100	100	0	1	null	missing	0	psn	figyberry	1	1	-1	1	1		undefined	false	24576	24576	24576	1	0
rattled	onAfterBoost	170	-1	6	61	Dark	0	0	1	20	-1	0	0	pikachu	1	0	1	1	1	-1	1	0	60	100	0	0	true	Ability	0	brn	wikiberry	0	1	-1	0	0	boost:spe=1:undefined:undefined:undefined:false:false	undefined	false	0	0	0	-1	0
rattled	onAfterBoost	171	1	6	70	Water	1	1	0	20	100	1	0	pikachu	1	0	1	1	0	-1	1	1	100	160	0	1	undefined	Ability	0	brn	sitrusberry	2	0	-1	1	1	boost:spe=1:undefined:undefined:undefined:false:false	undefined	true	0	0	0	-1	2
rattled	onAfterBoost	172	0	0	60	Bug	1	0	0	10	0	-1	0	pikachu	1	1	0	0	1	6	0	1	60	100	0	0	true	Move	1	brn	magoberry	1	1	-1	0	0		undefined	undefined	0	0	0	6	0
rattled	onAfterBoost	173	1	0	0	Ghost	1	0	1	100	-1	-1	2048	greninjabond	0	1	0	0	0	1	0	2	0	0	0	1	undefined	missing	1	brn	wikiberry	2	1	1	1	0		undefined	undefined	2048	2048	2048	1	0
rattled	onAfterBoost	174	-1	1	60	Fire	0	1	0	0	0	-1	2048	greninjaash	1	0	1	0	1	-1	1	0	100	0	1	0	true	Ability	1	psn	sitrusberry	0	0	0	0	1		undefined	undefined	2048	2048	2048	-1	2
rattled	onAfterBoost	175	0	0	0	Ghost	1	1	1	20	20	0	8192	pikachu	0	1	1	1	0	-1	1	1	60	160	1	1	null	missing	1	psn	sitrusberry	2	-1	99	1	1		undefined	false	8192	8192	8192	-1	2
rattled	onAfterBoost	176	6	0	70	Bug	0	0	1	0	-1	0	16384	pikachu	1	0	1	0	1	-1	0	1	60	160	1	1	null	missing	0	psn	leftovers	1	-1	1	1	0		undefined	false	16384	16384	16384	-1	0
rattled	onAfterBoost	177	6	1	61	Bug	1	1	1	100	-1	-1	0	pikachu	0	1	1	1	1	6	0	0	0	100	0	1	undefined	Move	1	psn	figyberry	2	0	1	1	1		undefined	undefined	0	0	0	6	2
rattled	onAfterBoost	178	6	1	61	Bug	1	0	1	0	20	1	2048	greninjaash	1	1	1	1	0	1	0	1	0	160	1	0	null	Move	1	psn	sitrusberry	2	-1	-1	1	1		undefined	true	2048	2048	2048	1	0
rattled	onAfterBoost	179	-1	0	40	Water	1	1	1	100	0	0	2048	pikachu	1	0	0	1	1	0	1	1	0	160	1	1	0	Move	0	brn	aguavberry	2	-1	99	0	0		undefined	false	2048	2048	2048	0	2
rattled	onAfterBoost	180	6	6	70	Bug	0	1	1	0	-1	1	24576	greninjabond	0	1	0	1	0	1	0	1	0	160	1	1	null	missing	1	brn	figyberry	1	0	0	0	0		undefined	true	24576	24576	24576	1	2
rattled	onAfterBoost	181	-1	6	0	Dark	1	1	1	10	-1	0	8192	greninjaash	1	0	0	1	1	-1	0	1	0	0	0	0	0	Move	0	psn	wikiberry	2	-1	1	1	0		undefined	false	8192	8192	8192	-1	2
rattled	onAfterBoost	182	0	0	60	Normal	0	1	0	0	100	-1	8	greninjabond	1	0	1	0	0	0	1	0	100	100	1	0	false	Ability	0	brn	sitrusberry	0	1	99	1	1		undefined	undefined	8	8	8	0	2
rattled	onAfterBoost	183	1	6	0	Ghost	0	1	0	10	0	-1	8192	greninjabond	1	1	0	0	1	6	1	2	0	0	0	1	undefined	Move	1	brn	iapapaberry	1	-1	-1	1	0		undefined	undefined	8192	8192	8192	6	2
rattled	onAfterBoost	184	6	0	60	Water	1	1	0	10	100	1	0	greninjaash	0	0	0	1	1	1	1	1	60	160	1	0	true	missing	1	brn	wikiberry	1	1	0	1	1		undefined	true	0	0	0	1	2
rattled	onAfterBoost	185	6	1	40	Dark	0	0	1	100	100	1	8	greninjabond	1	0	0	1	1	6	1	2	0	0	1	1	null	Move	0	brn	wikiberry	0	-1	99	1	1		undefined	true	8	8	8	6	0
rattled	onAfterBoost	186	1	0	40	Fire	1	1	0	20	0	-1	24576	greninjaash	1	1	0	1	1	0	0	2	0	160	1	0	null	missing	0	brn	wikiberry	1	0	-1	0	1		undefined	undefined	24576	24576	24576	0	2
rattled	onAfterBoost	187	6	0	70	Fire	1	1	0	100	0	-1	16384	greninjabond	1	0	0	0	0	1	1	2	0	160	0	0	null	Move	1	brn	sitrusberry	0	-1	0	0	1		undefined	undefined	16384	16384	16384	1	2
rattled	onAfterBoost	188	1	1	60	Bug	1	0	0	100	-1	0	8	greninjaash	1	0	1	0	0	1	0	1	60	100	1	0	true	Ability	1	brn	sitrusberry	2	-1	1	0	1	boost:spe=1:undefined:undefined:undefined:false:false	undefined	false	8	8	8	1	0
rattled	onAfterBoost	189	0	6	70	Normal	0	0	1	20	0	-1	2048	greninjabond	1	1	0	1	1	1	1	1	100	100	0	0	false	missing	1	brn	magoberry	1	0	1	1	0		undefined	undefined	2048	2048	2048	1	0
rattled	onAfterBoost	190	1	6	60	Dark	0	0	0	0	100	1	2048	pikachu	0	1	1	0	1	0	0	0	60	0	0	0	true	missing	0	psn	figyberry	1	0	0	0	0		undefined	true	2048	2048	2048	0	0
rattled	onAfterBoost	191	6	0	40	Dark	0	1	1	100	100	-1	8	pikachu	1	1	0	1	1	1	1	0	0	0	1	0	false	Move	1	brn	figyberry	1	0	-1	0	1		undefined	undefined	8	8	8	1	2
rattled	onAfterBoost	192	6	0	70	Normal	0	1	0	20	-1	-1	8192	pikachu	1	1	1	0	1	6	1	0	100	0	0	1	undefined	Ability	1	brn	magoberry	0	-1	-1	0	1	boost:spe=1:undefined:undefined:undefined:false:false	undefined	undefined	8192	8192	8192	6	2
rattled	onAfterBoost	193	6	0	70	Bug	1	1	0	100	-1	0	2048	greninjaash	1	0	0	0	1	6	0	0	0	100	1	0	true	Ability	0	brn	sitrusberry	2	-1	0	0	1		undefined	false	2048	2048	2048	6	2
rattled	onAfterBoost	194	0	0	0	Normal	1	1	0	0	-1	1	16384	greninjaash	1	0	0	1	0	6	1	2	0	160	1	0	false	Move	0	psn	figyberry	0	1	-1	0	0		undefined	true	16384	16384	16384	6	2
rattled	onAfterBoost	195	1	0	60	Ghost	0	1	1	0	-1	1	8	pikachu	0	0	1	0	0	6	0	0	0	100	1	1	undefined	Ability	1	psn	magoberry	1	1	-1	1	0	boost:spe=1:undefined:undefined:undefined:false:false	undefined	true	8	8	8	6	2
rattled	onAfterBoost	196	-1	1	40	Water	0	0	0	20	-1	0	24576	pikachu	0	0	0	1	0	0	1	0	0	0	0	1	null	Ability	0	brn	sitrusberry	0	1	99	0	1		undefined	false	24576	24576	24576	0	0
rattled	onAfterBoost	197	6	0	0	Water	1	1	1	0	0	-1	24576	greninjaash	0	1	0	1	1	-1	0	2	0	160	0	1	false	missing	1	brn	figyberry	1	0	0	1	0		undefined	undefined	24576	24576	24576	-1	2
rattled	onAfterBoost	198	6	1	61	Normal	1	0	1	0	20	1	0	greninjabond	0	1	0	0	0	1	1	1	0	0	0	0	true	Move	1	brn	aguavberry	1	-1	99	0	1		undefined	true	0	0	0	1	0
rattled	onAfterBoost	199	6	6	60	Water	0	1	0	20	20	-1	8192	greninjaash	1	1	1	1	0	0	1	1	60	100	0	0	null	missing	1	psn	wikiberry	2	0	0	1	0		undefined	undefined	8192	8192	8192	0	2
rattled	onAfterBoost	200	6	0	40	Fire	0	0	1	100	100	0	8192	greninjabond	0	1	0	1	0	0	1	1	0	0	1	0	true	Ability	1	brn	figyberry	1	1	-1	0	0	boost:spe=1:undefined:undefined:undefined:false:false	undefined	false	8192	8192	8192	0	0
rattled	onAfterBoost	201	6	1	0	Water	0	0	0	20	20	1	2048	greninjaash	0	1	0	0	0	6	1	1	60	160	1	0	true	Move	1	psn	sitrusberry	1	0	1	0	1		undefined	true	2048	2048	2048	6	0
rattled	onAfterBoost	202	-1	1	61	Dark	1	0	0	20	20	-1	16384	greninjaash	1	0	0	1	0	1	0	1	60	160	0	0	undefined	Ability	1	brn	aguavberry	2	1	-1	1	0	boost:spe=1:undefined:undefined:undefined:false:false	undefined	undefined	16384	16384	16384	1	0
rattled	onAfterBoost	203	-1	0	0	Normal	0	1	0	10	20	-1	8192	pikachu	0	0	0	1	1	-1	0	1	60	160	0	1	false	Ability	1	psn	sitrusberry	0	0	1	0	1	boost:spe=1:undefined:undefined:undefined:false:false	undefined	undefined	8192	8192	8192	-1	2
rattled	onAfterBoost	204	1	6	61	Normal	0	1	1	10	-1	1	2048	pikachu	1	1	0	0	0	0	1	1	0	0	1	0	0	Move	0	brn	iapapaberry	2	0	0	0	1		undefined	true	2048	2048	2048	0	2
rattled	onAfterBoost	205	0	0	61	Dark	1	0	1	10	0	-1	8192	greninjaash	1	0	1	0	1	1	1	1	0	160	1	1	undefined	Ability	0	psn	aguavberry	2	-1	0	0	0		undefined	undefined	8192	8192	8192	1	0
rattled	onAfterBoost	206	-1	6	61	Fire	1	0	1	0	-1	-1	8	pikachu	0	0	0	0	0	6	1	2	60	160	0	0	null	Ability	0	psn	aguavberry	2	0	0	1	1		undefined	undefined	8	8	8	6	0
rattled	onAfterBoost	207	-1	6	70	Normal	1	1	1	0	0	-1	8192	greninjabond	0	0	0	0	1	-1	1	2	100	160	0	1	null	missing	1	psn	figyberry	1	0	0	0	1		undefined	undefined	8192	8192	8192	-1	2
rattled	onAfterBoost	208	-1	6	61	Fire	1	1	0	0	20	0	8192	greninjabond	1	0	0	1	0	1	1	1	100	160	0	1	true	missing	0	brn	leftovers	2	-1	99	0	0		undefined	false	8192	8192	8192	1	2
rattled	onAfterBoost	209	1	6	70	Fire	0	1	0	20	0	1	8	greninjaash	1	0	0	1	0	6	0	0	0	160	1	1	true	Ability	0	psn	wikiberry	2	1	-1	0	1	boost:spe=1:undefined:undefined:undefined:false:false	undefined	true	8	8	8	6	2
rattled	onAfterBoost	210	-1	6	0	Bug	1	0	1	0	100	0	24576	greninjabond	0	0	1	1	1	-1	0	1	0	0	0	0	undefined	missing	0	psn	wikiberry	0	1	-1	0	1		undefined	false	24576	24576	24576	-1	0
rattled	onAfterBoost	211	6	6	40	Water	0	1	1	10	20	1	8	greninjabond	0	0	1	1	0	0	0	0	100	0	0	0	0	Ability	1	brn	sitrusberry	1	-1	0	0	0		undefined	true	8	8	8	0	2
rattled	onAfterBoost	212	-1	1	60	Bug	1	1	0	0	-1	0	16384	pikachu	0	0	1	0	0	0	1	2	100	100	1	1	undefined	missing	0	brn	iapapaberry	0	0	1	1	0		undefined	false	16384	16384	16384	0	2
rattled	onAfterBoost	213	6	0	61	Ghost	0	1	0	100	100	0	16384	greninjaash	1	1	1	0	0	-1	0	1	60	160	1	1	false	Move	1	psn	sitrusberry	0	0	-1	0	0		undefined	false	16384	16384	16384	-1	2
rattled	onAfterBoost	214	1	6	40	Water	1	1	1	0	0	0	2048	greninjabond	0	0	0	0	1	6	0	0	60	160	1	0	false	missing	0	brn	leftovers	2	1	-1	0	0		undefined	false	2048	2048	2048	6	2
rattled	onAfterBoost	215	0	6	70	Fire	1	0	1	100	100	-1	8192	pikachu	0	0	1	0	0	6	0	0	100	0	1	0	true	Ability	0	psn	iapapaberry	2	1	1	0	1	boost:spe=1:undefined:undefined:undefined:false:false	undefined	undefined	8192	8192	8192	6	0
rattled	onAfterBoost	216	-1	0	61	Dark	0	1	1	10	0	-1	16384	greninjaash	1	0	1	0	0	-1	0	0	60	100	0	0	undefined	missing	0	brn	iapapaberry	2	-1	1	0	1		undefined	undefined	16384	16384	16384	-1	2
rattled	onAfterBoost	217	1	0	0	Fire	1	0	0	10	20	1	0	greninjaash	1	1	0	1	0	6	0	2	100	0	1	1	false	Ability	1	brn	magoberry	0	0	1	1	1	boost:spe=1:undefined:undefined:undefined:false:false	undefined	true	0	0	0	6	0
rattled	onAfterBoost	218	6	6	60	Ghost	0	1	1	20	0	0	2048	pikachu	0	1	1	1	0	6	1	1	60	160	0	0	undefined	missing	0	brn	figyberry	1	0	-1	1	1		undefined	false	2048	2048	2048	6	2
rattled	onAfterBoost	219	1	6	60	Ghost	1	1	1	20	100	0	8	greninjabond	1	0	0	0	0	1	0	0	60	100	1	0	true	missing	1	brn	iapapaberry	0	0	-1	1	0		undefined	false	8	8	8	1	2
rattled	onAfterBoost	220	1	1	70	Water	0	0	0	100	-1	0	16384	pikachu	0	0	0	1	1	-1	1	0	60	160	0	0	null	missing	1	brn	wikiberry	0	0	99	1	0		undefined	false	16384	16384	16384	-1	0
rattled	onAfterBoost	221	-1	0	40	Normal	1	0	0	10	100	1	8192	greninjaash	0	0	1	1	0	1	0	0	100	0	1	0	true	Move	0	brn	wikiberry	0	0	-1	0	0		undefined	true	8192	8192	8192	1	0
rattled	onAfterBoost	222	6	6	70	Ghost	1	1	0	0	100	-1	2048	greninjabond	0	1	1	1	0	-1	1	0	60	0	1	1	undefined	Move	1	psn	magoberry	1	1	1	1	0		undefined	undefined	2048	2048	2048	-1	2
rattled	onAfterBoost	223	1	0	0	Fire	1	0	0	20	20	1	0	greninjaash	0	0	0	1	0	6	0	0	100	100	0	0	false	Ability	0	brn	leftovers	2	-1	1	1	0	boost:spe=1:undefined:undefined:undefined:false:false	undefined	true	0	0	0	6	0
rattled	onAfterBoost	224	-1	6	0	Ghost	1	0	1	20	20	1	2048	greninjabond	0	1	0	1	0	0	0	0	100	160	1	1	true	Ability	0	brn	figyberry	0	-1	0	0	1		undefined	true	2048	2048	2048	0	0
rattled	onAfterBoost	225	1	6	60	Normal	0	1	0	10	100	0	24576	greninjabond	0	0	1	1	1	6	1	0	0	100	0	0	0	Ability	0	psn	iapapaberry	0	0	99	1	1		undefined	false	24576	24576	24576	6	2
rattled	onAfterBoost	226	1	1	0	Water	0	1	1	0	-1	-1	16384	greninjabond	0	1	1	1	1	0	0	1	60	0	1	0	0	missing	1	psn	iapapaberry	0	-1	-1	0	0		undefined	undefined	16384	16384	16384	0	2
rattled	onAfterBoost	227	-1	0	61	Fire	1	1	0	20	0	0	24576	greninjaash	1	0	1	1	1	-1	0	0	60	0	0	1	0	missing	1	psn	leftovers	2	0	1	0	1		undefined	false	24576	24576	24576	-1	2
rattled	onAfterBoost	228	0	1	40	Bug	1	0	1	20	20	1	8	greninjabond	1	1	0	0	1	-1	0	2	0	160	1	1	true	Move	1	brn	figyberry	1	1	-1	1	1		undefined	true	8	8	8	-1	0
rattled	onAfterBoost	229	1	6	40	Ghost	1	1	0	20	100	1	2048	pikachu	1	1	1	1	0	-1	1	0	100	160	1	0	null	Ability	1	brn	aguavberry	2	-1	99	1	1		undefined	true	2048	2048	2048	-1	2
rattled	onAfterBoost	230	-1	6	0	Bug	1	0	0	10	100	-1	8	greninjaash	0	1	1	1	1	-1	0	0	60	160	1	1	undefined	Move	0	brn	leftovers	1	1	-1	0	1		undefined	undefined	8	8	8	-1	0
rattled	onAfterBoost	231	1	6	40	Normal	1	0	1	0	-1	0	0	greninjaash	1	0	0	1	1	1	0	1	60	100	1	1	undefined	Move	0	brn	sitrusberry	2	0	99	0	1		undefined	false	0	0	0	1	0
rattled	onAfterBoost	232	-1	0	70	Dark	0	0	0	100	0	1	0	greninjaash	1	1	0	0	0	6	0	0	60	100	0	0	undefined	missing	1	brn	figyberry	1	1	-1	1	1		undefined	true	0	0	0	6	0
rattled	onAfterBoost	233	0	1	70	Bug	0	0	1	0	-1	0	16384	pikachu	1	1	1	0	1	6	0	2	100	160	0	0	undefined	Move	1	psn	sitrusberry	2	0	0	1	1		undefined	false	16384	16384	16384	6	0
rattled	onAfterBoost	234	0	6	70	Fire	0	0	0	20	100	1	24576	greninjabond	0	0	0	1	0	-1	0	0	60	100	1	0	null	missing	0	brn	figyberry	1	0	-1	1	1		undefined	true	24576	24576	24576	-1	0
rattled	onAfterBoost	235	6	6	60	Fire	1	1	1	100	0	0	8192	greninjaash	1	0	1	1	0	0	1	0	60	160	1	1	true	Move	0	psn	wikiberry	2	1	0	0	0		undefined	false	8192	8192	8192	0	2
rattled	onAfterBoost	236	6	6	60	Bug	0	1	0	10	20	1	8	greninjaash	0	1	1	1	1	6	0	1	100	160	1	0	false	Ability	1	brn	leftovers	0	-1	0	1	1		undefined	true	8	8	8	6	2
rattled	onAfterBoost	237	-1	6	60	Ghost	0	0	0	0	20	0	24576	pikachu	1	0	1	0	1	6	0	0	60	0	1	1	null	Ability	1	psn	wikiberry	2	0	99	1	1		undefined	false	24576	24576	24576	6	0
rattled	onAfterBoost	238	0	1	70	Dark	0	0	0	10	20	-1	0	pikachu	1	1	1	1	0	0	0	1	100	0	1	1	0	Move	1	psn	iapapaberry	0	-1	1	0	1		undefined	undefined	0	0	0	0	0
rattled	onAfterBoost	239	6	6	60	Water	0	0	0	100	100	1	16384	pikachu	1	0	1	0	0	0	0	1	60	100	0	1	false	Move	0	psn	leftovers	0	-1	99	0	0		undefined	true	16384	16384	16384	0	0
rattled	onAfterBoost	240	-1	1	61	Ghost	0	1	1	0	20	-1	8	pikachu	0	0	1	1	1	0	1	2	60	0	0	1	true	Ability	1	brn	wikiberry	1	1	99	1	0		undefined	undefined	8	8	8	0	2
rattled	onAfterBoost	241	0	6	60	Fire	1	1	1	0	100	1	8	greninjabond	1	0	1	0	1	6	1	1	0	0	0	1	0	missing	1	brn	iapapaberry	2	0	1	0	1		undefined	true	8	8	8	6	2
rattled	onAfterBoost	242	-1	6	0	Bug	0	0	0	0	0	1	0	greninjabond	0	0	0	1	1	6	1	2	0	100	1	0	undefined	Move	0	psn	sitrusberry	2	1	-1	1	1		undefined	true	0	0	0	6	0
rattled	onAfterBoost	243	1	1	0	Water	1	1	0	100	-1	-1	2048	greninjaash	0	0	0	0	0	1	1	0	0	100	0	0	true	Ability	0	psn	aguavberry	2	-1	99	1	1		undefined	undefined	2048	2048	2048	1	2
rattled	onAfterBoost	244	0	0	61	Bug	0	0	0	0	20	-1	24576	greninjabond	1	0	0	0	1	6	0	1	0	0	0	1	undefined	Ability	0	brn	wikiberry	2	-1	1	1	0	boost:spe=1:undefined:undefined:undefined:false:false	undefined	undefined	24576	24576	24576	6	0
rattled	onAfterBoost	245	0	1	40	Bug	1	1	0	10	20	-1	8	greninjabond	0	1	1	0	1	0	1	2	100	160	0	1	0	Move	0	brn	magoberry	1	1	99	1	1		undefined	undefined	8	8	8	0	2
rattled	onAfterBoost	246	1	1	60	Dark	0	1	0	10	-1	0	8192	pikachu	1	0	0	1	0	0	1	1	100	0	0	1	true	missing	1	brn	iapapaberry	0	-1	-1	1	0		undefined	false	8192	8192	8192	0	2
rattled	onAfterBoost	247	-1	1	60	Ghost	0	0	1	10	20	0	2048	greninjaash	1	0	0	0	0	-1	0	0	100	100	0	0	undefined	Move	0	psn	aguavberry	0	0	-1	1	1		undefined	false	2048	2048	2048	-1	0
rattled	onAfterBoost	248	0	6	0	Fire	1	1	1	10	-1	1	8	greninjaash	1	1	0	0	1	1	1	0	100	100	1	0	undefined	missing	1	brn	magoberry	2	1	1	1	0		undefined	true	8	8	8	1	2
rattled	onAfterBoost	249	0	6	0	Ghost	0	0	1	100	0	-1	8	greninjabond	0	1	1	1	0	6	0	1	0	0	0	1	false	Move	0	brn	aguavberry	2	0	-1	0	1		undefined	undefined	8	8	8	6	0
rattled	onAfterBoost	250	6	0	60	Bug	0	0	0	20	-1	-1	2048	greninjaash	0	1	0	1	1	0	0	0	60	160	1	0	0	Ability	1	brn	aguavberry	0	1	-1	0	0	boost:spe=1:undefined:undefined:undefined:false:false	undefined	undefined	2048	2048	2048	0	0
rattled	onAfterBoost	251	-1	6	61	Bug	0	1	1	0	20	1	2048	greninjabond	0	0	1	0	1	6	1	1	60	160	0	1	false	Move	0	brn	figyberry	0	-1	1	0	0		undefined	true	2048	2048	2048	6	2
rattled	onAfterBoost	252	6	6	0	Water	1	0	1	100	20	1	0	greninjabond	0	0	0	1	1	1	1	2	100	160	1	0	true	Ability	0	psn	wikiberry	1	1	99	1	0		undefined	true	0	0	0	1	0
rattled	onAfterBoost	253	6	1	61	Bug	0	0	1	100	20	-1	2048	greninjabond	1	0	0	0	1	6	0	2	100	0	0	0	0	Ability	1	brn	leftovers	0	1	1	0	1	boost:spe=1:undefined:undefined:undefined:false:false	undefined	undefined	2048	2048	2048	6	0
rattled	onAfterBoost	254	-1	1	70	Normal	0	1	1	10	0	1	8192	pikachu	1	0	0	1	1	1	0	0	0	160	0	1	undefined	missing	0	psn	aguavberry	2	1	1	0	0		undefined	true	8192	8192	8192	1	2
rattled	onAfterBoost	255	-1	0	40	Fire	0	0	1	0	-1	0	0	pikachu	0	0	1	1	1	6	1	1	60	100	1	0	false	missing	1	brn	wikiberry	2	0	0	0	0		undefined	false	0	0	0	6	0
rattled	onAfterBoost	256	0	6	70	Dark	0	0	0	20	100	-1	24576	greninjabond	0	1	0	1	1	-1	1	1	100	0	0	1	true	missing	0	brn	leftovers	0	1	0	1	1		undefined	undefined	24576	24576	24576	-1	0
rattled	onAfterBoost	257	-1	6	61	Normal	0	1	1	100	20	-1	2048	greninjabond	1	0	1	1	0	6	1	2	100	0	0	1	undefined	Ability	1	psn	wikiberry	2	1	0	0	1		undefined	undefined	2048	2048	2048	6	2
rattled	onAfterBoost	258	6	0	61	Dark	1	1	0	0	20	0	8192	pikachu	1	1	1	1	0	-1	0	2	100	160	0	0	null	Ability	0	psn	wikiberry	2	0	-1	1	0	boost:spe=1:undefined:undefined:undefined:false:false	undefined	false	8192	8192	8192	-1	2
rattled	onAfterBoost	259	6	0	70	Dark	0	1	1	10	20	0	2048	pikachu	0	0	0	1	0	-1	1	2	0	100	1	1	true	Ability	0	brn	leftovers	1	-1	-1	0	1	boost:spe=1:undefined:undefined:undefined:false:false	undefined	false	2048	2048	2048	-1	2
rattled	onAfterBoost	260	0	6	0	Fire	0	1	0	20	20	1	2048	greninjaash	0	1	1	0	1	1	1	0	60	100	0	1	0	missing	0	psn	wikiberry	1	0	-1	0	0		undefined	true	2048	2048	2048	1	2
rattled	onAfterBoost	261	0	1	70	Ghost	0	0	1	0	20	1	24576	pikachu	0	1	0	1	0	0	0	1	60	160	0	0	true	missing	0	psn	leftovers	2	0	1	0	1		undefined	true	24576	24576	24576	0	0
rattled	onAfterBoost	262	0	6	70	Fire	0	0	1	10	100	1	16384	greninjaash	1	1	0	1	0	1	0	0	60	0	0	1	false	Move	1	brn	leftovers	0	1	-1	1	1		undefined	true	16384	16384	16384	1	0
rattled	onAfterBoost	263	0	1	70	Ghost	1	0	0	20	100	1	8	greninjabond	0	0	0	0	0	1	1	0	0	160	0	1	null	Move	1	brn	figyberry	1	-1	0	0	1		undefined	true	8	8	8	1	0
rattled	onAfterBoost	264	0	0	40	Ghost	1	0	1	100	-1	-1	0	pikachu	0	0	1	0	1	0	0	1	60	0	0	0	false	Move	0	brn	magoberry	0	1	-1	1	1		undefined	undefined	0	0	0	0	0
rattled	onAfterBoost	265	-1	6	0	Dark	1	1	1	100	0	0	24576	greninjaash	1	1	1	0	0	6	1	0	100	100	1	0	0	Ability	0	psn	wikiberry	1	0	99	1	1		undefined	false	24576	24576	24576	6	2
rattled	onAfterBoost	266	1	1	60	Water	1	1	1	20	100	1	2048	greninjabond	1	1	1	1	1	1	1	1	100	0	0	0	false	Move	0	brn	magoberry	1	-1	-1	0	1		undefined	true	2048	2048	2048	1	2
rattled	onAfterBoost	267	1	6	70	Fire	0	1	0	10	100	1	0	greninjaash	1	0	1	1	0	0	1	2	100	160	0	0	false	Move	0	psn	figyberry	0	1	99	1	0		undefined	true	0	0	0	0	2
rattled	onAfterBoost	268	6	0	61	Fire	1	1	1	10	100	0	0	greninjabond	1	0	0	1	0	1	1	2	0	160	0	1	false	Ability	0	psn	wikiberry	1	-1	0	0	1		undefined	false	0	0	0	1	2
rattled	onAfterBoost	269	1	0	0	Fire	1	1	1	20	-1	0	0	pikachu	0	0	0	1	0	6	1	2	0	160	0	1	null	Ability	1	psn	magoberry	1	1	0	0	1		undefined	false	0	0	0	6	2
rattled	onAfterBoost	270	1	0	61	Water	0	0	1	10	100	1	8	greninjabond	1	1	1	1	1	6	1	2	0	160	1	1	false	Ability	1	psn	figyberry	0	0	1	0	0	boost:spe=1:undefined:undefined:undefined:false:false	undefined	true	8	8	8	6	0
rattled	onAfterBoost	271	1	1	40	Bug	1	0	1	10	20	1	24576	greninjabond	0	0	1	0	0	0	1	2	100	100	1	1	null	Ability	1	psn	leftovers	2	1	1	1	0	boost:spe=1:undefined:undefined:undefined:false:false	undefined	true	24576	24576	24576	0	0
rattled	onAfterBoost	272	0	1	0	Dark	0	1	1	0	100	0	2048	pikachu	1	0	0	1	1	6	0	2	0	160	1	0	0	Move	0	brn	wikiberry	2	-1	99	1	0		undefined	false	2048	2048	2048	6	2
rattled	onAfterBoost	273	-1	0	70	Ghost	0	0	0	20	20	0	2048	pikachu	0	0	0	0	1	6	0	2	60	0	1	0	true	missing	1	brn	aguavberry	0	0	0	1	1		undefined	false	2048	2048	2048	6	0
rattled	onAfterBoost	274	0	0	61	Ghost	1	0	1	0	-1	1	16384	pikachu	1	0	1	1	0	0	0	2	60	100	0	0	0	Ability	1	psn	wikiberry	2	1	-1	1	1	boost:spe=1:undefined:undefined:undefined:false:false	undefined	true	16384	16384	16384	0	0
rattled	onAfterBoost	275	-1	1	60	Water	1	0	1	20	0	-1	2048	pikachu	1	1	1	0	1	1	1	1	0	160	1	0	undefined	Move	1	psn	wikiberry	2	1	1	0	1		undefined	undefined	2048	2048	2048	1	0
rattled	onAfterBoost	276	1	6	70	Dark	0	0	1	10	100	1	2048	greninjabond	0	0	1	0	0	0	0	2	100	0	1	0	null	missing	1	psn	magoberry	2	0	1	0	1		undefined	true	2048	2048	2048	0	0
rattled	onAfterBoost	277	-1	0	0	Bug	0	0	1	100	-1	1	8	greninjabond	1	1	0	0	0	0	0	0	60	160	0	1	null	Ability	1	brn	magoberry	2	0	0	1	1		undefined	true	8	8	8	0	0
rattled	onAfterBoost	278	6	0	0	Fire	1	0	0	10	20	-1	8192	greninjabond	0	0	1	1	0	-1	0	1	100	0	1	1	null	Move	0	brn	wikiberry	0	-1	-1	1	0		undefined	undefined	8192	8192	8192	-1	0
rattled	onAfterBoost	279	1	1	60	Bug	1	0	0	100	-1	1	8192	greninjaash	1	0	1	1	1	-1	1	2	60	0	0	0	null	Move	1	psn	aguavberry	2	1	1	0	1		undefined	true	8192	8192	8192	-1	0
rattled	onAfterBoost	280	0	1	60	Dark	1	0	0	20	-1	-1	16384	greninjaash	0	1	0	0	1	-1	0	0	100	100	0	1	false	Ability	0	brn	leftovers	2	0	1	0	0	boost:spe=1:undefined:undefined:undefined:false:false	undefined	undefined	16384	16384	16384	-1	0
rattled	onAfterBoost	281	6	1	60	Normal	0	1	0	20	100	0	8192	pikachu	1	1	0	0	1	6	1	0	100	0	1	1	undefined	Move	1	psn	leftovers	1	-1	1	1	1		undefined	false	8192	8192	8192	6	2
rattled	onAfterBoost	282	-1	0	61	Bug	1	0	1	20	20	0	8	greninjaash	1	0	0	1	1	6	0	0	100	0	1	1	undefined	missing	0	brn	leftovers	2	-1	0	1	0		undefined	false	8	8	8	6	0
rattled	onAfterBoost	283	6	1	70	Water	1	0	0	20	-1	0	24576	greninjaash	1	1	0	1	0	6	0	2	0	100	0	1	false	Ability	1	brn	figyberry	1	0	-1	1	0	boost:spe=1:undefined:undefined:undefined:false:false	undefined	false	24576	24576	24576	6	0
rattled	onAfterBoost	284	-1	0	60	Ghost	0	0	0	0	100	1	8	pikachu	1	1	1	1	0	0	0	0	100	0	0	1	false	missing	1	psn	iapapaberry	2	1	99	0	0		undefined	true	8	8	8	0	0
rattled	onAfterBoost	285	1	6	40	Normal	0	1	1	10	-1	-1	8	greninjabond	0	0	0	0	1	6	1	1	0	160	1	1	true	Move	0	brn	sitrusberry	0	1	-1	1	1		undefined	undefined	8	8	8	6	2
rattled	onAfterBoost	286	-1	1	40	Bug	1	1	0	10	-1	-1	16384	greninjabond	0	0	1	1	1	-1	0	2	100	100	1	1	null	Ability	1	psn	sitrusberry	1	1	1	1	1	boost:spe=1:undefined:undefined:undefined:false:false	undefined	undefined	16384	16384	16384	-1	2
rattled	onAfterBoost	287	6	0	40	Fire	0	0	1	20	100	0	24576	greninjabond	1	0	0	1	0	6	1	1	100	100	1	1	0	Ability	1	psn	leftovers	0	1	99	0	0		undefined	false	24576	24576	24576	6	0
rattled	onAfterBoost	288	0	0	61	Ghost	1	0	1	100	0	-1	2048	greninjabond	1	1	1	1	0	1	1	2	60	160	0	0	undefined	Move	1	brn	wikiberry	1	-1	0	0	0		undefined	undefined	2048	2048	2048	1	0
rattled	onAfterBoost	289	6	6	60	Water	1	0	0	10	-1	1	8	greninjabond	1	0	0	1	1	6	0	2	100	0	1	1	true	missing	0	psn	sitrusberry	1	0	-1	0	1		undefined	true	8	8	8	6	0
rattled	onAfterBoost	290	6	1	40	Ghost	1	1	0	10	100	1	16384	greninjaash	1	1	0	0	1	1	1	1	0	160	1	1	null	Ability	1	psn	aguavberry	2	-1	0	0	1		undefined	true	16384	16384	16384	1	2
rattled	onAfterBoost	291	1	6	40	Normal	1	0	1	100	-1	-1	8	greninjabond	1	1	1	1	1	-1	0	2	100	160	0	1	false	Ability	1	brn	leftovers	0	1	99	1	1		undefined	undefined	8	8	8	-1	0
rattled	onAfterBoost	292	1	1	0	Ghost	1	1	1	100	100	-1	8	greninjabond	0	1	0	0	0	-1	0	2	0	160	0	0	true	Move	1	psn	leftovers	1	0	-1	0	0		undefined	undefined	8	8	8	-1	2
rattled	onAfterBoost	293	6	6	61	Fire	1	0	0	100	0	-1	2048	greninjaash	0	1	1	1	1	0	0	0	0	0	1	0	null	Ability	1	psn	aguavberry	1	0	-1	1	1	boost:spe=1:undefined:undefined:undefined:false:false	undefined	undefined	2048	2048	2048	0	0
rattled	onAfterBoost	294	0	0	0	Dark	1	1	0	10	0	0	24576	pikachu	0	1	0	1	1	0	1	2	60	100	0	1	0	missing	1	brn	figyberry	1	-1	-1	0	1		undefined	false	24576	24576	24576	0	2
rattled	onAfterBoost	295	-1	6	70	Fire	0	0	0	10	20	1	8	pikachu	1	0	1	0	0	1	1	2	100	0	1	1	true	missing	0	brn	figyberry	0	1	99	1	1		undefined	true	8	8	8	1	0
rattled	onAfterBoost	296	1	1	40	Fire	0	1	1	0	20	-1	8192	greninjaash	0	0	0	0	0	-1	1	1	100	0	1	1	false	missing	1	brn	magoberry	0	0	-1	0	1		undefined	undefined	8192	8192	8192	-1	2
rattled	onAfterBoost	297	6	0	0	Fire	0	1	0	10	100	0	16384	greninjabond	0	1	0	1	0	6	1	0	100	100	1	0	null	missing	1	brn	magoberry	0	1	0	0	0		undefined	false	16384	16384	16384	6	2
rattled	onAfterBoost	298	6	6	70	Bug	1	1	0	100	0	-1	24576	greninjaash	0	1	0	0	0	0	0	1	100	160	1	1	undefined	missing	1	psn	iapapaberry	1	-1	0	1	1		undefined	undefined	24576	24576	24576	0	2
rattled	onAfterBoost	299	0	1	60	Dark	0	0	1	100	20	1	24576	pikachu	0	1	0	0	1	0	0	0	0	100	1	0	false	Move	1	psn	aguavberry	0	0	0	0	0		undefined	true	24576	24576	24576	0	0
rattled	onAfterBoost	300	-1	6	61	Dark	0	1	1	20	100	1	8	pikachu	0	0	1	1	0	-1	1	1	60	160	1	1	true	Ability	0	psn	wikiberry	2	-1	0	1	1		undefined	true	8	8	8	-1	2
rattled	onAfterBoost	301	0	1	60	Water	0	1	0	0	0	0	24576	greninjabond	1	0	1	1	1	6	1	2	60	0	1	0	true	Move	0	psn	iapapaberry	2	0	99	0	1		undefined	false	24576	24576	24576	6	2
rattled	onAfterBoost	302	6	0	70	Bug	1	0	1	10	100	0	8192	greninjaash	0	1	0	1	0	0	0	0	0	0	0	1	undefined	Ability	0	brn	leftovers	2	0	1	1	0	boost:spe=1:undefined:undefined:undefined:false:false	undefined	false	8192	8192	8192	0	0
rattled	onAfterBoost	303	-1	1	61	Bug	0	0	0	100	-1	-1	2048	greninjaash	1	0	0	0	1	0	0	2	60	0	0	0	true	Move	0	brn	wikiberry	1	0	-1	0	0		undefined	undefined	2048	2048	2048	0	0
rattled	onAfterBoost	304	1	1	61	Fire	1	1	0	10	0	0	8192	greninjabond	0	1	0	1	0	0	1	2	0	100	0	0	false	Move	1	brn	aguavberry	1	-1	99	0	1		undefined	false	8192	8192	8192	0	2
rattled	onAfterBoost	305	1	1	40	Ghost	0	0	0	0	0	1	24576	pikachu	1	0	0	0	0	-1	1	2	0	100	1	0	true	missing	0	brn	wikiberry	0	0	99	0	0		undefined	true	24576	24576	24576	-1	0
rattled	onAfterBoost	306	1	1	40	Fire	0	1	0	10	-1	-1	24576	pikachu	0	0	0	0	1	6	1	2	60	160	0	1	true	missing	0	brn	iapapaberry	2	0	0	0	0		undefined	undefined	24576	24576	24576	6	2
rattled	onAfterBoost	307	6	1	0	Dark	0	0	0	0	100	0	8192	pikachu	0	1	1	0	0	1	0	2	60	100	0	0	true	Ability	1	psn	figyberry	0	-1	-1	1	1	boost:spe=1:undefined:undefined:undefined:false:false	undefined	false	8192	8192	8192	1	0
rattled	onAfterBoost	308	1	0	60	Dark	1	0	0	10	0	0	0	greninjabond	1	0	1	0	1	6	1	0	60	0	0	0	true	Ability	0	psn	iapapaberry	1	-1	1	1	1	boost:spe=1:undefined:undefined:undefined:false:false	undefined	false	0	0	0	6	0
rattled	onAfterBoost	309	6	6	61	Water	0	0	0	20	0	0	0	greninjabond	0	1	1	0	0	0	1	0	100	0	1	1	true	missing	1	brn	figyberry	1	-1	99	0	1		undefined	false	0	0	0	0	0
rattled	onAfterBoost	310	-1	6	61	Dark	1	0	1	10	20	0	0	pikachu	0	1	0	1	1	1	0	0	0	100	0	1	null	Move	1	psn	sitrusberry	2	0	-1	0	0		undefined	false	0	0	0	1	0
rattled	onAfterBoost	311	0	6	70	Water	1	0	1	20	100	1	2048	pikachu	0	0	1	1	0	-1	0	2	100	0	1	0	true	Move	0	psn	sitrusberry	2	0	0	0	1		undefined	true	2048	2048	2048	-1	0
rattled	onAfterBoost	312	1	1	61	Dark	0	0	1	20	20	0	24576	pikachu	1	1	1	0	0	6	0	0	60	100	0	1	null	Move	0	psn	leftovers	2	1	1	0	0		undefined	false	24576	24576	24576	6	0
rattled	onAfterBoost	313	1	6	0	Normal	1	1	0	0	20	0	2048	greninjaash	0	1	1	0	0	-1	0	0	0	100	0	0	0	Move	1	psn	aguavberry	2	0	-1	0	0		undefined	false	2048	2048	2048	-1	2
rattled	onAfterBoost	314	0	1	40	Water	0	0	1	100	100	-1	0	greninjabond	0	0	1	0	0	1	1	1	0	160	0	1	null	missing	1	psn	sitrusberry	0	0	0	1	0		undefined	undefined	0	0	0	1	0
rattled	onAfterBoost	315	1	6	61	Bug	0	0	1	0	100	-1	8	greninjaash	0	1	1	1	1	6	0	2	0	160	1	1	undefined	missing	0	psn	sitrusberry	0	0	1	1	0		undefined	undefined	8	8	8	6	0
rattled	onAfterBoost	316	0	6	60	Fire	0	1	1	0	0	-1	0	greninjabond	0	1	0	1	1	6	1	0	60	100	0	1	true	Ability	0	psn	aguavberry	0	0	99	1	0		undefined	undefined	0	0	0	6	2
rattled	onAfterBoost	317	-1	0	0	Ghost	1	1	0	100	100	1	8	greninjaash	0	0	1	0	0	6	0	1	100	160	1	1	false	Move	0	psn	magoberry	2	0	99	0	1		undefined	true	8	8	8	6	2
rattled	onAfterBoost	318	0	6	60	Normal	1	1	1	10	20	-1	8192	greninjabond	1	0	0	1	0	1	1	0	0	0	1	1	undefined	missing	1	brn	magoberry	2	0	1	1	1		undefined	undefined	8192	8192	8192	1	2
rattled	onAfterBoost	319	1	1	0	Normal	1	0	0	0	20	1	2048	pikachu	0	0	1	0	0	6	0	2	60	0	0	1	0	Move	0	psn	figyberry	0	0	0	1	0		undefined	true	2048	2048	2048	6	0
rattled	onAfterBoost	320	1	1	70	Ghost	1	0	1	100	0	0	0	greninjaash	0	0	0	1	0	-1	0	0	100	100	1	0	true	Move	0	psn	figyberry	1	-1	0	1	0		undefined	false	0	0	0	-1	0
rattled	onAfterBoost	321	1	0	60	Ghost	0	0	1	0	0	0	24576	greninjaash	0	1	1	1	0	-1	1	1	0	0	0	1	true	missing	1	psn	magoberry	2	0	1	1	0		undefined	false	24576	24576	24576	-1	0
rattled	onAfterBoost	322	-1	1	60	Dark	0	0	1	10	0	-1	8	greninjaash	0	1	1	0	1	-1	0	0	60	0	0	1	undefined	Move	1	brn	sitrusberry	1	1	0	1	1		undefined	undefined	8	8	8	-1	0
rattled	onAfterBoost	323	0	0	0	Water	1	0	0	10	0	1	16384	pikachu	1	1	0	1	1	-1	1	0	60	160	0	0	0	Ability	0	brn	aguavberry	2	-1	0	0	1		undefined	true	16384	16384	16384	-1	0
rattled	onAfterBoost	324	6	6	61	Dark	1	1	1	100	0	-1	16384	greninjabond	1	1	1	0	1	1	0	1	100	160	1	0	undefined	Move	1	psn	wikiberry	1	-1	-1	1	0		undefined	undefined	16384	16384	16384	1	2
rattled	onAfterBoost	325	1	0	40	Dark	0	0	0	10	100	1	2048	pikachu	1	0	1	0	0	0	1	0	60	100	1	0	undefined	Ability	0	psn	leftovers	1	0	1	0	1	boost:spe=1:undefined:undefined:undefined:false:false	undefined	true	2048	2048	2048	0	0
rattled	onAfterBoost	326	1	0	70	Dark	0	1	0	10	-1	0	24576	pikachu	1	0	1	1	1	6	0	0	100	0	1	1	true	Ability	0	psn	sitrusberry	1	1	-1	1	0	boost:spe=1:undefined:undefined:undefined:false:false	undefined	false	24576	24576	24576	6	2
rattled	onAfterBoost	327	1	6	0	Fire	1	0	1	100	-1	0	16384	greninjaash	0	0	0	0	1	1	0	1	100	100	1	1	undefined	missing	0	brn	figyberry	0	1	1	0	1		undefined	false	16384	16384	16384	1	0
rattled	onAfterBoost	328	1	0	70	Bug	1	1	0	0	20	0	16384	greninjaash	1	0	1	0	1	1	0	1	100	160	0	1	null	Ability	0	psn	magoberry	1	1	0	1	1		undefined	false	16384	16384	16384	1	2
rattled	onAfterBoost	329	1	6	61	Dark	1	1	1	100	-1	0	8192	greninjabond	1	0	1	1	1	-1	0	2	0	100	0	1	false	missing	0	brn	magoberry	2	1	99	1	0		undefined	false	8192	8192	8192	-1	2
rattled	onAfterBoost	330	6	1	70	Water	0	1	1	100	-1	-1	8192	greninjabond	0	1	1	0	1	6	1	1	0	0	1	1	undefined	Ability	0	psn	aguavberry	0	1	0	0	1		undefined	undefined	8192	8192	8192	6	2
rattled	onAfterBoost	331	6	1	61	Fire	1	0	1	20	-1	1	2048	greninjabond	1	1	1	0	0	0	1	2	100	0	1	0	null	missing	0	brn	iapapaberry	0	0	99	1	0		undefined	true	2048	2048	2048	0	0
rattled	onAfterBoost	332	0	1	70	Ghost	1	0	0	20	0	0	8192	greninjabond	0	0	1	1	1	1	0	1	0	0	0	1	false	Move	1	psn	aguavberry	0	-1	1	1	0		undefined	false	8192	8192	8192	1	0
rattled	onAfterBoost	333	-1	1	0	Bug	0	1	0	20	100	-1	2048	greninjabond	0	1	0	1	0	6	0	0	0	0	0	0	true	missing	1	brn	leftovers	0	0	1	1	1		undefined	undefined	2048	2048	2048	6	2
rattled	onAfterBoost	334	6	0	61	Water	0	1	0	10	0	-1	16384	greninjaash	1	1	1	1	1	-1	0	0	0	100	1	1	null	missing	1	brn	wikiberry	0	1	1	0	0		undefined	undefined	16384	16384	16384	-1	2
rattled	onAfterBoost	335	6	6	0	Dark	0	0	0	10	100	0	2048	greninjaash	1	1	1	1	0	0	0	2	100	100	1	0	true	Move	0	brn	figyberry	1	0	1	1	0		undefined	false	2048	2048	2048	0	0
rattled	onAfterBoost	336	6	6	61	Water	0	0	1	10	-1	1	0	greninjaash	0	1	1	0	1	6	0	0	0	160	1	0	null	Ability	1	psn	sitrusberry	2	-1	-1	1	1	boost:spe=1:undefined:undefined:undefined:false:false	undefined	true	0	0	0	6	0
rattled	onAfterBoost	337	0	1	40	Normal	1	0	1	100	100	-1	2048	greninjaash	0	1	1	0	1	-1	1	0	60	100	0	0	false	missing	1	brn	figyberry	1	1	0	1	0		undefined	undefined	2048	2048	2048	-1	0
rattled	onAfterBoost	338	6	1	0	Ghost	0	1	0	10	20	0	0	pikachu	1	1	0	0	0	0	1	1	0	100	1	1	undefined	Move	1	brn	leftovers	2	1	0	1	0		undefined	false	0	0	0	0	2
rattled	onAfterBoost	339	1	1	61	Dark	1	0	0	20	-1	1	0	pikachu	1	1	0	0	1	1	1	1	60	100	1	1	undefined	Move	0	psn	figyberry	1	0	1	1	1		undefined	true	0	0	0	1	0
rattled	onAfterBoost	340	6	6	60	Ghost	0	0	1	10	0	1	24576	greninjaash	1	1	0	1	1	1	0	1	100	0	0	0	false	missing	1	psn	magoberry	2	0	99	0	1		undefined	true	24576	24576	24576	1	0
rattled	onAfterBoost	341	1	6	60	Normal	1	0	1	0	20	-1	8	greninjabond	0	0	0	1	1	0	1	1	100	100	0	0	undefined	Move	0	brn	leftovers	2	0	0	1	1		undefined	undefined	8	8	8	0	0
rattled	onAfterBoost	342	0	0	60	Fire	0	0	0	10	100	-1	8	greninjabond	1	1	1	1	0	-1	1	0	60	0	0	1	null	missing	1	psn	magoberry	1	1	0	1	1		undefined	undefined	8	8	8	-1	0
rattled	onAfterBoost	343	-1	1	70	Bug	0	1	0	0	20	1	2048	greninjaash	1	1	0	1	1	-1	1	1	0	100	0	1	true	missing	1	brn	aguavberry	0	1	99	1	0		undefined	true	2048	2048	2048	-1	2
rattled	onAfterBoost	344	6	1	70	Bug	1	0	0	20	100	-1	8	pikachu	0	1	0	1	1	0	1	0	100	0	1	1	null	Move	1	psn	aguavberry	1	0	99	1	0		undefined	undefined	8	8	8	0	0
rattled	onAfterBoost	345	0	1	60	Bug	0	1	1	20	-1	0	8192	greninjaash	0	0	1	0	1	-1	1	2	0	0	0	0	null	missing	0	psn	sitrusberry	0	1	99	0	0		undefined	false	8192	8192	8192	-1	2
rattled	onAfterBoost	346	1	0	70	Bug	1	0	0	100	100	1	8	greninjaash	1	0	0	0	1	-1	0	0	60	160	1	1	null	Ability	1	psn	leftovers	1	-1	0	0	0		undefined	true	8	8	8	-1	0
rattled	onAfterBoost	347	0	0	70	Bug	0	0	0	100	20	0	0	greninjaash	0	1	1	1	1	6	1	0	0	100	0	1	false	missing	0	psn	iapapaberry	1	-1	0	0	1		undefined	false	0	0	0	6	0
rattled	onAfterBoost	348	0	1	0	Dark	1	1	1	0	0	1	8	greninjabond	1	1	1	0	0	0	0	1	100	160	1	1	0	missing	0	psn	magoberry	0	1	-1	0	1		undefined	true	8	8	8	0	2
rattled	onAfterBoost	349	6	6	40	Ghost	0	1	1	20	20	0	2048	greninjaash	1	1	0	0	1	6	1	1	0	160	0	1	false	Move	1	psn	figyberry	2	1	0	1	1		undefined	false	2048	2048	2048	6	2
rattled	onAfterBoost	350	1	6	61	Normal	0	0	1	10	20	0	8192	greninjaash	1	0	0	0	1	0	0	0	60	160	0	0	undefined	Ability	0	brn	leftovers	0	1	99	0	1		undefined	false	8192	8192	8192	0	0
rattled	onAfterBoost	351	0	0	70	Water	0	1	1	100	-1	1	8	pikachu	1	1	1	0	1	-1	1	1	100	0	1	1	false	missing	1	psn	leftovers	0	1	99	0	1		undefined	true	8	8	8	-1	2
rattled	onAfterBoost	352	6	1	40	Normal	0	1	0	100	-1	1	8	greninjaash	1	0	1	0	1	1	1	2	0	160	0	0	true	Ability	1	psn	iapapaberry	1	1	1	1	0	boost:spe=1:undefined:undefined:undefined:false:false	undefined	true	8	8	8	1	2
rattled	onAfterBoost	353	0	1	61	Ghost	1	0	1	20	20	0	16384	greninjabond	1	1	0	0	0	-1	0	1	60	160	1	1	0	Ability	1	brn	iapapaberry	0	-1	-1	0	0	boost:spe=1:undefined:undefined:undefined:false:false	undefined	false	16384	16384	16384	-1	0
rattled	onAfterBoost	354	0	0	0	Ghost	1	0	0	10	0	0	8	pikachu	1	0	0	0	0	1	1	1	0	160	0	1	0	Move	0	brn	aguavberry	2	1	0	1	1		undefined	false	8	8	8	1	0
rattled	onAfterBoost	355	6	6	40	Normal	0	0	1	100	100	1	16384	greninjaash	0	1	0	0	0	0	1	1	100	160	1	0	true	missing	0	brn	leftovers	1	-1	99	1	0		undefined	true	16384	16384	16384	0	0
rattled	onAfterBoost	356	-1	6	60	Ghost	0	1	0	100	-1	1	16384	greninjaash	0	0	1	1	0	0	1	2	100	100	0	0	false	Move	0	psn	leftovers	1	1	0	0	0		undefined	true	16384	16384	16384	0	2
rattled	onAfterBoost	357	0	1	0	Water	0	0	1	100	20	1	8192	greninjaash	0	0	0	0	1	0	0	2	0	160	0	1	0	missing	0	psn	aguavberry	2	0	-1	0	0		undefined	true	8192	8192	8192	0	0
rattled	onAfterBoost	358	6	6	70	Ghost	0	1	1	20	20	-1	0	pikachu	1	0	0	0	0	0	1	0	100	160	0	0	undefined	Ability	1	psn	aguavberry	1	0	0	1	0		undefined	undefined	0	0	0	0	2
rattled	onAfterBoost	359	0	6	70	Dark	0	1	0	10	0	0	8192	pikachu	0	1	1	0	0	6	1	1	60	100	0	0	undefined	Ability	1	psn	leftovers	2	0	-1	1	0	boost:spe=1:undefined:undefined:undefined:false:false	undefined	false	8192	8192	8192	6	2
rattled	onAfterBoost	360	6	1	0	Normal	1	1	1	0	100	0	24576	pikachu	0	0	1	1	1	-1	1	2	0	0	1	1	undefined	Move	0	psn	figyberry	2	-1	0	0	0		undefined	false	24576	24576	24576	-1	2
rattled	onAfterBoost	361	-1	0	60	Fire	1	1	0	10	0	1	8	greninjabond	0	0	0	1	0	-1	1	1	0	0	1	1	undefined	missing	0	brn	figyberry	0	1	1	0	0		undefined	true	8	8	8	-1	2
rattled	onAfterBoost	362	-1	0	61	Water	1	1	1	100	20	1	0	greninjaash	1	1	1	0	1	0	1	2	0	160	0	1	undefined	missing	1	psn	magoberry	1	1	0	0	0		undefined	true	0	0	0	0	2
rattled	onAfterBoost	363	1	0	60	Bug	0	0	0	0	100	0	2048	pikachu	0	1	0	0	1	1	0	1	60	0	0	0	false	Move	1	brn	aguavberry	0	0	1	1	1		undefined	false	2048	2048	2048	1	0
rattled	onAfterBoost	364	1	0	60	Ghost	1	0	1	20	-1	-1	2048	greninjaash	1	0	0	0	0	-1	1	0	100	160	0	1	undefined	missing	0	psn	leftovers	0	-1	1	0	0		undefined	undefined	2048	2048	2048	-1	0
rattled	onAfterBoost	365	6	1	60	Bug	1	1	1	10	-1	1	2048	pikachu	0	1	0	1	0	-1	1	1	60	160	0	0	undefined	Move	0	brn	magoberry	1	0	-1	0	0		undefined	true	2048	2048	2048	-1	2
rattled	onAfterBoost	366	-1	1	61	Water	1	1	1	20	-1	1	8192	greninjaash	0	0	0	0	1	1	1	1	0	160	0	0	false	missing	0	brn	figyberry	1	1	99	1	0		undefined	true	8192	8192	8192	1	2
rattled	onAfterBoost	367	1	0	61	Dark	1	1	1	0	20	1	8	greninjabond	0	1	0	1	1	1	1	1	60	100	1	0	true	Move	1	brn	magoberry	1	-1	-1	1	1		undefined	true	8	8	8	1	2
rattled	onAfterBoost	368	6	6	70	Normal	1	0	0	10	-1	1	16384	pikachu	1	1	0	0	0	1	0	1	100	160	1	0	undefined	missing	0	psn	aguavberry	2	1	-1	0	1		undefined	true	16384	16384	16384	1	0
rattled	onAfterBoost	369	-1	1	60	Bug	0	0	0	10	20	-1	0	pikachu	0	1	0	1	0	-1	0	0	100	100	1	0	undefined	Ability	0	psn	sitrusberry	1	1	99	1	0		undefined	undefined	0	0	0	-1	0
rattled	onAfterBoost	370	6	6	0	Fire	1	1	1	10	100	0	24576	greninjabond	1	1	1	0	0	-1	0	1	100	0	0	1	0	Move	1	brn	aguavberry	1	1	0	0	0		undefined	false	24576	24576	24576	-1	2
rattled	onAfterBoost	371	0	6	40	Ghost	0	0	1	0	0	-1	24576	greninjaash	1	1	1	1	1	6	0	0	100	100	1	1	undefined	Move	1	brn	magoberry	0	0	-1	0	0		undefined	undefined	24576	24576	24576	6	0
rattled	onAfterBoost	372	-1	1	61	Fire	1	1	1	10	-1	0	0	greninjaash	0	1	1	1	0	-1	1	1	100	0	1	0	false	missing	1	psn	leftovers	2	1	99	0	1		undefined	false	0	0	0	-1	2
rattled	onAfterBoost	373	-1	0	70	Ghost	0	0	1	20	-1	1	2048	pikachu	1	0	0	1	0	1	0	0	100	100	1	0	false	Move	1	psn	aguavberry	1	0	-1	0	0		undefined	true	2048	2048	2048	1	0
rattled	onAfterBoost	374	0	1	0	Normal	1	0	1	20	0	1	0	greninjaash	0	1	1	0	1	1	0	1	0	160	1	0	true	missing	0	psn	wikiberry	2	1	0	0	1		undefined	true	0	0	0	1	0
rattled	onAfterBoost	375	6	6	61	Normal	1	1	0	20	-1	1	8192	greninjaash	0	1	1	1	1	0	1	1	0	160	1	1	undefined	Move	1	brn	wikiberry	0	0	0	0	0		undefined	true	8192	8192	8192	0	2
rattled	onAfterBoost	376	-1	1	60	Bug	0	0	0	20	0	0	0	greninjaash	0	0	1	1	0	6	0	1	0	160	0	1	0	missing	0	psn	iapapaberry	0	0	99	0	1		undefined	false	0	0	0	6	0
rattled	onAfterBoost	377	-1	0	40	Bug	1	1	0	0	100	-1	0	greninjabond	1	0	0	0	1	-1	1	2	60	160	1	0	true	Move	1	psn	iapapaberry	2	-1	0	1	0		undefined	undefined	0	0	0	-1	2
rattled	onAfterBoost	378	1	6	60	Fire	1	1	1	100	0	-1	24576	greninjabond	1	0	1	0	0	1	1	0	0	0	0	1	null	missing	0	psn	iapapaberry	0	0	0	1	1		undefined	undefined	24576	24576	24576	1	2
rattled	onAfterBoost	379	6	1	60	Dark	1	0	0	10	-1	1	8192	pikachu	1	1	0	1	0	-1	0	0	100	160	1	0	0	Ability	1	psn	iapapaberry	0	1	99	1	1		undefined	true	8192	8192	8192	-1	0
rattled	onAfterBoost	380	1	6	70	Dark	0	1	0	0	-1	-1	24576	pikachu	1	1	1	0	0	6	0	1	60	160	0	1	false	Ability	1	brn	wikiberry	2	0	-1	0	1	boost:spe=1:undefined:undefined:undefined:false:false	undefined	undefined	24576	24576	24576	6	2
rattled	onAfterBoost	381	1	0	61	Fire	1	1	0	0	-1	0	8	greninjabond	0	1	1	1	0	-1	1	0	0	0	1	1	0	Ability	0	psn	magoberry	1	-1	99	1	0		undefined	false	8	8	8	-1	2
rattled	onAfterBoost	382	6	0	61	Fire	1	0	0	20	100	0	2048	greninjabond	0	1	1	0	0	6	1	0	0	100	1	0	false	Ability	1	brn	iapapaberry	1	-1	99	1	1		undefined	false	2048	2048	2048	6	0
rattled	onAfterBoost	383	6	6	61	Normal	1	1	0	10	0	1	8	pikachu	1	1	0	0	0	-1	0	0	0	160	0	1	true	missing	0	psn	iapapaberry	2	1	1	1	1		undefined	true	8	8	8	-1	2
rattled	onAfterBoost	384	-1	6	70	Water	1	1	1	100	20	-1	16384	greninjaash	1	0	1	0	0	0	0	2	100	100	1	0	true	Ability	1	psn	iapapaberry	2	1	1	0	0	boost:spe=1:undefined:undefined:undefined:false:false	undefined	undefined	16384	16384	16384	0	2
rattled	onAfterBoost	385	6	0	60	Fire	1	0	0	0	-1	-1	8	greninjabond	0	1	0	0	1	-1	0	1	60	160	1	0	null	Move	0	brn	iapapaberry	1	1	1	1	0		undefined	undefined	8	8	8	-1	0
rattled	onAfterBoost	386	1	1	61	Normal	0	0	1	10	-1	0	2048	greninjabond	0	0	0	0	1	0	1	0	60	0	1	1	true	missing	1	brn	iapapaberry	1	0	0	0	1		undefined	false	2048	2048	2048	0	0
rattled	onAfterBoost	387	1	1	70	Normal	1	0	0	20	-1	0	8192	greninjaash	1	1	1	0	1	0	0	1	60	0	0	0	0	Ability	1	psn	leftovers	0	0	0	1	0		undefined	false	8192	8192	8192	0	0
rattled	onAfterBoost	388	-1	1	61	Normal	1	0	1	100	-1	0	24576	pikachu	1	0	0	1	0	6	0	0	100	160	1	0	true	Ability	1	brn	wikiberry	0	1	0	1	1		undefined	false	24576	24576	24576	6	0
rattled	onAfterBoost	389	-1	1	0	Normal	1	1	0	10	-1	0	2048	greninjaash	1	0	1	0	1	1	1	2	0	0	1	1	false	Ability	1	brn	aguavberry	1	-1	99	1	0		undefined	false	2048	2048	2048	1	2
rattled	onAfterBoost	390	-1	6	61	Normal	1	1	0	20	20	1	8	greninjabond	0	0	1	0	1	6	1	1	100	0	1	0	0	missing	0	psn	sitrusberry	2	-1	0	0	0		undefined	true	8	8	8	6	2
rattled	onAfterBoost	391	-1	1	61	Bug	0	1	1	100	20	-1	2048	greninjabond	1	1	1	1	1	6	0	1	0	160	1	0	true	Ability	0	psn	wikiberry	1	0	1	1	0	boost:spe=1:undefined:undefined:undefined:false:false	undefined	undefined	2048	2048	2048	6	2
rattled	onAfterBoost	392	-1	1	0	Normal	0	1	0	0	0	-1	24576	greninjaash	1	1	0	1	0	1	1	2	100	160	1	1	true	missing	1	psn	iapapaberry	0	-1	0	0	0		undefined	undefined	24576	24576	24576	1	2
rattled	onAfterBoost	393	6	1	60	Normal	0	0	0	0	100	0	16384	pikachu	0	0	0	1	1	-1	0	0	60	160	0	1	0	Move	1	brn	iapapaberry	2	-1	-1	0	0		undefined	false	16384	16384	16384	-1	0
rattled	onAfterBoost	394	0	6	60	Dark	0	0	0	100	20	1	8	greninjabond	0	0	0	0	0	6	0	1	100	0	1	1	undefined	Move	1	psn	figyberry	2	0	0	1	0		undefined	true	8	8	8	6	0
rattled	onAfterBoost	395	0	6	60	Bug	1	0	1	20	20	-1	8	greninjaash	0	1	0	0	1	1	0	1	100	0	1	1	null	Move	1	brn	figyberry	0	0	-1	0	1		undefined	undefined	8	8	8	1	0
rattled	onAfterBoost	396	1	1	61	Normal	0	0	0	20	20	-1	8192	pikachu	0	1	1	0	1	6	0	0	100	0	1	0	0	Move	1	brn	leftovers	0	1	1	1	0		undefined	undefined	8192	8192	8192	6	0
rattled	onAfterBoost	397	0	0	61	Bug	0	0	0	100	0	1	8192	pikachu	1	1	1	0	1	-1	0	2	60	160	1	0	true	Move	0	brn	leftovers	0	0	1	1	0		undefined	true	8192	8192	8192	-1	0
rattled	onAfterBoost	398	0	1	70	Ghost	1	1	0	20	20	1	16384	greninjabond	0	0	0	0	0	-1	0	2	0	0	0	0	false	Move	0	brn	figyberry	0	1	99	1	1		undefined	true	16384	16384	16384	-1	2
rattled	onAfterBoost	399	0	1	61	Fire	0	1	0	20	-1	0	0	greninjabond	1	1	0	1	1	1	0	0	60	100	0	0	0	Move	0	brn	wikiberry	2	0	99	0	1		undefined	false	0	0	0	1	2
rattled	onAfterBoost	400	-1	0	60	Water	1	0	0	10	20	0	8192	greninjaash	0	1	1	0	0	-1	1	2	60	160	0	1	true	missing	1	psn	sitrusberry	1	0	-1	0	1		undefined	false	8192	8192	8192	-1	0
rattled	onAfterBoost	401	6	6	60	Normal	1	1	1	100	-1	1	8	greninjaash	1	1	1	1	0	-1	1	0	100	100	0	1	0	Ability	0	psn	iapapaberry	2	1	1	0	0	boost:spe=1:undefined:undefined:undefined:false:false	undefined	true	8	8	8	-1	2
rattled	onAfterBoost	402	-1	0	0	Normal	0	1	0	10	0	-1	8192	greninjabond	0	1	0	0	1	1	1	1	100	0	1	1	null	missing	0	brn	sitrusberry	2	-1	0	0	0		undefined	undefined	8192	8192	8192	1	2
rattled	onAfterBoost	403	6	6	40	Fire	0	1	0	100	100	0	24576	greninjaash	0	0	0	1	0	6	0	1	0	100	0	1	null	missing	0	brn	iapapaberry	1	-1	99	1	0		undefined	false	24576	24576	24576	6	2
rattled	onAfterBoost	404	0	6	60	Normal	1	1	0	20	20	1	8192	greninjabond	1	1	0	1	1	1	1	0	0	100	0	1	null	missing	0	brn	sitrusberry	0	-1	99	1	0		undefined	true	8192	8192	8192	1	2
rattled	onAfterBoost	405	6	0	60	Dark	1	1	0	0	0	-1	0	greninjabond	0	0	1	1	1	1	1	1	100	100	1	0	false	Ability	0	psn	aguavberry	2	0	1	0	0	boost:spe=1:undefined:undefined:undefined:false:false	undefined	undefined	0	0	0	1	2
rattled	onAfterBoost	406	1	6	61	Bug	0	1	1	20	-1	-1	0	pikachu	1	1	0	0	1	0	1	0	100	160	0	0	undefined	Move	1	psn	iapapaberry	0	1	0	0	1		undefined	undefined	0	0	0	0	2
rattled	onAfterBoost	407	0	6	0	Fire	0	1	1	0	0	0	2048	pikachu	0	1	0	0	0	0	0	1	100	100	1	1	0	missing	0	brn	figyberry	2	-1	99	1	0		undefined	false	2048	2048	2048	0	2
rattled	onAfterBoost	408	-1	0	70	Normal	0	1	1	100	0	-1	8	greninjabond	1	0	1	1	0	0	1	2	0	160	1	0	false	Move	1	psn	wikiberry	2	-1	99	1	1		undefined	undefined	8	8	8	0	2
rattled	onAfterBoost	409	1	6	40	Fire	1	0	1	100	20	1	0	greninjaash	0	0	1	1	0	-1	0	1	100	160	0	0	undefined	Move	0	brn	sitrusberry	0	0	99	0	0		undefined	true	0	0	0	-1	0
rattled	onAfterBoost	410	6	6	40	Ghost	0	1	0	100	-1	-1	0	pikachu	0	1	1	0	0	-1	1	0	100	160	0	0	true	Move	1	psn	iapapaberry	1	0	1	0	1		undefined	undefined	0	0	0	-1	2
rattled	onAfterBoost	411	1	1	40	Fire	0	1	1	100	0	-1	2048	greninjaash	0	0	1	0	1	-1	1	1	0	160	1	0	undefined	missing	0	psn	sitrusberry	0	0	0	0	1		undefined	undefined	2048	2048	2048	-1	2
rattled	onAfterBoost	412	6	0	61	Water	1	1	1	10	20	-1	2048	pikachu	0	0	0	0	1	1	1	2	100	160	1	0	false	Ability	0	brn	leftovers	1	-1	-1	1	1	boost:spe=1:undefined:undefined:undefined:false:false	undefined	undefined	2048	2048	2048	1	2
rattled	onAfterBoost	413	0	0	0	Fire	1	0	0	20	0	-1	0	greninjaash	1	1	1	1	0	-1	0	2	100	100	0	0	0	missing	1	psn	figyberry	1	1	0	0	0		undefined	undefined	0	0	0	-1	0
rattled	onAfterBoost	414	6	0	60	Dark	0	0	1	20	0	1	8192	pikachu	1	1	0	0	0	0	1	0	100	160	0	0	false	missing	0	brn	iapapaberry	2	0	99	0	0		undefined	true	8192	8192	8192	0	0
rattled	onAfterBoost	415	1	0	61	Normal	1	1	0	100	20	-1	0	pikachu	0	1	1	0	1	-1	0	2	60	0	0	0	true	Move	0	brn	figyberry	0	-1	-1	1	1		undefined	undefined	0	0	0	-1	2
rattled	onAfterBoost	416	-1	0	60	Normal	0	1	0	0	100	1	24576	greninjabond	0	0	0	0	1	6	0	1	100	0	1	1	false	Move	0	psn	wikiberry	0	0	1	1	1		undefined	true	24576	24576	24576	6	2
rattled	onAfterBoost	417	1	1	60	Fire	0	1	1	20	0	-1	0	greninjaash	0	1	1	0	0	-1	1	2	100	0	0	0	true	missing	1	brn	magoberry	1	-1	0	1	0		undefined	undefined	0	0	0	-1	2
rattled	onAfterBoost	418	1	0	70	Water	0	0	1	20	20	-1	24576	pikachu	0	0	1	1	0	6	0	0	100	0	0	0	true	Move	0	brn	magoberry	1	0	1	1	0		undefined	undefined	24576	24576	24576	6	0
rattled	onAfterBoost	419	0	6	61	Ghost	0	1	0	0	0	-1	16384	pikachu	0	0	0	0	0	0	1	0	60	160	1	0	0	Move	0	psn	magoberry	2	1	-1	0	0		undefined	undefined	16384	16384	16384	0	2
rattled	onAfterBoost	420	0	6	70	Water	0	0	0	0	20	-1	2048	greninjabond	1	0	1	1	1	0	1	1	60	0	1	1	false	Ability	0	brn	sitrusberry	2	0	0	1	1		undefined	undefined	2048	2048	2048	0	0
rattled	onAfterBoost	421	1	0	61	Normal	0	1	1	0	100	1	8192	greninjabond	1	0	0	0	0	1	1	1	60	0	0	1	true	Move	0	brn	magoberry	1	-1	0	0	0		undefined	true	8192	8192	8192	1	2
rattled	onAfterBoost	422	-1	6	61	Bug	0	0	1	20	100	0	2048	greninjaash	1	0	1	0	0	1	0	1	100	0	1	0	undefined	missing	0	psn	wikiberry	0	-1	0	1	0		undefined	false	2048	2048	2048	1	0
rattled	onAfterBoost	423	6	1	61	Normal	1	1	1	20	-1	-1	16384	greninjabond	0	1	0	1	1	6	0	0	0	100	0	0	null	Move	1	psn	magoberry	2	-1	-1	0	0		undefined	undefined	16384	16384	16384	6	2
rattled	onAfterBoost	424	0	0	40	Normal	1	0	0	10	-1	1	0	greninjaash	1	1	1	1	1	0	0	2	60	160	0	0	true	missing	0	psn	magoberry	2	1	0	1	0		undefined	true	0	0	0	0	0
rattled	onAfterBoost	425	1	6	61	Bug	1	0	1	20	20	-1	8192	greninjaash	1	0	1	0	1	-1	0	2	0	0	0	1	null	missing	0	psn	sitrusberry	2	-1	1	1	1		undefined	undefined	8192	8192	8192	-1	0
rattled	onAfterBoost	426	1	6	60	Ghost	0	0	1	0	100	1	16384	greninjabond	1	0	1	1	1	1	1	0	60	160	0	0	undefined	Move	0	brn	magoberry	1	-1	1	0	0		undefined	true	16384	16384	16384	1	0
rattled	onAfterBoost	427	-1	6	60	Normal	1	1	0	0	-1	-1	0	pikachu	1	0	1	1	0	1	1	1	60	0	0	1	undefined	Move	0	brn	leftovers	1	1	1	1	1		undefined	undefined	0	0	0	1	2
rattled	onAfterBoost	428	6	0	60	Bug	1	0	0	100	20	0	2048	greninjabond	1	1	0	0	1	0	0	0	60	0	0	0	false	Ability	1	brn	leftovers	1	0	1	0	0	boost:spe=1:undefined:undefined:undefined:false:false	undefined	false	2048	2048	2048	0	0
rattled	onAfterBoost	429	-1	6	70	Ghost	1	0	1	10	100	0	0	greninjabond	0	1	0	0	0	-1	0	0	100	0	0	1	undefined	missing	1	brn	aguavberry	0	1	-1	1	0		undefined	false	0	0	0	-1	0
rattled	onAfterBoost	430	1	6	70	Ghost	0	1	0	20	20	-1	0	greninjaash	1	0	1	0	1	1	1	0	60	0	1	0	null	Ability	1	psn	iapapaberry	0	0	99	0	1		undefined	undefined	0	0	0	1	2
rattled	onAfterBoost	431	6	6	61	Dark	1	1	1	0	0	1	8192	pikachu	0	1	1	1	0	1	1	0	60	160	1	1	0	Move	1	psn	aguavberry	0	0	0	1	1		undefined	true	8192	8192	8192	1	2
rattled	onAfterBoost	432	0	6	70	Water	0	0	1	20	100	0	2048	greninjabond	1	0	1	0	1	1	0	2	0	160	1	1	null	missing	0	psn	magoberry	1	-1	-1	1	0		undefined	false	2048	2048	2048	1	0
rattled	onAfterBoost	433	0	1	61	Water	1	1	1	10	100	1	16384	greninjabond	0	1	1	1	1	0	0	1	100	0	0	1	null	Move	1	psn	iapapaberry	1	0	-1	1	1		undefined	true	16384	16384	16384	0	2
rattled	onAfterBoost	434	0	0	0	Normal	1	0	1	20	0	0	16384	greninjabond	1	1	1	1	0	-1	0	2	0	160	1	0	0	missing	1	psn	aguavberry	0	-1	1	1	1		undefined	false	16384	16384	16384	-1	0
rattled	onAfterBoost	435	1	1	0	Bug	1	1	1	10	20	0	0	greninjaash	1	0	0	1	1	6	1	2	60	0	1	1	true	missing	0	brn	aguavberry	0	1	0	0	0		undefined	false	0	0	0	6	2
rattled	onAfterBoost	436	0	1	61	Normal	0	1	1	20	100	0	8	greninjabond	0	1	0	1	0	-1	0	2	100	100	1	1	false	Ability	1	brn	sitrusberry	2	-1	99	0	0		undefined	false	8	8	8	-1	2
rattled	onAfterBoost	437	1	1	40	Fire	1	1	1	100	100	0	8192	greninjaash	1	0	0	1	1	1	0	0	100	160	0	0	false	Move	0	psn	figyberry	0	-1	-1	1	0		undefined	false	8192	8192	8192	1	2
rattled	onAfterBoost	438	6	6	61	Bug	0	1	0	20	-1	1	8	greninjaash	1	0	1	0	0	6	1	1	0	160	1	0	true	missing	0	brn	sitrusberry	1	1	0	1	1		undefined	true	8	8	8	6	2
rattled	onAfterBoost	439	-1	0	61	Dark	0	1	0	100	20	1	24576	greninjaash	1	1	0	0	1	0	1	2	100	100	0	1	0	Move	1	brn	figyberry	0	1	1	1	0		undefined	true	24576	24576	24576	0	2
rattled	onAfterBoost	440	0	0	0	Bug	1	1	0	100	-1	0	2048	greninjaash	0	0	0	1	1	-1	1	0	100	100	1	0	null	Move	1	brn	figyberry	1	0	99	1	1		undefined	false	2048	2048	2048	-1	2
rattled	onAfterBoost	441	0	0	0	Fire	0	0	1	10	-1	0	8	pikachu	1	0	0	1	1	0	1	2	100	100	1	1	false	Move	0	brn	aguavberry	1	-1	0	1	1		undefined	false	8	8	8	0	0
rattled	onAfterBoost	442	-1	6	40	Dark	1	1	0	0	20	0	8	greninjaash	1	1	0	1	1	6	0	0	60	0	1	0	0	Ability	0	brn	iapapaberry	1	1	1	0	1	boost:spe=1:undefined:undefined:undefined:false:false	undefined	false	8	8	8	6	2
rattled	onAfterBoost	443	0	6	40	Ghost	1	1	0	10	20	1	0	greninjaash	1	0	0	0	0	-1	1	1	100	160	0	0	undefined	missing	1	brn	magoberry	1	-1	99	0	1		undefined	true	0	0	0	-1	2
rattled	onAfterBoost	444	-1	6	60	Water	1	0	0	10	100	0	24576	greninjabond	1	0	1	0	0	-1	0	1	100	100	1	0	0	Ability	1	brn	figyberry	1	0	-1	0	1	boost:spe=1:undefined:undefined:undefined:false:false	undefined	false	24576	24576	24576	-1	0
rattled	onAfterBoost	445	6	1	40	Bug	0	0	1	0	20	0	0	greninjaash	1	1	0	1	1	-1	1	0	0	160	0	0	undefined	missing	1	brn	figyberry	1	0	-1	1	0		undefined	false	0	0	0	-1	0
rattled	onAfterBoost	446	-1	0	61	Ghost	0	0	0	20	-1	-1	2048	pikachu	0	1	1	0	1	6	0	2	0	160	0	0	true	Ability	0	psn	iapapaberry	1	1	99	0	0		undefined	undefined	2048	2048	2048	6	0
rattled	onAfterBoost	447	0	6	0	Fire	0	1	1	10	-1	1	8	pikachu	1	1	0	1	1	-1	1	1	0	160	1	0	true	Move	1	brn	magoberry	0	0	1	0	1		undefined	true	8	8	8	-1	2
rattled	onAfterBoost	448	0	1	60	Normal	0	1	0	0	100	-1	24576	greninjabond	1	1	1	0	1	0	1	1	60	0	0	1	false	missing	1	brn	magoberry	0	0	1	0	1		undefined	undefined	24576	24576	24576	0	2
rattled	onAfterBoost	449	0	1	60	Bug	1	1	0	10	100	-1	0	pikachu	1	0	0	0	1	0	0	0	100	0	1	0	undefined	missing	0	brn	iapapaberry	1	-1	99	0	1		undefined	undefined	0	0	0	0	2
rattled	onAfterBoost	450	6	6	60	Bug	1	1	0	20	100	1	2048	pikachu	1	0	0	1	0	0	1	1	60	160	1	0	null	Ability	0	psn	leftovers	0	0	1	0	0	boost:spe=1:undefined:undefined:undefined:false:false	undefined	true	2048	2048	2048	0	2
rattled	onAfterBoost	451	-1	6	70	Ghost	0	1	1	20	100	1	8192	pikachu	0	0	1	0	0	0	0	2	60	100	1	1	false	Move	1	psn	sitrusberry	2	1	1	1	0		undefined	true	8192	8192	8192	0	2
rattled	onAfterBoost	452	1	1	70	Water	0	0	0	0	100	1	24576	pikachu	0	0	0	1	0	6	1	0	100	0	0	1	undefined	missing	0	brn	iapapaberry	0	0	0	0	1		undefined	true	24576	24576	24576	6	0
rattled	onAfterBoost	453	0	1	60	Bug	1	1	1	20	20	-1	8	greninjabond	0	1	0	1	1	1	0	1	100	0	0	1	0	Move	1	brn	aguavberry	2	0	99	1	0		undefined	undefined	8	8	8	1	2
rattled	onAfterBoost	454	0	6	70	Bug	1	0	1	20	0	1	16384	greninjaash	0	1	0	0	0	-1	1	0	60	100	0	0	true	missing	1	brn	aguavberry	0	0	0	0	1		undefined	true	16384	16384	16384	-1	0
rattled	onAfterBoost	455	0	0	0	Normal	0	1	0	0	0	0	24576	pikachu	1	1	1	1	0	6	1	1	100	160	0	0	null	Ability	1	psn	iapapaberry	1	-1	99	1	0		undefined	false	24576	24576	24576	6	2
rattled	onAfterBoost	456	0	1	70	Dark	0	0	1	10	-1	1	8192	greninjabond	0	1	0	1	0	6	1	0	100	100	1	0	0	Move	1	brn	leftovers	0	-1	1	0	0		undefined	true	8192	8192	8192	6	0
rattled	onAfterBoost	457	0	1	0	Bug	0	0	0	0	0	-1	16384	greninjaash	0	1	0	0	0	0	1	0	0	0	1	0	null	Ability	1	psn	aguavberry	0	1	-1	0	1	boost:spe=1:undefined:undefined:undefined:false:false	undefined	undefined	16384	16384	16384	0	0
rattled	onAfterBoost	458	1	0	70	Ghost	1	0	0	0	0	0	16384	greninjaash	1	0	0	1	0	-1	0	2	100	0	0	0	0	Ability	1	brn	leftovers	2	0	1	1	0	boost:spe=1:undefined:undefined:undefined:false:false	undefined	false	16384	16384	16384	-1	0
rattled	onAfterBoost	459	1	1	70	Bug	0	1	0	100	0	-1	8192	greninjabond	0	0	0	1	1	1	0	1	0	0	0	1	undefined	Move	1	psn	figyberry	0	0	-1	0	1		undefined	undefined	8192	8192	8192	1	2
rattled	onAfterBoost	460	-1	6	60	Bug	0	1	1	100	100	-1	2048	greninjaash	1	1	0	0	0	6	1	0	60	160	1	0	false	Ability	0	brn	aguavberry	0	-1	99	0	1		undefined	undefined	2048	2048	2048	6	2
rattled	onAfterBoost	461	6	0	61	Ghost	1	0	1	100	20	0	24576	greninjabond	1	0	1	0	1	-1	1	1	100	0	1	1	0	missing	0	psn	sitrusberry	0	0	99	0	0		undefined	false	24576	24576	24576	-1	0
rattled	onAfterBoost	462	1	6	70	Dark	1	0	1	20	100	-1	8192	greninjaash	0	0	0	0	0	0	1	2	0	160	0	0	false	Ability	0	psn	magoberry	0	1	99	1	1		undefined	undefined	8192	8192	8192	0	0
rattled	onAfterBoost	463	1	0	60	Bug	1	1	1	20	20	1	24576	greninjabond	0	0	0	0	1	1	1	1	60	100	0	1	0	Move	1	psn	wikiberry	2	-1	99	0	1		undefined	true	24576	24576	24576	1	2
rattled	onAfterBoost	464	1	6	61	Dark	1	1	0	20	0	0	8	pikachu	1	0	0	1	0	-1	1	1	100	160	0	1	null	Ability	0	brn	aguavberry	2	0	0	0	0		undefined	false	8	8	8	-1	2
rattled	onAfterBoost	465	-1	1	61	Dark	0	1	0	0	20	1	8	pikachu	1	0	0	1	0	0	0	2	100	100	1	1	undefined	Ability	0	psn	aguavberry	2	0	1	0	1	boost:spe=1:undefined:undefined:undefined:false:false	undefined	true	8	8	8	0	2
rattled	onAfterBoost	466	1	0	60	Water	1	0	1	20	-1	1	24576	greninjabond	0	0	1	1	1	1	0	0	100	160	0	0	0	Move	0	psn	figyberry	2	0	1	0	1		undefined	true	24576	24576	24576	1	0
rattled	onAfterBoost	467	0	6	70	Bug	0	1	1	100	0	-1	24576	greninjabond	0	0	1	1	0	6	0	0	60	160	0	0	null	missing	1	brn	magoberry	0	-1	99	0	0		undefined	undefined	24576	24576	24576	6	2
rattled	onAfterBoost	468	1	6	70	Normal	1	1	0	20	100	0	0	greninjaash	0	0	1	0	0	6	1	1	100	0	1	1	null	Ability	0	brn	magoberry	2	1	-1	1	0	boost:spe=1:undefined:undefined:undefined:false:false	undefined	false	0	0	0	6	2
rattled	onAfterBoost	469	0	1	61	Dark	0	1	0	10	-1	1	0	greninjaash	1	1	1	0	0	1	0	2	100	0	1	1	undefined	Ability	1	psn	wikiberry	1	1	1	0	0	boost:spe=1:undefined:undefined:undefined:false:false	undefined	true	0	0	0	1	2
rattled	onAfterBoost	470	-1	0	61	Normal	1	1	1	20	20	1	0	pikachu	0	0	0	0	1	0	0	2	60	0	1	0	null	missing	0	brn	wikiberry	0	-1	1	0	0		undefined	true	0	0	0	0	2
rattled	onAfterBoost	471	6	6	60	Fire	1	0	1	10	-1	0	8	pikachu	0	0	1	0	0	0	0	1	100	0	1	0	null	Ability	0	psn	iapapaberry	2	1	-1	0	1	boost:spe=1:undefined:undefined:undefined:false:false	undefined	false	8	8	8	0	0
rattled	onAfterBoost	472	1	0	40	Dark	0	1	1	100	20	0	16384	greninjabond	1	0	1	0	0	1	0	2	100	0	0	0	0	Ability	0	brn	wikiberry	0	-1	-1	0	1	boost:spe=1:undefined:undefined:undefined:false:false	undefined	false	16384	16384	16384	1	2
rattled	onAfterBoost	473	-1	6	60	Fire	1	0	0	100	0	0	0	greninjabond	1	1	0	1	0	0	0	0	0	0	1	1	false	missing	1	brn	leftovers	2	-1	-1	1	1		undefined	false	0	0	0	0	0
rattled	onAfterBoost	474	0	6	61	Dark	0	1	1	0	20	-1	16384	pikachu	0	1	1	1	0	0	1	1	60	160	0	0	null	Move	0	brn	magoberry	2	1	1	1	1		undefined	undefined	16384	16384	16384	0	2
rattled	onAfterBoost	475	-1	6	61	Ghost	1	1	1	0	-1	0	24576	greninjabond	1	0	0	0	0	-1	0	1	0	0	1	0	true	missing	1	brn	sitrusberry	2	1	1	1	0		undefined	false	24576	24576	24576	-1	2
rattled	onAfterBoost	476	-1	1	70	Water	0	0	0	10	100	0	2048	pikachu	0	0	0	1	1	1	1	2	60	100	0	0	undefined	Move	1	brn	leftovers	1	1	0	1	0		undefined	false	2048	2048	2048	1	0
rattled	onAfterBoost	477	1	6	70	Water	1	0	0	100	-1	0	24576	greninjaash	0	0	1	1	0	-1	0	0	0	0	1	0	0	Move	0	brn	leftovers	2	0	1	0	0		undefined	false	24576	24576	24576	-1	0
rattled	onAfterBoost	478	0	1	60	Ghost	1	1	0	20	-1	0	2048	greninjaash	0	1	1	1	0	1	1	0	0	0	1	1	undefined	Move	1	psn	figyberry	0	1	-1	1	0		undefined	false	2048	2048	2048	1	2
rattled	onAfterBoost	479	-1	0	60	Fire	1	0	0	0	0	-1	16384	greninjaash	0	0	0	1	0	0	0	1	60	0	0	0	undefined	Move	0	brn	magoberry	0	1	-1	1	0		undefined	undefined	16384	16384	16384	0	0
rattled	onAfterBoost	480	1	1	40	Ghost	1	0	1	0	0	1	16384	greninjabond	0	1	0	1	0	6	0	1	100	160	1	1	0	missing	0	brn	sitrusberry	2	1	99	0	1		undefined	true	16384	16384	16384	6	0
rattled	onAfterBoost	481	-1	0	70	Water	0	1	0	100	-1	1	8192	greninjaash	0	0	1	1	1	0	1	2	100	100	0	0	0	Move	0	psn	wikiberry	0	-1	0	1	1		undefined	true	8192	8192	8192	0	2
rattled	onAfterBoost	482	-1	6	61	Normal	0	1	1	20	100	-1	0	greninjaash	0	1	1	1	1	6	0	1	100	100	1	0	undefined	Ability	1	psn	aguavberry	2	0	1	0	0	boost:spe=1:undefined:undefined:undefined:false:false	undefined	undefined	0	0	0	6	2
rattled	onAfterBoost	483	1	1	61	Fire	1	1	0	0	20	-1	8192	greninjabond	1	0	1	1	1	1	0	0	0	0	0	1	0	missing	1	psn	magoberry	1	-1	-1	0	1		undefined	undefined	8192	8192	8192	1	2
rattled	onAfterBoost	484	6	1	60	Bug	1	0	1	0	0	0	8	greninjabond	1	1	0	0	1	1	0	1	0	0	1	1	0	missing	1	brn	wikiberry	2	-1	1	1	1		undefined	false	8	8	8	1	0
rattled	onAfterBoost	485	-1	6	60	Dark	1	1	0	0	-1	-1	0	greninjabond	1	1	1	1	0	1	1	2	0	0	1	0	null	Move	1	brn	iapapaberry	1	-1	0	1	1		undefined	undefined	0	0	0	1	2
rattled	onAfterBoost	486	1	1	40	Water	1	0	0	100	-1	1	8192	greninjaash	0	1	1	1	1	1	0	0	100	100	1	1	0	Ability	0	brn	figyberry	2	1	1	0	1	boost:spe=1:undefined:undefined:undefined:false:false	undefined	true	8192	8192	8192	1	0
rattled	onAfterBoost	487	-1	0	70	Bug	1	0	1	20	100	1	16384	greninjabond	1	0	0	1	1	-1	0	0	60	100	1	1	0	Ability	0	brn	aguavberry	0	-1	0	0	1		undefined	true	16384	16384	16384	-1	0
rattled	onAfterBoost	488	1	1	0	Ghost	0	0	0	10	20	-1	0	pikachu	1	1	0	0	0	0	0	0	100	100	0	0	true	missing	1	brn	aguavberry	1	0	1	1	1		undefined	undefined	0	0	0	0	0
rattled	onAfterBoost	489	6	0	60	Normal	0	0	1	20	100	-1	16384	greninjabond	1	1	1	0	1	0	0	2	100	0	0	0	true	Ability	1	psn	wikiberry	1	0	99	1	1		undefined	undefined	16384	16384	16384	0	0
rattled	onAfterBoost	490	6	6	0	Dark	0	0	0	0	-1	0	8192	greninjaash	0	0	0	1	0	1	0	2	100	0	1	0	undefined	Ability	0	brn	wikiberry	2	-1	1	1	1	boost:spe=1:undefined:undefined:undefined:false:false	undefined	false	8192	8192	8192	1	0
rattled	onAfterBoost	491	0	0	70	Fire	1	1	1	10	20	1	8	greninjabond	1	0	1	1	0	6	1	2	0	0	1	1	undefined	missing	0	psn	aguavberry	1	1	99	0	0		undefined	true	8	8	8	6	2
rattled	onAfterBoost	492	0	6	40	Bug	0	1	0	100	0	-1	8	greninjabond	0	1	1	1	1	0	0	2	0	0	1	0	null	Move	1	brn	magoberry	1	1	99	1	1		undefined	undefined	8	8	8	0	2
rattled	onAfterBoost	493	1	0	61	Ghost	0	0	0	20	0	-1	8	greninjabond	1	0	1	0	1	0	0	2	0	100	1	1	undefined	Move	1	psn	figyberry	0	-1	0	1	1		undefined	undefined	8	8	8	0	0
rattled	onAfterBoost	494	6	1	61	Dark	0	0	0	100	0	0	16384	greninjaash	1	1	1	1	0	6	0	2	0	0	1	1	undefined	Move	1	psn	aguavberry	2	-1	-1	0	1		undefined	false	16384	16384	16384	6	0
rattled	onAfterBoost	495	0	6	70	Water	0	0	0	10	-1	0	0	pikachu	1	0	1	0	0	6	0	2	100	100	0	1	true	Move	0	psn	iapapaberry	0	1	0	0	0		undefined	false	0	0	0	6	0
rattled	onAfterBoost	496	1	6	61	Fire	0	1	1	20	0	0	24576	greninjabond	0	0	1	1	1	6	1	2	0	160	0	1	0	Move	1	brn	figyberry	2	-1	0	1	0		undefined	false	24576	24576	24576	6	2
rattled	onAfterBoost	497	6	1	61	Fire	1	1	1	20	-1	-1	8192	greninjaash	1	0	1	0	1	0	1	2	60	0	0	1	0	missing	1	brn	wikiberry	2	-1	-1	0	1		undefined	undefined	8192	8192	8192	0	2
rattled	onAfterBoost	498	1	0	70	Water	0	0	0	20	20	0	2048	pikachu	0	0	0	1	1	0	1	0	100	0	1	0	true	Move	0	psn	magoberry	1	1	1	1	1		undefined	false	2048	2048	2048	0	0
rattled	onAfterBoost	499	-1	6	40	Normal	1	1	0	10	100	0	0	greninjaash	0	0	0	0	0	-1	1	0	0	160	0	0	undefined	Move	0	psn	figyberry	1	0	0	1	1		undefined	false	0	0	0	-1	2
rattled	onAfterBoost	500	6	0	70	Normal	0	0	0	20	0	0	8	greninjaash	1	0	0	0	1	0	0	0	100	0	0	1	0	missing	0	brn	figyberry	1	-1	-1	1	0		undefined	false	8	8	8	0	0
rattled	onAfterBoost	501	6	6	0	Normal	1	1	0	100	0	1	24576	greninjaash	0	1	1	0	1	6	1	2	0	100	0	1	null	Move	0	brn	aguavberry	0	-1	0	1	1		undefined	true	24576	24576	24576	6	2
rattled	onAfterBoost	502	-1	6	61	Fire	0	1	0	100	100	1	8192	pikachu	1	0	0	1	0	6	1	1	100	0	0	1	0	Move	1	brn	aguavberry	1	0	1	1	0		undefined	true	8192	8192	8192	6	2
rattled	onAfterBoost	503	1	6	60	Fire	0	0	1	100	0	-1	2048	greninjabond	1	0	0	0	0	1	0	2	0	160	0	0	undefined	Ability	0	psn	iapapaberry	2	-1	1	1	1	boost:spe=1:undefined:undefined:undefined:false:false	undefined	undefined	2048	2048	2048	1	0
rattled	onAfterBoost	504	6	6	70	Fire	1	1	1	100	100	-1	8192	pikachu	1	1	0	0	1	-1	1	2	60	160	1	0	null	Move	1	brn	aguavberry	2	0	-1	1	0		undefined	undefined	8192	8192	8192	-1	2
rattled	onAfterBoost	505	6	1	60	Ghost	0	0	1	10	20	-1	24576	greninjaash	0	1	1	1	0	0	0	2	100	100	0	1	true	missing	0	brn	aguavberry	2	0	1	0	1		undefined	undefined	24576	24576	24576	0	0
rattled	onAfterBoost	506	0	0	70	Normal	0	0	0	0	100	1	0	pikachu	0	1	0	1	1	6	0	0	0	100	1	0	0	missing	1	brn	sitrusberry	1	1	1	0	0		undefined	true	0	0	0	6	0
rattled	onAfterBoost	507	1	6	70	Normal	0	1	1	20	0	1	2048	pikachu	0	0	1	0	1	0	1	1	0	0	0	1	true	Ability	0	brn	magoberry	1	0	-1	0	0	boost:spe=1:undefined:undefined:undefined:false:false	undefined	true	2048	2048	2048	0	2
rattled	onAfterBoost	508	0	1	0	Bug	1	0	1	10	0	0	2048	pikachu	0	0	0	1	1	-1	1	2	0	160	1	0	true	Move	0	psn	iapapaberry	1	-1	0	1	0		undefined	false	2048	2048	2048	-1	0
rattled	onAfterBoost	509	0	1	61	Normal	0	0	1	10	0	1	0	greninjabond	1	0	0	0	1	0	0	1	60	100	0	0	true	Move	1	brn	wikiberry	0	1	-1	0	1		undefined	true	0	0	0	0	0
rattled	onAfterBoost	510	1	1	70	Water	0	1	1	100	20	1	8192	greninjabond	1	0	0	1	1	-1	0	2	60	0	0	1	true	Ability	0	psn	iapapaberry	2	-1	-1	0	0	boost:spe=1:undefined:undefined:undefined:false:false	undefined	true	8192	8192	8192	-1	2
rattled	onAfterBoost	511	1	1	0	Ghost	0	0	1	20	100	0	2048	greninjabond	0	0	1	1	1	0	1	1	100	160	1	0	undefined	Ability	1	brn	wikiberry	2	0	99	0	0		undefined	false	2048	2048	2048	0	0
rattled	onAfterBoost	512	6	1	61	Dark	0	0	0	0	-1	1	24576	greninjaash	0	1	0	1	1	1	1	0	100	100	0	1	false	missing	0	brn	aguavberry	2	-1	99	1	1		undefined	true	24576	24576	24576	1	0
rattled	onAfterBoost	513	1	1	60	Water	0	1	1	10	0	-1	2048	greninjaash	1	0	1	1	0	0	1	2	0	0	0	1	false	missing	1	psn	iapapaberry	0	-1	99	0	1		undefined	undefined	2048	2048	2048	0	2
rattled	onAfterBoost	514	0	6	40	Ghost	1	1	0	20	0	-1	24576	greninjabond	1	1	1	1	0	1	0	1	60	160	0	0	null	Ability	0	psn	iapapaberry	0	1	1	1	0	boost:spe=1:undefined:undefined:undefined:false:false	undefined	undefined	24576	24576	24576	1	2
rattled	onAfterBoost	515	0	6	61	Fire	0	1	1	100	0	1	2048	greninjaash	0	0	0	1	0	1	1	2	100	100	1	1	false	Move	0	brn	leftovers	0	1	1	0	1		undefined	true	2048	2048	2048	1	2
rattled	onAfterBoost	516	6	0	60	Ghost	0	1	0	0	0	0	2048	greninjabond	0	1	1	0	1	-1	1	0	100	160	0	1	null	missing	0	psn	magoberry	1	0	1	0	0		undefined	false	2048	2048	2048	-1	2
rattled	onAfterBoost	517	6	1	0	Fire	0	0	1	20	0	-1	8192	greninjabond	0	1	0	1	0	6	0	1	60	160	0	0	null	Move	0	psn	aguavberry	0	-1	-1	0	1		undefined	undefined	8192	8192	8192	6	0
rattled	onAfterBoost	518	6	0	61	Fire	0	0	1	100	-1	0	16384	greninjaash	1	1	0	1	0	-1	0	2	60	100	0	1	undefined	Ability	1	brn	magoberry	2	1	1	1	1	boost:spe=1:undefined:undefined:undefined:false:false	undefined	false	16384	16384	16384	-1	0
rattled	onAfterBoost	519	6	6	61	Ghost	1	0	0	0	-1	1	8	greninjaash	0	0	0	0	0	-1	1	1	100	0	0	1	false	Ability	1	brn	figyberry	1	-1	99	0	1		undefined	true	8	8	8	-1	0
rattled	onAfterBoost	520	6	0	60	Ghost	1	0	1	10	100	0	16384	pikachu	0	0	1	0	1	6	0	2	0	0	0	0	0	missing	0	brn	sitrusberry	0	0	1	1	1		undefined	false	16384	16384	16384	6	0
rattled	onAfterBoost	521	1	0	61	Ghost	1	1	1	10	20	1	24576	greninjaash	1	1	1	0	0	0	1	2	60	160	1	0	false	Ability	0	psn	aguavberry	0	-1	0	1	1		undefined	true	24576	24576	24576	0	2
rattled	onAfterBoost	522	-1	1	60	Normal	1	1	1	0	-1	1	16384	pikachu	1	1	1	1	1	-1	1	0	0	160	0	0	null	missing	0	brn	sitrusberry	0	0	1	0	1		undefined	true	16384	16384	16384	-1	2
rattled	onAfterBoost	523	-1	0	70	Dark	0	1	0	100	-1	-1	2048	greninjaash	1	0	1	1	0	6	1	0	0	100	0	0	0	Ability	0	psn	iapapaberry	1	1	0	1	0		undefined	undefined	2048	2048	2048	6	2
rattled	onAfterBoost	524	0	6	40	Dark	1	1	1	100	-1	-1	2048	pikachu	1	0	0	1	0	-1	1	2	0	0	0	1	true	missing	0	psn	aguavberry	2	-1	99	0	1		undefined	undefined	2048	2048	2048	-1	2
rattled	onAfterBoost	525	-1	1	0	Fire	1	1	1	0	100	-1	2048	pikachu	0	0	0	1	0	0	1	2	100	0	0	1	undefined	Move	1	psn	figyberry	2	1	99	0	1		undefined	undefined	2048	2048	2048	0	2
rattled	onAfterBoost	526	-1	0	70	Bug	0	0	1	100	-1	-1	8192	greninjabond	1	1	1	1	1	0	1	0	100	100	1	1	0	missing	1	psn	wikiberry	0	0	-1	0	0		undefined	undefined	8192	8192	8192	0	0
rattled	onAfterBoost	527	-1	6	60	Normal	1	0	1	100	0	1	8192	pikachu	0	0	1	0	0	6	1	1	60	160	1	1	undefined	Ability	1	psn	iapapaberry	2	-1	-1	1	0	boost:spe=1:undefined:undefined:undefined:false:false	undefined	true	8192	8192	8192	6	0
rattled	onAfterBoost	528	6	6	61	Ghost	0	1	1	20	-1	-1	16384	greninjaash	1	0	0	1	1	0	0	1	0	0	1	0	true	Ability	0	brn	wikiberry	1	1	0	1	0		undefined	undefined	16384	16384	16384	0	2
rattled	onAfterBoost	529	1	1	70	Dark	0	0	0	0	0	-1	0	greninjaash	0	0	0	0	1	0	0	1	100	0	1	0	true	Move	1	brn	leftovers	0	-1	99	1	1		undefined	undefined	0	0	0	0	0
rattled	onAfterBoost	530	6	0	0	Ghost	1	0	1	20	100	1	0	pikachu	1	0	1	1	0	6	0	1	100	100	0	0	undefined	missing	1	psn	wikiberry	2	0	1	1	1		undefined	true	0	0	0	6	0
rattled	onAfterBoost	531	1	0	60	Bug	1	0	1	0	20	0	2048	pikachu	1	1	1	0	1	-1	1	1	100	0	1	0	false	missing	1	psn	magoberry	0	1	-1	0	1		undefined	false	2048	2048	2048	-1	0
rattled	onAfterBoost	532	-1	6	60	Fire	0	0	1	100	-1	0	2048	pikachu	0	0	1	0	0	6	0	0	0	100	1	0	null	missing	1	psn	leftovers	1	1	-1	0	1		undefined	false	2048	2048	2048	6	0
rattled	onAfterBoost	533	1	1	61	Water	0	0	1	10	100	1	8	greninjaash	1	1	0	0	0	6	0	0	60	100	0	1	true	Ability	1	brn	leftovers	0	0	99	1	1		undefined	true	8	8	8	6	0
rattled	onAfterBoost	534	0	0	0	Dark	1	0	0	100	0	-1	24576	greninjaash	0	0	1	1	0	1	0	1	0	100	1	1	0	missing	0	brn	leftovers	2	-1	1	1	0		undefined	undefined	24576	24576	24576	1	0
rattled	onAfterBoost	535	-1	0	70	Bug	1	0	0	10	100	-1	8192	pikachu	1	0	1	1	1	1	1	0	0	160	0	0	true	missing	1	psn	figyberry	0	0	-1	0	1		undefined	undefined	8192	8192	8192	1	0
rattled	onAfterBoost	536	6	1	40	Ghost	1	0	0	0	100	-1	2048	pikachu	0	1	0	0	1	1	0	0	0	160	0	1	0	Move	0	brn	sitrusberry	1	-1	-1	0	0		undefined	undefined	2048	2048	2048	1	0
rattled	onAfterBoost	537	0	6	0	Normal	0	1	0	0	-1	-1	8192	pikachu	1	1	0	0	1	0	1	2	60	0	1	1	undefined	Move	1	psn	wikiberry	0	-1	-1	1	1		undefined	undefined	8192	8192	8192	0	2
rattled	onAfterBoost	538	1	1	0	Normal	1	0	1	0	0	-1	24576	greninjabond	1	0	0	1	1	0	0	0	0	0	1	1	true	Ability	0	brn	iapapaberry	2	-1	99	1	0		undefined	undefined	24576	24576	24576	0	0
rattled	onAfterBoost	539	0	1	61	Bug	1	0	0	0	100	-1	24576	greninjaash	1	1	0	1	0	0	0	2	60	0	0	1	0	Move	1	brn	leftovers	1	1	1	1	0		undefined	undefined	24576	24576	24576	0	0
rattled	onAfterBoost	540	1	6	61	Ghost	0	0	0	20	-1	-1	8192	pikachu	1	1	1	1	0	6	0	0	60	0	0	1	true	Ability	1	psn	iapapaberry	0	-1	0	0	0		undefined	undefined	8192	8192	8192	6	0
rattled	onAfterBoost	541	-1	1	40	Normal	0	1	1	100	100	1	8192	greninjabond	0	0	0	0	1	0	1	1	100	0	1	1	undefined	missing	0	brn	magoberry	2	1	1	1	1		undefined	true	8192	8192	8192	0	2
rattled	onAfterBoost	542	1	1	40	Water	1	1	0	100	100	1	2048	greninjabond	0	0	1	1	1	1	0	2	100	160	1	1	undefined	Ability	1	psn	aguavberry	1	-1	-1	1	1	boost:spe=1:undefined:undefined:undefined:false:false	undefined	true	2048	2048	2048	1	2
rattled	onAfterBoost	543	0	1	60	Fire	0	0	1	0	-1	0	24576	greninjaash	1	0	0	1	0	0	1	1	100	160	1	1	true	missing	1	psn	sitrusberry	1	1	0	0	0		undefined	false	24576	24576	24576	0	0
rattled	onAfterBoost	544	6	0	0	Ghost	1	0	1	10	20	-1	16384	greninjaash	1	1	1	1	0	-1	1	0	100	0	0	0	0	Move	1	brn	magoberry	0	-1	99	0	0		undefined	undefined	16384	16384	16384	-1	0
rattled	onAfterBoost	545	0	1	40	Water	1	0	0	100	100	1	8	greninjaash	1	0	0	1	1	0	0	1	60	100	1	1	undefined	Ability	0	psn	iapapaberry	0	-1	1	0	1	boost:spe=1:undefined:undefined:undefined:false:false	undefined	true	8	8	8	0	0
rattled	onAfterBoost	546	0	6	40	Dark	1	1	0	100	-1	-1	2048	greninjabond	1	1	0	0	1	-1	1	2	60	160	1	1	true	Ability	1	psn	iapapaberry	1	-1	99	0	1		undefined	undefined	2048	2048	2048	-1	2
rattled	onAfterBoost	547	-1	1	70	Normal	1	0	1	10	100	0	24576	greninjabond	1	1	1	1	1	1	0	0	60	100	0	1	null	Move	1	brn	iapapaberry	0	0	0	1	1		undefined	false	24576	24576	24576	1	0
rattled	onAfterBoost	548	-1	0	70	Fire	1	1	1	10	-1	1	8192	greninjaash	0	1	0	0	0	1	0	1	0	160	0	0	null	Move	1	psn	aguavberry	1	1	1	0	0		undefined	true	8192	8192	8192	1	2
rattled	onAfterBoost	549	0	6	0	Ghost	1	0	0	10	20	0	2048	greninjabond	0	1	1	1	1	6	0	1	0	100	1	0	null	missing	1	psn	aguavberry	1	0	1	1	1		undefined	false	2048	2048	2048	6	0
rattled	onAfterBoost	550	6	1	0	Ghost	1	1	0	100	20	-1	8	pikachu	0	1	0	1	1	6	1	0	100	0	0	1	0	Ability	1	brn	aguavberry	0	-1	1	0	1	boost:spe=1:undefined:undefined:undefined:false:false	undefined	undefined	8	8	8	6	2
rattled	onAfterBoost	551	1	1	70	Dark	0	0	0	100	0	0	24576	greninjabond	1	0	1	0	0	-1	1	1	60	160	1	1	0	missing	0	brn	magoberry	0	1	0	1	1		undefined	false	24576	24576	24576	-1	0
rattled	onAfterBoost	552	-1	6	60	Ghost	0	1	1	20	0	1	8	greninjabond	0	0	0	0	0	1	1	2	0	0	1	1	undefined	Move	1	brn	aguavberry	2	-1	1	0	1		undefined	true	8	8	8	1	2
rattled	onAfterBoost	553	0	6	40	Dark	0	1	0	100	-1	0	16384	pikachu	0	1	0	1	0	0	1	2	0	0	1	0	null	Move	1	brn	figyberry	2	1	99	0	0		undefined	false	16384	16384	16384	0	2
rattled	onAfterBoost	554	0	0	60	Bug	1	1	0	10	20	1	8	greninjaash	0	1	0	0	0	6	0	1	100	100	1	1	0	missing	1	psn	wikiberry	2	-1	99	1	1		undefined	true	8	8	8	6	2
rattled	onAfterBoost	555	6	6	70	Fire	0	0	1	10	0	-1	8192	greninjaash	0	1	0	0	1	6	0	1	100	160	1	0	false	missing	1	psn	wikiberry	1	1	99	0	0		undefined	undefined	8192	8192	8192	6	0
rattled	onAfterBoost	556	1	6	70	Fire	0	1	1	0	-1	-1	24576	greninjabond	0	0	1	1	0	1	1	0	60	100	1	1	null	missing	0	psn	iapapaberry	0	1	99	1	1		undefined	undefined	24576	24576	24576	1	2
rattled	onAfterBoost	557	6	6	70	Bug	0	1	0	20	20	-1	24576	greninjaash	1	0	1	1	1	0	1	1	100	0	1	0	0	missing	0	psn	iapapaberry	2	-1	0	0	1		undefined	undefined	24576	24576	24576	0	2
rattled	onAfterBoost	558	0	1	60	Bug	1	0	1	100	-1	1	8192	greninjaash	0	1	0	1	0	6	0	1	100	100	0	1	undefined	Move	0	brn	aguavberry	1	1	-1	1	0		undefined	true	8192	8192	8192	6	0
rattled	onAfterBoost	559	1	0	40	Bug	0	0	0	10	100	1	0	pikachu	1	0	0	0	1	6	0	2	100	100	0	0	null	missing	0	brn	aguavberry	1	0	1	0	0		undefined	true	0	0	0	6	0
rattled	onAfterBoost	560	-1	6	60	Dark	1	1	0	100	20	1	8	pikachu	0	1	0	1	0	6	1	0	60	100	0	0	true	missing	1	brn	figyberry	1	1	0	0	1		undefined	true	8	8	8	6	2
rattled	onAfterBoost	561	-1	1	0	Dark	0	0	0	20	20	-1	8192	pikachu	1	0	0	0	0	1	1	0	60	160	1	0	false	Ability	0	brn	figyberry	2	1	0	0	0		undefined	undefined	8192	8192	8192	1	0
rattled	onAfterBoost	562	-1	0	0	Fire	0	1	0	100	100	1	8	greninjabond	0	0	0	0	1	0	1	1	60	100	0	1	0	Ability	0	brn	iapapaberry	0	0	99	0	0		undefined	true	8	8	8	0	2
rattled	onAfterBoost	563	0	1	70	Dark	0	0	0	20	-1	-1	8	pikachu	0	1	1	0	0	-1	0	2	0	160	0	0	null	missing	1	psn	leftovers	2	-1	1	1	1		undefined	undefined	8	8	8	-1	0
rattled	onAfterBoost	564	-1	6	0	Fire	1	0	0	100	20	0	16384	pikachu	1	0	1	0	1	0	1	1	0	160	0	0	undefined	Move	0	psn	iapapaberry	0	0	-1	1	1		undefined	false	16384	16384	16384	0	0
rattled	onAfterBoost	565	0	1	70	Water	0	0	0	0	20	0	16384	greninjabond	0	1	1	0	0	6	1	0	60	160	1	1	false	Ability	1	brn	leftovers	2	-1	0	0	1		undefined	false	16384	16384	16384	6	0
rattled	onAfterBoost	566	1	6	70	Fire	1	0	1	100	0	0	2048	greninjaash	0	1	0	1	1	-1	0	1	60	160	0	1	0	Move	1	psn	iapapaberry	1	0	1	0	0		undefined	false	2048	2048	2048	-1	0
rattled	onAfterBoost	567	6	0	60	Water	1	0	1	0	-1	1	16384	greninjabond	0	0	1	1	0	1	0	1	0	100	1	0	true	missing	0	psn	figyberry	1	-1	99	0	1		undefined	true	16384	16384	16384	1	0
rattled	onAfterBoost	568	-1	6	70	Ghost	0	0	1	0	0	1	8	greninjabond	1	1	1	0	0	0	0	1	100	0	0	1	undefined	Ability	0	psn	sitrusberry	0	1	-1	0	0	boost:spe=1:undefined:undefined:undefined:false:false	undefined	true	8	8	8	0	0
rattled	onAfterBoost	569	-1	6	70	Normal	1	1	0	20	0	0	16384	greninjaash	0	1	1	0	0	1	0	2	60	160	0	0	false	Ability	1	psn	wikiberry	1	0	1	0	0	boost:spe=1:undefined:undefined:undefined:false:false	undefined	false	16384	16384	16384	1	2
rattled	onAfterBoost	570	6	1	0	Normal	0	0	1	10	-1	-1	2048	greninjabond	0	0	1	0	0	-1	1	2	100	160	0	1	0	Move	1	psn	figyberry	0	1	99	1	0		undefined	undefined	2048	2048	2048	-1	0
rattled	onAfterBoost	571	-1	6	40	Normal	0	0	1	20	-1	0	8	pikachu	0	1	1	1	1	0	0	0	60	0	1	1	undefined	Move	0	psn	iapapaberry	1	1	-1	1	0		undefined	false	8	8	8	0	0
rattled	onAfterBoost	572	6	0	61	Fire	0	1	1	20	20	0	16384	greninjaash	0	1	0	1	1	0	1	2	100	0	0	1	undefined	Move	0	psn	sitrusberry	0	0	0	1	0		undefined	false	16384	16384	16384	0	2
rattled	onAfterBoost	573	1	0	61	Fire	1	1	0	10	-1	-1	8	greninjabond	0	0	1	0	0	0	0	1	60	160	1	1	undefined	Ability	0	psn	figyberry	2	1	0	0	1		undefined	undefined	8	8	8	0	2
rattled	onAfterBoost	574	6	1	61	Normal	1	1	1	100	0	1	8192	greninjabond	1	0	0	1	0	-1	1	1	60	0	1	1	undefined	Move	1	brn	aguavberry	2	-1	-1	1	1		undefined	true	8192	8192	8192	-1	2
rattled	onAfterBoost	575	-1	6	61	Normal	1	0	0	20	0	0	0	pikachu	0	0	1	0	0	0	0	0	60	100	0	1	true	missing	0	psn	magoberry	1	-1	99	1	0		undefined	false	0	0	0	0	0
rattled	onAfterBoost	576	-1	0	70	Dark	1	0	1	10	20	-1	2048	pikachu	0	0	0	1	0	1	0	1	0	0	1	0	true	Ability	0	psn	magoberry	2	1	99	1	0		undefined	undefined	2048	2048	2048	1	0
rattled	onAfterBoost	577	-1	0	0	Fire	0	0	1	20	20	-1	8	greninjaash	0	1	1	1	0	1	1	1	0	100	0	1	false	Ability	1	psn	iapapaberry	0	0	-1	1	0	boost:spe=1:undefined:undefined:undefined:false:false	undefined	undefined	8	8	8	1	0
rattled	onAfterBoost	578	1	0	60	Fire	0	0	1	100	20	0	24576	pikachu	0	1	1	0	1	1	0	0	0	100	0	1	false	missing	1	brn	aguavberry	1	0	99	1	1		undefined	false	24576	24576	24576	1	0
rattled	onAfterBoost	579	6	0	61	Bug	1	0	0	100	20	0	2048	pikachu	1	1	0	1	1	1	1	1	60	0	0	0	undefined	Move	0	brn	figyberry	1	0	99	0	1		undefined	false	2048	2048	2048	1	0
rattled	onAfterBoost	580	0	0	0	Fire	1	1	1	10	20	-1	0	pikachu	1	1	1	0	1	-1	0	2	60	0	1	0	0	Ability	1	psn	magoberry	2	0	1	1	0	boost:spe=1:undefined:undefined:undefined:false:false	undefined	undefined	0	0	0	-1	2
rattled	onAfterBoost	581	-1	6	40	Dark	0	0	0	100	-1	-1	16384	greninjaash	1	0	1	0	0	6	1	2	100	160	1	0	true	Ability	0	psn	aguavberry	1	-1	-1	0	1	boost:spe=1:undefined:undefined:undefined:false:false	undefined	undefined	16384	16384	16384	6	0
rattled	onAfterBoost	582	-1	6	61	Ghost	0	1	0	100	100	-1	24576	pikachu	1	0	1	1	1	0	0	0	0	160	1	1	undefined	missing	0	psn	leftovers	1	1	1	1	0		undefined	undefined	24576	24576	24576	0	2
rattled	onAfterBoost	583	-1	0	60	Fire	1	0	1	10	100	1	16384	greninjaash	0	0	0	0	1	-1	0	2	100	160	1	1	undefined	missing	0	brn	sitrusberry	0	1	-1	0	1		undefined	true	16384	16384	16384	-1	0
rattled	onAfterBoost	584	-1	6	61	Water	1	1	0	20	0	0	0	greninjabond	1	0	1	0	1	-1	0	0	0	160	0	1	true	Move	0	psn	magoberry	2	0	99	1	1		undefined	false	0	0	0	-1	2
rattled	onAfterBoost	585	-1	6	70	Fire	1	1	1	10	100	0	8192	greninjabond	1	0	1	1	1	1	0	1	60	0	0	1	false	missing	0	brn	leftovers	0	1	0	1	0		undefined	false	8192	8192	8192	1	2
rattled	onAfterBoost	586	0	1	0	Bug	0	1	1	10	100	1	8192	pikachu	0	1	1	0	1	0	1	1	100	100	1	1	undefined	missing	0	psn	iapapaberry	2	-1	99	0	1		undefined	true	8192	8192	8192	0	2
rattled	onAfterBoost	587	0	1	0	Fire	1	0	1	0	100	0	16384	pikachu	1	1	1	0	0	6	1	2	0	100	1	0	undefined	missing	0	brn	wikiberry	0	0	0	1	0		undefined	false	16384	16384	16384	6	0
rattled	onAfterBoost	588	6	6	61	Dark	1	0	0	0	20	-1	8192	greninjaash	0	0	1	1	1	-1	0	0	100	0	0	1	null	missing	1	psn	leftovers	2	0	-1	1	0		undefined	undefined	8192	8192	8192	-1	0
rattled	onAfterBoost	589	1	6	70	Bug	0	1	0	0	-1	0	2048	greninjaash	0	1	0	1	0	0	0	0	0	100	0	0	true	Ability	1	brn	figyberry	2	-1	-1	1	1	boost:spe=1:undefined:undefined:undefined:false:false	undefined	false	2048	2048	2048	0	2
rattled	onAfterBoost	590	0	6	60	Normal	0	1	0	100	20	0	0	greninjaash	1	1	1	1	1	1	0	1	60	0	1	1	false	missing	1	brn	aguavberry	1	0	-1	0	0		undefined	false	0	0	0	1	2
rattled	onAfterBoost	591	0	1	40	Fire	0	0	0	100	-1	0	16384	pikachu	1	1	1	1	0	6	0	0	60	160	1	0	true	Move	0	brn	iapapaberry	1	-1	-1	1	0		undefined	false	16384	16384	16384	6	0
rattled	onAfterBoost	592	0	0	61	Normal	0	0	1	100	100	1	2048	greninjabond	0	1	1	0	1	0	0	0	100	100	1	0	0	Move	1	psn	figyberry	0	-1	1	1	1		undefined	true	2048	2048	2048	0	0
rattled	onAfterBoost	593	6	1	40	Normal	1	0	1	10	-1	-1	0	greninjaash	0	1	1	0	1	1	1	1	100	100	0	0	0	Move	1	brn	aguavberry	2	-1	99	1	0		undefined	undefined	0	0	0	1	0
rattled	onAfterBoost	594	0	6	61	Ghost	0	1	0	100	0	-1	2048	greninjaash	1	1	0	0	0	6	1	0	0	0	1	1	true	Ability	1	brn	iapapaberry	0	1	99	1	0		undefined	undefined	2048	2048	2048	6	2
rattled	onAfterBoost	595	-1	6	70	Ghost	1	0	0	0	100	-1	2048	greninjaash	1	1	0	0	1	-1	1	1	60	160	1	1	undefined	Move	0	psn	leftovers	1	-1	-1	1	1		undefined	undefined	2048	2048	2048	-1	0
rattled	onAfterBoost	596	0	6	60	Ghost	0	0	1	100	20	1	8192	greninjaash	1	1	0	1	1	-1	0	2	0	100	0	0	null	missing	1	psn	magoberry	1	0	0	0	1		undefined	true	8192	8192	8192	-1	0
rattled	onAfterBoost	597	-1	6	60	Normal	1	0	1	20	0	0	8192	pikachu	0	0	0	1	1	6	1	1	100	0	0	0	undefined	missing	0	brn	iapapaberry	2	1	99	1	1		undefined	false	8192	8192	8192	6	0
rattled	onAfterBoost	598	6	0	0	Ghost	0	0	0	100	-1	1	8192	greninjabond	1	1	1	1	0	1	1	2	60	0	0	1	null	Ability	1	psn	sitrusberry	2	-1	99	1	1		undefined	true	8192	8192	8192	1	0
rattled	onAfterBoost	599	1	6	40	Water	0	1	0	20	0	0	16384	greninjabond	1	1	0	1	1	1	1	1	100	0	0	1	null	missing	1	brn	sitrusberry	2	-1	0	1	0		undefined	false	16384	16384	16384	1	2
rattled	onAfterBoost	600	0	1	70	Normal	1	0	0	0	-1	0	24576	greninjaash	0	1	0	1	1	6	1	2	100	0	1	1	undefined	Ability	1	psn	wikiberry	1	0	0	1	0		undefined	false	24576	24576	24576	6	0
rattled	onAfterBoost	601	6	1	70	Normal	0	1	1	0	100	0	24576	greninjaash	0	0	1	0	1	1	1	2	60	160	0	0	null	Move	0	psn	figyberry	0	0	0	0	0		undefined	false	24576	24576	24576	1	2
rattled	onAfterBoost	602	-1	6	61	Water	1	0	0	10	-1	1	8192	greninjaash	1	0	0	0	1	1	0	1	0	100	1	1	false	missing	1	psn	wikiberry	0	0	99	0	0		undefined	true	8192	8192	8192	1	0
rattled	onAfterBoost	603	6	6	61	Normal	0	0	0	10	0	1	2048	pikachu	0	1	1	1	1	0	1	0	100	0	0	1	0	Move	0	psn	figyberry	0	-1	99	0	1		undefined	true	2048	2048	2048	0	0
rattled	onAfterBoost	604	6	6	60	Fire	1	1	1	20	20	1	24576	greninjaash	1	1	1	0	0	6	0	1	60	100	1	1	false	Move	0	psn	sitrusberry	2	-1	1	0	1		undefined	true	24576	24576	24576	6	2
rattled	onAfterBoost	605	0	6	70	Fire	0	1	1	0	0	-1	2048	pikachu	1	1	0	0	1	0	1	2	100	0	0	1	null	Move	1	psn	figyberry	2	-1	99	1	1		undefined	undefined	2048	2048	2048	0	2
rattled	onAfterBoost	606	-1	6	70	Bug	0	0	1	100	0	1	24576	greninjaash	1	0	0	0	1	6	0	0	60	160	0	0	null	Ability	0	brn	sitrusberry	0	1	0	0	1		undefined	true	24576	24576	24576	6	0
rattled	onAfterBoost	607	6	0	61	Bug	0	1	1	10	100	0	8192	greninjabond	1	1	1	0	1	1	1	1	100	100	1	1	false	Move	1	psn	sitrusberry	0	1	0	0	1		undefined	false	8192	8192	8192	1	2
rattled	onAfterBoost	608	0	0	0	Water	0	1	0	10	100	-1	8192	pikachu	1	0	1	0	1	-1	1	0	0	100	0	0	true	Ability	1	psn	aguavberry	0	1	-1	1	0	boost:spe=1:undefined:undefined:undefined:false:false	undefined	undefined	8192	8192	8192	-1	2
rattled	onAfterBoost	609	6	1	70	Dark	1	0	1	0	0	1	16384	pikachu	1	1	0	0	0	1	0	2	0	100	1	1	undefined	Move	1	brn	sitrusberry	0	0	1	0	0		undefined	true	16384	16384	16384	1	0
rattled	onAfterBoost	610	6	0	40	Ghost	1	0	0	100	20	1	8	greninjabond	1	0	0	0	0	-1	1	2	100	0	0	1	0	Ability	0	brn	sitrusberry	2	0	99	1	1		undefined	true	8	8	8	-1	0
rattled	onAfterBoost	611	0	6	40	Water	0	0	1	10	-1	1	16384	greninjaash	0	1	0	0	0	6	1	2	60	160	1	0	false	Ability	0	brn	wikiberry	0	0	0	1	0		undefined	true	16384	16384	16384	6	0
rattled	onAfterBoost	612	1	1	60	Fire	0	1	0	10	100	-1	16384	greninjaash	0	0	1	1	0	6	1	0	60	0	0	0	false	missing	0	psn	iapapaberry	2	0	99	0	0		undefined	undefined	16384	16384	16384	6	2
rattled	onAfterBoost	613	6	0	40	Bug	0	0	1	10	0	1	8192	greninjaash	0	0	0	0	1	6	0	0	60	0	0	1	false	missing	0	psn	wikiberry	1	-1	1	0	0		undefined	true	8192	8192	8192	6	0
rattled	onAfterBoost	614	0	0	61	Ghost	0	1	1	0	0	-1	0	greninjaash	1	0	0	0	0	6	1	0	60	160	0	0	undefined	Ability	1	psn	wikiberry	2	1	99	1	0		undefined	undefined	0	0	0	6	2
rattled	onAfterBoost	615	6	6	60	Fire	0	1	0	100	20	0	24576	greninjaash	0	1	1	0	0	0	1	2	0	0	0	0	null	Ability	1	psn	iapapaberry	0	1	1	1	0	boost:spe=1:undefined:undefined:undefined:false:false	undefined	false	24576	24576	24576	0	2
rattled	onAfterBoost	616	0	1	61	Bug	1	1	1	20	-1	1	24576	greninjaash	0	0	1	1	1	1	1	1	100	0	1	1	false	Move	0	psn	figyberry	1	0	99	0	0		undefined	true	24576	24576	24576	1	2
rattled	onAfterBoost	617	1	6	40	Fire	1	1	0	100	20	1	8192	greninjabond	0	0	0	1	0	1	1	2	60	0	1	1	true	Move	0	brn	aguavberry	2	0	-1	0	0		undefined	true	8192	8192	8192	1	2
rattled	onAfterBoost	618	1	1	61	Bug	1	1	1	10	0	-1	0	pikachu	1	1	1	0	1	6	1	1	0	0	0	1	false	missing	1	psn	sitrusberry	1	1	99	0	0		undefined	undefined	0	0	0	6	2
rattled	onAfterBoost	619	-1	1	40	Normal	0	0	0	20	-1	0	2048	greninjaash	0	1	0	0	1	-1	0	2	100	0	0	0	undefined	Move	1	brn	sitrusberry	1	1	-1	1	1		undefined	false	2048	2048	2048	-1	0
rattled	onAfterBoost	620	-1	6	40	Fire	1	0	1	0	100	0	0	greninjabond	1	0	0	0	0	1	1	0	0	100	0	1	true	Move	0	psn	figyberry	2	0	-1	0	0		undefined	false	0	0	0	1	0
rattled	onAfterBoost	621	0	6	40	Normal	1	1	1	100	100	-1	0	pikachu	0	1	0	1	0	1	1	0	0	0	0	0	0	Ability	0	brn	wikiberry	0	1	1	0	0	boost:spe=1:undefined:undefined:undefined:false:false	undefined	undefined	0	0	0	1	2
rattled	onAfterBoost	622	1	0	61	Normal	1	1	1	0	100	-1	8	pikachu	0	0	0	0	1	-1	1	1	0	100	0	0	0	Move	0	brn	figyberry	2	1	0	1	0		undefined	undefined	8	8	8	-1	2
rattled	onAfterBoost	623	-1	1	60	Dark	1	1	1	20	0	0	8	greninjaash	0	1	0	1	1	-1	1	2	0	100	1	0	0	Move	1	brn	aguavberry	1	1	1	1	1		undefined	false	8	8	8	-1	2
rattled	onAfterBoost	624	0	6	61	Bug	1	0	0	100	100	1	0	pikachu	1	1	0	0	0	-1	0	0	60	0	1	0	false	Move	0	psn	magoberry	1	-1	1	0	1		undefined	true	0	0	0	-1	0
rattled	onAfterBoost	625	1	0	60	Water	0	0	0	100	0	-1	16384	pikachu	0	1	0	1	0	1	0	0	60	0	1	0	false	Ability	0	psn	magoberry	2	1	0	1	0		undefined	undefined	16384	16384	16384	1	0
rattled	onAfterBoost	626	0	6	60	Dark	1	1	1	100	-1	-1	8	pikachu	1	1	1	0	0	1	0	1	60	0	0	1	undefined	missing	1	brn	wikiberry	0	-1	99	0	0		undefined	undefined	8	8	8	1	2
rattled	onAfterBoost	627	6	1	60	Fire	0	0	1	20	20	1	8192	greninjaash	1	1	1	1	1	0	0	1	60	0	1	1	undefined	Ability	1	brn	aguavberry	2	1	1	0	0	boost:spe=1:undefined:undefined:undefined:false:false	undefined	true	8192	8192	8192	0	0
rattled	onAfterBoost	628	1	1	61	Dark	1	1	1	100	100	0	2048	greninjaash	0	1	1	1	0	1	1	1	60	0	1	0	0	Move	1	psn	sitrusberry	0	1	0	0	1		undefined	false	2048	2048	2048	1	2
rattled	onAfterBoost	629	1	6	70	Dark	0	0	1	0	100	1	2048	pikachu	1	0	0	1	0	-1	0	1	100	100	1	0	null	Move	1	psn	magoberry	1	0	1	0	0		undefined	true	2048	2048	2048	-1	0
rattled	onAfterBoost	630	6	6	0	Bug	1	0	1	0	20	0	2048	greninjabond	0	1	1	0	1	-1	0	1	0	160	1	0	null	Ability	0	psn	sitrusberry	0	0	99	0	1		undefined	false	2048	2048	2048	-1	0
rattled	onAfterBoost	631	0	1	60	Bug	1	1	0	0	100	1	8	greninjabond	0	1	1	1	1	6	1	0	60	0	1	1	0	Move	1	brn	figyberry	0	0	99	0	0		undefined	true	8	8	8	6	2
rattled	onAfterBoost	632	1	6	0	Bug	0	0	0	0	20	1	0	greninjaash	0	0	1	1	0	0	0	0	100	0	0	1	true	Move	0	psn	leftovers	1	-1	0	0	1		undefined	true	0	0	0	0	0
rattled	onAfterBoost	633	1	1	70	Normal	1	1	0	20	-1	-1	16384	pikachu	1	0	0	0	1	1	1	2	100	160	1	0	true	Move	1	psn	iapapaberry	0	0	99	1	0		undefined	undefined	16384	16384	16384	1	2
rattled	onAfterBoost	634	-1	0	61	Fire	1	1	1	10	20	-1	24576	pikachu	1	0	1	0	0	-1	1	1	60	160	0	1	true	Move	0	psn	aguavberry	2	1	99	1	1		undefined	undefined	24576	24576	24576	-1	2
rattled	onAfterBoost	635	0	1	0	Ghost	1	0	0	100	100	0	8192	pikachu	1	1	0	1	0	1	0	2	0	100	1	0	true	missing	1	psn	figyberry	0	0	0	1	1		undefined	false	8192	8192	8192	1	0
rattled	onAfterBoost	636	-1	1	70	Dark	0	1	0	20	100	-1	24576	pikachu	1	1	1	0	0	0	0	0	0	100	0	1	true	Ability	1	brn	figyberry	0	1	1	0	1	boost:spe=1:undefined:undefined:undefined:false:false	undefined	undefined	24576	24576	24576	0	2
rattled	onAfterBoost	637	-1	0	0	Dark	1	1	0	20	100	1	8	greninjaash	0	1	1	1	0	1	1	1	100	160	1	1	undefined	missing	0	psn	aguavberry	2	0	0	1	0		undefined	true	8	8	8	1	2
rattled	onAfterBoost	638	0	1	60	Dark	1	0	0	0	-1	0	16384	greninjabond	0	1	1	0	0	0	1	2	0	100	1	0	true	Move	1	brn	figyberry	2	-1	0	1	1		undefined	false	16384	16384	16384	0	0
rattled	onAfterBoost	639	0	6	0	Normal	1	1	0	100	20	-1	24576	pikachu	1	1	0	0	0	1	0	0	60	0	0	1	0	Ability	0	psn	figyberry	0	1	-1	1	1	boost:spe=1:undefined:undefined:undefined:false:false	undefined	undefined	24576	24576	24576	1	2
rattled	onAfterBoost	640	1	0	0	Normal	1	1	1	10	0	-1	2048	pikachu	1	0	1	0	0	6	0	2	60	160	1	0	true	Move	1	psn	figyberry	1	0	-1	0	0		undefined	undefined	2048	2048	2048	6	2
rattled	onAfterBoost	641	0	6	70	Ghost	1	0	0	20	100	0	8	pikachu	0	1	0	0	1	1	0	0	60	100	1	0	0	missing	0	brn	iapapaberry	2	0	-1	1	0		undefined	false	8	8	8	1	0
rattled	onAfterBoost	642	-1	6	70	Water	0	0	1	100	100	0	2048	pikachu	0	0	0	0	1	6	1	1	60	0	1	1	null	Move	1	brn	figyberry	2	0	99	0	1		undefined	false	2048	2048	2048	6	0
rattled	onAfterBoost	643	-1	6	70	Water	1	0	0	0	100	-1	8192	greninjabond	1	1	1	0	1	6	0	0	60	100	0	0	0	Ability	1	psn	magoberry	1	-1	99	1	0		undefined	undefined	8192	8192	8192	6	0
rattled	onAfterBoost	644	1	1	60	Water	1	0	1	10	100	0	24576	greninjabond	1	0	0	1	0	0	0	2	0	100	1	0	true	Ability	1	brn	iapapaberry	2	-1	99	1	1		undefined	false	24576	24576	24576	0	0
rattled	onAfterBoost	645	1	0	70	Normal	1	1	0	100	100	-1	0	greninjabond	1	0	1	0	1	-1	1	0	60	160	1	1	undefined	missing	1	brn	magoberry	2	1	0	1	0		undefined	undefined	0	0	0	-1	2
rattled	onAfterBoost	646	1	1	40	Water	1	1	0	0	0	-1	24576	pikachu	0	0	1	0	1	0	1	2	0	160	1	0	false	Move	0	psn	sitrusberry	2	-1	99	0	0		undefined	undefined	24576	24576	24576	0	2
rattled	onAfterBoost	647	1	6	60	Normal	0	1	1	10	0	-1	0	greninjabond	1	1	1	1	1	0	0	2	0	0	1	0	0	Ability	0	psn	magoberry	0	1	-1	1	0	boost:spe=1:undefined:undefined:undefined:false:false	undefined	undefined	0	0	0	0	2
rattled	onAfterBoost	648	1	1	60	Bug	0	1	0	20	20	1	8	greninjaash	1	1	0	1	0	-1	1	2	60	160	1	1	undefined	Ability	1	psn	wikiberry	2	0	99	0	0		undefined	true	8	8	8	-1	2
rattled	onAfterBoost	649	0	0	0	Water	0	0	0	20	-1	1	2048	greninjaash	0	0	0	1	1	1	0	0	0	100	0	1	false	missing	1	brn	magoberry	1	-1	1	0	0		undefined	true	2048	2048	2048	1	0
rattled	onAfterBoost	650	6	6	61	Fire	0	0	0	10	0	1	24576	pikachu	0	0	0	0	0	0	0	1	100	100	1	1	true	missing	1	psn	wikiberry	1	-1	99	1	0		undefined	true	24576	24576	24576	0	0
rattled	onAfterBoost	651	6	6	70	Bug	1	0	1	0	0	0	24576	greninjabond	0	1	0	0	1	-1	0	2	0	160	1	1	false	missing	1	brn	figyberry	2	0	1	0	1		undefined	false	24576	24576	24576	-1	0
rattled	onAfterBoost	652	-1	1	70	Water	0	0	0	0	0	-1	8192	greninjabond	0	1	1	0	1	0	0	2	0	0	1	0	0	Ability	1	brn	magoberry	2	-1	-1	1	0	boost:spe=1:undefined:undefined:undefined:false:false	undefined	undefined	8192	8192	8192	0	0
rattled	onAfterBoost	653	6	6	70	Normal	0	0	0	10	20	1	8192	greninjabond	1	1	1	0	1	1	0	2	0	160	1	0	null	Ability	0	brn	leftovers	0	-1	-1	1	0	boost:spe=1:undefined:undefined:undefined:false:false	undefined	true	8192	8192	8192	1	0
rattled	onAfterBoost	654	6	6	70	Ghost	1	1	0	0	0	-1	0	greninjaash	0	0	0	0	0	1	0	1	100	100	0	0	undefined	missing	0	brn	leftovers	0	-1	0	1	1		undefined	undefined	0	0	0	1	2
rattled	onAfterBoost	655	6	1	40	Ghost	0	1	0	0	100	1	2048	greninjaash	1	1	0	1	1	-1	0	1	0	100	0	0	null	Move	0	brn	leftovers	1	-1	0	0	1		undefined	true	2048	2048	2048	-1	2
rattled	onAfterBoost	656	1	0	70	Water	1	0	0	100	0	1	24576	greninjaash	0	1	1	0	0	1	1	2	100	0	0	1	true	Ability	1	psn	figyberry	2	-1	1	0	1	boost:spe=1:undefined:undefined:undefined:false:false	undefined	true	24576	24576	24576	1	0
rattled	onAfterBoost	657	0	6	70	Water	1	1	1	10	100	1	24576	pikachu	1	1	1	1	0	1	1	1	100	160	0	1	undefined	Ability	0	psn	figyberry	1	0	-1	0	0	boost:spe=1:undefined:undefined:undefined:false:false	undefined	true	24576	24576	24576	1	2
rattled	onAfterBoost	658	1	6	70	Normal	0	1	0	100	20	-1	8192	pikachu	0	1	0	0	1	-1	1	2	60	0	1	1	undefined	missing	0	brn	aguavberry	0	0	99	0	0		undefined	undefined	8192	8192	8192	-1	2
rattled	onAfterBoost	659	0	0	40	Ghost	0	1	0	10	-1	-1	8192	greninjabond	0	0	0	1	0	0	0	0	100	160	0	1	null	Ability	0	brn	sitrusberry	0	-1	0	1	0		undefined	undefined	8192	8192	8192	0	2
rattled	onAfterBoost	660	6	1	70	Water	1	1	0	0	0	0	8	greninjabond	1	1	0	1	1	-1	1	1	0	0	0	1	0	Move	0	brn	iapapaberry	1	-1	0	1	0		undefined	false	8	8	8	-1	2
rattled	onAfterBoost	661	0	0	61	Ghost	1	1	0	20	20	-1	2048	greninjabond	0	0	1	1	1	-1	1	0	100	0	1	0	undefined	Ability	0	psn	aguavberry	1	0	-1	0	0	boost:spe=1:undefined:undefined:undefined:false:false	undefined	undefined	2048	2048	2048	-1	2
rattled	onAfterBoost	662	-1	1	70	Bug	0	1	1	0	100	0	16384	greninjabond	1	1	0	0	1	6	1	1	60	160	0	0	undefined	Move	1	psn	iapapaberry	1	0	99	0	1		undefined	false	16384	16384	16384	6	2
rattled	onAfterBoost	663	6	6	61	Ghost	0	1	1	20	20	0	2048	pikachu	0	1	0	0	0	6	0	1	100	100	1	1	null	Move	0	brn	sitrusberry	0	0	0	1	0		undefined	false	2048	2048	2048	6	2
rattled	onAfterBoost	664	1	6	70	Water	0	1	1	10	20	1	24576	pikachu	1	0	1	1	0	6	1	1	100	100	1	0	null	Move	1	psn	iapapaberry	2	0	0	1	1		undefined	true	24576	24576	24576	6	2
rattled	onAfterBoost	665	-1	6	60	Fire	1	0	1	10	0	1	16384	greninjaash	0	0	1	1	0	1	0	1	100	0	0	0	undefined	Ability	0	brn	wikiberry	0	1	0	0	0		undefined	true	16384	16384	16384	1	0
rattled	onAfterBoost	666	0	0	0	Ghost	0	1	0	10	100	-1	2048	greninjabond	0	1	1	0	0	1	1	1	100	100	0	0	0	Ability	1	psn	sitrusberry	1	1	-1	0	1	boost:spe=1:undefined:undefined:undefined:false:false	undefined	undefined	2048	2048	2048	1	2
rattled	onAfterBoost	667	-1	1	70	Fire	0	1	1	10	20	1	2048	greninjabond	0	0	1	0	1	1	1	1	0	0	1	0	false	missing	0	psn	magoberry	0	0	99	0	1		undefined	true	2048	2048	2048	1	2
rattled	onAfterBoost	668	0	0	61	Normal	1	1	1	100	0	0	16384	greninjaash	0	0	0	0	1	-1	1	0	100	160	1	0	true	Move	0	brn	iapapaberry	2	0	1	1	1		undefined	false	16384	16384	16384	-1	2
rattled	onAfterBoost	669	6	1	61	Ghost	1	0	0	0	20	-1	16384	greninjaash	1	1	1	1	0	1	0	0	60	0	0	0	false	Ability	1	psn	magoberry	1	0	99	0	0		undefined	undefined	16384	16384	16384	1	0
rattled	onAfterBoost	670	0	0	70	Fire	0	0	1	0	20	0	24576	pikachu	1	1	0	0	0	6	1	0	0	100	0	0	undefined	Move	0	brn	magoberry	0	0	0	0	0		undefined	false	24576	24576	24576	6	0
rattled	onAfterBoost	671	-1	6	70	Bug	1	1	0	10	0	0	16384	greninjabond	0	1	1	0	1	1	0	0	60	160	0	0	true	missing	0	brn	wikiberry	1	0	1	1	1		undefined	false	16384	16384	16384	1	2
rattled	onAfterBoost	672	1	0	60	Normal	0	1	0	20	-1	0	8192	greninjabond	0	0	0	0	1	0	0	0	0	100	1	1	undefined	Ability	0	psn	wikiberry	1	0	-1	1	1	boost:spe=1:undefined:undefined:undefined:false:false	undefined	false	8192	8192	8192	0	2
rattled	onAfterBoost	673	-1	0	0	Fire	0	1	1	0	20	-1	2048	greninjabond	0	1	1	0	0	1	1	0	0	160	0	0	false	missing	1	brn	figyberry	2	1	99	1	0		undefined	undefined	2048	2048	2048	1	2
rattled	onAfterBoost	674	-1	0	70	Normal	0	0	1	0	0	0	8192	greninjabond	0	0	1	1	0	0	0	2	100	0	0	0	null	Move	0	brn	aguavberry	0	1	-1	1	0		undefined	false	8192	8192	8192	0	0
rattled	onAfterBoost	675	6	0	40	Ghost	0	1	0	20	20	-1	2048	pikachu	0	0	0	0	0	6	1	2	100	100	1	0	true	missing	0	psn	aguavberry	2	-1	1	0	0		undefined	undefined	2048	2048	2048	6	2
rattled	onAfterBoost	676	6	0	0	Normal	0	0	0	20	0	0	0	pikachu	1	0	1	1	1	6	1	1	60	160	1	1	undefined	Ability	0	brn	wikiberry	2	1	99	1	1		undefined	false	0	0	0	6	0
rattled	onAfterBoost	677	-1	0	40	Normal	0	1	1	20	-1	-1	24576	greninjaash	1	0	0	0	0	-1	1	2	60	0	0	1	undefined	Move	0	brn	magoberry	1	1	99	0	0		undefined	undefined	24576	24576	24576	-1	2
rattled	onAfterBoost	678	1	1	70	Normal	0	0	1	0	-1	-1	16384	greninjaash	1	0	1	0	0	-1	0	1	100	100	1	0	null	missing	0	psn	sitrusberry	0	0	99	1	0		undefined	undefined	16384	16384	16384	-1	0
rattled	onAfterBoost	679	0	1	70	Water	1	1	1	0	100	0	0	greninjaash	0	1	0	1	1	0	0	1	0	100	0	0	0	Ability	1	psn	sitrusberry	0	0	1	0	0	boost:spe=1:undefined:undefined:undefined:false:false	undefined	false	0	0	0	0	2
rattled	onAfterBoost	680	6	0	0	Normal	1	0	0	100	100	-1	0	pikachu	1	1	1	1	1	6	0	1	0	0	0	0	false	Ability	0	psn	magoberry	0	-1	99	1	0		undefined	undefined	0	0	0	6	0
rattled	onAfterBoost	681	-1	6	70	Bug	1	0	1	0	0	-1	8	pikachu	1	0	1	0	1	1	0	2	0	0	0	1	undefined	Ability	0	psn	magoberry	2	1	-1	1	1	boost:spe=1:undefined:undefined:undefined:false:false	undefined	undefined	8	8	8	1	0
rattled	onAfterBoost	682	-1	0	61	Dark	0	0	1	20	-1	1	16384	pikachu	1	0	1	1	1	-1	1	1	0	0	0	0	true	Move	0	brn	aguavberry	2	0	-1	0	0		undefined	true	16384	16384	16384	-1	0
rattled	onAfterBoost	683	1	0	60	Water	1	1	0	20	100	1	16384	greninjaash	1	0	1	1	0	-1	1	0	100	0	0	1	null	missing	0	brn	magoberry	2	0	-1	1	1		undefined	true	16384	16384	16384	-1	2
rattled	onAfterBoost	684	0	1	60	Water	1	0	0	10	0	1	0	greninjabond	1	1	0	0	1	6	0	1	60	100	0	0	true	Ability	1	brn	magoberry	2	-1	-1	0	0	boost:spe=1:undefined:undefined:undefined:false:false	undefined	true	0	0	0	6	0
rattled	onAfterBoost	685	1	6	0	Dark	1	0	1	100	-1	0	0	greninjabond	0	1	0	0	0	1	0	0	100	100	0	1	null	missing	1	brn	aguavberry	0	1	1	1	0		undefined	false	0	0	0	1	0
rattled	onAfterBoost	686	-1	6	61	Fire	0	1	0	0	0	0	2048	pikachu	1	0	1	0	1	-1	1	0	0	160	1	0	null	Ability	1	psn	aguavberry	0	-1	0	0	1		undefined	false	2048	2048	2048	-1	2
rattled	onAfterBoost	687	0	0	40	Dark	1	1	1	20	20	1	8192	greninjaash	0	1	1	1	0	-1	1	0	100	100	1	1	0	Move	1	psn	magoberry	0	-1	99	1	1		undefined	true	8192	8192	8192	-1	2
rattled	onAfterBoost	688	6	6	60	Bug	0	0	1	0	-1	-1	16384	greninjabond	1	0	1	0	1	-1	0	0	60	100	1	1	false	missing	0	psn	wikiberry	1	0	1	1	0		undefined	undefined	16384	16384	16384	-1	0
rattled	onAfterBoost	689	6	0	40	Bug	1	1	1	100	-1	-1	2048	pikachu	0	1	1	1	1	6	0	1	100	100	0	1	true	Ability	1	psn	sitrusberry	2	0	1	1	1	boost:spe=1:undefined:undefined:undefined:false:false	undefined	undefined	2048	2048	2048	6	2
rattled	onAfterBoost	690	6	1	70	Normal	1	0	1	0	20	1	16384	greninjabond	1	1	1	1	0	1	0	0	100	0	1	0	0	missing	1	psn	iapapaberry	1	0	-1	1	1		undefined	true	16384	16384	16384	1	0
rattled	onAfterBoost	691	-1	1	70	Normal	1	1	1	100	0	0	2048	greninjabond	1	0	0	1	1	0	1	2	60	160	1	1	undefined	Ability	0	brn	sitrusberry	0	0	99	0	0		undefined	false	2048	2048	2048	0	2
rattled	onAfterBoost	692	6	0	40	Water	0	1	1	0	-1	0	8	greninjabond	0	1	0	1	0	1	0	1	0	160	1	1	false	missing	1	brn	sitrusberry	0	1	0	0	0		undefined	false	8	8	8	1	2
rattled	onAfterBoost	693	-1	1	61	Fire	1	1	1	10	-1	-1	24576	greninjaash	1	0	0	1	1	-1	0	2	60	100	0	0	undefined	Move	0	psn	iapapaberry	2	1	1	1	0		undefined	undefined	24576	24576	24576	-1	2
rattled	onAfterBoost	694	0	1	61	Normal	0	1	0	0	100	-1	8	greninjaash	1	0	1	0	0	0	1	2	0	160	1	0	0	Move	0	brn	iapapaberry	2	0	99	1	1		undefined	undefined	8	8	8	0	2
rattled	onAfterBoost	695	1	1	61	Ghost	0	1	0	10	0	0	24576	greninjabond	1	1	0	0	1	6	1	1	100	0	0	1	true	missing	1	brn	magoberry	0	0	-1	1	0		undefined	false	24576	24576	24576	6	2
rattled	onAfterBoost	696	6	1	61	Water	1	1	0	10	100	1	2048	pikachu	0	0	0	1	1	1	1	1	60	100	1	0	true	Ability	1	brn	wikiberry	0	0	0	1	1		undefined	true	2048	2048	2048	1	2
rattled	onAfterBoost	697	6	1	0	Fire	0	0	1	100	100	0	8192	pikachu	1	0	0	1	1	6	1	2	60	0	1	1	false	Ability	0	brn	magoberry	2	0	99	1	1		undefined	false	8192	8192	8192	6	0
rattled	onAfterBoost	698	1	6	0	Ghost	1	1	0	20	0	0	8	greninjabond	1	1	0	1	1	0	0	2	100	100	1	0	false	Ability	0	brn	leftovers	2	1	-1	0	1	boost:spe=1:undefined:undefined:undefined:false:false	undefined	false	8	8	8	0	2
rattled	onAfterBoost	699	6	6	60	Dark	1	1	0	100	0	-1	16384	pikachu	1	0	0	0	0	1	1	1	100	0	0	0	null	Ability	1	brn	iapapaberry	1	0	0	0	1		undefined	undefined	16384	16384	16384	1	2
rattled	onAfterBoost	700	1	0	60	Normal	1	0	0	100	-1	0	8192	pikachu	1	0	1	0	0	1	0	0	0	100	1	0	null	Ability	1	brn	iapapaberry	2	1	1	0	1	boost:spe=1:undefined:undefined:undefined:false:false	undefined	false	8192	8192	8192	1	0
rattled	onAfterBoost	701	0	0	70	Normal	0	0	1	20	0	-1	2048	greninjabond	1	1	0	1	1	1	1	0	60	160	0	0	true	missing	1	brn	magoberry	2	-1	1	1	0		undefined	undefined	2048	2048	2048	1	0
rattled	onAfterBoost	702	1	6	60	Ghost	0	0	0	0	100	0	0	pikachu	0	1	1	0	1	0	0	0	100	100	0	0	true	missing	0	psn	sitrusberry	0	0	0	0	0		undefined	false	0	0	0	0	0
rattled	onAfterBoost	703	6	1	61	Dark	0	1	1	100	100	-1	24576	greninjabond	1	1	0	1	1	1	1	2	60	160	1	0	0	missing	1	brn	iapapaberry	0	-1	-1	0	1		undefined	undefined	24576	24576	24576	1	2
rattled	onAfterBoost	704	6	0	70	Water	0	1	0	20	-1	-1	8	greninjaash	1	1	1	0	1	6	1	2	60	160	0	1	null	missing	1	brn	wikiberry	0	1	-1	0	1		undefined	undefined	8	8	8	6	2
rattled	onAfterBoost	705	6	6	0	Normal	1	1	0	100	-1	1	0	pikachu	1	0	0	0	1	6	0	1	0	160	1	0	false	Move	0	brn	figyberry	0	-1	0	0	1		undefined	true	0	0	0	6	2
rattled	onAfterBoost	706	0	0	0	Water	1	1	0	0	-1	-1	2048	pikachu	1	0	0	1	0	6	1	1	60	100	1	0	true	Ability	0	psn	magoberry	2	-1	-1	0	0	boost:spe=1:undefined:undefined:undefined:false:false	undefined	undefined	2048	2048	2048	6	2
rattled	onAfterBoost	707	1	6	40	Ghost	0	1	1	0	-1	-1	8	greninjaash	0	0	1	0	0	6	0	2	60	160	1	1	false	Ability	1	psn	magoberry	0	0	-1	1	0	boost:spe=1:undefined:undefined:undefined:false:false	undefined	undefined	8	8	8	6	2
rattled	onAfterBoost	708	-1	0	40	Water	0	0	0	20	-1	0	8	greninjaash	0	0	0	1	0	0	1	2	100	0	0	1	null	Ability	0	brn	iapapaberry	1	0	99	0	1		undefined	false	8	8	8	0	0
rattled	onAfterBoost	709	6	6	0	Normal	1	1	1	0	0	-1	8	greninjabond	0	1	0	1	1	-1	0	2	100	160	0	1	false	Move	1	brn	magoberry	2	1	0	1	0		undefined	undefined	8	8	8	-1	2
rattled	onAfterBoost	710	6	1	0	Normal	1	0	1	0	20	1	2048	greninjabond	0	1	0	0	0	1	1	0	60	160	0	0	0	Move	1	brn	magoberry	1	1	99	0	1		undefined	true	2048	2048	2048	1	0
rattled	onAfterBoost	711	6	6	70	Bug	0	1	0	20	20	1	8192	pikachu	1	1	1	1	0	0	1	1	0	160	0	0	false	Ability	1	psn	leftovers	1	1	0	1	0		undefined	true	8192	8192	8192	0	2
rattled	onAfterBoost	712	6	0	60	Ghost	0	0	1	100	100	1	8	greninjabond	0	1	0	1	0	0	1	0	0	160	1	0	undefined	missing	1	brn	sitrusberry	0	-1	-1	0	0		undefined	true	8	8	8	0	0
rattled	onAfterBoost	713	6	1	61	Water	0	0	0	20	20	0	16384	pikachu	0	1	0	0	0	6	1	0	60	160	1	0	null	missing	1	psn	aguavberry	1	0	1	0	1		undefined	false	16384	16384	16384	6	0
rattled	onAfterBoost	714	-1	0	0	Ghost	1	0	0	20	20	1	2048	greninjabond	1	0	0	1	0	1	0	1	0	100	0	0	null	missing	1	brn	iapapaberry	0	1	-1	1	0		undefined	true	2048	2048	2048	1	0
rattled	onAfterBoost	715	-1	6	0	Bug	0	1	0	10	20	0	8	greninjaash	0	0	0	1	1	-1	0	0	0	0	0	1	0	missing	1	psn	iapapaberry	1	0	1	0	1		undefined	false	8	8	8	-1	2
rattled	onAfterBoost	716	1	0	0	Bug	0	1	1	10	-1	1	0	greninjabond	1	1	0	0	0	0	1	0	60	0	1	0	undefined	Move	0	brn	iapapaberry	2	0	0	0	1		undefined	true	0	0	0	0	2
rattled	onAfterBoost	717	0	6	70	Dark	1	0	1	10	0	1	8192	greninjaash	1	0	1	0	1	1	1	0	60	160	1	1	null	Move	0	psn	iapapaberry	1	1	0	0	0		undefined	true	8192	8192	8192	1	0
rattled	onAfterBoost	718	-1	6	60	Ghost	1	0	1	0	-1	0	8192	greninjabond	0	0	0	0	0	6	1	0	60	160	0	0	null	missing	0	psn	magoberry	0	0	0	1	1		undefined	false	8192	8192	8192	6	0
rattled	onAfterBoost	719	-1	6	60	Normal	1	1	1	0	0	1	8192	pikachu	0	0	0	0	1	-1	1	0	100	100	0	1	0	Ability	1	psn	aguavberry	1	-1	0	0	1		undefined	true	8192	8192	8192	-1	2
rattled	onAfterBoost	720	-1	1	60	Ghost	1	1	0	0	20	-1	8	greninjabond	1	0	0	1	0	1	1	0	100	160	0	1	0	Move	0	brn	aguavberry	1	-1	99	0	0		undefined	undefined	8	8	8	1	2
rattled	onAfterBoost	721	1	6	60	Dark	0	1	0	20	0	1	8	greninjabond	1	0	0	1	0	6	0	2	100	100	1	1	0	missing	0	psn	sitrusberry	2	0	-1	0	1		undefined	true	8	8	8	6	2
rattled	onAfterBoost	722	-1	0	70	Normal	1	0	1	0	100	-1	8	greninjabond	0	0	1	1	1	-1	0	0	60	0	0	0	undefined	missing	0	psn	figyberry	1	1	-1	0	1		undefined	undefined	8	8	8	-1	0
rattled	onAfterBoost	723	6	0	60	Bug	0	1	1	10	20	-1	24576	pikachu	0	0	1	1	0	0	0	0	0	160	0	0	true	Move	1	brn	magoberry	0	1	0	0	0		undefined	undefined	24576	24576	24576	0	2
rattled	onAfterBoost	724	-1	0	60	Bug	1	1	0	0	-1	-1	16384	greninjabond	0	0	1	0	0	0	1	0	100	160	1	1	false	missing	0	brn	sitrusberry	0	-1	1	1	0		undefined	undefined	16384	16384	16384	0	2
rattled	onAfterBoost	725	6	0	61	Dark	0	1	0	100	100	-1	2048	greninjabond	1	1	1	0	0	-1	0	2	100	160	1	1	true	Move	1	psn	leftovers	0	1	-1	0	0		undefined	undefined	2048	2048	2048	-1	2
rattled	onAfterBoost	726	1	1	61	Water	1	1	1	0	0	0	0	greninjabond	0	0	0	0	1	6	0	2	60	0	1	0	true	Ability	0	brn	iapapaberry	2	0	-1	0	0	boost:spe=1:undefined:undefined:undefined:false:false	undefined	false	0	0	0	6	2
rattled	onAfterBoost	727	0	0	40	Ghost	1	0	1	100	100	0	8192	pikachu	0	0	1	0	0	6	0	2	0	160	1	0	true	Ability	0	psn	magoberry	1	-1	1	0	1	boost:spe=1:undefined:undefined:undefined:false:false	undefined	false	8192	8192	8192	6	0
rattled	onAfterBoost	728	-1	1	0	Ghost	0	1	1	10	0	-1	0	greninjaash	1	0	1	0	0	-1	0	0	0	160	0	0	false	missing	0	brn	figyberry	0	0	1	0	1		undefined	undefined	0	0	0	-1	2
rattled	onAfterBoost	729	1	1	70	Dark	1	0	0	10	20	-1	0	pikachu	1	1	0	1	0	6	0	1	100	160	1	1	false	Ability	1	brn	leftovers	1	-1	1	1	1	boost:spe=1:undefined:undefined:undefined:false:false	undefined	undefined	0	0	0	6	0
rattled	onAfterBoost	730	6	0	61	Dark	0	1	1	20	0	0	0	greninjaash	0	1	1	1	0	6	1	1	100	100	0	0	undefined	missing	0	brn	wikiberry	0	1	-1	1	1		undefined	false	0	0	0	6	2
rattled	onAfterBoost	731	1	0	61	Fire	1	1	1	20	100	-1	24576	pikachu	1	0	0	0	0	1	0	0	0	160	1	0	false	Ability	1	brn	wikiberry	0	0	-1	1	0	boost:spe=1:undefined:undefined:undefined:false:false	undefined	undefined	24576	24576	24576	1	2
rattled	onAfterBoost	732	1	0	70	Normal	0	0	0	100	-1	0	16384	greninjabond	0	0	0	1	1	-1	1	1	100	0	0	0	false	Ability	1	brn	aguavberry	2	0	99	1	0		undefined	false	16384	16384	16384	-1	0
rattled	onAfterBoost	733	-1	6	61	Normal	1	0	0	10	100	1	24576	greninjabond	0	0	1	1	0	1	0	2	60	100	1	0	null	Ability	0	brn	iapapaberry	0	0	-1	0	0	boost:spe=1:undefined:undefined:undefined:false:false	undefined	true	24576	24576	24576	1	0
rattled	onAfterBoost	734	6	1	61	Dark	1	1	0	0	100	0	0	greninjaash	0	1	1	1	0	-1	1	2	100	100	1	1	null	Move	1	psn	iapapaberry	0	1	1	1	0		undefined	false	0	0	0	-1	2
rattled	onAfterBoost	735	1	1	60	Dark	1	0	0	20	20	0	16384	greninjaash	0	0	0	1	0	6	0	1	0	160	0	0	true	missing	0	brn	wikiberry	1	-1	1	1	0		undefined	false	16384	16384	16384	6	0
rattled	onAfterBoost	736	-1	6	61	Ghost	1	0	1	20	20	1	0	greninjaash	0	1	0	1	0	0	0	1	0	160	1	1	true	missing	0	brn	aguavberry	2	0	0	0	1		undefined	true	0	0	0	0	0
rattled	onAfterBoost	737	1	6	40	Water	0	1	0	10	100	0	8192	pikachu	0	0	1	1	1	6	1	2	0	0	0	0	true	Move	0	psn	figyberry	1	1	99	1	1		undefined	false	8192	8192	8192	6	2
rattled	onAfterBoost	738	1	0	61	Normal	0	1	1	0	-1	1	2048	greninjaash	0	1	1	1	1	0	0	2	0	160	1	0	null	Ability	1	psn	wikiberry	1	0	-1	0	0	boost:spe=1:undefined:undefined:undefined:false:false	undefined	true	2048	2048	2048	0	2
rattled	onAfterBoost	739	-1	1	61	Dark	1	1	0	20	0	-1	8	pikachu	1	0	1	1	1	-1	0	1	0	100	0	1	undefined	Ability	1	psn	aguavberry	2	-1	1	0	1	boost:spe=1:undefined:undefined:undefined:false:false	undefined	undefined	8	8	8	-1	2
rattled	onAfterBoost	740	0	6	70	Bug	1	0	1	20	20	-1	8	pikachu	1	1	0	0	1	-1	0	1	60	160	1	1	undefined	Ability	1	brn	figyberry	0	1	-1	1	1	boost:spe=1:undefined:undefined:undefined:false:false	undefined	undefined	8	8	8	-1	0
rattled	onAfterBoost	741	1	0	60	Ghost	1	1	0	20	100	0	0	greninjaash	1	1	1	1	0	-1	1	2	0	160	1	0	false	missing	1	brn	leftovers	0	1	99	1	1		undefined	false	0	0	0	-1	2
rattled	onAfterBoost	742	-1	1	70	Normal	1	0	0	10	100	-1	8192	pikachu	0	1	1	1	1	-1	0	0	0	160	1	1	undefined	Ability	0	brn	magoberry	1	1	-1	0	1	boost:spe=1:undefined:undefined:undefined:false:false	undefined	undefined	8192	8192	8192	-1	0
rattled	onAfterBoost	743	1	6	70	Bug	1	0	1	0	-1	1	0	pikachu	1	0	0	1	1	1	0	1	100	0	1	1	0	missing	0	brn	leftovers	1	0	99	0	1		undefined	true	0	0	0	1	0
rattled	onAfterBoost	744	-1	1	0	Fire	0	0	0	100	0	1	16384	greninjaash	1	1	0	0	0	6	0	0	0	0	0	0	0	missing	1	brn	leftovers	1	-1	-1	1	1		undefined	true	16384	16384	16384	6	0
rattled	onAfterBoost	745	0	0	40	Bug	0	0	1	0	-1	-1	0	greninjaash	1	1	1	0	1	6	0	0	60	0	0	0	true	missing	1	psn	aguavberry	2	-1	0	1	1		undefined	undefined	0	0	0	6	0
rattled	onAfterBoost	746	0	6	70	Fire	0	0	0	20	100	-1	24576	greninjabond	0	0	0	1	0	-1	0	0	100	0	1	0	0	Ability	0	brn	iapapaberry	1	0	-1	1	1	boost:spe=1:undefined:undefined:undefined:false:false	undefined	undefined	24576	24576	24576	-1	0
rattled	onAfterBoost	747	6	0	60	Fire	1	1	1	100	0	0	8192	greninjabond	1	0	1	1	0	0	1	1	60	0	1	1	false	Move	0	psn	aguavberry	0	1	0	0	0		undefined	false	8192	8192	8192	0	2
rattled	onAfterBoost	748	6	6	60	Normal	0	1	0	10	20	1	8192	pikachu	0	1	1	1	1	6	0	2	60	0	1	0	0	Move	1	brn	figyberry	2	1	0	1	1		undefined	true	8192	8192	8192	6	2
rattled	onAfterBoost	749	-1	6	60	Fire	0	0	0	0	20	-1	8	greninjabond	1	0	1	0	1	6	0	0	0	0	1	1	null	missing	1	psn	figyberry	1	-1	99	1	1		undefined	undefined	8	8	8	6	0
rattled	onAfterBoost	750	0	6	70	Dark	0	0	0	10	20	1	0	pikachu	1	1	1	1	0	0	0	2	0	100	1	1	0	Move	1	psn	leftovers	0	-1	1	0	1		undefined	true	0	0	0	0	0
rattled	onAfterBoost	751	6	0	70	Water	0	0	0	100	100	1	2048	greninjabond	1	0	1	0	0	0	0	2	0	160	0	1	true	Ability	0	psn	wikiberry	2	0	99	0	0		undefined	true	2048	2048	2048	0	0
rattled	onAfterBoost	752	-1	0	0	Ghost	0	1	1	0	20	0	8	greninjaash	0	0	1	1	1	0	1	1	60	0	0	1	true	Ability	1	brn	aguavberry	2	1	99	1	0		undefined	false	8	8	8	0	2
rattled	onAfterBoost	753	0	0	40	Fire	1	1	1	0	100	0	24576	pikachu	1	0	1	0	1	6	1	0	100	100	0	1	true	Ability	1	brn	aguavberry	1	-1	1	0	1	boost:spe=1:undefined:undefined:undefined:false:false	undefined	false	24576	24576	24576	6	2
rattled	onAfterBoost	754	-1	1	60	Normal	0	0	0	0	0	1	0	pikachu	0	0	0	1	1	6	1	0	0	0	1	0	0	Move	0	psn	wikiberry	2	1	-1	1	1		undefined	true	0	0	0	6	0
rattled	onAfterBoost	755	1	6	40	Water	1	1	0	100	-1	0	0	greninjaash	0	0	0	0	0	1	1	1	100	100	0	0	undefined	Move	0	psn	wikiberry	2	1	99	1	1		undefined	false	0	0	0	1	2
rattled	onAfterBoost	756	0	6	60	Bug	0	0	0	0	20	0	24576	greninjabond	1	0	0	0	1	6	0	2	60	0	0	1	false	Ability	0	brn	magoberry	2	0	1	1	0	boost:spe=1:undefined:undefined:undefined:false:false	undefined	false	24576	24576	24576	6	0
rattled	onAfterBoost	757	0	0	40	Bug	1	1	0	10	20	-1	24576	pikachu	0	1	1	0	1	0	1	1	100	0	0	1	false	missing	0	brn	sitrusberry	2	1	99	1	1		undefined	undefined	24576	24576	24576	0	2
rattled	onAfterBoost	758	1	1	40	Fire	0	1	0	10	-1	0	8192	greninjabond	1	0	0	1	0	0	1	0	100	0	0	1	0	Move	1	brn	wikiberry	1	0	-1	1	0		undefined	false	8192	8192	8192	0	2
rattled	onAfterBoost	759	-1	1	70	Dark	0	0	1	10	20	0	16384	pikachu	1	0	0	0	0	-1	0	1	100	100	0	0	undefined	missing	0	psn	leftovers	2	0	-1	1	1		undefined	false	16384	16384	16384	-1	0
rattled	onAfterBoost	760	0	6	70	Fire	1	1	1	10	-1	-1	8192	greninjabond	1	1	0	0	1	1	1	1	0	100	1	0	true	missing	1	brn	aguavberry	0	0	1	1	0		undefined	undefined	8192	8192	8192	1	2
rattled	onAfterBoost	761	0	0	40	Ghost	0	0	1	100	0	0	8192	pikachu	0	1	1	1	0	6	0	0	0	100	0	1	undefined	missing	0	brn	leftovers	0	1	-1	0	1		undefined	false	8192	8192	8192	6	0
rattled	onAfterBoost	762	6	6	40	Water	0	0	0	20	-1	1	2048	greninjaash	0	1	0	1	1	0	0	1	100	100	1	0	false	Ability	1	brn	aguavberry	2	-1	-1	0	0	boost:spe=1:undefined:undefined:undefined:false:false	undefined	true	2048	2048	2048	0	0
rattled	onAfterBoost	763	-1	1	0	Water	0	1	1	0	20	0	0	greninjaash	0	0	1	0	1	6	1	0	100	160	0	1	false	Ability	0	brn	wikiberry	2	-1	1	0	0	boost:spe=1:undefined:undefined:undefined:false:false	undefined	false	0	0	0	6	2
rattled	onAfterBoost	764	6	6	0	Normal	1	0	1	100	20	0	16384	greninjabond	0	0	0	1	1	1	1	0	0	160	1	0	null	Move	0	psn	wikiberry	2	0	99	1	0		undefined	false	16384	16384	16384	1	0
rattled	onAfterBoost	765	6	1	40	Bug	0	0	1	100	20	0	2048	greninjaash	1	0	0	0	1	6	0	2	60	160	0	0	true	missing	1	brn	wikiberry	0	1	1	0	1		undefined	false	2048	2048	2048	6	0
rattled	onAfterBoost	766	-1	1	60	Bug	0	1	1	10	0	0	8	greninjabond	1	0	0	1	1	1	0	1	100	0	0	1	true	Move	0	psn	wikiberry	1	0	1	0	0		undefined	false	8	8	8	1	2
rattled	onAfterBoost	767	-1	1	60	Fire	0	0	1	0	-1	-1	2048	greninjabond	0	0	1	1	1	6	1	0	100	160	1	0	undefined	missing	1	brn	sitrusberry	0	1	0	0	0		undefined	undefined	2048	2048	2048	6	0
rattled	onAfterBoost	768	0	1	0	Ghost	0	0	0	20	100	-1	24576	greninjaash	0	1	0	1	1	-1	1	0	60	160	0	1	true	Ability	0	brn	figyberry	2	-1	0	1	1		undefined	undefined	24576	24576	24576	-1	0
rattled	onAfterBoost	769	-1	0	0	Normal	0	1	1	100	20	0	0	pikachu	1	0	1	1	0	6	1	2	0	0	0	1	true	Ability	1	psn	aguavberry	0	1	0	0	1		undefined	false	0	0	0	6	2
rattled	onAfterBoost	770	6	6	70	Ghost	1	1	0	0	20	-1	24576	pikachu	1	1	1	1	0	-1	0	0	60	100	0	0	0	missing	0	psn	aguavberry	2	0	-1	1	0		undefined	undefined	24576	24576	24576	-1	2
rattled	onAfterBoost	771	6	6	70	Dark	0	1	1	10	20	1	16384	greninjaash	0	0	0	1	0	-1	1	1	0	100	1	1	undefined	Ability	0	brn	wikiberry	2	1	-1	0	1	boost:spe=1:undefined:undefined:undefined:false:false	undefined	true	16384	16384	16384	-1	2
rattled	onAfterBoost	772	0	0	70	Ghost	0	1	0	20	20	-1	0	pikachu	0	1	1	0	1	1	1	0	100	0	0	1	0	missing	0	psn	wikiberry	2	-1	-1	0	0		undefined	undefined	0	0	0	1	2
rattled	onAfterBoost	773	0	0	70	Ghost	0	0	1	0	20	1	8192	greninjabond	0	1	0	1	0	0	0	0	0	100	0	0	null	missing	0	psn	iapapaberry	0	0	1	0	1		undefined	true	8192	8192	8192	0	0
rattled	onAfterBoost	774	0	6	60	Dark	0	0	1	10	100	1	0	greninjaash	1	1	0	1	0	1	0	1	0	160	0	1	null	missing	1	brn	iapapaberry	1	1	-1	1	1		undefined	true	0	0	0	1	0
rattled	onAfterBoost	775	0	6	0	Fire	1	0	0	20	100	-1	24576	greninjaash	0	0	0	0	0	1	1	1	0	0	0	1	false	Move	1	brn	wikiberry	1	0	0	0	1		undefined	undefined	24576	24576	24576	1	0
rattled	onAfterBoost	776	0	1	0	Ghost	1	0	1	100	-1	-1	2048	greninjabond	0	0	1	0	1	0	0	2	100	0	0	0	null	missing	0	brn	wikiberry	1	1	-1	1	1		undefined	undefined	2048	2048	2048	0	0
rattled	onAfterBoost	777	-1	0	0	Fire	1	1	1	100	0	1	8	greninjaash	1	1	1	0	0	6	1	0	60	0	1	0	false	Ability	0	psn	leftovers	1	-1	99	1	1		undefined	true	8	8	8	6	2
rattled	onAfterBoost	778	1	0	61	Normal	1	1	1	20	100	-1	16384	pikachu	1	1	1	1	1	1	1	0	100	160	0	0	null	missing	0	brn	leftovers	2	1	-1	0	1		undefined	undefined	16384	16384	16384	1	2
rattled	onAfterBoost	779	1	6	60	Fire	0	1	0	10	100	0	0	greninjaash	1	0	1	1	0	0	1	0	60	100	0	0	false	Ability	0	psn	sitrusberry	1	0	99	1	0		undefined	false	0	0	0	0	2
rattled	onAfterBoost	780	6	6	40	Ghost	1	1	1	10	100	-1	16384	pikachu	1	0	0	1	0	1	1	1	100	0	0	1	undefined	missing	0	psn	wikiberry	2	-1	0	0	1		undefined	undefined	16384	16384	16384	1	2
rattled	onAfterBoost	781	1	0	60	Dark	1	1	1	20	-1	0	0	greninjabond	0	0	0	1	0	6	1	0	60	0	0	1	0	Ability	1	psn	aguavberry	2	-1	0	0	1		undefined	false	0	0	0	6	2
rattled	onAfterBoost	782	1	6	60	Bug	0	0	1	10	100	-1	24576	greninjaash	1	1	1	1	1	6	1	0	0	0	1	1	0	Ability	1	psn	figyberry	2	1	1	0	0	boost:spe=1:undefined:undefined:undefined:false:false	undefined	undefined	24576	24576	24576	6	0
rattled	onAfterBoost	783	1	0	60	Water	1	0	1	10	20	-1	8	greninjabond	0	0	1	0	0	0	1	2	0	100	1	1	true	Ability	1	psn	magoberry	1	-1	1	1	0	boost:spe=1:undefined:undefined:undefined:false:false	undefined	undefined	8	8	8	0	0
rattled	onAfterBoost	784	0	1	70	Dark	0	1	1	0	100	-1	16384	pikachu	1	0	0	1	1	6	0	1	0	160	1	0	null	missing	0	brn	sitrusberry	1	1	99	1	0		undefined	undefined	16384	16384	16384	6	2
rattled	onAfterBoost	785	-1	6	61	Fire	0	0	0	20	20	0	0	pikachu	0	0	0	0	1	6	0	0	0	160	1	0	null	Ability	1	brn	iapapaberry	2	0	0	1	1		undefined	false	0	0	0	6	0
rattled	onAfterBoost	786	0	1	61	Fire	1	0	1	0	-1	-1	16384	greninjabond	1	0	1	1	0	0	0	2	0	0	0	0	true	Move	1	psn	wikiberry	0	1	-1	1	1		undefined	undefined	16384	16384	16384	0	0
rattled	onAfterBoost	787	-1	1	40	Normal	1	0	1	20	0	1	16384	greninjaash	1	1	1	0	1	1	1	2	100	160	1	0	null	Move	1	psn	iapapaberry	2	1	1	0	1		undefined	true	16384	16384	16384	1	0
rattled	onAfterBoost	788	1	1	60	Ghost	0	0	1	10	100	1	2048	greninjabond	0	0	1	0	0	0	0	0	60	100	1	0	false	Ability	1	psn	sitrusberry	1	1	1	0	1	boost:spe=1:undefined:undefined:undefined:false:false	undefined	true	2048	2048	2048	0	0
rattled	onAfterBoost	789	-1	6	60	Bug	0	0	1	100	-1	0	8	greninjaash	1	1	0	0	0	0	0	2	100	160	0	1	undefined	missing	1	brn	sitrusberry	2	0	0	1	1		undefined	false	8	8	8	0	0
rattled	onAfterBoost	790	6	0	61	Ghost	1	0	0	10	20	-1	8192	greninjabond	0	0	1	1	0	-1	0	2	100	160	1	1	0	missing	0	brn	figyberry	2	0	-1	1	0		undefined	undefined	8192	8192	8192	-1	0
rattled	onAfterBoost	791	1	1	40	Bug	1	0	0	100	-1	1	8	greninjaash	1	0	1	1	1	-1	1	1	60	0	0	0	true	Ability	1	psn	figyberry	1	0	1	0	1	boost:spe=1:undefined:undefined:undefined:false:false	undefined	true	8	8	8	-1	0
rattled	onAfterBoost	792	0	0	0	Dark	1	0	0	20	-1	-1	16384	greninjabond	0	1	0	0	1	-1	0	0	60	0	0	1	undefined	missing	0	brn	sitrusberry	0	-1	1	0	0		undefined	undefined	16384	16384	16384	-1	0
rattled	onAfterBoost	793	6	6	0	Bug	0	1	0	20	100	-1	8192	greninjaash	1	1	0	0	1	6	1	2	0	0	1	1	undefined	Move	1	psn	leftovers	1	1	1	1	1		undefined	undefined	8192	8192	8192	6	2
rattled	onAfterBoost	794	-1	1	61	Normal	1	0	1	20	20	1	8192	greninjaash	1	0	0	1	1	6	0	2	100	0	1	1	undefined	Move	0	brn	magoberry	2	0	0	1	0		undefined	true	8192	8192	8192	6	0
rattled	onAfterBoost	795	6	6	0	Water	1	0	0	20	-1	-1	8	greninjabond	1	1	0	1	0	6	0	1	60	160	0	1	true	missing	1	brn	aguavberry	1	0	-1	1	0		undefined	undefined	8	8	8	6	0
rattled	onAfterBoost	796	-1	6	60	Fire	0	0	0	0	100	-1	8192	greninjaash	1	1	1	1	0	0	0	1	60	100	0	1	true	missing	1	psn	figyberry	1	0	99	0	0		undefined	undefined	8192	8192	8192	0	0
rattled	onAfterBoost	797	1	0	70	Normal	0	1	1	10	-1	-1	24576	greninjabond	0	0	0	0	1	6	1	1	60	0	1	1	false	Ability	0	brn	figyberry	2	-1	-1	1	1	boost:spe=1:undefined:undefined:undefined:false:false	undefined	undefined	24576	24576	24576	6	2
rattled	onAfterBoost	798	-1	0	70	Bug	1	1	0	10	-1	-1	2048	greninjaash	0	0	1	1	1	-1	0	1	60	160	1	1	0	Ability	1	psn	leftovers	2	-1	1	1	1	boost:spe=1:undefined:undefined:undefined:false:false	undefined	undefined	2048	2048	2048	-1	2
rattled	onAfterBoost	799	6	6	0	Ghost	0	0	1	20	100	1	24576	greninjaash	1	0	0	1	0	6	1	1	0	100	1	1	true	Move	1	psn	figyberry	0	-1	99	0	0		undefined	true	24576	24576	24576	6	0
rattled	onAfterBoost	800	0	1	61	Fire	1	0	1	100	0	0	0	greninjabond	1	1	1	1	0	1	1	2	60	160	0	0	true	Move	1	brn	iapapaberry	0	1	0	0	0		undefined	false	0	0	0	1	0
rattled	onAfterBoost	801	6	0	40	Water	1	0	0	10	-1	-1	8192	pikachu	1	0	0	1	1	6	0	0	0	160	1	1	true	Move	0	psn	leftovers	0	1	-1	0	1		undefined	undefined	8192	8192	8192	6	0
rattled	onAfterBoost	802	6	0	60	Dark	1	1	0	10	100	0	16384	greninjaash	1	1	0	0	1	1	1	2	0	0	1	1	null	Ability	1	psn	leftovers	2	0	0	0	1		undefined	false	16384	16384	16384	1	2
rattled	onAfterBoost	803	1	0	61	Water	1	0	1	100	-1	1	24576	greninjabond	1	1	1	1	1	-1	0	1	100	0	0	1	0	Move	1	brn	iapapaberry	0	1	99	1	1		undefined	true	24576	24576	24576	-1	0
rattled	onAfterBoost	804	1	6	61	Fire	1	1	1	100	100	0	8192	pikachu	0	1	0	0	0	-1	0	1	100	0	0	0	true	missing	1	psn	sitrusberry	0	0	-1	0	0		undefined	false	8192	8192	8192	-1	2
rattled	onAfterBoost	805	6	6	61	Fire	1	0	0	100	0	0	16384	greninjaash	0	1	1	1	1	0	0	0	60	160	1	0	true	missing	1	psn	leftovers	1	-1	-1	1	1		undefined	false	16384	16384	16384	0	0
rattled	onAfterBoost	806	0	6	60	Ghost	1	1	0	10	0	1	8192	greninjaash	0	1	0	1	1	0	1	2	60	0	0	1	true	Ability	1	brn	iapapaberry	1	1	-1	0	1	boost:spe=1:undefined:undefined:undefined:false:false	undefined	true	8192	8192	8192	0	2
rattled	onAfterBoost	807	-1	6	40	Dark	0	0	0	10	20	-1	24576	greninjaash	1	0	1	0	0	1	1	1	0	100	1	1	false	Ability	0	brn	sitrusberry	2	-1	99	1	1		undefined	undefined	24576	24576	24576	1	0
rattled	onAfterBoost	808	1	6	60	Fire	0	1	1	0	20	1	8192	pikachu	0	0	0	0	0	-1	1	1	0	0	1	1	undefined	Move	1	brn	figyberry	1	-1	-1	0	1		undefined	true	8192	8192	8192	-1	2
rattled	onAfterBoost	809	6	6	61	Dark	0	1	0	10	100	1	2048	greninjabond	0	1	0	1	0	6	1	2	0	0	1	0	undefined	missing	1	brn	iapapaberry	1	-1	0	0	0		undefined	true	2048	2048	2048	6	2
rattled	onAfterBoost	810	6	6	40	Water	1	1	0	100	0	-1	24576	pikachu	0	1	0	0	0	0	0	2	100	160	1	1	true	Ability	1	psn	leftovers	1	0	0	1	1		undefined	undefined	24576	24576	24576	0	2
rattled	onAfterBoost	811	0	0	0	Fire	0	0	1	100	20	0	8	pikachu	0	1	0	0	1	0	0	0	60	100	1	0	undefined	Move	1	psn	figyberry	0	-1	0	0	0		undefined	false	8	8	8	0	0
rattled	onAfterBoost	812	-1	1	61	Fire	0	1	1	20	100	1	8192	greninjabond	0	0	1	1	0	-1	1	1	60	160	1	1	null	Move	0	psn	magoberry	1	1	0	1	1		undefined	true	8192	8192	8192	-1	2
rattled	onAfterBoost	813	0	1	40	Bug	0	1	0	0	0	-1	24576	greninjaash	1	0	1	1	1	6	1	2	100	100	1	0	false	Move	0	psn	aguavberry	0	1	99	0	1		undefined	undefined	24576	24576	24576	6	2
rattled	onAfterBoost	814	6	6	0	Normal	1	0	1	10	100	1	8	greninjaash	0	1	0	1	0	0	0	2	60	160	0	1	undefined	Ability	0	brn	leftovers	2	1	1	1	0	boost:spe=1:undefined:undefined:undefined:false:false	undefined	true	8	8	8	0	0
rattled	onAfterBoost	815	-1	6	40	Water	0	0	0	100	-1	-1	16384	greninjaash	1	0	0	0	1	0	0	1	60	100	0	0	true	missing	0	brn	sitrusberry	0	-1	-1	0	0		undefined	undefined	16384	16384	16384	0	0
rattled	onAfterBoost	816	1	6	70	Fire	1	1	0	10	0	0	8192	greninjaash	0	1	0	1	0	0	1	0	100	160	0	0	false	missing	1	brn	aguavberry	0	-1	99	0	1		undefined	false	8192	8192	8192	0	2
rattled	onAfterBoost	817	1	0	61	Ghost	0	0	0	0	0	-1	8	pikachu	1	0	0	0	0	-1	1	0	0	160	1	0	undefined	missing	0	brn	iapapaberry	2	0	99	0	0		undefined	undefined	8	8	8	-1	0
rattled	onAfterBoost	818	1	6	0	Dark	0	1	0	10	-1	1	8	pikachu	0	0	0	0	1	6	1	2	100	160	0	1	undefined	Ability	0	brn	wikiberry	0	1	0	0	0		undefined	true	8	8	8	6	2
rattled	onAfterBoost	819	6	6	0	Fire	0	0	0	0	100	0	24576	pikachu	0	1	1	0	0	1	0	2	60	0	0	0	false	Ability	1	psn	figyberry	2	0	-1	1	1	boost:spe=1:undefined:undefined:undefined:false:false	undefined	false	24576	24576	24576	1	0
rattled	onAfterBoost	820	1	0	40	Dark	1	0	0	10	0	0	0	pikachu	1	0	1	0	1	6	1	2	60	100	0	0	undefined	missing	0	psn	leftovers	0	1	1	1	1		undefined	false	0	0	0	6	0
rattled	onAfterBoost	821	6	6	61	Water	0	0	0	20	0	1	2048	greninjabond	0	1	1	0	0	0	1	1	0	160	1	1	true	Ability	1	brn	aguavberry	1	1	99	0	1		undefined	true	2048	2048	2048	0	0
rattled	onAfterBoost	822	-1	1	60	Dark	1	0	1	10	20	0	16384	greninjabond	0	1	0	1	1	1	0	1	60	100	0	1	null	Ability	1	psn	figyberry	1	-1	-1	0	0	boost:spe=1:undefined:undefined:undefined:false:false	undefined	false	16384	16384	16384	1	0
rattled	onAfterBoost	823	0	6	61	Water	1	0	1	20	100	-1	2048	greninjaash	0	0	1	1	0	-1	0	2	60	0	1	0	undefined	Move	0	psn	aguavberry	0	-1	0	0	1		undefined	undefined	2048	2048	2048	-1	0
rattled	onAfterBoost	824	1	0	61	Dark	0	0	1	20	20	0	24576	greninjabond	1	1	1	0	0	6	0	1	60	160	0	1	false	Move	0	psn	figyberry	2	0	1	0	0		undefined	false	24576	24576	24576	6	0
rattled	onAfterBoost	825	1	6	40	Bug	1	1	0	0	20	0	0	greninjabond	0	1	1	0	0	-1	0	2	0	160	0	0	true	Ability	1	psn	iapapaberry	2	1	-1	0	0	boost:spe=1:undefined:undefined:undefined:false:false	undefined	false	0	0	0	-1	2
rattled	onAfterBoost	826	0	0	40	Bug	0	0	1	100	100	-1	0	pikachu	0	0	1	0	0	1	1	1	0	0	0	1	true	Ability	1	psn	iapapaberry	1	1	0	1	0		undefined	undefined	0	0	0	1	0
rattled	onAfterBoost	827	1	6	61	Water	0	0	1	0	100	-1	8192	greninjabond	0	1	1	1	1	6	0	1	60	0	1	1	true	missing	0	psn	figyberry	0	-1	1	1	0		undefined	undefined	8192	8192	8192	6	0
rattled	onAfterBoost	828	0	6	60	Ghost	0	1	1	0	0	0	2048	greninjaash	0	1	0	1	1	6	1	0	100	100	0	1	false	missing	0	psn	sitrusberry	0	0	99	1	0		undefined	false	2048	2048	2048	6	2
rattled	onAfterBoost	829	-1	6	61	Fire	1	1	0	100	100	0	24576	pikachu	0	0	1	0	0	6	0	1	100	0	1	1	null	Ability	0	psn	leftovers	2	-1	99	0	1		undefined	false	24576	24576	24576	6	2
rattled	onAfterBoost	830	0	6	0	Bug	1	1	1	10	20	0	8192	greninjaash	1	0	0	1	0	1	1	2	60	0	1	1	undefined	Ability	1	brn	figyberry	2	0	1	1	1	boost:spe=1:undefined:undefined:undefined:false:false	undefined	false	8192	8192	8192	1	2
rattled	onAfterBoost	831	1	0	70	Bug	1	0	0	0	20	-1	2048	greninjabond	0	0	1	0	0	6	0	2	60	160	0	1	false	missing	0	psn	wikiberry	2	0	0	1	0		undefined	undefined	2048	2048	2048	6	0
rattled	onAfterBoost	832	1	6	60	Dark	1	0	1	100	0	-1	0	greninjabond	0	0	0	1	0	-1	0	0	100	100	1	0	0	missing	0	psn	aguavberry	2	-1	0	1	0		undefined	undefined	0	0	0	-1	0
rattled	onAfterBoost	833	1	0	70	Fire	0	0	1	0	0	-1	8192	greninjabond	0	1	1	1	0	-1	1	0	100	100	0	1	null	Move	1	psn	sitrusberry	1	1	1	1	0		undefined	undefined	8192	8192	8192	-1	0
rattled	onAfterBoost	834	-1	1	70	Fire	0	0	1	10	0	1	24576	greninjabond	0	1	1	0	1	-1	0	1	100	0	0	1	0	Ability	1	brn	sitrusberry	0	0	0	1	1		undefined	true	24576	24576	24576	-1	0
rattled	onAfterBoost	835	0	6	0	Bug	1	0	0	10	0	0	0	greninjaash	1	1	0	1	1	-1	1	1	60	0	0	0	null	Ability	0	brn	wikiberry	1	0	0	0	1		undefined	false	0	0	0	-1	0
rattled	onAfterBoost	836	6	1	70	Ghost	1	1	1	100	0	-1	2048	greninjabond	1	1	1	0	1	1	0	0	100	160	1	0	true	Move	1	psn	iapapaberry	0	1	-1	1	0		undefined	undefined	2048	2048	2048	1	2
rattled	onAfterBoost	837	1	1	60	Dark	0	0	0	10	100	-1	2048	greninjaash	1	0	1	0	0	0	1	0	0	100	1	0	0	Ability	0	psn	figyberry	1	0	1	0	1	boost:spe=1:undefined:undefined:undefined:false:false	undefined	undefined	2048	2048	2048	0	0
rattled	onAfterBoost	838	1	0	60	Dark	0	1	0	10	-1	0	8192	greninjabond	1	0	1	1	1	6	0	1	100	0	1	1	undefined	Move	0	psn	iapapaberry	1	1	-1	1	0		undefined	false	8192	8192	8192	6	2
rattled	onAfterBoost	839	1	6	0	Ghost	1	0	1	100	-1	1	2048	greninjaash	0	0	0	0	1	1	0	0	0	160	1	1	undefined	missing	0	brn	wikiberry	2	1	1	0	1		undefined	true	2048	2048	2048	1	0
rattled	onAfterBoost	840	1	6	70	Bug	1	1	0	0	20	0	16384	pikachu	1	0	1	0	1	1	0	1	0	0	0	1	true	Ability	0	psn	iapapaberry	0	-1	0	1	1		undefined	false	16384	16384	16384	1	2
rattled	onAfterBoost	841	1	1	0	Ghost	1	1	1	100	-1	1	8	pikachu	1	0	1	1	1	-1	0	0	60	0	0	1	true	missing	0	brn	aguavberry	1	-1	99	1	0		undefined	true	8	8	8	-1	2
rattled	onAfterBoost	842	6	0	61	Bug	0	1	1	100	-1	-1	24576	greninjaash	0	1	1	0	1	6	1	1	100	100	1	1	false	missing	0	psn	leftovers	0	1	0	0	1		undefined	undefined	24576	24576	24576	6	2
rattled	onAfterBoost	843	6	6	0	Dark	1	0	1	20	-1	-1	2048	greninjabond	1	1	1	0	0	0	1	0	60	160	1	0	null	Move	0	brn	aguavberry	2	0	99	1	0		undefined	undefined	2048	2048	2048	0	0
rattled	onAfterBoost	844	0	1	40	Fire	1	0	0	20	0	1	24576	pikachu	0	0	1	1	1	1	0	0	100	100	0	1	null	missing	1	psn	figyberry	1	1	1	1	0		undefined	true	24576	24576	24576	1	0
rattled	onAfterBoost	845	-1	6	61	Normal	0	1	0	20	100	0	2048	greninjaash	0	1	0	1	0	6	0	0	60	160	0	0	false	Ability	1	brn	figyberry	1	0	1	1	1	boost:spe=1:undefined:undefined:undefined:false:false	undefined	false	2048	2048	2048	6	2
rattled	onAfterBoost	846	6	0	60	Normal	0	1	0	10	0	-1	2048	greninjabond	1	1	1	1	1	-1	0	0	0	0	1	1	false	Move	1	brn	figyberry	0	1	1	0	0		undefined	undefined	2048	2048	2048	-1	2
rattled	onAfterBoost	847	6	1	70	Dark	0	0	0	10	100	1	16384	greninjaash	1	1	1	1	0	0	0	2	60	0	1	0	undefined	Ability	0	brn	wikiberry	2	1	1	1	0	boost:spe=1:undefined:undefined:undefined:false:false	undefined	true	16384	16384	16384	0	0
rattled	onAfterBoost	848	6	1	0	Normal	0	0	1	10	-1	0	16384	pikachu	0	1	1	0	1	6	0	2	0	160	1	0	true	Move	1	psn	wikiberry	1	-1	-1	1	1		undefined	false	16384	16384	16384	6	0
rattled	onAfterBoost	849	0	1	60	Bug	1	0	1	100	100	0	0	greninjabond	0	1	1	0	1	-1	1	2	60	0	0	0	false	Ability	1	brn	iapapaberry	0	1	0	1	0		undefined	false	0	0	0	-1	0
rattled	onAfterBoost	850	6	0	70	Ghost	0	1	0	10	20	0	16384	greninjabond	1	1	0	0	0	0	1	1	0	0	1	1	0	Move	1	brn	magoberry	2	0	0	1	0		undefined	false	16384	16384	16384	0	2
rattled	onAfterBoost	851	1	6	70	Fire	1	0	0	20	-1	0	0	greninjabond	1	1	0	0	1	1	1	1	100	160	1	1	null	missing	0	psn	sitrusberry	0	1	1	1	1		undefined	false	0	0	0	1	0
rattled	onAfterBoost	852	6	1	61	Ghost	0	0	1	10	0	1	24576	pikachu	1	1	0	1	1	1	0	2	60	160	0	0	false	missing	1	psn	figyberry	0	-1	99	0	1		undefined	true	24576	24576	24576	1	0
rattled	onAfterBoost	853	1	0	60	Normal	1	0	1	0	20	1	24576	pikachu	0	0	0	1	1	0	1	0	100	0	0	0	false	Move	0	brn	wikiberry	1	0	0	1	1		undefined	true	24576	24576	24576	0	0
rattled	onAfterBoost	854	0	6	60	Fire	0	0	0	10	100	-1	24576	greninjabond	1	1	1	1	0	-1	1	2	60	100	0	1	0	missing	1	psn	figyberry	2	1	0	1	1		undefined	undefined	24576	24576	24576	-1	0
rattled	onAfterBoost	855	-1	1	40	Water	0	1	0	0	20	-1	16384	greninjaash	1	1	0	1	1	-1	1	0	0	160	0	1	undefined	Ability	1	brn	aguavberry	1	0	99	1	0		undefined	undefined	16384	16384	16384	-1	2
rattled	onAfterBoost	856	6	6	40	Water	1	0	0	20	100	1	8192	pikachu	0	1	0	1	1	0	1	1	100	0	1	1	true	Move	1	psn	wikiberry	0	-1	99	1	0		undefined	true	8192	8192	8192	0	0
rattled	onAfterBoost	857	0	1	40	Water	0	1	1	20	-1	-1	8	pikachu	0	0	1	0	1	-1	1	2	0	0	0	0	undefined	Move	0	psn	magoberry	0	1	99	0	0		undefined	undefined	8	8	8	-1	2
rattled	onAfterBoost	858	1	1	70	Water	1	0	0	100	100	-1	24576	greninjaash	1	0	0	0	1	-1	0	1	0	100	1	1	true	Ability	1	psn	sitrusberry	2	1	0	0	0		undefined	undefined	24576	24576	24576	-1	0
rattled	onAfterBoost	859	0	6	40	Water	0	0	0	100	20	-1	2048	pikachu	0	1	1	1	1	6	1	0	0	100	0	1	null	missing	0	psn	iapapaberry	1	0	0	0	1		undefined	undefined	2048	2048	2048	6	0
rattled	onAfterBoost	860	0	1	40	Fire	1	1	1	0	0	-1	24576	greninjaash	1	1	1	0	0	0	0	1	100	100	1	1	true	missing	0	psn	leftovers	2	-1	-1	0	1		undefined	undefined	24576	24576	24576	0	2
rattled	onAfterBoost	861	6	1	60	Fire	0	1	1	20	20	1	2048	greninjaash	1	1	0	0	1	6	1	0	100	160	0	1	false	missing	1	psn	sitrusberry	2	1	0	1	1		undefined	true	2048	2048	2048	6	2
rattled	onAfterBoost	862	1	1	0	Water	0	0	1	10	20	-1	8192	greninjabond	1	0	0	0	1	0	0	1	100	160	0	0	true	Ability	0	brn	sitrusberry	2	0	99	0	1		undefined	undefined	8192	8192	8192	0	0
rattled	onAfterBoost	863	0	1	61	Water	0	1	1	100	-1	-1	24576	greninjaash	1	1	1	0	1	-1	1	2	60	100	1	1	null	Move	1	psn	wikiberry	0	-1	99	0	1		undefined	undefined	24576	24576	24576	-1	2
rattled	onAfterBoost	864	6	6	40	Water	0	1	0	100	-1	0	8192	greninjabond	1	0	1	0	1	1	1	2	100	160	0	0	true	missing	1	psn	iapapaberry	1	-1	1	1	0		undefined	false	8192	8192	8192	1	2
rattled	onAfterBoost	865	0	1	61	Fire	1	0	1	20	20	0	16384	pikachu	1	1	0	0	0	-1	0	0	100	0	1	1	undefined	Move	1	brn	aguavberry	1	1	-1	0	0		undefined	false	16384	16384	16384	-1	0
rattled	onAfterBoost	866	0	0	0	Ghost	1	0	0	10	0	-1	8192	pikachu	1	0	0	0	0	1	1	2	60	0	0	1	undefined	Move	0	brn	magoberry	0	-1	0	1	1		undefined	undefined	8192	8192	8192	1	0
rattled	onAfterBoost	867	6	0	70	Water	0	0	1	100	100	1	16384	pikachu	0	1	0	0	0	0	1	1	100	0	1	0	undefined	Ability	0	brn	wikiberry	2	0	99	1	0		undefined	true	16384	16384	16384	0	0
rattled	onAfterBoost	868	-1	0	60	Fire	0	1	0	100	-1	1	16384	greninjaash	0	0	1	1	0	0	1	2	100	160	0	0	undefined	missing	0	psn	iapapaberry	1	-1	0	0	0		undefined	true	16384	16384	16384	0	2
rattled	onAfterBoost	869	0	1	0	Bug	0	0	1	100	20	-1	8192	greninjaash	0	0	0	0	1	0	0	1	100	100	0	1	0	Move	0	psn	wikiberry	0	1	-1	0	0		undefined	undefined	8192	8192	8192	0	0
rattled	onAfterBoost	870	6	1	60	Ghost	0	1	1	20	20	-1	0	pikachu	1	0	0	0	0	0	1	0	60	0	0	0	null	Move	1	psn	figyberry	1	-1	0	1	0		undefined	undefined	0	0	0	0	2
rattled	onAfterBoost	871	0	1	70	Ghost	0	1	0	10	0	-1	24576	greninjaash	0	1	1	0	0	6	1	2	100	0	0	0	null	missing	1	psn	sitrusberry	2	0	-1	1	0		undefined	undefined	24576	24576	24576	6	2
rattled	onAfterBoost	872	6	1	60	Bug	1	1	1	0	100	1	8	pikachu	0	0	1	1	1	-1	1	2	60	100	1	1	undefined	Move	0	psn	figyberry	1	1	0	0	0		undefined	true	8	8	8	-1	2
rattled	onAfterBoost	873	-1	0	60	Ghost	1	1	0	10	0	0	24576	greninjaash	0	0	0	1	0	-1	1	0	100	160	1	1	true	Move	0	brn	wikiberry	0	1	1	0	0		undefined	false	24576	24576	24576	-1	2
rattled	onAfterBoost	874	-1	0	70	Water	1	1	1	100	20	0	2048	greninjabond	1	1	1	0	1	0	1	0	100	0	0	1	undefined	Move	1	psn	wikiberry	1	1	0	0	0		undefined	false	2048	2048	2048	0	2
rattled	onAfterBoost	875	1	1	60	Bug	0	0	0	0	100	1	16384	greninjabond	0	1	0	0	1	1	0	0	100	100	0	0	false	Move	1	brn	wikiberry	1	-1	1	1	1		undefined	true	16384	16384	16384	1	0
rattled	onAfterBoost	876	1	6	0	Dark	1	0	1	20	-1	-1	16384	greninjabond	1	0	0	0	0	-1	1	2	60	160	0	1	false	Move	0	psn	wikiberry	2	-1	1	0	0		undefined	undefined	16384	16384	16384	-1	0
rattled	onAfterBoost	877	6	1	0	Bug	1	1	1	10	-1	0	0	greninjabond	0	1	0	1	0	-1	1	2	100	0	0	0	false	Ability	0	brn	aguavberry	2	0	-1	0	0	boost:spe=1:undefined:undefined:undefined:false:false	undefined	false	0	0	0	-1	2
rattled	onAfterBoost	878	-1	1	70	Bug	1	1	1	20	-1	1	8	pikachu	0	0	0	0	1	1	1	1	0	100	0	0	0	Move	0	brn	aguavberry	0	0	99	1	0		undefined	true	8	8	8	1	2
rattled	onAfterBoost	879	1	1	70	Ghost	1	1	1	0	20	0	24576	greninjaash	0	1	0	1	1	1	1	1	100	100	1	0	undefined	missing	1	brn	leftovers	1	-1	-1	1	1		undefined	false	24576	24576	24576	1	2
rattled	onAfterBoost	880	6	0	40	Water	1	0	0	10	-1	-1	2048	greninjaash	1	1	0	0	0	1	0	2	100	0	1	0	true	Move	0	psn	figyberry	0	1	-1	0	1		undefined	undefined	2048	2048	2048	1	0
rattled	onAfterBoost	881	-1	0	0	Bug	0	0	0	10	20	0	16384	greninjabond	0	1	0	1	0	-1	0	2	0	100	1	0	undefined	missing	0	psn	magoberry	0	1	99	1	0		undefined	false	16384	16384	16384	-1	0
rattled	onAfterBoost	882	6	1	60	Fire	1	1	1	10	100	0	24576	pikachu	1	1	1	0	0	-1	0	2	60	100	0	1	true	Move	1	brn	figyberry	2	-1	0	0	0		undefined	false	24576	24576	24576	-1	2
rattled	onAfterBoost	883	0	1	70	Fire	0	0	1	0	0	-1	8	greninjaash	1	1	1	1	1	6	0	2	100	100	1	1	null	missing	1	brn	sitrusberry	2	1	-1	0	0		undefined	undefined	8	8	8	6	0
rattled	onAfterBoost	884	-1	1	61	Dark	1	1	1	10	-1	-1	16384	greninjabond	0	1	1	1	0	-1	1	2	0	160	1	0	null	Move	1	psn	aguavberry	2	0	99	0	1		undefined	undefined	16384	16384	16384	-1	2
rattled	onAfterBoost	885	-1	1	0	Dark	0	0	1	20	-1	1	16384	pikachu	1	0	0	1	0	1	0	1	100	100	1	0	0	Move	1	psn	iapapaberry	1	-1	-1	0	0		undefined	true	16384	16384	16384	1	0
rattled	onAfterBoost	886	0	1	0	Water	1	0	1	20	0	0	16384	greninjaash	0	1	1	0	1	1	0	1	60	160	1	0	undefined	missing	0	psn	iapapaberry	0	-1	0	0	1		undefined	false	16384	16384	16384	1	0
rattled	onAfterBoost	887	6	0	0	Normal	1	1	0	20	-1	-1	8	greninjaash	0	1	1	1	1	0	1	1	0	100	1	1	null	Ability	1	brn	aguavberry	0	-1	0	0	0		undefined	undefined	8	8	8	0	2
rattled	onAfterBoost	888	-1	1	60	Normal	0	0	0	20	0	0	0	greninjaash	0	0	1	1	0	6	0	2	100	160	0	1	true	Move	0	psn	sitrusberry	0	-1	99	0	1		undefined	false	0	0	0	6	0
rattled	onAfterBoost	889	-1	1	0	Bug	1	1	0	0	100	-1	0	pikachu	1	0	0	0	1	-1	1	2	0	0	1	0	null	Move	1	psn	aguavberry	0	-1	0	1	0		undefined	undefined	0	0	0	-1	2
rattled	onAfterBoost	890	1	1	61	Fire	1	1	1	100	0	-1	8	greninjabond	1	0	1	0	0	1	1	0	0	160	0	1	false	missing	0	psn	iapapaberry	2	1	0	1	1		undefined	undefined	8	8	8	1	2
rattled	onAfterBoost	891	6	0	0	Fire	1	0	0	10	-1	-1	8192	pikachu	1	1	0	1	0	-1	0	2	0	0	1	0	null	Move	1	psn	iapapaberry	0	-1	99	1	1		undefined	undefined	8192	8192	8192	-1	0
rattled	onAfterBoost	892	1	0	60	Ghost	0	1	0	0	-1	-1	8192	greninjaash	1	1	1	0	0	6	0	1	60	0	0	1	0	missing	1	brn	wikiberry	2	-1	-1	0	1		undefined	undefined	8192	8192	8192	6	2
rattled	onAfterBoost	893	1	1	0	Ghost	1	1	0	0	-1	-1	8192	greninjaash	0	1	1	1	0	-1	1	0	0	0	1	1	null	Ability	0	psn	aguavberry	1	0	99	1	0		undefined	undefined	8192	8192	8192	-1	2
rattled	onAfterBoost	894	6	6	61	Fire	1	0	0	20	100	0	16384	pikachu	0	1	1	0	0	6	1	2	100	160	1	0	0	missing	1	brn	magoberry	1	-1	99	1	1		undefined	false	16384	16384	16384	6	0
rattled	onAfterBoost	895	6	0	70	Normal	1	1	0	10	0	-1	8	pikachu	1	1	0	0	0	-1	0	2	60	0	0	1	true	Move	0	psn	magoberry	0	0	1	1	1		undefined	undefined	8	8	8	-1	2
rattled	onAfterBoost	896	-1	6	70	Bug	1	1	1	100	20	0	0	greninjaash	1	0	1	0	0	0	0	2	100	160	1	0	0	Move	1	psn	figyberry	2	1	1	0	0		undefined	false	0	0	0	0	2
rattled	onAfterBoost	897	6	1	40	Ghost	1	0	0	0	-1	-1	24576	greninjaash	0	1	0	0	1	-1	0	0	60	100	1	0	0	Move	0	brn	magoberry	2	-1	1	1	0		undefined	undefined	24576	24576	24576	-1	0
rattled	onAfterBoost	898	1	0	0	Normal	0	0	1	10	-1	-1	2048	greninjabond	0	0	0	0	1	0	1	2	0	0	1	1	null	missing	1	brn	iapapaberry	0	-1	0	0	1		undefined	undefined	2048	2048	2048	0	0
rattled	onAfterBoost	899	1	6	0	Normal	1	0	0	20	-1	-1	24576	pikachu	1	1	1	0	1	0	0	1	60	100	0	0	null	missing	1	psn	sitrusberry	2	0	0	1	0		undefined	undefined	24576	24576	24576	0	0
rattled	onAfterBoost	900	-1	6	0	Normal	1	0	1	100	-1	0	24576	pikachu	1	0	0	1	0	6	0	2	60	160	1	0	true	Move	1	brn	magoberry	1	1	0	1	1		undefined	false	24576	24576	24576	6	0
rattled	onAfterBoost	901	-1	1	60	Water	1	1	0	10	-1	-1	16384	greninjabond	1	0	1	0	1	1	1	1	0	0	1	1	0	missing	1	brn	iapapaberry	1	-1	99	1	0		undefined	undefined	16384	16384	16384	1	2
rattled	onAfterBoost	902	-1	0	40	Water	1	1	0	20	20	1	8192	greninjabond	0	0	1	0	1	6	1	0	60	100	1	0	true	Move	0	psn	figyberry	2	0	0	0	0		undefined	true	8192	8192	8192	6	2
rattled	onAfterBoost	903	-1	0	61	Bug	0	1	1	100	20	-1	2048	pikachu	1	1	1	1	1	6	0	2	100	160	1	0	undefined	Move	0	psn	aguavberry	0	0	1	1	0		undefined	undefined	2048	2048	2048	6	2
rattled	onAfterBoost	904	-1	0	40	Bug	0	1	0	0	0	0	8	greninjaash	1	1	0	1	0	1	1	2	100	100	1	1	true	missing	1	psn	iapapaberry	1	-1	0	0	0		undefined	false	8	8	8	1	2
rattled	onAfterBoost	905	6	0	60	Bug	0	0	0	0	100	-1	2048	greninjaash	0	0	0	1	1	-1	0	1	100	0	0	1	true	Move	1	brn	magoberry	0	-1	-1	0	0		undefined	undefined	2048	2048	2048	-1	0
rattled	onAfterBoost	906	0	0	61	Ghost	0	0	0	100	20	-1	8	greninjabond	0	0	0	0	0	6	0	2	60	0	1	1	null	Move	1	psn	leftovers	2	-1	0	1	0		undefined	undefined	8	8	8	6	0
rattled	onAfterBoost	907	0	6	60	Bug	1	0	1	20	20	-1	8192	greninjabond	0	1	0	0	1	1	0	0	100	100	1	1	0	missing	1	brn	sitrusberry	1	1	-1	0	1		undefined	undefined	8192	8192	8192	1	0
rattled	onAfterBoost	908	1	1	61	Bug	0	0	0	20	20	0	24576	greninjaash	0	1	1	0	1	6	0	0	60	0	1	0	true	Ability	1	brn	wikiberry	0	0	1	1	0	boost:spe=1:undefined:undefined:undefined:false:false	undefined	false	24576	24576	24576	6	0
rattled	onAfterBoost	909	0	0	70	Bug	0	0	0	100	0	1	8192	greninjabond	1	1	1	0	1	-1	0	0	0	100	1	0	0	Ability	0	brn	sitrusberry	2	-1	1	1	0	boost:spe=1:undefined:undefined:undefined:false:false	undefined	true	8192	8192	8192	-1	0
rattled	onAfterBoost	910	0	6	70	Ghost	1	1	0	20	20	0	2048	pikachu	0	0	0	0	0	-1	0	1	0	160	0	0	undefined	missing	0	brn	sitrusberry	0	0	99	1	1		undefined	false	2048	2048	2048	-1	2
rattled	onAfterBoost	911	0	0	0	Dark	0	1	0	20	-1	1	2048	greninjabond	1	1	0	1	1	1	0	2	100	160	0	0	undefined	Ability	0	brn	wikiberry	0	1	99	0	1		undefined	true	2048	2048	2048	1	2
rattled	onAfterBoost	912	-1	1	61	Water	1	0	0	10	20	1	24576	greninjaash	0	1	1	0	0	-1	1	0	0	100	0	1	undefined	Ability	1	psn	figyberry	0	-1	-1	0	1	boost:spe=1:undefined:undefined:undefined:false:false	undefined	true	24576	24576	24576	-1	0
rattled	onAfterBoost	913	6	0	70	Bug	1	1	1	100	-1	-1	8192	greninjabond	1	1	1	1	0	-1	1	0	100	100	0	1	0	Move	0	psn	figyberry	2	0	1	0	0		undefined	undefined	8192	8192	8192	-1	2
rattled	onAfterBoost	914	-1	6	40	Water	0	1	0	10	0	0	24576	greninjaash	0	1	0	0	1	1	1	0	60	160	1	1	0	Move	0	brn	wikiberry	1	-1	0	0	0		undefined	false	24576	24576	24576	1	2
rattled	onAfterBoost	915	6	6	0	Fire	0	1	0	100	100	-1	8192	greninjabond	0	0	0	1	0	6	0	1	0	0	0	1	0	Ability	0	brn	leftovers	2	0	99	1	0		undefined	undefined	8192	8192	8192	6	2
rattled	onAfterBoost	916	0	6	0	Normal	1	1	0	20	20	1	8192	greninjaash	1	1	0	1	1	1	1	2	0	100	0	1	null	Ability	0	brn	aguavberry	2	-1	99	1	0		undefined	true	8192	8192	8192	1	2
rattled	onAfterBoost	917	6	6	60	Dark	1	1	0	0	0	-1	2048	pikachu	0	0	1	1	1	1	1	0	100	0	1	0	null	Ability	0	psn	figyberry	1	0	1	0	0	boost:spe=1:undefined:undefined:undefined:false:false	undefined	undefined	2048	2048	2048	1	2
rattled	onAfterBoost	918	1	1	0	Bug	0	1	1	20	-1	1	2048	pikachu	1	1	0	0	1	0	1	2	0	160	0	0	0	missing	1	psn	leftovers	0	1	0	0	1		undefined	true	2048	2048	2048	0	2
rattled	onAfterBoost	919	0	0	61	Dark	0	1	1	0	0	-1	2048	greninjabond	0	1	0	0	0	0	0	2	60	160	1	1	false	Move	0	brn	leftovers	1	-1	99	1	0		undefined	undefined	2048	2048	2048	0	2
rattled	onAfterBoost	920	-1	1	0	Bug	0	1	1	100	0	0	24576	pikachu	1	0	1	1	0	0	1	2	0	160	1	0	null	Ability	1	psn	aguavberry	2	0	99	1	1		undefined	false	24576	24576	24576	0	2
rattled	onAfterBoost	921	1	1	70	Fire	1	0	1	100	20	0	0	greninjaash	0	0	1	1	0	-1	0	0	60	100	0	0	undefined	missing	0	brn	sitrusberry	0	1	99	0	0		undefined	false	0	0	0	-1	0
rattled	onAfterBoost	922	6	1	70	Ghost	0	1	0	100	-1	0	2048	greninjabond	0	1	1	0	0	-1	1	2	60	0	0	0	false	Move	1	psn	iapapaberry	2	-1	1	0	1		undefined	false	2048	2048	2048	-1	2
rattled	onAfterBoost	923	1	0	0	Dark	0	1	1	100	0	0	2048	greninjaash	0	0	1	0	1	-1	1	2	0	0	1	0	null	missing	0	psn	aguavberry	2	1	0	0	1		undefined	false	2048	2048	2048	-1	2
rattled	onAfterBoost	924	6	1	40	Normal	1	1	1	10	20	0	16384	greninjaash	0	0	0	0	1	1	1	1	0	160	1	0	true	Ability	0	brn	aguavberry	2	0	-1	1	1	boost:spe=1:undefined:undefined:undefined:false:false	undefined	false	16384	16384	16384	1	2
rattled	onAfterBoost	925	0	0	61	Ghost	1	0	0	20	0	1	2048	greninjabond	1	1	1	1	0	-1	0	1	0	160	0	0	true	Move	1	psn	aguavberry	1	0	0	0	0		undefined	true	2048	2048	2048	-1	0
rattled	onAfterBoost	926	6	1	70	Dark	0	0	1	20	0	-1	8192	pikachu	1	1	0	0	0	0	1	1	100	0	0	0	0	missing	0	brn	figyberry	2	-1	99	0	0		undefined	undefined	8192	8192	8192	0	0
rattled	onAfterBoost	927	1	1	0	Normal	1	1	0	100	20	1	0	greninjaash	0	1	1	0	1	-1	0	1	0	160	0	0	true	Ability	0	brn	iapapaberry	1	0	-1	1	1	boost:spe=1:undefined:undefined:undefined:false:false	undefined	true	0	0	0	-1	2
rattled	onAfterBoost	928	-1	0	61	Normal	0	1	0	0	100	-1	8	pikachu	0	0	0	0	1	6	0	2	0	160	1	1	0	missing	0	psn	aguavberry	1	0	1	1	1		undefined	undefined	8	8	8	6	2
rattled	onAfterBoost	929	1	1	0	Fire	0	1	1	20	0	0	16384	pikachu	0	1	1	0	0	-1	1	2	60	0	0	0	null	missing	1	brn	sitrusberry	1	1	0	1	0		undefined	false	16384	16384	16384	-1	2
rattled	onAfterBoost	930	1	1	0	Bug	0	0	1	20	20	1	8	greninjabond	0	0	1	1	0	6	0	2	100	0	0	0	false	Ability	0	brn	aguavberry	2	-1	1	1	0	boost:spe=1:undefined:undefined:undefined:false:false	undefined	true	8	8	8	6	0
rattled	onAfterBoost	931	0	0	0	Fire	0	1	0	0	0	1	2048	pikachu	0	0	0	0	0	0	1	0	100	100	1	0	undefined	Ability	0	psn	figyberry	2	0	-1	0	0	boost:spe=1:undefined:undefined:undefined:false:false	undefined	true	2048	2048	2048	0	2
rattled	onAfterBoost	932	0	0	60	Water	0	0	0	0	20	1	2048	greninjabond	1	0	1	1	1	0	1	2	100	0	1	1	undefined	Ability	0	brn	iapapaberry	0	-1	0	1	1		undefined	true	2048	2048	2048	0	0
rattled	onAfterBoost	933	1	1	0	Normal	0	1	1	0	100	-1	8	greninjaash	1	0	0	0	0	1	1	1	0	160	0	1	null	Move	0	brn	leftovers	0	0	0	0	0		undefined	undefined	8	8	8	1	2
rattled	onAfterBoost	934	-1	6	61	Normal	0	0	1	20	100	0	2048	greninjaash	1	0	1	0	0	1	0	0	100	100	1	0	true	Ability	0	psn	sitrusberry	1	0	0	1	0		undefined	false	2048	2048	2048	1	0
rattled	onAfterBoost	935	6	1	70	Water	1	1	1	20	-1	-1	16384	pikachu	0	1	0	1	1	6	0	2	60	0	0	0	true	Move	1	psn	sitrusberry	1	1	-1	0	0		undefined	undefined	16384	16384	16384	6	2
rattled	onAfterBoost	936	0	1	70	Bug	1	0	0	10	-1	-1	2048	greninjaash	1	1	1	1	1	0	0	1	100	0	0	0	null	Move	0	psn	figyberry	2	-1	0	1	0		undefined	undefined	2048	2048	2048	0	0
rattled	onAfterBoost	937	1	1	61	Water	1	0	1	20	20	-1	24576	greninjabond	1	0	1	0	1	-1	0	2	60	0	0	1	undefined	Move	0	psn	wikiberry	2	1	1	1	1		undefined	undefined	24576	24576	24576	-1	0
rattled	onAfterBoost	938	1	0	61	Ghost	0	0	1	0	100	0	16384	greninjaash	1	0	1	1	1	1	1	1	0	160	0	0	true	Move	0	brn	magoberry	1	-1	1	0	0		undefined	false	16384	16384	16384	1	0
rattled	onAfterBoost	939	-1	6	40	Water	1	1	0	0	-1	1	16384	greninjaash	1	0	1	1	0	1	1	1	60	100	0	1	true	missing	0	brn	wikiberry	0	0	1	1	1		undefined	true	16384	16384	16384	1	2
rattled	onAfterBoost	940	6	0	40	Water	1	0	0	100	20	-1	16384	pikachu	1	1	0	0	1	0	0	2	100	160	0	0	true	missing	1	brn	sitrusberry	2	0	1	0	0		undefined	undefined	16384	16384	16384	0	0
rattled	onAfterBoost	941	-1	0	70	Ghost	1	0	1	10	100	0	0	greninjaash	0	1	0	0	0	-1	0	2	0	0	0	1	0	missing	1	brn	figyberry	0	0	-1	1	0		undefined	false	0	0	0	-1	0
rattled	onAfterBoost	942	1	0	60	Fire	0	1	0	20	20	0	0	pikachu	1	0	1	0	1	1	1	1	100	100	1	0	null	missing	1	psn	magoberry	0	-1	99	0	1		undefined	false	0	0	0	1	2
rattled	onAfterBoost	943	6	1	70	Ghost	1	1	1	0	0	-1	8192	greninjaash	0	1	1	1	0	1	1	0	0	160	1	1	false	Ability	1	psn	iapapaberry	1	-1	0	1	1		undefined	undefined	8192	8192	8192	1	2
rattled	onAfterBoost	944	0	1	61	Water	0	0	1	20	100	-1	2048	pikachu	1	0	1	0	1	1	0	0	100	160	1	1	undefined	Ability	0	psn	sitrusberry	2	1	-1	1	0	boost:spe=1:undefined:undefined:undefined:false:false	undefined	undefined	2048	2048	2048	1	0
rattled	onAfterBoost	945	0	0	0	Normal	1	1	1	10	100	0	16384	greninjaash	0	1	1	1	1	0	0	1	100	100	0	1	undefined	Ability	1	psn	magoberry	1	-1	-1	1	1	boost:spe=1:undefined:undefined:undefined:false:false	undefined	false	16384	16384	16384	0	2
rattled	onAfterBoost	946	0	0	0	Normal	1	0	1	20	0	0	2048	greninjaash	1	1	1	1	0	-1	0	2	60	160	1	0	false	missing	1	psn	iapapaberry	1	-1	1	1	1		undefined	false	2048	2048	2048	-1	0
rattled	onAfterBoost	947	1	6	60	Water	1	1	1	10	20	0	16384	greninjaash	1	0	0	1	1	6	1	1	60	100	1	1	false	missing	0	brn	leftovers	1	0	0	0	0		undefined	false	16384	16384	16384	6	2
rattled	onAfterBoost	948	0	1	0	Bug	0	1	1	20	100	-1	8192	greninjaash	0	1	0	1	0	-1	0	2	100	100	1	1	undefined	Move	1	brn	iapapaberry	0	-1	99	0	0		undefined	undefined	8192	8192	8192	-1	2
rattled	onAfterBoost	949	1	1	0	Fire	1	1	1	100	100	0	24576	greninjaash	1	0	0	1	1	1	0	1	100	0	0	0	null	missing	0	psn	wikiberry	0	0	-1	1	0		undefined	false	24576	24576	24576	1	2
rattled	onAfterBoost	950	6	6	70	Bug	0	1	0	20	-1	0	8192	greninjaash	1	0	1	0	0	6	1	2	60	0	1	0	false	missing	0	brn	magoberry	2	0	0	1	1		undefined	false	8192	8192	8192	6	2
rattled	onAfterBoost	951	-1	6	61	Ghost	0	1	0	100	20	1	8	greninjaash	1	1	0	0	1	0	1	0	0	0	0	1	undefined	Ability	1	brn	wikiberry	2	-1	1	1	0	boost:spe=1:undefined:undefined:undefined:false:false	undefined	true	8	8	8	0	2
rattled	onAfterBoost	952	0	0	60	Normal	1	1	0	100	-1	0	16384	pikachu	0	0	0	1	1	-1	1	2	0	0	1	0	null	missing	1	brn	iapapaberry	0	0	99	1	1		undefined	false	16384	16384	16384	-1	2
rattled	onAfterBoost	953	0	6	60	Dark	0	0	1	10	-1	1	24576	pikachu	1	0	0	1	1	0	1	2	100	100	1	1	undefined	Ability	0	brn	figyberry	0	-1	0	1	1		undefined	true	24576	24576	24576	0	0
rattled	onAfterBoost	954	-1	6	61	Ghost	1	1	0	0	20	-1	8192	pikachu	1	1	0	1	1	6	0	1	100	160	1	0	null	Ability	0	brn	iapapaberry	2	-1	1	0	1	boost:spe=1:undefined:undefined:undefined:false:false	undefined	undefined	8192	8192	8192	6	2
rattled	onAfterBoost	955	0	1	40	Dark	1	1	0	10	20	1	2048	greninjabond	1	0	0	0	0	-1	1	1	0	160	0	0	false	Ability	1	brn	sitrusberry	1	0	99	0	1		undefined	true	2048	2048	2048	-1	2
rattled	onAfterBoost	956	-1	6	40	Normal	1	0	0	10	100	1	24576	greninjabond	1	0	1	0	0	-1	0	0	100	100	1	0	true	missing	1	brn	sitrusberry	0	0	-1	0	1		undefined	true	24576	24576	24576	-1	0
rattled	onAfterBoost	957	6	0	61	Normal	0	0	1	0	20	0	2048	greninjaash	1	1	0	1	1	-1	1	2	100	160	0	0	0	Move	1	brn	sitrusberry	1	0	-1	1	0		undefined	false	2048	2048	2048	-1	0
rattled	onAfterBoost	958	-1	1	70	Fire	0	0	0	20	-1	0	16384	greninjabond	0	1	1	0	1	6	0	1	60	0	0	0	null	missing	0	psn	iapapaberry	2	-1	99	0	0		undefined	false	16384	16384	16384	6	0
rattled	onAfterBoost	959	0	0	60	Fire	0	1	1	10	-1	1	8192	greninjabond	1	1	0	1	1	-1	1	0	0	160	1	0	false	Ability	1	brn	figyberry	1	1	1	0	1	boost:spe=1:undefined:undefined:undefined:false:false	undefined	true	8192	8192	8192	-1	2
rattled	onAfterBoost	960	0	1	61	Normal	0	1	0	0	100	1	24576	pikachu	1	1	1	0	1	0	1	0	0	0	0	1	true	Move	1	brn	iapapaberry	0	-1	1	0	1		undefined	true	24576	24576	24576	0	2
rattled	onAfterBoost	961	0	6	61	Bug	1	1	0	10	100	1	16384	pikachu	1	0	0	0	1	0	0	0	0	0	1	0	undefined	missing	0	brn	aguavberry	0	1	99	0	1		undefined	true	16384	16384	16384	0	2
rattled	onAfterBoost	962	6	1	40	Normal	1	1	0	20	100	1	16384	greninjabond	1	0	0	1	0	0	1	2	60	100	1	0	undefined	Move	0	psn	sitrusberry	0	1	1	0	0		undefined	true	16384	16384	16384	0	2
rattled	onAfterBoost	963	-1	6	40	Dark	0	1	1	20	100	0	24576	pikachu	0	0	1	0	0	0	0	0	60	160	1	1	null	missing	1	psn	magoberry	2	1	1	1	0		undefined	false	24576	24576	24576	0	2
rattled	onAfterBoost	964	1	6	40	Water	0	0	0	0	100	1	24576	greninjabond	0	0	0	1	0	6	1	0	60	0	0	1	false	missing	0	brn	wikiberry	0	-1	0	0	1		undefined	true	24576	24576	24576	6	0
rattled	onAfterBoost	965	0	6	40	Normal	1	1	1	20	20	-1	8192	pikachu	0	1	0	1	1	1	0	0	0	160	0	1	false	missing	1	brn	sitrusberry	0	-1	99	1	0		undefined	undefined	8192	8192	8192	1	2
rattled	onAfterBoost	966	0	6	0	Bug	1	0	1	20	0	0	0	greninjabond	0	1	0	0	0	-1	1	2	60	100	0	0	undefined	missing	1	brn	leftovers	1	1	0	0	1		undefined	false	0	0	0	-1	0
rattled	onAfterBoost	967	0	6	61	Bug	0	1	0	0	0	-1	8192	greninjaash	1	1	1	1	0	6	1	2	60	0	0	0	null	missing	1	psn	magoberry	1	0	99	1	0		undefined	undefined	8192	8192	8192	6	2
rattled	onAfterBoost	968	0	0	0	Dark	0	0	1	10	-1	-1	8192	greninjaash	0	1	0	1	0	6	1	1	0	0	1	0	0	Move	1	brn	aguavberry	1	0	1	0	0		undefined	undefined	8192	8192	8192	6	0
rattled	onAfterBoost	969	0	0	40	Water	0	0	0	0	0	0	16384	greninjabond	0	1	0	0	0	0	1	1	0	160	1	0	false	Move	1	psn	magoberry	0	0	-1	0	1		undefined	false	16384	16384	16384	0	0
rattled	onAfterBoost	970	1	6	60	Ghost	1	0	0	0	0	-1	16384	greninjabond	1	0	0	1	0	-1	0	1	0	100	0	0	false	Move	1	brn	figyberry	2	1	1	1	0		undefined	undefined	16384	16384	16384	-1	0
rattled	onAfterBoost	971	1	6	61	Bug	0	1	0	100	0	1	24576	greninjaash	0	0	0	1	1	1	0	2	0	160	0	1	0	Ability	1	psn	wikiberry	1	0	-1	0	1	boost:spe=1:undefined:undefined:undefined:false:false	undefined	true	24576	24576	24576	1	2
rattled	onAfterBoost	972	-1	0	0	Water	0	1	1	100	100	0	2048	pikachu	1	1	0	0	0	6	1	0	60	160	1	0	false	Ability	0	brn	wikiberry	1	1	99	0	1		undefined	false	2048	2048	2048	6	2
rattled	onAfterBoost	973	6	0	70	Dark	1	0	1	100	20	0	24576	greninjabond	1	0	1	0	1	-1	1	2	100	100	1	1	undefined	Move	0	psn	wikiberry	1	1	99	0	0		undefined	false	24576	24576	24576	-1	0
rattled	onAfterBoost	974	1	0	70	Fire	1	0	1	20	100	-1	24576	pikachu	0	0	0	0	0	0	1	0	0	160	0	0	0	missing	0	psn	wikiberry	0	0	99	1	1		undefined	undefined	24576	24576	24576	0	0
rattled	onAfterBoost	975	1	6	40	Water	1	1	1	20	20	1	8192	greninjaash	0	0	0	0	1	1	1	1	60	100	0	1	true	Ability	1	psn	sitrusberry	0	0	99	0	1		undefined	true	8192	8192	8192	1	2
rattled	onAfterBoost	976	1	0	61	Ghost	1	1	0	20	0	0	24576	pikachu	1	0	0	1	0	-1	1	2	100	0	0	1	null	Move	0	brn	magoberry	2	-1	0	0	0		undefined	false	24576	24576	24576	-1	2
rattled	onAfterBoost	977	-1	0	60	Ghost	0	1	0	0	20	-1	8	greninjaash	1	0	0	1	0	0	0	2	60	160	1	1	true	Ability	0	psn	magoberry	1	1	1	0	1	boost:spe=1:undefined:undefined:undefined:false:false	undefined	undefined	8	8	8	0	2
rattled	onAfterBoost	978	1	0	61	Bug	1	0	1	20	-1	0	8192	greninjaash	0	0	1	1	1	1	0	1	0	0	0	0	false	Ability	0	psn	figyberry	1	-1	1	0	1	boost:spe=1:undefined:undefined:undefined:false:false	undefined	false	8192	8192	8192	1	0
rattled	onAfterBoost	979	0	1	0	Water	0	1	1	100	0	-1	24576	pikachu	0	0	1	1	0	6	0	2	0	0	0	0	false	Ability	1	brn	magoberry	1	1	99	0	0		undefined	undefined	24576	24576	24576	6	2
rattled	onAfterBoost	980	1	0	40	Water	1	1	0	20	100	-1	16384	pikachu	0	0	1	0	0	6	1	2	100	100	1	1	true	Move	0	brn	iapapaberry	2	0	-1	1	0		undefined	undefined	16384	16384	16384	6	2
rattled	onAfterBoost	981	0	0	0	Ghost	0	1	0	10	-1	1	2048	pikachu	1	1	1	0	0	1	0	0	60	0	1	1	0	Ability	1	psn	leftovers	1	1	1	0	0	boost:spe=1:undefined:undefined:undefined:false:false	undefined	true	2048	2048	2048	1	2
rattled	onAfterBoost	982	-1	1	70	Bug	1	1	1	20	20	-1	0	greninjaash	0	0	0	0	1	0	0	2	100	0	1	0	false	Move	0	brn	sitrusberry	1	1	1	0	0		undefined	undefined	0	0	0	0	2
rattled	onAfterBoost	983	6	0	0	Dark	1	0	1	10	-1	-1	24576	pikachu	0	0	1	0	0	0	0	0	60	160	1	0	undefined	missing	0	psn	iapapaberry	0	-1	-1	0	1		undefined	undefined	24576	24576	24576	0	0
rattled	onAfterBoost	984	1	1	61	Ghost	0	1	1	100	20	0	16384	pikachu	1	0	1	0	0	1	0	2	0	0	0	0	null	Move	0	brn	iapapaberry	2	1	-1	0	1		undefined	false	16384	16384	16384	1	2
rattled	onAfterBoost	985	-1	1	70	Dark	1	0	0	100	0	-1	16384	greninjaash	1	1	0	1	0	0	0	2	100	0	1	1	true	Ability	1	brn	sitrusberry	2	1	-1	1	1	boost:spe=1:undefined:undefined:undefined:false:false	undefined	undefined	16384	16384	16384	0	0
rattled	onAfterBoost	986	0	0	40	Ghost	0	1	1	0	20	-1	0	greninjaash	0	1	1	1	0	0	1	2	0	0	0	0	true	Ability	0	brn	magoberry	2	-1	1	1	1	boost:spe=1:undefined:undefined:undefined:false:false	undefined	undefined	0	0	0	0	2
rattled	onAfterBoost	987	-1	6	0	Ghost	1	1	1	0	-1	1	8	greninjabond	1	0	0	0	0	-1	0	2	100	100	1	0	0	Move	1	brn	aguavberry	1	1	1	1	0		undefined	true	8	8	8	-1	2
rattled	onAfterBoost	988	-1	0	40	Bug	0	0	0	10	100	1	2048	greninjaash	0	0	0	1	1	1	1	1	60	0	0	0	0	missing	1	brn	figyberry	0	-1	0	1	0		undefined	true	2048	2048	2048	1	0
rattled	onAfterBoost	989	1	0	70	Normal	1	0	0	100	-1	-1	8192	pikachu	0	0	1	1	0	-1	0	0	100	100	1	0	null	Ability	0	brn	leftovers	1	1	1	0	0	boost:spe=1:undefined:undefined:undefined:false:false	undefined	undefined	8192	8192	8192	-1	0
rattled	onAfterBoost	990	0	0	60	Fire	1	1	0	20	-1	-1	0	greninjaash	0	1	1	1	0	1	1	0	60	160	1	1	false	Move	1	psn	sitrusberry	0	-1	-1	1	0		undefined	undefined	0	0	0	1	2
rattled	onAfterBoost	991	-1	1	60	Dark	1	0	0	0	0	0	0	pikachu	0	0	0	1	0	0	0	1	60	160	0	0	0	Ability	0	brn	wikiberry	2	0	-1	1	0	boost:spe=1:undefined:undefined:undefined:false:false	undefined	false	0	0	0	0	0
rattled	onAfterBoost	992	1	0	60	Fire	1	0	1	0	0	-1	16384	greninjabond	0	1	0	1	0	6	0	2	0	0	1	1	0	Ability	0	brn	figyberry	2	-1	99	0	1		undefined	undefined	16384	16384	16384	6	0
rattled	onAfterBoost	993	-1	0	40	Bug	0	1	0	100	-1	-1	8192	greninjabond	0	0	1	1	1	0	1	2	0	100	0	0	undefined	missing	0	psn	magoberry	1	-1	0	1	1		undefined	undefined	8192	8192	8192	0	2
rattled	onAfterBoost	994	-1	0	61	Water	0	1	1	20	100	0	16384	greninjabond	0	1	1	1	1	6	0	0	60	160	1	0	false	Ability	1	psn	aguavberry	0	1	1	0	0	boost:spe=1:undefined:undefined:undefined:false:false	undefined	false	16384	16384	16384	6	2
rattled	onAfterBoost	995	1	1	0	Ghost	1	1	0	0	20	0	8	greninjaash	1	0	1	1	1	1	0	0	0	160	0	1	0	Move	1	psn	aguavberry	1	-1	-1	0	1		undefined	false	8	8	8	1	2
rattled	onAfterBoost	996	6	1	0	Normal	1	0	1	0	0	0	24576	pikachu	1	1	0	0	1	1	0	2	100	100	1	1	null	Ability	1	brn	figyberry	2	0	1	1	1	boost:spe=1:undefined:undefined:undefined:false:false	undefined	false	24576	24576	24576	1	0
rattled	onAfterBoost	997	-1	6	40	Fire	1	1	0	0	-1	-1	0	greninjaash	1	1	1	1	0	1	1	2	60	0	1	0	undefined	Move	1	brn	aguavberry	1	0	0	1	1		undefined	undefined	0	0	0	1	2
rattled	onAfterBoost	998	1	0	0	Normal	1	0	0	100	-1	0	24576	greninjaash	0	1	1	1	1	1	0	1	60	0	1	1	null	Ability	0	brn	sitrusberry	2	-1	1	0	1	boost:spe=1:undefined:undefined:undefined:false:false	undefined	false	24576	24576	24576	1	0
rattled	onAfterBoost	999	-1	0	61	Water	1	0	1	20	100	1	2048	greninjaash	1	0	0	1	1	-1	0	2	100	0	1	1	false	Ability	0	brn	wikiberry	2	-1	0	0	1		undefined	true	2048	2048	2048	-1	0
rattled	onAfterBoost	1000	1	6	61	Ghost	0	0	0	10	20	1	16384	greninjabond	1	1	0	0	0	0	0	1	0	160	0	0	undefined	Ability	1	brn	leftovers	1	1	1	1	1	boost:spe=1:undefined:undefined:undefined:false:false	undefined	true	16384	16384	16384	0	0
rattled	onAfterBoost	1001	6	1	40	Normal	0	0	1	20	100	-1	2048	greninjaash	1	1	1	0	1	0	0	0	60	100	0	0	true	missing	1	psn	wikiberry	2	-1	99	1	1		undefined	undefined	2048	2048	2048	0	0
rattled	onAfterBoost	1002	6	1	60	Ghost	0	0	0	0	-1	-1	24576	greninjaash	0	0	0	1	0	1	0	2	0	160	1	0	null	Move	0	brn	leftovers	0	1	1	1	1		undefined	undefined	24576	24576	24576	1	0
rattled	onAfterBoost	1003	0	1	61	Fire	1	1	1	10	20	1	24576	pikachu	1	0	1	1	0	6	1	1	60	0	1	1	false	Ability	0	psn	figyberry	1	1	99	0	0		undefined	true	24576	24576	24576	6	2
rattled	onAfterBoost	1004	0	1	0	Bug	0	1	0	100	0	-1	8192	pikachu	0	1	1	1	1	0	0	0	0	160	1	0	true	missing	1	brn	aguavberry	0	0	99	1	1		undefined	undefined	8192	8192	8192	0	2
rattled	onAfterBoost	1005	1	0	61	Fire	0	0	0	20	0	-1	8192	pikachu	1	0	1	0	1	0	0	1	100	0	1	1	0	missing	1	psn	sitrusberry	1	0	0	1	1		undefined	undefined	8192	8192	8192	0	0
rattled	onAfterBoost	1006	6	1	61	Dark	0	0	0	100	0	-1	16384	pikachu	1	1	1	1	0	6	0	0	60	0	1	1	undefined	Ability	1	psn	wikiberry	0	-1	-1	0	1	boost:spe=1:undefined:undefined:undefined:false:false	undefined	undefined	16384	16384	16384	6	0
rattled	onAfterBoost	1007	0	0	0	Normal	0	0	0	10	-1	-1	2048	greninjabond	1	0	1	0	0	6	0	1	60	160	0	1	null	Move	0	psn	iapapaberry	1	-1	0	0	0		undefined	undefined	2048	2048	2048	6	0
rattled	onAfterBoost	1008	1	6	40	Ghost	0	1	1	20	0	-1	24576	greninjaash	0	0	1	1	1	6	1	2	60	0	0	1	null	missing	1	brn	iapapaberry	1	-1	0	1	0		undefined	undefined	24576	24576	24576	6	2
rattled	onAfterBoost	1009	6	0	60	Dark	1	1	1	20	-1	0	8192	pikachu	1	0	1	0	1	0	1	2	0	100	0	1	undefined	missing	1	brn	figyberry	2	1	-1	0	1		undefined	false	8192	8192	8192	0	2
rattled	onAfterBoost	1010	1	0	60	Normal	0	0	0	20	20	1	0	greninjaash	0	0	0	1	1	0	1	2	100	0	1	0	false	Move	0	psn	figyberry	1	0	1	1	1		undefined	true	0	0	0	0	0
rattled	onAfterBoost	1011	-1	6	61	Bug	1	1	0	10	100	1	0	greninjabond	0	0	0	0	0	-1	1	2	60	160	0	0	0	Ability	0	psn	leftovers	2	-1	0	1	1		undefined	true	0	0	0	-1	2
rattled	onAfterBoost	1012	6	0	70	Normal	0	0	0	20	0	0	24576	greninjaash	1	0	0	0	1	0	0	1	60	160	0	1	null	Ability	0	brn	sitrusberry	0	0	-1	1	0	boost:spe=1:undefined:undefined:undefined:false:false	undefined	false	24576	24576	24576	0	0
rattled	onAfterBoost	1013	6	0	70	Water	1	1	0	100	0	0	24576	greninjaash	0	1	1	0	1	6	1	1	60	100	0	1	undefined	missing	0	brn	magoberry	1	0	0	1	1		undefined	false	24576	24576	24576	6	2
rattled	onAfterBoost	1014	-1	1	61	Ghost	0	1	0	100	100	1	24576	pikachu	1	0	0	1	0	6	1	0	60	0	0	1	0	missing	1	brn	wikiberry	1	1	1	1	0		undefined	true	24576	24576	24576	6	2
rattled	onAfterBoost	1015	1	0	40	Fire	0	0	1	100	0	-1	2048	greninjabond	1	0	0	0	0	1	0	2	100	100	0	0	true	Ability	0	psn	wikiberry	2	1	1	1	1	boost:spe=1:undefined:undefined:undefined:false:false	undefined	undefined	2048	2048	2048	1	0
rattled	onAfterBoost	1016	6	6	40	Dark	1	1	1	100	100	1	8192	greninjabond	1	1	0	0	1	-1	1	0	60	100	1	0	0	Ability	1	brn	sitrusberry	0	1	-1	1	0	boost:spe=1:undefined:undefined:undefined:false:false	undefined	true	8192	8192	8192	-1	2
rattled	onAfterBoost	1017	6	6	70	Fire	0	0	1	10	20	-1	8192	pikachu	0	1	1	1	0	0	0	1	60	160	0	1	false	Move	0	brn	iapapaberry	1	-1	1	0	1		undefined	undefined	8192	8192	8192	0	0
rattled	onAfterBoost	1018	0	0	60	Bug	0	0	0	0	100	-1	2048	pikachu	0	1	0	1	1	6	0	0	60	160	1	0	0	missing	1	brn	aguavberry	0	1	1	0	0		undefined	undefined	2048	2048	2048	6	0
rattled	onAfterBoost	1019	1	6	61	Bug	0	1	1	20	0	1	2048	greninjabond	0	0	1	0	1	0	1	2	60	100	0	1	false	Ability	0	brn	iapapaberry	0	0	-1	0	0	boost:spe=1:undefined:undefined:undefined:false:false	undefined	true	2048	2048	2048	0	2
rattled	onAfterBoost	1020	0	0	60	Water	1	0	1	10	0	-1	16384	pikachu	0	0	0	1	1	-1	1	0	0	100	1	0	null	missing	0	psn	sitrusberry	1	0	0	1	0		undefined	undefined	16384	16384	16384	-1	0
rattled	onAfterBoost	1021	0	1	60	Water	0	0	1	10	0	0	0	greninjaash	1	0	0	0	1	0	0	2	0	100	0	0	false	Move	1	brn	figyberry	0	1	-1	0	1		undefined	false	0	0	0	0	0
rattled	onAfterBoost	1022	1	0	0	Bug	0	1	1	100	20	0	8	greninjaash	1	0	0	1	1	-1	0	0	60	100	0	1	null	Ability	0	psn	iapapaberry	2	0	-1	0	0	boost:spe=1:undefined:undefined:undefined:false:false	undefined	false	8	8	8	-1	2
rattled	onAfterBoost	1023	1	0	40	Dark	0	0	1	20	100	0	0	pikachu	0	0	1	1	1	0	1	1	100	0	1	0	true	Ability	1	brn	sitrusberry	1	1	99	0	0		undefined	false	0	0	0	0	0
rattled	onAfterBoost	1024	6	1	40	Fire	0	0	0	0	-1	1	24576	greninjabond	0	1	0	1	1	1	1	1	100	0	0	1	undefined	Move	0	brn	magoberry	2	-1	99	1	1		undefined	true	24576	24576	24576	1	0
rattled	onAfterBoost	1025	1	1	61	Normal	0	1	1	10	0	-1	0	greninjaash	1	0	1	1	0	0	1	2	0	0	0	1	false	Move	1	psn	iapapaberry	0	-1	99	0	1		undefined	undefined	0	0	0	0	2
rattled	onAfterBoost	1026	0	6	61	Fire	1	1	0	20	0	1	8	greninjabond	1	1	1	1	0	1	0	1	0	0	0	0	null	Ability	0	psn	figyberry	2	-1	1	1	0	boost:spe=1:undefined:undefined:undefined:false:false	undefined	true	8	8	8	1	2
rattled	onAfterBoost	1027	0	6	40	Ghost	0	1	1	100	0	0	0	pikachu	0	0	0	1	0	1	1	1	100	0	1	1	null	Move	0	brn	magoberry	2	1	1	0	1		undefined	false	0	0	0	1	2
rattled	onAfterBoost	1028	6	6	40	Fire	0	1	0	0	0	0	16384	greninjabond	0	1	1	0	1	-1	1	2	60	160	0	1	undefined	Move	0	psn	magoberry	0	1	1	0	0		undefined	false	16384	16384	16384	-1	2
rattled	onAfterBoost	1029	6	0	0	Fire	0	0	1	20	0	-1	24576	greninjaash	0	1	0	1	0	6	0	1	60	100	0	0	undefined	Ability	0	psn	figyberry	2	1	-1	0	1	boost:spe=1:undefined:undefined:undefined:false:false	undefined	undefined	24576	24576	24576	6	0
rattled	onAfterBoost	1030	6	6	61	Fire	0	0	1	100	-1	1	16384	greninjaash	1	1	0	1	0	-1	0	0	0	0	0	1	0	Move	1	brn	sitrusberry	2	0	1	1	1		undefined	true	16384	16384	16384	-1	0
rattled	onAfterBoost	1031	6	6	70	Dark	1	0	0	0	-1	0	8192	greninjaash	0	0	0	0	0	-1	1	1	0	160	0	1	true	Move	1	brn	sitrusberry	2	1	99	0	1		undefined	false	8192	8192	8192	-1	0
rattled	onAfterBoost	1032	6	0	0	Dark	1	0	1	10	100	1	16384	greninjabond	0	0	1	0	1	6	0	1	0	0	0	0	undefined	Ability	0	brn	sitrusberry	1	0	1	1	1	boost:spe=1:undefined:undefined:undefined:false:false	undefined	true	16384	16384	16384	6	0
rattled	onAfterBoost	1033	1	1	61	Fire	1	1	1	10	20	-1	24576	greninjabond	1	1	1	0	0	0	1	1	60	100	1	0	undefined	missing	0	psn	magoberry	2	1	0	1	1		undefined	undefined	24576	24576	24576	0	2
rattled	onAfterBoost	1034	-1	1	60	Bug	1	1	1	0	-1	0	0	pikachu	1	1	1	1	1	-1	1	1	60	100	0	0	null	Move	0	brn	leftovers	1	1	1	0	1		undefined	false	0	0	0	-1	2
rattled	onAfterBoost	1035	-1	6	40	Ghost	0	1	0	100	-1	0	2048	greninjabond	1	0	1	1	0	6	1	2	60	100	0	0	null	missing	0	psn	figyberry	0	-1	0	1	0		undefined	false	2048	2048	2048	6	2
rattled	onAfterBoost	1036	0	0	60	Fire	1	1	1	100	-1	0	2048	greninjabond	1	0	0	1	0	-1	1	1	60	100	0	1	false	missing	0	psn	sitrusberry	2	0	99	0	1		undefined	false	2048	2048	2048	-1	2
rattled	onAfterBoost	1037	-1	6	0	Ghost	1	1	1	0	100	0	2048	greninjabond	0	0	0	1	0	0	1	0	100	160	0	1	false	Move	1	psn	iapapaberry	2	-1	99	0	1		undefined	false	2048	2048	2048	0	2
rattled	onAfterBoost	1038	-1	0	70	Water	0	0	1	100	-1	-1	24576	greninjaash	1	1	1	1	1	0	1	1	0	100	1	1	0	missing	1	psn	iapapaberry	2	1	-1	0	0		undefined	undefined	24576	24576	24576	0	0
rattled	onAfterBoost	1039	-1	0	70	Bug	1	0	1	100	0	0	8192	greninjaash	0	0	1	0	0	6	1	1	0	100	1	1	undefined	missing	1	psn	leftovers	1	0	-1	1	0		undefined	false	8192	8192	8192	6	0
rattled	onAfterBoost	1040	6	6	40	Fire	0	1	1	20	-1	0	16384	pikachu	1	0	0	1	1	0	0	2	60	100	1	0	0	missing	0	brn	iapapaberry	0	0	0	1	0		undefined	false	16384	16384	16384	0	2
rattled	onAfterBoost	1041	1	6	61	Dark	0	0	0	0	0	-1	16384	pikachu	0	0	0	0	1	0	0	1	60	0	1	0	false	missing	1	brn	iapapaberry	2	0	99	1	1		undefined	undefined	16384	16384	16384	0	0
rattled	onAfterBoost	1042	6	1	61	Ghost	1	0	1	20	100	-1	2048	greninjabond	1	0	1	1	0	6	0	2	100	0	0	0	true	Move	1	psn	figyberry	1	0	1	1	1		undefined	undefined	2048	2048	2048	6	0
rattled	onAfterBoost	1043	1	6	70	Normal	1	0	1	0	20	-1	0	pikachu	1	1	1	0	1	-1	1	1	0	100	1	0	null	Move	1	psn	sitrusberry	2	-1	-1	0	1		undefined	undefined	0	0	0	-1	0
rattled	onAfterBoost	1044	-1	1	40	Ghost	0	0	1	100	-1	1	0	greninjaash	0	0	1	0	0	6	0	1	60	160	1	0	undefined	missing	1	psn	leftovers	1	-1	-1	0	1		undefined	true	0	0	0	6	0
rattled	onAfterBoost	1045	1	0	60	Normal	0	0	1	10	100	1	24576	pikachu	1	1	0	0	0	6	0	2	0	0	0	1	0	Ability	1	brn	wikiberry	2	0	99	1	1		undefined	true	24576	24576	24576	6	0
rattled	onAfterBoost	1046	0	1	70	Dark	1	0	0	100	0	1	8	greninjaash	0	0	1	1	0	1	0	0	60	160	1	1	undefined	missing	0	brn	iapapaberry	2	1	1	1	0		undefined	true	8	8	8	1	0
rattled	onAfterBoost	1047	-1	0	61	Water	1	0	0	10	100	1	24576	greninjabond	1	0	1	1	1	1	1	0	60	160	0	0	false	Move	1	psn	magoberry	2	-1	-1	0	1		undefined	true	24576	24576	24576	1	0
rattled	onAfterBoost	1048	6	0	61	Fire	1	0	0	0	100	-1	16384	pikachu	0	1	0	0	1	1	0	2	60	160	0	1	null	Ability	0	brn	aguavberry	1	0	-1	0	0	boost:spe=1:undefined:undefined:undefined:false:false	undefined	undefined	16384	16384	16384	1	0
rattled	onAfterBoost	1049	0	6	70	Bug	0	1	0	0	-1	1	24576	greninjaash	1	1	0	0	1	0	1	0	60	0	1	1	null	missing	1	psn	sitrusberry	0	-1	-1	1	1		undefined	true	24576	24576	24576	0	2
rattled	onAfterBoost	1050	1	6	0	Bug	1	0	1	0	0	0	8192	pikachu	1	0	0	1	1	0	0	0	60	160	1	1	false	Ability	0	brn	leftovers	2	0	99	1	0		undefined	false	8192	8192	8192	0	0
rattled	onAfterBoost	1051	0	6	0	Water	1	0	0	0	100	0	24576	pikachu	1	1	0	1	0	0	0	2	60	100	0	1	false	Move	1	brn	wikiberry	0	-1	1	1	0		undefined	false	24576	24576	24576	0	0
rattled	onAfterBoost	1052	1	1	60	Ghost	0	0	0	20	-1	-1	8	greninjabond	1	1	1	1	0	6	0	0	100	100	0	1	null	missing	1	psn	iapapaberry	0	0	0	0	0		undefined	undefined	8	8	8	6	0
rattled	onAfterBoost	1053	-1	1	40	Water	0	1	1	100	100	-1	8	pikachu	0	0	0	0	1	0	1	0	60	0	1	1	null	Ability	0	brn	figyberry	0	0	1	1	1	boost:spe=1:undefined:undefined:undefined:false:false	undefined	undefined	8	8	8	0	2
rattled	onAfterBoost	1054	1	1	61	Water	1	1	0	100	100	1	16384	greninjabond	0	0	1	1	1	1	0	0	100	160	1	1	true	Ability	1	psn	aguavberry	1	1	-1	1	1	boost:spe=1:undefined:undefined:undefined:false:false	undefined	true	16384	16384	16384	1	2
rattled	onAfterBoost	1055	0	0	0	Ghost	0	0	1	0	-1	1	8192	greninjaash	1	0	0	1	0	0	1	0	60	160	1	1	true	missing	1	psn	sitrusberry	0	1	0	0	0		undefined	true	8192	8192	8192	0	0
rattled	onAfterBoost	1056	6	0	70	Dark	1	0	1	10	20	-1	16384	greninjabond	1	1	1	1	0	-1	1	1	0	0	0	0	0	missing	1	brn	sitrusberry	1	0	99	0	0		undefined	undefined	16384	16384	16384	-1	0
rattled	onAfterBoost	1057	0	0	40	Water	1	0	0	100	100	-1	8192	greninjaash	1	0	0	1	1	0	0	1	60	100	1	1	0	Move	0	psn	magoberry	2	0	1	0	1		undefined	undefined	8192	8192	8192	0	0
rattled	onAfterBoost	1058	0	0	61	Fire	1	1	0	100	-1	1	0	greninjabond	1	1	0	0	1	-1	1	1	100	0	1	1	true	missing	1	psn	aguavberry	2	-1	99	0	1		undefined	true	0	0	0	-1	2
rattled	onAfterBoost	1059	-1	1	70	Water	1	0	1	10	100	-1	8192	greninjabond	1	1	1	1	1	1	0	2	100	0	0	1	false	Ability	1	brn	iapapaberry	0	-1	0	1	1		undefined	undefined	8192	8192	8192	1	0
rattled	onAfterBoost	1060	-1	1	0	Dark	1	1	1	10	-1	-1	24576	greninjaash	0	1	0	0	0	1	0	0	0	100	0	0	undefined	Ability	1	psn	aguavberry	1	0	1	0	0	boost:spe=1:undefined:undefined:undefined:false:false	undefined	undefined	24576	24576	24576	1	2
rattled	onAfterBoost	1061	0	0	0	Ghost	1	0	0	10	20	0	0	greninjabond	0	1	1	1	1	6	0	1	100	160	1	0	0	Move	1	psn	aguavberry	0	1	1	1	1		undefined	false	0	0	0	6	0
rattled	onAfterBoost	1062	6	1	70	Fire	1	1	0	100	20	1	8192	greninjabond	0	1	0	1	1	6	1	2	60	0	0	1	true	Move	1	brn	wikiberry	0	0	1	0	1		undefined	true	8192	8192	8192	6	2
rattled	onAfterBoost	1063	1	6	61	Dark	0	0	0	100	0	1	24576	pikachu	1	0	1	0	0	-1	1	1	100	160	1	1	null	Move	0	brn	sitrusberry	0	1	0	1	1		undefined	true	24576	24576	24576	-1	0
rattled	onAfterBoost	1064	-1	1	60	Dark	0	1	1	20	0	-1	24576	greninjabond	0	0	0	0	0	1	1	1	60	100	1	1	0	Move	1	brn	aguavberry	2	-1	1	0	1		undefined	undefined	24576	24576	24576	1	2
rattled	onAfterBoost	1065	0	1	60	Ghost	0	1	0	100	-1	0	0	greninjabond	0	1	0	1	0	0	1	2	100	100	1	0	0	missing	1	brn	figyberry	1	-1	99	0	0		undefined	false	0	0	0	0	2
rattled	onAfterBoost	1066	0	0	60	Bug	1	1	0	10	20	0	24576	greninjaash	0	1	0	0	0	6	0	0	100	0	1	1	false	missing	1	psn	iapapaberry	2	-1	99	1	1		undefined	false	24576	24576	24576	6	2
rattled	onAfterBoost	1067	6	1	0	Dark	0	0	1	10	0	-1	24576	greninjabond	0	1	0	0	1	6	0	2	100	100	1	0	undefined	missing	1	psn	magoberry	1	1	99	0	0		undefined	undefined	24576	24576	24576	6	0
rattled	onAfterBoost	1068	1	6	61	Fire	0	1	1	0	-1	1	24576	greninjaash	0	0	1	1	0	1	1	0	0	160	1	1	0	missing	0	psn	leftovers	0	1	99	1	1		undefined	true	24576	24576	24576	1	2
rattled	onAfterBoost	1069	6	6	0	Bug	0	1	0	20	20	-1	8192	pikachu	1	0	1	1	1	0	1	2	0	160	1	0	true	Ability	0	psn	figyberry	1	-1	0	0	1		undefined	undefined	8192	8192	8192	0	2
rattled	onAfterBoost	1070	0	1	70	Bug	1	0	1	100	-1	1	24576	greninjabond	0	1	0	1	0	6	0	2	60	160	0	1	0	Move	0	brn	magoberry	2	-1	-1	1	0		undefined	true	24576	24576	24576	6	0
rattled	onAfterBoost	1071	1	6	60	Bug	0	0	0	10	100	0	16384	greninjabond	1	0	0	0	1	6	0	0	60	100	0	0	true	Ability	0	brn	wikiberry	2	0	1	0	0	boost:spe=1:undefined:undefined:undefined:false:false	undefined	false	16384	16384	16384	6	0
rattled	onAfterBoost	1072	-1	6	60	Fire	1	1	0	100	20	-1	8192	greninjaash	0	1	0	1	0	6	1	2	60	160	0	0	false	Ability	1	brn	iapapaberry	0	1	0	0	1		undefined	undefined	8192	8192	8192	6	2
rattled	onAfterBoost	1073	-1	1	61	Dark	0	0	0	20	20	1	24576	pikachu	1	0	0	0	0	1	1	2	60	160	1	0	null	Move	0	brn	sitrusberry	2	-1	0	0	0		undefined	true	24576	24576	24576	1	0
rattled	onAfterBoost	1074	-1	0	61	Dark	0	1	0	100	100	-1	8192	greninjabond	0	0	0	0	1	0	1	0	0	100	0	1	null	Move	0	brn	sitrusberry	1	1	99	0	0		undefined	undefined	8192	8192	8192	0	2
rattled	onAfterBoost	1075	0	6	60	Dark	0	0	0	20	-1	0	24576	pikachu	0	1	1	0	0	-1	0	1	0	100	0	0	0	missing	1	psn	aguavberry	0	-1	1	1	1		undefined	false	24576	24576	24576	-1	0
rattled	onAfterBoost	1076	-1	1	60	Ghost	1	0	0	100	20	0	2048	greninjabond	1	0	1	0	1	0	1	1	0	0	0	0	false	missing	0	psn	sitrusberry	2	-1	-1	1	1		undefined	false	2048	2048	2048	0	0
rattled	onAfterBoost	1077	0	0	0	Normal	0	0	0	0	20	1	2048	greninjaash	0	1	1	0	0	6	1	1	100	100	1	1	null	Move	1	brn	leftovers	2	1	0	0	1		undefined	true	2048	2048	2048	6	0
rattled	onAfterBoost	1078	1	0	70	Ghost	1	0	1	100	0	-1	0	pikachu	0	1	0	1	1	-1	0	1	0	100	0	1	null	Ability	1	psn	figyberry	0	-1	1	0	0	boost:spe=1:undefined:undefined:undefined:false:false	undefined	undefined	0	0	0	-1	0
rattled	onAfterBoost	1079	6	6	60	Bug	1	0	1	0	-1	-1	0	pikachu	0	0	1	1	0	1	0	0	100	160	1	0	undefined	Ability	0	psn	aguavberry	0	0	99	0	1		undefined	undefined	0	0	0	1	0
rattled	onAfterBoost	1080	-1	1	0	Ghost	0	0	1	0	0	-1	8	greninjaash	1	1	1	0	0	0	0	2	100	0	0	1	undefined	Ability	0	psn	aguavberry	2	0	-1	0	0	boost:spe=1:undefined:undefined:undefined:false:false	undefined	undefined	8	8	8	0	0
rattled	onAfterBoost	1081	-1	1	0	Normal	1	1	0	20	0	0	16384	pikachu	0	1	1	0	0	1	0	2	60	160	0	0	0	missing	1	psn	leftovers	0	0	1	0	0		undefined	false	16384	16384	16384	1	2
rattled	onAfterBoost	1082	6	6	70	Normal	0	0	1	10	-1	1	2048	pikachu	0	0	1	0	0	-1	1	1	0	0	0	1	true	missing	1	psn	sitrusberry	2	0	99	1	0		undefined	true	2048	2048	2048	-1	0
rattled	onAfterBoost	1083	-1	1	40	Water	0	0	1	20	-1	1	8192	pikachu	0	1	1	1	1	0	0	2	0	160	1	1	true	Move	0	psn	figyberry	2	0	-1	1	0		undefined	true	8192	8192	8192	0	0
rattled	onAfterBoost	1084	6	0	0	Ghost	0	1	1	20	20	-1	2048	greninjabond	0	1	0	1	1	0	1	2	100	160	0	1	null	missing	0	psn	wikiberry	1	-1	0	1	0		undefined	undefined	2048	2048	2048	0	2
rattled	onAfterBoost	1085	1	1	0	Dark	1	1	0	10	-1	0	24576	greninjabond	0	0	1	0	0	0	0	2	0	100	1	1	0	Ability	0	psn	wikiberry	2	0	0	0	1		undefined	false	24576	24576	24576	0	2
rattled	onAfterBoost	1086	6	0	40	Normal	1	1	1	100	0	0	8192	greninjaash	1	0	0	1	0	-1	1	0	0	100	1	1	true	missing	1	brn	magoberry	0	1	-1	1	1		undefined	false	8192	8192	8192	-1	2
rattled	onAfterBoost	1087	-1	0	0	Normal	1	0	0	20	0	0	0	greninjabond	0	0	1	0	0	0	0	1	100	100	0	1	false	Ability	0	psn	aguavberry	2	0	99	1	0		undefined	false	0	0	0	0	0
rattled	onAfterBoost	1088	-1	6	40	Ghost	1	0	1	10	20	-1	0	pikachu	0	0	0	1	0	1	0	1	60	160	1	0	true	Move	0	psn	leftovers	1	0	99	1	0		undefined	undefined	0	0	0	1	0
rattled	onAfterBoost	1089	-1	0	70	Ghost	0	0	1	20	20	-1	8192	pikachu	0	1	1	1	0	1	1	0	60	0	0	1	false	Ability	1	psn	magoberry	1	-1	-1	1	0	boost:spe=1:undefined:undefined:undefined:false:false	undefined	undefined	8192	8192	8192	1	0
rattled	onAfterBoost	1090	1	6	40	Ghost	0	0	1	100	20	0	24576	pikachu	0	1	1	0	1	1	0	1	100	100	0	1	null	Move	1	brn	leftovers	0	1	99	1	1		undefined	false	24576	24576	24576	1	0
rattled	onAfterBoost	1091	6	1	70	Water	1	0	0	100	20	0	16384	greninjabond	1	1	0	1	1	1	1	0	0	0	0	0	false	Ability	0	brn	leftovers	0	0	99	0	1		undefined	false	16384	16384	16384	1	0
rattled	onAfterBoost	1092	0	1	0	Fire	1	1	1	10	20	0	16384	pikachu	1	1	1	0	1	-1	0	0	0	160	1	0	null	missing	1	psn	wikiberry	1	1	1	1	0		undefined	false	16384	16384	16384	-1	2
rattled	onAfterBoost	1093	-1	6	60	Ghost	0	0	0	100	-1	1	0	greninjaash	1	0	1	0	0	6	1	0	100	160	1	0	null	missing	0	psn	wikiberry	0	-1	-1	0	1		undefined	true	0	0	0	6	0
rattled	onAfterBoost	1094	-1	1	60	Fire	0	1	0	100	100	0	8192	greninjabond	1	0	1	1	1	0	0	2	100	100	1	1	null	Move	0	psn	aguavberry	0	0	1	1	0		undefined	false	8192	8192	8192	0	2
rattled	onAfterBoost	1095	-1	6	40	Ghost	1	0	1	10	100	1	16384	greninjabond	0	0	0	0	1	-1	0	0	0	0	1	1	0	Move	0	brn	sitrusberry	2	0	-1	0	1		undefined	true	16384	16384	16384	-1	0
rattled	onAfterBoost	1096	-1	1	40	Normal	1	1	0	20	0	1	16384	greninjaash	1	0	1	0	1	-1	0	2	100	160	0	1	false	Ability	0	psn	magoberry	0	-1	99	1	1		undefined	true	16384	16384	16384	-1	2
rattled	onAfterBoost	1097	-1	0	60	Fire	1	1	1	10	100	-1	8192	greninjabond	1	0	1	1	1	1	0	2	60	160	0	1	0	Ability	0	brn	aguavberry	1	-1	0	1	0		undefined	undefined	8192	8192	8192	1	2
rattled	onAfterBoost	1098	0	6	61	Water	0	1	1	10	100	-1	24576	greninjaash	0	1	1	0	1	0	1	2	100	160	1	1	null	Move	0	psn	sitrusberry	2	-1	99	0	1		undefined	undefined	24576	24576	24576	0	2
rattled	onAfterBoost	1099	0	6	40	Ghost	1	0	1	0	100	1	16384	pikachu	1	1	1	0	0	6	1	0	60	0	1	0	null	Ability	0	brn	sitrusberry	0	0	0	1	0		undefined	true	16384	16384	16384	6	0
rattled	onAfterBoost	1100	6	1	61	Dark	1	0	0	0	20	-1	8192	pikachu	0	0	1	1	1	-1	0	0	60	160	0	1	true	Ability	1	psn	aguavberry	0	1	-1	1	0	boost:spe=1:undefined:undefined:undefined:false:false	undefined	undefined	8192	8192	8192	-1	0
rattled	onAfterBoost	1101	1	1	40	Normal	0	1	0	0	-1	1	0	greninjabond	0	1	0	1	0	0	0	0	100	160	0	0	false	Move	1	brn	magoberry	2	0	-1	1	1		undefined	true	0	0	0	0	2
rattled	onAfterBoost	1102	0	1	0	Bug	0	1	0	100	20	1	0	greninjaash	1	1	1	1	1	1	0	0	0	100	1	1	0	missing	1	brn	leftovers	2	-1	-1	0	0		undefined	true	0	0	0	1	2
rattled	onAfterBoost	1103	0	0	60	Ghost	0	0	0	100	-1	0	0	pikachu	1	1	1	1	0	6	0	1	0	100	1	0	false	missing	0	brn	wikiberry	0	1	-1	1	0		undefined	false	0	0	0	6	0
rattled	onAfterBoost	1104	0	6	61	Normal	0	0	1	100	100	-1	2048	greninjabond	0	1	1	0	1	0	0	0	0	100	1	0	null	missing	1	psn	wikiberry	2	-1	1	1	1		undefined	undefined	2048	2048	2048	0	0
rattled	onAfterBoost	1105	6	0	40	Water	1	0	1	10	-1	1	0	greninjaash	0	1	1	0	1	1	1	0	0	0	0	0	undefined	Move	1	brn	leftovers	1	-1	99	1	0		undefined	true	0	0	0	1	0
rattled	onAfterBoost	1106	0	6	0	Fire	0	1	0	100	0	0	16384	greninjaash	1	1	0	0	0	6	1	2	100	100	1	1	undefined	Move	1	brn	sitrusberry	2	1	99	1	0		undefined	false	16384	16384	16384	6	2
rattled	onAfterBoost	1107	-1	0	61	Dark	1	0	0	0	100	1	2048	greninjabond	1	1	0	0	1	-1	1	2	100	0	1	1	undefined	Ability	0	psn	figyberry	0	0	-1	1	1	boost:spe=1:undefined:undefined:undefined:false:false	undefined	true	2048	2048	2048	-1	0
rattled	onAfterBoost	1108	0	1	60	Dark	0	0	1	100	20	0	24576	greninjabond	1	1	0	1	1	-1	0	1	60	160	0	0	true	Ability	1	psn	sitrusberry	1	-1	0	0	1		undefined	false	24576	24576	24576	-1	0
rattled	onAfterBoost	1109	-1	1	70	Water	1	0	1	20	0	1	8192	greninjaash	0	0	0	1	1	6	1	0	60	100	0	0	0	Ability	0	brn	aguavberry	1	1	99	1	1		undefined	true	8192	8192	8192	6	0
rattled	onAfterBoost	1110	6	0	60	Ghost	0	0	0	100	-1	1	8	pikachu	1	1	1	1	0	1	1	0	0	100	0	1	undefined	Ability	1	psn	sitrusberry	2	1	99	1	1		undefined	true	8	8	8	1	0
rattled	onAfterBoost	1111	1	0	0	Water	0	1	0	20	0	0	2048	greninjaash	1	1	0	1	1	1	1	2	60	160	0	1	true	missing	1	brn	figyberry	1	1	0	1	0		undefined	false	2048	2048	2048	1	2
rattled	onAfterBoost	1112	0	1	60	Water	1	0	0	0	-1	0	8	pikachu	0	1	0	1	1	6	1	2	100	0	1	1	0	Ability	1	psn	magoberry	2	-1	0	1	0		undefined	false	8	8	8	6	0
rattled	onAfterBoost	1113	6	0	70	Water	0	1	1	0	100	1	8	greninjabond	0	0	1	0	1	1	1	1	100	100	0	0	false	Ability	0	psn	figyberry	0	1	0	0	0		undefined	true	8	8	8	1	2
rattled	onAfterBoost	1114	-1	0	0	Water	1	0	0	10	-1	0	8192	greninjaash	1	0	0	0	1	1	0	0	60	0	1	1	0	Move	1	psn	sitrusberry	1	1	99	0	0		undefined	false	8192	8192	8192	1	0
rattled	onAfterBoost	1115	6	6	60	Bug	0	0	0	10	0	1	16384	greninjabond	0	1	1	1	1	0	1	2	60	100	0	1	0	missing	0	psn	magoberry	0	0	99	0	1		undefined	true	16384	16384	16384	0	0
rattled	onAfterBoost	1116	6	1	70	Fire	1	1	1	20	20	-1	8192	pikachu	1	1	1	0	0	6	0	0	60	100	1	1	0	missing	0	psn	wikiberry	0	1	1	0	1		undefined	undefined	8192	8192	8192	6	2
rattled	onAfterBoost	1117	0	1	0	Ghost	0	1	1	0	0	1	2048	greninjabond	1	1	0	0	1	0	1	2	60	160	0	1	null	Move	1	psn	wikiberry	1	0	99	1	1		undefined	true	2048	2048	2048	0	2
rattled	onAfterBoost	1118	-1	6	70	Normal	0	0	1	100	0	0	8	pikachu	1	0	0	0	1	6	0	0	60	100	0	0	true	missing	0	brn	magoberry	2	0	0	0	1		undefined	false	8	8	8	6	0
rattled	onAfterBoost	1119	6	6	60	Bug	0	1	1	10	100	1	8	greninjaash	1	1	1	0	1	1	1	2	100	160	1	1	undefined	Move	1	psn	magoberry	2	-1	0	0	1		undefined	true	8	8	8	1	2
rattled	onAfterBoost	1120	0	1	70	Water	0	1	0	10	100	0	8192	greninjaash	1	0	1	0	1	-1	1	1	60	100	0	0	null	Ability	1	psn	sitrusberry	2	1	-1	1	0	boost:spe=1:undefined:undefined:undefined:false:false	undefined	false	8192	8192	8192	-1	2
rattled	onAfterBoost	1121	6	6	40	Ghost	1	0	1	0	0	0	2048	pikachu	1	1	0	0	0	1	0	1	0	100	1	1	0	Move	1	brn	aguavberry	2	0	1	0	0		undefined	false	2048	2048	2048	1	0
rattled	onAfterBoost	1122	6	0	40	Fire	1	0	0	100	20	1	8	greninjabond	1	0	0	0	0	-1	1	2	100	0	0	1	null	missing	0	brn	wikiberry	1	-1	99	1	1		undefined	true	8	8	8	-1	0
rattled	onAfterBoost	1123	0	1	40	Water	0	0	1	10	-1	-1	2048	pikachu	0	1	0	0	0	6	1	0	0	0	1	0	false	Move	0	brn	figyberry	2	0	0	1	0		undefined	undefined	2048	2048	2048	6	0
rattled	onAfterBoost	1124	1	0	40	Fire	0	1	0	10	100	0	16384	greninjabond	0	0	1	1	0	6	1	1	100	0	0	0	null	missing	0	psn	aguavberry	2	-1	99	0	0		undefined	false	16384	16384	16384	6	2
rattled	onAfterBoost	1125	6	6	70	Bug	0	0	1	10	0	-1	8192	greninjaash	0	0	0	0	1	6	0	2	60	0	0	1	0	Move	0	psn	leftovers	0	0	1	0	0		undefined	undefined	8192	8192	8192	6	0
rattled	onAfterBoost	1126	0	6	60	Dark	0	1	1	0	0	-1	2048	greninjaash	1	0	0	0	0	6	1	1	100	160	0	0	0	Ability	1	psn	figyberry	0	1	99	1	0		undefined	undefined	2048	2048	2048	6	2
rattled	onAfterBoost	1127	6	0	61	Ghost	0	1	0	100	20	-1	8192	greninjaash	0	1	1	0	0	0	1	1	0	0	0	0	false	Ability	1	psn	wikiberry	2	1	1	1	0	boost:spe=1:undefined:undefined:undefined:false:false	undefined	undefined	8192	8192	8192	0	2
rattled	onAfterBoost	1128	0	6	40	Water	1	1	1	20	-1	-1	24576	greninjabond	0	0	1	1	1	1	1	1	60	160	1	1	undefined	Move	0	psn	sitrusberry	0	1	99	0	0		undefined	undefined	24576	24576	24576	1	2
rattled	onAfterBoost	1129	1	6	40	Fire	1	1	0	100	20	0	8	pikachu	0	0	0	1	0	1	1	0	100	0	1	1	null	missing	0	brn	leftovers	1	-1	-1	0	0		undefined	false	8	8	8	1	2
rattled	onAfterBoost	1130	1	1	61	Bug	1	1	1	10	0	1	0	greninjaash	1	1	1	0	1	6	1	1	60	160	0	1	null	missing	1	psn	iapapaberry	1	1	99	0	0		undefined	true	0	0	0	6	2
