# effect	hook	profile	source	owner	hp	type	physical	multihit	smart	total	last	checked	flags	species	turns	contact	suppress	secondaries	ability	old	oldability	foes	def	spd	substitute	tailwind	boostresult	effecttype	effectstatus	status	item	length	lowered	atkboost	wind	shuriken	trace	return	checked	flags0	flags1	flags6	old	multihit
swordofruin	onStart	0	6	0	40	Fire	1	0	0	100	20	-1	0	greninjabond	1	1	0	0	0	-1	0	2	100	100	0	0	true	Move	1	brn	sitrusberry	1	-1	-1	1	1	suppress:0|log:-ability:0:Sword of Ruin:undefined	undefined	undefined	0	0	0	-1	0
swordofruin	onStart	1	6	0	40	Fire	1	0	0	100	20	-1	0	greninjabond	1	1	0	0	0	-1	0	2	100	100	0	0	true	Move	1	brn	sitrusberry	1	-1	-1	1	1	suppress:0|log:-ability:0:Sword of Ruin:undefined	undefined	undefined	0	0	0	-1	0
swordofruin	onStart	2	1	0	40	Fire	1	0	0	100	20	-1	0	greninjabond	1	1	0	0	0	-1	0	2	100	100	0	0	true	Move	1	brn	sitrusberry	1	-1	-1	1	1	suppress:0|log:-ability:0:Sword of Ruin:undefined	undefined	undefined	0	0	0	-1	0
swordofruin	onStart	3	0	0	40	Fire	1	0	0	100	20	-1	0	greninjabond	1	1	0	0	0	-1	0	2	100	100	0	0	true	Move	1	brn	sitrusberry	1	-1	-1	1	1	suppress:0|log:-ability:0:Sword of Ruin:undefined	undefined	undefined	0	0	0	-1	0
swordofruin	onStart	4	-1	0	40	Fire	1	0	0	100	20	-1	0	greninjabond	1	1	0	0	0	-1	0	2	100	100	0	0	true	Move	1	brn	sitrusberry	1	-1	-1	1	1	suppress:0|log:-ability:0:Sword of Ruin:undefined	undefined	undefined	0	0	0	-1	0
swordofruin	onStart	5	6	0	40	Fire	1	0	0	100	20	-1	0	greninjabond	1	1	0	0	0	-1	0	2	100	100	0	0	true	Move	1	brn	sitrusberry	1	-1	-1	1	1	suppress:0|log:-ability:0:Sword of Ruin:undefined	undefined	undefined	0	0	0	-1	0
swordofruin	onStart	6	6	1	40	Fire	1	0	0	100	20	-1	0	greninjabond	1	1	0	0	0	-1	0	2	100	100	0	0	true	Move	1	brn	sitrusberry	1	-1	-1	1	1	suppress:0|log:-ability:0:Sword of Ruin:undefined	undefined	undefined	0	0	0	-1	0
swordofruin	onStart	7	6	6	40	Fire	1	0	0	100	20	-1	0	greninjabond	1	1	0	0	0	-1	0	2	100	100	0	0	true	Move	1	brn	sitrusberry	1	-1	-1	1	1	suppress:0|log:-ability:0:Sword of Ruin:undefined	undefined	undefined	0	0	0	-1	0
swordofruin	onStart	8	6	0	40	Fire	1	0	0	100	20	-1	0	greninjabond	1	1	0	0	0	-1	0	2	100	100	0	0	true	Move	1	brn	sitrusberry	1	-1	-1	1	1	suppress:0|log:-ability:0:Sword of Ruin:undefined	undefined	undefined	0	0	0	-1	0
swordofruin	onStart	9	6	0	0	Fire	1	0	0	100	20	-1	0	greninjabond	1	1	0	0	0	-1	0	2	100	100	0	0	true	Move	1	brn	sitrusberry	1	-1	-1	1	1	suppress:0|log:-ability:0:Sword of Ruin:undefined	undefined	undefined	0	0	0	-1	0
swordofruin	onStart	10	6	0	60	Fire	1	0	0	100	20	-1	0	greninjabond	1	1	0	0	0	-1	0	2	100	100	0	0	true	Move	1	brn	sitrusberry	1	-1	-1	1	1	suppress:0|log:-ability:0:Sword of Ruin:undefined	undefined	undefined	0	0	0	-1	0
swordofruin	onStart	11	6	0	61	Fire	1	0	0	100	20	-1	0	greninjabond	1	1	0	0	0	-1	0	2	100	100	0	0	true	Move	1	brn	sitrusberry	1	-1	-1	1	1	suppress:0|log:-ability:0:Sword of Ruin:undefined	undefined	undefined	0	0	0	-1	0
swordofruin	onStart	12	6	0	70	Fire	1	0	0	100	20	-1	0	greninjabond	1	1	0	0	0	-1	0	2	100	100	0	0	true	Move	1	brn	sitrusberry	1	-1	-1	1	1	suppress:0|log:-ability:0:Sword of Ruin:undefined	undefined	undefined	0	0	0	-1	0
swordofruin	onStart	13	6	0	40	Fire	1	0	0	100	20	-1	0	greninjabond	1	1	0	0	0	-1	0	2	100	100	0	0	true	Move	1	brn	sitrusberry	1	-1	-1	1	1	suppress:0|log:-ability:0:Sword of Ruin:undefined	undefined	undefined	0	0	0	-1	0
swordofruin	onStart	14	6	0	40	Water	1	0	0	100	20	-1	0	greninjabond	1	1	0	0	0	-1	0	2	100	100	0	0	true	Move	1	brn	sitrusberry	1	-1	-1	1	1	suppress:0|log:-ability:0:Sword of Ruin:undefined	undefined	undefined	0	0	0	-1	0
swordofruin	onStart	15	6	0	40	Dark	1	0	0	100	20	-1	0	greninjabond	1	1	0	0	0	-1	0	2	100	100	0	0	true	Move	1	brn	sitrusberry	1	-1	-1	1	1	suppress:0|log:-ability:0:Sword of Ruin:undefined	undefined	undefined	0	0	0	-1	0
swordofruin	onStart	16	6	0	40	Bug	1	0	0	100	20	-1	0	greninjabond	1	1	0	0	0	-1	0	2	100	100	0	0	true	Move	1	brn	sitrusberry	1	-1	-1	1	1	suppress:0|log:-ability:0:Sword of Ruin:undefined	undefined	undefined	0	0	0	-1	0
swordofruin	onStart	17	6	0	40	Ghost	1	0	0	100	20	-1	0	greninjabond	1	1	0	0	0	-1	0	2	100	100	0	0	true	Move	1	brn	sitrusberry	1	-1	-1	1	1	suppress:0|log:-ability:0:Sword of Ruin:undefined	undefined	undefined	0	0	0	-1	0
swordofruin	onStart	18	6	0	40	Normal	1	0	0	100	20	-1	0	greninjabond	1	1	0	0	0	-1	0	2	100	100	0	0	true	Move	1	brn	sitrusberry	1	-1	-1	1	1	suppress:0|log:-ability:0:Sword of Ruin:undefined	undefined	undefined	0	0	0	-1	0
swordofruin	onStart	19	6	0	40	Fire	1	0	0	100	20	-1	0	greninjabond	1	1	0	0	0	-1	0	2	100	100	0	0	true	Move	1	brn	sitrusberry	1	-1	-1	1	1	suppress:0|log:-ability:0:Sword of Ruin:undefined	undefined	undefined	0	0	0	-1	0
swordofruin	onStart	20	6	0	40	Fire	0	0	0	100	20	-1	0	greninjabond	1	1	0	0	0	-1	0	2	100	100	0	0	true	Move	1	brn	sitrusberry	1	-1	-1	1	1	suppress:0|log:-ability:0:Sword of Ruin:undefined	undefined	undefined	0	0	0	-1	0
swordofruin	onStart	21	6	0	40	Fire	1	0	0	100	20	-1	0	greninjabond	1	1	0	0	0	-1	0	2	100	100	0	0	true	Move	1	brn	sitrusberry	1	-1	-1	1	1	suppress:0|log:-ability:0:Sword of Ruin:undefined	undefined	undefined	0	0	0	-1	0
swordofruin	onStart	22	6	0	40	Fire	1	1	0	100	20	-1	0	greninjabond	1	1	0	0	0	-1	0	2	100	100	0	0	true	Move	1	brn	sitrusberry	1	-1	-1	1	1	suppress:0|log:-ability:0:Sword of Ruin:undefined	undefined	undefined	0	0	0	-1	2
swordofruin	onStart	23	6	0	40	Fire	1	0	0	100	20	-1	0	greninjabond	1	1	0	0	0	-1	0	2	100	100	0	0	true	Move	1	brn	sitrusberry	1	-1	-1	1	1	suppress:0|log:-ability:0:Sword of Ruin:undefined	undefined	undefined	0	0	0	-1	0
swordofruin	onStart	24	6	0	40	Fire	1	0	1	100	20	-1	0	greninjabond	1	1	0	0	0	-1	0	2	100	100	0	0	true	Move	1	brn	sitrusberry	1	-1	-1	1	1	suppress:0|log:-ability:0:Sword of Ruin:undefined	undefined	undefined	0	0	0	-1	0
swordofruin	onStart	25	6	0	40	Fire	1	0	0	100	20	-1	0	greninjabond	1	1	0	0	0	-1	0	2	100	100	0	0	true	Move	1	brn	sitrusberry	1	-1	-1	1	1	suppress:0|log:-ability:0:Sword of Ruin:undefined	undefined	undefined	0	0	0	-1	0
swordofruin	onStart	26	6	0	40	Fire	1	0	0	0	20	-1	0	greninjabond	1	1	0	0	0	-1	0	2	100	100	0	0	true	Move	1	brn	sitrusberry	1	-1	-1	1	1	suppress:0|log:-ability:0:Sword of Ruin:undefined	undefined	undefined	0	0	0	-1	0
swordofruin	onStart	27	6	0	40	Fire	1	0	0	10	20	-1	0	greninjabond	1	1	0	0	0	-1	0	2	100	100	0	0	true	Move	1	brn	sitrusberry	1	-1	-1	1	1	suppress:0|log:-ability:0:Sword of Ruin:undefined	undefined	undefined	0	0	0	-1	0
swordofruin	onStart	28	6	0	40	Fire	1	0	0	20	20	-1	0	greninjabond	1	1	0	0	0	-1	0	2	100	100	0	0	true	Move	1	brn	sitrusberry	1	-1	-1	1	1	suppress:0|log:-ability:0:Sword of Ruin:undefined	undefined	undefined	0	0	0	-1	0
swordofruin	onStart	29	6	0	40	Fire	1	0	0	100	20	-1	0	greninjabond	1	1	0	0	0	-1	0	2	100	100	0	0	true	Move	1	brn	sitrusberry	1	-1	-1	1	1	suppress:0|log:-ability:0:Sword of Ruin:undefined	undefined	undefined	0	0	0	-1	0
swordofruin	onStart	30	6	0	40	Fire	1	0	0	100	-1	-1	0	greninjabond	1	1	0	0	0	-1	0	2	100	100	0	0	true	Move	1	brn	sitrusberry	1	-1	-1	1	1	suppress:0|log:-ability:0:Sword of Ruin:undefined	undefined	undefined	0	0	0	-1	0
swordofruin	onStart	31	6	0	40	Fire	1	0	0	100	0	-1	0	greninjabond	1	1	0	0	0	-1	0	2	100	100	0	0	true	Move	1	brn	sitrusberry	1	-1	-1	1	1	suppress:0|log:-ability:0:Sword of Ruin:undefined	undefined	undefined	0	0	0	-1	0
swordofruin	onStart	32	6	0	40	Fire	1	0	0	100	100	-1	0	greninjabond	1	1	0	0	0	-1	0	2	100	100	0	0	true	Move	1	brn	sitrusberry	1	-1	-1	1	1	suppress:0|log:-ability:0:Sword of Ruin:undefined	undefined	undefined	0	0	0	-1	0
swordofruin	onStart	33	6	0	40	Fire	1	0	0	100	20	-1	0	greninjabond	1	1	0	0	0	-1	0	2	100	100	0	0	true	Move	1	brn	sitrusberry	1	-1	-1	1	1	suppress:0|log:-ability:0:Sword of Ruin:undefined	undefined	undefined	0	0	0	-1	0
swordofruin	onStart	34	6	0	40	Fire	1	0	0	100	20	0	0	greninjabond	1	1	0	0	0	-1	0	2	100	100	0	0	true	Move	1	brn	sitrusberry	1	-1	-1	1	1	suppress:0|log:-ability:0:Sword of Ruin:undefined	undefined	false	0	0	0	-1	0
swordofruin	onStart	35	6	0	40	Fire	1	0	0	100	20	1	0	greninjabond	1	1	0	0	0	-1	0	2	100	100	0	0	true	Move	1	brn	sitrusberry	1	-1	-1	1	1	suppress:0|log:-ability:0:Sword of Ruin:undefined	undefined	true	0	0	0	-1	0
swordofruin	onStart	36	6	0	40	Fire	1	0	0	100	20	-1	0	greninjabond	1	1	0	0	0	-1	0	2	100	100	0	0	true	Move	1	brn	sitrusberry	1	-1	-1	1	1	suppress:0|log:-ability:0:Sword of Ruin:undefined	undefined	undefined	0	0	0	-1	0
swordofruin	onStart	37	6	0	40	Fire	1	0	0	100	20	-1	8	greninjabond	1	1	0	0	0	-1	0	2	100	100	0	0	true	Move	1	brn	sitrusberry	1	-1	-1	1	1	suppress:0|log:-ability:0:Sword of Ruin:undefined	undefined	undefined	8	8	8	-1	0
swordofruin	onStart	38	6	0	40	Fire	1	0	0	100	20	-1	2048	greninjabond	1	1	0	0	0	-1	0	2	100	100	0	0	true	Move	1	brn	sitrusberry	1	-1	-1	1	1	suppress:0|log:-ability:0:Sword of Ruin:undefined	undefined	undefined	2048	2048	2048	-1	0
swordofruin	onStart	39	6	0	40	Fire	1	0	0	100	20	-1	8192	greninjabond	1	1	0	0	0	-1	0	2	100	100	0	0	true	Move	1	brn	sitrusberry	1	-1	-1	1	1	suppress:0|log:-ability:0:Sword of Ruin:undefined	undefined	undefined	8192	8192	8192	-1	0
swordofruin	onStart	40	6	0	40	Fire	1	0	0	100	20	-1	16384	greninjabond	1	1	0	0	0	-1	0	2	100	100	0	0	true	Move	1	brn	sitrusberry	1	-1	-1	1	1	suppress:0|log:-ability:0:Sword of Ruin:undefined	undefined	undefined	16384	16384	16384	-1	0
swordofruin	onStart	41	6	0	40	Fire	1	0	0	100	20	-1	24576	greninjabond	1	1	0	0	0	-1	0	2	100	100	0	0	true	Move	1	brn	sitrusberry	1	-1	-1	1	1	suppress:0|log:-ability:0:Sword of Ruin:undefined	undefined	undefined	24576	24576	24576	-1	0
swordofruin	onStart	42	6	0	40	Fire	1	0	0	100	20	-1	0	greninjabond	1	1	0	0	0	-1	0	2	100	100	0	0	true	Move	1	brn	sitrusberry	1	-1	-1	1	1	suppress:0|log:-ability:0:Sword of Ruin:undefined	undefined	undefined	0	0	0	-1	0
swordofruin	onStart	43	6	0	40	Fire	1	0	0	100	20	-1	0	greninjaash	1	1	0	0	0	-1	0	2	100	100	0	0	true	Move	1	brn	sitrusberry	1	-1	-1	1	1	suppress:0|log:-ability:0:Sword of Ruin:undefined	undefined	undefined	0	0	0	-1	0
swordofruin	onStart	44	6	0	40	Fire	1	0	0	100	20	-1	0	pikachu	1	1	0	0	0	-1	0	2	100	100	0	0	true	Move	1	brn	sitrusberry	1	-1	-1	1	1	suppress:0|log:-ability:0:Sword of Ruin:undefined	undefined	undefined	0	0	0	-1	0
swordofruin	onStart	45	6	0	40	Fire	1	0	0	100	20	-1	0	greninjabond	1	1	0	0	0	-1	0	2	100	100	0	0	true	Move	1	brn	sitrusberry	1	-1	-1	1	1	suppress:0|log:-ability:0:Sword of Ruin:undefined	undefined	undefined	0	0	0	-1	0
swordofruin	onStart	46	6	0	40	Fire	1	0	0	100	20	-1	0	greninjabond	0	1	0	0	0	-1	0	2	100	100	0	0	true	Move	1	brn	sitrusberry	1	-1	-1	1	1	suppress:0|log:-ability:0:Sword of Ruin:undefined	undefined	undefined	0	0	0	-1	0
swordofruin	onStart	47	6	0	40	Fire	1	0	0	100	20	-1	0	greninjabond	1	1	0	0	0	-1	0	2	100	100	0	0	true	Move	1	brn	sitrusberry	1	-1	-1	1	1	suppress:0|log:-ability:0:Sword of Ruin:undefined	undefined	undefined	0	0	0	-1	0
swordofruin	onStart	48	6	0	40	Fire	1	0	0	100	20	-1	0	greninjabond	1	0	0	0	0	-1	0	2	100	100	0	0	true	Move	1	brn	sitrusberry	1	-1	-1	1	1	suppress:0|log:-ability:0:Sword of Ruin:undefined	undefined	undefined	0	0	0	-1	0
swordofruin	onStart	49	6	0	40	Fire	1	0	0	100	20	-1	0	greninjabond	1	1	0	0	0	-1	0	2	100	100	0	0	true	Move	1	brn	sitrusberry	1	-1	-1	1	1	suppress:0|log:-ability:0:Sword of Ruin:undefined	undefined	undefined	0	0	0	-1	0
swordofruin	onStart	50	6	0	40	Fire	1	0	0	100	20	-1	0	greninjabond	1	1	1	0	0	-1	0	2	100	100	0	0	true	Move	1	brn	sitrusberry	1	-1	-1	1	1	suppress:0	undefined	undefined	0	0	0	-1	0
swordofruin	onStart	51	6	0	40	Fire	1	0	0	100	20	-1	0	greninjabond	1	1	0	0	0	-1	0	2	100	100	0	0	true	Move	1	brn	sitrusberry	1	-1	-1	1	1	suppress:0|log:-ability:0:Sword of Ruin:undefined	undefined	undefined	0	0	0	-1	0
swordofruin	onStart	52	6	0	40	Fire	1	0	0	100	20	-1	0	greninjabond	1	1	0	1	0	-1	0	2	100	100	0	0	true	Move	1	brn	sitrusberry	1	-1	-1	1	1	suppress:0|log:-ability:0:Sword of Ruin:undefined	undefined	undefined	0	0	0	-1	0
swordofruin	onStart	53	6	0	40	Fire	1	0	0	100	20	-1	0	greninjabond	1	1	0	0	0	-1	0	2	100	100	0	0	true	Move	1	brn	sitrusberry	1	-1	-1	1	1	suppress:0|log:-ability:0:Sword of Ruin:undefined	undefined	undefined	0	0	0	-1	0
swordofruin	onStart	54	6	0	40	Fire	1	0	0	100	20	-1	0	greninjabond	1	1	0	0	1	-1	0	2	100	100	0	0	true	Move	1	brn	sitrusberry	1	-1	-1	1	1	suppress:0|log:-ability:0:Sword of Ruin:undefined	undefined	undefined	0	0	0	-1	0
swordofruin	onStart	55	6	0	40	Fire	1	0	0	100	20	-1	0	greninjabond	1	1	0	0	0	-1	0	2	100	100	0	0	true	Move	1	brn	sitrusberry	1	-1	-1	1	1	suppress:0|log:-ability:0:Sword of Ruin:undefined	undefined	undefined	0	0	0	-1	0
swordofruin	onStart	56	6	0	40	Fire	1	0	0	100	20	-1	0	greninjabond	1	1	0	0	0	0	0	2	100	100	0	0	true	Move	1	brn	sitrusberry	1	-1	-1	1	1	suppress:0|log:-ability:0:Sword of Ruin:undefined	undefined	undefined	0	0	0	0	0
swordofruin	onStart	57	6	0	40	Fire	1	0	0	100	20	-1	0	greninjabond	1	1	0	0	0	1	0	2	100	100	0	0	true	Move	1	brn	sitrusberry	1	-1	-1	1	1	suppress:0|log:-ability:0:Sword of Ruin:undefined	undefined	undefined	0	0	0	1	0
swordofruin	onStart	58	6	0	40	Fire	1	0	0	100	20	-1	0	greninjabond	1	1	0	0	0	6	0	2	100	100	0	0	true	Move	1	brn	sitrusberry	1	-1	-1	1	1	suppress:0|log:-ability:0:Sword of Ruin:undefined	undefined	undefined	0	0	0	6	0
swordofruin	onStart	59	6	0	40	Fire	1	0	0	100	20	-1	0	greninjabond	1	1	0	0	0	-1	0	2	100	100	0	0	true	Move	1	brn	sitrusberry	1	-1	-1	1	1	suppress:0|log:-ability:0:Sword of Ruin:undefined	undefined	undefined	0	0	0	-1	0
swordofruin	onStart	60	6	0	40	Fire	1	0	0	100	20	-1	0	greninjabond	1	1	0	0	0	-1	1	2	100	100	0	0	true	Move	1	brn	sitrusberry	1	-1	-1	1	1	suppress:0|log:-ability:0:Sword of Ruin:undefined	undefined	undefined	0	0	0	-1	0
swordofruin	onStart	61	6	0	40	Fire	1	0	0	100	20	-1	0	greninjabond	1	1	0	0	0	-1	0	2	100	100	0	0	true	Move	1	brn	sitrusberry	1	-1	-1	1	1	suppress:0|log:-ability:0:Sword of Ruin:undefined	undefined	undefined	0	0	0	-1	0
swordofruin	onStart	62	6	0	40	Fire	1	0	0	100	20	-1	0	greninjabond	1	1	0	0	0	-1	0	0	100	100	0	0	true	Move	1	brn	sitrusberry	1	-1	-1	1	1	suppress:0|log:-ability:0:Sword of Ruin:undefined	undefined	undefined	0	0	0	-1	0
swordofruin	onStart	63	6	0	40	Fire	1	0	0	100	20	-1	0	greninjabond	1	1	0	0	0	-1	0	1	100	100	0	0	true	Move	1	brn	sitrusberry	1	-1	-1	1	1	suppress:0|log:-ability:0:Sword of Ruin:undefined	undefined	undefined	0	0	0	-1	0
swordofruin	onStart	64	6	0	40	Fire	1	0	0	100	20	-1	0	greninjabond	1	1	0	0	0	-1	0	2	100	100	0	0	true	Move	1	brn	sitrusberry	1	-1	-1	1	1	suppress:0|log:-ability:0:Sword of Ruin:undefined	undefined	undefined	0	0	0	-1	0
swordofruin	onStart	65	6	0	40	Fire	1	0	0	100	20	-1	0	greninjabond	1	1	0	0	0	-1	0	2	0	100	0	0	true	Move	1	brn	sitrusberry	1	-1	-1	1	1	suppress:0|log:-ability:0:Sword of Ruin:undefined	undefined	undefined	0	0	0	-1	0
swordofruin	onStart	66	6	0	40	Fire	1	0	0	100	20	-1	0	greninjabond	1	1	0	0	0	-1	0	2	60	100	0	0	true	Move	1	brn	sitrusberry	1	-1	-1	1	1	suppress:0|log:-ability:0:Sword of Ruin:undefined	undefined	undefined	0	0	0	-1	0
swordofruin	onStart	67	6	0	40	Fire	1	0	0	100	20	-1	0	greninjabond	1	1	0	0	0	-1	0	2	100	100	0	0	true	Move	1	brn	sitrusberry	1	-1	-1	1	1	suppress:0|log:-ability:0:Sword of Ruin:undefined	undefined	undefined	0	0	0	-1	0
swordofruin	onStart	68	6	0	40	Fire	1	0	0	100	20	-1	0	greninjabond	1	1	0	0	0	-1	0	2	100	0	0	0	true	Move	1	brn	sitrusberry	1	-1	-1	1	1	suppress:0|log:-ability:0:Sword of Ruin:undefined	undefined	undefined	0	0	0	-1	0
swordofruin	onStart	69	6	0	40	Fire	1	0	0	100	20	-1	0	greninjabond	1	1	0	0	0	-1	0	2	100	160	0	0	true	Move	1	brn	sitrusberry	1	-1	-1	1	1	suppress:0|log:-ability:0:Sword of Ruin:undefined	undefined	undefined	0	0	0	-1	0
swordofruin	onStart	70	6	0	40	Fire	1	0	0	100	20	-1	0	greninjabond	1	1	0	0	0	-1	0	2	100	100	0	0	true	Move	1	brn	sitrusberry	1	-1	-1	1	1	suppress:0|log:-ability:0:Sword of Ruin:undefined	undefined	undefined	0	0	0	-1	0
swordofruin	onStart	71	6	0	40	Fire	1	0	0	100	20	-1	0	greninjabond	1	1	0	0	0	-1	0	2	100	100	1	0	true	Move	1	brn	sitrusberry	1	-1	-1	1	1	suppress:0|log:-ability:0:Sword of Ruin:undefined	undefined	undefined	0	0	0	-1	0
swordofruin	onStart	72	6	0	40	Fire	1	0	0	100	20	-1	0	greninjabond	1	1	0	0	0	-1	0	2	100	100	0	0	true	Move	1	brn	sitrusberry	1	-1	-1	1	1	suppress:0|log:-ability:0:Sword of Ruin:undefined	undefined	undefined	0	0	0	-1	0
swordofruin	onStart	73	6	0	40	Fire	1	0	0	100	20	-1	0	greninjabond	1	1	0	0	0	-1	0	2	100	100	0	1	true	Move	1	brn	sitrusberry	1	-1	-1	1	1	suppress:0|log:-ability:0:Sword of Ruin:undefined	undefined	undefined	0	0	0	-1	0
swordofruin	onStart	74	6	0	40	Fire	1	0	0	100	20	-1	0	greninjabond	1	1	0	0	0	-1	0	2	100	100	0	0	true	Move	1	brn	sitrusberry	1	-1	-1	1	1	suppress:0|log:-ability:0:Sword of Ruin:undefined	undefined	undefined	0	0	0	-1	0
swordofruin	onStart	75	6	0	40	Fire	1	0	0	100	20	-1	0	greninjabond	1	1	0	0	0	-1	0	2	100	100	0	0	false	Move	1	brn	sitrusberry	1	-1	-1	1	1	suppress:0|log:-ability:0:Sword of Ruin:undefined	undefined	undefined	0	0	0	-1	0
swordofruin	onStart	76	6	0	40	Fire	1	0	0	100	20	-1	0	greninjabond	1	1	0	0	0	-1	0	2	100	100	0	0	0	Move	1	brn	sitrusberry	1	-1	-1	1	1	suppress:0|log:-ability:0:Sword of Ruin:undefined	undefined	undefined	0	0	0	-1	0
swordofruin	onStart	77	6	0	40	Fire	1	0	0	100	20	-1	0	greninjabond	1	1	0	0	0	-1	0	2	100	100	0	0	null	Move	1	brn	sitrusberry	1	-1	-1	1	1	suppress:0|log:-ability:0:Sword of Ruin:undefined	undefined	undefined	0	0	0	-1	0
swordofruin	onStart	78	6	0	40	Fire	1	0	0	100	20	-1	0	greninjabond	1	1	0	0	0	-1	0	2	100	100	0	0	undefined	Move	1	brn	sitrusberry	1	-1	-1	1	1	suppress:0|log:-ability:0:Sword of Ruin:undefined	undefined	undefined	0	0	0	-1	0
swordofruin	onStart	79	6	0	40	Fire	1	0	0	100	20	-1	0	greninjabond	1	1	0	0	0	-1	0	2	100	100	0	0	true	Move	1	brn	sitrusberry	1	-1	-1	1	1	suppress:0|log:-ability:0:Sword of Ruin:undefined	undefined	undefined	0	0	0	-1	0
swordofruin	onStart	80	6	0	40	Fire	1	0	0	100	20	-1	0	greninjabond	1	1	0	0	0	-1	0	2	100	100	0	0	true	Ability	1	brn	sitrusberry	1	-1	-1	1	1	suppress:0|log:-ability:0:Sword of Ruin:undefined	undefined	undefined	0	0	0	-1	0
swordofruin	onStart	81	6	0	40	Fire	1	0	0	100	20	-1	0	greninjabond	1	1	0	0	0	-1	0	2	100	100	0	0	true	missing	1	brn	sitrusberry	1	-1	-1	1	1	suppress:0|log:-ability:0:Sword of Ruin:undefined	undefined	undefined	0	0	0	-1	0
swordofruin	onStart	82	6	0	40	Fire	1	0	0	100	20	-1	0	greninjabond	1	1	0	0	0	-1	0	2	100	100	0	0	true	Move	1	brn	sitrusberry	1	-1	-1	1	1	suppress:0|log:-ability:0:Sword of Ruin:undefined	undefined	undefined	0	0	0	-1	0
swordofruin	onStart	83	6	0	40	Fire	1	0	0	100	20	-1	0	greninjabond	1	1	0	0	0	-1	0	2	100	100	0	0	true	Move	0	brn	sitrusberry	1	-1	-1	1	1	suppress:0|log:-ability:0:Sword of Ruin:undefined	undefined	undefined	0	0	0	-1	0
swordofruin	onStart	84	6	0	40	Fire	1	0	0	100	20	-1	0	greninjabond	1	1	0	0	0	-1	0	2	100	100	0	0	true	Move	1	brn	sitrusberry	1	-1	-1	1	1	suppress:0|log:-ability:0:Sword of Ruin:undefined	undefined	undefined	0	0	0	-1	0
swordofruin	onStart	85	6	0	40	Fire	1	0	0	100	20	-1	0	greninjabond	1	1	0	0	0	-1	0	2	100	100	0	0	true	Move	1	psn	sitrusberry	1	-1	-1	1	1	suppress:0|log:-ability:0:Sword of Ruin:undefined	undefined	undefined	0	0	0	-1	0
swordofruin	onStart	86	6	0	40	Fire	1	0	0	100	20	-1	0	greninjabond	1	1	0	0	0	-1	0	2	100	100	0	0	true	Move	1	brn	sitrusberry	1	-1	-1	1	1	suppress:0|log:-ability:0:Sword of Ruin:undefined	undefined	undefined	0	0	0	-1	0
swordofruin	onStart	87	6	0	40	Fire	1	0	0	100	20	-1	0	greninjabond	1	1	0	0	0	-1	0	2	100	100	0	0	true	Move	1	brn	aguavberry	1	-1	-1	1	1	suppress:0|log:-ability:0:Sword of Ruin:undefined	undefined	undefined	0	0	0	-1	0
swordofruin	onStart	88	6	0	40	Fire	1	0	0	100	20	-1	0	greninjabond	1	1	0	0	0	-1	0	2	100	100	0	0	true	Move	1	brn	figyberry	1	-1	-1	1	1	suppress:0|log:-ability:0:Sword of Ruin:undefined	undefined	undefined	0	0	0	-1	0
swordofruin	onStart	89	6	0	40	Fire	1	0	0	100	20	-1	0	greninjabond	1	1	0	0	0	-1	0	2	100	100	0	0	true	Move	1	brn	iapapaberry	1	-1	-1	1	1	suppress:0|log:-ability:0:Sword of Ruin:undefined	undefined	undefined	0	0	0	-1	0
swordofruin	onStart	90	6	0	40	Fire	1	0	0	100	20	-1	0	greninjabond	1	1	0	0	0	-1	0	2	100	100	0	0	true	Move	1	brn	magoberry	1	-1	-1	1	1	suppress:0|log:-ability:0:Sword of Ruin:undefined	undefined	undefined	0	0	0	-1	0
swordofruin	onStart	91	6	0	40	Fire	1	0	0	100	20	-1	0	greninjabond	1	1	0	0	0	-1	0	2	100	100	0	0	true	Move	1	brn	wikiberry	1	-1	-1	1	1	suppress:0|log:-ability:0:Sword of Ruin:undefined	undefined	undefined	0	0	0	-1	0
swordofruin	onStart	92	6	0	40	Fire	1	0	0	100	20	-1	0	greninjabond	1	1	0	0	0	-1	0	2	100	100	0	0	true	Move	1	brn	leftovers	1	-1	-1	1	1	suppress:0|log:-ability:0:Sword of Ruin:undefined	undefined	undefined	0	0	0	-1	0
swordofruin	onStart	93	6	0	40	Fire	1	0	0	100	20	-1	0	greninjabond	1	1	0	0	0	-1	0	2	100	100	0	0	true	Move	1	brn	sitrusberry	1	-1	-1	1	1	suppress:0|log:-ability:0:Sword of Ruin:undefined	undefined	undefined	0	0	0	-1	0
swordofruin	onStart	94	6	0	40	Fire	1	0	0	100	20	-1	0	greninjabond	1	1	0	0	0	-1	0	2	100	100	0	0	true	Move	1	brn	sitrusberry	2	-1	-1	1	1	suppress:0|log:-ability:0:Sword of Ruin:undefined	undefined	undefined	0	0	0	-1	0
swordofruin	onStart	95	6	0	40	Fire	1	0	0	100	20	-1	0	greninjabond	1	1	0	0	0	-1	0	2	100	100	0	0	true	Move	1	brn	sitrusberry	0	-1	-1	1	1	suppress:0|log:-ability:0:Sword of Ruin:undefined	undefined	undefined	0	0	0	-1	0
swordofruin	onStart	96	6	0	40	Fire	1	0	0	100	20	-1	0	greninjabond	1	1	0	0	0	-1	0	2	100	100	0	0	true	Move	1	brn	sitrusberry	1	-1	-1	1	1	suppress:0|log:-ability:0:Sword of Ruin:undefined	undefined	undefined	0	0	0	-1	0
swordofruin	onStart	97	6	0	40	Fire	1	0	0	100	20	-1	0	greninjabond	1	1	0	0	0	-1	0	2	100	100	0	0	true	Move	1	brn	sitrusberry	1	0	-1	1	1	suppress:0|log:-ability:0:Sword of Ruin:undefined	undefined	undefined	0	0	0	-1	0
swordofruin	onStart	98	6	0	40	Fire	1	0	0	100	20	-1	0	greninjabond	1	1	0	0	0	-1	0	2	100	100	0	0	true	Move	1	brn	sitrusberry	1	1	-1	1	1	suppress:0|log:-ability:0:Sword of Ruin:undefined	undefined	undefined	0	0	0	-1	0
swordofruin	onStart	99	6	0	40	Fire	1	0	0	100	20	-1	0	greninjabond	1	1	0	0	0	-1	0	2	100	100	0	0	true	Move	1	brn	sitrusberry	1	-1	-1	1	1	suppress:0|log:-ability:0:Sword of Ruin:undefined	undefined	undefined	0	0	0	-1	0
swordofruin	onStart	100	6	0	40	Fire	1	0	0	100	20	-1	0	greninjabond	1	1	0	0	0	-1	0	2	100	100	0	0	true	Move	1	brn	sitrusberry	1	-1	0	1	1	suppress:0|log:-ability:0:Sword of Ruin:undefined	undefined	undefined	0	0	0	-1	0
swordofruin	onStart	101	6	0	40	Fire	1	0	0	100	20	-1	0	greninjabond	1	1	0	0	0	-1	0	2	100	100	0	0	true	Move	1	brn	sitrusberry	1	-1	1	1	1	suppress:0|log:-ability:0:Sword of Ruin:undefined	undefined	undefined	0	0	0	-1	0
swordofruin	onStart	102	6	0	40	Fire	1	0	0	100	20	-1	0	greninjabond	1	1	0	0	0	-1	0	2	100	100	0	0	true	Move	1	brn	sitrusberry	1	-1	99	1	1	suppress:0|log:-ability:0:Sword of Ruin:undefined	undefined	undefined	0	0	0	-1	0
swordofruin	onStart	103	6	0	40	Fire	1	0	0	100	20	-1	0	greninjabond	1	1	0	0	0	-1	0	2	100	100	0	0	true	Move	1	brn	sitrusberry	1	-1	-1	1	1	suppress:0|log:-ability:0:Sword of Ruin:undefined	undefined	undefined	0	0	0	-1	0
swordofruin	onStart	104	6	0	40	Fire	1	0	0	100	20	-1	0	greninjabond	1	1	0	0	0	-1	0	2	100	100	0	0	true	Move	1	brn	sitrusberry	1	-1	-1	0	1	suppress:0|log:-ability:0:Sword of Ruin:undefined	undefined	undefined	0	0	0	-1	0
swordofruin	onStart	105	6	0	40	Fire	1	0	0	100	20	-1	0	greninjabond	1	1	0	0	0	-1	0	2	100	100	0	0	true	Move	1	brn	sitrusberry	1	-1	-1	1	1	suppress:0|log:-ability:0:Sword of Ruin:undefined	undefined	undefined	0	0	0	-1	0
swordofruin	onStart	106	6	0	40	Fire	1	0	0	100	20	-1	0	greninjabond	1	1	0	0	0	-1	0	2	100	100	0	0	true	Move	1	brn	sitrusberry	1	-1	-1	1	0	suppress:0|log:-ability:0:Sword of Ruin:undefined	undefined	undefined	0	0	0	-1	0
swordofruin	onStart	107	-1	6	0	Bug	0	0	0	20	-1	0	0	pikachu	0	1	0	0	1	-1	0	1	60	0	0	0	null	Move	1	brn	iapapaberry	1	0	-1	1	1	suppress:0|log:-ability:0:Sword of Ruin:undefined	undefined	false	0	0	0	-1	0
swordofruin	onStart	108	-1	6	70	Dark	1	0	1	0	100	-1	2048	greninjaash	1	0	0	0	0	1	1	1	60	100	0	1	0	Move	0	psn	aguavberry	1	1	-1	0	0	suppress:0|log:-ability:0:Sword of Ruin:undefined	undefined	undefined	2048	2048	2048	1	0
swordofruin	onStart	109	0	6	40	Bug	1	1	1	100	100	-1	2048	greninjabond	0	1	0	1	0	1	1	2	100	160	0	0	true	missing	0	brn	magoberry	2	-1	1	0	0	suppress:0|log:-ability:0:Sword of Ruin:undefined	undefined	undefined	2048	2048	2048	1	2
swordofruin	onStart	110	1	1	0	Normal	1	1	1	0	100	-1	24576	pikachu	0	0	0	0	1	-1	1	2	100	100	0	0	null	Move	0	brn	sitrusberry	0	0	0	1	0	suppress:0|log:-ability:0:Sword of Ruin:undefined	undefined	undefined	24576	24576	24576	-1	2
swordofruin	onStart	111	-1	6	40	Ghost	1	1	1	20	0	1	8192	pikachu	0	1	0	1	1	-1	1	0	0	0	1	0	undefined	missing	1	brn	iapapaberry	2	1	1	1	1	suppress:0|log:-ability:0:Sword of Ruin:undefined	undefined	true	8192	8192	8192	-1	2
swordofruin	onStart	112	0	1	40	Normal	1	0	0	100	100	-1	2048	pikachu	1	1	0	0	0	-1	0	1	0	160	1	0	undefined	Move	0	psn	wikiberry	2	0	1	0	1	suppress:0|log:-ability:0:Sword of Ruin:undefined	undefined	undefined	2048	2048	2048	-1	0
swordofruin	onStart	113	1	0	40	Normal	0	0	0	100	0	-1	16384	greninjaash	0	1	0	1	0	1	0	2	60	100	1	0	0	missing	0	psn	figyberry	2	0	0	1	0	suppress:0|log:-ability:0:Sword of Ruin:undefined	undefined	undefined	16384	16384	16384	1	0
swordofruin	onStart	114	0	6	60	Dark	1	1	1	100	-1	-1	8	greninjaash	1	1	1	0	0	1	0	2	0	160	0	1	0	Move	1	brn	sitrusberry	0	-1	99	0	0	suppress:0	undefined	undefined	8	8	8	1	2
swordofruin	onStart	115	6	1	40	Dark	0	0	1	20	20	0	8	pikachu	1	1	1	1	1	0	0	0	60	100	1	1	false	Move	1	brn	aguavberry	1	0	1	0	0	suppress:0	undefined	false	8	8	8	0	0
swordofruin	onStart	116	1	6	0	Fire	1	1	1	100	100	1	0	greninjaash	0	1	1	1	0	1	1	2	100	160	1	0	false	missing	1	psn	figyberry	1	1	0	0	1	suppress:0	undefined	true	0	0	0	1	2
swordofruin	onStart	117	1	1	61	Dark	0	0	1	0	100	-1	2048	greninjaash	1	0	0	1	0	-1	0	2	100	100	1	0	0	Ability	1	psn	wikiberry	0	-1	1	0	0	suppress:0|log:-ability:0:Sword of Ruin:undefined	undefined	undefined	2048	2048	2048	-1	0
swordofruin	onStart	118	6	0	0	Normal	1	0	1	0	20	-1	2048	greninjaash	0	1	1	0	1	-1	0	1	100	100	1	0	true	Move	0	psn	sitrusberry	2	1	99	0	1	suppress:0	undefined	undefined	2048	2048	2048	-1	0
swordofruin	onStart	119	0	1	60	Water	1	1	0	0	100	-1	24576	greninjaash	0	1	1	1	1	6	1	1	60	160	1	1	0	missing	1	brn	leftovers	0	1	99	0	0	suppress:0	undefined	undefined	24576	24576	24576	6	2
swordofruin	onStart	120	1	0	60	Normal	0	0	0	0	20	1	0	greninjabond	0	0	1	1	0	0	0	0	60	100	0	1	0	missing	0	psn	aguavberry	0	0	0	0	1	suppress:0	undefined	true	0	0	0	0	0
swordofruin	onStart	121	1	6	40	Normal	1	1	0	20	-1	0	16384	greninjaash	1	0	0	0	1	1	1	1	60	100	1	0	null	missing	1	psn	wikiberry	1	-1	99	1	0	suppress:0|log:-ability:0:Sword of Ruin:undefined	undefined	false	16384	16384	16384	1	2
swordofruin	onStart	122	-1	1	40	Dark	1	1	1	10	20	-1	24576	greninjaash	1	0	1	0	0	-1	1	1	0	100	0	1	false	Ability	0	psn	wikiberry	2	-1	99	1	1	suppress:0	undefined	undefined	24576	24576	24576	-1	2
swordofruin	onStart	123	0	1	0	Ghost	1	0	0	100	100	-1	8192	greninjaash	1	1	0	1	0	1	0	1	60	0	1	0	0	Ability	1	psn	figyberry	2	-1	0	1	1	suppress:0|log:-ability:0:Sword of Ruin:undefined	undefined	undefined	8192	8192	8192	1	0
swordofruin	onStart	124	-1	1	61	Ghost	0	1	0	20	100	0	8	pikachu	1	1	1	0	0	0	0	1	0	0	0	1	false	missing	1	brn	figyberry	1	-1	1	0	1	suppress:0	undefined	false	8	8	8	0	2
swordofruin	onStart	125	-1	1	60	Dark	1	1	0	20	100	1	8	pikachu	0	1	1	1	0	1	1	0	60	160	1	1	undefined	missing	0	psn	leftovers	1	0	0	1	0	suppress:0	undefined	true	8	8	8	1	2
swordofruin	onStart	126	0	6	70	Ghost	1	0	0	0	-1	-1	0	pikachu	0	1	1	0	0	0	1	2	0	0	1	0	undefined	missing	1	brn	aguavberry	1	-1	0	1	1	suppress:0	undefined	undefined	0	0	0	0	0
swordofruin	onStart	127	0	1	0	Water	1	1	0	100	20	-1	8192	greninjaash	1	1	0	0	0	1	0	0	100	0	0	1	0	Ability	0	psn	magoberry	0	1	-1	1	1	suppress:0|log:-ability:0:Sword of Ruin:undefined	undefined	undefined	8192	8192	8192	1	2
swordofruin	onStart	128	1	6	60	Normal	1	1	1	10	0	-1	16384	pikachu	1	0	1	0	0	6	0	0	100	160	1	0	true	missing	1	psn	aguavberry	1	-1	-1	0	0	suppress:0	undefined	undefined	16384	16384	16384	6	2
swordofruin	onStart	129	0	1	60	Fire	1	0	0	20	100	0	24576	greninjaash	0	1	0	0	1	1	0	1	60	160	1	0	null	missing	0	brn	figyberry	1	0	-1	1	0	suppress:0|log:-ability:0:Sword of Ruin:undefined	undefined	false	24576	24576	24576	1	0
swordofruin	onStart	130	-1	0	0	Water	0	0	1	100	100	1	2048	greninjaash	0	0	0	0	1	6	1	0	0	0	1	1	null	Ability	1	brn	aguavberry	0	1	99	0	1	suppress:0|log:-ability:0:Sword of Ruin:undefined	undefined	true	2048	2048	2048	6	0
swordofruin	onStart	131	-1	6	60	Bug	1	0	0	0	100	-1	24576	greninjaash	1	1	1	0	1	6	0	2	0	0	0	0	false	Move	1	psn	wikiberry	2	1	99	1	0	suppress:0	undefined	undefined	24576	24576	24576	6	0
swordofruin	onStart	132	1	6	0	Bug	1	0	1	10	100	-1	8192	greninjaash	1	0	0	1	0	0	0	1	0	160	1	0	null	Ability	1	brn	aguavberry	2	-1	99	1	1	suppress:0|log:-ability:0:Sword of Ruin:undefined	undefined	undefined	8192	8192	8192	0	0
swordofruin	onStart	133	1	1	0	Water	1	1	0	100	100	1	16384	greninjabond	1	0	1	0	1	-1	1	0	60	160	1	1	null	Ability	1	brn	magoberry	2	-1	0	1	0	suppress:0	undefined	true	16384	16384	16384	-1	2
swordofruin	onStart	134	1	6	60	Bug	1	1	0	0	0	0	24576	greninjaash	0	0	1	0	1	0	1	2	60	0	1	0	false	Ability	0	psn	wikiberry	2	-1	99	0	0	suppress:0	undefined	false	24576	24576	24576	0	2
swordofruin	onStart	135	1	1	61	Bug	0	1	1	10	0	1	0	greninjaash	1	1	1	1	1	0	0	0	0	160	1	0	true	Ability	0	psn	sitrusberry	1	0	-1	1	0	suppress:0	undefined	true	0	0	0	0	2
swordofruin	onStart	136	1	6	40	Normal	0	1	0	20	20	0	8	greninjabond	1	1	0	1	0	-1	1	0	100	100	1	1	0	Move	1	psn	sitrusberry	0	-1	99	0	0	suppress:0|log:-ability:0:Sword of Ruin:undefined	undefined	false	8	8	8	-1	2
swordofruin	onStart	137	0	0	40	Bug	0	0	0	20	-1	1	2048	pikachu	0	0	0	1	1	1	0	1	100	0	0	1	undefined	Ability	1	brn	iapapaberry	1	1	1	0	0	suppress:0|log:-ability:0:Sword of Ruin:undefined	undefined	true	2048	2048	2048	1	0
swordofruin	onStart	138	6	1	70	Ghost	0	0	0	10	0	-1	8192	pikachu	0	0	0	0	0	0	0	1	0	0	1	1	0	missing	1	psn	figyberry	2	0	99	1	0	suppress:0|log:-ability:0:Sword of Ruin:undefined	undefined	undefined	8192	8192	8192	0	0
swordofruin	onStart	139	6	6	70	Water	1	0	1	0	0	-1	8192	pikachu	0	1	0	0	1	-1	0	1	0	160	1	1	true	Move	1	brn	iapapaberry	1	0	1	0	1	suppress:0|log:-ability:0:Sword of Ruin:undefined	undefined	undefined	8192	8192	8192	-1	0
swordofruin	onStart	140	-1	0	0	Normal	0	0	0	0	0	-1	8192	greninjabond	0	1	1	0	1	0	0	2	60	100	1	0	null	missing	1	brn	aguavberry	0	1	-1	1	0	suppress:0	undefined	undefined	8192	8192	8192	0	0
swordofruin	onStart	141	6	1	70	Bug	0	0	0	10	20	-1	24576	greninjaash	1	1	1	0	1	1	0	0	0	160	1	0	false	Ability	0	brn	wikiberry	1	1	-1	1	0	suppress:0	undefined	undefined	24576	24576	24576	1	0
swordofruin	onStart	142	6	1	0	Fire	1	1	0	0	0	1	16384	greninjabond	0	0	0	0	0	1	0	1	60	0	0	0	0	Move	0	brn	magoberry	1	1	0	1	1	suppress:0|log:-ability:0:Sword of Ruin:undefined	undefined	true	16384	16384	16384	1	2
swordofruin	onStart	143	6	6	70	Ghost	0	1	0	0	100	-1	0	pikachu	1	1	0	1	1	-1	0	1	100	160	0	0	null	Ability	0	brn	sitrusberry	0	-1	0	0	1	suppress:0|log:-ability:0:Sword of Ruin:undefined	undefined	undefined	0	0	0	-1	2
swordofruin	onStart	144	1	0	70	Normal	1	0	0	100	0	1	24576	greninjaash	0	1	1	0	0	1	1	2	60	0	0	1	undefined	Ability	1	psn	leftovers	1	0	1	0	1	suppress:0	undefined	true	24576	24576	24576	1	0
swordofruin	onStart	145	0	6	40	Bug	1	1	1	10	100	1	8	pikachu	1	1	1	1	0	1	1	2	60	0	0	1	undefined	Ability	0	psn	figyberry	2	0	-1	0	0	suppress:0	undefined	true	8	8	8	1	2
swordofruin	onStart	146	1	1	70	Normal	0	1	0	100	20	0	8	greninjaash	0	1	0	0	1	-1	1	2	100	160	1	1	true	missing	0	brn	wikiberry	2	-1	99	0	0	suppress:0|log:-ability:0:Sword of Ruin:undefined	undefined	false	8	8	8	-1	2
swordofruin	onStart	147	0	1	0	Fire	0	1	0	10	-1	1	24576	greninjabond	0	0	0	1	0	0	0	2	60	160	0	1	true	Move	0	brn	wikiberry	0	-1	0	1	0	suppress:0|log:-ability:0:Sword of Ruin:undefined	undefined	true	24576	24576	24576	0	2
swordofruin	onStart	148	6	6	61	Normal	1	1	0	0	0	0	8	greninjaash	1	1	0	1	1	-1	1	1	100	100	0	1	null	Move	0	brn	figyberry	2	0	0	1	0	suppress:0|log:-ability:0:Sword of Ruin:undefined	undefined	false	8	8	8	-1	2
swordofruin	onStart	149	0	0	60	Ghost	1	1	0	20	20	1	0	pikachu	0	0	1	1	1	-1	1	2	0	100	1	0	false	Ability	0	psn	sitrusberry	2	1	-1	0	0	suppress:0	undefined	true	0	0	0	-1	2
swordofruin	onStart	150	-1	6	0	Bug	0	1	1	0	100	1	0	greninjabond	1	1	0	0	1	6	1	1	0	160	0	0	false	Move	1	psn	magoberry	1	-1	99	0	1	suppress:0|log:-ability:0:Sword of Ruin:undefined	undefined	true	0	0	0	6	2
swordofruin	onStart	151	6	6	40	Dark	0	1	1	20	20	-1	2048	greninjabond	0	1	0	0	0	6	0	0	60	160	1	1	false	missing	0	brn	sitrusberry	2	0	0	1	0	suppress:0|log:-ability:0:Sword of Ruin:undefined	undefined	undefined	2048	2048	2048	6	2
swordofruin	onStart	152	1	1	61	Bug	0	1	1	10	20	-1	24576	greninjaash	1	0	1	1	0	6	1	1	0	100	1	0	true	Move	1	psn	iapapaberry	2	-1	0	1	1	suppress:0	undefined	undefined	24576	24576	24576	6	2
swordofruin	onStart	153	-1	0	70	Dark	1	0	1	10	0	-1	16384	greninjabond	0	0	1	1	0	1	0	1	100	160	0	0	true	Ability	0	brn	iapapaberry	1	0	0	0	0	suppress:0	undefined	undefined	16384	16384	16384	1	0
swordofruin	onStart	154	0	6	70	Fire	0	1	0	10	100	0	0	greninjabond	0	1	1	0	0	1	1	2	100	0	0	0	true	Ability	1	psn	figyberry	2	-1	-1	0	1	suppress:0	undefined	false	0	0	0	1	2
swordofruin	onStart	155	-1	0	0	Fire	0	1	1	10	20	1	0	greninjaash	0	0	1	0	1	1	1	0	100	0	1	0	undefined	missing	0	psn	sitrusberry	2	-1	99	0	1	suppress:0	undefined	true	0	0	0	1	2
swordofruin	onStart	156	0	1	60	Water	1	1	1	100	0	-1	2048	greninjabond	0	0	0	0	1	-1	1	1	100	100	1	0	null	Move	0	brn	leftovers	1	0	1	1	1	suppress:0|log:-ability:0:Sword of Ruin:undefined	undefined	undefined	2048	2048	2048	-1	2
swordofruin	onStart	157	6	6	40	Fire	1	0	0	0	20	1	16384	greninjabond	1	1	1	1	0	1	0	2	100	0	0	0	0	missing	1	psn	wikiberry	2	-1	99	0	0	suppress:0	undefined	true	16384	16384	16384	1	0
swordofruin	onStart	158	0	1	70	Ghost	0	0	1	0	20	0	8192	pikachu	1	1	0	0	0	6	1	2	60	100	0	0	null	missing	0	brn	iapapaberry	0	1	0	0	0	suppress:0|log:-ability:0:Sword of Ruin:undefined	undefined	false	8192	8192	8192	6	0
swordofruin	onStart	159	-1	0	40	Bug	1	1	0	10	0	-1	16384	greninjabond	0	1	1	0	1	1	0	1	0	0	0	0	true	Move	0	brn	magoberry	1	0	1	1	1	suppress:0	undefined	undefined	16384	16384	16384	1	2
swordofruin	onStart	160	1	0	0	Water	0	1	0	20	-1	-1	24576	pikachu	0	0	0	0	1	0	0	1	60	160	1	1	undefined	missing	0	psn	magoberry	2	0	-1	1	1	suppress:0|log:-ability:0:Sword of Ruin:undefined	undefined	undefined	24576	24576	24576	0	2
swordofruin	onStart	161	-1	6	0	Ghost	0	1	1	0	20	0	2048	greninjaash	0	1	1	0	0	1	1	0	100	100	0	0	undefined	Ability	1	brn	magoberry	1	0	99	1	0	suppress:0	undefined	false	2048	2048	2048	1	2
swordofruin	onStart	162	-1	0	0	Water	0	0	1	0	0	0	8	greninjabond	0	0	1	1	0	0	0	2	60	100	0	0	true	Ability	0	brn	sitrusberry	1	-1	-1	1	0	suppress:0	undefined	false	8	8	8	0	0
swordofruin	onStart	163	6	6	60	Ghost	0	1	0	20	20	-1	2048	greninjabond	0	0	0	0	0	6	1	0	60	100	1	0	0	missing	0	psn	figyberry	1	0	1	0	0	suppress:0|log:-ability:0:Sword of Ruin:undefined	undefined	undefined	2048	2048	2048	6	2
swordofruin	onStart	164	6	0	40	Water	0	0	0	20	0	-1	16384	pikachu	1	0	1	1	1	6	1	1	0	0	1	1	null	Move	0	brn	magoberry	2	-1	99	1	1	suppress:0	undefined	undefined	16384	16384	16384	6	0
swordofruin	onStart	165	-1	6	40	Normal	0	1	1	20	-1	1	24576	greninjaash	1	0	0	0	0	-1	1	0	100	160	0	1	undefined	missing	0	brn	aguavberry	1	1	99	0	0	suppress:0|log:-ability:0:Sword of Ruin:undefined	undefined	true	24576	24576	24576	-1	2
swordofruin	onStart	166	1	6	61	Normal	0	0	1	0	-1	0	16384	pikachu	1	0	1	0	0	-1	0	0	60	0	1	0	undefined	Move	0	psn	magoberry	1	0	99	1	0	suppress:0	undefined	false	16384	16384	16384	-1	0
swordofruin	onStart	167	0	1	70	Water	1	1	1	0	100	0	0	greninjaash	0	1	0	1	1	0	0	1	100	160	0	0	null	Ability	1	psn	sitrusberry	1	1	1	0	0	suppress:0|log:-ability:0:Sword of Ruin:undefined	undefined	false	0	0	0	0	2
swordofruin	onStart	168	6	1	61	Water	1	0	0	100	100	0	16384	greninjabond	1	1	1	1	1	6	0	0	60	100	0	0	true	Ability	0	psn	leftovers	0	1	99	1	0	suppress:0	undefined	false	16384	16384	16384	6	0
swordofruin	onStart	169	-1	6	60	Bug	1	0	1	0	0	0	24576	pikachu	1	0	1	0	1	1	0	0	100	100	0	1	null	missing	0	psn	figyberry	1	1	-1	1	1	suppress:0	undefined	false	24576	24576	24576	1	0
swordofruin	onStart	170	-1	6	61	Dark	0	0	1	20	-1	0	0	pikachu	1	0	1	1	1	-1	1	0	60	100	0	0	true	Ability	0	brn	wikiberry	0	1	-1	0	0	suppress:0	undefined	false	0	0	0	-1	0
swordofruin	onStart	171	1	6	70	Water	1	1	0	20	100	1	0	pikachu	1	0	1	1	0	-1	1	1	100	160	0	1	undefined	Ability	0	brn	sitrusberry	2	0	-1	1	1	suppress:0	undefined	true	0	0	0	-1	2
swordofruin	onStart	172	0	0	60	Bug	1	0	0	10	0	-1	0	pikachu	1	1	0	0	1	6	0	1	60	100	0	0	true	Move	1	brn	magoberry	1	1	-1	0	0	suppress:0|log:-ability:0:Sword of Ruin:undefined	undefined	undefined	0	0	0	6	0
swordofruin	onStart	173	1	0	0	Ghost	1	0	1	100	-1	-1	2048	greninjabond	0	1	0	0	0	1	0	2	0	0	0	1	undefined	missing	1	brn	wikiberry	2	1	1	1	0	suppress:0|log:-ability:0:Sword of Ruin:undefined	undefined	undefined	2048	2048	2048	1	0
swordofruin	onStart	174	-1	1	60	Fire	0	1	0	0	0	-1	2048	greninjaash	1	0	1	0	1	-1	1	0	100	0	1	0	true	Ability	1	psn	sitrusberry	0	0	0	0	1	suppress:0	undefined	undefined	2048	2048	2048	-1	2
swordofruin	onStart	175	0	0	0	Ghost	1	1	1	20	20	0	8192	pikachu	0	1	1	1	0	-1	1	1	60	160	1	1	null	missing	1	psn	sitrusberry	2	-1	99	1	1	suppress:0	undefined	false	8192	8192	8192	-1	2
swordofruin	onStart	176	6	0	70	Bug	0	0	1	0	-1	0	16384	pikachu	1	0	1	0	1	-1	0	1	60	160	1	1	null	missing	0	psn	leftovers	1	-1	1	1	0	suppress:0	undefined	false	16384	16384	16384	-1	0
swordofruin	onStart	177	6	1	61	Bug	1	1	1	100	-1	-1	0	pikachu	0	1	1	1	1	6	0	0	0	100	0	1	undefined	Move	1	psn	figyberry	2	0	1	1	1	suppress:0	undefined	undefined	0	0	0	6	2
swordofruin	onStart	178	6	1	61	Bug	1	0	1	0	20	1	2048	greninjaash	1	1	1	1	0	1	0	1	0	160	1	0	null	Move	1	psn	sitrusberry	2	-1	-1	1	1	suppress:0	undefined	true	2048	2048	2048	1	0
swordofruin	onStart	179	-1	0	40	Water	1	1	1	100	0	0	2048	pikachu	1	0	0	1	1	0	1	1	0	160	1	1	0	Move	0	brn	aguavberry	2	-1	99	0	0	suppress:0|log:-ability:0:Sword of Ruin:undefined	undefined	false	2048	2048	2048	0	2
swordofruin	onStart	180	6	6	70	Bug	0	1	1	0	-1	1	24576	greninjabond	0	1	0	1	0	1	0	1	0	160	1	1	null	missing	1	brn	figyberry	1	0	0	0	0	suppress:0|log:-ability:0:Sword of Ruin:undefined	undefined	true	24576	24576	24576	1	2
swordofruin	onStart	181	-1	6	0	Dark	1	1	1	10	-1	0	8192	greninjaash	1	0	0	1	1	-1	0	1	0	0	0	0	0	Move	0	psn	wikiberry	2	-1	1	1	0	suppress:0|log:-ability:0:Sword of Ruin:undefined	undefined	false	8192	8192	8192	-1	2
swordofruin	onStart	182	0	0	60	Normal	0	1	0	0	100	-1	8	greninjabond	1	0	1	0	0	0	1	0	100	100	1	0	false	Ability	0	brn	sitrusberry	0	1	99	1	1	suppress:0	undefined	undefined	8	8	8	0	2
swordofruin	onStart	183	1	6	0	Ghost	0	1	0	10	0	-1	8192	greninjabond	1	1	0	0	1	6	1	2	0	0	0	1	undefined	Move	1	brn	iapapaberry	1	-1	-1	1	0	suppress:0|log:-ability:0:Sword of Ruin:undefined	undefined	undefined	8192	8192	8192	6	2
swordofruin	onStart	184	6	0	60	Water	1	1	0	10	100	1	0	greninjaash	0	0	0	1	1	1	1	1	60	160	1	0	true	missing	1	brn	wikiberry	1	1	0	1	1	suppress:0|log:-ability:0:Sword of Ruin:undefined	undefined	true	0	0	0	1	2
swordofruin	onStart	185	6	1	40	Dark	0	0	1	100	100	1	8	greninjabond	1	0	0	1	1	6	1	2	0	0	1	1	null	Move	0	brn	wikiberry	0	-1	99	1	1	suppress:0|log:-ability:0:Sword of Ruin:undefined	undefined	true	8	8	8	6	0
swordofruin	onStart	186	1	0	40	Fire	1	1	0	20	0	-1	24576	greninjaash	1	1	0	1	1	0	0	2	0	160	1	0	null	missing	0	brn	wikiberry	1	0	-1	0	1	suppress:0|log:-ability:0:Sword of Ruin:undefined	undefined	undefined	24576	24576	24576	0	2
swordofruin	onStart	187	6	0	70	Fire	1	1	0	100	0	-1	16384	greninjabond	1	0	0	0	0	1	1	2	0	160	0	0	null	Move	1	brn	sitrusberry	0	-1	0	0	1	suppress:0|log:-ability:0:Sword of Ruin:undefined	undefined	undefined	16384	16384	16384	1	2
swordofruin	onStart	188	1	1	60	Bug	1	0	0	100	-1	0	8	greninjaash	1	0	1	0	0	1	0	1	60	100	1	0	true	Ability	1	brn	sitrusberry	2	-1	1	0	1	suppress:0	undefined	false	8	8	8	1	0
swordofruin	onStart	189	0	6	70	Normal	0	0	1	20	0	-1	2048	greninjabond	1	1	0	1	1	1	1	1	100	100	0	0	false	missing	1	brn	magoberry	1	0	1	1	0	suppress:0|log:-ability:0:Sword of Ruin:undefined	undefined	undefined	2048	2048	2048	1	0
swordofruin	onStart	190	1	6	60	Dark	0	0	0	0	100	1	2048	pikachu	0	1	1	0	1	0	0	0	60	0	0	0	true	missing	0	psn	figyberry	1	0	0	0	0	suppress:0	undefined	true	2048	2048	2048	0	0
swordofruin	onStart	191	6	0	40	Dark	0	1	1	100	100	-1	8	pikachu	1	1	0	1	1	1	1	0	0	0	1	0	false	Move	1	brn	figyberry	1	0	-1	0	1	suppress:0|log:-ability:0:Sword of Ruin:undefined	undefined	undefined	8	8	8	1	2
swordofruin	onStart	192	6	0	70	Normal	0	1	0	20	-1	-1	8192	pikachu	1	1	1	0	1	6	1	0	100	0	0	1	undefined	Ability	1	brn	magoberry	0	-1	-1	0	1	suppress:0	undefined	undefined	8192	8192	8192	6	2
swordofruin	onStart	193	6	0	70	Bug	1	1	0	100	-1	0	2048	greninjaash	1	0	0	0	1	6	0	0	0	100	1	0	true	Ability	0	brn	sitrusberry	2	-1	0	0	1	suppress:0|log:-ability:0:Sword of Ruin:undefined	undefined	false	2048	2048	2048	6	2
swordofruin	onStart	194	0	0	0	Normal	1	1	0	0	-1	1	16384	greninjaash	1	0	0	1	0	6	1	2	0	160	1	0	false	Move	0	psn	figyberry	0	1	-1	0	0	suppress:0|log:-ability:0:Sword of Ruin:undefined	undefined	true	16384	16384	16384	6	2
swordofruin	onStart	195	1	0	60	Ghost	0	1	1	0	-1	1	8	pikachu	0	0	1	0	0	6	0	0	0	100	1	1	undefined	Ability	1	psn	magoberry	1	1	-1	1	0	suppress:0	undefined	true	8	8	8	6	2
swordofruin	onStart	196	-1	1	40	Water	0	0	0	20	-1	0	24576	pikachu	0	0	0	1	0	0	1	0	0	0	0	1	null	Ability	0	brn	sitrusberry	0	1	99	0	1	suppress:0|log:-ability:0:Sword of Ruin:undefined	undefined	false	24576	24576	24576	0	0
swordofruin	onStart	197	6	0	0	Water	1	1	1	0	0	-1	24576	greninjaash	0	1	0	1	1	-1	0	2	0	160	0	1	false	missing	1	brn	figyberry	1	0	0	1	0	suppress:0|log:-ability:0:Sword of Ruin:undefined	undefined	undefined	24576	24576	24576	-1	2
swordofruin	onStart	198	6	1	61	Normal	1	0	1	0	20	1	0	greninjabond	0	1	0	0	0	1	1	1	0	0	0	0	true	Move	1	brn	aguavberry	1	-1	99	0	1	suppress:0|log:-ability:0:Sword of Ruin:undefined	undefined	true	0	0	0	1	0
swordofruin	onStart	199	6	6	60	Water	0	1	0	20	20	-1	8192	greninjaash	1	1	1	1	0	0	1	1	60	100	0	0	null	missing	1	psn	wikiberry	2	0	0	1	0	suppress:0	undefined	undefined	8192	8192	8192	0	2
swordofruin	onStart	200	6	0	40	Fire	0	0	1	100	100	0	8192	greninjabond	0	1	0	1	0	0	1	1	0	0	1	0	true	Ability	1	brn	figyberry	1	1	-1	0	0	suppress:0|log:-ability:0:Sword of Ruin:undefined	undefined	false	8192	8192	8192	0	0
swordofruin	onStart	201	6	1	0	Water	0	0	0	20	20	1	2048	greninjaash	0	1	0	0	0	6	1	1	60	160	1	0	true	Move	1	psn	sitrusberry	1	0	1	0	1	suppress:0|log:-ability:0:Sword of Ruin:undefined	undefined	true	2048	2048	2048	6	0
swordofruin	onStart	202	-1	1	61	Dark	1	0	0	20	20	-1	16384	greninjaash	1	0	0	1	0	1	0	1	60	160	0	0	undefined	Ability	1	brn	aguavberry	2	1	-1	1	0	suppress:0|log:-ability:0:Sword of Ruin:undefined	undefined	undefined	16384	16384	16384	1	0
swordofruin	onStart	203	-1	0	0	Normal	0	1	0	10	20	-1	8192	pikachu	0	0	0	1	1	-1	0	1	60	160	0	1	false	Ability	1	psn	sitrusberry	0	0	1	0	1	suppress:0|log:-ability:0:Sword of Ruin:undefined	undefined	undefined	8192	8192	8192	-1	2
swordofruin	onStart	204	1	6	61	Normal	0	1	1	10	-1	1	2048	pikachu	1	1	0	0	0	0	1	1	0	0	1	0	0	Move	0	brn	iapapaberry	2	0	0	0	1	suppress:0|log:-ability:0:Sword of Ruin:undefined	undefined	true	2048	2048	2048	0	2
swordofruin	onStart	205	0	0	61	Dark	1	0	1	10	0	-1	8192	greninjaash	1	0	1	0	1	1	1	1	0	160	1	1	undefined	Ability	0	psn	aguavberry	2	-1	0	0	0	suppress:0	undefined	undefined	8192	8192	8192	1	0
swordofruin	onStart	206	-1	6	61	Fire	1	0	1	0	-1	-1	8	pikachu	0	0	0	0	0	6	1	2	60	160	0	0	null	Ability	0	psn	aguavberry	2	0	0	1	1	suppress:0|log:-ability:0:Sword of Ruin:undefined	undefined	undefined	8	8	8	6	0
swordofruin	onStart	207	-1	6	70	Normal	1	1	1	0	0	-1	8192	greninjabond	0	0	0	0	1	-1	1	2	100	160	0	1	null	missing	1	psn	figyberry	1	0	0	0	1	suppress:0|log:-ability:0:Sword of Ruin:undefined	undefined	undefined	8192	8192	8192	-1	2
swordofruin	onStart	208	-1	6	61	Fire	1	1	0	0	20	0	8192	greninjabond	1	0	0	1	0	1	1	1	100	160	0	1	true	missing	0	brn	leftovers	2	-1	99	0	0	suppress:0|log:-ability:0:Sword of Ruin:undefined	undefined	false	8192	8192	8192	1	2
swordofruin	onStart	209	1	6	70	Fire	0	1	0	20	0	1	8	greninjaash	1	0	0	1	0	6	0	0	0	160	1	1	true	Ability	0	psn	wikiberry	2	1	-1	0	1	suppress:0|log:-ability:0:Sword of Ruin:undefined	undefined	true	8	8	8	6	2
swordofruin	onStart	210	-1	6	0	Bug	1	0	1	0	100	0	24576	greninjabond	0	0	1	1	1	-1	0	1	0	0	0	0	undefined	missing	0	psn	wikiberry	0	1	-1	0	1	suppress:0	undefined	false	24576	24576	24576	-1	0
swordofruin	onStart	211	6	6	40	Water	0	1	1	10	20	1	8	greninjabond	0	0	1	1	0	0	0	0	100	0	0	0	0	Ability	1	brn	sitrusberry	1	-1	0	0	0	suppress:0	undefined	true	8	8	8	0	2
swordofruin	onStart	212	-1	1	60	Bug	1	1	0	0	-1	0	16384	pikachu	0	0	1	0	0	0	1	2	100	100	1	1	undefined	missing	0	brn	iapapaberry	0	0	1	1	0	suppress:0	undefined	false	16384	16384	16384	0	2
swordofruin	onStart	213	6	0	61	Ghost	0	1	0	100	100	0	16384	greninjaash	1	1	1	0	0	-1	0	1	60	160	1	1	false	Move	1	psn	sitrusberry	0	0	-1	0	0	suppress:0	undefined	false	16384	16384	16384	-1	2
swordofruin	onStart	214	1	6	40	Water	1	1	1	0	0	0	2048	greninjabond	0	0	0	0	1	6	0	0	60	160	1	0	false	missing	0	brn	leftovers	2	1	-1	0	0	suppress:0|log:-ability:0:Sword of Ruin:undefined	undefined	false	2048	2048	2048	6	2
swordofruin	onStart	215	0	6	70	Fire	1	0	1	100	100	-1	8192	pikachu	0	0	1	0	0	6	0	0	100	0	1	0	true	Ability	0	psn	iapapaberry	2	1	1	0	1	suppress:0	undefined	undefined	8192	8192	8192	6	0
swordofruin	onStart	216	-1	0	61	Dark	0	1	1	10	0	-1	16384	greninjaash	1	0	1	0	0	-1	0	0	60	100	0	0	undefined	missing	0	brn	iapapaberry	2	-1	1	0	1	suppress:0	undefined	undefined	16384	16384	16384	-1	2
swordofruin	onStart	217	1	0	0	Fire	1	0	0	10	20	1	0	greninjaash	1	1	0	1	0	6	0	2	100	0	1	1	false	Ability	1	brn	magoberry	0	0	1	1	1	suppress:0|log:-ability:0:Sword of Ruin:undefined	undefined	true	0	0	0	6	0
swordofruin	onStart	218	6	6	60	Ghost	0	1	1	20	0	0	2048	pikachu	0	1	1	1	0	6	1	1	60	160	0	0	undefined	missing	0	brn	figyberry	1	0	-1	1	1	suppress:0	undefined	false	2048	2048	2048	6	2
swordofruin	onStart	219	1	6	60	Ghost	1	1	1	20	100	0	8	greninjabond	1	0	0	0	0	1	0	0	60	100	1	0	true	missing	1	brn	iapapaberry	0	0	-1	1	0	suppress:0|log:-ability:0:Sword of Ruin:undefined	undefined	false	8	8	8	1	2
swordofruin	onStart	220	1	1	70	Water	0	0	0	100	-1	0	16384	pikachu	0	0	0	1	1	-1	1	0	60	160	0	0	null	missing	1	brn	wikiberry	0	0	99	1	0	suppress:0|log:-ability:0:Sword of Ruin:undefined	undefined	false	16384	16384	16384	-1	0
swordofruin	onStart	221	-1	0	40	Normal	1	0	0	10	100	1	8192	greninjaash	0	0	1	1	0	1	0	0	100	0	1	0	true	Move	0	brn	wikiberry	0	0	-1	0	0	suppress:0	undefined	true	8192	8192	8192	1	0
swordofruin	onStart	222	6	6	70	Ghost	1	1	0	0	100	-1	2048	greninjabond	0	1	1	1	0	-1	1	0	60	0	1	1	undefined	Move	1	psn	magoberry	1	1	1	1	0	suppress:0	undefined	undefined	2048	2048	2048	-1	2
swordofruin	onStart	223	1	0	0	Fire	1	0	0	20	20	1	0	greninjaash	0	0	0	1	0	6	0	0	100	100	0	0	false	Ability	0	brn	leftovers	2	-1	1	1	0	suppress:0|log:-ability:0:Sword of Ruin:undefined	undefined	true	0	0	0	6	0
swordofruin	onStart	224	-1	6	0	Ghost	1	0	1	20	20	1	2048	greninjabond	0	1	0	1	0	0	0	0	100	160	1	1	true	Ability	0	brn	figyberry	0	-1	0	0	1	suppress:0|log:-ability:0:Sword of Ruin:undefined	undefined	true	2048	2048	2048	0	0
swordofruin	onStart	225	1	6	60	Normal	0	1	0	10	100	0	24576	greninjabond	0	0	1	1	1	6	1	0	0	100	0	0	0	Ability	0	psn	iapapaberry	0	0	99	1	1	suppress:0	undefined	false	24576	24576	24576	6	2
swordofruin	onStart	226	1	1	0	Water	0	1	1	0	-1	-1	16384	greninjabond	0	1	1	1	1	0	0	1	60	0	1	0	0	missing	1	psn	iapapaberry	0	-1	-1	0	0	suppress:0	undefined	undefined	16384	16384	16384	0	2
swordofruin	onStart	227	-1	0	61	Fire	1	1	0	20	0	0	24576	greninjaash	1	0	1	1	1	-1	0	0	60	0	0	1	0	missing	1	psn	leftovers	2	0	1	0	1	suppress:0	undefined	false	24576	24576	24576	-1	2
swordofruin	onStart	228	0	1	40	Bug	1	0	1	20	20	1	8	greninjabond	1	1	0	0	1	-1	0	2	0	160	1	1	true	Move	1	brn	figyberry	1	1	-1	1	1	suppress:0|log:-ability:0:Sword of Ruin:undefined	undefined	true	8	8	8	-1	0
swordofruin	onStart	229	1	6	40	Ghost	1	1	0	20	100	1	2048	pikachu	1	1	1	1	0	-1	1	0	100	160	1	0	null	Ability	1	brn	aguavberry	2	-1	99	1	1	suppress:0	undefined	true	2048	2048	2048	-1	2
swordofruin	onStart	230	-1	6	0	Bug	1	0	0	10	100	-1	8	greninjaash	0	1	1	1	1	-1	0	0	60	160	1	1	undefined	Move	0	brn	leftovers	1	1	-1	0	1	suppress:0	undefined	undefined	8	8	8	-1	0
swordofruin	onStart	231	1	6	40	Normal	1	0	1	0	-1	0	0	greninjaash	1	0	0	1	1	1	0	1	60	100	1	1	undefined	Move	0	brn	sitrusberry	2	0	99	0	1	suppress:0|log:-ability:0:Sword of Ruin:undefined	undefined	false	0	0	0	1	0
swordofruin	onStart	232	-1	0	70	Dark	0	0	0	100	0	1	0	greninjaash	1	1	0	0	0	6	0	0	60	100	0	0	undefined	missing	1	brn	figyberry	1	1	-1	1	1	suppress:0|log:-ability:0:Sword of Ruin:undefined	undefined	true	0	0	0	6	0
swordofruin	onStart	233	0	1	70	Bug	0	0	1	0	-1	0	16384	pikachu	1	1	1	0	1	6	0	2	100	160	0	0	undefined	Move	1	psn	sitrusberry	2	0	0	1	1	suppress:0	undefined	false	16384	16384	16384	6	0
swordofruin	onStart	234	0	6	70	Fire	0	0	0	20	100	1	24576	greninjabond	0	0	0	1	0	-1	0	0	60	100	1	0	null	missing	0	brn	figyberry	1	0	-1	1	1	suppress:0|log:-ability:0:Sword of Ruin:undefined	undefined	true	24576	24576	24576	-1	0
swordofruin	onStart	235	6	6	60	Fire	1	1	1	100	0	0	8192	greninjaash	1	0	1	1	0	0	1	0	60	160	1	1	true	Move	0	psn	wikiberry	2	1	0	0	0	suppress:0	undefined	false	8192	8192	8192	0	2
swordofruin	onStart	236	6	6	60	Bug	0	1	0	10	20	1	8	greninjaash	0	1	1	1	1	6	0	1	100	160	1	0	false	Ability	1	brn	leftovers	0	-1	0	1	1	suppress:0	undefined	true	8	8	8	6	2
swordofruin	onStart	237	-1	6	60	Ghost	0	0	0	0	20	0	24576	pikachu	1	0	1	0	1	6	0	0	60	0	1	1	null	Ability	1	psn	wikiberry	2	0	99	1	1	suppress:0	undefined	false	24576	24576	24576	6	0
swordofruin	onStart	238	0	1	70	Dark	0	0	0	10	20	-1	0	pikachu	1	1	1	1	0	0	0	1	100	0	1	1	0	Move	1	psn	iapapaberry	0	-1	1	0	1	suppress:0	undefined	undefined	0	0	0	0	0
swordofruin	onStart	239	6	6	60	Water	0	0	0	100	100	1	16384	pikachu	1	0	1	0	0	0	0	1	60	100	0	1	false	Move	0	psn	leftovers	0	-1	99	0	0	suppress:0	undefined	true	16384	16384	16384	0	0
swordofruin	onStart	240	-1	1	61	Ghost	0	1	1	0	20	-1	8	pikachu	0	0	1	1	1	0	1	2	60	0	0	1	true	Ability	1	brn	wikiberry	1	1	99	1	0	suppress:0	undefined	undefined	8	8	8	0	2
swordofruin	onStart	241	0	6	60	Fire	1	1	1	0	100	1	8	greninjabond	1	0	1	0	1	6	1	1	0	0	0	1	0	missing	1	brn	iapapaberry	2	0	1	0	1	suppress:0	undefined	true	8	8	8	6	2
swordofruin	onStart	242	-1	6	0	Bug	0	0	0	0	0	1	0	greninjabond	0	0	0	1	1	6	1	2	0	100	1	0	undefined	Move	0	psn	sitrusberry	2	1	-1	1	1	suppress:0|log:-ability:0:Sword of Ruin:undefined	undefined	true	0	0	0	6	0
swordofruin	onStart	243	1	1	0	Water	1	1	0	100	-1	-1	2048	greninjaash	0	0	0	0	0	1	1	0	0	100	0	0	true	Ability	0	psn	aguavberry	2	-1	99	1	1	suppress:0|log:-ability:0:Sword of Ruin:undefined	undefined	undefined	2048	2048	2048	1	2
swordofruin	onStart	244	0	0	61	Bug	0	0	0	0	20	-1	24576	greninjabond	1	0	0	0	1	6	0	1	0	0	0	1	undefined	Ability	0	brn	wikiberry	2	-1	1	1	0	suppress:0|log:-ability:0:Sword of Ruin:undefined	undefined	undefined	24576	24576	24576	6	0
swordofruin	onStart	245	0	1	40	Bug	1	1	0	10	20	-1	8	greninjabond	0	1	1	0	1	0	1	2	100	160	0	1	0	Move	0	brn	magoberry	1	1	99	1	1	suppress:0	undefined	undefined	8	8	8	0	2
swordofruin	onStart	246	1	1	60	Dark	0	1	0	10	-1	0	8192	pikachu	1	0	0	1	0	0	1	1	100	0	0	1	true	missing	1	brn	iapapaberry	0	-1	-1	1	0	suppress:0|log:-ability:0:Sword of Ruin:undefined	undefined	false	8192	8192	8192	0	2
swordofruin	onStart	247	-1	1	60	Ghost	0	0	1	10	20	0	2048	greninjaash	1	0	0	0	0	-1	0	0	100	100	0	0	undefined	Move	0	psn	aguavberry	0	0	-1	1	1	suppress:0|log:-ability:0:Sword of Ruin:undefined	undefined	false	2048	2048	2048	-1	0
swordofruin	onStart	248	0	6	0	Fire	1	1	1	10	-1	1	8	greninjaash	1	1	0	0	1	1	1	0	100	100	1	0	undefined	missing	1	brn	magoberry	2	1	1	1	0	suppress:0|log:-ability:0:Sword of Ruin:undefined	undefined	true	8	8	8	1	2
swordofruin	onStart	249	0	6	0	Ghost	0	0	1	100	0	-1	8	greninjabond	0	1	1	1	0	6	0	1	0	0	0	1	false	Move	0	brn	aguavberry	2	0	-1	0	1	suppress:0	undefined	undefined	8	8	8	6	0
swordofruin	onStart	250	6	0	60	Bug	0	0	0	20	-1	-1	2048	greninjaash	0	1	0	1	1	0	0	0	60	160	1	0	0	Ability	1	brn	aguavberry	0	1	-1	0	0	suppress:0|log:-ability:0:Sword of Ruin:undefined	undefined	undefined	2048	2048	2048	0	0
swordofruin	onStart	251	-1	6	61	Bug	0	1	1	0	20	1	2048	greninjabond	0	0	1	0	1	6	1	1	60	160	0	1	false	Move	0	brn	figyberry	0	-1	1	0	0	suppress:0	undefined	true	2048	2048	2048	6	2
swordofruin	onStart	252	6	6	0	Water	1	0	1	100	20	1	0	greninjabond	0	0	0	1	1	1	1	2	100	160	1	0	true	Ability	0	psn	wikiberry	1	1	99	1	0	suppress:0|log:-ability:0:Sword of Ruin:undefined	undefined	true	0	0	0	1	0
swordofruin	onStart	253	6	1	61	Bug	0	0	1	100	20	-1	2048	greninjabond	1	0	0	0	1	6	0	2	100	0	0	0	0	Ability	1	brn	leftovers	0	1	1	0	1	suppress:0|log:-ability:0:Sword of Ruin:undefined	undefined	undefined	2048	2048	2048	6	0
swordofruin	onStart	254	-1	1	70	Normal	0	1	1	10	0	1	8192	pikachu	1	0	0	1	1	1	0	0	0	160	0	1	undefined	missing	0	psn	aguavberry	2	1	1	0	0	suppress:0|log:-ability:0:Sword of Ruin:undefined	undefined	true	8192	8192	8192	1	2
swordofruin	onStart	255	-1	0	40	Fire	0	0	1	0	-1	0	0	pikachu	0	0	1	1	1	6	1	1	60	100	1	0	false	missing	1	brn	wikiberry	2	0	0	0	0	suppress:0	undefined	false	0	0	0	6	0
swordofruin	onStart	256	0	6	70	Dark	0	0	0	20	100	-1	24576	greninjabond	0	1	0	1	1	-1	1	1	100	0	0	1	true	missing	0	brn	leftovers	0	1	0	1	1	suppress:0|log:-ability:0:Sword of Ruin:undefined	undefined	undefined	24576	24576	24576	-1	0
swordofruin	onStart	257	-1	6	61	Normal	0	1	1	100	20	-1	2048	greninjabond	1	0	1	1	0	6	1	2	100	0	0	1	undefined	Ability	1	psn	wikiberry	2	1	0	0	1	suppress:0	undefined	undefined	2048	2048	2048	6	2
swordofruin	onStart	258	6	0	61	Dark	1	1	0	0	20	0	8192	pikachu	1	1	1	1	0	-1	0	2	100	160	0	0	null	Ability	0	psn	wikiberry	2	0	-1	1	0	suppress:0	undefined	false	8192	8192	8192	-1	2
swordofruin	onStart	259	6	0	70	Dark	0	1	1	10	20	0	2048	pikachu	0	0	0	1	0	-1	1	2	0	100	1	1	true	Ability	0	brn	leftovers	1	-1	-1	0	1	suppress:0|log:-ability:0:Sword of Ruin:undefined	undefined	false	2048	2048	2048	-1	2
swordofruin	onStart	260	0	6	0	Fire	0	1	0	20	20	1	2048	greninjaash	0	1	1	0	1	1	1	0	60	100	0	1	0	missing	0	psn	wikiberry	1	0	-1	0	0	suppress:0	undefined	true	2048	2048	2048	1	2
swordofruin	onStart	261	0	1	70	Ghost	0	0	1	0	20	1	24576	pikachu	0	1	0	1	0	0	0	1	60	160	0	0	true	missing	0	psn	leftovers	2	0	1	0	1	suppress:0|log:-ability:0:Sword of Ruin:undefined	undefined	true	24576	24576	24576	0	0
swordofruin	onStart	262	0	6	70	Fire	0	0	1	10	100	1	16384	greninjaash	1	1	0	1	0	1	0	0	60	0	0	1	false	Move	1	brn	leftovers	0	1	-1	1	1	suppress:0|log:-ability:0:Sword of Ruin:undefined	undefined	true	16384	16384	16384	1	0
swordofruin	onStart	263	0	1	70	Ghost	1	0	0	20	100	1	8	greninjabond	0	0	0	0	0	1	1	0	0	160	0	1	null	Move	1	brn	figyberry	1	-1	0	0	1	suppress:0|log:-ability:0:Sword of Ruin:undefined	undefined	true	8	8	8	1	0
swordofruin	onStart	264	0	0	40	Ghost	1	0	1	100	-1	-1	0	pikachu	0	0	1	0	1	0	0	1	60	0	0	0	false	Move	0	brn	magoberry	0	1	-1	1	1	suppress:0	undefined	undefined	0	0	0	0	0
swordofruin	onStart	265	-1	6	0	Dark	1	1	1	100	0	0	24576	greninjaash	1	1	1	0	0	6	1	0	100	100	1	0	0	Ability	0	psn	wikiberry	1	0	99	1	1	suppress:0	undefined	false	24576	24576	24576	6	2
swordofruin	onStart	266	1	1	60	Water	1	1	1	20	100	1	2048	greninjabond	1	1	1	1	1	1	1	1	100	0	0	0	false	Move	0	brn	magoberry	1	-1	-1	0	1	suppress:0	undefined	true	2048	2048	2048	1	2
swordofruin	onStart	267	1	6	70	Fire	0	1	0	10	100	1	0	greninjaash	1	0	1	1	0	0	1	2	100	160	0	0	false	Move	0	psn	figyberry	0	1	99	1	0	suppress:0	undefined	true	0	0	0	0	2
swordofruin	onStart	268	6	0	61	Fire	1	1	1	10	100	0	0	greninjabond	1	0	0	1	0	1	1	2	0	160	0	1	false	Ability	0	psn	wikiberry	1	-1	0	0	1	suppress:0|log:-ability:0:Sword of Ruin:undefined	undefined	false	0	0	0	1	2
swordofruin	onStart	269	1	0	0	Fire	1	1	1	20	-1	0	0	pikachu	0	0	0	1	0	6	1	2	0	160	0	1	null	Ability	1	psn	magoberry	1	1	0	0	1	suppress:0|log:-ability:0:Sword of Ruin:undefined	undefined	false	0	0	0	6	2
swordofruin	onStart	270	1	0	61	Water	0	0	1	10	100	1	8	greninjabond	1	1	1	1	1	6	1	2	0	160	1	1	false	Ability	1	psn	figyberry	0	0	1	0	0	suppress:0	undefined	true	8	8	8	6	0
swordofruin	onStart	271	1	1	40	Bug	1	0	1	10	20	1	24576	greninjabond	0	0	1	0	0	0	1	2	100	100	1	1	null	Ability	1	psn	leftovers	2	1	1	1	0	suppress:0	undefined	true	24576	24576	24576	0	0
swordofruin	onStart	272	0	1	0	Dark	0	1	1	0	100	0	2048	pikachu	1	0	0	1	1	6	0	2	0	160	1	0	0	Move	0	brn	wikiberry	2	-1	99	1	0	suppress:0|log:-ability:0:Sword of Ruin:undefined	undefined	false	2048	2048	2048	6	2
swordofruin	onStart	273	-1	0	70	Ghost	0	0	0	20	20	0	2048	pikachu	0	0	0	0	1	6	0	2	60	0	1	0	true	missing	1	brn	aguavberry	0	0	0	1	1	suppress:0|log:-ability:0:Sword of Ruin:undefined	undefined	false	2048	2048	2048	6	0
swordofruin	onStart	274	0	0	61	Ghost	1	0	1	0	-1	1	16384	pikachu	1	0	1	1	0	0	0	2	60	100	0	0	0	Ability	1	psn	wikiberry	2	1	-1	1	1	suppress:0	undefined	true	16384	16384	16384	0	0
swordofruin	onStart	275	-1	1	60	Water	1	0	1	20	0	-1	2048	pikachu	1	1	1	0	1	1	1	1	0	160	1	0	undefined	Move	1	psn	wikiberry	2	1	1	0	1	suppress:0	undefined	undefined	2048	2048	2048	1	0
swordofruin	onStart	276	1	6	70	Dark	0	0	1	10	100	1	2048	greninjabond	0	0	1	0	0	0	0	2	100	0	1	0	null	missing	1	psn	magoberry	2	0	1	0	1	suppress:0	undefined	true	2048	2048	2048	0	0
swordofruin	onStart	277	-1	0	0	Bug	0	0	1	100	-1	1	8	greninjabond	1	1	0	0	0	0	0	0	60	160	0	1	null	Ability	1	brn	magoberry	2	0	0	1	1	suppress:0|log:-ability:0:Sword of Ruin:undefined	undefined	true	8	8	8	0	0
swordofruin	onStart	278	6	0	0	Fire	1	0	0	10	20	-1	8192	greninjabond	0	0	1	1	0	-1	0	1	100	0	1	1	null	Move	0	brn	wikiberry	0	-1	-1	1	0	suppress:0	undefined	undefined	8192	8192	8192	-1	0
swordofruin	onStart	279	1	1	60	Bug	1	0	0	100	-1	1	8192	greninjaash	1	0	1	1	1	-1	1	2	60	0	0	0	null	Move	1	psn	aguavberry	2	1	1	0	1	suppress:0	undefined	true	8192	8192	8192	-1	0
swordofruin	onStart	280	0	1	60	Dark	1	0	0	20	-1	-1	16384	greninjaash	0	1	0	0	1	-1	0	0	100	100	0	1	false	Ability	0	brn	leftovers	2	0	1	0	0	suppress:0|log:-ability:0:Sword of Ruin:undefined	undefined	undefined	16384	16384	16384	-1	0
swordofruin	onStart	281	6	1	60	Normal	0	1	0	20	100	0	8192	pikachu	1	1	0	0	1	6	1	0	100	0	1	1	undefined	Move	1	psn	leftovers	1	-1	1	1	1	suppress:0|log:-ability:0:Sword of Ruin:undefined	undefined	false	8192	8192	8192	6	2
swordofruin	onStart	282	-1	0	61	Bug	1	0	1	20	20	0	8	greninjaash	1	0	0	1	1	6	0	0	100	0	1	1	undefined	missing	0	brn	leftovers	2	-1	0	1	0	suppress:0|log:-ability:0:Sword of Ruin:undefined	undefined	false	8	8	8	6	0
swordofruin	onStart	283	6	1	70	Water	1	0	0	20	-1	0	24576	greninjaash	1	1	0	1	0	6	0	2	0	100	0	1	false	Ability	1	brn	figyberry	1	0	-1	1	0	suppress:0|log:-ability:0:Sword of Ruin:undefined	undefined	false	24576	24576	24576	6	0
swordofruin	onStart	284	-1	0	60	Ghost	0	0	0	0	100	1	8	pikachu	1	1	1	1	0	0	0	0	100	0	0	1	false	missing	1	psn	iapapaberry	2	1	99	0	0	suppress:0	undefined	true	8	8	8	0	0
swordofruin	onStart	285	1	6	40	Normal	0	1	1	10	-1	-1	8	greninjabond	0	0	0	0	1	6	1	1	0	160	1	1	true	Move	0	brn	sitrusberry	0	1	-1	1	1	suppress:0|log:-ability:0:Sword of Ruin:undefined	undefined	undefined	8	8	8	6	2
swordofruin	onStart	286	-1	1	40	Bug	1	1	0	10	-1	-1	16384	greninjabond	0	0	1	1	1	-1	0	2	100	100	1	1	null	Ability	1	psn	sitrusberry	1	1	1	1	1	suppress:0	undefined	undefined	16384	16384	16384	-1	2
swordofruin	onStart	287	6	0	40	Fire	0	0	1	20	100	0	24576	greninjabond	1	0	0	1	0	6	1	1	100	100	1	1	0	Ability	1	psn	leftovers	0	1	99	0	0	suppress:0|log:-ability:0:Sword of Ruin:undefined	undefined	false	24576	24576	24576	6	0
swordofruin	onStart	288	0	0	61	Ghost	1	0	1	100	0	-1	2048	greninjabond	1	1	1	1	0	1	1	2	60	160	0	0	undefined	Move	1	brn	wikiberry	1	-1	0	0	0	suppress:0	undefined	undefined	2048	2048	2048	1	0
swordofruin	onStart	289	6	6	60	Water	1	0	0	10	-1	1	8	greninjabond	1	0	0	1	1	6	0	2	100	0	1	1	true	missing	0	psn	sitrusberry	1	0	-1	0	1	suppress:0|log:-ability:0:Sword of Ruin:undefined	undefined	true	8	8	8	6	0
swordofruin	onStart	290	6	1	40	Ghost	1	1	0	10	100	1	16384	greninjaash	1	1	0	0	1	1	1	1	0	160	1	1	null	Ability	1	psn	aguavberry	2	-1	0	0	1	suppress:0|log:-ability:0:Sword of Ruin:undefined	undefined	true	16384	16384	16384	1	2
swordofruin	onStart	291	1	6	40	Normal	1	0	1	100	-1	-1	8	greninjabond	1	1	1	1	1	-1	0	2	100	160	0	1	false	Ability	1	brn	leftovers	0	1	99	1	1	suppress:0	undefined	undefined	8	8	8	-1	0
swordofruin	onStart	292	1	1	0	Ghost	1	1	1	100	100	-1	8	greninjabond	0	1	0	0	0	-1	0	2	0	160	0	0	true	Move	1	psn	leftovers	1	0	-1	0	0	suppress:0|log:-ability:0:Sword of Ruin:undefined	undefined	undefined	8	8	8	-1	2
swordofruin	onStart	293	6	6	61	Fire	1	0	0	100	0	-1	2048	greninjaash	0	1	1	1	1	0	0	0	0	0	1	0	null	Ability	1	psn	aguavberry	1	0	-1	1	1	suppress:0	undefined	undefined	2048	2048	2048	0	0
swordofruin	onStart	294	0	0	0	Dark	1	1	0	10	0	0	24576	pikachu	0	1	0	1	1	0	1	2	60	100	0	1	0	missing	1	brn	figyberry	1	-1	-1	0	1	suppress:0|log:-ability:0:Sword of Ruin:undefined	undefined	false	24576	24576	24576	0	2
swordofruin	onStart	295	-1	6	70	Fire	0	0	0	10	20	1	8	pikachu	1	0	1	0	0	1	1	2	100	0	1	1	true	missing	0	brn	figyberry	0	1	99	1	1	suppress:0	undefined	true	8	8	8	1	0
swordofruin	onStart	296	1	1	40	Fire	0	1	1	0	20	-1	8192	greninjaash	0	0	0	0	0	-1	1	1	100	0	1	1	false	missing	1	brn	magoberry	0	0	-1	0	1	suppress:0|log:-ability:0:Sword of Ruin:undefined	undefined	undefined	8192	8192	8192	-1	2
swordofruin	onStart	297	6	0	0	Fire	0	1	0	10	100	0	16384	greninjabond	0	1	0	1	0	6	1	0	100	100	1	0	null	missing	1	brn	magoberry	0	1	0	0	0	suppress:0|log:-ability:0:Sword of Ruin:undefined	undefined	false	16384	16384	16384	6	2
swordofruin	onStart	298	6	6	70	Bug	1	1	0	100	0	-1	24576	greninjaash	0	1	0	0	0	0	0	1	100	160	1	1	undefined	missing	1	psn	iapapaberry	1	-1	0	1	1	suppress:0|log:-ability:0:Sword of Ruin:undefined	undefined	undefined	24576	24576	24576	0	2
swordofruin	onStart	299	0	1	60	Dark	0	0	1	100	20	1	24576	pikachu	0	1	0	0	1	0	0	0	0	100	1	0	false	Move	1	psn	aguavberry	0	0	0	0	0	suppress:0|log:-ability:0:Sword of Ruin:undefined	undefined	true	24576	24576	24576	0	0
swordofruin	onStart	300	-1	6	61	Dark	0	1	1	20	100	1	8	pikachu	0	0	1	1	0	-1	1	1	60	160	1	1	true	Ability	0	psn	wikiberry	2	-1	0	1	1	suppress:0	undefined	true	8	8	8	-1	2
swordofruin	onStart	301	0	1	60	Water	0	1	0	0	0	0	24576	greninjabond	1	0	1	1	1	6	1	2	60	0	1	0	true	Move	0	psn	iapapaberry	2	0	99	0	1	suppress:0	undefined	false	24576	24576	24576	6	2
swordofruin	onStart	302	6	0	70	Bug	1	0	1	10	100	0	8192	greninjaash	0	1	0	1	0	0	0	0	0	0	0	1	undefined	Ability	0	brn	leftovers	2	0	1	1	0	suppress:0|log:-ability:0:Sword of Ruin:undefined	undefined	false	8192	8192	8192	0	0
swordofruin	onStart	303	-1	1	61	Bug	0	0	0	100	-1	-1	2048	greninjaash	1	0	0	0	1	0	0	2	60	0	0	0	true	Move	0	brn	wikiberry	1	0	-1	0	0	suppress:0|log:-ability:0:Sword of Ruin:undefined	undefined	undefined	2048	2048	2048	0	0
swordofruin	onStart	304	1	1	61	Fire	1	1	0	10	0	0	8192	greninjabond	0	1	0	1	0	0	1	2	0	100	0	0	false	Move	1	brn	aguavberry	1	-1	99	0	1	suppress:0|log:-ability:0:Sword of Ruin:undefined	undefined	false	8192	8192	8192	0	2
swordofruin	onStart	305	1	1	40	Ghost	0	0	0	0	0	1	24576	pikachu	1	0	0	0	0	-1	1	2	0	100	1	0	true	missing	0	brn	wikiberry	0	0	99	0	0	suppress:0|log:-ability:0:Sword of Ruin:undefined	undefined	true	24576	24576	24576	-1	0
swordofruin	onStart	306	1	1	40	Fire	0	1	0	10	-1	-1	24576	pikachu	0	0	0	0	1	6	1	2	60	160	0	1	true	missing	0	brn	iapapaberry	2	0	0	0	0	suppress:0|log:-ability:0:Sword of Ruin:undefined	undefined	undefined	24576	24576	24576	6	2
swordofruin	onStart	307	6	1	0	Dark	0	0	0	0	100	0	8192	pikachu	0	1	1	0	0	1	0	2	60	100	0	0	true	Ability	1	psn	figyberry	0	-1	-1	1	1	suppress:0	undefined	false	8192	8192	8192	1	0
swordofruin	onStart	308	1	0	60	Dark	1	0	0	10	0	0	0	greninjabond	1	0	1	0	1	6	1	0	60	0	0	0	true	Ability	0	psn	iapapaberry	1	-1	1	1	1	suppress:0	undefined	false	0	0	0	6	0
swordofruin	onStart	309	6	6	61	Water	0	0	0	20	0	0	0	greninjabond	0	1	1	0	0	0	1	0	100	0	1	1	true	missing	1	brn	figyberry	1	-1	99	0	1	suppress:0	undefined	false	0	0	0	0	0
swordofruin	onStart	310	-1	6	61	Dark	1	0	1	10	20	0	0	pikachu	0	1	0	1	1	1	0	0	0	100	0	1	null	Move	1	psn	sitrusberry	2	0	-1	0	0	suppress:0|log:-ability:0:Sword of Ruin:undefined	undefined	false	0	0	0	1	0
swordofruin	onStart	311	0	6	70	Water	1	0	1	20	100	1	2048	pikachu	0	0	1	1	0	-1	0	2	100	0	1	0	true	Move	0	psn	sitrusberry	2	0	0	0	1	suppress:0	undefined	true	2048	2048	2048	-1	0
swordofruin	onStart	312	1	1	61	Dark	0	0	1	20	20	0	24576	pikachu	1	1	1	0	0	6	0	0	60	100	0	1	null	Move	0	psn	leftovers	2	1	1	0	0	suppress:0	undefined	false	24576	24576	24576	6	0
swordofruin	onStart	313	1	6	0	Normal	1	1	0	0	20	0	2048	greninjaash	0	1	1	0	0	-1	0	0	0	100	0	0	0	Move	1	psn	aguavberry	2	0	-1	0	0	suppress:0	undefined	false	2048	2048	2048	-1	2
swordofruin	onStart	314	0	1	40	Water	0	0	1	100	100	-1	0	greninjabond	0	0	1	0	0	1	1	1	0	160	0	1	null	missing	1	psn	sitrusberry	0	0	0	1	0	suppress:0	undefined	undefined	0	0	0	1	0
swordofruin	onStart	315	1	6	61	Bug	0	0	1	0	100	-1	8	greninjaash	0	1	1	1	1	6	0	2	0	160	1	1	undefined	missing	0	psn	sitrusberry	0	0	1	1	0	suppress:0	undefined	undefined	8	8	8	6	0
swordofruin	onStart	316	0	6	60	Fire	0	1	1	0	0	-1	0	greninjabond	0	1	0	1	1	6	1	0	60	100	0	1	true	Ability	0	psn	aguavberry	0	0	99	1	0	suppress:0|log:-ability:0:Sword of Ruin:undefined	undefined	undefined	0	0	0	6	2
swordofruin	onStart	317	-1	0	0	Ghost	1	1	0	100	100	1	8	greninjaash	0	0	1	0	0	6	0	1	100	160	1	1	false	Move	0	psn	magoberry	2	0	99	0	1	suppress:0	undefined	true	8	8	8	6	2
swordofruin	onStart	318	0	6	60	Normal	1	1	1	10	20	-1	8192	greninjabond	1	0	0	1	0	1	1	0	0	0	1	1	undefined	missing	1	brn	magoberry	2	0	1	1	1	suppress:0|log:-ability:0:Sword of Ruin:undefined	undefined	undefined	8192	8192	8192	1	2
swordofruin	onStart	319	1	1	0	Normal	1	0	0	0	20	1	2048	pikachu	0	0	1	0	0	6	0	2	60	0	0	1	0	Move	0	psn	figyberry	0	0	0	1	0	suppress:0	undefined	true	2048	2048	2048	6	0
swordofruin	onStart	320	1	1	70	Ghost	1	0	1	100	0	0	0	greninjaash	0	0	0	1	0	-1	0	0	100	100	1	0	true	Move	0	psn	figyberry	1	-1	0	1	0	suppress:0|log:-ability:0:Sword of Ruin:undefined	undefined	false	0	0	0	-1	0
swordofruin	onStart	321	1	0	60	Ghost	0	0	1	0	0	0	24576	greninjaash	0	1	1	1	0	-1	1	1	0	0	0	1	true	missing	1	psn	magoberry	2	0	1	1	0	suppress:0	undefined	false	24576	24576	24576	-1	0
swordofruin	onStart	322	-1	1	60	Dark	0	0	1	10	0	-1	8	greninjaash	0	1	1	0	1	-1	0	0	60	0	0	1	undefined	Move	1	brn	sitrusberry	1	1	0	1	1	suppress:0	undefined	undefined	8	8	8	-1	0
swordofruin	onStart	323	0	0	0	Water	1	0	0	10	0	1	16384	pikachu	1	1	0	1	1	-1	1	0	60	160	0	0	0	Ability	0	brn	aguavberry	2	-1	0	0	1	suppress:0|log:-ability:0:Sword of Ruin:undefined	undefined	true	16384	16384	16384	-1	0
swordofruin	onStart	324	6	6	61	Dark	1	1	1	100	0	-1	16384	greninjabond	1	1	1	0	1	1	0	1	100	160	1	0	undefined	Move	1	psn	wikiberry	1	-1	-1	1	0	suppress:0	undefined	undefined	16384	16384	16384	1	2
swordofruin	onStart	325	1	0	40	Dark	0	0	0	10	100	1	2048	pikachu	1	0	1	0	0	0	1	0	60	100	1	0	undefined	Ability	0	psn	leftovers	1	0	1	0	1	suppress:0	undefined	true	2048	2048	2048	0	0
swordofruin	onStart	326	1	0	70	Dark	0	1	0	10	-1	0	24576	pikachu	1	0	1	1	1	6	0	0	100	0	1	1	true	Ability	0	psn	sitrusberry	1	1	-1	1	0	suppress:0	undefined	false	24576	24576	24576	6	2
swordofruin	onStart	327	1	6	0	Fire	1	0	1	100	-1	0	16384	greninjaash	0	0	0	0	1	1	0	1	100	100	1	1	undefined	missing	0	brn	figyberry	0	1	1	0	1	suppress:0|log:-ability:0:Sword of Ruin:undefined	undefined	false	16384	16384	16384	1	0
swordofruin	onStart	328	1	0	70	Bug	1	1	0	0	20	0	16384	greninjaash	1	0	1	0	1	1	0	1	100	160	0	1	null	Ability	0	psn	magoberry	1	1	0	1	1	suppress:0	undefined	false	16384	16384	16384	1	2
swordofruin	onStart	329	1	6	61	Dark	1	1	1	100	-1	0	8192	greninjabond	1	0	1	1	1	-1	0	2	0	100	0	1	false	missing	0	brn	magoberry	2	1	99	1	0	suppress:0	undefined	false	8192	8192	8192	-1	2
swordofruin	onStart	330	6	1	70	Water	0	1	1	100	-1	-1	8192	greninjabond	0	1	1	0	1	6	1	1	0	0	1	1	undefined	Ability	0	psn	aguavberry	0	1	0	0	1	suppress:0	undefined	undefined	8192	8192	8192	6	2
swordofruin	onStart	331	6	1	61	Fire	1	0	1	20	-1	1	2048	greninjabond	1	1	1	0	0	0	1	2	100	0	1	0	null	missing	0	brn	iapapaberry	0	0	99	1	0	suppress:0	undefined	true	2048	2048	2048	0	0
swordofruin	onStart	332	0	1	70	Ghost	1	0	0	20	0	0	8192	greninjabond	0	0	1	1	1	1	0	1	0	0	0	1	false	Move	1	psn	aguavberry	0	-1	1	1	0	suppress:0	undefined	false	8192	8192	8192	1	0
swordofruin	onStart	333	-1	1	0	Bug	0	1	0	20	100	-1	2048	greninjabond	0	1	0	1	0	6	0	0	0	0	0	0	true	missing	1	brn	leftovers	0	0	1	1	1	suppress:0|log:-ability:0:Sword of Ruin:undefined	undefined	undefined	2048	2048	2048	6	2
swordofruin	onStart	334	6	0	61	Water	0	1	0	10	0	-1	16384	greninjaash	1	1	1	1	1	-1	0	0	0	100	1	1	null	missing	1	brn	wikiberry	0	1	1	0	0	suppress:0	undefined	undefined	16384	16384	16384	-1	2
swordofruin	onStart	335	6	6	0	Dark	0	0	0	10	100	0	2048	greninjaash	1	1	1	1	0	0	0	2	100	100	1	0	true	Move	0	brn	figyberry	1	0	1	1	0	suppress:0	undefined	false	2048	2048	2048	0	0
swordofruin	onStart	336	6	6	61	Water	0	0	1	10	-1	1	0	greninjaash	0	1	1	0	1	6	0	0	0	160	1	0	null	Ability	1	psn	sitrusberry	2	-1	-1	1	1	suppress:0	undefined	true	0	0	0	6	0
swordofruin	onStart	337	0	1	40	Normal	1	0	1	100	100	-1	2048	greninjaash	0	1	1	0	1	-1	1	0	60	100	0	0	false	missing	1	brn	figyberry	1	1	0	1	0	suppress:0	undefined	undefined	2048	2048	2048	-1	0
swordofruin	onStart	338	6	1	0	Ghost	0	1	0	10	20	0	0	pikachu	1	1	0	0	0	0	1	1	0	100	1	1	undefined	Move	1	brn	leftovers	2	1	0	1	0	suppress:0|log:-ability:0:Sword of Ruin:undefined	undefined	false	0	0	0	0	2
swordofruin	onStart	339	1	1	61	Dark	1	0	0	20	-1	1	0	pikachu	1	1	0	0	1	1	1	1	60	100	1	1	undefined	Move	0	psn	figyberry	1	0	1	1	1	suppress:0|log:-ability:0:Sword of Ruin:undefined	undefined	true	0	0	0	1	0
swordofruin	onStart	340	6	6	60	Ghost	0	0	1	10	0	1	24576	greninjaash	1	1	0	1	1	1	0	1	100	0	0	0	false	missing	1	psn	magoberry	2	0	99	0	1	suppress:0|log:-ability:0:Sword of Ruin:undefined	undefined	true	24576	24576	24576	1	0
swordofruin	onStart	341	1	6	60	Normal	1	0	1	0	20	-1	8	greninjabond	0	0	0	1	1	0	1	1	100	100	0	0	undefined	Move	0	brn	leftovers	2	0	0	1	1	suppress:0|log:-ability:0:Sword of Ruin:undefined	undefined	undefined	8	8	8	0	0
swordofruin	onStart	342	0	0	60	Fire	0	0	0	10	100	-1	8	greninjabond	1	1	1	1	0	-1	1	0	60	0	0	1	null	missing	1	psn	magoberry	1	1	0	1	1	suppress:0	undefined	undefined	8	8	8	-1	0
swordofruin	onStart	343	-1	1	70	Bug	0	1	0	0	20	1	2048	greninjaash	1	1	0	1	1	-1	1	1	0	100	0	1	true	missing	1	brn	aguavberry	0	1	99	1	0	suppress:0|log:-ability:0:Sword of Ruin:undefined	undefined	true	2048	2048	2048	-1	2
swordofruin	onStart	344	6	1	70	Bug	1	0	0	20	100	-1	8	pikachu	0	1	0	1	1	0	1	0	100	0	1	1	null	Move	1	psn	aguavberry	1	0	99	1	0	suppress:0|log:-ability:0:Sword of Ruin:undefined	undefined	undefined	8	8	8	0	0
swordofruin	onStart	345	0	1	60	Bug	0	1	1	20	-1	0	8192	greninjaash	0	0	1	0	1	-1	1	2	0	0	0	0	null	missing	0	psn	sitrusberry	0	1	99	0	0	suppress:0	undefined	false	8192	8192	8192	-1	2
swordofruin	onStart	346	1	0	70	Bug	1	0	0	100	100	1	8	greninjaash	1	0	0	0	1	-1	0	0	60	160	1	1	null	Ability	1	psn	leftovers	1	-1	0	0	0	suppress:0|log:-ability:0:Sword of Ruin:undefined	undefined	true	8	8	8	-1	0
swordofruin	onStart	347	0	0	70	Bug	0	0	0	100	20	0	0	greninjaash	0	1	1	1	1	6	1	0	0	100	0	1	false	missing	0	psn	iapapaberry	1	-1	0	0	1	suppress:0	undefined	false	0	0	0	6	0
swordofruin	onStart	348	0	1	0	Dark	1	1	1	0	0	1	8	greninjabond	1	1	1	0	0	0	0	1	100	160	1	1	0	missing	0	psn	magoberry	0	1	-1	0	1	suppress:0	undefined	true	8	8	8	0	2
swordofruin	onStart	349	6	6	40	Ghost	0	1	1	20	20	0	2048	greninjaash	1	1	0	0	1	6	1	1	0	160	0	1	false	Move	1	psn	figyberry	2	1	0	1	1	suppress:0|log:-ability:0:Sword of Ruin:undefined	undefined	false	2048	2048	2048	6	2
swordofruin	onStart	350	1	6	61	Normal	0	0	1	10	20	0	8192	greninjaash	1	0	0	0	1	0	0	0	60	160	0	0	undefined	Ability	0	brn	leftovers	0	1	99	0	1	suppress:0|log:-ability:0:Sword of Ruin:undefined	undefined	false	8192	8192	8192	0	0
swordofruin	onStart	351	0	0	70	Water	0	1	1	100	-1	1	8	pikachu	1	1	1	0	1	-1	1	1	100	0	1	1	false	missing	1	psn	leftovers	0	1	99	0	1	suppress:0	undefined	true	8	8	8	-1	2
swordofruin	onStart	352	6	1	40	Normal	0	1	0	100	-1	1	8	greninjaash	1	0	1	0	1	1	1	2	0	160	0	0	true	Ability	1	psn	iapapaberry	1	1	1	1	0	suppress:0	undefined	true	8	8	8	1	2
swordofruin	onStart	353	0	1	61	Ghost	1	0	1	20	20	0	16384	greninjabond	1	1	0	0	0	-1	0	1	60	160	1	1	0	Ability	1	brn	iapapaberry	0	-1	-1	0	0	suppress:0|log:-ability:0:Sword of Ruin:undefined	undefined	false	16384	16384	16384	-1	0
swordofruin	onStart	354	0	0	0	Ghost	1	0	0	10	0	0	8	pikachu	1	0	0	0	0	1	1	1	0	160	0	1	0	Move	0	brn	aguavberry	2	1	0	1	1	suppress:0|log:-ability:0:Sword of Ruin:undefined	undefined	false	8	8	8	1	0
swordofruin	onStart	355	6	6	40	Normal	0	0	1	100	100	1	16384	greninjaash	0	1	0	0	0	0	1	1	100	160	1	0	true	missing	0	brn	leftovers	1	-1	99	1	0	suppress:0|log:-ability:0:Sword of Ruin:undefined	undefined	true	16384	16384	16384	0	0
swordofruin	onStart	356	-1	6	60	Ghost	0	1	0	100	-1	1	16384	greninjaash	0	0	1	1	0	0	1	2	100	100	0	0	false	Move	0	psn	leftovers	1	1	0	0	0	suppress:0	undefined	true	16384	16384	16384	0	2
swordofruin	onStart	357	0	1	0	Water	0	0	1	100	20	1	8192	greninjaash	0	0	0	0	1	0	0	2	0	160	0	1	0	missing	0	psn	aguavberry	2	0	-1	0	0	suppress:0|log:-ability:0:Sword of Ruin:undefined	undefined	true	8192	8192	8192	0	0
swordofruin	onStart	358	6	6	70	Ghost	0	1	1	20	20	-1	0	pikachu	1	0	0	0	0	0	1	0	100	160	0	0	undefined	Ability	1	psn	aguavberry	1	0	0	1	0	suppress:0|log:-ability:0:Sword of Ruin:undefined	undefined	undefined	0	0	0	0	2
swordofruin	onStart	359	0	6	70	Dark	0	1	0	10	0	0	8192	pikachu	0	1	1	0	0	6	1	1	60	100	0	0	undefined	Ability	1	psn	leftovers	2	0	-1	1	0	suppress:0	undefined	false	8192	8192	8192	6	2
swordofruin	onStart	360	6	1	0	Normal	1	1	1	0	100	0	24576	pikachu	0	0	1	1	1	-1	1	2	0	0	1	1	undefined	Move	0	psn	figyberry	2	-1	0	0	0	suppress:0	undefined	false	24576	24576	24576	-1	2
swordofruin	onStart	361	-1	0	60	Fire	1	1	0	10	0	1	8	greninjabond	0	0	0	1	0	-1	1	1	0	0	1	1	undefined	missing	0	brn	figyberry	0	1	1	0	0	suppress:0|log:-ability:0:Sword of Ruin:undefined	undefined	true	8	8	8	-1	2
swordofruin	onStart	362	-1	0	61	Water	1	1	1	100	20	1	0	greninjaash	1	1	1	0	1	0	1	2	0	160	0	1	undefined	missing	1	psn	magoberry	1	1	0	0	0	suppress:0	undefined	true	0	0	0	0	2
swordofruin	onStart	363	1	0	60	Bug	0	0	0	0	100	0	2048	pikachu	0	1	0	0	1	1	0	1	60	0	0	0	false	Move	1	brn	aguavberry	0	0	1	1	1	suppress:0|log:-ability:0:Sword of Ruin:undefined	undefined	false	2048	2048	2048	1	0
swordofruin	onStart	364	1	0	60	Ghost	1	0	1	20	-1	-1	2048	greninjaash	1	0	0	0	0	-1	1	0	100	160	0	1	undefined	missing	0	psn	leftovers	0	-1	1	0	0	suppress:0|log:-ability:0:Sword of Ruin:undefined	undefined	undefined	2048	2048	2048	-1	0
swordofruin	onStart	365	6	1	60	Bug	1	1	1	10	-1	1	2048	pikachu	0	1	0	1	0	-1	1	1	60	160	0	0	undefined	Move	0	brn	magoberry	1	0	-1	0	0	suppress:0|log:-ability:0:Sword of Ruin:undefined	undefined	true	2048	2048	2048	-1	2
swordofruin	onStart	366	-1	1	61	Water	1	1	1	20	-1	1	8192	greninjaash	0	0	0	0	1	1	1	1	0	160	0	0	false	missing	0	brn	figyberry	1	1	99	1	0	suppress:0|log:-ability:0:Sword of Ruin:undefined	undefined	true	8192	8192	8192	1	2
swordofruin	onStart	367	1	0	61	Dark	1	1	1	0	20	1	8	greninjabond	0	1	0	1	1	1	1	1	60	100	1	0	true	Move	1	brn	magoberry	1	-1	-1	1	1	suppress:0|log:-ability:0:Sword of Ruin:undefined	undefined	true	8	8	8	1	2
swordofruin	onStart	368	6	6	70	Normal	1	0	0	10	-1	1	16384	pikachu	1	1	0	0	0	1	0	1	100	160	1	0	undefined	missing	0	psn	aguavberry	2	1	-1	0	1	suppress:0|log:-ability:0:Sword of Ruin:undefined	undefined	true	16384	16384	16384	1	0
swordofruin	onStart	369	-1	1	60	Bug	0	0	0	10	20	-1	0	pikachu	0	1	0	1	0	-1	0	0	100	100	1	0	undefined	Ability	0	psn	sitrusberry	1	1	99	1	0	suppress:0|log:-ability:0:Sword of Ruin:undefined	undefined	undefined	0	0	0	-1	0
swordofruin	onStart	370	6	6	0	Fire	1	1	1	10	100	0	24576	greninjabond	1	1	1	0	0	-1	0	1	100	0	0	1	0	Move	1	brn	aguavberry	1	1	0	0	0	suppress:0	undefined	false	24576	24576	24576	-1	2
swordofruin	onStart	371	0	6	40	Ghost	0	0	1	0	0	-1	24576	greninjaash	1	1	1	1	1	6	0	0	100	100	1	1	undefined	Move	1	brn	magoberry	0	0	-1	0	0	suppress:0	undefined	undefined	24576	24576	24576	6	0
swordofruin	onStart	372	-1	1	61	Fire	1	1	1	10	-1	0	0	greninjaash	0	1	1	1	0	-1	1	1	100	0	1	0	false	missing	1	psn	leftovers	2	1	99	0	1	suppress:0	undefined	false	0	0	0	-1	2
swordofruin	onStart	373	-1	0	70	Ghost	0	0	1	20	-1	1	2048	pikachu	1	0	0	1	0	1	0	0	100	100	1	0	false	Move	1	psn	aguavberry	1	0	-1	0	0	suppress:0|log:-ability:0:Sword of Ruin:undefined	undefined	true	2048	2048	2048	1	0
swordofruin	onStart	374	0	1	0	Normal	1	0	1	20	0	1	0	greninjaash	0	1	1	0	1	1	0	1	0	160	1	0	true	missing	0	psn	wikiberry	2	1	0	0	1	suppress:0	undefined	true	0	0	0	1	0
swordofruin	onStart	375	6	6	61	Normal	1	1	0	20	-1	1	8192	greninjaash	0	1	1	1	1	0	1	1	0	160	1	1	undefined	Move	1	brn	wikiberry	0	0	0	0	0	suppress:0	undefined	true	8192	8192	8192	0	2
swordofruin	onStart	376	-1	1	60	Bug	0	0	0	20	0	0	0	greninjaash	0	0	1	1	0	6	0	1	0	160	0	1	0	missing	0	psn	iapapaberry	0	0	99	0	1	suppress:0	undefined	false	0	0	0	6	0
swordofruin	onStart	377	-1	0	40	Bug	1	1	0	0	100	-1	0	greninjabond	1	0	0	0	1	-1	1	2	60	160	1	0	true	Move	1	psn	iapapaberry	2	-1	0	1	0	suppress:0|log:-ability:0:Sword of Ruin:undefined	undefined	undefined	0	0	0	-1	2
swordofruin	onStart	378	1	6	60	Fire	1	1	1	100	0	-1	24576	greninjabond	1	0	1	0	0	1	1	0	0	0	0	1	null	missing	0	psn	iapapaberry	0	0	0	1	1	suppress:0	undefined	undefined	24576	24576	24576	1	2
swordofruin	onStart	379	6	1	60	Dark	1	0	0	10	-1	1	8192	pikachu	1	1	0	1	0	-1	0	0	100	160	1	0	0	Ability	1	psn	iapapaberry	0	1	99	1	1	suppress:0|log:-ability:0:Sword of Ruin:undefined	undefined	true	8192	8192	8192	-1	0
swordofruin	onStart	380	1	6	70	Dark	0	1	0	0	-1	-1	24576	pikachu	1	1	1	0	0	6	0	1	60	160	0	1	false	Ability	1	brn	wikiberry	2	0	-1	0	1	suppress:0	undefined	undefined	24576	24576	24576	6	2
swordofruin	onStart	381	1	0	61	Fire	1	1	0	0	-1	0	8	greninjabond	0	1	1	1	0	-1	1	0	0	0	1	1	0	Ability	0	psn	magoberry	1	-1	99	1	0	suppress:0	undefined	false	8	8	8	-1	2
swordofruin	onStart	382	6	0	61	Fire	1	0	0	20	100	0	2048	greninjabond	0	1	1	0	0	6	1	0	0	100	1	0	false	Ability	1	brn	iapapaberry	1	-1	99	1	1	suppress:0	undefined	false	2048	2048	2048	6	0
swordofruin	onStart	383	6	6	61	Normal	1	1	0	10	0	1	8	pikachu	1	1	0	0	0	-1	0	0	0	160	0	1	true	missing	0	psn	iapapaberry	2	1	1	1	1	suppress:0|log:-ability:0:Sword of Ruin:undefined	undefined	true	8	8	8	-1	2
swordofruin	onStart	384	-1	6	70	Water	1	1	1	100	20	-1	16384	greninjaash	1	0	1	0	0	0	0	2	100	100	1	0	true	Ability	1	psn	iapapaberry	2	1	1	0	0	suppress:0	undefined	undefined	16384	16384	16384	0	2
swordofruin	onStart	385	6	0	60	Fire	1	0	0	0	-1	-1	8	greninjabond	0	1	0	0	1	-1	0	1	60	160	1	0	null	Move	0	brn	iapapaberry	1	1	1	1	0	suppress:0|log:-ability:0:Sword of Ruin:undefined	undefined	undefined	8	8	8	-1	0
swordofruin	onStart	386	1	1	61	Normal	0	0	1	10	-1	0	2048	greninjabond	0	0	0	0	1	0	1	0	60	0	1	1	true	missing	1	brn	iapapaberry	1	0	0	0	1	suppress:0|log:-ability:0:Sword of Ruin:undefined	undefined	false	2048	2048	2048	0	0
swordofruin	onStart	387	1	1	70	Normal	1	0	0	20	-1	0	8192	greninjaash	1	1	1	0	1	0	0	1	60	0	0	0	0	Ability	1	psn	leftovers	0	0	0	1	0	suppress:0	undefined	false	8192	8192	8192	0	0
swordofruin	onStart	388	-1	1	61	Normal	1	0	1	100	-1	0	24576	pikachu	1	0	0	1	0	6	0	0	100	160	1	0	true	Ability	1	brn	wikiberry	0	1	0	1	1	suppress:0|log:-ability:0:Sword of Ruin:undefined	undefined	false	24576	24576	24576	6	0
swordofruin	onStart	389	-1	1	0	Normal	1	1	0	10	-1	0	2048	greninjaash	1	0	1	0	1	1	1	2	0	0	1	1	false	Ability	1	brn	aguavberry	1	-1	99	1	0	suppress:0	undefined	false	2048	2048	2048	1	2
swordofruin	onStart	390	-1	6	61	Normal	1	1	0	20	20	1	8	greninjabond	0	0	1	0	1	6	1	1	100	0	1	0	0	missing	0	psn	sitrusberry	2	-1	0	0	0	suppress:0	undefined	true	8	8	8	6	2
swordofruin	onStart	391	-1	1	61	Bug	0	1	1	100	20	-1	2048	greninjabond	1	1	1	1	1	6	0	1	0	160	1	0	true	Ability	0	psn	wikiberry	1	0	1	1	0	suppress:0	undefined	undefined	2048	2048	2048	6	2
swordofruin	onStart	392	-1	1	0	Normal	0	1	0	0	0	-1	24576	greninjaash	1	1	0	1	0	1	1	2	100	160	1	1	true	missing	1	psn	iapapaberry	0	-1	0	0	0	suppress:0|log:-ability:0:Sword of Ruin:undefined	undefined	undefined	24576	24576	24576	1	2
swordofruin	onStart	393	6	1	60	Normal	0	0	0	0	100	0	16384	pikachu	0	0	0	1	1	-1	0	0	60	160	0	1	0	Move	1	brn	iapapaberry	2	-1	-1	0	0	suppress:0|log:-ability:0:Sword of Ruin:undefined	undefined	false	16384	16384	16384	-1	0
swordofruin	onStart	394	0	6	60	Dark	0	0	0	100	20	1	8	greninjabond	0	0	0	0	0	6	0	1	100	0	1	1	undefined	Move	1	psn	figyberry	2	0	0	1	0	suppress:0|log:-ability:0:Sword of Ruin:undefined	undefined	true	8	8	8	6	0
swordofruin	onStart	395	0	6	60	Bug	1	0	1	20	20	-1	8	greninjaash	0	1	0	0	1	1	0	1	100	0	1	1	null	Move	1	brn	figyberry	0	0	-1	0	1	suppress:0|log:-ability:0:Sword of Ruin:undefined	undefined	undefined	8	8	8	1	0
swordofruin	onStart	396	1	1	61	Normal	0	0	0	20	20	-1	8192	pikachu	0	1	1	0	1	6	0	0	100	0	1	0	0	Move	1	brn	leftovers	0	1	1	1	0	suppress:0	undefined	undefined	8192	8192	8192	6	0
swordofruin	onStart	397	0	0	61	Bug	0	0	0	100	0	1	8192	pikachu	1	1	1	0	1	-1	0	2	60	160	1	0	true	Move	0	brn	leftovers	0	0	1	1	0	suppress:0	undefined	true	8192	8192	8192	-1	0
swordofruin	onStart	398	0	1	70	Ghost	1	1	0	20	20	1	16384	greninjabond	0	0	0	0	0	-1	0	2	0	0	0	0	false	Move	0	brn	figyberry	0	1	99	1	1	suppress:0|log:-ability:0:Sword of Ruin:undefined	undefined	true	16384	16384	16384	-1	2
swordofruin	onStart	399	0	1	61	Fire	0	1	0	20	-1	0	0	greninjabond	1	1	0	1	1	1	0	0	60	100	0	0	0	Move	0	brn	wikiberry	2	0	99	0	1	suppress:0|log:-ability:0:Sword of Ruin:undefined	undefined	false	0	0	0	1	2
swordofruin	onStart	400	-1	0	60	Water	1	0	0	10	20	0	8192	greninjaash	0	1	1	0	0	-1	1	2	60	160	0	1	true	missing	1	psn	sitrusberry	1	0	-1	0	1	suppress:0	undefined	false	8192	8192	8192	-1	0
swordofruin	onStart	401	6	6	60	Normal	1	1	1	100	-1	1	8	greninjaash	1	1	1	1	0	-1	1	0	100	100	0	1	0	Ability	0	psn	iapapaberry	2	1	1	0	0	suppress:0	undefined	true	8	8	8	-1	2
swordofruin	onStart	402	-1	0	0	Normal	0	1	0	10	0	-1	8192	greninjabond	0	1	0	0	1	1	1	1	100	0	1	1	null	missing	0	brn	sitrusberry	2	-1	0	0	0	suppress:0|log:-ability:0:Sword of Ruin:undefined	undefined	undefined	8192	8192	8192	1	2
swordofruin	onStart	403	6	6	40	Fire	0	1	0	100	100	0	24576	greninjaash	0	0	0	1	0	6	0	1	0	100	0	1	null	missing	0	brn	iapapaberry	1	-1	99	1	0	suppress:0|log:-ability:0:Sword of Ruin:undefined	undefined	false	24576	24576	24576	6	2
swordofruin	onStart	404	0	6	60	Normal	1	1	0	20	20	1	8192	greninjabond	1	1	0	1	1	1	1	0	0	100	0	1	null	missing	0	brn	sitrusberry	0	-1	99	1	0	suppress:0|log:-ability:0:Sword of Ruin:undefined	undefined	true	8192	8192	8192	1	2
swordofruin	onStart	405	6	0	60	Dark	1	1	0	0	0	-1	0	greninjabond	0	0	1	1	1	1	1	1	100	100	1	0	false	Ability	0	psn	aguavberry	2	0	1	0	0	suppress:0	undefined	undefined	0	0	0	1	2
swordofruin	onStart	406	1	6	61	Bug	0	1	1	20	-1	-1	0	pikachu	1	1	0	0	1	0	1	0	100	160	0	0	undefined	Move	1	psn	iapapaberry	0	1	0	0	1	suppress:0|log:-ability:0:Sword of Ruin:undefined	undefined	undefined	0	0	0	0	2
swordofruin	onStart	407	0	6	0	Fire	0	1	1	0	0	0	2048	pikachu	0	1	0	0	0	0	0	1	100	100	1	1	0	missing	0	brn	figyberry	2	-1	99	1	0	suppress:0|log:-ability:0:Sword of Ruin:undefined	undefined	false	2048	2048	2048	0	2
swordofruin	onStart	408	-1	0	70	Normal	0	1	1	100	0	-1	8	greninjabond	1	0	1	1	0	0	1	2	0	160	1	0	false	Move	1	psn	wikiberry	2	-1	99	1	1	suppress:0	undefined	undefined	8	8	8	0	2
swordofruin	onStart	409	1	6	40	Fire	1	0	1	100	20	1	0	greninjaash	0	0	1	1	0	-1	0	1	100	160	0	0	undefined	Move	0	brn	sitrusberry	0	0	99	0	0	suppress:0	undefined	true	0	0	0	-1	0
swordofruin	onStart	410	6	6	40	Ghost	0	1	0	100	-1	-1	0	pikachu	0	1	1	0	0	-1	1	0	100	160	0	0	true	Move	1	psn	iapapaberry	1	0	1	0	1	suppress:0	undefined	undefined	0	0	0	-1	2
swordofruin	onStart	411	1	1	40	Fire	0	1	1	100	0	-1	2048	greninjaash	0	0	1	0	1	-1	1	1	0	160	1	0	undefined	missing	0	psn	sitrusberry	0	0	0	0	1	suppress:0	undefined	undefined	2048	2048	2048	-1	2
swordofruin	onStart	412	6	0	61	Water	1	1	1	10	20	-1	2048	pikachu	0	0	0	0	1	1	1	2	100	160	1	0	false	Ability	0	brn	leftovers	1	-1	-1	1	1	suppress:0|log:-ability:0:Sword of Ruin:undefined	undefined	undefined	2048	2048	2048	1	2
swordofruin	onStart	413	0	0	0	Fire	1	0	0	20	0	-1	0	greninjaash	1	1	1	1	0	-1	0	2	100	100	0	0	0	missing	1	psn	figyberry	1	1	0	0	0	suppress:0	undefined	undefined	0	0	0	-1	0
swordofruin	onStart	414	6	0	60	Dark	0	0	1	20	0	1	8192	pikachu	1	1	0	0	0	0	1	0	100	160	0	0	false	missing	0	brn	iapapaberry	2	0	99	0	0	suppress:0|log:-ability:0:Sword of Ruin:undefined	undefined	true	8192	8192	8192	0	0
swordofruin	onStart	415	1	0	61	Normal	1	1	0	100	20	-1	0	pikachu	0	1	1	0	1	-1	0	2	60	0	0	0	true	Move	0	brn	figyberry	0	-1	-1	1	1	suppress:0	undefined	undefined	0	0	0	-1	2
swordofruin	onStart	416	-1	0	60	Normal	0	1	0	0	100	1	24576	greninjabond	0	0	0	0	1	6	0	1	100	0	1	1	false	Move	0	psn	wikiberry	0	0	1	1	1	suppress:0|log:-ability:0:Sword of Ruin:undefined	undefined	true	24576	24576	24576	6	2
swordofruin	onStart	417	1	1	60	Fire	0	1	1	20	0	-1	0	greninjaash	0	1	1	0	0	-1	1	2	100	0	0	0	true	missing	1	brn	magoberry	1	-1	0	1	0	suppress:0	undefined	undefined	0	0	0	-1	2
swordofruin	onStart	418	1	0	70	Water	0	0	1	20	20	-1	24576	pikachu	0	0	1	1	0	6	0	0	100	0	0	0	true	Move	0	brn	magoberry	1	0	1	1	0	suppress:0	undefined	undefined	24576	24576	24576	6	0
swordofruin	onStart	419	0	6	61	Ghost	0	1	0	0	0	-1	16384	pikachu	0	0	0	0	0	0	1	0	60	160	1	0	0	Move	0	psn	magoberry	2	1	-1	0	0	suppress:0|log:-ability:0:Sword of Ruin:undefined	undefined	undefined	16384	16384	16384	0	2
swordofruin	onStart	420	0	6	70	Water	0	0	0	0	20	-1	2048	greninjabond	1	0	1	1	1	0	1	1	60	0	1	1	false	Ability	0	brn	sitrusberry	2	0	0	1	1	suppress:0	undefined	undefined	2048	2048	2048	0	0
swordofruin	onStart	421	1	0	61	Normal	0	1	1	0	100	1	8192	greninjabond	1	0	0	0	0	1	1	1	60	0	0	1	true	Move	0	brn	magoberry	1	-1	0	0	0	suppress:0|log:-ability:0:Sword of Ruin:undefined	undefined	true	8192	8192	8192	1	2
swordofruin	onStart	422	-1	6	61	Bug	0	0	1	20	100	0	2048	greninjaash	1	0	1	0	0	1	0	1	100	0	1	0	undefined	missing	0	psn	wikiberry	0	-1	0	1	0	suppress:0	undefined	false	2048	2048	2048	1	0
swordofruin	onStart	423	6	1	61	Normal	1	1	1	20	-1	-1	16384	greninjabond	0	1	0	1	1	6	0	0	0	100	0	0	null	Move	1	psn	magoberry	2	-1	-1	0	0	suppress:0|log:-ability:0:Sword of Ruin:undefined	undefined	undefined	16384	16384	16384	6	2
swordofruin	onStart	424	0	0	40	Normal	1	0	0	10	-1	1	0	greninjaash	1	1	1	1	1	0	0	2	60	160	0	0	true	missing	0	psn	magoberry	2	1	0	1	0	suppress:0	undefined	true	0	0	0	0	0
swordofruin	onStart	425	1	6	61	Bug	1	0	1	20	20	-1	8192	greninjaash	1	0	1	0	1	-1	0	2	0	0	0	1	null	missing	0	psn	sitrusberry	2	-1	1	1	1	suppress:0	undefined	undefined	8192	8192	8192	-1	0
swordofruin	onStart	426	1	6	60	Ghost	0	0	1	0	100	1	16384	greninjabond	1	0	1	1	1	1	1	0	60	160	0	0	undefined	Move	0	brn	magoberry	1	-1	1	0	0	suppress:0	undefined	true	16384	16384	16384	1	0
swordofruin	onStart	427	-1	6	60	Normal	1	1	0	0	-1	-1	0	pikachu	1	0	1	1	0	1	1	1	60	0	0	1	undefined	Move	0	brn	leftovers	1	1	1	1	1	suppress:0	undefined	undefined	0	0	0	1	2
swordofruin	onStart	428	6	0	60	Bug	1	0	0	100	20	0	2048	greninjabond	1	1	0	0	1	0	0	0	60	0	0	0	false	Ability	1	brn	leftovers	1	0	1	0	0	suppress:0|log:-ability:0:Sword of Ruin:undefined	undefined	false	2048	2048	2048	0	0
swordofruin	onStart	429	-1	6	70	Ghost	1	0	1	10	100	0	0	greninjabond	0	1	0	0	0	-1	0	0	100	0	0	1	undefined	missing	1	brn	aguavberry	0	1	-1	1	0	suppress:0|log:-ability:0:Sword of Ruin:undefined	undefined	false	0	0	0	-1	0
swordofruin	onStart	430	1	6	70	Ghost	0	1	0	20	20	-1	0	greninjaash	1	0	1	0	1	1	1	0	60	0	1	0	null	Ability	1	psn	iapapaberry	0	0	99	0	1	suppress:0	undefined	undefined	0	0	0	1	2
swordofruin	onStart	431	6	6	61	Dark	1	1	1	0	0	1	8192	pikachu	0	1	1	1	0	1	1	0	60	160	1	1	0	Move	1	psn	aguavberry	0	0	0	1	1	suppress:0	undefined	true	8192	8192	8192	1	2
swordofruin	onStart	432	0	6	70	Water	0	0	1	20	100	0	2048	greninjabond	1	0	1	0	1	1	0	2	0	160	1	1	null	missing	0	psn	magoberry	1	-1	-1	1	0	suppress:0	undefined	false	2048	2048	2048	1	0
swordofruin	onStart	433	0	1	61	Water	1	1	1	10	100	1	16384	greninjabond	0	1	1	1	1	0	0	1	100	0	0	1	null	Move	1	psn	iapapaberry	1	0	-1	1	1	suppress:0	undefined	true	16384	16384	16384	0	2
swordofruin	onStart	434	0	0	0	Normal	1	0	1	20	0	0	16384	greninjabond	1	1	1	1	0	-1	0	2	0	160	1	0	0	missing	1	psn	aguavberry	0	-1	1	1	1	suppress:0	undefined	false	16384	16384	16384	-1	0
swordofruin	onStart	435	1	1	0	Bug	1	1	1	10	20	0	0	greninjaash	1	0	0	1	1	6	1	2	60	0	1	1	true	missing	0	brn	aguavberry	0	1	0	0	0	suppress:0|log:-ability:0:Sword of Ruin:undefined	undefined	false	0	0	0	6	2
swordofruin	onStart	436	0	1	61	Normal	0	1	1	20	100	0	8	greninjabond	0	1	0	1	0	-1	0	2	100	100	1	1	false	Ability	1	brn	sitrusberry	2	-1	99	0	0	suppress:0|log:-ability:0:Sword of Ruin:undefined	undefined	false	8	8	8	-1	2
swordofruin	onStart	437	1	1	40	Fire	1	1	1	100	100	0	8192	greninjaash	1	0	0	1	1	1	0	0	100	160	0	0	false	Move	0	psn	figyberry	0	-1	-1	1	0	suppress:0|log:-ability:0:Sword of Ruin:undefined	undefined	false	8192	8192	8192	1	2
swordofruin	onStart	438	6	6	61	Bug	0	1	0	20	-1	1	8	greninjaash	1	0	1	0	0	6	1	1	0	160	1	0	true	missing	0	brn	sitrusberry	1	1	0	1	1	suppress:0	undefined	true	8	8	8	6	2
swordofruin	onStart	439	-1	0	61	Dark	0	1	0	100	20	1	24576	greninjaash	1	1	0	0	1	0	1	2	100	100	0	1	0	Move	1	brn	figyberry	0	1	1	1	0	suppress:0|log:-ability:0:Sword of Ruin:undefined	undefined	true	24576	24576	24576	0	2
swordofruin	onStart	440	0	0	0	Bug	1	1	0	100	-1	0	2048	greninjaash	0	0	0	1	1	-1	1	0	100	100	1	0	null	Move	1	brn	figyberry	1	0	99	1	1	suppress:0|log:-ability:0:Sword of Ruin:undefined	undefined	false	2048	2048	2048	-1	2
swordofruin	onStart	441	0	0	0	Fire	0	0	1	10	-1	0	8	pikachu	1	0	0	1	1	0	1	2	100	100	1	1	false	Move	0	brn	aguavberry	1	-1	0	1	1	suppress:0|log:-ability:0:Sword of Ruin:undefined	undefined	false	8	8	8	0	0
swordofruin	onStart	442	-1	6	40	Dark	1	1	0	0	20	0	8	greninjaash	1	1	0	1	1	6	0	0	60	0	1	0	0	Ability	0	brn	iapapaberry	1	1	1	0	1	suppress:0|log:-ability:0:Sword of Ruin:undefined	undefined	false	8	8	8	6	2
swordofruin	onStart	443	0	6	40	Ghost	1	1	0	10	20	1	0	greninjaash	1	0	0	0	0	-1	1	1	100	160	0	0	undefined	missing	1	brn	magoberry	1	-1	99	0	1	suppress:0|log:-ability:0:Sword of Ruin:undefined	undefined	true	0	0	0	-1	2
swordofruin	onStart	444	-1	6	60	Water	1	0	0	10	100	0	24576	greninjabond	1	0	1	0	0	-1	0	1	100	100	1	0	0	Ability	1	brn	figyberry	1	0	-1	0	1	suppress:0	undefined	false	24576	24576	24576	-1	0
swordofruin	onStart	445	6	1	40	Bug	0	0	1	0	20	0	0	greninjaash	1	1	0	1	1	-1	1	0	0	160	0	0	undefined	missing	1	brn	figyberry	1	0	-1	1	0	suppress:0|log:-ability:0:Sword of Ruin:undefined	undefined	false	0	0	0	-1	0
swordofruin	onStart	446	-1	0	61	Ghost	0	0	0	20	-1	-1	2048	pikachu	0	1	1	0	1	6	0	2	0	160	0	0	true	Ability	0	psn	iapapaberry	1	1	99	0	0	suppress:0	undefined	undefined	2048	2048	2048	6	0
swordofruin	onStart	447	0	6	0	Fire	0	1	1	10	-1	1	8	pikachu	1	1	0	1	1	-1	1	1	0	160	1	0	true	Move	1	brn	magoberry	0	0	1	0	1	suppress:0|log:-ability:0:Sword of Ruin:undefined	undefined	true	8	8	8	-1	2
swordofruin	onStart	448	0	1	60	Normal	0	1	0	0	100	-1	24576	greninjabond	1	1	1	0	1	0	1	1	60	0	0	1	false	missing	1	brn	magoberry	0	0	1	0	1	suppress:0	undefined	undefined	24576	24576	24576	0	2
swordofruin	onStart	449	0	1	60	Bug	1	1	0	10	100	-1	0	pikachu	1	0	0	0	1	0	0	0	100	0	1	0	undefined	missing	0	brn	iapapaberry	1	-1	99	0	1	suppress:0|log:-ability:0:Sword of Ruin:undefined	undefined	undefined	0	0	0	0	2
swordofruin	onStart	450	6	6	60	Bug	1	1	0	20	100	1	2048	pikachu	1	0	0	1	0	0	1	1	60	160	1	0	null	Ability	0	psn	leftovers	0	0	1	0	0	suppress:0|log:-ability:0:Sword of Ruin:undefined	undefined	true	2048	2048	2048	0	2
swordofruin	onStart	451	-1	6	70	Ghost	0	1	1	20	100	1	8192	pikachu	0	0	1	0	0	0	0	2	60	100	1	1	false	Move	1	psn	sitrusberry	2	1	1	1	0	suppress:0	undefined	true	8192	8192	8192	0	2
swordofruin	onStart	452	1	1	70	Water	0	0	0	0	100	1	24576	pikachu	0	0	0	1	0	6	1	0	100	0	0	1	undefined	missing	0	brn	iapapaberry	0	0	0	0	1	suppress:0|log:-ability:0:Sword of Ruin:undefined	undefined	true	24576	24576	24576	6	0
swordofruin	onStart	453	0	1	60	Bug	1	1	1	20	20	-1	8	greninjabond	0	1	0	1	1	1	0	1	100	0	0	1	0	Move	1	brn	aguavberry	2	0	99	1	0	suppress:0|log:-ability:0:Sword of Ruin:undefined	undefined	undefined	8	8	8	1	2
swordofruin	onStart	454	0	6	70	Bug	1	0	1	20	0	1	16384	greninjaash	0	1	0	0	0	-1	1	0	60	100	0	0	true	missing	1	brn	aguavberry	0	0	0	0	1	suppress:0|log:-ability:0:Sword of Ruin:undefined	undefined	true	16384	16384	16384	-1	0
swordofruin	onStart	455	0	0	0	Normal	0	1	0	0	0	0	24576	pikachu	1	1	1	1	0	6	1	1	100	160	0	0	null	Ability	1	psn	iapapaberry	1	-1	99	1	0	suppress:0	undefined	false	24576	24576	24576	6	2
swordofruin	onStart	456	0	1	70	Dark	0	0	1	10	-1	1	8192	greninjabond	0	1	0	1	0	6	1	0	100	100	1	0	0	Move	1	brn	leftovers	0	-1	1	0	0	suppress:0|log:-ability:0:Sword of Ruin:undefined	undefined	true	8192	8192	8192	6	0
swordofruin	onStart	457	0	1	0	Bug	0	0	0	0	0	-1	16384	greninjaash	0	1	0	0	0	0	1	0	0	0	1	0	null	Ability	1	psn	aguavberry	0	1	-1	0	1	suppress:0|log:-ability:0:Sword of Ruin:undefined	undefined	undefined	16384	16384	16384	0	0
swordofruin	onStart	458	1	0	70	Ghost	1	0	0	0	0	0	16384	greninjaash	1	0	0	1	0	-1	0	2	100	0	0	0	0	Ability	1	brn	leftovers	2	0	1	1	0	suppress:0|log:-ability:0:Sword of Ruin:undefined	undefined	false	16384	16384	16384	-1	0
swordofruin	onStart	459	1	1	70	Bug	0	1	0	100	0	-1	8192	greninjabond	0	0	0	1	1	1	0	1	0	0	0	1	undefined	Move	1	psn	figyberry	0	0	-1	0	1	suppress:0|log:-ability:0:Sword of Ruin:undefined	undefined	undefined	8192	8192	8192	1	2
swordofruin	onStart	460	-1	6	60	Bug	0	1	1	100	100	-1	2048	greninjaash	1	1	0	0	0	6	1	0	60	160	1	0	false	Ability	0	brn	aguavberry	0	-1	99	0	1	suppress:0|log:-ability:0:Sword of Ruin:undefined	undefined	undefined	2048	2048	2048	6	2
swordofruin	onStart	461	6	0	61	Ghost	1	0	1	100	20	0	24576	greninjabond	1	0	1	0	1	-1	1	1	100	0	1	1	0	missing	0	psn	sitrusberry	0	0	99	0	0	suppress:0	undefined	false	24576	24576	24576	-1	0
swordofruin	onStart	462	1	6	70	Dark	1	0	1	20	100	-1	8192	greninjaash	0	0	0	0	0	0	1	2	0	160	0	0	false	Ability	0	psn	magoberry	0	1	99	1	1	suppress:0|log:-ability:0:Sword of Ruin:undefined	undefined	undefined	8192	8192	8192	0	0
swordofruin	onStart	463	1	0	60	Bug	1	1	1	20	20	1	24576	greninjabond	0	0	0	0	1	1	1	1	60	100	0	1	0	Move	1	psn	wikiberry	2	-1	99	0	1	suppress:0|log:-ability:0:Sword of Ruin:undefined	undefined	true	24576	24576	24576	1	2
swordofruin	onStart	464	1	6	61	Dark	1	1	0	20	0	0	8	pikachu	1	0	0	1	0	-1	1	1	100	160	0	1	null	Ability	0	brn	aguavberry	2	0	0	0	0	suppress:0|log:-ability:0:Sword of Ruin:undefined	undefined	false	8	8	8	-1	2
swordofruin	onStart	465	-1	1	61	Dark	0	1	0	0	20	1	8	pikachu	1	0	0	1	0	0	0	2	100	100	1	1	undefined	Ability	0	psn	aguavberry	2	0	1	0	1	suppress:0|log:-ability:0:Sword of Ruin:undefined	undefined	true	8	8	8	0	2
swordofruin	onStart	466	1	0	60	Water	1	0	1	20	-1	1	24576	greninjabond	0	0	1	1	1	1	0	0	100	160	0	0	0	Move	0	psn	figyberry	2	0	1	0	1	suppress:0	undefined	true	24576	24576	24576	1	0
swordofruin	onStart	467	0	6	70	Bug	0	1	1	100	0	-1	24576	greninjabond	0	0	1	1	0	6	0	0	60	160	0	0	null	missing	1	brn	magoberry	0	-1	99	0	0	suppress:0	undefined	undefined	24576	24576	24576	6	2
swordofruin	onStart	468	1	6	70	Normal	1	1	0	20	100	0	0	greninjaash	0	0	1	0	0	6	1	1	100	0	1	1	null	Ability	0	brn	magoberry	2	1	-1	1	0	suppress:0	undefined	false	0	0	0	6	2
swordofruin	onStart	469	0	1	61	Dark	0	1	0	10	-1	1	0	greninjaash	1	1	1	0	0	1	0	2	100	0	1	1	undefined	Ability	1	psn	wikiberry	1	1	1	0	0	suppress:0	undefined	true	0	0	0	1	2
swordofruin	onStart	470	-1	0	61	Normal	1	1	1	20	20	1	0	pikachu	0	0	0	0	1	0	0	2	60	0	1	0	null	missing	0	brn	wikiberry	0	-1	1	0	0	suppress:0|log:-ability:0:Sword of Ruin:undefined	undefined	true	0	0	0	0	2
swordofruin	onStart	471	6	6	60	Fire	1	0	1	10	-1	0	8	pikachu	0	0	1	0	0	0	0	1	100	0	1	0	null	Ability	0	psn	iapapaberry	2	1	-1	0	1	suppress:0	undefined	false	8	8	8	0	0
swordofruin	onStart	472	1	0	40	Dark	0	1	1	100	20	0	16384	greninjabond	1	0	1	0	0	1	0	2	100	0	0	0	0	Ability	0	brn	wikiberry	0	-1	-1	0	1	suppress:0	undefined	false	16384	16384	16384	1	2
swordofruin	onStart	473	-1	6	60	Fire	1	0	0	100	0	0	0	greninjabond	1	1	0	1	0	0	0	0	0	0	1	1	false	missing	1	brn	leftovers	2	-1	-1	1	1	suppress:0|log:-ability:0:Sword of Ruin:undefined	undefined	false	0	0	0	0	0
swordofruin	onStart	474	0	6	61	Dark	0	1	1	0	20	-1	16384	pikachu	0	1	1	1	0	0	1	1	60	160	0	0	null	Move	0	brn	magoberry	2	1	1	1	1	suppress:0	undefined	undefined	16384	16384	16384	0	2
swordofruin	onStart	475	-1	6	61	Ghost	1	1	1	0	-1	0	24576	greninjabond	1	0	0	0	0	-1	0	1	0	0	1	0	true	missing	1	brn	sitrusberry	2	1	1	1	0	suppress:0|log:-ability:0:Sword of Ruin:undefined	undefined	false	24576	24576	24576	-1	2
swordofruin	onStart	476	-1	1	70	Water	0	0	0	10	100	0	2048	pikachu	0	0	0	1	1	1	1	2	60	100	0	0	undefined	Move	1	brn	leftovers	1	1	0	1	0	suppress:0|log:-ability:0:Sword of Ruin:undefined	undefined	false	2048	2048	2048	1	0
swordofruin	onStart	477	1	6	70	Water	1	0	0	100	-1	0	24576	greninjaash	0	0	1	1	0	-1	0	0	0	0	1	0	0	Move	0	brn	leftovers	2	0	1	0	0	suppress:0	undefined	false	24576	24576	24576	-1	0
swordofruin	onStart	478	0	1	60	Ghost	1	1	0	20	-1	0	2048	greninjaash	0	1	1	1	0	1	1	0	0	0	1	1	undefined	Move	1	psn	figyberry	0	1	-1	1	0	suppress:0	undefined	false	2048	2048	2048	1	2
swordofruin	onStart	479	-1	0	60	Fire	1	0	0	0	0	-1	16384	greninjaash	0	0	0	1	0	0	0	1	60	0	0	0	undefined	Move	0	brn	magoberry	0	1	-1	1	0	suppress:0|log:-ability:0:Sword of Ruin:undefined	undefined	undefined	16384	16384	16384	0	0
swordofruin	onStart	480	1	1	40	Ghost	1	0	1	0	0	1	16384	greninjabond	0	1	0	1	0	6	0	1	100	160	1	1	0	missing	0	brn	sitrusberry	2	1	99	0	1	suppress:0|log:-ability:0:Sword of Ruin:undefined	undefined	true	16384	16384	16384	6	0
swordofruin	onStart	481	-1	0	70	Water	0	1	0	100	-1	1	8192	greninjaash	0	0	1	1	1	0	1	2	100	100	0	0	0	Move	0	psn	wikiberry	0	-1	0	1	1	suppress:0	undefined	true	8192	8192	8192	0	2
swordofruin	onStart	482	-1	6	61	Normal	0	1	1	20	100	-1	0	greninjaash	0	1	1	1	1	6	0	1	100	100	1	0	undefined	Ability	1	psn	aguavberry	2	0	1	0	0	suppress:0	undefined	undefined	0	0	0	6	2
swordofruin	onStart	483	1	1	61	Fire	1	1	0	0	20	-1	8192	greninjabond	1	0	1	1	1	1	0	0	0	0	0	1	0	missing	1	psn	magoberry	1	-1	-1	0	1	suppress:0	undefined	undefined	8192	8192	8192	1	2
swordofruin	onStart	484	6	1	60	Bug	1	0	1	0	0	0	8	greninjabond	1	1	0	0	1	1	0	1	0	0	1	1	0	missing	1	brn	wikiberry	2	-1	1	1	1	suppress:0|log:-ability:0:Sword of Ruin:undefined	undefined	false	8	8	8	1	0
swordofruin	onStart	485	-1	6	60	Dark	1	1	0	0	-1	-1	0	greninjabond	1	1	1	1	0	1	1	2	0	0	1	0	null	Move	1	brn	iapapaberry	1	-1	0	1	1	suppress:0	undefined	undefined	0	0	0	1	2
swordofruin	onStart	486	1	1	40	Water	1	0	0	100	-1	1	8192	greninjaash	0	1	1	1	1	1	0	0	100	100	1	1	0	Ability	0	brn	figyberry	2	1	1	0	1	suppress:0	undefined	true	8192	8192	8192	1	0
swordofruin	onStart	487	-1	0	70	Bug	1	0	1	20	100	1	16384	greninjabond	1	0	0	1	1	-1	0	0	60	100	1	1	0	Ability	0	brn	aguavberry	0	-1	0	0	1	suppress:0|log:-ability:0:Sword of Ruin:undefined	undefined	true	16384	16384	16384	-1	0
swordofruin	onStart	488	1	1	0	Ghost	0	0	0	10	20	-1	0	pikachu	1	1	0	0	0	0	0	0	100	100	0	0	true	missing	1	brn	aguavberry	1	0	1	1	1	suppress:0|log:-ability:0:Sword of Ruin:undefined	undefined	undefined	0	0	0	0	0
swordofruin	onStart	489	6	0	60	Normal	0	0	1	20	100	-1	16384	greninjabond	1	1	1	0	1	0	0	2	100	0	0	0	true	Ability	1	psn	wikiberry	1	0	99	1	1	suppress:0	undefined	undefined	16384	16384	16384	0	0
swordofruin	onStart	490	6	6	0	Dark	0	0	0	0	-1	0	8192	greninjaash	0	0	0	1	0	1	0	2	100	0	1	0	undefined	Ability	0	brn	wikiberry	2	-1	1	1	1	suppress:0|log:-ability:0:Sword of Ruin:undefined	undefined	false	8192	8192	8192	1	0
swordofruin	onStart	491	0	0	70	Fire	1	1	1	10	20	1	8	greninjabond	1	0	1	1	0	6	1	2	0	0	1	1	undefined	missing	0	psn	aguavberry	1	1	99	0	0	suppress:0	undefined	true	8	8	8	6	2
swordofruin	onStart	492	0	6	40	Bug	0	1	0	100	0	-1	8	greninjabond	0	1	1	1	1	0	0	2	0	0	1	0	null	Move	1	brn	magoberry	1	1	99	1	1	suppress:0	undefined	undefined	8	8	8	0	2
swordofruin	onStart	493	1	0	61	Ghost	0	0	0	20	0	-1	8	greninjabond	1	0	1	0	1	0	0	2	0	100	1	1	undefined	Move	1	psn	figyberry	0	-1	0	1	1	suppress:0	undefined	undefined	8	8	8	0	0
swordofruin	onStart	494	6	1	61	Dark	0	0	0	100	0	0	16384	greninjaash	1	1	1	1	0	6	0	2	0	0	1	1	undefined	Move	1	psn	aguavberry	2	-1	-1	0	1	suppress:0	undefined	false	16384	16384	16384	6	0
swordofruin	onStart	495	0	6	70	Water	0	0	0	10	-1	0	0	pikachu	1	0	1	0	0	6	0	2	100	100	0	1	true	Move	0	psn	iapapaberry	0	1	0	0	0	suppress:0	undefined	false	0	0	0	6	0
swordofruin	onStart	496	1	6	61	Fire	0	1	1	20	0	0	24576	greninjabond	0	0	1	1	1	6	1	2	0	160	0	1	0	Move	1	brn	figyberry	2	-1	0	1	0	suppress:0	undefined	false	24576	24576	24576	6	2
swordofruin	onStart	497	6	1	61	Fire	1	1	1	20	-1	-1	8192	greninjaash	1	0	1	0	1	0	1	2	60	0	0	1	0	missing	1	brn	wikiberry	2	-1	-1	0	1	suppress:0	undefined	undefined	8192	8192	8192	0	2
swordofruin	onStart	498	1	0	70	Water	0	0	0	20	20	0	2048	pikachu	0	0	0	1	1	0	1	0	100	0	1	0	true	Move	0	psn	magoberry	1	1	1	1	1	suppress:0|log:-ability:0:Sword of Ruin:undefined	undefined	false	2048	2048	2048	0	0
swordofruin	onStart	499	-1	6	40	Normal	1	1	0	10	100	0	0	greninjaash	0	0	0	0	0	-1	1	0	0	160	0	0	undefined	Move	0	psn	figyberry	1	0	0	1	1	suppress:0|log:-ability:0:Sword of Ruin:undefined	undefined	false	0	0	0	-1	2
swordofruin	onStart	500	6	0	70	Normal	0	0	0	20	0	0	8	greninjaash	1	0	0	0	1	0	0	0	100	0	0	1	0	missing	0	brn	figyberry	1	-1	-1	1	0	suppress:0|log:-ability:0:Sword of Ruin:undefined	undefined	false	8	8	8	0	0
swordofruin	onStart	501	6	6	0	Normal	1	1	0	100	0	1	24576	greninjaash	0	1	1	0	1	6	1	2	0	100	0	1	null	Move	0	brn	aguavberry	0	-1	0	1	1	suppress:0	undefined	true	24576	24576	24576	6	2
swordofruin	onStart	502	-1	6	61	Fire	0	1	0	100	100	1	8192	pikachu	1	0	0	1	0	6	1	1	100	0	0	1	0	Move	1	brn	aguavberry	1	0	1	1	0	suppress:0|log:-ability:0:Sword of Ruin:undefined	undefined	true	8192	8192	8192	6	2
swordofruin	onStart	503	1	6	60	Fire	0	0	1	100	0	-1	2048	greninjabond	1	0	0	0	0	1	0	2	0	160	0	0	undefined	Ability	0	psn	iapapaberry	2	-1	1	1	1	suppress:0|log:-ability:0:Sword of Ruin:undefined	undefined	undefined	2048	2048	2048	1	0
swordofruin	onStart	504	6	6	70	Fire	1	1	1	100	100	-1	8192	pikachu	1	1	0	0	1	-1	1	2	60	160	1	0	null	Move	1	brn	aguavberry	2	0	-1	1	0	suppress:0|log:-ability:0:Sword of Ruin:undefined	undefined	undefined	8192	8192	8192	-1	2
swordofruin	onStart	505	6	1	60	Ghost	0	0	1	10	20	-1	24576	greninjaash	0	1	1	1	0	0	0	2	100	100	0	1	true	missing	0	brn	aguavberry	2	0	1	0	1	suppress:0	undefined	undefined	24576	24576	24576	0	0
swordofruin	onStart	506	0	0	70	Normal	0	0	0	0	100	1	0	pikachu	0	1	0	1	1	6	0	0	0	100	1	0	0	missing	1	brn	sitrusberry	1	1	1	0	0	suppress:0|log:-ability:0:Sword of Ruin:undefined	undefined	true	0	0	0	6	0
swordofruin	onStart	507	1	6	70	Normal	0	1	1	20	0	1	2048	pikachu	0	0	1	0	1	0	1	1	0	0	0	1	true	Ability	0	brn	magoberry	1	0	-1	0	0	suppress:0	undefined	true	2048	2048	2048	0	2
swordofruin	onStart	508	0	1	0	Bug	1	0	1	10	0	0	2048	pikachu	0	0	0	1	1	-1	1	2	0	160	1	0	true	Move	0	psn	iapapaberry	1	-1	0	1	0	suppress:0|log:-ability:0:Sword of Ruin:undefined	undefined	false	2048	2048	2048	-1	0
swordofruin	onStart	509	0	1	61	Normal	0	0	1	10	0	1	0	greninjabond	1	0	0	0	1	0	0	1	60	100	0	0	true	Move	1	brn	wikiberry	0	1	-1	0	1	suppress:0|log:-ability:0:Sword of Ruin:undefined	undefined	true	0	0	0	0	0
swordofruin	onStart	510	1	1	70	Water	0	1	1	100	20	1	8192	greninjabond	1	0	0	1	1	-1	0	2	60	0	0	1	true	Ability	0	psn	iapapaberry	2	-1	-1	0	0	suppress:0|log:-ability:0:Sword of Ruin:undefined	undefined	true	8192	8192	8192	-1	2
swordofruin	onStart	511	1	1	0	Ghost	0	0	1	20	100	0	2048	greninjabond	0	0	1	1	1	0	1	1	100	160	1	0	undefined	Ability	1	brn	wikiberry	2	0	99	0	0	suppress:0	undefined	false	2048	2048	2048	0	0
swordofruin	onStart	512	6	1	61	Dark	0	0	0	0	-1	1	24576	greninjaash	0	1	0	1	1	1	1	0	100	100	0	1	false	missing	0	brn	aguavberry	2	-1	99	1	1	suppress:0|log:-ability:0:Sword of Ruin:undefined	undefined	true	24576	24576	24576	1	0
swordofruin	onStart	513	1	1	60	Water	0	1	1	10	0	-1	2048	greninjaash	1	0	1	1	0	0	1	2	0	0	0	1	false	missing	1	psn	iapapaberry	0	-1	99	0	1	suppress:0	undefined	undefined	2048	2048	2048	0	2
swordofruin	onStart	514	0	6	40	Ghost	1	1	0	20	0	-1	24576	greninjabond	1	1	1	1	0	1	0	1	60	160	0	0	null	Ability	0	psn	iapapaberry	0	1	1	1	0	suppress:0	undefined	undefined	24576	24576	24576	1	2
swordofruin	onStart	515	0	6	61	Fire	0	1	1	100	0	1	2048	greninjaash	0	0	0	1	0	1	1	2	100	100	1	1	false	Move	0	brn	leftovers	0	1	1	0	1	suppress:0|log:-ability:0:Sword of Ruin:undefined	undefined	true	2048	2048	2048	1	2
swordofruin	onStart	516	6	0	60	Ghost	0	1	0	0	0	0	2048	greninjabond	0	1	1	0	1	-1	1	0	100	160	0	1	null	missing	0	psn	magoberry	1	0	1	0	0	suppress:0	undefined	false	2048	2048	2048	-1	2
swordofruin	onStart	517	6	1	0	Fire	0	0	1	20	0	-1	8192	greninjabond	0	1	0	1	0	6	0	1	60	160	0	0	null	Move	0	psn	aguavberry	0	-1	-1	0	1	suppress:0|log:-ability:0:Sword of Ruin:undefined	undefined	undefined	8192	8192	8192	6	0
swordofruin	onStart	518	6	0	61	Fire	0	0	1	100	-1	0	16384	greninjaash	1	1	0	1	0	-1	0	2	60	100	0	1	undefined	Ability	1	brn	magoberry	2	1	1	1	1	suppress:0|log:-ability:0:Sword of Ruin:undefined	undefined	false	16384	16384	16384	-1	0
swordofruin	onStart	519	6	6	61	Ghost	1	0	0	0	-1	1	8	greninjaash	0	0	0	0	0	-1	1	1	100	0	0	1	false	Ability	1	brn	figyberry	1	-1	99	0	1	suppress:0|log:-ability:0:Sword of Ruin:undefined	undefined	true	8	8	8	-1	0
swordofruin	onStart	520	6	0	60	Ghost	1	0	1	10	100	0	16384	pikachu	0	0	1	0	1	6	0	2	0	0	0	0	0	missing	0	brn	sitrusberry	0	0	1	1	1	suppress:0	undefined	false	16384	16384	16384	6	0
swordofruin	onStart	521	1	0	61	Ghost	1	1	1	10	20	1	24576	greninjaash	1	1	1	0	0	0	1	2	60	160	1	0	false	Ability	0	psn	aguavberry	0	-1	0	1	1	suppress:0	undefined	true	24576	24576	24576	0	2
swordofruin	onStart	522	-1	1	60	Normal	1	1	1	0	-1	1	16384	pikachu	1	1	1	1	1	-1	1	0	0	160	0	0	null	missing	0	brn	sitrusberry	0	0	1	0	1	suppress:0	undefined	true	16384	16384	16384	-1	2
swordofruin	onStart	523	-1	0	70	Dark	0	1	0	100	-1	-1	2048	greninjaash	1	0	1	1	0	6	1	0	0	100	0	0	0	Ability	0	psn	iapapaberry	1	1	0	1	0	suppress:0	undefined	undefined	2048	2048	2048	6	2
swordofruin	onStart	524	0	6	40	Dark	1	1	1	100	-1	-1	2048	pikachu	1	0	0	1	0	-1	1	2	0	0	0	1	true	missing	0	psn	aguavberry	2	-1	99	0	1	suppress:0|log:-ability:0:Sword of Ruin:undefined	undefined	undefined	2048	2048	2048	-1	2
swordofruin	onStart	525	-1	1	0	Fire	1	1	1	0	100	-1	2048	pikachu	0	0	0	1	0	0	1	2	100	0	0	1	undefined	Move	1	psn	figyberry	2	1	99	0	1	suppress:0|log:-ability:0:Sword of Ruin:undefined	undefined	undefined	2048	2048	2048	0	2
swordofruin	onStart	526	-1	0	70	Bug	0	0	1	100	-1	-1	8192	greninjabond	1	1	1	1	1	0	1	0	100	100	1	1	0	missing	1	psn	wikiberry	0	0	-1	0	0	suppress:0	undefined	undefined	8192	8192	8192	0	0
swordofruin	onStart	527	-1	6	60	Normal	1	0	1	100	0	1	8192	pikachu	0	0	1	0	0	6	1	1	60	160	1	1	undefined	Ability	1	psn	iapapaberry	2	-1	-1	1	0	suppress:0	undefined	true	8192	8192	8192	6	0
swordofruin	onStart	528	6	6	61	Ghost	0	1	1	20	-1	-1	16384	greninjaash	1	0	0	1	1	0	0	1	0	0	1	0	true	Ability	0	brn	wikiberry	1	1	0	1	0	suppress:0|log:-ability:0:Sword of Ruin:undefined	undefined	undefined	16384	16384	16384	0	2
swordofruin	onStart	529	1	1	70	Dark	0	0	0	0	0	-1	0	greninjaash	0	0	0	0	1	0	0	1	100	0	1	0	true	Move	1	brn	leftovers	0	-1	99	1	1	suppress:0|log:-ability:0:Sword of Ruin:undefined	undefined	undefined	0	0	0	0	0
swordofruin	onStart	530	6	0	0	Ghost	1	0	1	20	100	1	0	pikachu	1	0	1	1	0	6	0	1	100	100	0	0	undefined	missing	1	psn	wikiberry	2	0	1	1	1	suppress:0	undefined	true	0	0	0	6	0
swordofruin	onStart	531	1	0	60	Bug	1	0	1	0	20	0	2048	pikachu	1	1	1	0	1	-1	1	1	100	0	1	0	false	missing	1	psn	magoberry	0	1	-1	0	1	suppress:0	undefined	false	2048	2048	2048	-1	0
swordofruin	onStart	532	-1	6	60	Fire	0	0	1	100	-1	0	2048	pikachu	0	0	1	0	0	6	0	0	0	100	1	0	null	missing	1	psn	leftovers	1	1	-1	0	1	suppress:0	undefined	false	2048	2048	2048	6	0
swordofruin	onStart	533	1	1	61	Water	0	0	1	10	100	1	8	greninjaash	1	1	0	0	0	6	0	0	60	100	0	1	true	Ability	1	brn	leftovers	0	0	99	1	1	suppress:0|log:-ability:0:Sword of Ruin:undefined	undefined	true	8	8	8	6	0
swordofruin	onStart	534	0	0	0	Dark	1	0	0	100	0	-1	24576	greninjaash	0	0	1	1	0	1	0	1	0	100	1	1	0	missing	0	brn	leftovers	2	-1	1	1	0	suppress:0	undefined	undefined	24576	24576	24576	1	0
swordofruin	onStart	535	-1	0	70	Bug	1	0	0	10	100	-1	8192	pikachu	1	0	1	1	1	1	1	0	0	160	0	0	true	missing	1	psn	figyberry	0	0	-1	0	1	suppress:0	undefined	undefined	8192	8192	8192	1	0
swordofruin	onStart	536	6	1	40	Ghost	1	0	0	0	100	-1	2048	pikachu	0	1	0	0	1	1	0	0	0	160	0	1	0	Move	0	brn	sitrusberry	1	-1	-1	0	0	suppress:0|log:-ability:0:Sword of Ruin:undefined	undefined	undefined	2048	2048	2048	1	0
swordofruin	onStart	537	0	6	0	Normal	0	1	0	0	-1	-1	8192	pikachu	1	1	0	0	1	0	1	2	60	0	1	1	undefined	Move	1	psn	wikiberry	0	-1	-1	1	1	suppress:0|log:-ability:0:Sword of Ruin:undefined	undefined	undefined	8192	8192	8192	0	2
swordofruin	onStart	538	1	1	0	Normal	1	0	1	0	0	-1	24576	greninjabond	1	0	0	1	1	0	0	0	0	0	1	1	true	Ability	0	brn	iapapaberry	2	-1	99	1	0	suppress:0|log:-ability:0:Sword of Ruin:undefined	undefined	undefined	24576	24576	24576	0	0
swordofruin	onStart	539	0	1	61	Bug	1	0	0	0	100	-1	24576	greninjaash	1	1	0	1	0	0	0	2	60	0	0	1	0	Move	1	brn	leftovers	1	1	1	1	0	suppress:0|log:-ability:0:Sword of Ruin:undefined	undefined	undefined	24576	24576	24576	0	0
swordofruin	onStart	540	1	6	61	Ghost	0	0	0	20	-1	-1	8192	pikachu	1	1	1	1	0	6	0	0	60	0	0	1	true	Ability	1	psn	iapapaberry	0	-1	0	0	0	suppress:0	undefined	undefined	8192	8192	8192	6	0
swordofruin	onStart	541	-1	1	40	Normal	0	1	1	100	100	1	8192	greninjabond	0	0	0	0	1	0	1	1	100	0	1	1	undefined	missing	0	brn	magoberry	2	1	1	1	1	suppress:0|log:-ability:0:Sword of Ruin:undefined	undefined	true	8192	8192	8192	0	2
swordofruin	onStart	542	1	1	40	Water	1	1	0	100	100	1	2048	greninjabond	0	0	1	1	1	1	0	2	100	160	1	1	undefined	Ability	1	psn	aguavberry	1	-1	-1	1	1	suppress:0	undefined	true	2048	2048	2048	1	2
swordofruin	onStart	543	0	1	60	Fire	0	0	1	0	-1	0	24576	greninjaash	1	0	0	1	0	0	1	1	100	160	1	1	true	missing	1	psn	sitrusberry	1	1	0	0	0	suppress:0|log:-ability:0:Sword of Ruin:undefined	undefined	false	24576	24576	24576	0	0
swordofruin	onStart	544	6	0	0	Ghost	1	0	1	10	20	-1	16384	greninjaash	1	1	1	1	0	-1	1	0	100	0	0	0	0	Move	1	brn	magoberry	0	-1	99	0	0	suppress:0	undefined	undefined	16384	16384	16384	-1	0
swordofruin	onStart	545	0	1	40	Water	1	0	0	100	100	1	8	greninjaash	1	0	0	1	1	0	0	1	60	100	1	1	undefined	Ability	0	psn	iapapaberry	0	-1	1	0	1	suppress:0|log:-ability:0:Sword of Ruin:undefined	undefined	true	8	8	8	0	0
swordofruin	onStart	546	0	6	40	Dark	1	1	0	100	-1	-1	2048	greninjabond	1	1	0	0	1	-1	1	2	60	160	1	1	true	Ability	1	psn	iapapaberry	1	-1	99	0	1	suppress:0|log:-ability:0:Sword of Ruin:undefined	undefined	undefined	2048	2048	2048	-1	2
swordofruin	onStart	547	-1	1	70	Normal	1	0	1	10	100	0	24576	greninjabond	1	1	1	1	1	1	0	0	60	100	0	1	null	Move	1	brn	iapapaberry	0	0	0	1	1	suppress:0	undefined	false	24576	24576	24576	1	0
swordofruin	onStart	548	-1	0	70	Fire	1	1	1	10	-1	1	8192	greninjaash	0	1	0	0	0	1	0	1	0	160	0	0	null	Move	1	psn	aguavberry	1	1	1	0	0	suppress:0|log:-ability:0:Sword of Ruin:undefined	undefined	true	8192	8192	8192	1	2
swordofruin	onStart	549	0	6	0	Ghost	1	0	0	10	20	0	2048	greninjabond	0	1	1	1	1	6	0	1	0	100	1	0	null	missing	1	psn	aguavberry	1	0	1	1	1	suppress:0	undefined	false	2048	2048	2048	6	0
swordofruin	onStart	550	6	1	0	Ghost	1	1	0	100	20	-1	8	pikachu	0	1	0	1	1	6	1	0	100	0	0	1	0	Ability	1	brn	aguavberry	0	-1	1	0	1	suppress:0|log:-ability:0:Sword of Ruin:undefined	undefined	undefined	8	8	8	6	2
swordofruin	onStart	551	1	1	70	Dark	0	0	0	100	0	0	24576	greninjabond	1	0	1	0	0	-1	1	1	60	160	1	1	0	missing	0	brn	magoberry	0	1	0	1	1	suppress:0	undefined	false	24576	24576	24576	-1	0
swordofruin	onStart	552	-1	6	60	Ghost	0	1	1	20	0	1	8	greninjabond	0	0	0	0	0	1	1	2	0	0	1	1	undefined	Move	1	brn	aguavberry	2	-1	1	0	1	suppress:0|log:-ability:0:Sword of Ruin:undefined	undefined	true	8	8	8	1	2
swordofruin	onStart	553	0	6	40	Dark	0	1	0	100	-1	0	16384	pikachu	0	1	0	1	0	0	1	2	0	0	1	0	null	Move	1	brn	figyberry	2	1	99	0	0	suppress:0|log:-ability:0:Sword of Ruin:undefined	undefined	false	16384	16384	16384	0	2
swordofruin	onStart	554	0	0	60	Bug	1	1	0	10	20	1	8	greninjaash	0	1	0	0	0	6	0	1	100	100	1	1	0	missing	1	psn	wikiberry	2	-1	99	1	1	suppress:0|log:-ability:0:Sword of Ruin:undefined	undefined	true	8	8	8	6	2
swordofruin	onStart	555	6	6	70	Fire	0	0	1	10	0	-1	8192	greninjaash	0	1	0	0	1	6	0	1	100	160	1	0	false	missing	1	psn	wikiberry	1	1	99	0	0	suppress:0|log:-ability:0:Sword of Ruin:undefined	undefined	undefined	8192	8192	8192	6	0
swordofruin	onStart	556	1	6	70	Fire	0	1	1	0	-1	-1	24576	greninjabond	0	0	1	1	0	1	1	0	60	100	1	1	null	missing	0	psn	iapapaberry	0	1	99	1	1	suppress:0	undefined	undefined	24576	24576	24576	1	2
swordofruin	onStart	557	6	6	70	Bug	0	1	0	20	20	-1	24576	greninjaash	1	0	1	1	1	0	1	1	100	0	1	0	0	missing	0	psn	iapapaberry	2	-1	0	0	1	suppress:0	undefined	undefined	24576	24576	24576	0	2
swordofruin	onStart	558	0	1	60	Bug	1	0	1	100	-1	1	8192	greninjaash	0	1	0	1	0	6	0	1	100	100	0	1	undefined	Move	0	brn	aguavberry	1	1	-1	1	0	suppress:0|log:-ability:0:Sword of Ruin:undefined	undefined	true	8192	8192	8192	6	0
swordofruin	onStart	559	1	0	40	Bug	0	0	0	10	100	1	0	pikachu	1	0	0	0	1	6	0	2	100	100	0	0	null	missing	0	brn	aguavberry	1	0	1	0	0	suppress:0|log:-ability:0:Sword of Ruin:undefined	undefined	true	0	0	0	6	0
swordofruin	onStart	560	-1	6	60	Dark	1	1	0	100	20	1	8	pikachu	0	1	0	1	0	6	1	0	60	100	0	0	true	missing	1	brn	figyberry	1	1	0	0	1	suppress:0|log:-ability:0:Sword of Ruin:undefined	undefined	true	8	8	8	6	2
swordofruin	onStart	561	-1	1	0	Dark	0	0	0	20	20	-1	8192	pikachu	1	0	0	0	0	1	1	0	60	160	1	0	false	Ability	0	brn	figyberry	2	1	0	0	0	suppress:0|log:-ability:0:Sword of Ruin:undefined	undefined	undefined	8192	8192	8192	1	0
swordofruin	onStart	562	-1	0	0	Fire	0	1	0	100	100	1	8	greninjabond	0	0	0	0	1	0	1	1	60	100	0	1	0	Ability	0	brn	iapapaberry	0	0	99	0	0	suppress:0|log:-ability:0:Sword of Ruin:undefined	undefined	true	8	8	8	0	2
swordofruin	onStart	563	0	1	70	Dark	0	0	0	20	-1	-1	8	pikachu	0	1	1	0	0	-1	0	2	0	160	0	0	null	missing	1	psn	leftovers	2	-1	1	1	1	suppress:0	undefined	undefined	8	8	8	-1	0
swordofruin	onStart	564	-1	6	0	Fire	1	0	0	100	20	0	16384	pikachu	1	0	1	0	1	0	1	1	0	160	0	0	undefined	Move	0	psn	iapapaberry	0	0	-1	1	1	suppress:0	undefined	false	16384	16384	16384	0	0
swordofruin	onStart	565	0	1	70	Water	0	0	0	0	20	0	16384	greninjabond	0	1	1	0	0	6	1	0	60	160	1	1	false	Ability	1	brn	leftovers	2	-1	0	0	1	suppress:0	undefined	false	16384	16384	16384	6	0
swordofruin	onStart	566	1	6	70	Fire	1	0	1	100	0	0	2048	greninjaash	0	1	0	1	1	-1	0	1	60	160	0	1	0	Move	1	psn	iapapaberry	1	0	1	0	0	suppress:0|log:-ability:0:Sword of Ruin:undefined	undefined	false	2048	2048	2048	-1	0
swordofruin	onStart	567	6	0	60	Water	1	0	1	0	-1	1	16384	greninjabond	0	0	1	1	0	1	0	1	0	100	1	0	true	missing	0	psn	figyberry	1	-1	99	0	1	suppress:0	undefined	true	16384	16384	16384	1	0
swordofruin	onStart	568	-1	6	70	Ghost	0	0	1	0	0	1	8	greninjabond	1	1	1	0	0	0	0	1	100	0	0	1	undefined	Ability	0	psn	sitrusberry	0	1	-1	0	0	suppress:0	undefined	true	8	8	8	0	0
swordofruin	onStart	569	-1	6	70	Normal	1	1	0	20	0	0	16384	greninjaash	0	1	1	0	0	1	0	2	60	160	0	0	false	Ability	1	psn	wikiberry	1	0	1	0	0	suppress:0	undefined	false	16384	16384	16384	1	2
swordofruin	onStart	570	6	1	0	Normal	0	0	1	10	-1	-1	2048	greninjabond	0	0	1	0	0	-1	1	2	100	160	0	1	0	Move	1	psn	figyberry	0	1	99	1	0	suppress:0	undefined	undefined	2048	2048	2048	-1	0
swordofruin	onStart	571	-1	6	40	Normal	0	0	1	20	-1	0	8	pikachu	0	1	1	1	1	0	0	0	60	0	1	1	undefined	Move	0	psn	iapapaberry	1	1	-1	1	0	suppress:0	undefined	false	8	8	8	0	0
swordofruin	onStart	572	6	0	61	Fire	0	1	1	20	20	0	16384	greninjaash	0	1	0	1	1	0	1	2	100	0	0	1	undefined	Move	0	psn	sitrusberry	0	0	0	1	0	suppress:0|log:-ability:0:Sword of Ruin:undefined	undefined	false	16384	16384	16384	0	2
swordofruin	onStart	573	1	0	61	Fire	1	1	0	10	-1	-1	8	greninjabond	0	0	1	0	0	0	0	1	60	160	1	1	undefined	Ability	0	psn	figyberry	2	1	0	0	1	suppress:0	undefined	undefined	8	8	8	0	2
swordofruin	onStart	574	6	1	61	Normal	1	1	1	100	0	1	8192	greninjabond	1	0	0	1	0	-1	1	1	60	0	1	1	undefined	Move	1	brn	aguavberry	2	-1	-1	1	1	suppress:0|log:-ability:0:Sword of Ruin:undefined	undefined	true	8192	8192	8192	-1	2
swordofruin	onStart	575	-1	6	61	Normal	1	0	0	20	0	0	0	pikachu	0	0	1	0	0	0	0	0	60	100	0	1	true	missing	0	psn	magoberry	1	-1	99	1	0	suppress:0	undefined	false	0	0	0	0	0
swordofruin	onStart	576	-1	0	70	Dark	1	0	1	10	20	-1	2048	pikachu	0	0	0	1	0	1	0	1	0	0	1	0	true	Ability	0	psn	magoberry	2	1	99	1	0	suppress:0|log:-ability:0:Sword of Ruin:undefined	undefined	undefined	2048	2048	2048	1	0
swordofruin	onStart	577	-1	0	0	Fire	0	0	1	20	20	-1	8	greninjaash	0	1	1	1	0	1	1	1	0	100	0	1	false	Ability	1	psn	iapapaberry	0	0	-1	1	0	suppress:0	undefined	undefined	8	8	8	1	0
swordofruin	onStart	578	1	0	60	Fire	0	0	1	100	20	0	24576	pikachu	0	1	1	0	1	1	0	0	0	100	0	1	false	missing	1	brn	aguavberry	1	0	99	1	1	suppress:0	undefined	false	24576	24576	24576	1	0
swordofruin	onStart	579	6	0	61	Bug	1	0	0	100	20	0	2048	pikachu	1	1	0	1	1	1	1	1	60	0	0	0	undefined	Move	0	brn	figyberry	1	0	99	0	1	suppress:0|log:-ability:0:Sword of Ruin:undefined	undefined	false	2048	2048	2048	1	0
swordofruin	onStart	580	0	0	0	Fire	1	1	1	10	20	-1	0	pikachu	1	1	1	0	1	-1	0	2	60	0	1	0	0	Ability	1	psn	magoberry	2	0	1	1	0	suppress:0	undefined	undefined	0	0	0	-1	2
swordofruin	onStart	581	-1	6	40	Dark	0	0	0	100	-1	-1	16384	greninjaash	1	0	1	0	0	6	1	2	100	160	1	0	true	Ability	0	psn	aguavberry	1	-1	-1	0	1	suppress:0	undefined	undefined	16384	16384	16384	6	0
swordofruin	onStart	582	-1	6	61	Ghost	0	1	0	100	100	-1	24576	pikachu	1	0	1	1	1	0	0	0	0	160	1	1	undefined	missing	0	psn	leftovers	1	1	1	1	0	suppress:0	undefined	undefined	24576	24576	24576	0	2
swordofruin	onStart	583	-1	0	60	Fire	1	0	1	10	100	1	16384	greninjaash	0	0	0	0	1	-1	0	2	100	160	1	1	undefined	missing	0	brn	sitrusberry	0	1	-1	0	1	suppress:0|log:-ability:0:Sword of Ruin:undefined	undefined	true	16384	16384	16384	-1	0
swordofruin	onStart	584	-1	6	61	Water	1	1	0	20	0	0	0	greninjabond	1	0	1	0	1	-1	0	0	0	160	0	1	true	Move	0	psn	magoberry	2	0	99	1	1	suppress:0	undefined	false	0	0	0	-1	2
swordofruin	onStart	585	-1	6	70	Fire	1	1	1	10	100	0	8192	greninjabond	1	0	1	1	1	1	0	1	60	0	0	1	false	missing	0	brn	leftovers	0	1	0	1	0	suppress:0	undefined	false	8192	8192	8192	1	2
swordofruin	onStart	586	0	1	0	Bug	0	1	1	10	100	1	8192	pikachu	0	1	1	0	1	0	1	1	100	100	1	1	undefined	missing	0	psn	iapapaberry	2	-1	99	0	1	suppress:0	undefined	true	8192	8192	8192	0	2
swordofruin	onStart	587	0	1	0	Fire	1	0	1	0	100	0	16384	pikachu	1	1	1	0	0	6	1	2	0	100	1	0	undefined	missing	0	brn	wikiberry	0	0	0	1	0	suppress:0	undefined	false	16384	16384	16384	6	0
swordofruin	onStart	588	6	6	61	Dark	1	0	0	0	20	-1	8192	greninjaash	0	0	1	1	1	-1	0	0	100	0	0	1	null	missing	1	psn	leftovers	2	0	-1	1	0	suppress:0	undefined	undefined	8192	8192	8192	-1	0
swordofruin	onStart	589	1	6	70	Bug	0	1	0	0	-1	0	2048	greninjaash	0	1	0	1	0	0	0	0	0	100	0	0	true	Ability	1	brn	figyberry	2	-1	-1	1	1	suppress:0|log:-ability:0:Sword of Ruin:undefined	undefined	false	2048	2048	2048	0	2
swordofruin	onStart	590	0	6	60	Normal	0	1	0	100	20	0	0	greninjaash	1	1	1	1	1	1	0	1	60	0	1	1	false	missing	1	brn	aguavberry	1	0	-1	0	0	suppress:0	undefined	false	0	0	0	1	2
swordofruin	onStart	591	0	1	40	Fire	0	0	0	100	-1	0	16384	pikachu	1	1	1	1	0	6	0	0	60	160	1	0	true	Move	0	brn	iapapaberry	1	-1	-1	1	0	suppress:0	undefined	false	16384	16384	16384	6	0
swordofruin	onStart	592	0	0	61	Normal	0	0	1	100	100	1	2048	greninjabond	0	1	1	0	1	0	0	0	100	100	1	0	0	Move	1	psn	figyberry	0	-1	1	1	1	suppress:0	undefined	true	2048	2048	2048	0	0
swordofruin	onStart	593	6	1	40	Normal	1	0	1	10	-1	-1	0	greninjaash	0	1	1	0	1	1	1	1	100	100	0	0	0	Move	1	brn	aguavberry	2	-1	99	1	0	suppress:0	undefined	undefined	0	0	0	1	0
swordofruin	onStart	594	0	6	61	Ghost	0	1	0	100	0	-1	2048	greninjaash	1	1	0	0	0	6	1	0	0	0	1	1	true	Ability	1	brn	iapapaberry	0	1	99	1	0	suppress:0|log:-ability:0:Sword of Ruin:undefined	undefined	undefined	2048	2048	2048	6	2
swordofruin	onStart	595	-1	6	70	Ghost	1	0	0	0	100	-1	2048	greninjaash	1	1	0	0	1	-1	1	1	60	160	1	1	undefined	Move	0	psn	leftovers	1	-1	-1	1	1	suppress:0|log:-ability:0:Sword of Ruin:undefined	undefined	undefined	2048	2048	2048	-1	0
swordofruin	onStart	596	0	6	60	Ghost	0	0	1	100	20	1	8192	greninjaash	1	1	0	1	1	-1	0	2	0	100	0	0	null	missing	1	psn	magoberry	1	0	0	0	1	suppress:0|log:-ability:0:Sword of Ruin:undefined	undefined	true	8192	8192	8192	-1	0
swordofruin	onStart	597	-1	6	60	Normal	1	0	1	20	0	0	8192	pikachu	0	0	0	1	1	6	1	1	100	0	0	0	undefined	missing	0	brn	iapapaberry	2	1	99	1	1	suppress:0|log:-ability:0:Sword of Ruin:undefined	undefined	false	8192	8192	8192	6	0
swordofruin	onStart	598	6	0	0	Ghost	0	0	0	100	-1	1	8192	greninjabond	1	1	1	1	0	1	1	2	60	0	0	1	null	Ability	1	psn	sitrusberry	2	-1	99	1	1	suppress:0	undefined	true	8192	8192	8192	1	0
swordofruin	onStart	599	1	6	40	Water	0	1	0	20	0	0	16384	greninjabond	1	1	0	1	1	1	1	1	100	0	0	1	null	missing	1	brn	sitrusberry	2	-1	0	1	0	suppress:0|log:-ability:0:Sword of Ruin:undefined	undefined	false	16384	16384	16384	1	2
swordofruin	onStart	600	0	1	70	Normal	1	0	0	0	-1	0	24576	greninjaash	0	1	0	1	1	6	1	2	100	0	1	1	undefined	Ability	1	psn	wikiberry	1	0	0	1	0	suppress:0|log:-ability:0:Sword of Ruin:undefined	undefined	false	24576	24576	24576	6	0
swordofruin	onStart	601	6	1	70	Normal	0	1	1	0	100	0	24576	greninjaash	0	0	1	0	1	1	1	2	60	160	0	0	null	Move	0	psn	figyberry	0	0	0	0	0	suppress:0	undefined	false	24576	24576	24576	1	2
swordofruin	onStart	602	-1	6	61	Water	1	0	0	10	-1	1	8192	greninjaash	1	0	0	0	1	1	0	1	0	100	1	1	false	missing	1	psn	wikiberry	0	0	99	0	0	suppress:0|log:-ability:0:Sword of Ruin:undefined	undefined	true	8192	8192	8192	1	0
swordofruin	onStart	603	6	6	61	Normal	0	0	0	10	0	1	2048	pikachu	0	1	1	1	1	0	1	0	100	0	0	1	0	Move	0	psn	figyberry	0	-1	99	0	1	suppress:0	undefined	true	2048	2048	2048	0	0
swordofruin	onStart	604	6	6	60	Fire	1	1	1	20	20	1	24576	greninjaash	1	1	1	0	0	6	0	1	60	100	1	1	false	Move	0	psn	sitrusberry	2	-1	1	0	1	suppress:0	undefined	true	24576	24576	24576	6	2
swordofruin	onStart	605	0	6	70	Fire	0	1	1	0	0	-1	2048	pikachu	1	1	0	0	1	0	1	2	100	0	0	1	null	Move	1	psn	figyberry	2	-1	99	1	1	suppress:0|log:-ability:0:Sword of Ruin:undefined	undefined	undefined	2048	2048	2048	0	2
swordofruin	onStart	606	-1	6	70	Bug	0	0	1	100	0	1	24576	greninjaash	1	0	0	0	1	6	0	0	60	160	0	0	null	Ability	0	brn	sitrusberry	0	1	0	0	1	suppress:0|log:-ability:0:Sword of Ruin:undefined	undefined	true	24576	24576	24576	6	0
swordofruin	onStart	607	6	0	61	Bug	0	1	1	10	100	0	8192	greninjabond	1	1	1	0	1	1	1	1	100	100	1	1	false	Move	1	psn	sitrusberry	0	1	0	0	1	suppress:0	undefined	false	8192	8192	8192	1	2
swordofruin	onStart	608	0	0	0	Water	0	1	0	10	100	-1	8192	pikachu	1	0	1	0	1	-1	1	0	0	100	0	0	true	Ability	1	psn	aguavberry	0	1	-1	1	0	suppress:0	undefined	undefined	8192	8192	8192	-1	2
swordofruin	onStart	609	6	1	70	Dark	1	0	1	0	0	1	16384	pikachu	1	1	0	0	0	1	0	2	0	100	1	1	undefined	Move	1	brn	sitrusberry	0	0	1	0	0	suppress:0|log:-ability:0:Sword of Ruin:undefined	undefined	true	16384	16384	16384	1	0
swordofruin	onStart	610	6	0	40	Ghost	1	0	0	100	20	1	8	greninjabond	1	0	0	0	0	-1	1	2	100	0	0	1	0	Ability	0	brn	sitrusberry	2	0	99	1	1	suppress:0|log:-ability:0:Sword of Ruin:undefined	undefined	true	8	8	8	-1	0
swordofruin	onStart	611	0	6	40	Water	0	0	1	10	-1	1	16384	greninjaash	0	1	0	0	0	6	1	2	60	160	1	0	false	Ability	0	brn	wikiberry	0	0	0	1	0	suppress:0|log:-ability:0:Sword of Ruin:undefined	undefined	true	16384	16384	16384	6	0
swordofruin	onStart	612	1	1	60	Fire	0	1	0	10	100	-1	16384	greninjaash	0	0	1	1	0	6	1	0	60	0	0	0	false	missing	0	psn	iapapaberry	2	0	99	0	0	suppress:0	undefined	undefined	16384	16384	16384	6	2
swordofruin	onStart	613	6	0	40	Bug	0	0	1	10	0	1	8192	greninjaash	0	0	0	0	1	6	0	0	60	0	0	1	false	missing	0	psn	wikiberry	1	-1	1	0	0	suppress:0|log:-ability:0:Sword of Ruin:undefined	undefined	true	8192	8192	8192	6	0
swordofruin	onStart	614	0	0	61	Ghost	0	1	1	0	0	-1	0	greninjaash	1	0	0	0	0	6	1	0	60	160	0	0	undefined	Ability	1	psn	wikiberry	2	1	99	1	0	suppress:0|log:-ability:0:Sword of Ruin:undefined	undefined	undefined	0	0	0	6	2
swordofruin	onStart	615	6	6	60	Fire	0	1	0	100	20	0	24576	greninjaash	0	1	1	0	0	0	1	2	0	0	0	0	null	Ability	1	psn	iapapaberry	0	1	1	1	0	suppress:0	undefined	false	24576	24576	24576	0	2
swordofruin	onStart	616	0	1	61	Bug	1	1	1	20	-1	1	24576	greninjaash	0	0	1	1	1	1	1	1	100	0	1	1	false	Move	0	psn	figyberry	1	0	99	0	0	suppress:0	undefined	true	24576	24576	24576	1	2
swordofruin	onStart	617	1	6	40	Fire	1	1	0	100	20	1	8192	greninjabond	0	0	0	1	0	1	1	2	60	0	1	1	true	Move	0	brn	aguavberry	2	0	-1	0	0	suppress:0|log:-ability:0:Sword of Ruin:undefined	undefined	true	8192	8192	8192	1	2
swordofruin	onStart	618	1	1	61	Bug	1	1	1	10	0	-1	0	pikachu	1	1	1	0	1	6	1	1	0	0	0	1	false	missing	1	psn	sitrusberry	1	1	99	0	0	suppress:0	undefined	undefined	0	0	0	6	2
swordofruin	onStart	619	-1	1	40	Normal	0	0	0	20	-1	0	2048	greninjaash	0	1	0	0	1	-1	0	2	100	0	0	0	undefined	Move	1	brn	sitrusberry	1	1	-1	1	1	suppress:0|log:-ability:0:Sword of Ruin:undefined	undefined	false	2048	2048	2048	-1	0
swordofruin	onStart	620	-1	6	40	Fire	1	0	1	0	100	0	0	greninjabond	1	0	0	0	0	1	1	0	0	100	0	1	true	Move	0	psn	figyberry	2	0	-1	0	0	suppress:0|log:-ability:0:Sword of Ruin:undefined	undefined	false	0	0	0	1	0
swordofruin	onStart	621	0	6	40	Normal	1	1	1	100	100	-1	0	pikachu	0	1	0	1	0	1	1	0	0	0	0	0	0	Ability	0	brn	wikiberry	0	1	1	0	0	suppress:0|log:-ability:0:Sword of Ruin:undefined	undefined	undefined	0	0	0	1	2
swordofruin	onStart	622	1	0	61	Normal	1	1	1	0	100	-1	8	pikachu	0	0	0	0	1	-1	1	1	0	100	0	0	0	Move	0	brn	figyberry	2	1	0	1	0	suppress:0|log:-ability:0:Sword of Ruin:undefined	undefined	undefined	8	8	8	-1	2
swordofruin	onStart	623	-1	1	60	Dark	1	1	1	20	0	0	8	greninjaash	0	1	0	1	1	-1	1	2	0	100	1	0	0	Move	1	brn	aguavberry	1	1	1	1	1	suppress:0|log:-ability:0:Sword of Ruin:undefined	undefined	false	8	8	8	-1	2
swordofruin	onStart	624	0	6	61	Bug	1	0	0	100	100	1	0	pikachu	1	1	0	0	0	-1	0	0	60	0	1	0	false	Move	0	psn	magoberry	1	-1	1	0	1	suppress:0|log:-ability:0:Sword of Ruin:undefined	undefined	true	0	0	0	-1	0
swordofruin	onStart	625	1	0	60	Water	0	0	0	100	0	-1	16384	pikachu	0	1	0	1	0	1	0	0	60	0	1	0	false	Ability	0	psn	magoberry	2	1	0	1	0	suppress:0|log:-ability:0:Sword of Ruin:undefined	undefined	undefined	16384	16384	16384	1	0
swordofruin	onStart	626	0	6	60	Dark	1	1	1	100	-1	-1	8	pikachu	1	1	1	0	0	1	0	1	60	0	0	1	undefined	missing	1	brn	wikiberry	0	-1	99	0	0	suppress:0	undefined	undefined	8	8	8	1	2
swordofruin	onStart	627	6	1	60	Fire	0	0	1	20	20	1	8192	greninjaash	1	1	1	1	1	0	0	1	60	0	1	1	undefined	Ability	1	brn	aguavberry	2	1	1	0	0	suppress:0	undefined	true	8192	8192	8192	0	0
swordofruin	onStart	628	1	1	61	Dark	1	1	1	100	100	0	2048	greninjaash	0	1	1	1	0	1	1	1	60	0	1	0	0	Move	1	psn	sitrusberry	0	1	0	0	1	suppress:0	undefined	false	2048	2048	2048	1	2
swordofruin	onStart	629	1	6	70	Dark	0	0	1	0	100	1	2048	pikachu	1	0	0	1	0	-1	0	1	100	100	1	0	null	Move	1	psn	magoberry	1	0	1	0	0	suppress:0|log:-ability:0:Sword of Ruin:undefined	undefined	true	2048	2048	2048	-1	0
swordofruin	onStart	630	6	6	0	Bug	1	0	1	0	20	0	2048	greninjabond	0	1	1	0	1	-1	0	1	0	160	1	0	null	Ability	0	psn	sitrusberry	0	0	99	0	1	suppress:0	undefined	false	2048	2048	2048	-1	0
swordofruin	onStart	631	0	1	60	Bug	1	1	0	0	100	1	8	greninjabond	0	1	1	1	1	6	1	0	60	0	1	1	0	Move	1	brn	figyberry	0	0	99	0	0	suppress:0	undefined	true	8	8	8	6	2
swordofruin	onStart	632	1	6	0	Bug	0	0	0	0	20	1	0	greninjaash	0	0	1	1	0	0	0	0	100	0	0	1	true	Move	0	psn	leftovers	1	-1	0	0	1	suppress:0	undefined	true	0	0	0	0	0
swordofruin	onStart	633	1	1	70	Normal	1	1	0	20	-1	-1	16384	pikachu	1	0	0	0	1	1	1	2	100	160	1	0	true	Move	1	psn	iapapaberry	0	0	99	1	0	suppress:0|log:-ability:0:Sword of Ruin:undefined	undefined	undefined	16384	16384	16384	1	2
swordofruin	onStart	634	-1	0	61	Fire	1	1	1	10	20	-1	24576	pikachu	1	0	1	0	0	-1	1	1	60	160	0	1	true	Move	0	psn	aguavberry	2	1	99	1	1	suppress:0	undefined	undefined	24576	24576	24576	-1	2
swordofruin	onStart	635	0	1	0	Ghost	1	0	0	100	100	0	8192	pikachu	1	1	0	1	0	1	0	2	0	100	1	0	true	missing	1	psn	figyberry	0	0	0	1	1	suppress:0|log:-ability:0:Sword of Ruin:undefined	undefined	false	8192	8192	8192	1	0
swordofruin	onStart	636	-1	1	70	Dark	0	1	0	20	100	-1	24576	pikachu	1	1	1	0	0	0	0	0	0	100	0	1	true	Ability	1	brn	figyberry	0	1	1	0	1	suppress:0	undefined	undefined	24576	24576	24576	0	2
swordofruin	onStart	637	-1	0	0	Dark	1	1	0	20	100	1	8	greninjaash	0	1	1	1	0	1	1	1	100	160	1	1	undefined	missing	0	psn	aguavberry	2	0	0	1	0	suppress:0	undefined	true	8	8	8	1	2
swordofruin	onStart	638	0	1	60	Dark	1	0	0	0	-1	0	16384	greninjabond	0	1	1	0	0	0	1	2	0	100	1	0	true	Move	1	brn	figyberry	2	-1	0	1	1	suppress:0	undefined	false	16384	16384	16384	0	0
swordofruin	onStart	639	0	6	0	Normal	1	1	0	100	20	-1	24576	pikachu	1	1	0	0	0	1	0	0	60	0	0	1	0	Ability	0	psn	figyberry	0	1	-1	1	1	suppress:0|log:-ability:0:Sword of Ruin:undefined	undefined	undefined	24576	24576	24576	1	2
swordofruin	onStart	640	1	0	0	Normal	1	1	1	10	0	-1	2048	pikachu	1	0	1	0	0	6	0	2	60	160	1	0	true	Move	1	psn	figyberry	1	0	-1	0	0	suppress:0	undefined	undefined	2048	2048	2048	6	2
swordofruin	onStart	641	0	6	70	Ghost	1	0	0	20	100	0	8	pikachu	0	1	0	0	1	1	0	0	60	100	1	0	0	missing	0	brn	iapapaberry	2	0	-1	1	0	suppress:0|log:-ability:0:Sword of Ruin:undefined	undefined	false	8	8	8	1	0
swordofruin	onStart	642	-1	6	70	Water	0	0	1	100	100	0	2048	pikachu	0	0	0	0	1	6	1	1	60	0	1	1	null	Move	1	brn	figyberry	2	0	99	0	1	suppress:0|log:-ability:0:Sword of Ruin:undefined	undefined	false	2048	2048	2048	6	0
swordofruin	onStart	643	-1	6	70	Water	1	0	0	0	100	-1	8192	greninjabond	1	1	1	0	1	6	0	0	60	100	0	0	0	Ability	1	psn	magoberry	1	-1	99	1	0	suppress:0	undefined	undefined	8192	8192	8192	6	0
swordofruin	onStart	644	1	1	60	Water	1	0	1	10	100	0	24576	greninjabond	1	0	0	1	0	0	0	2	0	100	1	0	true	Ability	1	brn	iapapaberry	2	-1	99	1	1	suppress:0|log:-ability:0:Sword of Ruin:undefined	undefined	false	24576	24576	24576	0	0
swordofruin	onStart	645	1	0	70	Normal	1	1	0	100	100	-1	0	greninjabond	1	0	1	0	1	-1	1	0	60	160	1	1	undefined	missing	1	brn	magoberry	2	1	0	1	0	suppress:0	undefined	undefined	0	0	0	-1	2
swordofruin	onStart	646	1	1	40	Water	1	1	0	0	0	-1	24576	pikachu	0	0	1	0	1	0	1	2	0	160	1	0	false	Move	0	psn	sitrusberry	2	-1	99	0	0	suppress:0	undefined	undefined	24576	24576	24576	0	2
swordofruin	onStart	647	1	6	60	Normal	0	1	1	10	0	-1	0	greninjabond	1	1	1	1	1	0	0	2	0	0	1	0	0	Ability	0	psn	magoberry	0	1	-1	1	0	suppress:0	undefined	undefined	0	0	0	0	2
swordofruin	onStart	648	1	1	60	Bug	0	1	0	20	20	1	8	greninjaash	1	1	0	1	0	-1	1	2	60	160	1	1	undefined	Ability	1	psn	wikiberry	2	0	99	0	0	suppress:0|log:-ability:0:Sword of Ruin:undefined	undefined	true	8	8	8	-1	2
swordofruin	onStart	649	0	0	0	Water	0	0	0	20	-1	1	2048	greninjaash	0	0	0	1	1	1	0	0	0	100	0	1	false	missing	1	brn	magoberry	1	-1	1	0	0	suppress:0|log:-ability:0:Sword of Ruin:undefined	undefined	true	2048	2048	2048	1	0
swordofruin	onStart	650	6	6	61	Fire	0	0	0	10	0	1	24576	pikachu	0	0	0	0	0	0	0	1	100	100	1	1	true	missing	1	psn	wikiberry	1	-1	99	1	0	suppress:0|log:-ability:0:Sword of Ruin:undefined	undefined	true	24576	24576	24576	0	0
swordofruin	onStart	651	6	6	70	Bug	1	0	1	0	0	0	24576	greninjabond	0	1	0	0	1	-1	0	2	0	160	1	1	false	missing	1	brn	figyberry	2	0	1	0	1	suppress:0|log:-ability:0:Sword of Ruin:undefined	undefined	false	24576	24576	24576	-1	0
swordofruin	onStart	652	-1	1	70	Water	0	0	0	0	0	-1	8192	greninjabond	0	1	1	0	1	0	0	2	0	0	1	0	0	Ability	1	brn	magoberry	2	-1	-1	1	0	suppress:0	undefined	undefined	8192	8192	8192	0	0
swordofruin	onStart	653	6	6	70	Normal	0	0	0	10	20	1	8192	greninjabond	1	1	1	0	1	1	0	2	0	160	1	0	null	Ability	0	brn	leftovers	0	-1	-1	1	0	suppress:0	undefined	true	8192	8192	8192	1	0
swordofruin	onStart	654	6	6	70	Ghost	1	1	0	0	0	-1	0	greninjaash	0	0	0	0	0	1	0	1	100	100	0	0	undefined	missing	0	brn	leftovers	0	-1	0	1	1	suppress:0|log:-ability:0:Sword of Ruin:undefined	undefined	undefined	0	0	0	1	2
swordofruin	onStart	655	6	1	40	Ghost	0	1	0	0	100	1	2048	greninjaash	1	1	0	1	1	-1	0	1	0	100	0	0	null	Move	0	brn	leftovers	1	-1	0	0	1	suppress:0|log:-ability:0:Sword of Ruin:undefined	undefined	true	2048	2048	2048	-1	2
swordofruin	onStart	656	1	0	70	Water	1	0	0	100	0	1	24576	greninjaash	0	1	1	0	0	1	1	2	100	0	0	1	true	Ability	1	psn	figyberry	2	-1	1	0	1	suppress:0	undefined	true	24576	24576	24576	1	0
swordofruin	onStart	657	0	6	70	Water	1	1	1	10	100	1	24576	pikachu	1	1	1	1	0	1	1	1	100	160	0	1	undefined	Ability	0	psn	figyberry	1	0	-1	0	0	suppress:0	undefined	true	24576	24576	24576	1	2
swordofruin	onStart	658	1	6	70	Normal	0	1	0	100	20	-1	8192	pikachu	0	1	0	0	1	-1	1	2	60	0	1	1	undefined	missing	0	brn	aguavberry	0	0	99	0	0	suppress:0|log:-ability:0:Sword of Ruin:undefined	undefined	undefined	8192	8192	8192	-1	2
swordofruin	onStart	659	0	0	40	Ghost	0	1	0	10	-1	-1	8192	greninjabond	0	0	0	1	0	0	0	0	100	160	0	1	null	Ability	0	brn	sitrusberry	0	-1	0	1	0	suppress:0|log:-ability:0:Sword of Ruin:undefined	undefined	undefined	8192	8192	8192	0	2
swordofruin	onStart	660	6	1	70	Water	1	1	0	0	0	0	8	greninjabond	1	1	0	1	1	-1	1	1	0	0	0	1	0	Move	0	brn	iapapaberry	1	-1	0	1	0	suppress:0|log:-ability:0:Sword of Ruin:undefined	undefined	false	8	8	8	-1	2
swordofruin	onStart	661	0	0	61	Ghost	1	1	0	20	20	-1	2048	greninjabond	0	0	1	1	1	-1	1	0	100	0	1	0	undefined	Ability	0	psn	aguavberry	1	0	-1	0	0	suppress:0	undefined	undefined	2048	2048	2048	-1	2
swordofruin	onStart	662	-1	1	70	Bug	0	1	1	0	100	0	16384	greninjabond	1	1	0	0	1	6	1	1	60	160	0	0	undefined	Move	1	psn	iapapaberry	1	0	99	0	1	suppress:0|log:-ability:0:Sword of Ruin:undefined	undefined	false	16384	16384	16384	6	2
swordofruin	onStart	663	6	6	61	Ghost	0	1	1	20	20	0	2048	pikachu	0	1	0	0	0	6	0	1	100	100	1	1	null	Move	0	brn	sitrusberry	0	0	0	1	0	suppress:0|log:-ability:0:Sword of Ruin:undefined	undefined	false	2048	2048	2048	6	2
swordofruin	onStart	664	1	6	70	Water	0	1	1	10	20	1	24576	pikachu	1	0	1	1	0	6	1	1	100	100	1	0	null	Move	1	psn	iapapaberry	2	0	0	1	1	suppress:0	undefined	true	24576	24576	24576	6	2
swordofruin	onStart	665	-1	6	60	Fire	1	0	1	10	0	1	16384	greninjaash	0	0	1	1	0	1	0	1	100	0	0	0	undefined	Ability	0	brn	wikiberry	0	1	0	0	0	suppress:0	undefined	true	16384	16384	16384	1	0
swordofruin	onStart	666	0	0	0	Ghost	0	1	0	10	100	-1	2048	greninjabond	0	1	1	0	0	1	1	1	100	100	0	0	0	Ability	1	psn	sitrusberry	1	1	-1	0	1	suppress:0	undefined	undefined	2048	2048	2048	1	2
swordofruin	onStart	667	-1	1	70	Fire	0	1	1	10	20	1	2048	greninjabond	0	0	1	0	1	1	1	1	0	0	1	0	false	missing	0	psn	magoberry	0	0	99	0	1	suppress:0	undefined	true	2048	2048	2048	1	2
swordofruin	onStart	668	0	0	61	Normal	1	1	1	100	0	0	16384	greninjaash	0	0	0	0	1	-1	1	0	100	160	1	0	true	Move	0	brn	iapapaberry	2	0	1	1	1	suppress:0|log:-ability:0:Sword of Ruin:undefined	undefined	false	16384	16384	16384	-1	2
swordofruin	onStart	669	6	1	61	Ghost	1	0	0	0	20	-1	16384	greninjaash	1	1	1	1	0	1	0	0	60	0	0	0	false	Ability	1	psn	magoberry	1	0	99	0	0	suppress:0	undefined	undefined	16384	16384	16384	1	0
swordofruin	onStart	670	0	0	70	Fire	0	0	1	0	20	0	24576	pikachu	1	1	0	0	0	6	1	0	0	100	0	0	undefined	Move	0	brn	magoberry	0	0	0	0	0	suppress:0|log:-ability:0:Sword of Ruin:undefined	undefined	false	24576	24576	24576	6	0
swordofruin	onStart	671	-1	6	70	Bug	1	1	0	10	0	0	16384	greninjabond	0	1	1	0	1	1	0	0	60	160	0	0	true	missing	0	brn	wikiberry	1	0	1	1	1	suppress:0	undefined	false	16384	16384	16384	1	2
swordofruin	onStart	672	1	0	60	Normal	0	1	0	20	-1	0	8192	greninjabond	0	0	0	0	1	0	0	0	0	100	1	1	undefined	Ability	0	psn	wikiberry	1	0	-1	1	1	suppress:0|log:-ability:0:Sword of Ruin:undefined	undefined	false	8192	8192	8192	0	2
swordofruin	onStart	673	-1	0	0	Fire	0	1	1	0	20	-1	2048	greninjabond	0	1	1	0	0	1	1	0	0	160	0	0	false	missing	1	brn	figyberry	2	1	99	1	0	suppress:0	undefined	undefined	2048	2048	2048	1	2
swordofruin	onStart	674	-1	0	70	Normal	0	0	1	0	0	0	8192	greninjabond	0	0	1	1	0	0	0	2	100	0	0	0	null	Move	0	brn	aguavberry	0	1	-1	1	0	suppress:0	undefined	false	8192	8192	8192	0	0
swordofruin	onStart	675	6	0	40	Ghost	0	1	0	20	20	-1	2048	pikachu	0	0	0	0	0	6	1	2	100	100	1	0	true	missing	0	psn	aguavberry	2	-1	1	0	0	suppress:0|log:-ability:0:Sword of Ruin:undefined	undefined	undefined	2048	2048	2048	6	2
swordofruin	onStart	676	6	0	0	Normal	0	0	0	20	0	0	0	pikachu	1	0	1	1	1	6	1	1	60	160	1	1	undefined	Ability	0	brn	wikiberry	2	1	99	1	1	suppress:0	undefined	false	0	0	0	6	0
swordofruin	onStart	677	-1	0	40	Normal	0	1	1	20	-1	-1	24576	greninjaash	1	0	0	0	0	-1	1	2	60	0	0	1	undefined	Move	0	brn	magoberry	1	1	99	0	0	suppress:0|log:-ability:0:Sword of Ruin:undefined	undefined	undefined	24576	24576	24576	-1	2
swordofruin	onStart	678	1	1	70	Normal	0	0	1	0	-1	-1	16384	greninjaash	1	0	1	0	0	-1	0	1	100	100	1	0	null	missing	0	psn	sitrusberry	0	0	99	1	0	suppress:0	undefined	undefined	16384	16384	16384	-1	0
swordofruin	onStart	679	0	1	70	Water	1	1	1	0	100	0	0	greninjaash	0	1	0	1	1	0	0	1	0	100	0	0	0	Ability	1	psn	sitrusberry	0	0	1	0	0	suppress:0|log:-ability:0:Sword of Ruin:undefined	undefined	false	0	0	0	0	2
swordofruin	onStart	680	6	0	0	Normal	1	0	0	100	100	-1	0	pikachu	1	1	1	1	1	6	0	1	0	0	0	0	false	Ability	0	psn	magoberry	0	-1	99	1	0	suppress:0	undefined	undefined	0	0	0	6	0
swordofruin	onStart	681	-1	6	70	Bug	1	0	1	0	0	-1	8	pikachu	1	0	1	0	1	1	0	2	0	0	0	1	undefined	Ability	0	psn	magoberry	2	1	-1	1	1	suppress:0	undefined	undefined	8	8	8	1	0
swordofruin	onStart	682	-1	0	61	Dark	0	0	1	20	-1	1	16384	pikachu	1	0	1	1	1	-1	1	1	0	0	0	0	true	Move	0	brn	aguavberry	2	0	-1	0	0	suppress:0	undefined	true	16384	16384	16384	-1	0
swordofruin	onStart	683	1	0	60	Water	1	1	0	20	100	1	16384	greninjaash	1	0	1	1	0	-1	1	0	100	0	0	1	null	missing	0	brn	magoberry	2	0	-1	1	1	suppress:0	undefined	true	16384	16384	16384	-1	2
swordofruin	onStart	684	0	1	60	Water	1	0	0	10	0	1	0	greninjabond	1	1	0	0	1	6	0	1	60	100	0	0	true	Ability	1	brn	magoberry	2	-1	-1	0	0	suppress:0|log:-ability:0:Sword of Ruin:undefined	undefined	true	0	0	0	6	0
swordofruin	onStart	685	1	6	0	Dark	1	0	1	100	-1	0	0	greninjabond	0	1	0	0	0	1	0	0	100	100	0	1	null	missing	1	brn	aguavberry	0	1	1	1	0	suppress:0|log:-ability:0:Sword of Ruin:undefined	undefined	false	0	0	0	1	0
swordofruin	onStart	686	-1	6	61	Fire	0	1	0	0	0	0	2048	pikachu	1	0	1	0	1	-1	1	0	0	160	1	0	null	Ability	1	psn	aguavberry	0	-1	0	0	1	suppress:0	undefined	false	2048	2048	2048	-1	2
swordofruin	onStart	687	0	0	40	Dark	1	1	1	20	20	1	8192	greninjaash	0	1	1	1	0	-1	1	0	100	100	1	1	0	Move	1	psn	magoberry	0	-1	99	1	1	suppress:0	undefined	true	8192	8192	8192	-1	2
swordofruin	onStart	688	6	6	60	Bug	0	0	1	0	-1	-1	16384	greninjabond	1	0	1	0	1	-1	0	0	60	100	1	1	false	missing	0	psn	wikiberry	1	0	1	1	0	suppress:0	undefined	undefined	16384	16384	16384	-1	0
swordofruin	onStart	689	6	0	40	Bug	1	1	1	100	-1	-1	2048	pikachu	0	1	1	1	1	6	0	1	100	100	0	1	true	Ability	1	psn	sitrusberry	2	0	1	1	1	suppress:0	undefined	undefined	2048	2048	2048	6	2
swordofruin	onStart	690	6	1	70	Normal	1	0	1	0	20	1	16384	greninjabond	1	1	1	1	0	1	0	0	100	0	1	0	0	missing	1	psn	iapapaberry	1	0	-1	1	1	suppress:0	undefined	true	16384	16384	16384	1	0
swordofruin	onStart	691	-1	1	70	Normal	1	1	1	100	0	0	2048	greninjabond	1	0	0	1	1	0	1	2	60	160	1	1	undefined	Ability	0	brn	sitrusberry	0	0	99	0	0	suppress:0|log:-ability:0:Sword of Ruin:undefined	undefined	false	2048	2048	2048	0	2
swordofruin	onStart	692	6	0	40	Water	0	1	1	0	-1	0	8	greninjabond	0	1	0	1	0	1	0	1	0	160	1	1	false	missing	1	brn	sitrusberry	0	1	0	0	0	suppress:0|log:-ability:0:Sword of Ruin:undefined	undefined	false	8	8	8	1	2
swordofruin	onStart	693	-1	1	61	Fire	1	1	1	10	-1	-1	24576	greninjaash	1	0	0	1	1	-1	0	2	60	100	0	0	undefined	Move	0	psn	iapapaberry	2	1	1	1	0	suppress:0|log:-ability:0:Sword of Ruin:undefined	undefined	undefined	24576	24576	24576	-1	2
swordofruin	onStart	694	0	1	61	Normal	0	1	0	0	100	-1	8	greninjaash	1	0	1	0	0	0	1	2	0	160	1	0	0	Move	0	brn	iapapaberry	2	0	99	1	1	suppress:0	undefined	undefined	8	8	8	0	2
swordofruin	onStart	695	1	1	61	Ghost	0	1	0	10	0	0	24576	greninjabond	1	1	0	0	1	6	1	1	100	0	0	1	true	missing	1	brn	magoberry	0	0	-1	1	0	suppress:0|log:-ability:0:Sword of Ruin:undefined	undefined	false	24576	24576	24576	6	2
swordofruin	onStart	696	6	1	61	Water	1	1	0	10	100	1	2048	pikachu	0	0	0	1	1	1	1	1	60	100	1	0	true	Ability	1	brn	wikiberry	0	0	0	1	1	suppress:0|log:-ability:0:Sword of Ruin:undefined	undefined	true	2048	2048	2048	1	2
swordofruin	onStart	697	6	1	0	Fire	0	0	1	100	100	0	8192	pikachu	1	0	0	1	1	6	1	2	60	0	1	1	false	Ability	0	brn	magoberry	2	0	99	1	1	suppress:0|log:-ability:0:Sword of Ruin:undefined	undefined	false	8192	8192	8192	6	0
swordofruin	onStart	698	1	6	0	Ghost	1	1	0	20	0	0	8	greninjabond	1	1	0	1	1	0	0	2	100	100	1	0	false	Ability	0	brn	leftovers	2	1	-1	0	1	suppress:0|log:-ability:0:Sword of Ruin:undefined	undefined	false	8	8	8	0	2
swordofruin	onStart	699	6	6	60	Dark	1	1	0	100	0	-1	16384	pikachu	1	0	0	0	0	1	1	1	100	0	0	0	null	Ability	1	brn	iapapaberry	1	0	0	0	1	suppress:0|log:-ability:0:Sword of Ruin:undefined	undefined	undefined	16384	16384	16384	1	2
swordofruin	onStart	700	1	0	60	Normal	1	0	0	100	-1	0	8192	pikachu	1	0	1	0	0	1	0	0	0	100	1	0	null	Ability	1	brn	iapapaberry	2	1	1	0	1	suppress:0	undefined	false	8192	8192	8192	1	0
swordofruin	onStart	701	0	0	70	Normal	0	0	1	20	0	-1	2048	greninjabond	1	1	0	1	1	1	1	0	60	160	0	0	true	missing	1	brn	magoberry	2	-1	1	1	0	suppress:0|log:-ability:0:Sword of Ruin:undefined	undefined	undefined	2048	2048	2048	1	0
swordofruin	onStart	702	1	6	60	Ghost	0	0	0	0	100	0	0	pikachu	0	1	1	0	1	0	0	0	100	100	0	0	true	missing	0	psn	sitrusberry	0	0	0	0	0	suppress:0	undefined	false	0	0	0	0	0
swordofruin	onStart	703	6	1	61	Dark	0	1	1	100	100	-1	24576	greninjabond	1	1	0	1	1	1	1	2	60	160	1	0	0	missing	1	brn	iapapaberry	0	-1	-1	0	1	suppress:0|log:-ability:0:Sword of Ruin:undefined	undefined	undefined	24576	24576	24576	1	2
swordofruin	onStart	704	6	0	70	Water	0	1	0	20	-1	-1	8	greninjaash	1	1	1	0	1	6	1	2	60	160	0	1	null	missing	1	brn	wikiberry	0	1	-1	0	1	suppress:0	undefined	undefined	8	8	8	6	2
swordofruin	onStart	705	6	6	0	Normal	1	1	0	100	-1	1	0	pikachu	1	0	0	0	1	6	0	1	0	160	1	0	false	Move	0	brn	figyberry	0	-1	0	0	1	suppress:0|log:-ability:0:Sword of Ruin:undefined	undefined	true	0	0	0	6	2
swordofruin	onStart	706	0	0	0	Water	1	1	0	0	-1	-1	2048	pikachu	1	0	0	1	0	6	1	1	60	100	1	0	true	Ability	0	psn	magoberry	2	-1	-1	0	0	suppress:0|log:-ability:0:Sword of Ruin:undefined	undefined	undefined	2048	2048	2048	6	2
swordofruin	onStart	707	1	6	40	Ghost	0	1	1	0	-1	-1	8	greninjaash	0	0	1	0	0	6	0	2	60	160	1	1	false	Ability	1	psn	magoberry	0	0	-1	1	0	suppress:0	undefined	undefined	8	8	8	6	2
swordofruin	onStart	708	-1	0	40	Water	0	0	0	20	-1	0	8	greninjaash	0	0	0	1	0	0	1	2	100	0	0	1	null	Ability	0	brn	iapapaberry	1	0	99	0	1	suppress:0|log:-ability:0:Sword of Ruin:undefined	undefined	false	8	8	8	0	0
swordofruin	onStart	709	6	6	0	Normal	1	1	1	0	0	-1	8	greninjabond	0	1	0	1	1	-1	0	2	100	160	0	1	false	Move	1	brn	magoberry	2	1	0	1	0	suppress:0|log:-ability:0:Sword of Ruin:undefined	undefined	undefined	8	8	8	-1	2
swordofruin	onStart	710	6	1	0	Normal	1	0	1	0	20	1	2048	greninjabond	0	1	0	0	0	1	1	0	60	160	0	0	0	Move	1	brn	magoberry	1	1	99	0	1	suppress:0|log:-ability:0:Sword of Ruin:undefined	undefined	true	2048	2048	2048	1	0
swordofruin	onStart	711	6	6	70	Bug	0	1	0	20	20	1	8192	pikachu	1	1	1	1	0	0	1	1	0	160	0	0	false	Ability	1	psn	leftovers	1	1	0	1	0	suppress:0	undefined	true	8192	8192	8192	0	2
swordofruin	onStart	712	6	0	60	Ghost	0	0	1	100	100	1	8	greninjabond	0	1	0	1	0	0	1	0	0	160	1	0	undefined	missing	1	brn	sitrusberry	0	-1	-1	0	0	suppress:0|log:-ability:0:Sword of Ruin:undefined	undefined	true	8	8	8	0	0
swordofruin	onStart	713	6	1	61	Water	0	0	0	20	20	0	16384	pikachu	0	1	0	0	0	6	1	0	60	160	1	0	null	missing	1	psn	aguavberry	1	0	1	0	1	suppress:0|log:-ability:0:Sword of Ruin:undefined	undefined	false	16384	16384	16384	6	0
swordofruin	onStart	714	-1	0	0	Ghost	1	0	0	20	20	1	2048	greninjabond	1	0	0	1	0	1	0	1	0	100	0	0	null	missing	1	brn	iapapaberry	0	1	-1	1	0	suppress:0|log:-ability:0:Sword of Ruin:undefined	undefined	true	2048	2048	2048	1	0
swordofruin	onStart	715	-1	6	0	Bug	0	1	0	10	20	0	8	greninjaash	0	0	0	1	1	-1	0	0	0	0	0	1	0	missing	1	psn	iapapaberry	1	0	1	0	1	suppress:0|log:-ability:0:Sword of Ruin:undefined	undefined	false	8	8	8	-1	2
swordofruin	onStart	716	1	0	0	Bug	0	1	1	10	-1	1	0	greninjabond	1	1	0	0	0	0	1	0	60	0	1	0	undefined	Move	0	brn	iapapaberry	2	0	0	0	1	suppress:0|log:-ability:0:Sword of Ruin:undefined	undefined	true	0	0	0	0	2
swordofruin	onStart	717	0	6	70	Dark	1	0	1	10	0	1	8192	greninjaash	1	0	1	0	1	1	1	0	60	160	1	1	null	Move	0	psn	iapapaberry	1	1	0	0	0	suppress:0	undefined	true	8192	8192	8192	1	0
swordofruin	onStart	718	-1	6	60	Ghost	1	0	1	0	-1	0	8192	greninjabond	0	0	0	0	0	6	1	0	60	160	0	0	null	missing	0	psn	magoberry	0	0	0	1	1	suppress:0|log:-ability:0:Sword of Ruin:undefined	undefined	false	8192	8192	8192	6	0
swordofruin	onStart	719	-1	6	60	Normal	1	1	1	0	0	1	8192	pikachu	0	0	0	0	1	-1	1	0	100	100	0	1	0	Ability	1	psn	aguavberry	1	-1	0	0	1	suppress:0|log:-ability:0:Sword of Ruin:undefined	undefined	true	8192	8192	8192	-1	2
swordofruin	onStart	720	-1	1	60	Ghost	1	1	0	0	20	-1	8	greninjabond	1	0	0	1	0	1	1	0	100	160	0	1	0	Move	0	brn	aguavberry	1	-1	99	0	0	suppress:0|log:-ability:0:Sword of Ruin:undefined	undefined	undefined	8	8	8	1	2
swordofruin	onStart	721	1	6	60	Dark	0	1	0	20	0	1	8	greninjabond	1	0	0	1	0	6	0	2	100	100	1	1	0	missing	0	psn	sitrusberry	2	0	-1	0	1	suppress:0|log:-ability:0:Sword of Ruin:undefined	undefined	true	8	8	8	6	2
swordofruin	onStart	722	-1	0	70	Normal	1	0	1	0	100	-1	8	greninjabond	0	0	1	1	1	-1	0	0	60	0	0	0	undefined	missing	0	psn	figyberry	1	1	-1	0	1	suppress:0	undefined	undefined	8	8	8	-1	0
swordofruin	onStart	723	6	0	60	Bug	0	1	1	10	20	-1	24576	pikachu	0	0	1	1	0	0	0	0	0	160	0	0	true	Move	1	brn	magoberry	0	1	0	0	0	suppress:0	undefined	undefined	24576	24576	24576	0	2
swordofruin	onStart	724	-1	0	60	Bug	1	1	0	0	-1	-1	16384	greninjabond	0	0	1	0	0	0	1	0	100	160	1	1	false	missing	0	brn	sitrusberry	0	-1	1	1	0	suppress:0	undefined	undefined	16384	16384	16384	0	2
swordofruin	onStart	725	6	0	61	Dark	0	1	0	100	100	-1	2048	greninjabond	1	1	1	0	0	-1	0	2	100	160	1	1	true	Move	1	psn	leftovers	0	1	-1	0	0	suppress:0	undefined	undefined	2048	2048	2048	-1	2
swordofruin	onStart	726	1	1	61	Water	1	1	1	0	0	0	0	greninjabond	0	0	0	0	1	6	0	2	60	0	1	0	true	Ability	0	brn	iapapaberry	2	0	-1	0	0	suppress:0|log:-ability:0:Sword of Ruin:undefined	undefined	false	0	0	0	6	2
swordofruin	onStart	727	0	0	40	Ghost	1	0	1	100	100	0	8192	pikachu	0	0	1	0	0	6	0	2	0	160	1	0	true	Ability	0	psn	magoberry	1	-1	1	0	1	suppress:0	undefined	false	8192	8192	8192	6	0
swordofruin	onStart	728	-1	1	0	Ghost	0	1	1	10	0	-1	0	greninjaash	1	0	1	0	0	-1	0	0	0	160	0	0	false	missing	0	brn	figyberry	0	0	1	0	1	suppress:0	undefined	undefined	0	0	0	-1	2
swordofruin	onStart	729	1	1	70	Dark	1	0	0	10	20	-1	0	pikachu	1	1	0	1	0	6	0	1	100	160	1	1	false	Ability	1	brn	leftovers	1	-1	1	1	1	suppress:0|log:-ability:0:Sword of Ruin:undefined	undefined	undefined	0	0	0	6	0
swordofruin	onStart	730	6	0	61	Dark	0	1	1	20	0	0	0	greninjaash	0	1	1	1	0	6	1	1	100	100	0	0	undefined	missing	0	brn	wikiberry	0	1	-1	1	1	suppress:0	undefined	false	0	0	0	6	2
swordofruin	onStart	731	1	0	61	Fire	1	1	1	20	100	-1	24576	pikachu	1	0	0	0	0	1	0	0	0	160	1	0	false	Ability	1	brn	wikiberry	0	0	-1	1	0	suppress:0|log:-ability:0:Sword of Ruin:undefined	undefined	undefined	24576	24576	24576	1	2
swordofruin	onStart	732	1	0	70	Normal	0	0	0	100	-1	0	16384	greninjabond	0	0	0	1	1	-1	1	1	100	0	0	0	false	Ability	1	brn	aguavberry	2	0	99	1	0	suppress:0|log:-ability:0:Sword of Ruin:undefined	undefined	false	16384	16384	16384	-1	0
swordofruin	onStart	733	-1	6	61	Normal	1	0	0	10	100	1	24576	greninjabond	0	0	1	1	0	1	0	2	60	100	1	0	null	Ability	0	brn	iapapaberry	0	0	-1	0	0	suppress:0	undefined	true	24576	24576	24576	1	0
swordofruin	onStart	734	6	1	61	Dark	1	1	0	0	100	0	0	greninjaash	0	1	1	1	0	-1	1	2	100	100	1	1	null	Move	1	psn	iapapaberry	0	1	1	1	0	suppress:0	undefined	false	0	0	0	-1	2
swordofruin	onStart	735	1	1	60	Dark	1	0	0	20	20	0	16384	greninjaash	0	0	0	1	0	6	0	1	0	160	0	0	true	missing	0	brn	wikiberry	1	-1	1	1	0	suppress:0|log:-ability:0:Sword of Ruin:undefined	undefined	false	16384	16384	16384	6	0
swordofruin	onStart	736	-1	6	61	Ghost	1	0	1	20	20	1	0	greninjaash	0	1	0	1	0	0	0	1	0	160	1	1	true	missing	0	brn	aguavberry	2	0	0	0	1	suppress:0|log:-ability:0:Sword of Ruin:undefined	undefined	true	0	0	0	0	0
swordofruin	onStart	737	1	6	40	Water	0	1	0	10	100	0	8192	pikachu	0	0	1	1	1	6	1	2	0	0	0	0	true	Move	0	psn	figyberry	1	1	99	1	1	suppress:0	undefined	false	8192	8192	8192	6	2
swordofruin	onStart	738	1	0	61	Normal	0	1	1	0	-1	1	2048	greninjaash	0	1	1	1	1	0	0	2	0	160	1	0	null	Ability	1	psn	wikiberry	1	0	-1	0	0	suppress:0	undefined	true	2048	2048	2048	0	2
swordofruin	onStart	739	-1	1	61	Dark	1	1	0	20	0	-1	8	pikachu	1	0	1	1	1	-1	0	1	0	100	0	1	undefined	Ability	1	psn	aguavberry	2	-1	1	0	1	suppress:0	undefined	undefined	8	8	8	-1	2
swordofruin	onStart	740	0	6	70	Bug	1	0	1	20	20	-1	8	pikachu	1	1	0	0	1	-1	0	1	60	160	1	1	undefined	Ability	1	brn	figyberry	0	1	-1	1	1	suppress:0|log:-ability:0:Sword of Ruin:undefined	undefined	undefined	8	8	8	-1	0
swordofruin	onStart	741	1	0	60	Ghost	1	1	0	20	100	0	0	greninjaash	1	1	1	1	0	-1	1	2	0	160	1	0	false	missing	1	brn	leftovers	0	1	99	1	1	suppress:0	undefined	false	0	0	0	-1	2
swordofruin	onStart	742	-1	1	70	Normal	1	0	0	10	100	-1	8192	pikachu	0	1	1	1	1	-1	0	0	0	160	1	1	undefined	Ability	0	brn	magoberry	1	1	-1	0	1	suppress:0	undefined	undefined	8192	8192	8192	-1	0
swordofruin	onStart	743	1	6	70	Bug	1	0	1	0	-1	1	0	pikachu	1	0	0	1	1	1	0	1	100	0	1	1	0	missing	0	brn	leftovers	1	0	99	0	1	suppress:0|log:-ability:0:Sword of Ruin:undefined	undefined	true	0	0	0	1	0
swordofruin	onStart	744	-1	1	0	Fire	0	0	0	100	0	1	16384	greninjaash	1	1	0	0	0	6	0	0	0	0	0	0	0	missing	1	brn	leftovers	1	-1	-1	1	1	suppress:0|log:-ability:0:Sword of Ruin:undefined	undefined	true	16384	16384	16384	6	0
swordofruin	onStart	745	0	0	40	Bug	0	0	1	0	-1	-1	0	greninjaash	1	1	1	0	1	6	0	0	60	0	0	0	true	missing	1	psn	aguavberry	2	-1	0	1	1	suppress:0	undefined	undefined	0	0	0	6	0
swordofruin	onStart	746	0	6	70	Fire	0	0	0	20	100	-1	24576	greninjabond	0	0	0	1	0	-1	0	0	100	0	1	0	0	Ability	0	brn	iapapaberry	1	0	-1	1	1	suppress:0|log:-ability:0:Sword of Ruin:undefined	undefined	undefined	24576	24576	24576	-1	0
swordofruin	onStart	747	6	0	60	Fire	1	1	1	100	0	0	8192	greninjabond	1	0	1	1	0	0	1	1	60	0	1	1	false	Move	0	psn	aguavberry	0	1	0	0	0	suppress:0	undefined	false	8192	8192	8192	0	2
swordofruin	onStart	748	6	6	60	Normal	0	1	0	10	20	1	8192	pikachu	0	1	1	1	1	6	0	2	60	0	1	0	0	Move	1	brn	figyberry	2	1	0	1	1	suppress:0	undefined	true	8192	8192	8192	6	2
swordofruin	onStart	749	-1	6	60	Fire	0	0	0	0	20	-1	8	greninjabond	1	0	1	0	1	6	0	0	0	0	1	1	null	missing	1	psn	figyberry	1	-1	99	1	1	suppress:0	undefined	undefined	8	8	8	6	0
swordofruin	onStart	750	0	6	70	Dark	0	0	0	10	20	1	0	pikachu	1	1	1	1	0	0	0	2	0	100	1	1	0	Move	1	psn	leftovers	0	-1	1	0	1	suppress:0	undefined	true	0	0	0	0	0
swordofruin	onStart	751	6	0	70	Water	0	0	0	100	100	1	2048	greninjabond	1	0	1	0	0	0	0	2	0	160	0	1	true	Ability	0	psn	wikiberry	2	0	99	0	0	suppress:0	undefined	true	2048	2048	2048	0	0
swordofruin	onStart	752	-1	0	0	Ghost	0	1	1	0	20	0	8	greninjaash	0	0	1	1	1	0	1	1	60	0	0	1	true	Ability	1	brn	aguavberry	2	1	99	1	0	suppress:0	undefined	false	8	8	8	0	2
swordofruin	onStart	753	0	0	40	Fire	1	1	1	0	100	0	24576	pikachu	1	0	1	0	1	6	1	0	100	100	0	1	true	Ability	1	brn	aguavberry	1	-1	1	0	1	suppress:0	undefined	false	24576	24576	24576	6	2
swordofruin	onStart	754	-1	1	60	Normal	0	0	0	0	0	1	0	pikachu	0	0	0	1	1	6	1	0	0	0	1	0	0	Move	0	psn	wikiberry	2	1	-1	1	1	suppress:0|log:-ability:0:Sword of Ruin:undefined	undefined	true	0	0	0	6	0
swordofruin	onStart	755	1	6	40	Water	1	1	0	100	-1	0	0	greninjaash	0	0	0	0	0	1	1	1	100	100	0	0	undefined	Move	0	psn	wikiberry	2	1	99	1	1	suppress:0|log:-ability:0:Sword of Ruin:undefined	undefined	false	0	0	0	1	2
swordofruin	onStart	756	0	6	60	Bug	0	0	0	0	20	0	24576	greninjabond	1	0	0	0	1	6	0	2	60	0	0	1	false	Ability	0	brn	magoberry	2	0	1	1	0	suppress:0|log:-ability:0:Sword of Ruin:undefined	undefined	false	24576	24576	24576	6	0
swordofruin	onStart	757	0	0	40	Bug	1	1	0	10	20	-1	24576	pikachu	0	1	1	0	1	0	1	1	100	0	0	1	false	missing	0	brn	sitrusberry	2	1	99	1	1	suppress:0	undefined	undefined	24576	24576	24576	0	2
swordofruin	onStart	758	1	1	40	Fire	0	1	0	10	-1	0	8192	greninjabond	1	0	0	1	0	0	1	0	100	0	0	1	0	Move	1	brn	wikiberry	1	0	-1	1	0	suppress:0|log:-ability:0:Sword of Ruin:undefined	undefined	false	8192	8192	8192	0	2
swordofruin	onStart	759	-1	1	70	Dark	0	0	1	10	20	0	16384	pikachu	1	0	0	0	0	-1	0	1	100	100	0	0	undefined	missing	0	psn	leftovers	2	0	-1	1	1	suppress:0|log:-ability:0:Sword of Ruin:undefined	undefined	false	16384	16384	16384	-1	0
swordofruin	onStart	760	0	6	70	Fire	1	1	1	10	-1	-1	8192	greninjabond	1	1	0	0	1	1	1	1	0	100	1	0	true	missing	1	brn	aguavberry	0	0	1	1	0	suppress:0|log:-ability:0:Sword of Ruin:undefined	undefined	undefined	8192	8192	8192	1	2
swordofruin	onStart	761	0	0	40	Ghost	0	0	1	100	0	0	8192	pikachu	0	1	1	1	0	6	0	0	0	100	0	1	undefined	missing	0	brn	leftovers	0	1	-1	0	1	suppress:0	undefined	false	8192	8192	8192	6	0
swordofruin	onStart	762	6	6	40	Water	0	0	0	20	-1	1	2048	greninjaash	0	1	0	1	1	0	0	1	100	100	1	0	false	Ability	1	brn	aguavberry	2	-1	-1	0	0	suppress:0|log:-ability:0:Sword of Ruin:undefined	undefined	true	2048	2048	2048	0	0
swordofruin	onStart	763	-1	1	0	Water	0	1	1	0	20	0	0	greninjaash	0	0	1	0	1	6	1	0	100	160	0	1	false	Ability	0	brn	wikiberry	2	-1	1	0	0	suppress:0	undefined	false	0	0	0	6	2
swordofruin	onStart	764	6	6	0	Normal	1	0	1	100	20	0	16384	greninjabond	0	0	0	1	1	1	1	0	0	160	1	0	null	Move	0	psn	wikiberry	2	0	99	1	0	suppress:0|log:-ability:0:Sword of Ruin:undefined	undefined	false	16384	16384	16384	1	0
swordofruin	onStart	765	6	1	40	Bug	0	0	1	100	20	0	2048	greninjaash	1	0	0	0	1	6	0	2	60	160	0	0	true	missing	1	brn	wikiberry	0	1	1	0	1	suppress:0|log:-ability:0:Sword of Ruin:undefined	undefined	false	2048	2048	2048	6	0
swordofruin	onStart	766	-1	1	60	Bug	0	1	1	10	0	0	8	greninjabond	1	0	0	1	1	1	0	1	100	0	0	1	true	Move	0	psn	wikiberry	1	0	1	0	0	suppress:0|log:-ability:0:Sword of Ruin:undefined	undefined	false	8	8	8	1	2
swordofruin	onStart	767	-1	1	60	Fire	0	0	1	0	-1	-1	2048	greninjabond	0	0	1	1	1	6	1	0	100	160	1	0	undefined	missing	1	brn	sitrusberry	0	1	0	0	0	suppress:0	undefined	undefined	2048	2048	2048	6	0
swordofruin	onStart	768	0	1	0	Ghost	0	0	0	20	100	-1	24576	greninjaash	0	1	0	1	1	-1	1	0	60	160	0	1	true	Ability	0	brn	figyberry	2	-1	0	1	1	suppress:0|log:-ability:0:Sword of Ruin:undefined	undefined	undefined	24576	24576	24576	-1	0
swordofruin	onStart	769	-1	0	0	Normal	0	1	1	100	20	0	0	pikachu	1	0	1	1	0	6	1	2	0	0	0	1	true	Ability	1	psn	aguavberry	0	1	0	0	1	suppress:0	undefined	false	0	0	0	6	2
swordofruin	onStart	770	6	6	70	Ghost	1	1	0	0	20	-1	24576	pikachu	1	1	1	1	0	-1	0	0	60	100	0	0	0	missing	0	psn	aguavberry	2	0	-1	1	0	suppress:0	undefined	undefined	24576	24576	24576	-1	2
swordofruin	onStart	771	6	6	70	Dark	0	1	1	10	20	1	16384	greninjaash	0	0	0	1	0	-1	1	1	0	100	1	1	undefined	Ability	0	brn	wikiberry	2	1	-1	0	1	suppress:0|log:-ability:0:Sword of Ruin:undefined	undefined	true	16384	16384	16384	-1	2
swordofruin	onStart	772	0	0	70	Ghost	0	1	0	20	20	-1	0	pikachu	0	1	1	0	1	1	1	0	100	0	0	1	0	missing	0	psn	wikiberry	2	-1	-1	0	0	suppress:0	undefined	undefined	0	0	0	1	2
swordofruin	onStart	773	0	0	70	Ghost	0	0	1	0	20	1	8192	greninjabond	0	1	0	1	0	0	0	0	0	100	0	0	null	missing	0	psn	iapapaberry	0	0	1	0	1	suppress:0|log:-ability:0:Sword of Ruin:undefined	undefined	true	8192	8192	8192	0	0
swordofruin	onStart	774	0	6	60	Dark	0	0	1	10	100	1	0	greninjaash	1	1	0	1	0	1	0	1	0	160	0	1	null	missing	1	brn	iapapaberry	1	1	-1	1	1	suppress:0|log:-ability:0:Sword of Ruin:undefined	undefined	true	0	0	0	1	0
swordofruin	onStart	775	0	6	0	Fire	1	0	0	20	100	-1	24576	greninjaash	0	0	0	0	0	1	1	1	0	0	0	1	false	Move	1	brn	wikiberry	1	0	0	0	1	suppress:0|log:-ability:0:Sword of Ruin:undefined	undefined	undefined	24576	24576	24576	1	0
swordofruin	onStart	776	0	1	0	Ghost	1	0	1	100	-1	-1	2048	greninjabond	0	0	1	0	1	0	0	2	100	0	0	0	null	missing	0	brn	wikiberry	1	1	-1	1	1	suppress:0	undefined	undefined	2048	2048	2048	0	0
swordofruin	onStart	777	-1	0	0	Fire	1	1	1	100	0	1	8	greninjaash	1	1	1	0	0	6	1	0	60	0	1	0	false	Ability	0	psn	leftovers	1	-1	99	1	1	suppress:0	undefined	true	8	8	8	6	2
swordofruin	onStart	778	1	0	61	Normal	1	1	1	20	100	-1	16384	pikachu	1	1	1	1	1	1	1	0	100	160	0	0	null	missing	0	brn	leftovers	2	1	-1	0	1	suppress:0	undefined	undefined	16384	16384	16384	1	2
swordofruin	onStart	779	1	6	60	Fire	0	1	0	10	100	0	0	greninjaash	1	0	1	1	0	0	1	0	60	100	0	0	false	Ability	0	psn	sitrusberry	1	0	99	1	0	suppress:0	undefined	false	0	0	0	0	2
swordofruin	onStart	780	6	6	40	Ghost	1	1	1	10	100	-1	16384	pikachu	1	0	0	1	0	1	1	1	100	0	0	1	undefined	missing	0	psn	wikiberry	2	-1	0	0	1	suppress:0|log:-ability:0:Sword of Ruin:undefined	undefined	undefined	16384	16384	16384	1	2
swordofruin	onStart	781	1	0	60	Dark	1	1	1	20	-1	0	0	greninjabond	0	0	0	1	0	6	1	0	60	0	0	1	0	Ability	1	psn	aguavberry	2	-1	0	0	1	suppress:0|log:-ability:0:Sword of Ruin:undefined	undefined	false	0	0	0	6	2
swordofruin	onStart	782	1	6	60	Bug	0	0	1	10	100	-1	24576	greninjaash	1	1	1	1	1	6	1	0	0	0	1	1	0	Ability	1	psn	figyberry	2	1	1	0	0	suppress:0	undefined	undefined	24576	24576	24576	6	0
swordofruin	onStart	783	1	0	60	Water	1	0	1	10	20	-1	8	greninjabond	0	0	1	0	0	0	1	2	0	100	1	1	true	Ability	1	psn	magoberry	1	-1	1	1	0	suppress:0	undefined	undefined	8	8	8	0	0
swordofruin	onStart	784	0	1	70	Dark	0	1	1	0	100	-1	16384	pikachu	1	0	0	1	1	6	0	1	0	160	1	0	null	missing	0	brn	sitrusberry	1	1	99	1	0	suppress:0|log:-ability:0:Sword of Ruin:undefined	undefined	undefined	16384	16384	16384	6	2
swordofruin	onStart	785	-1	6	61	Fire	0	0	0	20	20	0	0	pikachu	0	0	0	0	1	6	0	0	0	160	1	0	null	Ability	1	brn	iapapaberry	2	0	0	1	1	suppress:0|log:-ability:0:Sword of Ruin:undefined	undefined	false	0	0	0	6	0
swordofruin	onStart	786	0	1	61	Fire	1	0	1	0	-1	-1	16384	greninjabond	1	0	1	1	0	0	0	2	0	0	0	0	true	Move	1	psn	wikiberry	0	1	-1	1	1	suppress:0	undefined	undefined	16384	16384	16384	0	0
swordofruin	onStart	787	-1	1	40	Normal	1	0	1	20	0	1	16384	greninjaash	1	1	1	0	1	1	1	2	100	160	1	0	null	Move	1	psn	iapapaberry	2	1	1	0	1	suppress:0	undefined	true	16384	16384	16384	1	0
swordofruin	onStart	788	1	1	60	Ghost	0	0	1	10	100	1	2048	greninjabond	0	0	1	0	0	0	0	0	60	100	1	0	false	Ability	1	psn	sitrusberry	1	1	1	0	1	suppress:0	undefined	true	2048	2048	2048	0	0
swordofruin	onStart	789	-1	6	60	Bug	0	0	1	100	-1	0	8	greninjaash	1	1	0	0	0	0	0	2	100	160	0	1	undefined	missing	1	brn	sitrusberry	2	0	0	1	1	suppress:0|log:-ability:0:Sword of Ruin:undefined	undefined	false	8	8	8	0	0
swordofruin	onStart	790	6	0	61	Ghost	1	0	0	10	20	-1	8192	greninjabond	0	0	1	1	0	-1	0	2	100	160	1	1	0	missing	0	brn	figyberry	2	0	-1	1	0	suppress:0	undefined	undefined	8192	8192	8192	-1	0
swordofruin	onStart	791	1	1	40	Bug	1	0	0	100	-1	1	8	greninjaash	1	0	1	1	1	-1	1	1	60	0	0	0	true	Ability	1	psn	figyberry	1	0	1	0	1	suppress:0	undefined	true	8	8	8	-1	0
swordofruin	onStart	792	0	0	0	Dark	1	0	0	20	-1	-1	16384	greninjabond	0	1	0	0	1	-1	0	0	60	0	0	1	undefined	missing	0	brn	sitrusberry	0	-1	1	0	0	suppress:0|log:-ability:0:Sword of Ruin:undefined	undefined	undefined	16384	16384	16384	-1	0
swordofruin	onStart	793	6	6	0	Bug	0	1	0	20	100	-1	8192	greninjaash	1	1	0	0	1	6	1	2	0	0	1	1	undefined	Move	1	psn	leftovers	1	1	1	1	1	suppress:0|log:-ability:0:Sword of Ruin:undefined	undefined	undefined	8192	8192	8192	6	2
swordofruin	onStart	794	-1	1	61	Normal	1	0	1	20	20	1	8192	greninjaash	1	0	0	1	1	6	0	2	100	0	1	1	undefined	Move	0	brn	magoberry	2	0	0	1	0	suppress:0|log:-ability:0:Sword of Ruin:undefined	undefined	true	8192	8192	8192	6	0
swordofruin	onStart	795	6	6	0	Water	1	0	0	20	-1	-1	8	greninjabond	1	1	0	1	0	6	0	1	60	160	0	1	true	missing	1	brn	aguavberry	1	0	-1	1	0	suppress:0|log:-ability:0:Sword of Ruin:undefined	undefined	undefined	8	8	8	6	0
swordofruin	onStart	796	-1	6	60	Fire	0	0	0	0	100	-1	8192	greninjaash	1	1	1	1	0	0	0	1	60	100	0	1	true	missing	1	psn	figyberry	1	0	99	0	0	suppress:0	undefined	undefined	8192	8192	8192	0	0
swordofruin	onStart	797	1	0	70	Normal	0	1	1	10	-1	-1	24576	greninjabond	0	0	0	0	1	6	1	1	60	0	1	1	false	Ability	0	brn	figyberry	2	-1	-1	1	1	suppress:0|log:-ability:0:Sword of Ruin:undefined	undefined	undefined	24576	24576	24576	6	2
swordofruin	onStart	798	-1	0	70	Bug	1	1	0	10	-1	-1	2048	greninjaash	0	0	1	1	1	-1	0	1	60	160	1	1	0	Ability	1	psn	leftovers	2	-1	1	1	1	suppress:0	undefined	undefined	2048	2048	2048	-1	2
swordofruin	onStart	799	6	6	0	Ghost	0	0	1	20	100	1	24576	greninjaash	1	0	0	1	0	6	1	1	0	100	1	1	true	Move	1	psn	figyberry	0	-1	99	0	0	suppress:0|log:-ability:0:Sword of Ruin:undefined	undefined	true	24576	24576	24576	6	0
swordofruin	onStart	800	0	1	61	Fire	1	0	1	100	0	0	0	greninjabond	1	1	1	1	0	1	1	2	60	160	0	0	true	Move	1	brn	iapapaberry	0	1	0	0	0	suppress:0	undefined	false	0	0	0	1	0
swordofruin	onStart	801	6	0	40	Water	1	0	0	10	-1	-1	8192	pikachu	1	0	0	1	1	6	0	0	0	160	1	1	true	Move	0	psn	leftovers	0	1	-1	0	1	suppress:0|log:-ability:0:Sword of Ruin:undefined	undefined	undefined	8192	8192	8192	6	0
swordofruin	onStart	802	6	0	60	Dark	1	1	0	10	100	0	16384	greninjaash	1	1	0	0	1	1	1	2	0	0	1	1	null	Ability	1	psn	leftovers	2	0	0	0	1	suppress:0|log:-ability:0:Sword of Ruin:undefined	undefined	false	16384	16384	16384	1	2
swordofruin	onStart	803	1	0	61	Water	1	0	1	100	-1	1	24576	greninjabond	1	1	1	1	1	-1	0	1	100	0	0	1	0	Move	1	brn	iapapaberry	0	1	99	1	1	suppress:0	undefined	true	24576	24576	24576	-1	0
swordofruin	onStart	804	1	6	61	Fire	1	1	1	100	100	0	8192	pikachu	0	1	0	0	0	-1	0	1	100	0	0	0	true	missing	1	psn	sitrusberry	0	0	-1	0	0	suppress:0|log:-ability:0:Sword of Ruin:undefined	undefined	false	8192	8192	8192	-1	2
swordofruin	onStart	805	6	6	61	Fire	1	0	0	100	0	0	16384	greninjaash	0	1	1	1	1	0	0	0	60	160	1	0	true	missing	1	psn	leftovers	1	-1	-1	1	1	suppress:0	undefined	false	16384	16384	16384	0	0
swordofruin	onStart	806	0	6	60	Ghost	1	1	0	10	0	1	8192	greninjaash	0	1	0	1	1	0	1	2	60	0	0	1	true	Ability	1	brn	iapapaberry	1	1	-1	0	1	suppress:0|log:-ability:0:Sword of Ruin:undefined	undefined	true	8192	8192	8192	0	2
swordofruin	onStart	807	-1	6	40	Dark	0	0	0	10	20	-1	24576	greninjaash	1	0	1	0	0	1	1	1	0	100	1	1	false	Ability	0	brn	sitrusberry	2	-1	99	1	1	suppress:0	undefined	undefined	24576	24576	24576	1	0
swordofruin	onStart	808	1	6	60	Fire	0	1	1	0	20	1	8192	pikachu	0	0	0	0	0	-1	1	1	0	0	1	1	undefined	Move	1	brn	figyberry	1	-1	-1	0	1	suppress:0|log:-ability:0:Sword of Ruin:undefined	undefined	true	8192	8192	8192	-1	2
swordofruin	onStart	809	6	6	61	Dark	0	1	0	10	100	1	2048	greninjabond	0	1	0	1	0	6	1	2	0	0	1	0	undefined	missing	1	brn	iapapaberry	1	-1	0	0	0	suppress:0|log:-ability:0:Sword of Ruin:undefined	undefined	true	2048	2048	2048	6	2
swordofruin	onStart	810	6	6	40	Water	1	1	0	100	0	-1	24576	pikachu	0	1	0	0	0	0	0	2	100	160	1	1	true	Ability	1	psn	leftovers	1	0	0	1	1	suppress:0|log:-ability:0:Sword of Ruin:undefined	undefined	undefined	24576	24576	24576	0	2
swordofruin	onStart	811	0	0	0	Fire	0	0	1	100	20	0	8	pikachu	0	1	0	0	1	0	0	0	60	100	1	0	undefined	Move	1	psn	figyberry	0	-1	0	0	0	suppress:0|log:-ability:0:Sword of Ruin:undefined	undefined	false	8	8	8	0	0
swordofruin	onStart	812	-1	1	61	Fire	0	1	1	20	100	1	8192	greninjabond	0	0	1	1	0	-1	1	1	60	160	1	1	null	Move	0	psn	magoberry	1	1	0	1	1	suppress:0	undefined	true	8192	8192	8192	-1	2
swordofruin	onStart	813	0	1	40	Bug	0	1	0	0	0	-1	24576	greninjaash	1	0	1	1	1	6	1	2	100	100	1	0	false	Move	0	psn	aguavberry	0	1	99	0	1	suppress:0	undefined	undefined	24576	24576	24576	6	2
swordofruin	onStart	814	6	6	0	Normal	1	0	1	10	100	1	8	greninjaash	0	1	0	1	0	0	0	2	60	160	0	1	undefined	Ability	0	brn	leftovers	2	1	1	1	0	suppress:0|log:-ability:0:Sword of Ruin:undefined	undefined	true	8	8	8	0	0
swordofruin	onStart	815	-1	6	40	Water	0	0	0	100	-1	-1	16384	greninjaash	1	0	0	0	1	0	0	1	60	100	0	0	true	missing	0	brn	sitrusberry	0	-1	-1	0	0	suppress:0|log:-ability:0:Sword of Ruin:undefined	undefined	undefined	16384	16384	16384	0	0
swordofruin	onStart	816	1	6	70	Fire	1	1	0	10	0	0	8192	greninjaash	0	1	0	1	0	0	1	0	100	160	0	0	false	missing	1	brn	aguavberry	0	-1	99	0	1	suppress:0|log:-ability:0:Sword of Ruin:undefined	undefined	false	8192	8192	8192	0	2
swordofruin	onStart	817	1	0	61	Ghost	0	0	0	0	0	-1	8	pikachu	1	0	0	0	0	-1	1	0	0	160	1	0	undefined	missing	0	brn	iapapaberry	2	0	99	0	0	suppress:0|log:-ability:0:Sword of Ruin:undefined	undefined	undefined	8	8	8	-1	0
swordofruin	onStart	818	1	6	0	Dark	0	1	0	10	-1	1	8	pikachu	0	0	0	0	1	6	1	2	100	160	0	1	undefined	Ability	0	brn	wikiberry	0	1	0	0	0	suppress:0|log:-ability:0:Sword of Ruin:undefined	undefined	true	8	8	8	6	2
swordofruin	onStart	819	6	6	0	Fire	0	0	0	0	100	0	24576	pikachu	0	1	1	0	0	1	0	2	60	0	0	0	false	Ability	1	psn	figyberry	2	0	-1	1	1	suppress:0	undefined	false	24576	24576	24576	1	0
swordofruin	onStart	820	1	0	40	Dark	1	0	0	10	0	0	0	pikachu	1	0	1	0	1	6	1	2	60	100	0	0	undefined	missing	0	psn	leftovers	0	1	1	1	1	suppress:0	undefined	false	0	0	0	6	0
swordofruin	onStart	821	6	6	61	Water	0	0	0	20	0	1	2048	greninjabond	0	1	1	0	0	0	1	1	0	160	1	1	true	Ability	1	brn	aguavberry	1	1	99	0	1	suppress:0	undefined	true	2048	2048	2048	0	0
swordofruin	onStart	822	-1	1	60	Dark	1	0	1	10	20	0	16384	greninjabond	0	1	0	1	1	1	0	1	60	100	0	1	null	Ability	1	psn	figyberry	1	-1	-1	0	0	suppress:0|log:-ability:0:Sword of Ruin:undefined	undefined	false	16384	16384	16384	1	0
swordofruin	onStart	823	0	6	61	Water	1	0	1	20	100	-1	2048	greninjaash	0	0	1	1	0	-1	0	2	60	0	1	0	undefined	Move	0	psn	aguavberry	0	-1	0	0	1	suppress:0	undefined	undefined	2048	2048	2048	-1	0
swordofruin	onStart	824	1	0	61	Dark	0	0	1	20	20	0	24576	greninjabond	1	1	1	0	0	6	0	1	60	160	0	1	false	Move	0	psn	figyberry	2	0	1	0	0	suppress:0	undefined	false	24576	24576	24576	6	0
swordofruin	onStart	825	1	6	40	Bug	1	1	0	0	20	0	0	greninjabond	0	1	1	0	0	-1	0	2	0	160	0	0	true	Ability	1	psn	iapapaberry	2	1	-1	0	0	suppress:0	undefined	false	0	0	0	-1	2
swordofruin	onStart	826	0	0	40	Bug	0	0	1	100	100	-1	0	pikachu	0	0	1	0	0	1	1	1	0	0	0	1	true	Ability	1	psn	iapapaberry	1	1	0	1	0	suppress:0	undefined	undefined	0	0	0	1	0
swordofruin	onStart	827	1	6	61	Water	0	0	1	0	100	-1	8192	greninjabond	0	1	1	1	1	6	0	1	60	0	1	1	true	missing	0	psn	figyberry	0	-1	1	1	0	suppress:0	undefined	undefined	8192	8192	8192	6	0
swordofruin	onStart	828	0	6	60	Ghost	0	1	1	0	0	0	2048	greninjaash	0	1	0	1	1	6	1	0	100	100	0	1	false	missing	0	psn	sitrusberry	0	0	99	1	0	suppress:0|log:-ability:0:Sword of Ruin:undefined	undefined	false	2048	2048	2048	6	2
swordofruin	onStart	829	-1	6	61	Fire	1	1	0	100	100	0	24576	pikachu	0	0	1	0	0	6	0	1	100	0	1	1	null	Ability	0	psn	leftovers	2	-1	99	0	1	suppress:0	undefined	false	24576	24576	24576	6	2
swordofruin	onStart	830	0	6	0	Bug	1	1	1	10	20	0	8192	greninjaash	1	0	0	1	0	1	1	2	60	0	1	1	undefined	Ability	1	brn	figyberry	2	0	1	1	1	suppress:0|log:-ability:0:Sword of Ruin:undefined	undefined	false	8192	8192	8192	1	2
swordofruin	onStart	831	1	0	70	Bug	1	0	0	0	20	-1	2048	greninjabond	0	0	1	0	0	6	0	2	60	160	0	1	false	missing	0	psn	wikiberry	2	0	0	1	0	suppress:0	undefined	undefined	2048	2048	2048	6	0
swordofruin	onStart	832	1	6	60	Dark	1	0	1	100	0	-1	0	greninjabond	0	0	0	1	0	-1	0	0	100	100	1	0	0	missing	0	psn	aguavberry	2	-1	0	1	0	suppress:0|log:-ability:0:Sword of Ruin:undefined	undefined	undefined	0	0	0	-1	0
swordofruin	onStart	833	1	0	70	Fire	0	0	1	0	0	-1	8192	greninjabond	0	1	1	1	0	-1	1	0	100	100	0	1	null	Move	1	psn	sitrusberry	1	1	1	1	0	suppress:0	undefined	undefined	8192	8192	8192	-1	0
swordofruin	onStart	834	-1	1	70	Fire	0	0	1	10	0	1	24576	greninjabond	0	1	1	0	1	-1	0	1	100	0	0	1	0	Ability	1	brn	sitrusberry	0	0	0	1	1	suppress:0	undefined	true	24576	24576	24576	-1	0
swordofruin	onStart	835	0	6	0	Bug	1	0	0	10	0	0	0	greninjaash	1	1	0	1	1	-1	1	1	60	0	0	0	null	Ability	0	brn	wikiberry	1	0	0	0	1	suppress:0|log:-ability:0:Sword of Ruin:undefined	undefined	false	0	0	0	-1	0
swordofruin	onStart	836	6	1	70	Ghost	1	1	1	100	0	-1	2048	greninjabond	1	1	1	0	1	1	0	0	100	160	1	0	true	Move	1	psn	iapapaberry	0	1	-1	1	0	suppress:0	undefined	undefined	2048	2048	2048	1	2
swordofruin	onStart	837	1	1	60	Dark	0	0	0	10	100	-1	2048	greninjaash	1	0	1	0	0	0	1	0	0	100	1	0	0	Ability	0	psn	figyberry	1	0	1	0	1	suppress:0	undefined	undefined	2048	2048	2048	0	0
swordofruin	onStart	838	1	0	60	Dark	0	1	0	10	-1	0	8192	greninjabond	1	0	1	1	1	6	0	1	100	0	1	1	undefined	Move	0	psn	iapapaberry	1	1	-1	1	0	suppress:0	undefined	false	8192	8192	8192	6	2
swordofruin	onStart	839	1	6	0	Ghost	1	0	1	100	-1	1	2048	greninjaash	0	0	0	0	1	1	0	0	0	160	1	1	undefined	missing	0	brn	wikiberry	2	1	1	0	1	suppress:0|log:-ability:0:Sword of Ruin:undefined	undefined	true	2048	2048	2048	1	0
swordofruin	onStart	840	1	6	70	Bug	1	1	0	0	20	0	16384	pikachu	1	0	1	0	1	1	0	1	0	0	0	1	true	Ability	0	psn	iapapaberry	0	-1	0	1	1	suppress:0	undefined	false	16384	16384	16384	1	2
swordofruin	onStart	841	1	1	0	Ghost	1	1	1	100	-1	1	8	pikachu	1	0	1	1	1	-1	0	0	60	0	0	1	true	missing	0	brn	aguavberry	1	-1	99	1	0	suppress:0	undefined	true	8	8	8	-1	2
swordofruin	onStart	842	6	0	61	Bug	0	1	1	100	-1	-1	24576	greninjaash	0	1	1	0	1	6	1	1	100	100	1	1	false	missing	0	psn	leftovers	0	1	0	0	1	suppress:0	undefined	undefined	24576	24576	24576	6	2
swordofruin	onStart	843	6	6	0	Dark	1	0	1	20	-1	-1	2048	greninjabond	1	1	1	0	0	0	1	0	60	160	1	0	null	Move	0	brn	aguavberry	2	0	99	1	0	suppress:0	undefined	undefined	2048	2048	2048	0	0
swordofruin	onStart	844	0	1	40	Fire	1	0	0	20	0	1	24576	pikachu	0	0	1	1	1	1	0	0	100	100	0	1	null	missing	1	psn	figyberry	1	1	1	1	0	suppress:0	undefined	true	24576	24576	24576	1	0
swordofruin	onStart	845	-1	6	61	Normal	0	1	0	20	100	0	2048	greninjaash	0	1	0	1	0	6	0	0	60	160	0	0	false	Ability	1	brn	figyberry	1	0	1	1	1	suppress:0|log:-ability:0:Sword of Ruin:undefined	undefined	false	2048	2048	2048	6	2
swordofruin	onStart	846	6	0	60	Normal	0	1	0	10	0	-1	2048	greninjabond	1	1	1	1	1	-1	0	0	0	0	1	1	false	Move	1	brn	figyberry	0	1	1	0	0	suppress:0	undefined	undefined	2048	2048	2048	-1	2
swordofruin	onStart	847	6	1	70	Dark	0	0	0	10	100	1	16384	greninjaash	1	1	1	1	0	0	0	2	60	0	1	0	undefined	Ability	0	brn	wikiberry	2	1	1	1	0	suppress:0	undefined	true	16384	16384	16384	0	0
swordofruin	onStart	848	6	1	0	Normal	0	0	1	10	-1	0	16384	pikachu	0	1	1	0	1	6	0	2	0	160	1	0	true	Move	1	psn	wikiberry	1	-1	-1	1	1	suppress:0	undefined	false	16384	16384	16384	6	0
swordofruin	onStart	849	0	1	60	Bug	1	0	1	100	100	0	0	greninjabond	0	1	1	0	1	-1	1	2	60	0	0	0	false	Ability	1	brn	iapapaberry	0	1	0	1	0	suppress:0	undefined	false	0	0	0	-1	0
swordofruin	onStart	850	6	0	70	Ghost	0	1	0	10	20	0	16384	greninjabond	1	1	0	0	0	0	1	1	0	0	1	1	0	Move	1	brn	magoberry	2	0	0	1	0	suppress:0|log:-ability:0:Sword of Ruin:undefined	undefined	false	16384	16384	16384	0	2
swordofruin	onStart	851	1	6	70	Fire	1	0	0	20	-1	0	0	greninjabond	1	1	0	0	1	1	1	1	100	160	1	1	null	missing	0	psn	sitrusberry	0	1	1	1	1	suppress:0|log:-ability:0:Sword of Ruin:undefined	undefined	false	0	0	0	1	0
swordofruin	onStart	852	6	1	61	Ghost	0	0	1	10	0	1	24576	pikachu	1	1	0	1	1	1	0	2	60	160	0	0	false	missing	1	psn	figyberry	0	-1	99	0	1	suppress:0|log:-ability:0:Sword of Ruin:undefined	undefined	true	24576	24576	24576	1	0
swordofruin	onStart	853	1	0	60	Normal	1	0	1	0	20	1	24576	pikachu	0	0	0	1	1	0	1	0	100	0	0	0	false	Move	0	brn	wikiberry	1	0	0	1	1	suppress:0|log:-ability:0:Sword of Ruin:undefined	undefined	true	24576	24576	24576	0	0
swordofruin	onStart	854	0	6	60	Fire	0	0	0	10	100	-1	24576	greninjabond	1	1	1	1	0	-1	1	2	60	100	0	1	0	missing	1	psn	figyberry	2	1	0	1	1	suppress:0	undefined	undefined	24576	24576	24576	-1	0
swordofruin	onStart	855	-1	1	40	Water	0	1	0	0	20	-1	16384	greninjaash	1	1	0	1	1	-1	1	0	0	160	0	1	undefined	Ability	1	brn	aguavberry	1	0	99	1	0	suppress:0|log:-ability:0:Sword of Ruin:undefined	undefined	undefined	16384	16384	16384	-1	2
swordofruin	onStart	856	6	6	40	Water	1	0	0	20	100	1	8192	pikachu	0	1	0	1	1	0	1	1	100	0	1	1	true	Move	1	psn	wikiberry	0	-1	99	1	0	suppress:0|log:-ability:0:Sword of Ruin:undefined	undefined	true	8192	8192	8192	0	0
swordofruin	onStart	857	0	1	40	Water	0	1	1	20	-1	-1	8	pikachu	0	0	1	0	1	-1	1	2	0	0	0	0	undefined	Move	0	psn	magoberry	0	1	99	0	0	suppress:0	undefined	undefined	8	8	8	-1	2
swordofruin	onStart	858	1	1	70	Water	1	0	0	100	100	-1	24576	greninjaash	1	0	0	0	1	-1	0	1	0	100	1	1	true	Ability	1	psn	sitrusberry	2	1	0	0	0	suppress:0|log:-ability:0:Sword of Ruin:undefined	undefined	undefined	24576	24576	24576	-1	0
swordofruin	onStart	859	0	6	40	Water	0	0	0	100	20	-1	2048	pikachu	0	1	1	1	1	6	1	0	0	100	0	1	null	missing	0	psn	iapapaberry	1	0	0	0	1	suppress:0	undefined	undefined	2048	2048	2048	6	0
swordofruin	onStart	860	0	1	40	Fire	1	1	1	0	0	-1	24576	greninjaash	1	1	1	0	0	0	0	1	100	100	1	1	true	missing	0	psn	leftovers	2	-1	-1	0	1	suppress:0	undefined	undefined	24576	24576	24576	0	2
swordofruin	onStart	861	6	1	60	Fire	0	1	1	20	20	1	2048	greninjaash	1	1	0	0	1	6	1	0	100	160	0	1	false	missing	1	psn	sitrusberry	2	1	0	1	1	suppress:0|log:-ability:0:Sword of Ruin:undefined	undefined	true	2048	2048	2048	6	2
swordofruin	onStart	862	1	1	0	Water	0	0	1	10	20	-1	8192	greninjabond	1	0	0	0	1	0	0	1	100	160	0	0	true	Ability	0	brn	sitrusberry	2	0	99	0	1	suppress:0|log:-ability:0:Sword of Ruin:undefined	undefined	undefined	8192	8192	8192	0	0
swordofruin	onStart	863	0	1	61	Water	0	1	1	100	-1	-1	24576	greninjaash	1	1	1	0	1	-1	1	2	60	100	1	1	null	Move	1	psn	wikiberry	0	-1	99	0	1	suppress:0	undefined	undefined	24576	24576	24576	-1	2
swordofruin	onStart	864	6	6	40	Water	0	1	0	100	-1	0	8192	greninjabond	1	0	1	0	1	1	1	2	100	160	0	0	true	missing	1	psn	iapapaberry	1	-1	1	1	0	suppress:0	undefined	false	8192	8192	8192	1	2
swordofruin	onStart	865	0	1	61	Fire	1	0	1	20	20	0	16384	pikachu	1	1	0	0	0	-1	0	0	100	0	1	1	undefined	Move	1	brn	aguavberry	1	1	-1	0	0	suppress:0|log:-ability:0:Sword of Ruin:undefined	undefined	false	16384	16384	16384	-1	0
swordofruin	onStart	866	0	0	0	Ghost	1	0	0	10	0	-1	8192	pikachu	1	0	0	0	0	1	1	2	60	0	0	1	undefined	Move	0	brn	magoberry	0	-1	0	1	1	suppress:0|log:-ability:0:Sword of Ruin:undefined	undefined	undefined	8192	8192	8192	1	0
swordofruin	onStart	867	6	0	70	Water	0	0	1	100	100	1	16384	pikachu	0	1	0	0	0	0	1	1	100	0	1	0	undefined	Ability	0	brn	wikiberry	2	0	99	1	0	suppress:0|log:-ability:0:Sword of Ruin:undefined	undefined	true	16384	16384	16384	0	0
swordofruin	onStart	868	-1	0	60	Fire	0	1	0	100	-1	1	16384	greninjaash	0	0	1	1	0	0	1	2	100	160	0	0	undefined	missing	0	psn	iapapaberry	1	-1	0	0	0	suppress:0	undefined	true	16384	16384	16384	0	2
swordofruin	onStart	869	0	1	0	Bug	0	0	1	100	20	-1	8192	greninjaash	0	0	0	0	1	0	0	1	100	100	0	1	0	Move	0	psn	wikiberry	0	1	-1	0	0	suppress:0|log:-ability:0:Sword of Ruin:undefined	undefined	undefined	8192	8192	8192	0	0
swordofruin	onStart	870	6	1	60	Ghost	0	1	1	20	20	-1	0	pikachu	1	0	0	0	0	0	1	0	60	0	0	0	null	Move	1	psn	figyberry	1	-1	0	1	0	suppress:0|log:-ability:0:Sword of Ruin:undefined	undefined	undefined	0	0	0	0	2
swordofruin	onStart	871	0	1	70	Ghost	0	1	0	10	0	-1	24576	greninjaash	0	1	1	0	0	6	1	2	100	0	0	0	null	missing	1	psn	sitrusberry	2	0	-1	1	0	suppress:0	undefined	undefined	24576	24576	24576	6	2
swordofruin	onStart	872	6	1	60	Bug	1	1	1	0	100	1	8	pikachu	0	0	1	1	1	-1	1	2	60	100	1	1	undefined	Move	0	psn	figyberry	1	1	0	0	0	suppress:0	undefined	true	8	8	8	-1	2
swordofruin	onStart	873	-1	0	60	Ghost	1	1	0	10	0	0	24576	greninjaash	0	0	0	1	0	-1	1	0	100	160	1	1	true	Move	0	brn	wikiberry	0	1	1	0	0	suppress:0|log:-ability:0:Sword of Ruin:undefined	undefined	false	24576	24576	24576	-1	2
swordofruin	onStart	874	-1	0	70	Water	1	1	1	100	20	0	2048	greninjabond	1	1	1	0	1	0	1	0	100	0	0	1	undefined	Move	1	psn	wikiberry	1	1	0	0	0	suppress:0	undefined	false	2048	2048	2048	0	2
swordofruin	onStart	875	1	1	60	Bug	0	0	0	0	100	1	16384	greninjabond	0	1	0	0	1	1	0	0	100	100	0	0	false	Move	1	brn	wikiberry	1	-1	1	1	1	suppress:0|log:-ability:0:Sword of Ruin:undefined	undefined	true	16384	16384	16384	1	0
swordofruin	onStart	876	1	6	0	Dark	1	0	1	20	-1	-1	16384	greninjabond	1	0	0	0	0	-1	1	2	60	160	0	1	false	Move	0	psn	wikiberry	2	-1	1	0	0	suppress:0|log:-ability:0:Sword of Ruin:undefined	undefined	undefined	16384	16384	16384	-1	0
swordofruin	onStart	877	6	1	0	Bug	1	1	1	10	-1	0	0	greninjabond	0	1	0	1	0	-1	1	2	100	0	0	0	false	Ability	0	brn	aguavberry	2	0	-1	0	0	suppress:0|log:-ability:0:Sword of Ruin:undefined	undefined	false	0	0	0	-1	2
swordofruin	onStart	878	-1	1	70	Bug	1	1	1	20	-1	1	8	pikachu	0	0	0	0	1	1	1	1	0	100	0	0	0	Move	0	brn	aguavberry	0	0	99	1	0	suppress:0|log:-ability:0:Sword of Ruin:undefined	undefined	true	8	8	8	1	2
swordofruin	onStart	879	1	1	70	Ghost	1	1	1	0	20	0	24576	greninjaash	0	1	0	1	1	1	1	1	100	100	1	0	undefined	missing	1	brn	leftovers	1	-1	-1	1	1	suppress:0|log:-ability:0:Sword of Ruin:undefined	undefined	false	24576	24576	24576	1	2
swordofruin	onStart	880	6	0	40	Water	1	0	0	10	-1	-1	2048	greninjaash	1	1	0	0	0	1	0	2	100	0	1	0	true	Move	0	psn	figyberry	0	1	-1	0	1	suppress:0|log:-ability:0:Sword of Ruin:undefined	undefined	undefined	2048	2048	2048	1	0
swordofruin	onStart	881	-1	0	0	Bug	0	0	0	10	20	0	16384	greninjabond	0	1	0	1	0	-1	0	2	0	100	1	0	undefined	missing	0	psn	magoberry	0	1	99	1	0	suppress:0|log:-ability:0:Sword of Ruin:undefined	undefined	false	16384	16384	16384	-1	0
swordofruin	onStart	882	6	1	60	Fire	1	1	1	10	100	0	24576	pikachu	1	1	1	0	0	-1	0	2	60	100	0	1	true	Move	1	brn	figyberry	2	-1	0	0	0	suppress:0	undefined	false	24576	24576	24576	-1	2
swordofruin	onStart	883	0	1	70	Fire	0	0	1	0	0	-1	8	greninjaash	1	1	1	1	1	6	0	2	100	100	1	1	null	missing	1	brn	sitrusberry	2	1	-1	0	0	suppress:0	undefined	undefined	8	8	8	6	0
swordofruin	onStart	884	-1	1	61	Dark	1	1	1	10	-1	-1	16384	greninjabond	0	1	1	1	0	-1	1	2	0	160	1	0	null	Move	1	psn	aguavberry	2	0	99	0	1	suppress:0	undefined	undefined	16384	16384	16384	-1	2
swordofruin	onStart	885	-1	1	0	Dark	0	0	1	20	-1	1	16384	pikachu	1	0	0	1	0	1	0	1	100	100	1	0	0	Move	1	psn	iapapaberry	1	-1	-1	0	0	suppress:0|log:-ability:0:Sword of Ruin:undefined	undefined	true	16384	16384	16384	1	0
swordofruin	onStart	886	0	1	0	Water	1	0	1	20	0	0	16384	greninjaash	0	1	1	0	1	1	0	1	60	160	1	0	undefined	missing	0	psn	iapapaberry	0	-1	0	0	1	suppress:0	undefined	false	16384	16384	16384	1	0
swordofruin	onStart	887	6	0	0	Normal	1	1	0	20	-1	-1	8	greninjaash	0	1	1	1	1	0	1	1	0	100	1	1	null	Ability	1	brn	aguavberry	0	-1	0	0	0	suppress:0	undefined	undefined	8	8	8	0	2
swordofruin	onStart	888	-1	1	60	Normal	0	0	0	20	0	0	0	greninjaash	0	0	1	1	0	6	0	2	100	160	0	1	true	Move	0	psn	sitrusberry	0	-1	99	0	1	suppress:0	undefined	false	0	0	0	6	0
swordofruin	onStart	889	-1	1	0	Bug	1	1	0	0	100	-1	0	pikachu	1	0	0	0	1	-1	1	2	0	0	1	0	null	Move	1	psn	aguavberry	0	-1	0	1	0	suppress:0|log:-ability:0:Sword of Ruin:undefined	undefined	undefined	0	0	0	-1	2
swordofruin	onStart	890	1	1	61	Fire	1	1	1	100	0	-1	8	greninjabond	1	0	1	0	0	1	1	0	0	160	0	1	false	missing	0	psn	iapapaberry	2	1	0	1	1	suppress:0	undefined	undefined	8	8	8	1	2
swordofruin	onStart	891	6	0	0	Fire	1	0	0	10	-1	-1	8192	pikachu	1	1	0	1	0	-1	0	2	0	0	1	0	null	Move	1	psn	iapapaberry	0	-1	99	1	1	suppress:0|log:-ability:0:Sword of Ruin:undefined	undefined	undefined	8192	8192	8192	-1	0
swordofruin	onStart	892	1	0	60	Ghost	0	1	0	0	-1	-1	8192	greninjaash	1	1	1	0	0	6	0	1	60	0	0	1	0	missing	1	brn	wikiberry	2	-1	-1	0	1	suppress:0	undefined	undefined	8192	8192	8192	6	2
swordofruin	onStart	893	1	1	0	Ghost	1	1	0	0	-1	-1	8192	greninjaash	0	1	1	1	0	-1	1	0	0	0	1	1	null	Ability	0	psn	aguavberry	1	0	99	1	0	suppress:0	undefined	undefined	8192	8192	8192	-1	2
swordofruin	onStart	894	6	6	61	Fire	1	0	0	20	100	0	16384	pikachu	0	1	1	0	0	6	1	2	100	160	1	0	0	missing	1	brn	magoberry	1	-1	99	1	1	suppress:0	undefined	false	16384	16384	16384	6	0
swordofruin	onStart	895	6	0	70	Normal	1	1	0	10	0	-1	8	pikachu	1	1	0	0	0	-1	0	2	60	0	0	1	true	Move	0	psn	magoberry	0	0	1	1	1	suppress:0|log:-ability:0:Sword of Ruin:undefined	undefined	undefined	8	8	8	-1	2
swordofruin	onStart	896	-1	6	70	Bug	1	1	1	100	20	0	0	greninjaash	1	0	1	0	0	0	0	2	100	160	1	0	0	Move	1	psn	figyberry	2	1	1	0	0	suppress:0	undefined	false	0	0	0	0	2
swordofruin	onStart	897	6	1	40	Ghost	1	0	0	0	-1	-1	24576	greninjaash	0	1	0	0	1	-1	0	0	60	100	1	0	0	Move	0	brn	magoberry	2	-1	1	1	0	suppress:0|log:-ability:0:Sword of Ruin:undefined	undefined	undefined	24576	24576	24576	-1	0
swordofruin	onStart	898	1	0	0	Normal	0	0	1	10	-1	-1	2048	greninjabond	0	0	0	0	1	0	1	2	0	0	1	1	null	missing	1	brn	iapapaberry	0	-1	0	0	1	suppress:0|log:-ability:0:Sword of Ruin:undefined	undefined	undefined	2048	2048	2048	0	0
swordofruin	onStart	899	1	6	0	Normal	1	0	0	20	-1	-1	24576	pikachu	1	1	1	0	1	0	0	1	60	100	0	0	null	missing	1	psn	sitrusberry	2	0	0	1	0	suppress:0	undefined	undefined	24576	24576	24576	0	0
swordofruin	onStart	900	-1	6	0	Normal	1	0	1	100	-1	0	24576	pikachu	1	0	0	1	0	6	0	2	60	160	1	0	true	Move	1	brn	magoberry	1	1	0	1	1	suppress:0|log:-ability:0:Sword of Ruin:undefined	undefined	false	24576	24576	24576	6	0
swordofruin	onStart	901	-1	1	60	Water	1	1	0	10	-1	-1	16384	greninjabond	1	0	1	0	1	1	1	1	0	0	1	1	0	missing	1	brn	iapapaberry	1	-1	99	1	0	suppress:0	undefined	undefined	16384	16384	16384	1	2
swordofruin	onStart	902	-1	0	40	Water	1	1	0	20	20	1	8192	greninjabond	0	0	1	0	1	6	1	0	60	100	1	0	true	Move	0	psn	figyberry	2	0	0	0	0	suppress:0	undefined	true	8192	8192	8192	6	2
swordofruin	onStart	903	-1	0	61	Bug	0	1	1	100	20	-1	2048	pikachu	1	1	1	1	1	6	0	2	100	160	1	0	undefined	Move	0	psn	aguavberry	0	0	1	1	0	suppress:0	undefined	undefined	2048	2048	2048	6	2
swordofruin	onStart	904	-1	0	40	Bug	0	1	0	0	0	0	8	greninjaash	1	1	0	1	0	1	1	2	100	100	1	1	true	missing	1	psn	iapapaberry	1	-1	0	0	0	suppress:0|log:-ability:0:Sword of Ruin:undefined	undefined	false	8	8	8	1	2
swordofruin	onStart	905	6	0	60	Bug	0	0	0	0	100	-1	2048	greninjaash	0	0	0	1	1	-1	0	1	100	0	0	1	true	Move	1	brn	magoberry	0	-1	-1	0	0	suppress:0|log:-ability:0:Sword of Ruin:undefined	undefined	undefined	2048	2048	2048	-1	0
swordofruin	onStart	906	0	0	61	Ghost	0	0	0	100	20	-1	8	greninjabond	0	0	0	0	0	6	0	2	60	0	1	1	null	Move	1	psn	leftovers	2	-1	0	1	0	suppress:0|log:-ability:0:Sword of Ruin:undefined	undefined	undefined	8	8	8	6	0
swordofruin	onStart	907	0	6	60	Bug	1	0	1	20	20	-1	8192	greninjabond	0	1	0	0	1	1	0	0	100	100	1	1	0	missing	1	brn	sitrusberry	1	1	-1	0	1	suppress:0|log:-ability:0:Sword of Ruin:undefined	undefined	undefined	8192	8192	8192	1	0
swordofruin	onStart	908	1	1	61	Bug	0	0	0	20	20	0	24576	greninjaash	0	1	1	0	1	6	0	0	60	0	1	0	true	Ability	1	brn	wikiberry	0	0	1	1	0	suppress:0	undefined	false	24576	24576	24576	6	0
swordofruin	onStart	909	0	0	70	Bug	0	0	0	100	0	1	8192	greninjabond	1	1	1	0	1	-1	0	0	0	100	1	0	0	Ability	0	brn	sitrusberry	2	-1	1	1	0	suppress:0	undefined	true	8192	8192	8192	-1	0
swordofruin	onStart	910	0	6	70	Ghost	1	1	0	20	20	0	2048	pikachu	0	0	0	0	0	-1	0	1	0	160	0	0	undefined	missing	0	brn	sitrusberry	0	0	99	1	1	suppress:0|log:-ability:0:Sword of Ruin:undefined	undefined	false	2048	2048	2048	-1	2
swordofruin	onStart	911	0	0	0	Dark	0	1	0	20	-1	1	2048	greninjabond	1	1	0	1	1	1	0	2	100	160	0	0	undefined	Ability	0	brn	wikiberry	0	1	99	0	1	suppress:0|log:-ability:0:Sword of Ruin:undefined	undefined	true	2048	2048	2048	1	2
swordofruin	onStart	912	-1	1	61	Water	1	0	0	10	20	1	24576	greninjaash	0	1	1	0	0	-1	1	0	0	100	0	1	undefined	Ability	1	psn	figyberry	0	-1	-1	0	1	suppress:0	undefined	true	24576	24576	24576	-1	0
swordofruin	onStart	913	6	0	70	Bug	1	1	1	100	-1	-1	8192	greninjabond	1	1	1	1	0	-1	1	0	100	100	0	1	0	Move	0	psn	figyberry	2	0	1	0	0	suppress:0	undefined	undefined	8192	8192	8192	-1	2
swordofruin	onStart	914	-1	6	40	Water	0	1	0	10	0	0	24576	greninjaash	0	1	0	0	1	1	1	0	60	160	1	1	0	Move	0	brn	wikiberry	1	-1	0	0	0	suppress:0|log:-ability:0:Sword of Ruin:undefined	undefined	false	24576	24576	24576	1	2
swordofruin	onStart	915	6	6	0	Fire	0	1	0	100	100	-1	8192	greninjabond	0	0	0	1	0	6	0	1	0	0	0	1	0	Ability	0	brn	leftovers	2	0	99	1	0	suppress:0|log:-ability:0:Sword of Ruin:undefined	undefined	undefined	8192	8192	8192	6	2
swordofruin	onStart	916	0	6	0	Normal	1	1	0	20	20	1	8192	greninjaash	1	1	0	1	1	1	1	2	0	100	0	1	null	Ability	0	brn	aguavberry	2	-1	99	1	0	suppress:0|log:-ability:0:Sword of Ruin:undefined	undefined	true	8192	8192	8192	1	2
swordofruin	onStart	917	6	6	60	Dark	1	1	0	0	0	-1	2048	pikachu	0	0	1	1	1	1	1	0	100	0	1	0	null	Ability	0	psn	figyberry	1	0	1	0	0	suppress:0	undefined	undefined	2048	2048	2048	1	2
swordofruin	onStart	918	1	1	0	Bug	0	1	1	20	-1	1	2048	pikachu	1	1	0	0	1	0	1	2	0	160	0	0	0	missing	1	psn	leftovers	0	1	0	0	1	suppress:0|log:-ability:0:Sword of Ruin:undefined	undefined	true	2048	2048	2048	0	2
swordofruin	onStart	919	0	0	61	Dark	0	1	1	0	0	-1	2048	greninjabond	0	1	0	0	0	0	0	2	60	160	1	1	false	Move	0	brn	leftovers	1	-1	99	1	0	suppress:0|log:-ability:0:Sword of Ruin:undefined	undefined	undefined	2048	2048	2048	0	2
swordofruin	onStart	920	-1	1	0	Bug	0	1	1	100	0	0	24576	pikachu	1	0	1	1	0	0	1	2	0	160	1	0	null	Ability	1	psn	aguavberry	2	0	99	1	1	suppress:0	undefined	false	24576	24576	24576	0	2
swordofruin	onStart	921	1	1	70	Fire	1	0	1	100	20	0	0	greninjaash	0	0	1	1	0	-1	0	0	60	100	0	0	undefined	missing	0	brn	sitrusberry	0	1	99	0	0	suppress:0	undefined	false	0	0	0	-1	0
swordofruin	onStart	922	6	1	70	Ghost	0	1	0	100	-1	0	2048	greninjabond	0	1	1	0	0	-1	1	2	60	0	0	0	false	Move	1	psn	iapapaberry	2	-1	1	0	1	suppress:0	undefined	false	2048	2048	2048	-1	2
swordofruin	onStart	923	1	0	0	Dark	0	1	1	100	0	0	2048	greninjaash	0	0	1	0	1	-1	1	2	0	0	1	0	null	missing	0	psn	aguavberry	2	1	0	0	1	suppress:0	undefined	false	2048	2048	2048	-1	2
swordofruin	onStart	924	6	1	40	Normal	1	1	1	10	20	0	16384	greninjaash	0	0	0	0	1	1	1	1	0	160	1	0	true	Ability	0	brn	aguavberry	2	0	-1	1	1	suppress:0|log:-ability:0:Sword of Ruin:undefined	undefined	false	16384	16384	16384	1	2
swordofruin	onStart	925	0	0	61	Ghost	1	0	0	20	0	1	2048	greninjabond	1	1	1	1	0	-1	0	1	0	160	0	0	true	Move	1	psn	aguavberry	1	0	0	0	0	suppress:0	undefined	true	2048	2048	2048	-1	0
swordofruin	onStart	926	6	1	70	Dark	0	0	1	20	0	-1	8192	pikachu	1	1	0	0	0	0	1	1	100	0	0	0	0	missing	0	brn	figyberry	2	-1	99	0	0	suppress:0|log:-ability:0:Sword of Ruin:undefined	undefined	undefined	8192	8192	8192	0	0
swordofruin	onStart	927	1	1	0	Normal	1	1	0	100	20	1	0	greninjaash	0	1	1	0	1	-1	0	1	0	160	0	0	true	Ability	0	brn	iapapaberry	1	0	-1	1	1	suppress:0	undefined	true	0	0	0	-1	2
swordofruin	onStart	928	-1	0	61	Normal	0	1	0	0	100	-1	8	pikachu	0	0	0	0	1	6	0	2	0	160	1	1	0	missing	0	psn	aguavberry	1	0	1	1	1	suppress:0|log:-ability:0:Sword of Ruin:undefined	undefined	undefined	8	8	8	6	2
swordofruin	onStart	929	1	1	0	Fire	0	1	1	20	0	0	16384	pikachu	0	1	1	0	0	-1	1	2	60	0	0	0	null	missing	1	brn	sitrusberry	1	1	0	1	0	suppress:0	undefined	false	16384	16384	16384	-1	2
swordofruin	onStart	930	1	1	0	Bug	0	0	1	20	20	1	8	greninjabond	0	0	1	1	0	6	0	2	100	0	0	0	false	Ability	0	brn	aguavberry	2	-1	1	1	0	suppress:0	undefined	true	8	8	8	6	0
swordofruin	onStart	931	0	0	0	Fire	0	1	0	0	0	1	2048	pikachu	0	0	0	0	0	0	1	0	100	100	1	0	undefined	Ability	0	psn	figyberry	2	0	-1	0	0	suppress:0|log:-ability:0:Sword of Ruin:undefined	undefined	true	2048	2048	2048	0	2
swordofruin	onStart	932	0	0	60	Water	0	0	0	0	20	1	2048	greninjabond	1	0	1	1	1	0	1	2	100	0	1	1	undefined	Ability	0	brn	iapapaberry	0	-1	0	1	1	suppress:0	undefined	true	2048	2048	2048	0	0
swordofruin	onStart	933	1	1	0	Normal	0	1	1	0	100	-1	8	greninjaash	1	0	0	0	0	1	1	1	0	160	0	1	null	Move	0	brn	leftovers	0	0	0	0	0	suppress:0|log:-ability:0:Sword of Ruin:undefined	undefined	undefined	8	8	8	1	2
swordofruin	onStart	934	-1	6	61	Normal	0	0	1	20	100	0	2048	greninjaash	1	0	1	0	0	1	0	0	100	100	1	0	true	Ability	0	psn	sitrusberry	1	0	0	1	0	suppress:0	undefined	false	2048	2048	2048	1	0
swordofruin	onStart	935	6	1	70	Water	1	1	1	20	-1	-1	16384	pikachu	0	1	0	1	1	6	0	2	60	0	0	0	true	Move	1	psn	sitrusberry	1	1	-1	0	0	suppress:0|log:-ability:0:Sword of Ruin:undefined	undefined	undefined	16384	16384	16384	6	2
swordofruin	onStart	936	0	1	70	Bug	1	0	0	10	-1	-1	2048	greninjaash	1	1	1	1	1	0	0	1	100	0	0	0	null	Move	0	psn	figyberry	2	-1	0	1	0	suppress:0	undefined	undefined	2048	2048	2048	0	0
swordofruin	onStart	937	1	1	61	Water	1	0	1	20	20	-1	24576	greninjabond	1	0	1	0	1	-1	0	2	60	0	0	1	undefined	Move	0	psn	wikiberry	2	1	1	1	1	suppress:0	undefined	undefined	24576	24576	24576	-1	0
swordofruin	onStart	938	1	0	61	Ghost	0	0	1	0	100	0	16384	greninjaash	1	0	1	1	1	1	1	1	0	160	0	0	true	Move	0	brn	magoberry	1	-1	1	0	0	suppress:0	undefined	false	16384	16384	16384	1	0
swordofruin	onStart	939	-1	6	40	Water	1	1	0	0	-1	1	16384	greninjaash	1	0	1	1	0	1	1	1	60	100	0	1	true	missing	0	brn	wikiberry	0	0	1	1	1	suppress:0	undefined	true	16384	16384	16384	1	2
swordofruin	onStart	940	6	0	40	Water	1	0	0	100	20	-1	16384	pikachu	1	1	0	0	1	0	0	2	100	160	0	0	true	missing	1	brn	sitrusberry	2	0	1	0	0	suppress:0|log:-ability:0:Sword of Ruin:undefined	undefined	undefined	16384	16384	16384	0	0
swordofruin	onStart	941	-1	0	70	Ghost	1	0	1	10	100	0	0	greninjaash	0	1	0	0	0	-1	0	2	0	0	0	1	0	missing	1	brn	figyberry	0	0	-1	1	0	suppress:0|log:-ability:0:Sword of Ruin:undefined	undefined	false	0	0	0	-1	0
swordofruin	onStart	942	1	0	60	Fire	0	1	0	20	20	0	0	pikachu	1	0	1	0	1	1	1	1	100	100	1	0	null	missing	1	psn	magoberry	0	-1	99	0	1	suppress:0	undefined	false	0	0	0	1	2
swordofruin	onStart	943	6	1	70	Ghost	1	1	1	0	0	-1	8192	greninjaash	0	1	1	1	0	1	1	0	0	160	1	1	false	Ability	1	psn	iapapaberry	1	-1	0	1	1	suppress:0	undefined	undefined	8192	8192	8192	1	2
swordofruin	onStart	944	0	1	61	Water	0	0	1	20	100	-1	2048	pikachu	1	0	1	0	1	1	0	0	100	160	1	1	undefined	Ability	0	psn	sitrusberry	2	1	-1	1	0	suppress:0	undefined	undefined	2048	2048	2048	1	0
swordofruin	onStart	945	0	0	0	Normal	1	1	1	10	100	0	16384	greninjaash	0	1	1	1	1	0	0	1	100	100	0	1	undefined	Ability	1	psn	magoberry	1	-1	-1	1	1	suppress:0	undefined	false	16384	16384	16384	0	2
swordofruin	onStart	946	0	0	0	Normal	1	0	1	20	0	0	2048	greninjaash	1	1	1	1	0	-1	0	2	60	160	1	0	false	missing	1	psn	iapapaberry	1	-1	1	1	1	suppress:0	undefined	false	2048	2048	2048	-1	0
swordofruin	onStart	947	1	6	60	Water	1	1	1	10	20	0	16384	greninjaash	1	0	0	1	1	6	1	1	60	100	1	1	false	missing	0	brn	leftovers	1	0	0	0	0	suppress:0|log:-ability:0:Sword of Ruin:undefined	undefined	false	16384	16384	16384	6	2
swordofruin	onStart	948	0	1	0	Bug	0	1	1	20	100	-1	8192	greninjaash	0	1	0	1	0	-1	0	2	100	100	1	1	undefined	Move	1	brn	iapapaberry	0	-1	99	0	0	suppress:0|log:-ability:0:Sword of Ruin:undefined	undefined	undefined	8192	8192	8192	-1	2
swordofruin	onStart	949	1	1	0	Fire	1	1	1	100	100	0	24576	greninjaash	1	0	0	1	1	1	0	1	100	0	0	0	null	missing	0	psn	wikiberry	0	0	-1	1	0	suppress:0|log:-ability:0:Sword of Ruin:undefined	undefined	false	24576	24576	24576	1	2
swordofruin	onStart	950	6	6	70	Bug	0	1	0	20	-1	0	8192	greninjaash	1	0	1	0	0	6	1	2	60	0	1	0	false	missing	0	brn	magoberry	2	0	0	1	1	suppress:0	undefined	false	8192	8192	8192	6	2
swordofruin	onStart	951	-1	6	61	Ghost	0	1	0	100	20	1	8	greninjaash	1	1	0	0	1	0	1	0	0	0	0	1	undefined	Ability	1	brn	wikiberry	2	-1	1	1	0	suppress:0|log:-ability:0:Sword of Ruin:undefined	undefined	true	8	8	8	0	2
swordofruin	onStart	952	0	0	60	Normal	1	1	0	100	-1	0	16384	pikachu	0	0	0	1	1	-1	1	2	0	0	1	0	null	missing	1	brn	iapapaberry	0	0	99	1	1	suppress:0|log:-ability:0:Sword of Ruin:undefined	undefined	false	16384	16384	16384	-1	2
swordofruin	onStart	953	0	6	60	Dark	0	0	1	10	-1	1	24576	pikachu	1	0	0	1	1	0	1	2	100	100	1	1	undefined	Ability	0	brn	figyberry	0	-1	0	1	1	suppress:0|log:-ability:0:Sword of Ruin:undefined	undefined	true	24576	24576	24576	0	0
swordofruin	onStart	954	-1	6	61	Ghost	1	1	0	0	20	-1	8192	pikachu	1	1	0	1	1	6	0	1	100	160	1	0	null	Ability	0	brn	iapapaberry	2	-1	1	0	1	suppress:0|log:-ability:0:Sword of Ruin:undefined	undefined	undefined	8192	8192	8192	6	2
swordofruin	onStart	955	0	1	40	Dark	1	1	0	10	20	1	2048	greninjabond	1	0	0	0	0	-1	1	1	0	160	0	0	false	Ability	1	brn	sitrusberry	1	0	99	0	1	suppress:0|log:-ability:0:Sword of Ruin:undefined	undefined	true	2048	2048	2048	-1	2
swordofruin	onStart	956	-1	6	40	Normal	1	0	0	10	100	1	24576	greninjabond	1	0	1	0	0	-1	0	0	100	100	1	0	true	missing	1	brn	sitrusberry	0	0	-1	0	1	suppress:0	undefined	true	24576	24576	24576	-1	0
swordofruin	onStart	957	6	0	61	Normal	0	0	1	0	20	0	2048	greninjaash	1	1	0	1	1	-1	1	2	100	160	0	0	0	Move	1	brn	sitrusberry	1	0	-1	1	0	suppress:0|log:-ability:0:Sword of Ruin:undefined	undefined	false	2048	2048	2048	-1	0
swordofruin	onStart	958	-1	1	70	Fire	0	0	0	20	-1	0	16384	greninjabond	0	1	1	0	1	6	0	1	60	0	0	0	null	missing	0	psn	iapapaberry	2	-1	99	0	0	suppress:0	undefined	false	16384	16384	16384	6	0
swordofruin	onStart	959	0	0	60	Fire	0	1	1	10	-1	1	8192	greninjabond	1	1	0	1	1	-1	1	0	0	160	1	0	false	Ability	1	brn	figyberry	1	1	1	0	1	suppress:0|log:-ability:0:Sword of Ruin:undefined	undefined	true	8192	8192	8192	-1	2
swordofruin	onStart	960	0	1	61	Normal	0	1	0	0	100	1	24576	pikachu	1	1	1	0	1	0	1	0	0	0	0	1	true	Move	1	brn	iapapaberry	0	-1	1	0	1	suppress:0	undefined	true	24576	24576	24576	0	2
swordofruin	onStart	961	0	6	61	Bug	1	1	0	10	100	1	16384	pikachu	1	0	0	0	1	0	0	0	0	0	1	0	undefined	missing	0	brn	aguavberry	0	1	99	0	1	suppress:0|log:-ability:0:Sword of Ruin:undefined	undefined	true	16384	16384	16384	0	2
swordofruin	onStart	962	6	1	40	Normal	1	1	0	20	100	1	16384	greninjabond	1	0	0	1	0	0	1	2	60	100	1	0	undefined	Move	0	psn	sitrusberry	0	1	1	0	0	suppress:0|log:-ability:0:Sword of Ruin:undefined	undefined	true	16384	16384	16384	0	2
swordofruin	onStart	963	-1	6	40	Dark	0	1	1	20	100	0	24576	pikachu	0	0	1	0	0	0	0	0	60	160	1	1	null	missing	1	psn	magoberry	2	1	1	1	0	suppress:0	undefined	false	24576	24576	24576	0	2
swordofruin	onStart	964	1	6	40	Water	0	0	0	0	100	1	24576	greninjabond	0	0	0	1	0	6	1	0	60	0	0	1	false	missing	0	brn	wikiberry	0	-1	0	0	1	suppress:0|log:-ability:0:Sword of Ruin:undefined	undefined	true	24576	24576	24576	6	0
swordofruin	onStart	965	0	6	40	Normal	1	1	1	20	20	-1	8192	pikachu	0	1	0	1	1	1	0	0	0	160	0	1	false	missing	1	brn	sitrusberry	0	-1	99	1	0	suppress:0|log:-ability:0:Sword of Ruin:undefined	undefined	undefined	8192	8192	8192	1	2
swordofruin	onStart	966	0	6	0	Bug	1	0	1	20	0	0	0	greninjabond	0	1	0	0	0	-1	1	2	60	100	0	0	undefined	missing	1	brn	leftovers	1	1	0	0	1	suppress:0|log:-ability:0:Sword of Ruin:undefined	undefined	false	0	0	0	-1	0
swordofruin	onStart	967	0	6	61	Bug	0	1	0	0	0	-1	8192	greninjaash	1	1	1	1	0	6	1	2	60	0	0	0	null	missing	1	psn	magoberry	1	0	99	1	0	suppress:0	undefined	undefined	8192	8192	8192	6	2
swordofruin	onStart	968	0	0	0	Dark	0	0	1	10	-1	-1	8192	greninjaash	0	1	0	1	0	6	1	1	0	0	1	0	0	Move	1	brn	aguavberry	1	0	1	0	0	suppress:0|log:-ability:0:Sword of Ruin:undefined	undefined	undefined	8192	8192	8192	6	0
swordofruin	onStart	969	0	0	40	Water	0	0	0	0	0	0	16384	greninjabond	0	1	0	0	0	0	1	1	0	160	1	0	false	Move	1	psn	magoberry	0	0	-1	0	1	suppress:0|log:-ability:0:Sword of Ruin:undefined	undefined	false	16384	16384	16384	0	0
swordofruin	onStart	970	1	6	60	Ghost	1	0	0	0	0	-1	16384	greninjabond	1	0	0	1	0	-1	0	1	0	100	0	0	false	Move	1	brn	figyberry	2	1	1	1	0	suppress:0|log:-ability:0:Sword of Ruin:undefined	undefined	undefined	16384	16384	16384	-1	0
swordofruin	onStart	971	1	6	61	Bug	0	1	0	100	0	1	24576	greninjaash	0	0	0	1	1	1	0	2	0	160	0	1	0	Ability	1	psn	wikiberry	1	0	-1	0	1	suppress:0|log:-ability:0:Sword of Ruin:undefined	undefined	true	24576	24576	24576	1	2
swordofruin	onStart	972	-1	0	0	Water	0	1	1	100	100	0	2048	pikachu	1	1	0	0	0	6	1	0	60	160	1	0	false	Ability	0	brn	wikiberry	1	1	99	0	1	suppress:0|log:-ability:0:Sword of Ruin:undefined	undefined	false	2048	2048	2048	6	2
swordofruin	onStart	973	6	0	70	Dark	1	0	1	100	20	0	24576	greninjabond	1	0	1	0	1	-1	1	2	100	100	1	1	undefined	Move	0	psn	wikiberry	1	1	99	0	0	suppress:0	undefined	false	24576	24576	24576	-1	0
swordofruin	onStart	974	1	0	70	Fire	1	0	1	20	100	-1	24576	pikachu	0	0	0	0	0	0	1	0	0	160	0	0	0	missing	0	psn	wikiberry	0	0	99	1	1	suppress:0|log:-ability:0:Sword of Ruin:undefined	undefined	undefined	24576	24576	24576	0	0
swordofruin	onStart	975	1	6	40	Water	1	1	1	20	20	1	8192	greninjaash	0	0	0	0	1	1	1	1	60	100	0	1	true	Ability	1	psn	sitrusberry	0	0	99	0	1	suppress:0|log:-ability:0:Sword of Ruin:undefined	undefined	true	8192	8192	8192	1	2
swordofruin	onStart	976	1	0	61	Ghost	1	1	0	20	0	0	24576	pikachu	1	0	0	1	0	-1	1	2	100	0	0	1	null	Move	0	brn	magoberry	2	-1	0	0	0	suppress:0|log:-ability:0:Sword of Ruin:undefined	undefined	false	24576	24576	24576	-1	2
swordofruin	onStart	977	-1	0	60	Ghost	0	1	0	0	20	-1	8	greninjaash	1	0	0	1	0	0	0	2	60	160	1	1	true	Ability	0	psn	magoberry	1	1	1	0	1	suppress:0|log:-ability:0:Sword of Ruin:undefined	undefined	undefined	8	8	8	0	2
swordofruin	onStart	978	1	0	61	Bug	1	0	1	20	-1	0	8192	greninjaash	0	0	1	1	1	1	0	1	0	0	0	0	false	Ability	0	psn	figyberry	1	-1	1	0	1	suppress:0	undefined	false	8192	8192	8192	1	0
swordofruin	onStart	979	0	1	0	Water	0	1	1	100	0	-1	24576	pikachu	0	0	1	1	0	6	0	2	0	0	0	0	false	Ability	1	brn	magoberry	1	1	99	0	0	suppress:0	undefined	undefined	24576	24576	24576	6	2
swordofruin	onStart	980	1	0	40	Water	1	1	0	20	100	-1	16384	pikachu	0	0	1	0	0	6	1	2	100	100	1	1	true	Move	0	brn	iapapaberry	2	0	-1	1	0	suppress:0	undefined	undefined	16384	16384	16384	6	2
swordofruin	onStart	981	0	0	0	Ghost	0	1	0	10	-1	1	2048	pikachu	1	1	1	0	0	1	0	0	60	0	1	1	0	Ability	1	psn	leftovers	1	1	1	0	0	suppress:0	undefined	true	2048	2048	2048	1	2
swordofruin	onStart	982	-1	1	70	Bug	1	1	1	20	20	-1	0	greninjaash	0	0	0	0	1	0	0	2	100	0	1	0	false	Move	0	brn	sitrusberry	1	1	1	0	0	suppress:0|log:-ability:0:Sword of Ruin:undefined	undefined	undefined	0	0	0	0	2
swordofruin	onStart	983	6	0	0	Dark	1	0	1	10	-1	-1	24576	pikachu	0	0	1	0	0	0	0	0	60	160	1	0	undefined	missing	0	psn	iapapaberry	0	-1	-1	0	1	suppress:0	undefined	undefined	24576	24576	24576	0	0
swordofruin	onStart	984	1	1	61	Ghost	0	1	1	100	20	0	16384	pikachu	1	0	1	0	0	1	0	2	0	0	0	0	null	Move	0	brn	iapapaberry	2	1	-1	0	1	suppress:0	undefined	false	16384	16384	16384	1	2
swordofruin	onStart	985	-1	1	70	Dark	1	0	0	100	0	-1	16384	greninjaash	1	1	0	1	0	0	0	2	100	0	1	1	true	Ability	1	brn	sitrusberry	2	1	-1	1	1	suppress:0|log:-ability:0:Sword of Ruin:undefined	undefined	undefined	16384	16384	16384	0	0
swordofruin	onStart	986	0	0	40	Ghost	0	1	1	0	20	-1	0	greninjaash	0	1	1	1	0	0	1	2	0	0	0	0	true	Ability	0	brn	magoberry	2	-1	1	1	1	suppress:0	undefined	undefined	0	0	0	0	2
swordofruin	onStart	987	-1	6	0	Ghost	1	1	1	0	-1	1	8	greninjabond	1	0	0	0	0	-1	0	2	100	100	1	0	0	Move	1	brn	aguavberry	1	1	1	1	0	suppress:0|log:-ability:0:Sword of Ruin:undefined	undefined	true	8	8	8	-1	2
swordofruin	onStart	988	-1	0	40	Bug	0	0	0	10	100	1	2048	greninjaash	0	0	0	1	1	1	1	1	60	0	0	0	0	missing	1	brn	figyberry	0	-1	0	1	0	suppress:0|log:-ability:0:Sword of Ruin:undefined	undefined	true	2048	2048	2048	1	0
swordofruin	onStart	989	1	0	70	Normal	1	0	0	100	-1	-1	8192	pikachu	0	0	1	1	0	-1	0	0	100	100	1	0	null	Ability	0	brn	leftovers	1	1	1	0	0	suppress:0	undefined	undefined	8192	8192	8192	-1	0
swordofruin	onStart	990	0	0	60	Fire	1	1	0	20	-1	-1	0	greninjaash	0	1	1	1	0	1	1	0	60	160	1	1	false	Move	1	psn	sitrusberry	0	-1	-1	1	0	suppress:0	undefined	undefined	0	0	0	1	2
swordofruin	onStart	991	-1	1	60	Dark	1	0	0	0	0	0	0	pikachu	0	0	0	1	0	0	0	1	60	160	0	0	0	Ability	0	brn	wikiberry	2	0	-1	1	0	suppress:0|log:-ability:0:Sword of Ruin:undefined	undefined	false	0	0	0	0	0
swordofruin	onStart	992	1	0	60	Fire	1	0	1	0	0	-1	16384	greninjabond	0	1	0	1	0	6	0	2	0	0	1	1	0	Ability	0	brn	figyberry	2	-1	99	0	1	suppress:0|log:-ability:0:Sword of Ruin:undefined	undefined	undefined	16384	16384	16384	6	0
swordofruin	onStart	993	-1	0	40	Bug	0	1	0	100	-1	-1	8192	greninjabond	0	0	1	1	1	0	1	2	0	100	0	0	undefined	missing	0	psn	magoberry	1	-1	0	1	1	suppress:0	undefined	undefined	8192	8192	8192	0	2
swordofruin	onStart	994	-1	0	61	Water	0	1	1	20	100	0	16384	greninjabond	0	1	1	1	1	6	0	0	60	160	1	0	false	Ability	1	psn	aguavberry	0	1	1	0	0	suppress:0	undefined	false	16384	16384	16384	6	2
swordofruin	onStart	995	1	1	0	Ghost	1	1	0	0	20	0	8	greninjaash	1	0	1	1	1	1	0	0	0	160	0	1	0	Move	1	psn	aguavberry	1	-1	-1	0	1	suppress:0	undefined	false	8	8	8	1	2
swordofruin	onStart	996	6	1	0	Normal	1	0	1	0	0	0	24576	pikachu	1	1	0	0	1	1	0	2	100	100	1	1	null	Ability	1	brn	figyberry	2	0	1	1	1	suppress:0|log:-ability:0:Sword of Ruin:undefined	undefined	false	24576	24576	24576	1	0
swordofruin	onStart	997	-1	6	40	Fire	1	1	0	0	-1	-1	0	greninjaash	1	1	1	1	0	1	1	2	60	0	1	0	undefined	Move	1	brn	aguavberry	1	0	0	1	1	suppress:0	undefined	undefined	0	0	0	1	2
swordofruin	onStart	998	1	0	0	Normal	1	0	0	100	-1	0	24576	greninjaash	0	1	1	1	1	1	0	1	60	0	1	1	null	Ability	0	brn	sitrusberry	2	-1	1	0	1	suppress:0	undefined	false	24576	24576	24576	1	0
swordofruin	onStart	999	-1	0	61	Water	1	0	1	20	100	1	2048	greninjaash	1	0	0	1	1	-1	0	2	100	0	1	1	false	Ability	0	brn	wikiberry	2	-1	0	0	1	suppress:0|log:-ability:0:Sword of Ruin:undefined	undefined	true	2048	2048	2048	-1	0
swordofruin	onStart	1000	1	6	61	Ghost	0	0	0	10	20	1	16384	greninjabond	1	1	0	0	0	0	0	1	0	160	0	0	undefined	Ability	1	brn	leftovers	1	1	1	1	1	suppress:0|log:-ability:0:Sword of Ruin:undefined	undefined	true	16384	16384	16384	0	0
swordofruin	onStart	1001	6	1	40	Normal	0	0	1	20	100	-1	2048	greninjaash	1	1	1	0	1	0	0	0	60	100	0	0	true	missing	1	psn	wikiberry	2	-1	99	1	1	suppress:0	undefined	undefined	2048	2048	2048	0	0
swordofruin	onStart	1002	6	1	60	Ghost	0	0	0	0	-1	-1	24576	greninjaash	0	0	0	1	0	1	0	2	0	160	1	0	null	Move	0	brn	leftovers	0	1	1	1	1	suppress:0|log:-ability:0:Sword of Ruin:undefined	undefined	undefined	24576	24576	24576	1	0
swordofruin	onStart	1003	0	1	61	Fire	1	1	1	10	20	1	24576	pikachu	1	0	1	1	0	6	1	1	60	0	1	1	false	Ability	0	psn	figyberry	1	1	99	0	0	suppress:0	undefined	true	24576	24576	24576	6	2
swordofruin	onStart	1004	0	1	0	Bug	0	1	0	100	0	-1	8192	pikachu	0	1	1	1	1	0	0	0	0	160	1	0	true	missing	1	brn	aguavberry	0	0	99	1	1	suppress:0	undefined	undefined	8192	8192	8192	0	2
swordofruin	onStart	1005	1	0	61	Fire	0	0	0	20	0	-1	8192	pikachu	1	0	1	0	1	0	0	1	100	0	1	1	0	missing	1	psn	sitrusberry	1	0	0	1	1	suppress:0	undefined	undefined	8192	8192	8192	0	0
swordofruin	onStart	1006	6	1	61	Dark	0	0	0	100	0	-1	16384	pikachu	1	1	1	1	0	6	0	0	60	0	1	1	undefined	Ability	1	psn	wikiberry	0	-1	-1	0	1	suppress:0	undefined	undefined	16384	16384	16384	6	0
swordofruin	onStart	1007	0	0	0	Normal	0	0	0	10	-1	-1	2048	greninjabond	1	0	1	0	0	6	0	1	60	160	0	1	null	Move	0	psn	iapapaberry	1	-1	0	0	0	suppress:0	undefined	undefined	2048	2048	2048	6	0
swordofruin	onStart	1008	1	6	40	Ghost	0	1	1	20	0	-1	24576	greninjaash	0	0	1	1	1	6	1	2	60	0	0	1	null	missing	1	brn	iapapaberry	1	-1	0	1	0	suppress:0	undefined	undefined	24576	24576	24576	6	2
swordofruin	onStart	1009	6	0	60	Dark	1	1	1	20	-1	0	8192	pikachu	1	0	1	0	1	0	1	2	0	100	0	1	undefined	missing	1	brn	figyberry	2	1	-1	0	1	suppress:0	undefined	false	8192	8192	8192	0	2
swordofruin	onStart	1010	1	0	60	Normal	0	0	0	20	20	1	0	greninjaash	0	0	0	1	1	0	1	2	100	0	1	0	false	Move	0	psn	figyberry	1	0	1	1	1	suppress:0|log:-ability:0:Sword of Ruin:undefined	undefined	true	0	0	0	0	0
swordofruin	onStart	1011	-1	6	61	Bug	1	1	0	10	100	1	0	greninjabond	0	0	0	0	0	-1	1	2	60	160	0	0	0	Ability	0	psn	leftovers	2	-1	0	1	1	suppress:0|log:-ability:0:Sword of Ruin:undefined	undefined	true	0	0	0	-1	2
swordofruin	onStart	1012	6	0	70	Normal	0	0	0	20	0	0	24576	greninjaash	1	0	0	0	1	0	0	1	60	160	0	1	null	Ability	0	brn	sitrusberry	0	0	-1	1	0	suppress:0|log:-ability:0:Sword of Ruin:undefined	undefined	false	24576	24576	24576	0	0
swordofruin	onStart	1013	6	0	70	Water	1	1	0	100	0	0	24576	greninjaash	0	1	1	0	1	6	1	1	60	100	0	1	undefined	missing	0	brn	magoberry	1	0	0	1	1	suppress:0	undefined	false	24576	24576	24576	6	2
swordofruin	onStart	1014	-1	1	61	Ghost	0	1	0	100	100	1	24576	pikachu	1	0	0	1	0	6	1	0	60	0	0	1	0	missing	1	brn	wikiberry	1	1	1	1	0	suppress:0|log:-ability:0:Sword of Ruin:undefined	undefined	true	24576	24576	24576	6	2
swordofruin	onStart	1015	1	0	40	Fire	0	0	1	100	0	-1	2048	greninjabond	1	0	0	0	0	1	0	2	100	100	0	0	true	Ability	0	psn	wikiberry	2	1	1	1	1	suppress:0|log:-ability:0:Sword of Ruin:undefined	undefined	undefined	2048	2048	2048	1	0
swordofruin	onStart	1016	6	6	40	Dark	1	1	1	100	100	1	8192	greninjabond	1	1	0	0	1	-1	1	0	60	100	1	0	0	Ability	1	brn	sitrusberry	0	1	-1	1	0	suppress:0|log:-ability:0:Sword of Ruin:undefined	undefined	true	8192	8192	8192	-1	2
swordofruin	onStart	1017	6	6	70	Fire	0	0	1	10	20	-1	8192	pikachu	0	1	1	1	0	0	0	1	60	160	0	1	false	Move	0	brn	iapapaberry	1	-1	1	0	1	suppress:0	undefined	undefined	8192	8192	8192	0	0
swordofruin	onStart	1018	0	0	60	Bug	0	0	0	0	100	-1	2048	pikachu	0	1	0	1	1	6	0	0	60	160	1	0	0	missing	1	brn	aguavberry	0	1	1	0	0	suppress:0|log:-ability:0:Sword of Ruin:undefined	undefined	undefined	2048	2048	2048	6	0
swordofruin	onStart	1019	1	6	61	Bug	0	1	1	20	0	1	2048	greninjabond	0	0	1	0	1	0	1	2	60	100	0	1	false	Ability	0	brn	iapapaberry	0	0	-1	0	0	suppress:0	undefined	true	2048	2048	2048	0	2
swordofruin	onStart	1020	0	0	60	Water	1	0	1	10	0	-1	16384	pikachu	0	0	0	1	1	-1	1	0	0	100	1	0	null	missing	0	psn	sitrusberry	1	0	0	1	0	suppress:0|log:-ability:0:Sword of Ruin:undefined	undefined	undefined	16384	16384	16384	-1	0
swordofruin	onStart	1021	0	1	60	Water	0	0	1	10	0	0	0	greninjaash	1	0	0	0	1	0	0	2	0	100	0	0	false	Move	1	brn	figyberry	0	1	-1	0	1	suppress:0|log:-ability:0:Sword of Ruin:undefined	undefined	false	0	0	0	0	0
swordofruin	onStart	1022	1	0	0	Bug	0	1	1	100	20	0	8	greninjaash	1	0	0	1	1	-1	0	0	60	100	0	1	null	Ability	0	psn	iapapaberry	2	0	-1	0	0	suppress:0|log:-ability:0:Sword of Ruin:undefined	undefined	false	8	8	8	-1	2
swordofruin	onStart	1023	1	0	40	Dark	0	0	1	20	100	0	0	pikachu	0	0	1	1	1	0	1	1	100	0	1	0	true	Ability	1	brn	sitrusberry	1	1	99	0	0	suppress:0	undefined	false	0	0	0	0	0
swordofruin	onStart	1024	6	1	40	Fire	0	0	0	0	-1	1	24576	greninjabond	0	1	0	1	1	1	1	1	100	0	0	1	undefined	Move	0	brn	magoberry	2	-1	99	1	1	suppress:0|log:-ability:0:Sword of Ruin:undefined	undefined	true	24576	24576	24576	1	0
swordofruin	onStart	1025	1	1	61	Normal	0	1	1	10	0	-1	0	greninjaash	1	0	1	1	0	0	1	2	0	0	0	1	false	Move	1	psn	iapapaberry	0	-1	99	0	1	suppress:0	undefined	undefined	0	0	0	0	2
swordofruin	onStart	1026	0	6	61	Fire	1	1	0	20	0	1	8	greninjabond	1	1	1	1	0	1	0	1	0	0	0	0	null	Ability	0	psn	figyberry	2	-1	1	1	0	suppress:0	undefined	true	8	8	8	1	2
swordofruin	onStart	1027	0	6	40	Ghost	0	1	1	100	0	0	0	pikachu	0	0	0	1	0	1	1	1	100	0	1	1	null	Move	0	brn	magoberry	2	1	1	0	1	suppress:0|log:-ability:0:Sword of Ruin:undefined	undefined	false	0	0	0	1	2
swordofruin	onStart	1028	6	6	40	Fire	0	1	0	0	0	0	16384	greninjabond	0	1	1	0	1	-1	1	2	60	160	0	1	undefined	Move	0	psn	magoberry	0	1	1	0	0	suppress:0	undefined	false	16384	16384	16384	-1	2
swordofruin	onStart	1029	6	0	0	Fire	0	0	1	20	0	-1	24576	greninjaash	0	1	0	1	0	6	0	1	60	100	0	0	undefined	Ability	0	psn	figyberry	2	1	-1	0	1	suppress:0|log:-ability:0:Sword of Ruin:undefined	undefined	undefined	24576	24576	24576	6	0
swordofruin	onStart	1030	6	6	61	Fire	0	0	1	100	-1	1	16384	greninjaash	1	1	0	1	0	-1	0	0	0	0	0	1	0	Move	1	brn	sitrusberry	2	0	1	1	1	suppress:0|log:-ability:0:Sword of Ruin:undefined	undefined	true	16384	16384	16384	-1	0
swordofruin	onStart	1031	6	6	70	Dark	1	0	0	0	-1	0	8192	greninjaash	0	0	0	0	0	-1	1	1	0	160	0	1	true	Move	1	brn	sitrusberry	2	1	99	0	1	suppress:0|log:-ability:0:Sword of Ruin:undefined	undefined	false	8192	8192	8192	-1	0
swordofruin	onStart	1032	6	0	0	Dark	1	0	1	10	100	1	16384	greninjabond	0	0	1	0	1	6	0	1	0	0	0	0	undefined	Ability	0	brn	sitrusberry	1	0	1	1	1	suppress:0	undefined	true	16384	16384	16384	6	0
swordofruin	onStart	1033	1	1	61	Fire	1	1	1	10	20	-1	24576	greninjabond	1	1	1	0	0	0	1	1	60	100	1	0	undefined	missing	0	psn	magoberry	2	1	0	1	1	suppress:0	undefined	undefined	24576	24576	24576	0	2
swordofruin	onStart	1034	-1	1	60	Bug	1	1	1	0	-1	0	0	pikachu	1	1	1	1	1	-1	1	1	60	100	0	0	null	Move	0	brn	leftovers	1	1	1	0	1	suppress:0	undefined	false	0	0	0	-1	2
swordofruin	onStart	1035	-1	6	40	Ghost	0	1	0	100	-1	0	2048	greninjabond	1	0	1	1	0	6	1	2	60	100	0	0	null	missing	0	psn	figyberry	0	-1	0	1	0	suppress:0	undefined	false	2048	2048	2048	6	2
swordofruin	onStart	1036	0	0	60	Fire	1	1	1	100	-1	0	2048	greninjabond	1	0	0	1	0	-1	1	1	60	100	0	1	false	missing	0	psn	sitrusberry	2	0	99	0	1	suppress:0|log:-ability:0:Sword of Ruin:undefined	undefined	false	2048	2048	2048	-1	2
swordofruin	onStart	1037	-1	6	0	Ghost	1	1	1	0	100	0	2048	greninjabond	0	0	0	1	0	0	1	0	100	160	0	1	false	Move	1	psn	iapapaberry	2	-1	99	0	1	suppress:0|log:-ability:0:Sword of Ruin:undefined	undefined	false	2048	2048	2048	0	2
swordofruin	onStart	1038	-1	0	70	Water	0	0	1	100	-1	-1	24576	greninjaash	1	1	1	1	1	0	1	1	0	100	1	1	0	missing	1	psn	iapapaberry	2	1	-1	0	0	suppress:0	undefined	undefined	24576	24576	24576	0	0
swordofruin	onStart	1039	-1	0	70	Bug	1	0	1	100	0	0	8192	greninjaash	0	0	1	0	0	6	1	1	0	100	1	1	undefined	missing	1	psn	leftovers	1	0	-1	1	0	suppress:0	undefined	false	8192	8192	8192	6	0
swordofruin	onStart	1040	6	6	40	Fire	0	1	1	20	-1	0	16384	pikachu	1	0	0	1	1	0	0	2	60	100	1	0	0	missing	0	brn	iapapaberry	0	0	0	1	0	suppress:0|log:-ability:0:Sword of Ruin:undefined	undefined	false	16384	16384	16384	0	2
swordofruin	onStart	1041	1	6	61	Dark	0	0	0	0	0	-1	16384	pikachu	0	0	0	0	1	0	0	1	60	0	1	0	false	missing	1	brn	iapapaberry	2	0	99	1	1	suppress:0|log:-ability:0:Sword of Ruin:undefined	undefined	undefined	16384	16384	16384	0	0
swordofruin	onStart	1042	6	1	61	Ghost	1	0	1	20	100	-1	2048	greninjabond	1	0	1	1	0	6	0	2	100	0	0	0	true	Move	1	psn	figyberry	1	0	1	1	1	suppress:0	undefined	undefined	2048	2048	2048	6	0
swordofruin	onStart	1043	1	6	70	Normal	1	0	1	0	20	-1	0	pikachu	1	1	1	0	1	-1	1	1	0	100	1	0	null	Move	1	psn	sitrusberry	2	-1	-1	0	1	suppress:0	undefined	undefined	0	0	0	-1	0
swordofruin	onStart	1044	-1	1	40	Ghost	0	0	1	100	-1	1	0	greninjaash	0	0	1	0	0	6	0	1	60	160	1	0	undefined	missing	1	psn	leftovers	1	-1	-1	0	1	suppress:0	undefined	true	0	0	0	6	0
swordofruin	onStart	1045	1	0	60	Normal	0	0	1	10	100	1	24576	pikachu	1	1	0	0	0	6	0	2	0	0	0	1	0	Ability	1	brn	wikiberry	2	0	99	1	1	suppress:0|log:-ability:0:Sword of Ruin:undefined	undefined	true	24576	24576	24576	6	0
swordofruin	onStart	1046	0	1	70	Dark	1	0	0	100	0	1	8	greninjaash	0	0	1	1	0	1	0	0	60	160	1	1	undefined	missing	0	brn	iapapaberry	2	1	1	1	0	suppress:0	undefined	true	8	8	8	1	0
swordofruin	onStart	1047	-1	0	61	Water	1	0	0	10	100	1	24576	greninjabond	1	0	1	1	1	1	1	0	60	160	0	0	false	Move	1	psn	magoberry	2	-1	-1	0	1	suppress:0	undefined	true	24576	24576	24576	1	0
swordofruin	onStart	1048	6	0	61	Fire	1	0	0	0	100	-1	16384	pikachu	0	1	0	0	1	1	0	2	60	160	0	1	null	Ability	0	brn	aguavberry	1	0	-1	0	0	suppress:0|log:-ability:0:Sword of Ruin:undefined	undefined	undefined	16384	16384	16384	1	0
swordofruin	onStart	1049	0	6	70	Bug	0	1	0	0	-1	1	24576	greninjaash	1	1	0	0	1	0	1	0	60	0	1	1	null	missing	1	psn	sitrusberry	0	-1	-1	1	1	suppress:0|log:-ability:0:Sword of Ruin:undefined	undefined	true	24576	24576	24576	0	2
swordofruin	onStart	1050	1	6	0	Bug	1	0	1	0	0	0	8192	pikachu	1	0	0	1	1	0	0	0	60	160	1	1	false	Ability	0	brn	leftovers	2	0	99	1	0	suppress:0|log:-ability:0:Sword of Ruin:undefined	undefined	false	8192	8192	8192	0	0
swordofruin	onStart	1051	0	6	0	Water	1	0	0	0	100	0	24576	pikachu	1	1	0	1	0	0	0	2	60	100	0	1	false	Move	1	brn	wikiberry	0	-1	1	1	0	suppress:0|log:-ability:0:Sword of Ruin:undefined	undefined	false	24576	24576	24576	0	0
swordofruin	onStart	1052	1	1	60	Ghost	0	0	0	20	-1	-1	8	greninjabond	1	1	1	1	0	6	0	0	100	100	0	1	null	missing	1	psn	iapapaberry	0	0	0	0	0	suppress:0	undefined	undefined	8	8	8	6	0
swordofruin	onStart	1053	-1	1	40	Water	0	1	1	100	100	-1	8	pikachu	0	0	0	0	1	0	1	0	60	0	1	1	null	Ability	0	brn	figyberry	0	0	1	1	1	suppress:0|log:-ability:0:Sword of Ruin:undefined	undefined	undefined	8	8	8	0	2
swordofruin	onStart	1054	1	1	61	Water	1	1	0	100	100	1	16384	greninjabond	0	0	1	1	1	1	0	0	100	160	1	1	true	Ability	1	psn	aguavberry	1	1	-1	1	1	suppress:0	undefined	true	16384	16384	16384	1	2
swordofruin	onStart	1055	0	0	0	Ghost	0	0	1	0	-1	1	8192	greninjaash	1	0	0	1	0	0	1	0	60	160	1	1	true	missing	1	psn	sitrusberry	0	1	0	0	0	suppress:0|log:-ability:0:Sword of Ruin:undefined	undefined	true	8192	8192	8192	0	0
swordofruin	onStart	1056	6	0	70	Dark	1	0	1	10	20	-1	16384	greninjabond	1	1	1	1	0	-1	1	1	0	0	0	0	0	missing	1	brn	sitrusberry	1	0	99	0	0	suppress:0	undefined	undefined	16384	16384	16384	-1	0
swordofruin	onStart	1057	0	0	40	Water	1	0	0	100	100	-1	8192	greninjaash	1	0	0	1	1	0	0	1	60	100	1	1	0	Move	0	psn	magoberry	2	0	1	0	1	suppress:0|log:-ability:0:Sword of Ruin:undefined	undefined	undefined	8192	8192	8192	0	0
swordofruin	onStart	1058	0	0	61	Fire	1	1	0	100	-1	1	0	greninjabond	1	1	0	0	1	-1	1	1	100	0	1	1	true	missing	1	psn	aguavberry	2	-1	99	0	1	suppress:0|log:-ability:0:Sword of Ruin:undefined	undefined	true	0	0	0	-1	2
swordofruin	onStart	1059	-1	1	70	Water	1	0	1	10	100	-1	8192	greninjabond	1	1	1	1	1	1	0	2	100	0	0	1	false	Ability	1	brn	iapapaberry	0	-1	0	1	1	suppress:0	undefined	undefined	8192	8192	8192	1	0
swordofruin	onStart	1060	-1	1	0	Dark	1	1	1	10	-1	-1	24576	greninjaash	0	1	0	0	0	1	0	0	0	100	0	0	undefined	Ability	1	psn	aguavberry	1	0	1	0	0	suppress:0|log:-ability:0:Sword of Ruin:undefined	undefined	undefined	24576	24576	24576	1	2
swordofruin	onStart	1061	0	0	0	Ghost	1	0	0	10	20	0	0	greninjabond	0	1	1	1	1	6	0	1	100	160	1	0	0	Move	1	psn	aguavberry	0	1	1	1	1	suppress:0	undefined	false	0	0	0	6	0
swordofruin	onStart	1062	6	1	70	Fire	1	1	0	100	20	1	8192	greninjabond	0	1	0	1	1	6	1	2	60	0	0	1	true	Move	1	brn	wikiberry	0	0	1	0	1	suppress:0|log:-ability:0:Sword of Ruin:undefined	undefined	true	8192	8192	8192	6	2
swordofruin	onStart	1063	1	6	61	Dark	0	0	0	100	0	1	24576	pikachu	1	0	1	0	0	-1	1	1	100	160	1	1	null	Move	0	brn	sitrusberry	0	1	0	1	1	suppress:0	undefined	true	24576	24576	24576	-1	0
swordofruin	onStart	1064	-1	1	60	Dark	0	1	1	20	0	-1	24576	greninjabond	0	0	0	0	0	1	1	1	60	100	1	1	0	Move	1	brn	aguavberry	2	-1	1	0	1	suppress:0|log:-ability:0:Sword of Ruin:undefined	undefined	undefined	24576	24576	24576	1	2
swordofruin	onStart	1065	0	1	60	Ghost	0	1	0	100	-1	0	0	greninjabond	0	1	0	1	0	0	1	2	100	100	1	0	0	missing	1	brn	figyberry	1	-1	99	0	0	suppress:0|log:-ability:0:Sword of Ruin:undefined	undefined	false	0	0	0	0	2
swordofruin	onStart	1066	0	0	60	Bug	1	1	0	10	20	0	24576	greninjaash	0	1	0	0	0	6	0	0	100	0	1	1	false	missing	1	psn	iapapaberry	2	-1	99	1	1	suppress:0|log:-ability:0:Sword of Ruin:undefined	undefined	false	24576	24576	24576	6	2
swordofruin	onStart	1067	6	1	0	Dark	0	0	1	10	0	-1	24576	greninjabond	0	1	0	0	1	6	0	2	100	100	1	0	undefined	missing	1	psn	magoberry	1	1	99	0	0	suppress:0|log:-ability:0:Sword of Ruin:undefined	undefined	undefined	24576	24576	24576	6	0
swordofruin	onStart	1068	1	6	61	Fire	0	1	1	0	-1	1	24576	greninjaash	0	0	1	1	0	1	1	0	0	160	1	1	0	missing	0	psn	leftovers	0	1	99	1	1	suppress:0	undefined	true	24576	24576	24576	1	2
swordofruin	onStart	1069	6	6	0	Bug	0	1	0	20	20	-1	8192	pikachu	1	0	1	1	1	0	1	2	0	160	1	0	true	Ability	0	psn	figyberry	1	-1	0	0	1	suppress:0	undefined	undefined	8192	8192	8192	0	2
swordofruin	onStart	1070	0	1	70	Bug	1	0	1	100	-1	1	24576	greninjabond	0	1	0	1	0	6	0	2	60	160	0	1	0	Move	0	brn	magoberry	2	-1	-1	1	0	suppress:0|log:-ability:0:Sword of Ruin:undefined	undefined	true	24576	24576	24576	6	0
swordofruin	onStart	1071	1	6	60	Bug	0	0	0	10	100	0	16384	greninjabond	1	0	0	0	1	6	0	0	60	100	0	0	true	Ability	0	brn	wikiberry	2	0	1	0	0	suppress:0|log:-ability:0:Sword of Ruin:undefined	undefined	false	16384	16384	16384	6	0
swordofruin	onStart	1072	-1	6	60	Fire	1	1	0	100	20	-1	8192	greninjaash	0	1	0	1	0	6	1	2	60	160	0	0	false	Ability	1	brn	iapapaberry	0	1	0	0	1	suppress:0|log:-ability:0:Sword of Ruin:undefined	undefined	undefined	8192	8192	8192	6	2
swordofruin	onStart	1073	-1	1	61	Dark	0	0	0	20	20	1	24576	pikachu	1	0	0	0	0	1	1	2	60	160	1	0	null	Move	0	brn	sitrusberry	2	-1	0	0	0	suppress:0|log:-ability:0:Sword of Ruin:undefined	undefined	true	24576	24576	24576	1	0
swordofruin	onStart	1074	-1	0	61	Dark	0	1	0	100	100	-1	8192	greninjabond	0	0	0	0	1	0	1	0	0	100	0	1	null	Move	0	brn	sitrusberry	1	1	99	0	0	suppress:0|log:-ability:0:Sword of Ruin:undefined	undefined	undefined	8192	8192	8192	0	2
swordofruin	onStart	1075	0	6	60	Dark	0	0	0	20	-1	0	24576	pikachu	0	1	1	0	0	-1	0	1	0	100	0	0	0	missing	1	psn	aguavberry	0	-1	1	1	1	suppress:0	undefined	false	24576	24576	24576	-1	0
swordofruin	onStart	1076	-1	1	60	Ghost	1	0	0	100	20	0	2048	greninjabond	1	0	1	0	1	0	1	1	0	0	0	0	false	missing	0	psn	sitrusberry	2	-1	-1	1	1	suppress:0	undefined	false	2048	2048	2048	0	0
swordofruin	onStart	1077	0	0	0	Normal	0	0	0	0	20	1	2048	greninjaash	0	1	1	0	0	6	1	1	100	100	1	1	null	Move	1	brn	leftovers	2	1	0	0	1	suppress:0	undefined	true	2048	2048	2048	6	0
swordofruin	onStart	1078	1	0	70	Ghost	1	0	1	100	0	-1	0	pikachu	0	1	0	1	1	-1	0	1	0	100	0	1	null	Ability	1	psn	figyberry	0	-1	1	0	0	suppress:0|log:-ability:0:Sword of Ruin:undefined	undefined	undefined	0	0	0	-1	0
swordofruin	onStart	1079	6	6	60	Bug	1	0	1	0	-1	-1	0	pikachu	0	0	1	1	0	1	0	0	100	160	1	0	undefined	Ability	0	psn	aguavberry	0	0	99	0	1	suppress:0	undefined	undefined	0	0	0	1	0
swordofruin	onStart	1080	-1	1	0	Ghost	0	0	1	0	0	-1	8	greninjaash	1	1	1	0	0	0	0	2	100	0	0	1	undefined	Ability	0	psn	aguavberry	2	0	-1	0	0	suppress:0	undefined	undefined	8	8	8	0	0
swordofruin	onStart	1081	-1	1	0	Normal	1	1	0	20	0	0	16384	pikachu	0	1	1	0	0	1	0	2	60	160	0	0	0	missing	1	psn	leftovers	0	0	1	0	0	suppress:0	undefined	false	16384	16384	16384	1	2
swordofruin	onStart	1082	6	6	70	Normal	0	0	1	10	-1	1	2048	pikachu	0	0	1	0	0	-1	1	1	0	0	0	1	true	missing	1	psn	sitrusberry	2	0	99	1	0	suppress:0	undefined	true	2048	2048	2048	-1	0
swordofruin	onStart	1083	-1	1	40	Water	0	0	1	20	-1	1	8192	pikachu	0	1	1	1	1	0	0	2	0	160	1	1	true	Move	0	psn	figyberry	2	0	-1	1	0	suppress:0	undefined	true	8192	8192	8192	0	0
swordofruin	onStart	1084	6	0	0	Ghost	0	1	1	20	20	-1	2048	greninjabond	0	1	0	1	1	0	1	2	100	160	0	1	null	missing	0	psn	wikiberry	1	-1	0	1	0	suppress:0|log:-ability:0:Sword of Ruin:undefined	undefined	undefined	2048	2048	2048	0	2
swordofruin	onStart	1085	1	1	0	Dark	1	1	0	10	-1	0	24576	greninjabond	0	0	1	0	0	0	0	2	0	100	1	1	0	Ability	0	psn	wikiberry	2	0	0	0	1	suppress:0	undefined	false	24576	24576	24576	0	2
swordofruin	onStart	1086	6	0	40	Normal	1	1	1	100	0	0	8192	greninjaash	1	0	0	1	0	-1	1	0	0	100	1	1	true	missing	1	brn	magoberry	0	1	-1	1	1	suppress:0|log:-ability:0:Sword of Ruin:undefined	undefined	false	8192	8192	8192	-1	2
swordofruin	onStart	1087	-1	0	0	Normal	1	0	0	20	0	0	0	greninjabond	0	0	1	0	0	0	0	1	100	100	0	1	false	Ability	0	psn	aguavberry	2	0	99	1	0	suppress:0	undefined	false	0	0	0	0	0
swordofruin	onStart	1088	-1	6	40	Ghost	1	0	1	10	20	-1	0	pikachu	0	0	0	1	0	1	0	1	60	160	1	0	true	Move	0	psn	leftovers	1	0	99	1	0	suppress:0|log:-ability:0:Sword of Ruin:undefined	undefined	undefined	0	0	0	1	0
swordofruin	onStart	1089	-1	0	70	Ghost	0	0	1	20	20	-1	8192	pikachu	0	1	1	1	0	1	1	0	60	0	0	1	false	Ability	1	psn	magoberry	1	-1	-1	1	0	suppress:0	undefined	undefined	8192	8192	8192	1	0
swordofruin	onStart	1090	1	6	40	Ghost	0	0	1	100	20	0	24576	pikachu	0	1	1	0	1	1	0	1	100	100	0	1	null	Move	1	brn	leftovers	0	1	99	1	1	suppress:0	undefined	false	24576	24576	24576	1	0
swordofruin	onStart	1091	6	1	70	Water	1	0	0	100	20	0	16384	greninjabond	1	1	0	1	1	1	1	0	0	0	0	0	false	Ability	0	brn	leftovers	0	0	99	0	1	suppress:0|log:-ability:0:Sword of Ruin:undefined	undefined	false	16384	16384	16384	1	0
swordofruin	onStart	1092	0	1	0	Fire	1	1	1	10	20	0	16384	pikachu	1	1	1	0	1	-1	0	0	0	160	1	0	null	missing	1	psn	wikiberry	1	1	1	1	0	suppress:0	undefined	false	16384	16384	16384	-1	2
swordofruin	onStart	1093	-1	6	60	Ghost	0	0	0	100	-1	1	0	greninjaash	1	0	1	0	0	6	1	0	100	160	1	0	null	missing	0	psn	wikiberry	0	-1	-1	0	1	suppress:0	undefined	true	0	0	0	6	0
swordofruin	onStart	1094	-1	1	60	Fire	0	1	0	100	100	0	8192	greninjabond	1	0	1	1	1	0	0	2	100	100	1	1	null	Move	0	psn	aguavberry	0	0	1	1	0	suppress:0	undefined	false	8192	8192	8192	0	2
swordofruin	onStart	1095	-1	6	40	Ghost	1	0	1	10	100	1	16384	greninjabond	0	0	0	0	1	-1	0	0	0	0	1	1	0	Move	0	brn	sitrusberry	2	0	-1	0	1	suppress:0|log:-ability:0:Sword of Ruin:undefined	undefined	true	16384	16384	16384	-1	0
swordofruin	onStart	1096	-1	1	40	Normal	1	1	0	20	0	1	16384	greninjaash	1	0	1	0	1	-1	0	2	100	160	0	1	false	Ability	0	psn	magoberry	0	-1	99	1	1	suppress:0	undefined	true	16384	16384	16384	-1	2
swordofruin	onStart	1097	-1	0	60	Fire	1	1	1	10	100	-1	8192	greninjabond	1	0	1	1	1	1	0	2	60	160	0	1	0	Ability	0	brn	aguavberry	1	-1	0	1	0	suppress:0	undefined	undefined	8192	8192	8192	1	2
swordofruin	onStart	1098	0	6	61	Water	0	1	1	10	100	-1	24576	greninjaash	0	1	1	0	1	0	1	2	100	160	1	1	null	Move	0	psn	sitrusberry	2	-1	99	0	1	suppress:0	undefined	undefined	24576	24576	24576	0	2
swordofruin	onStart	1099	0	6	40	Ghost	1	0	1	0	100	1	16384	pikachu	1	1	1	0	0	6	1	0	60	0	1	0	null	Ability	0	brn	sitrusberry	0	0	0	1	0	suppress:0	undefined	true	16384	16384	16384	6	0
swordofruin	onStart	1100	6	1	61	Dark	1	0	0	0	20	-1	8192	pikachu	0	0	1	1	1	-1	0	0	60	160	0	1	true	Ability	1	psn	aguavberry	0	1	-1	1	0	suppress:0	undefined	undefined	8192	8192	8192	-1	0
swordofruin	onStart	1101	1	1	40	Normal	0	1	0	0	-1	1	0	greninjabond	0	1	0	1	0	0	0	0	100	160	0	0	false	Move	1	brn	magoberry	2	0	-1	1	1	suppress:0|log:-ability:0:Sword of Ruin:undefined	undefined	true	0	0	0	0	2
swordofruin	onStart	1102	0	1	0	Bug	0	1	0	100	20	1	0	greninjaash	1	1	1	1	1	1	0	0	0	100	1	1	0	missing	1	brn	leftovers	2	-1	-1	0	0	suppress:0	undefined	true	0	0	0	1	2
swordofruin	onStart	1103	0	0	60	Ghost	0	0	0	100	-1	0	0	pikachu	1	1	1	1	0	6	0	1	0	100	1	0	false	missing	0	brn	wikiberry	0	1	-1	1	0	suppress:0	undefined	false	0	0	0	6	0
swordofruin	onStart	1104	0	6	61	Normal	0	0	1	100	100	-1	2048	greninjabond	0	1	1	0	1	0	0	0	0	100	1	0	null	missing	1	psn	wikiberry	2	-1	1	1	1	suppress:0	undefined	undefined	2048	2048	2048	0	0
swordofruin	onStart	1105	6	0	40	Water	1	0	1	10	-1	1	0	greninjaash	0	1	1	0	1	1	1	0	0	0	0	0	undefined	Move	1	brn	leftovers	1	-1	99	1	0	suppress:0	undefined	true	0	0	0	1	0
swordofruin	onStart	1106	0	6	0	Fire	0	1	0	100	0	0	16384	greninjaash	1	1	0	0	0	6	1	2	100	100	1	1	undefined	Move	1	brn	sitrusberry	2	1	99	1	0	suppress:0|log:-ability:0:Sword of Ruin:undefined	undefined	false	16384	16384	16384	6	2
swordofruin	onStart	1107	-1	0	61	Dark	1	0	0	0	100	1	2048	greninjabond	1	1	0	0	1	-1	1	2	100	0	1	1	undefined	Ability	0	psn	figyberry	0	0	-1	1	1	suppress:0|log:-ability:0:Sword of Ruin:undefined	undefined	true	2048	2048	2048	-1	0
swordofruin	onStart	1108	0	1	60	Dark	0	0	1	100	20	0	24576	greninjabond	1	1	0	1	1	-1	0	1	60	160	0	0	true	Ability	1	psn	sitrusberry	1	-1	0	0	1	suppress:0|log:-ability:0:Sword of Ruin:undefined	undefined	false	24576	24576	24576	-1	0
swordofruin	onStart	1109	-1	1	70	Water	1	0	1	20	0	1	8192	greninjaash	0	0	0	1	1	6	1	0	60	100	0	0	0	Ability	0	brn	aguavberry	1	1	99	1	1	suppress:0|log:-ability:0:Sword of Ruin:undefined	undefined	true	8192	8192	8192	6	0
swordofruin	onStart	1110	6	0	60	Ghost	0	0	0	100	-1	1	8	pikachu	1	1	1	1	0	1	1	0	0	100	0	1	undefined	Ability	1	psn	sitrusberry	2	1	99	1	1	suppress:0	undefined	true	8	8	8	1	0
swordofruin	onStart	1111	1	0	0	Water	0	1	0	20	0	0	2048	greninjaash	1	1	0	1	1	1	1	2	60	160	0	1	true	missing	1	brn	figyberry	1	1	0	1	0	suppress:0|log:-ability:0:Sword of Ruin:undefined	undefined	false	2048	2048	2048	1	2
swordofruin	onStart	1112	0	1	60	Water	1	0	0	0	-1	0	8	pikachu	0	1	0	1	1	6	1	2	100	0	1	1	0	Ability	1	psn	magoberry	2	-1	0	1	0	suppress:0|log:-ability:0:Sword of Ruin:undefined	undefined	false	8	8	8	6	0
swordofruin	onStart	1113	6	0	70	Water	0	1	1	0	100	1	8	greninjabond	0	0	1	0	1	1	1	1	100	100	0	0	false	Ability	0	psn	figyberry	0	1	0	0	0	suppress:0	undefined	true	8	8	8	1	2
swordofruin	onStart	1114	-1	0	0	Water	1	0	0	10	-1	0	8192	greninjaash	1	0	0	0	1	1	0	0	60	0	1	1	0	Move	1	psn	sitrusberry	1	1	99	0	0	suppress:0|log:-ability:0:Sword of Ruin:undefined	undefined	false	8192	8192	8192	1	0
swordofruin	onStart	1115	6	6	60	Bug	0	0	0	10	0	1	16384	greninjabond	0	1	1	1	1	0	1	2	60	100	0	1	0	missing	0	psn	magoberry	0	0	99	0	1	suppress:0	undefined	true	16384	16384	16384	0	0
swordofruin	onStart	1116	6	1	70	Fire	1	1	1	20	20	-1	8192	pikachu	1	1	1	0	0	6	0	0	60	100	1	1	0	missing	0	psn	wikiberry	0	1	1	0	1	suppress:0	undefined	undefined	8192	8192	8192	6	2
swordofruin	onStart	1117	0	1	0	Ghost	0	1	1	0	0	1	2048	greninjabond	1	1	0	0	1	0	1	2	60	160	0	1	null	Move	1	psn	wikiberry	1	0	99	1	1	suppress:0|log:-ability:0:Sword of Ruin:undefined	undefined	true	2048	2048	2048	0	2
swordofruin	onStart	1118	-1	6	70	Normal	0	0	1	100	0	0	8	pikachu	1	0	0	0	1	6	0	0	60	100	0	0	true	missing	0	brn	magoberry	2	0	0	0	1	suppress:0|log:-ability:0:Sword of Ruin:undefined	undefined	false	8	8	8	6	0
swordofruin	onStart	1119	6	6	60	Bug	0	1	1	10	100	1	8	greninjaash	1	1	1	0	1	1	1	2	100	160	1	1	undefined	Move	1	psn	magoberry	2	-1	0	0	1	suppress:0	undefined	true	8	8	8	1	2
swordofruin	onStart	1120	0	1	70	Water	0	1	0	10	100	0	8192	greninjaash	1	0	1	0	1	-1	1	1	60	100	0	0	null	Ability	1	psn	sitrusberry	2	1	-1	1	0	suppress:0	undefined	false	8192	8192	8192	-1	2
swordofruin	onStart	1121	6	6	40	Ghost	1	0	1	0	0	0	2048	pikachu	1	1	0	0	0	1	0	1	0	100	1	1	0	Move	1	brn	aguavberry	2	0	1	0	0	suppress:0|log:-ability:0:Sword of Ruin:undefined	undefined	false	2048	2048	2048	1	0
swordofruin	onStart	1122	6	0	40	Fire	1	0	0	100	20	1	8	greninjabond	1	0	0	0	0	-1	1	2	100	0	0	1	null	missing	0	brn	wikiberry	1	-1	99	1	1	suppress:0|log:-ability:0:Sword of Ruin:undefined	undefined	true	8	8	8	-1	0
swordofruin	onStart	1123	0	1	40	Water	0	0	1	10	-1	-1	2048	pikachu	0	1	0	0	0	6	1	0	0	0	1	0	false	Move	0	brn	figyberry	2	0	0	1	0	suppress:0|log:-ability:0:Sword of Ruin:undefined	undefined	undefined	2048	2048	2048	6	0
swordofruin	onStart	1124	1	0	40	Fire	0	1	0	10	100	0	16384	greninjabond	0	0	1	1	0	6	1	1	100	0	0	0	null	missing	0	psn	aguavberry	2	-1	99	0	0	suppress:0	undefined	false	16384	16384	16384	6	2
swordofruin	onStart	1125	6	6	70	Bug	0	0	1	10	0	-1	8192	greninjaash	0	0	0	0	1	6	0	2	60	0	0	1	0	Move	0	psn	leftovers	0	0	1	0	0	suppress:0|log:-ability:0:Sword of Ruin:undefined	undefined	undefined	8192	8192	8192	6	0
swordofruin	onStart	1126	0	6	60	Dark	0	1	1	0	0	-1	2048	greninjaash	1	0	0	0	0	6	1	1	100	160	0	0	0	Ability	1	psn	figyberry	0	1	99	1	0	suppress:0|log:-ability:0:Sword of Ruin:undefined	undefined	undefined	2048	2048	2048	6	2
swordofruin	onStart	1127	6	0	61	Ghost	0	1	0	100	20	-1	8192	greninjaash	0	1	1	0	0	0	1	1	0	0	0	0	false	Ability	1	psn	wikiberry	2	1	1	1	0	suppress:0	undefined	undefined	8192	8192	8192	0	2
swordofruin	onStart	1128	0	6	40	Water	1	1	1	20	-1	-1	24576	greninjabond	0	0	1	1	1	1	1	1	60	160	1	1	undefined	Move	0	psn	sitrusberry	0	1	99	0	0	suppress:0	undefined	undefined	24576	24576	24576	1	2
swordofruin	onStart	1129	1	6	40	Fire	1	1	0	100	20	0	8	pikachu	0	0	0	1	0	1	1	0	100	0	1	1	null	missing	0	brn	leftovers	1	-1	-1	0	0	suppress:0|log:-ability:0:Sword of Ruin:undefined	undefined	false	8	8	8	1	2
swordofruin	onStart	1130	1	1	61	Bug	1	1	1	10	0	1	0	greninjaash	1	1	1	0	1	6	1	1	60	160	0	1	null	missing	1	psn	iapapaberry	1	1	99	0	0	suppress:0	undefined	true	0	0	0	6	2
swordofruin	onAnyModifyDef	0	6	0	40	Fire	1	0	0	100	20	-1	0	greninjabond	1	1	0	0	0	-1	0	2	100	100	0	0	true	Move	1	brn	sitrusberry	1	-1	-1	1	1	ability:0:swordofruin|chain:0.75	undefined	undefined	0	0	0	0	0
swordofruin	onAnyModifyDef	1	6	0	40	Fire	1	0	0	100	20	-1	0	greninjabond	1	1	0	0	0	-1	0	2	100	100	0	0	true	Move	1	brn	sitrusberry	1	-1	-1	1	1	ability:0:swordofruin|chain:0.75	undefined	undefined	0	0	0	0	0
swordofruin	onAnyModifyDef	2	1	0	40	Fire	1	0	0	100	20	-1	0	greninjabond	1	1	0	0	0	-1	0	2	100	100	0	0	true	Move	1	brn	sitrusberry	1	-1	-1	1	1	ability:0:swordofruin|chain:0.75	undefined	undefined	0	0	0	0	0
swordofruin	onAnyModifyDef	3	0	0	40	Fire	1	0	0	100	20	-1	0	greninjabond	1	1	0	0	0	-1	0	2	100	100	0	0	true	Move	1	brn	sitrusberry	1	-1	-1	1	1	ability:0:swordofruin|chain:0.75	undefined	undefined	0	0	0	0	0
swordofruin	onAnyModifyDef	4	-1	0	40	Fire	1	0	0	100	20	-1	0	greninjabond	1	1	0	0	0	-1	0	2	100	100	0	0	true	Move	1	brn	sitrusberry	1	-1	-1	1	1	ability:0:swordofruin|chain:0.75	undefined	undefined	0	0	0	0	0
swordofruin	onAnyModifyDef	5	6	0	40	Fire	1	0	0	100	20	-1	0	greninjabond	1	1	0	0	0	-1	0	2	100	100	0	0	true	Move	1	brn	sitrusberry	1	-1	-1	1	1	ability:0:swordofruin|chain:0.75	undefined	undefined	0	0	0	0	0
swordofruin	onAnyModifyDef	6	6	1	40	Fire	1	0	0	100	20	-1	0	greninjabond	1	1	0	0	0	-1	0	2	100	100	0	0	true	Move	1	brn	sitrusberry	1	-1	-1	1	1	ability:0:swordofruin|chain:0.75	undefined	undefined	0	0	0	1	0
swordofruin	onAnyModifyDef	7	6	6	40	Fire	1	0	0	100	20	-1	0	greninjabond	1	1	0	0	0	-1	0	2	100	100	0	0	true	Move	1	brn	sitrusberry	1	-1	-1	1	1	ability:0:swordofruin|chain:0.75	undefined	undefined	0	0	0	6	0
swordofruin	onAnyModifyDef	8	6	0	40	Fire	1	0	0	100	20	-1	0	greninjabond	1	1	0	0	0	-1	0	2	100	100	0	0	true	Move	1	brn	sitrusberry	1	-1	-1	1	1	ability:0:swordofruin|chain:0.75	undefined	undefined	0	0	0	0	0
swordofruin	onAnyModifyDef	9	6	0	0	Fire	1	0	0	100	20	-1	0	greninjabond	1	1	0	0	0	-1	0	2	100	100	0	0	true	Move	1	brn	sitrusberry	1	-1	-1	1	1	ability:0:swordofruin|chain:0.75	undefined	undefined	0	0	0	0	0
swordofruin	onAnyModifyDef	10	6	0	60	Fire	1	0	0	100	20	-1	0	greninjabond	1	1	0	0	0	-1	0	2	100	100	0	0	true	Move	1	brn	sitrusberry	1	-1	-1	1	1	ability:0:swordofruin|chain:0.75	undefined	undefined	0	0	0	0	0
swordofruin	onAnyModifyDef	11	6	0	61	Fire	1	0	0	100	20	-1	0	greninjabond	1	1	0	0	0	-1	0	2	100	100	0	0	true	Move	1	brn	sitrusberry	1	-1	-1	1	1	ability:0:swordofruin|chain:0.75	undefined	undefined	0	0	0	0	0
swordofruin	onAnyModifyDef	12	6	0	70	Fire	1	0	0	100	20	-1	0	greninjabond	1	1	0	0	0	-1	0	2	100	100	0	0	true	Move	1	brn	sitrusberry	1	-1	-1	1	1	ability:0:swordofruin|chain:0.75	undefined	undefined	0	0	0	0	0
swordofruin	onAnyModifyDef	13	6	0	40	Fire	1	0	0	100	20	-1	0	greninjabond	1	1	0	0	0	-1	0	2	100	100	0	0	true	Move	1	brn	sitrusberry	1	-1	-1	1	1	ability:0:swordofruin|chain:0.75	undefined	undefined	0	0	0	0	0
swordofruin	onAnyModifyDef	14	6	0	40	Water	1	0	0	100	20	-1	0	greninjabond	1	1	0	0	0	-1	0	2	100	100	0	0	true	Move	1	brn	sitrusberry	1	-1	-1	1	1	ability:0:swordofruin|chain:0.75	undefined	undefined	0	0	0	0	0
swordofruin	onAnyModifyDef	15	6	0	40	Dark	1	0	0	100	20	-1	0	greninjabond	1	1	0	0	0	-1	0	2	100	100	0	0	true	Move	1	brn	sitrusberry	1	-1	-1	1	1	ability:0:swordofruin|chain:0.75	undefined	undefined	0	0	0	0	0
swordofruin	onAnyModifyDef	16	6	0	40	Bug	1	0	0	100	20	-1	0	greninjabond	1	1	0	0	0	-1	0	2	100	100	0	0	true	Move	1	brn	sitrusberry	1	-1	-1	1	1	ability:0:swordofruin|chain:0.75	undefined	undefined	0	0	0	0	0
swordofruin	onAnyModifyDef	17	6	0	40	Ghost	1	0	0	100	20	-1	0	greninjabond	1	1	0	0	0	-1	0	2	100	100	0	0	true	Move	1	brn	sitrusberry	1	-1	-1	1	1	ability:0:swordofruin|chain:0.75	undefined	undefined	0	0	0	0	0
swordofruin	onAnyModifyDef	18	6	0	40	Normal	1	0	0	100	20	-1	0	greninjabond	1	1	0	0	0	-1	0	2	100	100	0	0	true	Move	1	brn	sitrusberry	1	-1	-1	1	1	ability:0:swordofruin|chain:0.75	undefined	undefined	0	0	0	0	0
swordofruin	onAnyModifyDef	19	6	0	40	Fire	1	0	0	100	20	-1	0	greninjabond	1	1	0	0	0	-1	0	2	100	100	0	0	true	Move	1	brn	sitrusberry	1	-1	-1	1	1	ability:0:swordofruin|chain:0.75	undefined	undefined	0	0	0	0	0
swordofruin	onAnyModifyDef	20	6	0	40	Fire	0	0	0	100	20	-1	0	greninjabond	1	1	0	0	0	-1	0	2	100	100	0	0	true	Move	1	brn	sitrusberry	1	-1	-1	1	1	ability:0:swordofruin|chain:0.75	undefined	undefined	0	0	0	0	0
swordofruin	onAnyModifyDef	21	6	0	40	Fire	1	0	0	100	20	-1	0	greninjabond	1	1	0	0	0	-1	0	2	100	100	0	0	true	Move	1	brn	sitrusberry	1	-1	-1	1	1	ability:0:swordofruin|chain:0.75	undefined	undefined	0	0	0	0	0
swordofruin	onAnyModifyDef	22	6	0	40	Fire	1	1	0	100	20	-1	0	greninjabond	1	1	0	0	0	-1	0	2	100	100	0	0	true	Move	1	brn	sitrusberry	1	-1	-1	1	1	ability:0:swordofruin|chain:0.75	undefined	undefined	0	0	0	0	2
swordofruin	onAnyModifyDef	23	6	0	40	Fire	1	0	0	100	20	-1	0	greninjabond	1	1	0	0	0	-1	0	2	100	100	0	0	true	Move	1	brn	sitrusberry	1	-1	-1	1	1	ability:0:swordofruin|chain:0.75	undefined	undefined	0	0	0	0	0
swordofruin	onAnyModifyDef	24	6	0	40	Fire	1	0	1	100	20	-1	0	greninjabond	1	1	0	0	0	-1	0	2	100	100	0	0	true	Move	1	brn	sitrusberry	1	-1	-1	1	1	ability:0:swordofruin|chain:0.75	undefined	undefined	0	0	0	0	0
swordofruin	onAnyModifyDef	25	6	0	40	Fire	1	0	0	100	20	-1	0	greninjabond	1	1	0	0	0	-1	0	2	100	100	0	0	true	Move	1	brn	sitrusberry	1	-1	-1	1	1	ability:0:swordofruin|chain:0.75	undefined	undefined	0	0	0	0	0
swordofruin	onAnyModifyDef	26	6	0	40	Fire	1	0	0	0	20	-1	0	greninjabond	1	1	0	0	0	-1	0	2	100	100	0	0	true	Move	1	brn	sitrusberry	1	-1	-1	1	1	ability:0:swordofruin|chain:0.75	undefined	undefined	0	0	0	0	0
swordofruin	onAnyModifyDef	27	6	0	40	Fire	1	0	0	10	20	-1	0	greninjabond	1	1	0	0	0	-1	0	2	100	100	0	0	true	Move	1	brn	sitrusberry	1	-1	-1	1	1	ability:0:swordofruin|chain:0.75	undefined	undefined	0	0	0	0	0
swordofruin	onAnyModifyDef	28	6	0	40	Fire	1	0	0	20	20	-1	0	greninjabond	1	1	0	0	0	-1	0	2	100	100	0	0	true	Move	1	brn	sitrusberry	1	-1	-1	1	1	ability:0:swordofruin|chain:0.75	undefined	undefined	0	0	0	0	0
swordofruin	onAnyModifyDef	29	6	0	40	Fire	1	0	0	100	20	-1	0	greninjabond	1	1	0	0	0	-1	0	2	100	100	0	0	true	Move	1	brn	sitrusberry	1	-1	-1	1	1	ability:0:swordofruin|chain:0.75	undefined	undefined	0	0	0	0	0
swordofruin	onAnyModifyDef	30	6	0	40	Fire	1	0	0	100	-1	-1	0	greninjabond	1	1	0	0	0	-1	0	2	100	100	0	0	true	Move	1	brn	sitrusberry	1	-1	-1	1	1	ability:0:swordofruin|chain:0.75	undefined	undefined	0	0	0	0	0
swordofruin	onAnyModifyDef	31	6	0	40	Fire	1	0	0	100	0	-1	0	greninjabond	1	1	0	0	0	-1	0	2	100	100	0	0	true	Move	1	brn	sitrusberry	1	-1	-1	1	1	ability:0:swordofruin|chain:0.75	undefined	undefined	0	0	0	0	0
swordofruin	onAnyModifyDef	32	6	0	40	Fire	1	0	0	100	100	-1	0	greninjabond	1	1	0	0	0	-1	0	2	100	100	0	0	true	Move	1	brn	sitrusberry	1	-1	-1	1	1	ability:0:swordofruin|chain:0.75	undefined	undefined	0	0	0	0	0
swordofruin	onAnyModifyDef	33	6	0	40	Fire	1	0	0	100	20	-1	0	greninjabond	1	1	0	0	0	-1	0	2	100	100	0	0	true	Move	1	brn	sitrusberry	1	-1	-1	1	1	ability:0:swordofruin|chain:0.75	undefined	undefined	0	0	0	0	0
swordofruin	onAnyModifyDef	34	6	0	40	Fire	1	0	0	100	20	0	0	greninjabond	1	1	0	0	0	-1	0	2	100	100	0	0	true	Move	1	brn	sitrusberry	1	-1	-1	1	1	ability:0:swordofruin|chain:0.75	undefined	false	0	0	0	0	0
swordofruin	onAnyModifyDef	35	6	0	40	Fire	1	0	0	100	20	1	0	greninjabond	1	1	0	0	0	-1	0	2	100	100	0	0	true	Move	1	brn	sitrusberry	1	-1	-1	1	1	ability:0:swordofruin|chain:0.75	undefined	true	0	0	0	0	0
swordofruin	onAnyModifyDef	36	6	0	40	Fire	1	0	0	100	20	-1	0	greninjabond	1	1	0	0	0	-1	0	2	100	100	0	0	true	Move	1	brn	sitrusberry	1	-1	-1	1	1	ability:0:swordofruin|chain:0.75	undefined	undefined	0	0	0	0	0
swordofruin	onAnyModifyDef	37	6	0	40	Fire	1	0	0	100	20	-1	8	greninjabond	1	1	0	0	0	-1	0	2	100	100	0	0	true	Move	1	brn	sitrusberry	1	-1	-1	1	1	ability:0:swordofruin|chain:0.75	undefined	undefined	8	8	8	0	0
swordofruin	onAnyModifyDef	38	6	0	40	Fire	1	0	0	100	20	-1	2048	greninjabond	1	1	0	0	0	-1	0	2	100	100	0	0	true	Move	1	brn	sitrusberry	1	-1	-1	1	1	ability:0:swordofruin|chain:0.75	undefined	undefined	2048	2048	2048	0	0
swordofruin	onAnyModifyDef	39	6	0	40	Fire	1	0	0	100	20	-1	8192	greninjabond	1	1	0	0	0	-1	0	2	100	100	0	0	true	Move	1	brn	sitrusberry	1	-1	-1	1	1	ability:0:swordofruin|chain:0.75	undefined	undefined	8192	8192	8192	0	0
swordofruin	onAnyModifyDef	40	6	0	40	Fire	1	0	0	100	20	-1	16384	greninjabond	1	1	0	0	0	-1	0	2	100	100	0	0	true	Move	1	brn	sitrusberry	1	-1	-1	1	1	ability:0:swordofruin|chain:0.75	undefined	undefined	16384	16384	16384	0	0
swordofruin	onAnyModifyDef	41	6	0	40	Fire	1	0	0	100	20	-1	24576	greninjabond	1	1	0	0	0	-1	0	2	100	100	0	0	true	Move	1	brn	sitrusberry	1	-1	-1	1	1	ability:0:swordofruin|chain:0.75	undefined	undefined	24576	24576	24576	0	0
swordofruin	onAnyModifyDef	42	6	0	40	Fire	1	0	0	100	20	-1	0	greninjabond	1	1	0	0	0	-1	0	2	100	100	0	0	true	Move	1	brn	sitrusberry	1	-1	-1	1	1	ability:0:swordofruin|chain:0.75	undefined	undefined	0	0	0	0	0
swordofruin	onAnyModifyDef	43	6	0	40	Fire	1	0	0	100	20	-1	0	greninjaash	1	1	0	0	0	-1	0	2	100	100	0	0	true	Move	1	brn	sitrusberry	1	-1	-1	1	1	ability:0:swordofruin|chain:0.75	undefined	undefined	0	0	0	0	0
swordofruin	onAnyModifyDef	44	6	0	40	Fire	1	0	0	100	20	-1	0	pikachu	1	1	0	0	0	-1	0	2	100	100	0	0	true	Move	1	brn	sitrusberry	1	-1	-1	1	1	ability:0:swordofruin|chain:0.75	undefined	undefined	0	0	0	0	0
swordofruin	onAnyModifyDef	45	6	0	40	Fire	1	0	0	100	20	-1	0	greninjabond	1	1	0	0	0	-1	0	2	100	100	0	0	true	Move	1	brn	sitrusberry	1	-1	-1	1	1	ability:0:swordofruin|chain:0.75	undefined	undefined	0	0	0	0	0
swordofruin	onAnyModifyDef	46	6	0	40	Fire	1	0	0	100	20	-1	0	greninjabond	0	1	0	0	0	-1	0	2	100	100	0	0	true	Move	1	brn	sitrusberry	1	-1	-1	1	1	ability:0:swordofruin|chain:0.75	undefined	undefined	0	0	0	0	0
swordofruin	onAnyModifyDef	47	6	0	40	Fire	1	0	0	100	20	-1	0	greninjabond	1	1	0	0	0	-1	0	2	100	100	0	0	true	Move	1	brn	sitrusberry	1	-1	-1	1	1	ability:0:swordofruin|chain:0.75	undefined	undefined	0	0	0	0	0
swordofruin	onAnyModifyDef	48	6	0	40	Fire	1	0	0	100	20	-1	0	greninjabond	1	0	0	0	0	-1	0	2	100	100	0	0	true	Move	1	brn	sitrusberry	1	-1	-1	1	1	ability:0:swordofruin|chain:0.75	undefined	undefined	0	0	0	0	0
swordofruin	onAnyModifyDef	49	6	0	40	Fire	1	0	0	100	20	-1	0	greninjabond	1	1	0	0	0	-1	0	2	100	100	0	0	true	Move	1	brn	sitrusberry	1	-1	-1	1	1	ability:0:swordofruin|chain:0.75	undefined	undefined	0	0	0	0	0
swordofruin	onAnyModifyDef	50	6	0	40	Fire	1	0	0	100	20	-1	0	greninjabond	1	1	1	0	0	-1	0	2	100	100	0	0	true	Move	1	brn	sitrusberry	1	-1	-1	1	1	ability:0:swordofruin|chain:0.75	undefined	undefined	0	0	0	0	0
swordofruin	onAnyModifyDef	51	6	0	40	Fire	1	0	0	100	20	-1	0	greninjabond	1	1	0	0	0	-1	0	2	100	100	0	0	true	Move	1	brn	sitrusberry	1	-1	-1	1	1	ability:0:swordofruin|chain:0.75	undefined	undefined	0	0	0	0	0
swordofruin	onAnyModifyDef	52	6	0	40	Fire	1	0	0	100	20	-1	0	greninjabond	1	1	0	1	0	-1	0	2	100	100	0	0	true	Move	1	brn	sitrusberry	1	-1	-1	1	1	ability:0:swordofruin|chain:0.75	undefined	undefined	0	0	0	0	0
swordofruin	onAnyModifyDef	53	6	0	40	Fire	1	0	0	100	20	-1	0	greninjabond	1	1	0	0	0	-1	0	2	100	100	0	0	true	Move	1	brn	sitrusberry	1	-1	-1	1	1	ability:0:swordofruin|chain:0.75	undefined	undefined	0	0	0	0	0
swordofruin	onAnyModifyDef	54	6	0	40	Fire	1	0	0	100	20	-1	0	greninjabond	1	1	0	0	1	-1	0	2	100	100	0	0	true	Move	1	brn	sitrusberry	1	-1	-1	1	1	ability:0:swordofruin	undefined	undefined	0	0	0	-1	0
swordofruin	onAnyModifyDef	55	6	0	40	Fire	1	0	0	100	20	-1	0	greninjabond	1	1	0	0	0	-1	0	2	100	100	0	0	true	Move	1	brn	sitrusberry	1	-1	-1	1	1	ability:0:swordofruin|chain:0.75	undefined	undefined	0	0	0	0	0
swordofruin	onAnyModifyDef	56	6	0	40	Fire	1	0	0	100	20	-1	0	greninjabond	1	1	0	0	0	0	0	2	100	100	0	0	true	Move	1	brn	sitrusberry	1	-1	-1	1	1	ability:0:swordofruin|ability:0:swordofruin|chain:0.75	undefined	undefined	0	0	0	0	0
swordofruin	onAnyModifyDef	57	6	0	40	Fire	1	0	0	100	20	-1	0	greninjabond	1	1	0	0	0	1	0	2	100	100	0	0	true	Move	1	brn	sitrusberry	1	-1	-1	1	1	ability:0:swordofruin|ability:1:swordofruin|chain:0.75	undefined	undefined	0	0	0	0	0
swordofruin	onAnyModifyDef	58	6	0	40	Fire	1	0	0	100	20	-1	0	greninjabond	1	1	0	0	0	6	0	2	100	100	0	0	true	Move	1	brn	sitrusberry	1	-1	-1	1	1	ability:0:swordofruin|ability:6:swordofruin|chain:0.75	undefined	undefined	0	0	0	0	0
swordofruin	onAnyModifyDef	59	6	0	40	Fire	1	0	0	100	20	-1	0	greninjabond	1	1	0	0	0	-1	0	2	100	100	0	0	true	Move	1	brn	sitrusberry	1	-1	-1	1	1	ability:0:swordofruin|chain:0.75	undefined	undefined	0	0	0	0	0
swordofruin	onAnyModifyDef	60	6	0	40	Fire	1	0	0	100	20	-1	0	greninjabond	1	1	0	0	0	-1	1	2	100	100	0	0	true	Move	1	brn	sitrusberry	1	-1	-1	1	1	ability:0:swordofruin|chain:0.75	undefined	undefined	0	0	0	0	0
swordofruin	onAnyModifyDef	61	6	0	40	Fire	1	0	0	100	20	-1	0	greninjabond	1	1	0	0	0	-1	0	2	100	100	0	0	true	Move	1	brn	sitrusberry	1	-1	-1	1	1	ability:0:swordofruin|chain:0.75	undefined	undefined	0	0	0	0	0
swordofruin	onAnyModifyDef	62	6	0	40	Fire	1	0	0	100	20	-1	0	greninjabond	1	1	0	0	0	-1	0	0	100	100	0	0	true	Move	1	brn	sitrusberry	1	-1	-1	1	1	ability:0:swordofruin|chain:0.75	undefined	undefined	0	0	0	0	0
swordofruin	onAnyModifyDef	63	6	0	40	Fire	1	0	0	100	20	-1	0	greninjabond	1	1	0	0	0	-1	0	1	100	100	0	0	true	Move	1	brn	sitrusberry	1	-1	-1	1	1	ability:0:swordofruin|chain:0.75	undefined	undefined	0	0	0	0	0
swordofruin	onAnyModifyDef	64	6	0	40	Fire	1	0	0	100	20	-1	0	greninjabond	1	1	0	0	0	-1	0	2	100	100	0	0	true	Move	1	brn	sitrusberry	1	-1	-1	1	1	ability:0:swordofruin|chain:0.75	undefined	undefined	0	0	0	0	0
swordofruin	onAnyModifyDef	65	6	0	40	Fire	1	0	0	100	20	-1	0	greninjabond	1	1	0	0	0	-1	0	2	0	100	0	0	true	Move	1	brn	sitrusberry	1	-1	-1	1	1	ability:0:swordofruin|chain:0.75	undefined	undefined	0	0	0	0	0
swordofruin	onAnyModifyDef	66	6	0	40	Fire	1	0	0	100	20	-1	0	greninjabond	1	1	0	0	0	-1	0	2	60	100	0	0	true	Move	1	brn	sitrusberry	1	-1	-1	1	1	ability:0:swordofruin|chain:0.75	undefined	undefined	0	0	0	0	0
swordofruin	onAnyModifyDef	67	6	0	40	Fire	1	0	0	100	20	-1	0	greninjabond	1	1	0	0	0	-1	0	2	100	100	0	0	true	Move	1	brn	sitrusberry	1	-1	-1	1	1	ability:0:swordofruin|chain:0.75	undefined	undefined	0	0	0	0	0
swordofruin	onAnyModifyDef	68	6	0	40	Fire	1	0	0	100	20	-1	0	greninjabond	1	1	0	0	0	-1	0	2	100	0	0	0	true	Move	1	brn	sitrusberry	1	-1	-1	1	1	ability:0:swordofruin|chain:0.75	undefined	undefined	0	0	0	0	0
swordofruin	onAnyModifyDef	69	6	0	40	Fire	1	0	0	100	20	-1	0	greninjabond	1	1	0	0	0	-1	0	2	100	160	0	0	true	Move	1	brn	sitrusberry	1	-1	-1	1	1	ability:0:swordofruin|chain:0.75	undefined	undefined	0	0	0	0	0
swordofruin	onAnyModifyDef	70	6	0	40	Fire	1	0	0	100	20	-1	0	greninjabond	1	1	0	0	0	-1	0	2	100	100	0	0	true	Move	1	brn	sitrusberry	1	-1	-1	1	1	ability:0:swordofruin|chain:0.75	undefined	undefined	0	0	0	0	0
swordofruin	onAnyModifyDef	71	6	0	40	Fire	1	0	0	100	20	-1	0	greninjabond	1	1	0	0	0	-1	0	2	100	100	1	0	true	Move	1	brn	sitrusberry	1	-1	-1	1	1	ability:0:swordofruin|chain:0.75	undefined	undefined	0	0	0	0	0
swordofruin	onAnyModifyDef	72	6	0	40	Fire	1	0	0	100	20	-1	0	greninjabond	1	1	0	0	0	-1	0	2	100	100	0	0	true	Move	1	brn	sitrusberry	1	-1	-1	1	1	ability:0:swordofruin|chain:0.75	undefined	undefined	0	0	0	0	0
swordofruin	onAnyModifyDef	73	6	0	40	Fire	1	0	0	100	20	-1	0	greninjabond	1	1	0	0	0	-1	0	2	100	100	0	1	true	Move	1	brn	sitrusberry	1	-1	-1	1	1	ability:0:swordofruin|chain:0.75	undefined	undefined	0	0	0	0	0
swordofruin	onAnyModifyDef	74	6	0	40	Fire	1	0	0	100	20	-1	0	greninjabond	1	1	0	0	0	-1	0	2	100	100	0	0	true	Move	1	brn	sitrusberry	1	-1	-1	1	1	ability:0:swordofruin|chain:0.75	undefined	undefined	0	0	0	0	0
swordofruin	onAnyModifyDef	75	6	0	40	Fire	1	0	0	100	20	-1	0	greninjabond	1	1	0	0	0	-1	0	2	100	100	0	0	false	Move	1	brn	sitrusberry	1	-1	-1	1	1	ability:0:swordofruin|chain:0.75	undefined	undefined	0	0	0	0	0
swordofruin	onAnyModifyDef	76	6	0	40	Fire	1	0	0	100	20	-1	0	greninjabond	1	1	0	0	0	-1	0	2	100	100	0	0	0	Move	1	brn	sitrusberry	1	-1	-1	1	1	ability:0:swordofruin|chain:0.75	undefined	undefined	0	0	0	0	0
swordofruin	onAnyModifyDef	77	6	0	40	Fire	1	0	0	100	20	-1	0	greninjabond	1	1	0	0	0	-1	0	2	100	100	0	0	null	Move	1	brn	sitrusberry	1	-1	-1	1	1	ability:0:swordofruin|chain:0.75	undefined	undefined	0	0	0	0	0
swordofruin	onAnyModifyDef	78	6	0	40	Fire	1	0	0	100	20	-1	0	greninjabond	1	1	0	0	0	-1	0	2	100	100	0	0	undefined	Move	1	brn	sitrusberry	1	-1	-1	1	1	ability:0:swordofruin|chain:0.75	undefined	undefined	0	0	0	0	0
swordofruin	onAnyModifyDef	79	6	0	40	Fire	1	0	0	100	20	-1	0	greninjabond	1	1	0	0	0	-1	0	2	100	100	0	0	true	Move	1	brn	sitrusberry	1	-1	-1	1	1	ability:0:swordofruin|chain:0.75	undefined	undefined	0	0	0	0	0
swordofruin	onAnyModifyDef	80	6	0	40	Fire	1	0	0	100	20	-1	0	greninjabond	1	1	0	0	0	-1	0	2	100	100	0	0	true	Ability	1	brn	sitrusberry	1	-1	-1	1	1	ability:0:swordofruin|chain:0.75	undefined	undefined	0	0	0	0	0
swordofruin	onAnyModifyDef	81	6	0	40	Fire	1	0	0	100	20	-1	0	greninjabond	1	1	0	0	0	-1	0	2	100	100	0	0	true	missing	1	brn	sitrusberry	1	-1	-1	1	1	ability:0:swordofruin|chain:0.75	undefined	undefined	0	0	0	0	0
swordofruin	onAnyModifyDef	82	6	0	40	Fire	1	0	0	100	20	-1	0	greninjabond	1	1	0	0	0	-1	0	2	100	100	0	0	true	Move	1	brn	sitrusberry	1	-1	-1	1	1	ability:0:swordofruin|chain:0.75	undefined	undefined	0	0	0	0	0
swordofruin	onAnyModifyDef	83	6	0	40	Fire	1	0	0	100	20	-1	0	greninjabond	1	1	0	0	0	-1	0	2	100	100	0	0	true	Move	0	brn	sitrusberry	1	-1	-1	1	1	ability:0:swordofruin|chain:0.75	undefined	undefined	0	0	0	0	0
swordofruin	onAnyModifyDef	84	6	0	40	Fire	1	0	0	100	20	-1	0	greninjabond	1	1	0	0	0	-1	0	2	100	100	0	0	true	Move	1	brn	sitrusberry	1	-1	-1	1	1	ability:0:swordofruin|chain:0.75	undefined	undefined	0	0	0	0	0
swordofruin	onAnyModifyDef	85	6	0	40	Fire	1	0	0	100	20	-1	0	greninjabond	1	1	0	0	0	-1	0	2	100	100	0	0	true	Move	1	psn	sitrusberry	1	-1	-1	1	1	ability:0:swordofruin|chain:0.75	undefined	undefined	0	0	0	0	0
swordofruin	onAnyModifyDef	86	6	0	40	Fire	1	0	0	100	20	-1	0	greninjabond	1	1	0	0	0	-1	0	2	100	100	0	0	true	Move	1	brn	sitrusberry	1	-1	-1	1	1	ability:0:swordofruin|chain:0.75	undefined	undefined	0	0	0	0	0
swordofruin	onAnyModifyDef	87	6	0	40	Fire	1	0	0	100	20	-1	0	greninjabond	1	1	0	0	0	-1	0	2	100	100	0	0	true	Move	1	brn	aguavberry	1	-1	-1	1	1	ability:0:swordofruin|chain:0.75	undefined	undefined	0	0	0	0	0
swordofruin	onAnyModifyDef	88	6	0	40	Fire	1	0	0	100	20	-1	0	greninjabond	1	1	0	0	0	-1	0	2	100	100	0	0	true	Move	1	brn	figyberry	1	-1	-1	1	1	ability:0:swordofruin|chain:0.75	undefined	undefined	0	0	0	0	0
swordofruin	onAnyModifyDef	89	6	0	40	Fire	1	0	0	100	20	-1	0	greninjabond	1	1	0	0	0	-1	0	2	100	100	0	0	true	Move	1	brn	iapapaberry	1	-1	-1	1	1	ability:0:swordofruin|chain:0.75	undefined	undefined	0	0	0	0	0
swordofruin	onAnyModifyDef	90	6	0	40	Fire	1	0	0	100	20	-1	0	greninjabond	1	1	0	0	0	-1	0	2	100	100	0	0	true	Move	1	brn	magoberry	1	-1	-1	1	1	ability:0:swordofruin|chain:0.75	undefined	undefined	0	0	0	0	0
swordofruin	onAnyModifyDef	91	6	0	40	Fire	1	0	0	100	20	-1	0	greninjabond	1	1	0	0	0	-1	0	2	100	100	0	0	true	Move	1	brn	wikiberry	1	-1	-1	1	1	ability:0:swordofruin|chain:0.75	undefined	undefined	0	0	0	0	0
swordofruin	onAnyModifyDef	92	6	0	40	Fire	1	0	0	100	20	-1	0	greninjabond	1	1	0	0	0	-1	0	2	100	100	0	0	true	Move	1	brn	leftovers	1	-1	-1	1	1	ability:0:swordofruin|chain:0.75	undefined	undefined	0	0	0	0	0
swordofruin	onAnyModifyDef	93	6	0	40	Fire	1	0	0	100	20	-1	0	greninjabond	1	1	0	0	0	-1	0	2	100	100	0	0	true	Move	1	brn	sitrusberry	1	-1	-1	1	1	ability:0:swordofruin|chain:0.75	undefined	undefined	0	0	0	0	0
swordofruin	onAnyModifyDef	94	6	0	40	Fire	1	0	0	100	20	-1	0	greninjabond	1	1	0	0	0	-1	0	2	100	100	0	0	true	Move	1	brn	sitrusberry	2	-1	-1	1	1	ability:0:swordofruin|chain:0.75	undefined	undefined	0	0	0	0	0
swordofruin	onAnyModifyDef	95	6	0	40	Fire	1	0	0	100	20	-1	0	greninjabond	1	1	0	0	0	-1	0	2	100	100	0	0	true	Move	1	brn	sitrusberry	0	-1	-1	1	1	ability:0:swordofruin|chain:0.75	undefined	undefined	0	0	0	0	0
swordofruin	onAnyModifyDef	96	6	0	40	Fire	1	0	0	100	20	-1	0	greninjabond	1	1	0	0	0	-1	0	2	100	100	0	0	true	Move	1	brn	sitrusberry	1	-1	-1	1	1	ability:0:swordofruin|chain:0.75	undefined	undefined	0	0	0	0	0
swordofruin	onAnyModifyDef	97	6	0	40	Fire	1	0	0	100	20	-1	0	greninjabond	1	1	0	0	0	-1	0	2	100	100	0	0	true	Move	1	brn	sitrusberry	1	0	-1	1	1	ability:0:swordofruin|chain:0.75	undefined	undefined	0	0	0	0	0
swordofruin	onAnyModifyDef	98	6	0	40	Fire	1	0	0	100	20	-1	0	greninjabond	1	1	0	0	0	-1	0	2	100	100	0	0	true	Move	1	brn	sitrusberry	1	1	-1	1	1	ability:0:swordofruin|chain:0.75	undefined	undefined	0	0	0	0	0
swordofruin	onAnyModifyDef	99	6	0	40	Fire	1	0	0	100	20	-1	0	greninjabond	1	1	0	0	0	-1	0	2	100	100	0	0	true	Move	1	brn	sitrusberry	1	-1	-1	1	1	ability:0:swordofruin|chain:0.75	undefined	undefined	0	0	0	0	0
swordofruin	onAnyModifyDef	100	6	0	40	Fire	1	0	0	100	20	-1	0	greninjabond	1	1	0	0	0	-1	0	2	100	100	0	0	true	Move	1	brn	sitrusberry	1	-1	0	1	1	ability:0:swordofruin|chain:0.75	undefined	undefined	0	0	0	0	0
swordofruin	onAnyModifyDef	101	6	0	40	Fire	1	0	0	100	20	-1	0	greninjabond	1	1	0	0	0	-1	0	2	100	100	0	0	true	Move	1	brn	sitrusberry	1	-1	1	1	1	ability:0:swordofruin|chain:0.75	undefined	undefined	0	0	0	0	0
swordofruin	onAnyModifyDef	102	6	0	40	Fire	1	0	0	100	20	-1	0	greninjabond	1	1	0	0	0	-1	0	2	100	100	0	0	true	Move	1	brn	sitrusberry	1	-1	99	1	1	ability:0:swordofruin|chain:0.75	undefined	undefined	0	0	0	0	0
swordofruin	onAnyModifyDef	103	6	0	40	Fire	1	0	0	100	20	-1	0	greninjabond	1	1	0	0	0	-1	0	2	100	100	0	0	true	Move	1	brn	sitrusberry	1	-1	-1	1	1	ability:0:swordofruin|chain:0.75	undefined	undefined	0	0	0	0	0
swordofruin	onAnyModifyDef	104	6	0	40	Fire	1	0	0	100	20	-1	0	greninjabond	1	1	0	0	0	-1	0	2	100	100	0	0	true	Move	1	brn	sitrusberry	1	-1	-1	0	1	ability:0:swordofruin|chain:0.75	undefined	undefined	0	0	0	0	0
swordofruin	onAnyModifyDef	105	6	0	40	Fire	1	0	0	100	20	-1	0	greninjabond	1	1	0	0	0	-1	0	2	100	100	0	0	true	Move	1	brn	sitrusberry	1	-1	-1	1	1	ability:0:swordofruin|chain:0.75	undefined	undefined	0	0	0	0	0
swordofruin	onAnyModifyDef	106	6	0	40	Fire	1	0	0	100	20	-1	0	greninjabond	1	1	0	0	0	-1	0	2	100	100	0	0	true	Move	1	brn	sitrusberry	1	-1	-1	1	0	ability:0:swordofruin|chain:0.75	undefined	undefined	0	0	0	0	0
swordofruin	onAnyModifyDef	107	-1	6	0	Bug	0	0	0	20	-1	0	0	pikachu	0	1	0	0	1	-1	0	1	60	0	0	0	null	Move	1	brn	iapapaberry	1	0	-1	1	1	ability:0:swordofruin	undefined	false	0	0	0	-1	0
swordofruin	onAnyModifyDef	108	-1	6	70	Dark	1	0	1	0	100	-1	2048	greninjaash	1	0	0	0	0	1	1	1	60	100	0	1	0	Move	0	psn	aguavberry	1	1	-1	0	0	ability:0:swordofruin|ability:1:swordofruin	undefined	undefined	2048	2048	2048	1	0
swordofruin	onAnyModifyDef	109	0	6	40	Bug	1	1	1	100	100	-1	2048	greninjabond	0	1	0	1	0	1	1	2	100	160	0	0	true	missing	0	brn	magoberry	2	-1	1	0	0	ability:0:swordofruin|ability:1:swordofruin	undefined	undefined	2048	2048	2048	1	2
swordofruin	onAnyModifyDef	110	1	1	0	Normal	1	1	1	0	100	-1	24576	pikachu	0	0	0	0	1	-1	1	2	100	100	0	0	null	Move	0	brn	sitrusberry	0	0	0	1	0	ability:0:swordofruin	undefined	undefined	24576	24576	24576	-1	2
swordofruin	onAnyModifyDef	111	-1	6	40	Ghost	1	1	1	20	0	1	8192	pikachu	0	1	0	1	1	-1	1	0	0	0	1	0	undefined	missing	1	brn	iapapaberry	2	1	1	1	1	ability:0:swordofruin	undefined	true	8192	8192	8192	-1	2
swordofruin	onAnyModifyDef	112	0	1	40	Normal	1	0	0	100	100	-1	2048	pikachu	1	1	0	0	0	-1	0	1	0	160	1	0	undefined	Move	0	psn	wikiberry	2	0	1	0	1	ability:0:swordofruin|chain:0.75	undefined	undefined	2048	2048	2048	1	0
swordofruin	onAnyModifyDef	113	1	0	40	Normal	0	0	0	100	0	-1	16384	greninjaash	0	1	0	1	0	1	0	2	60	100	1	0	0	missing	0	psn	figyberry	2	0	0	1	0	ability:0:swordofruin|ability:1:swordofruin|chain:0.75	undefined	undefined	16384	16384	16384	0	0
swordofruin	onAnyModifyDef	114	0	6	60	Dark	1	1	1	100	-1	-1	8	greninjaash	1	1	1	0	0	1	0	2	0	160	0	1	0	Move	1	brn	sitrusberry	0	-1	99	0	0	ability:0:swordofruin|ability:1:swordofruin|chain:0.75	undefined	undefined	8	8	8	6	2
swordofruin	onAnyModifyDef	115	6	1	40	Dark	0	0	1	20	20	0	8	pikachu	1	1	1	1	1	0	0	0	60	100	1	1	false	Move	1	brn	aguavberry	1	0	1	0	0	ability:0:swordofruin	undefined	false	8	8	8	0	0
swordofruin	onAnyModifyDef	116	1	6	0	Fire	1	1	1	100	100	1	0	greninjaash	0	1	1	1	0	1	1	2	100	160	1	0	false	missing	1	psn	figyberry	1	1	0	0	1	ability:0:swordofruin|ability:1:swordofruin	undefined	true	0	0	0	1	2
swordofruin	onAnyModifyDef	117	1	1	61	Dark	0	0	1	0	100	-1	2048	greninjaash	1	0	0	1	0	-1	0	2	100	100	1	0	0	Ability	1	psn	wikiberry	0	-1	1	0	0	ability:0:swordofruin|chain:0.75	undefined	undefined	2048	2048	2048	1	0
swordofruin	onAnyModifyDef	118	6	0	0	Normal	1	0	1	0	20	-1	2048	greninjaash	0	1	1	0	1	-1	0	1	100	100	1	0	true	Move	0	psn	sitrusberry	2	1	99	0	1	ability:0:swordofruin	undefined	undefined	2048	2048	2048	-1	0
swordofruin	onAnyModifyDef	119	0	1	60	Water	1	1	0	0	100	-1	24576	greninjaash	0	1	1	1	1	6	1	1	60	160	1	1	0	missing	1	brn	leftovers	0	1	99	0	0	ability:0:swordofruin	undefined	undefined	24576	24576	24576	6	2
swordofruin	onAnyModifyDef	120	1	0	60	Normal	0	0	0	0	20	1	0	greninjabond	0	0	1	1	0	0	0	0	60	100	0	1	0	missing	0	psn	aguavberry	0	0	0	0	1	ability:0:swordofruin|ability:0:swordofruin|chain:0.75	undefined	true	0	0	0	0	0
swordofruin	onAnyModifyDef	121	1	6	40	Normal	1	1	0	20	-1	0	16384	greninjaash	1	0	0	0	1	1	1	1	60	100	1	0	null	missing	1	psn	wikiberry	1	-1	99	1	0	ability:0:swordofruin	undefined	false	16384	16384	16384	1	2
swordofruin	onAnyModifyDef	122	-1	1	40	Dark	1	1	1	10	20	-1	24576	greninjaash	1	0	1	0	0	-1	1	1	0	100	0	1	false	Ability	0	psn	wikiberry	2	-1	99	1	1	ability:0:swordofruin|chain:0.75	undefined	undefined	24576	24576	24576	1	2
swordofruin	onAnyModifyDef	123	0	1	0	Ghost	1	0	0	100	100	-1	8192	greninjaash	1	1	0	1	0	1	0	1	60	0	1	0	0	Ability	1	psn	figyberry	2	-1	0	1	1	ability:0:swordofruin|ability:1:swordofruin|chain:0.75	undefined	undefined	8192	8192	8192	1	0
swordofruin	onAnyModifyDef	124	-1	1	61	Ghost	0	1	0	20	100	0	8	pikachu	1	1	1	0	0	0	0	1	0	0	0	1	false	missing	1	brn	figyberry	1	-1	1	0	1	ability:0:swordofruin|ability:0:swordofruin|chain:0.75	undefined	false	8	8	8	1	2
swordofruin	onAnyModifyDef	125	-1	1	60	Dark	1	1	0	20	100	1	8	pikachu	0	1	1	1	0	1	1	0	60	160	1	1	undefined	missing	0	psn	leftovers	1	0	0	1	0	ability:0:swordofruin|ability:1:swordofruin|chain:0.75	undefined	true	8	8	8	1	2
swordofruin	onAnyModifyDef	126	0	6	70	Ghost	1	0	0	0	-1	-1	0	pikachu	0	1	1	0	0	0	1	2	0	0	1	0	undefined	missing	1	brn	aguavberry	1	-1	0	1	1	ability:0:swordofruin|ability:0:swordofruin|chain:0.75	undefined	undefined	0	0	0	6	0
swordofruin	onAnyModifyDef	127	0	1	0	Water	1	1	0	100	20	-1	8192	greninjaash	1	1	0	0	0	1	0	0	100	0	0	1	0	Ability	0	psn	magoberry	0	1	-1	1	1	ability:0:swordofruin|ability:1:swordofruin|chain:0.75	undefined	undefined	8192	8192	8192	1	2
swordofruin	onAnyModifyDef	128	1	6	60	Normal	1	1	1	10	0	-1	16384	pikachu	1	0	1	0	0	6	0	0	100	160	1	0	true	missing	1	psn	aguavberry	1	-1	-1	0	0	ability:0:swordofruin|ability:6:swordofruin|chain:0.75	undefined	undefined	16384	16384	16384	6	2
swordofruin	onAnyModifyDef	129	0	1	60	Fire	1	0	0	20	100	0	24576	greninjaash	0	1	0	0	1	1	0	1	60	160	1	0	null	missing	0	brn	figyberry	1	0	-1	1	0	ability:0:swordofruin	undefined	false	24576	24576	24576	1	0
swordofruin	onAnyModifyDef	130	-1	0	0	Water	0	0	1	100	100	1	2048	greninjaash	0	0	0	0	1	6	1	0	0	0	1	1	null	Ability	1	brn	aguavberry	0	1	99	0	1	ability:0:swordofruin	undefined	true	2048	2048	2048	6	0
swordofruin	onAnyModifyDef	131	-1	6	60	Bug	1	0	0	0	100	-1	24576	greninjaash	1	1	1	0	1	6	0	2	0	0	0	0	false	Move	1	psn	wikiberry	2	1	99	1	0	ability:0:swordofruin	undefined	undefined	24576	24576	24576	6	0
swordofruin	onAnyModifyDef	132	1	6	0	Bug	1	0	1	10	100	-1	8192	greninjaash	1	0	0	1	0	0	0	1	0	160	1	0	null	Ability	1	brn	aguavberry	2	-1	99	1	1	ability:0:swordofruin|ability:0:swordofruin|chain:0.75	undefined	undefined	8192	8192	8192	6	0
swordofruin	onAnyModifyDef	133	1	1	0	Water	1	1	0	100	100	1	16384	greninjabond	1	0	1	0	1	-1	1	0	60	160	1	1	null	Ability	1	brn	magoberry	2	-1	0	1	0	ability:0:swordofruin	undefined	true	16384	16384	16384	-1	2
swordofruin	onAnyModifyDef	134	1	6	60	Bug	1	1	0	0	0	0	24576	greninjaash	0	0	1	0	1	0	1	2	60	0	1	0	false	Ability	0	psn	wikiberry	2	-1	99	0	0	ability:0:swordofruin	undefined	false	24576	24576	24576	0	2
swordofruin	onAnyModifyDef	135	1	1	61	Bug	0	1	1	10	0	1	0	greninjaash	1	1	1	1	1	0	0	0	0	160	1	0	true	Ability	0	psn	sitrusberry	1	0	-1	1	0	ability:0:swordofruin	undefined	true	0	0	0	0	2
swordofruin	onAnyModifyDef	136	1	6	40	Normal	0	1	0	20	20	0	8	greninjabond	1	1	0	1	0	-1	1	0	100	100	1	1	0	Move	1	psn	sitrusberry	0	-1	99	0	0	ability:0:swordofruin|chain:0.75	undefined	false	8	8	8	6	2
swordofruin	onAnyModifyDef	137	0	0	40	Bug	0	0	0	20	-1	1	2048	pikachu	0	0	0	1	1	1	0	1	100	0	0	1	undefined	Ability	1	brn	iapapaberry	1	1	1	0	0	ability:0:swordofruin	undefined	true	2048	2048	2048	1	0
swordofruin	onAnyModifyDef	138	6	1	70	Ghost	0	0	0	10	0	-1	8192	pikachu	0	0	0	0	0	0	0	1	0	0	1	1	0	missing	1	psn	figyberry	2	0	99	1	0	ability:0:swordofruin|ability:0:swordofruin|chain:0.75	undefined	undefined	8192	8192	8192	1	0
swordofruin	onAnyModifyDef	139	6	6	70	Water	1	0	1	0	0	-1	8192	pikachu	0	1	0	0	1	-1	0	1	0	160	1	1	true	Move	1	brn	iapapaberry	1	0	1	0	1	ability:0:swordofruin	undefined	undefined	8192	8192	8192	-1	0
swordofruin	onAnyModifyDef	140	-1	0	0	Normal	0	0	0	0	0	-1	8192	greninjabond	0	1	1	0	1	0	0	2	60	100	1	0	null	missing	1	brn	aguavberry	0	1	-1	1	0	ability:0:swordofruin	undefined	undefined	8192	8192	8192	0	0
swordofruin	onAnyModifyDef	141	6	1	70	Bug	0	0	0	10	20	-1	24576	greninjaash	1	1	1	0	1	1	0	0	0	160	1	0	false	Ability	0	brn	wikiberry	1	1	-1	1	0	ability:0:swordofruin	undefined	undefined	24576	24576	24576	1	0
swordofruin	onAnyModifyDef	142	6	1	0	Fire	1	1	0	0	0	1	16384	greninjabond	0	0	0	0	0	1	0	1	60	0	0	0	0	Move	0	brn	magoberry	1	1	0	1	1	ability:0:swordofruin|ability:1:swordofruin|chain:0.75	undefined	true	16384	16384	16384	1	2
swordofruin	onAnyModifyDef	143	6	6	70	Ghost	0	1	0	0	100	-1	0	pikachu	1	1	0	1	1	-1	0	1	100	160	0	0	null	Ability	0	brn	sitrusberry	0	-1	0	0	1	ability:0:swordofruin	undefined	undefined	0	0	0	-1	2
swordofruin	onAnyModifyDef	144	1	0	70	Normal	1	0	0	100	0	1	24576	greninjaash	0	1	1	0	0	1	1	2	60	0	0	1	undefined	Ability	1	psn	leftovers	1	0	1	0	1	ability:0:swordofruin|ability:1:swordofruin	undefined	true	24576	24576	24576	1	0
swordofruin	onAnyModifyDef	145	0	6	40	Bug	1	1	1	10	100	1	8	pikachu	1	1	1	1	0	1	1	2	60	0	0	1	undefined	Ability	0	psn	figyberry	2	0	-1	0	0	ability:0:swordofruin|ability:1:swordofruin	undefined	true	8	8	8	1	2
swordofruin	onAnyModifyDef	146	1	1	70	Normal	0	1	0	100	20	0	8	greninjaash	0	1	0	0	1	-1	1	2	100	160	1	1	true	missing	0	brn	wikiberry	2	-1	99	0	0	ability:0:swordofruin	undefined	false	8	8	8	-1	2
swordofruin	onAnyModifyDef	147	0	1	0	Fire	0	1	0	10	-1	1	24576	greninjabond	0	0	0	1	0	0	0	2	60	160	0	1	true	Move	0	brn	wikiberry	0	-1	0	1	0	ability:0:swordofruin|ability:0:swordofruin|chain:0.75	undefined	true	24576	24576	24576	1	2
swordofruin	onAnyModifyDef	148	6	6	61	Normal	1	1	0	0	0	0	8	greninjaash	1	1	0	1	1	-1	1	1	100	100	0	1	null	Move	0	brn	figyberry	2	0	0	1	0	ability:0:swordofruin	undefined	false	8	8	8	-1	2
swordofruin	onAnyModifyDef	149	0	0	60	Ghost	1	1	0	20	20	1	0	pikachu	0	0	1	1	1	-1	1	2	0	100	1	0	false	Ability	0	psn	sitrusberry	2	1	-1	0	0	ability:0:swordofruin	undefined	true	0	0	0	-1	2
swordofruin	onAnyModifyDef	150	-1	6	0	Bug	0	1	1	0	100	1	0	greninjabond	1	1	0	0	1	6	1	1	0	160	0	0	false	Move	1	psn	magoberry	1	-1	99	0	1	ability:0:swordofruin	undefined	true	0	0	0	6	2
swordofruin	onAnyModifyDef	151	6	6	40	Dark	0	1	1	20	20	-1	2048	greninjabond	0	1	0	0	0	6	0	0	60	160	1	1	false	missing	0	brn	sitrusberry	2	0	0	1	0	ability:0:swordofruin|ability:6:swordofruin|chain:0.75	undefined	undefined	2048	2048	2048	6	2
swordofruin	onAnyModifyDef	152	1	1	61	Bug	0	1	1	10	20	-1	24576	greninjaash	1	0	1	1	0	6	1	1	0	100	1	0	true	Move	1	psn	iapapaberry	2	-1	0	1	1	ability:0:swordofruin|ability:6:swordofruin	undefined	undefined	24576	24576	24576	6	2
swordofruin	onAnyModifyDef	153	-1	0	70	Dark	1	0	1	10	0	-1	16384	greninjabond	0	0	1	1	0	1	0	1	100	160	0	0	true	Ability	0	brn	iapapaberry	1	0	0	0	0	ability:0:swordofruin|ability:1:swordofruin|chain:0.75	undefined	undefined	16384	16384	16384	0	0
swordofruin	onAnyModifyDef	154	0	6	70	Fire	0	1	0	10	100	0	0	greninjabond	0	1	1	0	0	1	1	2	100	0	0	0	true	Ability	1	psn	figyberry	2	-1	-1	0	1	ability:0:swordofruin|ability:1:swordofruin	undefined	false	0	0	0	1	2
swordofruin	onAnyModifyDef	155	-1	0	0	Fire	0	1	1	10	20	1	0	greninjaash	0	0	1	0	1	1	1	0	100	0	1	0	undefined	missing	0	psn	sitrusberry	2	-1	99	0	1	ability:0:swordofruin	undefined	true	0	0	0	1	2
swordofruin	onAnyModifyDef	156	0	1	60	Water	1	1	1	100	0	-1	2048	greninjabond	0	0	0	0	1	-1	1	1	100	100	1	0	null	Move	0	brn	leftovers	1	0	1	1	1	ability:0:swordofruin	undefined	undefined	2048	2048	2048	-1	2
swordofruin	onAnyModifyDef	157	6	6	40	Fire	1	0	0	0	20	1	16384	greninjabond	1	1	1	1	0	1	0	2	100	0	0	0	0	missing	1	psn	wikiberry	2	-1	99	0	0	ability:0:swordofruin|ability:1:swordofruin|chain:0.75	undefined	true	16384	16384	16384	6	0
swordofruin	onAnyModifyDef	158	0	1	70	Ghost	0	0	1	0	20	0	8192	pikachu	1	1	0	0	0	6	1	2	60	100	0	0	null	missing	0	brn	iapapaberry	0	1	0	0	0	ability:0:swordofruin|ability:6:swordofruin	undefined	false	8192	8192	8192	6	0
swordofruin	onAnyModifyDef	159	-1	0	40	Bug	1	1	0	10	0	-1	16384	greninjabond	0	1	1	0	1	1	0	1	0	0	0	0	true	Move	0	brn	magoberry	1	0	1	1	1	ability:0:swordofruin	undefined	undefined	16384	16384	16384	1	2
swordofruin	onAnyModifyDef	160	1	0	0	Water	0	1	0	20	-1	-1	24576	pikachu	0	0	0	0	1	0	0	1	60	160	1	1	undefined	missing	0	psn	magoberry	2	0	-1	1	1	ability:0:swordofruin	undefined	undefined	24576	24576	24576	0	2
swordofruin	onAnyModifyDef	161	-1	6	0	Ghost	0	1	1	0	20	0	2048	greninjaash	0	1	1	0	0	1	1	0	100	100	0	0	undefined	Ability	1	brn	magoberry	1	0	99	1	0	ability:0:swordofruin|ability:1:swordofruin	undefined	false	2048	2048	2048	1	2
swordofruin	onAnyModifyDef	162	-1	0	0	Water	0	0	1	0	0	0	8	greninjabond	0	0	1	1	0	0	0	2	60	100	0	0	true	Ability	0	brn	sitrusberry	1	-1	-1	1	0	ability:0:swordofruin|ability:0:swordofruin|chain:0.75	undefined	false	8	8	8	0	0
swordofruin	onAnyModifyDef	163	6	6	60	Ghost	0	1	0	20	20	-1	2048	greninjabond	0	0	0	0	0	6	1	0	60	100	1	0	0	missing	0	psn	figyberry	1	0	1	0	0	ability:0:swordofruin|ability:6:swordofruin|chain:0.75	undefined	undefined	2048	2048	2048	6	2
swordofruin	onAnyModifyDef	164	6	0	40	Water	0	0	0	20	0	-1	16384	pikachu	1	0	1	1	1	6	1	1	0	0	1	1	null	Move	0	brn	magoberry	2	-1	99	1	1	ability:0:swordofruin	undefined	undefined	16384	16384	16384	6	0
swordofruin	onAnyModifyDef	165	-1	6	40	Normal	0	1	1	20	-1	1	24576	greninjaash	1	0	0	0	0	-1	1	0	100	160	0	1	undefined	missing	0	brn	aguavberry	1	1	99	0	0	ability:0:swordofruin|chain:0.75	undefined	true	24576	24576	24576	6	2
swordofruin	onAnyModifyDef	166	1	6	61	Normal	0	0	1	0	-1	0	16384	pikachu	1	0	1	0	0	-1	0	0	60	0	1	0	undefined	Move	0	psn	magoberry	1	0	99	1	0	ability:0:swordofruin|chain:0.75	undefined	false	16384	16384	16384	6	0
swordofruin	onAnyModifyDef	167	0	1	70	Water	1	1	1	0	100	0	0	greninjaash	0	1	0	1	1	0	0	1	100	160	0	0	null	Ability	1	psn	sitrusberry	1	1	1	0	0	ability:0:swordofruin	undefined	false	0	0	0	0	2
swordofruin	onAnyModifyDef	168	6	1	61	Water	1	0	0	100	100	0	16384	greninjabond	1	1	1	1	1	6	0	0	60	100	0	0	true	Ability	0	psn	leftovers	0	1	99	1	0	ability:0:swordofruin	undefined	false	16384	16384	16384	6	0
swordofruin	onAnyModifyDef	169	-1	6	60	Bug	1	0	1	0	0	0	24576	pikachu	1	0	1	0	1	1	0	0	100	100	0	1	null	missing	0	psn	figyberry	1	1	-1	1	1	ability:0:swordofruin	undefined	false	24576	24576	24576	1	0
swordofruin	onAnyModifyDef	170	-1	6	61	Dark	0	0	1	20	-1	0	0	pikachu	1	0	1	1	1	-1	1	0	60	100	0	0	true	Ability	0	brn	wikiberry	0	1	-1	0	0	ability:0:swordofruin	undefined	false	0	0	0	-1	0
swordofruin	onAnyModifyDef	171	1	6	70	Water	1	1	0	20	100	1	0	pikachu	1	0	1	1	0	-1	1	1	100	160	0	1	undefined	Ability	0	brn	sitrusberry	2	0	-1	1	1	ability:0:swordofruin|chain:0.75	undefined	true	0	0	0	6	2
swordofruin	onAnyModifyDef	172	0	0	60	Bug	1	0	0	10	0	-1	0	pikachu	1	1	0	0	1	6	0	1	60	100	0	0	true	Move	1	brn	magoberry	1	1	-1	0	0	ability:0:swordofruin	undefined	undefined	0	0	0	6	0
swordofruin	onAnyModifyDef	173	1	0	0	Ghost	1	0	1	100	-1	-1	2048	greninjabond	0	1	0	0	0	1	0	2	0	0	0	1	undefined	missing	1	brn	wikiberry	2	1	1	1	0	ability:0:swordofruin|ability:1:swordofruin|chain:0.75	undefined	undefined	2048	2048	2048	0	0
swordofruin	onAnyModifyDef	174	-1	1	60	Fire	0	1	0	0	0	-1	2048	greninjaash	1	0	1	0	1	-1	1	0	100	0	1	0	true	Ability	1	psn	sitrusberry	0	0	0	0	1	ability:0:swordofruin	undefined	undefined	2048	2048	2048	-1	2
swordofruin	onAnyModifyDef	175	0	0	0	Ghost	1	1	1	20	20	0	8192	pikachu	0	1	1	1	0	-1	1	1	60	160	1	1	null	missing	1	psn	sitrusberry	2	-1	99	1	1	ability:0:swordofruin|chain:0.75	undefined	false	8192	8192	8192	0	2
swordofruin	onAnyModifyDef	176	6	0	70	Bug	0	0	1	0	-1	0	16384	pikachu	1	0	1	0	1	-1	0	1	60	160	1	1	null	missing	0	psn	leftovers	1	-1	1	1	0	ability:0:swordofruin	undefined	false	16384	16384	16384	-1	0
swordofruin	onAnyModifyDef	177	6	1	61	Bug	1	1	1	100	-1	-1	0	pikachu	0	1	1	1	1	6	0	0	0	100	0	1	undefined	Move	1	psn	figyberry	2	0	1	1	1	ability:0:swordofruin	undefined	undefined	0	0	0	6	2
swordofruin	onAnyModifyDef	178	6	1	61	Bug	1	0	1	0	20	1	2048	greninjaash	1	1	1	1	0	1	0	1	0	160	1	0	null	Move	1	psn	sitrusberry	2	-1	-1	1	1	ability:0:swordofruin|ability:1:swordofruin|chain:0.75	undefined	true	2048	2048	2048	1	0
swordofruin	onAnyModifyDef	179	-1	0	40	Water	1	1	1	100	0	0	2048	pikachu	1	0	0	1	1	0	1	1	0	160	1	1	0	Move	0	brn	aguavberry	2	-1	99	0	0	ability:0:swordofruin	undefined	false	2048	2048	2048	0	2
swordofruin	onAnyModifyDef	180	6	6	70	Bug	0	1	1	0	-1	1	24576	greninjabond	0	1	0	1	0	1	0	1	0	160	1	1	null	missing	1	brn	figyberry	1	0	0	0	0	ability:0:swordofruin|ability:1:swordofruin|chain:0.75	undefined	true	24576	24576	24576	6	2
swordofruin	onAnyModifyDef	181	-1	6	0	Dark	1	1	1	10	-1	0	8192	greninjaash	1	0	0	1	1	-1	0	1	0	0	0	0	0	Move	0	psn	wikiberry	2	-1	1	1	0	ability:0:swordofruin	undefined	false	8192	8192	8192	-1	2
swordofruin	onAnyModifyDef	182	0	0	60	Normal	0	1	0	0	100	-1	8	greninjabond	1	0	1	0	0	0	1	0	100	100	1	0	false	Ability	0	brn	sitrusberry	0	1	99	1	1	ability:0:swordofruin|ability:0:swordofruin|chain:0.75	undefined	undefined	8	8	8	0	2
swordofruin	onAnyModifyDef	183	1	6	0	Ghost	0	1	0	10	0	-1	8192	greninjabond	1	1	0	0	1	6	1	2	0	0	0	1	undefined	Move	1	brn	iapapaberry	1	-1	-1	1	0	ability:0:swordofruin	undefined	undefined	8192	8192	8192	6	2
swordofruin	onAnyModifyDef	184	6	0	60	Water	1	1	0	10	100	1	0	greninjaash	0	0	0	1	1	1	1	1	60	160	1	0	true	missing	1	brn	wikiberry	1	1	0	1	1	ability:0:swordofruin	undefined	true	0	0	0	1	2
swordofruin	onAnyModifyDef	185	6	1	40	Dark	0	0	1	100	100	1	8	greninjabond	1	0	0	1	1	6	1	2	0	0	1	1	null	Move	0	brn	wikiberry	0	-1	99	1	1	ability:0:swordofruin	undefined	true	8	8	8	6	0
swordofruin	onAnyModifyDef	186	1	0	40	Fire	1	1	0	20	0	-1	24576	greninjaash	1	1	0	1	1	0	0	2	0	160	1	0	null	missing	0	brn	wikiberry	1	0	-1	0	1	ability:0:swordofruin	undefined	undefined	24576	24576	24576	0	2
swordofruin	onAnyModifyDef	187	6	0	70	Fire	1	1	0	100	0	-1	16384	greninjabond	1	0	0	0	0	1	1	2	0	160	0	0	null	Move	1	brn	sitrusberry	0	-1	0	0	1	ability:0:swordofruin|ability:1:swordofruin	undefined	undefined	16384	16384	16384	1	2
swordofruin	onAnyModifyDef	188	1	1	60	Bug	1	0	0	100	-1	0	8	greninjaash	1	0	1	0	0	1	0	1	60	100	1	0	true	Ability	1	brn	sitrusberry	2	-1	1	0	1	ability:0:swordofruin|ability:1:swordofruin|chain:0.75	undefined	false	8	8	8	1	0
swordofruin	onAnyModifyDef	189	0	6	70	Normal	0	0	1	20	0	-1	2048	greninjabond	1	1	0	1	1	1	1	1	100	100	0	0	false	missing	1	brn	magoberry	1	0	1	1	0	ability:0:swordofruin	undefined	undefined	2048	2048	2048	1	0
swordofruin	onAnyModifyDef	190	1	6	60	Dark	0	0	0	0	100	1	2048	pikachu	0	1	1	0	1	0	0	0	60	0	0	0	true	missing	0	psn	figyberry	1	0	0	0	0	ability:0:swordofruin	undefined	true	2048	2048	2048	0	0
swordofruin	onAnyModifyDef	191	6	0	40	Dark	0	1	1	100	100	-1	8	pikachu	1	1	0	1	1	1	1	0	0	0	1	0	false	Move	1	brn	figyberry	1	0	-1	0	1	ability:0:swordofruin	undefined	undefined	8	8	8	1	2
swordofruin	onAnyModifyDef	192	6	0	70	Normal	0	1	0	20	-1	-1	8192	pikachu	1	1	1	0	1	6	1	0	100	0	0	1	undefined	Ability	1	brn	magoberry	0	-1	-1	0	1	ability:0:swordofruin	undefined	undefined	8192	8192	8192	6	2
swordofruin	onAnyModifyDef	193	6	0	70	Bug	1	1	0	100	-1	0	2048	greninjaash	1	0	0	0	1	6	0	0	0	100	1	0	true	Ability	0	brn	sitrusberry	2	-1	0	0	1	ability:0:swordofruin	undefined	false	2048	2048	2048	6	2
swordofruin	onAnyModifyDef	194	0	0	0	Normal	1	1	0	0	-1	1	16384	greninjaash	1	0	0	1	0	6	1	2	0	160	1	0	false	Move	0	psn	figyberry	0	1	-1	0	0	ability:0:swordofruin|ability:6:swordofruin	undefined	true	16384	16384	16384	6	2
swordofruin	onAnyModifyDef	195	1	0	60	Ghost	0	1	1	0	-1	1	8	pikachu	0	0	1	0	0	6	0	0	0	100	1	1	undefined	Ability	1	psn	magoberry	1	1	-1	1	0	ability:0:swordofruin|ability:6:swordofruin|chain:0.75	undefined	true	8	8	8	0	2
swordofruin	onAnyModifyDef	196	-1	1	40	Water	0	0	0	20	-1	0	24576	pikachu	0	0	0	1	0	0	1	0	0	0	0	1	null	Ability	0	brn	sitrusberry	0	1	99	0	1	ability:0:swordofruin|ability:0:swordofruin|chain:0.75	undefined	false	24576	24576	24576	1	0
swordofruin	onAnyModifyDef	197	6	0	0	Water	1	1	1	0	0	-1	24576	greninjaash	0	1	0	1	1	-1	0	2	0	160	0	1	false	missing	1	brn	figyberry	1	0	0	1	0	ability:0:swordofruin	undefined	undefined	24576	24576	24576	-1	2
swordofruin	onAnyModifyDef	198	6	1	61	Normal	1	0	1	0	20	1	0	greninjabond	0	1	0	0	0	1	1	1	0	0	0	0	true	Move	1	brn	aguavberry	1	-1	99	0	1	ability:0:swordofruin|ability:1:swordofruin|chain:0.75	undefined	true	0	0	0	1	0
swordofruin	onAnyModifyDef	199	6	6	60	Water	0	1	0	20	20	-1	8192	greninjaash	1	1	1	1	0	0	1	1	60	100	0	0	null	missing	1	psn	wikiberry	2	0	0	1	0	ability:0:swordofruin|ability:0:swordofruin|chain:0.75	undefined	undefined	8192	8192	8192	6	2
swordofruin	onAnyModifyDef	200	6	0	40	Fire	0	0	1	100	100	0	8192	greninjabond	0	1	0	1	0	0	1	1	0	0	1	0	true	Ability	1	brn	figyberry	1	1	-1	0	0	ability:0:swordofruin|ability:0:swordofruin|chain:0.75	undefined	false	8192	8192	8192	0	0
swordofruin	onAnyModifyDef	201	6	1	0	Water	0	0	0	20	20	1	2048	greninjaash	0	1	0	0	0	6	1	1	60	160	1	0	true	Move	1	psn	sitrusberry	1	0	1	0	1	ability:0:swordofruin|ability:6:swordofruin	undefined	true	2048	2048	2048	6	0
swordofruin	onAnyModifyDef	202	-1	1	61	Dark	1	0	0	20	20	-1	16384	greninjaash	1	0	0	1	0	1	0	1	60	160	0	0	undefined	Ability	1	brn	aguavberry	2	1	-1	1	0	ability:0:swordofruin|ability:1:swordofruin|chain:0.75	undefined	undefined	16384	16384	16384	1	0
swordofruin	onAnyModifyDef	203	-1	0	0	Normal	0	1	0	10	20	-1	8192	pikachu	0	0	0	1	1	-1	0	1	60	160	0	1	false	Ability	1	psn	sitrusberry	0	0	1	0	1	ability:0:swordofruin	undefined	undefined	8192	8192	8192	-1	2
swordofruin	onAnyModifyDef	204	1	6	61	Normal	0	1	1	10	-1	1	2048	pikachu	1	1	0	0	0	0	1	1	0	0	1	0	0	Move	0	brn	iapapaberry	2	0	0	0	1	ability:0:swordofruin|ability:0:swordofruin|chain:0.75	undefined	true	2048	2048	2048	6	2
swordofruin	onAnyModifyDef	205	0	0	61	Dark	1	0	1	10	0	-1	8192	greninjaash	1	0	1	0	1	1	1	1	0	160	1	1	undefined	Ability	0	psn	aguavberry	2	-1	0	0	0	ability:0:swordofruin	undefined	undefined	8192	8192	8192	1	0
swordofruin	onAnyModifyDef	206	-1	6	61	Fire	1	0	1	0	-1	-1	8	pikachu	0	0	0	0	0	6	1	2	60	160	0	0	null	Ability	0	psn	aguavberry	2	0	0	1	1	ability:0:swordofruin|ability:6:swordofruin|chain:0.75	undefined	undefined	8	8	8	6	0
swordofruin	onAnyModifyDef	207	-1	6	70	Normal	1	1	1	0	0	-1	8192	greninjabond	0	0	0	0	1	-1	1	2	100	160	0	1	null	missing	1	psn	figyberry	1	0	0	0	1	ability:0:swordofruin	undefined	undefined	8192	8192	8192	-1	2
swordofruin	onAnyModifyDef	208	-1	6	61	Fire	1	1	0	0	20	0	8192	greninjabond	1	0	0	1	0	1	1	1	100	160	0	1	true	missing	0	brn	leftovers	2	-1	99	0	0	ability:0:swordofruin|ability:1:swordofruin	undefined	false	8192	8192	8192	1	2
swordofruin	onAnyModifyDef	209	1	6	70	Fire	0	1	0	20	0	1	8	greninjaash	1	0	0	1	0	6	0	0	0	160	1	1	true	Ability	0	psn	wikiberry	2	1	-1	0	1	ability:0:swordofruin|ability:6:swordofruin|chain:0.75	undefined	true	8	8	8	6	2
swordofruin	onAnyModifyDef	210	-1	6	0	Bug	1	0	1	0	100	0	24576	greninjabond	0	0	1	1	1	-1	0	1	0	0	0	0	undefined	missing	0	psn	wikiberry	0	1	-1	0	1	ability:0:swordofruin	undefined	false	24576	24576	24576	-1	0
swordofruin	onAnyModifyDef	211	6	6	40	Water	0	1	1	10	20	1	8	greninjabond	0	0	1	1	0	0	0	0	100	0	0	0	0	Ability	1	brn	sitrusberry	1	-1	0	0	0	ability:0:swordofruin|ability:0:swordofruin|chain:0.75	undefined	true	8	8	8	6	2
swordofruin	onAnyModifyDef	212	-1	1	60	Bug	1	1	0	0	-1	0	16384	pikachu	0	0	1	0	0	0	1	2	100	100	1	1	undefined	missing	0	brn	iapapaberry	0	0	1	1	0	ability:0:swordofruin|ability:0:swordofruin|chain:0.75	undefined	false	16384	16384	16384	1	2
swordofruin	onAnyModifyDef	213	6	0	61	Ghost	0	1	0	100	100	0	16384	greninjaash	1	1	1	0	0	-1	0	1	60	160	1	1	false	Move	1	psn	sitrusberry	0	0	-1	0	0	ability:0:swordofruin|chain:0.75	undefined	false	16384	16384	16384	0	2
swordofruin	onAnyModifyDef	214	1	6	40	Water	1	1	1	0	0	0	2048	greninjabond	0	0	0	0	1	6	0	0	60	160	1	0	false	missing	0	brn	leftovers	2	1	-1	0	0	ability:0:swordofruin	undefined	false	2048	2048	2048	6	2
swordofruin	onAnyModifyDef	215	0	6	70	Fire	1	0	1	100	100	-1	8192	pikachu	0	0	1	0	0	6	0	0	100	0	1	0	true	Ability	0	psn	iapapaberry	2	1	1	0	1	ability:0:swordofruin|ability:6:swordofruin|chain:0.75	undefined	undefined	8192	8192	8192	6	0
swordofruin	onAnyModifyDef	216	-1	0	61	Dark	0	1	1	10	0	-1	16384	greninjaash	1	0	1	0	0	-1	0	0	60	100	0	0	undefined	missing	0	brn	iapapaberry	2	-1	1	0	1	ability:0:swordofruin|chain:0.75	undefined	undefined	16384	16384	16384	0	2
swordofruin	onAnyModifyDef	217	1	0	0	Fire	1	0	0	10	20	1	0	greninjaash	1	1	0	1	0	6	0	2	100	0	1	1	false	Ability	1	brn	magoberry	0	0	1	1	1	ability:0:swordofruin|ability:6:swordofruin|chain:0.75	undefined	true	0	0	0	0	0
swordofruin	onAnyModifyDef	218	6	6	60	Ghost	0	1	1	20	0	0	2048	pikachu	0	1	1	1	0	6	1	1	60	160	0	0	undefined	missing	0	brn	figyberry	1	0	-1	1	1	ability:0:swordofruin|ability:6:swordofruin|chain:0.75	undefined	false	2048	2048	2048	6	2
swordofruin	onAnyModifyDef	219	1	6	60	Ghost	1	1	1	20	100	0	8	greninjabond	1	0	0	0	0	1	0	0	60	100	1	0	true	missing	1	brn	iapapaberry	0	0	-1	1	0	ability:0:swordofruin|ability:1:swordofruin|chain:0.75	undefined	false	8	8	8	6	2
swordofruin	onAnyModifyDef	220	1	1	70	Water	0	0	0	100	-1	0	16384	pikachu	0	0	0	1	1	-1	1	0	60	160	0	0	null	missing	1	brn	wikiberry	0	0	99	1	0	ability:0:swordofruin	undefined	false	16384	16384	16384	-1	0
swordofruin	onAnyModifyDef	221	-1	0	40	Normal	1	0	0	10	100	1	8192	greninjaash	0	0	1	1	0	1	0	0	100	0	1	0	true	Move	0	brn	wikiberry	0	0	-1	0	0	ability:0:swordofruin|ability:1:swordofruin|chain:0.75	undefined	true	8192	8192	8192	0	0
swordofruin	onAnyModifyDef	222	6	6	70	Ghost	1	1	0	0	100	-1	2048	greninjabond	0	1	1	1	0	-1	1	0	60	0	1	1	undefined	Move	1	psn	magoberry	1	1	1	1	0	ability:0:swordofruin|chain:0.75	undefined	undefined	2048	2048	2048	6	2
swordofruin	onAnyModifyDef	223	1	0	0	Fire	1	0	0	20	20	1	0	greninjaash	0	0	0	1	0	6	0	0	100	100	0	0	false	Ability	0	brn	leftovers	2	-1	1	1	0	ability:0:swordofruin|ability:6:swordofruin|chain:0.75	undefined	true	0	0	0	0	0
swordofruin	onAnyModifyDef	224	-1	6	0	Ghost	1	0	1	20	20	1	2048	greninjabond	0	1	0	1	0	0	0	0	100	160	1	1	true	Ability	0	brn	figyberry	0	-1	0	0	1	ability:0:swordofruin|ability:0:swordofruin|chain:0.75	undefined	true	2048	2048	2048	6	0
swordofruin	onAnyModifyDef	225	1	6	60	Normal	0	1	0	10	100	0	24576	greninjabond	0	0	1	1	1	6	1	0	0	100	0	0	0	Ability	0	psn	iapapaberry	0	0	99	1	1	ability:0:swordofruin	undefined	false	24576	24576	24576	6	2
swordofruin	onAnyModifyDef	226	1	1	0	Water	0	1	1	0	-1	-1	16384	greninjabond	0	1	1	1	1	0	0	1	60	0	1	0	0	missing	1	psn	iapapaberry	0	-1	-1	0	0	ability:0:swordofruin	undefined	undefined	16384	16384	16384	0	2
swordofruin	onAnyModifyDef	227	-1	0	61	Fire	1	1	0	20	0	0	24576	greninjaash	1	0	1	1	1	-1	0	0	60	0	0	1	0	missing	1	psn	leftovers	2	0	1	0	1	ability:0:swordofruin	undefined	false	24576	24576	24576	-1	2
swordofruin	onAnyModifyDef	228	0	1	40	Bug	1	0	1	20	20	1	8	greninjabond	1	1	0	0	1	-1	0	2	0	160	1	1	true	Move	1	brn	figyberry	1	1	-1	1	1	ability:0:swordofruin	undefined	true	8	8	8	-1	0
swordofruin	onAnyModifyDef	229	1	6	40	Ghost	1	1	0	20	100	1	2048	pikachu	1	1	1	1	0	-1	1	0	100	160	1	0	null	Ability	1	brn	aguavberry	2	-1	99	1	1	ability:0:swordofruin|chain:0.75	undefined	true	2048	2048	2048	6	2
swordofruin	onAnyModifyDef	230	-1	6	0	Bug	1	0	0	10	100	-1	8	greninjaash	0	1	1	1	1	-1	0	0	60	160	1	1	undefined	Move	0	brn	leftovers	1	1	-1	0	1	ability:0:swordofruin	undefined	undefined	8	8	8	-1	0
swordofruin	onAnyModifyDef	231	1	6	40	Normal	1	0	1	0	-1	0	0	greninjaash	1	0	0	1	1	1	0	1	60	100	1	1	undefined	Move	0	brn	sitrusberry	2	0	99	0	1	ability:0:swordofruin	undefined	false	0	0	0	1	0
swordofruin	onAnyModifyDef	232	-1	0	70	Dark	0	0	0	100	0	1	0	greninjaash	1	1	0	0	0	6	0	0	60	100	0	0	undefined	missing	1	brn	figyberry	1	1	-1	1	1	ability:0:swordofruin|ability:6:swordofruin|chain:0.75	undefined	true	0	0	0	0	0
swordofruin	onAnyModifyDef	233	0	1	70	Bug	0	0	1	0	-1	0	16384	pikachu	1	1	1	0	1	6	0	2	100	160	0	0	undefined	Move	1	psn	sitrusberry	2	0	0	1	1	ability:0:swordofruin	undefined	false	16384	16384	16384	6	0
swordofruin	onAnyModifyDef	234	0	6	70	Fire	0	0	0	20	100	1	24576	greninjabond	0	0	0	1	0	-1	0	0	60	100	1	0	null	missing	0	brn	figyberry	1	0	-1	1	1	ability:0:swordofruin|chain:0.75	undefined	true	24576	24576	24576	6	0
swordofruin	onAnyModifyDef	235	6	6	60	Fire	1	1	1	100	0	0	8192	greninjaash	1	0	1	1	0	0	1	0	60	160	1	1	true	Move	0	psn	wikiberry	2	1	0	0	0	ability:0:swordofruin|ability:0:swordofruin|chain:0.75	undefined	false	8192	8192	8192	6	2
swordofruin	onAnyModifyDef	236	6	6	60	Bug	0	1	0	10	20	1	8	greninjaash	0	1	1	1	1	6	0	1	100	160	1	0	false	Ability	1	brn	leftovers	0	-1	0	1	1	ability:0:swordofruin	undefined	true	8	8	8	6	2
swordofruin	onAnyModifyDef	237	-1	6	60	Ghost	0	0	0	0	20	0	24576	pikachu	1	0	1	0	1	6	0	0	60	0	1	1	null	Ability	1	psn	wikiberry	2	0	99	1	1	ability:0:swordofruin	undefined	false	24576	24576	24576	6	0
swordofruin	onAnyModifyDef	238	0	1	70	Dark	0	0	0	10	20	-1	0	pikachu	1	1	1	1	0	0	0	1	100	0	1	1	0	Move	1	psn	iapapaberry	0	-1	1	0	1	ability:0:swordofruin|ability:0:swordofruin|chain:0.75	undefined	undefined	0	0	0	1	0
swordofruin	onAnyModifyDef	239	6	6	60	Water	0	0	0	100	100	1	16384	pikachu	1	0	1	0	0	0	0	1	60	100	0	1	false	Move	0	psn	leftovers	0	-1	99	0	0	ability:0:swordofruin|ability:0:swordofruin|chain:0.75	undefined	true	16384	16384	16384	6	0
swordofruin	onAnyModifyDef	240	-1	1	61	Ghost	0	1	1	0	20	-1	8	pikachu	0	0	1	1	1	0	1	2	60	0	0	1	true	Ability	1	brn	wikiberry	1	1	99	1	0	ability:0:swordofruin	undefined	undefined	8	8	8	0	2
swordofruin	onAnyModifyDef	241	0	6	60	Fire	1	1	1	0	100	1	8	greninjabond	1	0	1	0	1	6	1	1	0	0	0	1	0	missing	1	brn	iapapaberry	2	0	1	0	1	ability:0:swordofruin	undefined	true	8	8	8	6	2
swordofruin	onAnyModifyDef	242	-1	6	0	Bug	0	0	0	0	0	1	0	greninjabond	0	0	0	1	1	6	1	2	0	100	1	0	undefined	Move	0	psn	sitrusberry	2	1	-1	1	1	ability:0:swordofruin	undefined	true	0	0	0	6	0
swordofruin	onAnyModifyDef	243	1	1	0	Water	1	1	0	100	-1	-1	2048	greninjaash	0	0	0	0	0	1	1	0	0	100	0	0	true	Ability	0	psn	aguavberry	2	-1	99	1	1	ability:0:swordofruin|ability:1:swordofruin|chain:0.75	undefined	undefined	2048	2048	2048	1	2
swordofruin	onAnyModifyDef	244	0	0	61	Bug	0	0	0	0	20	-1	24576	greninjabond	1	0	0	0	1	6	0	1	0	0	0	1	undefined	Ability	0	brn	wikiberry	2	-1	1	1	0	ability:0:swordofruin	undefined	undefined	24576	24576	24576	6	0
swordofruin	onAnyModifyDef	245	0	1	40	Bug	1	1	0	10	20	-1	8	greninjabond	0	1	1	0	1	0	1	2	100	160	0	1	0	Move	0	brn	magoberry	1	1	99	1	1	ability:0:swordofruin	undefined	undefined	8	8	8	0	2
swordofruin	onAnyModifyDef	246	1	1	60	Dark	0	1	0	10	-1	0	8192	pikachu	1	0	0	1	0	0	1	1	100	0	0	1	true	missing	1	brn	iapapaberry	0	-1	-1	1	0	ability:0:swordofruin|ability:0:swordofruin|chain:0.75	undefined	false	8192	8192	8192	1	2
swordofruin	onAnyModifyDef	247	-1	1	60	Ghost	0	0	1	10	20	0	2048	greninjaash	1	0	0	0	0	-1	0	0	100	100	0	0	undefined	Move	0	psn	aguavberry	0	0	-1	1	1	ability:0:swordofruin|chain:0.75	undefined	false	2048	2048	2048	1	0
swordofruin	onAnyModifyDef	248	0	6	0	Fire	1	1	1	10	-1	1	8	greninjaash	1	1	0	0	1	1	1	0	100	100	1	0	undefined	missing	1	brn	magoberry	2	1	1	1	0	ability:0:swordofruin	undefined	true	8	8	8	1	2
swordofruin	onAnyModifyDef	249	0	6	0	Ghost	0	0	1	100	0	-1	8	greninjabond	0	1	1	1	0	6	0	1	0	0	0	1	false	Move	0	brn	aguavberry	2	0	-1	0	1	ability:0:swordofruin|ability:6:swordofruin|chain:0.75	undefined	undefined	8	8	8	6	0
swordofruin	onAnyModifyDef	250	6	0	60	Bug	0	0	0	20	-1	-1	2048	greninjaash	0	1	0	1	1	0	0	0	60	160	1	0	0	Ability	1	brn	aguavberry	0	1	-1	0	0	ability:0:swordofruin	undefined	undefined	2048	2048	2048	0	0
swordofruin	onAnyModifyDef	251	-1	6	61	Bug	0	1	1	0	20	1	2048	greninjabond	0	0	1	0	1	6	1	1	60	160	0	1	false	Move	0	brn	figyberry	0	-1	1	0	0	ability:0:swordofruin	undefined	true	2048	2048	2048	6	2
swordofruin	onAnyModifyDef	252	6	6	0	Water	1	0	1	100	20	1	0	greninjabond	0	0	0	1	1	1	1	2	100	160	1	0	true	Ability	0	psn	wikiberry	1	1	99	1	0	ability:0:swordofruin	undefined	true	0	0	0	1	0
swordofruin	onAnyModifyDef	253	6	1	61	Bug	0	0	1	100	20	-1	2048	greninjabond	1	0	0	0	1	6	0	2	100	0	0	0	0	Ability	1	brn	leftovers	0	1	1	0	1	ability:0:swordofruin	undefined	undefined	2048	2048	2048	6	0
swordofruin	onAnyModifyDef	254	-1	1	70	Normal	0	1	1	10	0	1	8192	pikachu	1	0	0	1	1	1	0	0	0	160	0	1	undefined	missing	0	psn	aguavberry	2	1	1	0	0	ability:0:swordofruin	undefined	true	8192	8192	8192	1	2
swordofruin	onAnyModifyDef	255	-1	0	40	Fire	0	0	1	0	-1	0	0	pikachu	0	0	1	1	1	6	1	1	60	100	1	0	false	missing	1	brn	wikiberry	2	0	0	0	0	ability:0:swordofruin	undefined	false	0	0	0	6	0
swordofruin	onAnyModifyDef	256	0	6	70	Dark	0	0	0	20	100	-1	24576	greninjabond	0	1	0	1	1	-1	1	1	100	0	0	1	true	missing	0	brn	leftovers	0	1	0	1	1	ability:0:swordofruin	undefined	undefined	24576	24576	24576	-1	0
swordofruin	onAnyModifyDef	257	-1	6	61	Normal	0	1	1	100	20	-1	2048	greninjabond	1	0	1	1	0	6	1	2	100	0	0	1	undefined	Ability	1	psn	wikiberry	2	1	0	0	1	ability:0:swordofruin|ability:6:swordofruin|chain:0.75	undefined	undefined	2048	2048	2048	6	2
swordofruin	onAnyModifyDef	258	6	0	61	Dark	1	1	0	0	20	0	8192	pikachu	1	1	1	1	0	-1	0	2	100	160	0	0	null	Ability	0	psn	wikiberry	2	0	-1	1	0	ability:0:swordofruin|chain:0.75	undefined	false	8192	8192	8192	0	2
swordofruin	onAnyModifyDef	259	6	0	70	Dark	0	1	1	10	20	0	2048	pikachu	0	0	0	1	0	-1	1	2	0	100	1	1	true	Ability	0	brn	leftovers	1	-1	-1	0	1	ability:0:swordofruin|chain:0.75	undefined	false	2048	2048	2048	0	2
swordofruin	onAnyModifyDef	260	0	6	0	Fire	0	1	0	20	20	1	2048	greninjaash	0	1	1	0	1	1	1	0	60	100	0	1	0	missing	0	psn	wikiberry	1	0	-1	0	0	ability:0:swordofruin	undefined	true	2048	2048	2048	1	2
swordofruin	onAnyModifyDef	261	0	1	70	Ghost	0	0	1	0	20	1	24576	pikachu	0	1	0	1	0	0	0	1	60	160	0	0	true	missing	0	psn	leftovers	2	0	1	0	1	ability:0:swordofruin|ability:0:swordofruin|chain:0.75	undefined	true	24576	24576	24576	1	0
swordofruin	onAnyModifyDef	262	0	6	70	Fire	0	0	1	10	100	1	16384	greninjaash	1	1	0	1	0	1	0	0	60	0	0	1	false	Move	1	brn	leftovers	0	1	-1	1	1	ability:0:swordofruin|ability:1:swordofruin|chain:0.75	undefined	true	16384	16384	16384	6	0
swordofruin	onAnyModifyDef	263	0	1	70	Ghost	1	0	0	20	100	1	8	greninjabond	0	0	0	0	0	1	1	0	0	160	0	1	null	Move	1	brn	figyberry	1	-1	0	0	1	ability:0:swordofruin|ability:1:swordofruin|chain:0.75	undefined	true	8	8	8	1	0
swordofruin	onAnyModifyDef	264	0	0	40	Ghost	1	0	1	100	-1	-1	0	pikachu	0	0	1	0	1	0	0	1	60	0	0	0	false	Move	0	brn	magoberry	0	1	-1	1	1	ability:0:swordofruin	undefined	undefined	0	0	0	0	0
swordofruin	onAnyModifyDef	265	-1	6	0	Dark	1	1	1	100	0	0	24576	greninjaash	1	1	1	0	0	6	1	0	100	100	1	0	0	Ability	0	psn	wikiberry	1	0	99	1	1	ability:0:swordofruin|ability:6:swordofruin|chain:0.75	undefined	false	24576	24576	24576	6	2
swordofruin	onAnyModifyDef	266	1	1	60	Water	1	1	1	20	100	1	2048	greninjabond	1	1	1	1	1	1	1	1	100	0	0	0	false	Move	0	brn	magoberry	1	-1	-1	0	1	ability:0:swordofruin	undefined	true	2048	2048	2048	1	2
swordofruin	onAnyModifyDef	267	1	6	70	Fire	0	1	0	10	100	1	0	greninjaash	1	0	1	1	0	0	1	2	100	160	0	0	false	Move	0	psn	figyberry	0	1	99	1	0	ability:0:swordofruin|ability:0:swordofruin|chain:0.75	undefined	true	0	0	0	6	2
swordofruin	onAnyModifyDef	268	6	0	61	Fire	1	1	1	10	100	0	0	greninjabond	1	0	0	1	0	1	1	2	0	160	0	1	false	Ability	0	psn	wikiberry	1	-1	0	0	1	ability:0:swordofruin|ability:1:swordofruin	undefined	false	0	0	0	1	2
swordofruin	onAnyModifyDef	269	1	0	0	Fire	1	1	1	20	-1	0	0	pikachu	0	0	0	1	0	6	1	2	0	160	0	1	null	Ability	1	psn	magoberry	1	1	0	0	1	ability:0:swordofruin|ability:6:swordofruin	undefined	false	0	0	0	6	2
swordofruin	onAnyModifyDef	270	1	0	61	Water	0	0	1	10	100	1	8	greninjabond	1	1	1	1	1	6	1	2	0	160	1	1	false	Ability	1	psn	figyberry	0	0	1	0	0	ability:0:swordofruin	undefined	true	8	8	8	6	0
swordofruin	onAnyModifyDef	271	1	1	40	Bug	1	0	1	10	20	1	24576	greninjabond	0	0	1	0	0	0	1	2	100	100	1	1	null	Ability	1	psn	leftovers	2	1	1	1	0	ability:0:swordofruin|ability:0:swordofruin|chain:0.75	undefined	true	24576	24576	24576	1	0
swordofruin	onAnyModifyDef	272	0	1	0	Dark	0	1	1	0	100	0	2048	pikachu	1	0	0	1	1	6	0	2	0	160	1	0	0	Move	0	brn	wikiberry	2	-1	99	1	0	ability:0:swordofruin	undefined	false	2048	2048	2048	6	2
swordofruin	onAnyModifyDef	273	-1	0	70	Ghost	0	0	0	20	20	0	2048	pikachu	0	0	0	0	1	6	0	2	60	0	1	0	true	missing	1	brn	aguavberry	0	0	0	1	1	ability:0:swordofruin	undefined	false	2048	2048	2048	6	0
swordofruin	onAnyModifyDef	274	0	0	61	Ghost	1	0	1	0	-1	1	16384	pikachu	1	0	1	1	0	0	0	2	60	100	0	0	0	Ability	1	psn	wikiberry	2	1	-1	1	1	ability:0:swordofruin|ability:0:swordofruin|chain:0.75	undefined	true	16384	16384	16384	0	0
swordofruin	onAnyModifyDef	275	-1	1	60	Water	1	0	1	20	0	-1	2048	pikachu	1	1	1	0	1	1	1	1	0	160	1	0	undefined	Move	1	psn	wikiberry	2	1	1	0	1	ability:0:swordofruin	undefined	undefined	2048	2048	2048	1	0
swordofruin	onAnyModifyDef	276	1	6	70	Dark	0	0	1	10	100	1	2048	greninjabond	0	0	1	0	0	0	0	2	100	0	1	0	null	missing	1	psn	magoberry	2	0	1	0	1	ability:0:swordofruin|ability:0:swordofruin|chain:0.75	undefined	true	2048	2048	2048	6	0
swordofruin	onAnyModifyDef	277	-1	0	0	Bug	0	0	1	100	-1	1	8	greninjabond	1	1	0	0	0	0	0	0	60	160	0	1	null	Ability	1	brn	magoberry	2	0	0	1	1	ability:0:swordofruin|ability:0:swordofruin|chain:0.75	undefined	true	8	8	8	0	0
swordofruin	onAnyModifyDef	278	6	0	0	Fire	1	0	0	10	20	-1	8192	greninjabond	0	0	1	1	0	-1	0	1	100	0	1	1	null	Move	0	brn	wikiberry	0	-1	-1	1	0	ability:0:swordofruin|chain:0.75	undefined	undefined	8192	8192	8192	0	0
swordofruin	onAnyModifyDef	279	1	1	60	Bug	1	0	0	100	-1	1	8192	greninjaash	1	0	1	1	1	-1	1	2	60	0	0	0	null	Move	1	psn	aguavberry	2	1	1	0	1	ability:0:swordofruin	undefined	true	8192	8192	8192	-1	0
swordofruin	onAnyModifyDef	280	0	1	60	Dark	1	0	0	20	-1	-1	16384	greninjaash	0	1	0	0	1	-1	0	0	100	100	0	1	false	Ability	0	brn	leftovers	2	0	1	0	0	ability:0:swordofruin	undefined	undefined	16384	16384	16384	-1	0
swordofruin	onAnyModifyDef	281	6	1	60	Normal	0	1	0	20	100	0	8192	pikachu	1	1	0	0	1	6	1	0	100	0	1	1	undefined	Move	1	psn	leftovers	1	-1	1	1	1	ability:0:swordofruin	undefined	false	8192	8192	8192	6	2
swordofruin	onAnyModifyDef	282	-1	0	61	Bug	1	0	1	20	20	0	8	greninjaash	1	0	0	1	1	6	0	0	100	0	1	1	undefined	missing	0	brn	leftovers	2	-1	0	1	0	ability:0:swordofruin	undefined	false	8	8	8	6	0
swordofruin	onAnyModifyDef	283	6	1	70	Water	1	0	0	20	-1	0	24576	greninjaash	1	1	0	1	0	6	0	2	0	100	0	1	false	Ability	1	brn	figyberry	1	0	-1	1	0	ability:0:swordofruin|ability:6:swordofruin|chain:0.75	undefined	false	24576	24576	24576	1	0
swordofruin	onAnyModifyDef	284	-1	0	60	Ghost	0	0	0	0	100	1	8	pikachu	1	1	1	1	0	0	0	0	100	0	0	1	false	missing	1	psn	iapapaberry	2	1	99	0	0	ability:0:swordofruin|ability:0:swordofruin|chain:0.75	undefined	true	8	8	8	0	0
swordofruin	onAnyModifyDef	285	1	6	40	Normal	0	1	1	10	-1	-1	8	greninjabond	0	0	0	0	1	6	1	1	0	160	1	1	true	Move	0	brn	sitrusberry	0	1	-1	1	1	ability:0:swordofruin	undefined	undefined	8	8	8	6	2
swordofruin	onAnyModifyDef	286	-1	1	40	Bug	1	1	0	10	-1	-1	16384	greninjabond	0	0	1	1	1	-1	0	2	100	100	1	1	null	Ability	1	psn	sitrusberry	1	1	1	1	1	ability:0:swordofruin	undefined	undefined	16384	16384	16384	-1	2
swordofruin	onAnyModifyDef	287	6	0	40	Fire	0	0	1	20	100	0	24576	greninjabond	1	0	0	1	0	6	1	1	100	100	1	1	0	Ability	1	psn	leftovers	0	1	99	0	0	ability:0:swordofruin|ability:6:swordofruin	undefined	false	24576	24576	24576	6	0
swordofruin	onAnyModifyDef	288	0	0	61	Ghost	1	0	1	100	0	-1	2048	greninjabond	1	1	1	1	0	1	1	2	60	160	0	0	undefined	Move	1	brn	wikiberry	1	-1	0	0	0	ability:0:swordofruin|ability:1:swordofruin	undefined	undefined	2048	2048	2048	1	0
swordofruin	onAnyModifyDef	289	6	6	60	Water	1	0	0	10	-1	1	8	greninjabond	1	0	0	1	1	6	0	2	100	0	1	1	true	missing	0	psn	sitrusberry	1	0	-1	0	1	ability:0:swordofruin	undefined	true	8	8	8	6	0
swordofruin	onAnyModifyDef	290	6	1	40	Ghost	1	1	0	10	100	1	16384	greninjaash	1	1	0	0	1	1	1	1	0	160	1	1	null	Ability	1	psn	aguavberry	2	-1	0	0	1	ability:0:swordofruin	undefined	true	16384	16384	16384	1	2
swordofruin	onAnyModifyDef	291	1	6	40	Normal	1	0	1	100	-1	-1	8	greninjabond	1	1	1	1	1	-1	0	2	100	160	0	1	false	Ability	1	brn	leftovers	0	1	99	1	1	ability:0:swordofruin	undefined	undefined	8	8	8	-1	0
swordofruin	onAnyModifyDef	292	1	1	0	Ghost	1	1	1	100	100	-1	8	greninjabond	0	1	0	0	0	-1	0	2	0	160	0	0	true	Move	1	psn	leftovers	1	0	-1	0	0	ability:0:swordofruin|chain:0.75	undefined	undefined	8	8	8	1	2
swordofruin	onAnyModifyDef	293	6	6	61	Fire	1	0	0	100	0	-1	2048	greninjaash	0	1	1	1	1	0	0	0	0	0	1	0	null	Ability	1	psn	aguavberry	1	0	-1	1	1	ability:0:swordofruin	undefined	undefined	2048	2048	2048	0	0
swordofruin	onAnyModifyDef	294	0	0	0	Dark	1	1	0	10	0	0	24576	pikachu	0	1	0	1	1	0	1	2	60	100	0	1	0	missing	1	brn	figyberry	1	-1	-1	0	1	ability:0:swordofruin	undefined	false	24576	24576	24576	0	2
swordofruin	onAnyModifyDef	295	-1	6	70	Fire	0	0	0	10	20	1	8	pikachu	1	0	1	0	0	1	1	2	100	0	1	1	true	missing	0	brn	figyberry	0	1	99	1	1	ability:0:swordofruin|ability:1:swordofruin	undefined	true	8	8	8	1	0
swordofruin	onAnyModifyDef	296	1	1	40	Fire	0	1	1	0	20	-1	8192	greninjaash	0	0	0	0	0	-1	1	1	100	0	1	1	false	missing	1	brn	magoberry	0	0	-1	0	1	ability:0:swordofruin|chain:0.75	undefined	undefined	8192	8192	8192	1	2
swordofruin	onAnyModifyDef	297	6	0	0	Fire	0	1	0	10	100	0	16384	greninjabond	0	1	0	1	0	6	1	0	100	100	1	0	null	missing	1	brn	magoberry	0	1	0	0	0	ability:0:swordofruin|ability:6:swordofruin	undefined	false	16384	16384	16384	6	2
swordofruin	onAnyModifyDef	298	6	6	70	Bug	1	1	0	100	0	-1	24576	greninjaash	0	1	0	0	0	0	0	1	100	160	1	1	undefined	missing	1	psn	iapapaberry	1	-1	0	1	1	ability:0:swordofruin|ability:0:swordofruin|chain:0.75	undefined	undefined	24576	24576	24576	6	2
swordofruin	onAnyModifyDef	299	0	1	60	Dark	0	0	1	100	20	1	24576	pikachu	0	1	0	0	1	0	0	0	0	100	1	0	false	Move	1	psn	aguavberry	0	0	0	0	0	ability:0:swordofruin	undefined	true	24576	24576	24576	0	0
swordofruin	onAnyModifyDef	300	-1	6	61	Dark	0	1	1	20	100	1	8	pikachu	0	0	1	1	0	-1	1	1	60	160	1	1	true	Ability	0	psn	wikiberry	2	-1	0	1	1	ability:0:swordofruin|chain:0.75	undefined	true	8	8	8	6	2
swordofruin	onAnyModifyDef	301	0	1	60	Water	0	1	0	0	0	0	24576	greninjabond	1	0	1	1	1	6	1	2	60	0	1	0	true	Move	0	psn	iapapaberry	2	0	99	0	1	ability:0:swordofruin	undefined	false	24576	24576	24576	6	2
swordofruin	onAnyModifyDef	302	6	0	70	Bug	1	0	1	10	100	0	8192	greninjaash	0	1	0	1	0	0	0	0	0	0	0	1	undefined	Ability	0	brn	leftovers	2	0	1	1	0	ability:0:swordofruin|ability:0:swordofruin|chain:0.75	undefined	false	8192	8192	8192	0	0
swordofruin	onAnyModifyDef	303	-1	1	61	Bug	0	0	0	100	-1	-1	2048	greninjaash	1	0	0	0	1	0	0	2	60	0	0	0	true	Move	0	brn	wikiberry	1	0	-1	0	0	ability:0:swordofruin	undefined	undefined	2048	2048	2048	0	0
swordofruin	onAnyModifyDef	304	1	1	61	Fire	1	1	0	10	0	0	8192	greninjabond	0	1	0	1	0	0	1	2	0	100	0	0	false	Move	1	brn	aguavberry	1	-1	99	0	1	ability:0:swordofruin|ability:0:swordofruin|chain:0.75	undefined	false	8192	8192	8192	1	2
swordofruin	onAnyModifyDef	305	1	1	40	Ghost	0	0	0	0	0	1	24576	pikachu	1	0	0	0	0	-1	1	2	0	100	1	0	true	missing	0	brn	wikiberry	0	0	99	0	0	ability:0:swordofruin|chain:0.75	undefined	true	24576	24576	24576	1	0
swordofruin	onAnyModifyDef	306	1	1	40	Fire	0	1	0	10	-1	-1	24576	pikachu	0	0	0	0	1	6	1	2	60	160	0	1	true	missing	0	brn	iapapaberry	2	0	0	0	0	ability:0:swordofruin	undefined	undefined	24576	24576	24576	6	2
swordofruin	onAnyModifyDef	307	6	1	0	Dark	0	0	0	0	100	0	8192	pikachu	0	1	1	0	0	1	0	2	60	100	0	0	true	Ability	1	psn	figyberry	0	-1	-1	1	1	ability:0:swordofruin|ability:1:swordofruin|chain:0.75	undefined	false	8192	8192	8192	1	0
swordofruin	onAnyModifyDef	308	1	0	60	Dark	1	0	0	10	0	0	0	greninjabond	1	0	1	0	1	6	1	0	60	0	0	0	true	Ability	0	psn	iapapaberry	1	-1	1	1	1	ability:0:swordofruin	undefined	false	0	0	0	6	0
swordofruin	onAnyModifyDef	309	6	6	61	Water	0	0	0	20	0	0	0	greninjabond	0	1	1	0	0	0	1	0	100	0	1	1	true	missing	1	brn	figyberry	1	-1	99	0	1	ability:0:swordofruin|ability:0:swordofruin|chain:0.75	undefined	false	0	0	0	6	0
swordofruin	onAnyModifyDef	310	-1	6	61	Dark	1	0	1	10	20	0	0	pikachu	0	1	0	1	1	1	0	0	0	100	0	1	null	Move	1	psn	sitrusberry	2	0	-1	0	0	ability:0:swordofruin	undefined	false	0	0	0	1	0
swordofruin	onAnyModifyDef	311	0	6	70	Water	1	0	1	20	100	1	2048	pikachu	0	0	1	1	0	-1	0	2	100	0	1	0	true	Move	0	psn	sitrusberry	2	0	0	0	1	ability:0:swordofruin|chain:0.75	undefined	true	2048	2048	2048	6	0
swordofruin	onAnyModifyDef	312	1	1	61	Dark	0	0	1	20	20	0	24576	pikachu	1	1	1	0	0	6	0	0	60	100	0	1	null	Move	0	psn	leftovers	2	1	1	0	0	ability:0:swordofruin|ability:6:swordofruin|chain:0.75	undefined	false	24576	24576	24576	1	0
swordofruin	onAnyModifyDef	313	1	6	0	Normal	1	1	0	0	20	0	2048	greninjaash	0	1	1	0	0	-1	0	0	0	100	0	0	0	Move	1	psn	aguavberry	2	0	-1	0	0	ability:0:swordofruin|chain:0.75	undefined	false	2048	2048	2048	6	2
swordofruin	onAnyModifyDef	314	0	1	40	Water	0	0	1	100	100	-1	0	greninjabond	0	0	1	0	0	1	1	1	0	160	0	1	null	missing	1	psn	sitrusberry	0	0	0	1	0	ability:0:swordofruin|ability:1:swordofruin|chain:0.75	undefined	undefined	0	0	0	1	0
swordofruin	onAnyModifyDef	315	1	6	61	Bug	0	0	1	0	100	-1	8	greninjaash	0	1	1	1	1	6	0	2	0	160	1	1	undefined	missing	0	psn	sitrusberry	0	0	1	1	0	ability:0:swordofruin	undefined	undefined	8	8	8	6	0
swordofruin	onAnyModifyDef	316	0	6	60	Fire	0	1	1	0	0	-1	0	greninjabond	0	1	0	1	1	6	1	0	60	100	0	1	true	Ability	0	psn	aguavberry	0	0	99	1	0	ability:0:swordofruin	undefined	undefined	0	0	0	6	2
swordofruin	onAnyModifyDef	317	-1	0	0	Ghost	1	1	0	100	100	1	8	greninjaash	0	0	1	0	0	6	0	1	100	160	1	1	false	Move	0	psn	magoberry	2	0	99	0	1	ability:0:swordofruin|ability:6:swordofruin|chain:0.75	undefined	true	8	8	8	0	2
swordofruin	onAnyModifyDef	318	0	6	60	Normal	1	1	1	10	20	-1	8192	greninjabond	1	0	0	1	0	1	1	0	0	0	1	1	undefined	missing	1	brn	magoberry	2	0	1	1	1	ability:0:swordofruin|ability:1:swordofruin	undefined	undefined	8192	8192	8192	1	2
swordofruin	onAnyModifyDef	319	1	1	0	Normal	1	0	0	0	20	1	2048	pikachu	0	0	1	0	0	6	0	2	60	0	0	1	0	Move	0	psn	figyberry	0	0	0	1	0	ability:0:swordofruin|ability:6:swordofruin|chain:0.75	undefined	true	2048	2048	2048	1	0
swordofruin	onAnyModifyDef	320	1	1	70	Ghost	1	0	1	100	0	0	0	greninjaash	0	0	0	1	0	-1	0	0	100	100	1	0	true	Move	0	psn	figyberry	1	-1	0	1	0	ability:0:swordofruin|chain:0.75	undefined	false	0	0	0	1	0
swordofruin	onAnyModifyDef	321	1	0	60	Ghost	0	0	1	0	0	0	24576	greninjaash	0	1	1	1	0	-1	1	1	0	0	0	1	true	missing	1	psn	magoberry	2	0	1	1	0	ability:0:swordofruin|chain:0.75	undefined	false	24576	24576	24576	0	0
swordofruin	onAnyModifyDef	322	-1	1	60	Dark	0	0	1	10	0	-1	8	greninjaash	0	1	1	0	1	-1	0	0	60	0	0	1	undefined	Move	1	brn	sitrusberry	1	1	0	1	1	ability:0:swordofruin	undefined	undefined	8	8	8	-1	0
swordofruin	onAnyModifyDef	323	0	0	0	Water	1	0	0	10	0	1	16384	pikachu	1	1	0	1	1	-1	1	0	60	160	0	0	0	Ability	0	brn	aguavberry	2	-1	0	0	1	ability:0:swordofruin	undefined	true	16384	16384	16384	-1	0
swordofruin	onAnyModifyDef	324	6	6	61	Dark	1	1	1	100	0	-1	16384	greninjabond	1	1	1	0	1	1	0	1	100	160	1	0	undefined	Move	1	psn	wikiberry	1	-1	-1	1	0	ability:0:swordofruin	undefined	undefined	16384	16384	16384	1	2
swordofruin	onAnyModifyDef	325	1	0	40	Dark	0	0	0	10	100	1	2048	pikachu	1	0	1	0	0	0	1	0	60	100	1	0	undefined	Ability	0	psn	leftovers	1	0	1	0	1	ability:0:swordofruin|ability:0:swordofruin|chain:0.75	undefined	true	2048	2048	2048	0	0
swordofruin	onAnyModifyDef	326	1	0	70	Dark	0	1	0	10	-1	0	24576	pikachu	1	0	1	1	1	6	0	0	100	0	1	1	true	Ability	0	psn	sitrusberry	1	1	-1	1	0	ability:0:swordofruin	undefined	false	24576	24576	24576	6	2
swordofruin	onAnyModifyDef	327	1	6	0	Fire	1	0	1	100	-1	0	16384	greninjaash	0	0	0	0	1	1	0	1	100	100	1	1	undefined	missing	0	brn	figyberry	0	1	1	0	1	ability:0:swordofruin	undefined	false	16384	16384	16384	1	0
swordofruin	onAnyModifyDef	328	1	0	70	Bug	1	1	0	0	20	0	16384	greninjaash	1	0	1	0	1	1	0	1	100	160	0	1	null	Ability	0	psn	magoberry	1	1	0	1	1	ability:0:swordofruin	undefined	false	16384	16384	16384	1	2
swordofruin	onAnyModifyDef	329	1	6	61	Dark	1	1	1	100	-1	0	8192	greninjabond	1	0	1	1	1	-1	0	2	0	100	0	1	false	missing	0	brn	magoberry	2	1	99	1	0	ability:0:swordofruin	undefined	false	8192	8192	8192	-1	2
swordofruin	onAnyModifyDef	330	6	1	70	Water	0	1	1	100	-1	-1	8192	greninjabond	0	1	1	0	1	6	1	1	0	0	1	1	undefined	Ability	0	psn	aguavberry	0	1	0	0	1	ability:0:swordofruin	undefined	undefined	8192	8192	8192	6	2
swordofruin	onAnyModifyDef	331	6	1	61	Fire	1	0	1	20	-1	1	2048	greninjabond	1	1	1	0	0	0	1	2	100	0	1	0	null	missing	0	brn	iapapaberry	0	0	99	1	0	ability:0:swordofruin|ability:0:swordofruin|chain:0.75	undefined	true	2048	2048	2048	1	0
swordofruin	onAnyModifyDef	332	0	1	70	Ghost	1	0	0	20	0	0	8192	greninjabond	0	0	1	1	1	1	0	1	0	0	0	1	false	Move	1	psn	aguavberry	0	-1	1	1	0	ability:0:swordofruin	undefined	false	8192	8192	8192	1	0
swordofruin	onAnyModifyDef	333	-1	1	0	Bug	0	1	0	20	100	-1	2048	greninjabond	0	1	0	1	0	6	0	0	0	0	0	0	true	missing	1	brn	leftovers	0	0	1	1	1	ability:0:swordofruin|ability:6:swordofruin|chain:0.75	undefined	undefined	2048	2048	2048	1	2
swordofruin	onAnyModifyDef	334	6	0	61	Water	0	1	0	10	0	-1	16384	greninjaash	1	1	1	1	1	-1	0	0	0	100	1	1	null	missing	1	brn	wikiberry	0	1	1	0	0	ability:0:swordofruin	undefined	undefined	16384	16384	16384	-1	2
swordofruin	onAnyModifyDef	335	6	6	0	Dark	0	0	0	10	100	0	2048	greninjaash	1	1	1	1	0	0	0	2	100	100	1	0	true	Move	0	brn	figyberry	1	0	1	1	0	ability:0:swordofruin|ability:0:swordofruin|chain:0.75	undefined	false	2048	2048	2048	6	0
swordofruin	onAnyModifyDef	336	6	6	61	Water	0	0	1	10	-1	1	0	greninjaash	0	1	1	0	1	6	0	0	0	160	1	0	null	Ability	1	psn	sitrusberry	2	-1	-1	1	1	ability:0:swordofruin	undefined	true	0	0	0	6	0
swordofruin	onAnyModifyDef	337	0	1	40	Normal	1	0	1	100	100	-1	2048	greninjaash	0	1	1	0	1	-1	1	0	60	100	0	0	false	missing	1	brn	figyberry	1	1	0	1	0	ability:0:swordofruin	undefined	undefined	2048	2048	2048	-1	0
swordofruin	onAnyModifyDef	338	6	1	0	Ghost	0	1	0	10	20	0	0	pikachu	1	1	0	0	0	0	1	1	0	100	1	1	undefined	Move	1	brn	leftovers	2	1	0	1	0	ability:0:swordofruin|ability:0:swordofruin|chain:0.75	undefined	false	0	0	0	1	2
swordofruin	onAnyModifyDef	339	1	1	61	Dark	1	0	0	20	-1	1	0	pikachu	1	1	0	0	1	1	1	1	60	100	1	1	undefined	Move	0	psn	figyberry	1	0	1	1	1	ability:0:swordofruin	undefined	true	0	0	0	1	0
swordofruin	onAnyModifyDef	340	6	6	60	Ghost	0	0	1	10	0	1	24576	greninjaash	1	1	0	1	1	1	0	1	100	0	0	0	false	missing	1	psn	magoberry	2	0	99	0	1	ability:0:swordofruin	undefined	true	24576	24576	24576	1	0
swordofruin	onAnyModifyDef	341	1	6	60	Normal	1	0	1	0	20	-1	8	greninjabond	0	0	0	1	1	0	1	1	100	100	0	0	undefined	Move	0	brn	leftovers	2	0	0	1	1	ability:0:swordofruin	undefined	undefined	8	8	8	0	0
swordofruin	onAnyModifyDef	342	0	0	60	Fire	0	0	0	10	100	-1	8	greninjabond	1	1	1	1	0	-1	1	0	60	0	0	1	null	missing	1	psn	magoberry	1	1	0	1	1	ability:0:swordofruin|chain:0.75	undefined	undefined	8	8	8	0	0
swordofruin	onAnyModifyDef	343	-1	1	70	Bug	0	1	0	0	20	1	2048	greninjaash	1	1	0	1	1	-1	1	1	0	100	0	1	true	missing	1	brn	aguavberry	0	1	99	1	0	ability:0:swordofruin	undefined	true	2048	2048	2048	-1	2
swordofruin	onAnyModifyDef	344	6	1	70	Bug	1	0	0	20	100	-1	8	pikachu	0	1	0	1	1	0	1	0	100	0	1	1	null	Move	1	psn	aguavberry	1	0	99	1	0	ability:0:swordofruin	undefined	undefined	8	8	8	0	0
swordofruin	onAnyModifyDef	345	0	1	60	Bug	0	1	1	20	-1	0	8192	greninjaash	0	0	1	0	1	-1	1	2	0	0	0	0	null	missing	0	psn	sitrusberry	0	1	99	0	0	ability:0:swordofruin	undefined	false	8192	8192	8192	-1	2
swordofruin	onAnyModifyDef	346	1	0	70	Bug	1	0	0	100	100	1	8	greninjaash	1	0	0	0	1	-1	0	0	60	160	1	1	null	Ability	1	psn	leftovers	1	-1	0	0	0	ability:0:swordofruin	undefined	true	8	8	8	-1	0
swordofruin	onAnyModifyDef	347	0	0	70	Bug	0	0	0	100	20	0	0	greninjaash	0	1	1	1	1	6	1	0	0	100	0	1	false	missing	0	psn	iapapaberry	1	-1	0	0	1	ability:0:swordofruin	undefined	false	0	0	0	6	0
swordofruin	onAnyModifyDef	348	0	1	0	Dark	1	1	1	0	0	1	8	greninjabond	1	1	1	0	0	0	0	1	100	160	1	1	0	missing	0	psn	magoberry	0	1	-1	0	1	ability:0:swordofruin|ability:0:swordofruin|chain:0.75	undefined	true	8	8	8	1	2
swordofruin	onAnyModifyDef	349	6	6	40	Ghost	0	1	1	20	20	0	2048	greninjaash	1	1	0	0	1	6	1	1	0	160	0	1	false	Move	1	psn	figyberry	2	1	0	1	1	ability:0:swordofruin	undefined	false	2048	2048	2048	6	2
swordofruin	onAnyModifyDef	350	1	6	61	Normal	0	0	1	10	20	0	8192	greninjaash	1	0	0	0	1	0	0	0	60	160	0	0	undefined	Ability	0	brn	leftovers	0	1	99	0	1	ability:0:swordofruin	undefined	false	8192	8192	8192	0	0
swordofruin	onAnyModifyDef	351	0	0	70	Water	0	1	1	100	-1	1	8	pikachu	1	1	1	0	1	-1	1	1	100	0	1	1	false	missing	1	psn	leftovers	0	1	99	0	1	ability:0:swordofruin	undefined	true	8	8	8	-1	2
swordofruin	onAnyModifyDef	352	6	1	40	Normal	0	1	0	100	-1	1	8	greninjaash	1	0	1	0	1	1	1	2	0	160	0	0	true	Ability	1	psn	iapapaberry	1	1	1	1	0	ability:0:swordofruin	undefined	true	8	8	8	1	2
swordofruin	onAnyModifyDef	353	0	1	61	Ghost	1	0	1	20	20	0	16384	greninjabond	1	1	0	0	0	-1	0	1	60	160	1	1	0	Ability	1	brn	iapapaberry	0	-1	-1	0	0	ability:0:swordofruin|chain:0.75	undefined	false	16384	16384	16384	1	0
swordofruin	onAnyModifyDef	354	0	0	0	Ghost	1	0	0	10	0	0	8	pikachu	1	0	0	0	0	1	1	1	0	160	0	1	0	Move	0	brn	aguavberry	2	1	0	1	1	ability:0:swordofruin|ability:1:swordofruin	undefined	false	8	8	8	1	0
swordofruin	onAnyModifyDef	355	6	6	40	Normal	0	0	1	100	100	1	16384	greninjaash	0	1	0	0	0	0	1	1	100	160	1	0	true	missing	0	brn	leftovers	1	-1	99	1	0	ability:0:swordofruin|ability:0:swordofruin|chain:0.75	undefined	true	16384	16384	16384	6	0
swordofruin	onAnyModifyDef	356	-1	6	60	Ghost	0	1	0	100	-1	1	16384	greninjaash	0	0	1	1	0	0	1	2	100	100	0	0	false	Move	0	psn	leftovers	1	1	0	0	0	ability:0:swordofruin|ability:0:swordofruin|chain:0.75	undefined	true	16384	16384	16384	6	2
swordofruin	onAnyModifyDef	357	0	1	0	Water	0	0	1	100	20	1	8192	greninjaash	0	0	0	0	1	0	0	2	0	160	0	1	0	missing	0	psn	aguavberry	2	0	-1	0	0	ability:0:swordofruin	undefined	true	8192	8192	8192	0	0
swordofruin	onAnyModifyDef	358	6	6	70	Ghost	0	1	1	20	20	-1	0	pikachu	1	0	0	0	0	0	1	0	100	160	0	0	undefined	Ability	1	psn	aguavberry	1	0	0	1	0	ability:0:swordofruin|ability:0:swordofruin|chain:0.75	undefined	undefined	0	0	0	6	2
swordofruin	onAnyModifyDef	359	0	6	70	Dark	0	1	0	10	0	0	8192	pikachu	0	1	1	0	0	6	1	1	60	100	0	0	undefined	Ability	1	psn	leftovers	2	0	-1	1	0	ability:0:swordofruin|ability:6:swordofruin|chain:0.75	undefined	false	8192	8192	8192	6	2
swordofruin	onAnyModifyDef	360	6	1	0	Normal	1	1	1	0	100	0	24576	pikachu	0	0	1	1	1	-1	1	2	0	0	1	1	undefined	Move	0	psn	figyberry	2	-1	0	0	0	ability:0:swordofruin	undefined	false	24576	24576	24576	-1	2
swordofruin	onAnyModifyDef	361	-1	0	60	Fire	1	1	0	10	0	1	8	greninjabond	0	0	0	1	0	-1	1	1	0	0	1	1	undefined	missing	0	brn	figyberry	0	1	1	0	0	ability:0:swordofruin|chain:0.75	undefined	true	8	8	8	0	2
swordofruin	onAnyModifyDef	362	-1	0	61	Water	1	1	1	100	20	1	0	greninjaash	1	1	1	0	1	0	1	2	0	160	0	1	undefined	missing	1	psn	magoberry	1	1	0	0	0	ability:0:swordofruin	undefined	true	0	0	0	0	2
swordofruin	onAnyModifyDef	363	1	0	60	Bug	0	0	0	0	100	0	2048	pikachu	0	1	0	0	1	1	0	1	60	0	0	0	false	Move	1	brn	aguavberry	0	0	1	1	1	ability:0:swordofruin	undefined	false	2048	2048	2048	1	0
swordofruin	onAnyModifyDef	364	1	0	60	Ghost	1	0	1	20	-1	-1	2048	greninjaash	1	0	0	0	0	-1	1	0	100	160	0	1	undefined	missing	0	psn	leftovers	0	-1	1	0	0	ability:0:swordofruin|chain:0.75	undefined	undefined	2048	2048	2048	0	0
swordofruin	onAnyModifyDef	365	6	1	60	Bug	1	1	1	10	-1	1	2048	pikachu	0	1	0	1	0	-1	1	1	60	160	0	0	undefined	Move	0	brn	magoberry	1	0	-1	0	0	ability:0:swordofruin|chain:0.75	undefined	true	2048	2048	2048	1	2
swordofruin	onAnyModifyDef	366	-1	1	61	Water	1	1	1	20	-1	1	8192	greninjaash	0	0	0	0	1	1	1	1	0	160	0	0	false	missing	0	brn	figyberry	1	1	99	1	0	ability:0:swordofruin	undefined	true	8192	8192	8192	1	2
swordofruin	onAnyModifyDef	367	1	0	61	Dark	1	1	1	0	20	1	8	greninjabond	0	1	0	1	1	1	1	1	60	100	1	0	true	Move	1	brn	magoberry	1	-1	-1	1	1	ability:0:swordofruin	undefined	true	8	8	8	1	2
swordofruin	onAnyModifyDef	368	6	6	70	Normal	1	0	0	10	-1	1	16384	pikachu	1	1	0	0	0	1	0	1	100	160	1	0	undefined	missing	0	psn	aguavberry	2	1	-1	0	1	ability:0:swordofruin|ability:1:swordofruin|chain:0.75	undefined	true	16384	16384	16384	6	0
swordofruin	onAnyModifyDef	369	-1	1	60	Bug	0	0	0	10	20	-1	0	pikachu	0	1	0	1	0	-1	0	0	100	100	1	0	undefined	Ability	0	psn	sitrusberry	1	1	99	1	0	ability:0:swordofruin|chain:0.75	undefined	undefined	0	0	0	1	0
swordofruin	onAnyModifyDef	370	6	6	0	Fire	1	1	1	10	100	0	24576	greninjabond	1	1	1	0	0	-1	0	1	100	0	0	1	0	Move	1	brn	aguavberry	1	1	0	0	0	ability:0:swordofruin|chain:0.75	undefined	false	24576	24576	24576	6	2
swordofruin	onAnyModifyDef	371	0	6	40	Ghost	0	0	1	0	0	-1	24576	greninjaash	1	1	1	1	1	6	0	0	100	100	1	1	undefined	Move	1	brn	magoberry	0	0	-1	0	0	ability:0:swordofruin	undefined	undefined	24576	24576	24576	6	0
swordofruin	onAnyModifyDef	372	-1	1	61	Fire	1	1	1	10	-1	0	0	greninjaash	0	1	1	1	0	-1	1	1	100	0	1	0	false	missing	1	psn	leftovers	2	1	99	0	1	ability:0:swordofruin|chain:0.75	undefined	false	0	0	0	1	2
swordofruin	onAnyModifyDef	373	-1	0	70	Ghost	0	0	1	20	-1	1	2048	pikachu	1	0	0	1	0	1	0	0	100	100	1	0	false	Move	1	psn	aguavberry	1	0	-1	0	0	ability:0:swordofruin|ability:1:swordofruin|chain:0.75	undefined	true	2048	2048	2048	0	0
swordofruin	onAnyModifyDef	374	0	1	0	Normal	1	0	1	20	0	1	0	greninjaash	0	1	1	0	1	1	0	1	0	160	1	0	true	missing	0	psn	wikiberry	2	1	0	0	1	ability:0:swordofruin	undefined	true	0	0	0	1	0
swordofruin	onAnyModifyDef	375	6	6	61	Normal	1	1	0	20	-1	1	8192	greninjaash	0	1	1	1	1	0	1	1	0	160	1	1	undefined	Move	1	brn	wikiberry	0	0	0	0	0	ability:0:swordofruin	undefined	true	8192	8192	8192	0	2
swordofruin	onAnyModifyDef	376	-1	1	60	Bug	0	0	0	20	0	0	0	greninjaash	0	0	1	1	0	6	0	1	0	160	0	1	0	missing	0	psn	iapapaberry	0	0	99	0	1	ability:0:swordofruin|ability:6:swordofruin|chain:0.75	undefined	false	0	0	0	1	0
swordofruin	onAnyModifyDef	377	-1	0	40	Bug	1	1	0	0	100	-1	0	greninjabond	1	0	0	0	1	-1	1	2	60	160	1	0	true	Move	1	psn	iapapaberry	2	-1	0	1	0	ability:0:swordofruin	undefined	undefined	0	0	0	-1	2
swordofruin	onAnyModifyDef	378	1	6	60	Fire	1	1	1	100	0	-1	24576	greninjabond	1	0	1	0	0	1	1	0	0	0	0	1	null	missing	0	psn	iapapaberry	0	0	0	1	1	ability:0:swordofruin|ability:1:swordofruin	undefined	undefined	24576	24576	24576	1	2
swordofruin	onAnyModifyDef	379	6	1	60	Dark	1	0	0	10	-1	1	8192	pikachu	1	1	0	1	0	-1	0	0	100	160	1	0	0	Ability	1	psn	iapapaberry	0	1	99	1	1	ability:0:swordofruin|chain:0.75	undefined	true	8192	8192	8192	1	0
swordofruin	onAnyModifyDef	380	1	6	70	Dark	0	1	0	0	-1	-1	24576	pikachu	1	1	1	0	0	6	0	1	60	160	0	1	false	Ability	1	brn	wikiberry	2	0	-1	0	1	ability:0:swordofruin|ability:6:swordofruin|chain:0.75	undefined	undefined	24576	24576	24576	6	2
swordofruin	onAnyModifyDef	381	1	0	61	Fire	1	1	0	0	-1	0	8	greninjabond	0	1	1	1	0	-1	1	0	0	0	1	1	0	Ability	0	psn	magoberry	1	-1	99	1	0	ability:0:swordofruin|chain:0.75	undefined	false	8	8	8	0	2
swordofruin	onAnyModifyDef	382	6	0	61	Fire	1	0	0	20	100	0	2048	greninjabond	0	1	1	0	0	6	1	0	0	100	1	0	false	Ability	1	brn	iapapaberry	1	-1	99	1	1	ability:0:swordofruin|ability:6:swordofruin	undefined	false	2048	2048	2048	6	0
swordofruin	onAnyModifyDef	383	6	6	61	Normal	1	1	0	10	0	1	8	pikachu	1	1	0	0	0	-1	0	0	0	160	0	1	true	missing	0	psn	iapapaberry	2	1	1	1	1	ability:0:swordofruin|chain:0.75	undefined	true	8	8	8	6	2
swordofruin	onAnyModifyDef	384	-1	6	70	Water	1	1	1	100	20	-1	16384	greninjaash	1	0	1	0	0	0	0	2	100	100	1	0	true	Ability	1	psn	iapapaberry	2	1	1	0	0	ability:0:swordofruin|ability:0:swordofruin|chain:0.75	undefined	undefined	16384	16384	16384	6	2
swordofruin	onAnyModifyDef	385	6	0	60	Fire	1	0	0	0	-1	-1	8	greninjabond	0	1	0	0	1	-1	0	1	60	160	1	0	null	Move	0	brn	iapapaberry	1	1	1	1	0	ability:0:swordofruin	undefined	undefined	8	8	8	-1	0
swordofruin	onAnyModifyDef	386	1	1	61	Normal	0	0	1	10	-1	0	2048	greninjabond	0	0	0	0	1	0	1	0	60	0	1	1	true	missing	1	brn	iapapaberry	1	0	0	0	1	ability:0:swordofruin	undefined	false	2048	2048	2048	0	0
swordofruin	onAnyModifyDef	387	1	1	70	Normal	1	0	0	20	-1	0	8192	greninjaash	1	1	1	0	1	0	0	1	60	0	0	0	0	Ability	1	psn	leftovers	0	0	0	1	0	ability:0:swordofruin	undefined	false	8192	8192	8192	0	0
swordofruin	onAnyModifyDef	388	-1	1	61	Normal	1	0	1	100	-1	0	24576	pikachu	1	0	0	1	0	6	0	0	100	160	1	0	true	Ability	1	brn	wikiberry	0	1	0	1	1	ability:0:swordofruin|ability:6:swordofruin|chain:0.75	undefined	false	24576	24576	24576	1	0
swordofruin	onAnyModifyDef	389	-1	1	0	Normal	1	1	0	10	-1	0	2048	greninjaash	1	0	1	0	1	1	1	2	0	0	1	1	false	Ability	1	brn	aguavberry	1	-1	99	1	0	ability:0:swordofruin	undefined	false	2048	2048	2048	1	2
swordofruin	onAnyModifyDef	390	-1	6	61	Normal	1	1	0	20	20	1	8	greninjabond	0	0	1	0	1	6	1	1	100	0	1	0	0	missing	0	psn	sitrusberry	2	-1	0	0	0	ability:0:swordofruin	undefined	true	8	8	8	6	2
swordofruin	onAnyModifyDef	391	-1	1	61	Bug	0	1	1	100	20	-1	2048	greninjabond	1	1	1	1	1	6	0	1	0	160	1	0	true	Ability	0	psn	wikiberry	1	0	1	1	0	ability:0:swordofruin	undefined	undefined	2048	2048	2048	6	2
swordofruin	onAnyModifyDef	392	-1	1	0	Normal	0	1	0	0	0	-1	24576	greninjaash	1	1	0	1	0	1	1	2	100	160	1	1	true	missing	1	psn	iapapaberry	0	-1	0	0	0	ability:0:swordofruin|ability:1:swordofruin|chain:0.75	undefined	undefined	24576	24576	24576	1	2
swordofruin	onAnyModifyDef	393	6	1	60	Normal	0	0	0	0	100	0	16384	pikachu	0	0	0	1	1	-1	0	0	60	160	0	1	0	Move	1	brn	iapapaberry	2	-1	-1	0	0	ability:0:swordofruin	undefined	false	16384	16384	16384	-1	0
swordofruin	onAnyModifyDef	394	0	6	60	Dark	0	0	0	100	20	1	8	greninjabond	0	0	0	0	0	6	0	1	100	0	1	1	undefined	Move	1	psn	figyberry	2	0	0	1	0	ability:0:swordofruin|ability:6:swordofruin|chain:0.75	undefined	true	8	8	8	6	0
swordofruin	onAnyModifyDef	395	0	6	60	Bug	1	0	1	20	20	-1	8	greninjaash	0	1	0	0	1	1	0	1	100	0	1	1	null	Move	1	brn	figyberry	0	0	-1	0	1	ability:0:swordofruin	undefined	undefined	8	8	8	1	0
swordofruin	onAnyModifyDef	396	1	1	61	Normal	0	0	0	20	20	-1	8192	pikachu	0	1	1	0	1	6	0	0	100	0	1	0	0	Move	1	brn	leftovers	0	1	1	1	0	ability:0:swordofruin	undefined	undefined	8192	8192	8192	6	0
swordofruin	onAnyModifyDef	397	0	0	61	Bug	0	0	0	100	0	1	8192	pikachu	1	1	1	0	1	-1	0	2	60	160	1	0	true	Move	0	brn	leftovers	0	0	1	1	0	ability:0:swordofruin	undefined	true	8192	8192	8192	-1	0
swordofruin	onAnyModifyDef	398	0	1	70	Ghost	1	1	0	20	20	1	16384	greninjabond	0	0	0	0	0	-1	0	2	0	0	0	0	false	Move	0	brn	figyberry	0	1	99	1	1	ability:0:swordofruin|chain:0.75	undefined	true	16384	16384	16384	1	2
swordofruin	onAnyModifyDef	399	0	1	61	Fire	0	1	0	20	-1	0	0	greninjabond	1	1	0	1	1	1	0	0	60	100	0	0	0	Move	0	brn	wikiberry	2	0	99	0	1	ability:0:swordofruin	undefined	false	0	0	0	1	2
swordofruin	onAnyModifyDef	400	-1	0	60	Water	1	0	0	10	20	0	8192	greninjaash	0	1	1	0	0	-1	1	2	60	160	0	1	true	missing	1	psn	sitrusberry	1	0	-1	0	1	ability:0:swordofruin|chain:0.75	undefined	false	8192	8192	8192	0	0
swordofruin	onAnyModifyDef	401	6	6	60	Normal	1	1	1	100	-1	1	8	greninjaash	1	1	1	1	0	-1	1	0	100	100	0	1	0	Ability	0	psn	iapapaberry	2	1	1	0	0	ability:0:swordofruin|chain:0.75	undefined	true	8	8	8	6	2
swordofruin	onAnyModifyDef	402	-1	0	0	Normal	0	1	0	10	0	-1	8192	greninjabond	0	1	0	0	1	1	1	1	100	0	1	1	null	missing	0	brn	sitrusberry	2	-1	0	0	0	ability:0:swordofruin	undefined	undefined	8192	8192	8192	1	2
swordofruin	onAnyModifyDef	403	6	6	40	Fire	0	1	0	100	100	0	24576	greninjaash	0	0	0	1	0	6	0	1	0	100	0	1	null	missing	0	brn	iapapaberry	1	-1	99	1	0	ability:0:swordofruin|ability:6:swordofruin|chain:0.75	undefined	false	24576	24576	24576	6	2
swordofruin	onAnyModifyDef	404	0	6	60	Normal	1	1	0	20	20	1	8192	greninjabond	1	1	0	1	1	1	1	0	0	100	0	1	null	missing	0	brn	sitrusberry	0	-1	99	1	0	ability:0:swordofruin	undefined	true	8192	8192	8192	1	2
swordofruin	onAnyModifyDef	405	6	0	60	Dark	1	1	0	0	0	-1	0	greninjabond	0	0	1	1	1	1	1	1	100	100	1	0	false	Ability	0	psn	aguavberry	2	0	1	0	0	ability:0:swordofruin	undefined	undefined	0	0	0	1	2
swordofruin	onAnyModifyDef	406	1	6	61	Bug	0	1	1	20	-1	-1	0	pikachu	1	1	0	0	1	0	1	0	100	160	0	0	undefined	Move	1	psn	iapapaberry	0	1	0	0	1	ability:0:swordofruin	undefined	undefined	0	0	0	0	2
swordofruin	onAnyModifyDef	407	0	6	0	Fire	0	1	1	0	0	0	2048	pikachu	0	1	0	0	0	0	0	1	100	100	1	1	0	missing	0	brn	figyberry	2	-1	99	1	0	ability:0:swordofruin|ability:0:swordofruin|chain:0.75	undefined	false	2048	2048	2048	6	2
swordofruin	onAnyModifyDef	408	-1	0	70	Normal	0	1	1	100	0	-1	8	greninjabond	1	0	1	1	0	0	1	2	0	160	1	0	false	Move	1	psn	wikiberry	2	-1	99	1	1	ability:0:swordofruin|ability:0:swordofruin|chain:0.75	undefined	undefined	8	8	8	0	2
swordofruin	onAnyModifyDef	409	1	6	40	Fire	1	0	1	100	20	1	0	greninjaash	0	0	1	1	0	-1	0	1	100	160	0	0	undefined	Move	0	brn	sitrusberry	0	0	99	0	0	ability:0:swordofruin|chain:0.75	undefined	true	0	0	0	6	0
swordofruin	onAnyModifyDef	410	6	6	40	Ghost	0	1	0	100	-1	-1	0	pikachu	0	1	1	0	0	-1	1	0	100	160	0	0	true	Move	1	psn	iapapaberry	1	0	1	0	1	ability:0:swordofruin|chain:0.75	undefined	undefined	0	0	0	6	2
swordofruin	onAnyModifyDef	411	1	1	40	Fire	0	1	1	100	0	-1	2048	greninjaash	0	0	1	0	1	-1	1	1	0	160	1	0	undefined	missing	0	psn	sitrusberry	0	0	0	0	1	ability:0:swordofruin	undefined	undefined	2048	2048	2048	-1	2
swordofruin	onAnyModifyDef	412	6	0	61	Water	1	1	1	10	20	-1	2048	pikachu	0	0	0	0	1	1	1	2	100	160	1	0	false	Ability	0	brn	leftovers	1	-1	-1	1	1	ability:0:swordofruin	undefined	undefined	2048	2048	2048	1	2
swordofruin	onAnyModifyDef	413	0	0	0	Fire	1	0	0	20	0	-1	0	greninjaash	1	1	1	1	0	-1	0	2	100	100	0	0	0	missing	1	psn	figyberry	1	1	0	0	0	ability:0:swordofruin|chain:0.75	undefined	undefined	0	0	0	0	0
swordofruin	onAnyModifyDef	414	6	0	60	Dark	0	0	1	20	0	1	8192	pikachu	1	1	0	0	0	0	1	0	100	160	0	0	false	missing	0	brn	iapapaberry	2	0	99	0	0	ability:0:swordofruin|ability:0:swordofruin|chain:0.75	undefined	true	8192	8192	8192	0	0
swordofruin	onAnyModifyDef	415	1	0	61	Normal	1	1	0	100	20	-1	0	pikachu	0	1	1	0	1	-1	0	2	60	0	0	0	true	Move	0	brn	figyberry	0	-1	-1	1	1	ability:0:swordofruin	undefined	undefined	0	0	0	-1	2
swordofruin	onAnyModifyDef	416	-1	0	60	Normal	0	1	0	0	100	1	24576	greninjabond	0	0	0	0	1	6	0	1	100	0	1	1	false	Move	0	psn	wikiberry	0	0	1	1	1	ability:0:swordofruin	undefined	true	24576	24576	24576	6	2
swordofruin	onAnyModifyDef	417	1	1	60	Fire	0	1	1	20	0	-1	0	greninjaash	0	1	1	0	0	-1	1	2	100	0	0	0	true	missing	1	brn	magoberry	1	-1	0	1	0	ability:0:swordofruin|chain:0.75	undefined	undefined	0	0	0	1	2
swordofruin	onAnyModifyDef	418	1	0	70	Water	0	0	1	20	20	-1	24576	pikachu	0	0	1	1	0	6	0	0	100	0	0	0	true	Move	0	brn	magoberry	1	0	1	1	0	ability:0:swordofruin|ability:6:swordofruin|chain:0.75	undefined	undefined	24576	24576	24576	0	0
swordofruin	onAnyModifyDef	419	0	6	61	Ghost	0	1	0	0	0	-1	16384	pikachu	0	0	0	0	0	0	1	0	60	160	1	0	0	Move	0	psn	magoberry	2	1	-1	0	0	ability:0:swordofruin|ability:0:swordofruin|chain:0.75	undefined	undefined	16384	16384	16384	6	2
swordofruin	onAnyModifyDef	420	0	6	70	Water	0	0	0	0	20	-1	2048	greninjabond	1	0	1	1	1	0	1	1	60	0	1	1	false	Ability	0	brn	sitrusberry	2	0	0	1	1	ability:0:swordofruin	undefined	undefined	2048	2048	2048	0	0
swordofruin	onAnyModifyDef	421	1	0	61	Normal	0	1	1	0	100	1	8192	greninjabond	1	0	0	0	0	1	1	1	60	0	0	1	true	Move	0	brn	magoberry	1	-1	0	0	0	ability:0:swordofruin|ability:1:swordofruin	undefined	true	8192	8192	8192	1	2
swordofruin	onAnyModifyDef	422	-1	6	61	Bug	0	0	1	20	100	0	2048	greninjaash	1	0	1	0	0	1	0	1	100	0	1	0	undefined	missing	0	psn	wikiberry	0	-1	0	1	0	ability:0:swordofruin|ability:1:swordofruin|chain:0.75	undefined	false	2048	2048	2048	6	0
swordofruin	onAnyModifyDef	423	6	1	61	Normal	1	1	1	20	-1	-1	16384	greninjabond	0	1	0	1	1	6	0	0	0	100	0	0	null	Move	1	psn	magoberry	2	-1	-1	0	0	ability:0:swordofruin	undefined	undefined	16384	16384	16384	6	2
swordofruin	onAnyModifyDef	424	0	0	40	Normal	1	0	0	10	-1	1	0	greninjaash	1	1	1	1	1	0	0	2	60	160	0	0	true	missing	0	psn	magoberry	2	1	0	1	0	ability:0:swordofruin	undefined	true	0	0	0	0	0
swordofruin	onAnyModifyDef	425	1	6	61	Bug	1	0	1	20	20	-1	8192	greninjaash	1	0	1	0	1	-1	0	2	0	0	0	1	null	missing	0	psn	sitrusberry	2	-1	1	1	1	ability:0:swordofruin	undefined	undefined	8192	8192	8192	-1	0
swordofruin	onAnyModifyDef	426	1	6	60	Ghost	0	0	1	0	100	1	16384	greninjabond	1	0	1	1	1	1	1	0	60	160	0	0	undefined	Move	0	brn	magoberry	1	-1	1	0	0	ability:0:swordofruin	undefined	true	16384	16384	16384	1	0
swordofruin	onAnyModifyDef	427	-1	6	60	Normal	1	1	0	0	-1	-1	0	pikachu	1	0	1	1	0	1	1	1	60	0	0	1	undefined	Move	0	brn	leftovers	1	1	1	1	1	ability:0:swordofruin|ability:1:swordofruin	undefined	undefined	0	0	0	1	2
swordofruin	onAnyModifyDef	428	6	0	60	Bug	1	0	0	100	20	0	2048	greninjabond	1	1	0	0	1	0	0	0	60	0	0	0	false	Ability	1	brn	leftovers	1	0	1	0	0	ability:0:swordofruin	undefined	false	2048	2048	2048	0	0
swordofruin	onAnyModifyDef	429	-1	6	70	Ghost	1	0	1	10	100	0	0	greninjabond	0	1	0	0	0	-1	0	0	100	0	0	1	undefined	missing	1	brn	aguavberry	0	1	-1	1	0	ability:0:swordofruin|chain:0.75	undefined	false	0	0	0	6	0
swordofruin	onAnyModifyDef	430	1	6	70	Ghost	0	1	0	20	20	-1	0	greninjaash	1	0	1	0	1	1	1	0	60	0	1	0	null	Ability	1	psn	iapapaberry	0	0	99	0	1	ability:0:swordofruin	undefined	undefined	0	0	0	1	2
swordofruin	onAnyModifyDef	431	6	6	61	Dark	1	1	1	0	0	1	8192	pikachu	0	1	1	1	0	1	1	0	60	160	1	1	0	Move	1	psn	aguavberry	0	0	0	1	1	ability:0:swordofruin|ability:1:swordofruin	undefined	true	8192	8192	8192	1	2
swordofruin	onAnyModifyDef	432	0	6	70	Water	0	0	1	20	100	0	2048	greninjabond	1	0	1	0	1	1	0	2	0	160	1	1	null	missing	0	psn	magoberry	1	-1	-1	1	0	ability:0:swordofruin	undefined	false	2048	2048	2048	1	0
swordofruin	onAnyModifyDef	433	0	1	61	Water	1	1	1	10	100	1	16384	greninjabond	0	1	1	1	1	0	0	1	100	0	0	1	null	Move	1	psn	iapapaberry	1	0	-1	1	1	ability:0:swordofruin	undefined	true	16384	16384	16384	0	2
swordofruin	onAnyModifyDef	434	0	0	0	Normal	1	0	1	20	0	0	16384	greninjabond	1	1	1	1	0	-1	0	2	0	160	1	0	0	missing	1	psn	aguavberry	0	-1	1	1	1	ability:0:swordofruin|chain:0.75	undefined	false	16384	16384	16384	0	0
swordofruin	onAnyModifyDef	435	1	1	0	Bug	1	1	1	10	20	0	0	greninjaash	1	0	0	1	1	6	1	2	60	0	1	1	true	missing	0	brn	aguavberry	0	1	0	0	0	ability:0:swordofruin	undefined	false	0	0	0	6	2
swordofruin	onAnyModifyDef	436	0	1	61	Normal	0	1	1	20	100	0	8	greninjabond	0	1	0	1	0	-1	0	2	100	100	1	1	false	Ability	1	brn	sitrusberry	2	-1	99	0	0	ability:0:swordofruin|chain:0.75	undefined	false	8	8	8	1	2
swordofruin	onAnyModifyDef	437	1	1	40	Fire	1	1	1	100	100	0	8192	greninjaash	1	0	0	1	1	1	0	0	100	160	0	0	false	Move	0	psn	figyberry	0	-1	-1	1	0	ability:0:swordofruin	undefined	false	8192	8192	8192	1	2
swordofruin	onAnyModifyDef	438	6	6	61	Bug	0	1	0	20	-1	1	8	greninjaash	1	0	1	0	0	6	1	1	0	160	1	0	true	missing	0	brn	sitrusberry	1	1	0	1	1	ability:0:swordofruin|ability:6:swordofruin|chain:0.75	undefined	true	8	8	8	6	2
swordofruin	onAnyModifyDef	439	-1	0	61	Dark	0	1	0	100	20	1	24576	greninjaash	1	1	0	0	1	0	1	2	100	100	0	1	0	Move	1	brn	figyberry	0	1	1	1	0	ability:0:swordofruin	undefined	true	24576	24576	24576	0	2
swordofruin	onAnyModifyDef	440	0	0	0	Bug	1	1	0	100	-1	0	2048	greninjaash	0	0	0	1	1	-1	1	0	100	100	1	0	null	Move	1	brn	figyberry	1	0	99	1	1	ability:0:swordofruin	undefined	false	2048	2048	2048	-1	2
swordofruin	onAnyModifyDef	441	0	0	0	Fire	0	0	1	10	-1	0	8	pikachu	1	0	0	1	1	0	1	2	100	100	1	1	false	Move	0	brn	aguavberry	1	-1	0	1	1	ability:0:swordofruin	undefined	false	8	8	8	0	0
swordofruin	onAnyModifyDef	442	-1	6	40	Dark	1	1	0	0	20	0	8	greninjaash	1	1	0	1	1	6	0	0	60	0	1	0	0	Ability	0	brn	iapapaberry	1	1	1	0	1	ability:0:swordofruin	undefined	false	8	8	8	6	2
swordofruin	onAnyModifyDef	443	0	6	40	Ghost	1	1	0	10	20	1	0	greninjaash	1	0	0	0	0	-1	1	1	100	160	0	0	undefined	missing	1	brn	magoberry	1	-1	99	0	1	ability:0:swordofruin|chain:0.75	undefined	true	0	0	0	6	2
swordofruin	onAnyModifyDef	444	-1	6	60	Water	1	0	0	10	100	0	24576	greninjabond	1	0	1	0	0	-1	0	1	100	100	1	0	0	Ability	1	brn	figyberry	1	0	-1	0	1	ability:0:swordofruin|chain:0.75	undefined	false	24576	24576	24576	6	0
swordofruin	onAnyModifyDef	445	6	1	40	Bug	0	0	1	0	20	0	0	greninjaash	1	1	0	1	1	-1	1	0	0	160	0	0	undefined	missing	1	brn	figyberry	1	0	-1	1	0	ability:0:swordofruin	undefined	false	0	0	0	-1	0
swordofruin	onAnyModifyDef	446	-1	0	61	Ghost	0	0	0	20	-1	-1	2048	pikachu	0	1	1	0	1	6	0	2	0	160	0	0	true	Ability	0	psn	iapapaberry	1	1	99	0	0	ability:0:swordofruin	undefined	undefined	2048	2048	2048	6	0
swordofruin	onAnyModifyDef	447	0	6	0	Fire	0	1	1	10	-1	1	8	pikachu	1	1	0	1	1	-1	1	1	0	160	1	0	true	Move	1	brn	magoberry	0	0	1	0	1	ability:0:swordofruin	undefined	true	8	8	8	-1	2
swordofruin	onAnyModifyDef	448	0	1	60	Normal	0	1	0	0	100	-1	24576	greninjabond	1	1	1	0	1	0	1	1	60	0	0	1	false	missing	1	brn	magoberry	0	0	1	0	1	ability:0:swordofruin	undefined	undefined	24576	24576	24576	0	2
swordofruin	onAnyModifyDef	449	0	1	60	Bug	1	1	0	10	100	-1	0	pikachu	1	0	0	0	1	0	0	0	100	0	1	0	undefined	missing	0	brn	iapapaberry	1	-1	99	0	1	ability:0:swordofruin	undefined	undefined	0	0	0	0	2
swordofruin	onAnyModifyDef	450	6	6	60	Bug	1	1	0	20	100	1	2048	pikachu	1	0	0	1	0	0	1	1	60	160	1	0	null	Ability	0	psn	leftovers	0	0	1	0	0	ability:0:swordofruin|ability:0:swordofruin|chain:0.75	undefined	true	2048	2048	2048	6	2
swordofruin	onAnyModifyDef	451	-1	6	70	Ghost	0	1	1	20	100	1	8192	pikachu	0	0	1	0	0	0	0	2	60	100	1	1	false	Move	1	psn	sitrusberry	2	1	1	1	0	ability:0:swordofruin|ability:0:swordofruin|chain:0.75	undefined	true	8192	8192	8192	6	2
swordofruin	onAnyModifyDef	452	1	1	70	Water	0	0	0	0	100	1	24576	pikachu	0	0	0	1	0	6	1	0	100	0	0	1	undefined	missing	0	brn	iapapaberry	0	0	0	0	1	ability:0:swordofruin|ability:6:swordofruin	undefined	true	24576	24576	24576	6	0
swordofruin	onAnyModifyDef	453	0	1	60	Bug	1	1	1	20	20	-1	8	greninjabond	0	1	0	1	1	1	0	1	100	0	0	1	0	Move	1	brn	aguavberry	2	0	99	1	0	ability:0:swordofruin	undefined	undefined	8	8	8	1	2
swordofruin	onAnyModifyDef	454	0	6	70	Bug	1	0	1	20	0	1	16384	greninjaash	0	1	0	0	0	-1	1	0	60	100	0	0	true	missing	1	brn	aguavberry	0	0	0	0	1	ability:0:swordofruin|chain:0.75	undefined	true	16384	16384	16384	6	0
swordofruin	onAnyModifyDef	455	0	0	0	Normal	0	1	0	0	0	0	24576	pikachu	1	1	1	1	0	6	1	1	100	160	0	0	null	Ability	1	psn	iapapaberry	1	-1	99	1	0	ability:0:swordofruin|ability:6:swordofruin	undefined	false	24576	24576	24576	6	2
swordofruin	onAnyModifyDef	456	0	1	70	Dark	0	0	1	10	-1	1	8192	greninjabond	0	1	0	1	0	6	1	0	100	100	1	0	0	Move	1	brn	leftovers	0	-1	1	0	0	ability:0:swordofruin|ability:6:swordofruin	undefined	true	8192	8192	8192	6	0
swordofruin	onAnyModifyDef	457	0	1	0	Bug	0	0	0	0	0	-1	16384	greninjaash	0	1	0	0	0	0	1	0	0	0	1	0	null	Ability	1	psn	aguavberry	0	1	-1	0	1	ability:0:swordofruin|ability:0:swordofruin|chain:0.75	undefined	undefined	16384	16384	16384	1	0
swordofruin	onAnyModifyDef	458	1	0	70	Ghost	1	0	0	0	0	0	16384	greninjaash	1	0	0	1	0	-1	0	2	100	0	0	0	0	Ability	1	brn	leftovers	2	0	1	1	0	ability:0:swordofruin|chain:0.75	undefined	false	16384	16384	16384	0	0
swordofruin	onAnyModifyDef	459	1	1	70	Bug	0	1	0	100	0	-1	8192	greninjabond	0	0	0	1	1	1	0	1	0	0	0	1	undefined	Move	1	psn	figyberry	0	0	-1	0	1	ability:0:swordofruin	undefined	undefined	8192	8192	8192	1	2
swordofruin	onAnyModifyDef	460	-1	6	60	Bug	0	1	1	100	100	-1	2048	greninjaash	1	1	0	0	0	6	1	0	60	160	1	0	false	Ability	0	brn	aguavberry	0	-1	99	0	1	ability:0:swordofruin|ability:6:swordofruin|chain:0.75	undefined	undefined	2048	2048	2048	6	2
swordofruin	onAnyModifyDef	461	6	0	61	Ghost	1	0	1	100	20	0	24576	greninjabond	1	0	1	0	1	-1	1	1	100	0	1	1	0	missing	0	psn	sitrusberry	0	0	99	0	0	ability:0:swordofruin	undefined	false	24576	24576	24576	-1	0
swordofruin	onAnyModifyDef	462	1	6	70	Dark	1	0	1	20	100	-1	8192	greninjaash	0	0	0	0	0	0	1	2	0	160	0	0	false	Ability	0	psn	magoberry	0	1	99	1	1	ability:0:swordofruin|ability:0:swordofruin|chain:0.75	undefined	undefined	8192	8192	8192	6	0
swordofruin	onAnyModifyDef	463	1	0	60	Bug	1	1	1	20	20	1	24576	greninjabond	0	0	0	0	1	1	1	1	60	100	0	1	0	Move	1	psn	wikiberry	2	-1	99	0	1	ability:0:swordofruin	undefined	true	24576	24576	24576	1	2
swordofruin	onAnyModifyDef	464	1	6	61	Dark	1	1	0	20	0	0	8	pikachu	1	0	0	1	0	-1	1	1	100	160	0	1	null	Ability	0	brn	aguavberry	2	0	0	0	0	ability:0:swordofruin|chain:0.75	undefined	false	8	8	8	6	2
swordofruin	onAnyModifyDef	465	-1	1	61	Dark	0	1	0	0	20	1	8	pikachu	1	0	0	1	0	0	0	2	100	100	1	1	undefined	Ability	0	psn	aguavberry	2	0	1	0	1	ability:0:swordofruin|ability:0:swordofruin|chain:0.75	undefined	true	8	8	8	1	2
swordofruin	onAnyModifyDef	466	1	0	60	Water	1	0	1	20	-1	1	24576	greninjabond	0	0	1	1	1	1	0	0	100	160	0	0	0	Move	0	psn	figyberry	2	0	1	0	1	ability:0:swordofruin	undefined	true	24576	24576	24576	1	0
swordofruin	onAnyModifyDef	467	0	6	70	Bug	0	1	1	100	0	-1	24576	greninjabond	0	0	1	1	0	6	0	0	60	160	0	0	null	missing	1	brn	magoberry	0	-1	99	0	0	ability:0:swordofruin|ability:6:swordofruin|chain:0.75	undefined	undefined	24576	24576	24576	6	2
swordofruin	onAnyModifyDef	468	1	6	70	Normal	1	1	0	20	100	0	0	greninjaash	0	0	1	0	0	6	1	1	100	0	1	1	null	Ability	0	brn	magoberry	2	1	-1	1	0	ability:0:swordofruin|ability:6:swordofruin|chain:0.75	undefined	false	0	0	0	6	2
swordofruin	onAnyModifyDef	469	0	1	61	Dark	0	1	0	10	-1	1	0	greninjaash	1	1	1	0	0	1	0	2	100	0	1	1	undefined	Ability	1	psn	wikiberry	1	1	1	0	0	ability:0:swordofruin|ability:1:swordofruin|chain:0.75	undefined	true	0	0	0	1	2
swordofruin	onAnyModifyDef	470	-1	0	61	Normal	1	1	1	20	20	1	0	pikachu	0	0	0	0	1	0	0	2	60	0	1	0	null	missing	0	brn	wikiberry	0	-1	1	0	0	ability:0:swordofruin	undefined	true	0	0	0	0	2
swordofruin	onAnyModifyDef	471	6	6	60	Fire	1	0	1	10	-1	0	8	pikachu	0	0	1	0	0	0	0	1	100	0	1	0	null	Ability	0	psn	iapapaberry	2	1	-1	0	1	ability:0:swordofruin|ability:0:swordofruin|chain:0.75	undefined	false	8	8	8	6	0
swordofruin	onAnyModifyDef	472	1	0	40	Dark	0	1	1	100	20	0	16384	greninjabond	1	0	1	0	0	1	0	2	100	0	0	0	0	Ability	0	brn	wikiberry	0	-1	-1	0	1	ability:0:swordofruin|ability:1:swordofruin|chain:0.75	undefined	false	16384	16384	16384	0	2
swordofruin	onAnyModifyDef	473	-1	6	60	Fire	1	0	0	100	0	0	0	greninjabond	1	1	0	1	0	0	0	0	0	0	1	1	false	missing	1	brn	leftovers	2	-1	-1	1	1	ability:0:swordofruin|ability:0:swordofruin|chain:0.75	undefined	false	0	0	0	6	0
swordofruin	onAnyModifyDef	474	0	6	61	Dark	0	1	1	0	20	-1	16384	pikachu	0	1	1	1	0	0	1	1	60	160	0	0	null	Move	0	brn	magoberry	2	1	1	1	1	ability:0:swordofruin|ability:0:swordofruin|chain:0.75	undefined	undefined	16384	16384	16384	6	2
swordofruin	onAnyModifyDef	475	-1	6	61	Ghost	1	1	1	0	-1	0	24576	greninjabond	1	0	0	0	0	-1	0	1	0	0	1	0	true	missing	1	brn	sitrusberry	2	1	1	1	0	ability:0:swordofruin|chain:0.75	undefined	false	24576	24576	24576	6	2
swordofruin	onAnyModifyDef	476	-1	1	70	Water	0	0	0	10	100	0	2048	pikachu	0	0	0	1	1	1	1	2	60	100	0	0	undefined	Move	1	brn	leftovers	1	1	0	1	0	ability:0:swordofruin	undefined	false	2048	2048	2048	1	0
swordofruin	onAnyModifyDef	477	1	6	70	Water	1	0	0	100	-1	0	24576	greninjaash	0	0	1	1	0	-1	0	0	0	0	1	0	0	Move	0	brn	leftovers	2	0	1	0	0	ability:0:swordofruin|chain:0.75	undefined	false	24576	24576	24576	6	0
swordofruin	onAnyModifyDef	478	0	1	60	Ghost	1	1	0	20	-1	0	2048	greninjaash	0	1	1	1	0	1	1	0	0	0	1	1	undefined	Move	1	psn	figyberry	0	1	-1	1	0	ability:0:swordofruin|ability:1:swordofruin|chain:0.75	undefined	false	2048	2048	2048	1	2
swordofruin	onAnyModifyDef	479	-1	0	60	Fire	1	0	0	0	0	-1	16384	greninjaash	0	0	0	1	0	0	0	1	60	0	0	0	undefined	Move	0	brn	magoberry	0	1	-1	1	0	ability:0:swordofruin|ability:0:swordofruin|chain:0.75	undefined	undefined	16384	16384	16384	0	0
swordofruin	onAnyModifyDef	480	1	1	40	Ghost	1	0	1	0	0	1	16384	greninjabond	0	1	0	1	0	6	0	1	100	160	1	1	0	missing	0	brn	sitrusberry	2	1	99	0	1	ability:0:swordofruin|ability:6:swordofruin|chain:0.75	undefined	true	16384	16384	16384	1	0
swordofruin	onAnyModifyDef	481	-1	0	70	Water	0	1	0	100	-1	1	8192	greninjaash	0	0	1	1	1	0	1	2	100	100	0	0	0	Move	0	psn	wikiberry	0	-1	0	1	1	ability:0:swordofruin	undefined	true	8192	8192	8192	0	2
swordofruin	onAnyModifyDef	482	-1	6	61	Normal	0	1	1	20	100	-1	0	greninjaash	0	1	1	1	1	6	0	1	100	100	1	0	undefined	Ability	1	psn	aguavberry	2	0	1	0	0	ability:0:swordofruin	undefined	undefined	0	0	0	6	2
swordofruin	onAnyModifyDef	483	1	1	61	Fire	1	1	0	0	20	-1	8192	greninjabond	1	0	1	1	1	1	0	0	0	0	0	1	0	missing	1	psn	magoberry	1	-1	-1	0	1	ability:0:swordofruin	undefined	undefined	8192	8192	8192	1	2
swordofruin	onAnyModifyDef	484	6	1	60	Bug	1	0	1	0	0	0	8	greninjabond	1	1	0	0	1	1	0	1	0	0	1	1	0	missing	1	brn	wikiberry	2	-1	1	1	1	ability:0:swordofruin	undefined	false	8	8	8	1	0
swordofruin	onAnyModifyDef	485	-1	6	60	Dark	1	1	0	0	-1	-1	0	greninjabond	1	1	1	1	0	1	1	2	0	0	1	0	null	Move	1	brn	iapapaberry	1	-1	0	1	1	ability:0:swordofruin|ability:1:swordofruin	undefined	undefined	0	0	0	1	2
swordofruin	onAnyModifyDef	486	1	1	40	Water	1	0	0	100	-1	1	8192	greninjaash	0	1	1	1	1	1	0	0	100	100	1	1	0	Ability	0	brn	figyberry	2	1	1	0	1	ability:0:swordofruin	undefined	true	8192	8192	8192	1	0
swordofruin	onAnyModifyDef	487	-1	0	70	Bug	1	0	1	20	100	1	16384	greninjabond	1	0	0	1	1	-1	0	0	60	100	1	1	0	Ability	0	brn	aguavberry	0	-1	0	0	1	ability:0:swordofruin	undefined	true	16384	16384	16384	-1	0
swordofruin	onAnyModifyDef	488	1	1	0	Ghost	0	0	0	10	20	-1	0	pikachu	1	1	0	0	0	0	0	0	100	100	0	0	true	missing	1	brn	aguavberry	1	0	1	1	1	ability:0:swordofruin|ability:0:swordofruin|chain:0.75	undefined	undefined	0	0	0	1	0
swordofruin	onAnyModifyDef	489	6	0	60	Normal	0	0	1	20	100	-1	16384	greninjabond	1	1	1	0	1	0	0	2	100	0	0	0	true	Ability	1	psn	wikiberry	1	0	99	1	1	ability:0:swordofruin	undefined	undefined	16384	16384	16384	0	0
swordofruin	onAnyModifyDef	490	6	6	0	Dark	0	0	0	0	-1	0	8192	greninjaash	0	0	0	1	0	1	0	2	100	0	1	0	undefined	Ability	0	brn	wikiberry	2	-1	1	1	1	ability:0:swordofruin|ability:1:swordofruin|chain:0.75	undefined	false	8192	8192	8192	6	0
swordofruin	onAnyModifyDef	491	0	0	70	Fire	1	1	1	10	20	1	8	greninjabond	1	0	1	1	0	6	1	2	0	0	1	1	undefined	missing	0	psn	aguavberry	1	1	99	0	0	ability:0:swordofruin|ability:6:swordofruin	undefined	true	8	8	8	6	2
swordofruin	onAnyModifyDef	492	0	6	40	Bug	0	1	0	100	0	-1	8	greninjabond	0	1	1	1	1	0	0	2	0	0	1	0	null	Move	1	brn	magoberry	1	1	99	1	1	ability:0:swordofruin	undefined	undefined	8	8	8	0	2
swordofruin	onAnyModifyDef	493	1	0	61	Ghost	0	0	0	20	0	-1	8	greninjabond	1	0	1	0	1	0	0	2	0	100	1	1	undefined	Move	1	psn	figyberry	0	-1	0	1	1	ability:0:swordofruin	undefined	undefined	8	8	8	0	0
swordofruin	onAnyModifyDef	494	6	1	61	Dark	0	0	0	100	0	0	16384	greninjaash	1	1	1	1	0	6	0	2	0	0	1	1	undefined	Move	1	psn	aguavberry	2	-1	-1	0	1	ability:0:swordofruin|ability:6:swordofruin|chain:0.75	undefined	false	16384	16384	16384	1	0
swordofruin	onAnyModifyDef	495	0	6	70	Water	0	0	0	10	-1	0	0	pikachu	1	0	1	0	0	6	0	2	100	100	0	1	true	Move	0	psn	iapapaberry	0	1	0	0	0	ability:0:swordofruin|ability:6:swordofruin|chain:0.75	undefined	false	0	0	0	6	0
swordofruin	onAnyModifyDef	496	1	6	61	Fire	0	1	1	20	0	0	24576	greninjabond	0	0	1	1	1	6	1	2	0	160	0	1	0	Move	1	brn	figyberry	2	-1	0	1	0	ability:0:swordofruin	undefined	false	24576	24576	24576	6	2
swordofruin	onAnyModifyDef	497	6	1	61	Fire	1	1	1	20	-1	-1	8192	greninjaash	1	0	1	0	1	0	1	2	60	0	0	1	0	missing	1	brn	wikiberry	2	-1	-1	0	1	ability:0:swordofruin	undefined	undefined	8192	8192	8192	0	2
swordofruin	onAnyModifyDef	498	1	0	70	Water	0	0	0	20	20	0	2048	pikachu	0	0	0	1	1	0	1	0	100	0	1	0	true	Move	0	psn	magoberry	1	1	1	1	1	ability:0:swordofruin	undefined	false	2048	2048	2048	0	0
swordofruin	onAnyModifyDef	499	-1	6	40	Normal	1	1	0	10	100	0	0	greninjaash	0	0	0	0	0	-1	1	0	0	160	0	0	undefined	Move	0	psn	figyberry	1	0	0	1	1	ability:0:swordofruin|chain:0.75	undefined	false	0	0	0	6	2
swordofruin	onAnyModifyDef	500	6	0	70	Normal	0	0	0	20	0	0	8	greninjaash	1	0	0	0	1	0	0	0	100	0	0	1	0	missing	0	brn	figyberry	1	-1	-1	1	0	ability:0:swordofruin	undefined	false	8	8	8	0	0
swordofruin	onAnyModifyDef	501	6	6	0	Normal	1	1	0	100	0	1	24576	greninjaash	0	1	1	0	1	6	1	2	0	100	0	1	null	Move	0	brn	aguavberry	0	-1	0	1	1	ability:0:swordofruin	undefined	true	24576	24576	24576	6	2
swordofruin	onAnyModifyDef	502	-1	6	61	Fire	0	1	0	100	100	1	8192	pikachu	1	0	0	1	0	6	1	1	100	0	0	1	0	Move	1	brn	aguavberry	1	0	1	1	0	ability:0:swordofruin|ability:6:swordofruin|chain:0.75	undefined	true	8192	8192	8192	6	2
swordofruin	onAnyModifyDef	503	1	6	60	Fire	0	0	1	100	0	-1	2048	greninjabond	1	0	0	0	0	1	0	2	0	160	0	0	undefined	Ability	0	psn	iapapaberry	2	-1	1	1	1	ability:0:swordofruin|ability:1:swordofruin|chain:0.75	undefined	undefined	2048	2048	2048	6	0
swordofruin	onAnyModifyDef	504	6	6	70	Fire	1	1	1	100	100	-1	8192	pikachu	1	1	0	0	1	-1	1	2	60	160	1	0	null	Move	1	brn	aguavberry	2	0	-1	1	0	ability:0:swordofruin	undefined	undefined	8192	8192	8192	-1	2
swordofruin	onAnyModifyDef	505	6	1	60	Ghost	0	0	1	10	20	-1	24576	greninjaash	0	1	1	1	0	0	0	2	100	100	0	1	true	missing	0	brn	aguavberry	2	0	1	0	1	ability:0:swordofruin|ability:0:swordofruin|chain:0.75	undefined	undefined	24576	24576	24576	1	0
swordofruin	onAnyModifyDef	506	0	0	70	Normal	0	0	0	0	100	1	0	pikachu	0	1	0	1	1	6	0	0	0	100	1	0	0	missing	1	brn	sitrusberry	1	1	1	0	0	ability:0:swordofruin	undefined	true	0	0	0	6	0
swordofruin	onAnyModifyDef	507	1	6	70	Normal	0	1	1	20	0	1	2048	pikachu	0	0	1	0	1	0	1	1	0	0	0	1	true	Ability	0	brn	magoberry	1	0	-1	0	0	ability:0:swordofruin	undefined	true	2048	2048	2048	0	2
swordofruin	onAnyModifyDef	508	0	1	0	Bug	1	0	1	10	0	0	2048	pikachu	0	0	0	1	1	-1	1	2	0	160	1	0	true	Move	0	psn	iapapaberry	1	-1	0	1	0	ability:0:swordofruin	undefined	false	2048	2048	2048	-1	0
swordofruin	onAnyModifyDef	509	0	1	61	Normal	0	0	1	10	0	1	0	greninjabond	1	0	0	0	1	0	0	1	60	100	0	0	true	Move	1	brn	wikiberry	0	1	-1	0	1	ability:0:swordofruin	undefined	true	0	0	0	0	0
swordofruin	onAnyModifyDef	510	1	1	70	Water	0	1	1	100	20	1	8192	greninjabond	1	0	0	1	1	-1	0	2	60	0	0	1	true	Ability	0	psn	iapapaberry	2	-1	-1	0	0	ability:0:swordofruin	undefined	true	8192	8192	8192	-1	2
swordofruin	onAnyModifyDef	511	1	1	0	Ghost	0	0	1	20	100	0	2048	greninjabond	0	0	1	1	1	0	1	1	100	160	1	0	undefined	Ability	1	brn	wikiberry	2	0	99	0	0	ability:0:swordofruin	undefined	false	2048	2048	2048	0	0
swordofruin	onAnyModifyDef	512	6	1	61	Dark	0	0	0	0	-1	1	24576	greninjaash	0	1	0	1	1	1	1	0	100	100	0	1	false	missing	0	brn	aguavberry	2	-1	99	1	1	ability:0:swordofruin	undefined	true	24576	24576	24576	1	0
swordofruin	onAnyModifyDef	513	1	1	60	Water	0	1	1	10	0	-1	2048	greninjaash	1	0	1	1	0	0	1	2	0	0	0	1	false	missing	1	psn	iapapaberry	0	-1	99	0	1	ability:0:swordofruin|ability:0:swordofruin|chain:0.75	undefined	undefined	2048	2048	2048	1	2
swordofruin	onAnyModifyDef	514	0	6	40	Ghost	1	1	0	20	0	-1	24576	greninjabond	1	1	1	1	0	1	0	1	60	160	0	0	null	Ability	0	psn	iapapaberry	0	1	1	1	0	ability:0:swordofruin|ability:1:swordofruin|chain:0.75	undefined	undefined	24576	24576	24576	6	2
swordofruin	onAnyModifyDef	515	0	6	61	Fire	0	1	1	100	0	1	2048	greninjaash	0	0	0	1	0	1	1	2	100	100	1	1	false	Move	0	brn	leftovers	0	1	1	0	1	ability:0:swordofruin|ability:1:swordofruin	undefined	true	2048	2048	2048	1	2
swordofruin	onAnyModifyDef	516	6	0	60	Ghost	0	1	0	0	0	0	2048	greninjabond	0	1	1	0	1	-1	1	0	100	160	0	1	null	missing	0	psn	magoberry	1	0	1	0	0	ability:0:swordofruin	undefined	false	2048	2048	2048	-1	2
swordofruin	onAnyModifyDef	517	6	1	0	Fire	0	0	1	20	0	-1	8192	greninjabond	0	1	0	1	0	6	0	1	60	160	0	0	null	Move	0	psn	aguavberry	0	-1	-1	0	1	ability:0:swordofruin|ability:6:swordofruin|chain:0.75	undefined	undefined	8192	8192	8192	1	0
swordofruin	onAnyModifyDef	518	6	0	61	Fire	0	0	1	100	-1	0	16384	greninjaash	1	1	0	1	0	-1	0	2	60	100	0	1	undefined	Ability	1	brn	magoberry	2	1	1	1	1	ability:0:swordofruin|chain:0.75	undefined	false	16384	16384	16384	0	0
swordofruin	onAnyModifyDef	519	6	6	61	Ghost	1	0	0	0	-1	1	8	greninjaash	0	0	0	0	0	-1	1	1	100	0	0	1	false	Ability	1	brn	figyberry	1	-1	99	0	1	ability:0:swordofruin|chain:0.75	undefined	true	8	8	8	6	0
swordofruin	onAnyModifyDef	520	6	0	60	Ghost	1	0	1	10	100	0	16384	pikachu	0	0	1	0	1	6	0	2	0	0	0	0	0	missing	0	brn	sitrusberry	0	0	1	1	1	ability:0:swordofruin	undefined	false	16384	16384	16384	6	0
swordofruin	onAnyModifyDef	521	1	0	61	Ghost	1	1	1	10	20	1	24576	greninjaash	1	1	1	0	0	0	1	2	60	160	1	0	false	Ability	0	psn	aguavberry	0	-1	0	1	1	ability:0:swordofruin|ability:0:swordofruin|chain:0.75	undefined	true	24576	24576	24576	0	2
swordofruin	onAnyModifyDef	522	-1	1	60	Normal	1	1	1	0	-1	1	16384	pikachu	1	1	1	1	1	-1	1	0	0	160	0	0	null	missing	0	brn	sitrusberry	0	0	1	0	1	ability:0:swordofruin	undefined	true	16384	16384	16384	-1	2
swordofruin	onAnyModifyDef	523	-1	0	70	Dark	0	1	0	100	-1	-1	2048	greninjaash	1	0	1	1	0	6	1	0	0	100	0	0	0	Ability	0	psn	iapapaberry	1	1	0	1	0	ability:0:swordofruin|ability:6:swordofruin	undefined	undefined	2048	2048	2048	6	2
swordofruin	onAnyModifyDef	524	0	6	40	Dark	1	1	1	100	-1	-1	2048	pikachu	1	0	0	1	0	-1	1	2	0	0	0	1	true	missing	0	psn	aguavberry	2	-1	99	0	1	ability:0:swordofruin|chain:0.75	undefined	undefined	2048	2048	2048	6	2
swordofruin	onAnyModifyDef	525	-1	1	0	Fire	1	1	1	0	100	-1	2048	pikachu	0	0	0	1	0	0	1	2	100	0	0	1	undefined	Move	1	psn	figyberry	2	1	99	0	1	ability:0:swordofruin|ability:0:swordofruin|chain:0.75	undefined	undefined	2048	2048	2048	1	2
swordofruin	onAnyModifyDef	526	-1	0	70	Bug	0	0	1	100	-1	-1	8192	greninjabond	1	1	1	1	1	0	1	0	100	100	1	1	0	missing	1	psn	wikiberry	0	0	-1	0	0	ability:0:swordofruin	undefined	undefined	8192	8192	8192	0	0
swordofruin	onAnyModifyDef	527	-1	6	60	Normal	1	0	1	100	0	1	8192	pikachu	0	0	1	0	0	6	1	1	60	160	1	1	undefined	Ability	1	psn	iapapaberry	2	-1	-1	1	0	ability:0:swordofruin|ability:6:swordofruin|chain:0.75	undefined	true	8192	8192	8192	6	0
swordofruin	onAnyModifyDef	528	6	6	61	Ghost	0	1	1	20	-1	-1	16384	greninjaash	1	0	0	1	1	0	0	1	0	0	1	0	true	Ability	0	brn	wikiberry	1	1	0	1	0	ability:0:swordofruin	undefined	undefined	16384	16384	16384	0	2
swordofruin	onAnyModifyDef	529	1	1	70	Dark	0	0	0	0	0	-1	0	greninjaash	0	0	0	0	1	0	0	1	100	0	1	0	true	Move	1	brn	leftovers	0	-1	99	1	1	ability:0:swordofruin	undefined	undefined	0	0	0	0	0
swordofruin	onAnyModifyDef	530	6	0	0	Ghost	1	0	1	20	100	1	0	pikachu	1	0	1	1	0	6	0	1	100	100	0	0	undefined	missing	1	psn	wikiberry	2	0	1	1	1	ability:0:swordofruin|ability:6:swordofruin|chain:0.75	undefined	true	0	0	0	0	0
swordofruin	onAnyModifyDef	531	1	0	60	Bug	1	0	1	0	20	0	2048	pikachu	1	1	1	0	1	-1	1	1	100	0	1	0	false	missing	1	psn	magoberry	0	1	-1	0	1	ability:0:swordofruin	undefined	false	2048	2048	2048	-1	0
swordofruin	onAnyModifyDef	532	-1	6	60	Fire	0	0	1	100	-1	0	2048	pikachu	0	0	1	0	0	6	0	0	0	100	1	0	null	missing	1	psn	leftovers	1	1	-1	0	1	ability:0:swordofruin|ability:6:swordofruin|chain:0.75	undefined	false	2048	2048	2048	6	0
swordofruin	onAnyModifyDef	533	1	1	61	Water	0	0	1	10	100	1	8	greninjaash	1	1	0	0	0	6	0	0	60	100	0	1	true	Ability	1	brn	leftovers	0	0	99	1	1	ability:0:swordofruin|ability:6:swordofruin|chain:0.75	undefined	true	8	8	8	1	0
swordofruin	onAnyModifyDef	534	0	0	0	Dark	1	0	0	100	0	-1	24576	greninjaash	0	0	1	1	0	1	0	1	0	100	1	1	0	missing	0	brn	leftovers	2	-1	1	1	0	ability:0:swordofruin|ability:1:swordofruin|chain:0.75	undefined	undefined	24576	24576	24576	0	0
swordofruin	onAnyModifyDef	535	-1	0	70	Bug	1	0	0	10	100	-1	8192	pikachu	1	0	1	1	1	1	1	0	0	160	0	0	true	missing	1	psn	figyberry	0	0	-1	0	1	ability:0:swordofruin	undefined	undefined	8192	8192	8192	1	0
swordofruin	onAnyModifyDef	536	6	1	40	Ghost	1	0	0	0	100	-1	2048	pikachu	0	1	0	0	1	1	0	0	0	160	0	1	0	Move	0	brn	sitrusberry	1	-1	-1	0	0	ability:0:swordofruin	undefined	undefined	2048	2048	2048	1	0
swordofruin	onAnyModifyDef	537	0	6	0	Normal	0	1	0	0	-1	-1	8192	pikachu	1	1	0	0	1	0	1	2	60	0	1	1	undefined	Move	1	psn	wikiberry	0	-1	-1	1	1	ability:0:swordofruin	undefined	undefined	8192	8192	8192	0	2
swordofruin	onAnyModifyDef	538	1	1	0	Normal	1	0	1	0	0	-1	24576	greninjabond	1	0	0	1	1	0	0	0	0	0	1	1	true	Ability	0	brn	iapapaberry	2	-1	99	1	0	ability:0:swordofruin	undefined	undefined	24576	24576	24576	0	0
swordofruin	onAnyModifyDef	539	0	1	61	Bug	1	0	0	0	100	-1	24576	greninjaash	1	1	0	1	0	0	0	2	60	0	0	1	0	Move	1	brn	leftovers	1	1	1	1	0	ability:0:swordofruin|ability:0:swordofruin|chain:0.75	undefined	undefined	24576	24576	24576	1	0
swordofruin	onAnyModifyDef	540	1	6	61	Ghost	0	0	0	20	-1	-1	8192	pikachu	1	1	1	1	0	6	0	0	60	0	0	1	true	Ability	1	psn	iapapaberry	0	-1	0	0	0	ability:0:swordofruin|ability:6:swordofruin|chain:0.75	undefined	undefined	8192	8192	8192	6	0
swordofruin	onAnyModifyDef	541	-1	1	40	Normal	0	1	1	100	100	1	8192	greninjabond	0	0	0	0	1	0	1	1	100	0	1	1	undefined	missing	0	brn	magoberry	2	1	1	1	1	ability:0:swordofruin	undefined	true	8192	8192	8192	0	2
swordofruin	onAnyModifyDef	542	1	1	40	Water	1	1	0	100	100	1	2048	greninjabond	0	0	1	1	1	1	0	2	100	160	1	1	undefined	Ability	1	psn	aguavberry	1	-1	-1	1	1	ability:0:swordofruin	undefined	true	2048	2048	2048	1	2
swordofruin	onAnyModifyDef	543	0	1	60	Fire	0	0	1	0	-1	0	24576	greninjaash	1	0	0	1	0	0	1	1	100	160	1	1	true	missing	1	psn	sitrusberry	1	1	0	0	0	ability:0:swordofruin|ability:0:swordofruin|chain:0.75	undefined	false	24576	24576	24576	1	0
swordofruin	onAnyModifyDef	544	6	0	0	Ghost	1	0	1	10	20	-1	16384	greninjaash	1	1	1	1	0	-1	1	0	100	0	0	0	0	Move	1	brn	magoberry	0	-1	99	0	0	ability:0:swordofruin|chain:0.75	undefined	undefined	16384	16384	16384	0	0
swordofruin	onAnyModifyDef	545	0	1	40	Water	1	0	0	100	100	1	8	greninjaash	1	0	0	1	1	0	0	1	60	100	1	1	undefined	Ability	0	psn	iapapaberry	0	-1	1	0	1	ability:0:swordofruin	undefined	true	8	8	8	0	0
swordofruin	onAnyModifyDef	546	0	6	40	Dark	1	1	0	100	-1	-1	2048	greninjabond	1	1	0	0	1	-1	1	2	60	160	1	1	true	Ability	1	psn	iapapaberry	1	-1	99	0	1	ability:0:swordofruin	undefined	undefined	2048	2048	2048	-1	2
swordofruin	onAnyModifyDef	547	-1	1	70	Normal	1	0	1	10	100	0	24576	greninjabond	1	1	1	1	1	1	0	0	60	100	0	1	null	Move	1	brn	iapapaberry	0	0	0	1	1	ability:0:swordofruin	undefined	false	24576	24576	24576	1	0
swordofruin	onAnyModifyDef	548	-1	0	70	Fire	1	1	1	10	-1	1	8192	greninjaash	0	1	0	0	0	1	0	1	0	160	0	0	null	Move	1	psn	aguavberry	1	1	1	0	0	ability:0:swordofruin|ability:1:swordofruin|chain:0.75	undefined	true	8192	8192	8192	0	2
swordofruin	onAnyModifyDef	549	0	6	0	Ghost	1	0	0	10	20	0	2048	greninjabond	0	1	1	1	1	6	0	1	0	100	1	0	null	missing	1	psn	aguavberry	1	0	1	1	1	ability:0:swordofruin	undefined	false	2048	2048	2048	6	0
swordofruin	onAnyModifyDef	550	6	1	0	Ghost	1	1	0	100	20	-1	8	pikachu	0	1	0	1	1	6	1	0	100	0	0	1	0	Ability	1	brn	aguavberry	0	-1	1	0	1	ability:0:swordofruin	undefined	undefined	8	8	8	6	2
swordofruin	onAnyModifyDef	551	1	1	70	Dark	0	0	0	100	0	0	24576	greninjabond	1	0	1	0	0	-1	1	1	60	160	1	1	0	missing	0	brn	magoberry	0	1	0	1	1	ability:0:swordofruin|chain:0.75	undefined	false	24576	24576	24576	1	0
swordofruin	onAnyModifyDef	552	-1	6	60	Ghost	0	1	1	20	0	1	8	greninjabond	0	0	0	0	0	1	1	2	0	0	1	1	undefined	Move	1	brn	aguavberry	2	-1	1	0	1	ability:0:swordofruin|ability:1:swordofruin	undefined	true	8	8	8	1	2
swordofruin	onAnyModifyDef	553	0	6	40	Dark	0	1	0	100	-1	0	16384	pikachu	0	1	0	1	0	0	1	2	0	0	1	0	null	Move	1	brn	figyberry	2	1	99	0	0	ability:0:swordofruin|ability:0:swordofruin|chain:0.75	undefined	false	16384	16384	16384	6	2
swordofruin	onAnyModifyDef	554	0	0	60	Bug	1	1	0	10	20	1	8	greninjaash	0	1	0	0	0	6	0	1	100	100	1	1	0	missing	1	psn	wikiberry	2	-1	99	1	1	ability:0:swordofruin|ability:6:swordofruin|chain:0.75	undefined	true	8	8	8	0	2
swordofruin	onAnyModifyDef	555	6	6	70	Fire	0	0	1	10	0	-1	8192	greninjaash	0	1	0	0	1	6	0	1	100	160	1	0	false	missing	1	psn	wikiberry	1	1	99	0	0	ability:0:swordofruin	undefined	undefined	8192	8192	8192	6	0
swordofruin	onAnyModifyDef	556	1	6	70	Fire	0	1	1	0	-1	-1	24576	greninjabond	0	0	1	1	0	1	1	0	60	100	1	1	null	missing	0	psn	iapapaberry	0	1	99	1	1	ability:0:swordofruin|ability:1:swordofruin	undefined	undefined	24576	24576	24576	1	2
swordofruin	onAnyModifyDef	557	6	6	70	Bug	0	1	0	20	20	-1	24576	greninjaash	1	0	1	1	1	0	1	1	100	0	1	0	0	missing	0	psn	iapapaberry	2	-1	0	0	1	ability:0:swordofruin	undefined	undefined	24576	24576	24576	0	2
swordofruin	onAnyModifyDef	558	0	1	60	Bug	1	0	1	100	-1	1	8192	greninjaash	0	1	0	1	0	6	0	1	100	100	0	1	undefined	Move	0	brn	aguavberry	1	1	-1	1	0	ability:0:swordofruin|ability:6:swordofruin|chain:0.75	undefined	true	8192	8192	8192	1	0
swordofruin	onAnyModifyDef	559	1	0	40	Bug	0	0	0	10	100	1	0	pikachu	1	0	0	0	1	6	0	2	100	100	0	0	null	missing	0	brn	aguavberry	1	0	1	0	0	ability:0:swordofruin	undefined	true	0	0	0	6	0
swordofruin	onAnyModifyDef	560	-1	6	60	Dark	1	1	0	100	20	1	8	pikachu	0	1	0	1	0	6	1	0	60	100	0	0	true	missing	1	brn	figyberry	1	1	0	0	1	ability:0:swordofruin|ability:6:swordofruin|chain:0.75	undefined	true	8	8	8	6	2
swordofruin	onAnyModifyDef	561	-1	1	0	Dark	0	0	0	20	20	-1	8192	pikachu	1	0	0	0	0	1	1	0	60	160	1	0	false	Ability	0	brn	figyberry	2	1	0	0	0	ability:0:swordofruin|ability:1:swordofruin|chain:0.75	undefined	undefined	8192	8192	8192	1	0
swordofruin	onAnyModifyDef	562	-1	0	0	Fire	0	1	0	100	100	1	8	greninjabond	0	0	0	0	1	0	1	1	60	100	0	1	0	Ability	0	brn	iapapaberry	0	0	99	0	0	ability:0:swordofruin	undefined	true	8	8	8	0	2
swordofruin	onAnyModifyDef	563	0	1	70	Dark	0	0	0	20	-1	-1	8	pikachu	0	1	1	0	0	-1	0	2	0	160	0	0	null	missing	1	psn	leftovers	2	-1	1	1	1	ability:0:swordofruin|chain:0.75	undefined	undefined	8	8	8	1	0
swordofruin	onAnyModifyDef	564	-1	6	0	Fire	1	0	0	100	20	0	16384	pikachu	1	0	1	0	1	0	1	1	0	160	0	0	undefined	Move	0	psn	iapapaberry	0	0	-1	1	1	ability:0:swordofruin	undefined	false	16384	16384	16384	0	0
swordofruin	onAnyModifyDef	565	0	1	70	Water	0	0	0	0	20	0	16384	greninjabond	0	1	1	0	0	6	1	0	60	160	1	1	false	Ability	1	brn	leftovers	2	-1	0	0	1	ability:0:swordofruin|ability:6:swordofruin	undefined	false	16384	16384	16384	6	0
swordofruin	onAnyModifyDef	566	1	6	70	Fire	1	0	1	100	0	0	2048	greninjaash	0	1	0	1	1	-1	0	1	60	160	0	1	0	Move	1	psn	iapapaberry	1	0	1	0	0	ability:0:swordofruin	undefined	false	2048	2048	2048	-1	0
swordofruin	onAnyModifyDef	567	6	0	60	Water	1	0	1	0	-1	1	16384	greninjabond	0	0	1	1	0	1	0	1	0	100	1	0	true	missing	0	psn	figyberry	1	-1	99	0	1	ability:0:swordofruin|ability:1:swordofruin|chain:0.75	undefined	true	16384	16384	16384	0	0
swordofruin	onAnyModifyDef	568	-1	6	70	Ghost	0	0	1	0	0	1	8	greninjabond	1	1	1	0	0	0	0	1	100	0	0	1	undefined	Ability	0	psn	sitrusberry	0	1	-1	0	0	ability:0:swordofruin|ability:0:swordofruin|chain:0.75	undefined	true	8	8	8	6	0
swordofruin	onAnyModifyDef	569	-1	6	70	Normal	1	1	0	20	0	0	16384	greninjaash	0	1	1	0	0	1	0	2	60	160	0	0	false	Ability	1	psn	wikiberry	1	0	1	0	0	ability:0:swordofruin|ability:1:swordofruin|chain:0.75	undefined	false	16384	16384	16384	6	2
swordofruin	onAnyModifyDef	570	6	1	0	Normal	0	0	1	10	-1	-1	2048	greninjabond	0	0	1	0	0	-1	1	2	100	160	0	1	0	Move	1	psn	figyberry	0	1	99	1	0	ability:0:swordofruin|chain:0.75	undefined	undefined	2048	2048	2048	1	0
swordofruin	onAnyModifyDef	571	-1	6	40	Normal	0	0	1	20	-1	0	8	pikachu	0	1	1	1	1	0	0	0	60	0	1	1	undefined	Move	0	psn	iapapaberry	1	1	-1	1	0	ability:0:swordofruin	undefined	false	8	8	8	0	0
swordofruin	onAnyModifyDef	572	6	0	61	Fire	0	1	1	20	20	0	16384	greninjaash	0	1	0	1	1	0	1	2	100	0	0	1	undefined	Move	0	psn	sitrusberry	0	0	0	1	0	ability:0:swordofruin	undefined	false	16384	16384	16384	0	2
swordofruin	onAnyModifyDef	573	1	0	61	Fire	1	1	0	10	-1	-1	8	greninjabond	0	0	1	0	0	0	0	1	60	160	1	1	undefined	Ability	0	psn	figyberry	2	1	0	0	1	ability:0:swordofruin|ability:0:swordofruin|chain:0.75	undefined	undefined	8	8	8	0	2
swordofruin	onAnyModifyDef	574	6	1	61	Normal	1	1	1	100	0	1	8192	greninjabond	1	0	0	1	0	-1	1	1	60	0	1	1	undefined	Move	1	brn	aguavberry	2	-1	-1	1	1	ability:0:swordofruin|chain:0.75	undefined	true	8192	8192	8192	1	2
swordofruin	onAnyModifyDef	575	-1	6	61	Normal	1	0	0	20	0	0	0	pikachu	0	0	1	0	0	0	0	0	60	100	0	1	true	missing	0	psn	magoberry	1	-1	99	1	0	ability:0:swordofruin|ability:0:swordofruin|chain:0.75	undefined	false	0	0	0	6	0
swordofruin	onAnyModifyDef	576	-1	0	70	Dark	1	0	1	10	20	-1	2048	pikachu	0	0	0	1	0	1	0	1	0	0	1	0	true	Ability	0	psn	magoberry	2	1	99	1	0	ability:0:swordofruin|ability:1:swordofruin|chain:0.75	undefined	undefined	2048	2048	2048	0	0
swordofruin	onAnyModifyDef	577	-1	0	0	Fire	0	0	1	20	20	-1	8	greninjaash	0	1	1	1	0	1	1	1	0	100	0	1	false	Ability	1	psn	iapapaberry	0	0	-1	1	0	ability:0:swordofruin|ability:1:swordofruin	undefined	undefined	8	8	8	1	0
swordofruin	onAnyModifyDef	578	1	0	60	Fire	0	0	1	100	20	0	24576	pikachu	0	1	1	0	1	1	0	0	0	100	0	1	false	missing	1	brn	aguavberry	1	0	99	1	1	ability:0:swordofruin	undefined	false	24576	24576	24576	1	0
swordofruin	onAnyModifyDef	579	6	0	61	Bug	1	0	0	100	20	0	2048	pikachu	1	1	0	1	1	1	1	1	60	0	0	0	undefined	Move	0	brn	figyberry	1	0	99	0	1	ability:0:swordofruin	undefined	false	2048	2048	2048	1	0
swordofruin	onAnyModifyDef	580	0	0	0	Fire	1	1	1	10	20	-1	0	pikachu	1	1	1	0	1	-1	0	2	60	0	1	0	0	Ability	1	psn	magoberry	2	0	1	1	0	ability:0:swordofruin	undefined	undefined	0	0	0	-1	2
swordofruin	onAnyModifyDef	581	-1	6	40	Dark	0	0	0	100	-1	-1	16384	greninjaash	1	0	1	0	0	6	1	2	100	160	1	0	true	Ability	0	psn	aguavberry	1	-1	-1	0	1	ability:0:swordofruin|ability:6:swordofruin|chain:0.75	undefined	undefined	16384	16384	16384	6	0
swordofruin	onAnyModifyDef	582	-1	6	61	Ghost	0	1	0	100	100	-1	24576	pikachu	1	0	1	1	1	0	0	0	0	160	1	1	undefined	missing	0	psn	leftovers	1	1	1	1	0	ability:0:swordofruin	undefined	undefined	24576	24576	24576	0	2
swordofruin	onAnyModifyDef	583	-1	0	60	Fire	1	0	1	10	100	1	16384	greninjaash	0	0	0	0	1	-1	0	2	100	160	1	1	undefined	missing	0	brn	sitrusberry	0	1	-1	0	1	ability:0:swordofruin	undefined	true	16384	16384	16384	-1	0
swordofruin	onAnyModifyDef	584	-1	6	61	Water	1	1	0	20	0	0	0	greninjabond	1	0	1	0	1	-1	0	0	0	160	0	1	true	Move	0	psn	magoberry	2	0	99	1	1	ability:0:swordofruin	undefined	false	0	0	0	-1	2
swordofruin	onAnyModifyDef	585	-1	6	70	Fire	1	1	1	10	100	0	8192	greninjabond	1	0	1	1	1	1	0	1	60	0	0	1	false	missing	0	brn	leftovers	0	1	0	1	0	ability:0:swordofruin	undefined	false	8192	8192	8192	1	2
swordofruin	onAnyModifyDef	586	0	1	0	Bug	0	1	1	10	100	1	8192	pikachu	0	1	1	0	1	0	1	1	100	100	1	1	undefined	missing	0	psn	iapapaberry	2	-1	99	0	1	ability:0:swordofruin	undefined	true	8192	8192	8192	0	2
swordofruin	onAnyModifyDef	587	0	1	0	Fire	1	0	1	0	100	0	16384	pikachu	1	1	1	0	0	6	1	2	0	100	1	0	undefined	missing	0	brn	wikiberry	0	0	0	1	0	ability:0:swordofruin|ability:6:swordofruin	undefined	false	16384	16384	16384	6	0
swordofruin	onAnyModifyDef	588	6	6	61	Dark	1	0	0	0	20	-1	8192	greninjaash	0	0	1	1	1	-1	0	0	100	0	0	1	null	missing	1	psn	leftovers	2	0	-1	1	0	ability:0:swordofruin	undefined	undefined	8192	8192	8192	-1	0
swordofruin	onAnyModifyDef	589	1	6	70	Bug	0	1	0	0	-1	0	2048	greninjaash	0	1	0	1	0	0	0	0	0	100	0	0	true	Ability	1	brn	figyberry	2	-1	-1	1	1	ability:0:swordofruin|ability:0:swordofruin|chain:0.75	undefined	false	2048	2048	2048	6	2
swordofruin	onAnyModifyDef	590	0	6	60	Normal	0	1	0	100	20	0	0	greninjaash	1	1	1	1	1	1	0	1	60	0	1	1	false	missing	1	brn	aguavberry	1	0	-1	0	0	ability:0:swordofruin	undefined	false	0	0	0	1	2
swordofruin	onAnyModifyDef	591	0	1	40	Fire	0	0	0	100	-1	0	16384	pikachu	1	1	1	1	0	6	0	0	60	160	1	0	true	Move	0	brn	iapapaberry	1	-1	-1	1	0	ability:0:swordofruin|ability:6:swordofruin|chain:0.75	undefined	false	16384	16384	16384	1	0
swordofruin	onAnyModifyDef	592	0	0	61	Normal	0	0	1	100	100	1	2048	greninjabond	0	1	1	0	1	0	0	0	100	100	1	0	0	Move	1	psn	figyberry	0	-1	1	1	1	ability:0:swordofruin	undefined	true	2048	2048	2048	0	0
swordofruin	onAnyModifyDef	593	6	1	40	Normal	1	0	1	10	-1	-1	0	greninjaash	0	1	1	0	1	1	1	1	100	100	0	0	0	Move	1	brn	aguavberry	2	-1	99	1	0	ability:0:swordofruin	undefined	undefined	0	0	0	1	0
swordofruin	onAnyModifyDef	594	0	6	61	Ghost	0	1	0	100	0	-1	2048	greninjaash	1	1	0	0	0	6	1	0	0	0	1	1	true	Ability	1	brn	iapapaberry	0	1	99	1	0	ability:0:swordofruin|ability:6:swordofruin|chain:0.75	undefined	undefined	2048	2048	2048	6	2
swordofruin	onAnyModifyDef	595	-1	6	70	Ghost	1	0	0	0	100	-1	2048	greninjaash	1	1	0	0	1	-1	1	1	60	160	1	1	undefined	Move	0	psn	leftovers	1	-1	-1	1	1	ability:0:swordofruin	undefined	undefined	2048	2048	2048	-1	0
swordofruin	onAnyModifyDef	596	0	6	60	Ghost	0	0	1	100	20	1	8192	greninjaash	1	1	0	1	1	-1	0	2	0	100	0	0	null	missing	1	psn	magoberry	1	0	0	0	1	ability:0:swordofruin	undefined	true	8192	8192	8192	-1	0
swordofruin	onAnyModifyDef	597	-1	6	60	Normal	1	0	1	20	0	0	8192	pikachu	0	0	0	1	1	6	1	1	100	0	0	0	undefined	missing	0	brn	iapapaberry	2	1	99	1	1	ability:0:swordofruin	undefined	false	8192	8192	8192	6	0
swordofruin	onAnyModifyDef	598	6	0	0	Ghost	0	0	0	100	-1	1	8192	greninjabond	1	1	1	1	0	1	1	2	60	0	0	1	null	Ability	1	psn	sitrusberry	2	-1	99	1	1	ability:0:swordofruin|ability:1:swordofruin	undefined	true	8192	8192	8192	1	0
swordofruin	onAnyModifyDef	599	1	6	40	Water	0	1	0	20	0	0	16384	greninjabond	1	1	0	1	1	1	1	1	100	0	0	1	null	missing	1	brn	sitrusberry	2	-1	0	1	0	ability:0:swordofruin	undefined	false	16384	16384	16384	1	2
swordofruin	onAnyModifyDef	600	0	1	70	Normal	1	0	0	0	-1	0	24576	greninjaash	0	1	0	1	1	6	1	2	100	0	1	1	undefined	Ability	1	psn	wikiberry	1	0	0	1	0	ability:0:swordofruin	undefined	false	24576	24576	24576	6	0
swordofruin	onAnyModifyDef	601	6	1	70	Normal	0	1	1	0	100	0	24576	greninjaash	0	0	1	0	1	1	1	2	60	160	0	0	null	Move	0	psn	figyberry	0	0	0	0	0	ability:0:swordofruin	undefined	false	24576	24576	24576	1	2
swordofruin	onAnyModifyDef	602	-1	6	61	Water	1	0	0	10	-1	1	8192	greninjaash	1	0	0	0	1	1	0	1	0	100	1	1	false	missing	1	psn	wikiberry	0	0	99	0	0	ability:0:swordofruin	undefined	true	8192	8192	8192	1	0
swordofruin	onAnyModifyDef	603	6	6	61	Normal	0	0	0	10	0	1	2048	pikachu	0	1	1	1	1	0	1	0	100	0	0	1	0	Move	0	psn	figyberry	0	-1	99	0	1	ability:0:swordofruin	undefined	true	2048	2048	2048	0	0
swordofruin	onAnyModifyDef	604	6	6	60	Fire	1	1	1	20	20	1	24576	greninjaash	1	1	1	0	0	6	0	1	60	100	1	1	false	Move	0	psn	sitrusberry	2	-1	1	0	1	ability:0:swordofruin|ability:6:swordofruin|chain:0.75	undefined	true	24576	24576	24576	6	2
swordofruin	onAnyModifyDef	605	0	6	70	Fire	0	1	1	0	0	-1	2048	pikachu	1	1	0	0	1	0	1	2	100	0	0	1	null	Move	1	psn	figyberry	2	-1	99	1	1	ability:0:swordofruin	undefined	undefined	2048	2048	2048	0	2
swordofruin	onAnyModifyDef	606	-1	6	70	Bug	0	0	1	100	0	1	24576	greninjaash	1	0	0	0	1	6	0	0	60	160	0	0	null	Ability	0	brn	sitrusberry	0	1	0	0	1	ability:0:swordofruin	undefined	true	24576	24576	24576	6	0
swordofruin	onAnyModifyDef	607	6	0	61	Bug	0	1	1	10	100	0	8192	greninjabond	1	1	1	0	1	1	1	1	100	100	1	1	false	Move	1	psn	sitrusberry	0	1	0	0	1	ability:0:swordofruin	undefined	false	8192	8192	8192	1	2
swordofruin	onAnyModifyDef	608	0	0	0	Water	0	1	0	10	100	-1	8192	pikachu	1	0	1	0	1	-1	1	0	0	100	0	0	true	Ability	1	psn	aguavberry	0	1	-1	1	0	ability:0:swordofruin	undefined	undefined	8192	8192	8192	-1	2
swordofruin	onAnyModifyDef	609	6	1	70	Dark	1	0	1	0	0	1	16384	pikachu	1	1	0	0	0	1	0	2	0	100	1	1	undefined	Move	1	brn	sitrusberry	0	0	1	0	0	ability:0:swordofruin|ability:1:swordofruin|chain:0.75	undefined	true	16384	16384	16384	1	0
swordofruin	onAnyModifyDef	610	6	0	40	Ghost	1	0	0	100	20	1	8	greninjabond	1	0	0	0	0	-1	1	2	100	0	0	1	0	Ability	0	brn	sitrusberry	2	0	99	1	1	ability:0:swordofruin|chain:0.75	undefined	true	8	8	8	0	0
swordofruin	onAnyModifyDef	611	0	6	40	Water	0	0	1	10	-1	1	16384	greninjaash	0	1	0	0	0	6	1	2	60	160	1	0	false	Ability	0	brn	wikiberry	0	0	0	1	0	ability:0:swordofruin|ability:6:swordofruin|chain:0.75	undefined	true	16384	16384	16384	6	0
swordofruin	onAnyModifyDef	612	1	1	60	Fire	0	1	0	10	100	-1	16384	greninjaash	0	0	1	1	0	6	1	0	60	0	0	0	false	missing	0	psn	iapapaberry	2	0	99	0	0	ability:0:swordofruin|ability:6:swordofruin	undefined	undefined	16384	16384	16384	6	2
swordofruin	onAnyModifyDef	613	6	0	40	Bug	0	0	1	10	0	1	8192	greninjaash	0	0	0	0	1	6	0	0	60	0	0	1	false	missing	0	psn	wikiberry	1	-1	1	0	0	ability:0:swordofruin	undefined	true	8192	8192	8192	6	0
swordofruin	onAnyModifyDef	614	0	0	61	Ghost	0	1	1	0	0	-1	0	greninjaash	1	0	0	0	0	6	1	0	60	160	0	0	undefined	Ability	1	psn	wikiberry	2	1	99	1	0	ability:0:swordofruin|ability:6:swordofruin	undefined	undefined	0	0	0	6	2
swordofruin	onAnyModifyDef	615	6	6	60	Fire	0	1	0	100	20	0	24576	greninjaash	0	1	1	0	0	0	1	2	0	0	0	0	null	Ability	1	psn	iapapaberry	0	1	1	1	0	ability:0:swordofruin|ability:0:swordofruin|chain:0.75	undefined	false	24576	24576	24576	6	2
swordofruin	onAnyModifyDef	616	0	1	61	Bug	1	1	1	20	-1	1	24576	greninjaash	0	0	1	1	1	1	1	1	100	0	1	1	false	Move	0	psn	figyberry	1	0	99	0	0	ability:0:swordofruin	undefined	true	24576	24576	24576	1	2
swordofruin	onAnyModifyDef	617	1	6	40	Fire	1	1	0	100	20	1	8192	greninjabond	0	0	0	1	0	1	1	2	60	0	1	1	true	Move	0	brn	aguavberry	2	0	-1	0	0	ability:0:swordofruin|ability:1:swordofruin	undefined	true	8192	8192	8192	1	2
swordofruin	onAnyModifyDef	618	1	1	61	Bug	1	1	1	10	0	-1	0	pikachu	1	1	1	0	1	6	1	1	0	0	0	1	false	missing	1	psn	sitrusberry	1	1	99	0	0	ability:0:swordofruin	undefined	undefined	0	0	0	6	2
swordofruin	onAnyModifyDef	619	-1	1	40	Normal	0	0	0	20	-1	0	2048	greninjaash	0	1	0	0	1	-1	0	2	100	0	0	0	undefined	Move	1	brn	sitrusberry	1	1	-1	1	1	ability:0:swordofruin	undefined	false	2048	2048	2048	-1	0
swordofruin	onAnyModifyDef	620	-1	6	40	Fire	1	0	1	0	100	0	0	greninjabond	1	0	0	0	0	1	1	0	0	100	0	1	true	Move	0	psn	figyberry	2	0	-1	0	0	ability:0:swordofruin|ability:1:swordofruin	undefined	false	0	0	0	1	0
swordofruin	onAnyModifyDef	621	0	6	40	Normal	1	1	1	100	100	-1	0	pikachu	0	1	0	1	0	1	1	0	0	0	0	0	0	Ability	0	brn	wikiberry	0	1	1	0	0	ability:0:swordofruin|ability:1:swordofruin	undefined	undefined	0	0	0	1	2
swordofruin	onAnyModifyDef	622	1	0	61	Normal	1	1	1	0	100	-1	8	pikachu	0	0	0	0	1	-1	1	1	0	100	0	0	0	Move	0	brn	figyberry	2	1	0	1	0	ability:0:swordofruin	undefined	undefined	8	8	8	-1	2
swordofruin	onAnyModifyDef	623	-1	1	60	Dark	1	1	1	20	0	0	8	greninjaash	0	1	0	1	1	-1	1	2	0	100	1	0	0	Move	1	brn	aguavberry	1	1	1	1	1	ability:0:swordofruin	undefined	false	8	8	8	-1	2
swordofruin	onAnyModifyDef	624	0	6	61	Bug	1	0	0	100	100	1	0	pikachu	1	1	0	0	0	-1	0	0	60	0	1	0	false	Move	0	psn	magoberry	1	-1	1	0	1	ability:0:swordofruin|chain:0.75	undefined	true	0	0	0	6	0
swordofruin	onAnyModifyDef	625	1	0	60	Water	0	0	0	100	0	-1	16384	pikachu	0	1	0	1	0	1	0	0	60	0	1	0	false	Ability	0	psn	magoberry	2	1	0	1	0	ability:0:swordofruin|ability:1:swordofruin|chain:0.75	undefined	undefined	16384	16384	16384	0	0
swordofruin	onAnyModifyDef	626	0	6	60	Dark	1	1	1	100	-1	-1	8	pikachu	1	1	1	0	0	1	0	1	60	0	0	1	undefined	missing	1	brn	wikiberry	0	-1	99	0	0	ability:0:swordofruin|ability:1:swordofruin|chain:0.75	undefined	undefined	8	8	8	6	2
swordofruin	onAnyModifyDef	627	6	1	60	Fire	0	0	1	20	20	1	8192	greninjaash	1	1	1	1	1	0	0	1	60	0	1	1	undefined	Ability	1	brn	aguavberry	2	1	1	0	0	ability:0:swordofruin	undefined	true	8192	8192	8192	0	0
swordofruin	onAnyModifyDef	628	1	1	61	Dark	1	1	1	100	100	0	2048	greninjaash	0	1	1	1	0	1	1	1	60	0	1	0	0	Move	1	psn	sitrusberry	0	1	0	0	1	ability:0:swordofruin|ability:1:swordofruin|chain:0.75	undefined	false	2048	2048	2048	1	2
swordofruin	onAnyModifyDef	629	1	6	70	Dark	0	0	1	0	100	1	2048	pikachu	1	0	0	1	0	-1	0	1	100	100	1	0	null	Move	1	psn	magoberry	1	0	1	0	0	ability:0:swordofruin|chain:0.75	undefined	true	2048	2048	2048	6	0
swordofruin	onAnyModifyDef	630	6	6	0	Bug	1	0	1	0	20	0	2048	greninjabond	0	1	1	0	1	-1	0	1	0	160	1	0	null	Ability	0	psn	sitrusberry	0	0	99	0	1	ability:0:swordofruin	undefined	false	2048	2048	2048	-1	0
swordofruin	onAnyModifyDef	631	0	1	60	Bug	1	1	0	0	100	1	8	greninjabond	0	1	1	1	1	6	1	0	60	0	1	1	0	Move	1	brn	figyberry	0	0	99	0	0	ability:0:swordofruin	undefined	true	8	8	8	6	2
swordofruin	onAnyModifyDef	632	1	6	0	Bug	0	0	0	0	20	1	0	greninjaash	0	0	1	1	0	0	0	0	100	0	0	1	true	Move	0	psn	leftovers	1	-1	0	0	1	ability:0:swordofruin|ability:0:swordofruin|chain:0.75	undefined	true	0	0	0	6	0
swordofruin	onAnyModifyDef	633	1	1	70	Normal	1	1	0	20	-1	-1	16384	pikachu	1	0	0	0	1	1	1	2	100	160	1	0	true	Move	1	psn	iapapaberry	0	0	99	1	0	ability:0:swordofruin	undefined	undefined	16384	16384	16384	1	2
swordofruin	onAnyModifyDef	634	-1	0	61	Fire	1	1	1	10	20	-1	24576	pikachu	1	0	1	0	0	-1	1	1	60	160	0	1	true	Move	0	psn	aguavberry	2	1	99	1	1	ability:0:swordofruin|chain:0.75	undefined	undefined	24576	24576	24576	0	2
swordofruin	onAnyModifyDef	635	0	1	0	Ghost	1	0	0	100	100	0	8192	pikachu	1	1	0	1	0	1	0	2	0	100	1	0	true	missing	1	psn	figyberry	0	0	0	1	1	ability:0:swordofruin|ability:1:swordofruin|chain:0.75	undefined	false	8192	8192	8192	1	0
swordofruin	onAnyModifyDef	636	-1	1	70	Dark	0	1	0	20	100	-1	24576	pikachu	1	1	1	0	0	0	0	0	0	100	0	1	true	Ability	1	brn	figyberry	0	1	1	0	1	ability:0:swordofruin|ability:0:swordofruin|chain:0.75	undefined	undefined	24576	24576	24576	1	2
swordofruin	onAnyModifyDef	637	-1	0	0	Dark	1	1	0	20	100	1	8	greninjaash	0	1	1	1	0	1	1	1	100	160	1	1	undefined	missing	0	psn	aguavberry	2	0	0	1	0	ability:0:swordofruin|ability:1:swordofruin	undefined	true	8	8	8	1	2
swordofruin	onAnyModifyDef	638	0	1	60	Dark	1	0	0	0	-1	0	16384	greninjabond	0	1	1	0	0	0	1	2	0	100	1	0	true	Move	1	brn	figyberry	2	-1	0	1	1	ability:0:swordofruin|ability:0:swordofruin|chain:0.75	undefined	false	16384	16384	16384	1	0
swordofruin	onAnyModifyDef	639	0	6	0	Normal	1	1	0	100	20	-1	24576	pikachu	1	1	0	0	0	1	0	0	60	0	0	1	0	Ability	0	psn	figyberry	0	1	-1	1	1	ability:0:swordofruin|ability:1:swordofruin|chain:0.75	undefined	undefined	24576	24576	24576	6	2
swordofruin	onAnyModifyDef	640	1	0	0	Normal	1	1	1	10	0	-1	2048	pikachu	1	0	1	0	0	6	0	2	60	160	1	0	true	Move	1	psn	figyberry	1	0	-1	0	0	ability:0:swordofruin|ability:6:swordofruin|chain:0.75	undefined	undefined	2048	2048	2048	0	2
swordofruin	onAnyModifyDef	641	0	6	70	Ghost	1	0	0	20	100	0	8	pikachu	0	1	0	0	1	1	0	0	60	100	1	0	0	missing	0	brn	iapapaberry	2	0	-1	1	0	ability:0:swordofruin	undefined	false	8	8	8	1	0
swordofruin	onAnyModifyDef	642	-1	6	70	Water	0	0	1	100	100	0	2048	pikachu	0	0	0	0	1	6	1	1	60	0	1	1	null	Move	1	brn	figyberry	2	0	99	0	1	ability:0:swordofruin	undefined	false	2048	2048	2048	6	0
swordofruin	onAnyModifyDef	643	-1	6	70	Water	1	0	0	0	100	-1	8192	greninjabond	1	1	1	0	1	6	0	0	60	100	0	0	0	Ability	1	psn	magoberry	1	-1	99	1	0	ability:0:swordofruin	undefined	undefined	8192	8192	8192	6	0
swordofruin	onAnyModifyDef	644	1	1	60	Water	1	0	1	10	100	0	24576	greninjabond	1	0	0	1	0	0	0	2	0	100	1	0	true	Ability	1	brn	iapapaberry	2	-1	99	1	1	ability:0:swordofruin|ability:0:swordofruin|chain:0.75	undefined	false	24576	24576	24576	1	0
swordofruin	onAnyModifyDef	645	1	0	70	Normal	1	1	0	100	100	-1	0	greninjabond	1	0	1	0	1	-1	1	0	60	160	1	1	undefined	missing	1	brn	magoberry	2	1	0	1	0	ability:0:swordofruin	undefined	undefined	0	0	0	-1	2
swordofruin	onAnyModifyDef	646	1	1	40	Water	1	1	0	0	0	-1	24576	pikachu	0	0	1	0	1	0	1	2	0	160	1	0	false	Move	0	psn	sitrusberry	2	-1	99	0	0	ability:0:swordofruin	undefined	undefined	24576	24576	24576	0	2
swordofruin	onAnyModifyDef	647	1	6	60	Normal	0	1	1	10	0	-1	0	greninjabond	1	1	1	1	1	0	0	2	0	0	1	0	0	Ability	0	psn	magoberry	0	1	-1	1	0	ability:0:swordofruin	undefined	undefined	0	0	0	0	2
swordofruin	onAnyModifyDef	648	1	1	60	Bug	0	1	0	20	20	1	8	greninjaash	1	1	0	1	0	-1	1	2	60	160	1	1	undefined	Ability	1	psn	wikiberry	2	0	99	0	0	ability:0:swordofruin|chain:0.75	undefined	true	8	8	8	1	2
swordofruin	onAnyModifyDef	649	0	0	0	Water	0	0	0	20	-1	1	2048	greninjaash	0	0	0	1	1	1	0	0	0	100	0	1	false	missing	1	brn	magoberry	1	-1	1	0	0	ability:0:swordofruin	undefined	true	2048	2048	2048	1	0
swordofruin	onAnyModifyDef	650	6	6	61	Fire	0	0	0	10	0	1	24576	pikachu	0	0	0	0	0	0	0	1	100	100	1	1	true	missing	1	psn	wikiberry	1	-1	99	1	0	ability:0:swordofruin|ability:0:swordofruin|chain:0.75	undefined	true	24576	24576	24576	6	0
swordofruin	onAnyModifyDef	651	6	6	70	Bug	1	0	1	0	0	0	24576	greninjabond	0	1	0	0	1	-1	0	2	0	160	1	1	false	missing	1	brn	figyberry	2	0	1	0	1	ability:0:swordofruin	undefined	false	24576	24576	24576	-1	0
swordofruin	onAnyModifyDef	652	-1	1	70	Water	0	0	0	0	0	-1	8192	greninjabond	0	1	1	0	1	0	0	2	0	0	1	0	0	Ability	1	brn	magoberry	2	-1	-1	1	0	ability:0:swordofruin	undefined	undefined	8192	8192	8192	0	0
swordofruin	onAnyModifyDef	653	6	6	70	Normal	0	0	0	10	20	1	8192	greninjabond	1	1	1	0	1	1	0	2	0	160	1	0	null	Ability	0	brn	leftovers	0	-1	-1	1	0	ability:0:swordofruin	undefined	true	8192	8192	8192	1	0
swordofruin	onAnyModifyDef	654	6	6	70	Ghost	1	1	0	0	0	-1	0	greninjaash	0	0	0	0	0	1	0	1	100	100	0	0	undefined	missing	0	brn	leftovers	0	-1	0	1	1	ability:0:swordofruin|ability:1:swordofruin|chain:0.75	undefined	undefined	0	0	0	6	2
swordofruin	onAnyModifyDef	655	6	1	40	Ghost	0	1	0	0	100	1	2048	greninjaash	1	1	0	1	1	-1	0	1	0	100	0	0	null	Move	0	brn	leftovers	1	-1	0	0	1	ability:0:swordofruin	undefined	true	2048	2048	2048	-1	2
swordofruin	onAnyModifyDef	656	1	0	70	Water	1	0	0	100	0	1	24576	greninjaash	0	1	1	0	0	1	1	2	100	0	0	1	true	Ability	1	psn	figyberry	2	-1	1	0	1	ability:0:swordofruin|ability:1:swordofruin	undefined	true	24576	24576	24576	1	0
swordofruin	onAnyModifyDef	657	0	6	70	Water	1	1	1	10	100	1	24576	pikachu	1	1	1	1	0	1	1	1	100	160	0	1	undefined	Ability	0	psn	figyberry	1	0	-1	0	0	ability:0:swordofruin|ability:1:swordofruin	undefined	true	24576	24576	24576	1	2
swordofruin	onAnyModifyDef	658	1	6	70	Normal	0	1	0	100	20	-1	8192	pikachu	0	1	0	0	1	-1	1	2	60	0	1	1	undefined	missing	0	brn	aguavberry	0	0	99	0	0	ability:0:swordofruin	undefined	undefined	8192	8192	8192	-1	2
swordofruin	onAnyModifyDef	659	0	0	40	Ghost	0	1	0	10	-1	-1	8192	greninjabond	0	0	0	1	0	0	0	0	100	160	0	1	null	Ability	0	brn	sitrusberry	0	-1	0	1	0	ability:0:swordofruin|ability:0:swordofruin|chain:0.75	undefined	undefined	8192	8192	8192	0	2
swordofruin	onAnyModifyDef	660	6	1	70	Water	1	1	0	0	0	0	8	greninjabond	1	1	0	1	1	-1	1	1	0	0	0	1	0	Move	0	brn	iapapaberry	1	-1	0	1	0	ability:0:swordofruin	undefined	false	8	8	8	-1	2
swordofruin	onAnyModifyDef	661	0	0	61	Ghost	1	1	0	20	20	-1	2048	greninjabond	0	0	1	1	1	-1	1	0	100	0	1	0	undefined	Ability	0	psn	aguavberry	1	0	-1	0	0	ability:0:swordofruin	undefined	undefined	2048	2048	2048	-1	2
swordofruin	onAnyModifyDef	662	-1	1	70	Bug	0	1	1	0	100	0	16384	greninjabond	1	1	0	0	1	6	1	1	60	160	0	0	undefined	Move	1	psn	iapapaberry	1	0	99	0	1	ability:0:swordofruin	undefined	false	16384	16384	16384	6	2
swordofruin	onAnyModifyDef	663	6	6	61	Ghost	0	1	1	20	20	0	2048	pikachu	0	1	0	0	0	6	0	1	100	100	1	1	null	Move	0	brn	sitrusberry	0	0	0	1	0	ability:0:swordofruin|ability:6:swordofruin|chain:0.75	undefined	false	2048	2048	2048	6	2
swordofruin	onAnyModifyDef	664	1	6	70	Water	0	1	1	10	20	1	24576	pikachu	1	0	1	1	0	6	1	1	100	100	1	0	null	Move	1	psn	iapapaberry	2	0	0	1	1	ability:0:swordofruin|ability:6:swordofruin|chain:0.75	undefined	true	24576	24576	24576	6	2
swordofruin	onAnyModifyDef	665	-1	6	60	Fire	1	0	1	10	0	1	16384	greninjaash	0	0	1	1	0	1	0	1	100	0	0	0	undefined	Ability	0	brn	wikiberry	0	1	0	0	0	ability:0:swordofruin|ability:1:swordofruin|chain:0.75	undefined	true	16384	16384	16384	6	0
swordofruin	onAnyModifyDef	666	0	0	0	Ghost	0	1	0	10	100	-1	2048	greninjabond	0	1	1	0	0	1	1	1	100	100	0	0	0	Ability	1	psn	sitrusberry	1	1	-1	0	1	ability:0:swordofruin|ability:1:swordofruin	undefined	undefined	2048	2048	2048	1	2
swordofruin	onAnyModifyDef	667	-1	1	70	Fire	0	1	1	10	20	1	2048	greninjabond	0	0	1	0	1	1	1	1	0	0	1	0	false	missing	0	psn	magoberry	0	0	99	0	1	ability:0:swordofruin	undefined	true	2048	2048	2048	1	2
swordofruin	onAnyModifyDef	668	0	0	61	Normal	1	1	1	100	0	0	16384	greninjaash	0	0	0	0	1	-1	1	0	100	160	1	0	true	Move	0	brn	iapapaberry	2	0	1	1	1	ability:0:swordofruin	undefined	false	16384	16384	16384	-1	2
swordofruin	onAnyModifyDef	669	6	1	61	Ghost	1	0	0	0	20	-1	16384	greninjaash	1	1	1	1	0	1	0	0	60	0	0	0	false	Ability	1	psn	magoberry	1	0	99	0	0	ability:0:swordofruin|ability:1:swordofruin|chain:0.75	undefined	undefined	16384	16384	16384	1	0
swordofruin	onAnyModifyDef	670	0	0	70	Fire	0	0	1	0	20	0	24576	pikachu	1	1	0	0	0	6	1	0	0	100	0	0	undefined	Move	0	brn	magoberry	0	0	0	0	0	ability:0:swordofruin|ability:6:swordofruin	undefined	false	24576	24576	24576	6	0
swordofruin	onAnyModifyDef	671	-1	6	70	Bug	1	1	0	10	0	0	16384	greninjabond	0	1	1	0	1	1	0	0	60	160	0	0	true	missing	0	brn	wikiberry	1	0	1	1	1	ability:0:swordofruin	undefined	false	16384	16384	16384	1	2
swordofruin	onAnyModifyDef	672	1	0	60	Normal	0	1	0	20	-1	0	8192	greninjabond	0	0	0	0	1	0	0	0	0	100	1	1	undefined	Ability	0	psn	wikiberry	1	0	-1	1	1	ability:0:swordofruin	undefined	false	8192	8192	8192	0	2
swordofruin	onAnyModifyDef	673	-1	0	0	Fire	0	1	1	0	20	-1	2048	greninjabond	0	1	1	0	0	1	1	0	0	160	0	0	false	missing	1	brn	figyberry	2	1	99	1	0	ability:0:swordofruin|ability:1:swordofruin	undefined	undefined	2048	2048	2048	1	2
swordofruin	onAnyModifyDef	674	-1	0	70	Normal	0	0	1	0	0	0	8192	greninjabond	0	0	1	1	0	0	0	2	100	0	0	0	null	Move	0	brn	aguavberry	0	1	-1	1	0	ability:0:swordofruin|ability:0:swordofruin|chain:0.75	undefined	false	8192	8192	8192	0	0
swordofruin	onAnyModifyDef	675	6	0	40	Ghost	0	1	0	20	20	-1	2048	pikachu	0	0	0	0	0	6	1	2	100	100	1	0	true	missing	0	psn	aguavberry	2	-1	1	0	0	ability:0:swordofruin|ability:6:swordofruin	undefined	undefined	2048	2048	2048	6	2
swordofruin	onAnyModifyDef	676	6	0	0	Normal	0	0	0	20	0	0	0	pikachu	1	0	1	1	1	6	1	1	60	160	1	1	undefined	Ability	0	brn	wikiberry	2	1	99	1	1	ability:0:swordofruin	undefined	false	0	0	0	6	0
swordofruin	onAnyModifyDef	677	-1	0	40	Normal	0	1	1	20	-1	-1	24576	greninjaash	1	0	0	0	0	-1	1	2	60	0	0	1	undefined	Move	0	brn	magoberry	1	1	99	0	0	ability:0:swordofruin|chain:0.75	undefined	undefined	24576	24576	24576	0	2
swordofruin	onAnyModifyDef	678	1	1	70	Normal	0	0	1	0	-1	-1	16384	greninjaash	1	0	1	0	0	-1	0	1	100	100	1	0	null	missing	0	psn	sitrusberry	0	0	99	1	0	ability:0:swordofruin|chain:0.75	undefined	undefined	16384	16384	16384	1	0
swordofruin	onAnyModifyDef	679	0	1	70	Water	1	1	1	0	100	0	0	greninjaash	0	1	0	1	1	0	0	1	0	100	0	0	0	Ability	1	psn	sitrusberry	0	0	1	0	0	ability:0:swordofruin	undefined	false	0	0	0	0	2
swordofruin	onAnyModifyDef	680	6	0	0	Normal	1	0	0	100	100	-1	0	pikachu	1	1	1	1	1	6	0	1	0	0	0	0	false	Ability	0	psn	magoberry	0	-1	99	1	0	ability:0:swordofruin	undefined	undefined	0	0	0	6	0
swordofruin	onAnyModifyDef	681	-1	6	70	Bug	1	0	1	0	0	-1	8	pikachu	1	0	1	0	1	1	0	2	0	0	0	1	undefined	Ability	0	psn	magoberry	2	1	-1	1	1	ability:0:swordofruin	undefined	undefined	8	8	8	1	0
swordofruin	onAnyModifyDef	682	-1	0	61	Dark	0	0	1	20	-1	1	16384	pikachu	1	0	1	1	1	-1	1	1	0	0	0	0	true	Move	0	brn	aguavberry	2	0	-1	0	0	ability:0:swordofruin	undefined	true	16384	16384	16384	-1	0
swordofruin	onAnyModifyDef	683	1	0	60	Water	1	1	0	20	100	1	16384	greninjaash	1	0	1	1	0	-1	1	0	100	0	0	1	null	missing	0	brn	magoberry	2	0	-1	1	1	ability:0:swordofruin|chain:0.75	undefined	true	16384	16384	16384	0	2
swordofruin	onAnyModifyDef	684	0	1	60	Water	1	0	0	10	0	1	0	greninjabond	1	1	0	0	1	6	0	1	60	100	0	0	true	Ability	1	brn	magoberry	2	-1	-1	0	0	ability:0:swordofruin	undefined	true	0	0	0	6	0
swordofruin	onAnyModifyDef	685	1	6	0	Dark	1	0	1	100	-1	0	0	greninjabond	0	1	0	0	0	1	0	0	100	100	0	1	null	missing	1	brn	aguavberry	0	1	1	1	0	ability:0:swordofruin|ability:1:swordofruin|chain:0.75	undefined	false	0	0	0	6	0
swordofruin	onAnyModifyDef	686	-1	6	61	Fire	0	1	0	0	0	0	2048	pikachu	1	0	1	0	1	-1	1	0	0	160	1	0	null	Ability	1	psn	aguavberry	0	-1	0	0	1	ability:0:swordofruin	undefined	false	2048	2048	2048	-1	2
swordofruin	onAnyModifyDef	687	0	0	40	Dark	1	1	1	20	20	1	8192	greninjaash	0	1	1	1	0	-1	1	0	100	100	1	1	0	Move	1	psn	magoberry	0	-1	99	1	1	ability:0:swordofruin|chain:0.75	undefined	true	8192	8192	8192	0	2
swordofruin	onAnyModifyDef	688	6	6	60	Bug	0	0	1	0	-1	-1	16384	greninjabond	1	0	1	0	1	-1	0	0	60	100	1	1	false	missing	0	psn	wikiberry	1	0	1	1	0	ability:0:swordofruin	undefined	undefined	16384	16384	16384	-1	0
swordofruin	onAnyModifyDef	689	6	0	40	Bug	1	1	1	100	-1	-1	2048	pikachu	0	1	1	1	1	6	0	1	100	100	0	1	true	Ability	1	psn	sitrusberry	2	0	1	1	1	ability:0:swordofruin	undefined	undefined	2048	2048	2048	6	2
swordofruin	onAnyModifyDef	690	6	1	70	Normal	1	0	1	0	20	1	16384	greninjabond	1	1	1	1	0	1	0	0	100	0	1	0	0	missing	1	psn	iapapaberry	1	0	-1	1	1	ability:0:swordofruin|ability:1:swordofruin|chain:0.75	undefined	true	16384	16384	16384	1	0
swordofruin	onAnyModifyDef	691	-1	1	70	Normal	1	1	1	100	0	0	2048	greninjabond	1	0	0	1	1	0	1	2	60	160	1	1	undefined	Ability	0	brn	sitrusberry	0	0	99	0	0	ability:0:swordofruin	undefined	false	2048	2048	2048	0	2
swordofruin	onAnyModifyDef	692	6	0	40	Water	0	1	1	0	-1	0	8	greninjabond	0	1	0	1	0	1	0	1	0	160	1	1	false	missing	1	brn	sitrusberry	0	1	0	0	0	ability:0:swordofruin|ability:1:swordofruin|chain:0.75	undefined	false	8	8	8	0	2
swordofruin	onAnyModifyDef	693	-1	1	61	Fire	1	1	1	10	-1	-1	24576	greninjaash	1	0	0	1	1	-1	0	2	60	100	0	0	undefined	Move	0	psn	iapapaberry	2	1	1	1	0	ability:0:swordofruin	undefined	undefined	24576	24576	24576	-1	2
swordofruin	onAnyModifyDef	694	0	1	61	Normal	0	1	0	0	100	-1	8	greninjaash	1	0	1	0	0	0	1	2	0	160	1	0	0	Move	0	brn	iapapaberry	2	0	99	1	1	ability:0:swordofruin|ability:0:swordofruin|chain:0.75	undefined	undefined	8	8	8	1	2
swordofruin	onAnyModifyDef	695	1	1	61	Ghost	0	1	0	10	0	0	24576	greninjabond	1	1	0	0	1	6	1	1	100	0	0	1	true	missing	1	brn	magoberry	0	0	-1	1	0	ability:0:swordofruin	undefined	false	24576	24576	24576	6	2
swordofruin	onAnyModifyDef	696	6	1	61	Water	1	1	0	10	100	1	2048	pikachu	0	0	0	1	1	1	1	1	60	100	1	0	true	Ability	1	brn	wikiberry	0	0	0	1	1	ability:0:swordofruin	undefined	true	2048	2048	2048	1	2
swordofruin	onAnyModifyDef	697	6	1	0	Fire	0	0	1	100	100	0	8192	pikachu	1	0	0	1	1	6	1	2	60	0	1	1	false	Ability	0	brn	magoberry	2	0	99	1	1	ability:0:swordofruin	undefined	false	8192	8192	8192	6	0
swordofruin	onAnyModifyDef	698	1	6	0	Ghost	1	1	0	20	0	0	8	greninjabond	1	1	0	1	1	0	0	2	100	100	1	0	false	Ability	0	brn	leftovers	2	1	-1	0	1	ability:0:swordofruin	undefined	false	8	8	8	0	2
swordofruin	onAnyModifyDef	699	6	6	60	Dark	1	1	0	100	0	-1	16384	pikachu	1	0	0	0	0	1	1	1	100	0	0	0	null	Ability	1	brn	iapapaberry	1	0	0	0	1	ability:0:swordofruin|ability:1:swordofruin	undefined	undefined	16384	16384	16384	1	2
swordofruin	onAnyModifyDef	700	1	0	60	Normal	1	0	0	100	-1	0	8192	pikachu	1	0	1	0	0	1	0	0	0	100	1	0	null	Ability	1	brn	iapapaberry	2	1	1	0	1	ability:0:swordofruin|ability:1:swordofruin|chain:0.75	undefined	false	8192	8192	8192	0	0
swordofruin	onAnyModifyDef	701	0	0	70	Normal	0	0	1	20	0	-1	2048	greninjabond	1	1	0	1	1	1	1	0	60	160	0	0	true	missing	1	brn	magoberry	2	-1	1	1	0	ability:0:swordofruin	undefined	undefined	2048	2048	2048	1	0
swordofruin	onAnyModifyDef	702	1	6	60	Ghost	0	0	0	0	100	0	0	pikachu	0	1	1	0	1	0	0	0	100	100	0	0	true	missing	0	psn	sitrusberry	0	0	0	0	0	ability:0:swordofruin	undefined	false	0	0	0	0	0
swordofruin	onAnyModifyDef	703	6	1	61	Dark	0	1	1	100	100	-1	24576	greninjabond	1	1	0	1	1	1	1	2	60	160	1	0	0	missing	1	brn	iapapaberry	0	-1	-1	0	1	ability:0:swordofruin	undefined	undefined	24576	24576	24576	1	2
swordofruin	onAnyModifyDef	704	6	0	70	Water	0	1	0	20	-1	-1	8	greninjaash	1	1	1	0	1	6	1	2	60	160	0	1	null	missing	1	brn	wikiberry	0	1	-1	0	1	ability:0:swordofruin	undefined	undefined	8	8	8	6	2
swordofruin	onAnyModifyDef	705	6	6	0	Normal	1	1	0	100	-1	1	0	pikachu	1	0	0	0	1	6	0	1	0	160	1	0	false	Move	0	brn	figyberry	0	-1	0	0	1	ability:0:swordofruin	undefined	true	0	0	0	6	2
swordofruin	onAnyModifyDef	706	0	0	0	Water	1	1	0	0	-1	-1	2048	pikachu	1	0	0	1	0	6	1	1	60	100	1	0	true	Ability	0	psn	magoberry	2	-1	-1	0	0	ability:0:swordofruin|ability:6:swordofruin	undefined	undefined	2048	2048	2048	6	2
swordofruin	onAnyModifyDef	707	1	6	40	Ghost	0	1	1	0	-1	-1	8	greninjaash	0	0	1	0	0	6	0	2	60	160	1	1	false	Ability	1	psn	magoberry	0	0	-1	1	0	ability:0:swordofruin|ability:6:swordofruin|chain:0.75	undefined	undefined	8	8	8	6	2
swordofruin	onAnyModifyDef	708	-1	0	40	Water	0	0	0	20	-1	0	8	greninjaash	0	0	0	1	0	0	1	2	100	0	0	1	null	Ability	0	brn	iapapaberry	1	0	99	0	1	ability:0:swordofruin|ability:0:swordofruin|chain:0.75	undefined	false	8	8	8	0	0
swordofruin	onAnyModifyDef	709	6	6	0	Normal	1	1	1	0	0	-1	8	greninjabond	0	1	0	1	1	-1	0	2	100	160	0	1	false	Move	1	brn	magoberry	2	1	0	1	0	ability:0:swordofruin	undefined	undefined	8	8	8	-1	2
swordofruin	onAnyModifyDef	710	6	1	0	Normal	1	0	1	0	20	1	2048	greninjabond	0	1	0	0	0	1	1	0	60	160	0	0	0	Move	1	brn	magoberry	1	1	99	0	1	ability:0:swordofruin|ability:1:swordofruin|chain:0.75	undefined	true	2048	2048	2048	1	0
swordofruin	onAnyModifyDef	711	6	6	70	Bug	0	1	0	20	20	1	8192	pikachu	1	1	1	1	0	0	1	1	0	160	0	0	false	Ability	1	psn	leftovers	1	1	0	1	0	ability:0:swordofruin|ability:0:swordofruin|chain:0.75	undefined	true	8192	8192	8192	6	2
swordofruin	onAnyModifyDef	712	6	0	60	Ghost	0	0	1	100	100	1	8	greninjabond	0	1	0	1	0	0	1	0	0	160	1	0	undefined	missing	1	brn	sitrusberry	0	-1	-1	0	0	ability:0:swordofruin|ability:0:swordofruin|chain:0.75	undefined	true	8	8	8	0	0
swordofruin	onAnyModifyDef	713	6	1	61	Water	0	0	0	20	20	0	16384	pikachu	0	1	0	0	0	6	1	0	60	160	1	0	null	missing	1	psn	aguavberry	1	0	1	0	1	ability:0:swordofruin|ability:6:swordofruin	undefined	false	16384	16384	16384	6	0
swordofruin	onAnyModifyDef	714	-1	0	0	Ghost	1	0	0	20	20	1	2048	greninjabond	1	0	0	1	0	1	0	1	0	100	0	0	null	missing	1	brn	iapapaberry	0	1	-1	1	0	ability:0:swordofruin|ability:1:swordofruin|chain:0.75	undefined	true	2048	2048	2048	0	0
swordofruin	onAnyModifyDef	715	-1	6	0	Bug	0	1	0	10	20	0	8	greninjaash	0	0	0	1	1	-1	0	0	0	0	0	1	0	missing	1	psn	iapapaberry	1	0	1	0	1	ability:0:swordofruin	undefined	false	8	8	8	-1	2
swordofruin	onAnyModifyDef	716	1	0	0	Bug	0	1	1	10	-1	1	0	greninjabond	1	1	0	0	0	0	1	0	60	0	1	0	undefined	Move	0	brn	iapapaberry	2	0	0	0	1	ability:0:swordofruin|ability:0:swordofruin|chain:0.75	undefined	true	0	0	0	0	2
swordofruin	onAnyModifyDef	717	0	6	70	Dark	1	0	1	10	0	1	8192	greninjaash	1	0	1	0	1	1	1	0	60	160	1	1	null	Move	0	psn	iapapaberry	1	1	0	0	0	ability:0:swordofruin	undefined	true	8192	8192	8192	1	0
swordofruin	onAnyModifyDef	718	-1	6	60	Ghost	1	0	1	0	-1	0	8192	greninjabond	0	0	0	0	0	6	1	0	60	160	0	0	null	missing	0	psn	magoberry	0	0	0	1	1	ability:0:swordofruin|ability:6:swordofruin|chain:0.75	undefined	false	8192	8192	8192	6	0
swordofruin	onAnyModifyDef	719	-1	6	60	Normal	1	1	1	0	0	1	8192	pikachu	0	0	0	0	1	-1	1	0	100	100	0	1	0	Ability	1	psn	aguavberry	1	-1	0	0	1	ability:0:swordofruin	undefined	true	8192	8192	8192	-1	2
swordofruin	onAnyModifyDef	720	-1	1	60	Ghost	1	1	0	0	20	-1	8	greninjabond	1	0	0	1	0	1	1	0	100	160	0	1	0	Move	0	brn	aguavberry	1	-1	99	0	0	ability:0:swordofruin|ability:1:swordofruin|chain:0.75	undefined	undefined	8	8	8	1	2
swordofruin	onAnyModifyDef	721	1	6	60	Dark	0	1	0	20	0	1	8	greninjabond	1	0	0	1	0	6	0	2	100	100	1	1	0	missing	0	psn	sitrusberry	2	0	-1	0	1	ability:0:swordofruin|ability:6:swordofruin|chain:0.75	undefined	true	8	8	8	6	2
swordofruin	onAnyModifyDef	722	-1	0	70	Normal	1	0	1	0	100	-1	8	greninjabond	0	0	1	1	1	-1	0	0	60	0	0	0	undefined	missing	0	psn	figyberry	1	1	-1	0	1	ability:0:swordofruin	undefined	undefined	8	8	8	-1	0
swordofruin	onAnyModifyDef	723	6	0	60	Bug	0	1	1	10	20	-1	24576	pikachu	0	0	1	1	0	0	0	0	0	160	0	0	true	Move	1	brn	magoberry	0	1	0	0	0	ability:0:swordofruin|ability:0:swordofruin|chain:0.75	undefined	undefined	24576	24576	24576	0	2
swordofruin	onAnyModifyDef	724	-1	0	60	Bug	1	1	0	0	-1	-1	16384	greninjabond	0	0	1	0	0	0	1	0	100	160	1	1	false	missing	0	brn	sitrusberry	0	-1	1	1	0	ability:0:swordofruin|ability:0:swordofruin|chain:0.75	undefined	undefined	16384	16384	16384	0	2
swordofruin	onAnyModifyDef	725	6	0	61	Dark	0	1	0	100	100	-1	2048	greninjabond	1	1	1	0	0	-1	0	2	100	160	1	1	true	Move	1	psn	leftovers	0	1	-1	0	0	ability:0:swordofruin|chain:0.75	undefined	undefined	2048	2048	2048	0	2
swordofruin	onAnyModifyDef	726	1	1	61	Water	1	1	1	0	0	0	0	greninjabond	0	0	0	0	1	6	0	2	60	0	1	0	true	Ability	0	brn	iapapaberry	2	0	-1	0	0	ability:0:swordofruin	undefined	false	0	0	0	6	2
swordofruin	onAnyModifyDef	727	0	0	40	Ghost	1	0	1	100	100	0	8192	pikachu	0	0	1	0	0	6	0	2	0	160	1	0	true	Ability	0	psn	magoberry	1	-1	1	0	1	ability:0:swordofruin|ability:6:swordofruin|chain:0.75	undefined	false	8192	8192	8192	0	0
swordofruin	onAnyModifyDef	728	-1	1	0	Ghost	0	1	1	10	0	-1	0	greninjaash	1	0	1	0	0	-1	0	0	0	160	0	0	false	missing	0	brn	figyberry	0	0	1	0	1	ability:0:swordofruin|chain:0.75	undefined	undefined	0	0	0	1	2
swordofruin	onAnyModifyDef	729	1	1	70	Dark	1	0	0	10	20	-1	0	pikachu	1	1	0	1	0	6	0	1	100	160	1	1	false	Ability	1	brn	leftovers	1	-1	1	1	1	ability:0:swordofruin|ability:6:swordofruin|chain:0.75	undefined	undefined	0	0	0	1	0
swordofruin	onAnyModifyDef	730	6	0	61	Dark	0	1	1	20	0	0	0	greninjaash	0	1	1	1	0	6	1	1	100	100	0	0	undefined	missing	0	brn	wikiberry	0	1	-1	1	1	ability:0:swordofruin|ability:6:swordofruin	undefined	false	0	0	0	6	2
swordofruin	onAnyModifyDef	731	1	0	61	Fire	1	1	1	20	100	-1	24576	pikachu	1	0	0	0	0	1	0	0	0	160	1	0	false	Ability	1	brn	wikiberry	0	0	-1	1	0	ability:0:swordofruin|ability:1:swordofruin|chain:0.75	undefined	undefined	24576	24576	24576	0	2
swordofruin	onAnyModifyDef	732	1	0	70	Normal	0	0	0	100	-1	0	16384	greninjabond	0	0	0	1	1	-1	1	1	100	0	0	0	false	Ability	1	brn	aguavberry	2	0	99	1	0	ability:0:swordofruin	undefined	false	16384	16384	16384	-1	0
swordofruin	onAnyModifyDef	733	-1	6	61	Normal	1	0	0	10	100	1	24576	greninjabond	0	0	1	1	0	1	0	2	60	100	1	0	null	Ability	0	brn	iapapaberry	0	0	-1	0	0	ability:0:swordofruin|ability:1:swordofruin|chain:0.75	undefined	true	24576	24576	24576	6	0
swordofruin	onAnyModifyDef	734	6	1	61	Dark	1	1	0	0	100	0	0	greninjaash	0	1	1	1	0	-1	1	2	100	100	1	1	null	Move	1	psn	iapapaberry	0	1	1	1	0	ability:0:swordofruin|chain:0.75	undefined	false	0	0	0	1	2
swordofruin	onAnyModifyDef	735	1	1	60	Dark	1	0	0	20	20	0	16384	greninjaash	0	0	0	1	0	6	0	1	0	160	0	0	true	missing	0	brn	wikiberry	1	-1	1	1	0	ability:0:swordofruin|ability:6:swordofruin|chain:0.75	undefined	false	16384	16384	16384	1	0
swordofruin	onAnyModifyDef	736	-1	6	61	Ghost	1	0	1	20	20	1	0	greninjaash	0	1	0	1	0	0	0	1	0	160	1	1	true	missing	0	brn	aguavberry	2	0	0	0	1	ability:0:swordofruin|ability:0:swordofruin|chain:0.75	undefined	true	0	0	0	6	0
swordofruin	onAnyModifyDef	737	1	6	40	Water	0	1	0	10	100	0	8192	pikachu	0	0	1	1	1	6	1	2	0	0	0	0	true	Move	0	psn	figyberry	1	1	99	1	1	ability:0:swordofruin	undefined	false	8192	8192	8192	6	2
swordofruin	onAnyModifyDef	738	1	0	61	Normal	0	1	1	0	-1	1	2048	greninjaash	0	1	1	1	1	0	0	2	0	160	1	0	null	Ability	1	psn	wikiberry	1	0	-1	0	0	ability:0:swordofruin	undefined	true	2048	2048	2048	0	2
swordofruin	onAnyModifyDef	739	-1	1	61	Dark	1	1	0	20	0	-1	8	pikachu	1	0	1	1	1	-1	0	1	0	100	0	1	undefined	Ability	1	psn	aguavberry	2	-1	1	0	1	ability:0:swordofruin	undefined	undefined	8	8	8	-1	2
swordofruin	onAnyModifyDef	740	0	6	70	Bug	1	0	1	20	20	-1	8	pikachu	1	1	0	0	1	-1	0	1	60	160	1	1	undefined	Ability	1	brn	figyberry	0	1	-1	1	1	ability:0:swordofruin	undefined	undefined	8	8	8	-1	0
swordofruin	onAnyModifyDef	741	1	0	60	Ghost	1	1	0	20	100	0	0	greninjaash	1	1	1	1	0	-1	1	2	0	160	1	0	false	missing	1	brn	leftovers	0	1	99	1	1	ability:0:swordofruin|chain:0.75	undefined	false	0	0	0	0	2
swordofruin	onAnyModifyDef	742	-1	1	70	Normal	1	0	0	10	100	-1	8192	pikachu	0	1	1	1	1	-1	0	0	0	160	1	1	undefined	Ability	0	brn	magoberry	1	1	-1	0	1	ability:0:swordofruin	undefined	undefined	8192	8192	8192	-1	0
swordofruin	onAnyModifyDef	743	1	6	70	Bug	1	0	1	0	-1	1	0	pikachu	1	0	0	1	1	1	0	1	100	0	1	1	0	missing	0	brn	leftovers	1	0	99	0	1	ability:0:swordofruin	undefined	true	0	0	0	1	0
swordofruin	onAnyModifyDef	744	-1	1	0	Fire	0	0	0	100	0	1	16384	greninjaash	1	1	0	0	0	6	0	0	0	0	0	0	0	missing	1	brn	leftovers	1	-1	-1	1	1	ability:0:swordofruin|ability:6:swordofruin|chain:0.75	undefined	true	16384	16384	16384	1	0
swordofruin	onAnyModifyDef	745	0	0	40	Bug	0	0	1	0	-1	-1	0	greninjaash	1	1	1	0	1	6	0	0	60	0	0	0	true	missing	1	psn	aguavberry	2	-1	0	1	1	ability:0:swordofruin	undefined	undefined	0	0	0	6	0
swordofruin	onAnyModifyDef	746	0	6	70	Fire	0	0	0	20	100	-1	24576	greninjabond	0	0	0	1	0	-1	0	0	100	0	1	0	0	Ability	0	brn	iapapaberry	1	0	-1	1	1	ability:0:swordofruin|chain:0.75	undefined	undefined	24576	24576	24576	6	0
swordofruin	onAnyModifyDef	747	6	0	60	Fire	1	1	1	100	0	0	8192	greninjabond	1	0	1	1	0	0	1	1	60	0	1	1	false	Move	0	psn	aguavberry	0	1	0	0	0	ability:0:swordofruin|ability:0:swordofruin|chain:0.75	undefined	false	8192	8192	8192	0	2
swordofruin	onAnyModifyDef	748	6	6	60	Normal	0	1	0	10	20	1	8192	pikachu	0	1	1	1	1	6	0	2	60	0	1	0	0	Move	1	brn	figyberry	2	1	0	1	1	ability:0:swordofruin	undefined	true	8192	8192	8192	6	2
swordofruin	onAnyModifyDef	749	-1	6	60	Fire	0	0	0	0	20	-1	8	greninjabond	1	0	1	0	1	6	0	0	0	0	1	1	null	missing	1	psn	figyberry	1	-1	99	1	1	ability:0:swordofruin	undefined	undefined	8	8	8	6	0
swordofruin	onAnyModifyDef	750	0	6	70	Dark	0	0	0	10	20	1	0	pikachu	1	1	1	1	0	0	0	2	0	100	1	1	0	Move	1	psn	leftovers	0	-1	1	0	1	ability:0:swordofruin|ability:0:swordofruin|chain:0.75	undefined	true	0	0	0	6	0
swordofruin	onAnyModifyDef	751	6	0	70	Water	0	0	0	100	100	1	2048	greninjabond	1	0	1	0	0	0	0	2	0	160	0	1	true	Ability	0	psn	wikiberry	2	0	99	0	0	ability:0:swordofruin|ability:0:swordofruin|chain:0.75	undefined	true	2048	2048	2048	0	0
swordofruin	onAnyModifyDef	752	-1	0	0	Ghost	0	1	1	0	20	0	8	greninjaash	0	0	1	1	1	0	1	1	60	0	0	1	true	Ability	1	brn	aguavberry	2	1	99	1	0	ability:0:swordofruin	undefined	false	8	8	8	0	2
swordofruin	onAnyModifyDef	753	0	0	40	Fire	1	1	1	0	100	0	24576	pikachu	1	0	1	0	1	6	1	0	100	100	0	1	true	Ability	1	brn	aguavberry	1	-1	1	0	1	ability:0:swordofruin	undefined	false	24576	24576	24576	6	2
swordofruin	onAnyModifyDef	754	-1	1	60	Normal	0	0	0	0	0	1	0	pikachu	0	0	0	1	1	6	1	0	0	0	1	0	0	Move	0	psn	wikiberry	2	1	-1	1	1	ability:0:swordofruin	undefined	true	0	0	0	6	0
swordofruin	onAnyModifyDef	755	1	6	40	Water	1	1	0	100	-1	0	0	greninjaash	0	0	0	0	0	1	1	1	100	100	0	0	undefined	Move	0	psn	wikiberry	2	1	99	1	1	ability:0:swordofruin|ability:1:swordofruin	undefined	false	0	0	0	1	2
swordofruin	onAnyModifyDef	756	0	6	60	Bug	0	0	0	0	20	0	24576	greninjabond	1	0	0	0	1	6	0	2	60	0	0	1	false	Ability	0	brn	magoberry	2	0	1	1	0	ability:0:swordofruin	undefined	false	24576	24576	24576	6	0
swordofruin	onAnyModifyDef	757	0	0	40	Bug	1	1	0	10	20	-1	24576	pikachu	0	1	1	0	1	0	1	1	100	0	0	1	false	missing	0	brn	sitrusberry	2	1	99	1	1	ability:0:swordofruin	undefined	undefined	24576	24576	24576	0	2
swordofruin	onAnyModifyDef	758	1	1	40	Fire	0	1	0	10	-1	0	8192	greninjabond	1	0	0	1	0	0	1	0	100	0	0	1	0	Move	1	brn	wikiberry	1	0	-1	1	0	ability:0:swordofruin|ability:0:swordofruin|chain:0.75	undefined	false	8192	8192	8192	1	2
swordofruin	onAnyModifyDef	759	-1	1	70	Dark	0	0	1	10	20	0	16384	pikachu	1	0	0	0	0	-1	0	1	100	100	0	0	undefined	missing	0	psn	leftovers	2	0	-1	1	1	ability:0:swordofruin|chain:0.75	undefined	false	16384	16384	16384	1	0
swordofruin	onAnyModifyDef	760	0	6	70	Fire	1	1	1	10	-1	-1	8192	greninjabond	1	1	0	0	1	1	1	1	0	100	1	0	true	missing	1	brn	aguavberry	0	0	1	1	0	ability:0:swordofruin	undefined	undefined	8192	8192	8192	1	2
swordofruin	onAnyModifyDef	761	0	0	40	Ghost	0	0	1	100	0	0	8192	pikachu	0	1	1	1	0	6	0	0	0	100	0	1	undefined	missing	0	brn	leftovers	0	1	-1	0	1	ability:0:swordofruin|ability:6:swordofruin|chain:0.75	undefined	false	8192	8192	8192	0	0
swordofruin	onAnyModifyDef	762	6	6	40	Water	0	0	0	20	-1	1	2048	greninjaash	0	1	0	1	1	0	0	1	100	100	1	0	false	Ability	1	brn	aguavberry	2	-1	-1	0	0	ability:0:swordofruin	undefined	true	2048	2048	2048	0	0
swordofruin	onAnyModifyDef	763	-1	1	0	Water	0	1	1	0	20	0	0	greninjaash	0	0	1	0	1	6	1	0	100	160	0	1	false	Ability	0	brn	wikiberry	2	-1	1	0	0	ability:0:swordofruin	undefined	false	0	0	0	6	2
swordofruin	onAnyModifyDef	764	6	6	0	Normal	1	0	1	100	20	0	16384	greninjabond	0	0	0	1	1	1	1	0	0	160	1	0	null	Move	0	psn	wikiberry	2	0	99	1	0	ability:0:swordofruin	undefined	false	16384	16384	16384	1	0
swordofruin	onAnyModifyDef	765	6	1	40	Bug	0	0	1	100	20	0	2048	greninjaash	1	0	0	0	1	6	0	2	60	160	0	0	true	missing	1	brn	wikiberry	0	1	1	0	1	ability:0:swordofruin	undefined	false	2048	2048	2048	6	0
swordofruin	onAnyModifyDef	766	-1	1	60	Bug	0	1	1	10	0	0	8	greninjabond	1	0	0	1	1	1	0	1	100	0	0	1	true	Move	0	psn	wikiberry	1	0	1	0	0	ability:0:swordofruin	undefined	false	8	8	8	1	2
swordofruin	onAnyModifyDef	767	-1	1	60	Fire	0	0	1	0	-1	-1	2048	greninjabond	0	0	1	1	1	6	1	0	100	160	1	0	undefined	missing	1	brn	sitrusberry	0	1	0	0	0	ability:0:swordofruin	undefined	undefined	2048	2048	2048	6	0
swordofruin	onAnyModifyDef	768	0	1	0	Ghost	0	0	0	20	100	-1	24576	greninjaash	0	1	0	1	1	-1	1	0	60	160	0	1	true	Ability	0	brn	figyberry	2	-1	0	1	1	ability:0:swordofruin	undefined	undefined	24576	24576	24576	-1	0
swordofruin	onAnyModifyDef	769	-1	0	0	Normal	0	1	1	100	20	0	0	pikachu	1	0	1	1	0	6	1	2	0	0	0	1	true	Ability	1	psn	aguavberry	0	1	0	0	1	ability:0:swordofruin|ability:6:swordofruin	undefined	false	0	0	0	6	2
swordofruin	onAnyModifyDef	770	6	6	70	Ghost	1	1	0	0	20	-1	24576	pikachu	1	1	1	1	0	-1	0	0	60	100	0	0	0	missing	0	psn	aguavberry	2	0	-1	1	0	ability:0:swordofruin|chain:0.75	undefined	undefined	24576	24576	24576	6	2
swordofruin	onAnyModifyDef	771	6	6	70	Dark	0	1	1	10	20	1	16384	greninjaash	0	0	0	1	0	-1	1	1	0	100	1	1	undefined	Ability	0	brn	wikiberry	2	1	-1	0	1	ability:0:swordofruin|chain:0.75	undefined	true	16384	16384	16384	6	2
swordofruin	onAnyModifyDef	772	0	0	70	Ghost	0	1	0	20	20	-1	0	pikachu	0	1	1	0	1	1	1	0	100	0	0	1	0	missing	0	psn	wikiberry	2	-1	-1	0	0	ability:0:swordofruin	undefined	undefined	0	0	0	1	2
swordofruin	onAnyModifyDef	773	0	0	70	Ghost	0	0	1	0	20	1	8192	greninjabond	0	1	0	1	0	0	0	0	0	100	0	0	null	missing	0	psn	iapapaberry	0	0	1	0	1	ability:0:swordofruin|ability:0:swordofruin|chain:0.75	undefined	true	8192	8192	8192	0	0
swordofruin	onAnyModifyDef	774	0	6	60	Dark	0	0	1	10	100	1	0	greninjaash	1	1	0	1	0	1	0	1	0	160	0	1	null	missing	1	brn	iapapaberry	1	1	-1	1	1	ability:0:swordofruin|ability:1:swordofruin|chain:0.75	undefined	true	0	0	0	6	0
swordofruin	onAnyModifyDef	775	0	6	0	Fire	1	0	0	20	100	-1	24576	greninjaash	0	0	0	0	0	1	1	1	0	0	0	1	false	Move	1	brn	wikiberry	1	0	0	0	1	ability:0:swordofruin|ability:1:swordofruin	undefined	undefined	24576	24576	24576	1	0
swordofruin	onAnyModifyDef	776	0	1	0	Ghost	1	0	1	100	-1	-1	2048	greninjabond	0	0	1	0	1	0	0	2	100	0	0	0	null	missing	0	brn	wikiberry	1	1	-1	1	1	ability:0:swordofruin	undefined	undefined	2048	2048	2048	0	0
swordofruin	onAnyModifyDef	777	-1	0	0	Fire	1	1	1	100	0	1	8	greninjaash	1	1	1	0	0	6	1	0	60	0	1	0	false	Ability	0	psn	leftovers	1	-1	99	1	1	ability:0:swordofruin|ability:6:swordofruin	undefined	true	8	8	8	6	2
swordofruin	onAnyModifyDef	778	1	0	61	Normal	1	1	1	20	100	-1	16384	pikachu	1	1	1	1	1	1	1	0	100	160	0	0	null	missing	0	brn	leftovers	2	1	-1	0	1	ability:0:swordofruin	undefined	undefined	16384	16384	16384	1	2
swordofruin	onAnyModifyDef	779	1	6	60	Fire	0	1	0	10	100	0	0	greninjaash	1	0	1	1	0	0	1	0	60	100	0	0	false	Ability	0	psn	sitrusberry	1	0	99	1	0	ability:0:swordofruin|ability:0:swordofruin|chain:0.75	undefined	false	0	0	0	6	2
swordofruin	onAnyModifyDef	780	6	6	40	Ghost	1	1	1	10	100	-1	16384	pikachu	1	0	0	1	0	1	1	1	100	0	0	1	undefined	missing	0	psn	wikiberry	2	-1	0	0	1	ability:0:swordofruin|ability:1:swordofruin	undefined	undefined	16384	16384	16384	1	2
swordofruin	onAnyModifyDef	781	1	0	60	Dark	1	1	1	20	-1	0	0	greninjabond	0	0	0	1	0	6	1	0	60	0	0	1	0	Ability	1	psn	aguavberry	2	-1	0	0	1	ability:0:swordofruin|ability:6:swordofruin	undefined	false	0	0	0	6	2
swordofruin	onAnyModifyDef	782	1	6	60	Bug	0	0	1	10	100	-1	24576	greninjaash	1	1	1	1	1	6	1	0	0	0	1	1	0	Ability	1	psn	figyberry	2	1	1	0	0	ability:0:swordofruin	undefined	undefined	24576	24576	24576	6	0
swordofruin	onAnyModifyDef	783	1	0	60	Water	1	0	1	10	20	-1	8	greninjabond	0	0	1	0	0	0	1	2	0	100	1	1	true	Ability	1	psn	magoberry	1	-1	1	1	0	ability:0:swordofruin|ability:0:swordofruin|chain:0.75	undefined	undefined	8	8	8	0	0
swordofruin	onAnyModifyDef	784	0	1	70	Dark	0	1	1	0	100	-1	16384	pikachu	1	0	0	1	1	6	0	1	0	160	1	0	null	missing	0	brn	sitrusberry	1	1	99	1	0	ability:0:swordofruin	undefined	undefined	16384	16384	16384	6	2
swordofruin	onAnyModifyDef	785	-1	6	61	Fire	0	0	0	20	20	0	0	pikachu	0	0	0	0	1	6	0	0	0	160	1	0	null	Ability	1	brn	iapapaberry	2	0	0	1	1	ability:0:swordofruin	undefined	false	0	0	0	6	0
swordofruin	onAnyModifyDef	786	0	1	61	Fire	1	0	1	0	-1	-1	16384	greninjabond	1	0	1	1	0	0	0	2	0	0	0	0	true	Move	1	psn	wikiberry	0	1	-1	1	1	ability:0:swordofruin|ability:0:swordofruin|chain:0.75	undefined	undefined	16384	16384	16384	1	0
swordofruin	onAnyModifyDef	787	-1	1	40	Normal	1	0	1	20	0	1	16384	greninjaash	1	1	1	0	1	1	1	2	100	160	1	0	null	Move	1	psn	iapapaberry	2	1	1	0	1	ability:0:swordofruin	undefined	true	16384	16384	16384	1	0
swordofruin	onAnyModifyDef	788	1	1	60	Ghost	0	0	1	10	100	1	2048	greninjabond	0	0	1	0	0	0	0	0	60	100	1	0	false	Ability	1	psn	sitrusberry	1	1	1	0	1	ability:0:swordofruin|ability:0:swordofruin|chain:0.75	undefined	true	2048	2048	2048	1	0
swordofruin	onAnyModifyDef	789	-1	6	60	Bug	0	0	1	100	-1	0	8	greninjaash	1	1	0	0	0	0	0	2	100	160	0	1	undefined	missing	1	brn	sitrusberry	2	0	0	1	1	ability:0:swordofruin|ability:0:swordofruin|chain:0.75	undefined	false	8	8	8	6	0
swordofruin	onAnyModifyDef	790	6	0	61	Ghost	1	0	0	10	20	-1	8192	greninjabond	0	0	1	1	0	-1	0	2	100	160	1	1	0	missing	0	brn	figyberry	2	0	-1	1	0	ability:0:swordofruin|chain:0.75	undefined	undefined	8192	8192	8192	0	0
swordofruin	onAnyModifyDef	791	1	1	40	Bug	1	0	0	100	-1	1	8	greninjaash	1	0	1	1	1	-1	1	1	60	0	0	0	true	Ability	1	psn	figyberry	1	0	1	0	1	ability:0:swordofruin	undefined	true	8	8	8	-1	0
swordofruin	onAnyModifyDef	792	0	0	0	Dark	1	0	0	20	-1	-1	16384	greninjabond	0	1	0	0	1	-1	0	0	60	0	0	1	undefined	missing	0	brn	sitrusberry	0	-1	1	0	0	ability:0:swordofruin	undefined	undefined	16384	16384	16384	-1	0
swordofruin	onAnyModifyDef	793	6	6	0	Bug	0	1	0	20	100	-1	8192	greninjaash	1	1	0	0	1	6	1	2	0	0	1	1	undefined	Move	1	psn	leftovers	1	1	1	1	1	ability:0:swordofruin	undefined	undefined	8192	8192	8192	6	2
swordofruin	onAnyModifyDef	794	-1	1	61	Normal	1	0	1	20	20	1	8192	greninjaash	1	0	0	1	1	6	0	2	100	0	1	1	undefined	Move	0	brn	magoberry	2	0	0	1	0	ability:0:swordofruin	undefined	true	8192	8192	8192	6	0
swordofruin	onAnyModifyDef	795	6	6	0	Water	1	0	0	20	-1	-1	8	greninjabond	1	1	0	1	0	6	0	1	60	160	0	1	true	missing	1	brn	aguavberry	1	0	-1	1	0	ability:0:swordofruin|ability:6:swordofruin|chain:0.75	undefined	undefined	8	8	8	6	0
swordofruin	onAnyModifyDef	796	-1	6	60	Fire	0	0	0	0	100	-1	8192	greninjaash	1	1	1	1	0	0	0	1	60	100	0	1	true	missing	1	psn	figyberry	1	0	99	0	0	ability:0:swordofruin|ability:0:swordofruin|chain:0.75	undefined	undefined	8192	8192	8192	6	0
swordofruin	onAnyModifyDef	797	1	0	70	Normal	0	1	1	10	-1	-1	24576	greninjabond	0	0	0	0	1	6	1	1	60	0	1	1	false	Ability	0	brn	figyberry	2	-1	-1	1	1	ability:0:swordofruin	undefined	undefined	24576	24576	24576	6	2
swordofruin	onAnyModifyDef	798	-1	0	70	Bug	1	1	0	10	-1	-1	2048	greninjaash	0	0	1	1	1	-1	0	1	60	160	1	1	0	Ability	1	psn	leftovers	2	-1	1	1	1	ability:0:swordofruin	undefined	undefined	2048	2048	2048	-1	2
swordofruin	onAnyModifyDef	799	6	6	0	Ghost	0	0	1	20	100	1	24576	greninjaash	1	0	0	1	0	6	1	1	0	100	1	1	true	Move	1	psn	figyberry	0	-1	99	0	0	ability:0:swordofruin|ability:6:swordofruin|chain:0.75	undefined	true	24576	24576	24576	6	0
swordofruin	onAnyModifyDef	800	0	1	61	Fire	1	0	1	100	0	0	0	greninjabond	1	1	1	1	0	1	1	2	60	160	0	0	true	Move	1	brn	iapapaberry	0	1	0	0	0	ability:0:swordofruin|ability:1:swordofruin|chain:0.75	undefined	false	0	0	0	1	0
swordofruin	onAnyModifyDef	801	6	0	40	Water	1	0	0	10	-1	-1	8192	pikachu	1	0	0	1	1	6	0	0	0	160	1	1	true	Move	0	psn	leftovers	0	1	-1	0	1	ability:0:swordofruin	undefined	undefined	8192	8192	8192	6	0
swordofruin	onAnyModifyDef	802	6	0	60	Dark	1	1	0	10	100	0	16384	greninjaash	1	1	0	0	1	1	1	2	0	0	1	1	null	Ability	1	psn	leftovers	2	0	0	0	1	ability:0:swordofruin	undefined	false	16384	16384	16384	1	2
swordofruin	onAnyModifyDef	803	1	0	61	Water	1	0	1	100	-1	1	24576	greninjabond	1	1	1	1	1	-1	0	1	100	0	0	1	0	Move	1	brn	iapapaberry	0	1	99	1	1	ability:0:swordofruin	undefined	true	24576	24576	24576	-1	0
swordofruin	onAnyModifyDef	804	1	6	61	Fire	1	1	1	100	100	0	8192	pikachu	0	1	0	0	0	-1	0	1	100	0	0	0	true	missing	1	psn	sitrusberry	0	0	-1	0	0	ability:0:swordofruin|chain:0.75	undefined	false	8192	8192	8192	6	2
swordofruin	onAnyModifyDef	805	6	6	61	Fire	1	0	0	100	0	0	16384	greninjaash	0	1	1	1	1	0	0	0	60	160	1	0	true	missing	1	psn	leftovers	1	-1	-1	1	1	ability:0:swordofruin	undefined	false	16384	16384	16384	0	0
swordofruin	onAnyModifyDef	806	0	6	60	Ghost	1	1	0	10	0	1	8192	greninjaash	0	1	0	1	1	0	1	2	60	0	0	1	true	Ability	1	brn	iapapaberry	1	1	-1	0	1	ability:0:swordofruin	undefined	true	8192	8192	8192	0	2
swordofruin	onAnyModifyDef	807	-1	6	40	Dark	0	0	0	10	20	-1	24576	greninjaash	1	0	1	0	0	1	1	1	0	100	1	1	false	Ability	0	brn	sitrusberry	2	-1	99	1	1	ability:0:swordofruin|ability:1:swordofruin	undefined	undefined	24576	24576	24576	1	0
swordofruin	onAnyModifyDef	808	1	6	60	Fire	0	1	1	0	20	1	8192	pikachu	0	0	0	0	0	-1	1	1	0	0	1	1	undefined	Move	1	brn	figyberry	1	-1	-1	0	1	ability:0:swordofruin|chain:0.75	undefined	true	8192	8192	8192	6	2
swordofruin	onAnyModifyDef	809	6	6	61	Dark	0	1	0	10	100	1	2048	greninjabond	0	1	0	1	0	6	1	2	0	0	1	0	undefined	missing	1	brn	iapapaberry	1	-1	0	0	0	ability:0:swordofruin|ability:6:swordofruin|chain:0.75	undefined	true	2048	2048	2048	6	2
swordofruin	onAnyModifyDef	810	6	6	40	Water	1	1	0	100	0	-1	24576	pikachu	0	1	0	0	0	0	0	2	100	160	1	1	true	Ability	1	psn	leftovers	1	0	0	1	1	ability:0:swordofruin|ability:0:swordofruin|chain:0.75	undefined	undefined	24576	24576	24576	6	2
swordofruin	onAnyModifyDef	811	0	0	0	Fire	0	0	1	100	20	0	8	pikachu	0	1	0	0	1	0	0	0	60	100	1	0	undefined	Move	1	psn	figyberry	0	-1	0	0	0	ability:0:swordofruin	undefined	false	8	8	8	0	0
swordofruin	onAnyModifyDef	812	-1	1	61	Fire	0	1	1	20	100	1	8192	greninjabond	0	0	1	1	0	-1	1	1	60	160	1	1	null	Move	0	psn	magoberry	1	1	0	1	1	ability:0:swordofruin|chain:0.75	undefined	true	8192	8192	8192	1	2
swordofruin	onAnyModifyDef	813	0	1	40	Bug	0	1	0	0	0	-1	24576	greninjaash	1	0	1	1	1	6	1	2	100	100	1	0	false	Move	0	psn	aguavberry	0	1	99	0	1	ability:0:swordofruin	undefined	undefined	24576	24576	24576	6	2
swordofruin	onAnyModifyDef	814	6	6	0	Normal	1	0	1	10	100	1	8	greninjaash	0	1	0	1	0	0	0	2	60	160	0	1	undefined	Ability	0	brn	leftovers	2	1	1	1	0	ability:0:swordofruin|ability:0:swordofruin|chain:0.75	undefined	true	8	8	8	6	0
swordofruin	onAnyModifyDef	815	-1	6	40	Water	0	0	0	100	-1	-1	16384	greninjaash	1	0	0	0	1	0	0	1	60	100	0	0	true	missing	0	brn	sitrusberry	0	-1	-1	0	0	ability:0:swordofruin	undefined	undefined	16384	16384	16384	0	0
swordofruin	onAnyModifyDef	816	1	6	70	Fire	1	1	0	10	0	0	8192	greninjaash	0	1	0	1	0	0	1	0	100	160	0	0	false	missing	1	brn	aguavberry	0	-1	99	0	1	ability:0:swordofruin|ability:0:swordofruin|chain:0.75	undefined	false	8192	8192	8192	6	2
swordofruin	onAnyModifyDef	817	1	0	61	Ghost	0	0	0	0	0	-1	8	pikachu	1	0	0	0	0	-1	1	0	0	160	1	0	undefined	missing	0	brn	iapapaberry	2	0	99	0	0	ability:0:swordofruin|chain:0.75	undefined	undefined	8	8	8	0	0
swordofruin	onAnyModifyDef	818	1	6	0	Dark	0	1	0	10	-1	1	8	pikachu	0	0	0	0	1	6	1	2	100	160	0	1	undefined	Ability	0	brn	wikiberry	0	1	0	0	0	ability:0:swordofruin	undefined	true	8	8	8	6	2
swordofruin	onAnyModifyDef	819	6	6	0	Fire	0	0	0	0	100	0	24576	pikachu	0	1	1	0	0	1	0	2	60	0	0	0	false	Ability	1	psn	figyberry	2	0	-1	1	1	ability:0:swordofruin|ability:1:swordofruin|chain:0.75	undefined	false	24576	24576	24576	6	0
swordofruin	onAnyModifyDef	820	1	0	40	Dark	1	0	0	10	0	0	0	pikachu	1	0	1	0	1	6	1	2	60	100	0	0	undefined	missing	0	psn	leftovers	0	1	1	1	1	ability:0:swordofruin	undefined	false	0	0	0	6	0
swordofruin	onAnyModifyDef	821	6	6	61	Water	0	0	0	20	0	1	2048	greninjabond	0	1	1	0	0	0	1	1	0	160	1	1	true	Ability	1	brn	aguavberry	1	1	99	0	1	ability:0:swordofruin|ability:0:swordofruin|chain:0.75	undefined	true	2048	2048	2048	6	0
swordofruin	onAnyModifyDef	822	-1	1	60	Dark	1	0	1	10	20	0	16384	greninjabond	0	1	0	1	1	1	0	1	60	100	0	1	null	Ability	1	psn	figyberry	1	-1	-1	0	0	ability:0:swordofruin	undefined	false	16384	16384	16384	1	0
swordofruin	onAnyModifyDef	823	0	6	61	Water	1	0	1	20	100	-1	2048	greninjaash	0	0	1	1	0	-1	0	2	60	0	1	0	undefined	Move	0	psn	aguavberry	0	-1	0	0	1	ability:0:swordofruin|chain:0.75	undefined	undefined	2048	2048	2048	6	0
swordofruin	onAnyModifyDef	824	1	0	61	Dark	0	0	1	20	20	0	24576	greninjabond	1	1	1	0	0	6	0	1	60	160	0	1	false	Move	0	psn	figyberry	2	0	1	0	0	ability:0:swordofruin|ability:6:swordofruin|chain:0.75	undefined	false	24576	24576	24576	0	0
swordofruin	onAnyModifyDef	825	1	6	40	Bug	1	1	0	0	20	0	0	greninjabond	0	1	1	0	0	-1	0	2	0	160	0	0	true	Ability	1	psn	iapapaberry	2	1	-1	0	0	ability:0:swordofruin|chain:0.75	undefined	false	0	0	0	6	2
swordofruin	onAnyModifyDef	826	0	0	40	Bug	0	0	1	100	100	-1	0	pikachu	0	0	1	0	0	1	1	1	0	0	0	1	true	Ability	1	psn	iapapaberry	1	1	0	1	0	ability:0:swordofruin|ability:1:swordofruin	undefined	undefined	0	0	0	1	0
swordofruin	onAnyModifyDef	827	1	6	61	Water	0	0	1	0	100	-1	8192	greninjabond	0	1	1	1	1	6	0	1	60	0	1	1	true	missing	0	psn	figyberry	0	-1	1	1	0	ability:0:swordofruin	undefined	undefined	8192	8192	8192	6	0
swordofruin	onAnyModifyDef	828	0	6	60	Ghost	0	1	1	0	0	0	2048	greninjaash	0	1	0	1	1	6	1	0	100	100	0	1	false	missing	0	psn	sitrusberry	0	0	99	1	0	ability:0:swordofruin	undefined	false	2048	2048	2048	6	2
swordofruin	onAnyModifyDef	829	-1	6	61	Fire	1	1	0	100	100	0	24576	pikachu	0	0	1	0	0	6	0	1	100	0	1	1	null	Ability	0	psn	leftovers	2	-1	99	0	1	ability:0:swordofruin|ability:6:swordofruin|chain:0.75	undefined	false	24576	24576	24576	6	2
swordofruin	onAnyModifyDef	830	0	6	0	Bug	1	1	1	10	20	0	8192	greninjaash	1	0	0	1	0	1	1	2	60	0	1	1	undefined	Ability	1	brn	figyberry	2	0	1	1	1	ability:0:swordofruin|ability:1:swordofruin	undefined	false	8192	8192	8192	1	2
swordofruin	onAnyModifyDef	831	1	0	70	Bug	1	0	0	0	20	-1	2048	greninjabond	0	0	1	0	0	6	0	2	60	160	0	1	false	missing	0	psn	wikiberry	2	0	0	1	0	ability:0:swordofruin|ability:6:swordofruin|chain:0.75	undefined	undefined	2048	2048	2048	0	0
swordofruin	onAnyModifyDef	832	1	6	60	Dark	1	0	1	100	0	-1	0	greninjabond	0	0	0	1	0	-1	0	0	100	100	1	0	0	missing	0	psn	aguavberry	2	-1	0	1	0	ability:0:swordofruin|chain:0.75	undefined	undefined	0	0	0	6	0
swordofruin	onAnyModifyDef	833	1	0	70	Fire	0	0	1	0	0	-1	8192	greninjabond	0	1	1	1	0	-1	1	0	100	100	0	1	null	Move	1	psn	sitrusberry	1	1	1	1	0	ability:0:swordofruin|chain:0.75	undefined	undefined	8192	8192	8192	0	0
swordofruin	onAnyModifyDef	834	-1	1	70	Fire	0	0	1	10	0	1	24576	greninjabond	0	1	1	0	1	-1	0	1	100	0	0	1	0	Ability	1	brn	sitrusberry	0	0	0	1	1	ability:0:swordofruin	undefined	true	24576	24576	24576	-1	0
swordofruin	onAnyModifyDef	835	0	6	0	Bug	1	0	0	10	0	0	0	greninjaash	1	1	0	1	1	-1	1	1	60	0	0	0	null	Ability	0	brn	wikiberry	1	0	0	0	1	ability:0:swordofruin	undefined	false	0	0	0	-1	0
swordofruin	onAnyModifyDef	836	6	1	70	Ghost	1	1	1	100	0	-1	2048	greninjabond	1	1	1	0	1	1	0	0	100	160	1	0	true	Move	1	psn	iapapaberry	0	1	-1	1	0	ability:0:swordofruin	undefined	undefined	2048	2048	2048	1	2
swordofruin	onAnyModifyDef	837	1	1	60	Dark	0	0	0	10	100	-1	2048	greninjaash	1	0	1	0	0	0	1	0	0	100	1	0	0	Ability	0	psn	figyberry	1	0	1	0	1	ability:0:swordofruin|ability:0:swordofruin|chain:0.75	undefined	undefined	2048	2048	2048	1	0
swordofruin	onAnyModifyDef	838	1	0	60	Dark	0	1	0	10	-1	0	8192	greninjabond	1	0	1	1	1	6	0	1	100	0	1	1	undefined	Move	0	psn	iapapaberry	1	1	-1	1	0	ability:0:swordofruin	undefined	false	8192	8192	8192	6	2
swordofruin	onAnyModifyDef	839	1	6	0	Ghost	1	0	1	100	-1	1	2048	greninjaash	0	0	0	0	1	1	0	0	0	160	1	1	undefined	missing	0	brn	wikiberry	2	1	1	0	1	ability:0:swordofruin	undefined	true	2048	2048	2048	1	0
swordofruin	onAnyModifyDef	840	1	6	70	Bug	1	1	0	0	20	0	16384	pikachu	1	0	1	0	1	1	0	1	0	0	0	1	true	Ability	0	psn	iapapaberry	0	-1	0	1	1	ability:0:swordofruin	undefined	false	16384	16384	16384	1	2
swordofruin	onAnyModifyDef	841	1	1	0	Ghost	1	1	1	100	-1	1	8	pikachu	1	0	1	1	1	-1	0	0	60	0	0	1	true	missing	0	brn	aguavberry	1	-1	99	1	0	ability:0:swordofruin	undefined	true	8	8	8	-1	2
swordofruin	onAnyModifyDef	842	6	0	61	Bug	0	1	1	100	-1	-1	24576	greninjaash	0	1	1	0	1	6	1	1	100	100	1	1	false	missing	0	psn	leftovers	0	1	0	0	1	ability:0:swordofruin	undefined	undefined	24576	24576	24576	6	2
swordofruin	onAnyModifyDef	843	6	6	0	Dark	1	0	1	20	-1	-1	2048	greninjabond	1	1	1	0	0	0	1	0	60	160	1	0	null	Move	0	brn	aguavberry	2	0	99	1	0	ability:0:swordofruin|ability:0:swordofruin|chain:0.75	undefined	undefined	2048	2048	2048	6	0
swordofruin	onAnyModifyDef	844	0	1	40	Fire	1	0	0	20	0	1	24576	pikachu	0	0	1	1	1	1	0	0	100	100	0	1	null	missing	1	psn	figyberry	1	1	1	1	0	ability:0:swordofruin	undefined	true	24576	24576	24576	1	0
swordofruin	onAnyModifyDef	845	-1	6	61	Normal	0	1	0	20	100	0	2048	greninjaash	0	1	0	1	0	6	0	0	60	160	0	0	false	Ability	1	brn	figyberry	1	0	1	1	1	ability:0:swordofruin|ability:6:swordofruin|chain:0.75	undefined	false	2048	2048	2048	6	2
swordofruin	onAnyModifyDef	846	6	0	60	Normal	0	1	0	10	0	-1	2048	greninjabond	1	1	1	1	1	-1	0	0	0	0	1	1	false	Move	1	brn	figyberry	0	1	1	0	0	ability:0:swordofruin	undefined	undefined	2048	2048	2048	-1	2
swordofruin	onAnyModifyDef	847	6	1	70	Dark	0	0	0	10	100	1	16384	greninjaash	1	1	1	1	0	0	0	2	60	0	1	0	undefined	Ability	0	brn	wikiberry	2	1	1	1	0	ability:0:swordofruin|ability:0:swordofruin|chain:0.75	undefined	true	16384	16384	16384	1	0
swordofruin	onAnyModifyDef	848	6	1	0	Normal	0	0	1	10	-1	0	16384	pikachu	0	1	1	0	1	6	0	2	0	160	1	0	true	Move	1	psn	wikiberry	1	-1	-1	1	1	ability:0:swordofruin	undefined	false	16384	16384	16384	6	0
swordofruin	onAnyModifyDef	849	0	1	60	Bug	1	0	1	100	100	0	0	greninjabond	0	1	1	0	1	-1	1	2	60	0	0	0	false	Ability	1	brn	iapapaberry	0	1	0	1	0	ability:0:swordofruin	undefined	false	0	0	0	-1	0
swordofruin	onAnyModifyDef	850	6	0	70	Ghost	0	1	0	10	20	0	16384	greninjabond	1	1	0	0	0	0	1	1	0	0	1	1	0	Move	1	brn	magoberry	2	0	0	1	0	ability:0:swordofruin|ability:0:swordofruin|chain:0.75	undefined	false	16384	16384	16384	0	2
swordofruin	onAnyModifyDef	851	1	6	70	Fire	1	0	0	20	-1	0	0	greninjabond	1	1	0	0	1	1	1	1	100	160	1	1	null	missing	0	psn	sitrusberry	0	1	1	1	1	ability:0:swordofruin	undefined	false	0	0	0	1	0
swordofruin	onAnyModifyDef	852	6	1	61	Ghost	0	0	1	10	0	1	24576	pikachu	1	1	0	1	1	1	0	2	60	160	0	0	false	missing	1	psn	figyberry	0	-1	99	0	1	ability:0:swordofruin	undefined	true	24576	24576	24576	1	0
swordofruin	onAnyModifyDef	853	1	0	60	Normal	1	0	1	0	20	1	24576	pikachu	0	0	0	1	1	0	1	0	100	0	0	0	false	Move	0	brn	wikiberry	1	0	0	1	1	ability:0:swordofruin	undefined	true	24576	24576	24576	0	0
swordofruin	onAnyModifyDef	854	0	6	60	Fire	0	0	0	10	100	-1	24576	greninjabond	1	1	1	1	0	-1	1	2	60	100	0	1	0	missing	1	psn	figyberry	2	1	0	1	1	ability:0:swordofruin|chain:0.75	undefined	undefined	24576	24576	24576	6	0
swordofruin	onAnyModifyDef	855	-1	1	40	Water	0	1	0	0	20	-1	16384	greninjaash	1	1	0	1	1	-1	1	0	0	160	0	1	undefined	Ability	1	brn	aguavberry	1	0	99	1	0	ability:0:swordofruin	undefined	undefined	16384	16384	16384	-1	2
swordofruin	onAnyModifyDef	856	6	6	40	Water	1	0	0	20	100	1	8192	pikachu	0	1	0	1	1	0	1	1	100	0	1	1	true	Move	1	psn	wikiberry	0	-1	99	1	0	ability:0:swordofruin	undefined	true	8192	8192	8192	0	0
swordofruin	onAnyModifyDef	857	0	1	40	Water	0	1	1	20	-1	-1	8	pikachu	0	0	1	0	1	-1	1	2	0	0	0	0	undefined	Move	0	psn	magoberry	0	1	99	0	0	ability:0:swordofruin	undefined	undefined	8	8	8	-1	2
swordofruin	onAnyModifyDef	858	1	1	70	Water	1	0	0	100	100	-1	24576	greninjaash	1	0	0	0	1	-1	0	1	0	100	1	1	true	Ability	1	psn	sitrusberry	2	1	0	0	0	ability:0:swordofruin	undefined	undefined	24576	24576	24576	-1	0
swordofruin	onAnyModifyDef	859	0	6	40	Water	0	0	0	100	20	-1	2048	pikachu	0	1	1	1	1	6	1	0	0	100	0	1	null	missing	0	psn	iapapaberry	1	0	0	0	1	ability:0:swordofruin	undefined	undefined	2048	2048	2048	6	0
swordofruin	onAnyModifyDef	860	0	1	40	Fire	1	1	1	0	0	-1	24576	greninjaash	1	1	1	0	0	0	0	1	100	100	1	1	true	missing	0	psn	leftovers	2	-1	-1	0	1	ability:0:swordofruin|ability:0:swordofruin|chain:0.75	undefined	undefined	24576	24576	24576	1	2
swordofruin	onAnyModifyDef	861	6	1	60	Fire	0	1	1	20	20	1	2048	greninjaash	1	1	0	0	1	6	1	0	100	160	0	1	false	missing	1	psn	sitrusberry	2	1	0	1	1	ability:0:swordofruin	undefined	true	2048	2048	2048	6	2
swordofruin	onAnyModifyDef	862	1	1	0	Water	0	0	1	10	20	-1	8192	greninjabond	1	0	0	0	1	0	0	1	100	160	0	0	true	Ability	0	brn	sitrusberry	2	0	99	0	1	ability:0:swordofruin	undefined	undefined	8192	8192	8192	0	0
swordofruin	onAnyModifyDef	863	0	1	61	Water	0	1	1	100	-1	-1	24576	greninjaash	1	1	1	0	1	-1	1	2	60	100	1	1	null	Move	1	psn	wikiberry	0	-1	99	0	1	ability:0:swordofruin	undefined	undefined	24576	24576	24576	-1	2
swordofruin	onAnyModifyDef	864	6	6	40	Water	0	1	0	100	-1	0	8192	greninjabond	1	0	1	0	1	1	1	2	100	160	0	0	true	missing	1	psn	iapapaberry	1	-1	1	1	0	ability:0:swordofruin	undefined	false	8192	8192	8192	1	2
swordofruin	onAnyModifyDef	865	0	1	61	Fire	1	0	1	20	20	0	16384	pikachu	1	1	0	0	0	-1	0	0	100	0	1	1	undefined	Move	1	brn	aguavberry	1	1	-1	0	0	ability:0:swordofruin|chain:0.75	undefined	false	16384	16384	16384	1	0
swordofruin	onAnyModifyDef	866	0	0	0	Ghost	1	0	0	10	0	-1	8192	pikachu	1	0	0	0	0	1	1	2	60	0	0	1	undefined	Move	0	brn	magoberry	0	-1	0	1	1	ability:0:swordofruin|ability:1:swordofruin	undefined	undefined	8192	8192	8192	1	0
swordofruin	onAnyModifyDef	867	6	0	70	Water	0	0	1	100	100	1	16384	pikachu	0	1	0	0	0	0	1	1	100	0	1	0	undefined	Ability	0	brn	wikiberry	2	0	99	1	0	ability:0:swordofruin|ability:0:swordofruin|chain:0.75	undefined	true	16384	16384	16384	0	0
swordofruin	onAnyModifyDef	868	-1	0	60	Fire	0	1	0	100	-1	1	16384	greninjaash	0	0	1	1	0	0	1	2	100	160	0	0	undefined	missing	0	psn	iapapaberry	1	-1	0	0	0	ability:0:swordofruin|ability:0:swordofruin|chain:0.75	undefined	true	16384	16384	16384	0	2
swordofruin	onAnyModifyDef	869	0	1	0	Bug	0	0	1	100	20	-1	8192	greninjaash	0	0	0	0	1	0	0	1	100	100	0	1	0	Move	0	psn	wikiberry	0	1	-1	0	0	ability:0:swordofruin	undefined	undefined	8192	8192	8192	0	0
swordofruin	onAnyModifyDef	870	6	1	60	Ghost	0	1	1	20	20	-1	0	pikachu	1	0	0	0	0	0	1	0	60	0	0	0	null	Move	1	psn	figyberry	1	-1	0	1	0	ability:0:swordofruin|ability:0:swordofruin|chain:0.75	undefined	undefined	0	0	0	1	2
swordofruin	onAnyModifyDef	871	0	1	70	Ghost	0	1	0	10	0	-1	24576	greninjaash	0	1	1	0	0	6	1	2	100	0	0	0	null	missing	1	psn	sitrusberry	2	0	-1	1	0	ability:0:swordofruin|ability:6:swordofruin	undefined	undefined	24576	24576	24576	6	2
swordofruin	onAnyModifyDef	872	6	1	60	Bug	1	1	1	0	100	1	8	pikachu	0	0	1	1	1	-1	1	2	60	100	1	1	undefined	Move	0	psn	figyberry	1	1	0	0	0	ability:0:swordofruin	undefined	true	8	8	8	-1	2
swordofruin	onAnyModifyDef	873	-1	0	60	Ghost	1	1	0	10	0	0	24576	greninjaash	0	0	0	1	0	-1	1	0	100	160	1	1	true	Move	0	brn	wikiberry	0	1	1	0	0	ability:0:swordofruin|chain:0.75	undefined	false	24576	24576	24576	0	2
swordofruin	onAnyModifyDef	874	-1	0	70	Water	1	1	1	100	20	0	2048	greninjabond	1	1	1	0	1	0	1	0	100	0	0	1	undefined	Move	1	psn	wikiberry	1	1	0	0	0	ability:0:swordofruin	undefined	false	2048	2048	2048	0	2
swordofruin	onAnyModifyDef	875	1	1	60	Bug	0	0	0	0	100	1	16384	greninjabond	0	1	0	0	1	1	0	0	100	100	0	0	false	Move	1	brn	wikiberry	1	-1	1	1	1	ability:0:swordofruin	undefined	true	16384	16384	16384	1	0
swordofruin	onAnyModifyDef	876	1	6	0	Dark	1	0	1	20	-1	-1	16384	greninjabond	1	0	0	0	0	-1	1	2	60	160	0	1	false	Move	0	psn	wikiberry	2	-1	1	0	0	ability:0:swordofruin|chain:0.75	undefined	undefined	16384	16384	16384	6	0
swordofruin	onAnyModifyDef	877	6	1	0	Bug	1	1	1	10	-1	0	0	greninjabond	0	1	0	1	0	-1	1	2	100	0	0	0	false	Ability	0	brn	aguavberry	2	0	-1	0	0	ability:0:swordofruin|chain:0.75	undefined	false	0	0	0	1	2
swordofruin	onAnyModifyDef	878	-1	1	70	Bug	1	1	1	20	-1	1	8	pikachu	0	0	0	0	1	1	1	1	0	100	0	0	0	Move	0	brn	aguavberry	0	0	99	1	0	ability:0:swordofruin	undefined	true	8	8	8	1	2
swordofruin	onAnyModifyDef	879	1	1	70	Ghost	1	1	1	0	20	0	24576	greninjaash	0	1	0	1	1	1	1	1	100	100	1	0	undefined	missing	1	brn	leftovers	1	-1	-1	1	1	ability:0:swordofruin	undefined	false	24576	24576	24576	1	2
swordofruin	onAnyModifyDef	880	6	0	40	Water	1	0	0	10	-1	-1	2048	greninjaash	1	1	0	0	0	1	0	2	100	0	1	0	true	Move	0	psn	figyberry	0	1	-1	0	1	ability:0:swordofruin|ability:1:swordofruin|chain:0.75	undefined	undefined	2048	2048	2048	0	0
swordofruin	onAnyModifyDef	881	-1	0	0	Bug	0	0	0	10	20	0	16384	greninjabond	0	1	0	1	0	-1	0	2	0	100	1	0	undefined	missing	0	psn	magoberry	0	1	99	1	0	ability:0:swordofruin|chain:0.75	undefined	false	16384	16384	16384	0	0
swordofruin	onAnyModifyDef	882	6	1	60	Fire	1	1	1	10	100	0	24576	pikachu	1	1	1	0	0	-1	0	2	60	100	0	1	true	Move	1	brn	figyberry	2	-1	0	0	0	ability:0:swordofruin|chain:0.75	undefined	false	24576	24576	24576	1	2
swordofruin	onAnyModifyDef	883	0	1	70	Fire	0	0	1	0	0	-1	8	greninjaash	1	1	1	1	1	6	0	2	100	100	1	1	null	missing	1	brn	sitrusberry	2	1	-1	0	0	ability:0:swordofruin	undefined	undefined	8	8	8	6	0
swordofruin	onAnyModifyDef	884	-1	1	61	Dark	1	1	1	10	-1	-1	16384	greninjabond	0	1	1	1	0	-1	1	2	0	160	1	0	null	Move	1	psn	aguavberry	2	0	99	0	1	ability:0:swordofruin|chain:0.75	undefined	undefined	16384	16384	16384	1	2
swordofruin	onAnyModifyDef	885	-1	1	0	Dark	0	0	1	20	-1	1	16384	pikachu	1	0	0	1	0	1	0	1	100	100	1	0	0	Move	1	psn	iapapaberry	1	-1	-1	0	0	ability:0:swordofruin|ability:1:swordofruin|chain:0.75	undefined	true	16384	16384	16384	1	0
swordofruin	onAnyModifyDef	886	0	1	0	Water	1	0	1	20	0	0	16384	greninjaash	0	1	1	0	1	1	0	1	60	160	1	0	undefined	missing	0	psn	iapapaberry	0	-1	0	0	1	ability:0:swordofruin	undefined	false	16384	16384	16384	1	0
swordofruin	onAnyModifyDef	887	6	0	0	Normal	1	1	0	20	-1	-1	8	greninjaash	0	1	1	1	1	0	1	1	0	100	1	1	null	Ability	1	brn	aguavberry	0	-1	0	0	0	ability:0:swordofruin	undefined	undefined	8	8	8	0	2
swordofruin	onAnyModifyDef	888	-1	1	60	Normal	0	0	0	20	0	0	0	greninjaash	0	0	1	1	0	6	0	2	100	160	0	1	true	Move	0	psn	sitrusberry	0	-1	99	0	1	ability:0:swordofruin|ability:6:swordofruin|chain:0.75	undefined	false	0	0	0	1	0
swordofruin	onAnyModifyDef	889	-1	1	0	Bug	1	1	0	0	100	-1	0	pikachu	1	0	0	0	1	-1	1	2	0	0	1	0	null	Move	1	psn	aguavberry	0	-1	0	1	0	ability:0:swordofruin	undefined	undefined	0	0	0	-1	2
swordofruin	onAnyModifyDef	890	1	1	61	Fire	1	1	1	100	0	-1	8	greninjabond	1	0	1	0	0	1	1	0	0	160	0	1	false	missing	0	psn	iapapaberry	2	1	0	1	1	ability:0:swordofruin|ability:1:swordofruin|chain:0.75	undefined	undefined	8	8	8	1	2
swordofruin	onAnyModifyDef	891	6	0	0	Fire	1	0	0	10	-1	-1	8192	pikachu	1	1	0	1	0	-1	0	2	0	0	1	0	null	Move	1	psn	iapapaberry	0	-1	99	1	1	ability:0:swordofruin|chain:0.75	undefined	undefined	8192	8192	8192	0	0
swordofruin	onAnyModifyDef	892	1	0	60	Ghost	0	1	0	0	-1	-1	8192	greninjaash	1	1	1	0	0	6	0	1	60	0	0	1	0	missing	1	brn	wikiberry	2	-1	-1	0	1	ability:0:swordofruin|ability:6:swordofruin|chain:0.75	undefined	undefined	8192	8192	8192	0	2
swordofruin	onAnyModifyDef	893	1	1	0	Ghost	1	1	0	0	-1	-1	8192	greninjaash	0	1	1	1	0	-1	1	0	0	0	1	1	null	Ability	0	psn	aguavberry	1	0	99	1	0	ability:0:swordofruin|chain:0.75	undefined	undefined	8192	8192	8192	1	2
swordofruin	onAnyModifyDef	894	6	6	61	Fire	1	0	0	20	100	0	16384	pikachu	0	1	1	0	0	6	1	2	100	160	1	0	0	missing	1	brn	magoberry	1	-1	99	1	1	ability:0:swordofruin|ability:6:swordofruin|chain:0.75	undefined	false	16384	16384	16384	6	0
swordofruin	onAnyModifyDef	895	6	0	70	Normal	1	1	0	10	0	-1	8	pikachu	1	1	0	0	0	-1	0	2	60	0	0	1	true	Move	0	psn	magoberry	0	0	1	1	1	ability:0:swordofruin|chain:0.75	undefined	undefined	8	8	8	0	2
swordofruin	onAnyModifyDef	896	-1	6	70	Bug	1	1	1	100	20	0	0	greninjaash	1	0	1	0	0	0	0	2	100	160	1	0	0	Move	1	psn	figyberry	2	1	1	0	0	ability:0:swordofruin|ability:0:swordofruin|chain:0.75	undefined	false	0	0	0	6	2
swordofruin	onAnyModifyDef	897	6	1	40	Ghost	1	0	0	0	-1	-1	24576	greninjaash	0	1	0	0	1	-1	0	0	60	100	1	0	0	Move	0	brn	magoberry	2	-1	1	1	0	ability:0:swordofruin	undefined	undefined	24576	24576	24576	-1	0
swordofruin	onAnyModifyDef	898	1	0	0	Normal	0	0	1	10	-1	-1	2048	greninjabond	0	0	0	0	1	0	1	2	0	0	1	1	null	missing	1	brn	iapapaberry	0	-1	0	0	1	ability:0:swordofruin	undefined	undefined	2048	2048	2048	0	0
swordofruin	onAnyModifyDef	899	1	6	0	Normal	1	0	0	20	-1	-1	24576	pikachu	1	1	1	0	1	0	0	1	60	100	0	0	null	missing	1	psn	sitrusberry	2	0	0	1	0	ability:0:swordofruin	undefined	undefined	24576	24576	24576	0	0
swordofruin	onAnyModifyDef	900	-1	6	0	Normal	1	0	1	100	-1	0	24576	pikachu	1	0	0	1	0	6	0	2	60	160	1	0	true	Move	1	brn	magoberry	1	1	0	1	1	ability:0:swordofruin|ability:6:swordofruin|chain:0.75	undefined	false	24576	24576	24576	6	0
swordofruin	onAnyModifyDef	901	-1	1	60	Water	1	1	0	10	-1	-1	16384	greninjabond	1	0	1	0	1	1	1	1	0	0	1	1	0	missing	1	brn	iapapaberry	1	-1	99	1	0	ability:0:swordofruin	undefined	undefined	16384	16384	16384	1	2
swordofruin	onAnyModifyDef	902	-1	0	40	Water	1	1	0	20	20	1	8192	greninjabond	0	0	1	0	1	6	1	0	60	100	1	0	true	Move	0	psn	figyberry	2	0	0	0	0	ability:0:swordofruin	undefined	true	8192	8192	8192	6	2
swordofruin	onAnyModifyDef	903	-1	0	61	Bug	0	1	1	100	20	-1	2048	pikachu	1	1	1	1	1	6	0	2	100	160	1	0	undefined	Move	0	psn	aguavberry	0	0	1	1	0	ability:0:swordofruin	undefined	undefined	2048	2048	2048	6	2
swordofruin	onAnyModifyDef	904	-1	0	40	Bug	0	1	0	0	0	0	8	greninjaash	1	1	0	1	0	1	1	2	100	100	1	1	true	missing	1	psn	iapapaberry	1	-1	0	0	0	ability:0:swordofruin|ability:1:swordofruin	undefined	false	8	8	8	1	2
swordofruin	onAnyModifyDef	905	6	0	60	Bug	0	0	0	0	100	-1	2048	greninjaash	0	0	0	1	1	-1	0	1	100	0	0	1	true	Move	1	brn	magoberry	0	-1	-1	0	0	ability:0:swordofruin	undefined	undefined	2048	2048	2048	-1	0
swordofruin	onAnyModifyDef	906	0	0	61	Ghost	0	0	0	100	20	-1	8	greninjabond	0	0	0	0	0	6	0	2	60	0	1	1	null	Move	1	psn	leftovers	2	-1	0	1	0	ability:0:swordofruin|ability:6:swordofruin|chain:0.75	undefined	undefined	8	8	8	0	0
swordofruin	onAnyModifyDef	907	0	6	60	Bug	1	0	1	20	20	-1	8192	greninjabond	0	1	0	0	1	1	0	0	100	100	1	1	0	missing	1	brn	sitrusberry	1	1	-1	0	1	ability:0:swordofruin	undefined	undefined	8192	8192	8192	1	0
swordofruin	onAnyModifyDef	908	1	1	61	Bug	0	0	0	20	20	0	24576	greninjaash	0	1	1	0	1	6	0	0	60	0	1	0	true	Ability	1	brn	wikiberry	0	0	1	1	0	ability:0:swordofruin	undefined	false	24576	24576	24576	6	0
swordofruin	onAnyModifyDef	909	0	0	70	Bug	0	0	0	100	0	1	8192	greninjabond	1	1	1	0	1	-1	0	0	0	100	1	0	0	Ability	0	brn	sitrusberry	2	-1	1	1	0	ability:0:swordofruin	undefined	true	8192	8192	8192	-1	0
swordofruin	onAnyModifyDef	910	0	6	70	Ghost	1	1	0	20	20	0	2048	pikachu	0	0	0	0	0	-1	0	1	0	160	0	0	undefined	missing	0	brn	sitrusberry	0	0	99	1	1	ability:0:swordofruin|chain:0.75	undefined	false	2048	2048	2048	6	2
swordofruin	onAnyModifyDef	911	0	0	0	Dark	0	1	0	20	-1	1	2048	greninjabond	1	1	0	1	1	1	0	2	100	160	0	0	undefined	Ability	0	brn	wikiberry	0	1	99	0	1	ability:0:swordofruin	undefined	true	2048	2048	2048	1	2
swordofruin	onAnyModifyDef	912	-1	1	61	Water	1	0	0	10	20	1	24576	greninjaash	0	1	1	0	0	-1	1	0	0	100	0	1	undefined	Ability	1	psn	figyberry	0	-1	-1	0	1	ability:0:swordofruin|chain:0.75	undefined	true	24576	24576	24576	1	0
swordofruin	onAnyModifyDef	913	6	0	70	Bug	1	1	1	100	-1	-1	8192	greninjabond	1	1	1	1	0	-1	1	0	100	100	0	1	0	Move	0	psn	figyberry	2	0	1	0	0	ability:0:swordofruin|chain:0.75	undefined	undefined	8192	8192	8192	0	2
swordofruin	onAnyModifyDef	914	-1	6	40	Water	0	1	0	10	0	0	24576	greninjaash	0	1	0	0	1	1	1	0	60	160	1	1	0	Move	0	brn	wikiberry	1	-1	0	0	0	ability:0:swordofruin	undefined	false	24576	24576	24576	1	2
swordofruin	onAnyModifyDef	915	6	6	0	Fire	0	1	0	100	100	-1	8192	greninjabond	0	0	0	1	0	6	0	1	0	0	0	1	0	Ability	0	brn	leftovers	2	0	99	1	0	ability:0:swordofruin|ability:6:swordofruin|chain:0.75	undefined	undefined	8192	8192	8192	6	2
swordofruin	onAnyModifyDef	916	0	6	0	Normal	1	1	0	20	20	1	8192	greninjaash	1	1	0	1	1	1	1	2	0	100	0	1	null	Ability	0	brn	aguavberry	2	-1	99	1	0	ability:0:swordofruin	undefined	true	8192	8192	8192	1	2
swordofruin	onAnyModifyDef	917	6	6	60	Dark	1	1	0	0	0	-1	2048	pikachu	0	0	1	1	1	1	1	0	100	0	1	0	null	Ability	0	psn	figyberry	1	0	1	0	0	ability:0:swordofruin	undefined	undefined	2048	2048	2048	1	2
swordofruin	onAnyModifyDef	918	1	1	0	Bug	0	1	1	20	-1	1	2048	pikachu	1	1	0	0	1	0	1	2	0	160	0	0	0	missing	1	psn	leftovers	0	1	0	0	1	ability:0:swordofruin	undefined	true	2048	2048	2048	0	2
swordofruin	onAnyModifyDef	919	0	0	61	Dark	0	1	1	0	0	-1	2048	greninjabond	0	1	0	0	0	0	0	2	60	160	1	1	false	Move	0	brn	leftovers	1	-1	99	1	0	ability:0:swordofruin|ability:0:swordofruin|chain:0.75	undefined	undefined	2048	2048	2048	0	2
swordofruin	onAnyModifyDef	920	-1	1	0	Bug	0	1	1	100	0	0	24576	pikachu	1	0	1	1	0	0	1	2	0	160	1	0	null	Ability	1	psn	aguavberry	2	0	99	1	1	ability:0:swordofruin|ability:0:swordofruin|chain:0.75	undefined	false	24576	24576	24576	1	2
swordofruin	onAnyModifyDef	921	1	1	70	Fire	1	0	1	100	20	0	0	greninjaash	0	0	1	1	0	-1	0	0	60	100	0	0	undefined	missing	0	brn	sitrusberry	0	1	99	0	0	ability:0:swordofruin|chain:0.75	undefined	false	0	0	0	1	0
swordofruin	onAnyModifyDef	922	6	1	70	Ghost	0	1	0	100	-1	0	2048	greninjabond	0	1	1	0	0	-1	1	2	60	0	0	0	false	Move	1	psn	iapapaberry	2	-1	1	0	1	ability:0:swordofruin|chain:0.75	undefined	false	2048	2048	2048	1	2
swordofruin	onAnyModifyDef	923	1	0	0	Dark	0	1	1	100	0	0	2048	greninjaash	0	0	1	0	1	-1	1	2	0	0	1	0	null	missing	0	psn	aguavberry	2	1	0	0	1	ability:0:swordofruin	undefined	false	2048	2048	2048	-1	2
swordofruin	onAnyModifyDef	924	6	1	40	Normal	1	1	1	10	20	0	16384	greninjaash	0	0	0	0	1	1	1	1	0	160	1	0	true	Ability	0	brn	aguavberry	2	0	-1	1	1	ability:0:swordofruin	undefined	false	16384	16384	16384	1	2
swordofruin	onAnyModifyDef	925	0	0	61	Ghost	1	0	0	20	0	1	2048	greninjabond	1	1	1	1	0	-1	0	1	0	160	0	0	true	Move	1	psn	aguavberry	1	0	0	0	0	ability:0:swordofruin|chain:0.75	undefined	true	2048	2048	2048	0	0
swordofruin	onAnyModifyDef	926	6	1	70	Dark	0	0	1	20	0	-1	8192	pikachu	1	1	0	0	0	0	1	1	100	0	0	0	0	missing	0	brn	figyberry	2	-1	99	0	0	ability:0:swordofruin|ability:0:swordofruin|chain:0.75	undefined	undefined	8192	8192	8192	1	0
swordofruin	onAnyModifyDef	927	1	1	0	Normal	1	1	0	100	20	1	0	greninjaash	0	1	1	0	1	-1	0	1	0	160	0	0	true	Ability	0	brn	iapapaberry	1	0	-1	1	1	ability:0:swordofruin	undefined	true	0	0	0	-1	2
swordofruin	onAnyModifyDef	928	-1	0	61	Normal	0	1	0	0	100	-1	8	pikachu	0	0	0	0	1	6	0	2	0	160	1	1	0	missing	0	psn	aguavberry	1	0	1	1	1	ability:0:swordofruin	undefined	undefined	8	8	8	6	2
swordofruin	onAnyModifyDef	929	1	1	0	Fire	0	1	1	20	0	0	16384	pikachu	0	1	1	0	0	-1	1	2	60	0	0	0	null	missing	1	brn	sitrusberry	1	1	0	1	0	ability:0:swordofruin|chain:0.75	undefined	false	16384	16384	16384	1	2
swordofruin	onAnyModifyDef	930	1	1	0	Bug	0	0	1	20	20	1	8	greninjabond	0	0	1	1	0	6	0	2	100	0	0	0	false	Ability	0	brn	aguavberry	2	-1	1	1	0	ability:0:swordofruin|ability:6:swordofruin|chain:0.75	undefined	true	8	8	8	1	0
swordofruin	onAnyModifyDef	931	0	0	0	Fire	0	1	0	0	0	1	2048	pikachu	0	0	0	0	0	0	1	0	100	100	1	0	undefined	Ability	0	psn	figyberry	2	0	-1	0	0	ability:0:swordofruin|ability:0:swordofruin|chain:0.75	undefined	true	2048	2048	2048	0	2
swordofruin	onAnyModifyDef	932	0	0	60	Water	0	0	0	0	20	1	2048	greninjabond	1	0	1	1	1	0	1	2	100	0	1	1	undefined	Ability	0	brn	iapapaberry	0	-1	0	1	1	ability:0:swordofruin	undefined	true	2048	2048	2048	0	0
swordofruin	onAnyModifyDef	933	1	1	0	Normal	0	1	1	0	100	-1	8	greninjaash	1	0	0	0	0	1	1	1	0	160	0	1	null	Move	0	brn	leftovers	0	0	0	0	0	ability:0:swordofruin|ability:1:swordofruin|chain:0.75	undefined	undefined	8	8	8	1	2
swordofruin	onAnyModifyDef	934	-1	6	61	Normal	0	0	1	20	100	0	2048	greninjaash	1	0	1	0	0	1	0	0	100	100	1	0	true	Ability	0	psn	sitrusberry	1	0	0	1	0	ability:0:swordofruin|ability:1:swordofruin|chain:0.75	undefined	false	2048	2048	2048	6	0
swordofruin	onAnyModifyDef	935	6	1	70	Water	1	1	1	20	-1	-1	16384	pikachu	0	1	0	1	1	6	0	2	60	0	0	0	true	Move	1	psn	sitrusberry	1	1	-1	0	0	ability:0:swordofruin	undefined	undefined	16384	16384	16384	6	2
swordofruin	onAnyModifyDef	936	0	1	70	Bug	1	0	0	10	-1	-1	2048	greninjaash	1	1	1	1	1	0	0	1	100	0	0	0	null	Move	0	psn	figyberry	2	-1	0	1	0	ability:0:swordofruin	undefined	undefined	2048	2048	2048	0	0
swordofruin	onAnyModifyDef	937	1	1	61	Water	1	0	1	20	20	-1	24576	greninjabond	1	0	1	0	1	-1	0	2	60	0	0	1	undefined	Move	0	psn	wikiberry	2	1	1	1	1	ability:0:swordofruin	undefined	undefined	24576	24576	24576	-1	0
swordofruin	onAnyModifyDef	938	1	0	61	Ghost	0	0	1	0	100	0	16384	greninjaash	1	0	1	1	1	1	1	1	0	160	0	0	true	Move	0	brn	magoberry	1	-1	1	0	0	ability:0:swordofruin	undefined	false	16384	16384	16384	1	0
swordofruin	onAnyModifyDef	939	-1	6	40	Water	1	1	0	0	-1	1	16384	greninjaash	1	0	1	1	0	1	1	1	60	100	0	1	true	missing	0	brn	wikiberry	0	0	1	1	1	ability:0:swordofruin|ability:1:swordofruin	undefined	true	16384	16384	16384	1	2
swordofruin	onAnyModifyDef	940	6	0	40	Water	1	0	0	100	20	-1	16384	pikachu	1	1	0	0	1	0	0	2	100	160	0	0	true	missing	1	brn	sitrusberry	2	0	1	0	0	ability:0:swordofruin	undefined	undefined	16384	16384	16384	0	0
swordofruin	onAnyModifyDef	941	-1	0	70	Ghost	1	0	1	10	100	0	0	greninjaash	0	1	0	0	0	-1	0	2	0	0	0	1	0	missing	1	brn	figyberry	0	0	-1	1	0	ability:0:swordofruin|chain:0.75	undefined	false	0	0	0	0	0
swordofruin	onAnyModifyDef	942	1	0	60	Fire	0	1	0	20	20	0	0	pikachu	1	0	1	0	1	1	1	1	100	100	1	0	null	missing	1	psn	magoberry	0	-1	99	0	1	ability:0:swordofruin	undefined	false	0	0	0	1	2
swordofruin	onAnyModifyDef	943	6	1	70	Ghost	1	1	1	0	0	-1	8192	greninjaash	0	1	1	1	0	1	1	0	0	160	1	1	false	Ability	1	psn	iapapaberry	1	-1	0	1	1	ability:0:swordofruin|ability:1:swordofruin|chain:0.75	undefined	undefined	8192	8192	8192	1	2
swordofruin	onAnyModifyDef	944	0	1	61	Water	0	0	1	20	100	-1	2048	pikachu	1	0	1	0	1	1	0	0	100	160	1	1	undefined	Ability	0	psn	sitrusberry	2	1	-1	1	0	ability:0:swordofruin	undefined	undefined	2048	2048	2048	1	0
swordofruin	onAnyModifyDef	945	0	0	0	Normal	1	1	1	10	100	0	16384	greninjaash	0	1	1	1	1	0	0	1	100	100	0	1	undefined	Ability	1	psn	magoberry	1	-1	-1	1	1	ability:0:swordofruin	undefined	false	16384	16384	16384	0	2
swordofruin	onAnyModifyDef	946	0	0	0	Normal	1	0	1	20	0	0	2048	greninjaash	1	1	1	1	0	-1	0	2	60	160	1	0	false	missing	1	psn	iapapaberry	1	-1	1	1	1	ability:0:swordofruin|chain:0.75	undefined	false	2048	2048	2048	0	0
swordofruin	onAnyModifyDef	947	1	6	60	Water	1	1	1	10	20	0	16384	greninjaash	1	0	0	1	1	6	1	1	60	100	1	1	false	missing	0	brn	leftovers	1	0	0	0	0	ability:0:swordofruin	undefined	false	16384	16384	16384	6	2
swordofruin	onAnyModifyDef	948	0	1	0	Bug	0	1	1	20	100	-1	8192	greninjaash	0	1	0	1	0	-1	0	2	100	100	1	1	undefined	Move	1	brn	iapapaberry	0	-1	99	0	0	ability:0:swordofruin|chain:0.75	undefined	undefined	8192	8192	8192	1	2
swordofruin	onAnyModifyDef	949	1	1	0	Fire	1	1	1	100	100	0	24576	greninjaash	1	0	0	1	1	1	0	1	100	0	0	0	null	missing	0	psn	wikiberry	0	0	-1	1	0	ability:0:swordofruin	undefined	false	24576	24576	24576	1	2
swordofruin	onAnyModifyDef	950	6	6	70	Bug	0	1	0	20	-1	0	8192	greninjaash	1	0	1	0	0	6	1	2	60	0	1	0	false	missing	0	brn	magoberry	2	0	0	1	1	ability:0:swordofruin|ability:6:swordofruin|chain:0.75	undefined	false	8192	8192	8192	6	2
swordofruin	onAnyModifyDef	951	-1	6	61	Ghost	0	1	0	100	20	1	8	greninjaash	1	1	0	0	1	0	1	0	0	0	0	1	undefined	Ability	1	brn	wikiberry	2	-1	1	1	0	ability:0:swordofruin	undefined	true	8	8	8	0	2
swordofruin	onAnyModifyDef	952	0	0	60	Normal	1	1	0	100	-1	0	16384	pikachu	0	0	0	1	1	-1	1	2	0	0	1	0	null	missing	1	brn	iapapaberry	0	0	99	1	1	ability:0:swordofruin	undefined	false	16384	16384	16384	-1	2
swordofruin	onAnyModifyDef	953	0	6	60	Dark	0	0	1	10	-1	1	24576	pikachu	1	0	0	1	1	0	1	2	100	100	1	1	undefined	Ability	0	brn	figyberry	0	-1	0	1	1	ability:0:swordofruin	undefined	true	24576	24576	24576	0	0
swordofruin	onAnyModifyDef	954	-1	6	61	Ghost	1	1	0	0	20	-1	8192	pikachu	1	1	0	1	1	6	0	1	100	160	1	0	null	Ability	0	brn	iapapaberry	2	-1	1	0	1	ability:0:swordofruin	undefined	undefined	8192	8192	8192	6	2
swordofruin	onAnyModifyDef	955	0	1	40	Dark	1	1	0	10	20	1	2048	greninjabond	1	0	0	0	0	-1	1	1	0	160	0	0	false	Ability	1	brn	sitrusberry	1	0	99	0	1	ability:0:swordofruin|chain:0.75	undefined	true	2048	2048	2048	1	2
swordofruin	onAnyModifyDef	956	-1	6	40	Normal	1	0	0	10	100	1	24576	greninjabond	1	0	1	0	0	-1	0	0	100	100	1	0	true	missing	1	brn	sitrusberry	0	0	-1	0	1	ability:0:swordofruin|chain:0.75	undefined	true	24576	24576	24576	6	0
swordofruin	onAnyModifyDef	957	6	0	61	Normal	0	0	1	0	20	0	2048	greninjaash	1	1	0	1	1	-1	1	2	100	160	0	0	0	Move	1	brn	sitrusberry	1	0	-1	1	0	ability:0:swordofruin	undefined	false	2048	2048	2048	-1	0
swordofruin	onAnyModifyDef	958	-1	1	70	Fire	0	0	0	20	-1	0	16384	greninjabond	0	1	1	0	1	6	0	1	60	0	0	0	null	missing	0	psn	iapapaberry	2	-1	99	0	0	ability:0:swordofruin	undefined	false	16384	16384	16384	6	0
swordofruin	onAnyModifyDef	959	0	0	60	Fire	0	1	1	10	-1	1	8192	greninjabond	1	1	0	1	1	-1	1	0	0	160	1	0	false	Ability	1	brn	figyberry	1	1	1	0	1	ability:0:swordofruin	undefined	true	8192	8192	8192	-1	2
swordofruin	onAnyModifyDef	960	0	1	61	Normal	0	1	0	0	100	1	24576	pikachu	1	1	1	0	1	0	1	0	0	0	0	1	true	Move	1	brn	iapapaberry	0	-1	1	0	1	ability:0:swordofruin	undefined	true	24576	24576	24576	0	2
swordofruin	onAnyModifyDef	961	0	6	61	Bug	1	1	0	10	100	1	16384	pikachu	1	0	0	0	1	0	0	0	0	0	1	0	undefined	missing	0	brn	aguavberry	0	1	99	0	1	ability:0:swordofruin	undefined	true	16384	16384	16384	0	2
swordofruin	onAnyModifyDef	962	6	1	40	Normal	1	1	0	20	100	1	16384	greninjabond	1	0	0	1	0	0	1	2	60	100	1	0	undefined	Move	0	psn	sitrusberry	0	1	1	0	0	ability:0:swordofruin|ability:0:swordofruin|chain:0.75	undefined	true	16384	16384	16384	1	2
swordofruin	onAnyModifyDef	963	-1	6	40	Dark	0	1	1	20	100	0	24576	pikachu	0	0	1	0	0	0	0	0	60	160	1	1	null	missing	1	psn	magoberry	2	1	1	1	0	ability:0:swordofruin|ability:0:swordofruin|chain:0.75	undefined	false	24576	24576	24576	6	2
swordofruin	onAnyModifyDef	964	1	6	40	Water	0	0	0	0	100	1	24576	greninjabond	0	0	0	1	0	6	1	0	60	0	0	1	false	missing	0	brn	wikiberry	0	-1	0	0	1	ability:0:swordofruin|ability:6:swordofruin|chain:0.75	undefined	true	24576	24576	24576	6	0
swordofruin	onAnyModifyDef	965	0	6	40	Normal	1	1	1	20	20	-1	8192	pikachu	0	1	0	1	1	1	0	0	0	160	0	1	false	missing	1	brn	sitrusberry	0	-1	99	1	0	ability:0:swordofruin	undefined	undefined	8192	8192	8192	1	2
swordofruin	onAnyModifyDef	966	0	6	0	Bug	1	0	1	20	0	0	0	greninjabond	0	1	0	0	0	-1	1	2	60	100	0	0	undefined	missing	1	brn	leftovers	1	1	0	0	1	ability:0:swordofruin|chain:0.75	undefined	false	0	0	0	6	0
swordofruin	onAnyModifyDef	967	0	6	61	Bug	0	1	0	0	0	-1	8192	greninjaash	1	1	1	1	0	6	1	2	60	0	0	0	null	missing	1	psn	magoberry	1	0	99	1	0	ability:0:swordofruin|ability:6:swordofruin|chain:0.75	undefined	undefined	8192	8192	8192	6	2
swordofruin	onAnyModifyDef	968	0	0	0	Dark	0	0	1	10	-1	-1	8192	greninjaash	0	1	0	1	0	6	1	1	0	0	1	0	0	Move	1	brn	aguavberry	1	0	1	0	0	ability:0:swordofruin|ability:6:swordofruin	undefined	undefined	8192	8192	8192	6	0
swordofruin	onAnyModifyDef	969	0	0	40	Water	0	0	0	0	0	0	16384	greninjabond	0	1	0	0	0	0	1	1	0	160	1	0	false	Move	1	psn	magoberry	0	0	-1	0	1	ability:0:swordofruin|ability:0:swordofruin|chain:0.75	undefined	false	16384	16384	16384	0	0
swordofruin	onAnyModifyDef	970	1	6	60	Ghost	1	0	0	0	0	-1	16384	greninjabond	1	0	0	1	0	-1	0	1	0	100	0	0	false	Move	1	brn	figyberry	2	1	1	1	0	ability:0:swordofruin|chain:0.75	undefined	undefined	16384	16384	16384	6	0
swordofruin	onAnyModifyDef	971	1	6	61	Bug	0	1	0	100	0	1	24576	greninjaash	0	0	0	1	1	1	0	2	0	160	0	1	0	Ability	1	psn	wikiberry	1	0	-1	0	1	ability:0:swordofruin	undefined	true	24576	24576	24576	1	2
swordofruin	onAnyModifyDef	972	-1	0	0	Water	0	1	1	100	100	0	2048	pikachu	1	1	0	0	0	6	1	0	60	160	1	0	false	Ability	0	brn	wikiberry	1	1	99	0	1	ability:0:swordofruin|ability:6:swordofruin	undefined	false	2048	2048	2048	6	2
swordofruin	onAnyModifyDef	973	6	0	70	Dark	1	0	1	100	20	0	24576	greninjabond	1	0	1	0	1	-1	1	2	100	100	1	1	undefined	Move	0	psn	wikiberry	1	1	99	0	0	ability:0:swordofruin	undefined	false	24576	24576	24576	-1	0
swordofruin	onAnyModifyDef	974	1	0	70	Fire	1	0	1	20	100	-1	24576	pikachu	0	0	0	0	0	0	1	0	0	160	0	0	0	missing	0	psn	wikiberry	0	0	99	1	1	ability:0:swordofruin|ability:0:swordofruin|chain:0.75	undefined	undefined	24576	24576	24576	0	0
swordofruin	onAnyModifyDef	975	1	6	40	Water	1	1	1	20	20	1	8192	greninjaash	0	0	0	0	1	1	1	1	60	100	0	1	true	Ability	1	psn	sitrusberry	0	0	99	0	1	ability:0:swordofruin	undefined	true	8192	8192	8192	1	2
swordofruin	onAnyModifyDef	976	1	0	61	Ghost	1	1	0	20	0	0	24576	pikachu	1	0	0	1	0	-1	1	2	100	0	0	1	null	Move	0	brn	magoberry	2	-1	0	0	0	ability:0:swordofruin|chain:0.75	undefined	false	24576	24576	24576	0	2
swordofruin	onAnyModifyDef	977	-1	0	60	Ghost	0	1	0	0	20	-1	8	greninjaash	1	0	0	1	0	0	0	2	60	160	1	1	true	Ability	0	psn	magoberry	1	1	1	0	1	ability:0:swordofruin|ability:0:swordofruin|chain:0.75	undefined	undefined	8	8	8	0	2
swordofruin	onAnyModifyDef	978	1	0	61	Bug	1	0	1	20	-1	0	8192	greninjaash	0	0	1	1	1	1	0	1	0	0	0	0	false	Ability	0	psn	figyberry	1	-1	1	0	1	ability:0:swordofruin	undefined	false	8192	8192	8192	1	0
swordofruin	onAnyModifyDef	979	0	1	0	Water	0	1	1	100	0	-1	24576	pikachu	0	0	1	1	0	6	0	2	0	0	0	0	false	Ability	1	brn	magoberry	1	1	99	0	0	ability:0:swordofruin|ability:6:swordofruin|chain:0.75	undefined	undefined	24576	24576	24576	1	2
swordofruin	onAnyModifyDef	980	1	0	40	Water	1	1	0	20	100	-1	16384	pikachu	0	0	1	0	0	6	1	2	100	100	1	1	true	Move	0	brn	iapapaberry	2	0	-1	1	0	ability:0:swordofruin|ability:6:swordofruin	undefined	undefined	16384	16384	16384	6	2
swordofruin	onAnyModifyDef	981	0	0	0	Ghost	0	1	0	10	-1	1	2048	pikachu	1	1	1	0	0	1	0	0	60	0	1	1	0	Ability	1	psn	leftovers	1	1	1	0	0	ability:0:swordofruin|ability:1:swordofruin|chain:0.75	undefined	true	2048	2048	2048	0	2
swordofruin	onAnyModifyDef	982	-1	1	70	Bug	1	1	1	20	20	-1	0	greninjaash	0	0	0	0	1	0	0	2	100	0	1	0	false	Move	0	brn	sitrusberry	1	1	1	0	0	ability:0:swordofruin	undefined	undefined	0	0	0	0	2
swordofruin	onAnyModifyDef	983	6	0	0	Dark	1	0	1	10	-1	-1	24576	pikachu	0	0	1	0	0	0	0	0	60	160	1	0	undefined	missing	0	psn	iapapaberry	0	-1	-1	0	1	ability:0:swordofruin|ability:0:swordofruin|chain:0.75	undefined	undefined	24576	24576	24576	0	0
swordofruin	onAnyModifyDef	984	1	1	61	Ghost	0	1	1	100	20	0	16384	pikachu	1	0	1	0	0	1	0	2	0	0	0	0	null	Move	0	brn	iapapaberry	2	1	-1	0	1	ability:0:swordofruin|ability:1:swordofruin|chain:0.75	undefined	false	16384	16384	16384	1	2
swordofruin	onAnyModifyDef	985	-1	1	70	Dark	1	0	0	100	0	-1	16384	greninjaash	1	1	0	1	0	0	0	2	100	0	1	1	true	Ability	1	brn	sitrusberry	2	1	-1	1	1	ability:0:swordofruin|ability:0:swordofruin|chain:0.75	undefined	undefined	16384	16384	16384	1	0
swordofruin	onAnyModifyDef	986	0	0	40	Ghost	0	1	1	0	20	-1	0	greninjaash	0	1	1	1	0	0	1	2	0	0	0	0	true	Ability	0	brn	magoberry	2	-1	1	1	1	ability:0:swordofruin|ability:0:swordofruin|chain:0.75	undefined	undefined	0	0	0	0	2
swordofruin	onAnyModifyDef	987	-1	6	0	Ghost	1	1	1	0	-1	1	8	greninjabond	1	0	0	0	0	-1	0	2	100	100	1	0	0	Move	1	brn	aguavberry	1	1	1	1	0	ability:0:swordofruin|chain:0.75	undefined	true	8	8	8	6	2
swordofruin	onAnyModifyDef	988	-1	0	40	Bug	0	0	0	10	100	1	2048	greninjaash	0	0	0	1	1	1	1	1	60	0	0	0	0	missing	1	brn	figyberry	0	-1	0	1	0	ability:0:swordofruin	undefined	true	2048	2048	2048	1	0
swordofruin	onAnyModifyDef	989	1	0	70	Normal	1	0	0	100	-1	-1	8192	pikachu	0	0	1	1	0	-1	0	0	100	100	1	0	null	Ability	0	brn	leftovers	1	1	1	0	0	ability:0:swordofruin|chain:0.75	undefined	undefined	8192	8192	8192	0	0
swordofruin	onAnyModifyDef	990	0	0	60	Fire	1	1	0	20	-1	-1	0	greninjaash	0	1	1	1	0	1	1	0	60	160	1	1	false	Move	1	psn	sitrusberry	0	-1	-1	1	0	ability:0:swordofruin|ability:1:swordofruin	undefined	undefined	0	0	0	1	2
swordofruin	onAnyModifyDef	991	-1	1	60	Dark	1	0	0	0	0	0	0	pikachu	0	0	0	1	0	0	0	1	60	160	0	0	0	Ability	0	brn	wikiberry	2	0	-1	1	0	ability:0:swordofruin|ability:0:swordofruin|chain:0.75	undefined	false	0	0	0	1	0
swordofruin	onAnyModifyDef	992	1	0	60	Fire	1	0	1	0	0	-1	16384	greninjabond	0	1	0	1	0	6	0	2	0	0	1	1	0	Ability	0	brn	figyberry	2	-1	99	0	1	ability:0:swordofruin|ability:6:swordofruin|chain:0.75	undefined	undefined	16384	16384	16384	0	0
swordofruin	onAnyModifyDef	993	-1	0	40	Bug	0	1	0	100	-1	-1	8192	greninjabond	0	0	1	1	1	0	1	2	0	100	0	0	undefined	missing	0	psn	magoberry	1	-1	0	1	1	ability:0:swordofruin	undefined	undefined	8192	8192	8192	0	2
swordofruin	onAnyModifyDef	994	-1	0	61	Water	0	1	1	20	100	0	16384	greninjabond	0	1	1	1	1	6	0	0	60	160	1	0	false	Ability	1	psn	aguavberry	0	1	1	0	0	ability:0:swordofruin	undefined	false	16384	16384	16384	6	2
swordofruin	onAnyModifyDef	995	1	1	0	Ghost	1	1	0	0	20	0	8	greninjaash	1	0	1	1	1	1	0	0	0	160	0	1	0	Move	1	psn	aguavberry	1	-1	-1	0	1	ability:0:swordofruin	undefined	false	8	8	8	1	2
swordofruin	onAnyModifyDef	996	6	1	0	Normal	1	0	1	0	0	0	24576	pikachu	1	1	0	0	1	1	0	2	100	100	1	1	null	Ability	1	brn	figyberry	2	0	1	1	1	ability:0:swordofruin	undefined	false	24576	24576	24576	1	0
swordofruin	onAnyModifyDef	997	-1	6	40	Fire	1	1	0	0	-1	-1	0	greninjaash	1	1	1	1	0	1	1	2	60	0	1	0	undefined	Move	1	brn	aguavberry	1	0	0	1	1	ability:0:swordofruin|ability:1:swordofruin	undefined	undefined	0	0	0	1	2
swordofruin	onAnyModifyDef	998	1	0	0	Normal	1	0	0	100	-1	0	24576	greninjaash	0	1	1	1	1	1	0	1	60	0	1	1	null	Ability	0	brn	sitrusberry	2	-1	1	0	1	ability:0:swordofruin	undefined	false	24576	24576	24576	1	0
swordofruin	onAnyModifyDef	999	-1	0	61	Water	1	0	1	20	100	1	2048	greninjaash	1	0	0	1	1	-1	0	2	100	0	1	1	false	Ability	0	brn	wikiberry	2	-1	0	0	1	ability:0:swordofruin	undefined	true	2048	2048	2048	-1	0
swordofruin	onAnyModifyDef	1000	1	6	61	Ghost	0	0	0	10	20	1	16384	greninjabond	1	1	0	0	0	0	0	1	0	160	0	0	undefined	Ability	1	brn	leftovers	1	1	1	1	1	ability:0:swordofruin|ability:0:swordofruin|chain:0.75	undefined	true	16384	16384	16384	6	0
swordofruin	onAnyModifyDef	1001	6	1	40	Normal	0	0	1	20	100	-1	2048	greninjaash	1	1	1	0	1	0	0	0	60	100	0	0	true	missing	1	psn	wikiberry	2	-1	99	1	1	ability:0:swordofruin	undefined	undefined	2048	2048	2048	0	0
swordofruin	onAnyModifyDef	1002	6	1	60	Ghost	0	0	0	0	-1	-1	24576	greninjaash	0	0	0	1	0	1	0	2	0	160	1	0	null	Move	0	brn	leftovers	0	1	1	1	1	ability:0:swordofruin|ability:1:swordofruin|chain:0.75	undefined	undefined	24576	24576	24576	1	0
swordofruin	onAnyModifyDef	1003	0	1	61	Fire	1	1	1	10	20	1	24576	pikachu	1	0	1	1	0	6	1	1	60	0	1	1	false	Ability	0	psn	figyberry	1	1	99	0	0	ability:0:swordofruin|ability:6:swordofruin	undefined	true	24576	24576	24576	6	2
swordofruin	onAnyModifyDef	1004	0	1	0	Bug	0	1	0	100	0	-1	8192	pikachu	0	1	1	1	1	0	0	0	0	160	1	0	true	missing	1	brn	aguavberry	0	0	99	1	1	ability:0:swordofruin	undefined	undefined	8192	8192	8192	0	2
swordofruin	onAnyModifyDef	1005	1	0	61	Fire	0	0	0	20	0	-1	8192	pikachu	1	0	1	0	1	0	0	1	100	0	1	1	0	missing	1	psn	sitrusberry	1	0	0	1	1	ability:0:swordofruin	undefined	undefined	8192	8192	8192	0	0
swordofruin	onAnyModifyDef	1006	6	1	61	Dark	0	0	0	100	0	-1	16384	pikachu	1	1	1	1	0	6	0	0	60	0	1	1	undefined	Ability	1	psn	wikiberry	0	-1	-1	0	1	ability:0:swordofruin|ability:6:swordofruin|chain:0.75	undefined	undefined	16384	16384	16384	1	0
swordofruin	onAnyModifyDef	1007	0	0	0	Normal	0	0	0	10	-1	-1	2048	greninjabond	1	0	1	0	0	6	0	1	60	160	0	1	null	Move	0	psn	iapapaberry	1	-1	0	0	0	ability:0:swordofruin|ability:6:swordofruin|chain:0.75	undefined	undefined	2048	2048	2048	0	0
swordofruin	onAnyModifyDef	1008	1	6	40	Ghost	0	1	1	20	0	-1	24576	greninjaash	0	0	1	1	1	6	1	2	60	0	0	1	null	missing	1	brn	iapapaberry	1	-1	0	1	0	ability:0:swordofruin	undefined	undefined	24576	24576	24576	6	2
swordofruin	onAnyModifyDef	1009	6	0	60	Dark	1	1	1	20	-1	0	8192	pikachu	1	0	1	0	1	0	1	2	0	100	0	1	undefined	missing	1	brn	figyberry	2	1	-1	0	1	ability:0:swordofruin	undefined	false	8192	8192	8192	0	2
swordofruin	onAnyModifyDef	1010	1	0	60	Normal	0	0	0	20	20	1	0	greninjaash	0	0	0	1	1	0	1	2	100	0	1	0	false	Move	0	psn	figyberry	1	0	1	1	1	ability:0:swordofruin	undefined	true	0	0	0	0	0
swordofruin	onAnyModifyDef	1011	-1	6	61	Bug	1	1	0	10	100	1	0	greninjabond	0	0	0	0	0	-1	1	2	60	160	0	0	0	Ability	0	psn	leftovers	2	-1	0	1	1	ability:0:swordofruin|chain:0.75	undefined	true	0	0	0	6	2
swordofruin	onAnyModifyDef	1012	6	0	70	Normal	0	0	0	20	0	0	24576	greninjaash	1	0	0	0	1	0	0	1	60	160	0	1	null	Ability	0	brn	sitrusberry	0	0	-1	1	0	ability:0:swordofruin	undefined	false	24576	24576	24576	0	0
swordofruin	onAnyModifyDef	1013	6	0	70	Water	1	1	0	100	0	0	24576	greninjaash	0	1	1	0	1	6	1	1	60	100	0	1	undefined	missing	0	brn	magoberry	1	0	0	1	1	ability:0:swordofruin	undefined	false	24576	24576	24576	6	2
swordofruin	onAnyModifyDef	1014	-1	1	61	Ghost	0	1	0	100	100	1	24576	pikachu	1	0	0	1	0	6	1	0	60	0	0	1	0	missing	1	brn	wikiberry	1	1	1	1	0	ability:0:swordofruin|ability:6:swordofruin	undefined	true	24576	24576	24576	6	2
swordofruin	onAnyModifyDef	1015	1	0	40	Fire	0	0	1	100	0	-1	2048	greninjabond	1	0	0	0	0	1	0	2	100	100	0	0	true	Ability	0	psn	wikiberry	2	1	1	1	1	ability:0:swordofruin|ability:1:swordofruin|chain:0.75	undefined	undefined	2048	2048	2048	0	0
swordofruin	onAnyModifyDef	1016	6	6	40	Dark	1	1	1	100	100	1	8192	greninjabond	1	1	0	0	1	-1	1	0	60	100	1	0	0	Ability	1	brn	sitrusberry	0	1	-1	1	0	ability:0:swordofruin	undefined	true	8192	8192	8192	-1	2
swordofruin	onAnyModifyDef	1017	6	6	70	Fire	0	0	1	10	20	-1	8192	pikachu	0	1	1	1	0	0	0	1	60	160	0	1	false	Move	0	brn	iapapaberry	1	-1	1	0	1	ability:0:swordofruin|ability:0:swordofruin|chain:0.75	undefined	undefined	8192	8192	8192	6	0
swordofruin	onAnyModifyDef	1018	0	0	60	Bug	0	0	0	0	100	-1	2048	pikachu	0	1	0	1	1	6	0	0	60	160	1	0	0	missing	1	brn	aguavberry	0	1	1	0	0	ability:0:swordofruin	undefined	undefined	2048	2048	2048	6	0
swordofruin	onAnyModifyDef	1019	1	6	61	Bug	0	1	1	20	0	1	2048	greninjabond	0	0	1	0	1	0	1	2	60	100	0	1	false	Ability	0	brn	iapapaberry	0	0	-1	0	0	ability:0:swordofruin	undefined	true	2048	2048	2048	0	2
swordofruin	onAnyModifyDef	1020	0	0	60	Water	1	0	1	10	0	-1	16384	pikachu	0	0	0	1	1	-1	1	0	0	100	1	0	null	missing	0	psn	sitrusberry	1	0	0	1	0	ability:0:swordofruin	undefined	undefined	16384	16384	16384	-1	0
swordofruin	onAnyModifyDef	1021	0	1	60	Water	0	0	1	10	0	0	0	greninjaash	1	0	0	0	1	0	0	2	0	100	0	0	false	Move	1	brn	figyberry	0	1	-1	0	1	ability:0:swordofruin	undefined	false	0	0	0	0	0
swordofruin	onAnyModifyDef	1022	1	0	0	Bug	0	1	1	100	20	0	8	greninjaash	1	0	0	1	1	-1	0	0	60	100	0	1	null	Ability	0	psn	iapapaberry	2	0	-1	0	0	ability:0:swordofruin	undefined	false	8	8	8	-1	2
swordofruin	onAnyModifyDef	1023	1	0	40	Dark	0	0	1	20	100	0	0	pikachu	0	0	1	1	1	0	1	1	100	0	1	0	true	Ability	1	brn	sitrusberry	1	1	99	0	0	ability:0:swordofruin	undefined	false	0	0	0	0	0
swordofruin	onAnyModifyDef	1024	6	1	40	Fire	0	0	0	0	-1	1	24576	greninjabond	0	1	0	1	1	1	1	1	100	0	0	1	undefined	Move	0	brn	magoberry	2	-1	99	1	1	ability:0:swordofruin	undefined	true	24576	24576	24576	1	0
swordofruin	onAnyModifyDef	1025	1	1	61	Normal	0	1	1	10	0	-1	0	greninjaash	1	0	1	1	0	0	1	2	0	0	0	1	false	Move	1	psn	iapapaberry	0	-1	99	0	1	ability:0:swordofruin|ability:0:swordofruin|chain:0.75	undefined	undefined	0	0	0	1	2
swordofruin	onAnyModifyDef	1026	0	6	61	Fire	1	1	0	20	0	1	8	greninjabond	1	1	1	1	0	1	0	1	0	0	0	0	null	Ability	0	psn	figyberry	2	-1	1	1	0	ability:0:swordofruin|ability:1:swordofruin|chain:0.75	undefined	true	8	8	8	6	2
swordofruin	onAnyModifyDef	1027	0	6	40	Ghost	0	1	1	100	0	0	0	pikachu	0	0	0	1	0	1	1	1	100	0	1	1	null	Move	0	brn	magoberry	2	1	1	0	1	ability:0:swordofruin|ability:1:swordofruin	undefined	false	0	0	0	1	2
swordofruin	onAnyModifyDef	1028	6	6	40	Fire	0	1	0	0	0	0	16384	greninjabond	0	1	1	0	1	-1	1	2	60	160	0	1	undefined	Move	0	psn	magoberry	0	1	1	0	0	ability:0:swordofruin	undefined	false	16384	16384	16384	-1	2
swordofruin	onAnyModifyDef	1029	6	0	0	Fire	0	0	1	20	0	-1	24576	greninjaash	0	1	0	1	0	6	0	1	60	100	0	0	undefined	Ability	0	psn	figyberry	2	1	-1	0	1	ability:0:swordofruin|ability:6:swordofruin|chain:0.75	undefined	undefined	24576	24576	24576	0	0
swordofruin	onAnyModifyDef	1030	6	6	61	Fire	0	0	1	100	-1	1	16384	greninjaash	1	1	0	1	0	-1	0	0	0	0	0	1	0	Move	1	brn	sitrusberry	2	0	1	1	1	ability:0:swordofruin|chain:0.75	undefined	true	16384	16384	16384	6	0
swordofruin	onAnyModifyDef	1031	6	6	70	Dark	1	0	0	0	-1	0	8192	greninjaash	0	0	0	0	0	-1	1	1	0	160	0	1	true	Move	1	brn	sitrusberry	2	1	99	0	1	ability:0:swordofruin|chain:0.75	undefined	false	8192	8192	8192	6	0
swordofruin	onAnyModifyDef	1032	6	0	0	Dark	1	0	1	10	100	1	16384	greninjabond	0	0	1	0	1	6	0	1	0	0	0	0	undefined	Ability	0	brn	sitrusberry	1	0	1	1	1	ability:0:swordofruin	undefined	true	16384	16384	16384	6	0
swordofruin	onAnyModifyDef	1033	1	1	61	Fire	1	1	1	10	20	-1	24576	greninjabond	1	1	1	0	0	0	1	1	60	100	1	0	undefined	missing	0	psn	magoberry	2	1	0	1	1	ability:0:swordofruin|ability:0:swordofruin|chain:0.75	undefined	undefined	24576	24576	24576	1	2
swordofruin	onAnyModifyDef	1034	-1	1	60	Bug	1	1	1	0	-1	0	0	pikachu	1	1	1	1	1	-1	1	1	60	100	0	0	null	Move	0	brn	leftovers	1	1	1	0	1	ability:0:swordofruin	undefined	false	0	0	0	-1	2
swordofruin	onAnyModifyDef	1035	-1	6	40	Ghost	0	1	0	100	-1	0	2048	greninjabond	1	0	1	1	0	6	1	2	60	100	0	0	null	missing	0	psn	figyberry	0	-1	0	1	0	ability:0:swordofruin|ability:6:swordofruin|chain:0.75	undefined	false	2048	2048	2048	6	2
swordofruin	onAnyModifyDef	1036	0	0	60	Fire	1	1	1	100	-1	0	2048	greninjabond	1	0	0	1	0	-1	1	1	60	100	0	1	false	missing	0	psn	sitrusberry	2	0	99	0	1	ability:0:swordofruin|chain:0.75	undefined	false	2048	2048	2048	0	2
swordofruin	onAnyModifyDef	1037	-1	6	0	Ghost	1	1	1	0	100	0	2048	greninjabond	0	0	0	1	0	0	1	0	100	160	0	1	false	Move	1	psn	iapapaberry	2	-1	99	0	1	ability:0:swordofruin|ability:0:swordofruin|chain:0.75	undefined	false	2048	2048	2048	6	2
swordofruin	onAnyModifyDef	1038	-1	0	70	Water	0	0	1	100	-1	-1	24576	greninjaash	1	1	1	1	1	0	1	1	0	100	1	1	0	missing	1	psn	iapapaberry	2	1	-1	0	0	ability:0:swordofruin	undefined	undefined	24576	24576	24576	0	0
swordofruin	onAnyModifyDef	1039	-1	0	70	Bug	1	0	1	100	0	0	8192	greninjaash	0	0	1	0	0	6	1	1	0	100	1	1	undefined	missing	1	psn	leftovers	1	0	-1	1	0	ability:0:swordofruin|ability:6:swordofruin	undefined	false	8192	8192	8192	6	0
swordofruin	onAnyModifyDef	1040	6	6	40	Fire	0	1	1	20	-1	0	16384	pikachu	1	0	0	1	1	0	0	2	60	100	1	0	0	missing	0	brn	iapapaberry	0	0	0	1	0	ability:0:swordofruin	undefined	false	16384	16384	16384	0	2
swordofruin	onAnyModifyDef	1041	1	6	61	Dark	0	0	0	0	0	-1	16384	pikachu	0	0	0	0	1	0	0	1	60	0	1	0	false	missing	1	brn	iapapaberry	2	0	99	1	1	ability:0:swordofruin	undefined	undefined	16384	16384	16384	0	0
swordofruin	onAnyModifyDef	1042	6	1	61	Ghost	1	0	1	20	100	-1	2048	greninjabond	1	0	1	1	0	6	0	2	100	0	0	0	true	Move	1	psn	figyberry	1	0	1	1	1	ability:0:swordofruin|ability:6:swordofruin|chain:0.75	undefined	undefined	2048	2048	2048	1	0
swordofruin	onAnyModifyDef	1043	1	6	70	Normal	1	0	1	0	20	-1	0	pikachu	1	1	1	0	1	-1	1	1	0	100	1	0	null	Move	1	psn	sitrusberry	2	-1	-1	0	1	ability:0:swordofruin	undefined	undefined	0	0	0	-1	0
swordofruin	onAnyModifyDef	1044	-1	1	40	Ghost	0	0	1	100	-1	1	0	greninjaash	0	0	1	0	0	6	0	1	60	160	1	0	undefined	missing	1	psn	leftovers	1	-1	-1	0	1	ability:0:swordofruin|ability:6:swordofruin|chain:0.75	undefined	true	0	0	0	1	0
swordofruin	onAnyModifyDef	1045	1	0	60	Normal	0	0	1	10	100	1	24576	pikachu	1	1	0	0	0	6	0	2	0	0	0	1	0	Ability	1	brn	wikiberry	2	0	99	1	1	ability:0:swordofruin|ability:6:swordofruin|chain:0.75	undefined	true	24576	24576	24576	0	0
swordofruin	onAnyModifyDef	1046	0	1	70	Dark	1	0	0	100	0	1	8	greninjaash	0	0	1	1	0	1	0	0	60	160	1	1	undefined	missing	0	brn	iapapaberry	2	1	1	1	0	ability:0:swordofruin|ability:1:swordofruin|chain:0.75	undefined	true	8	8	8	1	0
swordofruin	onAnyModifyDef	1047	-1	0	61	Water	1	0	0	10	100	1	24576	greninjabond	1	0	1	1	1	1	1	0	60	160	0	0	false	Move	1	psn	magoberry	2	-1	-1	0	1	ability:0:swordofruin	undefined	true	24576	24576	24576	1	0
swordofruin	onAnyModifyDef	1048	6	0	61	Fire	1	0	0	0	100	-1	16384	pikachu	0	1	0	0	1	1	0	2	60	160	0	1	null	Ability	0	brn	aguavberry	1	0	-1	0	0	ability:0:swordofruin	undefined	undefined	16384	16384	16384	1	0
swordofruin	onAnyModifyDef	1049	0	6	70	Bug	0	1	0	0	-1	1	24576	greninjaash	1	1	0	0	1	0	1	0	60	0	1	1	null	missing	1	psn	sitrusberry	0	-1	-1	1	1	ability:0:swordofruin	undefined	true	24576	24576	24576	0	2
swordofruin	onAnyModifyDef	1050	1	6	0	Bug	1	0	1	0	0	0	8192	pikachu	1	0	0	1	1	0	0	0	60	160	1	1	false	Ability	0	brn	leftovers	2	0	99	1	0	ability:0:swordofruin	undefined	false	8192	8192	8192	0	0
swordofruin	onAnyModifyDef	1051	0	6	0	Water	1	0	0	0	100	0	24576	pikachu	1	1	0	1	0	0	0	2	60	100	0	1	false	Move	1	brn	wikiberry	0	-1	1	1	0	ability:0:swordofruin|ability:0:swordofruin|chain:0.75	undefined	false	24576	24576	24576	6	0
swordofruin	onAnyModifyDef	1052	1	1	60	Ghost	0	0	0	20	-1	-1	8	greninjabond	1	1	1	1	0	6	0	0	100	100	0	1	null	missing	1	psn	iapapaberry	0	0	0	0	0	ability:0:swordofruin|ability:6:swordofruin|chain:0.75	undefined	undefined	8	8	8	1	0
swordofruin	onAnyModifyDef	1053	-1	1	40	Water	0	1	1	100	100	-1	8	pikachu	0	0	0	0	1	0	1	0	60	0	1	1	null	Ability	0	brn	figyberry	0	0	1	1	1	ability:0:swordofruin	undefined	undefined	8	8	8	0	2
swordofruin	onAnyModifyDef	1054	1	1	61	Water	1	1	0	100	100	1	16384	greninjabond	0	0	1	1	1	1	0	0	100	160	1	1	true	Ability	1	psn	aguavberry	1	1	-1	1	1	ability:0:swordofruin	undefined	true	16384	16384	16384	1	2
swordofruin	onAnyModifyDef	1055	0	0	0	Ghost	0	0	1	0	-1	1	8192	greninjaash	1	0	0	1	0	0	1	0	60	160	1	1	true	missing	1	psn	sitrusberry	0	1	0	0	0	ability:0:swordofruin|ability:0:swordofruin|chain:0.75	undefined	true	8192	8192	8192	0	0
swordofruin	onAnyModifyDef	1056	6	0	70	Dark	1	0	1	10	20	-1	16384	greninjabond	1	1	1	1	0	-1	1	1	0	0	0	0	0	missing	1	brn	sitrusberry	1	0	99	0	0	ability:0:swordofruin|chain:0.75	undefined	undefined	16384	16384	16384	0	0
swordofruin	onAnyModifyDef	1057	0	0	40	Water	1	0	0	100	100	-1	8192	greninjaash	1	0	0	1	1	0	0	1	60	100	1	1	0	Move	0	psn	magoberry	2	0	1	0	1	ability:0:swordofruin	undefined	undefined	8192	8192	8192	0	0
swordofruin	onAnyModifyDef	1058	0	0	61	Fire	1	1	0	100	-1	1	0	greninjabond	1	1	0	0	1	-1	1	1	100	0	1	1	true	missing	1	psn	aguavberry	2	-1	99	0	1	ability:0:swordofruin	undefined	true	0	0	0	-1	2
swordofruin	onAnyModifyDef	1059	-1	1	70	Water	1	0	1	10	100	-1	8192	greninjabond	1	1	1	1	1	1	0	2	100	0	0	1	false	Ability	1	brn	iapapaberry	0	-1	0	1	1	ability:0:swordofruin	undefined	undefined	8192	8192	8192	1	0
swordofruin	onAnyModifyDef	1060	-1	1	0	Dark	1	1	1	10	-1	-1	24576	greninjaash	0	1	0	0	0	1	0	0	0	100	0	0	undefined	Ability	1	psn	aguavberry	1	0	1	0	0	ability:0:swordofruin|ability:1:swordofruin|chain:0.75	undefined	undefined	24576	24576	24576	1	2
swordofruin	onAnyModifyDef	1061	0	0	0	Ghost	1	0	0	10	20	0	0	greninjabond	0	1	1	1	1	6	0	1	100	160	1	0	0	Move	1	psn	aguavberry	0	1	1	1	1	ability:0:swordofruin	undefined	false	0	0	0	6	0
swordofruin	onAnyModifyDef	1062	6	1	70	Fire	1	1	0	100	20	1	8192	greninjabond	0	1	0	1	1	6	1	2	60	0	0	1	true	Move	1	brn	wikiberry	0	0	1	0	1	ability:0:swordofruin	undefined	true	8192	8192	8192	6	2
swordofruin	onAnyModifyDef	1063	1	6	61	Dark	0	0	0	100	0	1	24576	pikachu	1	0	1	0	0	-1	1	1	100	160	1	1	null	Move	0	brn	sitrusberry	0	1	0	1	1	ability:0:swordofruin|chain:0.75	undefined	true	24576	24576	24576	6	0
swordofruin	onAnyModifyDef	1064	-1	1	60	Dark	0	1	1	20	0	-1	24576	greninjabond	0	0	0	0	0	1	1	1	60	100	1	1	0	Move	1	brn	aguavberry	2	-1	1	0	1	ability:0:swordofruin|ability:1:swordofruin|chain:0.75	undefined	undefined	24576	24576	24576	1	2
swordofruin	onAnyModifyDef	1065	0	1	60	Ghost	0	1	0	100	-1	0	0	greninjabond	0	1	0	1	0	0	1	2	100	100	1	0	0	missing	1	brn	figyberry	1	-1	99	0	0	ability:0:swordofruin|ability:0:swordofruin|chain:0.75	undefined	false	0	0	0	1	2
swordofruin	onAnyModifyDef	1066	0	0	60	Bug	1	1	0	10	20	0	24576	greninjaash	0	1	0	0	0	6	0	0	100	0	1	1	false	missing	1	psn	iapapaberry	2	-1	99	1	1	ability:0:swordofruin|ability:6:swordofruin|chain:0.75	undefined	false	24576	24576	24576	0	2
swordofruin	onAnyModifyDef	1067	6	1	0	Dark	0	0	1	10	0	-1	24576	greninjabond	0	1	0	0	1	6	0	2	100	100	1	0	undefined	missing	1	psn	magoberry	1	1	99	0	0	ability:0:swordofruin	undefined	undefined	24576	24576	24576	6	0
swordofruin	onAnyModifyDef	1068	1	6	61	Fire	0	1	1	0	-1	1	24576	greninjaash	0	0	1	1	0	1	1	0	0	160	1	1	0	missing	0	psn	leftovers	0	1	99	1	1	ability:0:swordofruin|ability:1:swordofruin	undefined	true	24576	24576	24576	1	2
swordofruin	onAnyModifyDef	1069	6	6	0	Bug	0	1	0	20	20	-1	8192	pikachu	1	0	1	1	1	0	1	2	0	160	1	0	true	Ability	0	psn	figyberry	1	-1	0	0	1	ability:0:swordofruin	undefined	undefined	8192	8192	8192	0	2
swordofruin	onAnyModifyDef	1070	0	1	70	Bug	1	0	1	100	-1	1	24576	greninjabond	0	1	0	1	0	6	0	2	60	160	0	1	0	Move	0	brn	magoberry	2	-1	-1	1	0	ability:0:swordofruin|ability:6:swordofruin|chain:0.75	undefined	true	24576	24576	24576	1	0
swordofruin	onAnyModifyDef	1071	1	6	60	Bug	0	0	0	10	100	0	16384	greninjabond	1	0	0	0	1	6	0	0	60	100	0	0	true	Ability	0	brn	wikiberry	2	0	1	0	0	ability:0:swordofruin	undefined	false	16384	16384	16384	6	0
swordofruin	onAnyModifyDef	1072	-1	6	60	Fire	1	1	0	100	20	-1	8192	greninjaash	0	1	0	1	0	6	1	2	60	160	0	0	false	Ability	1	brn	iapapaberry	0	1	0	0	1	ability:0:swordofruin|ability:6:swordofruin|chain:0.75	undefined	undefined	8192	8192	8192	6	2
swordofruin	onAnyModifyDef	1073	-1	1	61	Dark	0	0	0	20	20	1	24576	pikachu	1	0	0	0	0	1	1	2	60	160	1	0	null	Move	0	brn	sitrusberry	2	-1	0	0	0	ability:0:swordofruin|ability:1:swordofruin|chain:0.75	undefined	true	24576	24576	24576	1	0
swordofruin	onAnyModifyDef	1074	-1	0	61	Dark	0	1	0	100	100	-1	8192	greninjabond	0	0	0	0	1	0	1	0	0	100	0	1	null	Move	0	brn	sitrusberry	1	1	99	0	0	ability:0:swordofruin	undefined	undefined	8192	8192	8192	0	2
swordofruin	onAnyModifyDef	1075	0	6	60	Dark	0	0	0	20	-1	0	24576	pikachu	0	1	1	0	0	-1	0	1	0	100	0	0	0	missing	1	psn	aguavberry	0	-1	1	1	1	ability:0:swordofruin|chain:0.75	undefined	false	24576	24576	24576	6	0
swordofruin	onAnyModifyDef	1076	-1	1	60	Ghost	1	0	0	100	20	0	2048	greninjabond	1	0	1	0	1	0	1	1	0	0	0	0	false	missing	0	psn	sitrusberry	2	-1	-1	1	1	ability:0:swordofruin	undefined	false	2048	2048	2048	0	0
swordofruin	onAnyModifyDef	1077	0	0	0	Normal	0	0	0	0	20	1	2048	greninjaash	0	1	1	0	0	6	1	1	100	100	1	1	null	Move	1	brn	leftovers	2	1	0	0	1	ability:0:swordofruin|ability:6:swordofruin	undefined	true	2048	2048	2048	6	0
swordofruin	onAnyModifyDef	1078	1	0	70	Ghost	1	0	1	100	0	-1	0	pikachu	0	1	0	1	1	-1	0	1	0	100	0	1	null	Ability	1	psn	figyberry	0	-1	1	0	0	ability:0:swordofruin	undefined	undefined	0	0	0	-1	0
swordofruin	onAnyModifyDef	1079	6	6	60	Bug	1	0	1	0	-1	-1	0	pikachu	0	0	1	1	0	1	0	0	100	160	1	0	undefined	Ability	0	psn	aguavberry	0	0	99	0	1	ability:0:swordofruin|ability:1:swordofruin|chain:0.75	undefined	undefined	0	0	0	6	0
swordofruin	onAnyModifyDef	1080	-1	1	0	Ghost	0	0	1	0	0	-1	8	greninjaash	1	1	1	0	0	0	0	2	100	0	0	1	undefined	Ability	0	psn	aguavberry	2	0	-1	0	0	ability:0:swordofruin|ability:0:swordofruin|chain:0.75	undefined	undefined	8	8	8	1	0
swordofruin	onAnyModifyDef	1081	-1	1	0	Normal	1	1	0	20	0	0	16384	pikachu	0	1	1	0	0	1	0	2	60	160	0	0	0	missing	1	psn	leftovers	0	0	1	0	0	ability:0:swordofruin|ability:1:swordofruin|chain:0.75	undefined	false	16384	16384	16384	1	2
swordofruin	onAnyModifyDef	1082	6	6	70	Normal	0	0	1	10	-1	1	2048	pikachu	0	0	1	0	0	-1	1	1	0	0	0	1	true	missing	1	psn	sitrusberry	2	0	99	1	0	ability:0:swordofruin|chain:0.75	undefined	true	2048	2048	2048	6	0
swordofruin	onAnyModifyDef	1083	-1	1	40	Water	0	0	1	20	-1	1	8192	pikachu	0	1	1	1	1	0	0	2	0	160	1	1	true	Move	0	psn	figyberry	2	0	-1	1	0	ability:0:swordofruin	undefined	true	8192	8192	8192	0	0
swordofruin	onAnyModifyDef	1084	6	0	0	Ghost	0	1	1	20	20	-1	2048	greninjabond	0	1	0	1	1	0	1	2	100	160	0	1	null	missing	0	psn	wikiberry	1	-1	0	1	0	ability:0:swordofruin	undefined	undefined	2048	2048	2048	0	2
swordofruin	onAnyModifyDef	1085	1	1	0	Dark	1	1	0	10	-1	0	24576	greninjabond	0	0	1	0	0	0	0	2	0	100	1	1	0	Ability	0	psn	wikiberry	2	0	0	0	1	ability:0:swordofruin|ability:0:swordofruin|chain:0.75	undefined	false	24576	24576	24576	1	2
swordofruin	onAnyModifyDef	1086	6	0	40	Normal	1	1	1	100	0	0	8192	greninjaash	1	0	0	1	0	-1	1	0	0	100	1	1	true	missing	1	brn	magoberry	0	1	-1	1	1	ability:0:swordofruin|chain:0.75	undefined	false	8192	8192	8192	0	2
swordofruin	onAnyModifyDef	1087	-1	0	0	Normal	1	0	0	20	0	0	0	greninjabond	0	0	1	0	0	0	0	1	100	100	0	1	false	Ability	0	psn	aguavberry	2	0	99	1	0	ability:0:swordofruin|ability:0:swordofruin|chain:0.75	undefined	false	0	0	0	0	0
swordofruin	onAnyModifyDef	1088	-1	6	40	Ghost	1	0	1	10	20	-1	0	pikachu	0	0	0	1	0	1	0	1	60	160	1	0	true	Move	0	psn	leftovers	1	0	99	1	0	ability:0:swordofruin|ability:1:swordofruin|chain:0.75	undefined	undefined	0	0	0	6	0
swordofruin	onAnyModifyDef	1089	-1	0	70	Ghost	0	0	1	20	20	-1	8192	pikachu	0	1	1	1	0	1	1	0	60	0	0	1	false	Ability	1	psn	magoberry	1	-1	-1	1	0	ability:0:swordofruin|ability:1:swordofruin	undefined	undefined	8192	8192	8192	1	0
swordofruin	onAnyModifyDef	1090	1	6	40	Ghost	0	0	1	100	20	0	24576	pikachu	0	1	1	0	1	1	0	1	100	100	0	1	null	Move	1	brn	leftovers	0	1	99	1	1	ability:0:swordofruin	undefined	false	24576	24576	24576	1	0
swordofruin	onAnyModifyDef	1091	6	1	70	Water	1	0	0	100	20	0	16384	greninjabond	1	1	0	1	1	1	1	0	0	0	0	0	false	Ability	0	brn	leftovers	0	0	99	0	1	ability:0:swordofruin	undefined	false	16384	16384	16384	1	0
swordofruin	onAnyModifyDef	1092	0	1	0	Fire	1	1	1	10	20	0	16384	pikachu	1	1	1	0	1	-1	0	0	0	160	1	0	null	missing	1	psn	wikiberry	1	1	1	1	0	ability:0:swordofruin	undefined	false	16384	16384	16384	-1	2
swordofruin	onAnyModifyDef	1093	-1	6	60	Ghost	0	0	0	100	-1	1	0	greninjaash	1	0	1	0	0	6	1	0	100	160	1	0	null	missing	0	psn	wikiberry	0	-1	-1	0	1	ability:0:swordofruin|ability:6:swordofruin|chain:0.75	undefined	true	0	0	0	6	0
swordofruin	onAnyModifyDef	1094	-1	1	60	Fire	0	1	0	100	100	0	8192	greninjabond	1	0	1	1	1	0	0	2	100	100	1	1	null	Move	0	psn	aguavberry	0	0	1	1	0	ability:0:swordofruin	undefined	false	8192	8192	8192	0	2
swordofruin	onAnyModifyDef	1095	-1	6	40	Ghost	1	0	1	10	100	1	16384	greninjabond	0	0	0	0	1	-1	0	0	0	0	1	1	0	Move	0	brn	sitrusberry	2	0	-1	0	1	ability:0:swordofruin	undefined	true	16384	16384	16384	-1	0
swordofruin	onAnyModifyDef	1096	-1	1	40	Normal	1	1	0	20	0	1	16384	greninjaash	1	0	1	0	1	-1	0	2	100	160	0	1	false	Ability	0	psn	magoberry	0	-1	99	1	1	ability:0:swordofruin	undefined	true	16384	16384	16384	-1	2
swordofruin	onAnyModifyDef	1097	-1	0	60	Fire	1	1	1	10	100	-1	8192	greninjabond	1	0	1	1	1	1	0	2	60	160	0	1	0	Ability	0	brn	aguavberry	1	-1	0	1	0	ability:0:swordofruin	undefined	undefined	8192	8192	8192	1	2
swordofruin	onAnyModifyDef	1098	0	6	61	Water	0	1	1	10	100	-1	24576	greninjaash	0	1	1	0	1	0	1	2	100	160	1	1	null	Move	0	psn	sitrusberry	2	-1	99	0	1	ability:0:swordofruin	undefined	undefined	24576	24576	24576	0	2
swordofruin	onAnyModifyDef	1099	0	6	40	Ghost	1	0	1	0	100	1	16384	pikachu	1	1	1	0	0	6	1	0	60	0	1	0	null	Ability	0	brn	sitrusberry	0	0	0	1	0	ability:0:swordofruin|ability:6:swordofruin|chain:0.75	undefined	true	16384	16384	16384	6	0
swordofruin	onAnyModifyDef	1100	6	1	61	Dark	1	0	0	0	20	-1	8192	pikachu	0	0	1	1	1	-1	0	0	60	160	0	1	true	Ability	1	psn	aguavberry	0	1	-1	1	0	ability:0:swordofruin	undefined	undefined	8192	8192	8192	-1	0
swordofruin	onAnyModifyDef	1101	1	1	40	Normal	0	1	0	0	-1	1	0	greninjabond	0	1	0	1	0	0	0	0	100	160	0	0	false	Move	1	brn	magoberry	2	0	-1	1	1	ability:0:swordofruin|ability:0:swordofruin|chain:0.75	undefined	true	0	0	0	1	2
swordofruin	onAnyModifyDef	1102	0	1	0	Bug	0	1	0	100	20	1	0	greninjaash	1	1	1	1	1	1	0	0	0	100	1	1	0	missing	1	brn	leftovers	2	-1	-1	0	0	ability:0:swordofruin	undefined	true	0	0	0	1	2
swordofruin	onAnyModifyDef	1103	0	0	60	Ghost	0	0	0	100	-1	0	0	pikachu	1	1	1	1	0	6	0	1	0	100	1	0	false	missing	0	brn	wikiberry	0	1	-1	1	0	ability:0:swordofruin|ability:6:swordofruin|chain:0.75	undefined	false	0	0	0	0	0
swordofruin	onAnyModifyDef	1104	0	6	61	Normal	0	0	1	100	100	-1	2048	greninjabond	0	1	1	0	1	0	0	0	0	100	1	0	null	missing	1	psn	wikiberry	2	-1	1	1	1	ability:0:swordofruin	undefined	undefined	2048	2048	2048	0	0
swordofruin	onAnyModifyDef	1105	6	0	40	Water	1	0	1	10	-1	1	0	greninjaash	0	1	1	0	1	1	1	0	0	0	0	0	undefined	Move	1	brn	leftovers	1	-1	99	1	0	ability:0:swordofruin	undefined	true	0	0	0	1	0
swordofruin	onAnyModifyDef	1106	0	6	0	Fire	0	1	0	100	0	0	16384	greninjaash	1	1	0	0	0	6	1	2	100	100	1	1	undefined	Move	1	brn	sitrusberry	2	1	99	1	0	ability:0:swordofruin|ability:6:swordofruin|chain:0.75	undefined	false	16384	16384	16384	6	2
swordofruin	onAnyModifyDef	1107	-1	0	61	Dark	1	0	0	0	100	1	2048	greninjabond	1	1	0	0	1	-1	1	2	100	0	1	1	undefined	Ability	0	psn	figyberry	0	0	-1	1	1	ability:0:swordofruin	undefined	true	2048	2048	2048	-1	0
swordofruin	onAnyModifyDef	1108	0	1	60	Dark	0	0	1	100	20	0	24576	greninjabond	1	1	0	1	1	-1	0	1	60	160	0	0	true	Ability	1	psn	sitrusberry	1	-1	0	0	1	ability:0:swordofruin	undefined	false	24576	24576	24576	-1	0
swordofruin	onAnyModifyDef	1109	-1	1	70	Water	1	0	1	20	0	1	8192	greninjaash	0	0	0	1	1	6	1	0	60	100	0	0	0	Ability	0	brn	aguavberry	1	1	99	1	1	ability:0:swordofruin	undefined	true	8192	8192	8192	6	0
swordofruin	onAnyModifyDef	1110	6	0	60	Ghost	0	0	0	100	-1	1	8	pikachu	1	1	1	1	0	1	1	0	0	100	0	1	undefined	Ability	1	psn	sitrusberry	2	1	99	1	1	ability:0:swordofruin|ability:1:swordofruin	undefined	true	8	8	8	1	0
swordofruin	onAnyModifyDef	1111	1	0	0	Water	0	1	0	20	0	0	2048	greninjaash	1	1	0	1	1	1	1	2	60	160	0	1	true	missing	1	brn	figyberry	1	1	0	1	0	ability:0:swordofruin	undefined	false	2048	2048	2048	1	2
swordofruin	onAnyModifyDef	1112	0	1	60	Water	1	0	0	0	-1	0	8	pikachu	0	1	0	1	1	6	1	2	100	0	1	1	0	Ability	1	psn	magoberry	2	-1	0	1	0	ability:0:swordofruin	undefined	false	8	8	8	6	0
swordofruin	onAnyModifyDef	1113	6	0	70	Water	0	1	1	0	100	1	8	greninjabond	0	0	1	0	1	1	1	1	100	100	0	0	false	Ability	0	psn	figyberry	0	1	0	0	0	ability:0:swordofruin	undefined	true	8	8	8	1	2
swordofruin	onAnyModifyDef	1114	-1	0	0	Water	1	0	0	10	-1	0	8192	greninjaash	1	0	0	0	1	1	0	0	60	0	1	1	0	Move	1	psn	sitrusberry	1	1	99	0	0	ability:0:swordofruin	undefined	false	8192	8192	8192	1	0
swordofruin	onAnyModifyDef	1115	6	6	60	Bug	0	0	0	10	0	1	16384	greninjabond	0	1	1	1	1	0	1	2	60	100	0	1	0	missing	0	psn	magoberry	0	0	99	0	1	ability:0:swordofruin	undefined	true	16384	16384	16384	0	0
swordofruin	onAnyModifyDef	1116	6	1	70	Fire	1	1	1	20	20	-1	8192	pikachu	1	1	1	0	0	6	0	0	60	100	1	1	0	missing	0	psn	wikiberry	0	1	1	0	1	ability:0:swordofruin|ability:6:swordofruin|chain:0.75	undefined	undefined	8192	8192	8192	1	2
swordofruin	onAnyModifyDef	1117	0	1	0	Ghost	0	1	1	0	0	1	2048	greninjabond	1	1	0	0	1	0	1	2	60	160	0	1	null	Move	1	psn	wikiberry	1	0	99	1	1	ability:0:swordofruin	undefined	true	2048	2048	2048	0	2
swordofruin	onAnyModifyDef	1118	-1	6	70	Normal	0	0	1	100	0	0	8	pikachu	1	0	0	0	1	6	0	0	60	100	0	0	true	missing	0	brn	magoberry	2	0	0	0	1	ability:0:swordofruin	undefined	false	8	8	8	6	0
swordofruin	onAnyModifyDef	1119	6	6	60	Bug	0	1	1	10	100	1	8	greninjaash	1	1	1	0	1	1	1	2	100	160	1	1	undefined	Move	1	psn	magoberry	2	-1	0	0	1	ability:0:swordofruin	undefined	true	8	8	8	1	2
swordofruin	onAnyModifyDef	1120	0	1	70	Water	0	1	0	10	100	0	8192	greninjaash	1	0	1	0	1	-1	1	1	60	100	0	0	null	Ability	1	psn	sitrusberry	2	1	-1	1	0	ability:0:swordofruin	undefined	false	8192	8192	8192	-1	2
swordofruin	onAnyModifyDef	1121	6	6	40	Ghost	1	0	1	0	0	0	2048	pikachu	1	1	0	0	0	1	0	1	0	100	1	1	0	Move	1	brn	aguavberry	2	0	1	0	0	ability:0:swordofruin|ability:1:swordofruin|chain:0.75	undefined	false	2048	2048	2048	6	0
swordofruin	onAnyModifyDef	1122	6	0	40	Fire	1	0	0	100	20	1	8	greninjabond	1	0	0	0	0	-1	1	2	100	0	0	1	null	missing	0	brn	wikiberry	1	-1	99	1	1	ability:0:swordofruin|chain:0.75	undefined	true	8	8	8	0	0
swordofruin	onAnyModifyDef	1123	0	1	40	Water	0	0	1	10	-1	-1	2048	pikachu	0	1	0	0	0	6	1	0	0	0	1	0	false	Move	0	brn	figyberry	2	0	0	1	0	ability:0:swordofruin|ability:6:swordofruin	undefined	undefined	2048	2048	2048	6	0
swordofruin	onAnyModifyDef	1124	1	0	40	Fire	0	1	0	10	100	0	16384	greninjabond	0	0	1	1	0	6	1	1	100	0	0	0	null	missing	0	psn	aguavberry	2	-1	99	0	0	ability:0:swordofruin|ability:6:swordofruin	undefined	false	16384	16384	16384	6	2
swordofruin	onAnyModifyDef	1125	6	6	70	Bug	0	0	1	10	0	-1	8192	greninjaash	0	0	0	0	1	6	0	2	60	0	0	1	0	Move	0	psn	leftovers	0	0	1	0	0	ability:0:swordofruin	undefined	undefined	8192	8192	8192	6	0
swordofruin	onAnyModifyDef	1126	0	6	60	Dark	0	1	1	0	0	-1	2048	greninjaash	1	0	0	0	0	6	1	1	100	160	0	0	0	Ability	1	psn	figyberry	0	1	99	1	0	ability:0:swordofruin|ability:6:swordofruin|chain:0.75	undefined	undefined	2048	2048	2048	6	2
swordofruin	onAnyModifyDef	1127	6	0	61	Ghost	0	1	0	100	20	-1	8192	greninjaash	0	1	1	0	0	0	1	1	0	0	0	0	false	Ability	1	psn	wikiberry	2	1	1	1	0	ability:0:swordofruin|ability:0:swordofruin|chain:0.75	undefined	undefined	8192	8192	8192	0	2
swordofruin	onAnyModifyDef	1128	0	6	40	Water	1	1	1	20	-1	-1	24576	greninjabond	0	0	1	1	1	1	1	1	60	160	1	1	undefined	Move	0	psn	sitrusberry	0	1	99	0	0	ability:0:swordofruin	undefined	undefined	24576	24576	24576	1	2
swordofruin	onAnyModifyDef	1129	1	6	40	Fire	1	1	0	100	20	0	8	pikachu	0	0	0	1	0	1	1	0	100	0	1	1	null	missing	0	brn	leftovers	1	-1	-1	0	0	ability:0:swordofruin|ability:1:swordofruin	undefined	false	8	8	8	1	2
swordofruin	onAnyModifyDef	1130	1	1	61	Bug	1	1	1	10	0	1	0	greninjaash	1	1	1	0	1	6	1	1	60	160	0	1	null	missing	1	psn	iapapaberry	1	1	99	0	0	ability:0:swordofruin	undefined	true	0	0	0	6	2
