# effect	hook	profile	source	owner	hp	type	physical	multihit	smart	total	last	checked	flags	species	turns	contact	suppress	secondaries	ability	old	oldability	foes	def	spd	substitute	tailwind	boostresult	effecttype	effectstatus	status	item	length	lowered	atkboost	wind	shuriken	trace	return	checked	flags0	flags1	flags6	old	multihit
tabletsofruin	onStart	0	6	0	40	Fire	1	0	0	100	20	-1	0	greninjabond	1	1	0	0	0	-1	0	2	100	100	0	0	true	Move	1	brn	sitrusberry	1	-1	-1	1	1	suppress:0|log:-ability:0:Tablets of Ruin:undefined	undefined	undefined	0	0	0	-1	0
tabletsofruin	onStart	1	6	0	40	Fire	1	0	0	100	20	-1	0	greninjabond	1	1	0	0	0	-1	0	2	100	100	0	0	true	Move	1	brn	sitrusberry	1	-1	-1	1	1	suppress:0|log:-ability:0:Tablets of Ruin:undefined	undefined	undefined	0	0	0	-1	0
tabletsofruin	onStart	2	1	0	40	Fire	1	0	0	100	20	-1	0	greninjabond	1	1	0	0	0	-1	0	2	100	100	0	0	true	Move	1	brn	sitrusberry	1	-1	-1	1	1	suppress:0|log:-ability:0:Tablets of Ruin:undefined	undefined	undefined	0	0	0	-1	0
tabletsofruin	onStart	3	0	0	40	Fire	1	0	0	100	20	-1	0	greninjabond	1	1	0	0	0	-1	0	2	100	100	0	0	true	Move	1	brn	sitrusberry	1	-1	-1	1	1	suppress:0|log:-ability:0:Tablets of Ruin:undefined	undefined	undefined	0	0	0	-1	0
tabletsofruin	onStart	4	-1	0	40	Fire	1	0	0	100	20	-1	0	greninjabond	1	1	0	0	0	-1	0	2	100	100	0	0	true	Move	1	brn	sitrusberry	1	-1	-1	1	1	suppress:0|log:-ability:0:Tablets of Ruin:undefined	undefined	undefined	0	0	0	-1	0
tabletsofruin	onStart	5	6	0	40	Fire	1	0	0	100	20	-1	0	greninjabond	1	1	0	0	0	-1	0	2	100	100	0	0	true	Move	1	brn	sitrusberry	1	-1	-1	1	1	suppress:0|log:-ability:0:Tablets of Ruin:undefined	undefined	undefined	0	0	0	-1	0
tabletsofruin	onStart	6	6	1	40	Fire	1	0	0	100	20	-1	0	greninjabond	1	1	0	0	0	-1	0	2	100	100	0	0	true	Move	1	brn	sitrusberry	1	-1	-1	1	1	suppress:0|log:-ability:0:Tablets of Ruin:undefined	undefined	undefined	0	0	0	-1	0
tabletsofruin	onStart	7	6	6	40	Fire	1	0	0	100	20	-1	0	greninjabond	1	1	0	0	0	-1	0	2	100	100	0	0	true	Move	1	brn	sitrusberry	1	-1	-1	1	1	suppress:0|log:-ability:0:Tablets of Ruin:undefined	undefined	undefined	0	0	0	-1	0
tabletsofruin	onStart	8	6	0	40	Fire	1	0	0	100	20	-1	0	greninjabond	1	1	0	0	0	-1	0	2	100	100	0	0	true	Move	1	brn	sitrusberry	1	-1	-1	1	1	suppress:0|log:-ability:0:Tablets of Ruin:undefined	undefined	undefined	0	0	0	-1	0
tabletsofruin	onStart	9	6	0	0	Fire	1	0	0	100	20	-1	0	greninjabond	1	1	0	0	0	-1	0	2	100	100	0	0	true	Move	1	brn	sitrusberry	1	-1	-1	1	1	suppress:0|log:-ability:0:Tablets of Ruin:undefined	undefined	undefined	0	0	0	-1	0
tabletsofruin	onStart	10	6	0	60	Fire	1	0	0	100	20	-1	0	greninjabond	1	1	0	0	0	-1	0	2	100	100	0	0	true	Move	1	brn	sitrusberry	1	-1	-1	1	1	suppress:0|log:-ability:0:Tablets of Ruin:undefined	undefined	undefined	0	0	0	-1	0
tabletsofruin	onStart	11	6	0	61	Fire	1	0	0	100	20	-1	0	greninjabond	1	1	0	0	0	-1	0	2	100	100	0	0	true	Move	1	brn	sitrusberry	1	-1	-1	1	1	suppress:0|log:-ability:0:Tablets of Ruin:undefined	undefined	undefined	0	0	0	-1	0
tabletsofruin	onStart	12	6	0	70	Fire	1	0	0	100	20	-1	0	greninjabond	1	1	0	0	0	-1	0	2	100	100	0	0	true	Move	1	brn	sitrusberry	1	-1	-1	1	1	suppress:0|log:-ability:0:Tablets of Ruin:undefined	undefined	undefined	0	0	0	-1	0
tabletsofruin	onStart	13	6	0	40	Fire	1	0	0	100	20	-1	0	greninjabond	1	1	0	0	0	-1	0	2	100	100	0	0	true	Move	1	brn	sitrusberry	1	-1	-1	1	1	suppress:0|log:-ability:0:Tablets of Ruin:undefined	undefined	undefined	0	0	0	-1	0
tabletsofruin	onStart	14	6	0	40	Water	1	0	0	100	20	-1	0	greninjabond	1	1	0	0	0	-1	0	2	100	100	0	0	true	Move	1	brn	sitrusberry	1	-1	-1	1	1	suppress:0|log:-ability:0:Tablets of Ruin:undefined	undefined	undefined	0	0	0	-1	0
tabletsofruin	onStart	15	6	0	40	Dark	1	0	0	100	20	-1	0	greninjabond	1	1	0	0	0	-1	0	2	100	100	0	0	true	Move	1	brn	sitrusberry	1	-1	-1	1	1	suppress:0|log:-ability:0:Tablets of Ruin:undefined	undefined	undefined	0	0	0	-1	0
tabletsofruin	onStart	16	6	0	40	Bug	1	0	0	100	20	-1	0	greninjabond	1	1	0	0	0	-1	0	2	100	100	0	0	true	Move	1	brn	sitrusberry	1	-1	-1	1	1	suppress:0|log:-ability:0:Tablets of Ruin:undefined	undefined	undefined	0	0	0	-1	0
tabletsofruin	onStart	17	6	0	40	Ghost	1	0	0	100	20	-1	0	greninjabond	1	1	0	0	0	-1	0	2	100	100	0	0	true	Move	1	brn	sitrusberry	1	-1	-1	1	1	suppress:0|log:-ability:0:Tablets of Ruin:undefined	undefined	undefined	0	0	0	-1	0
tabletsofruin	onStart	18	6	0	40	Normal	1	0	0	100	20	-1	0	greninjabond	1	1	0	0	0	-1	0	2	100	100	0	0	true	Move	1	brn	sitrusberry	1	-1	-1	1	1	suppress:0|log:-ability:0:Tablets of Ruin:undefined	undefined	undefined	0	0	0	-1	0
tabletsofruin	onStart	19	6	0	40	Fire	1	0	0	100	20	-1	0	greninjabond	1	1	0	0	0	-1	0	2	100	100	0	0	true	Move	1	brn	sitrusberry	1	-1	-1	1	1	suppress:0|log:-ability:0:Tablets of Ruin:undefined	undefined	undefined	0	0	0	-1	0
tabletsofruin	onStart	20	6	0	40	Fire	0	0	0	100	20	-1	0	greninjabond	1	1	0	0	0	-1	0	2	100	100	0	0	true	Move	1	brn	sitrusberry	1	-1	-1	1	1	suppress:0|log:-ability:0:Tablets of Ruin:undefined	undefined	undefined	0	0	0	-1	0
tabletsofruin	onStart	21	6	0	40	Fire	1	0	0	100	20	-1	0	greninjabond	1	1	0	0	0	-1	0	2	100	100	0	0	true	Move	1	brn	sitrusberry	1	-1	-1	1	1	suppress:0|log:-ability:0:Tablets of Ruin:undefined	undefined	undefined	0	0	0	-1	0
tabletsofruin	onStart	22	6	0	40	Fire	1	1	0	100	20	-1	0	greninjabond	1	1	0	0	0	-1	0	2	100	100	0	0	true	Move	1	brn	sitrusberry	1	-1	-1	1	1	suppress:0|log:-ability:0:Tablets of Ruin:undefined	undefined	undefined	0	0	0	-1	2
tabletsofruin	onStart	23	6	0	40	Fire	1	0	0	100	20	-1	0	greninjabond	1	1	0	0	0	-1	0	2	100	100	0	0	true	Move	1	brn	sitrusberry	1	-1	-1	1	1	suppress:0|log:-ability:0:Tablets of Ruin:undefined	undefined	undefined	0	0	0	-1	0
tabletsofruin	onStart	24	6	0	40	Fire	1	0	1	100	20	-1	0	greninjabond	1	1	0	0	0	-1	0	2	100	100	0	0	true	Move	1	brn	sitrusberry	1	-1	-1	1	1	suppress:0|log:-ability:0:Tablets of Ruin:undefined	undefined	undefined	0	0	0	-1	0
tabletsofruin	onStart	25	6	0	40	Fire	1	0	0	100	20	-1	0	greninjabond	1	1	0	0	0	-1	0	2	100	100	0	0	true	Move	1	brn	sitrusberry	1	-1	-1	1	1	suppress:0|log:-ability:0:Tablets of Ruin:undefined	undefined	undefined	0	0	0	-1	0
tabletsofruin	onStart	26	6	0	40	Fire	1	0	0	0	20	-1	0	greninjabond	1	1	0	0	0	-1	0	2	100	100	0	0	true	Move	1	brn	sitrusberry	1	-1	-1	1	1	suppress:0|log:-ability:0:Tablets of Ruin:undefined	undefined	undefined	0	0	0	-1	0
tabletsofruin	onStart	27	6	0	40	Fire	1	0	0	10	20	-1	0	greninjabond	1	1	0	0	0	-1	0	2	100	100	0	0	true	Move	1	brn	sitrusberry	1	-1	-1	1	1	suppress:0|log:-ability:0:Tablets of Ruin:undefined	undefined	undefined	0	0	0	-1	0
tabletsofruin	onStart	28	6	0	40	Fire	1	0	0	20	20	-1	0	greninjabond	1	1	0	0	0	-1	0	2	100	100	0	0	true	Move	1	brn	sitrusberry	1	-1	-1	1	1	suppress:0|log:-ability:0:Tablets of Ruin:undefined	undefined	undefined	0	0	0	-1	0
tabletsofruin	onStart	29	6	0	40	Fire	1	0	0	100	20	-1	0	greninjabond	1	1	0	0	0	-1	0	2	100	100	0	0	true	Move	1	brn	sitrusberry	1	-1	-1	1	1	suppress:0|log:-ability:0:Tablets of Ruin:undefined	undefined	undefined	0	0	0	-1	0
tabletsofruin	onStart	30	6	0	40	Fire	1	0	0	100	-1	-1	0	greninjabond	1	1	0	0	0	-1	0	2	100	100	0	0	true	Move	1	brn	sitrusberry	1	-1	-1	1	1	suppress:0|log:-ability:0:Tablets of Ruin:undefined	undefined	undefined	0	0	0	-1	0
tabletsofruin	onStart	31	6	0	40	Fire	1	0	0	100	0	-1	0	greninjabond	1	1	0	0	0	-1	0	2	100	100	0	0	true	Move	1	brn	sitrusberry	1	-1	-1	1	1	suppress:0|log:-ability:0:Tablets of Ruin:undefined	undefined	undefined	0	0	0	-1	0
tabletsofruin	onStart	32	6	0	40	Fire	1	0	0	100	100	-1	0	greninjabond	1	1	0	0	0	-1	0	2	100	100	0	0	true	Move	1	brn	sitrusberry	1	-1	-1	1	1	suppress:0|log:-ability:0:Tablets of Ruin:undefined	undefined	undefined	0	0	0	-1	0
tabletsofruin	onStart	33	6	0	40	Fire	1	0	0	100	20	-1	0	greninjabond	1	1	0	0	0	-1	0	2	100	100	0	0	true	Move	1	brn	sitrusberry	1	-1	-1	1	1	suppress:0|log:-ability:0:Tablets of Ruin:undefined	undefined	undefined	0	0	0	-1	0
tabletsofruin	onStart	34	6	0	40	Fire	1	0	0	100	20	0	0	greninjabond	1	1	0	0	0	-1	0	2	100	100	0	0	true	Move	1	brn	sitrusberry	1	-1	-1	1	1	suppress:0|log:-ability:0:Tablets of Ruin:undefined	undefined	false	0	0	0	-1	0
tabletsofruin	onStart	35	6	0	40	Fire	1	0	0	100	20	1	0	greninjabond	1	1	0	0	0	-1	0	2	100	100	0	0	true	Move	1	brn	sitrusberry	1	-1	-1	1	1	suppress:0|log:-ability:0:Tablets of Ruin:undefined	undefined	true	0	0	0	-1	0
tabletsofruin	onStart	36	6	0	40	Fire	1	0	0	100	20	-1	0	greninjabond	1	1	0	0	0	-1	0	2	100	100	0	0	true	Move	1	brn	sitrusberry	1	-1	-1	1	1	suppress:0|log:-ability:0:Tablets of Ruin:undefined	undefined	undefined	0	0	0	-1	0
tabletsofruin	onStart	37	6	0	40	Fire	1	0	0	100	20	-1	8	greninjabond	1	1	0	0	0	-1	0	2	100	100	0	0	true	Move	1	brn	sitrusberry	1	-1	-1	1	1	suppress:0|log:-ability:0:Tablets of Ruin:undefined	undefined	undefined	8	8	8	-1	0
tabletsofruin	onStart	38	6	0	40	Fire	1	0	0	100	20	-1	2048	greninjabond	1	1	0	0	0	-1	0	2	100	100	0	0	true	Move	1	brn	sitrusberry	1	-1	-1	1	1	suppress:0|log:-ability:0:Tablets of Ruin:undefined	undefined	undefined	2048	2048	2048	-1	0
tabletsofruin	onStart	39	6	0	40	Fire	1	0	0	100	20	-1	8192	greninjabond	1	1	0	0	0	-1	0	2	100	100	0	0	true	Move	1	brn	sitrusberry	1	-1	-1	1	1	suppress:0|log:-ability:0:Tablets of Ruin:undefined	undefined	undefined	8192	8192	8192	-1	0
tabletsofruin	onStart	40	6	0	40	Fire	1	0	0	100	20	-1	16384	greninjabond	1	1	0	0	0	-1	0	2	100	100	0	0	true	Move	1	brn	sitrusberry	1	-1	-1	1	1	suppress:0|log:-ability:0:Tablets of Ruin:undefined	undefined	undefined	16384	16384	16384	-1	0
tabletsofruin	onStart	41	6	0	40	Fire	1	0	0	100	20	-1	24576	greninjabond	1	1	0	0	0	-1	0	2	100	100	0	0	true	Move	1	brn	sitrusberry	1	-1	-1	1	1	suppress:0|log:-ability:0:Tablets of Ruin:undefined	undefined	undefined	24576	24576	24576	-1	0
tabletsofruin	onStart	42	6	0	40	Fire	1	0	0	100	20	-1	0	greninjabond	1	1	0	0	0	-1	0	2	100	100	0	0	true	Move	1	brn	sitrusberry	1	-1	-1	1	1	suppress:0|log:-ability:0:Tablets of Ruin:undefined	undefined	undefined	0	0	0	-1	0
tabletsofruin	onStart	43	6	0	40	Fire	1	0	0	100	20	-1	0	greninjaash	1	1	0	0	0	-1	0	2	100	100	0	0	true	Move	1	brn	sitrusberry	1	-1	-1	1	1	suppress:0|log:-ability:0:Tablets of Ruin:undefined	undefined	undefined	0	0	0	-1	0
tabletsofruin	onStart	44	6	0	40	Fire	1	0	0	100	20	-1	0	pikachu	1	1	0	0	0	-1	0	2	100	100	0	0	true	Move	1	brn	sitrusberry	1	-1	-1	1	1	suppress:0|log:-ability:0:Tablets of Ruin:undefined	undefined	undefined	0	0	0	-1	0
tabletsofruin	onStart	45	6	0	40	Fire	1	0	0	100	20	-1	0	greninjabond	1	1	0	0	0	-1	0	2	100	100	0	0	true	Move	1	brn	sitrusberry	1	-1	-1	1	1	suppress:0|log:-ability:0:Tablets of Ruin:undefined	undefined	undefined	0	0	0	-1	0
tabletsofruin	onStart	46	6	0	40	Fire	1	0	0	100	20	-1	0	greninjabond	0	1	0	0	0	-1	0	2	100	100	0	0	true	Move	1	brn	sitrusberry	1	-1	-1	1	1	suppress:0|log:-ability:0:Tablets of Ruin:undefined	undefined	undefined	0	0	0	-1	0
tabletsofruin	onStart	47	6	0	40	Fire	1	0	0	100	20	-1	0	greninjabond	1	1	0	0	0	-1	0	2	100	100	0	0	true	Move	1	brn	sitrusberry	1	-1	-1	1	1	suppress:0|log:-ability:0:Tablets of Ruin:undefined	undefined	undefined	0	0	0	-1	0
tabletsofruin	onStart	48	6	0	40	Fire	1	0	0	100	20	-1	0	greninjabond	1	0	0	0	0	-1	0	2	100	100	0	0	true	Move	1	brn	sitrusberry	1	-1	-1	1	1	suppress:0|log:-ability:0:Tablets of Ruin:undefined	undefined	undefined	0	0	0	-1	0
tabletsofruin	onStart	49	6	0	40	Fire	1	0	0	100	20	-1	0	greninjabond	1	1	0	0	0	-1	0	2	100	100	0	0	true	Move	1	brn	sitrusberry	1	-1	-1	1	1	suppress:0|log:-ability:0:Tablets of Ruin:undefined	undefined	undefined	0	0	0	-1	0
tabletsofruin	onStart	50	6	0	40	Fire	1	0	0	100	20	-1	0	greninjabond	1	1	1	0	0	-1	0	2	100	100	0	0	true	Move	1	brn	sitrusberry	1	-1	-1	1	1	suppress:0	undefined	undefined	0	0	0	-1	0
tabletsofruin	onStart	51	6	0	40	Fire	1	0	0	100	20	-1	0	greninjabond	1	1	0	0	0	-1	0	2	100	100	0	0	true	Move	1	brn	sitrusberry	1	-1	-1	1	1	suppress:0|log:-ability:0:Tablets of Ruin:undefined	undefined	undefined	0	0	0	-1	0
tabletsofruin	onStart	52	6	0	40	Fire	1	0	0	100	20	-1	0	greninjabond	1	1	0	1	0	-1	0	2	100	100	0	0	true	Move	1	brn	sitrusberry	1	-1	-1	1	1	suppress:0|log:-ability:0:Tablets of Ruin:undefined	undefined	undefined	0	0	0	-1	0
tabletsofruin	onStart	53	6	0	40	Fire	1	0	0	100	20	-1	0	greninjabond	1	1	0	0	0	-1	0	2	100	100	0	0	true	Move	1	brn	sitrusberry	1	-1	-1	1	1	suppress:0|log:-ability:0:Tablets of Ruin:undefined	undefined	undefined	0	0	0	-1	0
tabletsofruin	onStart	54	6	0	40	Fire	1	0	0	100	20	-1	0	greninjabond	1	1	0	0	1	-1	0	2	100	100	0	0	true	Move	1	brn	sitrusberry	1	-1	-1	1	1	suppress:0|log:-ability:0:Tablets of Ruin:undefined	undefined	undefined	0	0	0	-1	0
tabletsofruin	onStart	55	6	0	40	Fire	1	0	0	100	20	-1	0	greninjabond	1	1	0	0	0	-1	0	2	100	100	0	0	true	Move	1	brn	sitrusberry	1	-1	-1	1	1	suppress:0|log:-ability:0:Tablets of Ruin:undefined	undefined	undefined	0	0	0	-1	0
tabletsofruin	onStart	56	6	0	40	Fire	1	0	0	100	20	-1	0	greninjabond	1	1	0	0	0	0	0	2	100	100	0	0	true	Move	1	brn	sitrusberry	1	-1	-1	1	1	suppress:0|log:-ability:0:Tablets of Ruin:undefined	undefined	undefined	0	0	0	0	0
tabletsofruin	onStart	57	6	0	40	Fire	1	0	0	100	20	-1	0	greninjabond	1	1	0	0	0	1	0	2	100	100	0	0	true	Move	1	brn	sitrusberry	1	-1	-1	1	1	suppress:0|log:-ability:0:Tablets of Ruin:undefined	undefined	undefined	0	0	0	1	0
tabletsofruin	onStart	58	6	0	40	Fire	1	0	0	100	20	-1	0	greninjabond	1	1	0	0	0	6	0	2	100	100	0	0	true	Move	1	brn	sitrusberry	1	-1	-1	1	1	suppress:0|log:-ability:0:Tablets of Ruin:undefined	undefined	undefined	0	0	0	6	0
tabletsofruin	onStart	59	6	0	40	Fire	1	0	0	100	20	-1	0	greninjabond	1	1	0	0	0	-1	0	2	100	100	0	0	true	Move	1	brn	sitrusberry	1	-1	-1	1	1	suppress:0|log:-ability:0:Tablets of Ruin:undefined	undefined	undefined	0	0	0	-1	0
tabletsofruin	onStart	60	6	0	40	Fire	1	0	0	100	20	-1	0	greninjabond	1	1	0	0	0	-1	1	2	100	100	0	0	true	Move	1	brn	sitrusberry	1	-1	-1	1	1	suppress:0|log:-ability:0:Tablets of Ruin:undefined	undefined	undefined	0	0	0	-1	0
tabletsofruin	onStart	61	6	0	40	Fire	1	0	0	100	20	-1	0	greninjabond	1	1	0	0	0	-1	0	2	100	100	0	0	true	Move	1	brn	sitrusberry	1	-1	-1	1	1	suppress:0|log:-ability:0:Tablets of Ruin:undefined	undefined	undefined	0	0	0	-1	0
tabletsofruin	onStart	62	6	0	40	Fire	1	0	0	100	20	-1	0	greninjabond	1	1	0	0	0	-1	0	0	100	100	0	0	true	Move	1	brn	sitrusberry	1	-1	-1	1	1	suppress:0|log:-ability:0:Tablets of Ruin:undefined	undefined	undefined	0	0	0	-1	0
tabletsofruin	onStart	63	6	0	40	Fire	1	0	0	100	20	-1	0	greninjabond	1	1	0	0	0	-1	0	1	100	100	0	0	true	Move	1	brn	sitrusberry	1	-1	-1	1	1	suppress:0|log:-ability:0:Tablets of Ruin:undefined	undefined	undefined	0	0	0	-1	0
tabletsofruin	onStart	64	6	0	40	Fire	1	0	0	100	20	-1	0	greninjabond	1	1	0	0	0	-1	0	2	100	100	0	0	true	Move	1	brn	sitrusberry	1	-1	-1	1	1	suppress:0|log:-ability:0:Tablets of Ruin:undefined	undefined	undefined	0	0	0	-1	0
tabletsofruin	onStart	65	6	0	40	Fire	1	0	0	100	20	-1	0	greninjabond	1	1	0	0	0	-1	0	2	0	100	0	0	true	Move	1	brn	sitrusberry	1	-1	-1	1	1	suppress:0|log:-ability:0:Tablets of Ruin:undefined	undefined	undefined	0	0	0	-1	0
tabletsofruin	onStart	66	6	0	40	Fire	1	0	0	100	20	-1	0	greninjabond	1	1	0	0	0	-1	0	2	60	100	0	0	true	Move	1	brn	sitrusberry	1	-1	-1	1	1	suppress:0|log:-ability:0:Tablets of Ruin:undefined	undefined	undefined	0	0	0	-1	0
tabletsofruin	onStart	67	6	0	40	Fire	1	0	0	100	20	-1	0	greninjabond	1	1	0	0	0	-1	0	2	100	100	0	0	true	Move	1	brn	sitrusberry	1	-1	-1	1	1	suppress:0|log:-ability:0:Tablets of Ruin:undefined	undefined	undefined	0	0	0	-1	0
tabletsofruin	onStart	68	6	0	40	Fire	1	0	0	100	20	-1	0	greninjabond	1	1	0	0	0	-1	0	2	100	0	0	0	true	Move	1	brn	sitrusberry	1	-1	-1	1	1	suppress:0|log:-ability:0:Tablets of Ruin:undefined	undefined	undefined	0	0	0	-1	0
tabletsofruin	onStart	69	6	0	40	Fire	1	0	0	100	20	-1	0	greninjabond	1	1	0	0	0	-1	0	2	100	160	0	0	true	Move	1	brn	sitrusberry	1	-1	-1	1	1	suppress:0|log:-ability:0:Tablets of Ruin:undefined	undefined	undefined	0	0	0	-1	0
tabletsofruin	onStart	70	6	0	40	Fire	1	0	0	100	20	-1	0	greninjabond	1	1	0	0	0	-1	0	2	100	100	0	0	true	Move	1	brn	sitrusberry	1	-1	-1	1	1	suppress:0|log:-ability:0:Tablets of Ruin:undefined	undefined	undefined	0	0	0	-1	0
tabletsofruin	onStart	71	6	0	40	Fire	1	0	0	100	20	-1	0	greninjabond	1	1	0	0	0	-1	0	2	100	100	1	0	true	Move	1	brn	sitrusberry	1	-1	-1	1	1	suppress:0|log:-ability:0:Tablets of Ruin:undefined	undefined	undefined	0	0	0	-1	0
tabletsofruin	onStart	72	6	0	40	Fire	1	0	0	100	20	-1	0	greninjabond	1	1	0	0	0	-1	0	2	100	100	0	0	true	Move	1	brn	sitrusberry	1	-1	-1	1	1	suppress:0|log:-ability:0:Tablets of Ruin:undefined	undefined	undefined	0	0	0	-1	0
tabletsofruin	onStart	73	6	0	40	Fire	1	0	0	100	20	-1	0	greninjabond	1	1	0	0	0	-1	0	2	100	100	0	1	true	Move	1	brn	sitrusberry	1	-1	-1	1	1	suppress:0|log:-ability:0:Tablets of Ruin:undefined	undefined	undefined	0	0	0	-1	0
tabletsofruin	onStart	74	6	0	40	Fire	1	0	0	100	20	-1	0	greninjabond	1	1	0	0	0	-1	0	2	100	100	0	0	true	Move	1	brn	sitrusberry	1	-1	-1	1	1	suppress:0|log:-ability:0:Tablets of Ruin:undefined	undefined	undefined	0	0	0	-1	0
tabletsofruin	onStart	75	6	0	40	Fire	1	0	0	100	20	-1	0	greninjabond	1	1	0	0	0	-1	0	2	100	100	0	0	false	Move	1	brn	sitrusberry	1	-1	-1	1	1	suppress:0|log:-ability:0:Tablets of Ruin:undefined	undefined	undefined	0	0	0	-1	0
tabletsofruin	onStart	76	6	0	40	Fire	1	0	0	100	20	-1	0	greninjabond	1	1	0	0	0	-1	0	2	100	100	0	0	0	Move	1	brn	sitrusberry	1	-1	-1	1	1	suppress:0|log:-ability:0:Tablets of Ruin:undefined	undefined	undefined	0	0	0	-1	0
tabletsofruin	onStart	77	6	0	40	Fire	1	0	0	100	20	-1	0	greninjabond	1	1	0	0	0	-1	0	2	100	100	0	0	null	Move	1	brn	sitrusberry	1	-1	-1	1	1	suppress:0|log:-ability:0:Tablets of Ruin:undefined	undefined	undefined	0	0	0	-1	0
tabletsofruin	onStart	78	6	0	40	Fire	1	0	0	100	20	-1	0	greninjabond	1	1	0	0	0	-1	0	2	100	100	0	0	undefined	Move	1	brn	sitrusberry	1	-1	-1	1	1	suppress:0|log:-ability:0:Tablets of Ruin:undefined	undefined	undefined	0	0	0	-1	0
tabletsofruin	onStart	79	6	0	40	Fire	1	0	0	100	20	-1	0	greninjabond	1	1	0	0	0	-1	0	2	100	100	0	0	true	Move	1	brn	sitrusberry	1	-1	-1	1	1	suppress:0|log:-ability:0:Tablets of Ruin:undefined	undefined	undefined	0	0	0	-1	0
tabletsofruin	onStart	80	6	0	40	Fire	1	0	0	100	20	-1	0	greninjabond	1	1	0	0	0	-1	0	2	100	100	0	0	true	Ability	1	brn	sitrusberry	1	-1	-1	1	1	suppress:0|log:-ability:0:Tablets of Ruin:undefined	undefined	undefined	0	0	0	-1	0
tabletsofruin	onStart	81	6	0	40	Fire	1	0	0	100	20	-1	0	greninjabond	1	1	0	0	0	-1	0	2	100	100	0	0	true	missing	1	brn	sitrusberry	1	-1	-1	1	1	suppress:0|log:-ability:0:Tablets of Ruin:undefined	undefined	undefined	0	0	0	-1	0
tabletsofruin	onStart	82	6	0	40	Fire	1	0	0	100	20	-1	0	greninjabond	1	1	0	0	0	-1	0	2	100	100	0	0	true	Move	1	brn	sitrusberry	1	-1	-1	1	1	suppress:0|log:-ability:0:Tablets of Ruin:undefined	undefined	undefined	0	0	0	-1	0
tabletsofruin	onStart	83	6	0	40	Fire	1	0	0	100	20	-1	0	greninjabond	1	1	0	0	0	-1	0	2	100	100	0	0	true	Move	0	brn	sitrusberry	1	-1	-1	1	1	suppress:0|log:-ability:0:Tablets of Ruin:undefined	undefined	undefined	0	0	0	-1	0
tabletsofruin	onStart	84	6	0	40	Fire	1	0	0	100	20	-1	0	greninjabond	1	1	0	0	0	-1	0	2	100	100	0	0	true	Move	1	brn	sitrusberry	1	-1	-1	1	1	suppress:0|log:-ability:0:Tablets of Ruin:undefined	undefined	undefined	0	0	0	-1	0
tabletsofruin	onStart	85	6	0	40	Fire	1	0	0	100	20	-1	0	greninjabond	1	1	0	0	0	-1	0	2	100	100	0	0	true	Move	1	psn	sitrusberry	1	-1	-1	1	1	suppress:0|log:-ability:0:Tablets of Ruin:undefined	undefined	undefined	0	0	0	-1	0
tabletsofruin	onStart	86	6	0	40	Fire	1	0	0	100	20	-1	0	greninjabond	1	1	0	0	0	-1	0	2	100	100	0	0	true	Move	1	brn	sitrusberry	1	-1	-1	1	1	suppress:0|log:-ability:0:Tablets of Ruin:undefined	undefined	undefined	0	0	0	-1	0
tabletsofruin	onStart	87	6	0	40	Fire	1	0	0	100	20	-1	0	greninjabond	1	1	0	0	0	-1	0	2	100	100	0	0	true	Move	1	brn	aguavberry	1	-1	-1	1	1	suppress:0|log:-ability:0:Tablets of Ruin:undefined	undefined	undefined	0	0	0	-1	0
tabletsofruin	onStart	88	6	0	40	Fire	1	0	0	100	20	-1	0	greninjabond	1	1	0	0	0	-1	0	2	100	100	0	0	true	Move	1	brn	figyberry	1	-1	-1	1	1	suppress:0|log:-ability:0:Tablets of Ruin:undefined	undefined	undefined	0	0	0	-1	0
tabletsofruin	onStart	89	6	0	40	Fire	1	0	0	100	20	-1	0	greninjabond	1	1	0	0	0	-1	0	2	100	100	0	0	true	Move	1	brn	iapapaberry	1	-1	-1	1	1	suppress:0|log:-ability:0:Tablets of Ruin:undefined	undefined	undefined	0	0	0	-1	0
tabletsofruin	onStart	90	6	0	40	Fire	1	0	0	100	20	-1	0	greninjabond	1	1	0	0	0	-1	0	2	100	100	0	0	true	Move	1	brn	magoberry	1	-1	-1	1	1	suppress:0|log:-ability:0:Tablets of Ruin:undefined	undefined	undefined	0	0	0	-1	0
tabletsofruin	onStart	91	6	0	40	Fire	1	0	0	100	20	-1	0	greninjabond	1	1	0	0	0	-1	0	2	100	100	0	0	true	Move	1	brn	wikiberry	1	-1	-1	1	1	suppress:0|log:-ability:0:Tablets of Ruin:undefined	undefined	undefined	0	0	0	-1	0
tabletsofruin	onStart	92	6	0	40	Fire	1	0	0	100	20	-1	0	greninjabond	1	1	0	0	0	-1	0	2	100	100	0	0	true	Move	1	brn	leftovers	1	-1	-1	1	1	suppress:0|log:-ability:0:Tablets of Ruin:undefined	undefined	undefined	0	0	0	-1	0
tabletsofruin	onStart	93	6	0	40	Fire	1	0	0	100	20	-1	0	greninjabond	1	1	0	0	0	-1	0	2	100	100	0	0	true	Move	1	brn	sitrusberry	1	-1	-1	1	1	suppress:0|log:-ability:0:Tablets of Ruin:undefined	undefined	undefined	0	0	0	-1	0
tabletsofruin	onStart	94	6	0	40	Fire	1	0	0	100	20	-1	0	greninjabond	1	1	0	0	0	-1	0	2	100	100	0	0	true	Move	1	brn	sitrusberry	2	-1	-1	1	1	suppress:0|log:-ability:0:Tablets of Ruin:undefined	undefined	undefined	0	0	0	-1	0
tabletsofruin	onStart	95	6	0	40	Fire	1	0	0	100	20	-1	0	greninjabond	1	1	0	0	0	-1	0	2	100	100	0	0	true	Move	1	brn	sitrusberry	0	-1	-1	1	1	suppress:0|log:-ability:0:Tablets of Ruin:undefined	undefined	undefined	0	0	0	-1	0
tabletsofruin	onStart	96	6	0	40	Fire	1	0	0	100	20	-1	0	greninjabond	1	1	0	0	0	-1	0	2	100	100	0	0	true	Move	1	brn	sitrusberry	1	-1	-1	1	1	suppress:0|log:-ability:0:Tablets of Ruin:undefined	undefined	undefined	0	0	0	-1	0
tabletsofruin	onStart	97	6	0	40	Fire	1	0	0	100	20	-1	0	greninjabond	1	1	0	0	0	-1	0	2	100	100	0	0	true	Move	1	brn	sitrusberry	1	0	-1	1	1	suppress:0|log:-ability:0:Tablets of Ruin:undefined	undefined	undefined	0	0	0	-1	0
tabletsofruin	onStart	98	6	0	40	Fire	1	0	0	100	20	-1	0	greninjabond	1	1	0	0	0	-1	0	2	100	100	0	0	true	Move	1	brn	sitrusberry	1	1	-1	1	1	suppress:0|log:-ability:0:Tablets of Ruin:undefined	undefined	undefined	0	0	0	-1	0
tabletsofruin	onStart	99	6	0	40	Fire	1	0	0	100	20	-1	0	greninjabond	1	1	0	0	0	-1	0	2	100	100	0	0	true	Move	1	brn	sitrusberry	1	-1	-1	1	1	suppress:0|log:-ability:0:Tablets of Ruin:undefined	undefined	undefined	0	0	0	-1	0
tabletsofruin	onStart	100	6	0	40	Fire	1	0	0	100	20	-1	0	greninjabond	1	1	0	0	0	-1	0	2	100	100	0	0	true	Move	1	brn	sitrusberry	1	-1	0	1	1	suppress:0|log:-ability:0:Tablets of Ruin:undefined	undefined	undefined	0	0	0	-1	0
tabletsofruin	onStart	101	6	0	40	Fire	1	0	0	100	20	-1	0	greninjabond	1	1	0	0	0	-1	0	2	100	100	0	0	true	Move	1	brn	sitrusberry	1	-1	1	1	1	suppress:0|log:-ability:0:Tablets of Ruin:undefined	undefined	undefined	0	0	0	-1	0
tabletsofruin	onStart	102	6	0	40	Fire	1	0	0	100	20	-1	0	greninjabond	1	1	0	0	0	-1	0	2	100	100	0	0	true	Move	1	brn	sitrusberry	1	-1	99	1	1	suppress:0|log:-ability:0:Tablets of Ruin:undefined	undefined	undefined	0	0	0	-1	0
tabletsofruin	onStart	103	6	0	40	Fire	1	0	0	100	20	-1	0	greninjabond	1	1	0	0	0	-1	0	2	100	100	0	0	true	Move	1	brn	sitrusberry	1	-1	-1	1	1	suppress:0|log:-ability:0:Tablets of Ruin:undefined	undefined	undefined	0	0	0	-1	0
tabletsofruin	onStart	104	6	0	40	Fire	1	0	0	100	20	-1	0	greninjabond	1	1	0	0	0	-1	0	2	100	100	0	0	true	Move	1	brn	sitrusberry	1	-1	-1	0	1	suppress:0|log:-ability:0:Tablets of Ruin:undefined	undefined	undefined	0	0	0	-1	0
tabletsofruin	onStart	105	6	0	40	Fire	1	0	0	100	20	-1	0	greninjabond	1	1	0	0	0	-1	0	2	100	100	0	0	true	Move	1	brn	sitrusberry	1	-1	-1	1	1	suppress:0|log:-ability:0:Tablets of Ruin:undefined	undefined	undefined	0	0	0	-1	0
tabletsofruin	onStart	106	6	0	40	Fire	1	0	0	100	20	-1	0	greninjabond	1	1	0	0	0	-1	0	2	100	100	0	0	true	Move	1	brn	sitrusberry	1	-1	-1	1	0	suppress:0|log:-ability:0:Tablets of Ruin:undefined	undefined	undefined	0	0	0	-1	0
tabletsofruin	onStart	107	-1	6	0	Bug	0	0	0	20	-1	0	0	pikachu	0	1	0	0	1	-1	0	1	60	0	0	0	null	Move	1	brn	iapapaberry	1	0	-1	1	1	suppress:0|log:-ability:0:Tablets of Ruin:undefined	undefined	false	0	0	0	-1	0
tabletsofruin	onStart	108	-1	6	70	Dark	1	0	1	0	100	-1	2048	greninjaash	1	0	0	0	0	1	1	1	60	100	0	1	0	Move	0	psn	aguavberry	1	1	-1	0	0	suppress:0|log:-ability:0:Tablets of Ruin:undefined	undefined	undefined	2048	2048	2048	1	0
tabletsofruin	onStart	109	0	6	40	Bug	1	1	1	100	100	-1	2048	greninjabond	0	1	0	1	0	1	1	2	100	160	0	0	true	missing	0	brn	magoberry	2	-1	1	0	0	suppress:0|log:-ability:0:Tablets of Ruin:undefined	undefined	undefined	2048	2048	2048	1	2
tabletsofruin	onStart	110	1	1	0	Normal	1	1	1	0	100	-1	24576	pikachu	0	0	0	0	1	-1	1	2	100	100	0	0	null	Move	0	brn	sitrusberry	0	0	0	1	0	suppress:0|log:-ability:0:Tablets of Ruin:undefined	undefined	undefined	24576	24576	24576	-1	2
tabletsofruin	onStart	111	-1	6	40	Ghost	1	1	1	20	0	1	8192	pikachu	0	1	0	1	1	-1	1	0	0	0	1	0	undefined	missing	1	brn	iapapaberry	2	1	1	1	1	suppress:0|log:-ability:0:Tablets of Ruin:undefined	undefined	true	8192	8192	8192	-1	2
tabletsofruin	onStart	112	0	1	40	Normal	1	0	0	100	100	-1	2048	pikachu	1	1	0	0	0	-1	0	1	0	160	1	0	undefined	Move	0	psn	wikiberry	2	0	1	0	1	suppress:0|log:-ability:0:Tablets of Ruin:undefined	undefined	undefined	2048	2048	2048	-1	0
tabletsofruin	onStart	113	1	0	40	Normal	0	0	0	100	0	-1	16384	greninjaash	0	1	0	1	0	1	0	2	60	100	1	0	0	missing	0	psn	figyberry	2	0	0	1	0	suppress:0|log:-ability:0:Tablets of Ruin:undefined	undefined	undefined	16384	16384	16384	1	0
tabletsofruin	onStart	114	0	6	60	Dark	1	1	1	100	-1	-1	8	greninjaash	1	1	1	0	0	1	0	2	0	160	0	1	0	Move	1	brn	sitrusberry	0	-1	99	0	0	suppress:0	undefined	undefined	8	8	8	1	2
tabletsofruin	onStart	115	6	1	40	Dark	0	0	1	20	20	0	8	pikachu	1	1	1	1	1	0	0	0	60	100	1	1	false	Move	1	brn	aguavberry	1	0	1	0	0	suppress:0	undefined	false	8	8	8	0	0
tabletsofruin	onStart	116	1	6	0	Fire	1	1	1	100	100	1	0	greninjaash	0	1	1	1	0	1	1	2	100	160	1	0	false	missing	1	psn	figyberry	1	1	0	0	1	suppress:0	undefined	true	0	0	0	1	2
tabletsofruin	onStart	117	1	1	61	Dark	0	0	1	0	100	-1	2048	greninjaash	1	0	0	1	0	-1	0	2	100	100	1	0	0	Ability	1	psn	wikiberry	0	-1	1	0	0	suppress:0|log:-ability:0:Tablets of Ruin:undefined	undefined	undefined	2048	2048	2048	-1	0
tabletsofruin	onStart	118	6	0	0	Normal	1	0	1	0	20	-1	2048	greninjaash	0	1	1	0	1	-1	0	1	100	100	1	0	true	Move	0	psn	sitrusberry	2	1	99	0	1	suppress:0	undefined	undefined	2048	2048	2048	-1	0
tabletsofruin	onStart	119	0	1	60	Water	1	1	0	0	100	-1	24576	greninjaash	0	1	1	1	1	6	1	1	60	160	1	1	0	missing	1	brn	leftovers	0	1	99	0	0	suppress:0	undefined	undefined	24576	24576	24576	6	2
tabletsofruin	onStart	120	1	0	60	Normal	0	0	0	0	20	1	0	greninjabond	0	0	1	1	0	0	0	0	60	100	0	1	0	missing	0	psn	aguavberry	0	0	0	0	1	suppress:0	undefined	true	0	0	0	0	0
tabletsofruin	onStart	121	1	6	40	Normal	1	1	0	20	-1	0	16384	greninjaash	1	0	0	0	1	1	1	1	60	100	1	0	null	missing	1	psn	wikiberry	1	-1	99	1	0	suppress:0|log:-ability:0:Tablets of Ruin:undefined	undefined	false	16384	16384	16384	1	2
tabletsofruin	onStart	122	-1	1	40	Dark	1	1	1	10	20	-1	24576	greninjaash	1	0	1	0	0	-1	1	1	0	100	0	1	false	Ability	0	psn	wikiberry	2	-1	99	1	1	suppress:0	undefined	undefined	24576	24576	24576	-1	2
tabletsofruin	onStart	123	0	1	0	Ghost	1	0	0	100	100	-1	8192	greninjaash	1	1	0	1	0	1	0	1	60	0	1	0	0	Ability	1	psn	figyberry	2	-1	0	1	1	suppress:0|log:-ability:0:Tablets of Ruin:undefined	undefined	undefined	8192	8192	8192	1	0
tabletsofruin	onStart	124	-1	1	61	Ghost	0	1	0	20	100	0	8	pikachu	1	1	1	0	0	0	0	1	0	0	0	1	false	missing	1	brn	figyberry	1	-1	1	0	1	suppress:0	undefined	false	8	8	8	0	2
tabletsofruin	onStart	125	-1	1	60	Dark	1	1	0	20	100	1	8	pikachu	0	1	1	1	0	1	1	0	60	160	1	1	undefined	missing	0	psn	leftovers	1	0	0	1	0	suppress:0	undefined	true	8	8	8	1	2
tabletsofruin	onStart	126	0	6	70	Ghost	1	0	0	0	-1	-1	0	pikachu	0	1	1	0	0	0	1	2	0	0	1	0	undefined	missing	1	brn	aguavberry	1	-1	0	1	1	suppress:0	undefined	undefined	0	0	0	0	0
tabletsofruin	onStart	127	0	1	0	Water	1	1	0	100	20	-1	8192	greninjaash	1	1	0	0	0	1	0	0	100	0	0	1	0	Ability	0	psn	magoberry	0	1	-1	1	1	suppress:0|log:-ability:0:Tablets of Ruin:undefined	undefined	undefined	8192	8192	8192	1	2
tabletsofruin	onStart	128	1	6	60	Normal	1	1	1	10	0	-1	16384	pikachu	1	0	1	0	0	6	0	0	100	160	1	0	true	missing	1	psn	aguavberry	1	-1	-1	0	0	suppress:0	undefined	undefined	16384	16384	16384	6	2
tabletsofruin	onStart	129	0	1	60	Fire	1	0	0	20	100	0	24576	greninjaash	0	1	0	0	1	1	0	1	60	160	1	0	null	missing	0	brn	figyberry	1	0	-1	1	0	suppress:0|log:-ability:0:Tablets of Ruin:undefined	undefined	false	24576	24576	24576	1	0
tabletsofruin	onStart	130	-1	0	0	Water	0	0	1	100	100	1	2048	greninjaash	0	0	0	0	1	6	1	0	0	0	1	1	null	Ability	1	brn	aguavberry	0	1	99	0	1	suppress:0|log:-ability:0:Tablets of Ruin:undefined	undefined	true	2048	2048	2048	6	0
tabletsofruin	onStart	131	-1	6	60	Bug	1	0	0	0	100	-1	24576	greninjaash	1	1	1	0	1	6	0	2	0	0	0	0	false	Move	1	psn	wikiberry	2	1	99	1	0	suppress:0	undefined	undefined	24576	24576	24576	6	0
tabletsofruin	onStart	132	1	6	0	Bug	1	0	1	10	100	-1	8192	greninjaash	1	0	0	1	0	0	0	1	0	160	1	0	null	Ability	1	brn	aguavberry	2	-1	99	1	1	suppress:0|log:-ability:0:Tablets of Ruin:undefined	undefined	undefined	8192	8192	8192	0	0
tabletsofruin	onStart	133	1	1	0	Water	1	1	0	100	100	1	16384	greninjabond	1	0	1	0	1	-1	1	0	60	160	1	1	null	Ability	1	brn	magoberry	2	-1	0	1	0	suppress:0	undefined	true	16384	16384	16384	-1	2
tabletsofruin	onStart	134	1	6	60	Bug	1	1	0	0	0	0	24576	greninjaash	0	0	1	0	1	0	1	2	60	0	1	0	false	Ability	0	psn	wikiberry	2	-1	99	0	0	suppress:0	undefined	false	24576	24576	24576	0	2
tabletsofruin	onStart	135	1	1	61	Bug	0	1	1	10	0	1	0	greninjaash	1	1	1	1	1	0	0	0	0	160	1	0	true	Ability	0	psn	sitrusberry	1	0	-1	1	0	suppress:0	undefined	true	0	0	0	0	2
tabletsofruin	onStart	136	1	6	40	Normal	0	1	0	20	20	0	8	greninjabond	1	1	0	1	0	-1	1	0	100	100	1	1	0	Move	1	psn	sitrusberry	0	-1	99	0	0	suppress:0|log:-ability:0:Tablets of Ruin:undefined	undefined	false	8	8	8	-1	2
tabletsofruin	onStart	137	0	0	40	Bug	0	0	0	20	-1	1	2048	pikachu	0	0	0	1	1	1	0	1	100	0	0	1	undefined	Ability	1	brn	iapapaberry	1	1	1	0	0	suppress:0|log:-ability:0:Tablets of Ruin:undefined	undefined	true	2048	2048	2048	1	0
tabletsofruin	onStart	138	6	1	70	Ghost	0	0	0	10	0	-1	8192	pikachu	0	0	0	0	0	0	0	1	0	0	1	1	0	missing	1	psn	figyberry	2	0	99	1	0	suppress:0|log:-ability:0:Tablets of Ruin:undefined	undefined	undefined	8192	8192	8192	0	0
tabletsofruin	onStart	139	6	6	70	Water	1	0	1	0	0	-1	8192	pikachu	0	1	0	0	1	-1	0	1	0	160	1	1	true	Move	1	brn	iapapaberry	1	0	1	0	1	suppress:0|log:-ability:0:Tablets of Ruin:undefined	undefined	undefined	8192	8192	8192	-1	0
tabletsofruin	onStart	140	-1	0	0	Normal	0	0	0	0	0	-1	8192	greninjabond	0	1	1	0	1	0	0	2	60	100	1	0	null	missing	1	brn	aguavberry	0	1	-1	1	0	suppress:0	undefined	undefined	8192	8192	8192	0	0
tabletsofruin	onStart	141	6	1	70	Bug	0	0	0	10	20	-1	24576	greninjaash	1	1	1	0	1	1	0	0	0	160	1	0	false	Ability	0	brn	wikiberry	1	1	-1	1	0	suppress:0	undefined	undefined	24576	24576	24576	1	0
tabletsofruin	onStart	142	6	1	0	Fire	1	1	0	0	0	1	16384	greninjabond	0	0	0	0	0	1	0	1	60	0	0	0	0	Move	0	brn	magoberry	1	1	0	1	1	suppress:0|log:-ability:0:Tablets of Ruin:undefined	undefined	true	16384	16384	16384	1	2
tabletsofruin	onStart	143	6	6	70	Ghost	0	1	0	0	100	-1	0	pikachu	1	1	0	1	1	-1	0	1	100	160	0	0	null	Ability	0	brn	sitrusberry	0	-1	0	0	1	suppress:0|log:-ability:0:Tablets of Ruin:undefined	undefined	undefined	0	0	0	-1	2
tabletsofruin	onStart	144	1	0	70	Normal	1	0	0	100	0	1	24576	greninjaash	0	1	1	0	0	1	1	2	60	0	0	1	undefined	Ability	1	psn	leftovers	1	0	1	0	1	suppress:0	undefined	true	24576	24576	24576	1	0
tabletsofruin	onStart	145	0	6	40	Bug	1	1	1	10	100	1	8	pikachu	1	1	1	1	0	1	1	2	60	0	0	1	undefined	Ability	0	psn	figyberry	2	0	-1	0	0	suppress:0	undefined	true	8	8	8	1	2
tabletsofruin	onStart	146	1	1	70	Normal	0	1	0	100	20	0	8	greninjaash	0	1	0	0	1	-1	1	2	100	160	1	1	true	missing	0	brn	wikiberry	2	-1	99	0	0	suppress:0|log:-ability:0:Tablets of Ruin:undefined	undefined	false	8	8	8	-1	2
tabletsofruin	onStart	147	0	1	0	Fire	0	1	0	10	-1	1	24576	greninjabond	0	0	0	1	0	0	0	2	60	160	0	1	true	Move	0	brn	wikiberry	0	-1	0	1	0	suppress:0|log:-ability:0:Tablets of Ruin:undefined	undefined	true	24576	24576	24576	0	2
tabletsofruin	onStart	148	6	6	61	Normal	1	1	0	0	0	0	8	greninjaash	1	1	0	1	1	-1	1	1	100	100	0	1	null	Move	0	brn	figyberry	2	0	0	1	0	suppress:0|log:-ability:0:Tablets of Ruin:undefined	undefined	false	8	8	8	-1	2
tabletsofruin	onStart	149	0	0	60	Ghost	1	1	0	20	20	1	0	pikachu	0	0	1	1	1	-1	1	2	0	100	1	0	false	Ability	0	psn	sitrusberry	2	1	-1	0	0	suppress:0	undefined	true	0	0	0	-1	2
tabletsofruin	onStart	150	-1	6	0	Bug	0	1	1	0	100	1	0	greninjabond	1	1	0	0	1	6	1	1	0	160	0	0	false	Move	1	psn	magoberry	1	-1	99	0	1	suppress:0|log:-ability:0:Tablets of Ruin:undefined	undefined	true	0	0	0	6	2
tabletsofruin	onStart	151	6	6	40	Dark	0	1	1	20	20	-1	2048	greninjabond	0	1	0	0	0	6	0	0	60	160	1	1	false	missing	0	brn	sitrusberry	2	0	0	1	0	suppress:0|log:-ability:0:Tablets of Ruin:undefined	undefined	undefined	2048	2048	2048	6	2
tabletsofruin	onStart	152	1	1	61	Bug	0	1	1	10	20	-1	24576	greninjaash	1	0	1	1	0	6	1	1	0	100	1	0	true	Move	1	psn	iapapaberry	2	-1	0	1	1	suppress:0	undefined	undefined	24576	24576	24576	6	2
tabletsofruin	onStart	153	-1	0	70	Dark	1	0	1	10	0	-1	16384	greninjabond	0	0	1	1	0	1	0	1	100	160	0	0	true	Ability	0	brn	iapapaberry	1	0	0	0	0	suppress:0	undefined	undefined	16384	16384	16384	1	0
tabletsofruin	onStart	154	0	6	70	Fire	0	1	0	10	100	0	0	greninjabond	0	1	1	0	0	1	1	2	100	0	0	0	true	Ability	1	psn	figyberry	2	-1	-1	0	1	suppress:0	undefined	false	0	0	0	1	2
tabletsofruin	onStart	155	-1	0	0	Fire	0	1	1	10	20	1	0	greninjaash	0	0	1	0	1	1	1	0	100	0	1	0	undefined	missing	0	psn	sitrusberry	2	-1	99	0	1	suppress:0	undefined	true	0	0	0	1	2
tabletsofruin	onStart	156	0	1	60	Water	1	1	1	100	0	-1	2048	greninjabond	0	0	0	0	1	-1	1	1	100	100	1	0	null	Move	0	brn	leftovers	1	0	1	1	1	suppress:0|log:-ability:0:Tablets of Ruin:undefined	undefined	undefined	2048	2048	2048	-1	2
tabletsofruin	onStart	157	6	6	40	Fire	1	0	0	0	20	1	16384	greninjabond	1	1	1	1	0	1	0	2	100	0	0	0	0	missing	1	psn	wikiberry	2	-1	99	0	0	suppress:0	undefined	true	16384	16384	16384	1	0
tabletsofruin	onStart	158	0	1	70	Ghost	0	0	1	0	20	0	8192	pikachu	1	1	0	0	0	6	1	2	60	100	0	0	null	missing	0	brn	iapapaberry	0	1	0	0	0	suppress:0|log:-ability:0:Tablets of Ruin:undefined	undefined	false	8192	8192	8192	6	0
tabletsofruin	onStart	159	-1	0	40	Bug	1	1	0	10	0	-1	16384	greninjabond	0	1	1	0	1	1	0	1	0	0	0	0	true	Move	0	brn	magoberry	1	0	1	1	1	suppress:0	undefined	undefined	16384	16384	16384	1	2
tabletsofruin	onStart	160	1	0	0	Water	0	1	0	20	-1	-1	24576	pikachu	0	0	0	0	1	0	0	1	60	160	1	1	undefined	missing	0	psn	magoberry	2	0	-1	1	1	suppress:0|log:-ability:0:Tablets of Ruin:undefined	undefined	undefined	24576	24576	24576	0	2
tabletsofruin	onStart	161	-1	6	0	Ghost	0	1	1	0	20	0	2048	greninjaash	0	1	1	0	0	1	1	0	100	100	0	0	undefined	Ability	1	brn	magoberry	1	0	99	1	0	suppress:0	undefined	false	2048	2048	2048	1	2
tabletsofruin	onStart	162	-1	0	0	Water	0	0	1	0	0	0	8	greninjabond	0	0	1	1	0	0	0	2	60	100	0	0	true	Ability	0	brn	sitrusberry	1	-1	-1	1	0	suppress:0	undefined	false	8	8	8	0	0
tabletsofruin	onStart	163	6	6	60	Ghost	0	1	0	20	20	-1	2048	greninjabond	0	0	0	0	0	6	1	0	60	100	1	0	0	missing	0	psn	figyberry	1	0	1	0	0	suppress:0|log:-ability:0:Tablets of Ruin:undefined	undefined	undefined	2048	2048	2048	6	2
tabletsofruin	onStart	164	6	0	40	Water	0	0	0	20	0	-1	16384	pikachu	1	0	1	1	1	6	1	1	0	0	1	1	null	Move	0	brn	magoberry	2	-1	99	1	1	suppress:0	undefined	undefined	16384	16384	16384	6	0
tabletsofruin	onStart	165	-1	6	40	Normal	0	1	1	20	-1	1	24576	greninjaash	1	0	0	0	0	-1	1	0	100	160	0	1	undefined	missing	0	brn	aguavberry	1	1	99	0	0	suppress:0|log:-ability:0:Tablets of Ruin:undefined	undefined	true	24576	24576	24576	-1	2
tabletsofruin	onStart	166	1	6	61	Normal	0	0	1	0	-1	0	16384	pikachu	1	0	1	0	0	-1	0	0	60	0	1	0	undefined	Move	0	psn	magoberry	1	0	99	1	0	suppress:0	undefined	false	16384	16384	16384	-1	0
tabletsofruin	onStart	167	0	1	70	Water	1	1	1	0	100	0	0	greninjaash	0	1	0	1	1	0	0	1	100	160	0	0	null	Ability	1	psn	sitrusberry	1	1	1	0	0	suppress:0|log:-ability:0:Tablets of Ruin:undefined	undefined	false	0	0	0	0	2
tabletsofruin	onStart	168	6	1	61	Water	1	0	0	100	100	0	16384	greninjabond	1	1	1	1	1	6	0	0	60	100	0	0	true	Ability	0	psn	leftovers	0	1	99	1	0	suppress:0	undefined	false	16384	16384	16384	6	0
tabletsofruin	onStart	169	-1	6	60	Bug	1	0	1	0	0	0	24576	pikachu	1	0	1	0	1	1	0	0	100	100	0	1	null	missing	0	psn	figyberry	1	1	-1	1	1	suppress:0	undefined	false	24576	24576	24576	1	0
tabletsofruin	onStart	170	-1	6	61	Dark	0	0	1	20	-1	0	0	pikachu	1	0	1	1	1	-1	1	0	60	100	0	0	true	Ability	0	brn	wikiberry	0	1	-1	0	0	suppress:0	undefined	false	0	0	0	-1	0
tabletsofruin	onStart	171	1	6	70	Water	1	1	0	20	100	1	0	pikachu	1	0	1	1	0	-1	1	1	100	160	0	1	undefined	Ability	0	brn	sitrusberry	2	0	-1	1	1	suppress:0	undefined	true	0	0	0	-1	2
tabletsofruin	onStart	172	0	0	60	Bug	1	0	0	10	0	-1	0	pikachu	1	1	0	0	1	6	0	1	60	100	0	0	true	Move	1	brn	magoberry	1	1	-1	0	0	suppress:0|log:-ability:0:Tablets of Ruin:undefined	undefined	undefined	0	0	0	6	0
tabletsofruin	onStart	173	1	0	0	Ghost	1	0	1	100	-1	-1	2048	greninjabond	0	1	0	0	0	1	0	2	0	0	0	1	undefined	missing	1	brn	wikiberry	2	1	1	1	0	suppress:0|log:-ability:0:Tablets of Ruin:undefined	undefined	undefined	2048	2048	2048	1	0
tabletsofruin	onStart	174	-1	1	60	Fire	0	1	0	0	0	-1	2048	greninjaash	1	0	1	0	1	-1	1	0	100	0	1	0	true	Ability	1	psn	sitrusberry	0	0	0	0	1	suppress:0	undefined	undefined	2048	2048	2048	-1	2
tabletsofruin	onStart	175	0	0	0	Ghost	1	1	1	20	20	0	8192	pikachu	0	1	1	1	0	-1	1	1	60	160	1	1	null	missing	1	psn	sitrusberry	2	-1	99	1	1	suppress:0	undefined	false	8192	8192	8192	-1	2
tabletsofruin	onStart	176	6	0	70	Bug	0	0	1	0	-1	0	16384	pikachu	1	0	1	0	1	-1	0	1	60	160	1	1	null	missing	0	psn	leftovers	1	-1	1	1	0	suppress:0	undefined	false	16384	16384	16384	-1	0
tabletsofruin	onStart	177	6	1	61	Bug	1	1	1	100	-1	-1	0	pikachu	0	1	1	1	1	6	0	0	0	100	0	1	undefined	Move	1	psn	figyberry	2	0	1	1	1	suppress:0	undefined	undefined	0	0	0	6	2
tabletsofruin	onStart	178	6	1	61	Bug	1	0	1	0	20	1	2048	greninjaash	1	1	1	1	0	1	0	1	0	160	1	0	null	Move	1	psn	sitrusberry	2	-1	-1	1	1	suppress:0	undefined	true	2048	2048	2048	1	0
tabletsofruin	onStart	179	-1	0	40	Water	1	1	1	100	0	0	2048	pikachu	1	0	0	1	1	0	1	1	0	160	1	1	0	Move	0	brn	aguavberry	2	-1	99	0	0	suppress:0|log:-ability:0:Tablets of Ruin:undefined	undefined	false	2048	2048	2048	0	2
tabletsofruin	onStart	180	6	6	70	Bug	0	1	1	0	-1	1	24576	greninjabond	0	1	0	1	0	1	0	1	0	160	1	1	null	missing	1	brn	figyberry	1	0	0	0	0	suppress:0|log:-ability:0:Tablets of Ruin:undefined	undefined	true	24576	24576	24576	1	2
tabletsofruin	onStart	181	-1	6	0	Dark	1	1	1	10	-1	0	8192	greninjaash	1	0	0	1	1	-1	0	1	0	0	0	0	0	Move	0	psn	wikiberry	2	-1	1	1	0	suppress:0|log:-ability:0:Tablets of Ruin:undefined	undefined	false	8192	8192	8192	-1	2
tabletsofruin	onStart	182	0	0	60	Normal	0	1	0	0	100	-1	8	greninjabond	1	0	1	0	0	0	1	0	100	100	1	0	false	Ability	0	brn	sitrusberry	0	1	99	1	1	suppress:0	undefined	undefined	8	8	8	0	2
tabletsofruin	onStart	183	1	6	0	Ghost	0	1	0	10	0	-1	8192	greninjabond	1	1	0	0	1	6	1	2	0	0	0	1	undefined	Move	1	brn	iapapaberry	1	-1	-1	1	0	suppress:0|log:-ability:0:Tablets of Ruin:undefined	undefined	undefined	8192	8192	8192	6	2
tabletsofruin	onStart	184	6	0	60	Water	1	1	0	10	100	1	0	greninjaash	0	0	0	1	1	1	1	1	60	160	1	0	true	missing	1	brn	wikiberry	1	1	0	1	1	suppress:0|log:-ability:0:Tablets of Ruin:undefined	undefined	true	0	0	0	1	2
tabletsofruin	onStart	185	6	1	40	Dark	0	0	1	100	100	1	8	greninjabond	1	0	0	1	1	6	1	2	0	0	1	1	null	Move	0	brn	wikiberry	0	-1	99	1	1	suppress:0|log:-ability:0:Tablets of Ruin:undefined	undefined	true	8	8	8	6	0
tabletsofruin	onStart	186	1	0	40	Fire	1	1	0	20	0	-1	24576	greninjaash	1	1	0	1	1	0	0	2	0	160	1	0	null	missing	0	brn	wikiberry	1	0	-1	0	1	suppress:0|log:-ability:0:Tablets of Ruin:undefined	undefined	undefined	24576	24576	24576	0	2
tabletsofruin	onStart	187	6	0	70	Fire	1	1	0	100	0	-1	16384	greninjabond	1	0	0	0	0	1	1	2	0	160	0	0	null	Move	1	brn	sitrusberry	0	-1	0	0	1	suppress:0|log:-ability:0:Tablets of Ruin:undefined	undefined	undefined	16384	16384	16384	1	2
tabletsofruin	onStart	188	1	1	60	Bug	1	0	0	100	-1	0	8	greninjaash	1	0	1	0	0	1	0	1	60	100	1	0	true	Ability	1	brn	sitrusberry	2	-1	1	0	1	suppress:0	undefined	false	8	8	8	1	0
tabletsofruin	onStart	189	0	6	70	Normal	0	0	1	20	0	-1	2048	greninjabond	1	1	0	1	1	1	1	1	100	100	0	0	false	missing	1	brn	magoberry	1	0	1	1	0	suppress:0|log:-ability:0:Tablets of Ruin:undefined	undefined	undefined	2048	2048	2048	1	0
tabletsofruin	onStart	190	1	6	60	Dark	0	0	0	0	100	1	2048	pikachu	0	1	1	0	1	0	0	0	60	0	0	0	true	missing	0	psn	figyberry	1	0	0	0	0	suppress:0	undefined	true	2048	2048	2048	0	0
tabletsofruin	onStart	191	6	0	40	Dark	0	1	1	100	100	-1	8	pikachu	1	1	0	1	1	1	1	0	0	0	1	0	false	Move	1	brn	figyberry	1	0	-1	0	1	suppress:0|log:-ability:0:Tablets of Ruin:undefined	undefined	undefined	8	8	8	1	2
tabletsofruin	onStart	192	6	0	70	Normal	0	1	0	20	-1	-1	8192	pikachu	1	1	1	0	1	6	1	0	100	0	0	1	undefined	Ability	1	brn	magoberry	0	-1	-1	0	1	suppress:0	undefined	undefined	8192	8192	8192	6	2
tabletsofruin	onStart	193	6	0	70	Bug	1	1	0	100	-1	0	2048	greninjaash	1	0	0	0	1	6	0	0	0	100	1	0	true	Ability	0	brn	sitrusberry	2	-1	0	0	1	suppress:0|log:-ability:0:Tablets of Ruin:undefined	undefined	false	2048	2048	2048	6	2
tabletsofruin	onStart	194	0	0	0	Normal	1	1	0	0	-1	1	16384	greninjaash	1	0	0	1	0	6	1	2	0	160	1	0	false	Move	0	psn	figyberry	0	1	-1	0	0	suppress:0|log:-ability:0:Tablets of Ruin:undefined	undefined	true	16384	16384	16384	6	2
tabletsofruin	onStart	195	1	0	60	Ghost	0	1	1	0	-1	1	8	pikachu	0	0	1	0	0	6	0	0	0	100	1	1	undefined	Ability	1	psn	magoberry	1	1	-1	1	0	suppress:0	undefined	true	8	8	8	6	2
tabletsofruin	onStart	196	-1	1	40	Water	0	0	0	20	-1	0	24576	pikachu	0	0	0	1	0	0	1	0	0	0	0	1	null	Ability	0	brn	sitrusberry	0	1	99	0	1	suppress:0|log:-ability:0:Tablets of Ruin:undefined	undefined	false	24576	24576	24576	0	0
tabletsofruin	onStart	197	6	0	0	Water	1	1	1	0	0	-1	24576	greninjaash	0	1	0	1	1	-1	0	2	0	160	0	1	false	missing	1	brn	figyberry	1	0	0	1	0	suppress:0|log:-ability:0:Tablets of Ruin:undefined	undefined	undefined	24576	24576	24576	-1	2
tabletsofruin	onStart	198	6	1	61	Normal	1	0	1	0	20	1	0	greninjabond	0	1	0	0	0	1	1	1	0	0	0	0	true	Move	1	brn	aguavberry	1	-1	99	0	1	suppress:0|log:-ability:0:Tablets of Ruin:undefined	undefined	true	0	0	0	1	0
tabletsofruin	onStart	199	6	6	60	Water	0	1	0	20	20	-1	8192	greninjaash	1	1	1	1	0	0	1	1	60	100	0	0	null	missing	1	psn	wikiberry	2	0	0	1	0	suppress:0	undefined	undefined	8192	8192	8192	0	2
tabletsofruin	onStart	200	6	0	40	Fire	0	0	1	100	100	0	8192	greninjabond	0	1	0	1	0	0	1	1	0	0	1	0	true	Ability	1	brn	figyberry	1	1	-1	0	0	suppress:0|log:-ability:0:Tablets of Ruin:undefined	undefined	false	8192	8192	8192	0	0
tabletsofruin	onStart	201	6	1	0	Water	0	0	0	20	20	1	2048	greninjaash	0	1	0	0	0	6	1	1	60	160	1	0	true	Move	1	psn	sitrusberry	1	0	1	0	1	suppress:0|log:-ability:0:Tablets of Ruin:undefined	undefined	true	2048	2048	2048	6	0
tabletsofruin	onStart	202	-1	1	61	Dark	1	0	0	20	20	-1	16384	greninjaash	1	0	0	1	0	1	0	1	60	160	0	0	undefined	Ability	1	brn	aguavberry	2	1	-1	1	0	suppress:0|log:-ability:0:Tablets of Ruin:undefined	undefined	undefined	16384	16384	16384	1	0
tabletsofruin	onStart	203	-1	0	0	Normal	0	1	0	10	20	-1	8192	pikachu	0	0	0	1	1	-1	0	1	60	160	0	1	false	Ability	1	psn	sitrusberry	0	0	1	0	1	suppress:0|log:-ability:0:Tablets of Ruin:undefined	undefined	undefined	8192	8192	8192	-1	2
tabletsofruin	onStart	204	1	6	61	Normal	0	1	1	10	-1	1	2048	pikachu	1	1	0	0	0	0	1	1	0	0	1	0	0	Move	0	brn	iapapaberry	2	0	0	0	1	suppress:0|log:-ability:0:Tablets of Ruin:undefined	undefined	true	2048	2048	2048	0	2
tabletsofruin	onStart	205	0	0	61	Dark	1	0	1	10	0	-1	8192	greninjaash	1	0	1	0	1	1	1	1	0	160	1	1	undefined	Ability	0	psn	aguavberry	2	-1	0	0	0	suppress:0	undefined	undefined	8192	8192	8192	1	0
tabletsofruin	onStart	206	-1	6	61	Fire	1	0	1	0	-1	-1	8	pikachu	0	0	0	0	0	6	1	2	60	160	0	0	null	Ability	0	psn	aguavberry	2	0	0	1	1	suppress:0|log:-ability:0:Tablets of Ruin:undefined	undefined	undefined	8	8	8	6	0
tabletsofruin	onStart	207	-1	6	70	Normal	1	1	1	0	0	-1	8192	greninjabond	0	0	0	0	1	-1	1	2	100	160	0	1	null	missing	1	psn	figyberry	1	0	0	0	1	suppress:0|log:-ability:0:Tablets of Ruin:undefined	undefined	undefined	8192	8192	8192	-1	2
tabletsofruin	onStart	208	-1	6	61	Fire	1	1	0	0	20	0	8192	greninjabond	1	0	0	1	0	1	1	1	100	160	0	1	true	missing	0	brn	leftovers	2	-1	99	0	0	suppress:0|log:-ability:0:Tablets of Ruin:undefined	undefined	false	8192	8192	8192	1	2
tabletsofruin	onStart	209	1	6	70	Fire	0	1	0	20	0	1	8	greninjaash	1	0	0	1	0	6	0	0	0	160	1	1	true	Ability	0	psn	wikiberry	2	1	-1	0	1	suppress:0|log:-ability:0:Tablets of Ruin:undefined	undefined	true	8	8	8	6	2
tabletsofruin	onStart	210	-1	6	0	Bug	1	0	1	0	100	0	24576	greninjabond	0	0	1	1	1	-1	0	1	0	0	0	0	undefined	missing	0	psn	wikiberry	0	1	-1	0	1	suppress:0	undefined	false	24576	24576	24576	-1	0
tabletsofruin	onStart	211	6	6	40	Water	0	1	1	10	20	1	8	greninjabond	0	0	1	1	0	0	0	0	100	0	0	0	0	Ability	1	brn	sitrusberry	1	-1	0	0	0	suppress:0	undefined	true	8	8	8	0	2
tabletsofruin	onStart	212	-1	1	60	Bug	1	1	0	0	-1	0	16384	pikachu	0	0	1	0	0	0	1	2	100	100	1	1	undefined	missing	0	brn	iapapaberry	0	0	1	1	0	suppress:0	undefined	false	16384	16384	16384	0	2
tabletsofruin	onStart	213	6	0	61	Ghost	0	1	0	100	100	0	16384	greninjaash	1	1	1	0	0	-1	0	1	60	160	1	1	false	Move	1	psn	sitrusberry	0	0	-1	0	0	suppress:0	undefined	false	16384	16384	16384	-1	2
tabletsofruin	onStart	214	1	6	40	Water	1	1	1	0	0	0	2048	greninjabond	0	0	0	0	1	6	0	0	60	160	1	0	false	missing	0	brn	leftovers	2	1	-1	0	0	suppress:0|log:-ability:0:Tablets of Ruin:undefined	undefined	false	2048	2048	2048	6	2
tabletsofruin	onStart	215	0	6	70	Fire	1	0	1	100	100	-1	8192	pikachu	0	0	1	0	0	6	0	0	100	0	1	0	true	Ability	0	psn	iapapaberry	2	1	1	0	1	suppress:0	undefined	undefined	8192	8192	8192	6	0
tabletsofruin	onStart	216	-1	0	61	Dark	0	1	1	10	0	-1	16384	greninjaash	1	0	1	0	0	-1	0	0	60	100	0	0	undefined	missing	0	brn	iapapaberry	2	-1	1	0	1	suppress:0	undefined	undefined	16384	16384	16384	-1	2
tabletsofruin	onStart	217	1	0	0	Fire	1	0	0	10	20	1	0	greninjaash	1	1	0	1	0	6	0	2	100	0	1	1	false	Ability	1	brn	magoberry	0	0	1	1	1	suppress:0|log:-ability:0:Tablets of Ruin:undefined	undefined	true	0	0	0	6	0
tabletsofruin	onStart	218	6	6	60	Ghost	0	1	1	20	0	0	2048	pikachu	0	1	1	1	0	6	1	1	60	160	0	0	undefined	missing	0	brn	figyberry	1	0	-1	1	1	suppress:0	undefined	false	2048	2048	2048	6	2
tabletsofruin	onStart	219	1	6	60	Ghost	1	1	1	20	100	0	8	greninjabond	1	0	0	0	0	1	0	0	60	100	1	0	true	missing	1	brn	iapapaberry	0	0	-1	1	0	suppress:0|log:-ability:0:Tablets of Ruin:undefined	undefined	false	8	8	8	1	2
tabletsofruin	onStart	220	1	1	70	Water	0	0	0	100	-1	0	16384	pikachu	0	0	0	1	1	-1	1	0	60	160	0	0	null	missing	1	brn	wikiberry	0	0	99	1	0	suppress:0|log:-ability:0:Tablets of Ruin:undefined	undefined	false	16384	16384	16384	-1	0
tabletsofruin	onStart	221	-1	0	40	Normal	1	0	0	10	100	1	8192	greninjaash	0	0	1	1	0	1	0	0	100	0	1	0	true	Move	0	brn	wikiberry	0	0	-1	0	0	suppress:0	undefined	true	8192	8192	8192	1	0
tabletsofruin	onStart	222	6	6	70	Ghost	1	1	0	0	100	-1	2048	greninjabond	0	1	1	1	0	-1	1	0	60	0	1	1	undefined	Move	1	psn	magoberry	1	1	1	1	0	suppress:0	undefined	undefined	2048	2048	2048	-1	2
tabletsofruin	onStart	223	1	0	0	Fire	1	0	0	20	20	1	0	greninjaash	0	0	0	1	0	6	0	0	100	100	0	0	false	Ability	0	brn	leftovers	2	-1	1	1	0	suppress:0|log:-ability:0:Tablets of Ruin:undefined	undefined	true	0	0	0	6	0
tabletsofruin	onStart	224	-1	6	0	Ghost	1	0	1	20	20	1	2048	greninjabond	0	1	0	1	0	0	0	0	100	160	1	1	true	Ability	0	brn	figyberry	0	-1	0	0	1	suppress:0|log:-ability:0:Tablets of Ruin:undefined	undefined	true	2048	2048	2048	0	0
tabletsofruin	onStart	225	1	6	60	Normal	0	1	0	10	100	0	24576	greninjabond	0	0	1	1	1	6	1	0	0	100	0	0	0	Ability	0	psn	iapapaberry	0	0	99	1	1	suppress:0	undefined	false	24576	24576	24576	6	2
tabletsofruin	onStart	226	1	1	0	Water	0	1	1	0	-1	-1	16384	greninjabond	0	1	1	1	1	0	0	1	60	0	1	0	0	missing	1	psn	iapapaberry	0	-1	-1	0	0	suppress:0	undefined	undefined	16384	16384	16384	0	2
tabletsofruin	onStart	227	-1	0	61	Fire	1	1	0	20	0	0	24576	greninjaash	1	0	1	1	1	-1	0	0	60	0	0	1	0	missing	1	psn	leftovers	2	0	1	0	1	suppress:0	undefined	false	24576	24576	24576	-1	2
tabletsofruin	onStart	228	0	1	40	Bug	1	0	1	20	20	1	8	greninjabond	1	1	0	0	1	-1	0	2	0	160	1	1	true	Move	1	brn	figyberry	1	1	-1	1	1	suppress:0|log:-ability:0:Tablets of Ruin:undefined	undefined	true	8	8	8	-1	0
tabletsofruin	onStart	229	1	6	40	Ghost	1	1	0	20	100	1	2048	pikachu	1	1	1	1	0	-1	1	0	100	160	1	0	null	Ability	1	brn	aguavberry	2	-1	99	1	1	suppress:0	undefined	true	2048	2048	2048	-1	2
tabletsofruin	onStart	230	-1	6	0	Bug	1	0	0	10	100	-1	8	greninjaash	0	1	1	1	1	-1	0	0	60	160	1	1	undefined	Move	0	brn	leftovers	1	1	-1	0	1	suppress:0	undefined	undefined	8	8	8	-1	0
tabletsofruin	onStart	231	1	6	40	Normal	1	0	1	0	-1	0	0	greninjaash	1	0	0	1	1	1	0	1	60	100	1	1	undefined	Move	0	brn	sitrusberry	2	0	99	0	1	suppress:0|log:-ability:0:Tablets of Ruin:undefined	undefined	false	0	0	0	1	0
tabletsofruin	onStart	232	-1	0	70	Dark	0	0	0	100	0	1	0	greninjaash	1	1	0	0	0	6	0	0	60	100	0	0	undefined	missing	1	brn	figyberry	1	1	-1	1	1	suppress:0|log:-ability:0:Tablets of Ruin:undefined	undefined	true	0	0	0	6	0
tabletsofruin	onStart	233	0	1	70	Bug	0	0	1	0	-1	0	16384	pikachu	1	1	1	0	1	6	0	2	100	160	0	0	undefined	Move	1	psn	sitrusberry	2	0	0	1	1	suppress:0	undefined	false	16384	16384	16384	6	0
tabletsofruin	onStart	234	0	6	70	Fire	0	0	0	20	100	1	24576	greninjabond	0	0	0	1	0	-1	0	0	60	100	1	0	null	missing	0	brn	figyberry	1	0	-1	1	1	suppress:0|log:-ability:0:Tablets of Ruin:undefined	undefined	true	24576	24576	24576	-1	0
tabletsofruin	onStart	235	6	6	60	Fire	1	1	1	100	0	0	8192	greninjaash	1	0	1	1	0	0	1	0	60	160	1	1	true	Move	0	psn	wikiberry	2	1	0	0	0	suppress:0	undefined	false	8192	8192	8192	0	2
tabletsofruin	onStart	236	6	6	60	Bug	0	1	0	10	20	1	8	greninjaash	0	1	1	1	1	6	0	1	100	160	1	0	false	Ability	1	brn	leftovers	0	-1	0	1	1	suppress:0	undefined	true	8	8	8	6	2
tabletsofruin	onStart	237	-1	6	60	Ghost	0	0	0	0	20	0	24576	pikachu	1	0	1	0	1	6	0	0	60	0	1	1	null	Ability	1	psn	wikiberry	2	0	99	1	1	suppress:0	undefined	false	24576	24576	24576	6	0
tabletsofruin	onStart	238	0	1	70	Dark	0	0	0	10	20	-1	0	pikachu	1	1	1	1	0	0	0	1	100	0	1	1	0	Move	1	psn	iapapaberry	0	-1	1	0	1	suppress:0	undefined	undefined	0	0	0	0	0
tabletsofruin	onStart	239	6	6	60	Water	0	0	0	100	100	1	16384	pikachu	1	0	1	0	0	0	0	1	60	100	0	1	false	Move	0	psn	leftovers	0	-1	99	0	0	suppress:0	undefined	true	16384	16384	16384	0	0
tabletsofruin	onStart	240	-1	1	61	Ghost	0	1	1	0	20	-1	8	pikachu	0	0	1	1	1	0	1	2	60	0	0	1	true	Ability	1	brn	wikiberry	1	1	99	1	0	suppress:0	undefined	undefined	8	8	8	0	2
tabletsofruin	onStart	241	0	6	60	Fire	1	1	1	0	100	1	8	greninjabond	1	0	1	0	1	6	1	1	0	0	0	1	0	missing	1	brn	iapapaberry	2	0	1	0	1	suppress:0	undefined	true	8	8	8	6	2
tabletsofruin	onStart	242	-1	6	0	Bug	0	0	0	0	0	1	0	greninjabond	0	0	0	1	1	6	1	2	0	100	1	0	undefined	Move	0	psn	sitrusberry	2	1	-1	1	1	suppress:0|log:-ability:0:Tablets of Ruin:undefined	undefined	true	0	0	0	6	0
tabletsofruin	onStart	243	1	1	0	Water	1	1	0	100	-1	-1	2048	greninjaash	0	0	0	0	0	1	1	0	0	100	0	0	true	Ability	0	psn	aguavberry	2	-1	99	1	1	suppress:0|log:-ability:0:Tablets of Ruin:undefined	undefined	undefined	2048	2048	2048	1	2
tabletsofruin	onStart	244	0	0	61	Bug	0	0	0	0	20	-1	24576	greninjabond	1	0	0	0	1	6	0	1	0	0	0	1	undefined	Ability	0	brn	wikiberry	2	-1	1	1	0	suppress:0|log:-ability:0:Tablets of Ruin:undefined	undefined	undefined	24576	24576	24576	6	0
tabletsofruin	onStart	245	0	1	40	Bug	1	1	0	10	20	-1	8	greninjabond	0	1	1	0	1	0	1	2	100	160	0	1	0	Move	0	brn	magoberry	1	1	99	1	1	suppress:0	undefined	undefined	8	8	8	0	2
tabletsofruin	onStart	246	1	1	60	Dark	0	1	0	10	-1	0	8192	pikachu	1	0	0	1	0	0	1	1	100	0	0	1	true	missing	1	brn	iapapaberry	0	-1	-1	1	0	suppress:0|log:-ability:0:Tablets of Ruin:undefined	undefined	false	8192	8192	8192	0	2
tabletsofruin	onStart	247	-1	1	60	Ghost	0	0	1	10	20	0	2048	greninjaash	1	0	0	0	0	-1	0	0	100	100	0	0	undefined	Move	0	psn	aguavberry	0	0	-1	1	1	suppress:0|log:-ability:0:Tablets of Ruin:undefined	undefined	false	2048	2048	2048	-1	0
tabletsofruin	onStart	248	0	6	0	Fire	1	1	1	10	-1	1	8	greninjaash	1	1	0	0	1	1	1	0	100	100	1	0	undefined	missing	1	brn	magoberry	2	1	1	1	0	suppress:0|log:-ability:0:Tablets of Ruin:undefined	undefined	true	8	8	8	1	2
tabletsofruin	onStart	249	0	6	0	Ghost	0	0	1	100	0	-1	8	greninjabond	0	1	1	1	0	6	0	1	0	0	0	1	false	Move	0	brn	aguavberry	2	0	-1	0	1	suppress:0	undefined	undefined	8	8	8	6	0
tabletsofruin	onStart	250	6	0	60	Bug	0	0	0	20	-1	-1	2048	greninjaash	0	1	0	1	1	0	0	0	60	160	1	0	0	Ability	1	brn	aguavberry	0	1	-1	0	0	suppress:0|log:-ability:0:Tablets of Ruin:undefined	undefined	undefined	2048	2048	2048	0	0
tabletsofruin	onStart	251	-1	6	61	Bug	0	1	1	0	20	1	2048	greninjabond	0	0	1	0	1	6	1	1	60	160	0	1	false	Move	0	brn	figyberry	0	-1	1	0	0	suppress:0	undefined	true	2048	2048	2048	6	2
tabletsofruin	onStart	252	6	6	0	Water	1	0	1	100	20	1	0	greninjabond	0	0	0	1	1	1	1	2	100	160	1	0	true	Ability	0	psn	wikiberry	1	1	99	1	0	suppress:0|log:-ability:0:Tablets of Ruin:undefined	undefined	true	0	0	0	1	0
tabletsofruin	onStart	253	6	1	61	Bug	0	0	1	100	20	-1	2048	greninjabond	1	0	0	0	1	6	0	2	100	0	0	0	0	Ability	1	brn	leftovers	0	1	1	0	1	suppress:0|log:-ability:0:Tablets of Ruin:undefined	undefined	undefined	2048	2048	2048	6	0
tabletsofruin	onStart	254	-1	1	70	Normal	0	1	1	10	0	1	8192	pikachu	1	0	0	1	1	1	0	0	0	160	0	1	undefined	missing	0	psn	aguavberry	2	1	1	0	0	suppress:0|log:-ability:0:Tablets of Ruin:undefined	undefined	true	8192	8192	8192	1	2
tabletsofruin	onStart	255	-1	0	40	Fire	0	0	1	0	-1	0	0	pikachu	0	0	1	1	1	6	1	1	60	100	1	0	false	missing	1	brn	wikiberry	2	0	0	0	0	suppress:0	undefined	false	0	0	0	6	0
tabletsofruin	onStart	256	0	6	70	Dark	0	0	0	20	100	-1	24576	greninjabond	0	1	0	1	1	-1	1	1	100	0	0	1	true	missing	0	brn	leftovers	0	1	0	1	1	suppress:0|log:-ability:0:Tablets of Ruin:undefined	undefined	undefined	24576	24576	24576	-1	0
tabletsofruin	onStart	257	-1	6	61	Normal	0	1	1	100	20	-1	2048	greninjabond	1	0	1	1	0	6	1	2	100	0	0	1	undefined	Ability	1	psn	wikiberry	2	1	0	0	1	suppress:0	undefined	undefined	2048	2048	2048	6	2
tabletsofruin	onStart	258	6	0	61	Dark	1	1	0	0	20	0	8192	pikachu	1	1	1	1	0	-1	0	2	100	160	0	0	null	Ability	0	psn	wikiberry	2	0	-1	1	0	suppress:0	undefined	false	8192	8192	8192	-1	2
tabletsofruin	onStart	259	6	0	70	Dark	0	1	1	10	20	0	2048	pikachu	0	0	0	1	0	-1	1	2	0	100	1	1	true	Ability	0	brn	leftovers	1	-1	-1	0	1	suppress:0|log:-ability:0:Tablets of Ruin:undefined	undefined	false	2048	2048	2048	-1	2
tabletsofruin	onStart	260	0	6	0	Fire	0	1	0	20	20	1	2048	greninjaash	0	1	1	0	1	1	1	0	60	100	0	1	0	missing	0	psn	wikiberry	1	0	-1	0	0	suppress:0	undefined	true	2048	2048	2048	1	2
tabletsofruin	onStart	261	0	1	70	Ghost	0	0	1	0	20	1	24576	pikachu	0	1	0	1	0	0	0	1	60	160	0	0	true	missing	0	psn	leftovers	2	0	1	0	1	suppress:0|log:-ability:0:Tablets of Ruin:undefined	undefined	true	24576	24576	24576	0	0
tabletsofruin	onStart	262	0	6	70	Fire	0	0	1	10	100	1	16384	greninjaash	1	1	0	1	0	1	0	0	60	0	0	1	false	Move	1	brn	leftovers	0	1	-1	1	1	suppress:0|log:-ability:0:Tablets of Ruin:undefined	undefined	true	16384	16384	16384	1	0
tabletsofruin	onStart	263	0	1	70	Ghost	1	0	0	20	100	1	8	greninjabond	0	0	0	0	0	1	1	0	0	160	0	1	null	Move	1	brn	figyberry	1	-1	0	0	1	suppress:0|log:-ability:0:Tablets of Ruin:undefined	undefined	true	8	8	8	1	0
tabletsofruin	onStart	264	0	0	40	Ghost	1	0	1	100	-1	-1	0	pikachu	0	0	1	0	1	0	0	1	60	0	0	0	false	Move	0	brn	magoberry	0	1	-1	1	1	suppress:0	undefined	undefined	0	0	0	0	0
tabletsofruin	onStart	265	-1	6	0	Dark	1	1	1	100	0	0	24576	greninjaash	1	1	1	0	0	6	1	0	100	100	1	0	0	Ability	0	psn	wikiberry	1	0	99	1	1	suppress:0	undefined	false	24576	24576	24576	6	2
tabletsofruin	onStart	266	1	1	60	Water	1	1	1	20	100	1	2048	greninjabond	1	1	1	1	1	1	1	1	100	0	0	0	false	Move	0	brn	magoberry	1	-1	-1	0	1	suppress:0	undefined	true	2048	2048	2048	1	2
tabletsofruin	onStart	267	1	6	70	Fire	0	1	0	10	100	1	0	greninjaash	1	0	1	1	0	0	1	2	100	160	0	0	false	Move	0	psn	figyberry	0	1	99	1	0	suppress:0	undefined	true	0	0	0	0	2
tabletsofruin	onStart	268	6	0	61	Fire	1	1	1	10	100	0	0	greninjabond	1	0	0	1	0	1	1	2	0	160	0	1	false	Ability	0	psn	wikiberry	1	-1	0	0	1	suppress:0|log:-ability:0:Tablets of Ruin:undefined	undefined	false	0	0	0	1	2
tabletsofruin	onStart	269	1	0	0	Fire	1	1	1	20	-1	0	0	pikachu	0	0	0	1	0	6	1	2	0	160	0	1	null	Ability	1	psn	magoberry	1	1	0	0	1	suppress:0|log:-ability:0:Tablets of Ruin:undefined	undefined	false	0	0	0	6	2
tabletsofruin	onStart	270	1	0	61	Water	0	0	1	10	100	1	8	greninjabond	1	1	1	1	1	6	1	2	0	160	1	1	false	Ability	1	psn	figyberry	0	0	1	0	0	suppress:0	undefined	true	8	8	8	6	0
tabletsofruin	onStart	271	1	1	40	Bug	1	0	1	10	20	1	24576	greninjabond	0	0	1	0	0	0	1	2	100	100	1	1	null	Ability	1	psn	leftovers	2	1	1	1	0	suppress:0	undefined	true	24576	24576	24576	0	0
tabletsofruin	onStart	272	0	1	0	Dark	0	1	1	0	100	0	2048	pikachu	1	0	0	1	1	6	0	2	0	160	1	0	0	Move	0	brn	wikiberry	2	-1	99	1	0	suppress:0|log:-ability:0:Tablets of Ruin:undefined	undefined	false	2048	2048	2048	6	2
tabletsofruin	onStart	273	-1	0	70	Ghost	0	0	0	20	20	0	2048	pikachu	0	0	0	0	1	6	0	2	60	0	1	0	true	missing	1	brn	aguavberry	0	0	0	1	1	suppress:0|log:-ability:0:Tablets of Ruin:undefined	undefined	false	2048	2048	2048	6	0
tabletsofruin	onStart	274	0	0	61	Ghost	1	0	1	0	-1	1	16384	pikachu	1	0	1	1	0	0	0	2	60	100	0	0	0	Ability	1	psn	wikiberry	2	1	-1	1	1	suppress:0	undefined	true	16384	16384	16384	0	0
tabletsofruin	onStart	275	-1	1	60	Water	1	0	1	20	0	-1	2048	pikachu	1	1	1	0	1	1	1	1	0	160	1	0	undefined	Move	1	psn	wikiberry	2	1	1	0	1	suppress:0	undefined	undefined	2048	2048	2048	1	0
tabletsofruin	onStart	276	1	6	70	Dark	0	0	1	10	100	1	2048	greninjabond	0	0	1	0	0	0	0	2	100	0	1	0	null	missing	1	psn	magoberry	2	0	1	0	1	suppress:0	undefined	true	2048	2048	2048	0	0
tabletsofruin	onStart	277	-1	0	0	Bug	0	0	1	100	-1	1	8	greninjabond	1	1	0	0	0	0	0	0	60	160	0	1	null	Ability	1	brn	magoberry	2	0	0	1	1	suppress:0|log:-ability:0:Tablets of Ruin:undefined	undefined	true	8	8	8	0	0
tabletsofruin	onStart	278	6	0	0	Fire	1	0	0	10	20	-1	8192	greninjabond	0	0	1	1	0	-1	0	1	100	0	1	1	null	Move	0	brn	wikiberry	0	-1	-1	1	0	suppress:0	undefined	undefined	8192	8192	8192	-1	0
tabletsofruin	onStart	279	1	1	60	Bug	1	0	0	100	-1	1	8192	greninjaash	1	0	1	1	1	-1	1	2	60	0	0	0	null	Move	1	psn	aguavberry	2	1	1	0	1	suppress:0	undefined	true	8192	8192	8192	-1	0
tabletsofruin	onStart	280	0	1	60	Dark	1	0	0	20	-1	-1	16384	greninjaash	0	1	0	0	1	-1	0	0	100	100	0	1	false	Ability	0	brn	leftovers	2	0	1	0	0	suppress:0|log:-ability:0:Tablets of Ruin:undefined	undefined	undefined	16384	16384	16384	-1	0
tabletsofruin	onStart	281	6	1	60	Normal	0	1	0	20	100	0	8192	pikachu	1	1	0	0	1	6	1	0	100	0	1	1	undefined	Move	1	psn	leftovers	1	-1	1	1	1	suppress:0|log:-ability:0:Tablets of Ruin:undefined	undefined	false	8192	8192	8192	6	2
tabletsofruin	onStart	282	-1	0	61	Bug	1	0	1	20	20	0	8	greninjaash	1	0	0	1	1	6	0	0	100	0	1	1	undefined	missing	0	brn	leftovers	2	-1	0	1	0	suppress:0|log:-ability:0:Tablets of Ruin:undefined	undefined	false	8	8	8	6	0
tabletsofruin	onStart	283	6	1	70	Water	1	0	0	20	-1	0	24576	greninjaash	1	1	0	1	0	6	0	2	0	100	0	1	false	Ability	1	brn	figyberry	1	0	-1	1	0	suppress:0|log:-ability:0:Tablets of Ruin:undefined	undefined	false	24576	24576	24576	6	0
tabletsofruin	onStart	284	-1	0	60	Ghost	0	0	0	0	100	1	8	pikachu	1	1	1	1	0	0	0	0	100	0	0	1	false	missing	1	psn	iapapaberry	2	1	99	0	0	suppress:0	undefined	true	8	8	8	0	0
tabletsofruin	onStart	285	1	6	40	Normal	0	1	1	10	-1	-1	8	greninjabond	0	0	0	0	1	6	1	1	0	160	1	1	true	Move	0	brn	sitrusberry	0	1	-1	1	1	suppress:0|log:-ability:0:Tablets of Ruin:undefined	undefined	undefined	8	8	8	6	2
tabletsofruin	onStart	286	-1	1	40	Bug	1	1	0	10	-1	-1	16384	greninjabond	0	0	1	1	1	-1	0	2	100	100	1	1	null	Ability	1	psn	sitrusberry	1	1	1	1	1	suppress:0	undefined	undefined	16384	16384	16384	-1	2
tabletsofruin	onStart	287	6	0	40	Fire	0	0	1	20	100	0	24576	greninjabond	1	0	0	1	0	6	1	1	100	100	1	1	0	Ability	1	psn	leftovers	0	1	99	0	0	suppress:0|log:-ability:0:Tablets of Ruin:undefined	undefined	false	24576	24576	24576	6	0
tabletsofruin	onStart	288	0	0	61	Ghost	1	0	1	100	0	-1	2048	greninjabond	1	1	1	1	0	1	1	2	60	160	0	0	undefined	Move	1	brn	wikiberry	1	-1	0	0	0	suppress:0	undefined	undefined	2048	2048	2048	1	0
tabletsofruin	onStart	289	6	6	60	Water	1	0	0	10	-1	1	8	greninjabond	1	0	0	1	1	6	0	2	100	0	1	1	true	missing	0	psn	sitrusberry	1	0	-1	0	1	suppress:0|log:-ability:0:Tablets of Ruin:undefined	undefined	true	8	8	8	6	0
tabletsofruin	onStart	290	6	1	40	Ghost	1	1	0	10	100	1	16384	greninjaash	1	1	0	0	1	1	1	1	0	160	1	1	null	Ability	1	psn	aguavberry	2	-1	0	0	1	suppress:0|log:-ability:0:Tablets of Ruin:undefined	undefined	true	16384	16384	16384	1	2
tabletsofruin	onStart	291	1	6	40	Normal	1	0	1	100	-1	-1	8	greninjabond	1	1	1	1	1	-1	0	2	100	160	0	1	false	Ability	1	brn	leftovers	0	1	99	1	1	suppress:0	undefined	undefined	8	8	8	-1	0
tabletsofruin	onStart	292	1	1	0	Ghost	1	1	1	100	100	-1	8	greninjabond	0	1	0	0	0	-1	0	2	0	160	0	0	true	Move	1	psn	leftovers	1	0	-1	0	0	suppress:0|log:-ability:0:Tablets of Ruin:undefined	undefined	undefined	8	8	8	-1	2
tabletsofruin	onStart	293	6	6	61	Fire	1	0	0	100	0	-1	2048	greninjaash	0	1	1	1	1	0	0	0	0	0	1	0	null	Ability	1	psn	aguavberry	1	0	-1	1	1	suppress:0	undefined	undefined	2048	2048	2048	0	0
tabletsofruin	onStart	294	0	0	0	Dark	1	1	0	10	0	0	24576	pikachu	0	1	0	1	1	0	1	2	60	100	0	1	0	missing	1	brn	figyberry	1	-1	-1	0	1	suppress:0|log:-ability:0:Tablets of Ruin:undefined	undefined	false	24576	24576	24576	0	2
tabletsofruin	onStart	295	-1	6	70	Fire	0	0	0	10	20	1	8	pikachu	1	0	1	0	0	1	1	2	100	0	1	1	true	missing	0	brn	figyberry	0	1	99	1	1	suppress:0	undefined	true	8	8	8	1	0
tabletsofruin	onStart	296	1	1	40	Fire	0	1	1	0	20	-1	8192	greninjaash	0	0	0	0	0	-1	1	1	100	0	1	1	false	missing	1	brn	magoberry	0	0	-1	0	1	suppress:0|log:-ability:0:Tablets of Ruin:undefined	undefined	undefined	8192	8192	8192	-1	2
tabletsofruin	onStart	297	6	0	0	Fire	0	1	0	10	100	0	16384	greninjabond	0	1	0	1	0	6	1	0	100	100	1	0	null	missing	1	brn	magoberry	0	1	0	0	0	suppress:0|log:-ability:0:Tablets of Ruin:undefined	undefined	false	16384	16384	16384	6	2
tabletsofruin	onStart	298	6	6	70	Bug	1	1	0	100	0	-1	24576	greninjaash	0	1	0	0	0	0	0	1	100	160	1	1	undefined	missing	1	psn	iapapaberry	1	-1	0	1	1	suppress:0|log:-ability:0:Tablets of Ruin:undefined	undefined	undefined	24576	24576	24576	0	2
tabletsofruin	onStart	299	0	1	60	Dark	0	0	1	100	20	1	24576	pikachu	0	1	0	0	1	0	0	0	0	100	1	0	false	Move	1	psn	aguavberry	0	0	0	0	0	suppress:0|log:-ability:0:Tablets of Ruin:undefined	undefined	true	24576	24576	24576	0	0
tabletsofruin	onStart	300	-1	6	61	Dark	0	1	1	20	100	1	8	pikachu	0	0	1	1	0	-1	1	1	60	160	1	1	true	Ability	0	psn	wikiberry	2	-1	0	1	1	suppress:0	undefined	true	8	8	8	-1	2
tabletsofruin	onStart	301	0	1	60	Water	0	1	0	0	0	0	24576	greninjabond	1	0	1	1	1	6	1	2	60	0	1	0	true	Move	0	psn	iapapaberry	2	0	99	0	1	suppress:0	undefined	false	24576	24576	24576	6	2
tabletsofruin	onStart	302	6	0	70	Bug	1	0	1	10	100	0	8192	greninjaash	0	1	0	1	0	0	0	0	0	0	0	1	undefined	Ability	0	brn	leftovers	2	0	1	1	0	suppress:0|log:-ability:0:Tablets of Ruin:undefined	undefined	false	8192	8192	8192	0	0
tabletsofruin	onStart	303	-1	1	61	Bug	0	0	0	100	-1	-1	2048	greninjaash	1	0	0	0	1	0	0	2	60	0	0	0	true	Move	0	brn	wikiberry	1	0	-1	0	0	suppress:0|log:-ability:0:Tablets of Ruin:undefined	undefined	undefined	2048	2048	2048	0	0
tabletsofruin	onStart	304	1	1	61	Fire	1	1	0	10	0	0	8192	greninjabond	0	1	0	1	0	0	1	2	0	100	0	0	false	Move	1	brn	aguavberry	1	-1	99	0	1	suppress:0|log:-ability:0:Tablets of Ruin:undefined	undefined	false	8192	8192	8192	0	2
tabletsofruin	onStart	305	1	1	40	Ghost	0	0	0	0	0	1	24576	pikachu	1	0	0	0	0	-1	1	2	0	100	1	0	true	missing	0	brn	wikiberry	0	0	99	0	0	suppress:0|log:-ability:0:Tablets of Ruin:undefined	undefined	true	24576	24576	24576	-1	0
tabletsofruin	onStart	306	1	1	40	Fire	0	1	0	10	-1	-1	24576	pikachu	0	0	0	0	1	6	1	2	60	160	0	1	true	missing	0	brn	iapapaberry	2	0	0	0	0	suppress:0|log:-ability:0:Tablets of Ruin:undefined	undefined	undefined	24576	24576	24576	6	2
tabletsofruin	onStart	307	6	1	0	Dark	0	0	0	0	100	0	8192	pikachu	0	1	1	0	0	1	0	2	60	100	0	0	true	Ability	1	psn	figyberry	0	-1	-1	1	1	suppress:0	undefined	false	8192	8192	8192	1	0
tabletsofruin	onStart	308	1	0	60	Dark	1	0	0	10	0	0	0	greninjabond	1	0	1	0	1	6	1	0	60	0	0	0	true	Ability	0	psn	iapapaberry	1	-1	1	1	1	suppress:0	undefined	false	0	0	0	6	0
tabletsofruin	onStart	309	6	6	61	Water	0	0	0	20	0	0	0	greninjabond	0	1	1	0	0	0	1	0	100	0	1	1	true	missing	1	brn	figyberry	1	-1	99	0	1	suppress:0	undefined	false	0	0	0	0	0
tabletsofruin	onStart	310	-1	6	61	Dark	1	0	1	10	20	0	0	pikachu	0	1	0	1	1	1	0	0	0	100	0	1	null	Move	1	psn	sitrusberry	2	0	-1	0	0	suppress:0|log:-ability:0:Tablets of Ruin:undefined	undefined	false	0	0	0	1	0
tabletsofruin	onStart	311	0	6	70	Water	1	0	1	20	100	1	2048	pikachu	0	0	1	1	0	-1	0	2	100	0	1	0	true	Move	0	psn	sitrusberry	2	0	0	0	1	suppress:0	undefined	true	2048	2048	2048	-1	0
tabletsofruin	onStart	312	1	1	61	Dark	0	0	1	20	20	0	24576	pikachu	1	1	1	0	0	6	0	0	60	100	0	1	null	Move	0	psn	leftovers	2	1	1	0	0	suppress:0	undefined	false	24576	24576	24576	6	0
tabletsofruin	onStart	313	1	6	0	Normal	1	1	0	0	20	0	2048	greninjaash	0	1	1	0	0	-1	0	0	0	100	0	0	0	Move	1	psn	aguavberry	2	0	-1	0	0	suppress:0	undefined	false	2048	2048	2048	-1	2
tabletsofruin	onStart	314	0	1	40	Water	0	0	1	100	100	-1	0	greninjabond	0	0	1	0	0	1	1	1	0	160	0	1	null	missing	1	psn	sitrusberry	0	0	0	1	0	suppress:0	undefined	undefined	0	0	0	1	0
tabletsofruin	onStart	315	1	6	61	Bug	0	0	1	0	100	-1	8	greninjaash	0	1	1	1	1	6	0	2	0	160	1	1	undefined	missing	0	psn	sitrusberry	0	0	1	1	0	suppress:0	undefined	undefined	8	8	8	6	0
tabletsofruin	onStart	316	0	6	60	Fire	0	1	1	0	0	-1	0	greninjabond	0	1	0	1	1	6	1	0	60	100	0	1	true	Ability	0	psn	aguavberry	0	0	99	1	0	suppress:0|log:-ability:0:Tablets of Ruin:undefined	undefined	undefined	0	0	0	6	2
tabletsofruin	onStart	317	-1	0	0	Ghost	1	1	0	100	100	1	8	greninjaash	0	0	1	0	0	6	0	1	100	160	1	1	false	Move	0	psn	magoberry	2	0	99	0	1	suppress:0	undefined	true	8	8	8	6	2
tabletsofruin	onStart	318	0	6	60	Normal	1	1	1	10	20	-1	8192	greninjabond	1	0	0	1	0	1	1	0	0	0	1	1	undefined	missing	1	brn	magoberry	2	0	1	1	1	suppress:0|log:-ability:0:Tablets of Ruin:undefined	undefined	undefined	8192	8192	8192	1	2
tabletsofruin	onStart	319	1	1	0	Normal	1	0	0	0	20	1	2048	pikachu	0	0	1	0	0	6	0	2	60	0	0	1	0	Move	0	psn	figyberry	0	0	0	1	0	suppress:0	undefined	true	2048	2048	2048	6	0
tabletsofruin	onStart	320	1	1	70	Ghost	1	0	1	100	0	0	0	greninjaash	0	0	0	1	0	-1	0	0	100	100	1	0	true	Move	0	psn	figyberry	1	-1	0	1	0	suppress:0|log:-ability:0:Tablets of Ruin:undefined	undefined	false	0	0	0	-1	0
tabletsofruin	onStart	321	1	0	60	Ghost	0	0	1	0	0	0	24576	greninjaash	0	1	1	1	0	-1	1	1	0	0	0	1	true	missing	1	psn	magoberry	2	0	1	1	0	suppress:0	undefined	false	24576	24576	24576	-1	0
tabletsofruin	onStart	322	-1	1	60	Dark	0	0	1	10	0	-1	8	greninjaash	0	1	1	0	1	-1	0	0	60	0	0	1	undefined	Move	1	brn	sitrusberry	1	1	0	1	1	suppress:0	undefined	undefined	8	8	8	-1	0
tabletsofruin	onStart	323	0	0	0	Water	1	0	0	10	0	1	16384	pikachu	1	1	0	1	1	-1	1	0	60	160	0	0	0	Ability	0	brn	aguavberry	2	-1	0	0	1	suppress:0|log:-ability:0:Tablets of Ruin:undefined	undefined	true	16384	16384	16384	-1	0
tabletsofruin	onStart	324	6	6	61	Dark	1	1	1	100	0	-1	16384	greninjabond	1	1	1	0	1	1	0	1	100	160	1	0	undefined	Move	1	psn	wikiberry	1	-1	-1	1	0	suppress:0	undefined	undefined	16384	16384	16384	1	2
tabletsofruin	onStart	325	1	0	40	Dark	0	0	0	10	100	1	2048	pikachu	1	0	1	0	0	0	1	0	60	100	1	0	undefined	Ability	0	psn	leftovers	1	0	1	0	1	suppress:0	undefined	true	2048	2048	2048	0	0
tabletsofruin	onStart	326	1	0	70	Dark	0	1	0	10	-1	0	24576	pikachu	1	0	1	1	1	6	0	0	100	0	1	1	true	Ability	0	psn	sitrusberry	1	1	-1	1	0	suppress:0	undefined	false	24576	24576	24576	6	2
tabletsofruin	onStart	327	1	6	0	Fire	1	0	1	100	-1	0	16384	greninjaash	0	0	0	0	1	1	0	1	100	100	1	1	undefined	missing	0	brn	figyberry	0	1	1	0	1	suppress:0|log:-ability:0:Tablets of Ruin:undefined	undefined	false	16384	16384	16384	1	0
tabletsofruin	onStart	328	1	0	70	Bug	1	1	0	0	20	0	16384	greninjaash	1	0	1	0	1	1	0	1	100	160	0	1	null	Ability	0	psn	magoberry	1	1	0	1	1	suppress:0	undefined	false	16384	16384	16384	1	2
tabletsofruin	onStart	329	1	6	61	Dark	1	1	1	100	-1	0	8192	greninjabond	1	0	1	1	1	-1	0	2	0	100	0	1	false	missing	0	brn	magoberry	2	1	99	1	0	suppress:0	undefined	false	8192	8192	8192	-1	2
tabletsofruin	onStart	330	6	1	70	Water	0	1	1	100	-1	-1	8192	greninjabond	0	1	1	0	1	6	1	1	0	0	1	1	undefined	Ability	0	psn	aguavberry	0	1	0	0	1	suppress:0	undefined	undefined	8192	8192	8192	6	2
tabletsofruin	onStart	331	6	1	61	Fire	1	0	1	20	-1	1	2048	greninjabond	1	1	1	0	0	0	1	2	100	0	1	0	null	missing	0	brn	iapapaberry	0	0	99	1	0	suppress:0	undefined	true	2048	2048	2048	0	0
tabletsofruin	onStart	332	0	1	70	Ghost	1	0	0	20	0	0	8192	greninjabond	0	0	1	1	1	1	0	1	0	0	0	1	false	Move	1	psn	aguavberry	0	-1	1	1	0	suppress:0	undefined	false	8192	8192	8192	1	0
tabletsofruin	onStart	333	-1	1	0	Bug	0	1	0	20	100	-1	2048	greninjabond	0	1	0	1	0	6	0	0	0	0	0	0	true	missing	1	brn	leftovers	0	0	1	1	1	suppress:0|log:-ability:0:Tablets of Ruin:undefined	undefined	undefined	2048	2048	2048	6	2
tabletsofruin	onStart	334	6	0	61	Water	0	1	0	10	0	-1	16384	greninjaash	1	1	1	1	1	-1	0	0	0	100	1	1	null	missing	1	brn	wikiberry	0	1	1	0	0	suppress:0	undefined	undefined	16384	16384	16384	-1	2
tabletsofruin	onStart	335	6	6	0	Dark	0	0	0	10	100	0	2048	greninjaash	1	1	1	1	0	0	0	2	100	100	1	0	true	Move	0	brn	figyberry	1	0	1	1	0	suppress:0	undefined	false	2048	2048	2048	0	0
tabletsofruin	onStart	336	6	6	61	Water	0	0	1	10	-1	1	0	greninjaash	0	1	1	0	1	6	0	0	0	160	1	0	null	Ability	1	psn	sitrusberry	2	-1	-1	1	1	suppress:0	undefined	true	0	0	0	6	0
tabletsofruin	onStart	337	0	1	40	Normal	1	0	1	100	100	-1	2048	greninjaash	0	1	1	0	1	-1	1	0	60	100	0	0	false	missing	1	brn	figyberry	1	1	0	1	0	suppress:0	undefined	undefined	2048	2048	2048	-1	0
tabletsofruin	onStart	338	6	1	0	Ghost	0	1	0	10	20	0	0	pikachu	1	1	0	0	0	0	1	1	0	100	1	1	undefined	Move	1	brn	leftovers	2	1	0	1	0	suppress:0|log:-ability:0:Tablets of Ruin:undefined	undefined	false	0	0	0	0	2
tabletsofruin	onStart	339	1	1	61	Dark	1	0	0	20	-1	1	0	pikachu	1	1	0	0	1	1	1	1	60	100	1	1	undefined	Move	0	psn	figyberry	1	0	1	1	1	suppress:0|log:-ability:0:Tablets of Ruin:undefined	undefined	true	0	0	0	1	0
tabletsofruin	onStart	340	6	6	60	Ghost	0	0	1	10	0	1	24576	greninjaash	1	1	0	1	1	1	0	1	100	0	0	0	false	missing	1	psn	magoberry	2	0	99	0	1	suppress:0|log:-ability:0:Tablets of Ruin:undefined	undefined	true	24576	24576	24576	1	0
tabletsofruin	onStart	341	1	6	60	Normal	1	0	1	0	20	-1	8	greninjabond	0	0	0	1	1	0	1	1	100	100	0	0	undefined	Move	0	brn	leftovers	2	0	0	1	1	suppress:0|log:-ability:0:Tablets of Ruin:undefined	undefined	undefined	8	8	8	0	0
tabletsofruin	onStart	342	0	0	60	Fire	0	0	0	10	100	-1	8	greninjabond	1	1	1	1	0	-1	1	0	60	0	0	1	null	missing	1	psn	magoberry	1	1	0	1	1	suppress:0	undefined	undefined	8	8	8	-1	0
tabletsofruin	onStart	343	-1	1	70	Bug	0	1	0	0	20	1	2048	greninjaash	1	1	0	1	1	-1	1	1	0	100	0	1	true	missing	1	brn	aguavberry	0	1	99	1	0	suppress:0|log:-ability:0:Tablets of Ruin:undefined	undefined	true	2048	2048	2048	-1	2
tabletsofruin	onStart	344	6	1	70	Bug	1	0	0	20	100	-1	8	pikachu	0	1	0	1	1	0	1	0	100	0	1	1	null	Move	1	psn	aguavberry	1	0	99	1	0	suppress:0|log:-ability:0:Tablets of Ruin:undefined	undefined	undefined	8	8	8	0	0
tabletsofruin	onStart	345	0	1	60	Bug	0	1	1	20	-1	0	8192	greninjaash	0	0	1	0	1	-1	1	2	0	0	0	0	null	missing	0	psn	sitrusberry	0	1	99	0	0	suppress:0	undefined	false	8192	8192	8192	-1	2
tabletsofruin	onStart	346	1	0	70	Bug	1	0	0	100	100	1	8	greninjaash	1	0	0	0	1	-1	0	0	60	160	1	1	null	Ability	1	psn	leftovers	1	-1	0	0	0	suppress:0|log:-ability:0:Tablets of Ruin:undefined	undefined	true	8	8	8	-1	0
tabletsofruin	onStart	347	0	0	70	Bug	0	0	0	100	20	0	0	greninjaash	0	1	1	1	1	6	1	0	0	100	0	1	false	missing	0	psn	iapapaberry	1	-1	0	0	1	suppress:0	undefined	false	0	0	0	6	0
tabletsofruin	onStart	348	0	1	0	Dark	1	1	1	0	0	1	8	greninjabond	1	1	1	0	0	0	0	1	100	160	1	1	0	missing	0	psn	magoberry	0	1	-1	0	1	suppress:0	undefined	true	8	8	8	0	2
tabletsofruin	onStart	349	6	6	40	Ghost	0	1	1	20	20	0	2048	greninjaash	1	1	0	0	1	6	1	1	0	160	0	1	false	Move	1	psn	figyberry	2	1	0	1	1	suppress:0|log:-ability:0:Tablets of Ruin:undefined	undefined	false	2048	2048	2048	6	2
tabletsofruin	onStart	350	1	6	61	Normal	0	0	1	10	20	0	8192	greninjaash	1	0	0	0	1	0	0	0	60	160	0	0	undefined	Ability	0	brn	leftovers	0	1	99	0	1	suppress:0|log:-ability:0:Tablets of Ruin:undefined	undefined	false	8192	8192	8192	0	0
tabletsofruin	onStart	351	0	0	70	Water	0	1	1	100	-1	1	8	pikachu	1	1	1	0	1	-1	1	1	100	0	1	1	false	missing	1	psn	leftovers	0	1	99	0	1	suppress:0	undefined	true	8	8	8	-1	2
tabletsofruin	onStart	352	6	1	40	Normal	0	1	0	100	-1	1	8	greninjaash	1	0	1	0	1	1	1	2	0	160	0	0	true	Ability	1	psn	iapapaberry	1	1	1	1	0	suppress:0	undefined	true	8	8	8	1	2
tabletsofruin	onStart	353	0	1	61	Ghost	1	0	1	20	20	0	16384	greninjabond	1	1	0	0	0	-1	0	1	60	160	1	1	0	Ability	1	brn	iapapaberry	0	-1	-1	0	0	suppress:0|log:-ability:0:Tablets of Ruin:undefined	undefined	false	16384	16384	16384	-1	0
tabletsofruin	onStart	354	0	0	0	Ghost	1	0	0	10	0	0	8	pikachu	1	0	0	0	0	1	1	1	0	160	0	1	0	Move	0	brn	aguavberry	2	1	0	1	1	suppress:0|log:-ability:0:Tablets of Ruin:undefined	undefined	false	8	8	8	1	0
tabletsofruin	onStart	355	6	6	40	Normal	0	0	1	100	100	1	16384	greninjaash	0	1	0	0	0	0	1	1	100	160	1	0	true	missing	0	brn	leftovers	1	-1	99	1	0	suppress:0|log:-ability:0:Tablets of Ruin:undefined	undefined	true	16384	16384	16384	0	0
tabletsofruin	onStart	356	-1	6	60	Ghost	0	1	0	100	-1	1	16384	greninjaash	0	0	1	1	0	0	1	2	100	100	0	0	false	Move	0	psn	leftovers	1	1	0	0	0	suppress:0	undefined	true	16384	16384	16384	0	2
tabletsofruin	onStart	357	0	1	0	Water	0	0	1	100	20	1	8192	greninjaash	0	0	0	0	1	0	0	2	0	160	0	1	0	missing	0	psn	aguavberry	2	0	-1	0	0	suppress:0|log:-ability:0:Tablets of Ruin:undefined	undefined	true	8192	8192	8192	0	0
tabletsofruin	onStart	358	6	6	70	Ghost	0	1	1	20	20	-1	0	pikachu	1	0	0	0	0	0	1	0	100	160	0	0	undefined	Ability	1	psn	aguavberry	1	0	0	1	0	suppress:0|log:-ability:0:Tablets of Ruin:undefined	undefined	undefined	0	0	0	0	2
tabletsofruin	onStart	359	0	6	70	Dark	0	1	0	10	0	0	8192	pikachu	0	1	1	0	0	6	1	1	60	100	0	0	undefined	Ability	1	psn	leftovers	2	0	-1	1	0	suppress:0	undefined	false	8192	8192	8192	6	2
tabletsofruin	onStart	360	6	1	0	Normal	1	1	1	0	100	0	24576	pikachu	0	0	1	1	1	-1	1	2	0	0	1	1	undefined	Move	0	psn	figyberry	2	-1	0	0	0	suppress:0	undefined	false	24576	24576	24576	-1	2
tabletsofruin	onStart	361	-1	0	60	Fire	1	1	0	10	0	1	8	greninjabond	0	0	0	1	0	-1	1	1	0	0	1	1	undefined	missing	0	brn	figyberry	0	1	1	0	0	suppress:0|log:-ability:0:Tablets of Ruin:undefined	undefined	true	8	8	8	-1	2
tabletsofruin	onStart	362	-1	0	61	Water	1	1	1	100	20	1	0	greninjaash	1	1	1	0	1	0	1	2	0	160	0	1	undefined	missing	1	psn	magoberry	1	1	0	0	0	suppress:0	undefined	true	0	0	0	0	2
tabletsofruin	onStart	363	1	0	60	Bug	0	0	0	0	100	0	2048	pikachu	0	1	0	0	1	1	0	1	60	0	0	0	false	Move	1	brn	aguavberry	0	0	1	1	1	suppress:0|log:-ability:0:Tablets of Ruin:undefined	undefined	false	2048	2048	2048	1	0
tabletsofruin	onStart	364	1	0	60	Ghost	1	0	1	20	-1	-1	2048	greninjaash	1	0	0	0	0	-1	1	0	100	160	0	1	undefined	missing	0	psn	leftovers	0	-1	1	0	0	suppress:0|log:-ability:0:Tablets of Ruin:undefined	undefined	undefined	2048	2048	2048	-1	0
tabletsofruin	onStart	365	6	1	60	Bug	1	1	1	10	-1	1	2048	pikachu	0	1	0	1	0	-1	1	1	60	160	0	0	undefined	Move	0	brn	magoberry	1	0	-1	0	0	suppress:0|log:-ability:0:Tablets of Ruin:undefined	undefined	true	2048	2048	2048	-1	2
tabletsofruin	onStart	366	-1	1	61	Water	1	1	1	20	-1	1	8192	greninjaash	0	0	0	0	1	1	1	1	0	160	0	0	false	missing	0	brn	figyberry	1	1	99	1	0	suppress:0|log:-ability:0:Tablets of Ruin:undefined	undefined	true	8192	8192	8192	1	2
tabletsofruin	onStart	367	1	0	61	Dark	1	1	1	0	20	1	8	greninjabond	0	1	0	1	1	1	1	1	60	100	1	0	true	Move	1	brn	magoberry	1	-1	-1	1	1	suppress:0|log:-ability:0:Tablets of Ruin:undefined	undefined	true	8	8	8	1	2
tabletsofruin	onStart	368	6	6	70	Normal	1	0	0	10	-1	1	16384	pikachu	1	1	0	0	0	1	0	1	100	160	1	0	undefined	missing	0	psn	aguavberry	2	1	-1	0	1	suppress:0|log:-ability:0:Tablets of Ruin:undefined	undefined	true	16384	16384	16384	1	0
tabletsofruin	onStart	369	-1	1	60	Bug	0	0	0	10	20	-1	0	pikachu	0	1	0	1	0	-1	0	0	100	100	1	0	undefined	Ability	0	psn	sitrusberry	1	1	99	1	0	suppress:0|log:-ability:0:Tablets of Ruin:undefined	undefined	undefined	0	0	0	-1	0
tabletsofruin	onStart	370	6	6	0	Fire	1	1	1	10	100	0	24576	greninjabond	1	1	1	0	0	-1	0	1	100	0	0	1	0	Move	1	brn	aguavberry	1	1	0	0	0	suppress:0	undefined	false	24576	24576	24576	-1	2
tabletsofruin	onStart	371	0	6	40	Ghost	0	0	1	0	0	-1	24576	greninjaash	1	1	1	1	1	6	0	0	100	100	1	1	undefined	Move	1	brn	magoberry	0	0	-1	0	0	suppress:0	undefined	undefined	24576	24576	24576	6	0
tabletsofruin	onStart	372	-1	1	61	Fire	1	1	1	10	-1	0	0	greninjaash	0	1	1	1	0	-1	1	1	100	0	1	0	false	missing	1	psn	leftovers	2	1	99	0	1	suppress:0	undefined	false	0	0	0	-1	2
tabletsofruin	onStart	373	-1	0	70	Ghost	0	0	1	20	-1	1	2048	pikachu	1	0	0	1	0	1	0	0	100	100	1	0	false	Move	1	psn	aguavberry	1	0	-1	0	0	suppress:0|log:-ability:0:Tablets of Ruin:undefined	undefined	true	2048	2048	2048	1	0
tabletsofruin	onStart	374	0	1	0	Normal	1	0	1	20	0	1	0	greninjaash	0	1	1	0	1	1	0	1	0	160	1	0	true	missing	0	psn	wikiberry	2	1	0	0	1	suppress:0	undefined	true	0	0	0	1	0
tabletsofruin	onStart	375	6	6	61	Normal	1	1	0	20	-1	1	8192	greninjaash	0	1	1	1	1	0	1	1	0	160	1	1	undefined	Move	1	brn	wikiberry	0	0	0	0	0	suppress:0	undefined	true	8192	8192	8192	0	2
tabletsofruin	onStart	376	-1	1	60	Bug	0	0	0	20	0	0	0	greninjaash	0	0	1	1	0	6	0	1	0	160	0	1	0	missing	0	psn	iapapaberry	0	0	99	0	1	suppress:0	undefined	false	0	0	0	6	0
tabletsofruin	onStart	377	-1	0	40	Bug	1	1	0	0	100	-1	0	greninjabond	1	0	0	0	1	-1	1	2	60	160	1	0	true	Move	1	psn	iapapaberry	2	-1	0	1	0	suppress:0|log:-ability:0:Tablets of Ruin:undefined	undefined	undefined	0	0	0	-1	2
tabletsofruin	onStart	378	1	6	60	Fire	1	1	1	100	0	-1	24576	greninjabond	1	0	1	0	0	1	1	0	0	0	0	1	null	missing	0	psn	iapapaberry	0	0	0	1	1	suppress:0	undefined	undefined	24576	24576	24576	1	2
tabletsofruin	onStart	379	6	1	60	Dark	1	0	0	10	-1	1	8192	pikachu	1	1	0	1	0	-1	0	0	100	160	1	0	0	Ability	1	psn	iapapaberry	0	1	99	1	1	suppress:0|log:-ability:0:Tablets of Ruin:undefined	undefined	true	8192	8192	8192	-1	0
tabletsofruin	onStart	380	1	6	70	Dark	0	1	0	0	-1	-1	24576	pikachu	1	1	1	0	0	6	0	1	60	160	0	1	false	Ability	1	brn	wikiberry	2	0	-1	0	1	suppress:0	undefined	undefined	24576	24576	24576	6	2
tabletsofruin	onStart	381	1	0	61	Fire	1	1	0	0	-1	0	8	greninjabond	0	1	1	1	0	-1	1	0	0	0	1	1	0	Ability	0	psn	magoberry	1	-1	99	1	0	suppress:0	undefined	false	8	8	8	-1	2
tabletsofruin	onStart	382	6	0	61	Fire	1	0	0	20	100	0	2048	greninjabond	0	1	1	0	0	6	1	0	0	100	1	0	false	Ability	1	brn	iapapaberry	1	-1	99	1	1	suppress:0	undefined	false	2048	2048	2048	6	0
tabletsofruin	onStart	383	6	6	61	Normal	1	1	0	10	0	1	8	pikachu	1	1	0	0	0	-1	0	0	0	160	0	1	true	missing	0	psn	iapapaberry	2	1	1	1	1	suppress:0|log:-ability:0:Tablets of Ruin:undefined	undefined	true	8	8	8	-1	2
tabletsofruin	onStart	384	-1	6	70	Water	1	1	1	100	20	-1	16384	greninjaash	1	0	1	0	0	0	0	2	100	100	1	0	true	Ability	1	psn	iapapaberry	2	1	1	0	0	suppress:0	undefined	undefined	16384	16384	16384	0	2
tabletsofruin	onStart	385	6	0	60	Fire	1	0	0	0	-1	-1	8	greninjabond	0	1	0	0	1	-1	0	1	60	160	1	0	null	Move	0	brn	iapapaberry	1	1	1	1	0	suppress:0|log:-ability:0:Tablets of Ruin:undefined	undefined	undefined	8	8	8	-1	0
tabletsofruin	onStart	386	1	1	61	Normal	0	0	1	10	-1	0	2048	greninjabond	0	0	0	0	1	0	1	0	60	0	1	1	true	missing	1	brn	iapapaberry	1	0	0	0	1	suppress:0|log:-ability:0:Tablets of Ruin:undefined	undefined	false	2048	2048	2048	0	0
tabletsofruin	onStart	387	1	1	70	Normal	1	0	0	20	-1	0	8192	greninjaash	1	1	1	0	1	0	0	1	60	0	0	0	0	Ability	1	psn	leftovers	0	0	0	1	0	suppress:0	undefined	false	8192	8192	8192	0	0
tabletsofruin	onStart	388	-1	1	61	Normal	1	0	1	100	-1	0	24576	pikachu	1	0	0	1	0	6	0	0	100	160	1	0	true	Ability	1	brn	wikiberry	0	1	0	1	1	suppress:0|log:-ability:0:Tablets of Ruin:undefined	undefined	false	24576	24576	24576	6	0
tabletsofruin	onStart	389	-1	1	0	Normal	1	1	0	10	-1	0	2048	greninjaash	1	0	1	0	1	1	1	2	0	0	1	1	false	Ability	1	brn	aguavberry	1	-1	99	1	0	suppress:0	undefined	false	2048	2048	2048	1	2
tabletsofruin	onStart	390	-1	6	61	Normal	1	1	0	20	20	1	8	greninjabond	0	0	1	0	1	6	1	1	100	0	1	0	0	missing	0	psn	sitrusberry	2	-1	0	0	0	suppress:0	undefined	true	8	8	8	6	2
tabletsofruin	onStart	391	-1	1	61	Bug	0	1	1	100	20	-1	2048	greninjabond	1	1	1	1	1	6	0	1	0	160	1	0	true	Ability	0	psn	wikiberry	1	0	1	1	0	suppress:0	undefined	undefined	2048	2048	2048	6	2
tabletsofruin	onStart	392	-1	1	0	Normal	0	1	0	0	0	-1	24576	greninjaash	1	1	0	1	0	1	1	2	100	160	1	1	true	missing	1	psn	iapapaberry	0	-1	0	0	0	suppress:0|log:-ability:0:Tablets of Ruin:undefined	undefined	undefined	24576	24576	24576	1	2
tabletsofruin	onStart	393	6	1	60	Normal	0	0	0	0	100	0	16384	pikachu	0	0	0	1	1	-1	0	0	60	160	0	1	0	Move	1	brn	iapapaberry	2	-1	-1	0	0	suppress:0|log:-ability:0:Tablets of Ruin:undefined	undefined	false	16384	16384	16384	-1	0
tabletsofruin	onStart	394	0	6	60	Dark	0	0	0	100	20	1	8	greninjabond	0	0	0	0	0	6	0	1	100	0	1	1	undefined	Move	1	psn	figyberry	2	0	0	1	0	suppress:0|log:-ability:0:Tablets of Ruin:undefined	undefined	true	8	8	8	6	0
tabletsofruin	onStart	395	0	6	60	Bug	1	0	1	20	20	-1	8	greninjaash	0	1	0	0	1	1	0	1	100	0	1	1	null	Move	1	brn	figyberry	0	0	-1	0	1	suppress:0|log:-ability:0:Tablets of Ruin:undefined	undefined	undefined	8	8	8	1	0
tabletsofruin	onStart	396	1	1	61	Normal	0	0	0	20	20	-1	8192	pikachu	0	1	1	0	1	6	0	0	100	0	1	0	0	Move	1	brn	leftovers	0	1	1	1	0	suppress:0	undefined	undefined	8192	8192	8192	6	0
tabletsofruin	onStart	397	0	0	61	Bug	0	0	0	100	0	1	8192	pikachu	1	1	1	0	1	-1	0	2	60	160	1	0	true	Move	0	brn	leftovers	0	0	1	1	0	suppress:0	undefined	true	8192	8192	8192	-1	0
tabletsofruin	onStart	398	0	1	70	Ghost	1	1	0	20	20	1	16384	greninjabond	0	0	0	0	0	-1	0	2	0	0	0	0	false	Move	0	brn	figyberry	0	1	99	1	1	suppress:0|log:-ability:0:Tablets of Ruin:undefined	undefined	true	16384	16384	16384	-1	2
tabletsofruin	onStart	399	0	1	61	Fire	0	1	0	20	-1	0	0	greninjabond	1	1	0	1	1	1	0	0	60	100	0	0	0	Move	0	brn	wikiberry	2	0	99	0	1	suppress:0|log:-ability:0:Tablets of Ruin:undefined	undefined	false	0	0	0	1	2
tabletsofruin	onStart	400	-1	0	60	Water	1	0	0	10	20	0	8192	greninjaash	0	1	1	0	0	-1	1	2	60	160	0	1	true	missing	1	psn	sitrusberry	1	0	-1	0	1	suppress:0	undefined	false	8192	8192	8192	-1	0
tabletsofruin	onStart	401	6	6	60	Normal	1	1	1	100	-1	1	8	greninjaash	1	1	1	1	0	-1	1	0	100	100	0	1	0	Ability	0	psn	iapapaberry	2	1	1	0	0	suppress:0	undefined	true	8	8	8	-1	2
tabletsofruin	onStart	402	-1	0	0	Normal	0	1	0	10	0	-1	8192	greninjabond	0	1	0	0	1	1	1	1	100	0	1	1	null	missing	0	brn	sitrusberry	2	-1	0	0	0	suppress:0|log:-ability:0:Tablets of Ruin:undefined	undefined	undefined	8192	8192	8192	1	2
tabletsofruin	onStart	403	6	6	40	Fire	0	1	0	100	100	0	24576	greninjaash	0	0	0	1	0	6	0	1	0	100	0	1	null	missing	0	brn	iapapaberry	1	-1	99	1	0	suppress:0|log:-ability:0:Tablets of Ruin:undefined	undefined	false	24576	24576	24576	6	2
tabletsofruin	onStart	404	0	6	60	Normal	1	1	0	20	20	1	8192	greninjabond	1	1	0	1	1	1	1	0	0	100	0	1	null	missing	0	brn	sitrusberry	0	-1	99	1	0	suppress:0|log:-ability:0:Tablets of Ruin:undefined	undefined	true	8192	8192	8192	1	2
tabletsofruin	onStart	405	6	0	60	Dark	1	1	0	0	0	-1	0	greninjabond	0	0	1	1	1	1	1	1	100	100	1	0	false	Ability	0	psn	aguavberry	2	0	1	0	0	suppress:0	undefined	undefined	0	0	0	1	2
tabletsofruin	onStart	406	1	6	61	Bug	0	1	1	20	-1	-1	0	pikachu	1	1	0	0	1	0	1	0	100	160	0	0	undefined	Move	1	psn	iapapaberry	0	1	0	0	1	suppress:0|log:-ability:0:Tablets of Ruin:undefined	undefined	undefined	0	0	0	0	2
tabletsofruin	onStart	407	0	6	0	Fire	0	1	1	0	0	0	2048	pikachu	0	1	0	0	0	0	0	1	100	100	1	1	0	missing	0	brn	figyberry	2	-1	99	1	0	suppress:0|log:-ability:0:Tablets of Ruin:undefined	undefined	false	2048	2048	2048	0	2
tabletsofruin	onStart	408	-1	0	70	Normal	0	1	1	100	0	-1	8	greninjabond	1	0	1	1	0	0	1	2	0	160	1	0	false	Move	1	psn	wikiberry	2	-1	99	1	1	suppress:0	undefined	undefined	8	8	8	0	2
tabletsofruin	onStart	409	1	6	40	Fire	1	0	1	100	20	1	0	greninjaash	0	0	1	1	0	-1	0	1	100	160	0	0	undefined	Move	0	brn	sitrusberry	0	0	99	0	0	suppress:0	undefined	true	0	0	0	-1	0
tabletsofruin	onStart	410	6	6	40	Ghost	0	1	0	100	-1	-1	0	pikachu	0	1	1	0	0	-1	1	0	100	160	0	0	true	Move	1	psn	iapapaberry	1	0	1	0	1	suppress:0	undefined	undefined	0	0	0	-1	2
tabletsofruin	onStart	411	1	1	40	Fire	0	1	1	100	0	-1	2048	greninjaash	0	0	1	0	1	-1	1	1	0	160	1	0	undefined	missing	0	psn	sitrusberry	0	0	0	0	1	suppress:0	undefined	undefined	2048	2048	2048	-1	2
tabletsofruin	onStart	412	6	0	61	Water	1	1	1	10	20	-1	2048	pikachu	0	0	0	0	1	1	1	2	100	160	1	0	false	Ability	0	brn	leftovers	1	-1	-1	1	1	suppress:0|log:-ability:0:Tablets of Ruin:undefined	undefined	undefined	2048	2048	2048	1	2
tabletsofruin	onStart	413	0	0	0	Fire	1	0	0	20	0	-1	0	greninjaash	1	1	1	1	0	-1	0	2	100	100	0	0	0	missing	1	psn	figyberry	1	1	0	0	0	suppress:0	undefined	undefined	0	0	0	-1	0
tabletsofruin	onStart	414	6	0	60	Dark	0	0	1	20	0	1	8192	pikachu	1	1	0	0	0	0	1	0	100	160	0	0	false	missing	0	brn	iapapaberry	2	0	99	0	0	suppress:0|log:-ability:0:Tablets of Ruin:undefined	undefined	true	8192	8192	8192	0	0
tabletsofruin	onStart	415	1	0	61	Normal	1	1	0	100	20	-1	0	pikachu	0	1	1	0	1	-1	0	2	60	0	0	0	true	Move	0	brn	figyberry	0	-1	-1	1	1	suppress:0	undefined	undefined	0	0	0	-1	2
tabletsofruin	onStart	416	-1	0	60	Normal	0	1	0	0	100	1	24576	greninjabond	0	0	0	0	1	6	0	1	100	0	1	1	false	Move	0	psn	wikiberry	0	0	1	1	1	suppress:0|log:-ability:0:Tablets of Ruin:undefined	undefined	true	24576	24576	24576	6	2
tabletsofruin	onStart	417	1	1	60	Fire	0	1	1	20	0	-1	0	greninjaash	0	1	1	0	0	-1	1	2	100	0	0	0	true	missing	1	brn	magoberry	1	-1	0	1	0	suppress:0	undefined	undefined	0	0	0	-1	2
tabletsofruin	onStart	418	1	0	70	Water	0	0	1	20	20	-1	24576	pikachu	0	0	1	1	0	6	0	0	100	0	0	0	true	Move	0	brn	magoberry	1	0	1	1	0	suppress:0	undefined	undefined	24576	24576	24576	6	0
tabletsofruin	onStart	419	0	6	61	Ghost	0	1	0	0	0	-1	16384	pikachu	0	0	0	0	0	0	1	0	60	160	1	0	0	Move	0	psn	magoberry	2	1	-1	0	0	suppress:0|log:-ability:0:Tablets of Ruin:undefined	undefined	undefined	16384	16384	16384	0	2
tabletsofruin	onStart	420	0	6	70	Water	0	0	0	0	20	-1	2048	greninjabond	1	0	1	1	1	0	1	1	60	0	1	1	false	Ability	0	brn	sitrusberry	2	0	0	1	1	suppress:0	undefined	undefined	2048	2048	2048	0	0
tabletsofruin	onStart	421	1	0	61	Normal	0	1	1	0	100	1	8192	greninjabond	1	0	0	0	0	1	1	1	60	0	0	1	true	Move	0	brn	magoberry	1	-1	0	0	0	suppress:0|log:-ability:0:Tablets of Ruin:undefined	undefined	true	8192	8192	8192	1	2
tabletsofruin	onStart	422	-1	6	61	Bug	0	0	1	20	100	0	2048	greninjaash	1	0	1	0	0	1	0	1	100	0	1	0	undefined	missing	0	psn	wikiberry	0	-1	0	1	0	suppress:0	undefined	false	2048	2048	2048	1	0
tabletsofruin	onStart	423	6	1	61	Normal	1	1	1	20	-1	-1	16384	greninjabond	0	1	0	1	1	6	0	0	0	100	0	0	null	Move	1	psn	magoberry	2	-1	-1	0	0	suppress:0|log:-ability:0:Tablets of Ruin:undefined	undefined	undefined	16384	16384	16384	6	2
tabletsofruin	onStart	424	0	0	40	Normal	1	0	0	10	-1	1	0	greninjaash	1	1	1	1	1	0	0	2	60	160	0	0	true	missing	0	psn	magoberry	2	1	0	1	0	suppress:0	undefined	true	0	0	0	0	0
tabletsofruin	onStart	425	1	6	61	Bug	1	0	1	20	20	-1	8192	greninjaash	1	0	1	0	1	-1	0	2	0	0	0	1	null	missing	0	psn	sitrusberry	2	-1	1	1	1	suppress:0	undefined	undefined	8192	8192	8192	-1	0
tabletsofruin	onStart	426	1	6	60	Ghost	0	0	1	0	100	1	16384	greninjabond	1	0	1	1	1	1	1	0	60	160	0	0	undefined	Move	0	brn	magoberry	1	-1	1	0	0	suppress:0	undefined	true	16384	16384	16384	1	0
tabletsofruin	onStart	427	-1	6	60	Normal	1	1	0	0	-1	-1	0	pikachu	1	0	1	1	0	1	1	1	60	0	0	1	undefined	Move	0	brn	leftovers	1	1	1	1	1	suppress:0	undefined	undefined	0	0	0	1	2
tabletsofruin	onStart	428	6	0	60	Bug	1	0	0	100	20	0	2048	greninjabond	1	1	0	0	1	0	0	0	60	0	0	0	false	Ability	1	brn	leftovers	1	0	1	0	0	suppress:0|log:-ability:0:Tablets of Ruin:undefined	undefined	false	2048	2048	2048	0	0
tabletsofruin	onStart	429	-1	6	70	Ghost	1	0	1	10	100	0	0	greninjabond	0	1	0	0	0	-1	0	0	100	0	0	1	undefined	missing	1	brn	aguavberry	0	1	-1	1	0	suppress:0|log:-ability:0:Tablets of Ruin:undefined	undefined	false	0	0	0	-1	0
tabletsofruin	onStart	430	1	6	70	Ghost	0	1	0	20	20	-1	0	greninjaash	1	0	1	0	1	1	1	0	60	0	1	0	null	Ability	1	psn	iapapaberry	0	0	99	0	1	suppress:0	undefined	undefined	0	0	0	1	2
tabletsofruin	onStart	431	6	6	61	Dark	1	1	1	0	0	1	8192	pikachu	0	1	1	1	0	1	1	0	60	160	1	1	0	Move	1	psn	aguavberry	0	0	0	1	1	suppress:0	undefined	true	8192	8192	8192	1	2
tabletsofruin	onStart	432	0	6	70	Water	0	0	1	20	100	0	2048	greninjabond	1	0	1	0	1	1	0	2	0	160	1	1	null	missing	0	psn	magoberry	1	-1	-1	1	0	suppress:0	undefined	false	2048	2048	2048	1	0
tabletsofruin	onStart	433	0	1	61	Water	1	1	1	10	100	1	16384	greninjabond	0	1	1	1	1	0	0	1	100	0	0	1	null	Move	1	psn	iapapaberry	1	0	-1	1	1	suppress:0	undefined	true	16384	16384	16384	0	2
tabletsofruin	onStart	434	0	0	0	Normal	1	0	1	20	0	0	16384	greninjabond	1	1	1	1	0	-1	0	2	0	160	1	0	0	missing	1	psn	aguavberry	0	-1	1	1	1	suppress:0	undefined	false	16384	16384	16384	-1	0
tabletsofruin	onStart	435	1	1	0	Bug	1	1	1	10	20	0	0	greninjaash	1	0	0	1	1	6	1	2	60	0	1	1	true	missing	0	brn	aguavberry	0	1	0	0	0	suppress:0|log:-ability:0:Tablets of Ruin:undefined	undefined	false	0	0	0	6	2
tabletsofruin	onStart	436	0	1	61	Normal	0	1	1	20	100	0	8	greninjabond	0	1	0	1	0	-1	0	2	100	100	1	1	false	Ability	1	brn	sitrusberry	2	-1	99	0	0	suppress:0|log:-ability:0:Tablets of Ruin:undefined	undefined	false	8	8	8	-1	2
tabletsofruin	onStart	437	1	1	40	Fire	1	1	1	100	100	0	8192	greninjaash	1	0	0	1	1	1	0	0	100	160	0	0	false	Move	0	psn	figyberry	0	-1	-1	1	0	suppress:0|log:-ability:0:Tablets of Ruin:undefined	undefined	false	8192	8192	8192	1	2
tabletsofruin	onStart	438	6	6	61	Bug	0	1	0	20	-1	1	8	greninjaash	1	0	1	0	0	6	1	1	0	160	1	0	true	missing	0	brn	sitrusberry	1	1	0	1	1	suppress:0	undefined	true	8	8	8	6	2
tabletsofruin	onStart	439	-1	0	61	Dark	0	1	0	100	20	1	24576	greninjaash	1	1	0	0	1	0	1	2	100	100	0	1	0	Move	1	brn	figyberry	0	1	1	1	0	suppress:0|log:-ability:0:Tablets of Ruin:undefined	undefined	true	24576	24576	24576	0	2
tabletsofruin	onStart	440	0	0	0	Bug	1	1	0	100	-1	0	2048	greninjaash	0	0	0	1	1	-1	1	0	100	100	1	0	null	Move	1	brn	figyberry	1	0	99	1	1	suppress:0|log:-ability:0:Tablets of Ruin:undefined	undefined	false	2048	2048	2048	-1	2
tabletsofruin	onStart	441	0	0	0	Fire	0	0	1	10	-1	0	8	pikachu	1	0	0	1	1	0	1	2	100	100	1	1	false	Move	0	brn	aguavberry	1	-1	0	1	1	suppress:0|log:-ability:0:Tablets of Ruin:undefined	undefined	false	8	8	8	0	0
tabletsofruin	onStart	442	-1	6	40	Dark	1	1	0	0	20	0	8	greninjaash	1	1	0	1	1	6	0	0	60	0	1	0	0	Ability	0	brn	iapapaberry	1	1	1	0	1	suppress:0|log:-ability:0:Tablets of Ruin:undefined	undefined	false	8	8	8	6	2
tabletsofruin	onStart	443	0	6	40	Ghost	1	1	0	10	20	1	0	greninjaash	1	0	0	0	0	-1	1	1	100	160	0	0	undefined	missing	1	brn	magoberry	1	-1	99	0	1	suppress:0|log:-ability:0:Tablets of Ruin:undefined	undefined	true	0	0	0	-1	2
tabletsofruin	onStart	444	-1	6	60	Water	1	0	0	10	100	0	24576	greninjabond	1	0	1	0	0	-1	0	1	100	100	1	0	0	Ability	1	brn	figyberry	1	0	-1	0	1	suppress:0	undefined	false	24576	24576	24576	-1	0
tabletsofruin	onStart	445	6	1	40	Bug	0	0	1	0	20	0	0	greninjaash	1	1	0	1	1	-1	1	0	0	160	0	0	undefined	missing	1	brn	figyberry	1	0	-1	1	0	suppress:0|log:-ability:0:Tablets of Ruin:undefined	undefined	false	0	0	0	-1	0
tabletsofruin	onStart	446	-1	0	61	Ghost	0	0	0	20	-1	-1	2048	pikachu	0	1	1	0	1	6	0	2	0	160	0	0	true	Ability	0	psn	iapapaberry	1	1	99	0	0	suppress:0	undefined	undefined	2048	2048	2048	6	0
tabletsofruin	onStart	447	0	6	0	Fire	0	1	1	10	-1	1	8	pikachu	1	1	0	1	1	-1	1	1	0	160	1	0	true	Move	1	brn	magoberry	0	0	1	0	1	suppress:0|log:-ability:0:Tablets of Ruin:undefined	undefined	true	8	8	8	-1	2
tabletsofruin	onStart	448	0	1	60	Normal	0	1	0	0	100	-1	24576	greninjabond	1	1	1	0	1	0	1	1	60	0	0	1	false	missing	1	brn	magoberry	0	0	1	0	1	suppress:0	undefined	undefined	24576	24576	24576	0	2
tabletsofruin	onStart	449	0	1	60	Bug	1	1	0	10	100	-1	0	pikachu	1	0	0	0	1	0	0	0	100	0	1	0	undefined	missing	0	brn	iapapaberry	1	-1	99	0	1	suppress:0|log:-ability:0:Tablets of Ruin:undefined	undefined	undefined	0	0	0	0	2
tabletsofruin	onStart	450	6	6	60	Bug	1	1	0	20	100	1	2048	pikachu	1	0	0	1	0	0	1	1	60	160	1	0	null	Ability	0	psn	leftovers	0	0	1	0	0	suppress:0|log:-ability:0:Tablets of Ruin:undefined	undefined	true	2048	2048	2048	0	2
tabletsofruin	onStart	451	-1	6	70	Ghost	0	1	1	20	100	1	8192	pikachu	0	0	1	0	0	0	0	2	60	100	1	1	false	Move	1	psn	sitrusberry	2	1	1	1	0	suppress:0	undefined	true	8192	8192	8192	0	2
tabletsofruin	onStart	452	1	1	70	Water	0	0	0	0	100	1	24576	pikachu	0	0	0	1	0	6	1	0	100	0	0	1	undefined	missing	0	brn	iapapaberry	0	0	0	0	1	suppress:0|log:-ability:0:Tablets of Ruin:undefined	undefined	true	24576	24576	24576	6	0
tabletsofruin	onStart	453	0	1	60	Bug	1	1	1	20	20	-1	8	greninjabond	0	1	0	1	1	1	0	1	100	0	0	1	0	Move	1	brn	aguavberry	2	0	99	1	0	suppress:0|log:-ability:0:Tablets of Ruin:undefined	undefined	undefined	8	8	8	1	2
tabletsofruin	onStart	454	0	6	70	Bug	1	0	1	20	0	1	16384	greninjaash	0	1	0	0	0	-1	1	0	60	100	0	0	true	missing	1	brn	aguavberry	0	0	0	0	1	suppress:0|log:-ability:0:Tablets of Ruin:undefined	undefined	true	16384	16384	16384	-1	0
tabletsofruin	onStart	455	0	0	0	Normal	0	1	0	0	0	0	24576	pikachu	1	1	1	1	0	6	1	1	100	160	0	0	null	Ability	1	psn	iapapaberry	1	-1	99	1	0	suppress:0	undefined	false	24576	24576	24576	6	2
tabletsofruin	onStart	456	0	1	70	Dark	0	0	1	10	-1	1	8192	greninjabond	0	1	0	1	0	6	1	0	100	100	1	0	0	Move	1	brn	leftovers	0	-1	1	0	0	suppress:0|log:-ability:0:Tablets of Ruin:undefined	undefined	true	8192	8192	8192	6	0
tabletsofruin	onStart	457	0	1	0	Bug	0	0	0	0	0	-1	16384	greninjaash	0	1	0	0	0	0	1	0	0	0	1	0	null	Ability	1	psn	aguavberry	0	1	-1	0	1	suppress:0|log:-ability:0:Tablets of Ruin:undefined	undefined	undefined	16384	16384	16384	0	0
tabletsofruin	onStart	458	1	0	70	Ghost	1	0	0	0	0	0	16384	greninjaash	1	0	0	1	0	-1	0	2	100	0	0	0	0	Ability	1	brn	leftovers	2	0	1	1	0	suppress:0|log:-ability:0:Tablets of Ruin:undefined	undefined	false	16384	16384	16384	-1	0
tabletsofruin	onStart	459	1	1	70	Bug	0	1	0	100	0	-1	8192	greninjabond	0	0	0	1	1	1	0	1	0	0	0	1	undefined	Move	1	psn	figyberry	0	0	-1	0	1	suppress:0|log:-ability:0:Tablets of Ruin:undefined	undefined	undefined	8192	8192	8192	1	2
tabletsofruin	onStart	460	-1	6	60	Bug	0	1	1	100	100	-1	2048	greninjaash	1	1	0	0	0	6	1	0	60	160	1	0	false	Ability	0	brn	aguavberry	0	-1	99	0	1	suppress:0|log:-ability:0:Tablets of Ruin:undefined	undefined	undefined	2048	2048	2048	6	2
tabletsofruin	onStart	461	6	0	61	Ghost	1	0	1	100	20	0	24576	greninjabond	1	0	1	0	1	-1	1	1	100	0	1	1	0	missing	0	psn	sitrusberry	0	0	99	0	0	suppress:0	undefined	false	24576	24576	24576	-1	0
tabletsofruin	onStart	462	1	6	70	Dark	1	0	1	20	100	-1	8192	greninjaash	0	0	0	0	0	0	1	2	0	160	0	0	false	Ability	0	psn	magoberry	0	1	99	1	1	suppress:0|log:-ability:0:Tablets of Ruin:undefined	undefined	undefined	8192	8192	8192	0	0
tabletsofruin	onStart	463	1	0	60	Bug	1	1	1	20	20	1	24576	greninjabond	0	0	0	0	1	1	1	1	60	100	0	1	0	Move	1	psn	wikiberry	2	-1	99	0	1	suppress:0|log:-ability:0:Tablets of Ruin:undefined	undefined	true	24576	24576	24576	1	2
tabletsofruin	onStart	464	1	6	61	Dark	1	1	0	20	0	0	8	pikachu	1	0	0	1	0	-1	1	1	100	160	0	1	null	Ability	0	brn	aguavberry	2	0	0	0	0	suppress:0|log:-ability:0:Tablets of Ruin:undefined	undefined	false	8	8	8	-1	2
tabletsofruin	onStart	465	-1	1	61	Dark	0	1	0	0	20	1	8	pikachu	1	0	0	1	0	0	0	2	100	100	1	1	undefined	Ability	0	psn	aguavberry	2	0	1	0	1	suppress:0|log:-ability:0:Tablets of Ruin:undefined	undefined	true	8	8	8	0	2
tabletsofruin	onStart	466	1	0	60	Water	1	0	1	20	-1	1	24576	greninjabond	0	0	1	1	1	1	0	0	100	160	0	0	0	Move	0	psn	figyberry	2	0	1	0	1	suppress:0	undefined	true	24576	24576	24576	1	0
tabletsofruin	onStart	467	0	6	70	Bug	0	1	1	100	0	-1	24576	greninjabond	0	0	1	1	0	6	0	0	60	160	0	0	null	missing	1	brn	magoberry	0	-1	99	0	0	suppress:0	undefined	undefined	24576	24576	24576	6	2
tabletsofruin	onStart	468	1	6	70	Normal	1	1	0	20	100	0	0	greninjaash	0	0	1	0	0	6	1	1	100	0	1	1	null	Ability	0	brn	magoberry	2	1	-1	1	0	suppress:0	undefined	false	0	0	0	6	2
tabletsofruin	onStart	469	0	1	61	Dark	0	1	0	10	-1	1	0	greninjaash	1	1	1	0	0	1	0	2	100	0	1	1	undefined	Ability	1	psn	wikiberry	1	1	1	0	0	suppress:0	undefined	true	0	0	0	1	2
tabletsofruin	onStart	470	-1	0	61	Normal	1	1	1	20	20	1	0	pikachu	0	0	0	0	1	0	0	2	60	0	1	0	null	missing	0	brn	wikiberry	0	-1	1	0	0	suppress:0|log:-ability:0:Tablets of Ruin:undefined	undefined	true	0	0	0	0	2
tabletsofruin	onStart	471	6	6	60	Fire	1	0	1	10	-1	0	8	pikachu	0	0	1	0	0	0	0	1	100	0	1	0	null	Ability	0	psn	iapapaberry	2	1	-1	0	1	suppress:0	undefined	false	8	8	8	0	0
tabletsofruin	onStart	472	1	0	40	Dark	0	1	1	100	20	0	16384	greninjabond	1	0	1	0	0	1	0	2	100	0	0	0	0	Ability	0	brn	wikiberry	0	-1	-1	0	1	suppress:0	undefined	false	16384	16384	16384	1	2
tabletsofruin	onStart	473	-1	6	60	Fire	1	0	0	100	0	0	0	greninjabond	1	1	0	1	0	0	0	0	0	0	1	1	false	missing	1	brn	leftovers	2	-1	-1	1	1	suppress:0|log:-ability:0:Tablets of Ruin:undefined	undefined	false	0	0	0	0	0
tabletsofruin	onStart	474	0	6	61	Dark	0	1	1	0	20	-1	16384	pikachu	0	1	1	1	0	0	1	1	60	160	0	0	null	Move	0	brn	magoberry	2	1	1	1	1	suppress:0	undefined	undefined	16384	16384	16384	0	2
tabletsofruin	onStart	475	-1	6	61	Ghost	1	1	1	0	-1	0	24576	greninjabond	1	0	0	0	0	-1	0	1	0	0	1	0	true	missing	1	brn	sitrusberry	2	1	1	1	0	suppress:0|log:-ability:0:Tablets of Ruin:undefined	undefined	false	24576	24576	24576	-1	2
tabletsofruin	onStart	476	-1	1	70	Water	0	0	0	10	100	0	2048	pikachu	0	0	0	1	1	1	1	2	60	100	0	0	undefined	Move	1	brn	leftovers	1	1	0	1	0	suppress:0|log:-ability:0:Tablets of Ruin:undefined	undefined	false	2048	2048	2048	1	0
tabletsofruin	onStart	477	1	6	70	Water	1	0	0	100	-1	0	24576	greninjaash	0	0	1	1	0	-1	0	0	0	0	1	0	0	Move	0	brn	leftovers	2	0	1	0	0	suppress:0	undefined	false	24576	24576	24576	-1	0
tabletsofruin	onStart	478	0	1	60	Ghost	1	1	0	20	-1	0	2048	greninjaash	0	1	1	1	0	1	1	0	0	0	1	1	undefined	Move	1	psn	figyberry	0	1	-1	1	0	suppress:0	undefined	false	2048	2048	2048	1	2
tabletsofruin	onStart	479	-1	0	60	Fire	1	0	0	0	0	-1	16384	greninjaash	0	0	0	1	0	0	0	1	60	0	0	0	undefined	Move	0	brn	magoberry	0	1	-1	1	0	suppress:0|log:-ability:0:Tablets of Ruin:undefined	undefined	undefined	16384	16384	16384	0	0
tabletsofruin	onStart	480	1	1	40	Ghost	1	0	1	0	0	1	16384	greninjabond	0	1	0	1	0	6	0	1	100	160	1	1	0	missing	0	brn	sitrusberry	2	1	99	0	1	suppress:0|log:-ability:0:Tablets of Ruin:undefined	undefined	true	16384	16384	16384	6	0
tabletsofruin	onStart	481	-1	0	70	Water	0	1	0	100	-1	1	8192	greninjaash	0	0	1	1	1	0	1	2	100	100	0	0	0	Move	0	psn	wikiberry	0	-1	0	1	1	suppress:0	undefined	true	8192	8192	8192	0	2
tabletsofruin	onStart	482	-1	6	61	Normal	0	1	1	20	100	-1	0	greninjaash	0	1	1	1	1	6	0	1	100	100	1	0	undefined	Ability	1	psn	aguavberry	2	0	1	0	0	suppress:0	undefined	undefined	0	0	0	6	2
tabletsofruin	onStart	483	1	1	61	Fire	1	1	0	0	20	-1	8192	greninjabond	1	0	1	1	1	1	0	0	0	0	0	1	0	missing	1	psn	magoberry	1	-1	-1	0	1	suppress:0	undefined	undefined	8192	8192	8192	1	2
tabletsofruin	onStart	484	6	1	60	Bug	1	0	1	0	0	0	8	greninjabond	1	1	0	0	1	1	0	1	0	0	1	1	0	missing	1	brn	wikiberry	2	-1	1	1	1	suppress:0|log:-ability:0:Tablets of Ruin:undefined	undefined	false	8	8	8	1	0
tabletsofruin	onStart	485	-1	6	60	Dark	1	1	0	0	-1	-1	0	greninjabond	1	1	1	1	0	1	1	2	0	0	1	0	null	Move	1	brn	iapapaberry	1	-1	0	1	1	suppress:0	undefined	undefined	0	0	0	1	2
tabletsofruin	onStart	486	1	1	40	Water	1	0	0	100	-1	1	8192	greninjaash	0	1	1	1	1	1	0	0	100	100	1	1	0	Ability	0	brn	figyberry	2	1	1	0	1	suppress:0	undefined	true	8192	8192	8192	1	0
tabletsofruin	onStart	487	-1	0	70	Bug	1	0	1	20	100	1	16384	greninjabond	1	0	0	1	1	-1	0	0	60	100	1	1	0	Ability	0	brn	aguavberry	0	-1	0	0	1	suppress:0|log:-ability:0:Tablets of Ruin:undefined	undefined	true	16384	16384	16384	-1	0
tabletsofruin	onStart	488	1	1	0	Ghost	0	0	0	10	20	-1	0	pikachu	1	1	0	0	0	0	0	0	100	100	0	0	true	missing	1	brn	aguavberry	1	0	1	1	1	suppress:0|log:-ability:0:Tablets of Ruin:undefined	undefined	undefined	0	0	0	0	0
tabletsofruin	onStart	489	6	0	60	Normal	0	0	1	20	100	-1	16384	greninjabond	1	1	1	0	1	0	0	2	100	0	0	0	true	Ability	1	psn	wikiberry	1	0	99	1	1	suppress:0	undefined	undefined	16384	16384	16384	0	0
tabletsofruin	onStart	490	6	6	0	Dark	0	0	0	0	-1	0	8192	greninjaash	0	0	0	1	0	1	0	2	100	0	1	0	undefined	Ability	0	brn	wikiberry	2	-1	1	1	1	suppress:0|log:-ability:0:Tablets of Ruin:undefined	undefined	false	8192	8192	8192	1	0
tabletsofruin	onStart	491	0	0	70	Fire	1	1	1	10	20	1	8	greninjabond	1	0	1	1	0	6	1	2	0	0	1	1	undefined	missing	0	psn	aguavberry	1	1	99	0	0	suppress:0	undefined	true	8	8	8	6	2
tabletsofruin	onStart	492	0	6	40	Bug	0	1	0	100	0	-1	8	greninjabond	0	1	1	1	1	0	0	2	0	0	1	0	null	Move	1	brn	magoberry	1	1	99	1	1	suppress:0	undefined	undefined	8	8	8	0	2
tabletsofruin	onStart	493	1	0	61	Ghost	0	0	0	20	0	-1	8	greninjabond	1	0	1	0	1	0	0	2	0	100	1	1	undefined	Move	1	psn	figyberry	0	-1	0	1	1	suppress:0	undefined	undefined	8	8	8	0	0
tabletsofruin	onStart	494	6	1	61	Dark	0	0	0	100	0	0	16384	greninjaash	1	1	1	1	0	6	0	2	0	0	1	1	undefined	Move	1	psn	aguavberry	2	-1	-1	0	1	suppress:0	undefined	false	16384	16384	16384	6	0
tabletsofruin	onStart	495	0	6	70	Water	0	0	0	10	-1	0	0	pikachu	1	0	1	0	0	6	0	2	100	100	0	1	true	Move	0	psn	iapapaberry	0	1	0	0	0	suppress:0	undefined	false	0	0	0	6	0
tabletsofruin	onStart	496	1	6	61	Fire	0	1	1	20	0	0	24576	greninjabond	0	0	1	1	1	6	1	2	0	160	0	1	0	Move	1	brn	figyberry	2	-1	0	1	0	suppress:0	undefined	false	24576	24576	24576	6	2
tabletsofruin	onStart	497	6	1	61	Fire	1	1	1	20	-1	-1	8192	greninjaash	1	0	1	0	1	0	1	2	60	0	0	1	0	missing	1	brn	wikiberry	2	-1	-1	0	1	suppress:0	undefined	undefined	8192	8192	8192	0	2
tabletsofruin	onStart	498	1	0	70	Water	0	0	0	20	20	0	2048	pikachu	0	0	0	1	1	0	1	0	100	0	1	0	true	Move	0	psn	magoberry	1	1	1	1	1	suppress:0|log:-ability:0:Tablets of Ruin:undefined	undefined	false	2048	2048	2048	0	0
tabletsofruin	onStart	499	-1	6	40	Normal	1	1	0	10	100	0	0	greninjaash	0	0	0	0	0	-1	1	0	0	160	0	0	undefined	Move	0	psn	figyberry	1	0	0	1	1	suppress:0|log:-ability:0:Tablets of Ruin:undefined	undefined	false	0	0	0	-1	2
tabletsofruin	onStart	500	6	0	70	Normal	0	0	0	20	0	0	8	greninjaash	1	0	0	0	1	0	0	0	100	0	0	1	0	missing	0	brn	figyberry	1	-1	-1	1	0	suppress:0|log:-ability:0:Tablets of Ruin:undefined	undefined	false	8	8	8	0	0
tabletsofruin	onStart	501	6	6	0	Normal	1	1	0	100	0	1	24576	greninjaash	0	1	1	0	1	6	1	2	0	100	0	1	null	Move	0	brn	aguavberry	0	-1	0	1	1	suppress:0	undefined	true	24576	24576	24576	6	2
tabletsofruin	onStart	502	-1	6	61	Fire	0	1	0	100	100	1	8192	pikachu	1	0	0	1	0	6	1	1	100	0	0	1	0	Move	1	brn	aguavberry	1	0	1	1	0	suppress:0|log:-ability:0:Tablets of Ruin:undefined	undefined	true	8192	8192	8192	6	2
tabletsofruin	onStart	503	1	6	60	Fire	0	0	1	100	0	-1	2048	greninjabond	1	0	0	0	0	1	0	2	0	160	0	0	undefined	Ability	0	psn	iapapaberry	2	-1	1	1	1	suppress:0|log:-ability:0:Tablets of Ruin:undefined	undefined	undefined	2048	2048	2048	1	0
tabletsofruin	onStart	504	6	6	70	Fire	1	1	1	100	100	-1	8192	pikachu	1	1	0	0	1	-1	1	2	60	160	1	0	null	Move	1	brn	aguavberry	2	0	-1	1	0	suppress:0|log:-ability:0:Tablets of Ruin:undefined	undefined	undefined	8192	8192	8192	-1	2
tabletsofruin	onStart	505	6	1	60	Ghost	0	0	1	10	20	-1	24576	greninjaash	0	1	1	1	0	0	0	2	100	100	0	1	true	missing	0	brn	aguavberry	2	0	1	0	1	suppress:0	undefined	undefined	24576	24576	24576	0	0
tabletsofruin	onStart	506	0	0	70	Normal	0	0	0	0	100	1	0	pikachu	0	1	0	1	1	6	0	0	0	100	1	0	0	missing	1	brn	sitrusberry	1	1	1	0	0	suppress:0|log:-ability:0:Tablets of Ruin:undefined	undefined	true	0	0	0	6	0
tabletsofruin	onStart	507	1	6	70	Normal	0	1	1	20	0	1	2048	pikachu	0	0	1	0	1	0	1	1	0	0	0	1	true	Ability	0	brn	magoberry	1	0	-1	0	0	suppress:0	undefined	true	2048	2048	2048	0	2
tabletsofruin	onStart	508	0	1	0	Bug	1	0	1	10	0	0	2048	pikachu	0	0	0	1	1	-1	1	2	0	160	1	0	true	Move	0	psn	iapapaberry	1	-1	0	1	0	suppress:0|log:-ability:0:Tablets of Ruin:undefined	undefined	false	2048	2048	2048	-1	0
tabletsofruin	onStart	509	0	1	61	Normal	0	0	1	10	0	1	0	greninjabond	1	0	0	0	1	0	0	1	60	100	0	0	true	Move	1	brn	wikiberry	0	1	-1	0	1	suppress:0|log:-ability:0:Tablets of Ruin:undefined	undefined	true	0	0	0	0	0
tabletsofruin	onStart	510	1	1	70	Water	0	1	1	100	20	1	8192	greninjabond	1	0	0	1	1	-1	0	2	60	0	0	1	true	Ability	0	psn	iapapaberry	2	-1	-1	0	0	suppress:0|log:-ability:0:Tablets of Ruin:undefined	undefined	true	8192	8192	8192	-1	2
tabletsofruin	onStart	511	1	1	0	Ghost	0	0	1	20	100	0	2048	greninjabond	0	0	1	1	1	0	1	1	100	160	1	0	undefined	Ability	1	brn	wikiberry	2	0	99	0	0	suppress:0	undefined	false	2048	2048	2048	0	0
tabletsofruin	onStart	512	6	1	61	Dark	0	0	0	0	-1	1	24576	greninjaash	0	1	0	1	1	1	1	0	100	100	0	1	false	missing	0	brn	aguavberry	2	-1	99	1	1	suppress:0|log:-ability:0:Tablets of Ruin:undefined	undefined	true	24576	24576	24576	1	0
tabletsofruin	onStart	513	1	1	60	Water	0	1	1	10	0	-1	2048	greninjaash	1	0	1	1	0	0	1	2	0	0	0	1	false	missing	1	psn	iapapaberry	0	-1	99	0	1	suppress:0	undefined	undefined	2048	2048	2048	0	2
tabletsofruin	onStart	514	0	6	40	Ghost	1	1	0	20	0	-1	24576	greninjabond	1	1	1	1	0	1	0	1	60	160	0	0	null	Ability	0	psn	iapapaberry	0	1	1	1	0	suppress:0	undefined	undefined	24576	24576	24576	1	2
tabletsofruin	onStart	515	0	6	61	Fire	0	1	1	100	0	1	2048	greninjaash	0	0	0	1	0	1	1	2	100	100	1	1	false	Move	0	brn	leftovers	0	1	1	0	1	suppress:0|log:-ability:0:Tablets of Ruin:undefined	undefined	true	2048	2048	2048	1	2
tabletsofruin	onStart	516	6	0	60	Ghost	0	1	0	0	0	0	2048	greninjabond	0	1	1	0	1	-1	1	0	100	160	0	1	null	missing	0	psn	magoberry	1	0	1	0	0	suppress:0	undefined	false	2048	2048	2048	-1	2
tabletsofruin	onStart	517	6	1	0	Fire	0	0	1	20	0	-1	8192	greninjabond	0	1	0	1	0	6	0	1	60	160	0	0	null	Move	0	psn	aguavberry	0	-1	-1	0	1	suppress:0|log:-ability:0:Tablets of Ruin:undefined	undefined	undefined	8192	8192	8192	6	0
tabletsofruin	onStart	518	6	0	61	Fire	0	0	1	100	-1	0	16384	greninjaash	1	1	0	1	0	-1	0	2	60	100	0	1	undefined	Ability	1	brn	magoberry	2	1	1	1	1	suppress:0|log:-ability:0:Tablets of Ruin:undefined	undefined	false	16384	16384	16384	-1	0
tabletsofruin	onStart	519	6	6	61	Ghost	1	0	0	0	-1	1	8	greninjaash	0	0	0	0	0	-1	1	1	100	0	0	1	false	Ability	1	brn	figyberry	1	-1	99	0	1	suppress:0|log:-ability:0:Tablets of Ruin:undefined	undefined	true	8	8	8	-1	0
tabletsofruin	onStart	520	6	0	60	Ghost	1	0	1	10	100	0	16384	pikachu	0	0	1	0	1	6	0	2	0	0	0	0	0	missing	0	brn	sitrusberry	0	0	1	1	1	suppress:0	undefined	false	16384	16384	16384	6	0
tabletsofruin	onStart	521	1	0	61	Ghost	1	1	1	10	20	1	24576	greninjaash	1	1	1	0	0	0	1	2	60	160	1	0	false	Ability	0	psn	aguavberry	0	-1	0	1	1	suppress:0	undefined	true	24576	24576	24576	0	2
tabletsofruin	onStart	522	-1	1	60	Normal	1	1	1	0	-1	1	16384	pikachu	1	1	1	1	1	-1	1	0	0	160	0	0	null	missing	0	brn	sitrusberry	0	0	1	0	1	suppress:0	undefined	true	16384	16384	16384	-1	2
tabletsofruin	onStart	523	-1	0	70	Dark	0	1	0	100	-1	-1	2048	greninjaash	1	0	1	1	0	6	1	0	0	100	0	0	0	Ability	0	psn	iapapaberry	1	1	0	1	0	suppress:0	undefined	undefined	2048	2048	2048	6	2
tabletsofruin	onStart	524	0	6	40	Dark	1	1	1	100	-1	-1	2048	pikachu	1	0	0	1	0	-1	1	2	0	0	0	1	true	missing	0	psn	aguavberry	2	-1	99	0	1	suppress:0|log:-ability:0:Tablets of Ruin:undefined	undefined	undefined	2048	2048	2048	-1	2
tabletsofruin	onStart	525	-1	1	0	Fire	1	1	1	0	100	-1	2048	pikachu	0	0	0	1	0	0	1	2	100	0	0	1	undefined	Move	1	psn	figyberry	2	1	99	0	1	suppress:0|log:-ability:0:Tablets of Ruin:undefined	undefined	undefined	2048	2048	2048	0	2
tabletsofruin	onStart	526	-1	0	70	Bug	0	0	1	100	-1	-1	8192	greninjabond	1	1	1	1	1	0	1	0	100	100	1	1	0	missing	1	psn	wikiberry	0	0	-1	0	0	suppress:0	undefined	undefined	8192	8192	8192	0	0
tabletsofruin	onStart	527	-1	6	60	Normal	1	0	1	100	0	1	8192	pikachu	0	0	1	0	0	6	1	1	60	160	1	1	undefined	Ability	1	psn	iapapaberry	2	-1	-1	1	0	suppress:0	undefined	true	8192	8192	8192	6	0
tabletsofruin	onStart	528	6	6	61	Ghost	0	1	1	20	-1	-1	16384	greninjaash	1	0	0	1	1	0	0	1	0	0	1	0	true	Ability	0	brn	wikiberry	1	1	0	1	0	suppress:0|log:-ability:0:Tablets of Ruin:undefined	undefined	undefined	16384	16384	16384	0	2
tabletsofruin	onStart	529	1	1	70	Dark	0	0	0	0	0	-1	0	greninjaash	0	0	0	0	1	0	0	1	100	0	1	0	true	Move	1	brn	leftovers	0	-1	99	1	1	suppress:0|log:-ability:0:Tablets of Ruin:undefined	undefined	undefined	0	0	0	0	0
tabletsofruin	onStart	530	6	0	0	Ghost	1	0	1	20	100	1	0	pikachu	1	0	1	1	0	6	0	1	100	100	0	0	undefined	missing	1	psn	wikiberry	2	0	1	1	1	suppress:0	undefined	true	0	0	0	6	0
tabletsofruin	onStart	531	1	0	60	Bug	1	0	1	0	20	0	2048	pikachu	1	1	1	0	1	-1	1	1	100	0	1	0	false	missing	1	psn	magoberry	0	1	-1	0	1	suppress:0	undefined	false	2048	2048	2048	-1	0
tabletsofruin	onStart	532	-1	6	60	Fire	0	0	1	100	-1	0	2048	pikachu	0	0	1	0	0	6	0	0	0	100	1	0	null	missing	1	psn	leftovers	1	1	-1	0	1	suppress:0	undefined	false	2048	2048	2048	6	0
tabletsofruin	onStart	533	1	1	61	Water	0	0	1	10	100	1	8	greninjaash	1	1	0	0	0	6	0	0	60	100	0	1	true	Ability	1	brn	leftovers	0	0	99	1	1	suppress:0|log:-ability:0:Tablets of Ruin:undefined	undefined	true	8	8	8	6	0
tabletsofruin	onStart	534	0	0	0	Dark	1	0	0	100	0	-1	24576	greninjaash	0	0	1	1	0	1	0	1	0	100	1	1	0	missing	0	brn	leftovers	2	-1	1	1	0	suppress:0	undefined	undefined	24576	24576	24576	1	0
tabletsofruin	onStart	535	-1	0	70	Bug	1	0	0	10	100	-1	8192	pikachu	1	0	1	1	1	1	1	0	0	160	0	0	true	missing	1	psn	figyberry	0	0	-1	0	1	suppress:0	undefined	undefined	8192	8192	8192	1	0
tabletsofruin	onStart	536	6	1	40	Ghost	1	0	0	0	100	-1	2048	pikachu	0	1	0	0	1	1	0	0	0	160	0	1	0	Move	0	brn	sitrusberry	1	-1	-1	0	0	suppress:0|log:-ability:0:Tablets of Ruin:undefined	undefined	undefined	2048	2048	2048	1	0
tabletsofruin	onStart	537	0	6	0	Normal	0	1	0	0	-1	-1	8192	pikachu	1	1	0	0	1	0	1	2	60	0	1	1	undefined	Move	1	psn	wikiberry	0	-1	-1	1	1	suppress:0|log:-ability:0:Tablets of Ruin:undefined	undefined	undefined	8192	8192	8192	0	2
tabletsofruin	onStart	538	1	1	0	Normal	1	0	1	0	0	-1	24576	greninjabond	1	0	0	1	1	0	0	0	0	0	1	1	true	Ability	0	brn	iapapaberry	2	-1	99	1	0	suppress:0|log:-ability:0:Tablets of Ruin:undefined	undefined	undefined	24576	24576	24576	0	0
tabletsofruin	onStart	539	0	1	61	Bug	1	0	0	0	100	-1	24576	greninjaash	1	1	0	1	0	0	0	2	60	0	0	1	0	Move	1	brn	leftovers	1	1	1	1	0	suppress:0|log:-ability:0:Tablets of Ruin:undefined	undefined	undefined	24576	24576	24576	0	0
tabletsofruin	onStart	540	1	6	61	Ghost	0	0	0	20	-1	-1	8192	pikachu	1	1	1	1	0	6	0	0	60	0	0	1	true	Ability	1	psn	iapapaberry	0	-1	0	0	0	suppress:0	undefined	undefined	8192	8192	8192	6	0
tabletsofruin	onStart	541	-1	1	40	Normal	0	1	1	100	100	1	8192	greninjabond	0	0	0	0	1	0	1	1	100	0	1	1	undefined	missing	0	brn	magoberry	2	1	1	1	1	suppress:0|log:-ability:0:Tablets of Ruin:undefined	undefined	true	8192	8192	8192	0	2
tabletsofruin	onStart	542	1	1	40	Water	1	1	0	100	100	1	2048	greninjabond	0	0	1	1	1	1	0	2	100	160	1	1	undefined	Ability	1	psn	aguavberry	1	-1	-1	1	1	suppress:0	undefined	true	2048	2048	2048	1	2
tabletsofruin	onStart	543	0	1	60	Fire	0	0	1	0	-1	0	24576	greninjaash	1	0	0	1	0	0	1	1	100	160	1	1	true	missing	1	psn	sitrusberry	1	1	0	0	0	suppress:0|log:-ability:0:Tablets of Ruin:undefined	undefined	false	24576	24576	24576	0	0
tabletsofruin	onStart	544	6	0	0	Ghost	1	0	1	10	20	-1	16384	greninjaash	1	1	1	1	0	-1	1	0	100	0	0	0	0	Move	1	brn	magoberry	0	-1	99	0	0	suppress:0	undefined	undefined	16384	16384	16384	-1	0
tabletsofruin	onStart	545	0	1	40	Water	1	0	0	100	100	1	8	greninjaash	1	0	0	1	1	0	0	1	60	100	1	1	undefined	Ability	0	psn	iapapaberry	0	-1	1	0	1	suppress:0|log:-ability:0:Tablets of Ruin:undefined	undefined	true	8	8	8	0	0
tabletsofruin	onStart	546	0	6	40	Dark	1	1	0	100	-1	-1	2048	greninjabond	1	1	0	0	1	-1	1	2	60	160	1	1	true	Ability	1	psn	iapapaberry	1	-1	99	0	1	suppress:0|log:-ability:0:Tablets of Ruin:undefined	undefined	undefined	2048	2048	2048	-1	2
tabletsofruin	onStart	547	-1	1	70	Normal	1	0	1	10	100	0	24576	greninjabond	1	1	1	1	1	1	0	0	60	100	0	1	null	Move	1	brn	iapapaberry	0	0	0	1	1	suppress:0	undefined	false	24576	24576	24576	1	0
tabletsofruin	onStart	548	-1	0	70	Fire	1	1	1	10	-1	1	8192	greninjaash	0	1	0	0	0	1	0	1	0	160	0	0	null	Move	1	psn	aguavberry	1	1	1	0	0	suppress:0|log:-ability:0:Tablets of Ruin:undefined	undefined	true	8192	8192	8192	1	2
tabletsofruin	onStart	549	0	6	0	Ghost	1	0	0	10	20	0	2048	greninjabond	0	1	1	1	1	6	0	1	0	100	1	0	null	missing	1	psn	aguavberry	1	0	1	1	1	suppress:0	undefined	false	2048	2048	2048	6	0
tabletsofruin	onStart	550	6	1	0	Ghost	1	1	0	100	20	-1	8	pikachu	0	1	0	1	1	6	1	0	100	0	0	1	0	Ability	1	brn	aguavberry	0	-1	1	0	1	suppress:0|log:-ability:0:Tablets of Ruin:undefined	undefined	undefined	8	8	8	6	2
tabletsofruin	onStart	551	1	1	70	Dark	0	0	0	100	0	0	24576	greninjabond	1	0	1	0	0	-1	1	1	60	160	1	1	0	missing	0	brn	magoberry	0	1	0	1	1	suppress:0	undefined	false	24576	24576	24576	-1	0
tabletsofruin	onStart	552	-1	6	60	Ghost	0	1	1	20	0	1	8	greninjabond	0	0	0	0	0	1	1	2	0	0	1	1	undefined	Move	1	brn	aguavberry	2	-1	1	0	1	suppress:0|log:-ability:0:Tablets of Ruin:undefined	undefined	true	8	8	8	1	2
tabletsofruin	onStart	553	0	6	40	Dark	0	1	0	100	-1	0	16384	pikachu	0	1	0	1	0	0	1	2	0	0	1	0	null	Move	1	brn	figyberry	2	1	99	0	0	suppress:0|log:-ability:0:Tablets of Ruin:undefined	undefined	false	16384	16384	16384	0	2
tabletsofruin	onStart	554	0	0	60	Bug	1	1	0	10	20	1	8	greninjaash	0	1	0	0	0	6	0	1	100	100	1	1	0	missing	1	psn	wikiberry	2	-1	99	1	1	suppress:0|log:-ability:0:Tablets of Ruin:undefined	undefined	true	8	8	8	6	2
tabletsofruin	onStart	555	6	6	70	Fire	0	0	1	10	0	-1	8192	greninjaash	0	1	0	0	1	6	0	1	100	160	1	0	false	missing	1	psn	wikiberry	1	1	99	0	0	suppress:0|log:-ability:0:Tablets of Ruin:undefined	undefined	undefined	8192	8192	8192	6	0
tabletsofruin	onStart	556	1	6	70	Fire	0	1	1	0	-1	-1	24576	greninjabond	0	0	1	1	0	1	1	0	60	100	1	1	null	missing	0	psn	iapapaberry	0	1	99	1	1	suppress:0	undefined	undefined	24576	24576	24576	1	2
tabletsofruin	onStart	557	6	6	70	Bug	0	1	0	20	20	-1	24576	greninjaash	1	0	1	1	1	0	1	1	100	0	1	0	0	missing	0	psn	iapapaberry	2	-1	0	0	1	suppress:0	undefined	undefined	24576	24576	24576	0	2
tabletsofruin	onStart	558	0	1	60	Bug	1	0	1	100	-1	1	8192	greninjaash	0	1	0	1	0	6	0	1	100	100	0	1	undefined	Move	0	brn	aguavberry	1	1	-1	1	0	suppress:0|log:-ability:0:Tablets of Ruin:undefined	undefined	true	8192	8192	8192	6	0
tabletsofruin	onStart	559	1	0	40	Bug	0	0	0	10	100	1	0	pikachu	1	0	0	0	1	6	0	2	100	100	0	0	null	missing	0	brn	aguavberry	1	0	1	0	0	suppress:0|log:-ability:0:Tablets of Ruin:undefined	undefined	true	0	0	0	6	0
tabletsofruin	onStart	560	-1	6	60	Dark	1	1	0	100	20	1	8	pikachu	0	1	0	1	0	6	1	0	60	100	0	0	true	missing	1	brn	figyberry	1	1	0	0	1	suppress:0|log:-ability:0:Tablets of Ruin:undefined	undefined	true	8	8	8	6	2
tabletsofruin	onStart	561	-1	1	0	Dark	0	0	0	20	20	-1	8192	pikachu	1	0	0	0	0	1	1	0	60	160	1	0	false	Ability	0	brn	figyberry	2	1	0	0	0	suppress:0|log:-ability:0:Tablets of Ruin:undefined	undefined	undefined	8192	8192	8192	1	0
tabletsofruin	onStart	562	-1	0	0	Fire	0	1	0	100	100	1	8	greninjabond	0	0	0	0	1	0	1	1	60	100	0	1	0	Ability	0	brn	iapapaberry	0	0	99	0	0	suppress:0|log:-ability:0:Tablets of Ruin:undefined	undefined	true	8	8	8	0	2
tabletsofruin	onStart	563	0	1	70	Dark	0	0	0	20	-1	-1	8	pikachu	0	1	1	0	0	-1	0	2	0	160	0	0	null	missing	1	psn	leftovers	2	-1	1	1	1	suppress:0	undefined	undefined	8	8	8	-1	0
tabletsofruin	onStart	564	-1	6	0	Fire	1	0	0	100	20	0	16384	pikachu	1	0	1	0	1	0	1	1	0	160	0	0	undefined	Move	0	psn	iapapaberry	0	0	-1	1	1	suppress:0	undefined	false	16384	16384	16384	0	0
tabletsofruin	onStart	565	0	1	70	Water	0	0	0	0	20	0	16384	greninjabond	0	1	1	0	0	6	1	0	60	160	1	1	false	Ability	1	brn	leftovers	2	-1	0	0	1	suppress:0	undefined	false	16384	16384	16384	6	0
tabletsofruin	onStart	566	1	6	70	Fire	1	0	1	100	0	0	2048	greninjaash	0	1	0	1	1	-1	0	1	60	160	0	1	0	Move	1	psn	iapapaberry	1	0	1	0	0	suppress:0|log:-ability:0:Tablets of Ruin:undefined	undefined	false	2048	2048	2048	-1	0
tabletsofruin	onStart	567	6	0	60	Water	1	0	1	0	-1	1	16384	greninjabond	0	0	1	1	0	1	0	1	0	100	1	0	true	missing	0	psn	figyberry	1	-1	99	0	1	suppress:0	undefined	true	16384	16384	16384	1	0
tabletsofruin	onStart	568	-1	6	70	Ghost	0	0	1	0	0	1	8	greninjabond	1	1	1	0	0	0	0	1	100	0	0	1	undefined	Ability	0	psn	sitrusberry	0	1	-1	0	0	suppress:0	undefined	true	8	8	8	0	0
tabletsofruin	onStart	569	-1	6	70	Normal	1	1	0	20	0	0	16384	greninjaash	0	1	1	0	0	1	0	2	60	160	0	0	false	Ability	1	psn	wikiberry	1	0	1	0	0	suppress:0	undefined	false	16384	16384	16384	1	2
tabletsofruin	onStart	570	6	1	0	Normal	0	0	1	10	-1	-1	2048	greninjabond	0	0	1	0	0	-1	1	2	100	160	0	1	0	Move	1	psn	figyberry	0	1	99	1	0	suppress:0	undefined	undefined	2048	2048	2048	-1	0
tabletsofruin	onStart	571	-1	6	40	Normal	0	0	1	20	-1	0	8	pikachu	0	1	1	1	1	0	0	0	60	0	1	1	undefined	Move	0	psn	iapapaberry	1	1	-1	1	0	suppress:0	undefined	false	8	8	8	0	0
tabletsofruin	onStart	572	6	0	61	Fire	0	1	1	20	20	0	16384	greninjaash	0	1	0	1	1	0	1	2	100	0	0	1	undefined	Move	0	psn	sitrusberry	0	0	0	1	0	suppress:0|log:-ability:0:Tablets of Ruin:undefined	undefined	false	16384	16384	16384	0	2
tabletsofruin	onStart	573	1	0	61	Fire	1	1	0	10	-1	-1	8	greninjabond	0	0	1	0	0	0	0	1	60	160	1	1	undefined	Ability	0	psn	figyberry	2	1	0	0	1	suppress:0	undefined	undefined	8	8	8	0	2
tabletsofruin	onStart	574	6	1	61	Normal	1	1	1	100	0	1	8192	greninjabond	1	0	0	1	0	-1	1	1	60	0	1	1	undefined	Move	1	brn	aguavberry	2	-1	-1	1	1	suppress:0|log:-ability:0:Tablets of Ruin:undefined	undefined	true	8192	8192	8192	-1	2
tabletsofruin	onStart	575	-1	6	61	Normal	1	0	0	20	0	0	0	pikachu	0	0	1	0	0	0	0	0	60	100	0	1	true	missing	0	psn	magoberry	1	-1	99	1	0	suppress:0	undefined	false	0	0	0	0	0
tabletsofruin	onStart	576	-1	0	70	Dark	1	0	1	10	20	-1	2048	pikachu	0	0	0	1	0	1	0	1	0	0	1	0	true	Ability	0	psn	magoberry	2	1	99	1	0	suppress:0|log:-ability:0:Tablets of Ruin:undefined	undefined	undefined	2048	2048	2048	1	0
tabletsofruin	onStart	577	-1	0	0	Fire	0	0	1	20	20	-1	8	greninjaash	0	1	1	1	0	1	1	1	0	100	0	1	false	Ability	1	psn	iapapaberry	0	0	-1	1	0	suppress:0	undefined	undefined	8	8	8	1	0
tabletsofruin	onStart	578	1	0	60	Fire	0	0	1	100	20	0	24576	pikachu	0	1	1	0	1	1	0	0	0	100	0	1	false	missing	1	brn	aguavberry	1	0	99	1	1	suppress:0	undefined	false	24576	24576	24576	1	0
tabletsofruin	onStart	579	6	0	61	Bug	1	0	0	100	20	0	2048	pikachu	1	1	0	1	1	1	1	1	60	0	0	0	undefined	Move	0	brn	figyberry	1	0	99	0	1	suppress:0|log:-ability:0:Tablets of Ruin:undefined	undefined	false	2048	2048	2048	1	0
tabletsofruin	onStart	580	0	0	0	Fire	1	1	1	10	20	-1	0	pikachu	1	1	1	0	1	-1	0	2	60	0	1	0	0	Ability	1	psn	magoberry	2	0	1	1	0	suppress:0	undefined	undefined	0	0	0	-1	2
tabletsofruin	onStart	581	-1	6	40	Dark	0	0	0	100	-1	-1	16384	greninjaash	1	0	1	0	0	6	1	2	100	160	1	0	true	Ability	0	psn	aguavberry	1	-1	-1	0	1	suppress:0	undefined	undefined	16384	16384	16384	6	0
tabletsofruin	onStart	582	-1	6	61	Ghost	0	1	0	100	100	-1	24576	pikachu	1	0	1	1	1	0	0	0	0	160	1	1	undefined	missing	0	psn	leftovers	1	1	1	1	0	suppress:0	undefined	undefined	24576	24576	24576	0	2
tabletsofruin	onStart	583	-1	0	60	Fire	1	0	1	10	100	1	16384	greninjaash	0	0	0	0	1	-1	0	2	100	160	1	1	undefined	missing	0	brn	sitrusberry	0	1	-1	0	1	suppress:0|log:-ability:0:Tablets of Ruin:undefined	undefined	true	16384	16384	16384	-1	0
tabletsofruin	onStart	584	-1	6	61	Water	1	1	0	20	0	0	0	greninjabond	1	0	1	0	1	-1	0	0	0	160	0	1	true	Move	0	psn	magoberry	2	0	99	1	1	suppress:0	undefined	false	0	0	0	-1	2
tabletsofruin	onStart	585	-1	6	70	Fire	1	1	1	10	100	0	8192	greninjabond	1	0	1	1	1	1	0	1	60	0	0	1	false	missing	0	brn	leftovers	0	1	0	1	0	suppress:0	undefined	false	8192	8192	8192	1	2
tabletsofruin	onStart	586	0	1	0	Bug	0	1	1	10	100	1	8192	pikachu	0	1	1	0	1	0	1	1	100	100	1	1	undefined	missing	0	psn	iapapaberry	2	-1	99	0	1	suppress:0	undefined	true	8192	8192	8192	0	2
tabletsofruin	onStart	587	0	1	0	Fire	1	0	1	0	100	0	16384	pikachu	1	1	1	0	0	6	1	2	0	100	1	0	undefined	missing	0	brn	wikiberry	0	0	0	1	0	suppress:0	undefined	false	16384	16384	16384	6	0
tabletsofruin	onStart	588	6	6	61	Dark	1	0	0	0	20	-1	8192	greninjaash	0	0	1	1	1	-1	0	0	100	0	0	1	null	missing	1	psn	leftovers	2	0	-1	1	0	suppress:0	undefined	undefined	8192	8192	8192	-1	0
tabletsofruin	onStart	589	1	6	70	Bug	0	1	0	0	-1	0	2048	greninjaash	0	1	0	1	0	0	0	0	0	100	0	0	true	Ability	1	brn	figyberry	2	-1	-1	1	1	suppress:0|log:-ability:0:Tablets of Ruin:undefined	undefined	false	2048	2048	2048	0	2
tabletsofruin	onStart	590	0	6	60	Normal	0	1	0	100	20	0	0	greninjaash	1	1	1	1	1	1	0	1	60	0	1	1	false	missing	1	brn	aguavberry	1	0	-1	0	0	suppress:0	undefined	false	0	0	0	1	2
tabletsofruin	onStart	591	0	1	40	Fire	0	0	0	100	-1	0	16384	pikachu	1	1	1	1	0	6	0	0	60	160	1	0	true	Move	0	brn	iapapaberry	1	-1	-1	1	0	suppress:0	undefined	false	16384	16384	16384	6	0
tabletsofruin	onStart	592	0	0	61	Normal	0	0	1	100	100	1	2048	greninjabond	0	1	1	0	1	0	0	0	100	100	1	0	0	Move	1	psn	figyberry	0	-1	1	1	1	suppress:0	undefined	true	2048	2048	2048	0	0
tabletsofruin	onStart	593	6	1	40	Normal	1	0	1	10	-1	-1	0	greninjaash	0	1	1	0	1	1	1	1	100	100	0	0	0	Move	1	brn	aguavberry	2	-1	99	1	0	suppress:0	undefined	undefined	0	0	0	1	0
tabletsofruin	onStart	594	0	6	61	Ghost	0	1	0	100	0	-1	2048	greninjaash	1	1	0	0	0	6	1	0	0	0	1	1	true	Ability	1	brn	iapapaberry	0	1	99	1	0	suppress:0|log:-ability:0:Tablets of Ruin:undefined	undefined	undefined	2048	2048	2048	6	2
tabletsofruin	onStart	595	-1	6	70	Ghost	1	0	0	0	100	-1	2048	greninjaash	1	1	0	0	1	-1	1	1	60	160	1	1	undefined	Move	0	psn	leftovers	1	-1	-1	1	1	suppress:0|log:-ability:0:Tablets of Ruin:undefined	undefined	undefined	2048	2048	2048	-1	0
tabletsofruin	onStart	596	0	6	60	Ghost	0	0	1	100	20	1	8192	greninjaash	1	1	0	1	1	-1	0	2	0	100	0	0	null	missing	1	psn	magoberry	1	0	0	0	1	suppress:0|log:-ability:0:Tablets of Ruin:undefined	undefined	true	8192	8192	8192	-1	0
tabletsofruin	onStart	597	-1	6	60	Normal	1	0	1	20	0	0	8192	pikachu	0	0	0	1	1	6	1	1	100	0	0	0	undefined	missing	0	brn	iapapaberry	2	1	99	1	1	suppress:0|log:-ability:0:Tablets of Ruin:undefined	undefined	false	8192	8192	8192	6	0
tabletsofruin	onStart	598	6	0	0	Ghost	0	0	0	100	-1	1	8192	greninjabond	1	1	1	1	0	1	1	2	60	0	0	1	null	Ability	1	psn	sitrusberry	2	-1	99	1	1	suppress:0	undefined	true	8192	8192	8192	1	0
tabletsofruin	onStart	599	1	6	40	Water	0	1	0	20	0	0	16384	greninjabond	1	1	0	1	1	1	1	1	100	0	0	1	null	missing	1	brn	sitrusberry	2	-1	0	1	0	suppress:0|log:-ability:0:Tablets of Ruin:undefined	undefined	false	16384	16384	16384	1	2
tabletsofruin	onStart	600	0	1	70	Normal	1	0	0	0	-1	0	24576	greninjaash	0	1	0	1	1	6	1	2	100	0	1	1	undefined	Ability	1	psn	wikiberry	1	0	0	1	0	suppress:0|log:-ability:0:Tablets of Ruin:undefined	undefined	false	24576	24576	24576	6	0
tabletsofruin	onStart	601	6	1	70	Normal	0	1	1	0	100	0	24576	greninjaash	0	0	1	0	1	1	1	2	60	160	0	0	null	Move	0	psn	figyberry	0	0	0	0	0	suppress:0	undefined	false	24576	24576	24576	1	2
tabletsofruin	onStart	602	-1	6	61	Water	1	0	0	10	-1	1	8192	greninjaash	1	0	0	0	1	1	0	1	0	100	1	1	false	missing	1	psn	wikiberry	0	0	99	0	0	suppress:0|log:-ability:0:Tablets of Ruin:undefined	undefined	true	8192	8192	8192	1	0
tabletsofruin	onStart	603	6	6	61	Normal	0	0	0	10	0	1	2048	pikachu	0	1	1	1	1	0	1	0	100	0	0	1	0	Move	0	psn	figyberry	0	-1	99	0	1	suppress:0	undefined	true	2048	2048	2048	0	0
tabletsofruin	onStart	604	6	6	60	Fire	1	1	1	20	20	1	24576	greninjaash	1	1	1	0	0	6	0	1	60	100	1	1	false	Move	0	psn	sitrusberry	2	-1	1	0	1	suppress:0	undefined	true	24576	24576	24576	6	2
tabletsofruin	onStart	605	0	6	70	Fire	0	1	1	0	0	-1	2048	pikachu	1	1	0	0	1	0	1	2	100	0	0	1	null	Move	1	psn	figyberry	2	-1	99	1	1	suppress:0|log:-ability:0:Tablets of Ruin:undefined	undefined	undefined	2048	2048	2048	0	2
tabletsofruin	onStart	606	-1	6	70	Bug	0	0	1	100	0	1	24576	greninjaash	1	0	0	0	1	6	0	0	60	160	0	0	null	Ability	0	brn	sitrusberry	0	1	0	0	1	suppress:0|log:-ability:0:Tablets of Ruin:undefined	undefined	true	24576	24576	24576	6	0
tabletsofruin	onStart	607	6	0	61	Bug	0	1	1	10	100	0	8192	greninjabond	1	1	1	0	1	1	1	1	100	100	1	1	false	Move	1	psn	sitrusberry	0	1	0	0	1	suppress:0	undefined	false	8192	8192	8192	1	2
tabletsofruin	onStart	608	0	0	0	Water	0	1	0	10	100	-1	8192	pikachu	1	0	1	0	1	-1	1	0	0	100	0	0	true	Ability	1	psn	aguavberry	0	1	-1	1	0	suppress:0	undefined	undefined	8192	8192	8192	-1	2
tabletsofruin	onStart	609	6	1	70	Dark	1	0	1	0	0	1	16384	pikachu	1	1	0	0	0	1	0	2	0	100	1	1	undefined	Move	1	brn	sitrusberry	0	0	1	0	0	suppress:0|log:-ability:0:Tablets of Ruin:undefined	undefined	true	16384	16384	16384	1	0
tabletsofruin	onStart	610	6	0	40	Ghost	1	0	0	100	20	1	8	greninjabond	1	0	0	0	0	-1	1	2	100	0	0	1	0	Ability	0	brn	sitrusberry	2	0	99	1	1	suppress:0|log:-ability:0:Tablets of Ruin:undefined	undefined	true	8	8	8	-1	0
tabletsofruin	onStart	611	0	6	40	Water	0	0	1	10	-1	1	16384	greninjaash	0	1	0	0	0	6	1	2	60	160	1	0	false	Ability	0	brn	wikiberry	0	0	0	1	0	suppress:0|log:-ability:0:Tablets of Ruin:undefined	undefined	true	16384	16384	16384	6	0
tabletsofruin	onStart	612	1	1	60	Fire	0	1	0	10	100	-1	16384	greninjaash	0	0	1	1	0	6	1	0	60	0	0	0	false	missing	0	psn	iapapaberry	2	0	99	0	0	suppress:0	undefined	undefined	16384	16384	16384	6	2
tabletsofruin	onStart	613	6	0	40	Bug	0	0	1	10	0	1	8192	greninjaash	0	0	0	0	1	6	0	0	60	0	0	1	false	missing	0	psn	wikiberry	1	-1	1	0	0	suppress:0|log:-ability:0:Tablets of Ruin:undefined	undefined	true	8192	8192	8192	6	0
tabletsofruin	onStart	614	0	0	61	Ghost	0	1	1	0	0	-1	0	greninjaash	1	0	0	0	0	6	1	0	60	160	0	0	undefined	Ability	1	psn	wikiberry	2	1	99	1	0	suppress:0|log:-ability:0:Tablets of Ruin:undefined	undefined	undefined	0	0	0	6	2
tabletsofruin	onStart	615	6	6	60	Fire	0	1	0	100	20	0	24576	greninjaash	0	1	1	0	0	0	1	2	0	0	0	0	null	Ability	1	psn	iapapaberry	0	1	1	1	0	suppress:0	undefined	false	24576	24576	24576	0	2
tabletsofruin	onStart	616	0	1	61	Bug	1	1	1	20	-1	1	24576	greninjaash	0	0	1	1	1	1	1	1	100	0	1	1	false	Move	0	psn	figyberry	1	0	99	0	0	suppress:0	undefined	true	24576	24576	24576	1	2
tabletsofruin	onStart	617	1	6	40	Fire	1	1	0	100	20	1	8192	greninjabond	0	0	0	1	0	1	1	2	60	0	1	1	true	Move	0	brn	aguavberry	2	0	-1	0	0	suppress:0|log:-ability:0:Tablets of Ruin:undefined	undefined	true	8192	8192	8192	1	2
tabletsofruin	onStart	618	1	1	61	Bug	1	1	1	10	0	-1	0	pikachu	1	1	1	0	1	6	1	1	0	0	0	1	false	missing	1	psn	sitrusberry	1	1	99	0	0	suppress:0	undefined	undefined	0	0	0	6	2
tabletsofruin	onStart	619	-1	1	40	Normal	0	0	0	20	-1	0	2048	greninjaash	0	1	0	0	1	-1	0	2	100	0	0	0	undefined	Move	1	brn	sitrusberry	1	1	-1	1	1	suppress:0|log:-ability:0:Tablets of Ruin:undefined	undefined	false	2048	2048	2048	-1	0
tabletsofruin	onStart	620	-1	6	40	Fire	1	0	1	0	100	0	0	greninjabond	1	0	0	0	0	1	1	0	0	100	0	1	true	Move	0	psn	figyberry	2	0	-1	0	0	suppress:0|log:-ability:0:Tablets of Ruin:undefined	undefined	false	0	0	0	1	0
tabletsofruin	onStart	621	0	6	40	Normal	1	1	1	100	100	-1	0	pikachu	0	1	0	1	0	1	1	0	0	0	0	0	0	Ability	0	brn	wikiberry	0	1	1	0	0	suppress:0|log:-ability:0:Tablets of Ruin:undefined	undefined	undefined	0	0	0	1	2
tabletsofruin	onStart	622	1	0	61	Normal	1	1	1	0	100	-1	8	pikachu	0	0	0	0	1	-1	1	1	0	100	0	0	0	Move	0	brn	figyberry	2	1	0	1	0	suppress:0|log:-ability:0:Tablets of Ruin:undefined	undefined	undefined	8	8	8	-1	2
tabletsofruin	onStart	623	-1	1	60	Dark	1	1	1	20	0	0	8	greninjaash	0	1	0	1	1	-1	1	2	0	100	1	0	0	Move	1	brn	aguavberry	1	1	1	1	1	suppress:0|log:-ability:0:Tablets of Ruin:undefined	undefined	false	8	8	8	-1	2
tabletsofruin	onStart	624	0	6	61	Bug	1	0	0	100	100	1	0	pikachu	1	1	0	0	0	-1	0	0	60	0	1	0	false	Move	0	psn	magoberry	1	-1	1	0	1	suppress:0|log:-ability:0:Tablets of Ruin:undefined	undefined	true	0	0	0	-1	0
tabletsofruin	onStart	625	1	0	60	Water	0	0	0	100	0	-1	16384	pikachu	0	1	0	1	0	1	0	0	60	0	1	0	false	Ability	0	psn	magoberry	2	1	0	1	0	suppress:0|log:-ability:0:Tablets of Ruin:undefined	undefined	undefined	16384	16384	16384	1	0
tabletsofruin	onStart	626	0	6	60	Dark	1	1	1	100	-1	-1	8	pikachu	1	1	1	0	0	1	0	1	60	0	0	1	undefined	missing	1	brn	wikiberry	0	-1	99	0	0	suppress:0	undefined	undefined	8	8	8	1	2
tabletsofruin	onStart	627	6	1	60	Fire	0	0	1	20	20	1	8192	greninjaash	1	1	1	1	1	0	0	1	60	0	1	1	undefined	Ability	1	brn	aguavberry	2	1	1	0	0	suppress:0	undefined	true	8192	8192	8192	0	0
tabletsofruin	onStart	628	1	1	61	Dark	1	1	1	100	100	0	2048	greninjaash	0	1	1	1	0	1	1	1	60	0	1	0	0	Move	1	psn	sitrusberry	0	1	0	0	1	suppress:0	undefined	false	2048	2048	2048	1	2
tabletsofruin	onStart	629	1	6	70	Dark	0	0	1	0	100	1	2048	pikachu	1	0	0	1	0	-1	0	1	100	100	1	0	null	Move	1	psn	magoberry	1	0	1	0	0	suppress:0|log:-ability:0:Tablets of Ruin:undefined	undefined	true	2048	2048	2048	-1	0
tabletsofruin	onStart	630	6	6	0	Bug	1	0	1	0	20	0	2048	greninjabond	0	1	1	0	1	-1	0	1	0	160	1	0	null	Ability	0	psn	sitrusberry	0	0	99	0	1	suppress:0	undefined	false	2048	2048	2048	-1	0
tabletsofruin	onStart	631	0	1	60	Bug	1	1	0	0	100	1	8	greninjabond	0	1	1	1	1	6	1	0	60	0	1	1	0	Move	1	brn	figyberry	0	0	99	0	0	suppress:0	undefined	true	8	8	8	6	2
tabletsofruin	onStart	632	1	6	0	Bug	0	0	0	0	20	1	0	greninjaash	0	0	1	1	0	0	0	0	100	0	0	1	true	Move	0	psn	leftovers	1	-1	0	0	1	suppress:0	undefined	true	0	0	0	0	0
tabletsofruin	onStart	633	1	1	70	Normal	1	1	0	20	-1	-1	16384	pikachu	1	0	0	0	1	1	1	2	100	160	1	0	true	Move	1	psn	iapapaberry	0	0	99	1	0	suppress:0|log:-ability:0:Tablets of Ruin:undefined	undefined	undefined	16384	16384	16384	1	2
tabletsofruin	onStart	634	-1	0	61	Fire	1	1	1	10	20	-1	24576	pikachu	1	0	1	0	0	-1	1	1	60	160	0	1	true	Move	0	psn	aguavberry	2	1	99	1	1	suppress:0	undefined	undefined	24576	24576	24576	-1	2
tabletsofruin	onStart	635	0	1	0	Ghost	1	0	0	100	100	0	8192	pikachu	1	1	0	1	0	1	0	2	0	100	1	0	true	missing	1	psn	figyberry	0	0	0	1	1	suppress:0|log:-ability:0:Tablets of Ruin:undefined	undefined	false	8192	8192	8192	1	0
tabletsofruin	onStart	636	-1	1	70	Dark	0	1	0	20	100	-1	24576	pikachu	1	1	1	0	0	0	0	0	0	100	0	1	true	Ability	1	brn	figyberry	0	1	1	0	1	suppress:0	undefined	undefined	24576	24576	24576	0	2
tabletsofruin	onStart	637	-1	0	0	Dark	1	1	0	20	100	1	8	greninjaash	0	1	1	1	0	1	1	1	100	160	1	1	undefined	missing	0	psn	aguavberry	2	0	0	1	0	suppress:0	undefined	true	8	8	8	1	2
tabletsofruin	onStart	638	0	1	60	Dark	1	0	0	0	-1	0	16384	greninjabond	0	1	1	0	0	0	1	2	0	100	1	0	true	Move	1	brn	figyberry	2	-1	0	1	1	suppress:0	undefined	false	16384	16384	16384	0	0
tabletsofruin	onStart	639	0	6	0	Normal	1	1	0	100	20	-1	24576	pikachu	1	1	0	0	0	1	0	0	60	0	0	1	0	Ability	0	psn	figyberry	0	1	-1	1	1	suppress:0|log:-ability:0:Tablets of Ruin:undefined	undefined	undefined	24576	24576	24576	1	2
tabletsofruin	onStart	640	1	0	0	Normal	1	1	1	10	0	-1	2048	pikachu	1	0	1	0	0	6	0	2	60	160	1	0	true	Move	1	psn	figyberry	1	0	-1	0	0	suppress:0	undefined	undefined	2048	2048	2048	6	2
tabletsofruin	onStart	641	0	6	70	Ghost	1	0	0	20	100	0	8	pikachu	0	1	0	0	1	1	0	0	60	100	1	0	0	missing	0	brn	iapapaberry	2	0	-1	1	0	suppress:0|log:-ability:0:Tablets of Ruin:undefined	undefined	false	8	8	8	1	0
tabletsofruin	onStart	642	-1	6	70	Water	0	0	1	100	100	0	2048	pikachu	0	0	0	0	1	6	1	1	60	0	1	1	null	Move	1	brn	figyberry	2	0	99	0	1	suppress:0|log:-ability:0:Tablets of Ruin:undefined	undefined	false	2048	2048	2048	6	0
tabletsofruin	onStart	643	-1	6	70	Water	1	0	0	0	100	-1	8192	greninjabond	1	1	1	0	1	6	0	0	60	100	0	0	0	Ability	1	psn	magoberry	1	-1	99	1	0	suppress:0	undefined	undefined	8192	8192	8192	6	0
tabletsofruin	onStart	644	1	1	60	Water	1	0	1	10	100	0	24576	greninjabond	1	0	0	1	0	0	0	2	0	100	1	0	true	Ability	1	brn	iapapaberry	2	-1	99	1	1	suppress:0|log:-ability:0:Tablets of Ruin:undefined	undefined	false	24576	24576	24576	0	0
tabletsofruin	onStart	645	1	0	70	Normal	1	1	0	100	100	-1	0	greninjabond	1	0	1	0	1	-1	1	0	60	160	1	1	undefined	missing	1	brn	magoberry	2	1	0	1	0	suppress:0	undefined	undefined	0	0	0	-1	2
tabletsofruin	onStart	646	1	1	40	Water	1	1	0	0	0	-1	24576	pikachu	0	0	1	0	1	0	1	2	0	160	1	0	false	Move	0	psn	sitrusberry	2	-1	99	0	0	suppress:0	undefined	undefined	24576	24576	24576	0	2
tabletsofruin	onStart	647	1	6	60	Normal	0	1	1	10	0	-1	0	greninjabond	1	1	1	1	1	0	0	2	0	0	1	0	0	Ability	0	psn	magoberry	0	1	-1	1	0	suppress:0	undefined	undefined	0	0	0	0	2
tabletsofruin	onStart	648	1	1	60	Bug	0	1	0	20	20	1	8	greninjaash	1	1	0	1	0	-1	1	2	60	160	1	1	undefined	Ability	1	psn	wikiberry	2	0	99	0	0	suppress:0|log:-ability:0:Tablets of Ruin:undefined	undefined	true	8	8	8	-1	2
tabletsofruin	onStart	649	0	0	0	Water	0	0	0	20	-1	1	2048	greninjaash	0	0	0	1	1	1	0	0	0	100	0	1	false	missing	1	brn	magoberry	1	-1	1	0	0	suppress:0|log:-ability:0:Tablets of Ruin:undefined	undefined	true	2048	2048	2048	1	0
tabletsofruin	onStart	650	6	6	61	Fire	0	0	0	10	0	1	24576	pikachu	0	0	0	0	0	0	0	1	100	100	1	1	true	missing	1	psn	wikiberry	1	-1	99	1	0	suppress:0|log:-ability:0:Tablets of Ruin:undefined	undefined	true	24576	24576	24576	0	0
tabletsofruin	onStart	651	6	6	70	Bug	1	0	1	0	0	0	24576	greninjabond	0	1	0	0	1	-1	0	2	0	160	1	1	false	missing	1	brn	figyberry	2	0	1	0	1	suppress:0|log:-ability:0:Tablets of Ruin:undefined	undefined	false	24576	24576	24576	-1	0
tabletsofruin	onStart	652	-1	1	70	Water	0	0	0	0	0	-1	8192	greninjabond	0	1	1	0	1	0	0	2	0	0	1	0	0	Ability	1	brn	magoberry	2	-1	-1	1	0	suppress:0	undefined	undefined	8192	8192	8192	0	0
tabletsofruin	onStart	653	6	6	70	Normal	0	0	0	10	20	1	8192	greninjabond	1	1	1	0	1	1	0	2	0	160	1	0	null	Ability	0	brn	leftovers	0	-1	-1	1	0	suppress:0	undefined	true	8192	8192	8192	1	0
tabletsofruin	onStart	654	6	6	70	Ghost	1	1	0	0	0	-1	0	greninjaash	0	0	0	0	0	1	0	1	100	100	0	0	undefined	missing	0	brn	leftovers	0	-1	0	1	1	suppress:0|log:-ability:0:Tablets of Ruin:undefined	undefined	undefined	0	0	0	1	2
tabletsofruin	onStart	655	6	1	40	Ghost	0	1	0	0	100	1	2048	greninjaash	1	1	0	1	1	-1	0	1	0	100	0	0	null	Move	0	brn	leftovers	1	-1	0	0	1	suppress:0|log:-ability:0:Tablets of Ruin:undefined	undefined	true	2048	2048	2048	-1	2
tabletsofruin	onStart	656	1	0	70	Water	1	0	0	100	0	1	24576	greninjaash	0	1	1	0	0	1	1	2	100	0	0	1	true	Ability	1	psn	figyberry	2	-1	1	0	1	suppress:0	undefined	true	24576	24576	24576	1	0
tabletsofruin	onStart	657	0	6	70	Water	1	1	1	10	100	1	24576	pikachu	1	1	1	1	0	1	1	1	100	160	0	1	undefined	Ability	0	psn	figyberry	1	0	-1	0	0	suppress:0	undefined	true	24576	24576	24576	1	2
tabletsofruin	onStart	658	1	6	70	Normal	0	1	0	100	20	-1	8192	pikachu	0	1	0	0	1	-1	1	2	60	0	1	1	undefined	missing	0	brn	aguavberry	0	0	99	0	0	suppress:0|log:-ability:0:Tablets of Ruin:undefined	undefined	undefined	8192	8192	8192	-1	2
tabletsofruin	onStart	659	0	0	40	Ghost	0	1	0	10	-1	-1	8192	greninjabond	0	0	0	1	0	0	0	0	100	160	0	1	null	Ability	0	brn	sitrusberry	0	-1	0	1	0	suppress:0|log:-ability:0:Tablets of Ruin:undefined	undefined	undefined	8192	8192	8192	0	2
tabletsofruin	onStart	660	6	1	70	Water	1	1	0	0	0	0	8	greninjabond	1	1	0	1	1	-1	1	1	0	0	0	1	0	Move	0	brn	iapapaberry	1	-1	0	1	0	suppress:0|log:-ability:0:Tablets of Ruin:undefined	undefined	false	8	8	8	-1	2
tabletsofruin	onStart	661	0	0	61	Ghost	1	1	0	20	20	-1	2048	greninjabond	0	0	1	1	1	-1	1	0	100	0	1	0	undefined	Ability	0	psn	aguavberry	1	0	-1	0	0	suppress:0	undefined	undefined	2048	2048	2048	-1	2
tabletsofruin	onStart	662	-1	1	70	Bug	0	1	1	0	100	0	16384	greninjabond	1	1	0	0	1	6	1	1	60	160	0	0	undefined	Move	1	psn	iapapaberry	1	0	99	0	1	suppress:0|log:-ability:0:Tablets of Ruin:undefined	undefined	false	16384	16384	16384	6	2
tabletsofruin	onStart	663	6	6	61	Ghost	0	1	1	20	20	0	2048	pikachu	0	1	0	0	0	6	0	1	100	100	1	1	null	Move	0	brn	sitrusberry	0	0	0	1	0	suppress:0|log:-ability:0:Tablets of Ruin:undefined	undefined	false	2048	2048	2048	6	2
tabletsofruin	onStart	664	1	6	70	Water	0	1	1	10	20	1	24576	pikachu	1	0	1	1	0	6	1	1	100	100	1	0	null	Move	1	psn	iapapaberry	2	0	0	1	1	suppress:0	undefined	true	24576	24576	24576	6	2
tabletsofruin	onStart	665	-1	6	60	Fire	1	0	1	10	0	1	16384	greninjaash	0	0	1	1	0	1	0	1	100	0	0	0	undefined	Ability	0	brn	wikiberry	0	1	0	0	0	suppress:0	undefined	true	16384	16384	16384	1	0
tabletsofruin	onStart	666	0	0	0	Ghost	0	1	0	10	100	-1	2048	greninjabond	0	1	1	0	0	1	1	1	100	100	0	0	0	Ability	1	psn	sitrusberry	1	1	-1	0	1	suppress:0	undefined	undefined	2048	2048	2048	1	2
tabletsofruin	onStart	667	-1	1	70	Fire	0	1	1	10	20	1	2048	greninjabond	0	0	1	0	1	1	1	1	0	0	1	0	false	missing	0	psn	magoberry	0	0	99	0	1	suppress:0	undefined	true	2048	2048	2048	1	2
tabletsofruin	onStart	668	0	0	61	Normal	1	1	1	100	0	0	16384	greninjaash	0	0	0	0	1	-1	1	0	100	160	1	0	true	Move	0	brn	iapapaberry	2	0	1	1	1	suppress:0|log:-ability:0:Tablets of Ruin:undefined	undefined	false	16384	16384	16384	-1	2
tabletsofruin	onStart	669	6	1	61	Ghost	1	0	0	0	20	-1	16384	greninjaash	1	1	1	1	0	1	0	0	60	0	0	0	false	Ability	1	psn	magoberry	1	0	99	0	0	suppress:0	undefined	undefined	16384	16384	16384	1	0
tabletsofruin	onStart	670	0	0	70	Fire	0	0	1	0	20	0	24576	pikachu	1	1	0	0	0	6	1	0	0	100	0	0	undefined	Move	0	brn	magoberry	0	0	0	0	0	suppress:0|log:-ability:0:Tablets of Ruin:undefined	undefined	false	24576	24576	24576	6	0
tabletsofruin	onStart	671	-1	6	70	Bug	1	1	0	10	0	0	16384	greninjabond	0	1	1	0	1	1	0	0	60	160	0	0	true	missing	0	brn	wikiberry	1	0	1	1	1	suppress:0	undefined	false	16384	16384	16384	1	2
tabletsofruin	onStart	672	1	0	60	Normal	0	1	0	20	-1	0	8192	greninjabond	0	0	0	0	1	0	0	0	0	100	1	1	undefined	Ability	0	psn	wikiberry	1	0	-1	1	1	suppress:0|log:-ability:0:Tablets of Ruin:undefined	undefined	false	8192	8192	8192	0	2
tabletsofruin	onStart	673	-1	0	0	Fire	0	1	1	0	20	-1	2048	greninjabond	0	1	1	0	0	1	1	0	0	160	0	0	false	missing	1	brn	figyberry	2	1	99	1	0	suppress:0	undefined	undefined	2048	2048	2048	1	2
tabletsofruin	onStart	674	-1	0	70	Normal	0	0	1	0	0	0	8192	greninjabond	0	0	1	1	0	0	0	2	100	0	0	0	null	Move	0	brn	aguavberry	0	1	-1	1	0	suppress:0	undefined	false	8192	8192	8192	0	0
tabletsofruin	onStart	675	6	0	40	Ghost	0	1	0	20	20	-1	2048	pikachu	0	0	0	0	0	6	1	2	100	100	1	0	true	missing	0	psn	aguavberry	2	-1	1	0	0	suppress:0|log:-ability:0:Tablets of Ruin:undefined	undefined	undefined	2048	2048	2048	6	2
tabletsofruin	onStart	676	6	0	0	Normal	0	0	0	20	0	0	0	pikachu	1	0	1	1	1	6	1	1	60	160	1	1	undefined	Ability	0	brn	wikiberry	2	1	99	1	1	suppress:0	undefined	false	0	0	0	6	0
tabletsofruin	onStart	677	-1	0	40	Normal	0	1	1	20	-1	-1	24576	greninjaash	1	0	0	0	0	-1	1	2	60	0	0	1	undefined	Move	0	brn	magoberry	1	1	99	0	0	suppress:0|log:-ability:0:Tablets of Ruin:undefined	undefined	undefined	24576	24576	24576	-1	2
tabletsofruin	onStart	678	1	1	70	Normal	0	0	1	0	-1	-1	16384	greninjaash	1	0	1	0	0	-1	0	1	100	100	1	0	null	missing	0	psn	sitrusberry	0	0	99	1	0	suppress:0	undefined	undefined	16384	16384	16384	-1	0
tabletsofruin	onStart	679	0	1	70	Water	1	1	1	0	100	0	0	greninjaash	0	1	0	1	1	0	0	1	0	100	0	0	0	Ability	1	psn	sitrusberry	0	0	1	0	0	suppress:0|log:-ability:0:Tablets of Ruin:undefined	undefined	false	0	0	0	0	2
tabletsofruin	onStart	680	6	0	0	Normal	1	0	0	100	100	-1	0	pikachu	1	1	1	1	1	6	0	1	0	0	0	0	false	Ability	0	psn	magoberry	0	-1	99	1	0	suppress:0	undefined	undefined	0	0	0	6	0
tabletsofruin	onStart	681	-1	6	70	Bug	1	0	1	0	0	-1	8	pikachu	1	0	1	0	1	1	0	2	0	0	0	1	undefined	Ability	0	psn	magoberry	2	1	-1	1	1	suppress:0	undefined	undefined	8	8	8	1	0
tabletsofruin	onStart	682	-1	0	61	Dark	0	0	1	20	-1	1	16384	pikachu	1	0	1	1	1	-1	1	1	0	0	0	0	true	Move	0	brn	aguavberry	2	0	-1	0	0	suppress:0	undefined	true	16384	16384	16384	-1	0
tabletsofruin	onStart	683	1	0	60	Water	1	1	0	20	100	1	16384	greninjaash	1	0	1	1	0	-1	1	0	100	0	0	1	null	missing	0	brn	magoberry	2	0	-1	1	1	suppress:0	undefined	true	16384	16384	16384	-1	2
tabletsofruin	onStart	684	0	1	60	Water	1	0	0	10	0	1	0	greninjabond	1	1	0	0	1	6	0	1	60	100	0	0	true	Ability	1	brn	magoberry	2	-1	-1	0	0	suppress:0|log:-ability:0:Tablets of Ruin:undefined	undefined	true	0	0	0	6	0
tabletsofruin	onStart	685	1	6	0	Dark	1	0	1	100	-1	0	0	greninjabond	0	1	0	0	0	1	0	0	100	100	0	1	null	missing	1	brn	aguavberry	0	1	1	1	0	suppress:0|log:-ability:0:Tablets of Ruin:undefined	undefined	false	0	0	0	1	0
tabletsofruin	onStart	686	-1	6	61	Fire	0	1	0	0	0	0	2048	pikachu	1	0	1	0	1	-1	1	0	0	160	1	0	null	Ability	1	psn	aguavberry	0	-1	0	0	1	suppress:0	undefined	false	2048	2048	2048	-1	2
tabletsofruin	onStart	687	0	0	40	Dark	1	1	1	20	20	1	8192	greninjaash	0	1	1	1	0	-1	1	0	100	100	1	1	0	Move	1	psn	magoberry	0	-1	99	1	1	suppress:0	undefined	true	8192	8192	8192	-1	2
tabletsofruin	onStart	688	6	6	60	Bug	0	0	1	0	-1	-1	16384	greninjabond	1	0	1	0	1	-1	0	0	60	100	1	1	false	missing	0	psn	wikiberry	1	0	1	1	0	suppress:0	undefined	undefined	16384	16384	16384	-1	0
tabletsofruin	onStart	689	6	0	40	Bug	1	1	1	100	-1	-1	2048	pikachu	0	1	1	1	1	6	0	1	100	100	0	1	true	Ability	1	psn	sitrusberry	2	0	1	1	1	suppress:0	undefined	undefined	2048	2048	2048	6	2
tabletsofruin	onStart	690	6	1	70	Normal	1	0	1	0	20	1	16384	greninjabond	1	1	1	1	0	1	0	0	100	0	1	0	0	missing	1	psn	iapapaberry	1	0	-1	1	1	suppress:0	undefined	true	16384	16384	16384	1	0
tabletsofruin	onStart	691	-1	1	70	Normal	1	1	1	100	0	0	2048	greninjabond	1	0	0	1	1	0	1	2	60	160	1	1	undefined	Ability	0	brn	sitrusberry	0	0	99	0	0	suppress:0|log:-ability:0:Tablets of Ruin:undefined	undefined	false	2048	2048	2048	0	2
tabletsofruin	onStart	692	6	0	40	Water	0	1	1	0	-1	0	8	greninjabond	0	1	0	1	0	1	0	1	0	160	1	1	false	missing	1	brn	sitrusberry	0	1	0	0	0	suppress:0|log:-ability:0:Tablets of Ruin:undefined	undefined	false	8	8	8	1	2
tabletsofruin	onStart	693	-1	1	61	Fire	1	1	1	10	-1	-1	24576	greninjaash	1	0	0	1	1	-1	0	2	60	100	0	0	undefined	Move	0	psn	iapapaberry	2	1	1	1	0	suppress:0|log:-ability:0:Tablets of Ruin:undefined	undefined	undefined	24576	24576	24576	-1	2
tabletsofruin	onStart	694	0	1	61	Normal	0	1	0	0	100	-1	8	greninjaash	1	0	1	0	0	0	1	2	0	160	1	0	0	Move	0	brn	iapapaberry	2	0	99	1	1	suppress:0	undefined	undefined	8	8	8	0	2
tabletsofruin	onStart	695	1	1	61	Ghost	0	1	0	10	0	0	24576	greninjabond	1	1	0	0	1	6	1	1	100	0	0	1	true	missing	1	brn	magoberry	0	0	-1	1	0	suppress:0|log:-ability:0:Tablets of Ruin:undefined	undefined	false	24576	24576	24576	6	2
tabletsofruin	onStart	696	6	1	61	Water	1	1	0	10	100	1	2048	pikachu	0	0	0	1	1	1	1	1	60	100	1	0	true	Ability	1	brn	wikiberry	0	0	0	1	1	suppress:0|log:-ability:0:Tablets of Ruin:undefined	undefined	true	2048	2048	2048	1	2
tabletsofruin	onStart	697	6	1	0	Fire	0	0	1	100	100	0	8192	pikachu	1	0	0	1	1	6	1	2	60	0	1	1	false	Ability	0	brn	magoberry	2	0	99	1	1	suppress:0|log:-ability:0:Tablets of Ruin:undefined	undefined	false	8192	8192	8192	6	0
tabletsofruin	onStart	698	1	6	0	Ghost	1	1	0	20	0	0	8	greninjabond	1	1	0	1	1	0	0	2	100	100	1	0	false	Ability	0	brn	leftovers	2	1	-1	0	1	suppress:0|log:-ability:0:Tablets of Ruin:undefined	undefined	false	8	8	8	0	2
tabletsofruin	onStart	699	6	6	60	Dark	1	1	0	100	0	-1	16384	pikachu	1	0	0	0	0	1	1	1	100	0	0	0	null	Ability	1	brn	iapapaberry	1	0	0	0	1	suppress:0|log:-ability:0:Tablets of Ruin:undefined	undefined	undefined	16384	16384	16384	1	2
tabletsofruin	onStart	700	1	0	60	Normal	1	0	0	100	-1	0	8192	pikachu	1	0	1	0	0	1	0	0	0	100	1	0	null	Ability	1	brn	iapapaberry	2	1	1	0	1	suppress:0	undefined	false	8192	8192	8192	1	0
tabletsofruin	onStart	701	0	0	70	Normal	0	0	1	20	0	-1	2048	greninjabond	1	1	0	1	1	1	1	0	60	160	0	0	true	missing	1	brn	magoberry	2	-1	1	1	0	suppress:0|log:-ability:0:Tablets of Ruin:undefined	undefined	undefined	2048	2048	2048	1	0
tabletsofruin	onStart	702	1	6	60	Ghost	0	0	0	0	100	0	0	pikachu	0	1	1	0	1	0	0	0	100	100	0	0	true	missing	0	psn	sitrusberry	0	0	0	0	0	suppress:0	undefined	false	0	0	0	0	0
tabletsofruin	onStart	703	6	1	61	Dark	0	1	1	100	100	-1	24576	greninjabond	1	1	0	1	1	1	1	2	60	160	1	0	0	missing	1	brn	iapapaberry	0	-1	-1	0	1	suppress:0|log:-ability:0:Tablets of Ruin:undefined	undefined	undefined	24576	24576	24576	1	2
tabletsofruin	onStart	704	6	0	70	Water	0	1	0	20	-1	-1	8	greninjaash	1	1	1	0	1	6	1	2	60	160	0	1	null	missing	1	brn	wikiberry	0	1	-1	0	1	suppress:0	undefined	undefined	8	8	8	6	2
tabletsofruin	onStart	705	6	6	0	Normal	1	1	0	100	-1	1	0	pikachu	1	0	0	0	1	6	0	1	0	160	1	0	false	Move	0	brn	figyberry	0	-1	0	0	1	suppress:0|log:-ability:0:Tablets of Ruin:undefined	undefined	true	0	0	0	6	2
tabletsofruin	onStart	706	0	0	0	Water	1	1	0	0	-1	-1	2048	pikachu	1	0	0	1	0	6	1	1	60	100	1	0	true	Ability	0	psn	magoberry	2	-1	-1	0	0	suppress:0|log:-ability:0:Tablets of Ruin:undefined	undefined	undefined	2048	2048	2048	6	2
tabletsofruin	onStart	707	1	6	40	Ghost	0	1	1	0	-1	-1	8	greninjaash	0	0	1	0	0	6	0	2	60	160	1	1	false	Ability	1	psn	magoberry	0	0	-1	1	0	suppress:0	undefined	undefined	8	8	8	6	2
tabletsofruin	onStart	708	-1	0	40	Water	0	0	0	20	-1	0	8	greninjaash	0	0	0	1	0	0	1	2	100	0	0	1	null	Ability	0	brn	iapapaberry	1	0	99	0	1	suppress:0|log:-ability:0:Tablets of Ruin:undefined	undefined	false	8	8	8	0	0
tabletsofruin	onStart	709	6	6	0	Normal	1	1	1	0	0	-1	8	greninjabond	0	1	0	1	1	-1	0	2	100	160	0	1	false	Move	1	brn	magoberry	2	1	0	1	0	suppress:0|log:-ability:0:Tablets of Ruin:undefined	undefined	undefined	8	8	8	-1	2
tabletsofruin	onStart	710	6	1	0	Normal	1	0	1	0	20	1	2048	greninjabond	0	1	0	0	0	1	1	0	60	160	0	0	0	Move	1	brn	magoberry	1	1	99	0	1	suppress:0|log:-ability:0:Tablets of Ruin:undefined	undefined	true	2048	2048	2048	1	0
tabletsofruin	onStart	711	6	6	70	Bug	0	1	0	20	20	1	8192	pikachu	1	1	1	1	0	0	1	1	0	160	0	0	false	Ability	1	psn	leftovers	1	1	0	1	0	suppress:0	undefined	true	8192	8192	8192	0	2
tabletsofruin	onStart	712	6	0	60	Ghost	0	0	1	100	100	1	8	greninjabond	0	1	0	1	0	0	1	0	0	160	1	0	undefined	missing	1	brn	sitrusberry	0	-1	-1	0	0	suppress:0|log:-ability:0:Tablets of Ruin:undefined	undefined	true	8	8	8	0	0
tabletsofruin	onStart	713	6	1	61	Water	0	0	0	20	20	0	16384	pikachu	0	1	0	0	0	6	1	0	60	160	1	0	null	missing	1	psn	aguavberry	1	0	1	0	1	suppress:0|log:-ability:0:Tablets of Ruin:undefined	undefined	false	16384	16384	16384	6	0
tabletsofruin	onStart	714	-1	0	0	Ghost	1	0	0	20	20	1	2048	greninjabond	1	0	0	1	0	1	0	1	0	100	0	0	null	missing	1	brn	iapapaberry	0	1	-1	1	0	suppress:0|log:-ability:0:Tablets of Ruin:undefined	undefined	true	2048	2048	2048	1	0
tabletsofruin	onStart	715	-1	6	0	Bug	0	1	0	10	20	0	8	greninjaash	0	0	0	1	1	-1	0	0	0	0	0	1	0	missing	1	psn	iapapaberry	1	0	1	0	1	suppress:0|log:-ability:0:Tablets of Ruin:undefined	undefined	false	8	8	8	-1	2
tabletsofruin	onStart	716	1	0	0	Bug	0	1	1	10	-1	1	0	greninjabond	1	1	0	0	0	0	1	0	60	0	1	0	undefined	Move	0	brn	iapapaberry	2	0	0	0	1	suppress:0|log:-ability:0:Tablets of Ruin:undefined	undefined	true	0	0	0	0	2
tabletsofruin	onStart	717	0	6	70	Dark	1	0	1	10	0	1	8192	greninjaash	1	0	1	0	1	1	1	0	60	160	1	1	null	Move	0	psn	iapapaberry	1	1	0	0	0	suppress:0	undefined	true	8192	8192	8192	1	0
tabletsofruin	onStart	718	-1	6	60	Ghost	1	0	1	0	-1	0	8192	greninjabond	0	0	0	0	0	6	1	0	60	160	0	0	null	missing	0	psn	magoberry	0	0	0	1	1	suppress:0|log:-ability:0:Tablets of Ruin:undefined	undefined	false	8192	8192	8192	6	0
tabletsofruin	onStart	719	-1	6	60	Normal	1	1	1	0	0	1	8192	pikachu	0	0	0	0	1	-1	1	0	100	100	0	1	0	Ability	1	psn	aguavberry	1	-1	0	0	1	suppress:0|log:-ability:0:Tablets of Ruin:undefined	undefined	true	8192	8192	8192	-1	2
tabletsofruin	onStart	720	-1	1	60	Ghost	1	1	0	0	20	-1	8	greninjabond	1	0	0	1	0	1	1	0	100	160	0	1	0	Move	0	brn	aguavberry	1	-1	99	0	0	suppress:0|log:-ability:0:Tablets of Ruin:undefined	undefined	undefined	8	8	8	1	2
tabletsofruin	onStart	721	1	6	60	Dark	0	1	0	20	0	1	8	greninjabond	1	0	0	1	0	6	0	2	100	100	1	1	0	missing	0	psn	sitrusberry	2	0	-1	0	1	suppress:0|log:-ability:0:Tablets of Ruin:undefined	undefined	true	8	8	8	6	2
tabletsofruin	onStart	722	-1	0	70	Normal	1	0	1	0	100	-1	8	greninjabond	0	0	1	1	1	-1	0	0	60	0	0	0	undefined	missing	0	psn	figyberry	1	1	-1	0	1	suppress:0	undefined	undefined	8	8	8	-1	0
tabletsofruin	onStart	723	6	0	60	Bug	0	1	1	10	20	-1	24576	pikachu	0	0	1	1	0	0	0	0	0	160	0	0	true	Move	1	brn	magoberry	0	1	0	0	0	suppress:0	undefined	undefined	24576	24576	24576	0	2
tabletsofruin	onStart	724	-1	0	60	Bug	1	1	0	0	-1	-1	16384	greninjabond	0	0	1	0	0	0	1	0	100	160	1	1	false	missing	0	brn	sitrusberry	0	-1	1	1	0	suppress:0	undefined	undefined	16384	16384	16384	0	2
tabletsofruin	onStart	725	6	0	61	Dark	0	1	0	100	100	-1	2048	greninjabond	1	1	1	0	0	-1	0	2	100	160	1	1	true	Move	1	psn	leftovers	0	1	-1	0	0	suppress:0	undefined	undefined	2048	2048	2048	-1	2
tabletsofruin	onStart	726	1	1	61	Water	1	1	1	0	0	0	0	greninjabond	0	0	0	0	1	6	0	2	60	0	1	0	true	Ability	0	brn	iapapaberry	2	0	-1	0	0	suppress:0|log:-ability:0:Tablets of Ruin:undefined	undefined	false	0	0	0	6	2
tabletsofruin	onStart	727	0	0	40	Ghost	1	0	1	100	100	0	8192	pikachu	0	0	1	0	0	6	0	2	0	160	1	0	true	Ability	0	psn	magoberry	1	-1	1	0	1	suppress:0	undefined	false	8192	8192	8192	6	0
tabletsofruin	onStart	728	-1	1	0	Ghost	0	1	1	10	0	-1	0	greninjaash	1	0	1	0	0	-1	0	0	0	160	0	0	false	missing	0	brn	figyberry	0	0	1	0	1	suppress:0	undefined	undefined	0	0	0	-1	2
tabletsofruin	onStart	729	1	1	70	Dark	1	0	0	10	20	-1	0	pikachu	1	1	0	1	0	6	0	1	100	160	1	1	false	Ability	1	brn	leftovers	1	-1	1	1	1	suppress:0|log:-ability:0:Tablets of Ruin:undefined	undefined	undefined	0	0	0	6	0
tabletsofruin	onStart	730	6	0	61	Dark	0	1	1	20	0	0	0	greninjaash	0	1	1	1	0	6	1	1	100	100	0	0	undefined	missing	0	brn	wikiberry	0	1	-1	1	1	suppress:0	undefined	false	0	0	0	6	2
tabletsofruin	onStart	731	1	0	61	Fire	1	1	1	20	100	-1	24576	pikachu	1	0	0	0	0	1	0	0	0	160	1	0	false	Ability	1	brn	wikiberry	0	0	-1	1	0	suppress:0|log:-ability:0:Tablets of Ruin:undefined	undefined	undefined	24576	24576	24576	1	2
tabletsofruin	onStart	732	1	0	70	Normal	0	0	0	100	-1	0	16384	greninjabond	0	0	0	1	1	-1	1	1	100	0	0	0	false	Ability	1	brn	aguavberry	2	0	99	1	0	suppress:0|log:-ability:0:Tablets of Ruin:undefined	undefined	false	16384	16384	16384	-1	0
tabletsofruin	onStart	733	-1	6	61	Normal	1	0	0	10	100	1	24576	greninjabond	0	0	1	1	0	1	0	2	60	100	1	0	null	Ability	0	brn	iapapaberry	0	0	-1	0	0	suppress:0	undefined	true	24576	24576	24576	1	0
tabletsofruin	onStart	734	6	1	61	Dark	1	1	0	0	100	0	0	greninjaash	0	1	1	1	0	-1	1	2	100	100	1	1	null	Move	1	psn	iapapaberry	0	1	1	1	0	suppress:0	undefined	false	0	0	0	-1	2
tabletsofruin	onStart	735	1	1	60	Dark	1	0	0	20	20	0	16384	greninjaash	0	0	0	1	0	6	0	1	0	160	0	0	true	missing	0	brn	wikiberry	1	-1	1	1	0	suppress:0|log:-ability:0:Tablets of Ruin:undefined	undefined	false	16384	16384	16384	6	0
tabletsofruin	onStart	736	-1	6	61	Ghost	1	0	1	20	20	1	0	greninjaash	0	1	0	1	0	0	0	1	0	160	1	1	true	missing	0	brn	aguavberry	2	0	0	0	1	suppress:0|log:-ability:0:Tablets of Ruin:undefined	undefined	true	0	0	0	0	0
tabletsofruin	onStart	737	1	6	40	Water	0	1	0	10	100	0	8192	pikachu	0	0	1	1	1	6	1	2	0	0	0	0	true	Move	0	psn	figyberry	1	1	99	1	1	suppress:0	undefined	false	8192	8192	8192	6	2
tabletsofruin	onStart	738	1	0	61	Normal	0	1	1	0	-1	1	2048	greninjaash	0	1	1	1	1	0	0	2	0	160	1	0	null	Ability	1	psn	wikiberry	1	0	-1	0	0	suppress:0	undefined	true	2048	2048	2048	0	2
tabletsofruin	onStart	739	-1	1	61	Dark	1	1	0	20	0	-1	8	pikachu	1	0	1	1	1	-1	0	1	0	100	0	1	undefined	Ability	1	psn	aguavberry	2	-1	1	0	1	suppress:0	undefined	undefined	8	8	8	-1	2
tabletsofruin	onStart	740	0	6	70	Bug	1	0	1	20	20	-1	8	pikachu	1	1	0	0	1	-1	0	1	60	160	1	1	undefined	Ability	1	brn	figyberry	0	1	-1	1	1	suppress:0|log:-ability:0:Tablets of Ruin:undefined	undefined	undefined	8	8	8	-1	0
tabletsofruin	onStart	741	1	0	60	Ghost	1	1	0	20	100	0	0	greninjaash	1	1	1	1	0	-1	1	2	0	160	1	0	false	missing	1	brn	leftovers	0	1	99	1	1	suppress:0	undefined	false	0	0	0	-1	2
tabletsofruin	onStart	742	-1	1	70	Normal	1	0	0	10	100	-1	8192	pikachu	0	1	1	1	1	-1	0	0	0	160	1	1	undefined	Ability	0	brn	magoberry	1	1	-1	0	1	suppress:0	undefined	undefined	8192	8192	8192	-1	0
tabletsofruin	onStart	743	1	6	70	Bug	1	0	1	0	-1	1	0	pikachu	1	0	0	1	1	1	0	1	100	0	1	1	0	missing	0	brn	leftovers	1	0	99	0	1	suppress:0|log:-ability:0:Tablets of Ruin:undefined	undefined	true	0	0	0	1	0
tabletsofruin	onStart	744	-1	1	0	Fire	0	0	0	100	0	1	16384	greninjaash	1	1	0	0	0	6	0	0	0	0	0	0	0	missing	1	brn	leftovers	1	-1	-1	1	1	suppress:0|log:-ability:0:Tablets of Ruin:undefined	undefined	true	16384	16384	16384	6	0
tabletsofruin	onStart	745	0	0	40	Bug	0	0	1	0	-1	-1	0	greninjaash	1	1	1	0	1	6	0	0	60	0	0	0	true	missing	1	psn	aguavberry	2	-1	0	1	1	suppress:0	undefined	undefined	0	0	0	6	0
tabletsofruin	onStart	746	0	6	70	Fire	0	0	0	20	100	-1	24576	greninjabond	0	0	0	1	0	-1	0	0	100	0	1	0	0	Ability	0	brn	iapapaberry	1	0	-1	1	1	suppress:0|log:-ability:0:Tablets of Ruin:undefined	undefined	undefined	24576	24576	24576	-1	0
tabletsofruin	onStart	747	6	0	60	Fire	1	1	1	100	0	0	8192	greninjabond	1	0	1	1	0	0	1	1	60	0	1	1	false	Move	0	psn	aguavberry	0	1	0	0	0	suppress:0	undefined	false	8192	8192	8192	0	2
tabletsofruin	onStart	748	6	6	60	Normal	0	1	0	10	20	1	8192	pikachu	0	1	1	1	1	6	0	2	60	0	1	0	0	Move	1	brn	figyberry	2	1	0	1	1	suppress:0	undefined	true	8192	8192	8192	6	2
tabletsofruin	onStart	749	-1	6	60	Fire	0	0	0	0	20	-1	8	greninjabond	1	0	1	0	1	6	0	0	0	0	1	1	null	missing	1	psn	figyberry	1	-1	99	1	1	suppress:0	undefined	undefined	8	8	8	6	0
tabletsofruin	onStart	750	0	6	70	Dark	0	0	0	10	20	1	0	pikachu	1	1	1	1	0	0	0	2	0	100	1	1	0	Move	1	psn	leftovers	0	-1	1	0	1	suppress:0	undefined	true	0	0	0	0	0
tabletsofruin	onStart	751	6	0	70	Water	0	0	0	100	100	1	2048	greninjabond	1	0	1	0	0	0	0	2	0	160	0	1	true	Ability	0	psn	wikiberry	2	0	99	0	0	suppress:0	undefined	true	2048	2048	2048	0	0
tabletsofruin	onStart	752	-1	0	0	Ghost	0	1	1	0	20	0	8	greninjaash	0	0	1	1	1	0	1	1	60	0	0	1	true	Ability	1	brn	aguavberry	2	1	99	1	0	suppress:0	undefined	false	8	8	8	0	2
tabletsofruin	onStart	753	0	0	40	Fire	1	1	1	0	100	0	24576	pikachu	1	0	1	0	1	6	1	0	100	100	0	1	true	Ability	1	brn	aguavberry	1	-1	1	0	1	suppress:0	undefined	false	24576	24576	24576	6	2
tabletsofruin	onStart	754	-1	1	60	Normal	0	0	0	0	0	1	0	pikachu	0	0	0	1	1	6	1	0	0	0	1	0	0	Move	0	psn	wikiberry	2	1	-1	1	1	suppress:0|log:-ability:0:Tablets of Ruin:undefined	undefined	true	0	0	0	6	0
tabletsofruin	onStart	755	1	6	40	Water	1	1	0	100	-1	0	0	greninjaash	0	0	0	0	0	1	1	1	100	100	0	0	undefined	Move	0	psn	wikiberry	2	1	99	1	1	suppress:0|log:-ability:0:Tablets of Ruin:undefined	undefined	false	0	0	0	1	2
tabletsofruin	onStart	756	0	6	60	Bug	0	0	0	0	20	0	24576	greninjabond	1	0	0	0	1	6	0	2	60	0	0	1	false	Ability	0	brn	magoberry	2	0	1	1	0	suppress:0|log:-ability:0:Tablets of Ruin:undefined	undefined	false	24576	24576	24576	6	0
tabletsofruin	onStart	757	0	0	40	Bug	1	1	0	10	20	-1	24576	pikachu	0	1	1	0	1	0	1	1	100	0	0	1	false	missing	0	brn	sitrusberry	2	1	99	1	1	suppress:0	undefined	undefined	24576	24576	24576	0	2
tabletsofruin	onStart	758	1	1	40	Fire	0	1	0	10	-1	0	8192	greninjabond	1	0	0	1	0	0	1	0	100	0	0	1	0	Move	1	brn	wikiberry	1	0	-1	1	0	suppress:0|log:-ability:0:Tablets of Ruin:undefined	undefined	false	8192	8192	8192	0	2
tabletsofruin	onStart	759	-1	1	70	Dark	0	0	1	10	20	0	16384	pikachu	1	0	0	0	0	-1	0	1	100	100	0	0	undefined	missing	0	psn	leftovers	2	0	-1	1	1	suppress:0|log:-ability:0:Tablets of Ruin:undefined	undefined	false	16384	16384	16384	-1	0
tabletsofruin	onStart	760	0	6	70	Fire	1	1	1	10	-1	-1	8192	greninjabond	1	1	0	0	1	1	1	1	0	100	1	0	true	missing	1	brn	aguavberry	0	0	1	1	0	suppress:0|log:-ability:0:Tablets of Ruin:undefined	undefined	undefined	8192	8192	8192	1	2
tabletsofruin	onStart	761	0	0	40	Ghost	0	0	1	100	0	0	8192	pikachu	0	1	1	1	0	6	0	0	0	100	0	1	undefined	missing	0	brn	leftovers	0	1	-1	0	1	suppress:0	undefined	false	8192	8192	8192	6	0
tabletsofruin	onStart	762	6	6	40	Water	0	0	0	20	-1	1	2048	greninjaash	0	1	0	1	1	0	0	1	100	100	1	0	false	Ability	1	brn	aguavberry	2	-1	-1	0	0	suppress:0|log:-ability:0:Tablets of Ruin:undefined	undefined	true	2048	2048	2048	0	0
tabletsofruin	onStart	763	-1	1	0	Water	0	1	1	0	20	0	0	greninjaash	0	0	1	0	1	6	1	0	100	160	0	1	false	Ability	0	brn	wikiberry	2	-1	1	0	0	suppress:0	undefined	false	0	0	0	6	2
tabletsofruin	onStart	764	6	6	0	Normal	1	0	1	100	20	0	16384	greninjabond	0	0	0	1	1	1	1	0	0	160	1	0	null	Move	0	psn	wikiberry	2	0	99	1	0	suppress:0|log:-ability:0:Tablets of Ruin:undefined	undefined	false	16384	16384	16384	1	0
tabletsofruin	onStart	765	6	1	40	Bug	0	0	1	100	20	0	2048	greninjaash	1	0	0	0	1	6	0	2	60	160	0	0	true	missing	1	brn	wikiberry	0	1	1	0	1	suppress:0|log:-ability:0:Tablets of Ruin:undefined	undefined	false	2048	2048	2048	6	0
tabletsofruin	onStart	766	-1	1	60	Bug	0	1	1	10	0	0	8	greninjabond	1	0	0	1	1	1	0	1	100	0	0	1	true	Move	0	psn	wikiberry	1	0	1	0	0	suppress:0|log:-ability:0:Tablets of Ruin:undefined	undefined	false	8	8	8	1	2
tabletsofruin	onStart	767	-1	1	60	Fire	0	0	1	0	-1	-1	2048	greninjabond	0	0	1	1	1	6	1	0	100	160	1	0	undefined	missing	1	brn	sitrusberry	0	1	0	0	0	suppress:0	undefined	undefined	2048	2048	2048	6	0
tabletsofruin	onStart	768	0	1	0	Ghost	0	0	0	20	100	-1	24576	greninjaash	0	1	0	1	1	-1	1	0	60	160	0	1	true	Ability	0	brn	figyberry	2	-1	0	1	1	suppress:0|log:-ability:0:Tablets of Ruin:undefined	undefined	undefined	24576	24576	24576	-1	0
tabletsofruin	onStart	769	-1	0	0	Normal	0	1	1	100	20	0	0	pikachu	1	0	1	1	0	6	1	2	0	0	0	1	true	Ability	1	psn	aguavberry	0	1	0	0	1	suppress:0	undefined	false	0	0	0	6	2
tabletsofruin	onStart	770	6	6	70	Ghost	1	1	0	0	20	-1	24576	pikachu	1	1	1	1	0	-1	0	0	60	100	0	0	0	missing	0	psn	aguavberry	2	0	-1	1	0	suppress:0	undefined	undefined	24576	24576	24576	-1	2
tabletsofruin	onStart	771	6	6	70	Dark	0	1	1	10	20	1	16384	greninjaash	0	0	0	1	0	-1	1	1	0	100	1	1	undefined	Ability	0	brn	wikiberry	2	1	-1	0	1	suppress:0|log:-ability:0:Tablets of Ruin:undefined	undefined	true	16384	16384	16384	-1	2
tabletsofruin	onStart	772	0	0	70	Ghost	0	1	0	20	20	-1	0	pikachu	0	1	1	0	1	1	1	0	100	0	0	1	0	missing	0	psn	wikiberry	2	-1	-1	0	0	suppress:0	undefined	undefined	0	0	0	1	2
tabletsofruin	onStart	773	0	0	70	Ghost	0	0	1	0	20	1	8192	greninjabond	0	1	0	1	0	0	0	0	0	100	0	0	null	missing	0	psn	iapapaberry	0	0	1	0	1	suppress:0|log:-ability:0:Tablets of Ruin:undefined	undefined	true	8192	8192	8192	0	0
tabletsofruin	onStart	774	0	6	60	Dark	0	0	1	10	100	1	0	greninjaash	1	1	0	1	0	1	0	1	0	160	0	1	null	missing	1	brn	iapapaberry	1	1	-1	1	1	suppress:0|log:-ability:0:Tablets of Ruin:undefined	undefined	true	0	0	0	1	0
tabletsofruin	onStart	775	0	6	0	Fire	1	0	0	20	100	-1	24576	greninjaash	0	0	0	0	0	1	1	1	0	0	0	1	false	Move	1	brn	wikiberry	1	0	0	0	1	suppress:0|log:-ability:0:Tablets of Ruin:undefined	undefined	undefined	24576	24576	24576	1	0
tabletsofruin	onStart	776	0	1	0	Ghost	1	0	1	100	-1	-1	2048	greninjabond	0	0	1	0	1	0	0	2	100	0	0	0	null	missing	0	brn	wikiberry	1	1	-1	1	1	suppress:0	undefined	undefined	2048	2048	2048	0	0
tabletsofruin	onStart	777	-1	0	0	Fire	1	1	1	100	0	1	8	greninjaash	1	1	1	0	0	6	1	0	60	0	1	0	false	Ability	0	psn	leftovers	1	-1	99	1	1	suppress:0	undefined	true	8	8	8	6	2
tabletsofruin	onStart	778	1	0	61	Normal	1	1	1	20	100	-1	16384	pikachu	1	1	1	1	1	1	1	0	100	160	0	0	null	missing	0	brn	leftovers	2	1	-1	0	1	suppress:0	undefined	undefined	16384	16384	16384	1	2
tabletsofruin	onStart	779	1	6	60	Fire	0	1	0	10	100	0	0	greninjaash	1	0	1	1	0	0	1	0	60	100	0	0	false	Ability	0	psn	sitrusberry	1	0	99	1	0	suppress:0	undefined	false	0	0	0	0	2
tabletsofruin	onStart	780	6	6	40	Ghost	1	1	1	10	100	-1	16384	pikachu	1	0	0	1	0	1	1	1	100	0	0	1	undefined	missing	0	psn	wikiberry	2	-1	0	0	1	suppress:0|log:-ability:0:Tablets of Ruin:undefined	undefined	undefined	16384	16384	16384	1	2
tabletsofruin	onStart	781	1	0	60	Dark	1	1	1	20	-1	0	0	greninjabond	0	0	0	1	0	6	1	0	60	0	0	1	0	Ability	1	psn	aguavberry	2	-1	0	0	1	suppress:0|log:-ability:0:Tablets of Ruin:undefined	undefined	false	0	0	0	6	2
tabletsofruin	onStart	782	1	6	60	Bug	0	0	1	10	100	-1	24576	greninjaash	1	1	1	1	1	6	1	0	0	0	1	1	0	Ability	1	psn	figyberry	2	1	1	0	0	suppress:0	undefined	undefined	24576	24576	24576	6	0
tabletsofruin	onStart	783	1	0	60	Water	1	0	1	10	20	-1	8	greninjabond	0	0	1	0	0	0	1	2	0	100	1	1	true	Ability	1	psn	magoberry	1	-1	1	1	0	suppress:0	undefined	undefined	8	8	8	0	0
tabletsofruin	onStart	784	0	1	70	Dark	0	1	1	0	100	-1	16384	pikachu	1	0	0	1	1	6	0	1	0	160	1	0	null	missing	0	brn	sitrusberry	1	1	99	1	0	suppress:0|log:-ability:0:Tablets of Ruin:undefined	undefined	undefined	16384	16384	16384	6	2
tabletsofruin	onStart	785	-1	6	61	Fire	0	0	0	20	20	0	0	pikachu	0	0	0	0	1	6	0	0	0	160	1	0	null	Ability	1	brn	iapapaberry	2	0	0	1	1	suppress:0|log:-ability:0:Tablets of Ruin:undefined	undefined	false	0	0	0	6	0
tabletsofruin	onStart	786	0	1	61	Fire	1	0	1	0	-1	-1	16384	greninjabond	1	0	1	1	0	0	0	2	0	0	0	0	true	Move	1	psn	wikiberry	0	1	-1	1	1	suppress:0	undefined	undefined	16384	16384	16384	0	0
tabletsofruin	onStart	787	-1	1	40	Normal	1	0	1	20	0	1	16384	greninjaash	1	1	1	0	1	1	1	2	100	160	1	0	null	Move	1	psn	iapapaberry	2	1	1	0	1	suppress:0	undefined	true	16384	16384	16384	1	0
tabletsofruin	onStart	788	1	1	60	Ghost	0	0	1	10	100	1	2048	greninjabond	0	0	1	0	0	0	0	0	60	100	1	0	false	Ability	1	psn	sitrusberry	1	1	1	0	1	suppress:0	undefined	true	2048	2048	2048	0	0
tabletsofruin	onStart	789	-1	6	60	Bug	0	0	1	100	-1	0	8	greninjaash	1	1	0	0	0	0	0	2	100	160	0	1	undefined	missing	1	brn	sitrusberry	2	0	0	1	1	suppress:0|log:-ability:0:Tablets of Ruin:undefined	undefined	false	8	8	8	0	0
tabletsofruin	onStart	790	6	0	61	Ghost	1	0	0	10	20	-1	8192	greninjabond	0	0	1	1	0	-1	0	2	100	160	1	1	0	missing	0	brn	figyberry	2	0	-1	1	0	suppress:0	undefined	undefined	8192	8192	8192	-1	0
tabletsofruin	onStart	791	1	1	40	Bug	1	0	0	100	-1	1	8	greninjaash	1	0	1	1	1	-1	1	1	60	0	0	0	true	Ability	1	psn	figyberry	1	0	1	0	1	suppress:0	undefined	true	8	8	8	-1	0
tabletsofruin	onStart	792	0	0	0	Dark	1	0	0	20	-1	-1	16384	greninjabond	0	1	0	0	1	-1	0	0	60	0	0	1	undefined	missing	0	brn	sitrusberry	0	-1	1	0	0	suppress:0|log:-ability:0:Tablets of Ruin:undefined	undefined	undefined	16384	16384	16384	-1	0
tabletsofruin	onStart	793	6	6	0	Bug	0	1	0	20	100	-1	8192	greninjaash	1	1	0	0	1	6	1	2	0	0	1	1	undefined	Move	1	psn	leftovers	1	1	1	1	1	suppress:0|log:-ability:0:Tablets of Ruin:undefined	undefined	undefined	8192	8192	8192	6	2
tabletsofruin	onStart	794	-1	1	61	Normal	1	0	1	20	20	1	8192	greninjaash	1	0	0	1	1	6	0	2	100	0	1	1	undefined	Move	0	brn	magoberry	2	0	0	1	0	suppress:0|log:-ability:0:Tablets of Ruin:undefined	undefined	true	8192	8192	8192	6	0
tabletsofruin	onStart	795	6	6	0	Water	1	0	0	20	-1	-1	8	greninjabond	1	1	0	1	0	6	0	1	60	160	0	1	true	missing	1	brn	aguavberry	1	0	-1	1	0	suppress:0|log:-ability:0:Tablets of Ruin:undefined	undefined	undefined	8	8	8	6	0
tabletsofruin	onStart	796	-1	6	60	Fire	0	0	0	0	100	-1	8192	greninjaash	1	1	1	1	0	0	0	1	60	100	0	1	true	missing	1	psn	figyberry	1	0	99	0	0	suppress:0	undefined	undefined	8192	8192	8192	0	0
tabletsofruin	onStart	797	1	0	70	Normal	0	1	1	10	-1	-1	24576	greninjabond	0	0	0	0	1	6	1	1	60	0	1	1	false	Ability	0	brn	figyberry	2	-1	-1	1	1	suppress:0|log:-ability:0:Tablets of Ruin:undefined	undefined	undefined	24576	24576	24576	6	2
tabletsofruin	onStart	798	-1	0	70	Bug	1	1	0	10	-1	-1	2048	greninjaash	0	0	1	1	1	-1	0	1	60	160	1	1	0	Ability	1	psn	leftovers	2	-1	1	1	1	suppress:0	undefined	undefined	2048	2048	2048	-1	2
tabletsofruin	onStart	799	6	6	0	Ghost	0	0	1	20	100	1	24576	greninjaash	1	0	0	1	0	6	1	1	0	100	1	1	true	Move	1	psn	figyberry	0	-1	99	0	0	suppress:0|log:-ability:0:Tablets of Ruin:undefined	undefined	true	24576	24576	24576	6	0
tabletsofruin	onStart	800	0	1	61	Fire	1	0	1	100	0	0	0	greninjabond	1	1	1	1	0	1	1	2	60	160	0	0	true	Move	1	brn	iapapaberry	0	1	0	0	0	suppress:0	undefined	false	0	0	0	1	0
tabletsofruin	onStart	801	6	0	40	Water	1	0	0	10	-1	-1	8192	pikachu	1	0	0	1	1	6	0	0	0	160	1	1	true	Move	0	psn	leftovers	0	1	-1	0	1	suppress:0|log:-ability:0:Tablets of Ruin:undefined	undefined	undefined	8192	8192	8192	6	0
tabletsofruin	onStart	802	6	0	60	Dark	1	1	0	10	100	0	16384	greninjaash	1	1	0	0	1	1	1	2	0	0	1	1	null	Ability	1	psn	leftovers	2	0	0	0	1	suppress:0|log:-ability:0:Tablets of Ruin:undefined	undefined	false	16384	16384	16384	1	2
tabletsofruin	onStart	803	1	0	61	Water	1	0	1	100	-1	1	24576	greninjabond	1	1	1	1	1	-1	0	1	100	0	0	1	0	Move	1	brn	iapapaberry	0	1	99	1	1	suppress:0	undefined	true	24576	24576	24576	-1	0
tabletsofruin	onStart	804	1	6	61	Fire	1	1	1	100	100	0	8192	pikachu	0	1	0	0	0	-1	0	1	100	0	0	0	true	missing	1	psn	sitrusberry	0	0	-1	0	0	suppress:0|log:-ability:0:Tablets of Ruin:undefined	undefined	false	8192	8192	8192	-1	2
tabletsofruin	onStart	805	6	6	61	Fire	1	0	0	100	0	0	16384	greninjaash	0	1	1	1	1	0	0	0	60	160	1	0	true	missing	1	psn	leftovers	1	-1	-1	1	1	suppress:0	undefined	false	16384	16384	16384	0	0
tabletsofruin	onStart	806	0	6	60	Ghost	1	1	0	10	0	1	8192	greninjaash	0	1	0	1	1	0	1	2	60	0	0	1	true	Ability	1	brn	iapapaberry	1	1	-1	0	1	suppress:0|log:-ability:0:Tablets of Ruin:undefined	undefined	true	8192	8192	8192	0	2
tabletsofruin	onStart	807	-1	6	40	Dark	0	0	0	10	20	-1	24576	greninjaash	1	0	1	0	0	1	1	1	0	100	1	1	false	Ability	0	brn	sitrusberry	2	-1	99	1	1	suppress:0	undefined	undefined	24576	24576	24576	1	0
tabletsofruin	onStart	808	1	6	60	Fire	0	1	1	0	20	1	8192	pikachu	0	0	0	0	0	-1	1	1	0	0	1	1	undefined	Move	1	brn	figyberry	1	-1	-1	0	1	suppress:0|log:-ability:0:Tablets of Ruin:undefined	undefined	true	8192	8192	8192	-1	2
tabletsofruin	onStart	809	6	6	61	Dark	0	1	0	10	100	1	2048	greninjabond	0	1	0	1	0	6	1	2	0	0	1	0	undefined	missing	1	brn	iapapaberry	1	-1	0	0	0	suppress:0|log:-ability:0:Tablets of Ruin:undefined	undefined	true	2048	2048	2048	6	2
tabletsofruin	onStart	810	6	6	40	Water	1	1	0	100	0	-1	24576	pikachu	0	1	0	0	0	0	0	2	100	160	1	1	true	Ability	1	psn	leftovers	1	0	0	1	1	suppress:0|log:-ability:0:Tablets of Ruin:undefined	undefined	undefined	24576	24576	24576	0	2
tabletsofruin	onStart	811	0	0	0	Fire	0	0	1	100	20	0	8	pikachu	0	1	0	0	1	0	0	0	60	100	1	0	undefined	Move	1	psn	figyberry	0	-1	0	0	0	suppress:0|log:-ability:0:Tablets of Ruin:undefined	undefined	false	8	8	8	0	0
tabletsofruin	onStart	812	-1	1	61	Fire	0	1	1	20	100	1	8192	greninjabond	0	0	1	1	0	-1	1	1	60	160	1	1	null	Move	0	psn	magoberry	1	1	0	1	1	suppress:0	undefined	true	8192	8192	8192	-1	2
tabletsofruin	onStart	813	0	1	40	Bug	0	1	0	0	0	-1	24576	greninjaash	1	0	1	1	1	6	1	2	100	100	1	0	false	Move	0	psn	aguavberry	0	1	99	0	1	suppress:0	undefined	undefined	24576	24576	24576	6	2
tabletsofruin	onStart	814	6	6	0	Normal	1	0	1	10	100	1	8	greninjaash	0	1	0	1	0	0	0	2	60	160	0	1	undefined	Ability	0	brn	leftovers	2	1	1	1	0	suppress:0|log:-ability:0:Tablets of Ruin:undefined	undefined	true	8	8	8	0	0
tabletsofruin	onStart	815	-1	6	40	Water	0	0	0	100	-1	-1	16384	greninjaash	1	0	0	0	1	0	0	1	60	100	0	0	true	missing	0	brn	sitrusberry	0	-1	-1	0	0	suppress:0|log:-ability:0:Tablets of Ruin:undefined	undefined	undefined	16384	16384	16384	0	0
tabletsofruin	onStart	816	1	6	70	Fire	1	1	0	10	0	0	8192	greninjaash	0	1	0	1	0	0	1	0	100	160	0	0	false	missing	1	brn	aguavberry	0	-1	99	0	1	suppress:0|log:-ability:0:Tablets of Ruin:undefined	undefined	false	8192	8192	8192	0	2
tabletsofruin	onStart	817	1	0	61	Ghost	0	0	0	0	0	-1	8	pikachu	1	0	0	0	0	-1	1	0	0	160	1	0	undefined	missing	0	brn	iapapaberry	2	0	99	0	0	suppress:0|log:-ability:0:Tablets of Ruin:undefined	undefined	undefined	8	8	8	-1	0
tabletsofruin	onStart	818	1	6	0	Dark	0	1	0	10	-1	1	8	pikachu	0	0	0	0	1	6	1	2	100	160	0	1	undefined	Ability	0	brn	wikiberry	0	1	0	0	0	suppress:0|log:-ability:0:Tablets of Ruin:undefined	undefined	true	8	8	8	6	2
tabletsofruin	onStart	819	6	6	0	Fire	0	0	0	0	100	0	24576	pikachu	0	1	1	0	0	1	0	2	60	0	0	0	false	Ability	1	psn	figyberry	2	0	-1	1	1	suppress:0	undefined	false	24576	24576	24576	1	0
tabletsofruin	onStart	820	1	0	40	Dark	1	0	0	10	0	0	0	pikachu	1	0	1	0	1	6	1	2	60	100	0	0	undefined	missing	0	psn	leftovers	0	1	1	1	1	suppress:0	undefined	false	0	0	0	6	0
tabletsofruin	onStart	821	6	6	61	Water	0	0	0	20	0	1	2048	greninjabond	0	1	1	0	0	0	1	1	0	160	1	1	true	Ability	1	brn	aguavberry	1	1	99	0	1	suppress:0	undefined	true	2048	2048	2048	0	0
tabletsofruin	onStart	822	-1	1	60	Dark	1	0	1	10	20	0	16384	greninjabond	0	1	0	1	1	1	0	1	60	100	0	1	null	Ability	1	psn	figyberry	1	-1	-1	0	0	suppress:0|log:-ability:0:Tablets of Ruin:undefined	undefined	false	16384	16384	16384	1	0
tabletsofruin	onStart	823	0	6	61	Water	1	0	1	20	100	-1	2048	greninjaash	0	0	1	1	0	-1	0	2	60	0	1	0	undefined	Move	0	psn	aguavberry	0	-1	0	0	1	suppress:0	undefined	undefined	2048	2048	2048	-1	0
tabletsofruin	onStart	824	1	0	61	Dark	0	0	1	20	20	0	24576	greninjabond	1	1	1	0	0	6	0	1	60	160	0	1	false	Move	0	psn	figyberry	2	0	1	0	0	suppress:0	undefined	false	24576	24576	24576	6	0
tabletsofruin	onStart	825	1	6	40	Bug	1	1	0	0	20	0	0	greninjabond	0	1	1	0	0	-1	0	2	0	160	0	0	true	Ability	1	psn	iapapaberry	2	1	-1	0	0	suppress:0	undefined	false	0	0	0	-1	2
tabletsofruin	onStart	826	0	0	40	Bug	0	0	1	100	100	-1	0	pikachu	0	0	1	0	0	1	1	1	0	0	0	1	true	Ability	1	psn	iapapaberry	1	1	0	1	0	suppress:0	undefined	undefined	0	0	0	1	0
tabletsofruin	onStart	827	1	6	61	Water	0	0	1	0	100	-1	8192	greninjabond	0	1	1	1	1	6	0	1	60	0	1	1	true	missing	0	psn	figyberry	0	-1	1	1	0	suppress:0	undefined	undefined	8192	8192	8192	6	0
tabletsofruin	onStart	828	0	6	60	Ghost	0	1	1	0	0	0	2048	greninjaash	0	1	0	1	1	6	1	0	100	100	0	1	false	missing	0	psn	sitrusberry	0	0	99	1	0	suppress:0|log:-ability:0:Tablets of Ruin:undefined	undefined	false	2048	2048	2048	6	2
tabletsofruin	onStart	829	-1	6	61	Fire	1	1	0	100	100	0	24576	pikachu	0	0	1	0	0	6	0	1	100	0	1	1	null	Ability	0	psn	leftovers	2	-1	99	0	1	suppress:0	undefined	false	24576	24576	24576	6	2
tabletsofruin	onStart	830	0	6	0	Bug	1	1	1	10	20	0	8192	greninjaash	1	0	0	1	0	1	1	2	60	0	1	1	undefined	Ability	1	brn	figyberry	2	0	1	1	1	suppress:0|log:-ability:0:Tablets of Ruin:undefined	undefined	false	8192	8192	8192	1	2
tabletsofruin	onStart	831	1	0	70	Bug	1	0	0	0	20	-1	2048	greninjabond	0	0	1	0	0	6	0	2	60	160	0	1	false	missing	0	psn	wikiberry	2	0	0	1	0	suppress:0	undefined	undefined	2048	2048	2048	6	0
tabletsofruin	onStart	832	1	6	60	Dark	1	0	1	100	0	-1	0	greninjabond	0	0	0	1	0	-1	0	0	100	100	1	0	0	missing	0	psn	aguavberry	2	-1	0	1	0	suppress:0|log:-ability:0:Tablets of Ruin:undefined	undefined	undefined	0	0	0	-1	0
tabletsofruin	onStart	833	1	0	70	Fire	0	0	1	0	0	-1	8192	greninjabond	0	1	1	1	0	-1	1	0	100	100	0	1	null	Move	1	psn	sitrusberry	1	1	1	1	0	suppress:0	undefined	undefined	8192	8192	8192	-1	0
tabletsofruin	onStart	834	-1	1	70	Fire	0	0	1	10	0	1	24576	greninjabond	0	1	1	0	1	-1	0	1	100	0	0	1	0	Ability	1	brn	sitrusberry	0	0	0	1	1	suppress:0	undefined	true	24576	24576	24576	-1	0
tabletsofruin	onStart	835	0	6	0	Bug	1	0	0	10	0	0	0	greninjaash	1	1	0	1	1	-1	1	1	60	0	0	0	null	Ability	0	brn	wikiberry	1	0	0	0	1	suppress:0|log:-ability:0:Tablets of Ruin:undefined	undefined	false	0	0	0	-1	0
tabletsofruin	onStart	836	6	1	70	Ghost	1	1	1	100	0	-1	2048	greninjabond	1	1	1	0	1	1	0	0	100	160	1	0	true	Move	1	psn	iapapaberry	0	1	-1	1	0	suppress:0	undefined	undefined	2048	2048	2048	1	2
tabletsofruin	onStart	837	1	1	60	Dark	0	0	0	10	100	-1	2048	greninjaash	1	0	1	0	0	0	1	0	0	100	1	0	0	Ability	0	psn	figyberry	1	0	1	0	1	suppress:0	undefined	undefined	2048	2048	2048	0	0
tabletsofruin	onStart	838	1	0	60	Dark	0	1	0	10	-1	0	8192	greninjabond	1	0	1	1	1	6	0	1	100	0	1	1	undefined	Move	0	psn	iapapaberry	1	1	-1	1	0	suppress:0	undefined	false	8192	8192	8192	6	2
tabletsofruin	onStart	839	1	6	0	Ghost	1	0	1	100	-1	1	2048	greninjaash	0	0	0	0	1	1	0	0	0	160	1	1	undefined	missing	0	brn	wikiberry	2	1	1	0	1	suppress:0|log:-ability:0:Tablets of Ruin:undefined	undefined	true	2048	2048	2048	1	0
tabletsofruin	onStart	840	1	6	70	Bug	1	1	0	0	20	0	16384	pikachu	1	0	1	0	1	1	0	1	0	0	0	1	true	Ability	0	psn	iapapaberry	0	-1	0	1	1	suppress:0	undefined	false	16384	16384	16384	1	2
tabletsofruin	onStart	841	1	1	0	Ghost	1	1	1	100	-1	1	8	pikachu	1	0	1	1	1	-1	0	0	60	0	0	1	true	missing	0	brn	aguavberry	1	-1	99	1	0	suppress:0	undefined	true	8	8	8	-1	2
tabletsofruin	onStart	842	6	0	61	Bug	0	1	1	100	-1	-1	24576	greninjaash	0	1	1	0	1	6	1	1	100	100	1	1	false	missing	0	psn	leftovers	0	1	0	0	1	suppress:0	undefined	undefined	24576	24576	24576	6	2
tabletsofruin	onStart	843	6	6	0	Dark	1	0	1	20	-1	-1	2048	greninjabond	1	1	1	0	0	0	1	0	60	160	1	0	null	Move	0	brn	aguavberry	2	0	99	1	0	suppress:0	undefined	undefined	2048	2048	2048	0	0
tabletsofruin	onStart	844	0	1	40	Fire	1	0	0	20	0	1	24576	pikachu	0	0	1	1	1	1	0	0	100	100	0	1	null	missing	1	psn	figyberry	1	1	1	1	0	suppress:0	undefined	true	24576	24576	24576	1	0
tabletsofruin	onStart	845	-1	6	61	Normal	0	1	0	20	100	0	2048	greninjaash	0	1	0	1	0	6	0	0	60	160	0	0	false	Ability	1	brn	figyberry	1	0	1	1	1	suppress:0|log:-ability:0:Tablets of Ruin:undefined	undefined	false	2048	2048	2048	6	2
tabletsofruin	onStart	846	6	0	60	Normal	0	1	0	10	0	-1	2048	greninjabond	1	1	1	1	1	-1	0	0	0	0	1	1	false	Move	1	brn	figyberry	0	1	1	0	0	suppress:0	undefined	undefined	2048	2048	2048	-1	2
tabletsofruin	onStart	847	6	1	70	Dark	0	0	0	10	100	1	16384	greninjaash	1	1	1	1	0	0	0	2	60	0	1	0	undefined	Ability	0	brn	wikiberry	2	1	1	1	0	suppress:0	undefined	true	16384	16384	16384	0	0
tabletsofruin	onStart	848	6	1	0	Normal	0	0	1	10	-1	0	16384	pikachu	0	1	1	0	1	6	0	2	0	160	1	0	true	Move	1	psn	wikiberry	1	-1	-1	1	1	suppress:0	undefined	false	16384	16384	16384	6	0
tabletsofruin	onStart	849	0	1	60	Bug	1	0	1	100	100	0	0	greninjabond	0	1	1	0	1	-1	1	2	60	0	0	0	false	Ability	1	brn	iapapaberry	0	1	0	1	0	suppress:0	undefined	false	0	0	0	-1	0
tabletsofruin	onStart	850	6	0	70	Ghost	0	1	0	10	20	0	16384	greninjabond	1	1	0	0	0	0	1	1	0	0	1	1	0	Move	1	brn	magoberry	2	0	0	1	0	suppress:0|log:-ability:0:Tablets of Ruin:undefined	undefined	false	16384	16384	16384	0	2
tabletsofruin	onStart	851	1	6	70	Fire	1	0	0	20	-1	0	0	greninjabond	1	1	0	0	1	1	1	1	100	160	1	1	null	missing	0	psn	sitrusberry	0	1	1	1	1	suppress:0|log:-ability:0:Tablets of Ruin:undefined	undefined	false	0	0	0	1	0
tabletsofruin	onStart	852	6	1	61	Ghost	0	0	1	10	0	1	24576	pikachu	1	1	0	1	1	1	0	2	60	160	0	0	false	missing	1	psn	figyberry	0	-1	99	0	1	suppress:0|log:-ability:0:Tablets of Ruin:undefined	undefined	true	24576	24576	24576	1	0
tabletsofruin	onStart	853	1	0	60	Normal	1	0	1	0	20	1	24576	pikachu	0	0	0	1	1	0	1	0	100	0	0	0	false	Move	0	brn	wikiberry	1	0	0	1	1	suppress:0|log:-ability:0:Tablets of Ruin:undefined	undefined	true	24576	24576	24576	0	0
tabletsofruin	onStart	854	0	6	60	Fire	0	0	0	10	100	-1	24576	greninjabond	1	1	1	1	0	-1	1	2	60	100	0	1	0	missing	1	psn	figyberry	2	1	0	1	1	suppress:0	undefined	undefined	24576	24576	24576	-1	0
tabletsofruin	onStart	855	-1	1	40	Water	0	1	0	0	20	-1	16384	greninjaash	1	1	0	1	1	-1	1	0	0	160	0	1	undefined	Ability	1	brn	aguavberry	1	0	99	1	0	suppress:0|log:-ability:0:Tablets of Ruin:undefined	undefined	undefined	16384	16384	16384	-1	2
tabletsofruin	onStart	856	6	6	40	Water	1	0	0	20	100	1	8192	pikachu	0	1	0	1	1	0	1	1	100	0	1	1	true	Move	1	psn	wikiberry	0	-1	99	1	0	suppress:0|log:-ability:0:Tablets of Ruin:undefined	undefined	true	8192	8192	8192	0	0
tabletsofruin	onStart	857	0	1	40	Water	0	1	1	20	-1	-1	8	pikachu	0	0	1	0	1	-1	1	2	0	0	0	0	undefined	Move	0	psn	magoberry	0	1	99	0	0	suppress:0	undefined	undefined	8	8	8	-1	2
tabletsofruin	onStart	858	1	1	70	Water	1	0	0	100	100	-1	24576	greninjaash	1	0	0	0	1	-1	0	1	0	100	1	1	true	Ability	1	psn	sitrusberry	2	1	0	0	0	suppress:0|log:-ability:0:Tablets of Ruin:undefined	undefined	undefined	24576	24576	24576	-1	0
tabletsofruin	onStart	859	0	6	40	Water	0	0	0	100	20	-1	2048	pikachu	0	1	1	1	1	6	1	0	0	100	0	1	null	missing	0	psn	iapapaberry	1	0	0	0	1	suppress:0	undefined	undefined	2048	2048	2048	6	0
tabletsofruin	onStart	860	0	1	40	Fire	1	1	1	0	0	-1	24576	greninjaash	1	1	1	0	0	0	0	1	100	100	1	1	true	missing	0	psn	leftovers	2	-1	-1	0	1	suppress:0	undefined	undefined	24576	24576	24576	0	2
tabletsofruin	onStart	861	6	1	60	Fire	0	1	1	20	20	1	2048	greninjaash	1	1	0	0	1	6	1	0	100	160	0	1	false	missing	1	psn	sitrusberry	2	1	0	1	1	suppress:0|log:-ability:0:Tablets of Ruin:undefined	undefined	true	2048	2048	2048	6	2
tabletsofruin	onStart	862	1	1	0	Water	0	0	1	10	20	-1	8192	greninjabond	1	0	0	0	1	0	0	1	100	160	0	0	true	Ability	0	brn	sitrusberry	2	0	99	0	1	suppress:0|log:-ability:0:Tablets of Ruin:undefined	undefined	undefined	8192	8192	8192	0	0
tabletsofruin	onStart	863	0	1	61	Water	0	1	1	100	-1	-1	24576	greninjaash	1	1	1	0	1	-1	1	2	60	100	1	1	null	Move	1	psn	wikiberry	0	-1	99	0	1	suppress:0	undefined	undefined	24576	24576	24576	-1	2
tabletsofruin	onStart	864	6	6	40	Water	0	1	0	100	-1	0	8192	greninjabond	1	0	1	0	1	1	1	2	100	160	0	0	true	missing	1	psn	iapapaberry	1	-1	1	1	0	suppress:0	undefined	false	8192	8192	8192	1	2
tabletsofruin	onStart	865	0	1	61	Fire	1	0	1	20	20	0	16384	pikachu	1	1	0	0	0	-1	0	0	100	0	1	1	undefined	Move	1	brn	aguavberry	1	1	-1	0	0	suppress:0|log:-ability:0:Tablets of Ruin:undefined	undefined	false	16384	16384	16384	-1	0
tabletsofruin	onStart	866	0	0	0	Ghost	1	0	0	10	0	-1	8192	pikachu	1	0	0	0	0	1	1	2	60	0	0	1	undefined	Move	0	brn	magoberry	0	-1	0	1	1	suppress:0|log:-ability:0:Tablets of Ruin:undefined	undefined	undefined	8192	8192	8192	1	0
tabletsofruin	onStart	867	6	0	70	Water	0	0	1	100	100	1	16384	pikachu	0	1	0	0	0	0	1	1	100	0	1	0	undefined	Ability	0	brn	wikiberry	2	0	99	1	0	suppress:0|log:-ability:0:Tablets of Ruin:undefined	undefined	true	16384	16384	16384	0	0
tabletsofruin	onStart	868	-1	0	60	Fire	0	1	0	100	-1	1	16384	greninjaash	0	0	1	1	0	0	1	2	100	160	0	0	undefined	missing	0	psn	iapapaberry	1	-1	0	0	0	suppress:0	undefined	true	16384	16384	16384	0	2
tabletsofruin	onStart	869	0	1	0	Bug	0	0	1	100	20	-1	8192	greninjaash	0	0	0	0	1	0	0	1	100	100	0	1	0	Move	0	psn	wikiberry	0	1	-1	0	0	suppress:0|log:-ability:0:Tablets of Ruin:undefined	undefined	undefined	8192	8192	8192	0	0
tabletsofruin	onStart	870	6	1	60	Ghost	0	1	1	20	20	-1	0	pikachu	1	0	0	0	0	0	1	0	60	0	0	0	null	Move	1	psn	figyberry	1	-1	0	1	0	suppress:0|log:-ability:0:Tablets of Ruin:undefined	undefined	undefined	0	0	0	0	2
tabletsofruin	onStart	871	0	1	70	Ghost	0	1	0	10	0	-1	24576	greninjaash	0	1	1	0	0	6	1	2	100	0	0	0	null	missing	1	psn	sitrusberry	2	0	-1	1	0	suppress:0	undefined	undefined	24576	24576	24576	6	2
tabletsofruin	onStart	872	6	1	60	Bug	1	1	1	0	100	1	8	pikachu	0	0	1	1	1	-1	1	2	60	100	1	1	undefined	Move	0	psn	figyberry	1	1	0	0	0	suppress:0	undefined	true	8	8	8	-1	2
tabletsofruin	onStart	873	-1	0	60	Ghost	1	1	0	10	0	0	24576	greninjaash	0	0	0	1	0	-1	1	0	100	160	1	1	true	Move	0	brn	wikiberry	0	1	1	0	0	suppress:0|log:-ability:0:Tablets of Ruin:undefined	undefined	false	24576	24576	24576	-1	2
tabletsofruin	onStart	874	-1	0	70	Water	1	1	1	100	20	0	2048	greninjabond	1	1	1	0	1	0	1	0	100	0	0	1	undefined	Move	1	psn	wikiberry	1	1	0	0	0	suppress:0	undefined	false	2048	2048	2048	0	2
tabletsofruin	onStart	875	1	1	60	Bug	0	0	0	0	100	1	16384	greninjabond	0	1	0	0	1	1	0	0	100	100	0	0	false	Move	1	brn	wikiberry	1	-1	1	1	1	suppress:0|log:-ability:0:Tablets of Ruin:undefined	undefined	true	16384	16384	16384	1	0
tabletsofruin	onStart	876	1	6	0	Dark	1	0	1	20	-1	-1	16384	greninjabond	1	0	0	0	0	-1	1	2	60	160	0	1	false	Move	0	psn	wikiberry	2	-1	1	0	0	suppress:0|log:-ability:0:Tablets of Ruin:undefined	undefined	undefined	16384	16384	16384	-1	0
tabletsofruin	onStart	877	6	1	0	Bug	1	1	1	10	-1	0	0	greninjabond	0	1	0	1	0	-1	1	2	100	0	0	0	false	Ability	0	brn	aguavberry	2	0	-1	0	0	suppress:0|log:-ability:0:Tablets of Ruin:undefined	undefined	false	0	0	0	-1	2
tabletsofruin	onStart	878	-1	1	70	Bug	1	1	1	20	-1	1	8	pikachu	0	0	0	0	1	1	1	1	0	100	0	0	0	Move	0	brn	aguavberry	0	0	99	1	0	suppress:0|log:-ability:0:Tablets of Ruin:undefined	undefined	true	8	8	8	1	2
tabletsofruin	onStart	879	1	1	70	Ghost	1	1	1	0	20	0	24576	greninjaash	0	1	0	1	1	1	1	1	100	100	1	0	undefined	missing	1	brn	leftovers	1	-1	-1	1	1	suppress:0|log:-ability:0:Tablets of Ruin:undefined	undefined	false	24576	24576	24576	1	2
tabletsofruin	onStart	880	6	0	40	Water	1	0	0	10	-1	-1	2048	greninjaash	1	1	0	0	0	1	0	2	100	0	1	0	true	Move	0	psn	figyberry	0	1	-1	0	1	suppress:0|log:-ability:0:Tablets of Ruin:undefined	undefined	undefined	2048	2048	2048	1	0
tabletsofruin	onStart	881	-1	0	0	Bug	0	0	0	10	20	0	16384	greninjabond	0	1	0	1	0	-1	0	2	0	100	1	0	undefined	missing	0	psn	magoberry	0	1	99	1	0	suppress:0|log:-ability:0:Tablets of Ruin:undefined	undefined	false	16384	16384	16384	-1	0
tabletsofruin	onStart	882	6	1	60	Fire	1	1	1	10	100	0	24576	pikachu	1	1	1	0	0	-1	0	2	60	100	0	1	true	Move	1	brn	figyberry	2	-1	0	0	0	suppress:0	undefined	false	24576	24576	24576	-1	2
tabletsofruin	onStart	883	0	1	70	Fire	0	0	1	0	0	-1	8	greninjaash	1	1	1	1	1	6	0	2	100	100	1	1	null	missing	1	brn	sitrusberry	2	1	-1	0	0	suppress:0	undefined	undefined	8	8	8	6	0
tabletsofruin	onStart	884	-1	1	61	Dark	1	1	1	10	-1	-1	16384	greninjabond	0	1	1	1	0	-1	1	2	0	160	1	0	null	Move	1	psn	aguavberry	2	0	99	0	1	suppress:0	undefined	undefined	16384	16384	16384	-1	2
tabletsofruin	onStart	885	-1	1	0	Dark	0	0	1	20	-1	1	16384	pikachu	1	0	0	1	0	1	0	1	100	100	1	0	0	Move	1	psn	iapapaberry	1	-1	-1	0	0	suppress:0|log:-ability:0:Tablets of Ruin:undefined	undefined	true	16384	16384	16384	1	0
tabletsofruin	onStart	886	0	1	0	Water	1	0	1	20	0	0	16384	greninjaash	0	1	1	0	1	1	0	1	60	160	1	0	undefined	missing	0	psn	iapapaberry	0	-1	0	0	1	suppress:0	undefined	false	16384	16384	16384	1	0
tabletsofruin	onStart	887	6	0	0	Normal	1	1	0	20	-1	-1	8	greninjaash	0	1	1	1	1	0	1	1	0	100	1	1	null	Ability	1	brn	aguavberry	0	-1	0	0	0	suppress:0	undefined	undefined	8	8	8	0	2
tabletsofruin	onStart	888	-1	1	60	Normal	0	0	0	20	0	0	0	greninjaash	0	0	1	1	0	6	0	2	100	160	0	1	true	Move	0	psn	sitrusberry	0	-1	99	0	1	suppress:0	undefined	false	0	0	0	6	0
tabletsofruin	onStart	889	-1	1	0	Bug	1	1	0	0	100	-1	0	pikachu	1	0	0	0	1	-1	1	2	0	0	1	0	null	Move	1	psn	aguavberry	0	-1	0	1	0	suppress:0|log:-ability:0:Tablets of Ruin:undefined	undefined	undefined	0	0	0	-1	2
tabletsofruin	onStart	890	1	1	61	Fire	1	1	1	100	0	-1	8	greninjabond	1	0	1	0	0	1	1	0	0	160	0	1	false	missing	0	psn	iapapaberry	2	1	0	1	1	suppress:0	undefined	undefined	8	8	8	1	2
tabletsofruin	onStart	891	6	0	0	Fire	1	0	0	10	-1	-1	8192	pikachu	1	1	0	1	0	-1	0	2	0	0	1	0	null	Move	1	psn	iapapaberry	0	-1	99	1	1	suppress:0|log:-ability:0:Tablets of Ruin:undefined	undefined	undefined	8192	8192	8192	-1	0
tabletsofruin	onStart	892	1	0	60	Ghost	0	1	0	0	-1	-1	8192	greninjaash	1	1	1	0	0	6	0	1	60	0	0	1	0	missing	1	brn	wikiberry	2	-1	-1	0	1	suppress:0	undefined	undefined	8192	8192	8192	6	2
tabletsofruin	onStart	893	1	1	0	Ghost	1	1	0	0	-1	-1	8192	greninjaash	0	1	1	1	0	-1	1	0	0	0	1	1	null	Ability	0	psn	aguavberry	1	0	99	1	0	suppress:0	undefined	undefined	8192	8192	8192	-1	2
tabletsofruin	onStart	894	6	6	61	Fire	1	0	0	20	100	0	16384	pikachu	0	1	1	0	0	6	1	2	100	160	1	0	0	missing	1	brn	magoberry	1	-1	99	1	1	suppress:0	undefined	false	16384	16384	16384	6	0
tabletsofruin	onStart	895	6	0	70	Normal	1	1	0	10	0	-1	8	pikachu	1	1	0	0	0	-1	0	2	60	0	0	1	true	Move	0	psn	magoberry	0	0	1	1	1	suppress:0|log:-ability:0:Tablets of Ruin:undefined	undefined	undefined	8	8	8	-1	2
tabletsofruin	onStart	896	-1	6	70	Bug	1	1	1	100	20	0	0	greninjaash	1	0	1	0	0	0	0	2	100	160	1	0	0	Move	1	psn	figyberry	2	1	1	0	0	suppress:0	undefined	false	0	0	0	0	2
tabletsofruin	onStart	897	6	1	40	Ghost	1	0	0	0	-1	-1	24576	greninjaash	0	1	0	0	1	-1	0	0	60	100	1	0	0	Move	0	brn	magoberry	2	-1	1	1	0	suppress:0|log:-ability:0:Tablets of Ruin:undefined	undefined	undefined	24576	24576	24576	-1	0
tabletsofruin	onStart	898	1	0	0	Normal	0	0	1	10	-1	-1	2048	greninjabond	0	0	0	0	1	0	1	2	0	0	1	1	null	missing	1	brn	iapapaberry	0	-1	0	0	1	suppress:0|log:-ability:0:Tablets of Ruin:undefined	undefined	undefined	2048	2048	2048	0	0
tabletsofruin	onStart	899	1	6	0	Normal	1	0	0	20	-1	-1	24576	pikachu	1	1	1	0	1	0	0	1	60	100	0	0	null	missing	1	psn	sitrusberry	2	0	0	1	0	suppress:0	undefined	undefined	24576	24576	24576	0	0
tabletsofruin	onStart	900	-1	6	0	Normal	1	0	1	100	-1	0	24576	pikachu	1	0	0	1	0	6	0	2	60	160	1	0	true	Move	1	brn	magoberry	1	1	0	1	1	suppress:0|log:-ability:0:Tablets of Ruin:undefined	undefined	false	24576	24576	24576	6	0
tabletsofruin	onStart	901	-1	1	60	Water	1	1	0	10	-1	-1	16384	greninjabond	1	0	1	0	1	1	1	1	0	0	1	1	0	missing	1	brn	iapapaberry	1	-1	99	1	0	suppress:0	undefined	undefined	16384	16384	16384	1	2
tabletsofruin	onStart	902	-1	0	40	Water	1	1	0	20	20	1	8192	greninjabond	0	0	1	0	1	6	1	0	60	100	1	0	true	Move	0	psn	figyberry	2	0	0	0	0	suppress:0	undefined	true	8192	8192	8192	6	2
tabletsofruin	onStart	903	-1	0	61	Bug	0	1	1	100	20	-1	2048	pikachu	1	1	1	1	1	6	0	2	100	160	1	0	undefined	Move	0	psn	aguavberry	0	0	1	1	0	suppress:0	undefined	undefined	2048	2048	2048	6	2
tabletsofruin	onStart	904	-1	0	40	Bug	0	1	0	0	0	0	8	greninjaash	1	1	0	1	0	1	1	2	100	100	1	1	true	missing	1	psn	iapapaberry	1	-1	0	0	0	suppress:0|log:-ability:0:Tablets of Ruin:undefined	undefined	false	8	8	8	1	2
tabletsofruin	onStart	905	6	0	60	Bug	0	0	0	0	100	-1	2048	greninjaash	0	0	0	1	1	-1	0	1	100	0	0	1	true	Move	1	brn	magoberry	0	-1	-1	0	0	suppress:0|log:-ability:0:Tablets of Ruin:undefined	undefined	undefined	2048	2048	2048	-1	0
tabletsofruin	onStart	906	0	0	61	Ghost	0	0	0	100	20	-1	8	greninjabond	0	0	0	0	0	6	0	2	60	0	1	1	null	Move	1	psn	leftovers	2	-1	0	1	0	suppress:0|log:-ability:0:Tablets of Ruin:undefined	undefined	undefined	8	8	8	6	0
tabletsofruin	onStart	907	0	6	60	Bug	1	0	1	20	20	-1	8192	greninjabond	0	1	0	0	1	1	0	0	100	100	1	1	0	missing	1	brn	sitrusberry	1	1	-1	0	1	suppress:0|log:-ability:0:Tablets of Ruin:undefined	undefined	undefined	8192	8192	8192	1	0
tabletsofruin	onStart	908	1	1	61	Bug	0	0	0	20	20	0	24576	greninjaash	0	1	1	0	1	6	0	0	60	0	1	0	true	Ability	1	brn	wikiberry	0	0	1	1	0	suppress:0	undefined	false	24576	24576	24576	6	0
tabletsofruin	onStart	909	0	0	70	Bug	0	0	0	100	0	1	8192	greninjabond	1	1	1	0	1	-1	0	0	0	100	1	0	0	Ability	0	brn	sitrusberry	2	-1	1	1	0	suppress:0	undefined	true	8192	8192	8192	-1	0
tabletsofruin	onStart	910	0	6	70	Ghost	1	1	0	20	20	0	2048	pikachu	0	0	0	0	0	-1	0	1	0	160	0	0	undefined	missing	0	brn	sitrusberry	0	0	99	1	1	suppress:0|log:-ability:0:Tablets of Ruin:undefined	undefined	false	2048	2048	2048	-1	2
tabletsofruin	onStart	911	0	0	0	Dark	0	1	0	20	-1	1	2048	greninjabond	1	1	0	1	1	1	0	2	100	160	0	0	undefined	Ability	0	brn	wikiberry	0	1	99	0	1	suppress:0|log:-ability:0:Tablets of Ruin:undefined	undefined	true	2048	2048	2048	1	2
tabletsofruin	onStart	912	-1	1	61	Water	1	0	0	10	20	1	24576	greninjaash	0	1	1	0	0	-1	1	0	0	100	0	1	undefined	Ability	1	psn	figyberry	0	-1	-1	0	1	suppress:0	undefined	true	24576	24576	24576	-1	0
tabletsofruin	onStart	913	6	0	70	Bug	1	1	1	100	-1	-1	8192	greninjabond	1	1	1	1	0	-1	1	0	100	100	0	1	0	Move	0	psn	figyberry	2	0	1	0	0	suppress:0	undefined	undefined	8192	8192	8192	-1	2
tabletsofruin	onStart	914	-1	6	40	Water	0	1	0	10	0	0	24576	greninjaash	0	1	0	0	1	1	1	0	60	160	1	1	0	Move	0	brn	wikiberry	1	-1	0	0	0	suppress:0|log:-ability:0:Tablets of Ruin:undefined	undefined	false	24576	24576	24576	1	2
tabletsofruin	onStart	915	6	6	0	Fire	0	1	0	100	100	-1	8192	greninjabond	0	0	0	1	0	6	0	1	0	0	0	1	0	Ability	0	brn	leftovers	2	0	99	1	0	suppress:0|log:-ability:0:Tablets of Ruin:undefined	undefined	undefined	8192	8192	8192	6	2
tabletsofruin	onStart	916	0	6	0	Normal	1	1	0	20	20	1	8192	greninjaash	1	1	0	1	1	1	1	2	0	100	0	1	null	Ability	0	brn	aguavberry	2	-1	99	1	0	suppress:0|log:-ability:0:Tablets of Ruin:undefined	undefined	true	8192	8192	8192	1	2
tabletsofruin	onStart	917	6	6	60	Dark	1	1	0	0	0	-1	2048	pikachu	0	0	1	1	1	1	1	0	100	0	1	0	null	Ability	0	psn	figyberry	1	0	1	0	0	suppress:0	undefined	undefined	2048	2048	2048	1	2
tabletsofruin	onStart	918	1	1	0	Bug	0	1	1	20	-1	1	2048	pikachu	1	1	0	0	1	0	1	2	0	160	0	0	0	missing	1	psn	leftovers	0	1	0	0	1	suppress:0|log:-ability:0:Tablets of Ruin:undefined	undefined	true	2048	2048	2048	0	2
tabletsofruin	onStart	919	0	0	61	Dark	0	1	1	0	0	-1	2048	greninjabond	0	1	0	0	0	0	0	2	60	160	1	1	false	Move	0	brn	leftovers	1	-1	99	1	0	suppress:0|log:-ability:0:Tablets of Ruin:undefined	undefined	undefined	2048	2048	2048	0	2
tabletsofruin	onStart	920	-1	1	0	Bug	0	1	1	100	0	0	24576	pikachu	1	0	1	1	0	0	1	2	0	160	1	0	null	Ability	1	psn	aguavberry	2	0	99	1	1	suppress:0	undefined	false	24576	24576	24576	0	2
tabletsofruin	onStart	921	1	1	70	Fire	1	0	1	100	20	0	0	greninjaash	0	0	1	1	0	-1	0	0	60	100	0	0	undefined	missing	0	brn	sitrusberry	0	1	99	0	0	suppress:0	undefined	false	0	0	0	-1	0
tabletsofruin	onStart	922	6	1	70	Ghost	0	1	0	100	-1	0	2048	greninjabond	0	1	1	0	0	-1	1	2	60	0	0	0	false	Move	1	psn	iapapaberry	2	-1	1	0	1	suppress:0	undefined	false	2048	2048	2048	-1	2
tabletsofruin	onStart	923	1	0	0	Dark	0	1	1	100	0	0	2048	greninjaash	0	0	1	0	1	-1	1	2	0	0	1	0	null	missing	0	psn	aguavberry	2	1	0	0	1	suppress:0	undefined	false	2048	2048	2048	-1	2
tabletsofruin	onStart	924	6	1	40	Normal	1	1	1	10	20	0	16384	greninjaash	0	0	0	0	1	1	1	1	0	160	1	0	true	Ability	0	brn	aguavberry	2	0	-1	1	1	suppress:0|log:-ability:0:Tablets of Ruin:undefined	undefined	false	16384	16384	16384	1	2
tabletsofruin	onStart	925	0	0	61	Ghost	1	0	0	20	0	1	2048	greninjabond	1	1	1	1	0	-1	0	1	0	160	0	0	true	Move	1	psn	aguavberry	1	0	0	0	0	suppress:0	undefined	true	2048	2048	2048	-1	0
tabletsofruin	onStart	926	6	1	70	Dark	0	0	1	20	0	-1	8192	pikachu	1	1	0	0	0	0	1	1	100	0	0	0	0	missing	0	brn	figyberry	2	-1	99	0	0	suppress:0|log:-ability:0:Tablets of Ruin:undefined	undefined	undefined	8192	8192	8192	0	0
tabletsofruin	onStart	927	1	1	0	Normal	1	1	0	100	20	1	0	greninjaash	0	1	1	0	1	-1	0	1	0	160	0	0	true	Ability	0	brn	iapapaberry	1	0	-1	1	1	suppress:0	undefined	true	0	0	0	-1	2
tabletsofruin	onStart	928	-1	0	61	Normal	0	1	0	0	100	-1	8	pikachu	0	0	0	0	1	6	0	2	0	160	1	1	0	missing	0	psn	aguavberry	1	0	1	1	1	suppress:0|log:-ability:0:Tablets of Ruin:undefined	undefined	undefined	8	8	8	6	2
tabletsofruin	onStart	929	1	1	0	Fire	0	1	1	20	0	0	16384	pikachu	0	1	1	0	0	-1	1	2	60	0	0	0	null	missing	1	brn	sitrusberry	1	1	0	1	0	suppress:0	undefined	false	16384	16384	16384	-1	2
tabletsofruin	onStart	930	1	1	0	Bug	0	0	1	20	20	1	8	greninjabond	0	0	1	1	0	6	0	2	100	0	0	0	false	Ability	0	brn	aguavberry	2	-1	1	1	0	suppress:0	undefined	true	8	8	8	6	0
tabletsofruin	onStart	931	0	0	0	Fire	0	1	0	0	0	1	2048	pikachu	0	0	0	0	0	0	1	0	100	100	1	0	undefined	Ability	0	psn	figyberry	2	0	-1	0	0	suppress:0|log:-ability:0:Tablets of Ruin:undefined	undefined	true	2048	2048	2048	0	2
tabletsofruin	onStart	932	0	0	60	Water	0	0	0	0	20	1	2048	greninjabond	1	0	1	1	1	0	1	2	100	0	1	1	undefined	Ability	0	brn	iapapaberry	0	-1	0	1	1	suppress:0	undefined	true	2048	2048	2048	0	0
tabletsofruin	onStart	933	1	1	0	Normal	0	1	1	0	100	-1	8	greninjaash	1	0	0	0	0	1	1	1	0	160	0	1	null	Move	0	brn	leftovers	0	0	0	0	0	suppress:0|log:-ability:0:Tablets of Ruin:undefined	undefined	undefined	8	8	8	1	2
tabletsofruin	onStart	934	-1	6	61	Normal	0	0	1	20	100	0	2048	greninjaash	1	0	1	0	0	1	0	0	100	100	1	0	true	Ability	0	psn	sitrusberry	1	0	0	1	0	suppress:0	undefined	false	2048	2048	2048	1	0
tabletsofruin	onStart	935	6	1	70	Water	1	1	1	20	-1	-1	16384	pikachu	0	1	0	1	1	6	0	2	60	0	0	0	true	Move	1	psn	sitrusberry	1	1	-1	0	0	suppress:0|log:-ability:0:Tablets of Ruin:undefined	undefined	undefined	16384	16384	16384	6	2
tabletsofruin	onStart	936	0	1	70	Bug	1	0	0	10	-1	-1	2048	greninjaash	1	1	1	1	1	0	0	1	100	0	0	0	null	Move	0	psn	figyberry	2	-1	0	1	0	suppress:0	undefined	undefined	2048	2048	2048	0	0
tabletsofruin	onStart	937	1	1	61	Water	1	0	1	20	20	-1	24576	greninjabond	1	0	1	0	1	-1	0	2	60	0	0	1	undefined	Move	0	psn	wikiberry	2	1	1	1	1	suppress:0	undefined	undefined	24576	24576	24576	-1	0
tabletsofruin	onStart	938	1	0	61	Ghost	0	0	1	0	100	0	16384	greninjaash	1	0	1	1	1	1	1	1	0	160	0	0	true	Move	0	brn	magoberry	1	-1	1	0	0	suppress:0	undefined	false	16384	16384	16384	1	0
tabletsofruin	onStart	939	-1	6	40	Water	1	1	0	0	-1	1	16384	greninjaash	1	0	1	1	0	1	1	1	60	100	0	1	true	missing	0	brn	wikiberry	0	0	1	1	1	suppress:0	undefined	true	16384	16384	16384	1	2
tabletsofruin	onStart	940	6	0	40	Water	1	0	0	100	20	-1	16384	pikachu	1	1	0	0	1	0	0	2	100	160	0	0	true	missing	1	brn	sitrusberry	2	0	1	0	0	suppress:0|log:-ability:0:Tablets of Ruin:undefined	undefined	undefined	16384	16384	16384	0	0
tabletsofruin	onStart	941	-1	0	70	Ghost	1	0	1	10	100	0	0	greninjaash	0	1	0	0	0	-1	0	2	0	0	0	1	0	missing	1	brn	figyberry	0	0	-1	1	0	suppress:0|log:-ability:0:Tablets of Ruin:undefined	undefined	false	0	0	0	-1	0
tabletsofruin	onStart	942	1	0	60	Fire	0	1	0	20	20	0	0	pikachu	1	0	1	0	1	1	1	1	100	100	1	0	null	missing	1	psn	magoberry	0	-1	99	0	1	suppress:0	undefined	false	0	0	0	1	2
tabletsofruin	onStart	943	6	1	70	Ghost	1	1	1	0	0	-1	8192	greninjaash	0	1	1	1	0	1	1	0	0	160	1	1	false	Ability	1	psn	iapapaberry	1	-1	0	1	1	suppress:0	undefined	undefined	8192	8192	8192	1	2
tabletsofruin	onStart	944	0	1	61	Water	0	0	1	20	100	-1	2048	pikachu	1	0	1	0	1	1	0	0	100	160	1	1	undefined	Ability	0	psn	sitrusberry	2	1	-1	1	0	suppress:0	undefined	undefined	2048	2048	2048	1	0
tabletsofruin	onStart	945	0	0	0	Normal	1	1	1	10	100	0	16384	greninjaash	0	1	1	1	1	0	0	1	100	100	0	1	undefined	Ability	1	psn	magoberry	1	-1	-1	1	1	suppress:0	undefined	false	16384	16384	16384	0	2
tabletsofruin	onStart	946	0	0	0	Normal	1	0	1	20	0	0	2048	greninjaash	1	1	1	1	0	-1	0	2	60	160	1	0	false	missing	1	psn	iapapaberry	1	-1	1	1	1	suppress:0	undefined	false	2048	2048	2048	-1	0
tabletsofruin	onStart	947	1	6	60	Water	1	1	1	10	20	0	16384	greninjaash	1	0	0	1	1	6	1	1	60	100	1	1	false	missing	0	brn	leftovers	1	0	0	0	0	suppress:0|log:-ability:0:Tablets of Ruin:undefined	undefined	false	16384	16384	16384	6	2
tabletsofruin	onStart	948	0	1	0	Bug	0	1	1	20	100	-1	8192	greninjaash	0	1	0	1	0	-1	0	2	100	100	1	1	undefined	Move	1	brn	iapapaberry	0	-1	99	0	0	suppress:0|log:-ability:0:Tablets of Ruin:undefined	undefined	undefined	8192	8192	8192	-1	2
tabletsofruin	onStart	949	1	1	0	Fire	1	1	1	100	100	0	24576	greninjaash	1	0	0	1	1	1	0	1	100	0	0	0	null	missing	0	psn	wikiberry	0	0	-1	1	0	suppress:0|log:-ability:0:Tablets of Ruin:undefined	undefined	false	24576	24576	24576	1	2
tabletsofruin	onStart	950	6	6	70	Bug	0	1	0	20	-1	0	8192	greninjaash	1	0	1	0	0	6	1	2	60	0	1	0	false	missing	0	brn	magoberry	2	0	0	1	1	suppress:0	undefined	false	8192	8192	8192	6	2
tabletsofruin	onStart	951	-1	6	61	Ghost	0	1	0	100	20	1	8	greninjaash	1	1	0	0	1	0	1	0	0	0	0	1	undefined	Ability	1	brn	wikiberry	2	-1	1	1	0	suppress:0|log:-ability:0:Tablets of Ruin:undefined	undefined	true	8	8	8	0	2
tabletsofruin	onStart	952	0	0	60	Normal	1	1	0	100	-1	0	16384	pikachu	0	0	0	1	1	-1	1	2	0	0	1	0	null	missing	1	brn	iapapaberry	0	0	99	1	1	suppress:0|log:-ability:0:Tablets of Ruin:undefined	undefined	false	16384	16384	16384	-1	2
tabletsofruin	onStart	953	0	6	60	Dark	0	0	1	10	-1	1	24576	pikachu	1	0	0	1	1	0	1	2	100	100	1	1	undefined	Ability	0	brn	figyberry	0	-1	0	1	1	suppress:0|log:-ability:0:Tablets of Ruin:undefined	undefined	true	24576	24576	24576	0	0
tabletsofruin	onStart	954	-1	6	61	Ghost	1	1	0	0	20	-1	8192	pikachu	1	1	0	1	1	6	0	1	100	160	1	0	null	Ability	0	brn	iapapaberry	2	-1	1	0	1	suppress:0|log:-ability:0:Tablets of Ruin:undefined	undefined	undefined	8192	8192	8192	6	2
tabletsofruin	onStart	955	0	1	40	Dark	1	1	0	10	20	1	2048	greninjabond	1	0	0	0	0	-1	1	1	0	160	0	0	false	Ability	1	brn	sitrusberry	1	0	99	0	1	suppress:0|log:-ability:0:Tablets of Ruin:undefined	undefined	true	2048	2048	2048	-1	2
tabletsofruin	onStart	956	-1	6	40	Normal	1	0	0	10	100	1	24576	greninjabond	1	0	1	0	0	-1	0	0	100	100	1	0	true	missing	1	brn	sitrusberry	0	0	-1	0	1	suppress:0	undefined	true	24576	24576	24576	-1	0
tabletsofruin	onStart	957	6	0	61	Normal	0	0	1	0	20	0	2048	greninjaash	1	1	0	1	1	-1	1	2	100	160	0	0	0	Move	1	brn	sitrusberry	1	0	-1	1	0	suppress:0|log:-ability:0:Tablets of Ruin:undefined	undefined	false	2048	2048	2048	-1	0
tabletsofruin	onStart	958	-1	1	70	Fire	0	0	0	20	-1	0	16384	greninjabond	0	1	1	0	1	6	0	1	60	0	0	0	null	missing	0	psn	iapapaberry	2	-1	99	0	0	suppress:0	undefined	false	16384	16384	16384	6	0
tabletsofruin	onStart	959	0	0	60	Fire	0	1	1	10	-1	1	8192	greninjabond	1	1	0	1	1	-1	1	0	0	160	1	0	false	Ability	1	brn	figyberry	1	1	1	0	1	suppress:0|log:-ability:0:Tablets of Ruin:undefined	undefined	true	8192	8192	8192	-1	2
tabletsofruin	onStart	960	0	1	61	Normal	0	1	0	0	100	1	24576	pikachu	1	1	1	0	1	0	1	0	0	0	0	1	true	Move	1	brn	iapapaberry	0	-1	1	0	1	suppress:0	undefined	true	24576	24576	24576	0	2
tabletsofruin	onStart	961	0	6	61	Bug	1	1	0	10	100	1	16384	pikachu	1	0	0	0	1	0	0	0	0	0	1	0	undefined	missing	0	brn	aguavberry	0	1	99	0	1	suppress:0|log:-ability:0:Tablets of Ruin:undefined	undefined	true	16384	16384	16384	0	2
tabletsofruin	onStart	962	6	1	40	Normal	1	1	0	20	100	1	16384	greninjabond	1	0	0	1	0	0	1	2	60	100	1	0	undefined	Move	0	psn	sitrusberry	0	1	1	0	0	suppress:0|log:-ability:0:Tablets of Ruin:undefined	undefined	true	16384	16384	16384	0	2
tabletsofruin	onStart	963	-1	6	40	Dark	0	1	1	20	100	0	24576	pikachu	0	0	1	0	0	0	0	0	60	160	1	1	null	missing	1	psn	magoberry	2	1	1	1	0	suppress:0	undefined	false	24576	24576	24576	0	2
tabletsofruin	onStart	964	1	6	40	Water	0	0	0	0	100	1	24576	greninjabond	0	0	0	1	0	6	1	0	60	0	0	1	false	missing	0	brn	wikiberry	0	-1	0	0	1	suppress:0|log:-ability:0:Tablets of Ruin:undefined	undefined	true	24576	24576	24576	6	0
tabletsofruin	onStart	965	0	6	40	Normal	1	1	1	20	20	-1	8192	pikachu	0	1	0	1	1	1	0	0	0	160	0	1	false	missing	1	brn	sitrusberry	0	-1	99	1	0	suppress:0|log:-ability:0:Tablets of Ruin:undefined	undefined	undefined	8192	8192	8192	1	2
tabletsofruin	onStart	966	0	6	0	Bug	1	0	1	20	0	0	0	greninjabond	0	1	0	0	0	-1	1	2	60	100	0	0	undefined	missing	1	brn	leftovers	1	1	0	0	1	suppress:0|log:-ability:0:Tablets of Ruin:undefined	undefined	false	0	0	0	-1	0
tabletsofruin	onStart	967	0	6	61	Bug	0	1	0	0	0	-1	8192	greninjaash	1	1	1	1	0	6	1	2	60	0	0	0	null	missing	1	psn	magoberry	1	0	99	1	0	suppress:0	undefined	undefined	8192	8192	8192	6	2
tabletsofruin	onStart	968	0	0	0	Dark	0	0	1	10	-1	-1	8192	greninjaash	0	1	0	1	0	6	1	1	0	0	1	0	0	Move	1	brn	aguavberry	1	0	1	0	0	suppress:0|log:-ability:0:Tablets of Ruin:undefined	undefined	undefined	8192	8192	8192	6	0
tabletsofruin	onStart	969	0	0	40	Water	0	0	0	0	0	0	16384	greninjabond	0	1	0	0	0	0	1	1	0	160	1	0	false	Move	1	psn	magoberry	0	0	-1	0	1	suppress:0|log:-ability:0:Tablets of Ruin:undefined	undefined	false	16384	16384	16384	0	0
tabletsofruin	onStart	970	1	6	60	Ghost	1	0	0	0	0	-1	16384	greninjabond	1	0	0	1	0	-1	0	1	0	100	0	0	false	Move	1	brn	figyberry	2	1	1	1	0	suppress:0|log:-ability:0:Tablets of Ruin:undefined	undefined	undefined	16384	16384	16384	-1	0
tabletsofruin	onStart	971	1	6	61	Bug	0	1	0	100	0	1	24576	greninjaash	0	0	0	1	1	1	0	2	0	160	0	1	0	Ability	1	psn	wikiberry	1	0	-1	0	1	suppress:0|log:-ability:0:Tablets of Ruin:undefined	undefined	true	24576	24576	24576	1	2
tabletsofruin	onStart	972	-1	0	0	Water	0	1	1	100	100	0	2048	pikachu	1	1	0	0	0	6	1	0	60	160	1	0	false	Ability	0	brn	wikiberry	1	1	99	0	1	suppress:0|log:-ability:0:Tablets of Ruin:undefined	undefined	false	2048	2048	2048	6	2
tabletsofruin	onStart	973	6	0	70	Dark	1	0	1	100	20	0	24576	greninjabond	1	0	1	0	1	-1	1	2	100	100	1	1	undefined	Move	0	psn	wikiberry	1	1	99	0	0	suppress:0	undefined	false	24576	24576	24576	-1	0
tabletsofruin	onStart	974	1	0	70	Fire	1	0	1	20	100	-1	24576	pikachu	0	0	0	0	0	0	1	0	0	160	0	0	0	missing	0	psn	wikiberry	0	0	99	1	1	suppress:0|log:-ability:0:Tablets of Ruin:undefined	undefined	undefined	24576	24576	24576	0	0
tabletsofruin	onStart	975	1	6	40	Water	1	1	1	20	20	1	8192	greninjaash	0	0	0	0	1	1	1	1	60	100	0	1	true	Ability	1	psn	sitrusberry	0	0	99	0	1	suppress:0|log:-ability:0:Tablets of Ruin:undefined	undefined	true	8192	8192	8192	1	2
tabletsofruin	onStart	976	1	0	61	Ghost	1	1	0	20	0	0	24576	pikachu	1	0	0	1	0	-1	1	2	100	0	0	1	null	Move	0	brn	magoberry	2	-1	0	0	0	suppress:0|log:-ability:0:Tablets of Ruin:undefined	undefined	false	24576	24576	24576	-1	2
tabletsofruin	onStart	977	-1	0	60	Ghost	0	1	0	0	20	-1	8	greninjaash	1	0	0	1	0	0	0	2	60	160	1	1	true	Ability	0	psn	magoberry	1	1	1	0	1	suppress:0|log:-ability:0:Tablets of Ruin:undefined	undefined	undefined	8	8	8	0	2
tabletsofruin	onStart	978	1	0	61	Bug	1	0	1	20	-1	0	8192	greninjaash	0	0	1	1	1	1	0	1	0	0	0	0	false	Ability	0	psn	figyberry	1	-1	1	0	1	suppress:0	undefined	false	8192	8192	8192	1	0
tabletsofruin	onStart	979	0	1	0	Water	0	1	1	100	0	-1	24576	pikachu	0	0	1	1	0	6	0	2	0	0	0	0	false	Ability	1	brn	magoberry	1	1	99	0	0	suppress:0	undefined	undefined	24576	24576	24576	6	2
tabletsofruin	onStart	980	1	0	40	Water	1	1	0	20	100	-1	16384	pikachu	0	0	1	0	0	6	1	2	100	100	1	1	true	Move	0	brn	iapapaberry	2	0	-1	1	0	suppress:0	undefined	undefined	16384	16384	16384	6	2
tabletsofruin	onStart	981	0	0	0	Ghost	0	1	0	10	-1	1	2048	pikachu	1	1	1	0	0	1	0	0	60	0	1	1	0	Ability	1	psn	leftovers	1	1	1	0	0	suppress:0	undefined	true	2048	2048	2048	1	2
tabletsofruin	onStart	982	-1	1	70	Bug	1	1	1	20	20	-1	0	greninjaash	0	0	0	0	1	0	0	2	100	0	1	0	false	Move	0	brn	sitrusberry	1	1	1	0	0	suppress:0|log:-ability:0:Tablets of Ruin:undefined	undefined	undefined	0	0	0	0	2
tabletsofruin	onStart	983	6	0	0	Dark	1	0	1	10	-1	-1	24576	pikachu	0	0	1	0	0	0	0	0	60	160	1	0	undefined	missing	0	psn	iapapaberry	0	-1	-1	0	1	suppress:0	undefined	undefined	24576	24576	24576	0	0
tabletsofruin	onStart	984	1	1	61	Ghost	0	1	1	100	20	0	16384	pikachu	1	0	1	0	0	1	0	2	0	0	0	0	null	Move	0	brn	iapapaberry	2	1	-1	0	1	suppress:0	undefined	false	16384	16384	16384	1	2
tabletsofruin	onStart	985	-1	1	70	Dark	1	0	0	100	0	-1	16384	greninjaash	1	1	0	1	0	0	0	2	100	0	1	1	true	Ability	1	brn	sitrusberry	2	1	-1	1	1	suppress:0|log:-ability:0:Tablets of Ruin:undefined	undefined	undefined	16384	16384	16384	0	0
tabletsofruin	onStart	986	0	0	40	Ghost	0	1	1	0	20	-1	0	greninjaash	0	1	1	1	0	0	1	2	0	0	0	0	true	Ability	0	brn	magoberry	2	-1	1	1	1	suppress:0	undefined	undefined	0	0	0	0	2
tabletsofruin	onStart	987	-1	6	0	Ghost	1	1	1	0	-1	1	8	greninjabond	1	0	0	0	0	-1	0	2	100	100	1	0	0	Move	1	brn	aguavberry	1	1	1	1	0	suppress:0|log:-ability:0:Tablets of Ruin:undefined	undefined	true	8	8	8	-1	2
tabletsofruin	onStart	988	-1	0	40	Bug	0	0	0	10	100	1	2048	greninjaash	0	0	0	1	1	1	1	1	60	0	0	0	0	missing	1	brn	figyberry	0	-1	0	1	0	suppress:0|log:-ability:0:Tablets of Ruin:undefined	undefined	true	2048	2048	2048	1	0
tabletsofruin	onStart	989	1	0	70	Normal	1	0	0	100	-1	-1	8192	pikachu	0	0	1	1	0	-1	0	0	100	100	1	0	null	Ability	0	brn	leftovers	1	1	1	0	0	suppress:0	undefined	undefined	8192	8192	8192	-1	0
tabletsofruin	onStart	990	0	0	60	Fire	1	1	0	20	-1	-1	0	greninjaash	0	1	1	1	0	1	1	0	60	160	1	1	false	Move	1	psn	sitrusberry	0	-1	-1	1	0	suppress:0	undefined	undefined	0	0	0	1	2
tabletsofruin	onStart	991	-1	1	60	Dark	1	0	0	0	0	0	0	pikachu	0	0	0	1	0	0	0	1	60	160	0	0	0	Ability	0	brn	wikiberry	2	0	-1	1	0	suppress:0|log:-ability:0:Tablets of Ruin:undefined	undefined	false	0	0	0	0	0
tabletsofruin	onStart	992	1	0	60	Fire	1	0	1	0	0	-1	16384	greninjabond	0	1	0	1	0	6	0	2	0	0	1	1	0	Ability	0	brn	figyberry	2	-1	99	0	1	suppress:0|log:-ability:0:Tablets of Ruin:undefined	undefined	undefined	16384	16384	16384	6	0
tabletsofruin	onStart	993	-1	0	40	Bug	0	1	0	100	-1	-1	8192	greninjabond	0	0	1	1	1	0	1	2	0	100	0	0	undefined	missing	0	psn	magoberry	1	-1	0	1	1	suppress:0	undefined	undefined	8192	8192	8192	0	2
tabletsofruin	onStart	994	-1	0	61	Water	0	1	1	20	100	0	16384	greninjabond	0	1	1	1	1	6	0	0	60	160	1	0	false	Ability	1	psn	aguavberry	0	1	1	0	0	suppress:0	undefined	false	16384	16384	16384	6	2
tabletsofruin	onStart	995	1	1	0	Ghost	1	1	0	0	20	0	8	greninjaash	1	0	1	1	1	1	0	0	0	160	0	1	0	Move	1	psn	aguavberry	1	-1	-1	0	1	suppress:0	undefined	false	8	8	8	1	2
tabletsofruin	onStart	996	6	1	0	Normal	1	0	1	0	0	0	24576	pikachu	1	1	0	0	1	1	0	2	100	100	1	1	null	Ability	1	brn	figyberry	2	0	1	1	1	suppress:0|log:-ability:0:Tablets of Ruin:undefined	undefined	false	24576	24576	24576	1	0
tabletsofruin	onStart	997	-1	6	40	Fire	1	1	0	0	-1	-1	0	greninjaash	1	1	1	1	0	1	1	2	60	0	1	0	undefined	Move	1	brn	aguavberry	1	0	0	1	1	suppress:0	undefined	undefined	0	0	0	1	2
tabletsofruin	onStart	998	1	0	0	Normal	1	0	0	100	-1	0	24576	greninjaash	0	1	1	1	1	1	0	1	60	0	1	1	null	Ability	0	brn	sitrusberry	2	-1	1	0	1	suppress:0	undefined	false	24576	24576	24576	1	0
tabletsofruin	onStart	999	-1	0	61	Water	1	0	1	20	100	1	2048	greninjaash	1	0	0	1	1	-1	0	2	100	0	1	1	false	Ability	0	brn	wikiberry	2	-1	0	0	1	suppress:0|log:-ability:0:Tablets of Ruin:undefined	undefined	true	2048	2048	2048	-1	0
tabletsofruin	onStart	1000	1	6	61	Ghost	0	0	0	10	20	1	16384	greninjabond	1	1	0	0	0	0	0	1	0	160	0	0	undefined	Ability	1	brn	leftovers	1	1	1	1	1	suppress:0|log:-ability:0:Tablets of Ruin:undefined	undefined	true	16384	16384	16384	0	0
tabletsofruin	onStart	1001	6	1	40	Normal	0	0	1	20	100	-1	2048	greninjaash	1	1	1	0	1	0	0	0	60	100	0	0	true	missing	1	psn	wikiberry	2	-1	99	1	1	suppress:0	undefined	undefined	2048	2048	2048	0	0
tabletsofruin	onStart	1002	6	1	60	Ghost	0	0	0	0	-1	-1	24576	greninjaash	0	0	0	1	0	1	0	2	0	160	1	0	null	Move	0	brn	leftovers	0	1	1	1	1	suppress:0|log:-ability:0:Tablets of Ruin:undefined	undefined	undefined	24576	24576	24576	1	0
tabletsofruin	onStart	1003	0	1	61	Fire	1	1	1	10	20	1	24576	pikachu	1	0	1	1	0	6	1	1	60	0	1	1	false	Ability	0	psn	figyberry	1	1	99	0	0	suppress:0	undefined	true	24576	24576	24576	6	2
tabletsofruin	onStart	1004	0	1	0	Bug	0	1	0	100	0	-1	8192	pikachu	0	1	1	1	1	0	0	0	0	160	1	0	true	missing	1	brn	aguavberry	0	0	99	1	1	suppress:0	undefined	undefined	8192	8192	8192	0	2
tabletsofruin	onStart	1005	1	0	61	Fire	0	0	0	20	0	-1	8192	pikachu	1	0	1	0	1	0	0	1	100	0	1	1	0	missing	1	psn	sitrusberry	1	0	0	1	1	suppress:0	undefined	undefined	8192	8192	8192	0	0
tabletsofruin	onStart	1006	6	1	61	Dark	0	0	0	100	0	-1	16384	pikachu	1	1	1	1	0	6	0	0	60	0	1	1	undefined	Ability	1	psn	wikiberry	0	-1	-1	0	1	suppress:0	undefined	undefined	16384	16384	16384	6	0
tabletsofruin	onStart	1007	0	0	0	Normal	0	0	0	10	-1	-1	2048	greninjabond	1	0	1	0	0	6	0	1	60	160	0	1	null	Move	0	psn	iapapaberry	1	-1	0	0	0	suppress:0	undefined	undefined	2048	2048	2048	6	0
tabletsofruin	onStart	1008	1	6	40	Ghost	0	1	1	20	0	-1	24576	greninjaash	0	0	1	1	1	6	1	2	60	0	0	1	null	missing	1	brn	iapapaberry	1	-1	0	1	0	suppress:0	undefined	undefined	24576	24576	24576	6	2
tabletsofruin	onStart	1009	6	0	60	Dark	1	1	1	20	-1	0	8192	pikachu	1	0	1	0	1	0	1	2	0	100	0	1	undefined	missing	1	brn	figyberry	2	1	-1	0	1	suppress:0	undefined	false	8192	8192	8192	0	2
tabletsofruin	onStart	1010	1	0	60	Normal	0	0	0	20	20	1	0	greninjaash	0	0	0	1	1	0	1	2	100	0	1	0	false	Move	0	psn	figyberry	1	0	1	1	1	suppress:0|log:-ability:0:Tablets of Ruin:undefined	undefined	true	0	0	0	0	0
tabletsofruin	onStart	1011	-1	6	61	Bug	1	1	0	10	100	1	0	greninjabond	0	0	0	0	0	-1	1	2	60	160	0	0	0	Ability	0	psn	leftovers	2	-1	0	1	1	suppress:0|log:-ability:0:Tablets of Ruin:undefined	undefined	true	0	0	0	-1	2
tabletsofruin	onStart	1012	6	0	70	Normal	0	0	0	20	0	0	24576	greninjaash	1	0	0	0	1	0	0	1	60	160	0	1	null	Ability	0	brn	sitrusberry	0	0	-1	1	0	suppress:0|log:-ability:0:Tablets of Ruin:undefined	undefined	false	24576	24576	24576	0	0
tabletsofruin	onStart	1013	6	0	70	Water	1	1	0	100	0	0	24576	greninjaash	0	1	1	0	1	6	1	1	60	100	0	1	undefined	missing	0	brn	magoberry	1	0	0	1	1	suppress:0	undefined	false	24576	24576	24576	6	2
tabletsofruin	onStart	1014	-1	1	61	Ghost	0	1	0	100	100	1	24576	pikachu	1	0	0	1	0	6	1	0	60	0	0	1	0	missing	1	brn	wikiberry	1	1	1	1	0	suppress:0|log:-ability:0:Tablets of Ruin:undefined	undefined	true	24576	24576	24576	6	2
tabletsofruin	onStart	1015	1	0	40	Fire	0	0	1	100	0	-1	2048	greninjabond	1	0	0	0	0	1	0	2	100	100	0	0	true	Ability	0	psn	wikiberry	2	1	1	1	1	suppress:0|log:-ability:0:Tablets of Ruin:undefined	undefined	undefined	2048	2048	2048	1	0
tabletsofruin	onStart	1016	6	6	40	Dark	1	1	1	100	100	1	8192	greninjabond	1	1	0	0	1	-1	1	0	60	100	1	0	0	Ability	1	brn	sitrusberry	0	1	-1	1	0	suppress:0|log:-ability:0:Tablets of Ruin:undefined	undefined	true	8192	8192	8192	-1	2
tabletsofruin	onStart	1017	6	6	70	Fire	0	0	1	10	20	-1	8192	pikachu	0	1	1	1	0	0	0	1	60	160	0	1	false	Move	0	brn	iapapaberry	1	-1	1	0	1	suppress:0	undefined	undefined	8192	8192	8192	0	0
tabletsofruin	onStart	1018	0	0	60	Bug	0	0	0	0	100	-1	2048	pikachu	0	1	0	1	1	6	0	0	60	160	1	0	0	missing	1	brn	aguavberry	0	1	1	0	0	suppress:0|log:-ability:0:Tablets of Ruin:undefined	undefined	undefined	2048	2048	2048	6	0
tabletsofruin	onStart	1019	1	6	61	Bug	0	1	1	20	0	1	2048	greninjabond	0	0	1	0	1	0	1	2	60	100	0	1	false	Ability	0	brn	iapapaberry	0	0	-1	0	0	suppress:0	undefined	true	2048	2048	2048	0	2
tabletsofruin	onStart	1020	0	0	60	Water	1	0	1	10	0	-1	16384	pikachu	0	0	0	1	1	-1	1	0	0	100	1	0	null	missing	0	psn	sitrusberry	1	0	0	1	0	suppress:0|log:-ability:0:Tablets of Ruin:undefined	undefined	undefined	16384	16384	16384	-1	0
tabletsofruin	onStart	1021	0	1	60	Water	0	0	1	10	0	0	0	greninjaash	1	0	0	0	1	0	0	2	0	100	0	0	false	Move	1	brn	figyberry	0	1	-1	0	1	suppress:0|log:-ability:0:Tablets of Ruin:undefined	undefined	false	0	0	0	0	0
tabletsofruin	onStart	1022	1	0	0	Bug	0	1	1	100	20	0	8	greninjaash	1	0	0	1	1	-1	0	0	60	100	0	1	null	Ability	0	psn	iapapaberry	2	0	-1	0	0	suppress:0|log:-ability:0:Tablets of Ruin:undefined	undefined	false	8	8	8	-1	2
tabletsofruin	onStart	1023	1	0	40	Dark	0	0	1	20	100	0	0	pikachu	0	0	1	1	1	0	1	1	100	0	1	0	true	Ability	1	brn	sitrusberry	1	1	99	0	0	suppress:0	undefined	false	0	0	0	0	0
tabletsofruin	onStart	1024	6	1	40	Fire	0	0	0	0	-1	1	24576	greninjabond	0	1	0	1	1	1	1	1	100	0	0	1	undefined	Move	0	brn	magoberry	2	-1	99	1	1	suppress:0|log:-ability:0:Tablets of Ruin:undefined	undefined	true	24576	24576	24576	1	0
tabletsofruin	onStart	1025	1	1	61	Normal	0	1	1	10	0	-1	0	greninjaash	1	0	1	1	0	0	1	2	0	0	0	1	false	Move	1	psn	iapapaberry	0	-1	99	0	1	suppress:0	undefined	undefined	0	0	0	0	2
tabletsofruin	onStart	1026	0	6	61	Fire	1	1	0	20	0	1	8	greninjabond	1	1	1	1	0	1	0	1	0	0	0	0	null	Ability	0	psn	figyberry	2	-1	1	1	0	suppress:0	undefined	true	8	8	8	1	2
tabletsofruin	onStart	1027	0	6	40	Ghost	0	1	1	100	0	0	0	pikachu	0	0	0	1	0	1	1	1	100	0	1	1	null	Move	0	brn	magoberry	2	1	1	0	1	suppress:0|log:-ability:0:Tablets of Ruin:undefined	undefined	false	0	0	0	1	2
tabletsofruin	onStart	1028	6	6	40	Fire	0	1	0	0	0	0	16384	greninjabond	0	1	1	0	1	-1	1	2	60	160	0	1	undefined	Move	0	psn	magoberry	0	1	1	0	0	suppress:0	undefined	false	16384	16384	16384	-1	2
tabletsofruin	onStart	1029	6	0	0	Fire	0	0	1	20	0	-1	24576	greninjaash	0	1	0	1	0	6	0	1	60	100	0	0	undefined	Ability	0	psn	figyberry	2	1	-1	0	1	suppress:0|log:-ability:0:Tablets of Ruin:undefined	undefined	undefined	24576	24576	24576	6	0
tabletsofruin	onStart	1030	6	6	61	Fire	0	0	1	100	-1	1	16384	greninjaash	1	1	0	1	0	-1	0	0	0	0	0	1	0	Move	1	brn	sitrusberry	2	0	1	1	1	suppress:0|log:-ability:0:Tablets of Ruin:undefined	undefined	true	16384	16384	16384	-1	0
tabletsofruin	onStart	1031	6	6	70	Dark	1	0	0	0	-1	0	8192	greninjaash	0	0	0	0	0	-1	1	1	0	160	0	1	true	Move	1	brn	sitrusberry	2	1	99	0	1	suppress:0|log:-ability:0:Tablets of Ruin:undefined	undefined	false	8192	8192	8192	-1	0
tabletsofruin	onStart	1032	6	0	0	Dark	1	0	1	10	100	1	16384	greninjabond	0	0	1	0	1	6	0	1	0	0	0	0	undefined	Ability	0	brn	sitrusberry	1	0	1	1	1	suppress:0	undefined	true	16384	16384	16384	6	0
tabletsofruin	onStart	1033	1	1	61	Fire	1	1	1	10	20	-1	24576	greninjabond	1	1	1	0	0	0	1	1	60	100	1	0	undefined	missing	0	psn	magoberry	2	1	0	1	1	suppress:0	undefined	undefined	24576	24576	24576	0	2
tabletsofruin	onStart	1034	-1	1	60	Bug	1	1	1	0	-1	0	0	pikachu	1	1	1	1	1	-1	1	1	60	100	0	0	null	Move	0	brn	leftovers	1	1	1	0	1	suppress:0	undefined	false	0	0	0	-1	2
tabletsofruin	onStart	1035	-1	6	40	Ghost	0	1	0	100	-1	0	2048	greninjabond	1	0	1	1	0	6	1	2	60	100	0	0	null	missing	0	psn	figyberry	0	-1	0	1	0	suppress:0	undefined	false	2048	2048	2048	6	2
tabletsofruin	onStart	1036	0	0	60	Fire	1	1	1	100	-1	0	2048	greninjabond	1	0	0	1	0	-1	1	1	60	100	0	1	false	missing	0	psn	sitrusberry	2	0	99	0	1	suppress:0|log:-ability:0:Tablets of Ruin:undefined	undefined	false	2048	2048	2048	-1	2
tabletsofruin	onStart	1037	-1	6	0	Ghost	1	1	1	0	100	0	2048	greninjabond	0	0	0	1	0	0	1	0	100	160	0	1	false	Move	1	psn	iapapaberry	2	-1	99	0	1	suppress:0|log:-ability:0:Tablets of Ruin:undefined	undefined	false	2048	2048	2048	0	2
tabletsofruin	onStart	1038	-1	0	70	Water	0	0	1	100	-1	-1	24576	greninjaash	1	1	1	1	1	0	1	1	0	100	1	1	0	missing	1	psn	iapapaberry	2	1	-1	0	0	suppress:0	undefined	undefined	24576	24576	24576	0	0
tabletsofruin	onStart	1039	-1	0	70	Bug	1	0	1	100	0	0	8192	greninjaash	0	0	1	0	0	6	1	1	0	100	1	1	undefined	missing	1	psn	leftovers	1	0	-1	1	0	suppress:0	undefined	false	8192	8192	8192	6	0
tabletsofruin	onStart	1040	6	6	40	Fire	0	1	1	20	-1	0	16384	pikachu	1	0	0	1	1	0	0	2	60	100	1	0	0	missing	0	brn	iapapaberry	0	0	0	1	0	suppress:0|log:-ability:0:Tablets of Ruin:undefined	undefined	false	16384	16384	16384	0	2
tabletsofruin	onStart	1041	1	6	61	Dark	0	0	0	0	0	-1	16384	pikachu	0	0	0	0	1	0	0	1	60	0	1	0	false	missing	1	brn	iapapaberry	2	0	99	1	1	suppress:0|log:-ability:0:Tablets of Ruin:undefined	undefined	undefined	16384	16384	16384	0	0
tabletsofruin	onStart	1042	6	1	61	Ghost	1	0	1	20	100	-1	2048	greninjabond	1	0	1	1	0	6	0	2	100	0	0	0	true	Move	1	psn	figyberry	1	0	1	1	1	suppress:0	undefined	undefined	2048	2048	2048	6	0
tabletsofruin	onStart	1043	1	6	70	Normal	1	0	1	0	20	-1	0	pikachu	1	1	1	0	1	-1	1	1	0	100	1	0	null	Move	1	psn	sitrusberry	2	-1	-1	0	1	suppress:0	undefined	undefined	0	0	0	-1	0
tabletsofruin	onStart	1044	-1	1	40	Ghost	0	0	1	100	-1	1	0	greninjaash	0	0	1	0	0	6	0	1	60	160	1	0	undefined	missing	1	psn	leftovers	1	-1	-1	0	1	suppress:0	undefined	true	0	0	0	6	0
tabletsofruin	onStart	1045	1	0	60	Normal	0	0	1	10	100	1	24576	pikachu	1	1	0	0	0	6	0	2	0	0	0	1	0	Ability	1	brn	wikiberry	2	0	99	1	1	suppress:0|log:-ability:0:Tablets of Ruin:undefined	undefined	true	24576	24576	24576	6	0
tabletsofruin	onStart	1046	0	1	70	Dark	1	0	0	100	0	1	8	greninjaash	0	0	1	1	0	1	0	0	60	160	1	1	undefined	missing	0	brn	iapapaberry	2	1	1	1	0	suppress:0	undefined	true	8	8	8	1	0
tabletsofruin	onStart	1047	-1	0	61	Water	1	0	0	10	100	1	24576	greninjabond	1	0	1	1	1	1	1	0	60	160	0	0	false	Move	1	psn	magoberry	2	-1	-1	0	1	suppress:0	undefined	true	24576	24576	24576	1	0
tabletsofruin	onStart	1048	6	0	61	Fire	1	0	0	0	100	-1	16384	pikachu	0	1	0	0	1	1	0	2	60	160	0	1	null	Ability	0	brn	aguavberry	1	0	-1	0	0	suppress:0|log:-ability:0:Tablets of Ruin:undefined	undefined	undefined	16384	16384	16384	1	0
tabletsofruin	onStart	1049	0	6	70	Bug	0	1	0	0	-1	1	24576	greninjaash	1	1	0	0	1	0	1	0	60	0	1	1	null	missing	1	psn	sitrusberry	0	-1	-1	1	1	suppress:0|log:-ability:0:Tablets of Ruin:undefined	undefined	true	24576	24576	24576	0	2
tabletsofruin	onStart	1050	1	6	0	Bug	1	0	1	0	0	0	8192	pikachu	1	0	0	1	1	0	0	0	60	160	1	1	false	Ability	0	brn	leftovers	2	0	99	1	0	suppress:0|log:-ability:0:Tablets of Ruin:undefined	undefined	false	8192	8192	8192	0	0
tabletsofruin	onStart	1051	0	6	0	Water	1	0	0	0	100	0	24576	pikachu	1	1	0	1	0	0	0	2	60	100	0	1	false	Move	1	brn	wikiberry	0	-1	1	1	0	suppress:0|log:-ability:0:Tablets of Ruin:undefined	undefined	false	24576	24576	24576	0	0
tabletsofruin	onStart	1052	1	1	60	Ghost	0	0	0	20	-1	-1	8	greninjabond	1	1	1	1	0	6	0	0	100	100	0	1	null	missing	1	psn	iapapaberry	0	0	0	0	0	suppress:0	undefined	undefined	8	8	8	6	0
tabletsofruin	onStart	1053	-1	1	40	Water	0	1	1	100	100	-1	8	pikachu	0	0	0	0	1	0	1	0	60	0	1	1	null	Ability	0	brn	figyberry	0	0	1	1	1	suppress:0|log:-ability:0:Tablets of Ruin:undefined	undefined	undefined	8	8	8	0	2
tabletsofruin	onStart	1054	1	1	61	Water	1	1	0	100	100	1	16384	greninjabond	0	0	1	1	1	1	0	0	100	160	1	1	true	Ability	1	psn	aguavberry	1	1	-1	1	1	suppress:0	undefined	true	16384	16384	16384	1	2
tabletsofruin	onStart	1055	0	0	0	Ghost	0	0	1	0	-1	1	8192	greninjaash	1	0	0	1	0	0	1	0	60	160	1	1	true	missing	1	psn	sitrusberry	0	1	0	0	0	suppress:0|log:-ability:0:Tablets of Ruin:undefined	undefined	true	8192	8192	8192	0	0
tabletsofruin	onStart	1056	6	0	70	Dark	1	0	1	10	20	-1	16384	greninjabond	1	1	1	1	0	-1	1	1	0	0	0	0	0	missing	1	brn	sitrusberry	1	0	99	0	0	suppress:0	undefined	undefined	16384	16384	16384	-1	0
tabletsofruin	onStart	1057	0	0	40	Water	1	0	0	100	100	-1	8192	greninjaash	1	0	0	1	1	0	0	1	60	100	1	1	0	Move	0	psn	magoberry	2	0	1	0	1	suppress:0|log:-ability:0:Tablets of Ruin:undefined	undefined	undefined	8192	8192	8192	0	0
tabletsofruin	onStart	1058	0	0	61	Fire	1	1	0	100	-1	1	0	greninjabond	1	1	0	0	1	-1	1	1	100	0	1	1	true	missing	1	psn	aguavberry	2	-1	99	0	1	suppress:0|log:-ability:0:Tablets of Ruin:undefined	undefined	true	0	0	0	-1	2
tabletsofruin	onStart	1059	-1	1	70	Water	1	0	1	10	100	-1	8192	greninjabond	1	1	1	1	1	1	0	2	100	0	0	1	false	Ability	1	brn	iapapaberry	0	-1	0	1	1	suppress:0	undefined	undefined	8192	8192	8192	1	0
tabletsofruin	onStart	1060	-1	1	0	Dark	1	1	1	10	-1	-1	24576	greninjaash	0	1	0	0	0	1	0	0	0	100	0	0	undefined	Ability	1	psn	aguavberry	1	0	1	0	0	suppress:0|log:-ability:0:Tablets of Ruin:undefined	undefined	undefined	24576	24576	24576	1	2
tabletsofruin	onStart	1061	0	0	0	Ghost	1	0	0	10	20	0	0	greninjabond	0	1	1	1	1	6	0	1	100	160	1	0	0	Move	1	psn	aguavberry	0	1	1	1	1	suppress:0	undefined	false	0	0	0	6	0
tabletsofruin	onStart	1062	6	1	70	Fire	1	1	0	100	20	1	8192	greninjabond	0	1	0	1	1	6	1	2	60	0	0	1	true	Move	1	brn	wikiberry	0	0	1	0	1	suppress:0|log:-ability:0:Tablets of Ruin:undefined	undefined	true	8192	8192	8192	6	2
tabletsofruin	onStart	1063	1	6	61	Dark	0	0	0	100	0	1	24576	pikachu	1	0	1	0	0	-1	1	1	100	160	1	1	null	Move	0	brn	sitrusberry	0	1	0	1	1	suppress:0	undefined	true	24576	24576	24576	-1	0
tabletsofruin	onStart	1064	-1	1	60	Dark	0	1	1	20	0	-1	24576	greninjabond	0	0	0	0	0	1	1	1	60	100	1	1	0	Move	1	brn	aguavberry	2	-1	1	0	1	suppress:0|log:-ability:0:Tablets of Ruin:undefined	undefined	undefined	24576	24576	24576	1	2
tabletsofruin	onStart	1065	0	1	60	Ghost	0	1	0	100	-1	0	0	greninjabond	0	1	0	1	0	0	1	2	100	100	1	0	0	missing	1	brn	figyberry	1	-1	99	0	0	suppress:0|log:-ability:0:Tablets of Ruin:undefined	undefined	false	0	0	0	0	2
tabletsofruin	onStart	1066	0	0	60	Bug	1	1	0	10	20	0	24576	greninjaash	0	1	0	0	0	6	0	0	100	0	1	1	false	missing	1	psn	iapapaberry	2	-1	99	1	1	suppress:0|log:-ability:0:Tablets of Ruin:undefined	undefined	false	24576	24576	24576	6	2
tabletsofruin	onStart	1067	6	1	0	Dark	0	0	1	10	0	-1	24576	greninjabond	0	1	0	0	1	6	0	2	100	100	1	0	undefined	missing	1	psn	magoberry	1	1	99	0	0	suppress:0|log:-ability:0:Tablets of Ruin:undefined	undefined	undefined	24576	24576	24576	6	0
tabletsofruin	onStart	1068	1	6	61	Fire	0	1	1	0	-1	1	24576	greninjaash	0	0	1	1	0	1	1	0	0	160	1	1	0	missing	0	psn	leftovers	0	1	99	1	1	suppress:0	undefined	true	24576	24576	24576	1	2
tabletsofruin	onStart	1069	6	6	0	Bug	0	1	0	20	20	-1	8192	pikachu	1	0	1	1	1	0	1	2	0	160	1	0	true	Ability	0	psn	figyberry	1	-1	0	0	1	suppress:0	undefined	undefined	8192	8192	8192	0	2
tabletsofruin	onStart	1070	0	1	70	Bug	1	0	1	100	-1	1	24576	greninjabond	0	1	0	1	0	6	0	2	60	160	0	1	0	Move	0	brn	magoberry	2	-1	-1	1	0	suppress:0|log:-ability:0:Tablets of Ruin:undefined	undefined	true	24576	24576	24576	6	0
tabletsofruin	onStart	1071	1	6	60	Bug	0	0	0	10	100	0	16384	greninjabond	1	0	0	0	1	6	0	0	60	100	0	0	true	Ability	0	brn	wikiberry	2	0	1	0	0	suppress:0|log:-ability:0:Tablets of Ruin:undefined	undefined	false	16384	16384	16384	6	0
tabletsofruin	onStart	1072	-1	6	60	Fire	1	1	0	100	20	-1	8192	greninjaash	0	1	0	1	0	6	1	2	60	160	0	0	false	Ability	1	brn	iapapaberry	0	1	0	0	1	suppress:0|log:-ability:0:Tablets of Ruin:undefined	undefined	undefined	8192	8192	8192	6	2
tabletsofruin	onStart	1073	-1	1	61	Dark	0	0	0	20	20	1	24576	pikachu	1	0	0	0	0	1	1	2	60	160	1	0	null	Move	0	brn	sitrusberry	2	-1	0	0	0	suppress:0|log:-ability:0:Tablets of Ruin:undefined	undefined	true	24576	24576	24576	1	0
tabletsofruin	onStart	1074	-1	0	61	Dark	0	1	0	100	100	-1	8192	greninjabond	0	0	0	0	1	0	1	0	0	100	0	1	null	Move	0	brn	sitrusberry	1	1	99	0	0	suppress:0|log:-ability:0:Tablets of Ruin:undefined	undefined	undefined	8192	8192	8192	0	2
tabletsofruin	onStart	1075	0	6	60	Dark	0	0	0	20	-1	0	24576	pikachu	0	1	1	0	0	-1	0	1	0	100	0	0	0	missing	1	psn	aguavberry	0	-1	1	1	1	suppress:0	undefined	false	24576	24576	24576	-1	0
tabletsofruin	onStart	1076	-1	1	60	Ghost	1	0	0	100	20	0	2048	greninjabond	1	0	1	0	1	0	1	1	0	0	0	0	false	missing	0	psn	sitrusberry	2	-1	-1	1	1	suppress:0	undefined	false	2048	2048	2048	0	0
tabletsofruin	onStart	1077	0	0	0	Normal	0	0	0	0	20	1	2048	greninjaash	0	1	1	0	0	6	1	1	100	100	1	1	null	Move	1	brn	leftovers	2	1	0	0	1	suppress:0	undefined	true	2048	2048	2048	6	0
tabletsofruin	onStart	1078	1	0	70	Ghost	1	0	1	100	0	-1	0	pikachu	0	1	0	1	1	-1	0	1	0	100	0	1	null	Ability	1	psn	figyberry	0	-1	1	0	0	suppress:0|log:-ability:0:Tablets of Ruin:undefined	undefined	undefined	0	0	0	-1	0
tabletsofruin	onStart	1079	6	6	60	Bug	1	0	1	0	-1	-1	0	pikachu	0	0	1	1	0	1	0	0	100	160	1	0	undefined	Ability	0	psn	aguavberry	0	0	99	0	1	suppress:0	undefined	undefined	0	0	0	1	0
tabletsofruin	onStart	1080	-1	1	0	Ghost	0	0	1	0	0	-1	8	greninjaash	1	1	1	0	0	0	0	2	100	0	0	1	undefined	Ability	0	psn	aguavberry	2	0	-1	0	0	suppress:0	undefined	undefined	8	8	8	0	0
tabletsofruin	onStart	1081	-1	1	0	Normal	1	1	0	20	0	0	16384	pikachu	0	1	1	0	0	1	0	2	60	160	0	0	0	missing	1	psn	leftovers	0	0	1	0	0	suppress:0	undefined	false	16384	16384	16384	1	2
tabletsofruin	onStart	1082	6	6	70	Normal	0	0	1	10	-1	1	2048	pikachu	0	0	1	0	0	-1	1	1	0	0	0	1	true	missing	1	psn	sitrusberry	2	0	99	1	0	suppress:0	undefined	true	2048	2048	2048	-1	0
tabletsofruin	onStart	1083	-1	1	40	Water	0	0	1	20	-1	1	8192	pikachu	0	1	1	1	1	0	0	2	0	160	1	1	true	Move	0	psn	figyberry	2	0	-1	1	0	suppress:0	undefined	true	8192	8192	8192	0	0
tabletsofruin	onStart	1084	6	0	0	Ghost	0	1	1	20	20	-1	2048	greninjabond	0	1	0	1	1	0	1	2	100	160	0	1	null	missing	0	psn	wikiberry	1	-1	0	1	0	suppress:0|log:-ability:0:Tablets of Ruin:undefined	undefined	undefined	2048	2048	2048	0	2
tabletsofruin	onStart	1085	1	1	0	Dark	1	1	0	10	-1	0	24576	greninjabond	0	0	1	0	0	0	0	2	0	100	1	1	0	Ability	0	psn	wikiberry	2	0	0	0	1	suppress:0	undefined	false	24576	24576	24576	0	2
tabletsofruin	onStart	1086	6	0	40	Normal	1	1	1	100	0	0	8192	greninjaash	1	0	0	1	0	-1	1	0	0	100	1	1	true	missing	1	brn	magoberry	0	1	-1	1	1	suppress:0|log:-ability:0:Tablets of Ruin:undefined	undefined	false	8192	8192	8192	-1	2
tabletsofruin	onStart	1087	-1	0	0	Normal	1	0	0	20	0	0	0	greninjabond	0	0	1	0	0	0	0	1	100	100	0	1	false	Ability	0	psn	aguavberry	2	0	99	1	0	suppress:0	undefined	false	0	0	0	0	0
tabletsofruin	onStart	1088	-1	6	40	Ghost	1	0	1	10	20	-1	0	pikachu	0	0	0	1	0	1	0	1	60	160	1	0	true	Move	0	psn	leftovers	1	0	99	1	0	suppress:0|log:-ability:0:Tablets of Ruin:undefined	undefined	undefined	0	0	0	1	0
tabletsofruin	onStart	1089	-1	0	70	Ghost	0	0	1	20	20	-1	8192	pikachu	0	1	1	1	0	1	1	0	60	0	0	1	false	Ability	1	psn	magoberry	1	-1	-1	1	0	suppress:0	undefined	undefined	8192	8192	8192	1	0
tabletsofruin	onStart	1090	1	6	40	Ghost	0	0	1	100	20	0	24576	pikachu	0	1	1	0	1	1	0	1	100	100	0	1	null	Move	1	brn	leftovers	0	1	99	1	1	suppress:0	undefined	false	24576	24576	24576	1	0
tabletsofruin	onStart	1091	6	1	70	Water	1	0	0	100	20	0	16384	greninjabond	1	1	0	1	1	1	1	0	0	0	0	0	false	Ability	0	brn	leftovers	0	0	99	0	1	suppress:0|log:-ability:0:Tablets of Ruin:undefined	undefined	false	16384	16384	16384	1	0
tabletsofruin	onStart	1092	0	1	0	Fire	1	1	1	10	20	0	16384	pikachu	1	1	1	0	1	-1	0	0	0	160	1	0	null	missing	1	psn	wikiberry	1	1	1	1	0	suppress:0	undefined	false	16384	16384	16384	-1	2
tabletsofruin	onStart	1093	-1	6	60	Ghost	0	0	0	100	-1	1	0	greninjaash	1	0	1	0	0	6	1	0	100	160	1	0	null	missing	0	psn	wikiberry	0	-1	-1	0	1	suppress:0	undefined	true	0	0	0	6	0
tabletsofruin	onStart	1094	-1	1	60	Fire	0	1	0	100	100	0	8192	greninjabond	1	0	1	1	1	0	0	2	100	100	1	1	null	Move	0	psn	aguavberry	0	0	1	1	0	suppress:0	undefined	false	8192	8192	8192	0	2
tabletsofruin	onStart	1095	-1	6	40	Ghost	1	0	1	10	100	1	16384	greninjabond	0	0	0	0	1	-1	0	0	0	0	1	1	0	Move	0	brn	sitrusberry	2	0	-1	0	1	suppress:0|log:-ability:0:Tablets of Ruin:undefined	undefined	true	16384	16384	16384	-1	0
tabletsofruin	onStart	1096	-1	1	40	Normal	1	1	0	20	0	1	16384	greninjaash	1	0	1	0	1	-1	0	2	100	160	0	1	false	Ability	0	psn	magoberry	0	-1	99	1	1	suppress:0	undefined	true	16384	16384	16384	-1	2
tabletsofruin	onStart	1097	-1	0	60	Fire	1	1	1	10	100	-1	8192	greninjabond	1	0	1	1	1	1	0	2	60	160	0	1	0	Ability	0	brn	aguavberry	1	-1	0	1	0	suppress:0	undefined	undefined	8192	8192	8192	1	2
tabletsofruin	onStart	1098	0	6	61	Water	0	1	1	10	100	-1	24576	greninjaash	0	1	1	0	1	0	1	2	100	160	1	1	null	Move	0	psn	sitrusberry	2	-1	99	0	1	suppress:0	undefined	undefined	24576	24576	24576	0	2
tabletsofruin	onStart	1099	0	6	40	Ghost	1	0	1	0	100	1	16384	pikachu	1	1	1	0	0	6	1	0	60	0	1	0	null	Ability	0	brn	sitrusberry	0	0	0	1	0	suppress:0	undefined	true	16384	16384	16384	6	0
tabletsofruin	onStart	1100	6	1	61	Dark	1	0	0	0	20	-1	8192	pikachu	0	0	1	1	1	-1	0	0	60	160	0	1	true	Ability	1	psn	aguavberry	0	1	-1	1	0	suppress:0	undefined	undefined	8192	8192	8192	-1	0
tabletsofruin	onStart	1101	1	1	40	Normal	0	1	0	0	-1	1	0	greninjabond	0	1	0	1	0	0	0	0	100	160	0	0	false	Move	1	brn	magoberry	2	0	-1	1	1	suppress:0|log:-ability:0:Tablets of Ruin:undefined	undefined	true	0	0	0	0	2
tabletsofruin	onStart	1102	0	1	0	Bug	0	1	0	100	20	1	0	greninjaash	1	1	1	1	1	1	0	0	0	100	1	1	0	missing	1	brn	leftovers	2	-1	-1	0	0	suppress:0	undefined	true	0	0	0	1	2
tabletsofruin	onStart	1103	0	0	60	Ghost	0	0	0	100	-1	0	0	pikachu	1	1	1	1	0	6	0	1	0	100	1	0	false	missing	0	brn	wikiberry	0	1	-1	1	0	suppress:0	undefined	false	0	0	0	6	0
tabletsofruin	onStart	1104	0	6	61	Normal	0	0	1	100	100	-1	2048	greninjabond	0	1	1	0	1	0	0	0	0	100	1	0	null	missing	1	psn	wikiberry	2	-1	1	1	1	suppress:0	undefined	undefined	2048	2048	2048	0	0
tabletsofruin	onStart	1105	6	0	40	Water	1	0	1	10	-1	1	0	greninjaash	0	1	1	0	1	1	1	0	0	0	0	0	undefined	Move	1	brn	leftovers	1	-1	99	1	0	suppress:0	undefined	true	0	0	0	1	0
tabletsofruin	onStart	1106	0	6	0	Fire	0	1	0	100	0	0	16384	greninjaash	1	1	0	0	0	6	1	2	100	100	1	1	undefined	Move	1	brn	sitrusberry	2	1	99	1	0	suppress:0|log:-ability:0:Tablets of Ruin:undefined	undefined	false	16384	16384	16384	6	2
tabletsofruin	onStart	1107	-1	0	61	Dark	1	0	0	0	100	1	2048	greninjabond	1	1	0	0	1	-1	1	2	100	0	1	1	undefined	Ability	0	psn	figyberry	0	0	-1	1	1	suppress:0|log:-ability:0:Tablets of Ruin:undefined	undefined	true	2048	2048	2048	-1	0
tabletsofruin	onStart	1108	0	1	60	Dark	0	0	1	100	20	0	24576	greninjabond	1	1	0	1	1	-1	0	1	60	160	0	0	true	Ability	1	psn	sitrusberry	1	-1	0	0	1	suppress:0|log:-ability:0:Tablets of Ruin:undefined	undefined	false	24576	24576	24576	-1	0
tabletsofruin	onStart	1109	-1	1	70	Water	1	0	1	20	0	1	8192	greninjaash	0	0	0	1	1	6	1	0	60	100	0	0	0	Ability	0	brn	aguavberry	1	1	99	1	1	suppress:0|log:-ability:0:Tablets of Ruin:undefined	undefined	true	8192	8192	8192	6	0
tabletsofruin	onStart	1110	6	0	60	Ghost	0	0	0	100	-1	1	8	pikachu	1	1	1	1	0	1	1	0	0	100	0	1	undefined	Ability	1	psn	sitrusberry	2	1	99	1	1	suppress:0	undefined	true	8	8	8	1	0
tabletsofruin	onStart	1111	1	0	0	Water	0	1	0	20	0	0	2048	greninjaash	1	1	0	1	1	1	1	2	60	160	0	1	true	missing	1	brn	figyberry	1	1	0	1	0	suppress:0|log:-ability:0:Tablets of Ruin:undefined	undefined	false	2048	2048	2048	1	2
tabletsofruin	onStart	1112	0	1	60	Water	1	0	0	0	-1	0	8	pikachu	0	1	0	1	1	6	1	2	100	0	1	1	0	Ability	1	psn	magoberry	2	-1	0	1	0	suppress:0|log:-ability:0:Tablets of Ruin:undefined	undefined	false	8	8	8	6	0
tabletsofruin	onStart	1113	6	0	70	Water	0	1	1	0	100	1	8	greninjabond	0	0	1	0	1	1	1	1	100	100	0	0	false	Ability	0	psn	figyberry	0	1	0	0	0	suppress:0	undefined	true	8	8	8	1	2
tabletsofruin	onStart	1114	-1	0	0	Water	1	0	0	10	-1	0	8192	greninjaash	1	0	0	0	1	1	0	0	60	0	1	1	0	Move	1	psn	sitrusberry	1	1	99	0	0	suppress:0|log:-ability:0:Tablets of Ruin:undefined	undefined	false	8192	8192	8192	1	0
tabletsofruin	onStart	1115	6	6	60	Bug	0	0	0	10	0	1	16384	greninjabond	0	1	1	1	1	0	1	2	60	100	0	1	0	missing	0	psn	magoberry	0	0	99	0	1	suppress:0	undefined	true	16384	16384	16384	0	0
tabletsofruin	onStart	1116	6	1	70	Fire	1	1	1	20	20	-1	8192	pikachu	1	1	1	0	0	6	0	0	60	100	1	1	0	missing	0	psn	wikiberry	0	1	1	0	1	suppress:0	undefined	undefined	8192	8192	8192	6	2
tabletsofruin	onStart	1117	0	1	0	Ghost	0	1	1	0	0	1	2048	greninjabond	1	1	0	0	1	0	1	2	60	160	0	1	null	Move	1	psn	wikiberry	1	0	99	1	1	suppress:0|log:-ability:0:Tablets of Ruin:undefined	undefined	true	2048	2048	2048	0	2
tabletsofruin	onStart	1118	-1	6	70	Normal	0	0	1	100	0	0	8	pikachu	1	0	0	0	1	6	0	0	60	100	0	0	true	missing	0	brn	magoberry	2	0	0	0	1	suppress:0|log:-ability:0:Tablets of Ruin:undefined	undefined	false	8	8	8	6	0
tabletsofruin	onStart	1119	6	6	60	Bug	0	1	1	10	100	1	8	greninjaash	1	1	1	0	1	1	1	2	100	160	1	1	undefined	Move	1	psn	magoberry	2	-1	0	0	1	suppress:0	undefined	true	8	8	8	1	2
tabletsofruin	onStart	1120	0	1	70	Water	0	1	0	10	100	0	8192	greninjaash	1	0	1	0	1	-1	1	1	60	100	0	0	null	Ability	1	psn	sitrusberry	2	1	-1	1	0	suppress:0	undefined	false	8192	8192	8192	-1	2
tabletsofruin	onStart	1121	6	6	40	Ghost	1	0	1	0	0	0	2048	pikachu	1	1	0	0	0	1	0	1	0	100	1	1	0	Move	1	brn	aguavberry	2	0	1	0	0	suppress:0|log:-ability:0:Tablets of Ruin:undefined	undefined	false	2048	2048	2048	1	0
tabletsofruin	onStart	1122	6	0	40	Fire	1	0	0	100	20	1	8	greninjabond	1	0	0	0	0	-1	1	2	100	0	0	1	null	missing	0	brn	wikiberry	1	-1	99	1	1	suppress:0|log:-ability:0:Tablets of Ruin:undefined	undefined	true	8	8	8	-1	0
tabletsofruin	onStart	1123	0	1	40	Water	0	0	1	10	-1	-1	2048	pikachu	0	1	0	0	0	6	1	0	0	0	1	0	false	Move	0	brn	figyberry	2	0	0	1	0	suppress:0|log:-ability:0:Tablets of Ruin:undefined	undefined	undefined	2048	2048	2048	6	0
tabletsofruin	onStart	1124	1	0	40	Fire	0	1	0	10	100	0	16384	greninjabond	0	0	1	1	0	6	1	1	100	0	0	0	null	missing	0	psn	aguavberry	2	-1	99	0	0	suppress:0	undefined	false	16384	16384	16384	6	2
tabletsofruin	onStart	1125	6	6	70	Bug	0	0	1	10	0	-1	8192	greninjaash	0	0	0	0	1	6	0	2	60	0	0	1	0	Move	0	psn	leftovers	0	0	1	0	0	suppress:0|log:-ability:0:Tablets of Ruin:undefined	undefined	undefined	8192	8192	8192	6	0
tabletsofruin	onStart	1126	0	6	60	Dark	0	1	1	0	0	-1	2048	greninjaash	1	0	0	0	0	6	1	1	100	160	0	0	0	Ability	1	psn	figyberry	0	1	99	1	0	suppress:0|log:-ability:0:Tablets of Ruin:undefined	undefined	undefined	2048	2048	2048	6	2
tabletsofruin	onStart	1127	6	0	61	Ghost	0	1	0	100	20	-1	8192	greninjaash	0	1	1	0	0	0	1	1	0	0	0	0	false	Ability	1	psn	wikiberry	2	1	1	1	0	suppress:0	undefined	undefined	8192	8192	8192	0	2
tabletsofruin	onStart	1128	0	6	40	Water	1	1	1	20	-1	-1	24576	greninjabond	0	0	1	1	1	1	1	1	60	160	1	1	undefined	Move	0	psn	sitrusberry	0	1	99	0	0	suppress:0	undefined	undefined	24576	24576	24576	1	2
tabletsofruin	onStart	1129	1	6	40	Fire	1	1	0	100	20	0	8	pikachu	0	0	0	1	0	1	1	0	100	0	1	1	null	missing	0	brn	leftovers	1	-1	-1	0	0	suppress:0|log:-ability:0:Tablets of Ruin:undefined	undefined	false	8	8	8	1	2
tabletsofruin	onStart	1130	1	1	61	Bug	1	1	1	10	0	1	0	greninjaash	1	1	1	0	1	6	1	1	60	160	0	1	null	missing	1	psn	iapapaberry	1	1	99	0	0	suppress:0	undefined	true	0	0	0	6	2
tabletsofruin	onAnyModifyAtk	0	6	0	40	Fire	1	0	0	100	20	-1	0	greninjabond	1	1	0	0	0	-1	0	2	100	100	0	0	true	Move	1	brn	sitrusberry	1	-1	-1	1	1	ability:0:tabletsofruin|chain:0.75	undefined	undefined	0	0	0	0	0
tabletsofruin	onAnyModifyAtk	1	6	0	40	Fire	1	0	0	100	20	-1	0	greninjabond	1	1	0	0	0	-1	0	2	100	100	0	0	true	Move	1	brn	sitrusberry	1	-1	-1	1	1	ability:0:tabletsofruin|chain:0.75	undefined	undefined	0	0	0	0	0
tabletsofruin	onAnyModifyAtk	2	1	0	40	Fire	1	0	0	100	20	-1	0	greninjabond	1	1	0	0	0	-1	0	2	100	100	0	0	true	Move	1	brn	sitrusberry	1	-1	-1	1	1	ability:0:tabletsofruin|chain:0.75	undefined	undefined	0	0	0	0	0
tabletsofruin	onAnyModifyAtk	3	0	0	40	Fire	1	0	0	100	20	-1	0	greninjabond	1	1	0	0	0	-1	0	2	100	100	0	0	true	Move	1	brn	sitrusberry	1	-1	-1	1	1	ability:0:tabletsofruin|chain:0.75	undefined	undefined	0	0	0	0	0
tabletsofruin	onAnyModifyAtk	4	-1	0	40	Fire	1	0	0	100	20	-1	0	greninjabond	1	1	0	0	0	-1	0	2	100	100	0	0	true	Move	1	brn	sitrusberry	1	-1	-1	1	1	ability:0:tabletsofruin|chain:0.75	undefined	undefined	0	0	0	0	0
tabletsofruin	onAnyModifyAtk	5	6	0	40	Fire	1	0	0	100	20	-1	0	greninjabond	1	1	0	0	0	-1	0	2	100	100	0	0	true	Move	1	brn	sitrusberry	1	-1	-1	1	1	ability:0:tabletsofruin|chain:0.75	undefined	undefined	0	0	0	0	0
tabletsofruin	onAnyModifyAtk	6	6	1	40	Fire	1	0	0	100	20	-1	0	greninjabond	1	1	0	0	0	-1	0	2	100	100	0	0	true	Move	1	brn	sitrusberry	1	-1	-1	1	1	ability:0:tabletsofruin|chain:0.75	undefined	undefined	0	0	0	1	0
tabletsofruin	onAnyModifyAtk	7	6	6	40	Fire	1	0	0	100	20	-1	0	greninjabond	1	1	0	0	0	-1	0	2	100	100	0	0	true	Move	1	brn	sitrusberry	1	-1	-1	1	1	ability:0:tabletsofruin|chain:0.75	undefined	undefined	0	0	0	6	0
tabletsofruin	onAnyModifyAtk	8	6	0	40	Fire	1	0	0	100	20	-1	0	greninjabond	1	1	0	0	0	-1	0	2	100	100	0	0	true	Move	1	brn	sitrusberry	1	-1	-1	1	1	ability:0:tabletsofruin|chain:0.75	undefined	undefined	0	0	0	0	0
tabletsofruin	onAnyModifyAtk	9	6	0	0	Fire	1	0	0	100	20	-1	0	greninjabond	1	1	0	0	0	-1	0	2	100	100	0	0	true	Move	1	brn	sitrusberry	1	-1	-1	1	1	ability:0:tabletsofruin|chain:0.75	undefined	undefined	0	0	0	0	0
tabletsofruin	onAnyModifyAtk	10	6	0	60	Fire	1	0	0	100	20	-1	0	greninjabond	1	1	0	0	0	-1	0	2	100	100	0	0	true	Move	1	brn	sitrusberry	1	-1	-1	1	1	ability:0:tabletsofruin|chain:0.75	undefined	undefined	0	0	0	0	0
tabletsofruin	onAnyModifyAtk	11	6	0	61	Fire	1	0	0	100	20	-1	0	greninjabond	1	1	0	0	0	-1	0	2	100	100	0	0	true	Move	1	brn	sitrusberry	1	-1	-1	1	1	ability:0:tabletsofruin|chain:0.75	undefined	undefined	0	0	0	0	0
tabletsofruin	onAnyModifyAtk	12	6	0	70	Fire	1	0	0	100	20	-1	0	greninjabond	1	1	0	0	0	-1	0	2	100	100	0	0	true	Move	1	brn	sitrusberry	1	-1	-1	1	1	ability:0:tabletsofruin|chain:0.75	undefined	undefined	0	0	0	0	0
tabletsofruin	onAnyModifyAtk	13	6	0	40	Fire	1	0	0	100	20	-1	0	greninjabond	1	1	0	0	0	-1	0	2	100	100	0	0	true	Move	1	brn	sitrusberry	1	-1	-1	1	1	ability:0:tabletsofruin|chain:0.75	undefined	undefined	0	0	0	0	0
tabletsofruin	onAnyModifyAtk	14	6	0	40	Water	1	0	0	100	20	-1	0	greninjabond	1	1	0	0	0	-1	0	2	100	100	0	0	true	Move	1	brn	sitrusberry	1	-1	-1	1	1	ability:0:tabletsofruin|chain:0.75	undefined	undefined	0	0	0	0	0
tabletsofruin	onAnyModifyAtk	15	6	0	40	Dark	1	0	0	100	20	-1	0	greninjabond	1	1	0	0	0	-1	0	2	100	100	0	0	true	Move	1	brn	sitrusberry	1	-1	-1	1	1	ability:0:tabletsofruin|chain:0.75	undefined	undefined	0	0	0	0	0
tabletsofruin	onAnyModifyAtk	16	6	0	40	Bug	1	0	0	100	20	-1	0	greninjabond	1	1	0	0	0	-1	0	2	100	100	0	0	true	Move	1	brn	sitrusberry	1	-1	-1	1	1	ability:0:tabletsofruin|chain:0.75	undefined	undefined	0	0	0	0	0
tabletsofruin	onAnyModifyAtk	17	6	0	40	Ghost	1	0	0	100	20	-1	0	greninjabond	1	1	0	0	0	-1	0	2	100	100	0	0	true	Move	1	brn	sitrusberry	1	-1	-1	1	1	ability:0:tabletsofruin|chain:0.75	undefined	undefined	0	0	0	0	0
tabletsofruin	onAnyModifyAtk	18	6	0	40	Normal	1	0	0	100	20	-1	0	greninjabond	1	1	0	0	0	-1	0	2	100	100	0	0	true	Move	1	brn	sitrusberry	1	-1	-1	1	1	ability:0:tabletsofruin|chain:0.75	undefined	undefined	0	0	0	0	0
tabletsofruin	onAnyModifyAtk	19	6	0	40	Fire	1	0	0	100	20	-1	0	greninjabond	1	1	0	0	0	-1	0	2	100	100	0	0	true	Move	1	brn	sitrusberry	1	-1	-1	1	1	ability:0:tabletsofruin|chain:0.75	undefined	undefined	0	0	0	0	0
tabletsofruin	onAnyModifyAtk	20	6	0	40	Fire	0	0	0	100	20	-1	0	greninjabond	1	1	0	0	0	-1	0	2	100	100	0	0	true	Move	1	brn	sitrusberry	1	-1	-1	1	1	ability:0:tabletsofruin|chain:0.75	undefined	undefined	0	0	0	0	0
tabletsofruin	onAnyModifyAtk	21	6	0	40	Fire	1	0	0	100	20	-1	0	greninjabond	1	1	0	0	0	-1	0	2	100	100	0	0	true	Move	1	brn	sitrusberry	1	-1	-1	1	1	ability:0:tabletsofruin|chain:0.75	undefined	undefined	0	0	0	0	0
tabletsofruin	onAnyModifyAtk	22	6	0	40	Fire	1	1	0	100	20	-1	0	greninjabond	1	1	0	0	0	-1	0	2	100	100	0	0	true	Move	1	brn	sitrusberry	1	-1	-1	1	1	ability:0:tabletsofruin|chain:0.75	undefined	undefined	0	0	0	0	2
tabletsofruin	onAnyModifyAtk	23	6	0	40	Fire	1	0	0	100	20	-1	0	greninjabond	1	1	0	0	0	-1	0	2	100	100	0	0	true	Move	1	brn	sitrusberry	1	-1	-1	1	1	ability:0:tabletsofruin|chain:0.75	undefined	undefined	0	0	0	0	0
tabletsofruin	onAnyModifyAtk	24	6	0	40	Fire	1	0	1	100	20	-1	0	greninjabond	1	1	0	0	0	-1	0	2	100	100	0	0	true	Move	1	brn	sitrusberry	1	-1	-1	1	1	ability:0:tabletsofruin|chain:0.75	undefined	undefined	0	0	0	0	0
tabletsofruin	onAnyModifyAtk	25	6	0	40	Fire	1	0	0	100	20	-1	0	greninjabond	1	1	0	0	0	-1	0	2	100	100	0	0	true	Move	1	brn	sitrusberry	1	-1	-1	1	1	ability:0:tabletsofruin|chain:0.75	undefined	undefined	0	0	0	0	0
tabletsofruin	onAnyModifyAtk	26	6	0	40	Fire	1	0	0	0	20	-1	0	greninjabond	1	1	0	0	0	-1	0	2	100	100	0	0	true	Move	1	brn	sitrusberry	1	-1	-1	1	1	ability:0:tabletsofruin|chain:0.75	undefined	undefined	0	0	0	0	0
tabletsofruin	onAnyModifyAtk	27	6	0	40	Fire	1	0	0	10	20	-1	0	greninjabond	1	1	0	0	0	-1	0	2	100	100	0	0	true	Move	1	brn	sitrusberry	1	-1	-1	1	1	ability:0:tabletsofruin|chain:0.75	undefined	undefined	0	0	0	0	0
tabletsofruin	onAnyModifyAtk	28	6	0	40	Fire	1	0	0	20	20	-1	0	greninjabond	1	1	0	0	0	-1	0	2	100	100	0	0	true	Move	1	brn	sitrusberry	1	-1	-1	1	1	ability:0:tabletsofruin|chain:0.75	undefined	undefined	0	0	0	0	0
tabletsofruin	onAnyModifyAtk	29	6	0	40	Fire	1	0	0	100	20	-1	0	greninjabond	1	1	0	0	0	-1	0	2	100	100	0	0	true	Move	1	brn	sitrusberry	1	-1	-1	1	1	ability:0:tabletsofruin|chain:0.75	undefined	undefined	0	0	0	0	0
tabletsofruin	onAnyModifyAtk	30	6	0	40	Fire	1	0	0	100	-1	-1	0	greninjabond	1	1	0	0	0	-1	0	2	100	100	0	0	true	Move	1	brn	sitrusberry	1	-1	-1	1	1	ability:0:tabletsofruin|chain:0.75	undefined	undefined	0	0	0	0	0
tabletsofruin	onAnyModifyAtk	31	6	0	40	Fire	1	0	0	100	0	-1	0	greninjabond	1	1	0	0	0	-1	0	2	100	100	0	0	true	Move	1	brn	sitrusberry	1	-1	-1	1	1	ability:0:tabletsofruin|chain:0.75	undefined	undefined	0	0	0	0	0
tabletsofruin	onAnyModifyAtk	32	6	0	40	Fire	1	0	0	100	100	-1	0	greninjabond	1	1	0	0	0	-1	0	2	100	100	0	0	true	Move	1	brn	sitrusberry	1	-1	-1	1	1	ability:0:tabletsofruin|chain:0.75	undefined	undefined	0	0	0	0	0
tabletsofruin	onAnyModifyAtk	33	6	0	40	Fire	1	0	0	100	20	-1	0	greninjabond	1	1	0	0	0	-1	0	2	100	100	0	0	true	Move	1	brn	sitrusberry	1	-1	-1	1	1	ability:0:tabletsofruin|chain:0.75	undefined	undefined	0	0	0	0	0
tabletsofruin	onAnyModifyAtk	34	6	0	40	Fire	1	0	0	100	20	0	0	greninjabond	1	1	0	0	0	-1	0	2	100	100	0	0	true	Move	1	brn	sitrusberry	1	-1	-1	1	1	ability:0:tabletsofruin|chain:0.75	undefined	false	0	0	0	0	0
tabletsofruin	onAnyModifyAtk	35	6	0	40	Fire	1	0	0	100	20	1	0	greninjabond	1	1	0	0	0	-1	0	2	100	100	0	0	true	Move	1	brn	sitrusberry	1	-1	-1	1	1	ability:0:tabletsofruin|chain:0.75	undefined	true	0	0	0	0	0
tabletsofruin	onAnyModifyAtk	36	6	0	40	Fire	1	0	0	100	20	-1	0	greninjabond	1	1	0	0	0	-1	0	2	100	100	0	0	true	Move	1	brn	sitrusberry	1	-1	-1	1	1	ability:0:tabletsofruin|chain:0.75	undefined	undefined	0	0	0	0	0
tabletsofruin	onAnyModifyAtk	37	6	0	40	Fire	1	0	0	100	20	-1	8	greninjabond	1	1	0	0	0	-1	0	2	100	100	0	0	true	Move	1	brn	sitrusberry	1	-1	-1	1	1	ability:0:tabletsofruin|chain:0.75	undefined	undefined	8	8	8	0	0
tabletsofruin	onAnyModifyAtk	38	6	0	40	Fire	1	0	0	100	20	-1	2048	greninjabond	1	1	0	0	0	-1	0	2	100	100	0	0	true	Move	1	brn	sitrusberry	1	-1	-1	1	1	ability:0:tabletsofruin|chain:0.75	undefined	undefined	2048	2048	2048	0	0
tabletsofruin	onAnyModifyAtk	39	6	0	40	Fire	1	0	0	100	20	-1	8192	greninjabond	1	1	0	0	0	-1	0	2	100	100	0	0	true	Move	1	brn	sitrusberry	1	-1	-1	1	1	ability:0:tabletsofruin|chain:0.75	undefined	undefined	8192	8192	8192	0	0
tabletsofruin	onAnyModifyAtk	40	6	0	40	Fire	1	0	0	100	20	-1	16384	greninjabond	1	1	0	0	0	-1	0	2	100	100	0	0	true	Move	1	brn	sitrusberry	1	-1	-1	1	1	ability:0:tabletsofruin|chain:0.75	undefined	undefined	16384	16384	16384	0	0
tabletsofruin	onAnyModifyAtk	41	6	0	40	Fire	1	0	0	100	20	-1	24576	greninjabond	1	1	0	0	0	-1	0	2	100	100	0	0	true	Move	1	brn	sitrusberry	1	-1	-1	1	1	ability:0:tabletsofruin|chain:0.75	undefined	undefined	24576	24576	24576	0	0
tabletsofruin	onAnyModifyAtk	42	6	0	40	Fire	1	0	0	100	20	-1	0	greninjabond	1	1	0	0	0	-1	0	2	100	100	0	0	true	Move	1	brn	sitrusberry	1	-1	-1	1	1	ability:0:tabletsofruin|chain:0.75	undefined	undefined	0	0	0	0	0
tabletsofruin	onAnyModifyAtk	43	6	0	40	Fire	1	0	0	100	20	-1	0	greninjaash	1	1	0	0	0	-1	0	2	100	100	0	0	true	Move	1	brn	sitrusberry	1	-1	-1	1	1	ability:0:tabletsofruin|chain:0.75	undefined	undefined	0	0	0	0	0
tabletsofruin	onAnyModifyAtk	44	6	0	40	Fire	1	0	0	100	20	-1	0	pikachu	1	1	0	0	0	-1	0	2	100	100	0	0	true	Move	1	brn	sitrusberry	1	-1	-1	1	1	ability:0:tabletsofruin|chain:0.75	undefined	undefined	0	0	0	0	0
tabletsofruin	onAnyModifyAtk	45	6	0	40	Fire	1	0	0	100	20	-1	0	greninjabond	1	1	0	0	0	-1	0	2	100	100	0	0	true	Move	1	brn	sitrusberry	1	-1	-1	1	1	ability:0:tabletsofruin|chain:0.75	undefined	undefined	0	0	0	0	0
tabletsofruin	onAnyModifyAtk	46	6	0	40	Fire	1	0	0	100	20	-1	0	greninjabond	0	1	0	0	0	-1	0	2	100	100	0	0	true	Move	1	brn	sitrusberry	1	-1	-1	1	1	ability:0:tabletsofruin|chain:0.75	undefined	undefined	0	0	0	0	0
tabletsofruin	onAnyModifyAtk	47	6	0	40	Fire	1	0	0	100	20	-1	0	greninjabond	1	1	0	0	0	-1	0	2	100	100	0	0	true	Move	1	brn	sitrusberry	1	-1	-1	1	1	ability:0:tabletsofruin|chain:0.75	undefined	undefined	0	0	0	0	0
tabletsofruin	onAnyModifyAtk	48	6	0	40	Fire	1	0	0	100	20	-1	0	greninjabond	1	0	0	0	0	-1	0	2	100	100	0	0	true	Move	1	brn	sitrusberry	1	-1	-1	1	1	ability:0:tabletsofruin|chain:0.75	undefined	undefined	0	0	0	0	0
tabletsofruin	onAnyModifyAtk	49	6	0	40	Fire	1	0	0	100	20	-1	0	greninjabond	1	1	0	0	0	-1	0	2	100	100	0	0	true	Move	1	brn	sitrusberry	1	-1	-1	1	1	ability:0:tabletsofruin|chain:0.75	undefined	undefined	0	0	0	0	0
tabletsofruin	onAnyModifyAtk	50	6	0	40	Fire	1	0	0	100	20	-1	0	greninjabond	1	1	1	0	0	-1	0	2	100	100	0	0	true	Move	1	brn	sitrusberry	1	-1	-1	1	1	ability:0:tabletsofruin|chain:0.75	undefined	undefined	0	0	0	0	0
tabletsofruin	onAnyModifyAtk	51	6	0	40	Fire	1	0	0	100	20	-1	0	greninjabond	1	1	0	0	0	-1	0	2	100	100	0	0	true	Move	1	brn	sitrusberry	1	-1	-1	1	1	ability:0:tabletsofruin|chain:0.75	undefined	undefined	0	0	0	0	0
tabletsofruin	onAnyModifyAtk	52	6	0	40	Fire	1	0	0	100	20	-1	0	greninjabond	1	1	0	1	0	-1	0	2	100	100	0	0	true	Move	1	brn	sitrusberry	1	-1	-1	1	1	ability:0:tabletsofruin|chain:0.75	undefined	undefined	0	0	0	0	0
tabletsofruin	onAnyModifyAtk	53	6	0	40	Fire	1	0	0	100	20	-1	0	greninjabond	1	1	0	0	0	-1	0	2	100	100	0	0	true	Move	1	brn	sitrusberry	1	-1	-1	1	1	ability:0:tabletsofruin|chain:0.75	undefined	undefined	0	0	0	0	0
tabletsofruin	onAnyModifyAtk	54	6	0	40	Fire	1	0	0	100	20	-1	0	greninjabond	1	1	0	0	1	-1	0	2	100	100	0	0	true	Move	1	brn	sitrusberry	1	-1	-1	1	1	ability:0:tabletsofruin	undefined	undefined	0	0	0	-1	0
tabletsofruin	onAnyModifyAtk	55	6	0	40	Fire	1	0	0	100	20	-1	0	greninjabond	1	1	0	0	0	-1	0	2	100	100	0	0	true	Move	1	brn	sitrusberry	1	-1	-1	1	1	ability:0:tabletsofruin|chain:0.75	undefined	undefined	0	0	0	0	0
tabletsofruin	onAnyModifyAtk	56	6	0	40	Fire	1	0	0	100	20	-1	0	greninjabond	1	1	0	0	0	0	0	2	100	100	0	0	true	Move	1	brn	sitrusberry	1	-1	-1	1	1	ability:0:tabletsofruin|chain:0.75	undefined	undefined	0	0	0	0	0
tabletsofruin	onAnyModifyAtk	57	6	0	40	Fire	1	0	0	100	20	-1	0	greninjabond	1	1	0	0	0	1	0	2	100	100	0	0	true	Move	1	brn	sitrusberry	1	-1	-1	1	1	ability:0:tabletsofruin	undefined	undefined	0	0	0	1	0
tabletsofruin	onAnyModifyAtk	58	6	0	40	Fire	1	0	0	100	20	-1	0	greninjabond	1	1	0	0	0	6	0	2	100	100	0	0	true	Move	1	brn	sitrusberry	1	-1	-1	1	1	ability:0:tabletsofruin	undefined	undefined	0	0	0	6	0
tabletsofruin	onAnyModifyAtk	59	6	0	40	Fire	1	0	0	100	20	-1	0	greninjabond	1	1	0	0	0	-1	0	2	100	100	0	0	true	Move	1	brn	sitrusberry	1	-1	-1	1	1	ability:0:tabletsofruin|chain:0.75	undefined	undefined	0	0	0	0	0
tabletsofruin	onAnyModifyAtk	60	6	0	40	Fire	1	0	0	100	20	-1	0	greninjabond	1	1	0	0	0	-1	1	2	100	100	0	0	true	Move	1	brn	sitrusberry	1	-1	-1	1	1	ability:0:tabletsofruin|chain:0.75	undefined	undefined	0	0	0	0	0
tabletsofruin	onAnyModifyAtk	61	6	0	40	Fire	1	0	0	100	20	-1	0	greninjabond	1	1	0	0	0	-1	0	2	100	100	0	0	true	Move	1	brn	sitrusberry	1	-1	-1	1	1	ability:0:tabletsofruin|chain:0.75	undefined	undefined	0	0	0	0	0
tabletsofruin	onAnyModifyAtk	62	6	0	40	Fire	1	0	0	100	20	-1	0	greninjabond	1	1	0	0	0	-1	0	0	100	100	0	0	true	Move	1	brn	sitrusberry	1	-1	-1	1	1	ability:0:tabletsofruin|chain:0.75	undefined	undefined	0	0	0	0	0
tabletsofruin	onAnyModifyAtk	63	6	0	40	Fire	1	0	0	100	20	-1	0	greninjabond	1	1	0	0	0	-1	0	1	100	100	0	0	true	Move	1	brn	sitrusberry	1	-1	-1	1	1	ability:0:tabletsofruin|chain:0.75	undefined	undefined	0	0	0	0	0
tabletsofruin	onAnyModifyAtk	64	6	0	40	Fire	1	0	0	100	20	-1	0	greninjabond	1	1	0	0	0	-1	0	2	100	100	0	0	true	Move	1	brn	sitrusberry	1	-1	-1	1	1	ability:0:tabletsofruin|chain:0.75	undefined	undefined	0	0	0	0	0
tabletsofruin	onAnyModifyAtk	65	6	0	40	Fire	1	0	0	100	20	-1	0	greninjabond	1	1	0	0	0	-1	0	2	0	100	0	0	true	Move	1	brn	sitrusberry	1	-1	-1	1	1	ability:0:tabletsofruin|chain:0.75	undefined	undefined	0	0	0	0	0
tabletsofruin	onAnyModifyAtk	66	6	0	40	Fire	1	0	0	100	20	-1	0	greninjabond	1	1	0	0	0	-1	0	2	60	100	0	0	true	Move	1	brn	sitrusberry	1	-1	-1	1	1	ability:0:tabletsofruin|chain:0.75	undefined	undefined	0	0	0	0	0
tabletsofruin	onAnyModifyAtk	67	6	0	40	Fire	1	0	0	100	20	-1	0	greninjabond	1	1	0	0	0	-1	0	2	100	100	0	0	true	Move	1	brn	sitrusberry	1	-1	-1	1	1	ability:0:tabletsofruin|chain:0.75	undefined	undefined	0	0	0	0	0
tabletsofruin	onAnyModifyAtk	68	6	0	40	Fire	1	0	0	100	20	-1	0	greninjabond	1	1	0	0	0	-1	0	2	100	0	0	0	true	Move	1	brn	sitrusberry	1	-1	-1	1	1	ability:0:tabletsofruin|chain:0.75	undefined	undefined	0	0	0	0	0
tabletsofruin	onAnyModifyAtk	69	6	0	40	Fire	1	0	0	100	20	-1	0	greninjabond	1	1	0	0	0	-1	0	2	100	160	0	0	true	Move	1	brn	sitrusberry	1	-1	-1	1	1	ability:0:tabletsofruin|chain:0.75	undefined	undefined	0	0	0	0	0
tabletsofruin	onAnyModifyAtk	70	6	0	40	Fire	1	0	0	100	20	-1	0	greninjabond	1	1	0	0	0	-1	0	2	100	100	0	0	true	Move	1	brn	sitrusberry	1	-1	-1	1	1	ability:0:tabletsofruin|chain:0.75	undefined	undefined	0	0	0	0	0
tabletsofruin	onAnyModifyAtk	71	6	0	40	Fire	1	0	0	100	20	-1	0	greninjabond	1	1	0	0	0	-1	0	2	100	100	1	0	true	Move	1	brn	sitrusberry	1	-1	-1	1	1	ability:0:tabletsofruin|chain:0.75	undefined	undefined	0	0	0	0	0
tabletsofruin	onAnyModifyAtk	72	6	0	40	Fire	1	0	0	100	20	-1	0	greninjabond	1	1	0	0	0	-1	0	2	100	100	0	0	true	Move	1	brn	sitrusberry	1	-1	-1	1	1	ability:0:tabletsofruin|chain:0.75	undefined	undefined	0	0	0	0	0
tabletsofruin	onAnyModifyAtk	73	6	0	40	Fire	1	0	0	100	20	-1	0	greninjabond	1	1	0	0	0	-1	0	2	100	100	0	1	true	Move	1	brn	sitrusberry	1	-1	-1	1	1	ability:0:tabletsofruin|chain:0.75	undefined	undefined	0	0	0	0	0
tabletsofruin	onAnyModifyAtk	74	6	0	40	Fire	1	0	0	100	20	-1	0	greninjabond	1	1	0	0	0	-1	0	2	100	100	0	0	true	Move	1	brn	sitrusberry	1	-1	-1	1	1	ability:0:tabletsofruin|chain:0.75	undefined	undefined	0	0	0	0	0
tabletsofruin	onAnyModifyAtk	75	6	0	40	Fire	1	0	0	100	20	-1	0	greninjabond	1	1	0	0	0	-1	0	2	100	100	0	0	false	Move	1	brn	sitrusberry	1	-1	-1	1	1	ability:0:tabletsofruin|chain:0.75	undefined	undefined	0	0	0	0	0
tabletsofruin	onAnyModifyAtk	76	6	0	40	Fire	1	0	0	100	20	-1	0	greninjabond	1	1	0	0	0	-1	0	2	100	100	0	0	0	Move	1	brn	sitrusberry	1	-1	-1	1	1	ability:0:tabletsofruin|chain:0.75	undefined	undefined	0	0	0	0	0
tabletsofruin	onAnyModifyAtk	77	6	0	40	Fire	1	0	0	100	20	-1	0	greninjabond	1	1	0	0	0	-1	0	2	100	100	0	0	null	Move	1	brn	sitrusberry	1	-1	-1	1	1	ability:0:tabletsofruin|chain:0.75	undefined	undefined	0	0	0	0	0
tabletsofruin	onAnyModifyAtk	78	6	0	40	Fire	1	0	0	100	20	-1	0	greninjabond	1	1	0	0	0	-1	0	2	100	100	0	0	undefined	Move	1	brn	sitrusberry	1	-1	-1	1	1	ability:0:tabletsofruin|chain:0.75	undefined	undefined	0	0	0	0	0
tabletsofruin	onAnyModifyAtk	79	6	0	40	Fire	1	0	0	100	20	-1	0	greninjabond	1	1	0	0	0	-1	0	2	100	100	0	0	true	Move	1	brn	sitrusberry	1	-1	-1	1	1	ability:0:tabletsofruin|chain:0.75	undefined	undefined	0	0	0	0	0
tabletsofruin	onAnyModifyAtk	80	6	0	40	Fire	1	0	0	100	20	-1	0	greninjabond	1	1	0	0	0	-1	0	2	100	100	0	0	true	Ability	1	brn	sitrusberry	1	-1	-1	1	1	ability:0:tabletsofruin|chain:0.75	undefined	undefined	0	0	0	0	0
tabletsofruin	onAnyModifyAtk	81	6	0	40	Fire	1	0	0	100	20	-1	0	greninjabond	1	1	0	0	0	-1	0	2	100	100	0	0	true	missing	1	brn	sitrusberry	1	-1	-1	1	1	ability:0:tabletsofruin|chain:0.75	undefined	undefined	0	0	0	0	0
tabletsofruin	onAnyModifyAtk	82	6	0	40	Fire	1	0	0	100	20	-1	0	greninjabond	1	1	0	0	0	-1	0	2	100	100	0	0	true	Move	1	brn	sitrusberry	1	-1	-1	1	1	ability:0:tabletsofruin|chain:0.75	undefined	undefined	0	0	0	0	0
tabletsofruin	onAnyModifyAtk	83	6	0	40	Fire	1	0	0	100	20	-1	0	greninjabond	1	1	0	0	0	-1	0	2	100	100	0	0	true	Move	0	brn	sitrusberry	1	-1	-1	1	1	ability:0:tabletsofruin|chain:0.75	undefined	undefined	0	0	0	0	0
tabletsofruin	onAnyModifyAtk	84	6	0	40	Fire	1	0	0	100	20	-1	0	greninjabond	1	1	0	0	0	-1	0	2	100	100	0	0	true	Move	1	brn	sitrusberry	1	-1	-1	1	1	ability:0:tabletsofruin|chain:0.75	undefined	undefined	0	0	0	0	0
tabletsofruin	onAnyModifyAtk	85	6	0	40	Fire	1	0	0	100	20	-1	0	greninjabond	1	1	0	0	0	-1	0	2	100	100	0	0	true	Move	1	psn	sitrusberry	1	-1	-1	1	1	ability:0:tabletsofruin|chain:0.75	undefined	undefined	0	0	0	0	0
tabletsofruin	onAnyModifyAtk	86	6	0	40	Fire	1	0	0	100	20	-1	0	greninjabond	1	1	0	0	0	-1	0	2	100	100	0	0	true	Move	1	brn	sitrusberry	1	-1	-1	1	1	ability:0:tabletsofruin|chain:0.75	undefined	undefined	0	0	0	0	0
tabletsofruin	onAnyModifyAtk	87	6	0	40	Fire	1	0	0	100	20	-1	0	greninjabond	1	1	0	0	0	-1	0	2	100	100	0	0	true	Move	1	brn	aguavberry	1	-1	-1	1	1	ability:0:tabletsofruin|chain:0.75	undefined	undefined	0	0	0	0	0
tabletsofruin	onAnyModifyAtk	88	6	0	40	Fire	1	0	0	100	20	-1	0	greninjabond	1	1	0	0	0	-1	0	2	100	100	0	0	true	Move	1	brn	figyberry	1	-1	-1	1	1	ability:0:tabletsofruin|chain:0.75	undefined	undefined	0	0	0	0	0
tabletsofruin	onAnyModifyAtk	89	6	0	40	Fire	1	0	0	100	20	-1	0	greninjabond	1	1	0	0	0	-1	0	2	100	100	0	0	true	Move	1	brn	iapapaberry	1	-1	-1	1	1	ability:0:tabletsofruin|chain:0.75	undefined	undefined	0	0	0	0	0
tabletsofruin	onAnyModifyAtk	90	6	0	40	Fire	1	0	0	100	20	-1	0	greninjabond	1	1	0	0	0	-1	0	2	100	100	0	0	true	Move	1	brn	magoberry	1	-1	-1	1	1	ability:0:tabletsofruin|chain:0.75	undefined	undefined	0	0	0	0	0
tabletsofruin	onAnyModifyAtk	91	6	0	40	Fire	1	0	0	100	20	-1	0	greninjabond	1	1	0	0	0	-1	0	2	100	100	0	0	true	Move	1	brn	wikiberry	1	-1	-1	1	1	ability:0:tabletsofruin|chain:0.75	undefined	undefined	0	0	0	0	0
tabletsofruin	onAnyModifyAtk	92	6	0	40	Fire	1	0	0	100	20	-1	0	greninjabond	1	1	0	0	0	-1	0	2	100	100	0	0	true	Move	1	brn	leftovers	1	-1	-1	1	1	ability:0:tabletsofruin|chain:0.75	undefined	undefined	0	0	0	0	0
tabletsofruin	onAnyModifyAtk	93	6	0	40	Fire	1	0	0	100	20	-1	0	greninjabond	1	1	0	0	0	-1	0	2	100	100	0	0	true	Move	1	brn	sitrusberry	1	-1	-1	1	1	ability:0:tabletsofruin|chain:0.75	undefined	undefined	0	0	0	0	0
tabletsofruin	onAnyModifyAtk	94	6	0	40	Fire	1	0	0	100	20	-1	0	greninjabond	1	1	0	0	0	-1	0	2	100	100	0	0	true	Move	1	brn	sitrusberry	2	-1	-1	1	1	ability:0:tabletsofruin|chain:0.75	undefined	undefined	0	0	0	0	0
tabletsofruin	onAnyModifyAtk	95	6	0	40	Fire	1	0	0	100	20	-1	0	greninjabond	1	1	0	0	0	-1	0	2	100	100	0	0	true	Move	1	brn	sitrusberry	0	-1	-1	1	1	ability:0:tabletsofruin|chain:0.75	undefined	undefined	0	0	0	0	0
tabletsofruin	onAnyModifyAtk	96	6	0	40	Fire	1	0	0	100	20	-1	0	greninjabond	1	1	0	0	0	-1	0	2	100	100	0	0	true	Move	1	brn	sitrusberry	1	-1	-1	1	1	ability:0:tabletsofruin|chain:0.75	undefined	undefined	0	0	0	0	0
tabletsofruin	onAnyModifyAtk	97	6	0	40	Fire	1	0	0	100	20	-1	0	greninjabond	1	1	0	0	0	-1	0	2	100	100	0	0	true	Move	1	brn	sitrusberry	1	0	-1	1	1	ability:0:tabletsofruin|chain:0.75	undefined	undefined	0	0	0	0	0
tabletsofruin	onAnyModifyAtk	98	6	0	40	Fire	1	0	0	100	20	-1	0	greninjabond	1	1	0	0	0	-1	0	2	100	100	0	0	true	Move	1	brn	sitrusberry	1	1	-1	1	1	ability:0:tabletsofruin|chain:0.75	undefined	undefined	0	0	0	0	0
tabletsofruin	onAnyModifyAtk	99	6	0	40	Fire	1	0	0	100	20	-1	0	greninjabond	1	1	0	0	0	-1	0	2	100	100	0	0	true	Move	1	brn	sitrusberry	1	-1	-1	1	1	ability:0:tabletsofruin|chain:0.75	undefined	undefined	0	0	0	0	0
tabletsofruin	onAnyModifyAtk	100	6	0	40	Fire	1	0	0	100	20	-1	0	greninjabond	1	1	0	0	0	-1	0	2	100	100	0	0	true	Move	1	brn	sitrusberry	1	-1	0	1	1	ability:0:tabletsofruin|chain:0.75	undefined	undefined	0	0	0	0	0
tabletsofruin	onAnyModifyAtk	101	6	0	40	Fire	1	0	0	100	20	-1	0	greninjabond	1	1	0	0	0	-1	0	2	100	100	0	0	true	Move	1	brn	sitrusberry	1	-1	1	1	1	ability:0:tabletsofruin|chain:0.75	undefined	undefined	0	0	0	0	0
tabletsofruin	onAnyModifyAtk	102	6	0	40	Fire	1	0	0	100	20	-1	0	greninjabond	1	1	0	0	0	-1	0	2	100	100	0	0	true	Move	1	brn	sitrusberry	1	-1	99	1	1	ability:0:tabletsofruin|chain:0.75	undefined	undefined	0	0	0	0	0
tabletsofruin	onAnyModifyAtk	103	6	0	40	Fire	1	0	0	100	20	-1	0	greninjabond	1	1	0	0	0	-1	0	2	100	100	0	0	true	Move	1	brn	sitrusberry	1	-1	-1	1	1	ability:0:tabletsofruin|chain:0.75	undefined	undefined	0	0	0	0	0
tabletsofruin	onAnyModifyAtk	104	6	0	40	Fire	1	0	0	100	20	-1	0	greninjabond	1	1	0	0	0	-1	0	2	100	100	0	0	true	Move	1	brn	sitrusberry	1	-1	-1	0	1	ability:0:tabletsofruin|chain:0.75	undefined	undefined	0	0	0	0	0
tabletsofruin	onAnyModifyAtk	105	6	0	40	Fire	1	0	0	100	20	-1	0	greninjabond	1	1	0	0	0	-1	0	2	100	100	0	0	true	Move	1	brn	sitrusberry	1	-1	-1	1	1	ability:0:tabletsofruin|chain:0.75	undefined	undefined	0	0	0	0	0
tabletsofruin	onAnyModifyAtk	106	6	0	40	Fire	1	0	0	100	20	-1	0	greninjabond	1	1	0	0	0	-1	0	2	100	100	0	0	true	Move	1	brn	sitrusberry	1	-1	-1	1	0	ability:0:tabletsofruin|chain:0.75	undefined	undefined	0	0	0	0	0
tabletsofruin	onAnyModifyAtk	107	-1	6	0	Bug	0	0	0	20	-1	0	0	pikachu	0	1	0	0	1	-1	0	1	60	0	0	0	null	Move	1	brn	iapapaberry	1	0	-1	1	1	ability:0:tabletsofruin	undefined	false	0	0	0	-1	0
tabletsofruin	onAnyModifyAtk	108	-1	6	70	Dark	1	0	1	0	100	-1	2048	greninjaash	1	0	0	0	0	1	1	1	60	100	0	1	0	Move	0	psn	aguavberry	1	1	-1	0	0	ability:0:tabletsofruin	undefined	undefined	2048	2048	2048	1	0
tabletsofruin	onAnyModifyAtk	109	0	6	40	Bug	1	1	1	100	100	-1	2048	greninjabond	0	1	0	1	0	1	1	2	100	160	0	0	true	missing	0	brn	magoberry	2	-1	1	0	0	ability:0:tabletsofruin	undefined	undefined	2048	2048	2048	1	2
tabletsofruin	onAnyModifyAtk	110	1	1	0	Normal	1	1	1	0	100	-1	24576	pikachu	0	0	0	0	1	-1	1	2	100	100	0	0	null	Move	0	brn	sitrusberry	0	0	0	1	0	ability:0:tabletsofruin	undefined	undefined	24576	24576	24576	-1	2
tabletsofruin	onAnyModifyAtk	111	-1	6	40	Ghost	1	1	1	20	0	1	8192	pikachu	0	1	0	1	1	-1	1	0	0	0	1	0	undefined	missing	1	brn	iapapaberry	2	1	1	1	1	ability:0:tabletsofruin	undefined	true	8192	8192	8192	-1	2
tabletsofruin	onAnyModifyAtk	112	0	1	40	Normal	1	0	0	100	100	-1	2048	pikachu	1	1	0	0	0	-1	0	1	0	160	1	0	undefined	Move	0	psn	wikiberry	2	0	1	0	1	ability:0:tabletsofruin|chain:0.75	undefined	undefined	2048	2048	2048	1	0
tabletsofruin	onAnyModifyAtk	113	1	0	40	Normal	0	0	0	100	0	-1	16384	greninjaash	0	1	0	1	0	1	0	2	60	100	1	0	0	missing	0	psn	figyberry	2	0	0	1	0	ability:0:tabletsofruin	undefined	undefined	16384	16384	16384	1	0
tabletsofruin	onAnyModifyAtk	114	0	6	60	Dark	1	1	1	100	-1	-1	8	greninjaash	1	1	1	0	0	1	0	2	0	160	0	1	0	Move	1	brn	sitrusberry	0	-1	99	0	0	ability:0:tabletsofruin	undefined	undefined	8	8	8	1	2
tabletsofruin	onAnyModifyAtk	115	6	1	40	Dark	0	0	1	20	20	0	8	pikachu	1	1	1	1	1	0	0	0	60	100	1	1	false	Move	1	brn	aguavberry	1	0	1	0	0	ability:0:tabletsofruin	undefined	false	8	8	8	0	0
tabletsofruin	onAnyModifyAtk	116	1	6	0	Fire	1	1	1	100	100	1	0	greninjaash	0	1	1	1	0	1	1	2	100	160	1	0	false	missing	1	psn	figyberry	1	1	0	0	1	ability:0:tabletsofruin	undefined	true	0	0	0	1	2
tabletsofruin	onAnyModifyAtk	117	1	1	61	Dark	0	0	1	0	100	-1	2048	greninjaash	1	0	0	1	0	-1	0	2	100	100	1	0	0	Ability	1	psn	wikiberry	0	-1	1	0	0	ability:0:tabletsofruin|chain:0.75	undefined	undefined	2048	2048	2048	1	0
tabletsofruin	onAnyModifyAtk	118	6	0	0	Normal	1	0	1	0	20	-1	2048	greninjaash	0	1	1	0	1	-1	0	1	100	100	1	0	true	Move	0	psn	sitrusberry	2	1	99	0	1	ability:0:tabletsofruin	undefined	undefined	2048	2048	2048	-1	0
tabletsofruin	onAnyModifyAtk	119	0	1	60	Water	1	1	0	0	100	-1	24576	greninjaash	0	1	1	1	1	6	1	1	60	160	1	1	0	missing	1	brn	leftovers	0	1	99	0	0	ability:0:tabletsofruin	undefined	undefined	24576	24576	24576	6	2
tabletsofruin	onAnyModifyAtk	120	1	0	60	Normal	0	0	0	0	20	1	0	greninjabond	0	0	1	1	0	0	0	0	60	100	0	1	0	missing	0	psn	aguavberry	0	0	0	0	1	ability:0:tabletsofruin|chain:0.75	undefined	true	0	0	0	0	0
tabletsofruin	onAnyModifyAtk	121	1	6	40	Normal	1	1	0	20	-1	0	16384	greninjaash	1	0	0	0	1	1	1	1	60	100	1	0	null	missing	1	psn	wikiberry	1	-1	99	1	0	ability:0:tabletsofruin	undefined	false	16384	16384	16384	1	2
tabletsofruin	onAnyModifyAtk	122	-1	1	40	Dark	1	1	1	10	20	-1	24576	greninjaash	1	0	1	0	0	-1	1	1	0	100	0	1	false	Ability	0	psn	wikiberry	2	-1	99	1	1	ability:0:tabletsofruin|chain:0.75	undefined	undefined	24576	24576	24576	1	2
tabletsofruin	onAnyModifyAtk	123	0	1	0	Ghost	1	0	0	100	100	-1	8192	greninjaash	1	1	0	1	0	1	0	1	60	0	1	0	0	Ability	1	psn	figyberry	2	-1	0	1	1	ability:0:tabletsofruin|chain:0.75	undefined	undefined	8192	8192	8192	1	0
tabletsofruin	onAnyModifyAtk	124	-1	1	61	Ghost	0	1	0	20	100	0	8	pikachu	1	1	1	0	0	0	0	1	0	0	0	1	false	missing	1	brn	figyberry	1	-1	1	0	1	ability:0:tabletsofruin	undefined	false	8	8	8	0	2
tabletsofruin	onAnyModifyAtk	125	-1	1	60	Dark	1	1	0	20	100	1	8	pikachu	0	1	1	1	0	1	1	0	60	160	1	1	undefined	missing	0	psn	leftovers	1	0	0	1	0	ability:0:tabletsofruin|chain:0.75	undefined	true	8	8	8	1	2
tabletsofruin	onAnyModifyAtk	126	0	6	70	Ghost	1	0	0	0	-1	-1	0	pikachu	0	1	1	0	0	0	1	2	0	0	1	0	undefined	missing	1	brn	aguavberry	1	-1	0	1	1	ability:0:tabletsofruin	undefined	undefined	0	0	0	0	0
tabletsofruin	onAnyModifyAtk	127	0	1	0	Water	1	1	0	100	20	-1	8192	greninjaash	1	1	0	0	0	1	0	0	100	0	0	1	0	Ability	0	psn	magoberry	0	1	-1	1	1	ability:0:tabletsofruin|chain:0.75	undefined	undefined	8192	8192	8192	1	2
tabletsofruin	onAnyModifyAtk	128	1	6	60	Normal	1	1	1	10	0	-1	16384	pikachu	1	0	1	0	0	6	0	0	100	160	1	0	true	missing	1	psn	aguavberry	1	-1	-1	0	0	ability:0:tabletsofruin|chain:0.75	undefined	undefined	16384	16384	16384	6	2
tabletsofruin	onAnyModifyAtk	129	0	1	60	Fire	1	0	0	20	100	0	24576	greninjaash	0	1	0	0	1	1	0	1	60	160	1	0	null	missing	0	brn	figyberry	1	0	-1	1	0	ability:0:tabletsofruin	undefined	false	24576	24576	24576	1	0
tabletsofruin	onAnyModifyAtk	130	-1	0	0	Water	0	0	1	100	100	1	2048	greninjaash	0	0	0	0	1	6	1	0	0	0	1	1	null	Ability	1	brn	aguavberry	0	1	99	0	1	ability:0:tabletsofruin	undefined	true	2048	2048	2048	6	0
tabletsofruin	onAnyModifyAtk	131	-1	6	60	Bug	1	0	0	0	100	-1	24576	greninjaash	1	1	1	0	1	6	0	2	0	0	0	0	false	Move	1	psn	wikiberry	2	1	99	1	0	ability:0:tabletsofruin	undefined	undefined	24576	24576	24576	6	0
tabletsofruin	onAnyModifyAtk	132	1	6	0	Bug	1	0	1	10	100	-1	8192	greninjaash	1	0	0	1	0	0	0	1	0	160	1	0	null	Ability	1	brn	aguavberry	2	-1	99	1	1	ability:0:tabletsofruin	undefined	undefined	8192	8192	8192	0	0
tabletsofruin	onAnyModifyAtk	133	1	1	0	Water	1	1	0	100	100	1	16384	greninjabond	1	0	1	0	1	-1	1	0	60	160	1	1	null	Ability	1	brn	magoberry	2	-1	0	1	0	ability:0:tabletsofruin	undefined	true	16384	16384	16384	-1	2
tabletsofruin	onAnyModifyAtk	134	1	6	60	Bug	1	1	0	0	0	0	24576	greninjaash	0	0	1	0	1	0	1	2	60	0	1	0	false	Ability	0	psn	wikiberry	2	-1	99	0	0	ability:0:tabletsofruin	undefined	false	24576	24576	24576	0	2
tabletsofruin	onAnyModifyAtk	135	1	1	61	Bug	0	1	1	10	0	1	0	greninjaash	1	1	1	1	1	0	0	0	0	160	1	0	true	Ability	0	psn	sitrusberry	1	0	-1	1	0	ability:0:tabletsofruin	undefined	true	0	0	0	0	2
tabletsofruin	onAnyModifyAtk	136	1	6	40	Normal	0	1	0	20	20	0	8	greninjabond	1	1	0	1	0	-1	1	0	100	100	1	1	0	Move	1	psn	sitrusberry	0	-1	99	0	0	ability:0:tabletsofruin|chain:0.75	undefined	false	8	8	8	6	2
tabletsofruin	onAnyModifyAtk	137	0	0	40	Bug	0	0	0	20	-1	1	2048	pikachu	0	0	0	1	1	1	0	1	100	0	0	1	undefined	Ability	1	brn	iapapaberry	1	1	1	0	0	ability:0:tabletsofruin	undefined	true	2048	2048	2048	1	0
tabletsofruin	onAnyModifyAtk	138	6	1	70	Ghost	0	0	0	10	0	-1	8192	pikachu	0	0	0	0	0	0	0	1	0	0	1	1	0	missing	1	psn	figyberry	2	0	99	1	0	ability:0:tabletsofruin	undefined	undefined	8192	8192	8192	0	0
tabletsofruin	onAnyModifyAtk	139	6	6	70	Water	1	0	1	0	0	-1	8192	pikachu	0	1	0	0	1	-1	0	1	0	160	1	1	true	Move	1	brn	iapapaberry	1	0	1	0	1	ability:0:tabletsofruin	undefined	undefined	8192	8192	8192	-1	0
tabletsofruin	onAnyModifyAtk	140	-1	0	0	Normal	0	0	0	0	0	-1	8192	greninjabond	0	1	1	0	1	0	0	2	60	100	1	0	null	missing	1	brn	aguavberry	0	1	-1	1	0	ability:0:tabletsofruin	undefined	undefined	8192	8192	8192	0	0
tabletsofruin	onAnyModifyAtk	141	6	1	70	Bug	0	0	0	10	20	-1	24576	greninjaash	1	1	1	0	1	1	0	0	0	160	1	0	false	Ability	0	brn	wikiberry	1	1	-1	1	0	ability:0:tabletsofruin	undefined	undefined	24576	24576	24576	1	0
tabletsofruin	onAnyModifyAtk	142	6	1	0	Fire	1	1	0	0	0	1	16384	greninjabond	0	0	0	0	0	1	0	1	60	0	0	0	0	Move	0	brn	magoberry	1	1	0	1	1	ability:0:tabletsofruin|chain:0.75	undefined	true	16384	16384	16384	1	2
tabletsofruin	onAnyModifyAtk	143	6	6	70	Ghost	0	1	0	0	100	-1	0	pikachu	1	1	0	1	1	-1	0	1	100	160	0	0	null	Ability	0	brn	sitrusberry	0	-1	0	0	1	ability:0:tabletsofruin	undefined	undefined	0	0	0	-1	2
tabletsofruin	onAnyModifyAtk	144	1	0	70	Normal	1	0	0	100	0	1	24576	greninjaash	0	1	1	0	0	1	1	2	60	0	0	1	undefined	Ability	1	psn	leftovers	1	0	1	0	1	ability:0:tabletsofruin	undefined	true	24576	24576	24576	1	0
tabletsofruin	onAnyModifyAtk	145	0	6	40	Bug	1	1	1	10	100	1	8	pikachu	1	1	1	1	0	1	1	2	60	0	0	1	undefined	Ability	0	psn	figyberry	2	0	-1	0	0	ability:0:tabletsofruin	undefined	true	8	8	8	1	2
tabletsofruin	onAnyModifyAtk	146	1	1	70	Normal	0	1	0	100	20	0	8	greninjaash	0	1	0	0	1	-1	1	2	100	160	1	1	true	missing	0	brn	wikiberry	2	-1	99	0	0	ability:0:tabletsofruin	undefined	false	8	8	8	-1	2
tabletsofruin	onAnyModifyAtk	147	0	1	0	Fire	0	1	0	10	-1	1	24576	greninjabond	0	0	0	1	0	0	0	2	60	160	0	1	true	Move	0	brn	wikiberry	0	-1	0	1	0	ability:0:tabletsofruin	undefined	true	24576	24576	24576	0	2
tabletsofruin	onAnyModifyAtk	148	6	6	61	Normal	1	1	0	0	0	0	8	greninjaash	1	1	0	1	1	-1	1	1	100	100	0	1	null	Move	0	brn	figyberry	2	0	0	1	0	ability:0:tabletsofruin	undefined	false	8	8	8	-1	2
tabletsofruin	onAnyModifyAtk	149	0	0	60	Ghost	1	1	0	20	20	1	0	pikachu	0	0	1	1	1	-1	1	2	0	100	1	0	false	Ability	0	psn	sitrusberry	2	1	-1	0	0	ability:0:tabletsofruin	undefined	true	0	0	0	-1	2
tabletsofruin	onAnyModifyAtk	150	-1	6	0	Bug	0	1	1	0	100	1	0	greninjabond	1	1	0	0	1	6	1	1	0	160	0	0	false	Move	1	psn	magoberry	1	-1	99	0	1	ability:0:tabletsofruin	undefined	true	0	0	0	6	2
tabletsofruin	onAnyModifyAtk	151	6	6	40	Dark	0	1	1	20	20	-1	2048	greninjabond	0	1	0	0	0	6	0	0	60	160	1	1	false	missing	0	brn	sitrusberry	2	0	0	1	0	ability:0:tabletsofruin|chain:0.75	undefined	undefined	2048	2048	2048	6	2
tabletsofruin	onAnyModifyAtk	152	1	1	61	Bug	0	1	1	10	20	-1	24576	greninjaash	1	0	1	1	0	6	1	1	0	100	1	0	true	Move	1	psn	iapapaberry	2	-1	0	1	1	ability:0:tabletsofruin	undefined	undefined	24576	24576	24576	6	2
tabletsofruin	onAnyModifyAtk	153	-1	0	70	Dark	1	0	1	10	0	-1	16384	greninjabond	0	0	1	1	0	1	0	1	100	160	0	0	true	Ability	0	brn	iapapaberry	1	0	0	0	0	ability:0:tabletsofruin	undefined	undefined	16384	16384	16384	1	0
tabletsofruin	onAnyModifyAtk	154	0	6	70	Fire	0	1	0	10	100	0	0	greninjabond	0	1	1	0	0	1	1	2	100	0	0	0	true	Ability	1	psn	figyberry	2	-1	-1	0	1	ability:0:tabletsofruin	undefined	false	0	0	0	1	2
tabletsofruin	onAnyModifyAtk	155	-1	0	0	Fire	0	1	1	10	20	1	0	greninjaash	0	0	1	0	1	1	1	0	100	0	1	0	undefined	missing	0	psn	sitrusberry	2	-1	99	0	1	ability:0:tabletsofruin	undefined	true	0	0	0	1	2
tabletsofruin	onAnyModifyAtk	156	0	1	60	Water	1	1	1	100	0	-1	2048	greninjabond	0	0	0	0	1	-1	1	1	100	100	1	0	null	Move	0	brn	leftovers	1	0	1	1	1	ability:0:tabletsofruin	undefined	undefined	2048	2048	2048	-1	2
tabletsofruin	onAnyModifyAtk	157	6	6	40	Fire	1	0	0	0	20	1	16384	greninjabond	1	1	1	1	0	1	0	2	100	0	0	0	0	missing	1	psn	wikiberry	2	-1	99	0	0	ability:0:tabletsofruin	undefined	true	16384	16384	16384	1	0
tabletsofruin	onAnyModifyAtk	158	0	1	70	Ghost	0	0	1	0	20	0	8192	pikachu	1	1	0	0	0	6	1	2	60	100	0	0	null	missing	0	brn	iapapaberry	0	1	0	0	0	ability:0:tabletsofruin	undefined	false	8192	8192	8192	6	0
tabletsofruin	onAnyModifyAtk	159	-1	0	40	Bug	1	1	0	10	0	-1	16384	greninjabond	0	1	1	0	1	1	0	1	0	0	0	0	true	Move	0	brn	magoberry	1	0	1	1	1	ability:0:tabletsofruin	undefined	undefined	16384	16384	16384	1	2
tabletsofruin	onAnyModifyAtk	160	1	0	0	Water	0	1	0	20	-1	-1	24576	pikachu	0	0	0	0	1	0	0	1	60	160	1	1	undefined	missing	0	psn	magoberry	2	0	-1	1	1	ability:0:tabletsofruin	undefined	undefined	24576	24576	24576	0	2
tabletsofruin	onAnyModifyAtk	161	-1	6	0	Ghost	0	1	1	0	20	0	2048	greninjaash	0	1	1	0	0	1	1	0	100	100	0	0	undefined	Ability	1	brn	magoberry	1	0	99	1	0	ability:0:tabletsofruin	undefined	false	2048	2048	2048	1	2
tabletsofruin	onAnyModifyAtk	162	-1	0	0	Water	0	0	1	0	0	0	8	greninjabond	0	0	1	1	0	0	0	2	60	100	0	0	true	Ability	0	brn	sitrusberry	1	-1	-1	1	0	ability:0:tabletsofruin|chain:0.75	undefined	false	8	8	8	0	0
tabletsofruin	onAnyModifyAtk	163	6	6	60	Ghost	0	1	0	20	20	-1	2048	greninjabond	0	0	0	0	0	6	1	0	60	100	1	0	0	missing	0	psn	figyberry	1	0	1	0	0	ability:0:tabletsofruin|chain:0.75	undefined	undefined	2048	2048	2048	6	2
tabletsofruin	onAnyModifyAtk	164	6	0	40	Water	0	0	0	20	0	-1	16384	pikachu	1	0	1	1	1	6	1	1	0	0	1	1	null	Move	0	brn	magoberry	2	-1	99	1	1	ability:0:tabletsofruin	undefined	undefined	16384	16384	16384	6	0
tabletsofruin	onAnyModifyAtk	165	-1	6	40	Normal	0	1	1	20	-1	1	24576	greninjaash	1	0	0	0	0	-1	1	0	100	160	0	1	undefined	missing	0	brn	aguavberry	1	1	99	0	0	ability:0:tabletsofruin|chain:0.75	undefined	true	24576	24576	24576	6	2
tabletsofruin	onAnyModifyAtk	166	1	6	61	Normal	0	0	1	0	-1	0	16384	pikachu	1	0	1	0	0	-1	0	0	60	0	1	0	undefined	Move	0	psn	magoberry	1	0	99	1	0	ability:0:tabletsofruin|chain:0.75	undefined	false	16384	16384	16384	6	0
tabletsofruin	onAnyModifyAtk	167	0	1	70	Water	1	1	1	0	100	0	0	greninjaash	0	1	0	1	1	0	0	1	100	160	0	0	null	Ability	1	psn	sitrusberry	1	1	1	0	0	ability:0:tabletsofruin	undefined	false	0	0	0	0	2
tabletsofruin	onAnyModifyAtk	168	6	1	61	Water	1	0	0	100	100	0	16384	greninjabond	1	1	1	1	1	6	0	0	60	100	0	0	true	Ability	0	psn	leftovers	0	1	99	1	0	ability:0:tabletsofruin	undefined	false	16384	16384	16384	6	0
tabletsofruin	onAnyModifyAtk	169	-1	6	60	Bug	1	0	1	0	0	0	24576	pikachu	1	0	1	0	1	1	0	0	100	100	0	1	null	missing	0	psn	figyberry	1	1	-1	1	1	ability:0:tabletsofruin	undefined	false	24576	24576	24576	1	0
tabletsofruin	onAnyModifyAtk	170	-1	6	61	Dark	0	0	1	20	-1	0	0	pikachu	1	0	1	1	1	-1	1	0	60	100	0	0	true	Ability	0	brn	wikiberry	0	1	-1	0	0	ability:0:tabletsofruin	undefined	false	0	0	0	-1	0
tabletsofruin	onAnyModifyAtk	171	1	6	70	Water	1	1	0	20	100	1	0	pikachu	1	0	1	1	0	-1	1	1	100	160	0	1	undefined	Ability	0	brn	sitrusberry	2	0	-1	1	1	ability:0:tabletsofruin|chain:0.75	undefined	true	0	0	0	6	2
tabletsofruin	onAnyModifyAtk	172	0	0	60	Bug	1	0	0	10	0	-1	0	pikachu	1	1	0	0	1	6	0	1	60	100	0	0	true	Move	1	brn	magoberry	1	1	-1	0	0	ability:0:tabletsofruin	undefined	undefined	0	0	0	6	0
tabletsofruin	onAnyModifyAtk	173	1	0	0	Ghost	1	0	1	100	-1	-1	2048	greninjabond	0	1	0	0	0	1	0	2	0	0	0	1	undefined	missing	1	brn	wikiberry	2	1	1	1	0	ability:0:tabletsofruin	undefined	undefined	2048	2048	2048	1	0
tabletsofruin	onAnyModifyAtk	174	-1	1	60	Fire	0	1	0	0	0	-1	2048	greninjaash	1	0	1	0	1	-1	1	0	100	0	1	0	true	Ability	1	psn	sitrusberry	0	0	0	0	1	ability:0:tabletsofruin	undefined	undefined	2048	2048	2048	-1	2
tabletsofruin	onAnyModifyAtk	175	0	0	0	Ghost	1	1	1	20	20	0	8192	pikachu	0	1	1	1	0	-1	1	1	60	160	1	1	null	missing	1	psn	sitrusberry	2	-1	99	1	1	ability:0:tabletsofruin|chain:0.75	undefined	false	8192	8192	8192	0	2
tabletsofruin	onAnyModifyAtk	176	6	0	70	Bug	0	0	1	0	-1	0	16384	pikachu	1	0	1	0	1	-1	0	1	60	160	1	1	null	missing	0	psn	leftovers	1	-1	1	1	0	ability:0:tabletsofruin	undefined	false	16384	16384	16384	-1	0
tabletsofruin	onAnyModifyAtk	177	6	1	61	Bug	1	1	1	100	-1	-1	0	pikachu	0	1	1	1	1	6	0	0	0	100	0	1	undefined	Move	1	psn	figyberry	2	0	1	1	1	ability:0:tabletsofruin	undefined	undefined	0	0	0	6	2
tabletsofruin	onAnyModifyAtk	178	6	1	61	Bug	1	0	1	0	20	1	2048	greninjaash	1	1	1	1	0	1	0	1	0	160	1	0	null	Move	1	psn	sitrusberry	2	-1	-1	1	1	ability:0:tabletsofruin|chain:0.75	undefined	true	2048	2048	2048	1	0
tabletsofruin	onAnyModifyAtk	179	-1	0	40	Water	1	1	1	100	0	0	2048	pikachu	1	0	0	1	1	0	1	1	0	160	1	1	0	Move	0	brn	aguavberry	2	-1	99	0	0	ability:0:tabletsofruin	undefined	false	2048	2048	2048	0	2
tabletsofruin	onAnyModifyAtk	180	6	6	70	Bug	0	1	1	0	-1	1	24576	greninjabond	0	1	0	1	0	1	0	1	0	160	1	1	null	missing	1	brn	figyberry	1	0	0	0	0	ability:0:tabletsofruin	undefined	true	24576	24576	24576	1	2
tabletsofruin	onAnyModifyAtk	181	-1	6	0	Dark	1	1	1	10	-1	0	8192	greninjaash	1	0	0	1	1	-1	0	1	0	0	0	0	0	Move	0	psn	wikiberry	2	-1	1	1	0	ability:0:tabletsofruin	undefined	false	8192	8192	8192	-1	2
tabletsofruin	onAnyModifyAtk	182	0	0	60	Normal	0	1	0	0	100	-1	8	greninjabond	1	0	1	0	0	0	1	0	100	100	1	0	false	Ability	0	brn	sitrusberry	0	1	99	1	1	ability:0:tabletsofruin|chain:0.75	undefined	undefined	8	8	8	0	2
tabletsofruin	onAnyModifyAtk	183	1	6	0	Ghost	0	1	0	10	0	-1	8192	greninjabond	1	1	0	0	1	6	1	2	0	0	0	1	undefined	Move	1	brn	iapapaberry	1	-1	-1	1	0	ability:0:tabletsofruin	undefined	undefined	8192	8192	8192	6	2
tabletsofruin	onAnyModifyAtk	184	6	0	60	Water	1	1	0	10	100	1	0	greninjaash	0	0	0	1	1	1	1	1	60	160	1	0	true	missing	1	brn	wikiberry	1	1	0	1	1	ability:0:tabletsofruin	undefined	true	0	0	0	1	2
tabletsofruin	onAnyModifyAtk	185	6	1	40	Dark	0	0	1	100	100	1	8	greninjabond	1	0	0	1	1	6	1	2	0	0	1	1	null	Move	0	brn	wikiberry	0	-1	99	1	1	ability:0:tabletsofruin	undefined	true	8	8	8	6	0
tabletsofruin	onAnyModifyAtk	186	1	0	40	Fire	1	1	0	20	0	-1	24576	greninjaash	1	1	0	1	1	0	0	2	0	160	1	0	null	missing	0	brn	wikiberry	1	0	-1	0	1	ability:0:tabletsofruin	undefined	undefined	24576	24576	24576	0	2
tabletsofruin	onAnyModifyAtk	187	6	0	70	Fire	1	1	0	100	0	-1	16384	greninjabond	1	0	0	0	0	1	1	2	0	160	0	0	null	Move	1	brn	sitrusberry	0	-1	0	0	1	ability:0:tabletsofruin	undefined	undefined	16384	16384	16384	1	2
tabletsofruin	onAnyModifyAtk	188	1	1	60	Bug	1	0	0	100	-1	0	8	greninjaash	1	0	1	0	0	1	0	1	60	100	1	0	true	Ability	1	brn	sitrusberry	2	-1	1	0	1	ability:0:tabletsofruin|chain:0.75	undefined	false	8	8	8	1	0
tabletsofruin	onAnyModifyAtk	189	0	6	70	Normal	0	0	1	20	0	-1	2048	greninjabond	1	1	0	1	1	1	1	1	100	100	0	0	false	missing	1	brn	magoberry	1	0	1	1	0	ability:0:tabletsofruin	undefined	undefined	2048	2048	2048	1	0
tabletsofruin	onAnyModifyAtk	190	1	6	60	Dark	0	0	0	0	100	1	2048	pikachu	0	1	1	0	1	0	0	0	60	0	0	0	true	missing	0	psn	figyberry	1	0	0	0	0	ability:0:tabletsofruin	undefined	true	2048	2048	2048	0	0
tabletsofruin	onAnyModifyAtk	191	6	0	40	Dark	0	1	1	100	100	-1	8	pikachu	1	1	0	1	1	1	1	0	0	0	1	0	false	Move	1	brn	figyberry	1	0	-1	0	1	ability:0:tabletsofruin	undefined	undefined	8	8	8	1	2
tabletsofruin	onAnyModifyAtk	192	6	0	70	Normal	0	1	0	20	-1	-1	8192	pikachu	1	1	1	0	1	6	1	0	100	0	0	1	undefined	Ability	1	brn	magoberry	0	-1	-1	0	1	ability:0:tabletsofruin	undefined	undefined	8192	8192	8192	6	2
tabletsofruin	onAnyModifyAtk	193	6	0	70	Bug	1	1	0	100	-1	0	2048	greninjaash	1	0	0	0	1	6	0	0	0	100	1	0	true	Ability	0	brn	sitrusberry	2	-1	0	0	1	ability:0:tabletsofruin	undefined	false	2048	2048	2048	6	2
tabletsofruin	onAnyModifyAtk	194	0	0	0	Normal	1	1	0	0	-1	1	16384	greninjaash	1	0	0	1	0	6	1	2	0	160	1	0	false	Move	0	psn	figyberry	0	1	-1	0	0	ability:0:tabletsofruin	undefined	true	16384	16384	16384	6	2
tabletsofruin	onAnyModifyAtk	195	1	0	60	Ghost	0	1	1	0	-1	1	8	pikachu	0	0	1	0	0	6	0	0	0	100	1	1	undefined	Ability	1	psn	magoberry	1	1	-1	1	0	ability:0:tabletsofruin	undefined	true	8	8	8	6	2
tabletsofruin	onAnyModifyAtk	196	-1	1	40	Water	0	0	0	20	-1	0	24576	pikachu	0	0	0	1	0	0	1	0	0	0	0	1	null	Ability	0	brn	sitrusberry	0	1	99	0	1	ability:0:tabletsofruin	undefined	false	24576	24576	24576	0	0
tabletsofruin	onAnyModifyAtk	197	6	0	0	Water	1	1	1	0	0	-1	24576	greninjaash	0	1	0	1	1	-1	0	2	0	160	0	1	false	missing	1	brn	figyberry	1	0	0	1	0	ability:0:tabletsofruin	undefined	undefined	24576	24576	24576	-1	2
tabletsofruin	onAnyModifyAtk	198	6	1	61	Normal	1	0	1	0	20	1	0	greninjabond	0	1	0	0	0	1	1	1	0	0	0	0	true	Move	1	brn	aguavberry	1	-1	99	0	1	ability:0:tabletsofruin|chain:0.75	undefined	true	0	0	0	1	0
tabletsofruin	onAnyModifyAtk	199	6	6	60	Water	0	1	0	20	20	-1	8192	greninjaash	1	1	1	1	0	0	1	1	60	100	0	0	null	missing	1	psn	wikiberry	2	0	0	1	0	ability:0:tabletsofruin	undefined	undefined	8192	8192	8192	0	2
tabletsofruin	onAnyModifyAtk	200	6	0	40	Fire	0	0	1	100	100	0	8192	greninjabond	0	1	0	1	0	0	1	1	0	0	1	0	true	Ability	1	brn	figyberry	1	1	-1	0	0	ability:0:tabletsofruin|chain:0.75	undefined	false	8192	8192	8192	0	0
tabletsofruin	onAnyModifyAtk	201	6	1	0	Water	0	0	0	20	20	1	2048	greninjaash	0	1	0	0	0	6	1	1	60	160	1	0	true	Move	1	psn	sitrusberry	1	0	1	0	1	ability:0:tabletsofruin	undefined	true	2048	2048	2048	6	0
tabletsofruin	onAnyModifyAtk	202	-1	1	61	Dark	1	0	0	20	20	-1	16384	greninjaash	1	0	0	1	0	1	0	1	60	160	0	0	undefined	Ability	1	brn	aguavberry	2	1	-1	1	0	ability:0:tabletsofruin|chain:0.75	undefined	undefined	16384	16384	16384	1	0
tabletsofruin	onAnyModifyAtk	203	-1	0	0	Normal	0	1	0	10	20	-1	8192	pikachu	0	0	0	1	1	-1	0	1	60	160	0	1	false	Ability	1	psn	sitrusberry	0	0	1	0	1	ability:0:tabletsofruin	undefined	undefined	8192	8192	8192	-1	2
tabletsofruin	onAnyModifyAtk	204	1	6	61	Normal	0	1	1	10	-1	1	2048	pikachu	1	1	0	0	0	0	1	1	0	0	1	0	0	Move	0	brn	iapapaberry	2	0	0	0	1	ability:0:tabletsofruin	undefined	true	2048	2048	2048	0	2
tabletsofruin	onAnyModifyAtk	205	0	0	61	Dark	1	0	1	10	0	-1	8192	greninjaash	1	0	1	0	1	1	1	1	0	160	1	1	undefined	Ability	0	psn	aguavberry	2	-1	0	0	0	ability:0:tabletsofruin	undefined	undefined	8192	8192	8192	1	0
tabletsofruin	onAnyModifyAtk	206	-1	6	61	Fire	1	0	1	0	-1	-1	8	pikachu	0	0	0	0	0	6	1	2	60	160	0	0	null	Ability	0	psn	aguavberry	2	0	0	1	1	ability:0:tabletsofruin|chain:0.75	undefined	undefined	8	8	8	6	0
tabletsofruin	onAnyModifyAtk	207	-1	6	70	Normal	1	1	1	0	0	-1	8192	greninjabond	0	0	0	0	1	-1	1	2	100	160	0	1	null	missing	1	psn	figyberry	1	0	0	0	1	ability:0:tabletsofruin	undefined	undefined	8192	8192	8192	-1	2
tabletsofruin	onAnyModifyAtk	208	-1	6	61	Fire	1	1	0	0	20	0	8192	greninjabond	1	0	0	1	0	1	1	1	100	160	0	1	true	missing	0	brn	leftovers	2	-1	99	0	0	ability:0:tabletsofruin	undefined	false	8192	8192	8192	1	2
tabletsofruin	onAnyModifyAtk	209	1	6	70	Fire	0	1	0	20	0	1	8	greninjaash	1	0	0	1	0	6	0	0	0	160	1	1	true	Ability	0	psn	wikiberry	2	1	-1	0	1	ability:0:tabletsofruin|chain:0.75	undefined	true	8	8	8	6	2
tabletsofruin	onAnyModifyAtk	210	-1	6	0	Bug	1	0	1	0	100	0	24576	greninjabond	0	0	1	1	1	-1	0	1	0	0	0	0	undefined	missing	0	psn	wikiberry	0	1	-1	0	1	ability:0:tabletsofruin	undefined	false	24576	24576	24576	-1	0
tabletsofruin	onAnyModifyAtk	211	6	6	40	Water	0	1	1	10	20	1	8	greninjabond	0	0	1	1	0	0	0	0	100	0	0	0	0	Ability	1	brn	sitrusberry	1	-1	0	0	0	ability:0:tabletsofruin	undefined	true	8	8	8	0	2
tabletsofruin	onAnyModifyAtk	212	-1	1	60	Bug	1	1	0	0	-1	0	16384	pikachu	0	0	1	0	0	0	1	2	100	100	1	1	undefined	missing	0	brn	iapapaberry	0	0	1	1	0	ability:0:tabletsofruin	undefined	false	16384	16384	16384	0	2
tabletsofruin	onAnyModifyAtk	213	6	0	61	Ghost	0	1	0	100	100	0	16384	greninjaash	1	1	1	0	0	-1	0	1	60	160	1	1	false	Move	1	psn	sitrusberry	0	0	-1	0	0	ability:0:tabletsofruin|chain:0.75	undefined	false	16384	16384	16384	0	2
tabletsofruin	onAnyModifyAtk	214	1	6	40	Water	1	1	1	0	0	0	2048	greninjabond	0	0	0	0	1	6	0	0	60	160	1	0	false	missing	0	brn	leftovers	2	1	-1	0	0	ability:0:tabletsofruin	undefined	false	2048	2048	2048	6	2
tabletsofruin	onAnyModifyAtk	215	0	6	70	Fire	1	0	1	100	100	-1	8192	pikachu	0	0	1	0	0	6	0	0	100	0	1	0	true	Ability	0	psn	iapapaberry	2	1	1	0	1	ability:0:tabletsofruin|chain:0.75	undefined	undefined	8192	8192	8192	6	0
tabletsofruin	onAnyModifyAtk	216	-1	0	61	Dark	0	1	1	10	0	-1	16384	greninjaash	1	0	1	0	0	-1	0	0	60	100	0	0	undefined	missing	0	brn	iapapaberry	2	-1	1	0	1	ability:0:tabletsofruin|chain:0.75	undefined	undefined	16384	16384	16384	0	2
tabletsofruin	onAnyModifyAtk	217	1	0	0	Fire	1	0	0	10	20	1	0	greninjaash	1	1	0	1	0	6	0	2	100	0	1	1	false	Ability	1	brn	magoberry	0	0	1	1	1	ability:0:tabletsofruin	undefined	true	0	0	0	6	0
tabletsofruin	onAnyModifyAtk	218	6	6	60	Ghost	0	1	1	20	0	0	2048	pikachu	0	1	1	1	0	6	1	1	60	160	0	0	undefined	missing	0	brn	figyberry	1	0	-1	1	1	ability:0:tabletsofruin|chain:0.75	undefined	false	2048	2048	2048	6	2
tabletsofruin	onAnyModifyAtk	219	1	6	60	Ghost	1	1	1	20	100	0	8	greninjabond	1	0	0	0	0	1	0	0	60	100	1	0	true	missing	1	brn	iapapaberry	0	0	-1	1	0	ability:0:tabletsofruin	undefined	false	8	8	8	1	2
tabletsofruin	onAnyModifyAtk	220	1	1	70	Water	0	0	0	100	-1	0	16384	pikachu	0	0	0	1	1	-1	1	0	60	160	0	0	null	missing	1	brn	wikiberry	0	0	99	1	0	ability:0:tabletsofruin	undefined	false	16384	16384	16384	-1	0
tabletsofruin	onAnyModifyAtk	221	-1	0	40	Normal	1	0	0	10	100	1	8192	greninjaash	0	0	1	1	0	1	0	0	100	0	1	0	true	Move	0	brn	wikiberry	0	0	-1	0	0	ability:0:tabletsofruin	undefined	true	8192	8192	8192	1	0
tabletsofruin	onAnyModifyAtk	222	6	6	70	Ghost	1	1	0	0	100	-1	2048	greninjabond	0	1	1	1	0	-1	1	0	60	0	1	1	undefined	Move	1	psn	magoberry	1	1	1	1	0	ability:0:tabletsofruin|chain:0.75	undefined	undefined	2048	2048	2048	6	2
tabletsofruin	onAnyModifyAtk	223	1	0	0	Fire	1	0	0	20	20	1	0	greninjaash	0	0	0	1	0	6	0	0	100	100	0	0	false	Ability	0	brn	leftovers	2	-1	1	1	0	ability:0:tabletsofruin	undefined	true	0	0	0	6	0
tabletsofruin	onAnyModifyAtk	224	-1	6	0	Ghost	1	0	1	20	20	1	2048	greninjabond	0	1	0	1	0	0	0	0	100	160	1	1	true	Ability	0	brn	figyberry	0	-1	0	0	1	ability:0:tabletsofruin	undefined	true	2048	2048	2048	0	0
tabletsofruin	onAnyModifyAtk	225	1	6	60	Normal	0	1	0	10	100	0	24576	greninjabond	0	0	1	1	1	6	1	0	0	100	0	0	0	Ability	0	psn	iapapaberry	0	0	99	1	1	ability:0:tabletsofruin	undefined	false	24576	24576	24576	6	2
tabletsofruin	onAnyModifyAtk	226	1	1	0	Water	0	1	1	0	-1	-1	16384	greninjabond	0	1	1	1	1	0	0	1	60	0	1	0	0	missing	1	psn	iapapaberry	0	-1	-1	0	0	ability:0:tabletsofruin	undefined	undefined	16384	16384	16384	0	2
tabletsofruin	onAnyModifyAtk	227	-1	0	61	Fire	1	1	0	20	0	0	24576	greninjaash	1	0	1	1	1	-1	0	0	60	0	0	1	0	missing	1	psn	leftovers	2	0	1	0	1	ability:0:tabletsofruin	undefined	false	24576	24576	24576	-1	2
tabletsofruin	onAnyModifyAtk	228	0	1	40	Bug	1	0	1	20	20	1	8	greninjabond	1	1	0	0	1	-1	0	2	0	160	1	1	true	Move	1	brn	figyberry	1	1	-1	1	1	ability:0:tabletsofruin	undefined	true	8	8	8	-1	0
tabletsofruin	onAnyModifyAtk	229	1	6	40	Ghost	1	1	0	20	100	1	2048	pikachu	1	1	1	1	0	-1	1	0	100	160	1	0	null	Ability	1	brn	aguavberry	2	-1	99	1	1	ability:0:tabletsofruin|chain:0.75	undefined	true	2048	2048	2048	6	2
tabletsofruin	onAnyModifyAtk	230	-1	6	0	Bug	1	0	0	10	100	-1	8	greninjaash	0	1	1	1	1	-1	0	0	60	160	1	1	undefined	Move	0	brn	leftovers	1	1	-1	0	1	ability:0:tabletsofruin	undefined	undefined	8	8	8	-1	0
tabletsofruin	onAnyModifyAtk	231	1	6	40	Normal	1	0	1	0	-1	0	0	greninjaash	1	0	0	1	1	1	0	1	60	100	1	1	undefined	Move	0	brn	sitrusberry	2	0	99	0	1	ability:0:tabletsofruin	undefined	false	0	0	0	1	0
tabletsofruin	onAnyModifyAtk	232	-1	0	70	Dark	0	0	0	100	0	1	0	greninjaash	1	1	0	0	0	6	0	0	60	100	0	0	undefined	missing	1	brn	figyberry	1	1	-1	1	1	ability:0:tabletsofruin	undefined	true	0	0	0	6	0
tabletsofruin	onAnyModifyAtk	233	0	1	70	Bug	0	0	1	0	-1	0	16384	pikachu	1	1	1	0	1	6	0	2	100	160	0	0	undefined	Move	1	psn	sitrusberry	2	0	0	1	1	ability:0:tabletsofruin	undefined	false	16384	16384	16384	6	0
tabletsofruin	onAnyModifyAtk	234	0	6	70	Fire	0	0	0	20	100	1	24576	greninjabond	0	0	0	1	0	-1	0	0	60	100	1	0	null	missing	0	brn	figyberry	1	0	-1	1	1	ability:0:tabletsofruin|chain:0.75	undefined	true	24576	24576	24576	6	0
tabletsofruin	onAnyModifyAtk	235	6	6	60	Fire	1	1	1	100	0	0	8192	greninjaash	1	0	1	1	0	0	1	0	60	160	1	1	true	Move	0	psn	wikiberry	2	1	0	0	0	ability:0:tabletsofruin	undefined	false	8192	8192	8192	0	2
tabletsofruin	onAnyModifyAtk	236	6	6	60	Bug	0	1	0	10	20	1	8	greninjaash	0	1	1	1	1	6	0	1	100	160	1	0	false	Ability	1	brn	leftovers	0	-1	0	1	1	ability:0:tabletsofruin	undefined	true	8	8	8	6	2
tabletsofruin	onAnyModifyAtk	237	-1	6	60	Ghost	0	0	0	0	20	0	24576	pikachu	1	0	1	0	1	6	0	0	60	0	1	1	null	Ability	1	psn	wikiberry	2	0	99	1	1	ability:0:tabletsofruin	undefined	false	24576	24576	24576	6	0
tabletsofruin	onAnyModifyAtk	238	0	1	70	Dark	0	0	0	10	20	-1	0	pikachu	1	1	1	1	0	0	0	1	100	0	1	1	0	Move	1	psn	iapapaberry	0	-1	1	0	1	ability:0:tabletsofruin	undefined	undefined	0	0	0	0	0
tabletsofruin	onAnyModifyAtk	239	6	6	60	Water	0	0	0	100	100	1	16384	pikachu	1	0	1	0	0	0	0	1	60	100	0	1	false	Move	0	psn	leftovers	0	-1	99	0	0	ability:0:tabletsofruin	undefined	true	16384	16384	16384	0	0
tabletsofruin	onAnyModifyAtk	240	-1	1	61	Ghost	0	1	1	0	20	-1	8	pikachu	0	0	1	1	1	0	1	2	60	0	0	1	true	Ability	1	brn	wikiberry	1	1	99	1	0	ability:0:tabletsofruin	undefined	undefined	8	8	8	0	2
tabletsofruin	onAnyModifyAtk	241	0	6	60	Fire	1	1	1	0	100	1	8	greninjabond	1	0	1	0	1	6	1	1	0	0	0	1	0	missing	1	brn	iapapaberry	2	0	1	0	1	ability:0:tabletsofruin	undefined	true	8	8	8	6	2
tabletsofruin	onAnyModifyAtk	242	-1	6	0	Bug	0	0	0	0	0	1	0	greninjabond	0	0	0	1	1	6	1	2	0	100	1	0	undefined	Move	0	psn	sitrusberry	2	1	-1	1	1	ability:0:tabletsofruin	undefined	true	0	0	0	6	0
tabletsofruin	onAnyModifyAtk	243	1	1	0	Water	1	1	0	100	-1	-1	2048	greninjaash	0	0	0	0	0	1	1	0	0	100	0	0	true	Ability	0	psn	aguavberry	2	-1	99	1	1	ability:0:tabletsofruin|chain:0.75	undefined	undefined	2048	2048	2048	1	2
tabletsofruin	onAnyModifyAtk	244	0	0	61	Bug	0	0	0	0	20	-1	24576	greninjabond	1	0	0	0	1	6	0	1	0	0	0	1	undefined	Ability	0	brn	wikiberry	2	-1	1	1	0	ability:0:tabletsofruin	undefined	undefined	24576	24576	24576	6	0
tabletsofruin	onAnyModifyAtk	245	0	1	40	Bug	1	1	0	10	20	-1	8	greninjabond	0	1	1	0	1	0	1	2	100	160	0	1	0	Move	0	brn	magoberry	1	1	99	1	1	ability:0:tabletsofruin	undefined	undefined	8	8	8	0	2
tabletsofruin	onAnyModifyAtk	246	1	1	60	Dark	0	1	0	10	-1	0	8192	pikachu	1	0	0	1	0	0	1	1	100	0	0	1	true	missing	1	brn	iapapaberry	0	-1	-1	1	0	ability:0:tabletsofruin	undefined	false	8192	8192	8192	0	2
tabletsofruin	onAnyModifyAtk	247	-1	1	60	Ghost	0	0	1	10	20	0	2048	greninjaash	1	0	0	0	0	-1	0	0	100	100	0	0	undefined	Move	0	psn	aguavberry	0	0	-1	1	1	ability:0:tabletsofruin|chain:0.75	undefined	false	2048	2048	2048	1	0
tabletsofruin	onAnyModifyAtk	248	0	6	0	Fire	1	1	1	10	-1	1	8	greninjaash	1	1	0	0	1	1	1	0	100	100	1	0	undefined	missing	1	brn	magoberry	2	1	1	1	0	ability:0:tabletsofruin	undefined	true	8	8	8	1	2
tabletsofruin	onAnyModifyAtk	249	0	6	0	Ghost	0	0	1	100	0	-1	8	greninjabond	0	1	1	1	0	6	0	1	0	0	0	1	false	Move	0	brn	aguavberry	2	0	-1	0	1	ability:0:tabletsofruin|chain:0.75	undefined	undefined	8	8	8	6	0
tabletsofruin	onAnyModifyAtk	250	6	0	60	Bug	0	0	0	20	-1	-1	2048	greninjaash	0	1	0	1	1	0	0	0	60	160	1	0	0	Ability	1	brn	aguavberry	0	1	-1	0	0	ability:0:tabletsofruin	undefined	undefined	2048	2048	2048	0	0
tabletsofruin	onAnyModifyAtk	251	-1	6	61	Bug	0	1	1	0	20	1	2048	greninjabond	0	0	1	0	1	6	1	1	60	160	0	1	false	Move	0	brn	figyberry	0	-1	1	0	0	ability:0:tabletsofruin	undefined	true	2048	2048	2048	6	2
tabletsofruin	onAnyModifyAtk	252	6	6	0	Water	1	0	1	100	20	1	0	greninjabond	0	0	0	1	1	1	1	2	100	160	1	0	true	Ability	0	psn	wikiberry	1	1	99	1	0	ability:0:tabletsofruin	undefined	true	0	0	0	1	0
tabletsofruin	onAnyModifyAtk	253	6	1	61	Bug	0	0	1	100	20	-1	2048	greninjabond	1	0	0	0	1	6	0	2	100	0	0	0	0	Ability	1	brn	leftovers	0	1	1	0	1	ability:0:tabletsofruin	undefined	undefined	2048	2048	2048	6	0
tabletsofruin	onAnyModifyAtk	254	-1	1	70	Normal	0	1	1	10	0	1	8192	pikachu	1	0	0	1	1	1	0	0	0	160	0	1	undefined	missing	0	psn	aguavberry	2	1	1	0	0	ability:0:tabletsofruin	undefined	true	8192	8192	8192	1	2
tabletsofruin	onAnyModifyAtk	255	-1	0	40	Fire	0	0	1	0	-1	0	0	pikachu	0	0	1	1	1	6	1	1	60	100	1	0	false	missing	1	brn	wikiberry	2	0	0	0	0	ability:0:tabletsofruin	undefined	false	0	0	0	6	0
tabletsofruin	onAnyModifyAtk	256	0	6	70	Dark	0	0	0	20	100	-1	24576	greninjabond	0	1	0	1	1	-1	1	1	100	0	0	1	true	missing	0	brn	leftovers	0	1	0	1	1	ability:0:tabletsofruin	undefined	undefined	24576	24576	24576	-1	0
tabletsofruin	onAnyModifyAtk	257	-1	6	61	Normal	0	1	1	100	20	-1	2048	greninjabond	1	0	1	1	0	6	1	2	100	0	0	1	undefined	Ability	1	psn	wikiberry	2	1	0	0	1	ability:0:tabletsofruin|chain:0.75	undefined	undefined	2048	2048	2048	6	2
tabletsofruin	onAnyModifyAtk	258	6	0	61	Dark	1	1	0	0	20	0	8192	pikachu	1	1	1	1	0	-1	0	2	100	160	0	0	null	Ability	0	psn	wikiberry	2	0	-1	1	0	ability:0:tabletsofruin|chain:0.75	undefined	false	8192	8192	8192	0	2
tabletsofruin	onAnyModifyAtk	259	6	0	70	Dark	0	1	1	10	20	0	2048	pikachu	0	0	0	1	0	-1	1	2	0	100	1	1	true	Ability	0	brn	leftovers	1	-1	-1	0	1	ability:0:tabletsofruin|chain:0.75	undefined	false	2048	2048	2048	0	2
tabletsofruin	onAnyModifyAtk	260	0	6	0	Fire	0	1	0	20	20	1	2048	greninjaash	0	1	1	0	1	1	1	0	60	100	0	1	0	missing	0	psn	wikiberry	1	0	-1	0	0	ability:0:tabletsofruin	undefined	true	2048	2048	2048	1	2
tabletsofruin	onAnyModifyAtk	261	0	1	70	Ghost	0	0	1	0	20	1	24576	pikachu	0	1	0	1	0	0	0	1	60	160	0	0	true	missing	0	psn	leftovers	2	0	1	0	1	ability:0:tabletsofruin	undefined	true	24576	24576	24576	0	0
tabletsofruin	onAnyModifyAtk	262	0	6	70	Fire	0	0	1	10	100	1	16384	greninjaash	1	1	0	1	0	1	0	0	60	0	0	1	false	Move	1	brn	leftovers	0	1	-1	1	1	ability:0:tabletsofruin	undefined	true	16384	16384	16384	1	0
tabletsofruin	onAnyModifyAtk	263	0	1	70	Ghost	1	0	0	20	100	1	8	greninjabond	0	0	0	0	0	1	1	0	0	160	0	1	null	Move	1	brn	figyberry	1	-1	0	0	1	ability:0:tabletsofruin|chain:0.75	undefined	true	8	8	8	1	0
tabletsofruin	onAnyModifyAtk	264	0	0	40	Ghost	1	0	1	100	-1	-1	0	pikachu	0	0	1	0	1	0	0	1	60	0	0	0	false	Move	0	brn	magoberry	0	1	-1	1	1	ability:0:tabletsofruin	undefined	undefined	0	0	0	0	0
tabletsofruin	onAnyModifyAtk	265	-1	6	0	Dark	1	1	1	100	0	0	24576	greninjaash	1	1	1	0	0	6	1	0	100	100	1	0	0	Ability	0	psn	wikiberry	1	0	99	1	1	ability:0:tabletsofruin|chain:0.75	undefined	false	24576	24576	24576	6	2
tabletsofruin	onAnyModifyAtk	266	1	1	60	Water	1	1	1	20	100	1	2048	greninjabond	1	1	1	1	1	1	1	1	100	0	0	0	false	Move	0	brn	magoberry	1	-1	-1	0	1	ability:0:tabletsofruin	undefined	true	2048	2048	2048	1	2
tabletsofruin	onAnyModifyAtk	267	1	6	70	Fire	0	1	0	10	100	1	0	greninjaash	1	0	1	1	0	0	1	2	100	160	0	0	false	Move	0	psn	figyberry	0	1	99	1	0	ability:0:tabletsofruin	undefined	true	0	0	0	0	2
tabletsofruin	onAnyModifyAtk	268	6	0	61	Fire	1	1	1	10	100	0	0	greninjabond	1	0	0	1	0	1	1	2	0	160	0	1	false	Ability	0	psn	wikiberry	1	-1	0	0	1	ability:0:tabletsofruin	undefined	false	0	0	0	1	2
tabletsofruin	onAnyModifyAtk	269	1	0	0	Fire	1	1	1	20	-1	0	0	pikachu	0	0	0	1	0	6	1	2	0	160	0	1	null	Ability	1	psn	magoberry	1	1	0	0	1	ability:0:tabletsofruin	undefined	false	0	0	0	6	2
tabletsofruin	onAnyModifyAtk	270	1	0	61	Water	0	0	1	10	100	1	8	greninjabond	1	1	1	1	1	6	1	2	0	160	1	1	false	Ability	1	psn	figyberry	0	0	1	0	0	ability:0:tabletsofruin	undefined	true	8	8	8	6	0
tabletsofruin	onAnyModifyAtk	271	1	1	40	Bug	1	0	1	10	20	1	24576	greninjabond	0	0	1	0	0	0	1	2	100	100	1	1	null	Ability	1	psn	leftovers	2	1	1	1	0	ability:0:tabletsofruin	undefined	true	24576	24576	24576	0	0
tabletsofruin	onAnyModifyAtk	272	0	1	0	Dark	0	1	1	0	100	0	2048	pikachu	1	0	0	1	1	6	0	2	0	160	1	0	0	Move	0	brn	wikiberry	2	-1	99	1	0	ability:0:tabletsofruin	undefined	false	2048	2048	2048	6	2
tabletsofruin	onAnyModifyAtk	273	-1	0	70	Ghost	0	0	0	20	20	0	2048	pikachu	0	0	0	0	1	6	0	2	60	0	1	0	true	missing	1	brn	aguavberry	0	0	0	1	1	ability:0:tabletsofruin	undefined	false	2048	2048	2048	6	0
tabletsofruin	onAnyModifyAtk	274	0	0	61	Ghost	1	0	1	0	-1	1	16384	pikachu	1	0	1	1	0	0	0	2	60	100	0	0	0	Ability	1	psn	wikiberry	2	1	-1	1	1	ability:0:tabletsofruin|chain:0.75	undefined	true	16384	16384	16384	0	0
tabletsofruin	onAnyModifyAtk	275	-1	1	60	Water	1	0	1	20	0	-1	2048	pikachu	1	1	1	0	1	1	1	1	0	160	1	0	undefined	Move	1	psn	wikiberry	2	1	1	0	1	ability:0:tabletsofruin	undefined	undefined	2048	2048	2048	1	0
tabletsofruin	onAnyModifyAtk	276	1	6	70	Dark	0	0	1	10	100	1	2048	greninjabond	0	0	1	0	0	0	0	2	100	0	1	0	null	missing	1	psn	magoberry	2	0	1	0	1	ability:0:tabletsofruin	undefined	true	2048	2048	2048	0	0
tabletsofruin	onAnyModifyAtk	277	-1	0	0	Bug	0	0	1	100	-1	1	8	greninjabond	1	1	0	0	0	0	0	0	60	160	0	1	null	Ability	1	brn	magoberry	2	0	0	1	1	ability:0:tabletsofruin|chain:0.75	undefined	true	8	8	8	0	0
tabletsofruin	onAnyModifyAtk	278	6	0	0	Fire	1	0	0	10	20	-1	8192	greninjabond	0	0	1	1	0	-1	0	1	100	0	1	1	null	Move	0	brn	wikiberry	0	-1	-1	1	0	ability:0:tabletsofruin|chain:0.75	undefined	undefined	8192	8192	8192	0	0
tabletsofruin	onAnyModifyAtk	279	1	1	60	Bug	1	0	0	100	-1	1	8192	greninjaash	1	0	1	1	1	-1	1	2	60	0	0	0	null	Move	1	psn	aguavberry	2	1	1	0	1	ability:0:tabletsofruin	undefined	true	8192	8192	8192	-1	0
tabletsofruin	onAnyModifyAtk	280	0	1	60	Dark	1	0	0	20	-1	-1	16384	greninjaash	0	1	0	0	1	-1	0	0	100	100	0	1	false	Ability	0	brn	leftovers	2	0	1	0	0	ability:0:tabletsofruin	undefined	undefined	16384	16384	16384	-1	0
tabletsofruin	onAnyModifyAtk	281	6	1	60	Normal	0	1	0	20	100	0	8192	pikachu	1	1	0	0	1	6	1	0	100	0	1	1	undefined	Move	1	psn	leftovers	1	-1	1	1	1	ability:0:tabletsofruin	undefined	false	8192	8192	8192	6	2
tabletsofruin	onAnyModifyAtk	282	-1	0	61	Bug	1	0	1	20	20	0	8	greninjaash	1	0	0	1	1	6	0	0	100	0	1	1	undefined	missing	0	brn	leftovers	2	-1	0	1	0	ability:0:tabletsofruin	undefined	false	8	8	8	6	0
tabletsofruin	onAnyModifyAtk	283	6	1	70	Water	1	0	0	20	-1	0	24576	greninjaash	1	1	0	1	0	6	0	2	0	100	0	1	false	Ability	1	brn	figyberry	1	0	-1	1	0	ability:0:tabletsofruin	undefined	false	24576	24576	24576	6	0
tabletsofruin	onAnyModifyAtk	284	-1	0	60	Ghost	0	0	0	0	100	1	8	pikachu	1	1	1	1	0	0	0	0	100	0	0	1	false	missing	1	psn	iapapaberry	2	1	99	0	0	ability:0:tabletsofruin|chain:0.75	undefined	true	8	8	8	0	0
tabletsofruin	onAnyModifyAtk	285	1	6	40	Normal	0	1	1	10	-1	-1	8	greninjabond	0	0	0	0	1	6	1	1	0	160	1	1	true	Move	0	brn	sitrusberry	0	1	-1	1	1	ability:0:tabletsofruin	undefined	undefined	8	8	8	6	2
tabletsofruin	onAnyModifyAtk	286	-1	1	40	Bug	1	1	0	10	-1	-1	16384	greninjabond	0	0	1	1	1	-1	0	2	100	100	1	1	null	Ability	1	psn	sitrusberry	1	1	1	1	1	ability:0:tabletsofruin	undefined	undefined	16384	16384	16384	-1	2
tabletsofruin	onAnyModifyAtk	287	6	0	40	Fire	0	0	1	20	100	0	24576	greninjabond	1	0	0	1	0	6	1	1	100	100	1	1	0	Ability	1	psn	leftovers	0	1	99	0	0	ability:0:tabletsofruin	undefined	false	24576	24576	24576	6	0
tabletsofruin	onAnyModifyAtk	288	0	0	61	Ghost	1	0	1	100	0	-1	2048	greninjabond	1	1	1	1	0	1	1	2	60	160	0	0	undefined	Move	1	brn	wikiberry	1	-1	0	0	0	ability:0:tabletsofruin	undefined	undefined	2048	2048	2048	1	0
tabletsofruin	onAnyModifyAtk	289	6	6	60	Water	1	0	0	10	-1	1	8	greninjabond	1	0	0	1	1	6	0	2	100	0	1	1	true	missing	0	psn	sitrusberry	1	0	-1	0	1	ability:0:tabletsofruin	undefined	true	8	8	8	6	0
tabletsofruin	onAnyModifyAtk	290	6	1	40	Ghost	1	1	0	10	100	1	16384	greninjaash	1	1	0	0	1	1	1	1	0	160	1	1	null	Ability	1	psn	aguavberry	2	-1	0	0	1	ability:0:tabletsofruin	undefined	true	16384	16384	16384	1	2
tabletsofruin	onAnyModifyAtk	291	1	6	40	Normal	1	0	1	100	-1	-1	8	greninjabond	1	1	1	1	1	-1	0	2	100	160	0	1	false	Ability	1	brn	leftovers	0	1	99	1	1	ability:0:tabletsofruin	undefined	undefined	8	8	8	-1	0
tabletsofruin	onAnyModifyAtk	292	1	1	0	Ghost	1	1	1	100	100	-1	8	greninjabond	0	1	0	0	0	-1	0	2	0	160	0	0	true	Move	1	psn	leftovers	1	0	-1	0	0	ability:0:tabletsofruin|chain:0.75	undefined	undefined	8	8	8	1	2
tabletsofruin	onAnyModifyAtk	293	6	6	61	Fire	1	0	0	100	0	-1	2048	greninjaash	0	1	1	1	1	0	0	0	0	0	1	0	null	Ability	1	psn	aguavberry	1	0	-1	1	1	ability:0:tabletsofruin	undefined	undefined	2048	2048	2048	0	0
tabletsofruin	onAnyModifyAtk	294	0	0	0	Dark	1	1	0	10	0	0	24576	pikachu	0	1	0	1	1	0	1	2	60	100	0	1	0	missing	1	brn	figyberry	1	-1	-1	0	1	ability:0:tabletsofruin	undefined	false	24576	24576	24576	0	2
tabletsofruin	onAnyModifyAtk	295	-1	6	70	Fire	0	0	0	10	20	1	8	pikachu	1	0	1	0	0	1	1	2	100	0	1	1	true	missing	0	brn	figyberry	0	1	99	1	1	ability:0:tabletsofruin	undefined	true	8	8	8	1	0
tabletsofruin	onAnyModifyAtk	296	1	1	40	Fire	0	1	1	0	20	-1	8192	greninjaash	0	0	0	0	0	-1	1	1	100	0	1	1	false	missing	1	brn	magoberry	0	0	-1	0	1	ability:0:tabletsofruin|chain:0.75	undefined	undefined	8192	8192	8192	1	2
tabletsofruin	onAnyModifyAtk	297	6	0	0	Fire	0	1	0	10	100	0	16384	greninjabond	0	1	0	1	0	6	1	0	100	100	1	0	null	missing	1	brn	magoberry	0	1	0	0	0	ability:0:tabletsofruin	undefined	false	16384	16384	16384	6	2
tabletsofruin	onAnyModifyAtk	298	6	6	70	Bug	1	1	0	100	0	-1	24576	greninjaash	0	1	0	0	0	0	0	1	100	160	1	1	undefined	missing	1	psn	iapapaberry	1	-1	0	1	1	ability:0:tabletsofruin	undefined	undefined	24576	24576	24576	0	2
tabletsofruin	onAnyModifyAtk	299	0	1	60	Dark	0	0	1	100	20	1	24576	pikachu	0	1	0	0	1	0	0	0	0	100	1	0	false	Move	1	psn	aguavberry	0	0	0	0	0	ability:0:tabletsofruin	undefined	true	24576	24576	24576	0	0
tabletsofruin	onAnyModifyAtk	300	-1	6	61	Dark	0	1	1	20	100	1	8	pikachu	0	0	1	1	0	-1	1	1	60	160	1	1	true	Ability	0	psn	wikiberry	2	-1	0	1	1	ability:0:tabletsofruin|chain:0.75	undefined	true	8	8	8	6	2
tabletsofruin	onAnyModifyAtk	301	0	1	60	Water	0	1	0	0	0	0	24576	greninjabond	1	0	1	1	1	6	1	2	60	0	1	0	true	Move	0	psn	iapapaberry	2	0	99	0	1	ability:0:tabletsofruin	undefined	false	24576	24576	24576	6	2
tabletsofruin	onAnyModifyAtk	302	6	0	70	Bug	1	0	1	10	100	0	8192	greninjaash	0	1	0	1	0	0	0	0	0	0	0	1	undefined	Ability	0	brn	leftovers	2	0	1	1	0	ability:0:tabletsofruin|chain:0.75	undefined	false	8192	8192	8192	0	0
tabletsofruin	onAnyModifyAtk	303	-1	1	61	Bug	0	0	0	100	-1	-1	2048	greninjaash	1	0	0	0	1	0	0	2	60	0	0	0	true	Move	0	brn	wikiberry	1	0	-1	0	0	ability:0:tabletsofruin	undefined	undefined	2048	2048	2048	0	0
tabletsofruin	onAnyModifyAtk	304	1	1	61	Fire	1	1	0	10	0	0	8192	greninjabond	0	1	0	1	0	0	1	2	0	100	0	0	false	Move	1	brn	aguavberry	1	-1	99	0	1	ability:0:tabletsofruin	undefined	false	8192	8192	8192	0	2
tabletsofruin	onAnyModifyAtk	305	1	1	40	Ghost	0	0	0	0	0	1	24576	pikachu	1	0	0	0	0	-1	1	2	0	100	1	0	true	missing	0	brn	wikiberry	0	0	99	0	0	ability:0:tabletsofruin|chain:0.75	undefined	true	24576	24576	24576	1	0
tabletsofruin	onAnyModifyAtk	306	1	1	40	Fire	0	1	0	10	-1	-1	24576	pikachu	0	0	0	0	1	6	1	2	60	160	0	1	true	missing	0	brn	iapapaberry	2	0	0	0	0	ability:0:tabletsofruin	undefined	undefined	24576	24576	24576	6	2
tabletsofruin	onAnyModifyAtk	307	6	1	0	Dark	0	0	0	0	100	0	8192	pikachu	0	1	1	0	0	1	0	2	60	100	0	0	true	Ability	1	psn	figyberry	0	-1	-1	1	1	ability:0:tabletsofruin|chain:0.75	undefined	false	8192	8192	8192	1	0
tabletsofruin	onAnyModifyAtk	308	1	0	60	Dark	1	0	0	10	0	0	0	greninjabond	1	0	1	0	1	6	1	0	60	0	0	0	true	Ability	0	psn	iapapaberry	1	-1	1	1	1	ability:0:tabletsofruin	undefined	false	0	0	0	6	0
tabletsofruin	onAnyModifyAtk	309	6	6	61	Water	0	0	0	20	0	0	0	greninjabond	0	1	1	0	0	0	1	0	100	0	1	1	true	missing	1	brn	figyberry	1	-1	99	0	1	ability:0:tabletsofruin	undefined	false	0	0	0	0	0
tabletsofruin	onAnyModifyAtk	310	-1	6	61	Dark	1	0	1	10	20	0	0	pikachu	0	1	0	1	1	1	0	0	0	100	0	1	null	Move	1	psn	sitrusberry	2	0	-1	0	0	ability:0:tabletsofruin	undefined	false	0	0	0	1	0
tabletsofruin	onAnyModifyAtk	311	0	6	70	Water	1	0	1	20	100	1	2048	pikachu	0	0	1	1	0	-1	0	2	100	0	1	0	true	Move	0	psn	sitrusberry	2	0	0	0	1	ability:0:tabletsofruin|chain:0.75	undefined	true	2048	2048	2048	6	0
tabletsofruin	onAnyModifyAtk	312	1	1	61	Dark	0	0	1	20	20	0	24576	pikachu	1	1	1	0	0	6	0	0	60	100	0	1	null	Move	0	psn	leftovers	2	1	1	0	0	ability:0:tabletsofruin	undefined	false	24576	24576	24576	6	0
tabletsofruin	onAnyModifyAtk	313	1	6	0	Normal	1	1	0	0	20	0	2048	greninjaash	0	1	1	0	0	-1	0	0	0	100	0	0	0	Move	1	psn	aguavberry	2	0	-1	0	0	ability:0:tabletsofruin|chain:0.75	undefined	false	2048	2048	2048	6	2
tabletsofruin	onAnyModifyAtk	314	0	1	40	Water	0	0	1	100	100	-1	0	greninjabond	0	0	1	0	0	1	1	1	0	160	0	1	null	missing	1	psn	sitrusberry	0	0	0	1	0	ability:0:tabletsofruin|chain:0.75	undefined	undefined	0	0	0	1	0
tabletsofruin	onAnyModifyAtk	315	1	6	61	Bug	0	0	1	0	100	-1	8	greninjaash	0	1	1	1	1	6	0	2	0	160	1	1	undefined	missing	0	psn	sitrusberry	0	0	1	1	0	ability:0:tabletsofruin	undefined	undefined	8	8	8	6	0
tabletsofruin	onAnyModifyAtk	316	0	6	60	Fire	0	1	1	0	0	-1	0	greninjabond	0	1	0	1	1	6	1	0	60	100	0	1	true	Ability	0	psn	aguavberry	0	0	99	1	0	ability:0:tabletsofruin	undefined	undefined	0	0	0	6	2
tabletsofruin	onAnyModifyAtk	317	-1	0	0	Ghost	1	1	0	100	100	1	8	greninjaash	0	0	1	0	0	6	0	1	100	160	1	1	false	Move	0	psn	magoberry	2	0	99	0	1	ability:0:tabletsofruin	undefined	true	8	8	8	6	2
tabletsofruin	onAnyModifyAtk	318	0	6	60	Normal	1	1	1	10	20	-1	8192	greninjabond	1	0	0	1	0	1	1	0	0	0	1	1	undefined	missing	1	brn	magoberry	2	0	1	1	1	ability:0:tabletsofruin	undefined	undefined	8192	8192	8192	1	2
tabletsofruin	onAnyModifyAtk	319	1	1	0	Normal	1	0	0	0	20	1	2048	pikachu	0	0	1	0	0	6	0	2	60	0	0	1	0	Move	0	psn	figyberry	0	0	0	1	0	ability:0:tabletsofruin	undefined	true	2048	2048	2048	6	0
tabletsofruin	onAnyModifyAtk	320	1	1	70	Ghost	1	0	1	100	0	0	0	greninjaash	0	0	0	1	0	-1	0	0	100	100	1	0	true	Move	0	psn	figyberry	1	-1	0	1	0	ability:0:tabletsofruin|chain:0.75	undefined	false	0	0	0	1	0
tabletsofruin	onAnyModifyAtk	321	1	0	60	Ghost	0	0	1	0	0	0	24576	greninjaash	0	1	1	1	0	-1	1	1	0	0	0	1	true	missing	1	psn	magoberry	2	0	1	1	0	ability:0:tabletsofruin|chain:0.75	undefined	false	24576	24576	24576	0	0
tabletsofruin	onAnyModifyAtk	322	-1	1	60	Dark	0	0	1	10	0	-1	8	greninjaash	0	1	1	0	1	-1	0	0	60	0	0	1	undefined	Move	1	brn	sitrusberry	1	1	0	1	1	ability:0:tabletsofruin	undefined	undefined	8	8	8	-1	0
tabletsofruin	onAnyModifyAtk	323	0	0	0	Water	1	0	0	10	0	1	16384	pikachu	1	1	0	1	1	-1	1	0	60	160	0	0	0	Ability	0	brn	aguavberry	2	-1	0	0	1	ability:0:tabletsofruin	undefined	true	16384	16384	16384	-1	0
tabletsofruin	onAnyModifyAtk	324	6	6	61	Dark	1	1	1	100	0	-1	16384	greninjabond	1	1	1	0	1	1	0	1	100	160	1	0	undefined	Move	1	psn	wikiberry	1	-1	-1	1	0	ability:0:tabletsofruin	undefined	undefined	16384	16384	16384	1	2
tabletsofruin	onAnyModifyAtk	325	1	0	40	Dark	0	0	0	10	100	1	2048	pikachu	1	0	1	0	0	0	1	0	60	100	1	0	undefined	Ability	0	psn	leftovers	1	0	1	0	1	ability:0:tabletsofruin|chain:0.75	undefined	true	2048	2048	2048	0	0
tabletsofruin	onAnyModifyAtk	326	1	0	70	Dark	0	1	0	10	-1	0	24576	pikachu	1	0	1	1	1	6	0	0	100	0	1	1	true	Ability	0	psn	sitrusberry	1	1	-1	1	0	ability:0:tabletsofruin	undefined	false	24576	24576	24576	6	2
tabletsofruin	onAnyModifyAtk	327	1	6	0	Fire	1	0	1	100	-1	0	16384	greninjaash	0	0	0	0	1	1	0	1	100	100	1	1	undefined	missing	0	brn	figyberry	0	1	1	0	1	ability:0:tabletsofruin	undefined	false	16384	16384	16384	1	0
tabletsofruin	onAnyModifyAtk	328	1	0	70	Bug	1	1	0	0	20	0	16384	greninjaash	1	0	1	0	1	1	0	1	100	160	0	1	null	Ability	0	psn	magoberry	1	1	0	1	1	ability:0:tabletsofruin	undefined	false	16384	16384	16384	1	2
tabletsofruin	onAnyModifyAtk	329	1	6	61	Dark	1	1	1	100	-1	0	8192	greninjabond	1	0	1	1	1	-1	0	2	0	100	0	1	false	missing	0	brn	magoberry	2	1	99	1	0	ability:0:tabletsofruin	undefined	false	8192	8192	8192	-1	2
tabletsofruin	onAnyModifyAtk	330	6	1	70	Water	0	1	1	100	-1	-1	8192	greninjabond	0	1	1	0	1	6	1	1	0	0	1	1	undefined	Ability	0	psn	aguavberry	0	1	0	0	1	ability:0:tabletsofruin	undefined	undefined	8192	8192	8192	6	2
tabletsofruin	onAnyModifyAtk	331	6	1	61	Fire	1	0	1	20	-1	1	2048	greninjabond	1	1	1	0	0	0	1	2	100	0	1	0	null	missing	0	brn	iapapaberry	0	0	99	1	0	ability:0:tabletsofruin	undefined	true	2048	2048	2048	0	0
tabletsofruin	onAnyModifyAtk	332	0	1	70	Ghost	1	0	0	20	0	0	8192	greninjabond	0	0	1	1	1	1	0	1	0	0	0	1	false	Move	1	psn	aguavberry	0	-1	1	1	0	ability:0:tabletsofruin	undefined	false	8192	8192	8192	1	0
tabletsofruin	onAnyModifyAtk	333	-1	1	0	Bug	0	1	0	20	100	-1	2048	greninjabond	0	1	0	1	0	6	0	0	0	0	0	0	true	missing	1	brn	leftovers	0	0	1	1	1	ability:0:tabletsofruin	undefined	undefined	2048	2048	2048	6	2
tabletsofruin	onAnyModifyAtk	334	6	0	61	Water	0	1	0	10	0	-1	16384	greninjaash	1	1	1	1	1	-1	0	0	0	100	1	1	null	missing	1	brn	wikiberry	0	1	1	0	0	ability:0:tabletsofruin	undefined	undefined	16384	16384	16384	-1	2
tabletsofruin	onAnyModifyAtk	335	6	6	0	Dark	0	0	0	10	100	0	2048	greninjaash	1	1	1	1	0	0	0	2	100	100	1	0	true	Move	0	brn	figyberry	1	0	1	1	0	ability:0:tabletsofruin	undefined	false	2048	2048	2048	0	0
tabletsofruin	onAnyModifyAtk	336	6	6	61	Water	0	0	1	10	-1	1	0	greninjaash	0	1	1	0	1	6	0	0	0	160	1	0	null	Ability	1	psn	sitrusberry	2	-1	-1	1	1	ability:0:tabletsofruin	undefined	true	0	0	0	6	0
tabletsofruin	onAnyModifyAtk	337	0	1	40	Normal	1	0	1	100	100	-1	2048	greninjaash	0	1	1	0	1	-1	1	0	60	100	0	0	false	missing	1	brn	figyberry	1	1	0	1	0	ability:0:tabletsofruin	undefined	undefined	2048	2048	2048	-1	0
tabletsofruin	onAnyModifyAtk	338	6	1	0	Ghost	0	1	0	10	20	0	0	pikachu	1	1	0	0	0	0	1	1	0	100	1	1	undefined	Move	1	brn	leftovers	2	1	0	1	0	ability:0:tabletsofruin	undefined	false	0	0	0	0	2
tabletsofruin	onAnyModifyAtk	339	1	1	61	Dark	1	0	0	20	-1	1	0	pikachu	1	1	0	0	1	1	1	1	60	100	1	1	undefined	Move	0	psn	figyberry	1	0	1	1	1	ability:0:tabletsofruin	undefined	true	0	0	0	1	0
tabletsofruin	onAnyModifyAtk	340	6	6	60	Ghost	0	0	1	10	0	1	24576	greninjaash	1	1	0	1	1	1	0	1	100	0	0	0	false	missing	1	psn	magoberry	2	0	99	0	1	ability:0:tabletsofruin	undefined	true	24576	24576	24576	1	0
tabletsofruin	onAnyModifyAtk	341	1	6	60	Normal	1	0	1	0	20	-1	8	greninjabond	0	0	0	1	1	0	1	1	100	100	0	0	undefined	Move	0	brn	leftovers	2	0	0	1	1	ability:0:tabletsofruin	undefined	undefined	8	8	8	0	0
tabletsofruin	onAnyModifyAtk	342	0	0	60	Fire	0	0	0	10	100	-1	8	greninjabond	1	1	1	1	0	-1	1	0	60	0	0	1	null	missing	1	psn	magoberry	1	1	0	1	1	ability:0:tabletsofruin|chain:0.75	undefined	undefined	8	8	8	0	0
tabletsofruin	onAnyModifyAtk	343	-1	1	70	Bug	0	1	0	0	20	1	2048	greninjaash	1	1	0	1	1	-1	1	1	0	100	0	1	true	missing	1	brn	aguavberry	0	1	99	1	0	ability:0:tabletsofruin	undefined	true	2048	2048	2048	-1	2
tabletsofruin	onAnyModifyAtk	344	6	1	70	Bug	1	0	0	20	100	-1	8	pikachu	0	1	0	1	1	0	1	0	100	0	1	1	null	Move	1	psn	aguavberry	1	0	99	1	0	ability:0:tabletsofruin	undefined	undefined	8	8	8	0	0
tabletsofruin	onAnyModifyAtk	345	0	1	60	Bug	0	1	1	20	-1	0	8192	greninjaash	0	0	1	0	1	-1	1	2	0	0	0	0	null	missing	0	psn	sitrusberry	0	1	99	0	0	ability:0:tabletsofruin	undefined	false	8192	8192	8192	-1	2
tabletsofruin	onAnyModifyAtk	346	1	0	70	Bug	1	0	0	100	100	1	8	greninjaash	1	0	0	0	1	-1	0	0	60	160	1	1	null	Ability	1	psn	leftovers	1	-1	0	0	0	ability:0:tabletsofruin	undefined	true	8	8	8	-1	0
tabletsofruin	onAnyModifyAtk	347	0	0	70	Bug	0	0	0	100	20	0	0	greninjaash	0	1	1	1	1	6	1	0	0	100	0	1	false	missing	0	psn	iapapaberry	1	-1	0	0	1	ability:0:tabletsofruin	undefined	false	0	0	0	6	0
tabletsofruin	onAnyModifyAtk	348	0	1	0	Dark	1	1	1	0	0	1	8	greninjabond	1	1	1	0	0	0	0	1	100	160	1	1	0	missing	0	psn	magoberry	0	1	-1	0	1	ability:0:tabletsofruin	undefined	true	8	8	8	0	2
tabletsofruin	onAnyModifyAtk	349	6	6	40	Ghost	0	1	1	20	20	0	2048	greninjaash	1	1	0	0	1	6	1	1	0	160	0	1	false	Move	1	psn	figyberry	2	1	0	1	1	ability:0:tabletsofruin	undefined	false	2048	2048	2048	6	2
tabletsofruin	onAnyModifyAtk	350	1	6	61	Normal	0	0	1	10	20	0	8192	greninjaash	1	0	0	0	1	0	0	0	60	160	0	0	undefined	Ability	0	brn	leftovers	0	1	99	0	1	ability:0:tabletsofruin	undefined	false	8192	8192	8192	0	0
tabletsofruin	onAnyModifyAtk	351	0	0	70	Water	0	1	1	100	-1	1	8	pikachu	1	1	1	0	1	-1	1	1	100	0	1	1	false	missing	1	psn	leftovers	0	1	99	0	1	ability:0:tabletsofruin	undefined	true	8	8	8	-1	2
tabletsofruin	onAnyModifyAtk	352	6	1	40	Normal	0	1	0	100	-1	1	8	greninjaash	1	0	1	0	1	1	1	2	0	160	0	0	true	Ability	1	psn	iapapaberry	1	1	1	1	0	ability:0:tabletsofruin	undefined	true	8	8	8	1	2
tabletsofruin	onAnyModifyAtk	353	0	1	61	Ghost	1	0	1	20	20	0	16384	greninjabond	1	1	0	0	0	-1	0	1	60	160	1	1	0	Ability	1	brn	iapapaberry	0	-1	-1	0	0	ability:0:tabletsofruin|chain:0.75	undefined	false	16384	16384	16384	1	0
tabletsofruin	onAnyModifyAtk	354	0	0	0	Ghost	1	0	0	10	0	0	8	pikachu	1	0	0	0	0	1	1	1	0	160	0	1	0	Move	0	brn	aguavberry	2	1	0	1	1	ability:0:tabletsofruin	undefined	false	8	8	8	1	0
tabletsofruin	onAnyModifyAtk	355	6	6	40	Normal	0	0	1	100	100	1	16384	greninjaash	0	1	0	0	0	0	1	1	100	160	1	0	true	missing	0	brn	leftovers	1	-1	99	1	0	ability:0:tabletsofruin	undefined	true	16384	16384	16384	0	0
tabletsofruin	onAnyModifyAtk	356	-1	6	60	Ghost	0	1	0	100	-1	1	16384	greninjaash	0	0	1	1	0	0	1	2	100	100	0	0	false	Move	0	psn	leftovers	1	1	0	0	0	ability:0:tabletsofruin	undefined	true	16384	16384	16384	0	2
tabletsofruin	onAnyModifyAtk	357	0	1	0	Water	0	0	1	100	20	1	8192	greninjaash	0	0	0	0	1	0	0	2	0	160	0	1	0	missing	0	psn	aguavberry	2	0	-1	0	0	ability:0:tabletsofruin	undefined	true	8192	8192	8192	0	0
tabletsofruin	onAnyModifyAtk	358	6	6	70	Ghost	0	1	1	20	20	-1	0	pikachu	1	0	0	0	0	0	1	0	100	160	0	0	undefined	Ability	1	psn	aguavberry	1	0	0	1	0	ability:0:tabletsofruin	undefined	undefined	0	0	0	0	2
tabletsofruin	onAnyModifyAtk	359	0	6	70	Dark	0	1	0	10	0	0	8192	pikachu	0	1	1	0	0	6	1	1	60	100	0	0	undefined	Ability	1	psn	leftovers	2	0	-1	1	0	ability:0:tabletsofruin|chain:0.75	undefined	false	8192	8192	8192	6	2
tabletsofruin	onAnyModifyAtk	360	6	1	0	Normal	1	1	1	0	100	0	24576	pikachu	0	0	1	1	1	-1	1	2	0	0	1	1	undefined	Move	0	psn	figyberry	2	-1	0	0	0	ability:0:tabletsofruin	undefined	false	24576	24576	24576	-1	2
tabletsofruin	onAnyModifyAtk	361	-1	0	60	Fire	1	1	0	10	0	1	8	greninjabond	0	0	0	1	0	-1	1	1	0	0	1	1	undefined	missing	0	brn	figyberry	0	1	1	0	0	ability:0:tabletsofruin|chain:0.75	undefined	true	8	8	8	0	2
tabletsofruin	onAnyModifyAtk	362	-1	0	61	Water	1	1	1	100	20	1	0	greninjaash	1	1	1	0	1	0	1	2	0	160	0	1	undefined	missing	1	psn	magoberry	1	1	0	0	0	ability:0:tabletsofruin	undefined	true	0	0	0	0	2
tabletsofruin	onAnyModifyAtk	363	1	0	60	Bug	0	0	0	0	100	0	2048	pikachu	0	1	0	0	1	1	0	1	60	0	0	0	false	Move	1	brn	aguavberry	0	0	1	1	1	ability:0:tabletsofruin	undefined	false	2048	2048	2048	1	0
tabletsofruin	onAnyModifyAtk	364	1	0	60	Ghost	1	0	1	20	-1	-1	2048	greninjaash	1	0	0	0	0	-1	1	0	100	160	0	1	undefined	missing	0	psn	leftovers	0	-1	1	0	0	ability:0:tabletsofruin|chain:0.75	undefined	undefined	2048	2048	2048	0	0
tabletsofruin	onAnyModifyAtk	365	6	1	60	Bug	1	1	1	10	-1	1	2048	pikachu	0	1	0	1	0	-1	1	1	60	160	0	0	undefined	Move	0	brn	magoberry	1	0	-1	0	0	ability:0:tabletsofruin|chain:0.75	undefined	true	2048	2048	2048	1	2
tabletsofruin	onAnyModifyAtk	366	-1	1	61	Water	1	1	1	20	-1	1	8192	greninjaash	0	0	0	0	1	1	1	1	0	160	0	0	false	missing	0	brn	figyberry	1	1	99	1	0	ability:0:tabletsofruin	undefined	true	8192	8192	8192	1	2
tabletsofruin	onAnyModifyAtk	367	1	0	61	Dark	1	1	1	0	20	1	8	greninjabond	0	1	0	1	1	1	1	1	60	100	1	0	true	Move	1	brn	magoberry	1	-1	-1	1	1	ability:0:tabletsofruin	undefined	true	8	8	8	1	2
tabletsofruin	onAnyModifyAtk	368	6	6	70	Normal	1	0	0	10	-1	1	16384	pikachu	1	1	0	0	0	1	0	1	100	160	1	0	undefined	missing	0	psn	aguavberry	2	1	-1	0	1	ability:0:tabletsofruin	undefined	true	16384	16384	16384	1	0
tabletsofruin	onAnyModifyAtk	369	-1	1	60	Bug	0	0	0	10	20	-1	0	pikachu	0	1	0	1	0	-1	0	0	100	100	1	0	undefined	Ability	0	psn	sitrusberry	1	1	99	1	0	ability:0:tabletsofruin|chain:0.75	undefined	undefined	0	0	0	1	0
tabletsofruin	onAnyModifyAtk	370	6	6	0	Fire	1	1	1	10	100	0	24576	greninjabond	1	1	1	0	0	-1	0	1	100	0	0	1	0	Move	1	brn	aguavberry	1	1	0	0	0	ability:0:tabletsofruin|chain:0.75	undefined	false	24576	24576	24576	6	2
tabletsofruin	onAnyModifyAtk	371	0	6	40	Ghost	0	0	1	0	0	-1	24576	greninjaash	1	1	1	1	1	6	0	0	100	100	1	1	undefined	Move	1	brn	magoberry	0	0	-1	0	0	ability:0:tabletsofruin	undefined	undefined	24576	24576	24576	6	0
tabletsofruin	onAnyModifyAtk	372	-1	1	61	Fire	1	1	1	10	-1	0	0	greninjaash	0	1	1	1	0	-1	1	1	100	0	1	0	false	missing	1	psn	leftovers	2	1	99	0	1	ability:0:tabletsofruin|chain:0.75	undefined	false	0	0	0	1	2
tabletsofruin	onAnyModifyAtk	373	-1	0	70	Ghost	0	0	1	20	-1	1	2048	pikachu	1	0	0	1	0	1	0	0	100	100	1	0	false	Move	1	psn	aguavberry	1	0	-1	0	0	ability:0:tabletsofruin	undefined	true	2048	2048	2048	1	0
tabletsofruin	onAnyModifyAtk	374	0	1	0	Normal	1	0	1	20	0	1	0	greninjaash	0	1	1	0	1	1	0	1	0	160	1	0	true	missing	0	psn	wikiberry	2	1	0	0	1	ability:0:tabletsofruin	undefined	true	0	0	0	1	0
tabletsofruin	onAnyModifyAtk	375	6	6	61	Normal	1	1	0	20	-1	1	8192	greninjaash	0	1	1	1	1	0	1	1	0	160	1	1	undefined	Move	1	brn	wikiberry	0	0	0	0	0	ability:0:tabletsofruin	undefined	true	8192	8192	8192	0	2
tabletsofruin	onAnyModifyAtk	376	-1	1	60	Bug	0	0	0	20	0	0	0	greninjaash	0	0	1	1	0	6	0	1	0	160	0	1	0	missing	0	psn	iapapaberry	0	0	99	0	1	ability:0:tabletsofruin	undefined	false	0	0	0	6	0
tabletsofruin	onAnyModifyAtk	377	-1	0	40	Bug	1	1	0	0	100	-1	0	greninjabond	1	0	0	0	1	-1	1	2	60	160	1	0	true	Move	1	psn	iapapaberry	2	-1	0	1	0	ability:0:tabletsofruin	undefined	undefined	0	0	0	-1	2
tabletsofruin	onAnyModifyAtk	378	1	6	60	Fire	1	1	1	100	0	-1	24576	greninjabond	1	0	1	0	0	1	1	0	0	0	0	1	null	missing	0	psn	iapapaberry	0	0	0	1	1	ability:0:tabletsofruin	undefined	undefined	24576	24576	24576	1	2
tabletsofruin	onAnyModifyAtk	379	6	1	60	Dark	1	0	0	10	-1	1	8192	pikachu	1	1	0	1	0	-1	0	0	100	160	1	0	0	Ability	1	psn	iapapaberry	0	1	99	1	1	ability:0:tabletsofruin|chain:0.75	undefined	true	8192	8192	8192	1	0
tabletsofruin	onAnyModifyAtk	380	1	6	70	Dark	0	1	0	0	-1	-1	24576	pikachu	1	1	1	0	0	6	0	1	60	160	0	1	false	Ability	1	brn	wikiberry	2	0	-1	0	1	ability:0:tabletsofruin|chain:0.75	undefined	undefined	24576	24576	24576	6	2
tabletsofruin	onAnyModifyAtk	381	1	0	61	Fire	1	1	0	0	-1	0	8	greninjabond	0	1	1	1	0	-1	1	0	0	0	1	1	0	Ability	0	psn	magoberry	1	-1	99	1	0	ability:0:tabletsofruin|chain:0.75	undefined	false	8	8	8	0	2
tabletsofruin	onAnyModifyAtk	382	6	0	61	Fire	1	0	0	20	100	0	2048	greninjabond	0	1	1	0	0	6	1	0	0	100	1	0	false	Ability	1	brn	iapapaberry	1	-1	99	1	1	ability:0:tabletsofruin	undefined	false	2048	2048	2048	6	0
tabletsofruin	onAnyModifyAtk	383	6	6	61	Normal	1	1	0	10	0	1	8	pikachu	1	1	0	0	0	-1	0	0	0	160	0	1	true	missing	0	psn	iapapaberry	2	1	1	1	1	ability:0:tabletsofruin|chain:0.75	undefined	true	8	8	8	6	2
tabletsofruin	onAnyModifyAtk	384	-1	6	70	Water	1	1	1	100	20	-1	16384	greninjaash	1	0	1	0	0	0	0	2	100	100	1	0	true	Ability	1	psn	iapapaberry	2	1	1	0	0	ability:0:tabletsofruin	undefined	undefined	16384	16384	16384	0	2
tabletsofruin	onAnyModifyAtk	385	6	0	60	Fire	1	0	0	0	-1	-1	8	greninjabond	0	1	0	0	1	-1	0	1	60	160	1	0	null	Move	0	brn	iapapaberry	1	1	1	1	0	ability:0:tabletsofruin	undefined	undefined	8	8	8	-1	0
tabletsofruin	onAnyModifyAtk	386	1	1	61	Normal	0	0	1	10	-1	0	2048	greninjabond	0	0	0	0	1	0	1	0	60	0	1	1	true	missing	1	brn	iapapaberry	1	0	0	0	1	ability:0:tabletsofruin	undefined	false	2048	2048	2048	0	0
tabletsofruin	onAnyModifyAtk	387	1	1	70	Normal	1	0	0	20	-1	0	8192	greninjaash	1	1	1	0	1	0	0	1	60	0	0	0	0	Ability	1	psn	leftovers	0	0	0	1	0	ability:0:tabletsofruin	undefined	false	8192	8192	8192	0	0
tabletsofruin	onAnyModifyAtk	388	-1	1	61	Normal	1	0	1	100	-1	0	24576	pikachu	1	0	0	1	0	6	0	0	100	160	1	0	true	Ability	1	brn	wikiberry	0	1	0	1	1	ability:0:tabletsofruin	undefined	false	24576	24576	24576	6	0
tabletsofruin	onAnyModifyAtk	389	-1	1	0	Normal	1	1	0	10	-1	0	2048	greninjaash	1	0	1	0	1	1	1	2	0	0	1	1	false	Ability	1	brn	aguavberry	1	-1	99	1	0	ability:0:tabletsofruin	undefined	false	2048	2048	2048	1	2
tabletsofruin	onAnyModifyAtk	390	-1	6	61	Normal	1	1	0	20	20	1	8	greninjabond	0	0	1	0	1	6	1	1	100	0	1	0	0	missing	0	psn	sitrusberry	2	-1	0	0	0	ability:0:tabletsofruin	undefined	true	8	8	8	6	2
tabletsofruin	onAnyModifyAtk	391	-1	1	61	Bug	0	1	1	100	20	-1	2048	greninjabond	1	1	1	1	1	6	0	1	0	160	1	0	true	Ability	0	psn	wikiberry	1	0	1	1	0	ability:0:tabletsofruin	undefined	undefined	2048	2048	2048	6	2
tabletsofruin	onAnyModifyAtk	392	-1	1	0	Normal	0	1	0	0	0	-1	24576	greninjaash	1	1	0	1	0	1	1	2	100	160	1	1	true	missing	1	psn	iapapaberry	0	-1	0	0	0	ability:0:tabletsofruin|chain:0.75	undefined	undefined	24576	24576	24576	1	2
tabletsofruin	onAnyModifyAtk	393	6	1	60	Normal	0	0	0	0	100	0	16384	pikachu	0	0	0	1	1	-1	0	0	60	160	0	1	0	Move	1	brn	iapapaberry	2	-1	-1	0	0	ability:0:tabletsofruin	undefined	false	16384	16384	16384	-1	0
tabletsofruin	onAnyModifyAtk	394	0	6	60	Dark	0	0	0	100	20	1	8	greninjabond	0	0	0	0	0	6	0	1	100	0	1	1	undefined	Move	1	psn	figyberry	2	0	0	1	0	ability:0:tabletsofruin|chain:0.75	undefined	true	8	8	8	6	0
tabletsofruin	onAnyModifyAtk	395	0	6	60	Bug	1	0	1	20	20	-1	8	greninjaash	0	1	0	0	1	1	0	1	100	0	1	1	null	Move	1	brn	figyberry	0	0	-1	0	1	ability:0:tabletsofruin	undefined	undefined	8	8	8	1	0
tabletsofruin	onAnyModifyAtk	396	1	1	61	Normal	0	0	0	20	20	-1	8192	pikachu	0	1	1	0	1	6	0	0	100	0	1	0	0	Move	1	brn	leftovers	0	1	1	1	0	ability:0:tabletsofruin	undefined	undefined	8192	8192	8192	6	0
tabletsofruin	onAnyModifyAtk	397	0	0	61	Bug	0	0	0	100	0	1	8192	pikachu	1	1	1	0	1	-1	0	2	60	160	1	0	true	Move	0	brn	leftovers	0	0	1	1	0	ability:0:tabletsofruin	undefined	true	8192	8192	8192	-1	0
tabletsofruin	onAnyModifyAtk	398	0	1	70	Ghost	1	1	0	20	20	1	16384	greninjabond	0	0	0	0	0	-1	0	2	0	0	0	0	false	Move	0	brn	figyberry	0	1	99	1	1	ability:0:tabletsofruin|chain:0.75	undefined	true	16384	16384	16384	1	2
tabletsofruin	onAnyModifyAtk	399	0	1	61	Fire	0	1	0	20	-1	0	0	greninjabond	1	1	0	1	1	1	0	0	60	100	0	0	0	Move	0	brn	wikiberry	2	0	99	0	1	ability:0:tabletsofruin	undefined	false	0	0	0	1	2
tabletsofruin	onAnyModifyAtk	400	-1	0	60	Water	1	0	0	10	20	0	8192	greninjaash	0	1	1	0	0	-1	1	2	60	160	0	1	true	missing	1	psn	sitrusberry	1	0	-1	0	1	ability:0:tabletsofruin|chain:0.75	undefined	false	8192	8192	8192	0	0
tabletsofruin	onAnyModifyAtk	401	6	6	60	Normal	1	1	1	100	-1	1	8	greninjaash	1	1	1	1	0	-1	1	0	100	100	0	1	0	Ability	0	psn	iapapaberry	2	1	1	0	0	ability:0:tabletsofruin|chain:0.75	undefined	true	8	8	8	6	2
tabletsofruin	onAnyModifyAtk	402	-1	0	0	Normal	0	1	0	10	0	-1	8192	greninjabond	0	1	0	0	1	1	1	1	100	0	1	1	null	missing	0	brn	sitrusberry	2	-1	0	0	0	ability:0:tabletsofruin	undefined	undefined	8192	8192	8192	1	2
tabletsofruin	onAnyModifyAtk	403	6	6	40	Fire	0	1	0	100	100	0	24576	greninjaash	0	0	0	1	0	6	0	1	0	100	0	1	null	missing	0	brn	iapapaberry	1	-1	99	1	0	ability:0:tabletsofruin|chain:0.75	undefined	false	24576	24576	24576	6	2
tabletsofruin	onAnyModifyAtk	404	0	6	60	Normal	1	1	0	20	20	1	8192	greninjabond	1	1	0	1	1	1	1	0	0	100	0	1	null	missing	0	brn	sitrusberry	0	-1	99	1	0	ability:0:tabletsofruin	undefined	true	8192	8192	8192	1	2
tabletsofruin	onAnyModifyAtk	405	6	0	60	Dark	1	1	0	0	0	-1	0	greninjabond	0	0	1	1	1	1	1	1	100	100	1	0	false	Ability	0	psn	aguavberry	2	0	1	0	0	ability:0:tabletsofruin	undefined	undefined	0	0	0	1	2
tabletsofruin	onAnyModifyAtk	406	1	6	61	Bug	0	1	1	20	-1	-1	0	pikachu	1	1	0	0	1	0	1	0	100	160	0	0	undefined	Move	1	psn	iapapaberry	0	1	0	0	1	ability:0:tabletsofruin	undefined	undefined	0	0	0	0	2
tabletsofruin	onAnyModifyAtk	407	0	6	0	Fire	0	1	1	0	0	0	2048	pikachu	0	1	0	0	0	0	0	1	100	100	1	1	0	missing	0	brn	figyberry	2	-1	99	1	0	ability:0:tabletsofruin	undefined	false	2048	2048	2048	0	2
tabletsofruin	onAnyModifyAtk	408	-1	0	70	Normal	0	1	1	100	0	-1	8	greninjabond	1	0	1	1	0	0	1	2	0	160	1	0	false	Move	1	psn	wikiberry	2	-1	99	1	1	ability:0:tabletsofruin|chain:0.75	undefined	undefined	8	8	8	0	2
tabletsofruin	onAnyModifyAtk	409	1	6	40	Fire	1	0	1	100	20	1	0	greninjaash	0	0	1	1	0	-1	0	1	100	160	0	0	undefined	Move	0	brn	sitrusberry	0	0	99	0	0	ability:0:tabletsofruin|chain:0.75	undefined	true	0	0	0	6	0
tabletsofruin	onAnyModifyAtk	410	6	6	40	Ghost	0	1	0	100	-1	-1	0	pikachu	0	1	1	0	0	-1	1	0	100	160	0	0	true	Move	1	psn	iapapaberry	1	0	1	0	1	ability:0:tabletsofruin|chain:0.75	undefined	undefined	0	0	0	6	2
tabletsofruin	onAnyModifyAtk	411	1	1	40	Fire	0	1	1	100	0	-1	2048	greninjaash	0	0	1	0	1	-1	1	1	0	160	1	0	undefined	missing	0	psn	sitrusberry	0	0	0	0	1	ability:0:tabletsofruin	undefined	undefined	2048	2048	2048	-1	2
tabletsofruin	onAnyModifyAtk	412	6	0	61	Water	1	1	1	10	20	-1	2048	pikachu	0	0	0	0	1	1	1	2	100	160	1	0	false	Ability	0	brn	leftovers	1	-1	-1	1	1	ability:0:tabletsofruin	undefined	undefined	2048	2048	2048	1	2
tabletsofruin	onAnyModifyAtk	413	0	0	0	Fire	1	0	0	20	0	-1	0	greninjaash	1	1	1	1	0	-1	0	2	100	100	0	0	0	missing	1	psn	figyberry	1	1	0	0	0	ability:0:tabletsofruin|chain:0.75	undefined	undefined	0	0	0	0	0
tabletsofruin	onAnyModifyAtk	414	6	0	60	Dark	0	0	1	20	0	1	8192	pikachu	1	1	0	0	0	0	1	0	100	160	0	0	false	missing	0	brn	iapapaberry	2	0	99	0	0	ability:0:tabletsofruin|chain:0.75	undefined	true	8192	8192	8192	0	0
tabletsofruin	onAnyModifyAtk	415	1	0	61	Normal	1	1	0	100	20	-1	0	pikachu	0	1	1	0	1	-1	0	2	60	0	0	0	true	Move	0	brn	figyberry	0	-1	-1	1	1	ability:0:tabletsofruin	undefined	undefined	0	0	0	-1	2
tabletsofruin	onAnyModifyAtk	416	-1	0	60	Normal	0	1	0	0	100	1	24576	greninjabond	0	0	0	0	1	6	0	1	100	0	1	1	false	Move	0	psn	wikiberry	0	0	1	1	1	ability:0:tabletsofruin	undefined	true	24576	24576	24576	6	2
tabletsofruin	onAnyModifyAtk	417	1	1	60	Fire	0	1	1	20	0	-1	0	greninjaash	0	1	1	0	0	-1	1	2	100	0	0	0	true	missing	1	brn	magoberry	1	-1	0	1	0	ability:0:tabletsofruin|chain:0.75	undefined	undefined	0	0	0	1	2
tabletsofruin	onAnyModifyAtk	418	1	0	70	Water	0	0	1	20	20	-1	24576	pikachu	0	0	1	1	0	6	0	0	100	0	0	0	true	Move	0	brn	magoberry	1	0	1	1	0	ability:0:tabletsofruin	undefined	undefined	24576	24576	24576	6	0
tabletsofruin	onAnyModifyAtk	419	0	6	61	Ghost	0	1	0	0	0	-1	16384	pikachu	0	0	0	0	0	0	1	0	60	160	1	0	0	Move	0	psn	magoberry	2	1	-1	0	0	ability:0:tabletsofruin	undefined	undefined	16384	16384	16384	0	2
tabletsofruin	onAnyModifyAtk	420	0	6	70	Water	0	0	0	0	20	-1	2048	greninjabond	1	0	1	1	1	0	1	1	60	0	1	1	false	Ability	0	brn	sitrusberry	2	0	0	1	1	ability:0:tabletsofruin	undefined	undefined	2048	2048	2048	0	0
tabletsofruin	onAnyModifyAtk	421	1	0	61	Normal	0	1	1	0	100	1	8192	greninjabond	1	0	0	0	0	1	1	1	60	0	0	1	true	Move	0	brn	magoberry	1	-1	0	0	0	ability:0:tabletsofruin	undefined	true	8192	8192	8192	1	2
tabletsofruin	onAnyModifyAtk	422	-1	6	61	Bug	0	0	1	20	100	0	2048	greninjaash	1	0	1	0	0	1	0	1	100	0	1	0	undefined	missing	0	psn	wikiberry	0	-1	0	1	0	ability:0:tabletsofruin	undefined	false	2048	2048	2048	1	0
tabletsofruin	onAnyModifyAtk	423	6	1	61	Normal	1	1	1	20	-1	-1	16384	greninjabond	0	1	0	1	1	6	0	0	0	100	0	0	null	Move	1	psn	magoberry	2	-1	-1	0	0	ability:0:tabletsofruin	undefined	undefined	16384	16384	16384	6	2
tabletsofruin	onAnyModifyAtk	424	0	0	40	Normal	1	0	0	10	-1	1	0	greninjaash	1	1	1	1	1	0	0	2	60	160	0	0	true	missing	0	psn	magoberry	2	1	0	1	0	ability:0:tabletsofruin	undefined	true	0	0	0	0	0
tabletsofruin	onAnyModifyAtk	425	1	6	61	Bug	1	0	1	20	20	-1	8192	greninjaash	1	0	1	0	1	-1	0	2	0	0	0	1	null	missing	0	psn	sitrusberry	2	-1	1	1	1	ability:0:tabletsofruin	undefined	undefined	8192	8192	8192	-1	0
tabletsofruin	onAnyModifyAtk	426	1	6	60	Ghost	0	0	1	0	100	1	16384	greninjabond	1	0	1	1	1	1	1	0	60	160	0	0	undefined	Move	0	brn	magoberry	1	-1	1	0	0	ability:0:tabletsofruin	undefined	true	16384	16384	16384	1	0
tabletsofruin	onAnyModifyAtk	427	-1	6	60	Normal	1	1	0	0	-1	-1	0	pikachu	1	0	1	1	0	1	1	1	60	0	0	1	undefined	Move	0	brn	leftovers	1	1	1	1	1	ability:0:tabletsofruin	undefined	undefined	0	0	0	1	2
tabletsofruin	onAnyModifyAtk	428	6	0	60	Bug	1	0	0	100	20	0	2048	greninjabond	1	1	0	0	1	0	0	0	60	0	0	0	false	Ability	1	brn	leftovers	1	0	1	0	0	ability:0:tabletsofruin	undefined	false	2048	2048	2048	0	0
tabletsofruin	onAnyModifyAtk	429	-1	6	70	Ghost	1	0	1	10	100	0	0	greninjabond	0	1	0	0	0	-1	0	0	100	0	0	1	undefined	missing	1	brn	aguavberry	0	1	-1	1	0	ability:0:tabletsofruin|chain:0.75	undefined	false	0	0	0	6	0
tabletsofruin	onAnyModifyAtk	430	1	6	70	Ghost	0	1	0	20	20	-1	0	greninjaash	1	0	1	0	1	1	1	0	60	0	1	0	null	Ability	1	psn	iapapaberry	0	0	99	0	1	ability:0:tabletsofruin	undefined	undefined	0	0	0	1	2
tabletsofruin	onAnyModifyAtk	431	6	6	61	Dark	1	1	1	0	0	1	8192	pikachu	0	1	1	1	0	1	1	0	60	160	1	1	0	Move	1	psn	aguavberry	0	0	0	1	1	ability:0:tabletsofruin	undefined	true	8192	8192	8192	1	2
tabletsofruin	onAnyModifyAtk	432	0	6	70	Water	0	0	1	20	100	0	2048	greninjabond	1	0	1	0	1	1	0	2	0	160	1	1	null	missing	0	psn	magoberry	1	-1	-1	1	0	ability:0:tabletsofruin	undefined	false	2048	2048	2048	1	0
tabletsofruin	onAnyModifyAtk	433	0	1	61	Water	1	1	1	10	100	1	16384	greninjabond	0	1	1	1	1	0	0	1	100	0	0	1	null	Move	1	psn	iapapaberry	1	0	-1	1	1	ability:0:tabletsofruin	undefined	true	16384	16384	16384	0	2
tabletsofruin	onAnyModifyAtk	434	0	0	0	Normal	1	0	1	20	0	0	16384	greninjabond	1	1	1	1	0	-1	0	2	0	160	1	0	0	missing	1	psn	aguavberry	0	-1	1	1	1	ability:0:tabletsofruin|chain:0.75	undefined	false	16384	16384	16384	0	0
tabletsofruin	onAnyModifyAtk	435	1	1	0	Bug	1	1	1	10	20	0	0	greninjaash	1	0	0	1	1	6	1	2	60	0	1	1	true	missing	0	brn	aguavberry	0	1	0	0	0	ability:0:tabletsofruin	undefined	false	0	0	0	6	2
tabletsofruin	onAnyModifyAtk	436	0	1	61	Normal	0	1	1	20	100	0	8	greninjabond	0	1	0	1	0	-1	0	2	100	100	1	1	false	Ability	1	brn	sitrusberry	2	-1	99	0	0	ability:0:tabletsofruin|chain:0.75	undefined	false	8	8	8	1	2
tabletsofruin	onAnyModifyAtk	437	1	1	40	Fire	1	1	1	100	100	0	8192	greninjaash	1	0	0	1	1	1	0	0	100	160	0	0	false	Move	0	psn	figyberry	0	-1	-1	1	0	ability:0:tabletsofruin	undefined	false	8192	8192	8192	1	2
tabletsofruin	onAnyModifyAtk	438	6	6	61	Bug	0	1	0	20	-1	1	8	greninjaash	1	0	1	0	0	6	1	1	0	160	1	0	true	missing	0	brn	sitrusberry	1	1	0	1	1	ability:0:tabletsofruin|chain:0.75	undefined	true	8	8	8	6	2
tabletsofruin	onAnyModifyAtk	439	-1	0	61	Dark	0	1	0	100	20	1	24576	greninjaash	1	1	0	0	1	0	1	2	100	100	0	1	0	Move	1	brn	figyberry	0	1	1	1	0	ability:0:tabletsofruin	undefined	true	24576	24576	24576	0	2
tabletsofruin	onAnyModifyAtk	440	0	0	0	Bug	1	1	0	100	-1	0	2048	greninjaash	0	0	0	1	1	-1	1	0	100	100	1	0	null	Move	1	brn	figyberry	1	0	99	1	1	ability:0:tabletsofruin	undefined	false	2048	2048	2048	-1	2
tabletsofruin	onAnyModifyAtk	441	0	0	0	Fire	0	0	1	10	-1	0	8	pikachu	1	0	0	1	1	0	1	2	100	100	1	1	false	Move	0	brn	aguavberry	1	-1	0	1	1	ability:0:tabletsofruin	undefined	false	8	8	8	0	0
tabletsofruin	onAnyModifyAtk	442	-1	6	40	Dark	1	1	0	0	20	0	8	greninjaash	1	1	0	1	1	6	0	0	60	0	1	0	0	Ability	0	brn	iapapaberry	1	1	1	0	1	ability:0:tabletsofruin	undefined	false	8	8	8	6	2
tabletsofruin	onAnyModifyAtk	443	0	6	40	Ghost	1	1	0	10	20	1	0	greninjaash	1	0	0	0	0	-1	1	1	100	160	0	0	undefined	missing	1	brn	magoberry	1	-1	99	0	1	ability:0:tabletsofruin|chain:0.75	undefined	true	0	0	0	6	2
tabletsofruin	onAnyModifyAtk	444	-1	6	60	Water	1	0	0	10	100	0	24576	greninjabond	1	0	1	0	0	-1	0	1	100	100	1	0	0	Ability	1	brn	figyberry	1	0	-1	0	1	ability:0:tabletsofruin|chain:0.75	undefined	false	24576	24576	24576	6	0
tabletsofruin	onAnyModifyAtk	445	6	1	40	Bug	0	0	1	0	20	0	0	greninjaash	1	1	0	1	1	-1	1	0	0	160	0	0	undefined	missing	1	brn	figyberry	1	0	-1	1	0	ability:0:tabletsofruin	undefined	false	0	0	0	-1	0
tabletsofruin	onAnyModifyAtk	446	-1	0	61	Ghost	0	0	0	20	-1	-1	2048	pikachu	0	1	1	0	1	6	0	2	0	160	0	0	true	Ability	0	psn	iapapaberry	1	1	99	0	0	ability:0:tabletsofruin	undefined	undefined	2048	2048	2048	6	0
tabletsofruin	onAnyModifyAtk	447	0	6	0	Fire	0	1	1	10	-1	1	8	pikachu	1	1	0	1	1	-1	1	1	0	160	1	0	true	Move	1	brn	magoberry	0	0	1	0	1	ability:0:tabletsofruin	undefined	true	8	8	8	-1	2
tabletsofruin	onAnyModifyAtk	448	0	1	60	Normal	0	1	0	0	100	-1	24576	greninjabond	1	1	1	0	1	0	1	1	60	0	0	1	false	missing	1	brn	magoberry	0	0	1	0	1	ability:0:tabletsofruin	undefined	undefined	24576	24576	24576	0	2
tabletsofruin	onAnyModifyAtk	449	0	1	60	Bug	1	1	0	10	100	-1	0	pikachu	1	0	0	0	1	0	0	0	100	0	1	0	undefined	missing	0	brn	iapapaberry	1	-1	99	0	1	ability:0:tabletsofruin	undefined	undefined	0	0	0	0	2
tabletsofruin	onAnyModifyAtk	450	6	6	60	Bug	1	1	0	20	100	1	2048	pikachu	1	0	0	1	0	0	1	1	60	160	1	0	null	Ability	0	psn	leftovers	0	0	1	0	0	ability:0:tabletsofruin	undefined	true	2048	2048	2048	0	2
tabletsofruin	onAnyModifyAtk	451	-1	6	70	Ghost	0	1	1	20	100	1	8192	pikachu	0	0	1	0	0	0	0	2	60	100	1	1	false	Move	1	psn	sitrusberry	2	1	1	1	0	ability:0:tabletsofruin	undefined	true	8192	8192	8192	0	2
tabletsofruin	onAnyModifyAtk	452	1	1	70	Water	0	0	0	0	100	1	24576	pikachu	0	0	0	1	0	6	1	0	100	0	0	1	undefined	missing	0	brn	iapapaberry	0	0	0	0	1	ability:0:tabletsofruin	undefined	true	24576	24576	24576	6	0
tabletsofruin	onAnyModifyAtk	453	0	1	60	Bug	1	1	1	20	20	-1	8	greninjabond	0	1	0	1	1	1	0	1	100	0	0	1	0	Move	1	brn	aguavberry	2	0	99	1	0	ability:0:tabletsofruin	undefined	undefined	8	8	8	1	2
tabletsofruin	onAnyModifyAtk	454	0	6	70	Bug	1	0	1	20	0	1	16384	greninjaash	0	1	0	0	0	-1	1	0	60	100	0	0	true	missing	1	brn	aguavberry	0	0	0	0	1	ability:0:tabletsofruin|chain:0.75	undefined	true	16384	16384	16384	6	0
tabletsofruin	onAnyModifyAtk	455	0	0	0	Normal	0	1	0	0	0	0	24576	pikachu	1	1	1	1	0	6	1	1	100	160	0	0	null	Ability	1	psn	iapapaberry	1	-1	99	1	0	ability:0:tabletsofruin	undefined	false	24576	24576	24576	6	2
tabletsofruin	onAnyModifyAtk	456	0	1	70	Dark	0	0	1	10	-1	1	8192	greninjabond	0	1	0	1	0	6	1	0	100	100	1	0	0	Move	1	brn	leftovers	0	-1	1	0	0	ability:0:tabletsofruin	undefined	true	8192	8192	8192	6	0
tabletsofruin	onAnyModifyAtk	457	0	1	0	Bug	0	0	0	0	0	-1	16384	greninjaash	0	1	0	0	0	0	1	0	0	0	1	0	null	Ability	1	psn	aguavberry	0	1	-1	0	1	ability:0:tabletsofruin	undefined	undefined	16384	16384	16384	0	0
tabletsofruin	onAnyModifyAtk	458	1	0	70	Ghost	1	0	0	0	0	0	16384	greninjaash	1	0	0	1	0	-1	0	2	100	0	0	0	0	Ability	1	brn	leftovers	2	0	1	1	0	ability:0:tabletsofruin|chain:0.75	undefined	false	16384	16384	16384	0	0
tabletsofruin	onAnyModifyAtk	459	1	1	70	Bug	0	1	0	100	0	-1	8192	greninjabond	0	0	0	1	1	1	0	1	0	0	0	1	undefined	Move	1	psn	figyberry	0	0	-1	0	1	ability:0:tabletsofruin	undefined	undefined	8192	8192	8192	1	2
tabletsofruin	onAnyModifyAtk	460	-1	6	60	Bug	0	1	1	100	100	-1	2048	greninjaash	1	1	0	0	0	6	1	0	60	160	1	0	false	Ability	0	brn	aguavberry	0	-1	99	0	1	ability:0:tabletsofruin|chain:0.75	undefined	undefined	2048	2048	2048	6	2
tabletsofruin	onAnyModifyAtk	461	6	0	61	Ghost	1	0	1	100	20	0	24576	greninjabond	1	0	1	0	1	-1	1	1	100	0	1	1	0	missing	0	psn	sitrusberry	0	0	99	0	0	ability:0:tabletsofruin	undefined	false	24576	24576	24576	-1	0
tabletsofruin	onAnyModifyAtk	462	1	6	70	Dark	1	0	1	20	100	-1	8192	greninjaash	0	0	0	0	0	0	1	2	0	160	0	0	false	Ability	0	psn	magoberry	0	1	99	1	1	ability:0:tabletsofruin	undefined	undefined	8192	8192	8192	0	0
tabletsofruin	onAnyModifyAtk	463	1	0	60	Bug	1	1	1	20	20	1	24576	greninjabond	0	0	0	0	1	1	1	1	60	100	0	1	0	Move	1	psn	wikiberry	2	-1	99	0	1	ability:0:tabletsofruin	undefined	true	24576	24576	24576	1	2
tabletsofruin	onAnyModifyAtk	464	1	6	61	Dark	1	1	0	20	0	0	8	pikachu	1	0	0	1	0	-1	1	1	100	160	0	1	null	Ability	0	brn	aguavberry	2	0	0	0	0	ability:0:tabletsofruin|chain:0.75	undefined	false	8	8	8	6	2
tabletsofruin	onAnyModifyAtk	465	-1	1	61	Dark	0	1	0	0	20	1	8	pikachu	1	0	0	1	0	0	0	2	100	100	1	1	undefined	Ability	0	psn	aguavberry	2	0	1	0	1	ability:0:tabletsofruin	undefined	true	8	8	8	0	2
tabletsofruin	onAnyModifyAtk	466	1	0	60	Water	1	0	1	20	-1	1	24576	greninjabond	0	0	1	1	1	1	0	0	100	160	0	0	0	Move	0	psn	figyberry	2	0	1	0	1	ability:0:tabletsofruin	undefined	true	24576	24576	24576	1	0
tabletsofruin	onAnyModifyAtk	467	0	6	70	Bug	0	1	1	100	0	-1	24576	greninjabond	0	0	1	1	0	6	0	0	60	160	0	0	null	missing	1	brn	magoberry	0	-1	99	0	0	ability:0:tabletsofruin|chain:0.75	undefined	undefined	24576	24576	24576	6	2
tabletsofruin	onAnyModifyAtk	468	1	6	70	Normal	1	1	0	20	100	0	0	greninjaash	0	0	1	0	0	6	1	1	100	0	1	1	null	Ability	0	brn	magoberry	2	1	-1	1	0	ability:0:tabletsofruin|chain:0.75	undefined	false	0	0	0	6	2
tabletsofruin	onAnyModifyAtk	469	0	1	61	Dark	0	1	0	10	-1	1	0	greninjaash	1	1	1	0	0	1	0	2	100	0	1	1	undefined	Ability	1	psn	wikiberry	1	1	1	0	0	ability:0:tabletsofruin|chain:0.75	undefined	true	0	0	0	1	2
tabletsofruin	onAnyModifyAtk	470	-1	0	61	Normal	1	1	1	20	20	1	0	pikachu	0	0	0	0	1	0	0	2	60	0	1	0	null	missing	0	brn	wikiberry	0	-1	1	0	0	ability:0:tabletsofruin	undefined	true	0	0	0	0	2
tabletsofruin	onAnyModifyAtk	471	6	6	60	Fire	1	0	1	10	-1	0	8	pikachu	0	0	1	0	0	0	0	1	100	0	1	0	null	Ability	0	psn	iapapaberry	2	1	-1	0	1	ability:0:tabletsofruin	undefined	false	8	8	8	0	0
tabletsofruin	onAnyModifyAtk	472	1	0	40	Dark	0	1	1	100	20	0	16384	greninjabond	1	0	1	0	0	1	0	2	100	0	0	0	0	Ability	0	brn	wikiberry	0	-1	-1	0	1	ability:0:tabletsofruin	undefined	false	16384	16384	16384	1	2
tabletsofruin	onAnyModifyAtk	473	-1	6	60	Fire	1	0	0	100	0	0	0	greninjabond	1	1	0	1	0	0	0	0	0	0	1	1	false	missing	1	brn	leftovers	2	-1	-1	1	1	ability:0:tabletsofruin	undefined	false	0	0	0	0	0
tabletsofruin	onAnyModifyAtk	474	0	6	61	Dark	0	1	1	0	20	-1	16384	pikachu	0	1	1	1	0	0	1	1	60	160	0	0	null	Move	0	brn	magoberry	2	1	1	1	1	ability:0:tabletsofruin	undefined	undefined	16384	16384	16384	0	2
tabletsofruin	onAnyModifyAtk	475	-1	6	61	Ghost	1	1	1	0	-1	0	24576	greninjabond	1	0	0	0	0	-1	0	1	0	0	1	0	true	missing	1	brn	sitrusberry	2	1	1	1	0	ability:0:tabletsofruin|chain:0.75	undefined	false	24576	24576	24576	6	2
tabletsofruin	onAnyModifyAtk	476	-1	1	70	Water	0	0	0	10	100	0	2048	pikachu	0	0	0	1	1	1	1	2	60	100	0	0	undefined	Move	1	brn	leftovers	1	1	0	1	0	ability:0:tabletsofruin	undefined	false	2048	2048	2048	1	0
tabletsofruin	onAnyModifyAtk	477	1	6	70	Water	1	0	0	100	-1	0	24576	greninjaash	0	0	1	1	0	-1	0	0	0	0	1	0	0	Move	0	brn	leftovers	2	0	1	0	0	ability:0:tabletsofruin|chain:0.75	undefined	false	24576	24576	24576	6	0
tabletsofruin	onAnyModifyAtk	478	0	1	60	Ghost	1	1	0	20	-1	0	2048	greninjaash	0	1	1	1	0	1	1	0	0	0	1	1	undefined	Move	1	psn	figyberry	0	1	-1	1	0	ability:0:tabletsofruin|chain:0.75	undefined	false	2048	2048	2048	1	2
tabletsofruin	onAnyModifyAtk	479	-1	0	60	Fire	1	0	0	0	0	-1	16384	greninjaash	0	0	0	1	0	0	0	1	60	0	0	0	undefined	Move	0	brn	magoberry	0	1	-1	1	0	ability:0:tabletsofruin|chain:0.75	undefined	undefined	16384	16384	16384	0	0
tabletsofruin	onAnyModifyAtk	480	1	1	40	Ghost	1	0	1	0	0	1	16384	greninjabond	0	1	0	1	0	6	0	1	100	160	1	1	0	missing	0	brn	sitrusberry	2	1	99	0	1	ability:0:tabletsofruin	undefined	true	16384	16384	16384	6	0
tabletsofruin	onAnyModifyAtk	481	-1	0	70	Water	0	1	0	100	-1	1	8192	greninjaash	0	0	1	1	1	0	1	2	100	100	0	0	0	Move	0	psn	wikiberry	0	-1	0	1	1	ability:0:tabletsofruin	undefined	true	8192	8192	8192	0	2
tabletsofruin	onAnyModifyAtk	482	-1	6	61	Normal	0	1	1	20	100	-1	0	greninjaash	0	1	1	1	1	6	0	1	100	100	1	0	undefined	Ability	1	psn	aguavberry	2	0	1	0	0	ability:0:tabletsofruin	undefined	undefined	0	0	0	6	2
tabletsofruin	onAnyModifyAtk	483	1	1	61	Fire	1	1	0	0	20	-1	8192	greninjabond	1	0	1	1	1	1	0	0	0	0	0	1	0	missing	1	psn	magoberry	1	-1	-1	0	1	ability:0:tabletsofruin	undefined	undefined	8192	8192	8192	1	2
tabletsofruin	onAnyModifyAtk	484	6	1	60	Bug	1	0	1	0	0	0	8	greninjabond	1	1	0	0	1	1	0	1	0	0	1	1	0	missing	1	brn	wikiberry	2	-1	1	1	1	ability:0:tabletsofruin	undefined	false	8	8	8	1	0
tabletsofruin	onAnyModifyAtk	485	-1	6	60	Dark	1	1	0	0	-1	-1	0	greninjabond	1	1	1	1	0	1	1	2	0	0	1	0	null	Move	1	brn	iapapaberry	1	-1	0	1	1	ability:0:tabletsofruin	undefined	undefined	0	0	0	1	2
tabletsofruin	onAnyModifyAtk	486	1	1	40	Water	1	0	0	100	-1	1	8192	greninjaash	0	1	1	1	1	1	0	0	100	100	1	1	0	Ability	0	brn	figyberry	2	1	1	0	1	ability:0:tabletsofruin	undefined	true	8192	8192	8192	1	0
tabletsofruin	onAnyModifyAtk	487	-1	0	70	Bug	1	0	1	20	100	1	16384	greninjabond	1	0	0	1	1	-1	0	0	60	100	1	1	0	Ability	0	brn	aguavberry	0	-1	0	0	1	ability:0:tabletsofruin	undefined	true	16384	16384	16384	-1	0
tabletsofruin	onAnyModifyAtk	488	1	1	0	Ghost	0	0	0	10	20	-1	0	pikachu	1	1	0	0	0	0	0	0	100	100	0	0	true	missing	1	brn	aguavberry	1	0	1	1	1	ability:0:tabletsofruin	undefined	undefined	0	0	0	0	0
tabletsofruin	onAnyModifyAtk	489	6	0	60	Normal	0	0	1	20	100	-1	16384	greninjabond	1	1	1	0	1	0	0	2	100	0	0	0	true	Ability	1	psn	wikiberry	1	0	99	1	1	ability:0:tabletsofruin	undefined	undefined	16384	16384	16384	0	0
tabletsofruin	onAnyModifyAtk	490	6	6	0	Dark	0	0	0	0	-1	0	8192	greninjaash	0	0	0	1	0	1	0	2	100	0	1	0	undefined	Ability	0	brn	wikiberry	2	-1	1	1	1	ability:0:tabletsofruin	undefined	false	8192	8192	8192	1	0
tabletsofruin	onAnyModifyAtk	491	0	0	70	Fire	1	1	1	10	20	1	8	greninjabond	1	0	1	1	0	6	1	2	0	0	1	1	undefined	missing	0	psn	aguavberry	1	1	99	0	0	ability:0:tabletsofruin	undefined	true	8	8	8	6	2
tabletsofruin	onAnyModifyAtk	492	0	6	40	Bug	0	1	0	100	0	-1	8	greninjabond	0	1	1	1	1	0	0	2	0	0	1	0	null	Move	1	brn	magoberry	1	1	99	1	1	ability:0:tabletsofruin	undefined	undefined	8	8	8	0	2
tabletsofruin	onAnyModifyAtk	493	1	0	61	Ghost	0	0	0	20	0	-1	8	greninjabond	1	0	1	0	1	0	0	2	0	100	1	1	undefined	Move	1	psn	figyberry	0	-1	0	1	1	ability:0:tabletsofruin	undefined	undefined	8	8	8	0	0
tabletsofruin	onAnyModifyAtk	494	6	1	61	Dark	0	0	0	100	0	0	16384	greninjaash	1	1	1	1	0	6	0	2	0	0	1	1	undefined	Move	1	psn	aguavberry	2	-1	-1	0	1	ability:0:tabletsofruin	undefined	false	16384	16384	16384	6	0
tabletsofruin	onAnyModifyAtk	495	0	6	70	Water	0	0	0	10	-1	0	0	pikachu	1	0	1	0	0	6	0	2	100	100	0	1	true	Move	0	psn	iapapaberry	0	1	0	0	0	ability:0:tabletsofruin|chain:0.75	undefined	false	0	0	0	6	0
tabletsofruin	onAnyModifyAtk	496	1	6	61	Fire	0	1	1	20	0	0	24576	greninjabond	0	0	1	1	1	6	1	2	0	160	0	1	0	Move	1	brn	figyberry	2	-1	0	1	0	ability:0:tabletsofruin	undefined	false	24576	24576	24576	6	2
tabletsofruin	onAnyModifyAtk	497	6	1	61	Fire	1	1	1	20	-1	-1	8192	greninjaash	1	0	1	0	1	0	1	2	60	0	0	1	0	missing	1	brn	wikiberry	2	-1	-1	0	1	ability:0:tabletsofruin	undefined	undefined	8192	8192	8192	0	2
tabletsofruin	onAnyModifyAtk	498	1	0	70	Water	0	0	0	20	20	0	2048	pikachu	0	0	0	1	1	0	1	0	100	0	1	0	true	Move	0	psn	magoberry	1	1	1	1	1	ability:0:tabletsofruin	undefined	false	2048	2048	2048	0	0
tabletsofruin	onAnyModifyAtk	499	-1	6	40	Normal	1	1	0	10	100	0	0	greninjaash	0	0	0	0	0	-1	1	0	0	160	0	0	undefined	Move	0	psn	figyberry	1	0	0	1	1	ability:0:tabletsofruin|chain:0.75	undefined	false	0	0	0	6	2
tabletsofruin	onAnyModifyAtk	500	6	0	70	Normal	0	0	0	20	0	0	8	greninjaash	1	0	0	0	1	0	0	0	100	0	0	1	0	missing	0	brn	figyberry	1	-1	-1	1	0	ability:0:tabletsofruin	undefined	false	8	8	8	0	0
tabletsofruin	onAnyModifyAtk	501	6	6	0	Normal	1	1	0	100	0	1	24576	greninjaash	0	1	1	0	1	6	1	2	0	100	0	1	null	Move	0	brn	aguavberry	0	-1	0	1	1	ability:0:tabletsofruin	undefined	true	24576	24576	24576	6	2
tabletsofruin	onAnyModifyAtk	502	-1	6	61	Fire	0	1	0	100	100	1	8192	pikachu	1	0	0	1	0	6	1	1	100	0	0	1	0	Move	1	brn	aguavberry	1	0	1	1	0	ability:0:tabletsofruin|chain:0.75	undefined	true	8192	8192	8192	6	2
tabletsofruin	onAnyModifyAtk	503	1	6	60	Fire	0	0	1	100	0	-1	2048	greninjabond	1	0	0	0	0	1	0	2	0	160	0	0	undefined	Ability	0	psn	iapapaberry	2	-1	1	1	1	ability:0:tabletsofruin	undefined	undefined	2048	2048	2048	1	0
tabletsofruin	onAnyModifyAtk	504	6	6	70	Fire	1	1	1	100	100	-1	8192	pikachu	1	1	0	0	1	-1	1	2	60	160	1	0	null	Move	1	brn	aguavberry	2	0	-1	1	0	ability:0:tabletsofruin	undefined	undefined	8192	8192	8192	-1	2
tabletsofruin	onAnyModifyAtk	505	6	1	60	Ghost	0	0	1	10	20	-1	24576	greninjaash	0	1	1	1	0	0	0	2	100	100	0	1	true	missing	0	brn	aguavberry	2	0	1	0	1	ability:0:tabletsofruin	undefined	undefined	24576	24576	24576	0	0
tabletsofruin	onAnyModifyAtk	506	0	0	70	Normal	0	0	0	0	100	1	0	pikachu	0	1	0	1	1	6	0	0	0	100	1	0	0	missing	1	brn	sitrusberry	1	1	1	0	0	ability:0:tabletsofruin	undefined	true	0	0	0	6	0
tabletsofruin	onAnyModifyAtk	507	1	6	70	Normal	0	1	1	20	0	1	2048	pikachu	0	0	1	0	1	0	1	1	0	0	0	1	true	Ability	0	brn	magoberry	1	0	-1	0	0	ability:0:tabletsofruin	undefined	true	2048	2048	2048	0	2
tabletsofruin	onAnyModifyAtk	508	0	1	0	Bug	1	0	1	10	0	0	2048	pikachu	0	0	0	1	1	-1	1	2	0	160	1	0	true	Move	0	psn	iapapaberry	1	-1	0	1	0	ability:0:tabletsofruin	undefined	false	2048	2048	2048	-1	0
tabletsofruin	onAnyModifyAtk	509	0	1	61	Normal	0	0	1	10	0	1	0	greninjabond	1	0	0	0	1	0	0	1	60	100	0	0	true	Move	1	brn	wikiberry	0	1	-1	0	1	ability:0:tabletsofruin	undefined	true	0	0	0	0	0
tabletsofruin	onAnyModifyAtk	510	1	1	70	Water	0	1	1	100	20	1	8192	greninjabond	1	0	0	1	1	-1	0	2	60	0	0	1	true	Ability	0	psn	iapapaberry	2	-1	-1	0	0	ability:0:tabletsofruin	undefined	true	8192	8192	8192	-1	2
tabletsofruin	onAnyModifyAtk	511	1	1	0	Ghost	0	0	1	20	100	0	2048	greninjabond	0	0	1	1	1	0	1	1	100	160	1	0	undefined	Ability	1	brn	wikiberry	2	0	99	0	0	ability:0:tabletsofruin	undefined	false	2048	2048	2048	0	0
tabletsofruin	onAnyModifyAtk	512	6	1	61	Dark	0	0	0	0	-1	1	24576	greninjaash	0	1	0	1	1	1	1	0	100	100	0	1	false	missing	0	brn	aguavberry	2	-1	99	1	1	ability:0:tabletsofruin	undefined	true	24576	24576	24576	1	0
tabletsofruin	onAnyModifyAtk	513	1	1	60	Water	0	1	1	10	0	-1	2048	greninjaash	1	0	1	1	0	0	1	2	0	0	0	1	false	missing	1	psn	iapapaberry	0	-1	99	0	1	ability:0:tabletsofruin	undefined	undefined	2048	2048	2048	0	2
tabletsofruin	onAnyModifyAtk	514	0	6	40	Ghost	1	1	0	20	0	-1	24576	greninjabond	1	1	1	1	0	1	0	1	60	160	0	0	null	Ability	0	psn	iapapaberry	0	1	1	1	0	ability:0:tabletsofruin	undefined	undefined	24576	24576	24576	1	2
tabletsofruin	onAnyModifyAtk	515	0	6	61	Fire	0	1	1	100	0	1	2048	greninjaash	0	0	0	1	0	1	1	2	100	100	1	1	false	Move	0	brn	leftovers	0	1	1	0	1	ability:0:tabletsofruin	undefined	true	2048	2048	2048	1	2
tabletsofruin	onAnyModifyAtk	516	6	0	60	Ghost	0	1	0	0	0	0	2048	greninjabond	0	1	1	0	1	-1	1	0	100	160	0	1	null	missing	0	psn	magoberry	1	0	1	0	0	ability:0:tabletsofruin	undefined	false	2048	2048	2048	-1	2
tabletsofruin	onAnyModifyAtk	517	6	1	0	Fire	0	0	1	20	0	-1	8192	greninjabond	0	1	0	1	0	6	0	1	60	160	0	0	null	Move	0	psn	aguavberry	0	-1	-1	0	1	ability:0:tabletsofruin	undefined	undefined	8192	8192	8192	6	0
tabletsofruin	onAnyModifyAtk	518	6	0	61	Fire	0	0	1	100	-1	0	16384	greninjaash	1	1	0	1	0	-1	0	2	60	100	0	1	undefined	Ability	1	brn	magoberry	2	1	1	1	1	ability:0:tabletsofruin|chain:0.75	undefined	false	16384	16384	16384	0	0
tabletsofruin	onAnyModifyAtk	519	6	6	61	Ghost	1	0	0	0	-1	1	8	greninjaash	0	0	0	0	0	-1	1	1	100	0	0	1	false	Ability	1	brn	figyberry	1	-1	99	0	1	ability:0:tabletsofruin|chain:0.75	undefined	true	8	8	8	6	0
tabletsofruin	onAnyModifyAtk	520	6	0	60	Ghost	1	0	1	10	100	0	16384	pikachu	0	0	1	0	1	6	0	2	0	0	0	0	0	missing	0	brn	sitrusberry	0	0	1	1	1	ability:0:tabletsofruin	undefined	false	16384	16384	16384	6	0
tabletsofruin	onAnyModifyAtk	521	1	0	61	Ghost	1	1	1	10	20	1	24576	greninjaash	1	1	1	0	0	0	1	2	60	160	1	0	false	Ability	0	psn	aguavberry	0	-1	0	1	1	ability:0:tabletsofruin|chain:0.75	undefined	true	24576	24576	24576	0	2
tabletsofruin	onAnyModifyAtk	522	-1	1	60	Normal	1	1	1	0	-1	1	16384	pikachu	1	1	1	1	1	-1	1	0	0	160	0	0	null	missing	0	brn	sitrusberry	0	0	1	0	1	ability:0:tabletsofruin	undefined	true	16384	16384	16384	-1	2
tabletsofruin	onAnyModifyAtk	523	-1	0	70	Dark	0	1	0	100	-1	-1	2048	greninjaash	1	0	1	1	0	6	1	0	0	100	0	0	0	Ability	0	psn	iapapaberry	1	1	0	1	0	ability:0:tabletsofruin	undefined	undefined	2048	2048	2048	6	2
tabletsofruin	onAnyModifyAtk	524	0	6	40	Dark	1	1	1	100	-1	-1	2048	pikachu	1	0	0	1	0	-1	1	2	0	0	0	1	true	missing	0	psn	aguavberry	2	-1	99	0	1	ability:0:tabletsofruin|chain:0.75	undefined	undefined	2048	2048	2048	6	2
tabletsofruin	onAnyModifyAtk	525	-1	1	0	Fire	1	1	1	0	100	-1	2048	pikachu	0	0	0	1	0	0	1	2	100	0	0	1	undefined	Move	1	psn	figyberry	2	1	99	0	1	ability:0:tabletsofruin	undefined	undefined	2048	2048	2048	0	2
tabletsofruin	onAnyModifyAtk	526	-1	0	70	Bug	0	0	1	100	-1	-1	8192	greninjabond	1	1	1	1	1	0	1	0	100	100	1	1	0	missing	1	psn	wikiberry	0	0	-1	0	0	ability:0:tabletsofruin	undefined	undefined	8192	8192	8192	0	0
tabletsofruin	onAnyModifyAtk	527	-1	6	60	Normal	1	0	1	100	0	1	8192	pikachu	0	0	1	0	0	6	1	1	60	160	1	1	undefined	Ability	1	psn	iapapaberry	2	-1	-1	1	0	ability:0:tabletsofruin|chain:0.75	undefined	true	8192	8192	8192	6	0
tabletsofruin	onAnyModifyAtk	528	6	6	61	Ghost	0	1	1	20	-1	-1	16384	greninjaash	1	0	0	1	1	0	0	1	0	0	1	0	true	Ability	0	brn	wikiberry	1	1	0	1	0	ability:0:tabletsofruin	undefined	undefined	16384	16384	16384	0	2
tabletsofruin	onAnyModifyAtk	529	1	1	70	Dark	0	0	0	0	0	-1	0	greninjaash	0	0	0	0	1	0	0	1	100	0	1	0	true	Move	1	brn	leftovers	0	-1	99	1	1	ability:0:tabletsofruin	undefined	undefined	0	0	0	0	0
tabletsofruin	onAnyModifyAtk	530	6	0	0	Ghost	1	0	1	20	100	1	0	pikachu	1	0	1	1	0	6	0	1	100	100	0	0	undefined	missing	1	psn	wikiberry	2	0	1	1	1	ability:0:tabletsofruin	undefined	true	0	0	0	6	0
tabletsofruin	onAnyModifyAtk	531	1	0	60	Bug	1	0	1	0	20	0	2048	pikachu	1	1	1	0	1	-1	1	1	100	0	1	0	false	missing	1	psn	magoberry	0	1	-1	0	1	ability:0:tabletsofruin	undefined	false	2048	2048	2048	-1	0
tabletsofruin	onAnyModifyAtk	532	-1	6	60	Fire	0	0	1	100	-1	0	2048	pikachu	0	0	1	0	0	6	0	0	0	100	1	0	null	missing	1	psn	leftovers	1	1	-1	0	1	ability:0:tabletsofruin|chain:0.75	undefined	false	2048	2048	2048	6	0
tabletsofruin	onAnyModifyAtk	533	1	1	61	Water	0	0	1	10	100	1	8	greninjaash	1	1	0	0	0	6	0	0	60	100	0	1	true	Ability	1	brn	leftovers	0	0	99	1	1	ability:0:tabletsofruin	undefined	true	8	8	8	6	0
tabletsofruin	onAnyModifyAtk	534	0	0	0	Dark	1	0	0	100	0	-1	24576	greninjaash	0	0	1	1	0	1	0	1	0	100	1	1	0	missing	0	brn	leftovers	2	-1	1	1	0	ability:0:tabletsofruin	undefined	undefined	24576	24576	24576	1	0
tabletsofruin	onAnyModifyAtk	535	-1	0	70	Bug	1	0	0	10	100	-1	8192	pikachu	1	0	1	1	1	1	1	0	0	160	0	0	true	missing	1	psn	figyberry	0	0	-1	0	1	ability:0:tabletsofruin	undefined	undefined	8192	8192	8192	1	0
tabletsofruin	onAnyModifyAtk	536	6	1	40	Ghost	1	0	0	0	100	-1	2048	pikachu	0	1	0	0	1	1	0	0	0	160	0	1	0	Move	0	brn	sitrusberry	1	-1	-1	0	0	ability:0:tabletsofruin	undefined	undefined	2048	2048	2048	1	0
tabletsofruin	onAnyModifyAtk	537	0	6	0	Normal	0	1	0	0	-1	-1	8192	pikachu	1	1	0	0	1	0	1	2	60	0	1	1	undefined	Move	1	psn	wikiberry	0	-1	-1	1	1	ability:0:tabletsofruin	undefined	undefined	8192	8192	8192	0	2
tabletsofruin	onAnyModifyAtk	538	1	1	0	Normal	1	0	1	0	0	-1	24576	greninjabond	1	0	0	1	1	0	0	0	0	0	1	1	true	Ability	0	brn	iapapaberry	2	-1	99	1	0	ability:0:tabletsofruin	undefined	undefined	24576	24576	24576	0	0
tabletsofruin	onAnyModifyAtk	539	0	1	61	Bug	1	0	0	0	100	-1	24576	greninjaash	1	1	0	1	0	0	0	2	60	0	0	1	0	Move	1	brn	leftovers	1	1	1	1	0	ability:0:tabletsofruin	undefined	undefined	24576	24576	24576	0	0
tabletsofruin	onAnyModifyAtk	540	1	6	61	Ghost	0	0	0	20	-1	-1	8192	pikachu	1	1	1	1	0	6	0	0	60	0	0	1	true	Ability	1	psn	iapapaberry	0	-1	0	0	0	ability:0:tabletsofruin|chain:0.75	undefined	undefined	8192	8192	8192	6	0
tabletsofruin	onAnyModifyAtk	541	-1	1	40	Normal	0	1	1	100	100	1	8192	greninjabond	0	0	0	0	1	0	1	1	100	0	1	1	undefined	missing	0	brn	magoberry	2	1	1	1	1	ability:0:tabletsofruin	undefined	true	8192	8192	8192	0	2
tabletsofruin	onAnyModifyAtk	542	1	1	40	Water	1	1	0	100	100	1	2048	greninjabond	0	0	1	1	1	1	0	2	100	160	1	1	undefined	Ability	1	psn	aguavberry	1	-1	-1	1	1	ability:0:tabletsofruin	undefined	true	2048	2048	2048	1	2
tabletsofruin	onAnyModifyAtk	543	0	1	60	Fire	0	0	1	0	-1	0	24576	greninjaash	1	0	0	1	0	0	1	1	100	160	1	1	true	missing	1	psn	sitrusberry	1	1	0	0	0	ability:0:tabletsofruin	undefined	false	24576	24576	24576	0	0
tabletsofruin	onAnyModifyAtk	544	6	0	0	Ghost	1	0	1	10	20	-1	16384	greninjaash	1	1	1	1	0	-1	1	0	100	0	0	0	0	Move	1	brn	magoberry	0	-1	99	0	0	ability:0:tabletsofruin|chain:0.75	undefined	undefined	16384	16384	16384	0	0
tabletsofruin	onAnyModifyAtk	545	0	1	40	Water	1	0	0	100	100	1	8	greninjaash	1	0	0	1	1	0	0	1	60	100	1	1	undefined	Ability	0	psn	iapapaberry	0	-1	1	0	1	ability:0:tabletsofruin	undefined	true	8	8	8	0	0
tabletsofruin	onAnyModifyAtk	546	0	6	40	Dark	1	1	0	100	-1	-1	2048	greninjabond	1	1	0	0	1	-1	1	2	60	160	1	1	true	Ability	1	psn	iapapaberry	1	-1	99	0	1	ability:0:tabletsofruin	undefined	undefined	2048	2048	2048	-1	2
tabletsofruin	onAnyModifyAtk	547	-1	1	70	Normal	1	0	1	10	100	0	24576	greninjabond	1	1	1	1	1	1	0	0	60	100	0	1	null	Move	1	brn	iapapaberry	0	0	0	1	1	ability:0:tabletsofruin	undefined	false	24576	24576	24576	1	0
tabletsofruin	onAnyModifyAtk	548	-1	0	70	Fire	1	1	1	10	-1	1	8192	greninjaash	0	1	0	0	0	1	0	1	0	160	0	0	null	Move	1	psn	aguavberry	1	1	1	0	0	ability:0:tabletsofruin	undefined	true	8192	8192	8192	1	2
tabletsofruin	onAnyModifyAtk	549	0	6	0	Ghost	1	0	0	10	20	0	2048	greninjabond	0	1	1	1	1	6	0	1	0	100	1	0	null	missing	1	psn	aguavberry	1	0	1	1	1	ability:0:tabletsofruin	undefined	false	2048	2048	2048	6	0
tabletsofruin	onAnyModifyAtk	550	6	1	0	Ghost	1	1	0	100	20	-1	8	pikachu	0	1	0	1	1	6	1	0	100	0	0	1	0	Ability	1	brn	aguavberry	0	-1	1	0	1	ability:0:tabletsofruin	undefined	undefined	8	8	8	6	2
tabletsofruin	onAnyModifyAtk	551	1	1	70	Dark	0	0	0	100	0	0	24576	greninjabond	1	0	1	0	0	-1	1	1	60	160	1	1	0	missing	0	brn	magoberry	0	1	0	1	1	ability:0:tabletsofruin|chain:0.75	undefined	false	24576	24576	24576	1	0
tabletsofruin	onAnyModifyAtk	552	-1	6	60	Ghost	0	1	1	20	0	1	8	greninjabond	0	0	0	0	0	1	1	2	0	0	1	1	undefined	Move	1	brn	aguavberry	2	-1	1	0	1	ability:0:tabletsofruin	undefined	true	8	8	8	1	2
tabletsofruin	onAnyModifyAtk	553	0	6	40	Dark	0	1	0	100	-1	0	16384	pikachu	0	1	0	1	0	0	1	2	0	0	1	0	null	Move	1	brn	figyberry	2	1	99	0	0	ability:0:tabletsofruin	undefined	false	16384	16384	16384	0	2
tabletsofruin	onAnyModifyAtk	554	0	0	60	Bug	1	1	0	10	20	1	8	greninjaash	0	1	0	0	0	6	0	1	100	100	1	1	0	missing	1	psn	wikiberry	2	-1	99	1	1	ability:0:tabletsofruin	undefined	true	8	8	8	6	2
tabletsofruin	onAnyModifyAtk	555	6	6	70	Fire	0	0	1	10	0	-1	8192	greninjaash	0	1	0	0	1	6	0	1	100	160	1	0	false	missing	1	psn	wikiberry	1	1	99	0	0	ability:0:tabletsofruin	undefined	undefined	8192	8192	8192	6	0
tabletsofruin	onAnyModifyAtk	556	1	6	70	Fire	0	1	1	0	-1	-1	24576	greninjabond	0	0	1	1	0	1	1	0	60	100	1	1	null	missing	0	psn	iapapaberry	0	1	99	1	1	ability:0:tabletsofruin	undefined	undefined	24576	24576	24576	1	2
tabletsofruin	onAnyModifyAtk	557	6	6	70	Bug	0	1	0	20	20	-1	24576	greninjaash	1	0	1	1	1	0	1	1	100	0	1	0	0	missing	0	psn	iapapaberry	2	-1	0	0	1	ability:0:tabletsofruin	undefined	undefined	24576	24576	24576	0	2
tabletsofruin	onAnyModifyAtk	558	0	1	60	Bug	1	0	1	100	-1	1	8192	greninjaash	0	1	0	1	0	6	0	1	100	100	0	1	undefined	Move	0	brn	aguavberry	1	1	-1	1	0	ability:0:tabletsofruin	undefined	true	8192	8192	8192	6	0
tabletsofruin	onAnyModifyAtk	559	1	0	40	Bug	0	0	0	10	100	1	0	pikachu	1	0	0	0	1	6	0	2	100	100	0	0	null	missing	0	brn	aguavberry	1	0	1	0	0	ability:0:tabletsofruin	undefined	true	0	0	0	6	0
tabletsofruin	onAnyModifyAtk	560	-1	6	60	Dark	1	1	0	100	20	1	8	pikachu	0	1	0	1	0	6	1	0	60	100	0	0	true	missing	1	brn	figyberry	1	1	0	0	1	ability:0:tabletsofruin|chain:0.75	undefined	true	8	8	8	6	2
tabletsofruin	onAnyModifyAtk	561	-1	1	0	Dark	0	0	0	20	20	-1	8192	pikachu	1	0	0	0	0	1	1	0	60	160	1	0	false	Ability	0	brn	figyberry	2	1	0	0	0	ability:0:tabletsofruin|chain:0.75	undefined	undefined	8192	8192	8192	1	0
tabletsofruin	onAnyModifyAtk	562	-1	0	0	Fire	0	1	0	100	100	1	8	greninjabond	0	0	0	0	1	0	1	1	60	100	0	1	0	Ability	0	brn	iapapaberry	0	0	99	0	0	ability:0:tabletsofruin	undefined	true	8	8	8	0	2
tabletsofruin	onAnyModifyAtk	563	0	1	70	Dark	0	0	0	20	-1	-1	8	pikachu	0	1	1	0	0	-1	0	2	0	160	0	0	null	missing	1	psn	leftovers	2	-1	1	1	1	ability:0:tabletsofruin|chain:0.75	undefined	undefined	8	8	8	1	0
tabletsofruin	onAnyModifyAtk	564	-1	6	0	Fire	1	0	0	100	20	0	16384	pikachu	1	0	1	0	1	0	1	1	0	160	0	0	undefined	Move	0	psn	iapapaberry	0	0	-1	1	1	ability:0:tabletsofruin	undefined	false	16384	16384	16384	0	0
tabletsofruin	onAnyModifyAtk	565	0	1	70	Water	0	0	0	0	20	0	16384	greninjabond	0	1	1	0	0	6	1	0	60	160	1	1	false	Ability	1	brn	leftovers	2	-1	0	0	1	ability:0:tabletsofruin	undefined	false	16384	16384	16384	6	0
tabletsofruin	onAnyModifyAtk	566	1	6	70	Fire	1	0	1	100	0	0	2048	greninjaash	0	1	0	1	1	-1	0	1	60	160	0	1	0	Move	1	psn	iapapaberry	1	0	1	0	0	ability:0:tabletsofruin	undefined	false	2048	2048	2048	-1	0
tabletsofruin	onAnyModifyAtk	567	6	0	60	Water	1	0	1	0	-1	1	16384	greninjabond	0	0	1	1	0	1	0	1	0	100	1	0	true	missing	0	psn	figyberry	1	-1	99	0	1	ability:0:tabletsofruin	undefined	true	16384	16384	16384	1	0
tabletsofruin	onAnyModifyAtk	568	-1	6	70	Ghost	0	0	1	0	0	1	8	greninjabond	1	1	1	0	0	0	0	1	100	0	0	1	undefined	Ability	0	psn	sitrusberry	0	1	-1	0	0	ability:0:tabletsofruin	undefined	true	8	8	8	0	0
tabletsofruin	onAnyModifyAtk	569	-1	6	70	Normal	1	1	0	20	0	0	16384	greninjaash	0	1	1	0	0	1	0	2	60	160	0	0	false	Ability	1	psn	wikiberry	1	0	1	0	0	ability:0:tabletsofruin	undefined	false	16384	16384	16384	1	2
tabletsofruin	onAnyModifyAtk	570	6	1	0	Normal	0	0	1	10	-1	-1	2048	greninjabond	0	0	1	0	0	-1	1	2	100	160	0	1	0	Move	1	psn	figyberry	0	1	99	1	0	ability:0:tabletsofruin|chain:0.75	undefined	undefined	2048	2048	2048	1	0
tabletsofruin	onAnyModifyAtk	571	-1	6	40	Normal	0	0	1	20	-1	0	8	pikachu	0	1	1	1	1	0	0	0	60	0	1	1	undefined	Move	0	psn	iapapaberry	1	1	-1	1	0	ability:0:tabletsofruin	undefined	false	8	8	8	0	0
tabletsofruin	onAnyModifyAtk	572	6	0	61	Fire	0	1	1	20	20	0	16384	greninjaash	0	1	0	1	1	0	1	2	100	0	0	1	undefined	Move	0	psn	sitrusberry	0	0	0	1	0	ability:0:tabletsofruin	undefined	false	16384	16384	16384	0	2
tabletsofruin	onAnyModifyAtk	573	1	0	61	Fire	1	1	0	10	-1	-1	8	greninjabond	0	0	1	0	0	0	0	1	60	160	1	1	undefined	Ability	0	psn	figyberry	2	1	0	0	1	ability:0:tabletsofruin|chain:0.75	undefined	undefined	8	8	8	0	2
tabletsofruin	onAnyModifyAtk	574	6	1	61	Normal	1	1	1	100	0	1	8192	greninjabond	1	0	0	1	0	-1	1	1	60	0	1	1	undefined	Move	1	brn	aguavberry	2	-1	-1	1	1	ability:0:tabletsofruin|chain:0.75	undefined	true	8192	8192	8192	1	2
tabletsofruin	onAnyModifyAtk	575	-1	6	61	Normal	1	0	0	20	0	0	0	pikachu	0	0	1	0	0	0	0	0	60	100	0	1	true	missing	0	psn	magoberry	1	-1	99	1	0	ability:0:tabletsofruin	undefined	false	0	0	0	0	0
tabletsofruin	onAnyModifyAtk	576	-1	0	70	Dark	1	0	1	10	20	-1	2048	pikachu	0	0	0	1	0	1	0	1	0	0	1	0	true	Ability	0	psn	magoberry	2	1	99	1	0	ability:0:tabletsofruin	undefined	undefined	2048	2048	2048	1	0
tabletsofruin	onAnyModifyAtk	577	-1	0	0	Fire	0	0	1	20	20	-1	8	greninjaash	0	1	1	1	0	1	1	1	0	100	0	1	false	Ability	1	psn	iapapaberry	0	0	-1	1	0	ability:0:tabletsofruin	undefined	undefined	8	8	8	1	0
tabletsofruin	onAnyModifyAtk	578	1	0	60	Fire	0	0	1	100	20	0	24576	pikachu	0	1	1	0	1	1	0	0	0	100	0	1	false	missing	1	brn	aguavberry	1	0	99	1	1	ability:0:tabletsofruin	undefined	false	24576	24576	24576	1	0
tabletsofruin	onAnyModifyAtk	579	6	0	61	Bug	1	0	0	100	20	0	2048	pikachu	1	1	0	1	1	1	1	1	60	0	0	0	undefined	Move	0	brn	figyberry	1	0	99	0	1	ability:0:tabletsofruin	undefined	false	2048	2048	2048	1	0
tabletsofruin	onAnyModifyAtk	580	0	0	0	Fire	1	1	1	10	20	-1	0	pikachu	1	1	1	0	1	-1	0	2	60	0	1	0	0	Ability	1	psn	magoberry	2	0	1	1	0	ability:0:tabletsofruin	undefined	undefined	0	0	0	-1	2
tabletsofruin	onAnyModifyAtk	581	-1	6	40	Dark	0	0	0	100	-1	-1	16384	greninjaash	1	0	1	0	0	6	1	2	100	160	1	0	true	Ability	0	psn	aguavberry	1	-1	-1	0	1	ability:0:tabletsofruin|chain:0.75	undefined	undefined	16384	16384	16384	6	0
tabletsofruin	onAnyModifyAtk	582	-1	6	61	Ghost	0	1	0	100	100	-1	24576	pikachu	1	0	1	1	1	0	0	0	0	160	1	1	undefined	missing	0	psn	leftovers	1	1	1	1	0	ability:0:tabletsofruin	undefined	undefined	24576	24576	24576	0	2
tabletsofruin	onAnyModifyAtk	583	-1	0	60	Fire	1	0	1	10	100	1	16384	greninjaash	0	0	0	0	1	-1	0	2	100	160	1	1	undefined	missing	0	brn	sitrusberry	0	1	-1	0	1	ability:0:tabletsofruin	undefined	true	16384	16384	16384	-1	0
tabletsofruin	onAnyModifyAtk	584	-1	6	61	Water	1	1	0	20	0	0	0	greninjabond	1	0	1	0	1	-1	0	0	0	160	0	1	true	Move	0	psn	magoberry	2	0	99	1	1	ability:0:tabletsofruin	undefined	false	0	0	0	-1	2
tabletsofruin	onAnyModifyAtk	585	-1	6	70	Fire	1	1	1	10	100	0	8192	greninjabond	1	0	1	1	1	1	0	1	60	0	0	1	false	missing	0	brn	leftovers	0	1	0	1	0	ability:0:tabletsofruin	undefined	false	8192	8192	8192	1	2
tabletsofruin	onAnyModifyAtk	586	0	1	0	Bug	0	1	1	10	100	1	8192	pikachu	0	1	1	0	1	0	1	1	100	100	1	1	undefined	missing	0	psn	iapapaberry	2	-1	99	0	1	ability:0:tabletsofruin	undefined	true	8192	8192	8192	0	2
tabletsofruin	onAnyModifyAtk	587	0	1	0	Fire	1	0	1	0	100	0	16384	pikachu	1	1	1	0	0	6	1	2	0	100	1	0	undefined	missing	0	brn	wikiberry	0	0	0	1	0	ability:0:tabletsofruin	undefined	false	16384	16384	16384	6	0
tabletsofruin	onAnyModifyAtk	588	6	6	61	Dark	1	0	0	0	20	-1	8192	greninjaash	0	0	1	1	1	-1	0	0	100	0	0	1	null	missing	1	psn	leftovers	2	0	-1	1	0	ability:0:tabletsofruin	undefined	undefined	8192	8192	8192	-1	0
tabletsofruin	onAnyModifyAtk	589	1	6	70	Bug	0	1	0	0	-1	0	2048	greninjaash	0	1	0	1	0	0	0	0	0	100	0	0	true	Ability	1	brn	figyberry	2	-1	-1	1	1	ability:0:tabletsofruin	undefined	false	2048	2048	2048	0	2
tabletsofruin	onAnyModifyAtk	590	0	6	60	Normal	0	1	0	100	20	0	0	greninjaash	1	1	1	1	1	1	0	1	60	0	1	1	false	missing	1	brn	aguavberry	1	0	-1	0	0	ability:0:tabletsofruin	undefined	false	0	0	0	1	2
tabletsofruin	onAnyModifyAtk	591	0	1	40	Fire	0	0	0	100	-1	0	16384	pikachu	1	1	1	1	0	6	0	0	60	160	1	0	true	Move	0	brn	iapapaberry	1	-1	-1	1	0	ability:0:tabletsofruin	undefined	false	16384	16384	16384	6	0
tabletsofruin	onAnyModifyAtk	592	0	0	61	Normal	0	0	1	100	100	1	2048	greninjabond	0	1	1	0	1	0	0	0	100	100	1	0	0	Move	1	psn	figyberry	0	-1	1	1	1	ability:0:tabletsofruin	undefined	true	2048	2048	2048	0	0
tabletsofruin	onAnyModifyAtk	593	6	1	40	Normal	1	0	1	10	-1	-1	0	greninjaash	0	1	1	0	1	1	1	1	100	100	0	0	0	Move	1	brn	aguavberry	2	-1	99	1	0	ability:0:tabletsofruin	undefined	undefined	0	0	0	1	0
tabletsofruin	onAnyModifyAtk	594	0	6	61	Ghost	0	1	0	100	0	-1	2048	greninjaash	1	1	0	0	0	6	1	0	0	0	1	1	true	Ability	1	brn	iapapaberry	0	1	99	1	0	ability:0:tabletsofruin|chain:0.75	undefined	undefined	2048	2048	2048	6	2
tabletsofruin	onAnyModifyAtk	595	-1	6	70	Ghost	1	0	0	0	100	-1	2048	greninjaash	1	1	0	0	1	-1	1	1	60	160	1	1	undefined	Move	0	psn	leftovers	1	-1	-1	1	1	ability:0:tabletsofruin	undefined	undefined	2048	2048	2048	-1	0
tabletsofruin	onAnyModifyAtk	596	0	6	60	Ghost	0	0	1	100	20	1	8192	greninjaash	1	1	0	1	1	-1	0	2	0	100	0	0	null	missing	1	psn	magoberry	1	0	0	0	1	ability:0:tabletsofruin	undefined	true	8192	8192	8192	-1	0
tabletsofruin	onAnyModifyAtk	597	-1	6	60	Normal	1	0	1	20	0	0	8192	pikachu	0	0	0	1	1	6	1	1	100	0	0	0	undefined	missing	0	brn	iapapaberry	2	1	99	1	1	ability:0:tabletsofruin	undefined	false	8192	8192	8192	6	0
tabletsofruin	onAnyModifyAtk	598	6	0	0	Ghost	0	0	0	100	-1	1	8192	greninjabond	1	1	1	1	0	1	1	2	60	0	0	1	null	Ability	1	psn	sitrusberry	2	-1	99	1	1	ability:0:tabletsofruin	undefined	true	8192	8192	8192	1	0
tabletsofruin	onAnyModifyAtk	599	1	6	40	Water	0	1	0	20	0	0	16384	greninjabond	1	1	0	1	1	1	1	1	100	0	0	1	null	missing	1	brn	sitrusberry	2	-1	0	1	0	ability:0:tabletsofruin	undefined	false	16384	16384	16384	1	2
tabletsofruin	onAnyModifyAtk	600	0	1	70	Normal	1	0	0	0	-1	0	24576	greninjaash	0	1	0	1	1	6	1	2	100	0	1	1	undefined	Ability	1	psn	wikiberry	1	0	0	1	0	ability:0:tabletsofruin	undefined	false	24576	24576	24576	6	0
tabletsofruin	onAnyModifyAtk	601	6	1	70	Normal	0	1	1	0	100	0	24576	greninjaash	0	0	1	0	1	1	1	2	60	160	0	0	null	Move	0	psn	figyberry	0	0	0	0	0	ability:0:tabletsofruin	undefined	false	24576	24576	24576	1	2
tabletsofruin	onAnyModifyAtk	602	-1	6	61	Water	1	0	0	10	-1	1	8192	greninjaash	1	0	0	0	1	1	0	1	0	100	1	1	false	missing	1	psn	wikiberry	0	0	99	0	0	ability:0:tabletsofruin	undefined	true	8192	8192	8192	1	0
tabletsofruin	onAnyModifyAtk	603	6	6	61	Normal	0	0	0	10	0	1	2048	pikachu	0	1	1	1	1	0	1	0	100	0	0	1	0	Move	0	psn	figyberry	0	-1	99	0	1	ability:0:tabletsofruin	undefined	true	2048	2048	2048	0	0
tabletsofruin	onAnyModifyAtk	604	6	6	60	Fire	1	1	1	20	20	1	24576	greninjaash	1	1	1	0	0	6	0	1	60	100	1	1	false	Move	0	psn	sitrusberry	2	-1	1	0	1	ability:0:tabletsofruin|chain:0.75	undefined	true	24576	24576	24576	6	2
tabletsofruin	onAnyModifyAtk	605	0	6	70	Fire	0	1	1	0	0	-1	2048	pikachu	1	1	0	0	1	0	1	2	100	0	0	1	null	Move	1	psn	figyberry	2	-1	99	1	1	ability:0:tabletsofruin	undefined	undefined	2048	2048	2048	0	2
tabletsofruin	onAnyModifyAtk	606	-1	6	70	Bug	0	0	1	100	0	1	24576	greninjaash	1	0	0	0	1	6	0	0	60	160	0	0	null	Ability	0	brn	sitrusberry	0	1	0	0	1	ability:0:tabletsofruin	undefined	true	24576	24576	24576	6	0
tabletsofruin	onAnyModifyAtk	607	6	0	61	Bug	0	1	1	10	100	0	8192	greninjabond	1	1	1	0	1	1	1	1	100	100	1	1	false	Move	1	psn	sitrusberry	0	1	0	0	1	ability:0:tabletsofruin	undefined	false	8192	8192	8192	1	2
tabletsofruin	onAnyModifyAtk	608	0	0	0	Water	0	1	0	10	100	-1	8192	pikachu	1	0	1	0	1	-1	1	0	0	100	0	0	true	Ability	1	psn	aguavberry	0	1	-1	1	0	ability:0:tabletsofruin	undefined	undefined	8192	8192	8192	-1	2
tabletsofruin	onAnyModifyAtk	609	6	1	70	Dark	1	0	1	0	0	1	16384	pikachu	1	1	0	0	0	1	0	2	0	100	1	1	undefined	Move	1	brn	sitrusberry	0	0	1	0	0	ability:0:tabletsofruin|chain:0.75	undefined	true	16384	16384	16384	1	0
tabletsofruin	onAnyModifyAtk	610	6	0	40	Ghost	1	0	0	100	20	1	8	greninjabond	1	0	0	0	0	-1	1	2	100	0	0	1	0	Ability	0	brn	sitrusberry	2	0	99	1	1	ability:0:tabletsofruin|chain:0.75	undefined	true	8	8	8	0	0
tabletsofruin	onAnyModifyAtk	611	0	6	40	Water	0	0	1	10	-1	1	16384	greninjaash	0	1	0	0	0	6	1	2	60	160	1	0	false	Ability	0	brn	wikiberry	0	0	0	1	0	ability:0:tabletsofruin|chain:0.75	undefined	true	16384	16384	16384	6	0
tabletsofruin	onAnyModifyAtk	612	1	1	60	Fire	0	1	0	10	100	-1	16384	greninjaash	0	0	1	1	0	6	1	0	60	0	0	0	false	missing	0	psn	iapapaberry	2	0	99	0	0	ability:0:tabletsofruin	undefined	undefined	16384	16384	16384	6	2
tabletsofruin	onAnyModifyAtk	613	6	0	40	Bug	0	0	1	10	0	1	8192	greninjaash	0	0	0	0	1	6	0	0	60	0	0	1	false	missing	0	psn	wikiberry	1	-1	1	0	0	ability:0:tabletsofruin	undefined	true	8192	8192	8192	6	0
tabletsofruin	onAnyModifyAtk	614	0	0	61	Ghost	0	1	1	0	0	-1	0	greninjaash	1	0	0	0	0	6	1	0	60	160	0	0	undefined	Ability	1	psn	wikiberry	2	1	99	1	0	ability:0:tabletsofruin	undefined	undefined	0	0	0	6	2
tabletsofruin	onAnyModifyAtk	615	6	6	60	Fire	0	1	0	100	20	0	24576	greninjaash	0	1	1	0	0	0	1	2	0	0	0	0	null	Ability	1	psn	iapapaberry	0	1	1	1	0	ability:0:tabletsofruin	undefined	false	24576	24576	24576	0	2
tabletsofruin	onAnyModifyAtk	616	0	1	61	Bug	1	1	1	20	-1	1	24576	greninjaash	0	0	1	1	1	1	1	1	100	0	1	1	false	Move	0	psn	figyberry	1	0	99	0	0	ability:0:tabletsofruin	undefined	true	24576	24576	24576	1	2
tabletsofruin	onAnyModifyAtk	617	1	6	40	Fire	1	1	0	100	20	1	8192	greninjabond	0	0	0	1	0	1	1	2	60	0	1	1	true	Move	0	brn	aguavberry	2	0	-1	0	0	ability:0:tabletsofruin	undefined	true	8192	8192	8192	1	2
tabletsofruin	onAnyModifyAtk	618	1	1	61	Bug	1	1	1	10	0	-1	0	pikachu	1	1	1	0	1	6	1	1	0	0	0	1	false	missing	1	psn	sitrusberry	1	1	99	0	0	ability:0:tabletsofruin	undefined	undefined	0	0	0	6	2
tabletsofruin	onAnyModifyAtk	619	-1	1	40	Normal	0	0	0	20	-1	0	2048	greninjaash	0	1	0	0	1	-1	0	2	100	0	0	0	undefined	Move	1	brn	sitrusberry	1	1	-1	1	1	ability:0:tabletsofruin	undefined	false	2048	2048	2048	-1	0
tabletsofruin	onAnyModifyAtk	620	-1	6	40	Fire	1	0	1	0	100	0	0	greninjabond	1	0	0	0	0	1	1	0	0	100	0	1	true	Move	0	psn	figyberry	2	0	-1	0	0	ability:0:tabletsofruin	undefined	false	0	0	0	1	0
tabletsofruin	onAnyModifyAtk	621	0	6	40	Normal	1	1	1	100	100	-1	0	pikachu	0	1	0	1	0	1	1	0	0	0	0	0	0	Ability	0	brn	wikiberry	0	1	1	0	0	ability:0:tabletsofruin	undefined	undefined	0	0	0	1	2
tabletsofruin	onAnyModifyAtk	622	1	0	61	Normal	1	1	1	0	100	-1	8	pikachu	0	0	0	0	1	-1	1	1	0	100	0	0	0	Move	0	brn	figyberry	2	1	0	1	0	ability:0:tabletsofruin	undefined	undefined	8	8	8	-1	2
tabletsofruin	onAnyModifyAtk	623	-1	1	60	Dark	1	1	1	20	0	0	8	greninjaash	0	1	0	1	1	-1	1	2	0	100	1	0	0	Move	1	brn	aguavberry	1	1	1	1	1	ability:0:tabletsofruin	undefined	false	8	8	8	-1	2
tabletsofruin	onAnyModifyAtk	624	0	6	61	Bug	1	0	0	100	100	1	0	pikachu	1	1	0	0	0	-1	0	0	60	0	1	0	false	Move	0	psn	magoberry	1	-1	1	0	1	ability:0:tabletsofruin|chain:0.75	undefined	true	0	0	0	6	0
tabletsofruin	onAnyModifyAtk	625	1	0	60	Water	0	0	0	100	0	-1	16384	pikachu	0	1	0	1	0	1	0	0	60	0	1	0	false	Ability	0	psn	magoberry	2	1	0	1	0	ability:0:tabletsofruin	undefined	undefined	16384	16384	16384	1	0
tabletsofruin	onAnyModifyAtk	626	0	6	60	Dark	1	1	1	100	-1	-1	8	pikachu	1	1	1	0	0	1	0	1	60	0	0	1	undefined	missing	1	brn	wikiberry	0	-1	99	0	0	ability:0:tabletsofruin	undefined	undefined	8	8	8	1	2
tabletsofruin	onAnyModifyAtk	627	6	1	60	Fire	0	0	1	20	20	1	8192	greninjaash	1	1	1	1	1	0	0	1	60	0	1	1	undefined	Ability	1	brn	aguavberry	2	1	1	0	0	ability:0:tabletsofruin	undefined	true	8192	8192	8192	0	0
tabletsofruin	onAnyModifyAtk	628	1	1	61	Dark	1	1	1	100	100	0	2048	greninjaash	0	1	1	1	0	1	1	1	60	0	1	0	0	Move	1	psn	sitrusberry	0	1	0	0	1	ability:0:tabletsofruin|chain:0.75	undefined	false	2048	2048	2048	1	2
tabletsofruin	onAnyModifyAtk	629	1	6	70	Dark	0	0	1	0	100	1	2048	pikachu	1	0	0	1	0	-1	0	1	100	100	1	0	null	Move	1	psn	magoberry	1	0	1	0	0	ability:0:tabletsofruin|chain:0.75	undefined	true	2048	2048	2048	6	0
tabletsofruin	onAnyModifyAtk	630	6	6	0	Bug	1	0	1	0	20	0	2048	greninjabond	0	1	1	0	1	-1	0	1	0	160	1	0	null	Ability	0	psn	sitrusberry	0	0	99	0	1	ability:0:tabletsofruin	undefined	false	2048	2048	2048	-1	0
tabletsofruin	onAnyModifyAtk	631	0	1	60	Bug	1	1	0	0	100	1	8	greninjabond	0	1	1	1	1	6	1	0	60	0	1	1	0	Move	1	brn	figyberry	0	0	99	0	0	ability:0:tabletsofruin	undefined	true	8	8	8	6	2
tabletsofruin	onAnyModifyAtk	632	1	6	0	Bug	0	0	0	0	20	1	0	greninjaash	0	0	1	1	0	0	0	0	100	0	0	1	true	Move	0	psn	leftovers	1	-1	0	0	1	ability:0:tabletsofruin	undefined	true	0	0	0	0	0
tabletsofruin	onAnyModifyAtk	633	1	1	70	Normal	1	1	0	20	-1	-1	16384	pikachu	1	0	0	0	1	1	1	2	100	160	1	0	true	Move	1	psn	iapapaberry	0	0	99	1	0	ability:0:tabletsofruin	undefined	undefined	16384	16384	16384	1	2
tabletsofruin	onAnyModifyAtk	634	-1	0	61	Fire	1	1	1	10	20	-1	24576	pikachu	1	0	1	0	0	-1	1	1	60	160	0	1	true	Move	0	psn	aguavberry	2	1	99	1	1	ability:0:tabletsofruin|chain:0.75	undefined	undefined	24576	24576	24576	0	2
tabletsofruin	onAnyModifyAtk	635	0	1	0	Ghost	1	0	0	100	100	0	8192	pikachu	1	1	0	1	0	1	0	2	0	100	1	0	true	missing	1	psn	figyberry	0	0	0	1	1	ability:0:tabletsofruin|chain:0.75	undefined	false	8192	8192	8192	1	0
tabletsofruin	onAnyModifyAtk	636	-1	1	70	Dark	0	1	0	20	100	-1	24576	pikachu	1	1	1	0	0	0	0	0	0	100	0	1	true	Ability	1	brn	figyberry	0	1	1	0	1	ability:0:tabletsofruin	undefined	undefined	24576	24576	24576	0	2
tabletsofruin	onAnyModifyAtk	637	-1	0	0	Dark	1	1	0	20	100	1	8	greninjaash	0	1	1	1	0	1	1	1	100	160	1	1	undefined	missing	0	psn	aguavberry	2	0	0	1	0	ability:0:tabletsofruin	undefined	true	8	8	8	1	2
tabletsofruin	onAnyModifyAtk	638	0	1	60	Dark	1	0	0	0	-1	0	16384	greninjabond	0	1	1	0	0	0	1	2	0	100	1	0	true	Move	1	brn	figyberry	2	-1	0	1	1	ability:0:tabletsofruin	undefined	false	16384	16384	16384	0	0
tabletsofruin	onAnyModifyAtk	639	0	6	0	Normal	1	1	0	100	20	-1	24576	pikachu	1	1	0	0	0	1	0	0	60	0	0	1	0	Ability	0	psn	figyberry	0	1	-1	1	1	ability:0:tabletsofruin	undefined	undefined	24576	24576	24576	1	2
tabletsofruin	onAnyModifyAtk	640	1	0	0	Normal	1	1	1	10	0	-1	2048	pikachu	1	0	1	0	0	6	0	2	60	160	1	0	true	Move	1	psn	figyberry	1	0	-1	0	0	ability:0:tabletsofruin	undefined	undefined	2048	2048	2048	6	2
tabletsofruin	onAnyModifyAtk	641	0	6	70	Ghost	1	0	0	20	100	0	8	pikachu	0	1	0	0	1	1	0	0	60	100	1	0	0	missing	0	brn	iapapaberry	2	0	-1	1	0	ability:0:tabletsofruin	undefined	false	8	8	8	1	0
tabletsofruin	onAnyModifyAtk	642	-1	6	70	Water	0	0	1	100	100	0	2048	pikachu	0	0	0	0	1	6	1	1	60	0	1	1	null	Move	1	brn	figyberry	2	0	99	0	1	ability:0:tabletsofruin	undefined	false	2048	2048	2048	6	0
tabletsofruin	onAnyModifyAtk	643	-1	6	70	Water	1	0	0	0	100	-1	8192	greninjabond	1	1	1	0	1	6	0	0	60	100	0	0	0	Ability	1	psn	magoberry	1	-1	99	1	0	ability:0:tabletsofruin	undefined	undefined	8192	8192	8192	6	0
tabletsofruin	onAnyModifyAtk	644	1	1	60	Water	1	0	1	10	100	0	24576	greninjabond	1	0	0	1	0	0	0	2	0	100	1	0	true	Ability	1	brn	iapapaberry	2	-1	99	1	1	ability:0:tabletsofruin	undefined	false	24576	24576	24576	0	0
tabletsofruin	onAnyModifyAtk	645	1	0	70	Normal	1	1	0	100	100	-1	0	greninjabond	1	0	1	0	1	-1	1	0	60	160	1	1	undefined	missing	1	brn	magoberry	2	1	0	1	0	ability:0:tabletsofruin	undefined	undefined	0	0	0	-1	2
tabletsofruin	onAnyModifyAtk	646	1	1	40	Water	1	1	0	0	0	-1	24576	pikachu	0	0	1	0	1	0	1	2	0	160	1	0	false	Move	0	psn	sitrusberry	2	-1	99	0	0	ability:0:tabletsofruin	undefined	undefined	24576	24576	24576	0	2
tabletsofruin	onAnyModifyAtk	647	1	6	60	Normal	0	1	1	10	0	-1	0	greninjabond	1	1	1	1	1	0	0	2	0	0	1	0	0	Ability	0	psn	magoberry	0	1	-1	1	0	ability:0:tabletsofruin	undefined	undefined	0	0	0	0	2
tabletsofruin	onAnyModifyAtk	648	1	1	60	Bug	0	1	0	20	20	1	8	greninjaash	1	1	0	1	0	-1	1	2	60	160	1	1	undefined	Ability	1	psn	wikiberry	2	0	99	0	0	ability:0:tabletsofruin|chain:0.75	undefined	true	8	8	8	1	2
tabletsofruin	onAnyModifyAtk	649	0	0	0	Water	0	0	0	20	-1	1	2048	greninjaash	0	0	0	1	1	1	0	0	0	100	0	1	false	missing	1	brn	magoberry	1	-1	1	0	0	ability:0:tabletsofruin	undefined	true	2048	2048	2048	1	0
tabletsofruin	onAnyModifyAtk	650	6	6	61	Fire	0	0	0	10	0	1	24576	pikachu	0	0	0	0	0	0	0	1	100	100	1	1	true	missing	1	psn	wikiberry	1	-1	99	1	0	ability:0:tabletsofruin	undefined	true	24576	24576	24576	0	0
tabletsofruin	onAnyModifyAtk	651	6	6	70	Bug	1	0	1	0	0	0	24576	greninjabond	0	1	0	0	1	-1	0	2	0	160	1	1	false	missing	1	brn	figyberry	2	0	1	0	1	ability:0:tabletsofruin	undefined	false	24576	24576	24576	-1	0
tabletsofruin	onAnyModifyAtk	652	-1	1	70	Water	0	0	0	0	0	-1	8192	greninjabond	0	1	1	0	1	0	0	2	0	0	1	0	0	Ability	1	brn	magoberry	2	-1	-1	1	0	ability:0:tabletsofruin	undefined	undefined	8192	8192	8192	0	0
tabletsofruin	onAnyModifyAtk	653	6	6	70	Normal	0	0	0	10	20	1	8192	greninjabond	1	1	1	0	1	1	0	2	0	160	1	0	null	Ability	0	brn	leftovers	0	-1	-1	1	0	ability:0:tabletsofruin	undefined	true	8192	8192	8192	1	0
tabletsofruin	onAnyModifyAtk	654	6	6	70	Ghost	1	1	0	0	0	-1	0	greninjaash	0	0	0	0	0	1	0	1	100	100	0	0	undefined	missing	0	brn	leftovers	0	-1	0	1	1	ability:0:tabletsofruin	undefined	undefined	0	0	0	1	2
tabletsofruin	onAnyModifyAtk	655	6	1	40	Ghost	0	1	0	0	100	1	2048	greninjaash	1	1	0	1	1	-1	0	1	0	100	0	0	null	Move	0	brn	leftovers	1	-1	0	0	1	ability:0:tabletsofruin	undefined	true	2048	2048	2048	-1	2
tabletsofruin	onAnyModifyAtk	656	1	0	70	Water	1	0	0	100	0	1	24576	greninjaash	0	1	1	0	0	1	1	2	100	0	0	1	true	Ability	1	psn	figyberry	2	-1	1	0	1	ability:0:tabletsofruin	undefined	true	24576	24576	24576	1	0
tabletsofruin	onAnyModifyAtk	657	0	6	70	Water	1	1	1	10	100	1	24576	pikachu	1	1	1	1	0	1	1	1	100	160	0	1	undefined	Ability	0	psn	figyberry	1	0	-1	0	0	ability:0:tabletsofruin	undefined	true	24576	24576	24576	1	2
tabletsofruin	onAnyModifyAtk	658	1	6	70	Normal	0	1	0	100	20	-1	8192	pikachu	0	1	0	0	1	-1	1	2	60	0	1	1	undefined	missing	0	brn	aguavberry	0	0	99	0	0	ability:0:tabletsofruin	undefined	undefined	8192	8192	8192	-1	2
tabletsofruin	onAnyModifyAtk	659	0	0	40	Ghost	0	1	0	10	-1	-1	8192	greninjabond	0	0	0	1	0	0	0	0	100	160	0	1	null	Ability	0	brn	sitrusberry	0	-1	0	1	0	ability:0:tabletsofruin|chain:0.75	undefined	undefined	8192	8192	8192	0	2
tabletsofruin	onAnyModifyAtk	660	6	1	70	Water	1	1	0	0	0	0	8	greninjabond	1	1	0	1	1	-1	1	1	0	0	0	1	0	Move	0	brn	iapapaberry	1	-1	0	1	0	ability:0:tabletsofruin	undefined	false	8	8	8	-1	2
tabletsofruin	onAnyModifyAtk	661	0	0	61	Ghost	1	1	0	20	20	-1	2048	greninjabond	0	0	1	1	1	-1	1	0	100	0	1	0	undefined	Ability	0	psn	aguavberry	1	0	-1	0	0	ability:0:tabletsofruin	undefined	undefined	2048	2048	2048	-1	2
tabletsofruin	onAnyModifyAtk	662	-1	1	70	Bug	0	1	1	0	100	0	16384	greninjabond	1	1	0	0	1	6	1	1	60	160	0	0	undefined	Move	1	psn	iapapaberry	1	0	99	0	1	ability:0:tabletsofruin	undefined	false	16384	16384	16384	6	2
tabletsofruin	onAnyModifyAtk	663	6	6	61	Ghost	0	1	1	20	20	0	2048	pikachu	0	1	0	0	0	6	0	1	100	100	1	1	null	Move	0	brn	sitrusberry	0	0	0	1	0	ability:0:tabletsofruin|chain:0.75	undefined	false	2048	2048	2048	6	2
tabletsofruin	onAnyModifyAtk	664	1	6	70	Water	0	1	1	10	20	1	24576	pikachu	1	0	1	1	0	6	1	1	100	100	1	0	null	Move	1	psn	iapapaberry	2	0	0	1	1	ability:0:tabletsofruin|chain:0.75	undefined	true	24576	24576	24576	6	2
tabletsofruin	onAnyModifyAtk	665	-1	6	60	Fire	1	0	1	10	0	1	16384	greninjaash	0	0	1	1	0	1	0	1	100	0	0	0	undefined	Ability	0	brn	wikiberry	0	1	0	0	0	ability:0:tabletsofruin	undefined	true	16384	16384	16384	1	0
tabletsofruin	onAnyModifyAtk	666	0	0	0	Ghost	0	1	0	10	100	-1	2048	greninjabond	0	1	1	0	0	1	1	1	100	100	0	0	0	Ability	1	psn	sitrusberry	1	1	-1	0	1	ability:0:tabletsofruin	undefined	undefined	2048	2048	2048	1	2
tabletsofruin	onAnyModifyAtk	667	-1	1	70	Fire	0	1	1	10	20	1	2048	greninjabond	0	0	1	0	1	1	1	1	0	0	1	0	false	missing	0	psn	magoberry	0	0	99	0	1	ability:0:tabletsofruin	undefined	true	2048	2048	2048	1	2
tabletsofruin	onAnyModifyAtk	668	0	0	61	Normal	1	1	1	100	0	0	16384	greninjaash	0	0	0	0	1	-1	1	0	100	160	1	0	true	Move	0	brn	iapapaberry	2	0	1	1	1	ability:0:tabletsofruin	undefined	false	16384	16384	16384	-1	2
tabletsofruin	onAnyModifyAtk	669	6	1	61	Ghost	1	0	0	0	20	-1	16384	greninjaash	1	1	1	1	0	1	0	0	60	0	0	0	false	Ability	1	psn	magoberry	1	0	99	0	0	ability:0:tabletsofruin|chain:0.75	undefined	undefined	16384	16384	16384	1	0
tabletsofruin	onAnyModifyAtk	670	0	0	70	Fire	0	0	1	0	20	0	24576	pikachu	1	1	0	0	0	6	1	0	0	100	0	0	undefined	Move	0	brn	magoberry	0	0	0	0	0	ability:0:tabletsofruin	undefined	false	24576	24576	24576	6	0
tabletsofruin	onAnyModifyAtk	671	-1	6	70	Bug	1	1	0	10	0	0	16384	greninjabond	0	1	1	0	1	1	0	0	60	160	0	0	true	missing	0	brn	wikiberry	1	0	1	1	1	ability:0:tabletsofruin	undefined	false	16384	16384	16384	1	2
tabletsofruin	onAnyModifyAtk	672	1	0	60	Normal	0	1	0	20	-1	0	8192	greninjabond	0	0	0	0	1	0	0	0	0	100	1	1	undefined	Ability	0	psn	wikiberry	1	0	-1	1	1	ability:0:tabletsofruin	undefined	false	8192	8192	8192	0	2
tabletsofruin	onAnyModifyAtk	673	-1	0	0	Fire	0	1	1	0	20	-1	2048	greninjabond	0	1	1	0	0	1	1	0	0	160	0	0	false	missing	1	brn	figyberry	2	1	99	1	0	ability:0:tabletsofruin	undefined	undefined	2048	2048	2048	1	2
tabletsofruin	onAnyModifyAtk	674	-1	0	70	Normal	0	0	1	0	0	0	8192	greninjabond	0	0	1	1	0	0	0	2	100	0	0	0	null	Move	0	brn	aguavberry	0	1	-1	1	0	ability:0:tabletsofruin|chain:0.75	undefined	false	8192	8192	8192	0	0
tabletsofruin	onAnyModifyAtk	675	6	0	40	Ghost	0	1	0	20	20	-1	2048	pikachu	0	0	0	0	0	6	1	2	100	100	1	0	true	missing	0	psn	aguavberry	2	-1	1	0	0	ability:0:tabletsofruin	undefined	undefined	2048	2048	2048	6	2
tabletsofruin	onAnyModifyAtk	676	6	0	0	Normal	0	0	0	20	0	0	0	pikachu	1	0	1	1	1	6	1	1	60	160	1	1	undefined	Ability	0	brn	wikiberry	2	1	99	1	1	ability:0:tabletsofruin	undefined	false	0	0	0	6	0
tabletsofruin	onAnyModifyAtk	677	-1	0	40	Normal	0	1	1	20	-1	-1	24576	greninjaash	1	0	0	0	0	-1	1	2	60	0	0	1	undefined	Move	0	brn	magoberry	1	1	99	0	0	ability:0:tabletsofruin|chain:0.75	undefined	undefined	24576	24576	24576	0	2
tabletsofruin	onAnyModifyAtk	678	1	1	70	Normal	0	0	1	0	-1	-1	16384	greninjaash	1	0	1	0	0	-1	0	1	100	100	1	0	null	missing	0	psn	sitrusberry	0	0	99	1	0	ability:0:tabletsofruin|chain:0.75	undefined	undefined	16384	16384	16384	1	0
tabletsofruin	onAnyModifyAtk	679	0	1	70	Water	1	1	1	0	100	0	0	greninjaash	0	1	0	1	1	0	0	1	0	100	0	0	0	Ability	1	psn	sitrusberry	0	0	1	0	0	ability:0:tabletsofruin	undefined	false	0	0	0	0	2
tabletsofruin	onAnyModifyAtk	680	6	0	0	Normal	1	0	0	100	100	-1	0	pikachu	1	1	1	1	1	6	0	1	0	0	0	0	false	Ability	0	psn	magoberry	0	-1	99	1	0	ability:0:tabletsofruin	undefined	undefined	0	0	0	6	0
tabletsofruin	onAnyModifyAtk	681	-1	6	70	Bug	1	0	1	0	0	-1	8	pikachu	1	0	1	0	1	1	0	2	0	0	0	1	undefined	Ability	0	psn	magoberry	2	1	-1	1	1	ability:0:tabletsofruin	undefined	undefined	8	8	8	1	0
tabletsofruin	onAnyModifyAtk	682	-1	0	61	Dark	0	0	1	20	-1	1	16384	pikachu	1	0	1	1	1	-1	1	1	0	0	0	0	true	Move	0	brn	aguavberry	2	0	-1	0	0	ability:0:tabletsofruin	undefined	true	16384	16384	16384	-1	0
tabletsofruin	onAnyModifyAtk	683	1	0	60	Water	1	1	0	20	100	1	16384	greninjaash	1	0	1	1	0	-1	1	0	100	0	0	1	null	missing	0	brn	magoberry	2	0	-1	1	1	ability:0:tabletsofruin|chain:0.75	undefined	true	16384	16384	16384	0	2
tabletsofruin	onAnyModifyAtk	684	0	1	60	Water	1	0	0	10	0	1	0	greninjabond	1	1	0	0	1	6	0	1	60	100	0	0	true	Ability	1	brn	magoberry	2	-1	-1	0	0	ability:0:tabletsofruin	undefined	true	0	0	0	6	0
tabletsofruin	onAnyModifyAtk	685	1	6	0	Dark	1	0	1	100	-1	0	0	greninjabond	0	1	0	0	0	1	0	0	100	100	0	1	null	missing	1	brn	aguavberry	0	1	1	1	0	ability:0:tabletsofruin	undefined	false	0	0	0	1	0
tabletsofruin	onAnyModifyAtk	686	-1	6	61	Fire	0	1	0	0	0	0	2048	pikachu	1	0	1	0	1	-1	1	0	0	160	1	0	null	Ability	1	psn	aguavberry	0	-1	0	0	1	ability:0:tabletsofruin	undefined	false	2048	2048	2048	-1	2
tabletsofruin	onAnyModifyAtk	687	0	0	40	Dark	1	1	1	20	20	1	8192	greninjaash	0	1	1	1	0	-1	1	0	100	100	1	1	0	Move	1	psn	magoberry	0	-1	99	1	1	ability:0:tabletsofruin|chain:0.75	undefined	true	8192	8192	8192	0	2
tabletsofruin	onAnyModifyAtk	688	6	6	60	Bug	0	0	1	0	-1	-1	16384	greninjabond	1	0	1	0	1	-1	0	0	60	100	1	1	false	missing	0	psn	wikiberry	1	0	1	1	0	ability:0:tabletsofruin	undefined	undefined	16384	16384	16384	-1	0
tabletsofruin	onAnyModifyAtk	689	6	0	40	Bug	1	1	1	100	-1	-1	2048	pikachu	0	1	1	1	1	6	0	1	100	100	0	1	true	Ability	1	psn	sitrusberry	2	0	1	1	1	ability:0:tabletsofruin	undefined	undefined	2048	2048	2048	6	2
tabletsofruin	onAnyModifyAtk	690	6	1	70	Normal	1	0	1	0	20	1	16384	greninjabond	1	1	1	1	0	1	0	0	100	0	1	0	0	missing	1	psn	iapapaberry	1	0	-1	1	1	ability:0:tabletsofruin|chain:0.75	undefined	true	16384	16384	16384	1	0
tabletsofruin	onAnyModifyAtk	691	-1	1	70	Normal	1	1	1	100	0	0	2048	greninjabond	1	0	0	1	1	0	1	2	60	160	1	1	undefined	Ability	0	brn	sitrusberry	0	0	99	0	0	ability:0:tabletsofruin	undefined	false	2048	2048	2048	0	2
tabletsofruin	onAnyModifyAtk	692	6	0	40	Water	0	1	1	0	-1	0	8	greninjabond	0	1	0	1	0	1	0	1	0	160	1	1	false	missing	1	brn	sitrusberry	0	1	0	0	0	ability:0:tabletsofruin	undefined	false	8	8	8	1	2
tabletsofruin	onAnyModifyAtk	693	-1	1	61	Fire	1	1	1	10	-1	-1	24576	greninjaash	1	0	0	1	1	-1	0	2	60	100	0	0	undefined	Move	0	psn	iapapaberry	2	1	1	1	0	ability:0:tabletsofruin	undefined	undefined	24576	24576	24576	-1	2
tabletsofruin	onAnyModifyAtk	694	0	1	61	Normal	0	1	0	0	100	-1	8	greninjaash	1	0	1	0	0	0	1	2	0	160	1	0	0	Move	0	brn	iapapaberry	2	0	99	1	1	ability:0:tabletsofruin	undefined	undefined	8	8	8	0	2
tabletsofruin	onAnyModifyAtk	695	1	1	61	Ghost	0	1	0	10	0	0	24576	greninjabond	1	1	0	0	1	6	1	1	100	0	0	1	true	missing	1	brn	magoberry	0	0	-1	1	0	ability:0:tabletsofruin	undefined	false	24576	24576	24576	6	2
tabletsofruin	onAnyModifyAtk	696	6	1	61	Water	1	1	0	10	100	1	2048	pikachu	0	0	0	1	1	1	1	1	60	100	1	0	true	Ability	1	brn	wikiberry	0	0	0	1	1	ability:0:tabletsofruin	undefined	true	2048	2048	2048	1	2
tabletsofruin	onAnyModifyAtk	697	6	1	0	Fire	0	0	1	100	100	0	8192	pikachu	1	0	0	1	1	6	1	2	60	0	1	1	false	Ability	0	brn	magoberry	2	0	99	1	1	ability:0:tabletsofruin	undefined	false	8192	8192	8192	6	0
tabletsofruin	onAnyModifyAtk	698	1	6	0	Ghost	1	1	0	20	0	0	8	greninjabond	1	1	0	1	1	0	0	2	100	100	1	0	false	Ability	0	brn	leftovers	2	1	-1	0	1	ability:0:tabletsofruin	undefined	false	8	8	8	0	2
tabletsofruin	onAnyModifyAtk	699	6	6	60	Dark	1	1	0	100	0	-1	16384	pikachu	1	0	0	0	0	1	1	1	100	0	0	0	null	Ability	1	brn	iapapaberry	1	0	0	0	1	ability:0:tabletsofruin	undefined	undefined	16384	16384	16384	1	2
tabletsofruin	onAnyModifyAtk	700	1	0	60	Normal	1	0	0	100	-1	0	8192	pikachu	1	0	1	0	0	1	0	0	0	100	1	0	null	Ability	1	brn	iapapaberry	2	1	1	0	1	ability:0:tabletsofruin	undefined	false	8192	8192	8192	1	0
tabletsofruin	onAnyModifyAtk	701	0	0	70	Normal	0	0	1	20	0	-1	2048	greninjabond	1	1	0	1	1	1	1	0	60	160	0	0	true	missing	1	brn	magoberry	2	-1	1	1	0	ability:0:tabletsofruin	undefined	undefined	2048	2048	2048	1	0
tabletsofruin	onAnyModifyAtk	702	1	6	60	Ghost	0	0	0	0	100	0	0	pikachu	0	1	1	0	1	0	0	0	100	100	0	0	true	missing	0	psn	sitrusberry	0	0	0	0	0	ability:0:tabletsofruin	undefined	false	0	0	0	0	0
tabletsofruin	onAnyModifyAtk	703	6	1	61	Dark	0	1	1	100	100	-1	24576	greninjabond	1	1	0	1	1	1	1	2	60	160	1	0	0	missing	1	brn	iapapaberry	0	-1	-1	0	1	ability:0:tabletsofruin	undefined	undefined	24576	24576	24576	1	2
tabletsofruin	onAnyModifyAtk	704	6	0	70	Water	0	1	0	20	-1	-1	8	greninjaash	1	1	1	0	1	6	1	2	60	160	0	1	null	missing	1	brn	wikiberry	0	1	-1	0	1	ability:0:tabletsofruin	undefined	undefined	8	8	8	6	2
tabletsofruin	onAnyModifyAtk	705	6	6	0	Normal	1	1	0	100	-1	1	0	pikachu	1	0	0	0	1	6	0	1	0	160	1	0	false	Move	0	brn	figyberry	0	-1	0	0	1	ability:0:tabletsofruin	undefined	true	0	0	0	6	2
tabletsofruin	onAnyModifyAtk	706	0	0	0	Water	1	1	0	0	-1	-1	2048	pikachu	1	0	0	1	0	6	1	1	60	100	1	0	true	Ability	0	psn	magoberry	2	-1	-1	0	0	ability:0:tabletsofruin	undefined	undefined	2048	2048	2048	6	2
tabletsofruin	onAnyModifyAtk	707	1	6	40	Ghost	0	1	1	0	-1	-1	8	greninjaash	0	0	1	0	0	6	0	2	60	160	1	1	false	Ability	1	psn	magoberry	0	0	-1	1	0	ability:0:tabletsofruin|chain:0.75	undefined	undefined	8	8	8	6	2
tabletsofruin	onAnyModifyAtk	708	-1	0	40	Water	0	0	0	20	-1	0	8	greninjaash	0	0	0	1	0	0	1	2	100	0	0	1	null	Ability	0	brn	iapapaberry	1	0	99	0	1	ability:0:tabletsofruin|chain:0.75	undefined	false	8	8	8	0	0
tabletsofruin	onAnyModifyAtk	709	6	6	0	Normal	1	1	1	0	0	-1	8	greninjabond	0	1	0	1	1	-1	0	2	100	160	0	1	false	Move	1	brn	magoberry	2	1	0	1	0	ability:0:tabletsofruin	undefined	undefined	8	8	8	-1	2
tabletsofruin	onAnyModifyAtk	710	6	1	0	Normal	1	0	1	0	20	1	2048	greninjabond	0	1	0	0	0	1	1	0	60	160	0	0	0	Move	1	brn	magoberry	1	1	99	0	1	ability:0:tabletsofruin|chain:0.75	undefined	true	2048	2048	2048	1	0
tabletsofruin	onAnyModifyAtk	711	6	6	70	Bug	0	1	0	20	20	1	8192	pikachu	1	1	1	1	0	0	1	1	0	160	0	0	false	Ability	1	psn	leftovers	1	1	0	1	0	ability:0:tabletsofruin	undefined	true	8192	8192	8192	0	2
tabletsofruin	onAnyModifyAtk	712	6	0	60	Ghost	0	0	1	100	100	1	8	greninjabond	0	1	0	1	0	0	1	0	0	160	1	0	undefined	missing	1	brn	sitrusberry	0	-1	-1	0	0	ability:0:tabletsofruin|chain:0.75	undefined	true	8	8	8	0	0
tabletsofruin	onAnyModifyAtk	713	6	1	61	Water	0	0	0	20	20	0	16384	pikachu	0	1	0	0	0	6	1	0	60	160	1	0	null	missing	1	psn	aguavberry	1	0	1	0	1	ability:0:tabletsofruin	undefined	false	16384	16384	16384	6	0
tabletsofruin	onAnyModifyAtk	714	-1	0	0	Ghost	1	0	0	20	20	1	2048	greninjabond	1	0	0	1	0	1	0	1	0	100	0	0	null	missing	1	brn	iapapaberry	0	1	-1	1	0	ability:0:tabletsofruin	undefined	true	2048	2048	2048	1	0
tabletsofruin	onAnyModifyAtk	715	-1	6	0	Bug	0	1	0	10	20	0	8	greninjaash	0	0	0	1	1	-1	0	0	0	0	0	1	0	missing	1	psn	iapapaberry	1	0	1	0	1	ability:0:tabletsofruin	undefined	false	8	8	8	-1	2
tabletsofruin	onAnyModifyAtk	716	1	0	0	Bug	0	1	1	10	-1	1	0	greninjabond	1	1	0	0	0	0	1	0	60	0	1	0	undefined	Move	0	brn	iapapaberry	2	0	0	0	1	ability:0:tabletsofruin|chain:0.75	undefined	true	0	0	0	0	2
tabletsofruin	onAnyModifyAtk	717	0	6	70	Dark	1	0	1	10	0	1	8192	greninjaash	1	0	1	0	1	1	1	0	60	160	1	1	null	Move	0	psn	iapapaberry	1	1	0	0	0	ability:0:tabletsofruin	undefined	true	8192	8192	8192	1	0
tabletsofruin	onAnyModifyAtk	718	-1	6	60	Ghost	1	0	1	0	-1	0	8192	greninjabond	0	0	0	0	0	6	1	0	60	160	0	0	null	missing	0	psn	magoberry	0	0	0	1	1	ability:0:tabletsofruin|chain:0.75	undefined	false	8192	8192	8192	6	0
tabletsofruin	onAnyModifyAtk	719	-1	6	60	Normal	1	1	1	0	0	1	8192	pikachu	0	0	0	0	1	-1	1	0	100	100	0	1	0	Ability	1	psn	aguavberry	1	-1	0	0	1	ability:0:tabletsofruin	undefined	true	8192	8192	8192	-1	2
tabletsofruin	onAnyModifyAtk	720	-1	1	60	Ghost	1	1	0	0	20	-1	8	greninjabond	1	0	0	1	0	1	1	0	100	160	0	1	0	Move	0	brn	aguavberry	1	-1	99	0	0	ability:0:tabletsofruin|chain:0.75	undefined	undefined	8	8	8	1	2
tabletsofruin	onAnyModifyAtk	721	1	6	60	Dark	0	1	0	20	0	1	8	greninjabond	1	0	0	1	0	6	0	2	100	100	1	1	0	missing	0	psn	sitrusberry	2	0	-1	0	1	ability:0:tabletsofruin|chain:0.75	undefined	true	8	8	8	6	2
tabletsofruin	onAnyModifyAtk	722	-1	0	70	Normal	1	0	1	0	100	-1	8	greninjabond	0	0	1	1	1	-1	0	0	60	0	0	0	undefined	missing	0	psn	figyberry	1	1	-1	0	1	ability:0:tabletsofruin	undefined	undefined	8	8	8	-1	0
tabletsofruin	onAnyModifyAtk	723	6	0	60	Bug	0	1	1	10	20	-1	24576	pikachu	0	0	1	1	0	0	0	0	0	160	0	0	true	Move	1	brn	magoberry	0	1	0	0	0	ability:0:tabletsofruin|chain:0.75	undefined	undefined	24576	24576	24576	0	2
tabletsofruin	onAnyModifyAtk	724	-1	0	60	Bug	1	1	0	0	-1	-1	16384	greninjabond	0	0	1	0	0	0	1	0	100	160	1	1	false	missing	0	brn	sitrusberry	0	-1	1	1	0	ability:0:tabletsofruin|chain:0.75	undefined	undefined	16384	16384	16384	0	2
tabletsofruin	onAnyModifyAtk	725	6	0	61	Dark	0	1	0	100	100	-1	2048	greninjabond	1	1	1	0	0	-1	0	2	100	160	1	1	true	Move	1	psn	leftovers	0	1	-1	0	0	ability:0:tabletsofruin|chain:0.75	undefined	undefined	2048	2048	2048	0	2
tabletsofruin	onAnyModifyAtk	726	1	1	61	Water	1	1	1	0	0	0	0	greninjabond	0	0	0	0	1	6	0	2	60	0	1	0	true	Ability	0	brn	iapapaberry	2	0	-1	0	0	ability:0:tabletsofruin	undefined	false	0	0	0	6	2
tabletsofruin	onAnyModifyAtk	727	0	0	40	Ghost	1	0	1	100	100	0	8192	pikachu	0	0	1	0	0	6	0	2	0	160	1	0	true	Ability	0	psn	magoberry	1	-1	1	0	1	ability:0:tabletsofruin	undefined	false	8192	8192	8192	6	0
tabletsofruin	onAnyModifyAtk	728	-1	1	0	Ghost	0	1	1	10	0	-1	0	greninjaash	1	0	1	0	0	-1	0	0	0	160	0	0	false	missing	0	brn	figyberry	0	0	1	0	1	ability:0:tabletsofruin|chain:0.75	undefined	undefined	0	0	0	1	2
tabletsofruin	onAnyModifyAtk	729	1	1	70	Dark	1	0	0	10	20	-1	0	pikachu	1	1	0	1	0	6	0	1	100	160	1	1	false	Ability	1	brn	leftovers	1	-1	1	1	1	ability:0:tabletsofruin	undefined	undefined	0	0	0	6	0
tabletsofruin	onAnyModifyAtk	730	6	0	61	Dark	0	1	1	20	0	0	0	greninjaash	0	1	1	1	0	6	1	1	100	100	0	0	undefined	missing	0	brn	wikiberry	0	1	-1	1	1	ability:0:tabletsofruin	undefined	false	0	0	0	6	2
tabletsofruin	onAnyModifyAtk	731	1	0	61	Fire	1	1	1	20	100	-1	24576	pikachu	1	0	0	0	0	1	0	0	0	160	1	0	false	Ability	1	brn	wikiberry	0	0	-1	1	0	ability:0:tabletsofruin	undefined	undefined	24576	24576	24576	1	2
tabletsofruin	onAnyModifyAtk	732	1	0	70	Normal	0	0	0	100	-1	0	16384	greninjabond	0	0	0	1	1	-1	1	1	100	0	0	0	false	Ability	1	brn	aguavberry	2	0	99	1	0	ability:0:tabletsofruin	undefined	false	16384	16384	16384	-1	0
tabletsofruin	onAnyModifyAtk	733	-1	6	61	Normal	1	0	0	10	100	1	24576	greninjabond	0	0	1	1	0	1	0	2	60	100	1	0	null	Ability	0	brn	iapapaberry	0	0	-1	0	0	ability:0:tabletsofruin	undefined	true	24576	24576	24576	1	0
tabletsofruin	onAnyModifyAtk	734	6	1	61	Dark	1	1	0	0	100	0	0	greninjaash	0	1	1	1	0	-1	1	2	100	100	1	1	null	Move	1	psn	iapapaberry	0	1	1	1	0	ability:0:tabletsofruin|chain:0.75	undefined	false	0	0	0	1	2
tabletsofruin	onAnyModifyAtk	735	1	1	60	Dark	1	0	0	20	20	0	16384	greninjaash	0	0	0	1	0	6	0	1	0	160	0	0	true	missing	0	brn	wikiberry	1	-1	1	1	0	ability:0:tabletsofruin	undefined	false	16384	16384	16384	6	0
tabletsofruin	onAnyModifyAtk	736	-1	6	61	Ghost	1	0	1	20	20	1	0	greninjaash	0	1	0	1	0	0	0	1	0	160	1	1	true	missing	0	brn	aguavberry	2	0	0	0	1	ability:0:tabletsofruin	undefined	true	0	0	0	0	0
tabletsofruin	onAnyModifyAtk	737	1	6	40	Water	0	1	0	10	100	0	8192	pikachu	0	0	1	1	1	6	1	2	0	0	0	0	true	Move	0	psn	figyberry	1	1	99	1	1	ability:0:tabletsofruin	undefined	false	8192	8192	8192	6	2
tabletsofruin	onAnyModifyAtk	738	1	0	61	Normal	0	1	1	0	-1	1	2048	greninjaash	0	1	1	1	1	0	0	2	0	160	1	0	null	Ability	1	psn	wikiberry	1	0	-1	0	0	ability:0:tabletsofruin	undefined	true	2048	2048	2048	0	2
tabletsofruin	onAnyModifyAtk	739	-1	1	61	Dark	1	1	0	20	0	-1	8	pikachu	1	0	1	1	1	-1	0	1	0	100	0	1	undefined	Ability	1	psn	aguavberry	2	-1	1	0	1	ability:0:tabletsofruin	undefined	undefined	8	8	8	-1	2
tabletsofruin	onAnyModifyAtk	740	0	6	70	Bug	1	0	1	20	20	-1	8	pikachu	1	1	0	0	1	-1	0	1	60	160	1	1	undefined	Ability	1	brn	figyberry	0	1	-1	1	1	ability:0:tabletsofruin	undefined	undefined	8	8	8	-1	0
tabletsofruin	onAnyModifyAtk	741	1	0	60	Ghost	1	1	0	20	100	0	0	greninjaash	1	1	1	1	0	-1	1	2	0	160	1	0	false	missing	1	brn	leftovers	0	1	99	1	1	ability:0:tabletsofruin|chain:0.75	undefined	false	0	0	0	0	2
tabletsofruin	onAnyModifyAtk	742	-1	1	70	Normal	1	0	0	10	100	-1	8192	pikachu	0	1	1	1	1	-1	0	0	0	160	1	1	undefined	Ability	0	brn	magoberry	1	1	-1	0	1	ability:0:tabletsofruin	undefined	undefined	8192	8192	8192	-1	0
tabletsofruin	onAnyModifyAtk	743	1	6	70	Bug	1	0	1	0	-1	1	0	pikachu	1	0	0	1	1	1	0	1	100	0	1	1	0	missing	0	brn	leftovers	1	0	99	0	1	ability:0:tabletsofruin	undefined	true	0	0	0	1	0
tabletsofruin	onAnyModifyAtk	744	-1	1	0	Fire	0	0	0	100	0	1	16384	greninjaash	1	1	0	0	0	6	0	0	0	0	0	0	0	missing	1	brn	leftovers	1	-1	-1	1	1	ability:0:tabletsofruin	undefined	true	16384	16384	16384	6	0
tabletsofruin	onAnyModifyAtk	745	0	0	40	Bug	0	0	1	0	-1	-1	0	greninjaash	1	1	1	0	1	6	0	0	60	0	0	0	true	missing	1	psn	aguavberry	2	-1	0	1	1	ability:0:tabletsofruin	undefined	undefined	0	0	0	6	0
tabletsofruin	onAnyModifyAtk	746	0	6	70	Fire	0	0	0	20	100	-1	24576	greninjabond	0	0	0	1	0	-1	0	0	100	0	1	0	0	Ability	0	brn	iapapaberry	1	0	-1	1	1	ability:0:tabletsofruin|chain:0.75	undefined	undefined	24576	24576	24576	6	0
tabletsofruin	onAnyModifyAtk	747	6	0	60	Fire	1	1	1	100	0	0	8192	greninjabond	1	0	1	1	0	0	1	1	60	0	1	1	false	Move	0	psn	aguavberry	0	1	0	0	0	ability:0:tabletsofruin|chain:0.75	undefined	false	8192	8192	8192	0	2
tabletsofruin	onAnyModifyAtk	748	6	6	60	Normal	0	1	0	10	20	1	8192	pikachu	0	1	1	1	1	6	0	2	60	0	1	0	0	Move	1	brn	figyberry	2	1	0	1	1	ability:0:tabletsofruin	undefined	true	8192	8192	8192	6	2
tabletsofruin	onAnyModifyAtk	749	-1	6	60	Fire	0	0	0	0	20	-1	8	greninjabond	1	0	1	0	1	6	0	0	0	0	1	1	null	missing	1	psn	figyberry	1	-1	99	1	1	ability:0:tabletsofruin	undefined	undefined	8	8	8	6	0
tabletsofruin	onAnyModifyAtk	750	0	6	70	Dark	0	0	0	10	20	1	0	pikachu	1	1	1	1	0	0	0	2	0	100	1	1	0	Move	1	psn	leftovers	0	-1	1	0	1	ability:0:tabletsofruin	undefined	true	0	0	0	0	0
tabletsofruin	onAnyModifyAtk	751	6	0	70	Water	0	0	0	100	100	1	2048	greninjabond	1	0	1	0	0	0	0	2	0	160	0	1	true	Ability	0	psn	wikiberry	2	0	99	0	0	ability:0:tabletsofruin|chain:0.75	undefined	true	2048	2048	2048	0	0
tabletsofruin	onAnyModifyAtk	752	-1	0	0	Ghost	0	1	1	0	20	0	8	greninjaash	0	0	1	1	1	0	1	1	60	0	0	1	true	Ability	1	brn	aguavberry	2	1	99	1	0	ability:0:tabletsofruin	undefined	false	8	8	8	0	2
tabletsofruin	onAnyModifyAtk	753	0	0	40	Fire	1	1	1	0	100	0	24576	pikachu	1	0	1	0	1	6	1	0	100	100	0	1	true	Ability	1	brn	aguavberry	1	-1	1	0	1	ability:0:tabletsofruin	undefined	false	24576	24576	24576	6	2
tabletsofruin	onAnyModifyAtk	754	-1	1	60	Normal	0	0	0	0	0	1	0	pikachu	0	0	0	1	1	6	1	0	0	0	1	0	0	Move	0	psn	wikiberry	2	1	-1	1	1	ability:0:tabletsofruin	undefined	true	0	0	0	6	0
tabletsofruin	onAnyModifyAtk	755	1	6	40	Water	1	1	0	100	-1	0	0	greninjaash	0	0	0	0	0	1	1	1	100	100	0	0	undefined	Move	0	psn	wikiberry	2	1	99	1	1	ability:0:tabletsofruin	undefined	false	0	0	0	1	2
tabletsofruin	onAnyModifyAtk	756	0	6	60	Bug	0	0	0	0	20	0	24576	greninjabond	1	0	0	0	1	6	0	2	60	0	0	1	false	Ability	0	brn	magoberry	2	0	1	1	0	ability:0:tabletsofruin	undefined	false	24576	24576	24576	6	0
tabletsofruin	onAnyModifyAtk	757	0	0	40	Bug	1	1	0	10	20	-1	24576	pikachu	0	1	1	0	1	0	1	1	100	0	0	1	false	missing	0	brn	sitrusberry	2	1	99	1	1	ability:0:tabletsofruin	undefined	undefined	24576	24576	24576	0	2
tabletsofruin	onAnyModifyAtk	758	1	1	40	Fire	0	1	0	10	-1	0	8192	greninjabond	1	0	0	1	0	0	1	0	100	0	0	1	0	Move	1	brn	wikiberry	1	0	-1	1	0	ability:0:tabletsofruin	undefined	false	8192	8192	8192	0	2
tabletsofruin	onAnyModifyAtk	759	-1	1	70	Dark	0	0	1	10	20	0	16384	pikachu	1	0	0	0	0	-1	0	1	100	100	0	0	undefined	missing	0	psn	leftovers	2	0	-1	1	1	ability:0:tabletsofruin|chain:0.75	undefined	false	16384	16384	16384	1	0
tabletsofruin	onAnyModifyAtk	760	0	6	70	Fire	1	1	1	10	-1	-1	8192	greninjabond	1	1	0	0	1	1	1	1	0	100	1	0	true	missing	1	brn	aguavberry	0	0	1	1	0	ability:0:tabletsofruin	undefined	undefined	8192	8192	8192	1	2
tabletsofruin	onAnyModifyAtk	761	0	0	40	Ghost	0	0	1	100	0	0	8192	pikachu	0	1	1	1	0	6	0	0	0	100	0	1	undefined	missing	0	brn	leftovers	0	1	-1	0	1	ability:0:tabletsofruin	undefined	false	8192	8192	8192	6	0
tabletsofruin	onAnyModifyAtk	762	6	6	40	Water	0	0	0	20	-1	1	2048	greninjaash	0	1	0	1	1	0	0	1	100	100	1	0	false	Ability	1	brn	aguavberry	2	-1	-1	0	0	ability:0:tabletsofruin	undefined	true	2048	2048	2048	0	0
tabletsofruin	onAnyModifyAtk	763	-1	1	0	Water	0	1	1	0	20	0	0	greninjaash	0	0	1	0	1	6	1	0	100	160	0	1	false	Ability	0	brn	wikiberry	2	-1	1	0	0	ability:0:tabletsofruin	undefined	false	0	0	0	6	2
tabletsofruin	onAnyModifyAtk	764	6	6	0	Normal	1	0	1	100	20	0	16384	greninjabond	0	0	0	1	1	1	1	0	0	160	1	0	null	Move	0	psn	wikiberry	2	0	99	1	0	ability:0:tabletsofruin	undefined	false	16384	16384	16384	1	0
tabletsofruin	onAnyModifyAtk	765	6	1	40	Bug	0	0	1	100	20	0	2048	greninjaash	1	0	0	0	1	6	0	2	60	160	0	0	true	missing	1	brn	wikiberry	0	1	1	0	1	ability:0:tabletsofruin	undefined	false	2048	2048	2048	6	0
tabletsofruin	onAnyModifyAtk	766	-1	1	60	Bug	0	1	1	10	0	0	8	greninjabond	1	0	0	1	1	1	0	1	100	0	0	1	true	Move	0	psn	wikiberry	1	0	1	0	0	ability:0:tabletsofruin	undefined	false	8	8	8	1	2
tabletsofruin	onAnyModifyAtk	767	-1	1	60	Fire	0	0	1	0	-1	-1	2048	greninjabond	0	0	1	1	1	6	1	0	100	160	1	0	undefined	missing	1	brn	sitrusberry	0	1	0	0	0	ability:0:tabletsofruin	undefined	undefined	2048	2048	2048	6	0
tabletsofruin	onAnyModifyAtk	768	0	1	0	Ghost	0	0	0	20	100	-1	24576	greninjaash	0	1	0	1	1	-1	1	0	60	160	0	1	true	Ability	0	brn	figyberry	2	-1	0	1	1	ability:0:tabletsofruin	undefined	undefined	24576	24576	24576	-1	0
tabletsofruin	onAnyModifyAtk	769	-1	0	0	Normal	0	1	1	100	20	0	0	pikachu	1	0	1	1	0	6	1	2	0	0	0	1	true	Ability	1	psn	aguavberry	0	1	0	0	1	ability:0:tabletsofruin	undefined	false	0	0	0	6	2
tabletsofruin	onAnyModifyAtk	770	6	6	70	Ghost	1	1	0	0	20	-1	24576	pikachu	1	1	1	1	0	-1	0	0	60	100	0	0	0	missing	0	psn	aguavberry	2	0	-1	1	0	ability:0:tabletsofruin|chain:0.75	undefined	undefined	24576	24576	24576	6	2
tabletsofruin	onAnyModifyAtk	771	6	6	70	Dark	0	1	1	10	20	1	16384	greninjaash	0	0	0	1	0	-1	1	1	0	100	1	1	undefined	Ability	0	brn	wikiberry	2	1	-1	0	1	ability:0:tabletsofruin|chain:0.75	undefined	true	16384	16384	16384	6	2
tabletsofruin	onAnyModifyAtk	772	0	0	70	Ghost	0	1	0	20	20	-1	0	pikachu	0	1	1	0	1	1	1	0	100	0	0	1	0	missing	0	psn	wikiberry	2	-1	-1	0	0	ability:0:tabletsofruin	undefined	undefined	0	0	0	1	2
tabletsofruin	onAnyModifyAtk	773	0	0	70	Ghost	0	0	1	0	20	1	8192	greninjabond	0	1	0	1	0	0	0	0	0	100	0	0	null	missing	0	psn	iapapaberry	0	0	1	0	1	ability:0:tabletsofruin|chain:0.75	undefined	true	8192	8192	8192	0	0
tabletsofruin	onAnyModifyAtk	774	0	6	60	Dark	0	0	1	10	100	1	0	greninjaash	1	1	0	1	0	1	0	1	0	160	0	1	null	missing	1	brn	iapapaberry	1	1	-1	1	1	ability:0:tabletsofruin	undefined	true	0	0	0	1	0
tabletsofruin	onAnyModifyAtk	775	0	6	0	Fire	1	0	0	20	100	-1	24576	greninjaash	0	0	0	0	0	1	1	1	0	0	0	1	false	Move	1	brn	wikiberry	1	0	0	0	1	ability:0:tabletsofruin	undefined	undefined	24576	24576	24576	1	0
tabletsofruin	onAnyModifyAtk	776	0	1	0	Ghost	1	0	1	100	-1	-1	2048	greninjabond	0	0	1	0	1	0	0	2	100	0	0	0	null	missing	0	brn	wikiberry	1	1	-1	1	1	ability:0:tabletsofruin	undefined	undefined	2048	2048	2048	0	0
tabletsofruin	onAnyModifyAtk	777	-1	0	0	Fire	1	1	1	100	0	1	8	greninjaash	1	1	1	0	0	6	1	0	60	0	1	0	false	Ability	0	psn	leftovers	1	-1	99	1	1	ability:0:tabletsofruin	undefined	true	8	8	8	6	2
tabletsofruin	onAnyModifyAtk	778	1	0	61	Normal	1	1	1	20	100	-1	16384	pikachu	1	1	1	1	1	1	1	0	100	160	0	0	null	missing	0	brn	leftovers	2	1	-1	0	1	ability:0:tabletsofruin	undefined	undefined	16384	16384	16384	1	2
tabletsofruin	onAnyModifyAtk	779	1	6	60	Fire	0	1	0	10	100	0	0	greninjaash	1	0	1	1	0	0	1	0	60	100	0	0	false	Ability	0	psn	sitrusberry	1	0	99	1	0	ability:0:tabletsofruin	undefined	false	0	0	0	0	2
tabletsofruin	onAnyModifyAtk	780	6	6	40	Ghost	1	1	1	10	100	-1	16384	pikachu	1	0	0	1	0	1	1	1	100	0	0	1	undefined	missing	0	psn	wikiberry	2	-1	0	0	1	ability:0:tabletsofruin	undefined	undefined	16384	16384	16384	1	2
tabletsofruin	onAnyModifyAtk	781	1	0	60	Dark	1	1	1	20	-1	0	0	greninjabond	0	0	0	1	0	6	1	0	60	0	0	1	0	Ability	1	psn	aguavberry	2	-1	0	0	1	ability:0:tabletsofruin	undefined	false	0	0	0	6	2
tabletsofruin	onAnyModifyAtk	782	1	6	60	Bug	0	0	1	10	100	-1	24576	greninjaash	1	1	1	1	1	6	1	0	0	0	1	1	0	Ability	1	psn	figyberry	2	1	1	0	0	ability:0:tabletsofruin	undefined	undefined	24576	24576	24576	6	0
tabletsofruin	onAnyModifyAtk	783	1	0	60	Water	1	0	1	10	20	-1	8	greninjabond	0	0	1	0	0	0	1	2	0	100	1	1	true	Ability	1	psn	magoberry	1	-1	1	1	0	ability:0:tabletsofruin|chain:0.75	undefined	undefined	8	8	8	0	0
tabletsofruin	onAnyModifyAtk	784	0	1	70	Dark	0	1	1	0	100	-1	16384	pikachu	1	0	0	1	1	6	0	1	0	160	1	0	null	missing	0	brn	sitrusberry	1	1	99	1	0	ability:0:tabletsofruin	undefined	undefined	16384	16384	16384	6	2
tabletsofruin	onAnyModifyAtk	785	-1	6	61	Fire	0	0	0	20	20	0	0	pikachu	0	0	0	0	1	6	0	0	0	160	1	0	null	Ability	1	brn	iapapaberry	2	0	0	1	1	ability:0:tabletsofruin	undefined	false	0	0	0	6	0
tabletsofruin	onAnyModifyAtk	786	0	1	61	Fire	1	0	1	0	-1	-1	16384	greninjabond	1	0	1	1	0	0	0	2	0	0	0	0	true	Move	1	psn	wikiberry	0	1	-1	1	1	ability:0:tabletsofruin	undefined	undefined	16384	16384	16384	0	0
tabletsofruin	onAnyModifyAtk	787	-1	1	40	Normal	1	0	1	20	0	1	16384	greninjaash	1	1	1	0	1	1	1	2	100	160	1	0	null	Move	1	psn	iapapaberry	2	1	1	0	1	ability:0:tabletsofruin	undefined	true	16384	16384	16384	1	0
tabletsofruin	onAnyModifyAtk	788	1	1	60	Ghost	0	0	1	10	100	1	2048	greninjabond	0	0	1	0	0	0	0	0	60	100	1	0	false	Ability	1	psn	sitrusberry	1	1	1	0	1	ability:0:tabletsofruin	undefined	true	2048	2048	2048	0	0
tabletsofruin	onAnyModifyAtk	789	-1	6	60	Bug	0	0	1	100	-1	0	8	greninjaash	1	1	0	0	0	0	0	2	100	160	0	1	undefined	missing	1	brn	sitrusberry	2	0	0	1	1	ability:0:tabletsofruin	undefined	false	8	8	8	0	0
tabletsofruin	onAnyModifyAtk	790	6	0	61	Ghost	1	0	0	10	20	-1	8192	greninjabond	0	0	1	1	0	-1	0	2	100	160	1	1	0	missing	0	brn	figyberry	2	0	-1	1	0	ability:0:tabletsofruin|chain:0.75	undefined	undefined	8192	8192	8192	0	0
tabletsofruin	onAnyModifyAtk	791	1	1	40	Bug	1	0	0	100	-1	1	8	greninjaash	1	0	1	1	1	-1	1	1	60	0	0	0	true	Ability	1	psn	figyberry	1	0	1	0	1	ability:0:tabletsofruin	undefined	true	8	8	8	-1	0
tabletsofruin	onAnyModifyAtk	792	0	0	0	Dark	1	0	0	20	-1	-1	16384	greninjabond	0	1	0	0	1	-1	0	0	60	0	0	1	undefined	missing	0	brn	sitrusberry	0	-1	1	0	0	ability:0:tabletsofruin	undefined	undefined	16384	16384	16384	-1	0
tabletsofruin	onAnyModifyAtk	793	6	6	0	Bug	0	1	0	20	100	-1	8192	greninjaash	1	1	0	0	1	6	1	2	0	0	1	1	undefined	Move	1	psn	leftovers	1	1	1	1	1	ability:0:tabletsofruin	undefined	undefined	8192	8192	8192	6	2
tabletsofruin	onAnyModifyAtk	794	-1	1	61	Normal	1	0	1	20	20	1	8192	greninjaash	1	0	0	1	1	6	0	2	100	0	1	1	undefined	Move	0	brn	magoberry	2	0	0	1	0	ability:0:tabletsofruin	undefined	true	8192	8192	8192	6	0
tabletsofruin	onAnyModifyAtk	795	6	6	0	Water	1	0	0	20	-1	-1	8	greninjabond	1	1	0	1	0	6	0	1	60	160	0	1	true	missing	1	brn	aguavberry	1	0	-1	1	0	ability:0:tabletsofruin|chain:0.75	undefined	undefined	8	8	8	6	0
tabletsofruin	onAnyModifyAtk	796	-1	6	60	Fire	0	0	0	0	100	-1	8192	greninjaash	1	1	1	1	0	0	0	1	60	100	0	1	true	missing	1	psn	figyberry	1	0	99	0	0	ability:0:tabletsofruin	undefined	undefined	8192	8192	8192	0	0
tabletsofruin	onAnyModifyAtk	797	1	0	70	Normal	0	1	1	10	-1	-1	24576	greninjabond	0	0	0	0	1	6	1	1	60	0	1	1	false	Ability	0	brn	figyberry	2	-1	-1	1	1	ability:0:tabletsofruin	undefined	undefined	24576	24576	24576	6	2
tabletsofruin	onAnyModifyAtk	798	-1	0	70	Bug	1	1	0	10	-1	-1	2048	greninjaash	0	0	1	1	1	-1	0	1	60	160	1	1	0	Ability	1	psn	leftovers	2	-1	1	1	1	ability:0:tabletsofruin	undefined	undefined	2048	2048	2048	-1	2
tabletsofruin	onAnyModifyAtk	799	6	6	0	Ghost	0	0	1	20	100	1	24576	greninjaash	1	0	0	1	0	6	1	1	0	100	1	1	true	Move	1	psn	figyberry	0	-1	99	0	0	ability:0:tabletsofruin|chain:0.75	undefined	true	24576	24576	24576	6	0
tabletsofruin	onAnyModifyAtk	800	0	1	61	Fire	1	0	1	100	0	0	0	greninjabond	1	1	1	1	0	1	1	2	60	160	0	0	true	Move	1	brn	iapapaberry	0	1	0	0	0	ability:0:tabletsofruin|chain:0.75	undefined	false	0	0	0	1	0
tabletsofruin	onAnyModifyAtk	801	6	0	40	Water	1	0	0	10	-1	-1	8192	pikachu	1	0	0	1	1	6	0	0	0	160	1	1	true	Move	0	psn	leftovers	0	1	-1	0	1	ability:0:tabletsofruin	undefined	undefined	8192	8192	8192	6	0
tabletsofruin	onAnyModifyAtk	802	6	0	60	Dark	1	1	0	10	100	0	16384	greninjaash	1	1	0	0	1	1	1	2	0	0	1	1	null	Ability	1	psn	leftovers	2	0	0	0	1	ability:0:tabletsofruin	undefined	false	16384	16384	16384	1	2
tabletsofruin	onAnyModifyAtk	803	1	0	61	Water	1	0	1	100	-1	1	24576	greninjabond	1	1	1	1	1	-1	0	1	100	0	0	1	0	Move	1	brn	iapapaberry	0	1	99	1	1	ability:0:tabletsofruin	undefined	true	24576	24576	24576	-1	0
tabletsofruin	onAnyModifyAtk	804	1	6	61	Fire	1	1	1	100	100	0	8192	pikachu	0	1	0	0	0	-1	0	1	100	0	0	0	true	missing	1	psn	sitrusberry	0	0	-1	0	0	ability:0:tabletsofruin|chain:0.75	undefined	false	8192	8192	8192	6	2
tabletsofruin	onAnyModifyAtk	805	6	6	61	Fire	1	0	0	100	0	0	16384	greninjaash	0	1	1	1	1	0	0	0	60	160	1	0	true	missing	1	psn	leftovers	1	-1	-1	1	1	ability:0:tabletsofruin	undefined	false	16384	16384	16384	0	0
tabletsofruin	onAnyModifyAtk	806	0	6	60	Ghost	1	1	0	10	0	1	8192	greninjaash	0	1	0	1	1	0	1	2	60	0	0	1	true	Ability	1	brn	iapapaberry	1	1	-1	0	1	ability:0:tabletsofruin	undefined	true	8192	8192	8192	0	2
tabletsofruin	onAnyModifyAtk	807	-1	6	40	Dark	0	0	0	10	20	-1	24576	greninjaash	1	0	1	0	0	1	1	1	0	100	1	1	false	Ability	0	brn	sitrusberry	2	-1	99	1	1	ability:0:tabletsofruin	undefined	undefined	24576	24576	24576	1	0
tabletsofruin	onAnyModifyAtk	808	1	6	60	Fire	0	1	1	0	20	1	8192	pikachu	0	0	0	0	0	-1	1	1	0	0	1	1	undefined	Move	1	brn	figyberry	1	-1	-1	0	1	ability:0:tabletsofruin|chain:0.75	undefined	true	8192	8192	8192	6	2
tabletsofruin	onAnyModifyAtk	809	6	6	61	Dark	0	1	0	10	100	1	2048	greninjabond	0	1	0	1	0	6	1	2	0	0	1	0	undefined	missing	1	brn	iapapaberry	1	-1	0	0	0	ability:0:tabletsofruin|chain:0.75	undefined	true	2048	2048	2048	6	2
tabletsofruin	onAnyModifyAtk	810	6	6	40	Water	1	1	0	100	0	-1	24576	pikachu	0	1	0	0	0	0	0	2	100	160	1	1	true	Ability	1	psn	leftovers	1	0	0	1	1	ability:0:tabletsofruin	undefined	undefined	24576	24576	24576	0	2
tabletsofruin	onAnyModifyAtk	811	0	0	0	Fire	0	0	1	100	20	0	8	pikachu	0	1	0	0	1	0	0	0	60	100	1	0	undefined	Move	1	psn	figyberry	0	-1	0	0	0	ability:0:tabletsofruin	undefined	false	8	8	8	0	0
tabletsofruin	onAnyModifyAtk	812	-1	1	61	Fire	0	1	1	20	100	1	8192	greninjabond	0	0	1	1	0	-1	1	1	60	160	1	1	null	Move	0	psn	magoberry	1	1	0	1	1	ability:0:tabletsofruin|chain:0.75	undefined	true	8192	8192	8192	1	2
tabletsofruin	onAnyModifyAtk	813	0	1	40	Bug	0	1	0	0	0	-1	24576	greninjaash	1	0	1	1	1	6	1	2	100	100	1	0	false	Move	0	psn	aguavberry	0	1	99	0	1	ability:0:tabletsofruin	undefined	undefined	24576	24576	24576	6	2
tabletsofruin	onAnyModifyAtk	814	6	6	0	Normal	1	0	1	10	100	1	8	greninjaash	0	1	0	1	0	0	0	2	60	160	0	1	undefined	Ability	0	brn	leftovers	2	1	1	1	0	ability:0:tabletsofruin	undefined	true	8	8	8	0	0
tabletsofruin	onAnyModifyAtk	815	-1	6	40	Water	0	0	0	100	-1	-1	16384	greninjaash	1	0	0	0	1	0	0	1	60	100	0	0	true	missing	0	brn	sitrusberry	0	-1	-1	0	0	ability:0:tabletsofruin	undefined	undefined	16384	16384	16384	0	0
tabletsofruin	onAnyModifyAtk	816	1	6	70	Fire	1	1	0	10	0	0	8192	greninjaash	0	1	0	1	0	0	1	0	100	160	0	0	false	missing	1	brn	aguavberry	0	-1	99	0	1	ability:0:tabletsofruin	undefined	false	8192	8192	8192	0	2
tabletsofruin	onAnyModifyAtk	817	1	0	61	Ghost	0	0	0	0	0	-1	8	pikachu	1	0	0	0	0	-1	1	0	0	160	1	0	undefined	missing	0	brn	iapapaberry	2	0	99	0	0	ability:0:tabletsofruin|chain:0.75	undefined	undefined	8	8	8	0	0
tabletsofruin	onAnyModifyAtk	818	1	6	0	Dark	0	1	0	10	-1	1	8	pikachu	0	0	0	0	1	6	1	2	100	160	0	1	undefined	Ability	0	brn	wikiberry	0	1	0	0	0	ability:0:tabletsofruin	undefined	true	8	8	8	6	2
tabletsofruin	onAnyModifyAtk	819	6	6	0	Fire	0	0	0	0	100	0	24576	pikachu	0	1	1	0	0	1	0	2	60	0	0	0	false	Ability	1	psn	figyberry	2	0	-1	1	1	ability:0:tabletsofruin	undefined	false	24576	24576	24576	1	0
tabletsofruin	onAnyModifyAtk	820	1	0	40	Dark	1	0	0	10	0	0	0	pikachu	1	0	1	0	1	6	1	2	60	100	0	0	undefined	missing	0	psn	leftovers	0	1	1	1	1	ability:0:tabletsofruin	undefined	false	0	0	0	6	0
tabletsofruin	onAnyModifyAtk	821	6	6	61	Water	0	0	0	20	0	1	2048	greninjabond	0	1	1	0	0	0	1	1	0	160	1	1	true	Ability	1	brn	aguavberry	1	1	99	0	1	ability:0:tabletsofruin	undefined	true	2048	2048	2048	0	0
tabletsofruin	onAnyModifyAtk	822	-1	1	60	Dark	1	0	1	10	20	0	16384	greninjabond	0	1	0	1	1	1	0	1	60	100	0	1	null	Ability	1	psn	figyberry	1	-1	-1	0	0	ability:0:tabletsofruin	undefined	false	16384	16384	16384	1	0
tabletsofruin	onAnyModifyAtk	823	0	6	61	Water	1	0	1	20	100	-1	2048	greninjaash	0	0	1	1	0	-1	0	2	60	0	1	0	undefined	Move	0	psn	aguavberry	0	-1	0	0	1	ability:0:tabletsofruin|chain:0.75	undefined	undefined	2048	2048	2048	6	0
tabletsofruin	onAnyModifyAtk	824	1	0	61	Dark	0	0	1	20	20	0	24576	greninjabond	1	1	1	0	0	6	0	1	60	160	0	1	false	Move	0	psn	figyberry	2	0	1	0	0	ability:0:tabletsofruin	undefined	false	24576	24576	24576	6	0
tabletsofruin	onAnyModifyAtk	825	1	6	40	Bug	1	1	0	0	20	0	0	greninjabond	0	1	1	0	0	-1	0	2	0	160	0	0	true	Ability	1	psn	iapapaberry	2	1	-1	0	0	ability:0:tabletsofruin|chain:0.75	undefined	false	0	0	0	6	2
tabletsofruin	onAnyModifyAtk	826	0	0	40	Bug	0	0	1	100	100	-1	0	pikachu	0	0	1	0	0	1	1	1	0	0	0	1	true	Ability	1	psn	iapapaberry	1	1	0	1	0	ability:0:tabletsofruin	undefined	undefined	0	0	0	1	0
tabletsofruin	onAnyModifyAtk	827	1	6	61	Water	0	0	1	0	100	-1	8192	greninjabond	0	1	1	1	1	6	0	1	60	0	1	1	true	missing	0	psn	figyberry	0	-1	1	1	0	ability:0:tabletsofruin	undefined	undefined	8192	8192	8192	6	0
tabletsofruin	onAnyModifyAtk	828	0	6	60	Ghost	0	1	1	0	0	0	2048	greninjaash	0	1	0	1	1	6	1	0	100	100	0	1	false	missing	0	psn	sitrusberry	0	0	99	1	0	ability:0:tabletsofruin	undefined	false	2048	2048	2048	6	2
tabletsofruin	onAnyModifyAtk	829	-1	6	61	Fire	1	1	0	100	100	0	24576	pikachu	0	0	1	0	0	6	0	1	100	0	1	1	null	Ability	0	psn	leftovers	2	-1	99	0	1	ability:0:tabletsofruin|chain:0.75	undefined	false	24576	24576	24576	6	2
tabletsofruin	onAnyModifyAtk	830	0	6	0	Bug	1	1	1	10	20	0	8192	greninjaash	1	0	0	1	0	1	1	2	60	0	1	1	undefined	Ability	1	brn	figyberry	2	0	1	1	1	ability:0:tabletsofruin	undefined	false	8192	8192	8192	1	2
tabletsofruin	onAnyModifyAtk	831	1	0	70	Bug	1	0	0	0	20	-1	2048	greninjabond	0	0	1	0	0	6	0	2	60	160	0	1	false	missing	0	psn	wikiberry	2	0	0	1	0	ability:0:tabletsofruin	undefined	undefined	2048	2048	2048	6	0
tabletsofruin	onAnyModifyAtk	832	1	6	60	Dark	1	0	1	100	0	-1	0	greninjabond	0	0	0	1	0	-1	0	0	100	100	1	0	0	missing	0	psn	aguavberry	2	-1	0	1	0	ability:0:tabletsofruin|chain:0.75	undefined	undefined	0	0	0	6	0
tabletsofruin	onAnyModifyAtk	833	1	0	70	Fire	0	0	1	0	0	-1	8192	greninjabond	0	1	1	1	0	-1	1	0	100	100	0	1	null	Move	1	psn	sitrusberry	1	1	1	1	0	ability:0:tabletsofruin|chain:0.75	undefined	undefined	8192	8192	8192	0	0
tabletsofruin	onAnyModifyAtk	834	-1	1	70	Fire	0	0	1	10	0	1	24576	greninjabond	0	1	1	0	1	-1	0	1	100	0	0	1	0	Ability	1	brn	sitrusberry	0	0	0	1	1	ability:0:tabletsofruin	undefined	true	24576	24576	24576	-1	0
tabletsofruin	onAnyModifyAtk	835	0	6	0	Bug	1	0	0	10	0	0	0	greninjaash	1	1	0	1	1	-1	1	1	60	0	0	0	null	Ability	0	brn	wikiberry	1	0	0	0	1	ability:0:tabletsofruin	undefined	false	0	0	0	-1	0
tabletsofruin	onAnyModifyAtk	836	6	1	70	Ghost	1	1	1	100	0	-1	2048	greninjabond	1	1	1	0	1	1	0	0	100	160	1	0	true	Move	1	psn	iapapaberry	0	1	-1	1	0	ability:0:tabletsofruin	undefined	undefined	2048	2048	2048	1	2
tabletsofruin	onAnyModifyAtk	837	1	1	60	Dark	0	0	0	10	100	-1	2048	greninjaash	1	0	1	0	0	0	1	0	0	100	1	0	0	Ability	0	psn	figyberry	1	0	1	0	1	ability:0:tabletsofruin	undefined	undefined	2048	2048	2048	0	0
tabletsofruin	onAnyModifyAtk	838	1	0	60	Dark	0	1	0	10	-1	0	8192	greninjabond	1	0	1	1	1	6	0	1	100	0	1	1	undefined	Move	0	psn	iapapaberry	1	1	-1	1	0	ability:0:tabletsofruin	undefined	false	8192	8192	8192	6	2
tabletsofruin	onAnyModifyAtk	839	1	6	0	Ghost	1	0	1	100	-1	1	2048	greninjaash	0	0	0	0	1	1	0	0	0	160	1	1	undefined	missing	0	brn	wikiberry	2	1	1	0	1	ability:0:tabletsofruin	undefined	true	2048	2048	2048	1	0
tabletsofruin	onAnyModifyAtk	840	1	6	70	Bug	1	1	0	0	20	0	16384	pikachu	1	0	1	0	1	1	0	1	0	0	0	1	true	Ability	0	psn	iapapaberry	0	-1	0	1	1	ability:0:tabletsofruin	undefined	false	16384	16384	16384	1	2
tabletsofruin	onAnyModifyAtk	841	1	1	0	Ghost	1	1	1	100	-1	1	8	pikachu	1	0	1	1	1	-1	0	0	60	0	0	1	true	missing	0	brn	aguavberry	1	-1	99	1	0	ability:0:tabletsofruin	undefined	true	8	8	8	-1	2
tabletsofruin	onAnyModifyAtk	842	6	0	61	Bug	0	1	1	100	-1	-1	24576	greninjaash	0	1	1	0	1	6	1	1	100	100	1	1	false	missing	0	psn	leftovers	0	1	0	0	1	ability:0:tabletsofruin	undefined	undefined	24576	24576	24576	6	2
tabletsofruin	onAnyModifyAtk	843	6	6	0	Dark	1	0	1	20	-1	-1	2048	greninjabond	1	1	1	0	0	0	1	0	60	160	1	0	null	Move	0	brn	aguavberry	2	0	99	1	0	ability:0:tabletsofruin	undefined	undefined	2048	2048	2048	0	0
tabletsofruin	onAnyModifyAtk	844	0	1	40	Fire	1	0	0	20	0	1	24576	pikachu	0	0	1	1	1	1	0	0	100	100	0	1	null	missing	1	psn	figyberry	1	1	1	1	0	ability:0:tabletsofruin	undefined	true	24576	24576	24576	1	0
tabletsofruin	onAnyModifyAtk	845	-1	6	61	Normal	0	1	0	20	100	0	2048	greninjaash	0	1	0	1	0	6	0	0	60	160	0	0	false	Ability	1	brn	figyberry	1	0	1	1	1	ability:0:tabletsofruin|chain:0.75	undefined	false	2048	2048	2048	6	2
tabletsofruin	onAnyModifyAtk	846	6	0	60	Normal	0	1	0	10	0	-1	2048	greninjabond	1	1	1	1	1	-1	0	0	0	0	1	1	false	Move	1	brn	figyberry	0	1	1	0	0	ability:0:tabletsofruin	undefined	undefined	2048	2048	2048	-1	2
tabletsofruin	onAnyModifyAtk	847	6	1	70	Dark	0	0	0	10	100	1	16384	greninjaash	1	1	1	1	0	0	0	2	60	0	1	0	undefined	Ability	0	brn	wikiberry	2	1	1	1	0	ability:0:tabletsofruin	undefined	true	16384	16384	16384	0	0
tabletsofruin	onAnyModifyAtk	848	6	1	0	Normal	0	0	1	10	-1	0	16384	pikachu	0	1	1	0	1	6	0	2	0	160	1	0	true	Move	1	psn	wikiberry	1	-1	-1	1	1	ability:0:tabletsofruin	undefined	false	16384	16384	16384	6	0
tabletsofruin	onAnyModifyAtk	849	0	1	60	Bug	1	0	1	100	100	0	0	greninjabond	0	1	1	0	1	-1	1	2	60	0	0	0	false	Ability	1	brn	iapapaberry	0	1	0	1	0	ability:0:tabletsofruin	undefined	false	0	0	0	-1	0
tabletsofruin	onAnyModifyAtk	850	6	0	70	Ghost	0	1	0	10	20	0	16384	greninjabond	1	1	0	0	0	0	1	1	0	0	1	1	0	Move	1	brn	magoberry	2	0	0	1	0	ability:0:tabletsofruin|chain:0.75	undefined	false	16384	16384	16384	0	2
tabletsofruin	onAnyModifyAtk	851	1	6	70	Fire	1	0	0	20	-1	0	0	greninjabond	1	1	0	0	1	1	1	1	100	160	1	1	null	missing	0	psn	sitrusberry	0	1	1	1	1	ability:0:tabletsofruin	undefined	false	0	0	0	1	0
tabletsofruin	onAnyModifyAtk	852	6	1	61	Ghost	0	0	1	10	0	1	24576	pikachu	1	1	0	1	1	1	0	2	60	160	0	0	false	missing	1	psn	figyberry	0	-1	99	0	1	ability:0:tabletsofruin	undefined	true	24576	24576	24576	1	0
tabletsofruin	onAnyModifyAtk	853	1	0	60	Normal	1	0	1	0	20	1	24576	pikachu	0	0	0	1	1	0	1	0	100	0	0	0	false	Move	0	brn	wikiberry	1	0	0	1	1	ability:0:tabletsofruin	undefined	true	24576	24576	24576	0	0
tabletsofruin	onAnyModifyAtk	854	0	6	60	Fire	0	0	0	10	100	-1	24576	greninjabond	1	1	1	1	0	-1	1	2	60	100	0	1	0	missing	1	psn	figyberry	2	1	0	1	1	ability:0:tabletsofruin|chain:0.75	undefined	undefined	24576	24576	24576	6	0
tabletsofruin	onAnyModifyAtk	855	-1	1	40	Water	0	1	0	0	20	-1	16384	greninjaash	1	1	0	1	1	-1	1	0	0	160	0	1	undefined	Ability	1	brn	aguavberry	1	0	99	1	0	ability:0:tabletsofruin	undefined	undefined	16384	16384	16384	-1	2
tabletsofruin	onAnyModifyAtk	856	6	6	40	Water	1	0	0	20	100	1	8192	pikachu	0	1	0	1	1	0	1	1	100	0	1	1	true	Move	1	psn	wikiberry	0	-1	99	1	0	ability:0:tabletsofruin	undefined	true	8192	8192	8192	0	0
tabletsofruin	onAnyModifyAtk	857	0	1	40	Water	0	1	1	20	-1	-1	8	pikachu	0	0	1	0	1	-1	1	2	0	0	0	0	undefined	Move	0	psn	magoberry	0	1	99	0	0	ability:0:tabletsofruin	undefined	undefined	8	8	8	-1	2
tabletsofruin	onAnyModifyAtk	858	1	1	70	Water	1	0	0	100	100	-1	24576	greninjaash	1	0	0	0	1	-1	0	1	0	100	1	1	true	Ability	1	psn	sitrusberry	2	1	0	0	0	ability:0:tabletsofruin	undefined	undefined	24576	24576	24576	-1	0
tabletsofruin	onAnyModifyAtk	859	0	6	40	Water	0	0	0	100	20	-1	2048	pikachu	0	1	1	1	1	6	1	0	0	100	0	1	null	missing	0	psn	iapapaberry	1	0	0	0	1	ability:0:tabletsofruin	undefined	undefined	2048	2048	2048	6	0
tabletsofruin	onAnyModifyAtk	860	0	1	40	Fire	1	1	1	0	0	-1	24576	greninjaash	1	1	1	0	0	0	0	1	100	100	1	1	true	missing	0	psn	leftovers	2	-1	-1	0	1	ability:0:tabletsofruin	undefined	undefined	24576	24576	24576	0	2
tabletsofruin	onAnyModifyAtk	861	6	1	60	Fire	0	1	1	20	20	1	2048	greninjaash	1	1	0	0	1	6	1	0	100	160	0	1	false	missing	1	psn	sitrusberry	2	1	0	1	1	ability:0:tabletsofruin	undefined	true	2048	2048	2048	6	2
tabletsofruin	onAnyModifyAtk	862	1	1	0	Water	0	0	1	10	20	-1	8192	greninjabond	1	0	0	0	1	0	0	1	100	160	0	0	true	Ability	0	brn	sitrusberry	2	0	99	0	1	ability:0:tabletsofruin	undefined	undefined	8192	8192	8192	0	0
tabletsofruin	onAnyModifyAtk	863	0	1	61	Water	0	1	1	100	-1	-1	24576	greninjaash	1	1	1	0	1	-1	1	2	60	100	1	1	null	Move	1	psn	wikiberry	0	-1	99	0	1	ability:0:tabletsofruin	undefined	undefined	24576	24576	24576	-1	2
tabletsofruin	onAnyModifyAtk	864	6	6	40	Water	0	1	0	100	-1	0	8192	greninjabond	1	0	1	0	1	1	1	2	100	160	0	0	true	missing	1	psn	iapapaberry	1	-1	1	1	0	ability:0:tabletsofruin	undefined	false	8192	8192	8192	1	2
tabletsofruin	onAnyModifyAtk	865	0	1	61	Fire	1	0	1	20	20	0	16384	pikachu	1	1	0	0	0	-1	0	0	100	0	1	1	undefined	Move	1	brn	aguavberry	1	1	-1	0	0	ability:0:tabletsofruin|chain:0.75	undefined	false	16384	16384	16384	1	0
tabletsofruin	onAnyModifyAtk	866	0	0	0	Ghost	1	0	0	10	0	-1	8192	pikachu	1	0	0	0	0	1	1	2	60	0	0	1	undefined	Move	0	brn	magoberry	0	-1	0	1	1	ability:0:tabletsofruin	undefined	undefined	8192	8192	8192	1	0
tabletsofruin	onAnyModifyAtk	867	6	0	70	Water	0	0	1	100	100	1	16384	pikachu	0	1	0	0	0	0	1	1	100	0	1	0	undefined	Ability	0	brn	wikiberry	2	0	99	1	0	ability:0:tabletsofruin|chain:0.75	undefined	true	16384	16384	16384	0	0
tabletsofruin	onAnyModifyAtk	868	-1	0	60	Fire	0	1	0	100	-1	1	16384	greninjaash	0	0	1	1	0	0	1	2	100	160	0	0	undefined	missing	0	psn	iapapaberry	1	-1	0	0	0	ability:0:tabletsofruin|chain:0.75	undefined	true	16384	16384	16384	0	2
tabletsofruin	onAnyModifyAtk	869	0	1	0	Bug	0	0	1	100	20	-1	8192	greninjaash	0	0	0	0	1	0	0	1	100	100	0	1	0	Move	0	psn	wikiberry	0	1	-1	0	0	ability:0:tabletsofruin	undefined	undefined	8192	8192	8192	0	0
tabletsofruin	onAnyModifyAtk	870	6	1	60	Ghost	0	1	1	20	20	-1	0	pikachu	1	0	0	0	0	0	1	0	60	0	0	0	null	Move	1	psn	figyberry	1	-1	0	1	0	ability:0:tabletsofruin	undefined	undefined	0	0	0	0	2
tabletsofruin	onAnyModifyAtk	871	0	1	70	Ghost	0	1	0	10	0	-1	24576	greninjaash	0	1	1	0	0	6	1	2	100	0	0	0	null	missing	1	psn	sitrusberry	2	0	-1	1	0	ability:0:tabletsofruin	undefined	undefined	24576	24576	24576	6	2
tabletsofruin	onAnyModifyAtk	872	6	1	60	Bug	1	1	1	0	100	1	8	pikachu	0	0	1	1	1	-1	1	2	60	100	1	1	undefined	Move	0	psn	figyberry	1	1	0	0	0	ability:0:tabletsofruin	undefined	true	8	8	8	-1	2
tabletsofruin	onAnyModifyAtk	873	-1	0	60	Ghost	1	1	0	10	0	0	24576	greninjaash	0	0	0	1	0	-1	1	0	100	160	1	1	true	Move	0	brn	wikiberry	0	1	1	0	0	ability:0:tabletsofruin|chain:0.75	undefined	false	24576	24576	24576	0	2
tabletsofruin	onAnyModifyAtk	874	-1	0	70	Water	1	1	1	100	20	0	2048	greninjabond	1	1	1	0	1	0	1	0	100	0	0	1	undefined	Move	1	psn	wikiberry	1	1	0	0	0	ability:0:tabletsofruin	undefined	false	2048	2048	2048	0	2
tabletsofruin	onAnyModifyAtk	875	1	1	60	Bug	0	0	0	0	100	1	16384	greninjabond	0	1	0	0	1	1	0	0	100	100	0	0	false	Move	1	brn	wikiberry	1	-1	1	1	1	ability:0:tabletsofruin	undefined	true	16384	16384	16384	1	0
tabletsofruin	onAnyModifyAtk	876	1	6	0	Dark	1	0	1	20	-1	-1	16384	greninjabond	1	0	0	0	0	-1	1	2	60	160	0	1	false	Move	0	psn	wikiberry	2	-1	1	0	0	ability:0:tabletsofruin|chain:0.75	undefined	undefined	16384	16384	16384	6	0
tabletsofruin	onAnyModifyAtk	877	6	1	0	Bug	1	1	1	10	-1	0	0	greninjabond	0	1	0	1	0	-1	1	2	100	0	0	0	false	Ability	0	brn	aguavberry	2	0	-1	0	0	ability:0:tabletsofruin|chain:0.75	undefined	false	0	0	0	1	2
tabletsofruin	onAnyModifyAtk	878	-1	1	70	Bug	1	1	1	20	-1	1	8	pikachu	0	0	0	0	1	1	1	1	0	100	0	0	0	Move	0	brn	aguavberry	0	0	99	1	0	ability:0:tabletsofruin	undefined	true	8	8	8	1	2
tabletsofruin	onAnyModifyAtk	879	1	1	70	Ghost	1	1	1	0	20	0	24576	greninjaash	0	1	0	1	1	1	1	1	100	100	1	0	undefined	missing	1	brn	leftovers	1	-1	-1	1	1	ability:0:tabletsofruin	undefined	false	24576	24576	24576	1	2
tabletsofruin	onAnyModifyAtk	880	6	0	40	Water	1	0	0	10	-1	-1	2048	greninjaash	1	1	0	0	0	1	0	2	100	0	1	0	true	Move	0	psn	figyberry	0	1	-1	0	1	ability:0:tabletsofruin	undefined	undefined	2048	2048	2048	1	0
tabletsofruin	onAnyModifyAtk	881	-1	0	0	Bug	0	0	0	10	20	0	16384	greninjabond	0	1	0	1	0	-1	0	2	0	100	1	0	undefined	missing	0	psn	magoberry	0	1	99	1	0	ability:0:tabletsofruin|chain:0.75	undefined	false	16384	16384	16384	0	0
tabletsofruin	onAnyModifyAtk	882	6	1	60	Fire	1	1	1	10	100	0	24576	pikachu	1	1	1	0	0	-1	0	2	60	100	0	1	true	Move	1	brn	figyberry	2	-1	0	0	0	ability:0:tabletsofruin|chain:0.75	undefined	false	24576	24576	24576	1	2
tabletsofruin	onAnyModifyAtk	883	0	1	70	Fire	0	0	1	0	0	-1	8	greninjaash	1	1	1	1	1	6	0	2	100	100	1	1	null	missing	1	brn	sitrusberry	2	1	-1	0	0	ability:0:tabletsofruin	undefined	undefined	8	8	8	6	0
tabletsofruin	onAnyModifyAtk	884	-1	1	61	Dark	1	1	1	10	-1	-1	16384	greninjabond	0	1	1	1	0	-1	1	2	0	160	1	0	null	Move	1	psn	aguavberry	2	0	99	0	1	ability:0:tabletsofruin|chain:0.75	undefined	undefined	16384	16384	16384	1	2
tabletsofruin	onAnyModifyAtk	885	-1	1	0	Dark	0	0	1	20	-1	1	16384	pikachu	1	0	0	1	0	1	0	1	100	100	1	0	0	Move	1	psn	iapapaberry	1	-1	-1	0	0	ability:0:tabletsofruin|chain:0.75	undefined	true	16384	16384	16384	1	0
tabletsofruin	onAnyModifyAtk	886	0	1	0	Water	1	0	1	20	0	0	16384	greninjaash	0	1	1	0	1	1	0	1	60	160	1	0	undefined	missing	0	psn	iapapaberry	0	-1	0	0	1	ability:0:tabletsofruin	undefined	false	16384	16384	16384	1	0
tabletsofruin	onAnyModifyAtk	887	6	0	0	Normal	1	1	0	20	-1	-1	8	greninjaash	0	1	1	1	1	0	1	1	0	100	1	1	null	Ability	1	brn	aguavberry	0	-1	0	0	0	ability:0:tabletsofruin	undefined	undefined	8	8	8	0	2
tabletsofruin	onAnyModifyAtk	888	-1	1	60	Normal	0	0	0	20	0	0	0	greninjaash	0	0	1	1	0	6	0	2	100	160	0	1	true	Move	0	psn	sitrusberry	0	-1	99	0	1	ability:0:tabletsofruin	undefined	false	0	0	0	6	0
tabletsofruin	onAnyModifyAtk	889	-1	1	0	Bug	1	1	0	0	100	-1	0	pikachu	1	0	0	0	1	-1	1	2	0	0	1	0	null	Move	1	psn	aguavberry	0	-1	0	1	0	ability:0:tabletsofruin	undefined	undefined	0	0	0	-1	2
tabletsofruin	onAnyModifyAtk	890	1	1	61	Fire	1	1	1	100	0	-1	8	greninjabond	1	0	1	0	0	1	1	0	0	160	0	1	false	missing	0	psn	iapapaberry	2	1	0	1	1	ability:0:tabletsofruin|chain:0.75	undefined	undefined	8	8	8	1	2
tabletsofruin	onAnyModifyAtk	891	6	0	0	Fire	1	0	0	10	-1	-1	8192	pikachu	1	1	0	1	0	-1	0	2	0	0	1	0	null	Move	1	psn	iapapaberry	0	-1	99	1	1	ability:0:tabletsofruin|chain:0.75	undefined	undefined	8192	8192	8192	0	0
tabletsofruin	onAnyModifyAtk	892	1	0	60	Ghost	0	1	0	0	-1	-1	8192	greninjaash	1	1	1	0	0	6	0	1	60	0	0	1	0	missing	1	brn	wikiberry	2	-1	-1	0	1	ability:0:tabletsofruin	undefined	undefined	8192	8192	8192	6	2
tabletsofruin	onAnyModifyAtk	893	1	1	0	Ghost	1	1	0	0	-1	-1	8192	greninjaash	0	1	1	1	0	-1	1	0	0	0	1	1	null	Ability	0	psn	aguavberry	1	0	99	1	0	ability:0:tabletsofruin|chain:0.75	undefined	undefined	8192	8192	8192	1	2
tabletsofruin	onAnyModifyAtk	894	6	6	61	Fire	1	0	0	20	100	0	16384	pikachu	0	1	1	0	0	6	1	2	100	160	1	0	0	missing	1	brn	magoberry	1	-1	99	1	1	ability:0:tabletsofruin|chain:0.75	undefined	false	16384	16384	16384	6	0
tabletsofruin	onAnyModifyAtk	895	6	0	70	Normal	1	1	0	10	0	-1	8	pikachu	1	1	0	0	0	-1	0	2	60	0	0	1	true	Move	0	psn	magoberry	0	0	1	1	1	ability:0:tabletsofruin|chain:0.75	undefined	undefined	8	8	8	0	2
tabletsofruin	onAnyModifyAtk	896	-1	6	70	Bug	1	1	1	100	20	0	0	greninjaash	1	0	1	0	0	0	0	2	100	160	1	0	0	Move	1	psn	figyberry	2	1	1	0	0	ability:0:tabletsofruin	undefined	false	0	0	0	0	2
tabletsofruin	onAnyModifyAtk	897	6	1	40	Ghost	1	0	0	0	-1	-1	24576	greninjaash	0	1	0	0	1	-1	0	0	60	100	1	0	0	Move	0	brn	magoberry	2	-1	1	1	0	ability:0:tabletsofruin	undefined	undefined	24576	24576	24576	-1	0
tabletsofruin	onAnyModifyAtk	898	1	0	0	Normal	0	0	1	10	-1	-1	2048	greninjabond	0	0	0	0	1	0	1	2	0	0	1	1	null	missing	1	brn	iapapaberry	0	-1	0	0	1	ability:0:tabletsofruin	undefined	undefined	2048	2048	2048	0	0
tabletsofruin	onAnyModifyAtk	899	1	6	0	Normal	1	0	0	20	-1	-1	24576	pikachu	1	1	1	0	1	0	0	1	60	100	0	0	null	missing	1	psn	sitrusberry	2	0	0	1	0	ability:0:tabletsofruin	undefined	undefined	24576	24576	24576	0	0
tabletsofruin	onAnyModifyAtk	900	-1	6	0	Normal	1	0	1	100	-1	0	24576	pikachu	1	0	0	1	0	6	0	2	60	160	1	0	true	Move	1	brn	magoberry	1	1	0	1	1	ability:0:tabletsofruin|chain:0.75	undefined	false	24576	24576	24576	6	0
tabletsofruin	onAnyModifyAtk	901	-1	1	60	Water	1	1	0	10	-1	-1	16384	greninjabond	1	0	1	0	1	1	1	1	0	0	1	1	0	missing	1	brn	iapapaberry	1	-1	99	1	0	ability:0:tabletsofruin	undefined	undefined	16384	16384	16384	1	2
tabletsofruin	onAnyModifyAtk	902	-1	0	40	Water	1	1	0	20	20	1	8192	greninjabond	0	0	1	0	1	6	1	0	60	100	1	0	true	Move	0	psn	figyberry	2	0	0	0	0	ability:0:tabletsofruin	undefined	true	8192	8192	8192	6	2
tabletsofruin	onAnyModifyAtk	903	-1	0	61	Bug	0	1	1	100	20	-1	2048	pikachu	1	1	1	1	1	6	0	2	100	160	1	0	undefined	Move	0	psn	aguavberry	0	0	1	1	0	ability:0:tabletsofruin	undefined	undefined	2048	2048	2048	6	2
tabletsofruin	onAnyModifyAtk	904	-1	0	40	Bug	0	1	0	0	0	0	8	greninjaash	1	1	0	1	0	1	1	2	100	100	1	1	true	missing	1	psn	iapapaberry	1	-1	0	0	0	ability:0:tabletsofruin	undefined	false	8	8	8	1	2
tabletsofruin	onAnyModifyAtk	905	6	0	60	Bug	0	0	0	0	100	-1	2048	greninjaash	0	0	0	1	1	-1	0	1	100	0	0	1	true	Move	1	brn	magoberry	0	-1	-1	0	0	ability:0:tabletsofruin	undefined	undefined	2048	2048	2048	-1	0
tabletsofruin	onAnyModifyAtk	906	0	0	61	Ghost	0	0	0	100	20	-1	8	greninjabond	0	0	0	0	0	6	0	2	60	0	1	1	null	Move	1	psn	leftovers	2	-1	0	1	0	ability:0:tabletsofruin	undefined	undefined	8	8	8	6	0
tabletsofruin	onAnyModifyAtk	907	0	6	60	Bug	1	0	1	20	20	-1	8192	greninjabond	0	1	0	0	1	1	0	0	100	100	1	1	0	missing	1	brn	sitrusberry	1	1	-1	0	1	ability:0:tabletsofruin	undefined	undefined	8192	8192	8192	1	0
tabletsofruin	onAnyModifyAtk	908	1	1	61	Bug	0	0	0	20	20	0	24576	greninjaash	0	1	1	0	1	6	0	0	60	0	1	0	true	Ability	1	brn	wikiberry	0	0	1	1	0	ability:0:tabletsofruin	undefined	false	24576	24576	24576	6	0
tabletsofruin	onAnyModifyAtk	909	0	0	70	Bug	0	0	0	100	0	1	8192	greninjabond	1	1	1	0	1	-1	0	0	0	100	1	0	0	Ability	0	brn	sitrusberry	2	-1	1	1	0	ability:0:tabletsofruin	undefined	true	8192	8192	8192	-1	0
tabletsofruin	onAnyModifyAtk	910	0	6	70	Ghost	1	1	0	20	20	0	2048	pikachu	0	0	0	0	0	-1	0	1	0	160	0	0	undefined	missing	0	brn	sitrusberry	0	0	99	1	1	ability:0:tabletsofruin|chain:0.75	undefined	false	2048	2048	2048	6	2
tabletsofruin	onAnyModifyAtk	911	0	0	0	Dark	0	1	0	20	-1	1	2048	greninjabond	1	1	0	1	1	1	0	2	100	160	0	0	undefined	Ability	0	brn	wikiberry	0	1	99	0	1	ability:0:tabletsofruin	undefined	true	2048	2048	2048	1	2
tabletsofruin	onAnyModifyAtk	912	-1	1	61	Water	1	0	0	10	20	1	24576	greninjaash	0	1	1	0	0	-1	1	0	0	100	0	1	undefined	Ability	1	psn	figyberry	0	-1	-1	0	1	ability:0:tabletsofruin|chain:0.75	undefined	true	24576	24576	24576	1	0
tabletsofruin	onAnyModifyAtk	913	6	0	70	Bug	1	1	1	100	-1	-1	8192	greninjabond	1	1	1	1	0	-1	1	0	100	100	0	1	0	Move	0	psn	figyberry	2	0	1	0	0	ability:0:tabletsofruin|chain:0.75	undefined	undefined	8192	8192	8192	0	2
tabletsofruin	onAnyModifyAtk	914	-1	6	40	Water	0	1	0	10	0	0	24576	greninjaash	0	1	0	0	1	1	1	0	60	160	1	1	0	Move	0	brn	wikiberry	1	-1	0	0	0	ability:0:tabletsofruin	undefined	false	24576	24576	24576	1	2
tabletsofruin	onAnyModifyAtk	915	6	6	0	Fire	0	1	0	100	100	-1	8192	greninjabond	0	0	0	1	0	6	0	1	0	0	0	1	0	Ability	0	brn	leftovers	2	0	99	1	0	ability:0:tabletsofruin|chain:0.75	undefined	undefined	8192	8192	8192	6	2
tabletsofruin	onAnyModifyAtk	916	0	6	0	Normal	1	1	0	20	20	1	8192	greninjaash	1	1	0	1	1	1	1	2	0	100	0	1	null	Ability	0	brn	aguavberry	2	-1	99	1	0	ability:0:tabletsofruin	undefined	true	8192	8192	8192	1	2
tabletsofruin	onAnyModifyAtk	917	6	6	60	Dark	1	1	0	0	0	-1	2048	pikachu	0	0	1	1	1	1	1	0	100	0	1	0	null	Ability	0	psn	figyberry	1	0	1	0	0	ability:0:tabletsofruin	undefined	undefined	2048	2048	2048	1	2
tabletsofruin	onAnyModifyAtk	918	1	1	0	Bug	0	1	1	20	-1	1	2048	pikachu	1	1	0	0	1	0	1	2	0	160	0	0	0	missing	1	psn	leftovers	0	1	0	0	1	ability:0:tabletsofruin	undefined	true	2048	2048	2048	0	2
tabletsofruin	onAnyModifyAtk	919	0	0	61	Dark	0	1	1	0	0	-1	2048	greninjabond	0	1	0	0	0	0	0	2	60	160	1	1	false	Move	0	brn	leftovers	1	-1	99	1	0	ability:0:tabletsofruin|chain:0.75	undefined	undefined	2048	2048	2048	0	2
tabletsofruin	onAnyModifyAtk	920	-1	1	0	Bug	0	1	1	100	0	0	24576	pikachu	1	0	1	1	0	0	1	2	0	160	1	0	null	Ability	1	psn	aguavberry	2	0	99	1	1	ability:0:tabletsofruin	undefined	false	24576	24576	24576	0	2
tabletsofruin	onAnyModifyAtk	921	1	1	70	Fire	1	0	1	100	20	0	0	greninjaash	0	0	1	1	0	-1	0	0	60	100	0	0	undefined	missing	0	brn	sitrusberry	0	1	99	0	0	ability:0:tabletsofruin|chain:0.75	undefined	false	0	0	0	1	0
tabletsofruin	onAnyModifyAtk	922	6	1	70	Ghost	0	1	0	100	-1	0	2048	greninjabond	0	1	1	0	0	-1	1	2	60	0	0	0	false	Move	1	psn	iapapaberry	2	-1	1	0	1	ability:0:tabletsofruin|chain:0.75	undefined	false	2048	2048	2048	1	2
tabletsofruin	onAnyModifyAtk	923	1	0	0	Dark	0	1	1	100	0	0	2048	greninjaash	0	0	1	0	1	-1	1	2	0	0	1	0	null	missing	0	psn	aguavberry	2	1	0	0	1	ability:0:tabletsofruin	undefined	false	2048	2048	2048	-1	2
tabletsofruin	onAnyModifyAtk	924	6	1	40	Normal	1	1	1	10	20	0	16384	greninjaash	0	0	0	0	1	1	1	1	0	160	1	0	true	Ability	0	brn	aguavberry	2	0	-1	1	1	ability:0:tabletsofruin	undefined	false	16384	16384	16384	1	2
tabletsofruin	onAnyModifyAtk	925	0	0	61	Ghost	1	0	0	20	0	1	2048	greninjabond	1	1	1	1	0	-1	0	1	0	160	0	0	true	Move	1	psn	aguavberry	1	0	0	0	0	ability:0:tabletsofruin|chain:0.75	undefined	true	2048	2048	2048	0	0
tabletsofruin	onAnyModifyAtk	926	6	1	70	Dark	0	0	1	20	0	-1	8192	pikachu	1	1	0	0	0	0	1	1	100	0	0	0	0	missing	0	brn	figyberry	2	-1	99	0	0	ability:0:tabletsofruin	undefined	undefined	8192	8192	8192	0	0
tabletsofruin	onAnyModifyAtk	927	1	1	0	Normal	1	1	0	100	20	1	0	greninjaash	0	1	1	0	1	-1	0	1	0	160	0	0	true	Ability	0	brn	iapapaberry	1	0	-1	1	1	ability:0:tabletsofruin	undefined	true	0	0	0	-1	2
tabletsofruin	onAnyModifyAtk	928	-1	0	61	Normal	0	1	0	0	100	-1	8	pikachu	0	0	0	0	1	6	0	2	0	160	1	1	0	missing	0	psn	aguavberry	1	0	1	1	1	ability:0:tabletsofruin	undefined	undefined	8	8	8	6	2
tabletsofruin	onAnyModifyAtk	929	1	1	0	Fire	0	1	1	20	0	0	16384	pikachu	0	1	1	0	0	-1	1	2	60	0	0	0	null	missing	1	brn	sitrusberry	1	1	0	1	0	ability:0:tabletsofruin|chain:0.75	undefined	false	16384	16384	16384	1	2
tabletsofruin	onAnyModifyAtk	930	1	1	0	Bug	0	0	1	20	20	1	8	greninjabond	0	0	1	1	0	6	0	2	100	0	0	0	false	Ability	0	brn	aguavberry	2	-1	1	1	0	ability:0:tabletsofruin	undefined	true	8	8	8	6	0
tabletsofruin	onAnyModifyAtk	931	0	0	0	Fire	0	1	0	0	0	1	2048	pikachu	0	0	0	0	0	0	1	0	100	100	1	0	undefined	Ability	0	psn	figyberry	2	0	-1	0	0	ability:0:tabletsofruin|chain:0.75	undefined	true	2048	2048	2048	0	2
tabletsofruin	onAnyModifyAtk	932	0	0	60	Water	0	0	0	0	20	1	2048	greninjabond	1	0	1	1	1	0	1	2	100	0	1	1	undefined	Ability	0	brn	iapapaberry	0	-1	0	1	1	ability:0:tabletsofruin	undefined	true	2048	2048	2048	0	0
tabletsofruin	onAnyModifyAtk	933	1	1	0	Normal	0	1	1	0	100	-1	8	greninjaash	1	0	0	0	0	1	1	1	0	160	0	1	null	Move	0	brn	leftovers	0	0	0	0	0	ability:0:tabletsofruin|chain:0.75	undefined	undefined	8	8	8	1	2
tabletsofruin	onAnyModifyAtk	934	-1	6	61	Normal	0	0	1	20	100	0	2048	greninjaash	1	0	1	0	0	1	0	0	100	100	1	0	true	Ability	0	psn	sitrusberry	1	0	0	1	0	ability:0:tabletsofruin	undefined	false	2048	2048	2048	1	0
tabletsofruin	onAnyModifyAtk	935	6	1	70	Water	1	1	1	20	-1	-1	16384	pikachu	0	1	0	1	1	6	0	2	60	0	0	0	true	Move	1	psn	sitrusberry	1	1	-1	0	0	ability:0:tabletsofruin	undefined	undefined	16384	16384	16384	6	2
tabletsofruin	onAnyModifyAtk	936	0	1	70	Bug	1	0	0	10	-1	-1	2048	greninjaash	1	1	1	1	1	0	0	1	100	0	0	0	null	Move	0	psn	figyberry	2	-1	0	1	0	ability:0:tabletsofruin	undefined	undefined	2048	2048	2048	0	0
tabletsofruin	onAnyModifyAtk	937	1	1	61	Water	1	0	1	20	20	-1	24576	greninjabond	1	0	1	0	1	-1	0	2	60	0	0	1	undefined	Move	0	psn	wikiberry	2	1	1	1	1	ability:0:tabletsofruin	undefined	undefined	24576	24576	24576	-1	0
tabletsofruin	onAnyModifyAtk	938	1	0	61	Ghost	0	0	1	0	100	0	16384	greninjaash	1	0	1	1	1	1	1	1	0	160	0	0	true	Move	0	brn	magoberry	1	-1	1	0	0	ability:0:tabletsofruin	undefined	false	16384	16384	16384	1	0
tabletsofruin	onAnyModifyAtk	939	-1	6	40	Water	1	1	0	0	-1	1	16384	greninjaash	1	0	1	1	0	1	1	1	60	100	0	1	true	missing	0	brn	wikiberry	0	0	1	1	1	ability:0:tabletsofruin	undefined	true	16384	16384	16384	1	2
tabletsofruin	onAnyModifyAtk	940	6	0	40	Water	1	0	0	100	20	-1	16384	pikachu	1	1	0	0	1	0	0	2	100	160	0	0	true	missing	1	brn	sitrusberry	2	0	1	0	0	ability:0:tabletsofruin	undefined	undefined	16384	16384	16384	0	0
tabletsofruin	onAnyModifyAtk	941	-1	0	70	Ghost	1	0	1	10	100	0	0	greninjaash	0	1	0	0	0	-1	0	2	0	0	0	1	0	missing	1	brn	figyberry	0	0	-1	1	0	ability:0:tabletsofruin|chain:0.75	undefined	false	0	0	0	0	0
tabletsofruin	onAnyModifyAtk	942	1	0	60	Fire	0	1	0	20	20	0	0	pikachu	1	0	1	0	1	1	1	1	100	100	1	0	null	missing	1	psn	magoberry	0	-1	99	0	1	ability:0:tabletsofruin	undefined	false	0	0	0	1	2
tabletsofruin	onAnyModifyAtk	943	6	1	70	Ghost	1	1	1	0	0	-1	8192	greninjaash	0	1	1	1	0	1	1	0	0	160	1	1	false	Ability	1	psn	iapapaberry	1	-1	0	1	1	ability:0:tabletsofruin|chain:0.75	undefined	undefined	8192	8192	8192	1	2
tabletsofruin	onAnyModifyAtk	944	0	1	61	Water	0	0	1	20	100	-1	2048	pikachu	1	0	1	0	1	1	0	0	100	160	1	1	undefined	Ability	0	psn	sitrusberry	2	1	-1	1	0	ability:0:tabletsofruin	undefined	undefined	2048	2048	2048	1	0
tabletsofruin	onAnyModifyAtk	945	0	0	0	Normal	1	1	1	10	100	0	16384	greninjaash	0	1	1	1	1	0	0	1	100	100	0	1	undefined	Ability	1	psn	magoberry	1	-1	-1	1	1	ability:0:tabletsofruin	undefined	false	16384	16384	16384	0	2
tabletsofruin	onAnyModifyAtk	946	0	0	0	Normal	1	0	1	20	0	0	2048	greninjaash	1	1	1	1	0	-1	0	2	60	160	1	0	false	missing	1	psn	iapapaberry	1	-1	1	1	1	ability:0:tabletsofruin|chain:0.75	undefined	false	2048	2048	2048	0	0
tabletsofruin	onAnyModifyAtk	947	1	6	60	Water	1	1	1	10	20	0	16384	greninjaash	1	0	0	1	1	6	1	1	60	100	1	1	false	missing	0	brn	leftovers	1	0	0	0	0	ability:0:tabletsofruin	undefined	false	16384	16384	16384	6	2
tabletsofruin	onAnyModifyAtk	948	0	1	0	Bug	0	1	1	20	100	-1	8192	greninjaash	0	1	0	1	0	-1	0	2	100	100	1	1	undefined	Move	1	brn	iapapaberry	0	-1	99	0	0	ability:0:tabletsofruin|chain:0.75	undefined	undefined	8192	8192	8192	1	2
tabletsofruin	onAnyModifyAtk	949	1	1	0	Fire	1	1	1	100	100	0	24576	greninjaash	1	0	0	1	1	1	0	1	100	0	0	0	null	missing	0	psn	wikiberry	0	0	-1	1	0	ability:0:tabletsofruin	undefined	false	24576	24576	24576	1	2
tabletsofruin	onAnyModifyAtk	950	6	6	70	Bug	0	1	0	20	-1	0	8192	greninjaash	1	0	1	0	0	6	1	2	60	0	1	0	false	missing	0	brn	magoberry	2	0	0	1	1	ability:0:tabletsofruin|chain:0.75	undefined	false	8192	8192	8192	6	2
tabletsofruin	onAnyModifyAtk	951	-1	6	61	Ghost	0	1	0	100	20	1	8	greninjaash	1	1	0	0	1	0	1	0	0	0	0	1	undefined	Ability	1	brn	wikiberry	2	-1	1	1	0	ability:0:tabletsofruin	undefined	true	8	8	8	0	2
tabletsofruin	onAnyModifyAtk	952	0	0	60	Normal	1	1	0	100	-1	0	16384	pikachu	0	0	0	1	1	-1	1	2	0	0	1	0	null	missing	1	brn	iapapaberry	0	0	99	1	1	ability:0:tabletsofruin	undefined	false	16384	16384	16384	-1	2
tabletsofruin	onAnyModifyAtk	953	0	6	60	Dark	0	0	1	10	-1	1	24576	pikachu	1	0	0	1	1	0	1	2	100	100	1	1	undefined	Ability	0	brn	figyberry	0	-1	0	1	1	ability:0:tabletsofruin	undefined	true	24576	24576	24576	0	0
tabletsofruin	onAnyModifyAtk	954	-1	6	61	Ghost	1	1	0	0	20	-1	8192	pikachu	1	1	0	1	1	6	0	1	100	160	1	0	null	Ability	0	brn	iapapaberry	2	-1	1	0	1	ability:0:tabletsofruin	undefined	undefined	8192	8192	8192	6	2
tabletsofruin	onAnyModifyAtk	955	0	1	40	Dark	1	1	0	10	20	1	2048	greninjabond	1	0	0	0	0	-1	1	1	0	160	0	0	false	Ability	1	brn	sitrusberry	1	0	99	0	1	ability:0:tabletsofruin|chain:0.75	undefined	true	2048	2048	2048	1	2
tabletsofruin	onAnyModifyAtk	956	-1	6	40	Normal	1	0	0	10	100	1	24576	greninjabond	1	0	1	0	0	-1	0	0	100	100	1	0	true	missing	1	brn	sitrusberry	0	0	-1	0	1	ability:0:tabletsofruin|chain:0.75	undefined	true	24576	24576	24576	6	0
tabletsofruin	onAnyModifyAtk	957	6	0	61	Normal	0	0	1	0	20	0	2048	greninjaash	1	1	0	1	1	-1	1	2	100	160	0	0	0	Move	1	brn	sitrusberry	1	0	-1	1	0	ability:0:tabletsofruin	undefined	false	2048	2048	2048	-1	0
tabletsofruin	onAnyModifyAtk	958	-1	1	70	Fire	0	0	0	20	-1	0	16384	greninjabond	0	1	1	0	1	6	0	1	60	0	0	0	null	missing	0	psn	iapapaberry	2	-1	99	0	0	ability:0:tabletsofruin	undefined	false	16384	16384	16384	6	0
tabletsofruin	onAnyModifyAtk	959	0	0	60	Fire	0	1	1	10	-1	1	8192	greninjabond	1	1	0	1	1	-1	1	0	0	160	1	0	false	Ability	1	brn	figyberry	1	1	1	0	1	ability:0:tabletsofruin	undefined	true	8192	8192	8192	-1	2
tabletsofruin	onAnyModifyAtk	960	0	1	61	Normal	0	1	0	0	100	1	24576	pikachu	1	1	1	0	1	0	1	0	0	0	0	1	true	Move	1	brn	iapapaberry	0	-1	1	0	1	ability:0:tabletsofruin	undefined	true	24576	24576	24576	0	2
tabletsofruin	onAnyModifyAtk	961	0	6	61	Bug	1	1	0	10	100	1	16384	pikachu	1	0	0	0	1	0	0	0	0	0	1	0	undefined	missing	0	brn	aguavberry	0	1	99	0	1	ability:0:tabletsofruin	undefined	true	16384	16384	16384	0	2
tabletsofruin	onAnyModifyAtk	962	6	1	40	Normal	1	1	0	20	100	1	16384	greninjabond	1	0	0	1	0	0	1	2	60	100	1	0	undefined	Move	0	psn	sitrusberry	0	1	1	0	0	ability:0:tabletsofruin	undefined	true	16384	16384	16384	0	2
tabletsofruin	onAnyModifyAtk	963	-1	6	40	Dark	0	1	1	20	100	0	24576	pikachu	0	0	1	0	0	0	0	0	60	160	1	1	null	missing	1	psn	magoberry	2	1	1	1	0	ability:0:tabletsofruin	undefined	false	24576	24576	24576	0	2
tabletsofruin	onAnyModifyAtk	964	1	6	40	Water	0	0	0	0	100	1	24576	greninjabond	0	0	0	1	0	6	1	0	60	0	0	1	false	missing	0	brn	wikiberry	0	-1	0	0	1	ability:0:tabletsofruin|chain:0.75	undefined	true	24576	24576	24576	6	0
tabletsofruin	onAnyModifyAtk	965	0	6	40	Normal	1	1	1	20	20	-1	8192	pikachu	0	1	0	1	1	1	0	0	0	160	0	1	false	missing	1	brn	sitrusberry	0	-1	99	1	0	ability:0:tabletsofruin	undefined	undefined	8192	8192	8192	1	2
tabletsofruin	onAnyModifyAtk	966	0	6	0	Bug	1	0	1	20	0	0	0	greninjabond	0	1	0	0	0	-1	1	2	60	100	0	0	undefined	missing	1	brn	leftovers	1	1	0	0	1	ability:0:tabletsofruin|chain:0.75	undefined	false	0	0	0	6	0
tabletsofruin	onAnyModifyAtk	967	0	6	61	Bug	0	1	0	0	0	-1	8192	greninjaash	1	1	1	1	0	6	1	2	60	0	0	0	null	missing	1	psn	magoberry	1	0	99	1	0	ability:0:tabletsofruin|chain:0.75	undefined	undefined	8192	8192	8192	6	2
tabletsofruin	onAnyModifyAtk	968	0	0	0	Dark	0	0	1	10	-1	-1	8192	greninjaash	0	1	0	1	0	6	1	1	0	0	1	0	0	Move	1	brn	aguavberry	1	0	1	0	0	ability:0:tabletsofruin	undefined	undefined	8192	8192	8192	6	0
tabletsofruin	onAnyModifyAtk	969	0	0	40	Water	0	0	0	0	0	0	16384	greninjabond	0	1	0	0	0	0	1	1	0	160	1	0	false	Move	1	psn	magoberry	0	0	-1	0	1	ability:0:tabletsofruin|chain:0.75	undefined	false	16384	16384	16384	0	0
tabletsofruin	onAnyModifyAtk	970	1	6	60	Ghost	1	0	0	0	0	-1	16384	greninjabond	1	0	0	1	0	-1	0	1	0	100	0	0	false	Move	1	brn	figyberry	2	1	1	1	0	ability:0:tabletsofruin|chain:0.75	undefined	undefined	16384	16384	16384	6	0
tabletsofruin	onAnyModifyAtk	971	1	6	61	Bug	0	1	0	100	0	1	24576	greninjaash	0	0	0	1	1	1	0	2	0	160	0	1	0	Ability	1	psn	wikiberry	1	0	-1	0	1	ability:0:tabletsofruin	undefined	true	24576	24576	24576	1	2
tabletsofruin	onAnyModifyAtk	972	-1	0	0	Water	0	1	1	100	100	0	2048	pikachu	1	1	0	0	0	6	1	0	60	160	1	0	false	Ability	0	brn	wikiberry	1	1	99	0	1	ability:0:tabletsofruin	undefined	false	2048	2048	2048	6	2
tabletsofruin	onAnyModifyAtk	973	6	0	70	Dark	1	0	1	100	20	0	24576	greninjabond	1	0	1	0	1	-1	1	2	100	100	1	1	undefined	Move	0	psn	wikiberry	1	1	99	0	0	ability:0:tabletsofruin	undefined	false	24576	24576	24576	-1	0
tabletsofruin	onAnyModifyAtk	974	1	0	70	Fire	1	0	1	20	100	-1	24576	pikachu	0	0	0	0	0	0	1	0	0	160	0	0	0	missing	0	psn	wikiberry	0	0	99	1	1	ability:0:tabletsofruin|chain:0.75	undefined	undefined	24576	24576	24576	0	0
tabletsofruin	onAnyModifyAtk	975	1	6	40	Water	1	1	1	20	20	1	8192	greninjaash	0	0	0	0	1	1	1	1	60	100	0	1	true	Ability	1	psn	sitrusberry	0	0	99	0	1	ability:0:tabletsofruin	undefined	true	8192	8192	8192	1	2
tabletsofruin	onAnyModifyAtk	976	1	0	61	Ghost	1	1	0	20	0	0	24576	pikachu	1	0	0	1	0	-1	1	2	100	0	0	1	null	Move	0	brn	magoberry	2	-1	0	0	0	ability:0:tabletsofruin|chain:0.75	undefined	false	24576	24576	24576	0	2
tabletsofruin	onAnyModifyAtk	977	-1	0	60	Ghost	0	1	0	0	20	-1	8	greninjaash	1	0	0	1	0	0	0	2	60	160	1	1	true	Ability	0	psn	magoberry	1	1	1	0	1	ability:0:tabletsofruin|chain:0.75	undefined	undefined	8	8	8	0	2
tabletsofruin	onAnyModifyAtk	978	1	0	61	Bug	1	0	1	20	-1	0	8192	greninjaash	0	0	1	1	1	1	0	1	0	0	0	0	false	Ability	0	psn	figyberry	1	-1	1	0	1	ability:0:tabletsofruin	undefined	false	8192	8192	8192	1	0
tabletsofruin	onAnyModifyAtk	979	0	1	0	Water	0	1	1	100	0	-1	24576	pikachu	0	0	1	1	0	6	0	2	0	0	0	0	false	Ability	1	brn	magoberry	1	1	99	0	0	ability:0:tabletsofruin	undefined	undefined	24576	24576	24576	6	2
tabletsofruin	onAnyModifyAtk	980	1	0	40	Water	1	1	0	20	100	-1	16384	pikachu	0	0	1	0	0	6	1	2	100	100	1	1	true	Move	0	brn	iapapaberry	2	0	-1	1	0	ability:0:tabletsofruin	undefined	undefined	16384	16384	16384	6	2
tabletsofruin	onAnyModifyAtk	981	0	0	0	Ghost	0	1	0	10	-1	1	2048	pikachu	1	1	1	0	0	1	0	0	60	0	1	1	0	Ability	1	psn	leftovers	1	1	1	0	0	ability:0:tabletsofruin	undefined	true	2048	2048	2048	1	2
tabletsofruin	onAnyModifyAtk	982	-1	1	70	Bug	1	1	1	20	20	-1	0	greninjaash	0	0	0	0	1	0	0	2	100	0	1	0	false	Move	0	brn	sitrusberry	1	1	1	0	0	ability:0:tabletsofruin	undefined	undefined	0	0	0	0	2
tabletsofruin	onAnyModifyAtk	983	6	0	0	Dark	1	0	1	10	-1	-1	24576	pikachu	0	0	1	0	0	0	0	0	60	160	1	0	undefined	missing	0	psn	iapapaberry	0	-1	-1	0	1	ability:0:tabletsofruin|chain:0.75	undefined	undefined	24576	24576	24576	0	0
tabletsofruin	onAnyModifyAtk	984	1	1	61	Ghost	0	1	1	100	20	0	16384	pikachu	1	0	1	0	0	1	0	2	0	0	0	0	null	Move	0	brn	iapapaberry	2	1	-1	0	1	ability:0:tabletsofruin|chain:0.75	undefined	false	16384	16384	16384	1	2
tabletsofruin	onAnyModifyAtk	985	-1	1	70	Dark	1	0	0	100	0	-1	16384	greninjaash	1	1	0	1	0	0	0	2	100	0	1	1	true	Ability	1	brn	sitrusberry	2	1	-1	1	1	ability:0:tabletsofruin	undefined	undefined	16384	16384	16384	0	0
tabletsofruin	onAnyModifyAtk	986	0	0	40	Ghost	0	1	1	0	20	-1	0	greninjaash	0	1	1	1	0	0	1	2	0	0	0	0	true	Ability	0	brn	magoberry	2	-1	1	1	1	ability:0:tabletsofruin|chain:0.75	undefined	undefined	0	0	0	0	2
tabletsofruin	onAnyModifyAtk	987	-1	6	0	Ghost	1	1	1	0	-1	1	8	greninjabond	1	0	0	0	0	-1	0	2	100	100	1	0	0	Move	1	brn	aguavberry	1	1	1	1	0	ability:0:tabletsofruin|chain:0.75	undefined	true	8	8	8	6	2
tabletsofruin	onAnyModifyAtk	988	-1	0	40	Bug	0	0	0	10	100	1	2048	greninjaash	0	0	0	1	1	1	1	1	60	0	0	0	0	missing	1	brn	figyberry	0	-1	0	1	0	ability:0:tabletsofruin	undefined	true	2048	2048	2048	1	0
tabletsofruin	onAnyModifyAtk	989	1	0	70	Normal	1	0	0	100	-1	-1	8192	pikachu	0	0	1	1	0	-1	0	0	100	100	1	0	null	Ability	0	brn	leftovers	1	1	1	0	0	ability:0:tabletsofruin|chain:0.75	undefined	undefined	8192	8192	8192	0	0
tabletsofruin	onAnyModifyAtk	990	0	0	60	Fire	1	1	0	20	-1	-1	0	greninjaash	0	1	1	1	0	1	1	0	60	160	1	1	false	Move	1	psn	sitrusberry	0	-1	-1	1	0	ability:0:tabletsofruin	undefined	undefined	0	0	0	1	2
tabletsofruin	onAnyModifyAtk	991	-1	1	60	Dark	1	0	0	0	0	0	0	pikachu	0	0	0	1	0	0	0	1	60	160	0	0	0	Ability	0	brn	wikiberry	2	0	-1	1	0	ability:0:tabletsofruin	undefined	false	0	0	0	0	0
tabletsofruin	onAnyModifyAtk	992	1	0	60	Fire	1	0	1	0	0	-1	16384	greninjabond	0	1	0	1	0	6	0	2	0	0	1	1	0	Ability	0	brn	figyberry	2	-1	99	0	1	ability:0:tabletsofruin	undefined	undefined	16384	16384	16384	6	0
tabletsofruin	onAnyModifyAtk	993	-1	0	40	Bug	0	1	0	100	-1	-1	8192	greninjabond	0	0	1	1	1	0	1	2	0	100	0	0	undefined	missing	0	psn	magoberry	1	-1	0	1	1	ability:0:tabletsofruin	undefined	undefined	8192	8192	8192	0	2
tabletsofruin	onAnyModifyAtk	994	-1	0	61	Water	0	1	1	20	100	0	16384	greninjabond	0	1	1	1	1	6	0	0	60	160	1	0	false	Ability	1	psn	aguavberry	0	1	1	0	0	ability:0:tabletsofruin	undefined	false	16384	16384	16384	6	2
tabletsofruin	onAnyModifyAtk	995	1	1	0	Ghost	1	1	0	0	20	0	8	greninjaash	1	0	1	1	1	1	0	0	0	160	0	1	0	Move	1	psn	aguavberry	1	-1	-1	0	1	ability:0:tabletsofruin	undefined	false	8	8	8	1	2
tabletsofruin	onAnyModifyAtk	996	6	1	0	Normal	1	0	1	0	0	0	24576	pikachu	1	1	0	0	1	1	0	2	100	100	1	1	null	Ability	1	brn	figyberry	2	0	1	1	1	ability:0:tabletsofruin	undefined	false	24576	24576	24576	1	0
tabletsofruin	onAnyModifyAtk	997	-1	6	40	Fire	1	1	0	0	-1	-1	0	greninjaash	1	1	1	1	0	1	1	2	60	0	1	0	undefined	Move	1	brn	aguavberry	1	0	0	1	1	ability:0:tabletsofruin	undefined	undefined	0	0	0	1	2
tabletsofruin	onAnyModifyAtk	998	1	0	0	Normal	1	0	0	100	-1	0	24576	greninjaash	0	1	1	1	1	1	0	1	60	0	1	1	null	Ability	0	brn	sitrusberry	2	-1	1	0	1	ability:0:tabletsofruin	undefined	false	24576	24576	24576	1	0
tabletsofruin	onAnyModifyAtk	999	-1	0	61	Water	1	0	1	20	100	1	2048	greninjaash	1	0	0	1	1	-1	0	2	100	0	1	1	false	Ability	0	brn	wikiberry	2	-1	0	0	1	ability:0:tabletsofruin	undefined	true	2048	2048	2048	-1	0
tabletsofruin	onAnyModifyAtk	1000	1	6	61	Ghost	0	0	0	10	20	1	16384	greninjabond	1	1	0	0	0	0	0	1	0	160	0	0	undefined	Ability	1	brn	leftovers	1	1	1	1	1	ability:0:tabletsofruin	undefined	true	16384	16384	16384	0	0
tabletsofruin	onAnyModifyAtk	1001	6	1	40	Normal	0	0	1	20	100	-1	2048	greninjaash	1	1	1	0	1	0	0	0	60	100	0	0	true	missing	1	psn	wikiberry	2	-1	99	1	1	ability:0:tabletsofruin	undefined	undefined	2048	2048	2048	0	0
tabletsofruin	onAnyModifyAtk	1002	6	1	60	Ghost	0	0	0	0	-1	-1	24576	greninjaash	0	0	0	1	0	1	0	2	0	160	1	0	null	Move	0	brn	leftovers	0	1	1	1	1	ability:0:tabletsofruin|chain:0.75	undefined	undefined	24576	24576	24576	1	0
tabletsofruin	onAnyModifyAtk	1003	0	1	61	Fire	1	1	1	10	20	1	24576	pikachu	1	0	1	1	0	6	1	1	60	0	1	1	false	Ability	0	psn	figyberry	1	1	99	0	0	ability:0:tabletsofruin	undefined	true	24576	24576	24576	6	2
tabletsofruin	onAnyModifyAtk	1004	0	1	0	Bug	0	1	0	100	0	-1	8192	pikachu	0	1	1	1	1	0	0	0	0	160	1	0	true	missing	1	brn	aguavberry	0	0	99	1	1	ability:0:tabletsofruin	undefined	undefined	8192	8192	8192	0	2
tabletsofruin	onAnyModifyAtk	1005	1	0	61	Fire	0	0	0	20	0	-1	8192	pikachu	1	0	1	0	1	0	0	1	100	0	1	1	0	missing	1	psn	sitrusberry	1	0	0	1	1	ability:0:tabletsofruin	undefined	undefined	8192	8192	8192	0	0
tabletsofruin	onAnyModifyAtk	1006	6	1	61	Dark	0	0	0	100	0	-1	16384	pikachu	1	1	1	1	0	6	0	0	60	0	1	1	undefined	Ability	1	psn	wikiberry	0	-1	-1	0	1	ability:0:tabletsofruin	undefined	undefined	16384	16384	16384	6	0
tabletsofruin	onAnyModifyAtk	1007	0	0	0	Normal	0	0	0	10	-1	-1	2048	greninjabond	1	0	1	0	0	6	0	1	60	160	0	1	null	Move	0	psn	iapapaberry	1	-1	0	0	0	ability:0:tabletsofruin	undefined	undefined	2048	2048	2048	6	0
tabletsofruin	onAnyModifyAtk	1008	1	6	40	Ghost	0	1	1	20	0	-1	24576	greninjaash	0	0	1	1	1	6	1	2	60	0	0	1	null	missing	1	brn	iapapaberry	1	-1	0	1	0	ability:0:tabletsofruin	undefined	undefined	24576	24576	24576	6	2
tabletsofruin	onAnyModifyAtk	1009	6	0	60	Dark	1	1	1	20	-1	0	8192	pikachu	1	0	1	0	1	0	1	2	0	100	0	1	undefined	missing	1	brn	figyberry	2	1	-1	0	1	ability:0:tabletsofruin	undefined	false	8192	8192	8192	0	2
tabletsofruin	onAnyModifyAtk	1010	1	0	60	Normal	0	0	0	20	20	1	0	greninjaash	0	0	0	1	1	0	1	2	100	0	1	0	false	Move	0	psn	figyberry	1	0	1	1	1	ability:0:tabletsofruin	undefined	true	0	0	0	0	0
tabletsofruin	onAnyModifyAtk	1011	-1	6	61	Bug	1	1	0	10	100	1	0	greninjabond	0	0	0	0	0	-1	1	2	60	160	0	0	0	Ability	0	psn	leftovers	2	-1	0	1	1	ability:0:tabletsofruin|chain:0.75	undefined	true	0	0	0	6	2
tabletsofruin	onAnyModifyAtk	1012	6	0	70	Normal	0	0	0	20	0	0	24576	greninjaash	1	0	0	0	1	0	0	1	60	160	0	1	null	Ability	0	brn	sitrusberry	0	0	-1	1	0	ability:0:tabletsofruin	undefined	false	24576	24576	24576	0	0
tabletsofruin	onAnyModifyAtk	1013	6	0	70	Water	1	1	0	100	0	0	24576	greninjaash	0	1	1	0	1	6	1	1	60	100	0	1	undefined	missing	0	brn	magoberry	1	0	0	1	1	ability:0:tabletsofruin	undefined	false	24576	24576	24576	6	2
tabletsofruin	onAnyModifyAtk	1014	-1	1	61	Ghost	0	1	0	100	100	1	24576	pikachu	1	0	0	1	0	6	1	0	60	0	0	1	0	missing	1	brn	wikiberry	1	1	1	1	0	ability:0:tabletsofruin	undefined	true	24576	24576	24576	6	2
tabletsofruin	onAnyModifyAtk	1015	1	0	40	Fire	0	0	1	100	0	-1	2048	greninjabond	1	0	0	0	0	1	0	2	100	100	0	0	true	Ability	0	psn	wikiberry	2	1	1	1	1	ability:0:tabletsofruin	undefined	undefined	2048	2048	2048	1	0
tabletsofruin	onAnyModifyAtk	1016	6	6	40	Dark	1	1	1	100	100	1	8192	greninjabond	1	1	0	0	1	-1	1	0	60	100	1	0	0	Ability	1	brn	sitrusberry	0	1	-1	1	0	ability:0:tabletsofruin	undefined	true	8192	8192	8192	-1	2
tabletsofruin	onAnyModifyAtk	1017	6	6	70	Fire	0	0	1	10	20	-1	8192	pikachu	0	1	1	1	0	0	0	1	60	160	0	1	false	Move	0	brn	iapapaberry	1	-1	1	0	1	ability:0:tabletsofruin	undefined	undefined	8192	8192	8192	0	0
tabletsofruin	onAnyModifyAtk	1018	0	0	60	Bug	0	0	0	0	100	-1	2048	pikachu	0	1	0	1	1	6	0	0	60	160	1	0	0	missing	1	brn	aguavberry	0	1	1	0	0	ability:0:tabletsofruin	undefined	undefined	2048	2048	2048	6	0
tabletsofruin	onAnyModifyAtk	1019	1	6	61	Bug	0	1	1	20	0	1	2048	greninjabond	0	0	1	0	1	0	1	2	60	100	0	1	false	Ability	0	brn	iapapaberry	0	0	-1	0	0	ability:0:tabletsofruin	undefined	true	2048	2048	2048	0	2
tabletsofruin	onAnyModifyAtk	1020	0	0	60	Water	1	0	1	10	0	-1	16384	pikachu	0	0	0	1	1	-1	1	0	0	100	1	0	null	missing	0	psn	sitrusberry	1	0	0	1	0	ability:0:tabletsofruin	undefined	undefined	16384	16384	16384	-1	0
tabletsofruin	onAnyModifyAtk	1021	0	1	60	Water	0	0	1	10	0	0	0	greninjaash	1	0	0	0	1	0	0	2	0	100	0	0	false	Move	1	brn	figyberry	0	1	-1	0	1	ability:0:tabletsofruin	undefined	false	0	0	0	0	0
tabletsofruin	onAnyModifyAtk	1022	1	0	0	Bug	0	1	1	100	20	0	8	greninjaash	1	0	0	1	1	-1	0	0	60	100	0	1	null	Ability	0	psn	iapapaberry	2	0	-1	0	0	ability:0:tabletsofruin	undefined	false	8	8	8	-1	2
tabletsofruin	onAnyModifyAtk	1023	1	0	40	Dark	0	0	1	20	100	0	0	pikachu	0	0	1	1	1	0	1	1	100	0	1	0	true	Ability	1	brn	sitrusberry	1	1	99	0	0	ability:0:tabletsofruin	undefined	false	0	0	0	0	0
tabletsofruin	onAnyModifyAtk	1024	6	1	40	Fire	0	0	0	0	-1	1	24576	greninjabond	0	1	0	1	1	1	1	1	100	0	0	1	undefined	Move	0	brn	magoberry	2	-1	99	1	1	ability:0:tabletsofruin	undefined	true	24576	24576	24576	1	0
tabletsofruin	onAnyModifyAtk	1025	1	1	61	Normal	0	1	1	10	0	-1	0	greninjaash	1	0	1	1	0	0	1	2	0	0	0	1	false	Move	1	psn	iapapaberry	0	-1	99	0	1	ability:0:tabletsofruin	undefined	undefined	0	0	0	0	2
tabletsofruin	onAnyModifyAtk	1026	0	6	61	Fire	1	1	0	20	0	1	8	greninjabond	1	1	1	1	0	1	0	1	0	0	0	0	null	Ability	0	psn	figyberry	2	-1	1	1	0	ability:0:tabletsofruin	undefined	true	8	8	8	1	2
tabletsofruin	onAnyModifyAtk	1027	0	6	40	Ghost	0	1	1	100	0	0	0	pikachu	0	0	0	1	0	1	1	1	100	0	1	1	null	Move	0	brn	magoberry	2	1	1	0	1	ability:0:tabletsofruin	undefined	false	0	0	0	1	2
tabletsofruin	onAnyModifyAtk	1028	6	6	40	Fire	0	1	0	0	0	0	16384	greninjabond	0	1	1	0	1	-1	1	2	60	160	0	1	undefined	Move	0	psn	magoberry	0	1	1	0	0	ability:0:tabletsofruin	undefined	false	16384	16384	16384	-1	2
tabletsofruin	onAnyModifyAtk	1029	6	0	0	Fire	0	0	1	20	0	-1	24576	greninjaash	0	1	0	1	0	6	0	1	60	100	0	0	undefined	Ability	0	psn	figyberry	2	1	-1	0	1	ability:0:tabletsofruin	undefined	undefined	24576	24576	24576	6	0
tabletsofruin	onAnyModifyAtk	1030	6	6	61	Fire	0	0	1	100	-1	1	16384	greninjaash	1	1	0	1	0	-1	0	0	0	0	0	1	0	Move	1	brn	sitrusberry	2	0	1	1	1	ability:0:tabletsofruin|chain:0.75	undefined	true	16384	16384	16384	6	0
tabletsofruin	onAnyModifyAtk	1031	6	6	70	Dark	1	0	0	0	-1	0	8192	greninjaash	0	0	0	0	0	-1	1	1	0	160	0	1	true	Move	1	brn	sitrusberry	2	1	99	0	1	ability:0:tabletsofruin|chain:0.75	undefined	false	8192	8192	8192	6	0
tabletsofruin	onAnyModifyAtk	1032	6	0	0	Dark	1	0	1	10	100	1	16384	greninjabond	0	0	1	0	1	6	0	1	0	0	0	0	undefined	Ability	0	brn	sitrusberry	1	0	1	1	1	ability:0:tabletsofruin	undefined	true	16384	16384	16384	6	0
tabletsofruin	onAnyModifyAtk	1033	1	1	61	Fire	1	1	1	10	20	-1	24576	greninjabond	1	1	1	0	0	0	1	1	60	100	1	0	undefined	missing	0	psn	magoberry	2	1	0	1	1	ability:0:tabletsofruin	undefined	undefined	24576	24576	24576	0	2
tabletsofruin	onAnyModifyAtk	1034	-1	1	60	Bug	1	1	1	0	-1	0	0	pikachu	1	1	1	1	1	-1	1	1	60	100	0	0	null	Move	0	brn	leftovers	1	1	1	0	1	ability:0:tabletsofruin	undefined	false	0	0	0	-1	2
tabletsofruin	onAnyModifyAtk	1035	-1	6	40	Ghost	0	1	0	100	-1	0	2048	greninjabond	1	0	1	1	0	6	1	2	60	100	0	0	null	missing	0	psn	figyberry	0	-1	0	1	0	ability:0:tabletsofruin|chain:0.75	undefined	false	2048	2048	2048	6	2
tabletsofruin	onAnyModifyAtk	1036	0	0	60	Fire	1	1	1	100	-1	0	2048	greninjabond	1	0	0	1	0	-1	1	1	60	100	0	1	false	missing	0	psn	sitrusberry	2	0	99	0	1	ability:0:tabletsofruin|chain:0.75	undefined	false	2048	2048	2048	0	2
tabletsofruin	onAnyModifyAtk	1037	-1	6	0	Ghost	1	1	1	0	100	0	2048	greninjabond	0	0	0	1	0	0	1	0	100	160	0	1	false	Move	1	psn	iapapaberry	2	-1	99	0	1	ability:0:tabletsofruin	undefined	false	2048	2048	2048	0	2
tabletsofruin	onAnyModifyAtk	1038	-1	0	70	Water	0	0	1	100	-1	-1	24576	greninjaash	1	1	1	1	1	0	1	1	0	100	1	1	0	missing	1	psn	iapapaberry	2	1	-1	0	0	ability:0:tabletsofruin	undefined	undefined	24576	24576	24576	0	0
tabletsofruin	onAnyModifyAtk	1039	-1	0	70	Bug	1	0	1	100	0	0	8192	greninjaash	0	0	1	0	0	6	1	1	0	100	1	1	undefined	missing	1	psn	leftovers	1	0	-1	1	0	ability:0:tabletsofruin	undefined	false	8192	8192	8192	6	0
tabletsofruin	onAnyModifyAtk	1040	6	6	40	Fire	0	1	1	20	-1	0	16384	pikachu	1	0	0	1	1	0	0	2	60	100	1	0	0	missing	0	brn	iapapaberry	0	0	0	1	0	ability:0:tabletsofruin	undefined	false	16384	16384	16384	0	2
tabletsofruin	onAnyModifyAtk	1041	1	6	61	Dark	0	0	0	0	0	-1	16384	pikachu	0	0	0	0	1	0	0	1	60	0	1	0	false	missing	1	brn	iapapaberry	2	0	99	1	1	ability:0:tabletsofruin	undefined	undefined	16384	16384	16384	0	0
tabletsofruin	onAnyModifyAtk	1042	6	1	61	Ghost	1	0	1	20	100	-1	2048	greninjabond	1	0	1	1	0	6	0	2	100	0	0	0	true	Move	1	psn	figyberry	1	0	1	1	1	ability:0:tabletsofruin	undefined	undefined	2048	2048	2048	6	0
tabletsofruin	onAnyModifyAtk	1043	1	6	70	Normal	1	0	1	0	20	-1	0	pikachu	1	1	1	0	1	-1	1	1	0	100	1	0	null	Move	1	psn	sitrusberry	2	-1	-1	0	1	ability:0:tabletsofruin	undefined	undefined	0	0	0	-1	0
tabletsofruin	onAnyModifyAtk	1044	-1	1	40	Ghost	0	0	1	100	-1	1	0	greninjaash	0	0	1	0	0	6	0	1	60	160	1	0	undefined	missing	1	psn	leftovers	1	-1	-1	0	1	ability:0:tabletsofruin	undefined	true	0	0	0	6	0
tabletsofruin	onAnyModifyAtk	1045	1	0	60	Normal	0	0	1	10	100	1	24576	pikachu	1	1	0	0	0	6	0	2	0	0	0	1	0	Ability	1	brn	wikiberry	2	0	99	1	1	ability:0:tabletsofruin	undefined	true	24576	24576	24576	6	0
tabletsofruin	onAnyModifyAtk	1046	0	1	70	Dark	1	0	0	100	0	1	8	greninjaash	0	0	1	1	0	1	0	0	60	160	1	1	undefined	missing	0	brn	iapapaberry	2	1	1	1	0	ability:0:tabletsofruin|chain:0.75	undefined	true	8	8	8	1	0
tabletsofruin	onAnyModifyAtk	1047	-1	0	61	Water	1	0	0	10	100	1	24576	greninjabond	1	0	1	1	1	1	1	0	60	160	0	0	false	Move	1	psn	magoberry	2	-1	-1	0	1	ability:0:tabletsofruin	undefined	true	24576	24576	24576	1	0
tabletsofruin	onAnyModifyAtk	1048	6	0	61	Fire	1	0	0	0	100	-1	16384	pikachu	0	1	0	0	1	1	0	2	60	160	0	1	null	Ability	0	brn	aguavberry	1	0	-1	0	0	ability:0:tabletsofruin	undefined	undefined	16384	16384	16384	1	0
tabletsofruin	onAnyModifyAtk	1049	0	6	70	Bug	0	1	0	0	-1	1	24576	greninjaash	1	1	0	0	1	0	1	0	60	0	1	1	null	missing	1	psn	sitrusberry	0	-1	-1	1	1	ability:0:tabletsofruin	undefined	true	24576	24576	24576	0	2
tabletsofruin	onAnyModifyAtk	1050	1	6	0	Bug	1	0	1	0	0	0	8192	pikachu	1	0	0	1	1	0	0	0	60	160	1	1	false	Ability	0	brn	leftovers	2	0	99	1	0	ability:0:tabletsofruin	undefined	false	8192	8192	8192	0	0
tabletsofruin	onAnyModifyAtk	1051	0	6	0	Water	1	0	0	0	100	0	24576	pikachu	1	1	0	1	0	0	0	2	60	100	0	1	false	Move	1	brn	wikiberry	0	-1	1	1	0	ability:0:tabletsofruin	undefined	false	24576	24576	24576	0	0
tabletsofruin	onAnyModifyAtk	1052	1	1	60	Ghost	0	0	0	20	-1	-1	8	greninjabond	1	1	1	1	0	6	0	0	100	100	0	1	null	missing	1	psn	iapapaberry	0	0	0	0	0	ability:0:tabletsofruin	undefined	undefined	8	8	8	6	0
tabletsofruin	onAnyModifyAtk	1053	-1	1	40	Water	0	1	1	100	100	-1	8	pikachu	0	0	0	0	1	0	1	0	60	0	1	1	null	Ability	0	brn	figyberry	0	0	1	1	1	ability:0:tabletsofruin	undefined	undefined	8	8	8	0	2
tabletsofruin	onAnyModifyAtk	1054	1	1	61	Water	1	1	0	100	100	1	16384	greninjabond	0	0	1	1	1	1	0	0	100	160	1	1	true	Ability	1	psn	aguavberry	1	1	-1	1	1	ability:0:tabletsofruin	undefined	true	16384	16384	16384	1	2
tabletsofruin	onAnyModifyAtk	1055	0	0	0	Ghost	0	0	1	0	-1	1	8192	greninjaash	1	0	0	1	0	0	1	0	60	160	1	1	true	missing	1	psn	sitrusberry	0	1	0	0	0	ability:0:tabletsofruin|chain:0.75	undefined	true	8192	8192	8192	0	0
tabletsofruin	onAnyModifyAtk	1056	6	0	70	Dark	1	0	1	10	20	-1	16384	greninjabond	1	1	1	1	0	-1	1	1	0	0	0	0	0	missing	1	brn	sitrusberry	1	0	99	0	0	ability:0:tabletsofruin|chain:0.75	undefined	undefined	16384	16384	16384	0	0
tabletsofruin	onAnyModifyAtk	1057	0	0	40	Water	1	0	0	100	100	-1	8192	greninjaash	1	0	0	1	1	0	0	1	60	100	1	1	0	Move	0	psn	magoberry	2	0	1	0	1	ability:0:tabletsofruin	undefined	undefined	8192	8192	8192	0	0
tabletsofruin	onAnyModifyAtk	1058	0	0	61	Fire	1	1	0	100	-1	1	0	greninjabond	1	1	0	0	1	-1	1	1	100	0	1	1	true	missing	1	psn	aguavberry	2	-1	99	0	1	ability:0:tabletsofruin	undefined	true	0	0	0	-1	2
tabletsofruin	onAnyModifyAtk	1059	-1	1	70	Water	1	0	1	10	100	-1	8192	greninjabond	1	1	1	1	1	1	0	2	100	0	0	1	false	Ability	1	brn	iapapaberry	0	-1	0	1	1	ability:0:tabletsofruin	undefined	undefined	8192	8192	8192	1	0
tabletsofruin	onAnyModifyAtk	1060	-1	1	0	Dark	1	1	1	10	-1	-1	24576	greninjaash	0	1	0	0	0	1	0	0	0	100	0	0	undefined	Ability	1	psn	aguavberry	1	0	1	0	0	ability:0:tabletsofruin|chain:0.75	undefined	undefined	24576	24576	24576	1	2
tabletsofruin	onAnyModifyAtk	1061	0	0	0	Ghost	1	0	0	10	20	0	0	greninjabond	0	1	1	1	1	6	0	1	100	160	1	0	0	Move	1	psn	aguavberry	0	1	1	1	1	ability:0:tabletsofruin	undefined	false	0	0	0	6	0
tabletsofruin	onAnyModifyAtk	1062	6	1	70	Fire	1	1	0	100	20	1	8192	greninjabond	0	1	0	1	1	6	1	2	60	0	0	1	true	Move	1	brn	wikiberry	0	0	1	0	1	ability:0:tabletsofruin	undefined	true	8192	8192	8192	6	2
tabletsofruin	onAnyModifyAtk	1063	1	6	61	Dark	0	0	0	100	0	1	24576	pikachu	1	0	1	0	0	-1	1	1	100	160	1	1	null	Move	0	brn	sitrusberry	0	1	0	1	1	ability:0:tabletsofruin|chain:0.75	undefined	true	24576	24576	24576	6	0
tabletsofruin	onAnyModifyAtk	1064	-1	1	60	Dark	0	1	1	20	0	-1	24576	greninjabond	0	0	0	0	0	1	1	1	60	100	1	1	0	Move	1	brn	aguavberry	2	-1	1	0	1	ability:0:tabletsofruin|chain:0.75	undefined	undefined	24576	24576	24576	1	2
tabletsofruin	onAnyModifyAtk	1065	0	1	60	Ghost	0	1	0	100	-1	0	0	greninjabond	0	1	0	1	0	0	1	2	100	100	1	0	0	missing	1	brn	figyberry	1	-1	99	0	0	ability:0:tabletsofruin	undefined	false	0	0	0	0	2
tabletsofruin	onAnyModifyAtk	1066	0	0	60	Bug	1	1	0	10	20	0	24576	greninjaash	0	1	0	0	0	6	0	0	100	0	1	1	false	missing	1	psn	iapapaberry	2	-1	99	1	1	ability:0:tabletsofruin	undefined	false	24576	24576	24576	6	2
tabletsofruin	onAnyModifyAtk	1067	6	1	0	Dark	0	0	1	10	0	-1	24576	greninjabond	0	1	0	0	1	6	0	2	100	100	1	0	undefined	missing	1	psn	magoberry	1	1	99	0	0	ability:0:tabletsofruin	undefined	undefined	24576	24576	24576	6	0
tabletsofruin	onAnyModifyAtk	1068	1	6	61	Fire	0	1	1	0	-1	1	24576	greninjaash	0	0	1	1	0	1	1	0	0	160	1	1	0	missing	0	psn	leftovers	0	1	99	1	1	ability:0:tabletsofruin	undefined	true	24576	24576	24576	1	2
tabletsofruin	onAnyModifyAtk	1069	6	6	0	Bug	0	1	0	20	20	-1	8192	pikachu	1	0	1	1	1	0	1	2	0	160	1	0	true	Ability	0	psn	figyberry	1	-1	0	0	1	ability:0:tabletsofruin	undefined	undefined	8192	8192	8192	0	2
tabletsofruin	onAnyModifyAtk	1070	0	1	70	Bug	1	0	1	100	-1	1	24576	greninjabond	0	1	0	1	0	6	0	2	60	160	0	1	0	Move	0	brn	magoberry	2	-1	-1	1	0	ability:0:tabletsofruin	undefined	true	24576	24576	24576	6	0
tabletsofruin	onAnyModifyAtk	1071	1	6	60	Bug	0	0	0	10	100	0	16384	greninjabond	1	0	0	0	1	6	0	0	60	100	0	0	true	Ability	0	brn	wikiberry	2	0	1	0	0	ability:0:tabletsofruin	undefined	false	16384	16384	16384	6	0
tabletsofruin	onAnyModifyAtk	1072	-1	6	60	Fire	1	1	0	100	20	-1	8192	greninjaash	0	1	0	1	0	6	1	2	60	160	0	0	false	Ability	1	brn	iapapaberry	0	1	0	0	1	ability:0:tabletsofruin|chain:0.75	undefined	undefined	8192	8192	8192	6	2
tabletsofruin	onAnyModifyAtk	1073	-1	1	61	Dark	0	0	0	20	20	1	24576	pikachu	1	0	0	0	0	1	1	2	60	160	1	0	null	Move	0	brn	sitrusberry	2	-1	0	0	0	ability:0:tabletsofruin|chain:0.75	undefined	true	24576	24576	24576	1	0
tabletsofruin	onAnyModifyAtk	1074	-1	0	61	Dark	0	1	0	100	100	-1	8192	greninjabond	0	0	0	0	1	0	1	0	0	100	0	1	null	Move	0	brn	sitrusberry	1	1	99	0	0	ability:0:tabletsofruin	undefined	undefined	8192	8192	8192	0	2
tabletsofruin	onAnyModifyAtk	1075	0	6	60	Dark	0	0	0	20	-1	0	24576	pikachu	0	1	1	0	0	-1	0	1	0	100	0	0	0	missing	1	psn	aguavberry	0	-1	1	1	1	ability:0:tabletsofruin|chain:0.75	undefined	false	24576	24576	24576	6	0
tabletsofruin	onAnyModifyAtk	1076	-1	1	60	Ghost	1	0	0	100	20	0	2048	greninjabond	1	0	1	0	1	0	1	1	0	0	0	0	false	missing	0	psn	sitrusberry	2	-1	-1	1	1	ability:0:tabletsofruin	undefined	false	2048	2048	2048	0	0
tabletsofruin	onAnyModifyAtk	1077	0	0	0	Normal	0	0	0	0	20	1	2048	greninjaash	0	1	1	0	0	6	1	1	100	100	1	1	null	Move	1	brn	leftovers	2	1	0	0	1	ability:0:tabletsofruin	undefined	true	2048	2048	2048	6	0
tabletsofruin	onAnyModifyAtk	1078	1	0	70	Ghost	1	0	1	100	0	-1	0	pikachu	0	1	0	1	1	-1	0	1	0	100	0	1	null	Ability	1	psn	figyberry	0	-1	1	0	0	ability:0:tabletsofruin	undefined	undefined	0	0	0	-1	0
tabletsofruin	onAnyModifyAtk	1079	6	6	60	Bug	1	0	1	0	-1	-1	0	pikachu	0	0	1	1	0	1	0	0	100	160	1	0	undefined	Ability	0	psn	aguavberry	0	0	99	0	1	ability:0:tabletsofruin	undefined	undefined	0	0	0	1	0
tabletsofruin	onAnyModifyAtk	1080	-1	1	0	Ghost	0	0	1	0	0	-1	8	greninjaash	1	1	1	0	0	0	0	2	100	0	0	1	undefined	Ability	0	psn	aguavberry	2	0	-1	0	0	ability:0:tabletsofruin	undefined	undefined	8	8	8	0	0
tabletsofruin	onAnyModifyAtk	1081	-1	1	0	Normal	1	1	0	20	0	0	16384	pikachu	0	1	1	0	0	1	0	2	60	160	0	0	0	missing	1	psn	leftovers	0	0	1	0	0	ability:0:tabletsofruin|chain:0.75	undefined	false	16384	16384	16384	1	2
tabletsofruin	onAnyModifyAtk	1082	6	6	70	Normal	0	0	1	10	-1	1	2048	pikachu	0	0	1	0	0	-1	1	1	0	0	0	1	true	missing	1	psn	sitrusberry	2	0	99	1	0	ability:0:tabletsofruin|chain:0.75	undefined	true	2048	2048	2048	6	0
tabletsofruin	onAnyModifyAtk	1083	-1	1	40	Water	0	0	1	20	-1	1	8192	pikachu	0	1	1	1	1	0	0	2	0	160	1	1	true	Move	0	psn	figyberry	2	0	-1	1	0	ability:0:tabletsofruin	undefined	true	8192	8192	8192	0	0
tabletsofruin	onAnyModifyAtk	1084	6	0	0	Ghost	0	1	1	20	20	-1	2048	greninjabond	0	1	0	1	1	0	1	2	100	160	0	1	null	missing	0	psn	wikiberry	1	-1	0	1	0	ability:0:tabletsofruin	undefined	undefined	2048	2048	2048	0	2
tabletsofruin	onAnyModifyAtk	1085	1	1	0	Dark	1	1	0	10	-1	0	24576	greninjabond	0	0	1	0	0	0	0	2	0	100	1	1	0	Ability	0	psn	wikiberry	2	0	0	0	1	ability:0:tabletsofruin	undefined	false	24576	24576	24576	0	2
tabletsofruin	onAnyModifyAtk	1086	6	0	40	Normal	1	1	1	100	0	0	8192	greninjaash	1	0	0	1	0	-1	1	0	0	100	1	1	true	missing	1	brn	magoberry	0	1	-1	1	1	ability:0:tabletsofruin|chain:0.75	undefined	false	8192	8192	8192	0	2
tabletsofruin	onAnyModifyAtk	1087	-1	0	0	Normal	1	0	0	20	0	0	0	greninjabond	0	0	1	0	0	0	0	1	100	100	0	1	false	Ability	0	psn	aguavberry	2	0	99	1	0	ability:0:tabletsofruin|chain:0.75	undefined	false	0	0	0	0	0
tabletsofruin	onAnyModifyAtk	1088	-1	6	40	Ghost	1	0	1	10	20	-1	0	pikachu	0	0	0	1	0	1	0	1	60	160	1	0	true	Move	0	psn	leftovers	1	0	99	1	0	ability:0:tabletsofruin	undefined	undefined	0	0	0	1	0
tabletsofruin	onAnyModifyAtk	1089	-1	0	70	Ghost	0	0	1	20	20	-1	8192	pikachu	0	1	1	1	0	1	1	0	60	0	0	1	false	Ability	1	psn	magoberry	1	-1	-1	1	0	ability:0:tabletsofruin	undefined	undefined	8192	8192	8192	1	0
tabletsofruin	onAnyModifyAtk	1090	1	6	40	Ghost	0	0	1	100	20	0	24576	pikachu	0	1	1	0	1	1	0	1	100	100	0	1	null	Move	1	brn	leftovers	0	1	99	1	1	ability:0:tabletsofruin	undefined	false	24576	24576	24576	1	0
tabletsofruin	onAnyModifyAtk	1091	6	1	70	Water	1	0	0	100	20	0	16384	greninjabond	1	1	0	1	1	1	1	0	0	0	0	0	false	Ability	0	brn	leftovers	0	0	99	0	1	ability:0:tabletsofruin	undefined	false	16384	16384	16384	1	0
tabletsofruin	onAnyModifyAtk	1092	0	1	0	Fire	1	1	1	10	20	0	16384	pikachu	1	1	1	0	1	-1	0	0	0	160	1	0	null	missing	1	psn	wikiberry	1	1	1	1	0	ability:0:tabletsofruin	undefined	false	16384	16384	16384	-1	2
tabletsofruin	onAnyModifyAtk	1093	-1	6	60	Ghost	0	0	0	100	-1	1	0	greninjaash	1	0	1	0	0	6	1	0	100	160	1	0	null	missing	0	psn	wikiberry	0	-1	-1	0	1	ability:0:tabletsofruin|chain:0.75	undefined	true	0	0	0	6	0
tabletsofruin	onAnyModifyAtk	1094	-1	1	60	Fire	0	1	0	100	100	0	8192	greninjabond	1	0	1	1	1	0	0	2	100	100	1	1	null	Move	0	psn	aguavberry	0	0	1	1	0	ability:0:tabletsofruin	undefined	false	8192	8192	8192	0	2
tabletsofruin	onAnyModifyAtk	1095	-1	6	40	Ghost	1	0	1	10	100	1	16384	greninjabond	0	0	0	0	1	-1	0	0	0	0	1	1	0	Move	0	brn	sitrusberry	2	0	-1	0	1	ability:0:tabletsofruin	undefined	true	16384	16384	16384	-1	0
tabletsofruin	onAnyModifyAtk	1096	-1	1	40	Normal	1	1	0	20	0	1	16384	greninjaash	1	0	1	0	1	-1	0	2	100	160	0	1	false	Ability	0	psn	magoberry	0	-1	99	1	1	ability:0:tabletsofruin	undefined	true	16384	16384	16384	-1	2
tabletsofruin	onAnyModifyAtk	1097	-1	0	60	Fire	1	1	1	10	100	-1	8192	greninjabond	1	0	1	1	1	1	0	2	60	160	0	1	0	Ability	0	brn	aguavberry	1	-1	0	1	0	ability:0:tabletsofruin	undefined	undefined	8192	8192	8192	1	2
tabletsofruin	onAnyModifyAtk	1098	0	6	61	Water	0	1	1	10	100	-1	24576	greninjaash	0	1	1	0	1	0	1	2	100	160	1	1	null	Move	0	psn	sitrusberry	2	-1	99	0	1	ability:0:tabletsofruin	undefined	undefined	24576	24576	24576	0	2
tabletsofruin	onAnyModifyAtk	1099	0	6	40	Ghost	1	0	1	0	100	1	16384	pikachu	1	1	1	0	0	6	1	0	60	0	1	0	null	Ability	0	brn	sitrusberry	0	0	0	1	0	ability:0:tabletsofruin|chain:0.75	undefined	true	16384	16384	16384	6	0
tabletsofruin	onAnyModifyAtk	1100	6	1	61	Dark	1	0	0	0	20	-1	8192	pikachu	0	0	1	1	1	-1	0	0	60	160	0	1	true	Ability	1	psn	aguavberry	0	1	-1	1	0	ability:0:tabletsofruin	undefined	undefined	8192	8192	8192	-1	0
tabletsofruin	onAnyModifyAtk	1101	1	1	40	Normal	0	1	0	0	-1	1	0	greninjabond	0	1	0	1	0	0	0	0	100	160	0	0	false	Move	1	brn	magoberry	2	0	-1	1	1	ability:0:tabletsofruin	undefined	true	0	0	0	0	2
tabletsofruin	onAnyModifyAtk	1102	0	1	0	Bug	0	1	0	100	20	1	0	greninjaash	1	1	1	1	1	1	0	0	0	100	1	1	0	missing	1	brn	leftovers	2	-1	-1	0	0	ability:0:tabletsofruin	undefined	true	0	0	0	1	2
tabletsofruin	onAnyModifyAtk	1103	0	0	60	Ghost	0	0	0	100	-1	0	0	pikachu	1	1	1	1	0	6	0	1	0	100	1	0	false	missing	0	brn	wikiberry	0	1	-1	1	0	ability:0:tabletsofruin	undefined	false	0	0	0	6	0
tabletsofruin	onAnyModifyAtk	1104	0	6	61	Normal	0	0	1	100	100	-1	2048	greninjabond	0	1	1	0	1	0	0	0	0	100	1	0	null	missing	1	psn	wikiberry	2	-1	1	1	1	ability:0:tabletsofruin	undefined	undefined	2048	2048	2048	0	0
tabletsofruin	onAnyModifyAtk	1105	6	0	40	Water	1	0	1	10	-1	1	0	greninjaash	0	1	1	0	1	1	1	0	0	0	0	0	undefined	Move	1	brn	leftovers	1	-1	99	1	0	ability:0:tabletsofruin	undefined	true	0	0	0	1	0
tabletsofruin	onAnyModifyAtk	1106	0	6	0	Fire	0	1	0	100	0	0	16384	greninjaash	1	1	0	0	0	6	1	2	100	100	1	1	undefined	Move	1	brn	sitrusberry	2	1	99	1	0	ability:0:tabletsofruin|chain:0.75	undefined	false	16384	16384	16384	6	2
tabletsofruin	onAnyModifyAtk	1107	-1	0	61	Dark	1	0	0	0	100	1	2048	greninjabond	1	1	0	0	1	-1	1	2	100	0	1	1	undefined	Ability	0	psn	figyberry	0	0	-1	1	1	ability:0:tabletsofruin	undefined	true	2048	2048	2048	-1	0
tabletsofruin	onAnyModifyAtk	1108	0	1	60	Dark	0	0	1	100	20	0	24576	greninjabond	1	1	0	1	1	-1	0	1	60	160	0	0	true	Ability	1	psn	sitrusberry	1	-1	0	0	1	ability:0:tabletsofruin	undefined	false	24576	24576	24576	-1	0
tabletsofruin	onAnyModifyAtk	1109	-1	1	70	Water	1	0	1	20	0	1	8192	greninjaash	0	0	0	1	1	6	1	0	60	100	0	0	0	Ability	0	brn	aguavberry	1	1	99	1	1	ability:0:tabletsofruin	undefined	true	8192	8192	8192	6	0
tabletsofruin	onAnyModifyAtk	1110	6	0	60	Ghost	0	0	0	100	-1	1	8	pikachu	1	1	1	1	0	1	1	0	0	100	0	1	undefined	Ability	1	psn	sitrusberry	2	1	99	1	1	ability:0:tabletsofruin	undefined	true	8	8	8	1	0
tabletsofruin	onAnyModifyAtk	1111	1	0	0	Water	0	1	0	20	0	0	2048	greninjaash	1	1	0	1	1	1	1	2	60	160	0	1	true	missing	1	brn	figyberry	1	1	0	1	0	ability:0:tabletsofruin	undefined	false	2048	2048	2048	1	2
tabletsofruin	onAnyModifyAtk	1112	0	1	60	Water	1	0	0	0	-1	0	8	pikachu	0	1	0	1	1	6	1	2	100	0	1	1	0	Ability	1	psn	magoberry	2	-1	0	1	0	ability:0:tabletsofruin	undefined	false	8	8	8	6	0
tabletsofruin	onAnyModifyAtk	1113	6	0	70	Water	0	1	1	0	100	1	8	greninjabond	0	0	1	0	1	1	1	1	100	100	0	0	false	Ability	0	psn	figyberry	0	1	0	0	0	ability:0:tabletsofruin	undefined	true	8	8	8	1	2
tabletsofruin	onAnyModifyAtk	1114	-1	0	0	Water	1	0	0	10	-1	0	8192	greninjaash	1	0	0	0	1	1	0	0	60	0	1	1	0	Move	1	psn	sitrusberry	1	1	99	0	0	ability:0:tabletsofruin	undefined	false	8192	8192	8192	1	0
tabletsofruin	onAnyModifyAtk	1115	6	6	60	Bug	0	0	0	10	0	1	16384	greninjabond	0	1	1	1	1	0	1	2	60	100	0	1	0	missing	0	psn	magoberry	0	0	99	0	1	ability:0:tabletsofruin	undefined	true	16384	16384	16384	0	0
tabletsofruin	onAnyModifyAtk	1116	6	1	70	Fire	1	1	1	20	20	-1	8192	pikachu	1	1	1	0	0	6	0	0	60	100	1	1	0	missing	0	psn	wikiberry	0	1	1	0	1	ability:0:tabletsofruin	undefined	undefined	8192	8192	8192	6	2
tabletsofruin	onAnyModifyAtk	1117	0	1	0	Ghost	0	1	1	0	0	1	2048	greninjabond	1	1	0	0	1	0	1	2	60	160	0	1	null	Move	1	psn	wikiberry	1	0	99	1	1	ability:0:tabletsofruin	undefined	true	2048	2048	2048	0	2
tabletsofruin	onAnyModifyAtk	1118	-1	6	70	Normal	0	0	1	100	0	0	8	pikachu	1	0	0	0	1	6	0	0	60	100	0	0	true	missing	0	brn	magoberry	2	0	0	0	1	ability:0:tabletsofruin	undefined	false	8	8	8	6	0
tabletsofruin	onAnyModifyAtk	1119	6	6	60	Bug	0	1	1	10	100	1	8	greninjaash	1	1	1	0	1	1	1	2	100	160	1	1	undefined	Move	1	psn	magoberry	2	-1	0	0	1	ability:0:tabletsofruin	undefined	true	8	8	8	1	2
tabletsofruin	onAnyModifyAtk	1120	0	1	70	Water	0	1	0	10	100	0	8192	greninjaash	1	0	1	0	1	-1	1	1	60	100	0	0	null	Ability	1	psn	sitrusberry	2	1	-1	1	0	ability:0:tabletsofruin	undefined	false	8192	8192	8192	-1	2
tabletsofruin	onAnyModifyAtk	1121	6	6	40	Ghost	1	0	1	0	0	0	2048	pikachu	1	1	0	0	0	1	0	1	0	100	1	1	0	Move	1	brn	aguavberry	2	0	1	0	0	ability:0:tabletsofruin	undefined	false	2048	2048	2048	1	0
tabletsofruin	onAnyModifyAtk	1122	6	0	40	Fire	1	0	0	100	20	1	8	greninjabond	1	0	0	0	0	-1	1	2	100	0	0	1	null	missing	0	brn	wikiberry	1	-1	99	1	1	ability:0:tabletsofruin|chain:0.75	undefined	true	8	8	8	0	0
tabletsofruin	onAnyModifyAtk	1123	0	1	40	Water	0	0	1	10	-1	-1	2048	pikachu	0	1	0	0	0	6	1	0	0	0	1	0	false	Move	0	brn	figyberry	2	0	0	1	0	ability:0:tabletsofruin	undefined	undefined	2048	2048	2048	6	0
tabletsofruin	onAnyModifyAtk	1124	1	0	40	Fire	0	1	0	10	100	0	16384	greninjabond	0	0	1	1	0	6	1	1	100	0	0	0	null	missing	0	psn	aguavberry	2	-1	99	0	0	ability:0:tabletsofruin	undefined	false	16384	16384	16384	6	2
tabletsofruin	onAnyModifyAtk	1125	6	6	70	Bug	0	0	1	10	0	-1	8192	greninjaash	0	0	0	0	1	6	0	2	60	0	0	1	0	Move	0	psn	leftovers	0	0	1	0	0	ability:0:tabletsofruin	undefined	undefined	8192	8192	8192	6	0
tabletsofruin	onAnyModifyAtk	1126	0	6	60	Dark	0	1	1	0	0	-1	2048	greninjaash	1	0	0	0	0	6	1	1	100	160	0	0	0	Ability	1	psn	figyberry	0	1	99	1	0	ability:0:tabletsofruin|chain:0.75	undefined	undefined	2048	2048	2048	6	2
tabletsofruin	onAnyModifyAtk	1127	6	0	61	Ghost	0	1	0	100	20	-1	8192	greninjaash	0	1	1	0	0	0	1	1	0	0	0	0	false	Ability	1	psn	wikiberry	2	1	1	1	0	ability:0:tabletsofruin|chain:0.75	undefined	undefined	8192	8192	8192	0	2
tabletsofruin	onAnyModifyAtk	1128	0	6	40	Water	1	1	1	20	-1	-1	24576	greninjabond	0	0	1	1	1	1	1	1	60	160	1	1	undefined	Move	0	psn	sitrusberry	0	1	99	0	0	ability:0:tabletsofruin	undefined	undefined	24576	24576	24576	1	2
tabletsofruin	onAnyModifyAtk	1129	1	6	40	Fire	1	1	0	100	20	0	8	pikachu	0	0	0	1	0	1	1	0	100	0	1	1	null	missing	0	brn	leftovers	1	-1	-1	0	0	ability:0:tabletsofruin	undefined	false	8	8	8	1	2
tabletsofruin	onAnyModifyAtk	1130	1	1	61	Bug	1	1	1	10	0	1	0	greninjaash	1	1	1	0	1	6	1	1	60	160	0	1	null	missing	1	psn	iapapaberry	1	1	99	0	0	ability:0:tabletsofruin	undefined	true	0	0	0	6	2
