# effect	hook	profile	source	owner	hp	type	physical	multihit	smart	total	last	checked	flags	species	turns	contact	suppress	secondaries	ability	old	oldability	foes	def	spd	substitute	tailwind	boostresult	effecttype	effectstatus	status	item	length	lowered	atkboost	wind	shuriken	trace	return	checked	flags0	flags1	flags6	old	multihit
thermalexchange	onDamagingHit	0	6	0	40	Fire	1	0	0	100	20	-1	0	greninjabond	1	1	0	0	0	-1	0	2	100	100	0	0	true	Move	1	brn	sitrusberry	1	-1	-1	1	1	boost:atk=1:undefined:undefined:undefined:false:false	undefined	undefined	0	0	0	-1	0
thermalexchange	onDamagingHit	1	6	0	40	Fire	1	0	0	100	20	-1	0	greninjabond	1	1	0	0	0	-1	0	2	100	100	0	0	true	Move	1	brn	sitrusberry	1	-1	-1	1	1	boost:atk=1:undefined:undefined:undefined:false:false	undefined	undefined	0	0	0	-1	0
thermalexchange	onDamagingHit	2	1	0	40	Fire	1	0	0	100	20	-1	0	greninjabond	1	1	0	0	0	-1	0	2	100	100	0	0	true	Move	1	brn	sitrusberry	1	-1	-1	1	1	boost:atk=1:undefined:undefined:undefined:false:false	undefined	undefined	0	0	0	-1	0
thermalexchange	onDamagingHit	3	0	0	40	Fire	1	0	0	100	20	-1	0	greninjabond	1	1	0	0	0	-1	0	2	100	100	0	0	true	Move	1	brn	sitrusberry	1	-1	-1	1	1	boost:atk=1:undefined:undefined:undefined:false:false	undefined	undefined	0	0	0	-1	0
thermalexchange	onDamagingHit	4	-1	0	40	Fire	1	0	0	100	20	-1	0	greninjabond	1	1	0	0	0	-1	0	2	100	100	0	0	true	Move	1	brn	sitrusberry	1	-1	-1	1	1	boost:atk=1:undefined:undefined:undefined:false:false	undefined	undefined	0	0	0	-1	0
thermalexchange	onDamagingHit	5	6	0	40	Fire	1	0	0	100	20	-1	0	greninjabond	1	1	0	0	0	-1	0	2	100	100	0	0	true	Move	1	brn	sitrusberry	1	-1	-1	1	1	boost:atk=1:undefined:undefined:undefined:false:false	undefined	undefined	0	0	0	-1	0
thermalexchange	onDamagingHit	6	6	1	40	Fire	1	0	0	100	20	-1	0	greninjabond	1	1	0	0	0	-1	0	2	100	100	0	0	true	Move	1	brn	sitrusberry	1	-1	-1	1	1	boost:atk=1:undefined:undefined:undefined:false:false	undefined	undefined	0	0	0	-1	0
thermalexchange	onDamagingHit	7	6	6	40	Fire	1	0	0	100	20	-1	0	greninjabond	1	1	0	0	0	-1	0	2	100	100	0	0	true	Move	1	brn	sitrusberry	1	-1	-1	1	1	boost:atk=1:undefined:undefined:undefined:false:false	undefined	undefined	0	0	0	-1	0
thermalexchange	onDamagingHit	8	6	0	40	Fire	1	0	0	100	20	-1	0	greninjabond	1	1	0	0	0	-1	0	2	100	100	0	0	true	Move	1	brn	sitrusberry	1	-1	-1	1	1	boost:atk=1:undefined:undefined:undefined:false:false	undefined	undefined	0	0	0	-1	0
thermalexchange	onDamagingHit	9	6	0	0	Fire	1	0	0	100	20	-1	0	greninjabond	1	1	0	0	0	-1	0	2	100	100	0	0	true	Move	1	brn	sitrusberry	1	-1	-1	1	1	boost:atk=1:undefined:undefined:undefined:false:false	undefined	undefined	0	0	0	-1	0
thermalexchange	onDamagingHit	10	6	0	60	Fire	1	0	0	100	20	-1	0	greninjabond	1	1	0	0	0	-1	0	2	100	100	0	0	true	Move	1	brn	sitrusberry	1	-1	-1	1	1	boost:atk=1:undefined:undefined:undefined:false:false	undefined	undefined	0	0	0	-1	0
thermalexchange	onDamagingHit	11	6	0	61	Fire	1	0	0	100	20	-1	0	greninjabond	1	1	0	0	0	-1	0	2	100	100	0	0	true	Move	1	brn	sitrusberry	1	-1	-1	1	1	boost:atk=1:undefined:undefined:undefined:false:false	undefined	undefined	0	0	0	-1	0
thermalexchange	onDamagingHit	12	6	0	70	Fire	1	0	0	100	20	-1	0	greninjabond	1	1	0	0	0	-1	0	2	100	100	0	0	true	Move	1	brn	sitrusberry	1	-1	-1	1	1	boost:atk=1:undefined:undefined:undefined:false:false	undefined	undefined	0	0	0	-1	0
thermalexchange	onDamagingHit	13	6	0	40	Fire	1	0	0	100	20	-1	0	greninjabond	1	1	0	0	0	-1	0	2	100	100	0	0	true	Move	1	brn	sitrusberry	1	-1	-1	1	1	boost:atk=1:undefined:undefined:undefined:false:false	undefined	undefined	0	0	0	-1	0
thermalexchange	onDamagingHit	14	6	0	40	Water	1	0	0	100	20	-1	0	greninjabond	1	1	0	0	0	-1	0	2	100	100	0	0	true	Move	1	brn	sitrusberry	1	-1	-1	1	1		undefined	undefined	0	0	0	-1	0
thermalexchange	onDamagingHit	15	6	0	40	Dark	1	0	0	100	20	-1	0	greninjabond	1	1	0	0	0	-1	0	2	100	100	0	0	true	Move	1	brn	sitrusberry	1	-1	-1	1	1		undefined	undefined	0	0	0	-1	0
thermalexchange	onDamagingHit	16	6	0	40	Bug	1	0	0	100	20	-1	0	greninjabond	1	1	0	0	0	-1	0	2	100	100	0	0	true	Move	1	brn	sitrusberry	1	-1	-1	1	1		undefined	undefined	0	0	0	-1	0
thermalexchange	onDamagingHit	17	6	0	40	Ghost	1	0	0	100	20	-1	0	greninjabond	1	1	0	0	0	-1	0	2	100	100	0	0	true	Move	1	brn	sitrusberry	1	-1	-1	1	1		undefined	undefined	0	0	0	-1	0
thermalexchange	onDamagingHit	18	6	0	40	Normal	1	0	0	100	20	-1	0	greninjabond	1	1	0	0	0	-1	0	2	100	100	0	0	true	Move	1	brn	sitrusberry	1	-1	-1	1	1		undefined	undefined	0	0	0	-1	0
thermalexchange	onDamagingHit	19	6	0	40	Fire	1	0	0	100	20	-1	0	greninjabond	1	1	0	0	0	-1	0	2	100	100	0	0	true	Move	1	brn	sitrusberry	1	-1	-1	1	1	boost:atk=1:undefined:undefined:undefined:false:false	undefined	undefined	0	0	0	-1	0
thermalexchange	onDamagingHit	20	6	0	40	Fire	0	0	0	100	20	-1	0	greninjabond	1	1	0	0	0	-1	0	2	100	100	0	0	true	Move	1	brn	sitrusberry	1	-1	-1	1	1	boost:atk=1:undefined:undefined:undefined:false:false	undefined	undefined	0	0	0	-1	0
thermalexchange	onDamagingHit	21	6	0	40	Fire	1	0	0	100	20	-1	0	greninjabond	1	1	0	0	0	-1	0	2	100	100	0	0	true	Move	1	brn	sitrusberry	1	-1	-1	1	1	boost:atk=1:undefined:undefined:undefined:false:false	undefined	undefined	0	0	0	-1	0
thermalexchange	onDamagingHit	22	6	0	40	Fire	1	1	0	100	20	-1	0	greninjabond	1	1	0	0	0	-1	0	2	100	100	0	0	true	Move	1	brn	sitrusberry	1	-1	-1	1	1	boost:atk=1:undefined:undefined:undefined:false:false	undefined	undefined	0	0	0	-1	2
thermalexchange	onDamagingHit	23	6	0	40	Fire	1	0	0	100	20	-1	0	greninjabond	1	1	0	0	0	-1	0	2	100	100	0	0	true	Move	1	brn	sitrusberry	1	-1	-1	1	1	boost:atk=1:undefined:undefined:undefined:false:false	undefined	undefined	0	0	0	-1	0
thermalexchange	onDamagingHit	24	6	0	40	Fire	1	0	1	100	20	-1	0	greninjabond	1	1	0	0	0	-1	0	2	100	100	0	0	true	Move	1	brn	sitrusberry	1	-1	-1	1	1	boost:atk=1:undefined:undefined:undefined:false:false	undefined	undefined	0	0	0	-1	0
thermalexchange	onDamagingHit	25	6	0	40	Fire	1	0	0	100	20	-1	0	greninjabond	1	1	0	0	0	-1	0	2	100	100	0	0	true	Move	1	brn	sitrusberry	1	-1	-1	1	1	boost:atk=1:undefined:undefined:undefined:false:false	undefined	undefined	0	0	0	-1	0
thermalexchange	onDamagingHit	26	6	0	40	Fire	1	0	0	0	20	-1	0	greninjabond	1	1	0	0	0	-1	0	2	100	100	0	0	true	Move	1	brn	sitrusberry	1	-1	-1	1	1	boost:atk=1:undefined:undefined:undefined:false:false	undefined	undefined	0	0	0	-1	0
thermalexchange	onDamagingHit	27	6	0	40	Fire	1	0	0	10	20	-1	0	greninjabond	1	1	0	0	0	-1	0	2	100	100	0	0	true	Move	1	brn	sitrusberry	1	-1	-1	1	1	boost:atk=1:undefined:undefined:undefined:false:false	undefined	undefined	0	0	0	-1	0
thermalexchange	onDamagingHit	28	6	0	40	Fire	1	0	0	20	20	-1	0	greninjabond	1	1	0	0	0	-1	0	2	100	100	0	0	true	Move	1	brn	sitrusberry	1	-1	-1	1	1	boost:atk=1:undefined:undefined:undefined:false:false	undefined	undefined	0	0	0	-1	0
thermalexchange	onDamagingHit	29	6	0	40	Fire	1	0	0	100	20	-1	0	greninjabond	1	1	0	0	0	-1	0	2	100	100	0	0	true	Move	1	brn	sitrusberry	1	-1	-1	1	1	boost:atk=1:undefined:undefined:undefined:false:false	undefined	undefined	0	0	0	-1	0
thermalexchange	onDamagingHit	30	6	0	40	Fire	1	0	0	100	-1	-1	0	greninjabond	1	1	0	0	0	-1	0	2	100	100	0	0	true	Move	1	brn	sitrusberry	1	-1	-1	1	1	boost:atk=1:undefined:undefined:undefined:false:false	undefined	undefined	0	0	0	-1	0
thermalexchange	onDamagingHit	31	6	0	40	Fire	1	0	0	100	0	-1	0	greninjabond	1	1	0	0	0	-1	0	2	100	100	0	0	true	Move	1	brn	sitrusberry	1	-1	-1	1	1	boost:atk=1:undefined:undefined:undefined:false:false	undefined	undefined	0	0	0	-1	0
thermalexchange	onDamagingHit	32	6	0	40	Fire	1	0	0	100	100	-1	0	greninjabond	1	1	0	0	0	-1	0	2	100	100	0	0	true	Move	1	brn	sitrusberry	1	-1	-1	1	1	boost:atk=1:undefined:undefined:undefined:false:false	undefined	undefined	0	0	0	-1	0
thermalexchange	onDamagingHit	33	6	0	40	Fire	1	0	0	100	20	-1	0	greninjabond	1	1	0	0	0	-1	0	2	100	100	0	0	true	Move	1	brn	sitrusberry	1	-1	-1	1	1	boost:atk=1:undefined:undefined:undefined:false:false	undefined	undefined	0	0	0	-1	0
thermalexchange	onDamagingHit	34	6	0	40	Fire	1	0	0	100	20	0	0	greninjabond	1	1	0	0	0	-1	0	2	100	100	0	0	true	Move	1	brn	sitrusberry	1	-1	-1	1	1	boost:atk=1:undefined:undefined:undefined:false:false	undefined	false	0	0	0	-1	0
thermalexchange	onDamagingHit	35	6	0	40	Fire	1	0	0	100	20	1	0	greninjabond	1	1	0	0	0	-1	0	2	100	100	0	0	true	Move	1	brn	sitrusberry	1	-1	-1	1	1	boost:atk=1:undefined:undefined:undefined:false:false	undefined	true	0	0	0	-1	0
thermalexchange	onDamagingHit	36	6	0	40	Fire	1	0	0	100	20	-1	0	greninjabond	1	1	0	0	0	-1	0	2	100	100	0	0	true	Move	1	brn	sitrusberry	1	-1	-1	1	1	boost:atk=1:undefined:undefined:undefined:false:false	undefined	undefined	0	0	0	-1	0
thermalexchange	onDamagingHit	37	6	0	40	Fire	1	0	0	100	20	-1	8	greninjabond	1	1	0	0	0	-1	0	2	100	100	0	0	true	Move	1	brn	sitrusberry	1	-1	-1	1	1	boost:atk=1:undefined:undefined:undefined:false:false	undefined	undefined	8	8	8	-1	0
thermalexchange	onDamagingHit	38	6	0	40	Fire	1	0	0	100	20	-1	2048	greninjabond	1	1	0	0	0	-1	0	2	100	100	0	0	true	Move	1	brn	sitrusberry	1	-1	-1	1	1	boost:atk=1:undefined:undefined:undefined:false:false	undefined	undefined	2048	2048	2048	-1	0
thermalexchange	onDamagingHit	39	6	0	40	Fire	1	0	0	100	20	-1	8192	greninjabond	1	1	0	0	0	-1	0	2	100	100	0	0	true	Move	1	brn	sitrusberry	1	-1	-1	1	1	boost:atk=1:undefined:undefined:undefined:false:false	undefined	undefined	8192	8192	8192	-1	0
thermalexchange	onDamagingHit	40	6	0	40	Fire	1	0	0	100	20	-1	16384	greninjabond	1	1	0	0	0	-1	0	2	100	100	0	0	true	Move	1	brn	sitrusberry	1	-1	-1	1	1	boost:atk=1:undefined:undefined:undefined:false:false	undefined	undefined	16384	16384	16384	-1	0
thermalexchange	onDamagingHit	41	6	0	40	Fire	1	0	0	100	20	-1	24576	greninjabond	1	1	0	0	0	-1	0	2	100	100	0	0	true	Move	1	brn	sitrusberry	1	-1	-1	1	1	boost:atk=1:undefined:undefined:undefined:false:false	undefined	undefined	24576	24576	24576	-1	0
thermalexchange	onDamagingHit	42	6	0	40	Fire	1	0	0	100	20	-1	0	greninjabond	1	1	0	0	0	-1	0	2	100	100	0	0	true	Move	1	brn	sitrusberry	1	-1	-1	1	1	boost:atk=1:undefined:undefined:undefined:false:false	undefined	undefined	0	0	0	-1	0
thermalexchange	onDamagingHit	43	6	0	40	Fire	1	0	0	100	20	-1	0	greninjaash	1	1	0	0	0	-1	0	2	100	100	0	0	true	Move	1	brn	sitrusberry	1	-1	-1	1	1	boost:atk=1:undefined:undefined:undefined:false:false	undefined	undefined	0	0	0	-1	0
thermalexchange	onDamagingHit	44	6	0	40	Fire	1	0	0	100	20	-1	0	pikachu	1	1	0	0	0	-1	0	2	100	100	0	0	true	Move	1	brn	sitrusberry	1	-1	-1	1	1	boost:atk=1:undefined:undefined:undefined:false:false	undefined	undefined	0	0	0	-1	0
thermalexchange	onDamagingHit	45	6	0	40	Fire	1	0	0	100	20	-1	0	greninjabond	1	1	0	0	0	-1	0	2	100	100	0	0	true	Move	1	brn	sitrusberry	1	-1	-1	1	1	boost:atk=1:undefined:undefined:undefined:false:false	undefined	undefined	0	0	0	-1	0
thermalexchange	onDamagingHit	46	6	0	40	Fire	1	0	0	100	20	-1	0	greninjabond	0	1	0	0	0	-1	0	2	100	100	0	0	true	Move	1	brn	sitrusberry	1	-1	-1	1	1	boost:atk=1:undefined:undefined:undefined:false:false	undefined	undefined	0	0	0	-1	0
thermalexchange	onDamagingHit	47	6	0	40	Fire	1	0	0	100	20	-1	0	greninjabond	1	1	0	0	0	-1	0	2	100	100	0	0	true	Move	1	brn	sitrusberry	1	-1	-1	1	1	boost:atk=1:undefined:undefined:undefined:false:false	undefined	undefined	0	0	0	-1	0
thermalexchange	onDamagingHit	48	6	0	40	Fire	1	0	0	100	20	-1	0	greninjabond	1	0	0	0	0	-1	0	2	100	100	0	0	true	Move	1	brn	sitrusberry	1	-1	-1	1	1	boost:atk=1:undefined:undefined:undefined:false:false	undefined	undefined	0	0	0	-1	0
thermalexchange	onDamagingHit	49	6	0	40	Fire	1	0	0	100	20	-1	0	greninjabond	1	1	0	0	0	-1	0	2	100	100	0	0	true	Move	1	brn	sitrusberry	1	-1	-1	1	1	boost:atk=1:undefined:undefined:undefined:false:false	undefined	undefined	0	0	0	-1	0
thermalexchange	onDamagingHit	50	6	0	40	Fire	1	0	0	100	20	-1	0	greninjabond	1	1	1	0	0	-1	0	2	100	100	0	0	true	Move	1	brn	sitrusberry	1	-1	-1	1	1	boost:atk=1:undefined:undefined:undefined:false:false	undefined	undefined	0	0	0	-1	0
thermalexchange	onDamagingHit	51	6	0	40	Fire	1	0	0	100	20	-1	0	greninjabond	1	1	0	0	0	-1	0	2	100	100	0	0	true	Move	1	brn	sitrusberry	1	-1	-1	1	1	boost:atk=1:undefined:undefined:undefined:false:false	undefined	undefined	0	0	0	-1	0
thermalexchange	onDamagingHit	52	6	0	40	Fire	1	0	0	100	20	-1	0	greninjabond	1	1	0	1	0	-1	0	2	100	100	0	0	true	Move	1	brn	sitrusberry	1	-1	-1	1	1	boost:atk=1:undefined:undefined:undefined:false:false	undefined	undefined	0	0	0	-1	0
thermalexchange	onDamagingHit	53	6	0	40	Fire	1	0	0	100	20	-1	0	greninjabond	1	1	0	0	0	-1	0	2	100	100	0	0	true	Move	1	brn	sitrusberry	1	-1	-1	1	1	boost:atk=1:undefined:undefined:undefined:false:false	undefined	undefined	0	0	0	-1	0
thermalexchange	onDamagingHit	54	6	0	40	Fire	1	0	0	100	20	-1	0	greninjabond	1	1	0	0	1	-1	0	2	100	100	0	0	true	Move	1	brn	sitrusberry	1	-1	-1	1	1	boost:atk=1:undefined:undefined:undefined:false:false	undefined	undefined	0	0	0	-1	0
thermalexchange	onDamagingHit	55	6	0	40	Fire	1	0	0	100	20	-1	0	greninjabond	1	1	0	0	0	-1	0	2	100	100	0	0	true	Move	1	brn	sitrusberry	1	-1	-1	1	1	boost:atk=1:undefined:undefined:undefined:false:false	undefined	undefined	0	0	0	-1	0
thermalexchange	onDamagingHit	56	6	0	40	Fire	1	0	0	100	20	-1	0	greninjabond	1	1	0	0	0	0	0	2	100	100	0	0	true	Move	1	brn	sitrusberry	1	-1	-1	1	1	boost:atk=1:undefined:undefined:undefined:false:false	undefined	undefined	0	0	0	0	0
thermalexchange	onDamagingHit	57	6	0	40	Fire	1	0	0	100	20	-1	0	greninjabond	1	1	0	0	0	1	0	2	100	100	0	0	true	Move	1	brn	sitrusberry	1	-1	-1	1	1	boost:atk=1:undefined:undefined:undefined:false:false	undefined	undefined	0	0	0	1	0
thermalexchange	onDamagingHit	58	6	0	40	Fire	1	0	0	100	20	-1	0	greninjabond	1	1	0	0	0	6	0	2	100	100	0	0	true	Move	1	brn	sitrusberry	1	-1	-1	1	1	boost:atk=1:undefined:undefined:undefined:false:false	undefined	undefined	0	0	0	6	0
thermalexchange	onDamagingHit	59	6	0	40	Fire	1	0	0	100	20	-1	0	greninjabond	1	1	0	0	0	-1	0	2	100	100	0	0	true	Move	1	brn	sitrusberry	1	-1	-1	1	1	boost:atk=1:undefined:undefined:undefined:false:false	undefined	undefined	0	0	0	-1	0
thermalexchange	onDamagingHit	60	6	0	40	Fire	1	0	0	100	20	-1	0	greninjabond	1	1	0	0	0	-1	1	2	100	100	0	0	true	Move	1	brn	sitrusberry	1	-1	-1	1	1	boost:atk=1:undefined:undefined:undefined:false:false	undefined	undefined	0	0	0	-1	0
thermalexchange	onDamagingHit	61	6	0	40	Fire	1	0	0	100	20	-1	0	greninjabond	1	1	0	0	0	-1	0	2	100	100	0	0	true	Move	1	brn	sitrusberry	1	-1	-1	1	1	boost:atk=1:undefined:undefined:undefined:false:false	undefined	undefined	0	0	0	-1	0
thermalexchange	onDamagingHit	62	6	0	40	Fire	1	0	0	100	20	-1	0	greninjabond	1	1	0	0	0	-1	0	0	100	100	0	0	true	Move	1	brn	sitrusberry	1	-1	-1	1	1	boost:atk=1:undefined:undefined:undefined:false:false	undefined	undefined	0	0	0	-1	0
thermalexchange	onDamagingHit	63	6	0	40	Fire	1	0	0	100	20	-1	0	greninjabond	1	1	0	0	0	-1	0	1	100	100	0	0	true	Move	1	brn	sitrusberry	1	-1	-1	1	1	boost:atk=1:undefined:undefined:undefined:false:false	undefined	undefined	0	0	0	-1	0
thermalexchange	onDamagingHit	64	6	0	40	Fire	1	0	0	100	20	-1	0	greninjabond	1	1	0	0	0	-1	0	2	100	100	0	0	true	Move	1	brn	sitrusberry	1	-1	-1	1	1	boost:atk=1:undefined:undefined:undefined:false:false	undefined	undefined	0	0	0	-1	0
thermalexchange	onDamagingHit	65	6	0	40	Fire	1	0	0	100	20	-1	0	greninjabond	1	1	0	0	0	-1	0	2	0	100	0	0	true	Move	1	brn	sitrusberry	1	-1	-1	1	1	boost:atk=1:undefined:undefined:undefined:false:false	undefined	undefined	0	0	0	-1	0
thermalexchange	onDamagingHit	66	6	0	40	Fire	1	0	0	100	20	-1	0	greninjabond	1	1	0	0	0	-1	0	2	60	100	0	0	true	Move	1	brn	sitrusberry	1	-1	-1	1	1	boost:atk=1:undefined:undefined:undefined:false:false	undefined	undefined	0	0	0	-1	0
thermalexchange	onDamagingHit	67	6	0	40	Fire	1	0	0	100	20	-1	0	greninjabond	1	1	0	0	0	-1	0	2	100	100	0	0	true	Move	1	brn	sitrusberry	1	-1	-1	1	1	boost:atk=1:undefined:undefined:undefined:false:false	undefined	undefined	0	0	0	-1	0
thermalexchange	onDamagingHit	68	6	0	40	Fire	1	0	0	100	20	-1	0	greninjabond	1	1	0	0	0	-1	0	2	100	0	0	0	true	Move	1	brn	sitrusberry	1	-1	-1	1	1	boost:atk=1:undefined:undefined:undefined:false:false	undefined	undefined	0	0	0	-1	0
thermalexchange	onDamagingHit	69	6	0	40	Fire	1	0	0	100	20	-1	0	greninjabond	1	1	0	0	0	-1	0	2	100	160	0	0	true	Move	1	brn	sitrusberry	1	-1	-1	1	1	boost:atk=1:undefined:undefined:undefined:false:false	undefined	undefined	0	0	0	-1	0
thermalexchange	onDamagingHit	70	6	0	40	Fire	1	0	0	100	20	-1	0	greninjabond	1	1	0	0	0	-1	0	2	100	100	0	0	true	Move	1	brn	sitrusberry	1	-1	-1	1	1	boost:atk=1:undefined:undefined:undefined:false:false	undefined	undefined	0	0	0	-1	0
thermalexchange	onDamagingHit	71	6	0	40	Fire	1	0	0	100	20	-1	0	greninjabond	1	1	0	0	0	-1	0	2	100	100	1	0	true	Move	1	brn	sitrusberry	1	-1	-1	1	1	boost:atk=1:undefined:undefined:undefined:false:false	undefined	undefined	0	0	0	-1	0
thermalexchange	onDamagingHit	72	6	0	40	Fire	1	0	0	100	20	-1	0	greninjabond	1	1	0	0	0	-1	0	2	100	100	0	0	true	Move	1	brn	sitrusberry	1	-1	-1	1	1	boost:atk=1:undefined:undefined:undefined:false:false	undefined	undefined	0	0	0	-1	0
thermalexchange	onDamagingHit	73	6	0	40	Fire	1	0	0	100	20	-1	0	greninjabond	1	1	0	0	0	-1	0	2	100	100	0	1	true	Move	1	brn	sitrusberry	1	-1	-1	1	1	boost:atk=1:undefined:undefined:undefined:false:false	undefined	undefined	0	0	0	-1	0
thermalexchange	onDamagingHit	74	6	0	40	Fire	1	0	0	100	20	-1	0	greninjabond	1	1	0	0	0	-1	0	2	100	100	0	0	true	Move	1	brn	sitrusberry	1	-1	-1	1	1	boost:atk=1:undefined:undefined:undefined:false:false	undefined	undefined	0	0	0	-1	0
thermalexchange	onDamagingHit	75	6	0	40	Fire	1	0	0	100	20	-1	0	greninjabond	1	1	0	0	0	-1	0	2	100	100	0	0	false	Move	1	brn	sitrusberry	1	-1	-1	1	1	boost:atk=1:undefined:undefined:undefined:false:false	undefined	undefined	0	0	0	-1	0
thermalexchange	onDamagingHit	76	6	0	40	Fire	1	0	0	100	20	-1	0	greninjabond	1	1	0	0	0	-1	0	2	100	100	0	0	0	Move	1	brn	sitrusberry	1	-1	-1	1	1	boost:atk=1:undefined:undefined:undefined:false:false	undefined	undefined	0	0	0	-1	0
thermalexchange	onDamagingHit	77	6	0	40	Fire	1	0	0	100	20	-1	0	greninjabond	1	1	0	0	0	-1	0	2	100	100	0	0	null	Move	1	brn	sitrusberry	1	-1	-1	1	1	boost:atk=1:undefined:undefined:undefined:false:false	undefined	undefined	0	0	0	-1	0
thermalexchange	onDamagingHit	78	6	0	40	Fire	1	0	0	100	20	-1	0	greninjabond	1	1	0	0	0	-1	0	2	100	100	0	0	undefined	Move	1	brn	sitrusberry	1	-1	-1	1	1	boost:atk=1:undefined:undefined:undefined:false:false	undefined	undefined	0	0	0	-1	0
thermalexchange	onDamagingHit	79	6	0	40	Fire	1	0	0	100	20	-1	0	greninjabond	1	1	0	0	0	-1	0	2	100	100	0	0	true	Move	1	brn	sitrusberry	1	-1	-1	1	1	boost:atk=1:undefined:undefined:undefined:false:false	undefined	undefined	0	0	0	-1	0
thermalexchange	onDamagingHit	80	6	0	40	Fire	1	0	0	100	20	-1	0	greninjabond	1	1	0	0	0	-1	0	2	100	100	0	0	true	Ability	1	brn	sitrusberry	1	-1	-1	1	1	boost:atk=1:undefined:undefined:undefined:false:false	undefined	undefined	0	0	0	-1	0
thermalexchange	onDamagingHit	81	6	0	40	Fire	1	0	0	100	20	-1	0	greninjabond	1	1	0	0	0	-1	0	2	100	100	0	0	true	missing	1	brn	sitrusberry	1	-1	-1	1	1	boost:atk=1:undefined:undefined:undefined:false:false	undefined	undefined	0	0	0	-1	0
thermalexchange	onDamagingHit	82	6	0	40	Fire	1	0	0	100	20	-1	0	greninjabond	1	1	0	0	0	-1	0	2	100	100	0	0	true	Move	1	brn	sitrusberry	1	-1	-1	1	1	boost:atk=1:undefined:undefined:undefined:false:false	undefined	undefined	0	0	0	-1	0
thermalexchange	onDamagingHit	83	6	0	40	Fire	1	0	0	100	20	-1	0	greninjabond	1	1	0	0	0	-1	0	2	100	100	0	0	true	Move	0	brn	sitrusberry	1	-1	-1	1	1	boost:atk=1:undefined:undefined:undefined:false:false	undefined	undefined	0	0	0	-1	0
thermalexchange	onDamagingHit	84	6	0	40	Fire	1	0	0	100	20	-1	0	greninjabond	1	1	0	0	0	-1	0	2	100	100	0	0	true	Move	1	brn	sitrusberry	1	-1	-1	1	1	boost:atk=1:undefined:undefined:undefined:false:false	undefined	undefined	0	0	0	-1	0
thermalexchange	onDamagingHit	85	6	0	40	Fire	1	0	0	100	20	-1	0	greninjabond	1	1	0	0	0	-1	0	2	100	100	0	0	true	Move	1	psn	sitrusberry	1	-1	-1	1	1	boost:atk=1:undefined:undefined:undefined:false:false	undefined	undefined	0	0	0	-1	0
thermalexchange	onDamagingHit	86	6	0	40	Fire	1	0	0	100	20	-1	0	greninjabond	1	1	0	0	0	-1	0	2	100	100	0	0	true	Move	1	brn	sitrusberry	1	-1	-1	1	1	boost:atk=1:undefined:undefined:undefined:false:false	undefined	undefined	0	0	0	-1	0
thermalexchange	onDamagingHit	87	6	0	40	Fire	1	0	0	100	20	-1	0	greninjabond	1	1	0	0	0	-1	0	2	100	100	0	0	true	Move	1	brn	aguavberry	1	-1	-1	1	1	boost:atk=1:undefined:undefined:undefined:false:false	undefined	undefined	0	0	0	-1	0
thermalexchange	onDamagingHit	88	6	0	40	Fire	1	0	0	100	20	-1	0	greninjabond	1	1	0	0	0	-1	0	2	100	100	0	0	true	Move	1	brn	figyberry	1	-1	-1	1	1	boost:atk=1:undefined:undefined:undefined:false:false	undefined	undefined	0	0	0	-1	0
thermalexchange	onDamagingHit	89	6	0	40	Fire	1	0	0	100	20	-1	0	greninjabond	1	1	0	0	0	-1	0	2	100	100	0	0	true	Move	1	brn	iapapaberry	1	-1	-1	1	1	boost:atk=1:undefined:undefined:undefined:false:false	undefined	undefined	0	0	0	-1	0
thermalexchange	onDamagingHit	90	6	0	40	Fire	1	0	0	100	20	-1	0	greninjabond	1	1	0	0	0	-1	0	2	100	100	0	0	true	Move	1	brn	magoberry	1	-1	-1	1	1	boost:atk=1:undefined:undefined:undefined:false:false	undefined	undefined	0	0	0	-1	0
thermalexchange	onDamagingHit	91	6	0	40	Fire	1	0	0	100	20	-1	0	greninjabond	1	1	0	0	0	-1	0	2	100	100	0	0	true	Move	1	brn	wikiberry	1	-1	-1	1	1	boost:atk=1:undefined:undefined:undefined:false:false	undefined	undefined	0	0	0	-1	0
thermalexchange	onDamagingHit	92	6	0	40	Fire	1	0	0	100	20	-1	0	greninjabond	1	1	0	0	0	-1	0	2	100	100	0	0	true	Move	1	brn	leftovers	1	-1	-1	1	1	boost:atk=1:undefined:undefined:undefined:false:false	undefined	undefined	0	0	0	-1	0
thermalexchange	onDamagingHit	93	6	0	40	Fire	1	0	0	100	20	-1	0	greninjabond	1	1	0	0	0	-1	0	2	100	100	0	0	true	Move	1	brn	sitrusberry	1	-1	-1	1	1	boost:atk=1:undefined:undefined:undefined:false:false	undefined	undefined	0	0	0	-1	0
thermalexchange	onDamagingHit	94	6	0	40	Fire	1	0	0	100	20	-1	0	greninjabond	1	1	0	0	0	-1	0	2	100	100	0	0	true	Move	1	brn	sitrusberry	2	-1	-1	1	1	boost:atk=1:undefined:undefined:undefined:false:false	undefined	undefined	0	0	0	-1	0
thermalexchange	onDamagingHit	95	6	0	40	Fire	1	0	0	100	20	-1	0	greninjabond	1	1	0	0	0	-1	0	2	100	100	0	0	true	Move	1	brn	sitrusberry	0	-1	-1	1	1	boost:atk=1:undefined:undefined:undefined:false:false	undefined	undefined	0	0	0	-1	0
thermalexchange	onDamagingHit	96	6	0	40	Fire	1	0	0	100	20	-1	0	greninjabond	1	1	0	0	0	-1	0	2	100	100	0	0	true	Move	1	brn	sitrusberry	1	-1	-1	1	1	boost:atk=1:undefined:undefined:undefined:false:false	undefined	undefined	0	0	0	-1	0
thermalexchange	onDamagingHit	97	6	0	40	Fire	1	0	0	100	20	-1	0	greninjabond	1	1	0	0	0	-1	0	2	100	100	0	0	true	Move	1	brn	sitrusberry	1	0	-1	1	1	boost:atk=1:undefined:undefined:undefined:false:false	undefined	undefined	0	0	0	-1	0
thermalexchange	onDamagingHit	98	6	0	40	Fire	1	0	0	100	20	-1	0	greninjabond	1	1	0	0	0	-1	0	2	100	100	0	0	true	Move	1	brn	sitrusberry	1	1	-1	1	1	boost:atk=1:undefined:undefined:undefined:false:false	undefined	undefined	0	0	0	-1	0
thermalexchange	onDamagingHit	99	6	0	40	Fire	1	0	0	100	20	-1	0	greninjabond	1	1	0	0	0	-1	0	2	100	100	0	0	true	Move	1	brn	sitrusberry	1	-1	-1	1	1	boost:atk=1:undefined:undefined:undefined:false:false	undefined	undefined	0	0	0	-1	0
thermalexchange	onDamagingHit	100	6	0	40	Fire	1	0	0	100	20	-1	0	greninjabond	1	1	0	0	0	-1	0	2	100	100	0	0	true	Move	1	brn	sitrusberry	1	-1	0	1	1	boost:atk=1:undefined:undefined:undefined:false:false	undefined	undefined	0	0	0	-1	0
thermalexchange	onDamagingHit	101	6	0	40	Fire	1	0	0	100	20	-1	0	greninjabond	1	1	0	0	0	-1	0	2	100	100	0	0	true	Move	1	brn	sitrusberry	1	-1	1	1	1	boost:atk=1:undefined:undefined:undefined:false:false	undefined	undefined	0	0	0	-1	0
thermalexchange	onDamagingHit	102	6	0	40	Fire	1	0	0	100	20	-1	0	greninjabond	1	1	0	0	0	-1	0	2	100	100	0	0	true	Move	1	brn	sitrusberry	1	-1	99	1	1	boost:atk=1:undefined:undefined:undefined:false:false	undefined	undefined	0	0	0	-1	0
thermalexchange	onDamagingHit	103	6	0	40	Fire	1	0	0	100	20	-1	0	greninjabond	1	1	0	0	0	-1	0	2	100	100	0	0	true	Move	1	brn	sitrusberry	1	-1	-1	1	1	boost:atk=1:undefined:undefined:undefined:false:false	undefined	undefined	0	0	0	-1	0
thermalexchange	onDamagingHit	104	6	0	40	Fire	1	0	0	100	20	-1	0	greninjabond	1	1	0	0	0	-1	0	2	100	100	0	0	true	Move	1	brn	sitrusberry	1	-1	-1	0	1	boost:atk=1:undefined:undefined:undefined:false:false	undefined	undefined	0	0	0	-1	0
thermalexchange	onDamagingHit	105	6	0	40	Fire	1	0	0	100	20	-1	0	greninjabond	1	1	0	0	0	-1	0	2	100	100	0	0	true	Move	1	brn	sitrusberry	1	-1	-1	1	1	boost:atk=1:undefined:undefined:undefined:false:false	undefined	undefined	0	0	0	-1	0
thermalexchange	onDamagingHit	106	6	0	40	Fire	1	0	0	100	20	-1	0	greninjabond	1	1	0	0	0	-1	0	2	100	100	0	0	true	Move	1	brn	sitrusberry	1	-1	-1	1	0	boost:atk=1:undefined:undefined:undefined:false:false	undefined	undefined	0	0	0	-1	0
thermalexchange	onDamagingHit	107	-1	6	0	Bug	0	0	0	20	-1	0	0	pikachu	0	1	0	0	1	-1	0	1	60	0	0	0	null	Move	1	brn	iapapaberry	1	0	-1	1	1		undefined	false	0	0	0	-1	0
thermalexchange	onDamagingHit	108	-1	6	70	Dark	1	0	1	0	100	-1	2048	greninjaash	1	0	0	0	0	1	1	1	60	100	0	1	0	Move	0	psn	aguavberry	1	1	-1	0	0		undefined	undefined	2048	2048	2048	1	0
thermalexchange	onDamagingHit	109	0	6	40	Bug	1	1	1	100	100	-1	2048	greninjabond	0	1	0	1	0	1	1	2	100	160	0	0	true	missing	0	brn	magoberry	2	-1	1	0	0		undefined	undefined	2048	2048	2048	1	2
thermalexchange	onDamagingHit	110	1	1	0	Normal	1	1	1	0	100	-1	24576	pikachu	0	0	0	0	1	-1	1	2	100	100	0	0	null	Move	0	brn	sitrusberry	0	0	0	1	0		undefined	undefined	24576	24576	24576	-1	2
thermalexchange	onDamagingHit	111	-1	6	40	Ghost	1	1	1	20	0	1	8192	pikachu	0	1	0	1	1	-1	1	0	0	0	1	0	undefined	missing	1	brn	iapapaberry	2	1	1	1	1		undefined	true	8192	8192	8192	-1	2
thermalexchange	onDamagingHit	112	0	1	40	Normal	1	0	0	100	100	-1	2048	pikachu	1	1	0	0	0	-1	0	1	0	160	1	0	undefined	Move	0	psn	wikiberry	2	0	1	0	1		undefined	undefined	2048	2048	2048	-1	0
thermalexchange	onDamagingHit	113	1	0	40	Normal	0	0	0	100	0	-1	16384	greninjaash	0	1	0	1	0	1	0	2	60	100	1	0	0	missing	0	psn	figyberry	2	0	0	1	0		undefined	undefined	16384	16384	16384	1	0
thermalexchange	onDamagingHit	114	0	6	60	Dark	1	1	1	100	-1	-1	8	greninjaash	1	1	1	0	0	1	0	2	0	160	0	1	0	Move	1	brn	sitrusberry	0	-1	99	0	0		undefined	undefined	8	8	8	1	2
thermalexchange	onDamagingHit	115	6	1	40	Dark	0	0	1	20	20	0	8	pikachu	1	1	1	1	1	0	0	0	60	100	1	1	false	Move	1	brn	aguavberry	1	0	1	0	0		undefined	false	8	8	8	0	0
thermalexchange	onDamagingHit	116	1	6	0	Fire	1	1	1	100	100	1	0	greninjaash	0	1	1	1	0	1	1	2	100	160	1	0	false	missing	1	psn	figyberry	1	1	0	0	1	boost:atk=1:undefined:undefined:undefined:false:false	undefined	true	0	0	0	1	2
thermalexchange	onDamagingHit	117	1	1	61	Dark	0	0	1	0	100	-1	2048	greninjaash	1	0	0	1	0	-1	0	2	100	100	1	0	0	Ability	1	psn	wikiberry	0	-1	1	0	0		undefined	undefined	2048	2048	2048	-1	0
thermalexchange	onDamagingHit	118	6	0	0	Normal	1	0	1	0	20	-1	2048	greninjaash	0	1	1	0	1	-1	0	1	100	100	1	0	true	Move	0	psn	sitrusberry	2	1	99	0	1		undefined	undefined	2048	2048	2048	-1	0
thermalexchange	onDamagingHit	119	0	1	60	Water	1	1	0	0	100	-1	24576	greninjaash	0	1	1	1	1	6	1	1	60	160	1	1	0	missing	1	brn	leftovers	0	1	99	0	0		undefined	undefined	24576	24576	24576	6	2
thermalexchange	onDamagingHit	120	1	0	60	Normal	0	0	0	0	20	1	0	greninjabond	0	0	1	1	0	0	0	0	60	100	0	1	0	missing	0	psn	aguavberry	0	0	0	0	1		undefined	true	0	0	0	0	0
thermalexchange	onDamagingHit	121	1	6	40	Normal	1	1	0	20	-1	0	16384	greninjaash	1	0	0	0	1	1	1	1	60	100	1	0	null	missing	1	psn	wikiberry	1	-1	99	1	0		undefined	false	16384	16384	16384	1	2
thermalexchange	onDamagingHit	122	-1	1	40	Dark	1	1	1	10	20	-1	24576	greninjaash	1	0	1	0	0	-1	1	1	0	100	0	1	false	Ability	0	psn	wikiberry	2	-1	99	1	1		undefined	undefined	24576	24576	24576	-1	2
thermalexchange	onDamagingHit	123	0	1	0	Ghost	1	0	0	100	100	-1	8192	greninjaash	1	1	0	1	0	1	0	1	60	0	1	0	0	Ability	1	psn	figyberry	2	-1	0	1	1		undefined	undefined	8192	8192	8192	1	0
thermalexchange	onDamagingHit	124	-1	1	61	Ghost	0	1	0	20	100	0	8	pikachu	1	1	1	0	0	0	0	1	0	0	0	1	false	missing	1	brn	figyberry	1	-1	1	0	1		undefined	false	8	8	8	0	2
thermalexchange	onDamagingHit	125	-1	1	60	Dark	1	1	0	20	100	1	8	pikachu	0	1	1	1	0	1	1	0	60	160	1	1	undefined	missing	0	psn	leftovers	1	0	0	1	0		undefined	true	8	8	8	1	2
thermalexchange	onDamagingHit	126	0	6	70	Ghost	1	0	0	0	-1	-1	0	pikachu	0	1	1	0	0	0	1	2	0	0	1	0	undefined	missing	1	brn	aguavberry	1	-1	0	1	1		undefined	undefined	0	0	0	0	0
thermalexchange	onDamagingHit	127	0	1	0	Water	1	1	0	100	20	-1	8192	greninjaash	1	1	0	0	0	1	0	0	100	0	0	1	0	Ability	0	psn	magoberry	0	1	-1	1	1		undefined	undefined	8192	8192	8192	1	2
thermalexchange	onDamagingHit	128	1	6	60	Normal	1	1	1	10	0	-1	16384	pikachu	1	0	1	0	0	6	0	0	100	160	1	0	true	missing	1	psn	aguavberry	1	-1	-1	0	0		undefined	undefined	16384	16384	16384	6	2
thermalexchange	onDamagingHit	129	0	1	60	Fire	1	0	0	20	100	0	24576	greninjaash	0	1	0	0	1	1	0	1	60	160	1	0	null	missing	0	brn	figyberry	1	0	-1	1	0	boost:atk=1:undefined:undefined:undefined:false:false	undefined	false	24576	24576	24576	1	0
thermalexchange	onDamagingHit	130	-1	0	0	Water	0	0	1	100	100	1	2048	greninjaash	0	0	0	0	1	6	1	0	0	0	1	1	null	Ability	1	brn	aguavberry	0	1	99	0	1		undefined	true	2048	2048	2048	6	0
thermalexchange	onDamagingHit	131	-1	6	60	Bug	1	0	0	0	100	-1	24576	greninjaash	1	1	1	0	1	6	0	2	0	0	0	0	false	Move	1	psn	wikiberry	2	1	99	1	0		undefined	undefined	24576	24576	24576	6	0
thermalexchange	onDamagingHit	132	1	6	0	Bug	1	0	1	10	100	-1	8192	greninjaash	1	0	0	1	0	0	0	1	0	160	1	0	null	Ability	1	brn	aguavberry	2	-1	99	1	1		undefined	undefined	8192	8192	8192	0	0
thermalexchange	onDamagingHit	133	1	1	0	Water	1	1	0	100	100	1	16384	greninjabond	1	0	1	0	1	-1	1	0	60	160	1	1	null	Ability	1	brn	magoberry	2	-1	0	1	0		undefined	true	16384	16384	16384	-1	2
thermalexchange	onDamagingHit	134	1	6	60	Bug	1	1	0	0	0	0	24576	greninjaash	0	0	1	0	1	0	1	2	60	0	1	0	false	Ability	0	psn	wikiberry	2	-1	99	0	0		undefined	false	24576	24576	24576	0	2
thermalexchange	onDamagingHit	135	1	1	61	Bug	0	1	1	10	0	1	0	greninjaash	1	1	1	1	1	0	0	0	0	160	1	0	true	Ability	0	psn	sitrusberry	1	0	-1	1	0		undefined	true	0	0	0	0	2
thermalexchange	onDamagingHit	136	1	6	40	Normal	0	1	0	20	20	0	8	greninjabond	1	1	0	1	0	-1	1	0	100	100	1	1	0	Move	1	psn	sitrusberry	0	-1	99	0	0		undefined	false	8	8	8	-1	2
thermalexchange	onDamagingHit	137	0	0	40	Bug	0	0	0	20	-1	1	2048	pikachu	0	0	0	1	1	1	0	1	100	0	0	1	undefined	Ability	1	brn	iapapaberry	1	1	1	0	0		undefined	true	2048	2048	2048	1	0
thermalexchange	onDamagingHit	138	6	1	70	Ghost	0	0	0	10	0	-1	8192	pikachu	0	0	0	0	0	0	0	1	0	0	1	1	0	missing	1	psn	figyberry	2	0	99	1	0		undefined	undefined	8192	8192	8192	0	0
thermalexchange	onDamagingHit	139	6	6	70	Water	1	0	1	0	0	-1	8192	pikachu	0	1	0	0	1	-1	0	1	0	160	1	1	true	Move	1	brn	iapapaberry	1	0	1	0	1		undefined	undefined	8192	8192	8192	-1	0
thermalexchange	onDamagingHit	140	-1	0	0	Normal	0	0	0	0	0	-1	8192	greninjabond	0	1	1	0	1	0	0	2	60	100	1	0	null	missing	1	brn	aguavberry	0	1	-1	1	0		undefined	undefined	8192	8192	8192	0	0
thermalexchange	onDamagingHit	141	6	1	70	Bug	0	0	0	10	20	-1	24576	greninjaash	1	1	1	0	1	1	0	0	0	160	1	0	false	Ability	0	brn	wikiberry	1	1	-1	1	0		undefined	undefined	24576	24576	24576	1	0
thermalexchange	onDamagingHit	142	6	1	0	Fire	1	1	0	0	0	1	16384	greninjabond	0	0	0	0	0	1	0	1	60	0	0	0	0	Move	0	brn	magoberry	1	1	0	1	1	boost:atk=1:undefined:undefined:undefined:false:false	undefined	true	16384	16384	16384	1	2
thermalexchange	onDamagingHit	143	6	6	70	Ghost	0	1	0	0	100	-1	0	pikachu	1	1	0	1	1	-1	0	1	100	160	0	0	null	Ability	0	brn	sitrusberry	0	-1	0	0	1		undefined	undefined	0	0	0	-1	2
thermalexchange	onDamagingHit	144	1	0	70	Normal	1	0	0	100	0	1	24576	greninjaash	0	1	1	0	0	1	1	2	60	0	0	1	undefined	Ability	1	psn	leftovers	1	0	1	0	1		undefined	true	24576	24576	24576	1	0
thermalexchange	onDamagingHit	145	0	6	40	Bug	1	1	1	10	100	1	8	pikachu	1	1	1	1	0	1	1	2	60	0	0	1	undefined	Ability	0	psn	figyberry	2	0	-1	0	0		undefined	true	8	8	8	1	2
thermalexchange	onDamagingHit	146	1	1	70	Normal	0	1	0	100	20	0	8	greninjaash	0	1	0	0	1	-1	1	2	100	160	1	1	true	missing	0	brn	wikiberry	2	-1	99	0	0		undefined	false	8	8	8	-1	2
thermalexchange	onDamagingHit	147	0	1	0	Fire	0	1	0	10	-1	1	24576	greninjabond	0	0	0	1	0	0	0	2	60	160	0	1	true	Move	0	brn	wikiberry	0	-1	0	1	0	boost:atk=1:undefined:undefined:undefined:false:false	undefined	true	24576	24576	24576	0	2
thermalexchange	onDamagingHit	148	6	6	61	Normal	1	1	0	0	0	0	8	greninjaash	1	1	0	1	1	-1	1	1	100	100	0	1	null	Move	0	brn	figyberry	2	0	0	1	0		undefined	false	8	8	8	-1	2
thermalexchange	onDamagingHit	149	0	0	60	Ghost	1	1	0	20	20	1	0	pikachu	0	0	1	1	1	-1	1	2	0	100	1	0	false	Ability	0	psn	sitrusberry	2	1	-1	0	0		undefined	true	0	0	0	-1	2
thermalexchange	onDamagingHit	150	-1	6	0	Bug	0	1	1	0	100	1	0	greninjabond	1	1	0	0	1	6	1	1	0	160	0	0	false	Move	1	psn	magoberry	1	-1	99	0	1		undefined	true	0	0	0	6	2
thermalexchange	onDamagingHit	151	6	6	40	Dark	0	1	1	20	20	-1	2048	greninjabond	0	1	0	0	0	6	0	0	60	160	1	1	false	missing	0	brn	sitrusberry	2	0	0	1	0		undefined	undefined	2048	2048	2048	6	2
thermalexchange	onDamagingHit	152	1	1	61	Bug	0	1	1	10	20	-1	24576	greninjaash	1	0	1	1	0	6	1	1	0	100	1	0	true	Move	1	psn	iapapaberry	2	-1	0	1	1		undefined	undefined	24576	24576	24576	6	2
thermalexchange	onDamagingHit	153	-1	0	70	Dark	1	0	1	10	0	-1	16384	greninjabond	0	0	1	1	0	1	0	1	100	160	0	0	true	Ability	0	brn	iapapaberry	1	0	0	0	0		undefined	undefined	16384	16384	16384	1	0
thermalexchange	onDamagingHit	154	0	6	70	Fire	0	1	0	10	100	0	0	greninjabond	0	1	1	0	0	1	1	2	100	0	0	0	true	Ability	1	psn	figyberry	2	-1	-1	0	1	boost:atk=1:undefined:undefined:undefined:false:false	undefined	false	0	0	0	1	2
thermalexchange	onDamagingHit	155	-1	0	0	Fire	0	1	1	10	20	1	0	greninjaash	0	0	1	0	1	1	1	0	100	0	1	0	undefined	missing	0	psn	sitrusberry	2	-1	99	0	1	boost:atk=1:undefined:undefined:undefined:false:false	undefined	true	0	0	0	1	2
thermalexchange	onDamagingHit	156	0	1	60	Water	1	1	1	100	0	-1	2048	greninjabond	0	0	0	0	1	-1	1	1	100	100	1	0	null	Move	0	brn	leftovers	1	0	1	1	1		undefined	undefined	2048	2048	2048	-1	2
thermalexchange	onDamagingHit	157	6	6	40	Fire	1	0	0	0	20	1	16384	greninjabond	1	1	1	1	0	1	0	2	100	0	0	0	0	missing	1	psn	wikiberry	2	-1	99	0	0	boost:atk=1:undefined:undefined:undefined:false:false	undefined	true	16384	16384	16384	1	0
thermalexchange	onDamagingHit	158	0	1	70	Ghost	0	0	1	0	20	0	8192	pikachu	1	1	0	0	0	6	1	2	60	100	0	0	null	missing	0	brn	iapapaberry	0	1	0	0	0		undefined	false	8192	8192	8192	6	0
thermalexchange	onDamagingHit	159	-1	0	40	Bug	1	1	0	10	0	-1	16384	greninjabond	0	1	1	0	1	1	0	1	0	0	0	0	true	Move	0	brn	magoberry	1	0	1	1	1		undefined	undefined	16384	16384	16384	1	2
thermalexchange	onDamagingHit	160	1	0	0	Water	0	1	0	20	-1	-1	24576	pikachu	0	0	0	0	1	0	0	1	60	160	1	1	undefined	missing	0	psn	magoberry	2	0	-1	1	1		undefined	undefined	24576	24576	24576	0	2
thermalexchange	onDamagingHit	161	-1	6	0	Ghost	0	1	1	0	20	0	2048	greninjaash	0	1	1	0	0	1	1	0	100	100	0	0	undefined	Ability	1	brn	magoberry	1	0	99	1	0		undefined	false	2048	2048	2048	1	2
thermalexchange	onDamagingHit	162	-1	0	0	Water	0	0	1	0	0	0	8	greninjabond	0	0	1	1	0	0	0	2	60	100	0	0	true	Ability	0	brn	sitrusberry	1	-1	-1	1	0		undefined	false	8	8	8	0	0
thermalexchange	onDamagingHit	163	6	6	60	Ghost	0	1	0	20	20	-1	2048	greninjabond	0	0	0	0	0	6	1	0	60	100	1	0	0	missing	0	psn	figyberry	1	0	1	0	0		undefined	undefined	2048	2048	2048	6	2
thermalexchange	onDamagingHit	164	6	0	40	Water	0	0	0	20	0	-1	16384	pikachu	1	0	1	1	1	6	1	1	0	0	1	1	null	Move	0	brn	magoberry	2	-1	99	1	1		undefined	undefined	16384	16384	16384	6	0
thermalexchange	onDamagingHit	165	-1	6	40	Normal	0	1	1	20	-1	1	24576	greninjaash	1	0	0	0	0	-1	1	0	100	160	0	1	undefined	missing	0	brn	aguavberry	1	1	99	0	0		undefined	true	24576	24576	24576	-1	2
thermalexchange	onDamagingHit	166	1	6	61	Normal	0	0	1	0	-1	0	16384	pikachu	1	0	1	0	0	-1	0	0	60	0	1	0	undefined	Move	0	psn	magoberry	1	0	99	1	0		undefined	false	16384	16384	16384	-1	0
thermalexchange	onDamagingHit	167	0	1	70	Water	1	1	1	0	100	0	0	greninjaash	0	1	0	1	1	0	0	1	100	160	0	0	null	Ability	1	psn	sitrusberry	1	1	1	0	0		undefined	false	0	0	0	0	2
thermalexchange	onDamagingHit	168	6	1	61	Water	1	0	0	100	100	0	16384	greninjabond	1	1	1	1	1	6	0	0	60	100	0	0	true	Ability	0	psn	leftovers	0	1	99	1	0		undefined	false	16384	16384	16384	6	0
thermalexchange	onDamagingHit	169	-1	6	60	Bug	1	0	1	0	0	0	24576	pikachu	1	0	1	0	1	1	0	0	100	100	0	1	null	missing	0	psn	figyberry	1	1	-1	1	1		undefined	false	24576	24576	24576	1	0
thermalexchange	onDamagingHit	170	-1	6	61	Dark	0	0	1	20	-1	0	0	pikachu	1	0	1	1	1	-1	1	0	60	100	0	0	true	Ability	0	brn	wikiberry	0	1	-1	0	0		undefined	false	0	0	0	-1	0
thermalexchange	onDamagingHit	171	1	6	70	Water	1	1	0	20	100	1	0	pikachu	1	0	1	1	0	-1	1	1	100	160	0	1	undefined	Ability	0	brn	sitrusberry	2	0	-1	1	1		undefined	true	0	0	0	-1	2
thermalexchange	onDamagingHit	172	0	0	60	Bug	1	0	0	10	0	-1	0	pikachu	1	1	0	0	1	6	0	1	60	100	0	0	true	Move	1	brn	magoberry	1	1	-1	0	0		undefined	undefined	0	0	0	6	0
thermalexchange	onDamagingHit	173	1	0	0	Ghost	1	0	1	100	-1	-1	2048	greninjabond	0	1	0	0	0	1	0	2	0	0	0	1	undefined	missing	1	brn	wikiberry	2	1	1	1	0		undefined	undefined	2048	2048	2048	1	0
thermalexchange	onDamagingHit	174	-1	1	60	Fire	0	1	0	0	0	-1	2048	greninjaash	1	0	1	0	1	-1	1	0	100	0	1	0	true	Ability	1	psn	sitrusberry	0	0	0	0	1	boost:atk=1:undefined:undefined:undefined:false:false	undefined	undefined	2048	2048	2048	-1	2
thermalexchange	onDamagingHit	175	0	0	0	Ghost	1	1	1	20	20	0	8192	pikachu	0	1	1	1	0	-1	1	1	60	160	1	1	null	missing	1	psn	sitrusberry	2	-1	99	1	1		undefined	false	8192	8192	8192	-1	2
thermalexchange	onDamagingHit	176	6	0	70	Bug	0	0	1	0	-1	0	16384	pikachu	1	0	1	0	1	-1	0	1	60	160	1	1	null	missing	0	psn	leftovers	1	-1	1	1	0		undefined	false	16384	16384	16384	-1	0
thermalexchange	onDamagingHit	177	6	1	61	Bug	1	1	1	100	-1	-1	0	pikachu	0	1	1	1	1	6	0	0	0	100	0	1	undefined	Move	1	psn	figyberry	2	0	1	1	1		undefined	undefined	0	0	0	6	2
thermalexchange	onDamagingHit	178	6	1	61	Bug	1	0	1	0	20	1	2048	greninjaash	1	1	1	1	0	1	0	1	0	160	1	0	null	Move	1	psn	sitrusberry	2	-1	-1	1	1		undefined	true	2048	2048	2048	1	0
thermalexchange	onDamagingHit	179	-1	0	40	Water	1	1	1	100	0	0	2048	pikachu	1	0	0	1	1	0	1	1	0	160	1	1	0	Move	0	brn	aguavberry	2	-1	99	0	0		undefined	false	2048	2048	2048	0	2
thermalexchange	onDamagingHit	180	6	6	70	Bug	0	1	1	0	-1	1	24576	greninjabond	0	1	0	1	0	1	0	1	0	160	1	1	null	missing	1	brn	figyberry	1	0	0	0	0		undefined	true	24576	24576	24576	1	2
thermalexchange	onDamagingHit	181	-1	6	0	Dark	1	1	1	10	-1	0	8192	greninjaash	1	0	0	1	1	-1	0	1	0	0	0	0	0	Move	0	psn	wikiberry	2	-1	1	1	0		undefined	false	8192	8192	8192	-1	2
thermalexchange	onDamagingHit	182	0	0	60	Normal	0	1	0	0	100	-1	8	greninjabond	1	0	1	0	0	0	1	0	100	100	1	0	false	Ability	0	brn	sitrusberry	0	1	99	1	1		undefined	undefined	8	8	8	0	2
thermalexchange	onDamagingHit	183	1	6	0	Ghost	0	1	0	10	0	-1	8192	greninjabond	1	1	0	0	1	6	1	2	0	0	0	1	undefined	Move	1	brn	iapapaberry	1	-1	-1	1	0		undefined	undefined	8192	8192	8192	6	2
thermalexchange	onDamagingHit	184	6	0	60	Water	1	1	0	10	100	1	0	greninjaash	0	0	0	1	1	1	1	1	60	160	1	0	true	missing	1	brn	wikiberry	1	1	0	1	1		undefined	true	0	0	0	1	2
thermalexchange	onDamagingHit	185	6	1	40	Dark	0	0	1	100	100	1	8	greninjabond	1	0	0	1	1	6	1	2	0	0	1	1	null	Move	0	brn	wikiberry	0	-1	99	1	1		undefined	true	8	8	8	6	0
thermalexchange	onDamagingHit	186	1	0	40	Fire	1	1	0	20	0	-1	24576	greninjaash	1	1	0	1	1	0	0	2	0	160	1	0	null	missing	0	brn	wikiberry	1	0	-1	0	1	boost:atk=1:undefined:undefined:undefined:false:false	undefined	undefined	24576	24576	24576	0	2
thermalexchange	onDamagingHit	187	6	0	70	Fire	1	1	0	100	0	-1	16384	greninjabond	1	0	0	0	0	1	1	2	0	160	0	0	null	Move	1	brn	sitrusberry	0	-1	0	0	1	boost:atk=1:undefined:undefined:undefined:false:false	undefined	undefined	16384	16384	16384	1	2
thermalexchange	onDamagingHit	188	1	1	60	Bug	1	0	0	100	-1	0	8	greninjaash	1	0	1	0	0	1	0	1	60	100	1	0	true	Ability	1	brn	sitrusberry	2	-1	1	0	1		undefined	false	8	8	8	1	0
thermalexchange	onDamagingHit	189	0	6	70	Normal	0	0	1	20	0	-1	2048	greninjabond	1	1	0	1	1	1	1	1	100	100	0	0	false	missing	1	brn	magoberry	1	0	1	1	0		undefined	undefined	2048	2048	2048	1	0
thermalexchange	onDamagingHit	190	1	6	60	Dark	0	0	0	0	100	1	2048	pikachu	0	1	1	0	1	0	0	0	60	0	0	0	true	missing	0	psn	figyberry	1	0	0	0	0		undefined	true	2048	2048	2048	0	0
thermalexchange	onDamagingHit	191	6	0	40	Dark	0	1	1	100	100	-1	8	pikachu	1	1	0	1	1	1	1	0	0	0	1	0	false	Move	1	brn	figyberry	1	0	-1	0	1		undefined	undefined	8	8	8	1	2
thermalexchange	onDamagingHit	192	6	0	70	Normal	0	1	0	20	-1	-1	8192	pikachu	1	1	1	0	1	6	1	0	100	0	0	1	undefined	Ability	1	brn	magoberry	0	-1	-1	0	1		undefined	undefined	8192	8192	8192	6	2
thermalexchange	onDamagingHit	193	6	0	70	Bug	1	1	0	100	-1	0	2048	greninjaash	1	0	0	0	1	6	0	0	0	100	1	0	true	Ability	0	brn	sitrusberry	2	-1	0	0	1		undefined	false	2048	2048	2048	6	2
thermalexchange	onDamagingHit	194	0	0	0	Normal	1	1	0	0	-1	1	16384	greninjaash	1	0	0	1	0	6	1	2	0	160	1	0	false	Move	0	psn	figyberry	0	1	-1	0	0		undefined	true	16384	16384	16384	6	2
thermalexchange	onDamagingHit	195	1	0	60	Ghost	0	1	1	0	-1	1	8	pikachu	0	0	1	0	0	6	0	0	0	100	1	1	undefined	Ability	1	psn	magoberry	1	1	-1	1	0		undefined	true	8	8	8	6	2
thermalexchange	onDamagingHit	196	-1	1	40	Water	0	0	0	20	-1	0	24576	pikachu	0	0	0	1	0	0	1	0	0	0	0	1	null	Ability	0	brn	sitrusberry	0	1	99	0	1		undefined	false	24576	24576	24576	0	0
thermalexchange	onDamagingHit	197	6	0	0	Water	1	1	1	0	0	-1	24576	greninjaash	0	1	0	1	1	-1	0	2	0	160	0	1	false	missing	1	brn	figyberry	1	0	0	1	0		undefined	undefined	24576	24576	24576	-1	2
thermalexchange	onDamagingHit	198	6	1	61	Normal	1	0	1	0	20	1	0	greninjabond	0	1	0	0	0	1	1	1	0	0	0	0	true	Move	1	brn	aguavberry	1	-1	99	0	1		undefined	true	0	0	0	1	0
thermalexchange	onDamagingHit	199	6	6	60	Water	0	1	0	20	20	-1	8192	greninjaash	1	1	1	1	0	0	1	1	60	100	0	0	null	missing	1	psn	wikiberry	2	0	0	1	0		undefined	undefined	8192	8192	8192	0	2
thermalexchange	onDamagingHit	200	6	0	40	Fire	0	0	1	100	100	0	8192	greninjabond	0	1	0	1	0	0	1	1	0	0	1	0	true	Ability	1	brn	figyberry	1	1	-1	0	0	boost:atk=1:undefined:undefined:undefined:false:false	undefined	false	8192	8192	8192	0	0
thermalexchange	onDamagingHit	201	6	1	0	Water	0	0	0	20	20	1	2048	greninjaash	0	1	0	0	0	6	1	1	60	160	1	0	true	Move	1	psn	sitrusberry	1	0	1	0	1		undefined	true	2048	2048	2048	6	0
thermalexchange	onDamagingHit	202	-1	1	61	Dark	1	0	0	20	20	-1	16384	greninjaash	1	0	0	1	0	1	0	1	60	160	0	0	undefined	Ability	1	brn	aguavberry	2	1	-1	1	0		undefined	undefined	16384	16384	16384	1	0
thermalexchange	onDamagingHit	203	-1	0	0	Normal	0	1	0	10	20	-1	8192	pikachu	0	0	0	1	1	-1	0	1	60	160	0	1	false	Ability	1	psn	sitrusberry	0	0	1	0	1		undefined	undefined	8192	8192	8192	-1	2
thermalexchange	onDamagingHit	204	1	6	61	Normal	0	1	1	10	-1	1	2048	pikachu	1	1	0	0	0	0	1	1	0	0	1	0	0	Move	0	brn	iapapaberry	2	0	0	0	1		undefined	true	2048	2048	2048	0	2
thermalexchange	onDamagingHit	205	0	0	61	Dark	1	0	1	10	0	-1	8192	greninjaash	1	0	1	0	1	1	1	1	0	160	1	1	undefined	Ability	0	psn	aguavberry	2	-1	0	0	0		undefined	undefined	8192	8192	8192	1	0
thermalexchange	onDamagingHit	206	-1	6	61	Fire	1	0	1	0	-1	-1	8	pikachu	0	0	0	0	0	6	1	2	60	160	0	0	null	Ability	0	psn	aguavberry	2	0	0	1	1	boost:atk=1:undefined:undefined:undefined:false:false	undefined	undefined	8	8	8	6	0
thermalexchange	onDamagingHit	207	-1	6	70	Normal	1	1	1	0	0	-1	8192	greninjabond	0	0	0	0	1	-1	1	2	100	160	0	1	null	missing	1	psn	figyberry	1	0	0	0	1		undefined	undefined	8192	8192	8192	-1	2
thermalexchange	onDamagingHit	208	-1	6	61	Fire	1	1	0	0	20	0	8192	greninjabond	1	0	0	1	0	1	1	1	100	160	0	1	true	missing	0	brn	leftovers	2	-1	99	0	0	boost:atk=1:undefined:undefined:undefined:false:false	undefined	false	8192	8192	8192	1	2
thermalexchange	onDamagingHit	209	1	6	70	Fire	0	1	0	20	0	1	8	greninjaash	1	0	0	1	0	6	0	0	0	160	1	1	true	Ability	0	psn	wikiberry	2	1	-1	0	1	boost:atk=1:undefined:undefined:undefined:false:false	undefined	true	8	8	8	6	2
thermalexchange	onDamagingHit	210	-1	6	0	Bug	1	0	1	0	100	0	24576	greninjabond	0	0	1	1	1	-1	0	1	0	0	0	0	undefined	missing	0	psn	wikiberry	0	1	-1	0	1		undefined	false	24576	24576	24576	-1	0
thermalexchange	onDamagingHit	211	6	6	40	Water	0	1	1	10	20	1	8	greninjabond	0	0	1	1	0	0	0	0	100	0	0	0	0	Ability	1	brn	sitrusberry	1	-1	0	0	0		undefined	true	8	8	8	0	2
thermalexchange	onDamagingHit	212	-1	1	60	Bug	1	1	0	0	-1	0	16384	pikachu	0	0	1	0	0	0	1	2	100	100	1	1	undefined	missing	0	brn	iapapaberry	0	0	1	1	0		undefined	false	16384	16384	16384	0	2
thermalexchange	onDamagingHit	213	6	0	61	Ghost	0	1	0	100	100	0	16384	greninjaash	1	1	1	0	0	-1	0	1	60	160	1	1	false	Move	1	psn	sitrusberry	0	0	-1	0	0		undefined	false	16384	16384	16384	-1	2
thermalexchange	onDamagingHit	214	1	6	40	Water	1	1	1	0	0	0	2048	greninjabond	0	0	0	0	1	6	0	0	60	160	1	0	false	missing	0	brn	leftovers	2	1	-1	0	0		undefined	false	2048	2048	2048	6	2
thermalexchange	onDamagingHit	215	0	6	70	Fire	1	0	1	100	100	-1	8192	pikachu	0	0	1	0	0	6	0	0	100	0	1	0	true	Ability	0	psn	iapapaberry	2	1	1	0	1	boost:atk=1:undefined:undefined:undefined:false:false	undefined	undefined	8192	8192	8192	6	0
thermalexchange	onDamagingHit	216	-1	0	61	Dark	0	1	1	10	0	-1	16384	greninjaash	1	0	1	0	0	-1	0	0	60	100	0	0	undefined	missing	0	brn	iapapaberry	2	-1	1	0	1		undefined	undefined	16384	16384	16384	-1	2
thermalexchange	onDamagingHit	217	1	0	0	Fire	1	0	0	10	20	1	0	greninjaash	1	1	0	1	0	6	0	2	100	0	1	1	false	Ability	1	brn	magoberry	0	0	1	1	1	boost:atk=1:undefined:undefined:undefined:false:false	undefined	true	0	0	0	6	0
thermalexchange	onDamagingHit	218	6	6	60	Ghost	0	1	1	20	0	0	2048	pikachu	0	1	1	1	0	6	1	1	60	160	0	0	undefined	missing	0	brn	figyberry	1	0	-1	1	1		undefined	false	2048	2048	2048	6	2
thermalexchange	onDamagingHit	219	1	6	60	Ghost	1	1	1	20	100	0	8	greninjabond	1	0	0	0	0	1	0	0	60	100	1	0	true	missing	1	brn	iapapaberry	0	0	-1	1	0		undefined	false	8	8	8	1	2
thermalexchange	onDamagingHit	220	1	1	70	Water	0	0	0	100	-1	0	16384	pikachu	0	0	0	1	1	-1	1	0	60	160	0	0	null	missing	1	brn	wikiberry	0	0	99	1	0		undefined	false	16384	16384	16384	-1	0
thermalexchange	onDamagingHit	221	-1	0	40	Normal	1	0	0	10	100	1	8192	greninjaash	0	0	1	1	0	1	0	0	100	0	1	0	true	Move	0	brn	wikiberry	0	0	-1	0	0		undefined	true	8192	8192	8192	1	0
thermalexchange	onDamagingHit	222	6	6	70	Ghost	1	1	0	0	100	-1	2048	greninjabond	0	1	1	1	0	-1	1	0	60	0	1	1	undefined	Move	1	psn	magoberry	1	1	1	1	0		undefined	undefined	2048	2048	2048	-1	2
thermalexchange	onDamagingHit	223	1	0	0	Fire	1	0	0	20	20	1	0	greninjaash	0	0	0	1	0	6	0	0	100	100	0	0	false	Ability	0	brn	leftovers	2	-1	1	1	0	boost:atk=1:undefined:undefined:undefined:false:false	undefined	true	0	0	0	6	0
thermalexchange	onDamagingHit	224	-1	6	0	Ghost	1	0	1	20	20	1	2048	greninjabond	0	1	0	1	0	0	0	0	100	160	1	1	true	Ability	0	brn	figyberry	0	-1	0	0	1		undefined	true	2048	2048	2048	0	0
thermalexchange	onDamagingHit	225	1	6	60	Normal	0	1	0	10	100	0	24576	greninjabond	0	0	1	1	1	6	1	0	0	100	0	0	0	Ability	0	psn	iapapaberry	0	0	99	1	1		undefined	false	24576	24576	24576	6	2
thermalexchange	onDamagingHit	226	1	1	0	Water	0	1	1	0	-1	-1	16384	greninjabond	0	1	1	1	1	0	0	1	60	0	1	0	0	missing	1	psn	iapapaberry	0	-1	-1	0	0		undefined	undefined	16384	16384	16384	0	2
thermalexchange	onDamagingHit	227	-1	0	61	Fire	1	1	0	20	0	0	24576	greninjaash	1	0	1	1	1	-1	0	0	60	0	0	1	0	missing	1	psn	leftovers	2	0	1	0	1	boost:atk=1:undefined:undefined:undefined:false:false	undefined	false	24576	24576	24576	-1	2
thermalexchange	onDamagingHit	228	0	1	40	Bug	1	0	1	20	20	1	8	greninjabond	1	1	0	0	1	-1	0	2	0	160	1	1	true	Move	1	brn	figyberry	1	1	-1	1	1		undefined	true	8	8	8	-1	0
thermalexchange	onDamagingHit	229	1	6	40	Ghost	1	1	0	20	100	1	2048	pikachu	1	1	1	1	0	-1	1	0	100	160	1	0	null	Ability	1	brn	aguavberry	2	-1	99	1	1		undefined	true	2048	2048	2048	-1	2
thermalexchange	onDamagingHit	230	-1	6	0	Bug	1	0	0	10	100	-1	8	greninjaash	0	1	1	1	1	-1	0	0	60	160	1	1	undefined	Move	0	brn	leftovers	1	1	-1	0	1		undefined	undefined	8	8	8	-1	0
thermalexchange	onDamagingHit	231	1	6	40	Normal	1	0	1	0	-1	0	0	greninjaash	1	0	0	1	1	1	0	1	60	100	1	1	undefined	Move	0	brn	sitrusberry	2	0	99	0	1		undefined	false	0	0	0	1	0
thermalexchange	onDamagingHit	232	-1	0	70	Dark	0	0	0	100	0	1	0	greninjaash	1	1	0	0	0	6	0	0	60	100	0	0	undefined	missing	1	brn	figyberry	1	1	-1	1	1		undefined	true	0	0	0	6	0
thermalexchange	onDamagingHit	233	0	1	70	Bug	0	0	1	0	-1	0	16384	pikachu	1	1	1	0	1	6	0	2	100	160	0	0	undefined	Move	1	psn	sitrusberry	2	0	0	1	1		undefined	false	16384	16384	16384	6	0
thermalexchange	onDamagingHit	234	0	6	70	Fire	0	0	0	20	100	1	24576	greninjabond	0	0	0	1	0	-1	0	0	60	100	1	0	null	missing	0	brn	figyberry	1	0	-1	1	1	boost:atk=1:undefined:undefined:undefined:false:false	undefined	true	24576	24576	24576	-1	0
thermalexchange	onDamagingHit	235	6	6	60	Fire	1	1	1	100	0	0	8192	greninjaash	1	0	1	1	0	0	1	0	60	160	1	1	true	Move	0	psn	wikiberry	2	1	0	0	0	boost:atk=1:undefined:undefined:undefined:false:false	undefined	false	8192	8192	8192	0	2
thermalexchange	onDamagingHit	236	6	6	60	Bug	0	1	0	10	20	1	8	greninjaash	0	1	1	1	1	6	0	1	100	160	1	0	false	Ability	1	brn	leftovers	0	-1	0	1	1		undefined	true	8	8	8	6	2
thermalexchange	onDamagingHit	237	-1	6	60	Ghost	0	0	0	0	20	0	24576	pikachu	1	0	1	0	1	6	0	0	60	0	1	1	null	Ability	1	psn	wikiberry	2	0	99	1	1		undefined	false	24576	24576	24576	6	0
thermalexchange	onDamagingHit	238	0	1	70	Dark	0	0	0	10	20	-1	0	pikachu	1	1	1	1	0	0	0	1	100	0	1	1	0	Move	1	psn	iapapaberry	0	-1	1	0	1		undefined	undefined	0	0	0	0	0
thermalexchange	onDamagingHit	239	6	6	60	Water	0	0	0	100	100	1	16384	pikachu	1	0	1	0	0	0	0	1	60	100	0	1	false	Move	0	psn	leftovers	0	-1	99	0	0		undefined	true	16384	16384	16384	0	0
thermalexchange	onDamagingHit	240	-1	1	61	Ghost	0	1	1	0	20	-1	8	pikachu	0	0	1	1	1	0	1	2	60	0	0	1	true	Ability	1	brn	wikiberry	1	1	99	1	0		undefined	undefined	8	8	8	0	2
thermalexchange	onDamagingHit	241	0	6	60	Fire	1	1	1	0	100	1	8	greninjabond	1	0	1	0	1	6	1	1	0	0	0	1	0	missing	1	brn	iapapaberry	2	0	1	0	1	boost:atk=1:undefined:undefined:undefined:false:false	undefined	true	8	8	8	6	2
thermalexchange	onDamagingHit	242	-1	6	0	Bug	0	0	0	0	0	1	0	greninjabond	0	0	0	1	1	6	1	2	0	100	1	0	undefined	Move	0	psn	sitrusberry	2	1	-1	1	1		undefined	true	0	0	0	6	0
thermalexchange	onDamagingHit	243	1	1	0	Water	1	1	0	100	-1	-1	2048	greninjaash	0	0	0	0	0	1	1	0	0	100	0	0	true	Ability	0	psn	aguavberry	2	-1	99	1	1		undefined	undefined	2048	2048	2048	1	2
thermalexchange	onDamagingHit	244	0	0	61	Bug	0	0	0	0	20	-1	24576	greninjabond	1	0	0	0	1	6	0	1	0	0	0	1	undefined	Ability	0	brn	wikiberry	2	-1	1	1	0		undefined	undefined	24576	24576	24576	6	0
thermalexchange	onDamagingHit	245	0	1	40	Bug	1	1	0	10	20	-1	8	greninjabond	0	1	1	0	1	0	1	2	100	160	0	1	0	Move	0	brn	magoberry	1	1	99	1	1		undefined	undefined	8	8	8	0	2
thermalexchange	onDamagingHit	246	1	1	60	Dark	0	1	0	10	-1	0	8192	pikachu	1	0	0	1	0	0	1	1	100	0	0	1	true	missing	1	brn	iapapaberry	0	-1	-1	1	0		undefined	false	8192	8192	8192	0	2
thermalexchange	onDamagingHit	247	-1	1	60	Ghost	0	0	1	10	20	0	2048	greninjaash	1	0	0	0	0	-1	0	0	100	100	0	0	undefined	Move	0	psn	aguavberry	0	0	-1	1	1		undefined	false	2048	2048	2048	-1	0
thermalexchange	onDamagingHit	248	0	6	0	Fire	1	1	1	10	-1	1	8	greninjaash	1	1	0	0	1	1	1	0	100	100	1	0	undefined	missing	1	brn	magoberry	2	1	1	1	0	boost:atk=1:undefined:undefined:undefined:false:false	undefined	true	8	8	8	1	2
thermalexchange	onDamagingHit	249	0	6	0	Ghost	0	0	1	100	0	-1	8	greninjabond	0	1	1	1	0	6	0	1	0	0	0	1	false	Move	0	brn	aguavberry	2	0	-1	0	1		undefined	undefined	8	8	8	6	0
thermalexchange	onDamagingHit	250	6	0	60	Bug	0	0	0	20	-1	-1	2048	greninjaash	0	1	0	1	1	0	0	0	60	160	1	0	0	Ability	1	brn	aguavberry	0	1	-1	0	0		undefined	undefined	2048	2048	2048	0	0
thermalexchange	onDamagingHit	251	-1	6	61	Bug	0	1	1	0	20	1	2048	greninjabond	0	0	1	0	1	6	1	1	60	160	0	1	false	Move	0	brn	figyberry	0	-1	1	0	0		undefined	true	2048	2048	2048	6	2
thermalexchange	onDamagingHit	252	6	6	0	Water	1	0	1	100	20	1	0	greninjabond	0	0	0	1	1	1	1	2	100	160	1	0	true	Ability	0	psn	wikiberry	1	1	99	1	0		undefined	true	0	0	0	1	0
thermalexchange	onDamagingHit	253	6	1	61	Bug	0	0	1	100	20	-1	2048	greninjabond	1	0	0	0	1	6	0	2	100	0	0	0	0	Ability	1	brn	leftovers	0	1	1	0	1		undefined	undefined	2048	2048	2048	6	0
thermalexchange	onDamagingHit	254	-1	1	70	Normal	0	1	1	10	0	1	8192	pikachu	1	0	0	1	1	1	0	0	0	160	0	1	undefined	missing	0	psn	aguavberry	2	1	1	0	0		undefined	true	8192	8192	8192	1	2
thermalexchange	onDamagingHit	255	-1	0	40	Fire	0	0	1	0	-1	0	0	pikachu	0	0	1	1	1	6	1	1	60	100	1	0	false	missing	1	brn	wikiberry	2	0	0	0	0	boost:atk=1:undefined:undefined:undefined:false:false	undefined	false	0	0	0	6	0
thermalexchange	onDamagingHit	256	0	6	70	Dark	0	0	0	20	100	-1	24576	greninjabond	0	1	0	1	1	-1	1	1	100	0	0	1	true	missing	0	brn	leftovers	0	1	0	1	1		undefined	undefined	24576	24576	24576	-1	0
thermalexchange	onDamagingHit	257	-1	6	61	Normal	0	1	1	100	20	-1	2048	greninjabond	1	0	1	1	0	6	1	2	100	0	0	1	undefined	Ability	1	psn	wikiberry	2	1	0	0	1		undefined	undefined	2048	2048	2048	6	2
thermalexchange	onDamagingHit	258	6	0	61	Dark	1	1	0	0	20	0	8192	pikachu	1	1	1	1	0	-1	0	2	100	160	0	0	null	Ability	0	psn	wikiberry	2	0	-1	1	0		undefined	false	8192	8192	8192	-1	2
thermalexchange	onDamagingHit	259	6	0	70	Dark	0	1	1	10	20	0	2048	pikachu	0	0	0	1	0	-1	1	2	0	100	1	1	true	Ability	0	brn	leftovers	1	-1	-1	0	1		undefined	false	2048	2048	2048	-1	2
thermalexchange	onDamagingHit	260	0	6	0	Fire	0	1	0	20	20	1	2048	greninjaash	0	1	1	0	1	1	1	0	60	100	0	1	0	missing	0	psn	wikiberry	1	0	-1	0	0	boost:atk=1:undefined:undefined:undefined:false:false	undefined	true	2048	2048	2048	1	2
thermalexchange	onDamagingHit	261	0	1	70	Ghost	0	0	1	0	20	1	24576	pikachu	0	1	0	1	0	0	0	1	60	160	0	0	true	missing	0	psn	leftovers	2	0	1	0	1		undefined	true	24576	24576	24576	0	0
thermalexchange	onDamagingHit	262	0	6	70	Fire	0	0	1	10	100	1	16384	greninjaash	1	1	0	1	0	1	0	0	60	0	0	1	false	Move	1	brn	leftovers	0	1	-1	1	1	boost:atk=1:undefined:undefined:undefined:false:false	undefined	true	16384	16384	16384	1	0
thermalexchange	onDamagingHit	263	0	1	70	Ghost	1	0	0	20	100	1	8	greninjabond	0	0	0	0	0	1	1	0	0	160	0	1	null	Move	1	brn	figyberry	1	-1	0	0	1		undefined	true	8	8	8	1	0
thermalexchange	onDamagingHit	264	0	0	40	Ghost	1	0	1	100	-1	-1	0	pikachu	0	0	1	0	1	0	0	1	60	0	0	0	false	Move	0	brn	magoberry	0	1	-1	1	1		undefined	undefined	0	0	0	0	0
thermalexchange	onDamagingHit	265	-1	6	0	Dark	1	1	1	100	0	0	24576	greninjaash	1	1	1	0	0	6	1	0	100	100	1	0	0	Ability	0	psn	wikiberry	1	0	99	1	1		undefined	false	24576	24576	24576	6	2
thermalexchange	onDamagingHit	266	1	1	60	Water	1	1	1	20	100	1	2048	greninjabond	1	1	1	1	1	1	1	1	100	0	0	0	false	Move	0	brn	magoberry	1	-1	-1	0	1		undefined	true	2048	2048	2048	1	2
thermalexchange	onDamagingHit	267	1	6	70	Fire	0	1	0	10	100	1	0	greninjaash	1	0	1	1	0	0	1	2	100	160	0	0	false	Move	0	psn	figyberry	0	1	99	1	0	boost:atk=1:undefined:undefined:undefined:false:false	undefined	true	0	0	0	0	2
thermalexchange	onDamagingHit	268	6	0	61	Fire	1	1	1	10	100	0	0	greninjabond	1	0	0	1	0	1	1	2	0	160	0	1	false	Ability	0	psn	wikiberry	1	-1	0	0	1	boost:atk=1:undefined:undefined:undefined:false:false	undefined	false	0	0	0	1	2
thermalexchange	onDamagingHit	269	1	0	0	Fire	1	1	1	20	-1	0	0	pikachu	0	0	0	1	0	6	1	2	0	160	0	1	null	Ability	1	psn	magoberry	1	1	0	0	1	boost:atk=1:undefined:undefined:undefined:false:false	undefined	false	0	0	0	6	2
thermalexchange	onDamagingHit	270	1	0	61	Water	0	0	1	10	100	1	8	greninjabond	1	1	1	1	1	6	1	2	0	160	1	1	false	Ability	1	psn	figyberry	0	0	1	0	0		undefined	true	8	8	8	6	0
thermalexchange	onDamagingHit	271	1	1	40	Bug	1	0	1	10	20	1	24576	greninjabond	0	0	1	0	0	0	1	2	100	100	1	1	null	Ability	1	psn	leftovers	2	1	1	1	0		undefined	true	24576	24576	24576	0	0
thermalexchange	onDamagingHit	272	0	1	0	Dark	0	1	1	0	100	0	2048	pikachu	1	0	0	1	1	6	0	2	0	160	1	0	0	Move	0	brn	wikiberry	2	-1	99	1	0		undefined	false	2048	2048	2048	6	2
thermalexchange	onDamagingHit	273	-1	0	70	Ghost	0	0	0	20	20	0	2048	pikachu	0	0	0	0	1	6	0	2	60	0	1	0	true	missing	1	brn	aguavberry	0	0	0	1	1		undefined	false	2048	2048	2048	6	0
thermalexchange	onDamagingHit	274	0	0	61	Ghost	1	0	1	0	-1	1	16384	pikachu	1	0	1	1	0	0	0	2	60	100	0	0	0	Ability	1	psn	wikiberry	2	1	-1	1	1		undefined	true	16384	16384	16384	0	0
thermalexchange	onDamagingHit	275	-1	1	60	Water	1	0	1	20	0	-1	2048	pikachu	1	1	1	0	1	1	1	1	0	160	1	0	undefined	Move	1	psn	wikiberry	2	1	1	0	1		undefined	undefined	2048	2048	2048	1	0
thermalexchange	onDamagingHit	276	1	6	70	Dark	0	0	1	10	100	1	2048	greninjabond	0	0	1	0	0	0	0	2	100	0	1	0	null	missing	1	psn	magoberry	2	0	1	0	1		undefined	true	2048	2048	2048	0	0
thermalexchange	onDamagingHit	277	-1	0	0	Bug	0	0	1	100	-1	1	8	greninjabond	1	1	0	0	0	0	0	0	60	160	0	1	null	Ability	1	brn	magoberry	2	0	0	1	1		undefined	true	8	8	8	0	0
thermalexchange	onDamagingHit	278	6	0	0	Fire	1	0	0	10	20	-1	8192	greninjabond	0	0	1	1	0	-1	0	1	100	0	1	1	null	Move	0	brn	wikiberry	0	-1	-1	1	0	boost:atk=1:undefined:undefined:undefined:false:false	undefined	undefined	8192	8192	8192	-1	0
thermalexchange	onDamagingHit	279	1	1	60	Bug	1	0	0	100	-1	1	8192	greninjaash	1	0	1	1	1	-1	1	2	60	0	0	0	null	Move	1	psn	aguavberry	2	1	1	0	1		undefined	true	8192	8192	8192	-1	0
thermalexchange	onDamagingHit	280	0	1	60	Dark	1	0	0	20	-1	-1	16384	greninjaash	0	1	0	0	1	-1	0	0	100	100	0	1	false	Ability	0	brn	leftovers	2	0	1	0	0		undefined	undefined	16384	16384	16384	-1	0
thermalexchange	onDamagingHit	281	6	1	60	Normal	0	1	0	20	100	0	8192	pikachu	1	1	0	0	1	6	1	0	100	0	1	1	undefined	Move	1	psn	leftovers	1	-1	1	1	1		undefined	false	8192	8192	8192	6	2
thermalexchange	onDamagingHit	282	-1	0	61	Bug	1	0	1	20	20	0	8	greninjaash	1	0	0	1	1	6	0	0	100	0	1	1	undefined	missing	0	brn	leftovers	2	-1	0	1	0		undefined	false	8	8	8	6	0
thermalexchange	onDamagingHit	283	6	1	70	Water	1	0	0	20	-1	0	24576	greninjaash	1	1	0	1	0	6	0	2	0	100	0	1	false	Ability	1	brn	figyberry	1	0	-1	1	0		undefined	false	24576	24576	24576	6	0
thermalexchange	onDamagingHit	284	-1	0	60	Ghost	0	0	0	0	100	1	8	pikachu	1	1	1	1	0	0	0	0	100	0	0	1	false	missing	1	psn	iapapaberry	2	1	99	0	0		undefined	true	8	8	8	0	0
thermalexchange	onDamagingHit	285	1	6	40	Normal	0	1	1	10	-1	-1	8	greninjabond	0	0	0	0	1	6	1	1	0	160	1	1	true	Move	0	brn	sitrusberry	0	1	-1	1	1		undefined	undefined	8	8	8	6	2
thermalexchange	onDamagingHit	286	-1	1	40	Bug	1	1	0	10	-1	-1	16384	greninjabond	0	0	1	1	1	-1	0	2	100	100	1	1	null	Ability	1	psn	sitrusberry	1	1	1	1	1		undefined	undefined	16384	16384	16384	-1	2
thermalexchange	onDamagingHit	287	6	0	40	Fire	0	0	1	20	100	0	24576	greninjabond	1	0	0	1	0	6	1	1	100	100	1	1	0	Ability	1	psn	leftovers	0	1	99	0	0	boost:atk=1:undefined:undefined:undefined:false:false	undefined	false	24576	24576	24576	6	0
thermalexchange	onDamagingHit	288	0	0	61	Ghost	1	0	1	100	0	-1	2048	greninjabond	1	1	1	1	0	1	1	2	60	160	0	0	undefined	Move	1	brn	wikiberry	1	-1	0	0	0		undefined	undefined	2048	2048	2048	1	0
thermalexchange	onDamagingHit	289	6	6	60	Water	1	0	0	10	-1	1	8	greninjabond	1	0	0	1	1	6	0	2	100	0	1	1	true	missing	0	psn	sitrusberry	1	0	-1	0	1		undefined	true	8	8	8	6	0
thermalexchange	onDamagingHit	290	6	1	40	Ghost	1	1	0	10	100	1	16384	greninjaash	1	1	0	0	1	1	1	1	0	160	1	1	null	Ability	1	psn	aguavberry	2	-1	0	0	1		undefined	true	16384	16384	16384	1	2
thermalexchange	onDamagingHit	291	1	6	40	Normal	1	0	1	100	-1	-1	8	greninjabond	1	1	1	1	1	-1	0	2	100	160	0	1	false	Ability	1	brn	leftovers	0	1	99	1	1		undefined	undefined	8	8	8	-1	0
thermalexchange	onDamagingHit	292	1	1	0	Ghost	1	1	1	100	100	-1	8	greninjabond	0	1	0	0	0	-1	0	2	0	160	0	0	true	Move	1	psn	leftovers	1	0	-1	0	0		undefined	undefined	8	8	8	-1	2
thermalexchange	onDamagingHit	293	6	6	61	Fire	1	0	0	100	0	-1	2048	greninjaash	0	1	1	1	1	0	0	0	0	0	1	0	null	Ability	1	psn	aguavberry	1	0	-1	1	1	boost:atk=1:undefined:undefined:undefined:false:false	undefined	undefined	2048	2048	2048	0	0
thermalexchange	onDamagingHit	294	0	0	0	Dark	1	1	0	10	0	0	24576	pikachu	0	1	0	1	1	0	1	2	60	100	0	1	0	missing	1	brn	figyberry	1	-1	-1	0	1		undefined	false	24576	24576	24576	0	2
thermalexchange	onDamagingHit	295	-1	6	70	Fire	0	0	0	10	20	1	8	pikachu	1	0	1	0	0	1	1	2	100	0	1	1	true	missing	0	brn	figyberry	0	1	99	1	1	boost:atk=1:undefined:undefined:undefined:false:false	undefined	true	8	8	8	1	0
thermalexchange	onDamagingHit	296	1	1	40	Fire	0	1	1	0	20	-1	8192	greninjaash	0	0	0	0	0	-1	1	1	100	0	1	1	false	missing	1	brn	magoberry	0	0	-1	0	1	boost:atk=1:undefined:undefined:undefined:false:false	undefined	undefined	8192	8192	8192	-1	2
thermalexchange	onDamagingHit	297	6	0	0	Fire	0	1	0	10	100	0	16384	greninjabond	0	1	0	1	0	6	1	0	100	100	1	0	null	missing	1	brn	magoberry	0	1	0	0	0	boost:atk=1:undefined:undefined:undefined:false:false	undefined	false	16384	16384	16384	6	2
thermalexchange	onDamagingHit	298	6	6	70	Bug	1	1	0	100	0	-1	24576	greninjaash	0	1	0	0	0	0	0	1	100	160	1	1	undefined	missing	1	psn	iapapaberry	1	-1	0	1	1		undefined	undefined	24576	24576	24576	0	2
thermalexchange	onDamagingHit	299	0	1	60	Dark	0	0	1	100	20	1	24576	pikachu	0	1	0	0	1	0	0	0	0	100	1	0	false	Move	1	psn	aguavberry	0	0	0	0	0		undefined	true	24576	24576	24576	0	0
thermalexchange	onDamagingHit	300	-1	6	61	Dark	0	1	1	20	100	1	8	pikachu	0	0	1	1	0	-1	1	1	60	160	1	1	true	Ability	0	psn	wikiberry	2	-1	0	1	1		undefined	true	8	8	8	-1	2
thermalexchange	onDamagingHit	301	0	1	60	Water	0	1	0	0	0	0	24576	greninjabond	1	0	1	1	1	6	1	2	60	0	1	0	true	Move	0	psn	iapapaberry	2	0	99	0	1		undefined	false	24576	24576	24576	6	2
thermalexchange	onDamagingHit	302	6	0	70	Bug	1	0	1	10	100	0	8192	greninjaash	0	1	0	1	0	0	0	0	0	0	0	1	undefined	Ability	0	brn	leftovers	2	0	1	1	0		undefined	false	8192	8192	8192	0	0
thermalexchange	onDamagingHit	303	-1	1	61	Bug	0	0	0	100	-1	-1	2048	greninjaash	1	0	0	0	1	0	0	2	60	0	0	0	true	Move	0	brn	wikiberry	1	0	-1	0	0		undefined	undefined	2048	2048	2048	0	0
thermalexchange	onDamagingHit	304	1	1	61	Fire	1	1	0	10	0	0	8192	greninjabond	0	1	0	1	0	0	1	2	0	100	0	0	false	Move	1	brn	aguavberry	1	-1	99	0	1	boost:atk=1:undefined:undefined:undefined:false:false	undefined	false	8192	8192	8192	0	2
thermalexchange	onDamagingHit	305	1	1	40	Ghost	0	0	0	0	0	1	24576	pikachu	1	0	0	0	0	-1	1	2	0	100	1	0	true	missing	0	brn	wikiberry	0	0	99	0	0		undefined	true	24576	24576	24576	-1	0
thermalexchange	onDamagingHit	306	1	1	40	Fire	0	1	0	10	-1	-1	24576	pikachu	0	0	0	0	1	6	1	2	60	160	0	1	true	missing	0	brn	iapapaberry	2	0	0	0	0	boost:atk=1:undefined:undefined:undefined:false:false	undefined	undefined	24576	24576	24576	6	2
thermalexchange	onDamagingHit	307	6	1	0	Dark	0	0	0	0	100	0	8192	pikachu	0	1	1	0	0	1	0	2	60	100	0	0	true	Ability	1	psn	figyberry	0	-1	-1	1	1		undefined	false	8192	8192	8192	1	0
thermalexchange	onDamagingHit	308	1	0	60	Dark	1	0	0	10	0	0	0	greninjabond	1	0	1	0	1	6	1	0	60	0	0	0	true	Ability	0	psn	iapapaberry	1	-1	1	1	1		undefined	false	0	0	0	6	0
thermalexchange	onDamagingHit	309	6	6	61	Water	0	0	0	20	0	0	0	greninjabond	0	1	1	0	0	0	1	0	100	0	1	1	true	missing	1	brn	figyberry	1	-1	99	0	1		undefined	false	0	0	0	0	0
thermalexchange	onDamagingHit	310	-1	6	61	Dark	1	0	1	10	20	0	0	pikachu	0	1	0	1	1	1	0	0	0	100	0	1	null	Move	1	psn	sitrusberry	2	0	-1	0	0		undefined	false	0	0	0	1	0
thermalexchange	onDamagingHit	311	0	6	70	Water	1	0	1	20	100	1	2048	pikachu	0	0	1	1	0	-1	0	2	100	0	1	0	true	Move	0	psn	sitrusberry	2	0	0	0	1		undefined	true	2048	2048	2048	-1	0
thermalexchange	onDamagingHit	312	1	1	61	Dark	0	0	1	20	20	0	24576	pikachu	1	1	1	0	0	6	0	0	60	100	0	1	null	Move	0	psn	leftovers	2	1	1	0	0		undefined	false	24576	24576	24576	6	0
thermalexchange	onDamagingHit	313	1	6	0	Normal	1	1	0	0	20	0	2048	greninjaash	0	1	1	0	0	-1	0	0	0	100	0	0	0	Move	1	psn	aguavberry	2	0	-1	0	0		undefined	false	2048	2048	2048	-1	2
thermalexchange	onDamagingHit	314	0	1	40	Water	0	0	1	100	100	-1	0	greninjabond	0	0	1	0	0	1	1	1	0	160	0	1	null	missing	1	psn	sitrusberry	0	0	0	1	0		undefined	undefined	0	0	0	1	0
thermalexchange	onDamagingHit	315	1	6	61	Bug	0	0	1	0	100	-1	8	greninjaash	0	1	1	1	1	6	0	2	0	160	1	1	undefined	missing	0	psn	sitrusberry	0	0	1	1	0		undefined	undefined	8	8	8	6	0
thermalexchange	onDamagingHit	316	0	6	60	Fire	0	1	1	0	0	-1	0	greninjabond	0	1	0	1	1	6	1	0	60	100	0	1	true	Ability	0	psn	aguavberry	0	0	99	1	0	boost:atk=1:undefined:undefined:undefined:false:false	undefined	undefined	0	0	0	6	2
thermalexchange	onDamagingHit	317	-1	0	0	Ghost	1	1	0	100	100	1	8	greninjaash	0	0	1	0	0	6	0	1	100	160	1	1	false	Move	0	psn	magoberry	2	0	99	0	1		undefined	true	8	8	8	6	2
thermalexchange	onDamagingHit	318	0	6	60	Normal	1	1	1	10	20	-1	8192	greninjabond	1	0	0	1	0	1	1	0	0	0	1	1	undefined	missing	1	brn	magoberry	2	0	1	1	1		undefined	undefined	8192	8192	8192	1	2
thermalexchange	onDamagingHit	319	1	1	0	Normal	1	0	0	0	20	1	2048	pikachu	0	0	1	0	0	6	0	2	60	0	0	1	0	Move	0	psn	figyberry	0	0	0	1	0		undefined	true	2048	2048	2048	6	0
thermalexchange	onDamagingHit	320	1	1	70	Ghost	1	0	1	100	0	0	0	greninjaash	0	0	0	1	0	-1	0	0	100	100	1	0	true	Move	0	psn	figyberry	1	-1	0	1	0		undefined	false	0	0	0	-1	0
thermalexchange	onDamagingHit	321	1	0	60	Ghost	0	0	1	0	0	0	24576	greninjaash	0	1	1	1	0	-1	1	1	0	0	0	1	true	missing	1	psn	magoberry	2	0	1	1	0		undefined	false	24576	24576	24576	-1	0
thermalexchange	onDamagingHit	322	-1	1	60	Dark	0	0	1	10	0	-1	8	greninjaash	0	1	1	0	1	-1	0	0	60	0	0	1	undefined	Move	1	brn	sitrusberry	1	1	0	1	1		undefined	undefined	8	8	8	-1	0
thermalexchange	onDamagingHit	323	0	0	0	Water	1	0	0	10	0	1	16384	pikachu	1	1	0	1	1	-1	1	0	60	160	0	0	0	Ability	0	brn	aguavberry	2	-1	0	0	1		undefined	true	16384	16384	16384	-1	0
thermalexchange	onDamagingHit	324	6	6	61	Dark	1	1	1	100	0	-1	16384	greninjabond	1	1	1	0	1	1	0	1	100	160	1	0	undefined	Move	1	psn	wikiberry	1	-1	-1	1	0		undefined	undefined	16384	16384	16384	1	2
thermalexchange	onDamagingHit	325	1	0	40	Dark	0	0	0	10	100	1	2048	pikachu	1	0	1	0	0	0	1	0	60	100	1	0	undefined	Ability	0	psn	leftovers	1	0	1	0	1		undefined	true	2048	2048	2048	0	0
thermalexchange	onDamagingHit	326	1	0	70	Dark	0	1	0	10	-1	0	24576	pikachu	1	0	1	1	1	6	0	0	100	0	1	1	true	Ability	0	psn	sitrusberry	1	1	-1	1	0		undefined	false	24576	24576	24576	6	2
thermalexchange	onDamagingHit	327	1	6	0	Fire	1	0	1	100	-1	0	16384	greninjaash	0	0	0	0	1	1	0	1	100	100	1	1	undefined	missing	0	brn	figyberry	0	1	1	0	1	boost:atk=1:undefined:undefined:undefined:false:false	undefined	false	16384	16384	16384	1	0
thermalexchange	onDamagingHit	328	1	0	70	Bug	1	1	0	0	20	0	16384	greninjaash	1	0	1	0	1	1	0	1	100	160	0	1	null	Ability	0	psn	magoberry	1	1	0	1	1		undefined	false	16384	16384	16384	1	2
thermalexchange	onDamagingHit	329	1	6	61	Dark	1	1	1	100	-1	0	8192	greninjabond	1	0	1	1	1	-1	0	2	0	100	0	1	false	missing	0	brn	magoberry	2	1	99	1	0		undefined	false	8192	8192	8192	-1	2
thermalexchange	onDamagingHit	330	6	1	70	Water	0	1	1	100	-1	-1	8192	greninjabond	0	1	1	0	1	6	1	1	0	0	1	1	undefined	Ability	0	psn	aguavberry	0	1	0	0	1		undefined	undefined	8192	8192	8192	6	2
thermalexchange	onDamagingHit	331	6	1	61	Fire	1	0	1	20	-1	1	2048	greninjabond	1	1	1	0	0	0	1	2	100	0	1	0	null	missing	0	brn	iapapaberry	0	0	99	1	0	boost:atk=1:undefined:undefined:undefined:false:false	undefined	true	2048	2048	2048	0	0
thermalexchange	onDamagingHit	332	0	1	70	Ghost	1	0	0	20	0	0	8192	greninjabond	0	0	1	1	1	1	0	1	0	0	0	1	false	Move	1	psn	aguavberry	0	-1	1	1	0		undefined	false	8192	8192	8192	1	0
thermalexchange	onDamagingHit	333	-1	1	0	Bug	0	1	0	20	100	-1	2048	greninjabond	0	1	0	1	0	6	0	0	0	0	0	0	true	missing	1	brn	leftovers	0	0	1	1	1		undefined	undefined	2048	2048	2048	6	2
thermalexchange	onDamagingHit	334	6	0	61	Water	0	1	0	10	0	-1	16384	greninjaash	1	1	1	1	1	-1	0	0	0	100	1	1	null	missing	1	brn	wikiberry	0	1	1	0	0		undefined	undefined	16384	16384	16384	-1	2
thermalexchange	onDamagingHit	335	6	6	0	Dark	0	0	0	10	100	0	2048	greninjaash	1	1	1	1	0	0	0	2	100	100	1	0	true	Move	0	brn	figyberry	1	0	1	1	0		undefined	false	2048	2048	2048	0	0
thermalexchange	onDamagingHit	336	6	6	61	Water	0	0	1	10	-1	1	0	greninjaash	0	1	1	0	1	6	0	0	0	160	1	0	null	Ability	1	psn	sitrusberry	2	-1	-1	1	1		undefined	true	0	0	0	6	0
thermalexchange	onDamagingHit	337	0	1	40	Normal	1	0	1	100	100	-1	2048	greninjaash	0	1	1	0	1	-1	1	0	60	100	0	0	false	missing	1	brn	figyberry	1	1	0	1	0		undefined	undefined	2048	2048	2048	-1	0
thermalexchange	onDamagingHit	338	6	1	0	Ghost	0	1	0	10	20	0	0	pikachu	1	1	0	0	0	0	1	1	0	100	1	1	undefined	Move	1	brn	leftovers	2	1	0	1	0		undefined	false	0	0	0	0	2
thermalexchange	onDamagingHit	339	1	1	61	Dark	1	0	0	20	-1	1	0	pikachu	1	1	0	0	1	1	1	1	60	100	1	1	undefined	Move	0	psn	figyberry	1	0	1	1	1		undefined	true	0	0	0	1	0
thermalexchange	onDamagingHit	340	6	6	60	Ghost	0	0	1	10	0	1	24576	greninjaash	1	1	0	1	1	1	0	1	100	0	0	0	false	missing	1	psn	magoberry	2	0	99	0	1		undefined	true	24576	24576	24576	1	0
thermalexchange	onDamagingHit	341	1	6	60	Normal	1	0	1	0	20	-1	8	greninjabond	0	0	0	1	1	0	1	1	100	100	0	0	undefined	Move	0	brn	leftovers	2	0	0	1	1		undefined	undefined	8	8	8	0	0
thermalexchange	onDamagingHit	342	0	0	60	Fire	0	0	0	10	100	-1	8	greninjabond	1	1	1	1	0	-1	1	0	60	0	0	1	null	missing	1	psn	magoberry	1	1	0	1	1	boost:atk=1:undefined:undefined:undefined:false:false	undefined	undefined	8	8	8	-1	0
thermalexchange	onDamagingHit	343	-1	1	70	Bug	0	1	0	0	20	1	2048	greninjaash	1	1	0	1	1	-1	1	1	0	100	0	1	true	missing	1	brn	aguavberry	0	1	99	1	0		undefined	true	2048	2048	2048	-1	2
thermalexchange	onDamagingHit	344	6	1	70	Bug	1	0	0	20	100	-1	8	pikachu	0	1	0	1	1	0	1	0	100	0	1	1	null	Move	1	psn	aguavberry	1	0	99	1	0		undefined	undefined	8	8	8	0	0
thermalexchange	onDamagingHit	345	0	1	60	Bug	0	1	1	20	-1	0	8192	greninjaash	0	0	1	0	1	-1	1	2	0	0	0	0	null	missing	0	psn	sitrusberry	0	1	99	0	0		undefined	false	8192	8192	8192	-1	2
thermalexchange	onDamagingHit	346	1	0	70	Bug	1	0	0	100	100	1	8	greninjaash	1	0	0	0	1	-1	0	0	60	160	1	1	null	Ability	1	psn	leftovers	1	-1	0	0	0		undefined	true	8	8	8	-1	0
thermalexchange	onDamagingHit	347	0	0	70	Bug	0	0	0	100	20	0	0	greninjaash	0	1	1	1	1	6	1	0	0	100	0	1	false	missing	0	psn	iapapaberry	1	-1	0	0	1		undefined	false	0	0	0	6	0
thermalexchange	onDamagingHit	348	0	1	0	Dark	1	1	1	0	0	1	8	greninjabond	1	1	1	0	0	0	0	1	100	160	1	1	0	missing	0	psn	magoberry	0	1	-1	0	1		undefined	true	8	8	8	0	2
thermalexchange	onDamagingHit	349	6	6	40	Ghost	0	1	1	20	20	0	2048	greninjaash	1	1	0	0	1	6	1	1	0	160	0	1	false	Move	1	psn	figyberry	2	1	0	1	1		undefined	false	2048	2048	2048	6	2
thermalexchange	onDamagingHit	350	1	6	61	Normal	0	0	1	10	20	0	8192	greninjaash	1	0	0	0	1	0	0	0	60	160	0	0	undefined	Ability	0	brn	leftovers	0	1	99	0	1		undefined	false	8192	8192	8192	0	0
thermalexchange	onDamagingHit	351	0	0	70	Water	0	1	1	100	-1	1	8	pikachu	1	1	1	0	1	-1	1	1	100	0	1	1	false	missing	1	psn	leftovers	0	1	99	0	1		undefined	true	8	8	8	-1	2
thermalexchange	onDamagingHit	352	6	1	40	Normal	0	1	0	100	-1	1	8	greninjaash	1	0	1	0	1	1	1	2	0	160	0	0	true	Ability	1	psn	iapapaberry	1	1	1	1	0		undefined	true	8	8	8	1	2
thermalexchange	onDamagingHit	353	0	1	61	Ghost	1	0	1	20	20	0	16384	greninjabond	1	1	0	0	0	-1	0	1	60	160	1	1	0	Ability	1	brn	iapapaberry	0	-1	-1	0	0		undefined	false	16384	16384	16384	-1	0
thermalexchange	onDamagingHit	354	0	0	0	Ghost	1	0	0	10	0	0	8	pikachu	1	0	0	0	0	1	1	1	0	160	0	1	0	Move	0	brn	aguavberry	2	1	0	1	1		undefined	false	8	8	8	1	0
thermalexchange	onDamagingHit	355	6	6	40	Normal	0	0	1	100	100	1	16384	greninjaash	0	1	0	0	0	0	1	1	100	160	1	0	true	missing	0	brn	leftovers	1	-1	99	1	0		undefined	true	16384	16384	16384	0	0
thermalexchange	onDamagingHit	356	-1	6	60	Ghost	0	1	0	100	-1	1	16384	greninjaash	0	0	1	1	0	0	1	2	100	100	0	0	false	Move	0	psn	leftovers	1	1	0	0	0		undefined	true	16384	16384	16384	0	2
thermalexchange	onDamagingHit	357	0	1	0	Water	0	0	1	100	20	1	8192	greninjaash	0	0	0	0	1	0	0	2	0	160	0	1	0	missing	0	psn	aguavberry	2	0	-1	0	0		undefined	true	8192	8192	8192	0	0
thermalexchange	onDamagingHit	358	6	6	70	Ghost	0	1	1	20	20	-1	0	pikachu	1	0	0	0	0	0	1	0	100	160	0	0	undefined	Ability	1	psn	aguavberry	1	0	0	1	0		undefined	undefined	0	0	0	0	2
thermalexchange	onDamagingHit	359	0	6	70	Dark	0	1	0	10	0	0	8192	pikachu	0	1	1	0	0	6	1	1	60	100	0	0	undefined	Ability	1	psn	leftovers	2	0	-1	1	0		undefined	false	8192	8192	8192	6	2
thermalexchange	onDamagingHit	360	6	1	0	Normal	1	1	1	0	100	0	24576	pikachu	0	0	1	1	1	-1	1	2	0	0	1	1	undefined	Move	0	psn	figyberry	2	-1	0	0	0		undefined	false	24576	24576	24576	-1	2
thermalexchange	onDamagingHit	361	-1	0	60	Fire	1	1	0	10	0	1	8	greninjabond	0	0	0	1	0	-1	1	1	0	0	1	1	undefined	missing	0	brn	figyberry	0	1	1	0	0	boost:atk=1:undefined:undefined:undefined:false:false	undefined	true	8	8	8	-1	2
thermalexchange	onDamagingHit	362	-1	0	61	Water	1	1	1	100	20	1	0	greninjaash	1	1	1	0	1	0	1	2	0	160	0	1	undefined	missing	1	psn	magoberry	1	1	0	0	0		undefined	true	0	0	0	0	2
thermalexchange	onDamagingHit	363	1	0	60	Bug	0	0	0	0	100	0	2048	pikachu	0	1	0	0	1	1	0	1	60	0	0	0	false	Move	1	brn	aguavberry	0	0	1	1	1		undefined	false	2048	2048	2048	1	0
thermalexchange	onDamagingHit	364	1	0	60	Ghost	1	0	1	20	-1	-1	2048	greninjaash	1	0	0	0	0	-1	1	0	100	160	0	1	undefined	missing	0	psn	leftovers	0	-1	1	0	0		undefined	undefined	2048	2048	2048	-1	0
thermalexchange	onDamagingHit	365	6	1	60	Bug	1	1	1	10	-1	1	2048	pikachu	0	1	0	1	0	-1	1	1	60	160	0	0	undefined	Move	0	brn	magoberry	1	0	-1	0	0		undefined	true	2048	2048	2048	-1	2
thermalexchange	onDamagingHit	366	-1	1	61	Water	1	1	1	20	-1	1	8192	greninjaash	0	0	0	0	1	1	1	1	0	160	0	0	false	missing	0	brn	figyberry	1	1	99	1	0		undefined	true	8192	8192	8192	1	2
thermalexchange	onDamagingHit	367	1	0	61	Dark	1	1	1	0	20	1	8	greninjabond	0	1	0	1	1	1	1	1	60	100	1	0	true	Move	1	brn	magoberry	1	-1	-1	1	1		undefined	true	8	8	8	1	2
thermalexchange	onDamagingHit	368	6	6	70	Normal	1	0	0	10	-1	1	16384	pikachu	1	1	0	0	0	1	0	1	100	160	1	0	undefined	missing	0	psn	aguavberry	2	1	-1	0	1		undefined	true	16384	16384	16384	1	0
thermalexchange	onDamagingHit	369	-1	1	60	Bug	0	0	0	10	20	-1	0	pikachu	0	1	0	1	0	-1	0	0	100	100	1	0	undefined	Ability	0	psn	sitrusberry	1	1	99	1	0		undefined	undefined	0	0	0	-1	0
thermalexchange	onDamagingHit	370	6	6	0	Fire	1	1	1	10	100	0	24576	greninjabond	1	1	1	0	0	-1	0	1	100	0	0	1	0	Move	1	brn	aguavberry	1	1	0	0	0	boost:atk=1:undefined:undefined:undefined:false:false	undefined	false	24576	24576	24576	-1	2
thermalexchange	onDamagingHit	371	0	6	40	Ghost	0	0	1	0	0	-1	24576	greninjaash	1	1	1	1	1	6	0	0	100	100	1	1	undefined	Move	1	brn	magoberry	0	0	-1	0	0		undefined	undefined	24576	24576	24576	6	0
thermalexchange	onDamagingHit	372	-1	1	61	Fire	1	1	1	10	-1	0	0	greninjaash	0	1	1	1	0	-1	1	1	100	0	1	0	false	missing	1	psn	leftovers	2	1	99	0	1	boost:atk=1:undefined:undefined:undefined:false:false	undefined	false	0	0	0	-1	2
thermalexchange	onDamagingHit	373	-1	0	70	Ghost	0	0	1	20	-1	1	2048	pikachu	1	0	0	1	0	1	0	0	100	100	1	0	false	Move	1	psn	aguavberry	1	0	-1	0	0		undefined	true	2048	2048	2048	1	0
thermalexchange	onDamagingHit	374	0	1	0	Normal	1	0	1	20	0	1	0	greninjaash	0	1	1	0	1	1	0	1	0	160	1	0	true	missing	0	psn	wikiberry	2	1	0	0	1		undefined	true	0	0	0	1	0
thermalexchange	onDamagingHit	375	6	6	61	Normal	1	1	0	20	-1	1	8192	greninjaash	0	1	1	1	1	0	1	1	0	160	1	1	undefined	Move	1	brn	wikiberry	0	0	0	0	0		undefined	true	8192	8192	8192	0	2
thermalexchange	onDamagingHit	376	-1	1	60	Bug	0	0	0	20	0	0	0	greninjaash	0	0	1	1	0	6	0	1	0	160	0	1	0	missing	0	psn	iapapaberry	0	0	99	0	1		undefined	false	0	0	0	6	0
thermalexchange	onDamagingHit	377	-1	0	40	Bug	1	1	0	0	100	-1	0	greninjabond	1	0	0	0	1	-1	1	2	60	160	1	0	true	Move	1	psn	iapapaberry	2	-1	0	1	0		undefined	undefined	0	0	0	-1	2
thermalexchange	onDamagingHit	378	1	6	60	Fire	1	1	1	100	0	-1	24576	greninjabond	1	0	1	0	0	1	1	0	0	0	0	1	null	missing	0	psn	iapapaberry	0	0	0	1	1	boost:atk=1:undefined:undefined:undefined:false:false	undefined	undefined	24576	24576	24576	1	2
thermalexchange	onDamagingHit	379	6	1	60	Dark	1	0	0	10	-1	1	8192	pikachu	1	1	0	1	0	-1	0	0	100	160	1	0	0	Ability	1	psn	iapapaberry	0	1	99	1	1		undefined	true	8192	8192	8192	-1	0
thermalexchange	onDamagingHit	380	1	6	70	Dark	0	1	0	0	-1	-1	24576	pikachu	1	1	1	0	0	6	0	1	60	160	0	1	false	Ability	1	brn	wikiberry	2	0	-1	0	1		undefined	undefined	24576	24576	24576	6	2
thermalexchange	onDamagingHit	381	1	0	61	Fire	1	1	0	0	-1	0	8	greninjabond	0	1	1	1	0	-1	1	0	0	0	1	1	0	Ability	0	psn	magoberry	1	-1	99	1	0	boost:atk=1:undefined:undefined:undefined:false:false	undefined	false	8	8	8	-1	2
thermalexchange	onDamagingHit	382	6	0	61	Fire	1	0	0	20	100	0	2048	greninjabond	0	1	1	0	0	6	1	0	0	100	1	0	false	Ability	1	brn	iapapaberry	1	-1	99	1	1	boost:atk=1:undefined:undefined:undefined:false:false	undefined	false	2048	2048	2048	6	0
thermalexchange	onDamagingHit	383	6	6	61	Normal	1	1	0	10	0	1	8	pikachu	1	1	0	0	0	-1	0	0	0	160	0	1	true	missing	0	psn	iapapaberry	2	1	1	1	1		undefined	true	8	8	8	-1	2
thermalexchange	onDamagingHit	384	-1	6	70	Water	1	1	1	100	20	-1	16384	greninjaash	1	0	1	0	0	0	0	2	100	100	1	0	true	Ability	1	psn	iapapaberry	2	1	1	0	0		undefined	undefined	16384	16384	16384	0	2
thermalexchange	onDamagingHit	385	6	0	60	Fire	1	0	0	0	-1	-1	8	greninjabond	0	1	0	0	1	-1	0	1	60	160	1	0	null	Move	0	brn	iapapaberry	1	1	1	1	0	boost:atk=1:undefined:undefined:undefined:false:false	undefined	undefined	8	8	8	-1	0
thermalexchange	onDamagingHit	386	1	1	61	Normal	0	0	1	10	-1	0	2048	greninjabond	0	0	0	0	1	0	1	0	60	0	1	1	true	missing	1	brn	iapapaberry	1	0	0	0	1		undefined	false	2048	2048	2048	0	0
thermalexchange	onDamagingHit	387	1	1	70	Normal	1	0	0	20	-1	0	8192	greninjaash	1	1	1	0	1	0	0	1	60	0	0	0	0	Ability	1	psn	leftovers	0	0	0	1	0		undefined	false	8192	8192	8192	0	0
thermalexchange	onDamagingHit	388	-1	1	61	Normal	1	0	1	100	-1	0	24576	pikachu	1	0	0	1	0	6	0	0	100	160	1	0	true	Ability	1	brn	wikiberry	0	1	0	1	1		undefined	false	24576	24576	24576	6	0
thermalexchange	onDamagingHit	389	-1	1	0	Normal	1	1	0	10	-1	0	2048	greninjaash	1	0	1	0	1	1	1	2	0	0	1	1	false	Ability	1	brn	aguavberry	1	-1	99	1	0		undefined	false	2048	2048	2048	1	2
thermalexchange	onDamagingHit	390	-1	6	61	Normal	1	1	0	20	20	1	8	greninjabond	0	0	1	0	1	6	1	1	100	0	1	0	0	missing	0	psn	sitrusberry	2	-1	0	0	0		undefined	true	8	8	8	6	2
thermalexchange	onDamagingHit	391	-1	1	61	Bug	0	1	1	100	20	-1	2048	greninjabond	1	1	1	1	1	6	0	1	0	160	1	0	true	Ability	0	psn	wikiberry	1	0	1	1	0		undefined	undefined	2048	2048	2048	6	2
thermalexchange	onDamagingHit	392	-1	1	0	Normal	0	1	0	0	0	-1	24576	greninjaash	1	1	0	1	0	1	1	2	100	160	1	1	true	missing	1	psn	iapapaberry	0	-1	0	0	0		undefined	undefined	24576	24576	24576	1	2
thermalexchange	onDamagingHit	393	6	1	60	Normal	0	0	0	0	100	0	16384	pikachu	0	0	0	1	1	-1	0	0	60	160	0	1	0	Move	1	brn	iapapaberry	2	-1	-1	0	0		undefined	false	16384	16384	16384	-1	0
thermalexchange	onDamagingHit	394	0	6	60	Dark	0	0	0	100	20	1	8	greninjabond	0	0	0	0	0	6	0	1	100	0	1	1	undefined	Move	1	psn	figyberry	2	0	0	1	0		undefined	true	8	8	8	6	0
thermalexchange	onDamagingHit	395	0	6	60	Bug	1	0	1	20	20	-1	8	greninjaash	0	1	0	0	1	1	0	1	100	0	1	1	null	Move	1	brn	figyberry	0	0	-1	0	1		undefined	undefined	8	8	8	1	0
thermalexchange	onDamagingHit	396	1	1	61	Normal	0	0	0	20	20	-1	8192	pikachu	0	1	1	0	1	6	0	0	100	0	1	0	0	Move	1	brn	leftovers	0	1	1	1	0		undefined	undefined	8192	8192	8192	6	0
thermalexchange	onDamagingHit	397	0	0	61	Bug	0	0	0	100	0	1	8192	pikachu	1	1	1	0	1	-1	0	2	60	160	1	0	true	Move	0	brn	leftovers	0	0	1	1	0		undefined	true	8192	8192	8192	-1	0
thermalexchange	onDamagingHit	398	0	1	70	Ghost	1	1	0	20	20	1	16384	greninjabond	0	0	0	0	0	-1	0	2	0	0	0	0	false	Move	0	brn	figyberry	0	1	99	1	1		undefined	true	16384	16384	16384	-1	2
thermalexchange	onDamagingHit	399	0	1	61	Fire	0	1	0	20	-1	0	0	greninjabond	1	1	0	1	1	1	0	0	60	100	0	0	0	Move	0	brn	wikiberry	2	0	99	0	1	boost:atk=1:undefined:undefined:undefined:false:false	undefined	false	0	0	0	1	2
thermalexchange	onDamagingHit	400	-1	0	60	Water	1	0	0	10	20	0	8192	greninjaash	0	1	1	0	0	-1	1	2	60	160	0	1	true	missing	1	psn	sitrusberry	1	0	-1	0	1		undefined	false	8192	8192	8192	-1	0
thermalexchange	onDamagingHit	401	6	6	60	Normal	1	1	1	100	-1	1	8	greninjaash	1	1	1	1	0	-1	1	0	100	100	0	1	0	Ability	0	psn	iapapaberry	2	1	1	0	0		undefined	true	8	8	8	-1	2
thermalexchange	onDamagingHit	402	-1	0	0	Normal	0	1	0	10	0	-1	8192	greninjabond	0	1	0	0	1	1	1	1	100	0	1	1	null	missing	0	brn	sitrusberry	2	-1	0	0	0		undefined	undefined	8192	8192	8192	1	2
thermalexchange	onDamagingHit	403	6	6	40	Fire	0	1	0	100	100	0	24576	greninjaash	0	0	0	1	0	6	0	1	0	100	0	1	null	missing	0	brn	iapapaberry	1	-1	99	1	0	boost:atk=1:undefined:undefined:undefined:false:false	undefined	false	24576	24576	24576	6	2
thermalexchange	onDamagingHit	404	0	6	60	Normal	1	1	0	20	20	1	8192	greninjabond	1	1	0	1	1	1	1	0	0	100	0	1	null	missing	0	brn	sitrusberry	0	-1	99	1	0		undefined	true	8192	8192	8192	1	2
thermalexchange	onDamagingHit	405	6	0	60	Dark	1	1	0	0	0	-1	0	greninjabond	0	0	1	1	1	1	1	1	100	100	1	0	false	Ability	0	psn	aguavberry	2	0	1	0	0		undefined	undefined	0	0	0	1	2
thermalexchange	onDamagingHit	406	1	6	61	Bug	0	1	1	20	-1	-1	0	pikachu	1	1	0	0	1	0	1	0	100	160	0	0	undefined	Move	1	psn	iapapaberry	0	1	0	0	1		undefined	undefined	0	0	0	0	2
thermalexchange	onDamagingHit	407	0	6	0	Fire	0	1	1	0	0	0	2048	pikachu	0	1	0	0	0	0	0	1	100	100	1	1	0	missing	0	brn	figyberry	2	-1	99	1	0	boost:atk=1:undefined:undefined:undefined:false:false	undefined	false	2048	2048	2048	0	2
thermalexchange	onDamagingHit	408	-1	0	70	Normal	0	1	1	100	0	-1	8	greninjabond	1	0	1	1	0	0	1	2	0	160	1	0	false	Move	1	psn	wikiberry	2	-1	99	1	1		undefined	undefined	8	8	8	0	2
thermalexchange	onDamagingHit	409	1	6	40	Fire	1	0	1	100	20	1	0	greninjaash	0	0	1	1	0	-1	0	1	100	160	0	0	undefined	Move	0	brn	sitrusberry	0	0	99	0	0	boost:atk=1:undefined:undefined:undefined:false:false	undefined	true	0	0	0	-1	0
thermalexchange	onDamagingHit	410	6	6	40	Ghost	0	1	0	100	-1	-1	0	pikachu	0	1	1	0	0	-1	1	0	100	160	0	0	true	Move	1	psn	iapapaberry	1	0	1	0	1		undefined	undefined	0	0	0	-1	2
thermalexchange	onDamagingHit	411	1	1	40	Fire	0	1	1	100	0	-1	2048	greninjaash	0	0	1	0	1	-1	1	1	0	160	1	0	undefined	missing	0	psn	sitrusberry	0	0	0	0	1	boost:atk=1:undefined:undefined:undefined:false:false	undefined	undefined	2048	2048	2048	-1	2
thermalexchange	onDamagingHit	412	6	0	61	Water	1	1	1	10	20	-1	2048	pikachu	0	0	0	0	1	1	1	2	100	160	1	0	false	Ability	0	brn	leftovers	1	-1	-1	1	1		undefined	undefined	2048	2048	2048	1	2
thermalexchange	onDamagingHit	413	0	0	0	Fire	1	0	0	20	0	-1	0	greninjaash	1	1	1	1	0	-1	0	2	100	100	0	0	0	missing	1	psn	figyberry	1	1	0	0	0	boost:atk=1:undefined:undefined:undefined:false:false	undefined	undefined	0	0	0	-1	0
thermalexchange	onDamagingHit	414	6	0	60	Dark	0	0	1	20	0	1	8192	pikachu	1	1	0	0	0	0	1	0	100	160	0	0	false	missing	0	brn	iapapaberry	2	0	99	0	0		undefined	true	8192	8192	8192	0	0
thermalexchange	onDamagingHit	415	1	0	61	Normal	1	1	0	100	20	-1	0	pikachu	0	1	1	0	1	-1	0	2	60	0	0	0	true	Move	0	brn	figyberry	0	-1	-1	1	1		undefined	undefined	0	0	0	-1	2
thermalexchange	onDamagingHit	416	-1	0	60	Normal	0	1	0	0	100	1	24576	greninjabond	0	0	0	0	1	6	0	1	100	0	1	1	false	Move	0	psn	wikiberry	0	0	1	1	1		undefined	true	24576	24576	24576	6	2
thermalexchange	onDamagingHit	417	1	1	60	Fire	0	1	1	20	0	-1	0	greninjaash	0	1	1	0	0	-1	1	2	100	0	0	0	true	missing	1	brn	magoberry	1	-1	0	1	0	boost:atk=1:undefined:undefined:undefined:false:false	undefined	undefined	0	0	0	-1	2
thermalexchange	onDamagingHit	418	1	0	70	Water	0	0	1	20	20	-1	24576	pikachu	0	0	1	1	0	6	0	0	100	0	0	0	true	Move	0	brn	magoberry	1	0	1	1	0		undefined	undefined	24576	24576	24576	6	0
thermalexchange	onDamagingHit	419	0	6	61	Ghost	0	1	0	0	0	-1	16384	pikachu	0	0	0	0	0	0	1	0	60	160	1	0	0	Move	0	psn	magoberry	2	1	-1	0	0		undefined	undefined	16384	16384	16384	0	2
thermalexchange	onDamagingHit	420	0	6	70	Water	0	0	0	0	20	-1	2048	greninjabond	1	0	1	1	1	0	1	1	60	0	1	1	false	Ability	0	brn	sitrusberry	2	0	0	1	1		undefined	undefined	2048	2048	2048	0	0
thermalexchange	onDamagingHit	421	1	0	61	Normal	0	1	1	0	100	1	8192	greninjabond	1	0	0	0	0	1	1	1	60	0	0	1	true	Move	0	brn	magoberry	1	-1	0	0	0		undefined	true	8192	8192	8192	1	2
thermalexchange	onDamagingHit	422	-1	6	61	Bug	0	0	1	20	100	0	2048	greninjaash	1	0	1	0	0	1	0	1	100	0	1	0	undefined	missing	0	psn	wikiberry	0	-1	0	1	0		undefined	false	2048	2048	2048	1	0
thermalexchange	onDamagingHit	423	6	1	61	Normal	1	1	1	20	-1	-1	16384	greninjabond	0	1	0	1	1	6	0	0	0	100	0	0	null	Move	1	psn	magoberry	2	-1	-1	0	0		undefined	undefined	16384	16384	16384	6	2
thermalexchange	onDamagingHit	424	0	0	40	Normal	1	0	0	10	-1	1	0	greninjaash	1	1	1	1	1	0	0	2	60	160	0	0	true	missing	0	psn	magoberry	2	1	0	1	0		undefined	true	0	0	0	0	0
thermalexchange	onDamagingHit	425	1	6	61	Bug	1	0	1	20	20	-1	8192	greninjaash	1	0	1	0	1	-1	0	2	0	0	0	1	null	missing	0	psn	sitrusberry	2	-1	1	1	1		undefined	undefined	8192	8192	8192	-1	0
thermalexchange	onDamagingHit	426	1	6	60	Ghost	0	0	1	0	100	1	16384	greninjabond	1	0	1	1	1	1	1	0	60	160	0	0	undefined	Move	0	brn	magoberry	1	-1	1	0	0		undefined	true	16384	16384	16384	1	0
thermalexchange	onDamagingHit	427	-1	6	60	Normal	1	1	0	0	-1	-1	0	pikachu	1	0	1	1	0	1	1	1	60	0	0	1	undefined	Move	0	brn	leftovers	1	1	1	1	1		undefined	undefined	0	0	0	1	2
thermalexchange	onDamagingHit	428	6	0	60	Bug	1	0	0	100	20	0	2048	greninjabond	1	1	0	0	1	0	0	0	60	0	0	0	false	Ability	1	brn	leftovers	1	0	1	0	0		undefined	false	2048	2048	2048	0	0
thermalexchange	onDamagingHit	429	-1	6	70	Ghost	1	0	1	10	100	0	0	greninjabond	0	1	0	0	0	-1	0	0	100	0	0	1	undefined	missing	1	brn	aguavberry	0	1	-1	1	0		undefined	false	0	0	0	-1	0
thermalexchange	onDamagingHit	430	1	6	70	Ghost	0	1	0	20	20	-1	0	greninjaash	1	0	1	0	1	1	1	0	60	0	1	0	null	Ability	1	psn	iapapaberry	0	0	99	0	1		undefined	undefined	0	0	0	1	2
thermalexchange	onDamagingHit	431	6	6	61	Dark	1	1	1	0	0	1	8192	pikachu	0	1	1	1	0	1	1	0	60	160	1	1	0	Move	1	psn	aguavberry	0	0	0	1	1		undefined	true	8192	8192	8192	1	2
thermalexchange	onDamagingHit	432	0	6	70	Water	0	0	1	20	100	0	2048	greninjabond	1	0	1	0	1	1	0	2	0	160	1	1	null	missing	0	psn	magoberry	1	-1	-1	1	0		undefined	false	2048	2048	2048	1	0
thermalexchange	onDamagingHit	433	0	1	61	Water	1	1	1	10	100	1	16384	greninjabond	0	1	1	1	1	0	0	1	100	0	0	1	null	Move	1	psn	iapapaberry	1	0	-1	1	1		undefined	true	16384	16384	16384	0	2
thermalexchange	onDamagingHit	434	0	0	0	Normal	1	0	1	20	0	0	16384	greninjabond	1	1	1	1	0	-1	0	2	0	160	1	0	0	missing	1	psn	aguavberry	0	-1	1	1	1		undefined	false	16384	16384	16384	-1	0
thermalexchange	onDamagingHit	435	1	1	0	Bug	1	1	1	10	20	0	0	greninjaash	1	0	0	1	1	6	1	2	60	0	1	1	true	missing	0	brn	aguavberry	0	1	0	0	0		undefined	false	0	0	0	6	2
thermalexchange	onDamagingHit	436	0	1	61	Normal	0	1	1	20	100	0	8	greninjabond	0	1	0	1	0	-1	0	2	100	100	1	1	false	Ability	1	brn	sitrusberry	2	-1	99	0	0		undefined	false	8	8	8	-1	2
thermalexchange	onDamagingHit	437	1	1	40	Fire	1	1	1	100	100	0	8192	greninjaash	1	0	0	1	1	1	0	0	100	160	0	0	false	Move	0	psn	figyberry	0	-1	-1	1	0	boost:atk=1:undefined:undefined:undefined:false:false	undefined	false	8192	8192	8192	1	2
thermalexchange	onDamagingHit	438	6	6	61	Bug	0	1	0	20	-1	1	8	greninjaash	1	0	1	0	0	6	1	1	0	160	1	0	true	missing	0	brn	sitrusberry	1	1	0	1	1		undefined	true	8	8	8	6	2
thermalexchange	onDamagingHit	439	-1	0	61	Dark	0	1	0	100	20	1	24576	greninjaash	1	1	0	0	1	0	1	2	100	100	0	1	0	Move	1	brn	figyberry	0	1	1	1	0		undefined	true	24576	24576	24576	0	2
thermalexchange	onDamagingHit	440	0	0	0	Bug	1	1	0	100	-1	0	2048	greninjaash	0	0	0	1	1	-1	1	0	100	100	1	0	null	Move	1	brn	figyberry	1	0	99	1	1		undefined	false	2048	2048	2048	-1	2
thermalexchange	onDamagingHit	441	0	0	0	Fire	0	0	1	10	-1	0	8	pikachu	1	0	0	1	1	0	1	2	100	100	1	1	false	Move	0	brn	aguavberry	1	-1	0	1	1	boost:atk=1:undefined:undefined:undefined:false:false	undefined	false	8	8	8	0	0
thermalexchange	onDamagingHit	442	-1	6	40	Dark	1	1	0	0	20	0	8	greninjaash	1	1	0	1	1	6	0	0	60	0	1	0	0	Ability	0	brn	iapapaberry	1	1	1	0	1		undefined	false	8	8	8	6	2
thermalexchange	onDamagingHit	443	0	6	40	Ghost	1	1	0	10	20	1	0	greninjaash	1	0	0	0	0	-1	1	1	100	160	0	0	undefined	missing	1	brn	magoberry	1	-1	99	0	1		undefined	true	0	0	0	-1	2
thermalexchange	onDamagingHit	444	-1	6	60	Water	1	0	0	10	100	0	24576	greninjabond	1	0	1	0	0	-1	0	1	100	100	1	0	0	Ability	1	brn	figyberry	1	0	-1	0	1		undefined	false	24576	24576	24576	-1	0
thermalexchange	onDamagingHit	445	6	1	40	Bug	0	0	1	0	20	0	0	greninjaash	1	1	0	1	1	-1	1	0	0	160	0	0	undefined	missing	1	brn	figyberry	1	0	-1	1	0		undefined	false	0	0	0	-1	0
thermalexchange	onDamagingHit	446	-1	0	61	Ghost	0	0	0	20	-1	-1	2048	pikachu	0	1	1	0	1	6	0	2	0	160	0	0	true	Ability	0	psn	iapapaberry	1	1	99	0	0		undefined	undefined	2048	2048	2048	6	0
thermalexchange	onDamagingHit	447	0	6	0	Fire	0	1	1	10	-1	1	8	pikachu	1	1	0	1	1	-1	1	1	0	160	1	0	true	Move	1	brn	magoberry	0	0	1	0	1	boost:atk=1:undefined:undefined:undefined:false:false	undefined	true	8	8	8	-1	2
thermalexchange	onDamagingHit	448	0	1	60	Normal	0	1	0	0	100	-1	24576	greninjabond	1	1	1	0	1	0	1	1	60	0	0	1	false	missing	1	brn	magoberry	0	0	1	0	1		undefined	undefined	24576	24576	24576	0	2
thermalexchange	onDamagingHit	449	0	1	60	Bug	1	1	0	10	100	-1	0	pikachu	1	0	0	0	1	0	0	0	100	0	1	0	undefined	missing	0	brn	iapapaberry	1	-1	99	0	1		undefined	undefined	0	0	0	0	2
thermalexchange	onDamagingHit	450	6	6	60	Bug	1	1	0	20	100	1	2048	pikachu	1	0	0	1	0	0	1	1	60	160	1	0	null	Ability	0	psn	leftovers	0	0	1	0	0		undefined	true	2048	2048	2048	0	2
thermalexchange	onDamagingHit	451	-1	6	70	Ghost	0	1	1	20	100	1	8192	pikachu	0	0	1	0	0	0	0	2	60	100	1	1	false	Move	1	psn	sitrusberry	2	1	1	1	0		undefined	true	8192	8192	8192	0	2
thermalexchange	onDamagingHit	452	1	1	70	Water	0	0	0	0	100	1	24576	pikachu	0	0	0	1	0	6	1	0	100	0	0	1	undefined	missing	0	brn	iapapaberry	0	0	0	0	1		undefined	true	24576	24576	24576	6	0
thermalexchange	onDamagingHit	453	0	1	60	Bug	1	1	1	20	20	-1	8	greninjabond	0	1	0	1	1	1	0	1	100	0	0	1	0	Move	1	brn	aguavberry	2	0	99	1	0		undefined	undefined	8	8	8	1	2
thermalexchange	onDamagingHit	454	0	6	70	Bug	1	0	1	20	0	1	16384	greninjaash	0	1	0	0	0	-1	1	0	60	100	0	0	true	missing	1	brn	aguavberry	0	0	0	0	1		undefined	true	16384	16384	16384	-1	0
thermalexchange	onDamagingHit	455	0	0	0	Normal	0	1	0	0	0	0	24576	pikachu	1	1	1	1	0	6	1	1	100	160	0	0	null	Ability	1	psn	iapapaberry	1	-1	99	1	0		undefined	false	24576	24576	24576	6	2
thermalexchange	onDamagingHit	456	0	1	70	Dark	0	0	1	10	-1	1	8192	greninjabond	0	1	0	1	0	6	1	0	100	100	1	0	0	Move	1	brn	leftovers	0	-1	1	0	0		undefined	true	8192	8192	8192	6	0
thermalexchange	onDamagingHit	457	0	1	0	Bug	0	0	0	0	0	-1	16384	greninjaash	0	1	0	0	0	0	1	0	0	0	1	0	null	Ability	1	psn	aguavberry	0	1	-1	0	1		undefined	undefined	16384	16384	16384	0	0
thermalexchange	onDamagingHit	458	1	0	70	Ghost	1	0	0	0	0	0	16384	greninjaash	1	0	0	1	0	-1	0	2	100	0	0	0	0	Ability	1	brn	leftovers	2	0	1	1	0		undefined	false	16384	16384	16384	-1	0
thermalexchange	onDamagingHit	459	1	1	70	Bug	0	1	0	100	0	-1	8192	greninjabond	0	0	0	1	1	1	0	1	0	0	0	1	undefined	Move	1	psn	figyberry	0	0	-1	0	1		undefined	undefined	8192	8192	8192	1	2
thermalexchange	onDamagingHit	460	-1	6	60	Bug	0	1	1	100	100	-1	2048	greninjaash	1	1	0	0	0	6	1	0	60	160	1	0	false	Ability	0	brn	aguavberry	0	-1	99	0	1		undefined	undefined	2048	2048	2048	6	2
thermalexchange	onDamagingHit	461	6	0	61	Ghost	1	0	1	100	20	0	24576	greninjabond	1	0	1	0	1	-1	1	1	100	0	1	1	0	missing	0	psn	sitrusberry	0	0	99	0	0		undefined	false	24576	24576	24576	-1	0
thermalexchange	onDamagingHit	462	1	6	70	Dark	1	0	1	20	100	-1	8192	greninjaash	0	0	0	0	0	0	1	2	0	160	0	0	false	Ability	0	psn	magoberry	0	1	99	1	1		undefined	undefined	8192	8192	8192	0	0
thermalexchange	onDamagingHit	463	1	0	60	Bug	1	1	1	20	20	1	24576	greninjabond	0	0	0	0	1	1	1	1	60	100	0	1	0	Move	1	psn	wikiberry	2	-1	99	0	1		undefined	true	24576	24576	24576	1	2
thermalexchange	onDamagingHit	464	1	6	61	Dark	1	1	0	20	0	0	8	pikachu	1	0	0	1	0	-1	1	1	100	160	0	1	null	Ability	0	brn	aguavberry	2	0	0	0	0		undefined	false	8	8	8	-1	2
thermalexchange	onDamagingHit	465	-1	1	61	Dark	0	1	0	0	20	1	8	pikachu	1	0	0	1	0	0	0	2	100	100	1	1	undefined	Ability	0	psn	aguavberry	2	0	1	0	1		undefined	true	8	8	8	0	2
thermalexchange	onDamagingHit	466	1	0	60	Water	1	0	1	20	-1	1	24576	greninjabond	0	0	1	1	1	1	0	0	100	160	0	0	0	Move	0	psn	figyberry	2	0	1	0	1		undefined	true	24576	24576	24576	1	0
thermalexchange	onDamagingHit	467	0	6	70	Bug	0	1	1	100	0	-1	24576	greninjabond	0	0	1	1	0	6	0	0	60	160	0	0	null	missing	1	brn	magoberry	0	-1	99	0	0		undefined	undefined	24576	24576	24576	6	2
thermalexchange	onDamagingHit	468	1	6	70	Normal	1	1	0	20	100	0	0	greninjaash	0	0	1	0	0	6	1	1	100	0	1	1	null	Ability	0	brn	magoberry	2	1	-1	1	0		undefined	false	0	0	0	6	2
thermalexchange	onDamagingHit	469	0	1	61	Dark	0	1	0	10	-1	1	0	greninjaash	1	1	1	0	0	1	0	2	100	0	1	1	undefined	Ability	1	psn	wikiberry	1	1	1	0	0		undefined	true	0	0	0	1	2
thermalexchange	onDamagingHit	470	-1	0	61	Normal	1	1	1	20	20	1	0	pikachu	0	0	0	0	1	0	0	2	60	0	1	0	null	missing	0	brn	wikiberry	0	-1	1	0	0		undefined	true	0	0	0	0	2
thermalexchange	onDamagingHit	471	6	6	60	Fire	1	0	1	10	-1	0	8	pikachu	0	0	1	0	0	0	0	1	100	0	1	0	null	Ability	0	psn	iapapaberry	2	1	-1	0	1	boost:atk=1:undefined:undefined:undefined:false:false	undefined	false	8	8	8	0	0
thermalexchange	onDamagingHit	472	1	0	40	Dark	0	1	1	100	20	0	16384	greninjabond	1	0	1	0	0	1	0	2	100	0	0	0	0	Ability	0	brn	wikiberry	0	-1	-1	0	1		undefined	false	16384	16384	16384	1	2
thermalexchange	onDamagingHit	473	-1	6	60	Fire	1	0	0	100	0	0	0	greninjabond	1	1	0	1	0	0	0	0	0	0	1	1	false	missing	1	brn	leftovers	2	-1	-1	1	1	boost:atk=1:undefined:undefined:undefined:false:false	undefined	false	0	0	0	0	0
thermalexchange	onDamagingHit	474	0	6	61	Dark	0	1	1	0	20	-1	16384	pikachu	0	1	1	1	0	0	1	1	60	160	0	0	null	Move	0	brn	magoberry	2	1	1	1	1		undefined	undefined	16384	16384	16384	0	2
thermalexchange	onDamagingHit	475	-1	6	61	Ghost	1	1	1	0	-1	0	24576	greninjabond	1	0	0	0	0	-1	0	1	0	0	1	0	true	missing	1	brn	sitrusberry	2	1	1	1	0		undefined	false	24576	24576	24576	-1	2
thermalexchange	onDamagingHit	476	-1	1	70	Water	0	0	0	10	100	0	2048	pikachu	0	0	0	1	1	1	1	2	60	100	0	0	undefined	Move	1	brn	leftovers	1	1	0	1	0		undefined	false	2048	2048	2048	1	0
thermalexchange	onDamagingHit	477	1	6	70	Water	1	0	0	100	-1	0	24576	greninjaash	0	0	1	1	0	-1	0	0	0	0	1	0	0	Move	0	brn	leftovers	2	0	1	0	0		undefined	false	24576	24576	24576	-1	0
thermalexchange	onDamagingHit	478	0	1	60	Ghost	1	1	0	20	-1	0	2048	greninjaash	0	1	1	1	0	1	1	0	0	0	1	1	undefined	Move	1	psn	figyberry	0	1	-1	1	0		undefined	false	2048	2048	2048	1	2
thermalexchange	onDamagingHit	479	-1	0	60	Fire	1	0	0	0	0	-1	16384	greninjaash	0	0	0	1	0	0	0	1	60	0	0	0	undefined	Move	0	brn	magoberry	0	1	-1	1	0	boost:atk=1:undefined:undefined:undefined:false:false	undefined	undefined	16384	16384	16384	0	0
thermalexchange	onDamagingHit	480	1	1	40	Ghost	1	0	1	0	0	1	16384	greninjabond	0	1	0	1	0	6	0	1	100	160	1	1	0	missing	0	brn	sitrusberry	2	1	99	0	1		undefined	true	16384	16384	16384	6	0
thermalexchange	onDamagingHit	481	-1	0	70	Water	0	1	0	100	-1	1	8192	greninjaash	0	0	1	1	1	0	1	2	100	100	0	0	0	Move	0	psn	wikiberry	0	-1	0	1	1		undefined	true	8192	8192	8192	0	2
thermalexchange	onDamagingHit	482	-1	6	61	Normal	0	1	1	20	100	-1	0	greninjaash	0	1	1	1	1	6	0	1	100	100	1	0	undefined	Ability	1	psn	aguavberry	2	0	1	0	0		undefined	undefined	0	0	0	6	2
thermalexchange	onDamagingHit	483	1	1	61	Fire	1	1	0	0	20	-1	8192	greninjabond	1	0	1	1	1	1	0	0	0	0	0	1	0	missing	1	psn	magoberry	1	-1	-1	0	1	boost:atk=1:undefined:undefined:undefined:false:false	undefined	undefined	8192	8192	8192	1	2
thermalexchange	onDamagingHit	484	6	1	60	Bug	1	0	1	0	0	0	8	greninjabond	1	1	0	0	1	1	0	1	0	0	1	1	0	missing	1	brn	wikiberry	2	-1	1	1	1		undefined	false	8	8	8	1	0
thermalexchange	onDamagingHit	485	-1	6	60	Dark	1	1	0	0	-1	-1	0	greninjabond	1	1	1	1	0	1	1	2	0	0	1	0	null	Move	1	brn	iapapaberry	1	-1	0	1	1		undefined	undefined	0	0	0	1	2
thermalexchange	onDamagingHit	486	1	1	40	Water	1	0	0	100	-1	1	8192	greninjaash	0	1	1	1	1	1	0	0	100	100	1	1	0	Ability	0	brn	figyberry	2	1	1	0	1		undefined	true	8192	8192	8192	1	0
thermalexchange	onDamagingHit	487	-1	0	70	Bug	1	0	1	20	100	1	16384	greninjabond	1	0	0	1	1	-1	0	0	60	100	1	1	0	Ability	0	brn	aguavberry	0	-1	0	0	1		undefined	true	16384	16384	16384	-1	0
thermalexchange	onDamagingHit	488	1	1	0	Ghost	0	0	0	10	20	-1	0	pikachu	1	1	0	0	0	0	0	0	100	100	0	0	true	missing	1	brn	aguavberry	1	0	1	1	1		undefined	undefined	0	0	0	0	0
thermalexchange	onDamagingHit	489	6	0	60	Normal	0	0	1	20	100	-1	16384	greninjabond	1	1	1	0	1	0	0	2	100	0	0	0	true	Ability	1	psn	wikiberry	1	0	99	1	1		undefined	undefined	16384	16384	16384	0	0
thermalexchange	onDamagingHit	490	6	6	0	Dark	0	0	0	0	-1	0	8192	greninjaash	0	0	0	1	0	1	0	2	100	0	1	0	undefined	Ability	0	brn	wikiberry	2	-1	1	1	1		undefined	false	8192	8192	8192	1	0
thermalexchange	onDamagingHit	491	0	0	70	Fire	1	1	1	10	20	1	8	greninjabond	1	0	1	1	0	6	1	2	0	0	1	1	undefined	missing	0	psn	aguavberry	1	1	99	0	0	boost:atk=1:undefined:undefined:undefined:false:false	undefined	true	8	8	8	6	2
thermalexchange	onDamagingHit	492	0	6	40	Bug	0	1	0	100	0	-1	8	greninjabond	0	1	1	1	1	0	0	2	0	0	1	0	null	Move	1	brn	magoberry	1	1	99	1	1		undefined	undefined	8	8	8	0	2
thermalexchange	onDamagingHit	493	1	0	61	Ghost	0	0	0	20	0	-1	8	greninjabond	1	0	1	0	1	0	0	2	0	100	1	1	undefined	Move	1	psn	figyberry	0	-1	0	1	1		undefined	undefined	8	8	8	0	0
thermalexchange	onDamagingHit	494	6	1	61	Dark	0	0	0	100	0	0	16384	greninjaash	1	1	1	1	0	6	0	2	0	0	1	1	undefined	Move	1	psn	aguavberry	2	-1	-1	0	1		undefined	false	16384	16384	16384	6	0
thermalexchange	onDamagingHit	495	0	6	70	Water	0	0	0	10	-1	0	0	pikachu	1	0	1	0	0	6	0	2	100	100	0	1	true	Move	0	psn	iapapaberry	0	1	0	0	0		undefined	false	0	0	0	6	0
thermalexchange	onDamagingHit	496	1	6	61	Fire	0	1	1	20	0	0	24576	greninjabond	0	0	1	1	1	6	1	2	0	160	0	1	0	Move	1	brn	figyberry	2	-1	0	1	0	boost:atk=1:undefined:undefined:undefined:false:false	undefined	false	24576	24576	24576	6	2
thermalexchange	onDamagingHit	497	6	1	61	Fire	1	1	1	20	-1	-1	8192	greninjaash	1	0	1	0	1	0	1	2	60	0	0	1	0	missing	1	brn	wikiberry	2	-1	-1	0	1	boost:atk=1:undefined:undefined:undefined:false:false	undefined	undefined	8192	8192	8192	0	2
thermalexchange	onDamagingHit	498	1	0	70	Water	0	0	0	20	20	0	2048	pikachu	0	0	0	1	1	0	1	0	100	0	1	0	true	Move	0	psn	magoberry	1	1	1	1	1		undefined	false	2048	2048	2048	0	0
thermalexchange	onDamagingHit	499	-1	6	40	Normal	1	1	0	10	100	0	0	greninjaash	0	0	0	0	0	-1	1	0	0	160	0	0	undefined	Move	0	psn	figyberry	1	0	0	1	1		undefined	false	0	0	0	-1	2
thermalexchange	onDamagingHit	500	6	0	70	Normal	0	0	0	20	0	0	8	greninjaash	1	0	0	0	1	0	0	0	100	0	0	1	0	missing	0	brn	figyberry	1	-1	-1	1	0		undefined	false	8	8	8	0	0
thermalexchange	onDamagingHit	501	6	6	0	Normal	1	1	0	100	0	1	24576	greninjaash	0	1	1	0	1	6	1	2	0	100	0	1	null	Move	0	brn	aguavberry	0	-1	0	1	1		undefined	true	24576	24576	24576	6	2
thermalexchange	onDamagingHit	502	-1	6	61	Fire	0	1	0	100	100	1	8192	pikachu	1	0	0	1	0	6	1	1	100	0	0	1	0	Move	1	brn	aguavberry	1	0	1	1	0	boost:atk=1:undefined:undefined:undefined:false:false	undefined	true	8192	8192	8192	6	2
thermalexchange	onDamagingHit	503	1	6	60	Fire	0	0	1	100	0	-1	2048	greninjabond	1	0	0	0	0	1	0	2	0	160	0	0	undefined	Ability	0	psn	iapapaberry	2	-1	1	1	1	boost:atk=1:undefined:undefined:undefined:false:false	undefined	undefined	2048	2048	2048	1	0
thermalexchange	onDamagingHit	504	6	6	70	Fire	1	1	1	100	100	-1	8192	pikachu	1	1	0	0	1	-1	1	2	60	160	1	0	null	Move	1	brn	aguavberry	2	0	-1	1	0	boost:atk=1:undefined:undefined:undefined:false:false	undefined	undefined	8192	8192	8192	-1	2
thermalexchange	onDamagingHit	505	6	1	60	Ghost	0	0	1	10	20	-1	24576	greninjaash	0	1	1	1	0	0	0	2	100	100	0	1	true	missing	0	brn	aguavberry	2	0	1	0	1		undefined	undefined	24576	24576	24576	0	0
thermalexchange	onDamagingHit	506	0	0	70	Normal	0	0	0	0	100	1	0	pikachu	0	1	0	1	1	6	0	0	0	100	1	0	0	missing	1	brn	sitrusberry	1	1	1	0	0		undefined	true	0	0	0	6	0
thermalexchange	onDamagingHit	507	1	6	70	Normal	0	1	1	20	0	1	2048	pikachu	0	0	1	0	1	0	1	1	0	0	0	1	true	Ability	0	brn	magoberry	1	0	-1	0	0		undefined	true	2048	2048	2048	0	2
thermalexchange	onDamagingHit	508	0	1	0	Bug	1	0	1	10	0	0	2048	pikachu	0	0	0	1	1	-1	1	2	0	160	1	0	true	Move	0	psn	iapapaberry	1	-1	0	1	0		undefined	false	2048	2048	2048	-1	0
thermalexchange	onDamagingHit	509	0	1	61	Normal	0	0	1	10	0	1	0	greninjabond	1	0	0	0	1	0	0	1	60	100	0	0	true	Move	1	brn	wikiberry	0	1	-1	0	1		undefined	true	0	0	0	0	0
thermalexchange	onDamagingHit	510	1	1	70	Water	0	1	1	100	20	1	8192	greninjabond	1	0	0	1	1	-1	0	2	60	0	0	1	true	Ability	0	psn	iapapaberry	2	-1	-1	0	0		undefined	true	8192	8192	8192	-1	2
thermalexchange	onDamagingHit	511	1	1	0	Ghost	0	0	1	20	100	0	2048	greninjabond	0	0	1	1	1	0	1	1	100	160	1	0	undefined	Ability	1	brn	wikiberry	2	0	99	0	0		undefined	false	2048	2048	2048	0	0
thermalexchange	onDamagingHit	512	6	1	61	Dark	0	0	0	0	-1	1	24576	greninjaash	0	1	0	1	1	1	1	0	100	100	0	1	false	missing	0	brn	aguavberry	2	-1	99	1	1		undefined	true	24576	24576	24576	1	0
thermalexchange	onDamagingHit	513	1	1	60	Water	0	1	1	10	0	-1	2048	greninjaash	1	0	1	1	0	0	1	2	0	0	0	1	false	missing	1	psn	iapapaberry	0	-1	99	0	1		undefined	undefined	2048	2048	2048	0	2
thermalexchange	onDamagingHit	514	0	6	40	Ghost	1	1	0	20	0	-1	24576	greninjabond	1	1	1	1	0	1	0	1	60	160	0	0	null	Ability	0	psn	iapapaberry	0	1	1	1	0		undefined	undefined	24576	24576	24576	1	2
thermalexchange	onDamagingHit	515	0	6	61	Fire	0	1	1	100	0	1	2048	greninjaash	0	0	0	1	0	1	1	2	100	100	1	1	false	Move	0	brn	leftovers	0	1	1	0	1	boost:atk=1:undefined:undefined:undefined:false:false	undefined	true	2048	2048	2048	1	2
thermalexchange	onDamagingHit	516	6	0	60	Ghost	0	1	0	0	0	0	2048	greninjabond	0	1	1	0	1	-1	1	0	100	160	0	1	null	missing	0	psn	magoberry	1	0	1	0	0		undefined	false	2048	2048	2048	-1	2
thermalexchange	onDamagingHit	517	6	1	0	Fire	0	0	1	20	0	-1	8192	greninjabond	0	1	0	1	0	6	0	1	60	160	0	0	null	Move	0	psn	aguavberry	0	-1	-1	0	1	boost:atk=1:undefined:undefined:undefined:false:false	undefined	undefined	8192	8192	8192	6	0
thermalexchange	onDamagingHit	518	6	0	61	Fire	0	0	1	100	-1	0	16384	greninjaash	1	1	0	1	0	-1	0	2	60	100	0	1	undefined	Ability	1	brn	magoberry	2	1	1	1	1	boost:atk=1:undefined:undefined:undefined:false:false	undefined	false	16384	16384	16384	-1	0
thermalexchange	onDamagingHit	519	6	6	61	Ghost	1	0	0	0	-1	1	8	greninjaash	0	0	0	0	0	-1	1	1	100	0	0	1	false	Ability	1	brn	figyberry	1	-1	99	0	1		undefined	true	8	8	8	-1	0
thermalexchange	onDamagingHit	520	6	0	60	Ghost	1	0	1	10	100	0	16384	pikachu	0	0	1	0	1	6	0	2	0	0	0	0	0	missing	0	brn	sitrusberry	0	0	1	1	1		undefined	false	16384	16384	16384	6	0
thermalexchange	onDamagingHit	521	1	0	61	Ghost	1	1	1	10	20	1	24576	greninjaash	1	1	1	0	0	0	1	2	60	160	1	0	false	Ability	0	psn	aguavberry	0	-1	0	1	1		undefined	true	24576	24576	24576	0	2
thermalexchange	onDamagingHit	522	-1	1	60	Normal	1	1	1	0	-1	1	16384	pikachu	1	1	1	1	1	-1	1	0	0	160	0	0	null	missing	0	brn	sitrusberry	0	0	1	0	1		undefined	true	16384	16384	16384	-1	2
thermalexchange	onDamagingHit	523	-1	0	70	Dark	0	1	0	100	-1	-1	2048	greninjaash	1	0	1	1	0	6	1	0	0	100	0	0	0	Ability	0	psn	iapapaberry	1	1	0	1	0		undefined	undefined	2048	2048	2048	6	2
thermalexchange	onDamagingHit	524	0	6	40	Dark	1	1	1	100	-1	-1	2048	pikachu	1	0	0	1	0	-1	1	2	0	0	0	1	true	missing	0	psn	aguavberry	2	-1	99	0	1		undefined	undefined	2048	2048	2048	-1	2
thermalexchange	onDamagingHit	525	-1	1	0	Fire	1	1	1	0	100	-1	2048	pikachu	0	0	0	1	0	0	1	2	100	0	0	1	undefined	Move	1	psn	figyberry	2	1	99	0	1	boost:atk=1:undefined:undefined:undefined:false:false	undefined	undefined	2048	2048	2048	0	2
thermalexchange	onDamagingHit	526	-1	0	70	Bug	0	0	1	100	-1	-1	8192	greninjabond	1	1	1	1	1	0	1	0	100	100	1	1	0	missing	1	psn	wikiberry	0	0	-1	0	0		undefined	undefined	8192	8192	8192	0	0
thermalexchange	onDamagingHit	527	-1	6	60	Normal	1	0	1	100	0	1	8192	pikachu	0	0	1	0	0	6	1	1	60	160	1	1	undefined	Ability	1	psn	iapapaberry	2	-1	-1	1	0		undefined	true	8192	8192	8192	6	0
thermalexchange	onDamagingHit	528	6	6	61	Ghost	0	1	1	20	-1	-1	16384	greninjaash	1	0	0	1	1	0	0	1	0	0	1	0	true	Ability	0	brn	wikiberry	1	1	0	1	0		undefined	undefined	16384	16384	16384	0	2
thermalexchange	onDamagingHit	529	1	1	70	Dark	0	0	0	0	0	-1	0	greninjaash	0	0	0	0	1	0	0	1	100	0	1	0	true	Move	1	brn	leftovers	0	-1	99	1	1		undefined	undefined	0	0	0	0	0
thermalexchange	onDamagingHit	530	6	0	0	Ghost	1	0	1	20	100	1	0	pikachu	1	0	1	1	0	6	0	1	100	100	0	0	undefined	missing	1	psn	wikiberry	2	0	1	1	1		undefined	true	0	0	0	6	0
thermalexchange	onDamagingHit	531	1	0	60	Bug	1	0	1	0	20	0	2048	pikachu	1	1	1	0	1	-1	1	1	100	0	1	0	false	missing	1	psn	magoberry	0	1	-1	0	1		undefined	false	2048	2048	2048	-1	0
thermalexchange	onDamagingHit	532	-1	6	60	Fire	0	0	1	100	-1	0	2048	pikachu	0	0	1	0	0	6	0	0	0	100	1	0	null	missing	1	psn	leftovers	1	1	-1	0	1	boost:atk=1:undefined:undefined:undefined:false:false	undefined	false	2048	2048	2048	6	0
thermalexchange	onDamagingHit	533	1	1	61	Water	0	0	1	10	100	1	8	greninjaash	1	1	0	0	0	6	0	0	60	100	0	1	true	Ability	1	brn	leftovers	0	0	99	1	1		undefined	true	8	8	8	6	0
thermalexchange	onDamagingHit	534	0	0	0	Dark	1	0	0	100	0	-1	24576	greninjaash	0	0	1	1	0	1	0	1	0	100	1	1	0	missing	0	brn	leftovers	2	-1	1	1	0		undefined	undefined	24576	24576	24576	1	0
thermalexchange	onDamagingHit	535	-1	0	70	Bug	1	0	0	10	100	-1	8192	pikachu	1	0	1	1	1	1	1	0	0	160	0	0	true	missing	1	psn	figyberry	0	0	-1	0	1		undefined	undefined	8192	8192	8192	1	0
thermalexchange	onDamagingHit	536	6	1	40	Ghost	1	0	0	0	100	-1	2048	pikachu	0	1	0	0	1	1	0	0	0	160	0	1	0	Move	0	brn	sitrusberry	1	-1	-1	0	0		undefined	undefined	2048	2048	2048	1	0
thermalexchange	onDamagingHit	537	0	6	0	Normal	0	1	0	0	-1	-1	8192	pikachu	1	1	0	0	1	0	1	2	60	0	1	1	undefined	Move	1	psn	wikiberry	0	-1	-1	1	1		undefined	undefined	8192	8192	8192	0	2
thermalexchange	onDamagingHit	538	1	1	0	Normal	1	0	1	0	0	-1	24576	greninjabond	1	0	0	1	1	0	0	0	0	0	1	1	true	Ability	0	brn	iapapaberry	2	-1	99	1	0		undefined	undefined	24576	24576	24576	0	0
thermalexchange	onDamagingHit	539	0	1	61	Bug	1	0	0	0	100	-1	24576	greninjaash	1	1	0	1	0	0	0	2	60	0	0	1	0	Move	1	brn	leftovers	1	1	1	1	0		undefined	undefined	24576	24576	24576	0	0
thermalexchange	onDamagingHit	540	1	6	61	Ghost	0	0	0	20	-1	-1	8192	pikachu	1	1	1	1	0	6	0	0	60	0	0	1	true	Ability	1	psn	iapapaberry	0	-1	0	0	0		undefined	undefined	8192	8192	8192	6	0
thermalexchange	onDamagingHit	541	-1	1	40	Normal	0	1	1	100	100	1	8192	greninjabond	0	0	0	0	1	0	1	1	100	0	1	1	undefined	missing	0	brn	magoberry	2	1	1	1	1		undefined	true	8192	8192	8192	0	2
thermalexchange	onDamagingHit	542	1	1	40	Water	1	1	0	100	100	1	2048	greninjabond	0	0	1	1	1	1	0	2	100	160	1	1	undefined	Ability	1	psn	aguavberry	1	-1	-1	1	1		undefined	true	2048	2048	2048	1	2
thermalexchange	onDamagingHit	543	0	1	60	Fire	0	0	1	0	-1	0	24576	greninjaash	1	0	0	1	0	0	1	1	100	160	1	1	true	missing	1	psn	sitrusberry	1	1	0	0	0	boost:atk=1:undefined:undefined:undefined:false:false	undefined	false	24576	24576	24576	0	0
thermalexchange	onDamagingHit	544	6	0	0	Ghost	1	0	1	10	20	-1	16384	greninjaash	1	1	1	1	0	-1	1	0	100	0	0	0	0	Move	1	brn	magoberry	0	-1	99	0	0		undefined	undefined	16384	16384	16384	-1	0
thermalexchange	onDamagingHit	545	0	1	40	Water	1	0	0	100	100	1	8	greninjaash	1	0	0	1	1	0	0	1	60	100	1	1	undefined	Ability	0	psn	iapapaberry	0	-1	1	0	1		undefined	true	8	8	8	0	0
thermalexchange	onDamagingHit	546	0	6	40	Dark	1	1	0	100	-1	-1	2048	greninjabond	1	1	0	0	1	-1	1	2	60	160	1	1	true	Ability	1	psn	iapapaberry	1	-1	99	0	1		undefined	undefined	2048	2048	2048	-1	2
thermalexchange	onDamagingHit	547	-1	1	70	Normal	1	0	1	10	100	0	24576	greninjabond	1	1	1	1	1	1	0	0	60	100	0	1	null	Move	1	brn	iapapaberry	0	0	0	1	1		undefined	false	24576	24576	24576	1	0
thermalexchange	onDamagingHit	548	-1	0	70	Fire	1	1	1	10	-1	1	8192	greninjaash	0	1	0	0	0	1	0	1	0	160	0	0	null	Move	1	psn	aguavberry	1	1	1	0	0	boost:atk=1:undefined:undefined:undefined:false:false	undefined	true	8192	8192	8192	1	2
thermalexchange	onDamagingHit	549	0	6	0	Ghost	1	0	0	10	20	0	2048	greninjabond	0	1	1	1	1	6	0	1	0	100	1	0	null	missing	1	psn	aguavberry	1	0	1	1	1		undefined	false	2048	2048	2048	6	0
thermalexchange	onDamagingHit	550	6	1	0	Ghost	1	1	0	100	20	-1	8	pikachu	0	1	0	1	1	6	1	0	100	0	0	1	0	Ability	1	brn	aguavberry	0	-1	1	0	1		undefined	undefined	8	8	8	6	2
thermalexchange	onDamagingHit	551	1	1	70	Dark	0	0	0	100	0	0	24576	greninjabond	1	0	1	0	0	-1	1	1	60	160	1	1	0	missing	0	brn	magoberry	0	1	0	1	1		undefined	false	24576	24576	24576	-1	0
thermalexchange	onDamagingHit	552	-1	6	60	Ghost	0	1	1	20	0	1	8	greninjabond	0	0	0	0	0	1	1	2	0	0	1	1	undefined	Move	1	brn	aguavberry	2	-1	1	0	1		undefined	true	8	8	8	1	2
thermalexchange	onDamagingHit	553	0	6	40	Dark	0	1	0	100	-1	0	16384	pikachu	0	1	0	1	0	0	1	2	0	0	1	0	null	Move	1	brn	figyberry	2	1	99	0	0		undefined	false	16384	16384	16384	0	2
thermalexchange	onDamagingHit	554	0	0	60	Bug	1	1	0	10	20	1	8	greninjaash	0	1	0	0	0	6	0	1	100	100	1	1	0	missing	1	psn	wikiberry	2	-1	99	1	1		undefined	true	8	8	8	6	2
thermalexchange	onDamagingHit	555	6	6	70	Fire	0	0	1	10	0	-1	8192	greninjaash	0	1	0	0	1	6	0	1	100	160	1	0	false	missing	1	psn	wikiberry	1	1	99	0	0	boost:atk=1:undefined:undefined:undefined:false:false	undefined	undefined	8192	8192	8192	6	0
thermalexchange	onDamagingHit	556	1	6	70	Fire	0	1	1	0	-1	-1	24576	greninjabond	0	0	1	1	0	1	1	0	60	100	1	1	null	missing	0	psn	iapapaberry	0	1	99	1	1	boost:atk=1:undefined:undefined:undefined:false:false	undefined	undefined	24576	24576	24576	1	2
thermalexchange	onDamagingHit	557	6	6	70	Bug	0	1	0	20	20	-1	24576	greninjaash	1	0	1	1	1	0	1	1	100	0	1	0	0	missing	0	psn	iapapaberry	2	-1	0	0	1		undefined	undefined	24576	24576	24576	0	2
thermalexchange	onDamagingHit	558	0	1	60	Bug	1	0	1	100	-1	1	8192	greninjaash	0	1	0	1	0	6	0	1	100	100	0	1	undefined	Move	0	brn	aguavberry	1	1	-1	1	0		undefined	true	8192	8192	8192	6	0
thermalexchange	onDamagingHit	559	1	0	40	Bug	0	0	0	10	100	1	0	pikachu	1	0	0	0	1	6	0	2	100	100	0	0	null	missing	0	brn	aguavberry	1	0	1	0	0		undefined	true	0	0	0	6	0
thermalexchange	onDamagingHit	560	-1	6	60	Dark	1	1	0	100	20	1	8	pikachu	0	1	0	1	0	6	1	0	60	100	0	0	true	missing	1	brn	figyberry	1	1	0	0	1		undefined	true	8	8	8	6	2
thermalexchange	onDamagingHit	561	-1	1	0	Dark	0	0	0	20	20	-1	8192	pikachu	1	0	0	0	0	1	1	0	60	160	1	0	false	Ability	0	brn	figyberry	2	1	0	0	0		undefined	undefined	8192	8192	8192	1	0
thermalexchange	onDamagingHit	562	-1	0	0	Fire	0	1	0	100	100	1	8	greninjabond	0	0	0	0	1	0	1	1	60	100	0	1	0	Ability	0	brn	iapapaberry	0	0	99	0	0	boost:atk=1:undefined:undefined:undefined:false:false	undefined	true	8	8	8	0	2
thermalexchange	onDamagingHit	563	0	1	70	Dark	0	0	0	20	-1	-1	8	pikachu	0	1	1	0	0	-1	0	2	0	160	0	0	null	missing	1	psn	leftovers	2	-1	1	1	1		undefined	undefined	8	8	8	-1	0
thermalexchange	onDamagingHit	564	-1	6	0	Fire	1	0	0	100	20	0	16384	pikachu	1	0	1	0	1	0	1	1	0	160	0	0	undefined	Move	0	psn	iapapaberry	0	0	-1	1	1	boost:atk=1:undefined:undefined:undefined:false:false	undefined	false	16384	16384	16384	0	0
thermalexchange	onDamagingHit	565	0	1	70	Water	0	0	0	0	20	0	16384	greninjabond	0	1	1	0	0	6	1	0	60	160	1	1	false	Ability	1	brn	leftovers	2	-1	0	0	1		undefined	false	16384	16384	16384	6	0
thermalexchange	onDamagingHit	566	1	6	70	Fire	1	0	1	100	0	0	2048	greninjaash	0	1	0	1	1	-1	0	1	60	160	0	1	0	Move	1	psn	iapapaberry	1	0	1	0	0	boost:atk=1:undefined:undefined:undefined:false:false	undefined	false	2048	2048	2048	-1	0
thermalexchange	onDamagingHit	567	6	0	60	Water	1	0	1	0	-1	1	16384	greninjabond	0	0	1	1	0	1	0	1	0	100	1	0	true	missing	0	psn	figyberry	1	-1	99	0	1		undefined	true	16384	16384	16384	1	0
thermalexchange	onDamagingHit	568	-1	6	70	Ghost	0	0	1	0	0	1	8	greninjabond	1	1	1	0	0	0	0	1	100	0	0	1	undefined	Ability	0	psn	sitrusberry	0	1	-1	0	0		undefined	true	8	8	8	0	0
thermalexchange	onDamagingHit	569	-1	6	70	Normal	1	1	0	20	0	0	16384	greninjaash	0	1	1	0	0	1	0	2	60	160	0	0	false	Ability	1	psn	wikiberry	1	0	1	0	0		undefined	false	16384	16384	16384	1	2
thermalexchange	onDamagingHit	570	6	1	0	Normal	0	0	1	10	-1	-1	2048	greninjabond	0	0	1	0	0	-1	1	2	100	160	0	1	0	Move	1	psn	figyberry	0	1	99	1	0		undefined	undefined	2048	2048	2048	-1	0
thermalexchange	onDamagingHit	571	-1	6	40	Normal	0	0	1	20	-1	0	8	pikachu	0	1	1	1	1	0	0	0	60	0	1	1	undefined	Move	0	psn	iapapaberry	1	1	-1	1	0		undefined	false	8	8	8	0	0
thermalexchange	onDamagingHit	572	6	0	61	Fire	0	1	1	20	20	0	16384	greninjaash	0	1	0	1	1	0	1	2	100	0	0	1	undefined	Move	0	psn	sitrusberry	0	0	0	1	0	boost:atk=1:undefined:undefined:undefined:false:false	undefined	false	16384	16384	16384	0	2
thermalexchange	onDamagingHit	573	1	0	61	Fire	1	1	0	10	-1	-1	8	greninjabond	0	0	1	0	0	0	0	1	60	160	1	1	undefined	Ability	0	psn	figyberry	2	1	0	0	1	boost:atk=1:undefined:undefined:undefined:false:false	undefined	undefined	8	8	8	0	2
thermalexchange	onDamagingHit	574	6	1	61	Normal	1	1	1	100	0	1	8192	greninjabond	1	0	0	1	0	-1	1	1	60	0	1	1	undefined	Move	1	brn	aguavberry	2	-1	-1	1	1		undefined	true	8192	8192	8192	-1	2
thermalexchange	onDamagingHit	575	-1	6	61	Normal	1	0	0	20	0	0	0	pikachu	0	0	1	0	0	0	0	0	60	100	0	1	true	missing	0	psn	magoberry	1	-1	99	1	0		undefined	false	0	0	0	0	0
thermalexchange	onDamagingHit	576	-1	0	70	Dark	1	0	1	10	20	-1	2048	pikachu	0	0	0	1	0	1	0	1	0	0	1	0	true	Ability	0	psn	magoberry	2	1	99	1	0		undefined	undefined	2048	2048	2048	1	0
thermalexchange	onDamagingHit	577	-1	0	0	Fire	0	0	1	20	20	-1	8	greninjaash	0	1	1	1	0	1	1	1	0	100	0	1	false	Ability	1	psn	iapapaberry	0	0	-1	1	0	boost:atk=1:undefined:undefined:undefined:false:false	undefined	undefined	8	8	8	1	0
thermalexchange	onDamagingHit	578	1	0	60	Fire	0	0	1	100	20	0	24576	pikachu	0	1	1	0	1	1	0	0	0	100	0	1	false	missing	1	brn	aguavberry	1	0	99	1	1	boost:atk=1:undefined:undefined:undefined:false:false	undefined	false	24576	24576	24576	1	0
thermalexchange	onDamagingHit	579	6	0	61	Bug	1	0	0	100	20	0	2048	pikachu	1	1	0	1	1	1	1	1	60	0	0	0	undefined	Move	0	brn	figyberry	1	0	99	0	1		undefined	false	2048	2048	2048	1	0
thermalexchange	onDamagingHit	580	0	0	0	Fire	1	1	1	10	20	-1	0	pikachu	1	1	1	0	1	-1	0	2	60	0	1	0	0	Ability	1	psn	magoberry	2	0	1	1	0	boost:atk=1:undefined:undefined:undefined:false:false	undefined	undefined	0	0	0	-1	2
thermalexchange	onDamagingHit	581	-1	6	40	Dark	0	0	0	100	-1	-1	16384	greninjaash	1	0	1	0	0	6	1	2	100	160	1	0	true	Ability	0	psn	aguavberry	1	-1	-1	0	1		undefined	undefined	16384	16384	16384	6	0
thermalexchange	onDamagingHit	582	-1	6	61	Ghost	0	1	0	100	100	-1	24576	pikachu	1	0	1	1	1	0	0	0	0	160	1	1	undefined	missing	0	psn	leftovers	1	1	1	1	0		undefined	undefined	24576	24576	24576	0	2
thermalexchange	onDamagingHit	583	-1	0	60	Fire	1	0	1	10	100	1	16384	greninjaash	0	0	0	0	1	-1	0	2	100	160	1	1	undefined	missing	0	brn	sitrusberry	0	1	-1	0	1	boost:atk=1:undefined:undefined:undefined:false:false	undefined	true	16384	16384	16384	-1	0
thermalexchange	onDamagingHit	584	-1	6	61	Water	1	1	0	20	0	0	0	greninjabond	1	0	1	0	1	-1	0	0	0	160	0	1	true	Move	0	psn	magoberry	2	0	99	1	1		undefined	false	0	0	0	-1	2
thermalexchange	onDamagingHit	585	-1	6	70	Fire	1	1	1	10	100	0	8192	greninjabond	1	0	1	1	1	1	0	1	60	0	0	1	false	missing	0	brn	leftovers	0	1	0	1	0	boost:atk=1:undefined:undefined:undefined:false:false	undefined	false	8192	8192	8192	1	2
thermalexchange	onDamagingHit	586	0	1	0	Bug	0	1	1	10	100	1	8192	pikachu	0	1	1	0	1	0	1	1	100	100	1	1	undefined	missing	0	psn	iapapaberry	2	-1	99	0	1		undefined	true	8192	8192	8192	0	2
thermalexchange	onDamagingHit	587	0	1	0	Fire	1	0	1	0	100	0	16384	pikachu	1	1	1	0	0	6	1	2	0	100	1	0	undefined	missing	0	brn	wikiberry	0	0	0	1	0	boost:atk=1:undefined:undefined:undefined:false:false	undefined	false	16384	16384	16384	6	0
thermalexchange	onDamagingHit	588	6	6	61	Dark	1	0	0	0	20	-1	8192	greninjaash	0	0	1	1	1	-1	0	0	100	0	0	1	null	missing	1	psn	leftovers	2	0	-1	1	0		undefined	undefined	8192	8192	8192	-1	0
thermalexchange	onDamagingHit	589	1	6	70	Bug	0	1	0	0	-1	0	2048	greninjaash	0	1	0	1	0	0	0	0	0	100	0	0	true	Ability	1	brn	figyberry	2	-1	-1	1	1		undefined	false	2048	2048	2048	0	2
thermalexchange	onDamagingHit	590	0	6	60	Normal	0	1	0	100	20	0	0	greninjaash	1	1	1	1	1	1	0	1	60	0	1	1	false	missing	1	brn	aguavberry	1	0	-1	0	0		undefined	false	0	0	0	1	2
thermalexchange	onDamagingHit	591	0	1	40	Fire	0	0	0	100	-1	0	16384	pikachu	1	1	1	1	0	6	0	0	60	160	1	0	true	Move	0	brn	iapapaberry	1	-1	-1	1	0	boost:atk=1:undefined:undefined:undefined:false:false	undefined	false	16384	16384	16384	6	0
thermalexchange	onDamagingHit	592	0	0	61	Normal	0	0	1	100	100	1	2048	greninjabond	0	1	1	0	1	0	0	0	100	100	1	0	0	Move	1	psn	figyberry	0	-1	1	1	1		undefined	true	2048	2048	2048	0	0
thermalexchange	onDamagingHit	593	6	1	40	Normal	1	0	1	10	-1	-1	0	greninjaash	0	1	1	0	1	1	1	1	100	100	0	0	0	Move	1	brn	aguavberry	2	-1	99	1	0		undefined	undefined	0	0	0	1	0
thermalexchange	onDamagingHit	594	0	6	61	Ghost	0	1	0	100	0	-1	2048	greninjaash	1	1	0	0	0	6	1	0	0	0	1	1	true	Ability	1	brn	iapapaberry	0	1	99	1	0		undefined	undefined	2048	2048	2048	6	2
thermalexchange	onDamagingHit	595	-1	6	70	Ghost	1	0	0	0	100	-1	2048	greninjaash	1	1	0	0	1	-1	1	1	60	160	1	1	undefined	Move	0	psn	leftovers	1	-1	-1	1	1		undefined	undefined	2048	2048	2048	-1	0
thermalexchange	onDamagingHit	596	0	6	60	Ghost	0	0	1	100	20	1	8192	greninjaash	1	1	0	1	1	-1	0	2	0	100	0	0	null	missing	1	psn	magoberry	1	0	0	0	1		undefined	true	8192	8192	8192	-1	0
thermalexchange	onDamagingHit	597	-1	6	60	Normal	1	0	1	20	0	0	8192	pikachu	0	0	0	1	1	6	1	1	100	0	0	0	undefined	missing	0	brn	iapapaberry	2	1	99	1	1		undefined	false	8192	8192	8192	6	0
thermalexchange	onDamagingHit	598	6	0	0	Ghost	0	0	0	100	-1	1	8192	greninjabond	1	1	1	1	0	1	1	2	60	0	0	1	null	Ability	1	psn	sitrusberry	2	-1	99	1	1		undefined	true	8192	8192	8192	1	0
thermalexchange	onDamagingHit	599	1	6	40	Water	0	1	0	20	0	0	16384	greninjabond	1	1	0	1	1	1	1	1	100	0	0	1	null	missing	1	brn	sitrusberry	2	-1	0	1	0		undefined	false	16384	16384	16384	1	2
thermalexchange	onDamagingHit	600	0	1	70	Normal	1	0	0	0	-1	0	24576	greninjaash	0	1	0	1	1	6	1	2	100	0	1	1	undefined	Ability	1	psn	wikiberry	1	0	0	1	0		undefined	false	24576	24576	24576	6	0
thermalexchange	onDamagingHit	601	6	1	70	Normal	0	1	1	0	100	0	24576	greninjaash	0	0	1	0	1	1	1	2	60	160	0	0	null	Move	0	psn	figyberry	0	0	0	0	0		undefined	false	24576	24576	24576	1	2
thermalexchange	onDamagingHit	602	-1	6	61	Water	1	0	0	10	-1	1	8192	greninjaash	1	0	0	0	1	1	0	1	0	100	1	1	false	missing	1	psn	wikiberry	0	0	99	0	0		undefined	true	8192	8192	8192	1	0
thermalexchange	onDamagingHit	603	6	6	61	Normal	0	0	0	10	0	1	2048	pikachu	0	1	1	1	1	0	1	0	100	0	0	1	0	Move	0	psn	figyberry	0	-1	99	0	1		undefined	true	2048	2048	2048	0	0
thermalexchange	onDamagingHit	604	6	6	60	Fire	1	1	1	20	20	1	24576	greninjaash	1	1	1	0	0	6	0	1	60	100	1	1	false	Move	0	psn	sitrusberry	2	-1	1	0	1	boost:atk=1:undefined:undefined:undefined:false:false	undefined	true	24576	24576	24576	6	2
thermalexchange	onDamagingHit	605	0	6	70	Fire	0	1	1	0	0	-1	2048	pikachu	1	1	0	0	1	0	1	2	100	0	0	1	null	Move	1	psn	figyberry	2	-1	99	1	1	boost:atk=1:undefined:undefined:undefined:false:false	undefined	undefined	2048	2048	2048	0	2
thermalexchange	onDamagingHit	606	-1	6	70	Bug	0	0	1	100	0	1	24576	greninjaash	1	0	0	0	1	6	0	0	60	160	0	0	null	Ability	0	brn	sitrusberry	0	1	0	0	1		undefined	true	24576	24576	24576	6	0
thermalexchange	onDamagingHit	607	6	0	61	Bug	0	1	1	10	100	0	8192	greninjabond	1	1	1	0	1	1	1	1	100	100	1	1	false	Move	1	psn	sitrusberry	0	1	0	0	1		undefined	false	8192	8192	8192	1	2
thermalexchange	onDamagingHit	608	0	0	0	Water	0	1	0	10	100	-1	8192	pikachu	1	0	1	0	1	-1	1	0	0	100	0	0	true	Ability	1	psn	aguavberry	0	1	-1	1	0		undefined	undefined	8192	8192	8192	-1	2
thermalexchange	onDamagingHit	609	6	1	70	Dark	1	0	1	0	0	1	16384	pikachu	1	1	0	0	0	1	0	2	0	100	1	1	undefined	Move	1	brn	sitrusberry	0	0	1	0	0		undefined	true	16384	16384	16384	1	0
thermalexchange	onDamagingHit	610	6	0	40	Ghost	1	0	0	100	20	1	8	greninjabond	1	0	0	0	0	-1	1	2	100	0	0	1	0	Ability	0	brn	sitrusberry	2	0	99	1	1		undefined	true	8	8	8	-1	0
thermalexchange	onDamagingHit	611	0	6	40	Water	0	0	1	10	-1	1	16384	greninjaash	0	1	0	0	0	6	1	2	60	160	1	0	false	Ability	0	brn	wikiberry	0	0	0	1	0		undefined	true	16384	16384	16384	6	0
thermalexchange	onDamagingHit	612	1	1	60	Fire	0	1	0	10	100	-1	16384	greninjaash	0	0	1	1	0	6	1	0	60	0	0	0	false	missing	0	psn	iapapaberry	2	0	99	0	0	boost:atk=1:undefined:undefined:undefined:false:false	undefined	undefined	16384	16384	16384	6	2
thermalexchange	onDamagingHit	613	6	0	40	Bug	0	0	1	10	0	1	8192	greninjaash	0	0	0	0	1	6	0	0	60	0	0	1	false	missing	0	psn	wikiberry	1	-1	1	0	0		undefined	true	8192	8192	8192	6	0
thermalexchange	onDamagingHit	614	0	0	61	Ghost	0	1	1	0	0	-1	0	greninjaash	1	0	0	0	0	6	1	0	60	160	0	0	undefined	Ability	1	psn	wikiberry	2	1	99	1	0		undefined	undefined	0	0	0	6	2
thermalexchange	onDamagingHit	615	6	6	60	Fire	0	1	0	100	20	0	24576	greninjaash	0	1	1	0	0	0	1	2	0	0	0	0	null	Ability	1	psn	iapapaberry	0	1	1	1	0	boost:atk=1:undefined:undefined:undefined:false:false	undefined	false	24576	24576	24576	0	2
thermalexchange	onDamagingHit	616	0	1	61	Bug	1	1	1	20	-1	1	24576	greninjaash	0	0	1	1	1	1	1	1	100	0	1	1	false	Move	0	psn	figyberry	1	0	99	0	0		undefined	true	24576	24576	24576	1	2
thermalexchange	onDamagingHit	617	1	6	40	Fire	1	1	0	100	20	1	8192	greninjabond	0	0	0	1	0	1	1	2	60	0	1	1	true	Move	0	brn	aguavberry	2	0	-1	0	0	boost:atk=1:undefined:undefined:undefined:false:false	undefined	true	8192	8192	8192	1	2
thermalexchange	onDamagingHit	618	1	1	61	Bug	1	1	1	10	0	-1	0	pikachu	1	1	1	0	1	6	1	1	0	0	0	1	false	missing	1	psn	sitrusberry	1	1	99	0	0		undefined	undefined	0	0	0	6	2
thermalexchange	onDamagingHit	619	-1	1	40	Normal	0	0	0	20	-1	0	2048	greninjaash	0	1	0	0	1	-1	0	2	100	0	0	0	undefined	Move	1	brn	sitrusberry	1	1	-1	1	1		undefined	false	2048	2048	2048	-1	0
thermalexchange	onDamagingHit	620	-1	6	40	Fire	1	0	1	0	100	0	0	greninjabond	1	0	0	0	0	1	1	0	0	100	0	1	true	Move	0	psn	figyberry	2	0	-1	0	0	boost:atk=1:undefined:undefined:undefined:false:false	undefined	false	0	0	0	1	0
thermalexchange	onDamagingHit	621	0	6	40	Normal	1	1	1	100	100	-1	0	pikachu	0	1	0	1	0	1	1	0	0	0	0	0	0	Ability	0	brn	wikiberry	0	1	1	0	0		undefined	undefined	0	0	0	1	2
thermalexchange	onDamagingHit	622	1	0	61	Normal	1	1	1	0	100	-1	8	pikachu	0	0	0	0	1	-1	1	1	0	100	0	0	0	Move	0	brn	figyberry	2	1	0	1	0		undefined	undefined	8	8	8	-1	2
thermalexchange	onDamagingHit	623	-1	1	60	Dark	1	1	1	20	0	0	8	greninjaash	0	1	0	1	1	-1	1	2	0	100	1	0	0	Move	1	brn	aguavberry	1	1	1	1	1		undefined	false	8	8	8	-1	2
thermalexchange	onDamagingHit	624	0	6	61	Bug	1	0	0	100	100	1	0	pikachu	1	1	0	0	0	-1	0	0	60	0	1	0	false	Move	0	psn	magoberry	1	-1	1	0	1		undefined	true	0	0	0	-1	0
thermalexchange	onDamagingHit	625	1	0	60	Water	0	0	0	100	0	-1	16384	pikachu	0	1	0	1	0	1	0	0	60	0	1	0	false	Ability	0	psn	magoberry	2	1	0	1	0		undefined	undefined	16384	16384	16384	1	0
thermalexchange	onDamagingHit	626	0	6	60	Dark	1	1	1	100	-1	-1	8	pikachu	1	1	1	0	0	1	0	1	60	0	0	1	undefined	missing	1	brn	wikiberry	0	-1	99	0	0		undefined	undefined	8	8	8	1	2
thermalexchange	onDamagingHit	627	6	1	60	Fire	0	0	1	20	20	1	8192	greninjaash	1	1	1	1	1	0	0	1	60	0	1	1	undefined	Ability	1	brn	aguavberry	2	1	1	0	0	boost:atk=1:undefined:undefined:undefined:false:false	undefined	true	8192	8192	8192	0	0
thermalexchange	onDamagingHit	628	1	1	61	Dark	1	1	1	100	100	0	2048	greninjaash	0	1	1	1	0	1	1	1	60	0	1	0	0	Move	1	psn	sitrusberry	0	1	0	0	1		undefined	false	2048	2048	2048	1	2
thermalexchange	onDamagingHit	629	1	6	70	Dark	0	0	1	0	100	1	2048	pikachu	1	0	0	1	0	-1	0	1	100	100	1	0	null	Move	1	psn	magoberry	1	0	1	0	0		undefined	true	2048	2048	2048	-1	0
thermalexchange	onDamagingHit	630	6	6	0	Bug	1	0	1	0	20	0	2048	greninjabond	0	1	1	0	1	-1	0	1	0	160	1	0	null	Ability	0	psn	sitrusberry	0	0	99	0	1		undefined	false	2048	2048	2048	-1	0
thermalexchange	onDamagingHit	631	0	1	60	Bug	1	1	0	0	100	1	8	greninjabond	0	1	1	1	1	6	1	0	60	0	1	1	0	Move	1	brn	figyberry	0	0	99	0	0		undefined	true	8	8	8	6	2
thermalexchange	onDamagingHit	632	1	6	0	Bug	0	0	0	0	20	1	0	greninjaash	0	0	1	1	0	0	0	0	100	0	0	1	true	Move	0	psn	leftovers	1	-1	0	0	1		undefined	true	0	0	0	0	0
thermalexchange	onDamagingHit	633	1	1	70	Normal	1	1	0	20	-1	-1	16384	pikachu	1	0	0	0	1	1	1	2	100	160	1	0	true	Move	1	psn	iapapaberry	0	0	99	1	0		undefined	undefined	16384	16384	16384	1	2
thermalexchange	onDamagingHit	634	-1	0	61	Fire	1	1	1	10	20	-1	24576	pikachu	1	0	1	0	0	-1	1	1	60	160	0	1	true	Move	0	psn	aguavberry	2	1	99	1	1	boost:atk=1:undefined:undefined:undefined:false:false	undefined	undefined	24576	24576	24576	-1	2
thermalexchange	onDamagingHit	635	0	1	0	Ghost	1	0	0	100	100	0	8192	pikachu	1	1	0	1	0	1	0	2	0	100	1	0	true	missing	1	psn	figyberry	0	0	0	1	1		undefined	false	8192	8192	8192	1	0
thermalexchange	onDamagingHit	636	-1	1	70	Dark	0	1	0	20	100	-1	24576	pikachu	1	1	1	0	0	0	0	0	0	100	0	1	true	Ability	1	brn	figyberry	0	1	1	0	1		undefined	undefined	24576	24576	24576	0	2
thermalexchange	onDamagingHit	637	-1	0	0	Dark	1	1	0	20	100	1	8	greninjaash	0	1	1	1	0	1	1	1	100	160	1	1	undefined	missing	0	psn	aguavberry	2	0	0	1	0		undefined	true	8	8	8	1	2
thermalexchange	onDamagingHit	638	0	1	60	Dark	1	0	0	0	-1	0	16384	greninjabond	0	1	1	0	0	0	1	2	0	100	1	0	true	Move	1	brn	figyberry	2	-1	0	1	1		undefined	false	16384	16384	16384	0	0
thermalexchange	onDamagingHit	639	0	6	0	Normal	1	1	0	100	20	-1	24576	pikachu	1	1	0	0	0	1	0	0	60	0	0	1	0	Ability	0	psn	figyberry	0	1	-1	1	1		undefined	undefined	24576	24576	24576	1	2
thermalexchange	onDamagingHit	640	1	0	0	Normal	1	1	1	10	0	-1	2048	pikachu	1	0	1	0	0	6	0	2	60	160	1	0	true	Move	1	psn	figyberry	1	0	-1	0	0		undefined	undefined	2048	2048	2048	6	2
thermalexchange	onDamagingHit	641	0	6	70	Ghost	1	0	0	20	100	0	8	pikachu	0	1	0	0	1	1	0	0	60	100	1	0	0	missing	0	brn	iapapaberry	2	0	-1	1	0		undefined	false	8	8	8	1	0
thermalexchange	onDamagingHit	642	-1	6	70	Water	0	0	1	100	100	0	2048	pikachu	0	0	0	0	1	6	1	1	60	0	1	1	null	Move	1	brn	figyberry	2	0	99	0	1		undefined	false	2048	2048	2048	6	0
thermalexchange	onDamagingHit	643	-1	6	70	Water	1	0	0	0	100	-1	8192	greninjabond	1	1	1	0	1	6	0	0	60	100	0	0	0	Ability	1	psn	magoberry	1	-1	99	1	0		undefined	undefined	8192	8192	8192	6	0
thermalexchange	onDamagingHit	644	1	1	60	Water	1	0	1	10	100	0	24576	greninjabond	1	0	0	1	0	0	0	2	0	100	1	0	true	Ability	1	brn	iapapaberry	2	-1	99	1	1		undefined	false	24576	24576	24576	0	0
thermalexchange	onDamagingHit	645	1	0	70	Normal	1	1	0	100	100	-1	0	greninjabond	1	0	1	0	1	-1	1	0	60	160	1	1	undefined	missing	1	brn	magoberry	2	1	0	1	0		undefined	undefined	0	0	0	-1	2
thermalexchange	onDamagingHit	646	1	1	40	Water	1	1	0	0	0	-1	24576	pikachu	0	0	1	0	1	0	1	2	0	160	1	0	false	Move	0	psn	sitrusberry	2	-1	99	0	0		undefined	undefined	24576	24576	24576	0	2
thermalexchange	onDamagingHit	647	1	6	60	Normal	0	1	1	10	0	-1	0	greninjabond	1	1	1	1	1	0	0	2	0	0	1	0	0	Ability	0	psn	magoberry	0	1	-1	1	0		undefined	undefined	0	0	0	0	2
thermalexchange	onDamagingHit	648	1	1	60	Bug	0	1	0	20	20	1	8	greninjaash	1	1	0	1	0	-1	1	2	60	160	1	1	undefined	Ability	1	psn	wikiberry	2	0	99	0	0		undefined	true	8	8	8	-1	2
thermalexchange	onDamagingHit	649	0	0	0	Water	0	0	0	20	-1	1	2048	greninjaash	0	0	0	1	1	1	0	0	0	100	0	1	false	missing	1	brn	magoberry	1	-1	1	0	0		undefined	true	2048	2048	2048	1	0
thermalexchange	onDamagingHit	650	6	6	61	Fire	0	0	0	10	0	1	24576	pikachu	0	0	0	0	0	0	0	1	100	100	1	1	true	missing	1	psn	wikiberry	1	-1	99	1	0	boost:atk=1:undefined:undefined:undefined:false:false	undefined	true	24576	24576	24576	0	0
thermalexchange	onDamagingHit	651	6	6	70	Bug	1	0	1	0	0	0	24576	greninjabond	0	1	0	0	1	-1	0	2	0	160	1	1	false	missing	1	brn	figyberry	2	0	1	0	1		undefined	false	24576	24576	24576	-1	0
thermalexchange	onDamagingHit	652	-1	1	70	Water	0	0	0	0	0	-1	8192	greninjabond	0	1	1	0	1	0	0	2	0	0	1	0	0	Ability	1	brn	magoberry	2	-1	-1	1	0		undefined	undefined	8192	8192	8192	0	0
thermalexchange	onDamagingHit	653	6	6	70	Normal	0	0	0	10	20	1	8192	greninjabond	1	1	1	0	1	1	0	2	0	160	1	0	null	Ability	0	brn	leftovers	0	-1	-1	1	0		undefined	true	8192	8192	8192	1	0
thermalexchange	onDamagingHit	654	6	6	70	Ghost	1	1	0	0	0	-1	0	greninjaash	0	0	0	0	0	1	0	1	100	100	0	0	undefined	missing	0	brn	leftovers	0	-1	0	1	1		undefined	undefined	0	0	0	1	2
thermalexchange	onDamagingHit	655	6	1	40	Ghost	0	1	0	0	100	1	2048	greninjaash	1	1	0	1	1	-1	0	1	0	100	0	0	null	Move	0	brn	leftovers	1	-1	0	0	1		undefined	true	2048	2048	2048	-1	2
thermalexchange	onDamagingHit	656	1	0	70	Water	1	0	0	100	0	1	24576	greninjaash	0	1	1	0	0	1	1	2	100	0	0	1	true	Ability	1	psn	figyberry	2	-1	1	0	1		undefined	true	24576	24576	24576	1	0
thermalexchange	onDamagingHit	657	0	6	70	Water	1	1	1	10	100	1	24576	pikachu	1	1	1	1	0	1	1	1	100	160	0	1	undefined	Ability	0	psn	figyberry	1	0	-1	0	0		undefined	true	24576	24576	24576	1	2
thermalexchange	onDamagingHit	658	1	6	70	Normal	0	1	0	100	20	-1	8192	pikachu	0	1	0	0	1	-1	1	2	60	0	1	1	undefined	missing	0	brn	aguavberry	0	0	99	0	0		undefined	undefined	8192	8192	8192	-1	2
thermalexchange	onDamagingHit	659	0	0	40	Ghost	0	1	0	10	-1	-1	8192	greninjabond	0	0	0	1	0	0	0	0	100	160	0	1	null	Ability	0	brn	sitrusberry	0	-1	0	1	0		undefined	undefined	8192	8192	8192	0	2
thermalexchange	onDamagingHit	660	6	1	70	Water	1	1	0	0	0	0	8	greninjabond	1	1	0	1	1	-1	1	1	0	0	0	1	0	Move	0	brn	iapapaberry	1	-1	0	1	0		undefined	false	8	8	8	-1	2
thermalexchange	onDamagingHit	661	0	0	61	Ghost	1	1	0	20	20	-1	2048	greninjabond	0	0	1	1	1	-1	1	0	100	0	1	0	undefined	Ability	0	psn	aguavberry	1	0	-1	0	0		undefined	undefined	2048	2048	2048	-1	2
thermalexchange	onDamagingHit	662	-1	1	70	Bug	0	1	1	0	100	0	16384	greninjabond	1	1	0	0	1	6	1	1	60	160	0	0	undefined	Move	1	psn	iapapaberry	1	0	99	0	1		undefined	false	16384	16384	16384	6	2
thermalexchange	onDamagingHit	663	6	6	61	Ghost	0	1	1	20	20	0	2048	pikachu	0	1	0	0	0	6	0	1	100	100	1	1	null	Move	0	brn	sitrusberry	0	0	0	1	0		undefined	false	2048	2048	2048	6	2
thermalexchange	onDamagingHit	664	1	6	70	Water	0	1	1	10	20	1	24576	pikachu	1	0	1	1	0	6	1	1	100	100	1	0	null	Move	1	psn	iapapaberry	2	0	0	1	1		undefined	true	24576	24576	24576	6	2
thermalexchange	onDamagingHit	665	-1	6	60	Fire	1	0	1	10	0	1	16384	greninjaash	0	0	1	1	0	1	0	1	100	0	0	0	undefined	Ability	0	brn	wikiberry	0	1	0	0	0	boost:atk=1:undefined:undefined:undefined:false:false	undefined	true	16384	16384	16384	1	0
thermalexchange	onDamagingHit	666	0	0	0	Ghost	0	1	0	10	100	-1	2048	greninjabond	0	1	1	0	0	1	1	1	100	100	0	0	0	Ability	1	psn	sitrusberry	1	1	-1	0	1		undefined	undefined	2048	2048	2048	1	2
thermalexchange	onDamagingHit	667	-1	1	70	Fire	0	1	1	10	20	1	2048	greninjabond	0	0	1	0	1	1	1	1	0	0	1	0	false	missing	0	psn	magoberry	0	0	99	0	1	boost:atk=1:undefined:undefined:undefined:false:false	undefined	true	2048	2048	2048	1	2
thermalexchange	onDamagingHit	668	0	0	61	Normal	1	1	1	100	0	0	16384	greninjaash	0	0	0	0	1	-1	1	0	100	160	1	0	true	Move	0	brn	iapapaberry	2	0	1	1	1		undefined	false	16384	16384	16384	-1	2
thermalexchange	onDamagingHit	669	6	1	61	Ghost	1	0	0	0	20	-1	16384	greninjaash	1	1	1	1	0	1	0	0	60	0	0	0	false	Ability	1	psn	magoberry	1	0	99	0	0		undefined	undefined	16384	16384	16384	1	0
thermalexchange	onDamagingHit	670	0	0	70	Fire	0	0	1	0	20	0	24576	pikachu	1	1	0	0	0	6	1	0	0	100	0	0	undefined	Move	0	brn	magoberry	0	0	0	0	0	boost:atk=1:undefined:undefined:undefined:false:false	undefined	false	24576	24576	24576	6	0
thermalexchange	onDamagingHit	671	-1	6	70	Bug	1	1	0	10	0	0	16384	greninjabond	0	1	1	0	1	1	0	0	60	160	0	0	true	missing	0	brn	wikiberry	1	0	1	1	1		undefined	false	16384	16384	16384	1	2
thermalexchange	onDamagingHit	672	1	0	60	Normal	0	1	0	20	-1	0	8192	greninjabond	0	0	0	0	1	0	0	0	0	100	1	1	undefined	Ability	0	psn	wikiberry	1	0	-1	1	1		undefined	false	8192	8192	8192	0	2
thermalexchange	onDamagingHit	673	-1	0	0	Fire	0	1	1	0	20	-1	2048	greninjabond	0	1	1	0	0	1	1	0	0	160	0	0	false	missing	1	brn	figyberry	2	1	99	1	0	boost:atk=1:undefined:undefined:undefined:false:false	undefined	undefined	2048	2048	2048	1	2
thermalexchange	onDamagingHit	674	-1	0	70	Normal	0	0	1	0	0	0	8192	greninjabond	0	0	1	1	0	0	0	2	100	0	0	0	null	Move	0	brn	aguavberry	0	1	-1	1	0		undefined	false	8192	8192	8192	0	0
thermalexchange	onDamagingHit	675	6	0	40	Ghost	0	1	0	20	20	-1	2048	pikachu	0	0	0	0	0	6	1	2	100	100	1	0	true	missing	0	psn	aguavberry	2	-1	1	0	0		undefined	undefined	2048	2048	2048	6	2
thermalexchange	onDamagingHit	676	6	0	0	Normal	0	0	0	20	0	0	0	pikachu	1	0	1	1	1	6	1	1	60	160	1	1	undefined	Ability	0	brn	wikiberry	2	1	99	1	1		undefined	false	0	0	0	6	0
thermalexchange	onDamagingHit	677	-1	0	40	Normal	0	1	1	20	-1	-1	24576	greninjaash	1	0	0	0	0	-1	1	2	60	0	0	1	undefined	Move	0	brn	magoberry	1	1	99	0	0		undefined	undefined	24576	24576	24576	-1	2
thermalexchange	onDamagingHit	678	1	1	70	Normal	0	0	1	0	-1	-1	16384	greninjaash	1	0	1	0	0	-1	0	1	100	100	1	0	null	missing	0	psn	sitrusberry	0	0	99	1	0		undefined	undefined	16384	16384	16384	-1	0
thermalexchange	onDamagingHit	679	0	1	70	Water	1	1	1	0	100	0	0	greninjaash	0	1	0	1	1	0	0	1	0	100	0	0	0	Ability	1	psn	sitrusberry	0	0	1	0	0		undefined	false	0	0	0	0	2
thermalexchange	onDamagingHit	680	6	0	0	Normal	1	0	0	100	100	-1	0	pikachu	1	1	1	1	1	6	0	1	0	0	0	0	false	Ability	0	psn	magoberry	0	-1	99	1	0		undefined	undefined	0	0	0	6	0
thermalexchange	onDamagingHit	681	-1	6	70	Bug	1	0	1	0	0	-1	8	pikachu	1	0	1	0	1	1	0	2	0	0	0	1	undefined	Ability	0	psn	magoberry	2	1	-1	1	1		undefined	undefined	8	8	8	1	0
thermalexchange	onDamagingHit	682	-1	0	61	Dark	0	0	1	20	-1	1	16384	pikachu	1	0	1	1	1	-1	1	1	0	0	0	0	true	Move	0	brn	aguavberry	2	0	-1	0	0		undefined	true	16384	16384	16384	-1	0
thermalexchange	onDamagingHit	683	1	0	60	Water	1	1	0	20	100	1	16384	greninjaash	1	0	1	1	0	-1	1	0	100	0	0	1	null	missing	0	brn	magoberry	2	0	-1	1	1		undefined	true	16384	16384	16384	-1	2
thermalexchange	onDamagingHit	684	0	1	60	Water	1	0	0	10	0	1	0	greninjabond	1	1	0	0	1	6	0	1	60	100	0	0	true	Ability	1	brn	magoberry	2	-1	-1	0	0		undefined	true	0	0	0	6	0
thermalexchange	onDamagingHit	685	1	6	0	Dark	1	0	1	100	-1	0	0	greninjabond	0	1	0	0	0	1	0	0	100	100	0	1	null	missing	1	brn	aguavberry	0	1	1	1	0		undefined	false	0	0	0	1	0
thermalexchange	onDamagingHit	686	-1	6	61	Fire	0	1	0	0	0	0	2048	pikachu	1	0	1	0	1	-1	1	0	0	160	1	0	null	Ability	1	psn	aguavberry	0	-1	0	0	1	boost:atk=1:undefined:undefined:undefined:false:false	undefined	false	2048	2048	2048	-1	2
thermalexchange	onDamagingHit	687	0	0	40	Dark	1	1	1	20	20	1	8192	greninjaash	0	1	1	1	0	-1	1	0	100	100	1	1	0	Move	1	psn	magoberry	0	-1	99	1	1		undefined	true	8192	8192	8192	-1	2
thermalexchange	onDamagingHit	688	6	6	60	Bug	0	0	1	0	-1	-1	16384	greninjabond	1	0	1	0	1	-1	0	0	60	100	1	1	false	missing	0	psn	wikiberry	1	0	1	1	0		undefined	undefined	16384	16384	16384	-1	0
thermalexchange	onDamagingHit	689	6	0	40	Bug	1	1	1	100	-1	-1	2048	pikachu	0	1	1	1	1	6	0	1	100	100	0	1	true	Ability	1	psn	sitrusberry	2	0	1	1	1		undefined	undefined	2048	2048	2048	6	2
thermalexchange	onDamagingHit	690	6	1	70	Normal	1	0	1	0	20	1	16384	greninjabond	1	1	1	1	0	1	0	0	100	0	1	0	0	missing	1	psn	iapapaberry	1	0	-1	1	1		undefined	true	16384	16384	16384	1	0
thermalexchange	onDamagingHit	691	-1	1	70	Normal	1	1	1	100	0	0	2048	greninjabond	1	0	0	1	1	0	1	2	60	160	1	1	undefined	Ability	0	brn	sitrusberry	0	0	99	0	0		undefined	false	2048	2048	2048	0	2
thermalexchange	onDamagingHit	692	6	0	40	Water	0	1	1	0	-1	0	8	greninjabond	0	1	0	1	0	1	0	1	0	160	1	1	false	missing	1	brn	sitrusberry	0	1	0	0	0		undefined	false	8	8	8	1	2
thermalexchange	onDamagingHit	693	-1	1	61	Fire	1	1	1	10	-1	-1	24576	greninjaash	1	0	0	1	1	-1	0	2	60	100	0	0	undefined	Move	0	psn	iapapaberry	2	1	1	1	0	boost:atk=1:undefined:undefined:undefined:false:false	undefined	undefined	24576	24576	24576	-1	2
thermalexchange	onDamagingHit	694	0	1	61	Normal	0	1	0	0	100	-1	8	greninjaash	1	0	1	0	0	0	1	2	0	160	1	0	0	Move	0	brn	iapapaberry	2	0	99	1	1		undefined	undefined	8	8	8	0	2
thermalexchange	onDamagingHit	695	1	1	61	Ghost	0	1	0	10	0	0	24576	greninjabond	1	1	0	0	1	6	1	1	100	0	0	1	true	missing	1	brn	magoberry	0	0	-1	1	0		undefined	false	24576	24576	24576	6	2
thermalexchange	onDamagingHit	696	6	1	61	Water	1	1	0	10	100	1	2048	pikachu	0	0	0	1	1	1	1	1	60	100	1	0	true	Ability	1	brn	wikiberry	0	0	0	1	1		undefined	true	2048	2048	2048	1	2
thermalexchange	onDamagingHit	697	6	1	0	Fire	0	0	1	100	100	0	8192	pikachu	1	0	0	1	1	6	1	2	60	0	1	1	false	Ability	0	brn	magoberry	2	0	99	1	1	boost:atk=1:undefined:undefined:undefined:false:false	undefined	false	8192	8192	8192	6	0
thermalexchange	onDamagingHit	698	1	6	0	Ghost	1	1	0	20	0	0	8	greninjabond	1	1	0	1	1	0	0	2	100	100	1	0	false	Ability	0	brn	leftovers	2	1	-1	0	1		undefined	false	8	8	8	0	2
thermalexchange	onDamagingHit	699	6	6	60	Dark	1	1	0	100	0	-1	16384	pikachu	1	0	0	0	0	1	1	1	100	0	0	0	null	Ability	1	brn	iapapaberry	1	0	0	0	1		undefined	undefined	16384	16384	16384	1	2
thermalexchange	onDamagingHit	700	1	0	60	Normal	1	0	0	100	-1	0	8192	pikachu	1	0	1	0	0	1	0	0	0	100	1	0	null	Ability	1	brn	iapapaberry	2	1	1	0	1		undefined	false	8192	8192	8192	1	0
thermalexchange	onDamagingHit	701	0	0	70	Normal	0	0	1	20	0	-1	2048	greninjabond	1	1	0	1	1	1	1	0	60	160	0	0	true	missing	1	brn	magoberry	2	-1	1	1	0		undefined	undefined	2048	2048	2048	1	0
thermalexchange	onDamagingHit	702	1	6	60	Ghost	0	0	0	0	100	0	0	pikachu	0	1	1	0	1	0	0	0	100	100	0	0	true	missing	0	psn	sitrusberry	0	0	0	0	0		undefined	false	0	0	0	0	0
thermalexchange	onDamagingHit	703	6	1	61	Dark	0	1	1	100	100	-1	24576	greninjabond	1	1	0	1	1	1	1	2	60	160	1	0	0	missing	1	brn	iapapaberry	0	-1	-1	0	1		undefined	undefined	24576	24576	24576	1	2
thermalexchange	onDamagingHit	704	6	0	70	Water	0	1	0	20	-1	-1	8	greninjaash	1	1	1	0	1	6	1	2	60	160	0	1	null	missing	1	brn	wikiberry	0	1	-1	0	1		undefined	undefined	8	8	8	6	2
thermalexchange	onDamagingHit	705	6	6	0	Normal	1	1	0	100	-1	1	0	pikachu	1	0	0	0	1	6	0	1	0	160	1	0	false	Move	0	brn	figyberry	0	-1	0	0	1		undefined	true	0	0	0	6	2
thermalexchange	onDamagingHit	706	0	0	0	Water	1	1	0	0	-1	-1	2048	pikachu	1	0	0	1	0	6	1	1	60	100	1	0	true	Ability	0	psn	magoberry	2	-1	-1	0	0		undefined	undefined	2048	2048	2048	6	2
thermalexchange	onDamagingHit	707	1	6	40	Ghost	0	1	1	0	-1	-1	8	greninjaash	0	0	1	0	0	6	0	2	60	160	1	1	false	Ability	1	psn	magoberry	0	0	-1	1	0		undefined	undefined	8	8	8	6	2
thermalexchange	onDamagingHit	708	-1	0	40	Water	0	0	0	20	-1	0	8	greninjaash	0	0	0	1	0	0	1	2	100	0	0	1	null	Ability	0	brn	iapapaberry	1	0	99	0	1		undefined	false	8	8	8	0	0
thermalexchange	onDamagingHit	709	6	6	0	Normal	1	1	1	0	0	-1	8	greninjabond	0	1	0	1	1	-1	0	2	100	160	0	1	false	Move	1	brn	magoberry	2	1	0	1	0		undefined	undefined	8	8	8	-1	2
thermalexchange	onDamagingHit	710	6	1	0	Normal	1	0	1	0	20	1	2048	greninjabond	0	1	0	0	0	1	1	0	60	160	0	0	0	Move	1	brn	magoberry	1	1	99	0	1		undefined	true	2048	2048	2048	1	0
thermalexchange	onDamagingHit	711	6	6	70	Bug	0	1	0	20	20	1	8192	pikachu	1	1	1	1	0	0	1	1	0	160	0	0	false	Ability	1	psn	leftovers	1	1	0	1	0		undefined	true	8192	8192	8192	0	2
thermalexchange	onDamagingHit	712	6	0	60	Ghost	0	0	1	100	100	1	8	greninjabond	0	1	0	1	0	0	1	0	0	160	1	0	undefined	missing	1	brn	sitrusberry	0	-1	-1	0	0		undefined	true	8	8	8	0	0
thermalexchange	onDamagingHit	713	6	1	61	Water	0	0	0	20	20	0	16384	pikachu	0	1	0	0	0	6	1	0	60	160	1	0	null	missing	1	psn	aguavberry	1	0	1	0	1		undefined	false	16384	16384	16384	6	0
thermalexchange	onDamagingHit	714	-1	0	0	Ghost	1	0	0	20	20	1	2048	greninjabond	1	0	0	1	0	1	0	1	0	100	0	0	null	missing	1	brn	iapapaberry	0	1	-1	1	0		undefined	true	2048	2048	2048	1	0
thermalexchange	onDamagingHit	715	-1	6	0	Bug	0	1	0	10	20	0	8	greninjaash	0	0	0	1	1	-1	0	0	0	0	0	1	0	missing	1	psn	iapapaberry	1	0	1	0	1		undefined	false	8	8	8	-1	2
thermalexchange	onDamagingHit	716	1	0	0	Bug	0	1	1	10	-1	1	0	greninjabond	1	1	0	0	0	0	1	0	60	0	1	0	undefined	Move	0	brn	iapapaberry	2	0	0	0	1		undefined	true	0	0	0	0	2
thermalexchange	onDamagingHit	717	0	6	70	Dark	1	0	1	10	0	1	8192	greninjaash	1	0	1	0	1	1	1	0	60	160	1	1	null	Move	0	psn	iapapaberry	1	1	0	0	0		undefined	true	8192	8192	8192	1	0
thermalexchange	onDamagingHit	718	-1	6	60	Ghost	1	0	1	0	-1	0	8192	greninjabond	0	0	0	0	0	6	1	0	60	160	0	0	null	missing	0	psn	magoberry	0	0	0	1	1		undefined	false	8192	8192	8192	6	0
thermalexchange	onDamagingHit	719	-1	6	60	Normal	1	1	1	0	0	1	8192	pikachu	0	0	0	0	1	-1	1	0	100	100	0	1	0	Ability	1	psn	aguavberry	1	-1	0	0	1		undefined	true	8192	8192	8192	-1	2
thermalexchange	onDamagingHit	720	-1	1	60	Ghost	1	1	0	0	20	-1	8	greninjabond	1	0	0	1	0	1	1	0	100	160	0	1	0	Move	0	brn	aguavberry	1	-1	99	0	0		undefined	undefined	8	8	8	1	2
thermalexchange	onDamagingHit	721	1	6	60	Dark	0	1	0	20	0	1	8	greninjabond	1	0	0	1	0	6	0	2	100	100	1	1	0	missing	0	psn	sitrusberry	2	0	-1	0	1		undefined	true	8	8	8	6	2
thermalexchange	onDamagingHit	722	-1	0	70	Normal	1	0	1	0	100	-1	8	greninjabond	0	0	1	1	1	-1	0	0	60	0	0	0	undefined	missing	0	psn	figyberry	1	1	-1	0	1		undefined	undefined	8	8	8	-1	0
thermalexchange	onDamagingHit	723	6	0	60	Bug	0	1	1	10	20	-1	24576	pikachu	0	0	1	1	0	0	0	0	0	160	0	0	true	Move	1	brn	magoberry	0	1	0	0	0		undefined	undefined	24576	24576	24576	0	2
thermalexchange	onDamagingHit	724	-1	0	60	Bug	1	1	0	0	-1	-1	16384	greninjabond	0	0	1	0	0	0	1	0	100	160	1	1	false	missing	0	brn	sitrusberry	0	-1	1	1	0		undefined	undefined	16384	16384	16384	0	2
thermalexchange	onDamagingHit	725	6	0	61	Dark	0	1	0	100	100	-1	2048	greninjabond	1	1	1	0	0	-1	0	2	100	160	1	1	true	Move	1	psn	leftovers	0	1	-1	0	0		undefined	undefined	2048	2048	2048	-1	2
thermalexchange	onDamagingHit	726	1	1	61	Water	1	1	1	0	0	0	0	greninjabond	0	0	0	0	1	6	0	2	60	0	1	0	true	Ability	0	brn	iapapaberry	2	0	-1	0	0		undefined	false	0	0	0	6	2
thermalexchange	onDamagingHit	727	0	0	40	Ghost	1	0	1	100	100	0	8192	pikachu	0	0	1	0	0	6	0	2	0	160	1	0	true	Ability	0	psn	magoberry	1	-1	1	0	1		undefined	false	8192	8192	8192	6	0
thermalexchange	onDamagingHit	728	-1	1	0	Ghost	0	1	1	10	0	-1	0	greninjaash	1	0	1	0	0	-1	0	0	0	160	0	0	false	missing	0	brn	figyberry	0	0	1	0	1		undefined	undefined	0	0	0	-1	2
thermalexchange	onDamagingHit	729	1	1	70	Dark	1	0	0	10	20	-1	0	pikachu	1	1	0	1	0	6	0	1	100	160	1	1	false	Ability	1	brn	leftovers	1	-1	1	1	1		undefined	undefined	0	0	0	6	0
thermalexchange	onDamagingHit	730	6	0	61	Dark	0	1	1	20	0	0	0	greninjaash	0	1	1	1	0	6	1	1	100	100	0	0	undefined	missing	0	brn	wikiberry	0	1	-1	1	1		undefined	false	0	0	0	6	2
thermalexchange	onDamagingHit	731	1	0	61	Fire	1	1	1	20	100	-1	24576	pikachu	1	0	0	0	0	1	0	0	0	160	1	0	false	Ability	1	brn	wikiberry	0	0	-1	1	0	boost:atk=1:undefined:undefined:undefined:false:false	undefined	undefined	24576	24576	24576	1	2
thermalexchange	onDamagingHit	732	1	0	70	Normal	0	0	0	100	-1	0	16384	greninjabond	0	0	0	1	1	-1	1	1	100	0	0	0	false	Ability	1	brn	aguavberry	2	0	99	1	0		undefined	false	16384	16384	16384	-1	0
thermalexchange	onDamagingHit	733	-1	6	61	Normal	1	0	0	10	100	1	24576	greninjabond	0	0	1	1	0	1	0	2	60	100	1	0	null	Ability	0	brn	iapapaberry	0	0	-1	0	0		undefined	true	24576	24576	24576	1	0
thermalexchange	onDamagingHit	734	6	1	61	Dark	1	1	0	0	100	0	0	greninjaash	0	1	1	1	0	-1	1	2	100	100	1	1	null	Move	1	psn	iapapaberry	0	1	1	1	0		undefined	false	0	0	0	-1	2
thermalexchange	onDamagingHit	735	1	1	60	Dark	1	0	0	20	20	0	16384	greninjaash	0	0	0	1	0	6	0	1	0	160	0	0	true	missing	0	brn	wikiberry	1	-1	1	1	0		undefined	false	16384	16384	16384	6	0
thermalexchange	onDamagingHit	736	-1	6	61	Ghost	1	0	1	20	20	1	0	greninjaash	0	1	0	1	0	0	0	1	0	160	1	1	true	missing	0	brn	aguavberry	2	0	0	0	1		undefined	true	0	0	0	0	0
thermalexchange	onDamagingHit	737	1	6	40	Water	0	1	0	10	100	0	8192	pikachu	0	0	1	1	1	6	1	2	0	0	0	0	true	Move	0	psn	figyberry	1	1	99	1	1		undefined	false	8192	8192	8192	6	2
thermalexchange	onDamagingHit	738	1	0	61	Normal	0	1	1	0	-1	1	2048	greninjaash	0	1	1	1	1	0	0	2	0	160	1	0	null	Ability	1	psn	wikiberry	1	0	-1	0	0		undefined	true	2048	2048	2048	0	2
thermalexchange	onDamagingHit	739	-1	1	61	Dark	1	1	0	20	0	-1	8	pikachu	1	0	1	1	1	-1	0	1	0	100	0	1	undefined	Ability	1	psn	aguavberry	2	-1	1	0	1		undefined	undefined	8	8	8	-1	2
thermalexchange	onDamagingHit	740	0	6	70	Bug	1	0	1	20	20	-1	8	pikachu	1	1	0	0	1	-1	0	1	60	160	1	1	undefined	Ability	1	brn	figyberry	0	1	-1	1	1		undefined	undefined	8	8	8	-1	0
thermalexchange	onDamagingHit	741	1	0	60	Ghost	1	1	0	20	100	0	0	greninjaash	1	1	1	1	0	-1	1	2	0	160	1	0	false	missing	1	brn	leftovers	0	1	99	1	1		undefined	false	0	0	0	-1	2
thermalexchange	onDamagingHit	742	-1	1	70	Normal	1	0	0	10	100	-1	8192	pikachu	0	1	1	1	1	-1	0	0	0	160	1	1	undefined	Ability	0	brn	magoberry	1	1	-1	0	1		undefined	undefined	8192	8192	8192	-1	0
thermalexchange	onDamagingHit	743	1	6	70	Bug	1	0	1	0	-1	1	0	pikachu	1	0	0	1	1	1	0	1	100	0	1	1	0	missing	0	brn	leftovers	1	0	99	0	1		undefined	true	0	0	0	1	0
thermalexchange	onDamagingHit	744	-1	1	0	Fire	0	0	0	100	0	1	16384	greninjaash	1	1	0	0	0	6	0	0	0	0	0	0	0	missing	1	brn	leftovers	1	-1	-1	1	1	boost:atk=1:undefined:undefined:undefined:false:false	undefined	true	16384	16384	16384	6	0
thermalexchange	onDamagingHit	745	0	0	40	Bug	0	0	1	0	-1	-1	0	greninjaash	1	1	1	0	1	6	0	0	60	0	0	0	true	missing	1	psn	aguavberry	2	-1	0	1	1		undefined	undefined	0	0	0	6	0
thermalexchange	onDamagingHit	746	0	6	70	Fire	0	0	0	20	100	-1	24576	greninjabond	0	0	0	1	0	-1	0	0	100	0	1	0	0	Ability	0	brn	iapapaberry	1	0	-1	1	1	boost:atk=1:undefined:undefined:undefined:false:false	undefined	undefined	24576	24576	24576	-1	0
thermalexchange	onDamagingHit	747	6	0	60	Fire	1	1	1	100	0	0	8192	greninjabond	1	0	1	1	0	0	1	1	60	0	1	1	false	Move	0	psn	aguavberry	0	1	0	0	0	boost:atk=1:undefined:undefined:undefined:false:false	undefined	false	8192	8192	8192	0	2
thermalexchange	onDamagingHit	748	6	6	60	Normal	0	1	0	10	20	1	8192	pikachu	0	1	1	1	1	6	0	2	60	0	1	0	0	Move	1	brn	figyberry	2	1	0	1	1		undefined	true	8192	8192	8192	6	2
thermalexchange	onDamagingHit	749	-1	6	60	Fire	0	0	0	0	20	-1	8	greninjabond	1	0	1	0	1	6	0	0	0	0	1	1	null	missing	1	psn	figyberry	1	-1	99	1	1	boost:atk=1:undefined:undefined:undefined:false:false	undefined	undefined	8	8	8	6	0
thermalexchange	onDamagingHit	750	0	6	70	Dark	0	0	0	10	20	1	0	pikachu	1	1	1	1	0	0	0	2	0	100	1	1	0	Move	1	psn	leftovers	0	-1	1	0	1		undefined	true	0	0	0	0	0
thermalexchange	onDamagingHit	751	6	0	70	Water	0	0	0	100	100	1	2048	greninjabond	1	0	1	0	0	0	0	2	0	160	0	1	true	Ability	0	psn	wikiberry	2	0	99	0	0		undefined	true	2048	2048	2048	0	0
thermalexchange	onDamagingHit	752	-1	0	0	Ghost	0	1	1	0	20	0	8	greninjaash	0	0	1	1	1	0	1	1	60	0	0	1	true	Ability	1	brn	aguavberry	2	1	99	1	0		undefined	false	8	8	8	0	2
thermalexchange	onDamagingHit	753	0	0	40	Fire	1	1	1	0	100	0	24576	pikachu	1	0	1	0	1	6	1	0	100	100	0	1	true	Ability	1	brn	aguavberry	1	-1	1	0	1	boost:atk=1:undefined:undefined:undefined:false:false	undefined	false	24576	24576	24576	6	2
thermalexchange	onDamagingHit	754	-1	1	60	Normal	0	0	0	0	0	1	0	pikachu	0	0	0	1	1	6	1	0	0	0	1	0	0	Move	0	psn	wikiberry	2	1	-1	1	1		undefined	true	0	0	0	6	0
thermalexchange	onDamagingHit	755	1	6	40	Water	1	1	0	100	-1	0	0	greninjaash	0	0	0	0	0	1	1	1	100	100	0	0	undefined	Move	0	psn	wikiberry	2	1	99	1	1		undefined	false	0	0	0	1	2
thermalexchange	onDamagingHit	756	0	6	60	Bug	0	0	0	0	20	0	24576	greninjabond	1	0	0	0	1	6	0	2	60	0	0	1	false	Ability	0	brn	magoberry	2	0	1	1	0		undefined	false	24576	24576	24576	6	0
thermalexchange	onDamagingHit	757	0	0	40	Bug	1	1	0	10	20	-1	24576	pikachu	0	1	1	0	1	0	1	1	100	0	0	1	false	missing	0	brn	sitrusberry	2	1	99	1	1		undefined	undefined	24576	24576	24576	0	2
thermalexchange	onDamagingHit	758	1	1	40	Fire	0	1	0	10	-1	0	8192	greninjabond	1	0	0	1	0	0	1	0	100	0	0	1	0	Move	1	brn	wikiberry	1	0	-1	1	0	boost:atk=1:undefined:undefined:undefined:false:false	undefined	false	8192	8192	8192	0	2
thermalexchange	onDamagingHit	759	-1	1	70	Dark	0	0	1	10	20	0	16384	pikachu	1	0	0	0	0	-1	0	1	100	100	0	0	undefined	missing	0	psn	leftovers	2	0	-1	1	1		undefined	false	16384	16384	16384	-1	0
thermalexchange	onDamagingHit	760	0	6	70	Fire	1	1	1	10	-1	-1	8192	greninjabond	1	1	0	0	1	1	1	1	0	100	1	0	true	missing	1	brn	aguavberry	0	0	1	1	0	boost:atk=1:undefined:undefined:undefined:false:false	undefined	undefined	8192	8192	8192	1	2
thermalexchange	onDamagingHit	761	0	0	40	Ghost	0	0	1	100	0	0	8192	pikachu	0	1	1	1	0	6	0	0	0	100	0	1	undefined	missing	0	brn	leftovers	0	1	-1	0	1		undefined	false	8192	8192	8192	6	0
thermalexchange	onDamagingHit	762	6	6	40	Water	0	0	0	20	-1	1	2048	greninjaash	0	1	0	1	1	0	0	1	100	100	1	0	false	Ability	1	brn	aguavberry	2	-1	-1	0	0		undefined	true	2048	2048	2048	0	0
thermalexchange	onDamagingHit	763	-1	1	0	Water	0	1	1	0	20	0	0	greninjaash	0	0	1	0	1	6	1	0	100	160	0	1	false	Ability	0	brn	wikiberry	2	-1	1	0	0		undefined	false	0	0	0	6	2
thermalexchange	onDamagingHit	764	6	6	0	Normal	1	0	1	100	20	0	16384	greninjabond	0	0	0	1	1	1	1	0	0	160	1	0	null	Move	0	psn	wikiberry	2	0	99	1	0		undefined	false	16384	16384	16384	1	0
thermalexchange	onDamagingHit	765	6	1	40	Bug	0	0	1	100	20	0	2048	greninjaash	1	0	0	0	1	6	0	2	60	160	0	0	true	missing	1	brn	wikiberry	0	1	1	0	1		undefined	false	2048	2048	2048	6	0
thermalexchange	onDamagingHit	766	-1	1	60	Bug	0	1	1	10	0	0	8	greninjabond	1	0	0	1	1	1	0	1	100	0	0	1	true	Move	0	psn	wikiberry	1	0	1	0	0		undefined	false	8	8	8	1	2
thermalexchange	onDamagingHit	767	-1	1	60	Fire	0	0	1	0	-1	-1	2048	greninjabond	0	0	1	1	1	6	1	0	100	160	1	0	undefined	missing	1	brn	sitrusberry	0	1	0	0	0	boost:atk=1:undefined:undefined:undefined:false:false	undefined	undefined	2048	2048	2048	6	0
thermalexchange	onDamagingHit	768	0	1	0	Ghost	0	0	0	20	100	-1	24576	greninjaash	0	1	0	1	1	-1	1	0	60	160	0	1	true	Ability	0	brn	figyberry	2	-1	0	1	1		undefined	undefined	24576	24576	24576	-1	0
thermalexchange	onDamagingHit	769	-1	0	0	Normal	0	1	1	100	20	0	0	pikachu	1	0	1	1	0	6	1	2	0	0	0	1	true	Ability	1	psn	aguavberry	0	1	0	0	1		undefined	false	0	0	0	6	2
thermalexchange	onDamagingHit	770	6	6	70	Ghost	1	1	0	0	20	-1	24576	pikachu	1	1	1	1	0	-1	0	0	60	100	0	0	0	missing	0	psn	aguavberry	2	0	-1	1	0		undefined	undefined	24576	24576	24576	-1	2
thermalexchange	onDamagingHit	771	6	6	70	Dark	0	1	1	10	20	1	16384	greninjaash	0	0	0	1	0	-1	1	1	0	100	1	1	undefined	Ability	0	brn	wikiberry	2	1	-1	0	1		undefined	true	16384	16384	16384	-1	2
thermalexchange	onDamagingHit	772	0	0	70	Ghost	0	1	0	20	20	-1	0	pikachu	0	1	1	0	1	1	1	0	100	0	0	1	0	missing	0	psn	wikiberry	2	-1	-1	0	0		undefined	undefined	0	0	0	1	2
thermalexchange	onDamagingHit	773	0	0	70	Ghost	0	0	1	0	20	1	8192	greninjabond	0	1	0	1	0	0	0	0	0	100	0	0	null	missing	0	psn	iapapaberry	0	0	1	0	1		undefined	true	8192	8192	8192	0	0
thermalexchange	onDamagingHit	774	0	6	60	Dark	0	0	1	10	100	1	0	greninjaash	1	1	0	1	0	1	0	1	0	160	0	1	null	missing	1	brn	iapapaberry	1	1	-1	1	1		undefined	true	0	0	0	1	0
thermalexchange	onDamagingHit	775	0	6	0	Fire	1	0	0	20	100	-1	24576	greninjaash	0	0	0	0	0	1	1	1	0	0	0	1	false	Move	1	brn	wikiberry	1	0	0	0	1	boost:atk=1:undefined:undefined:undefined:false:false	undefined	undefined	24576	24576	24576	1	0
thermalexchange	onDamagingHit	776	0	1	0	Ghost	1	0	1	100	-1	-1	2048	greninjabond	0	0	1	0	1	0	0	2	100	0	0	0	null	missing	0	brn	wikiberry	1	1	-1	1	1		undefined	undefined	2048	2048	2048	0	0
thermalexchange	onDamagingHit	777	-1	0	0	Fire	1	1	1	100	0	1	8	greninjaash	1	1	1	0	0	6	1	0	60	0	1	0	false	Ability	0	psn	leftovers	1	-1	99	1	1	boost:atk=1:undefined:undefined:undefined:false:false	undefined	true	8	8	8	6	2
thermalexchange	onDamagingHit	778	1	0	61	Normal	1	1	1	20	100	-1	16384	pikachu	1	1	1	1	1	1	1	0	100	160	0	0	null	missing	0	brn	leftovers	2	1	-1	0	1		undefined	undefined	16384	16384	16384	1	2
thermalexchange	onDamagingHit	779	1	6	60	Fire	0	1	0	10	100	0	0	greninjaash	1	0	1	1	0	0	1	0	60	100	0	0	false	Ability	0	psn	sitrusberry	1	0	99	1	0	boost:atk=1:undefined:undefined:undefined:false:false	undefined	false	0	0	0	0	2
thermalexchange	onDamagingHit	780	6	6	40	Ghost	1	1	1	10	100	-1	16384	pikachu	1	0	0	1	0	1	1	1	100	0	0	1	undefined	missing	0	psn	wikiberry	2	-1	0	0	1		undefined	undefined	16384	16384	16384	1	2
thermalexchange	onDamagingHit	781	1	0	60	Dark	1	1	1	20	-1	0	0	greninjabond	0	0	0	1	0	6	1	0	60	0	0	1	0	Ability	1	psn	aguavberry	2	-1	0	0	1		undefined	false	0	0	0	6	2
thermalexchange	onDamagingHit	782	1	6	60	Bug	0	0	1	10	100	-1	24576	greninjaash	1	1	1	1	1	6	1	0	0	0	1	1	0	Ability	1	psn	figyberry	2	1	1	0	0		undefined	undefined	24576	24576	24576	6	0
thermalexchange	onDamagingHit	783	1	0	60	Water	1	0	1	10	20	-1	8	greninjabond	0	0	1	0	0	0	1	2	0	100	1	1	true	Ability	1	psn	magoberry	1	-1	1	1	0		undefined	undefined	8	8	8	0	0
thermalexchange	onDamagingHit	784	0	1	70	Dark	0	1	1	0	100	-1	16384	pikachu	1	0	0	1	1	6	0	1	0	160	1	0	null	missing	0	brn	sitrusberry	1	1	99	1	0		undefined	undefined	16384	16384	16384	6	2
thermalexchange	onDamagingHit	785	-1	6	61	Fire	0	0	0	20	20	0	0	pikachu	0	0	0	0	1	6	0	0	0	160	1	0	null	Ability	1	brn	iapapaberry	2	0	0	1	1	boost:atk=1:undefined:undefined:undefined:false:false	undefined	false	0	0	0	6	0
thermalexchange	onDamagingHit	786	0	1	61	Fire	1	0	1	0	-1	-1	16384	greninjabond	1	0	1	1	0	0	0	2	0	0	0	0	true	Move	1	psn	wikiberry	0	1	-1	1	1	boost:atk=1:undefined:undefined:undefined:false:false	undefined	undefined	16384	16384	16384	0	0
thermalexchange	onDamagingHit	787	-1	1	40	Normal	1	0	1	20	0	1	16384	greninjaash	1	1	1	0	1	1	1	2	100	160	1	0	null	Move	1	psn	iapapaberry	2	1	1	0	1		undefined	true	16384	16384	16384	1	0
thermalexchange	onDamagingHit	788	1	1	60	Ghost	0	0	1	10	100	1	2048	greninjabond	0	0	1	0	0	0	0	0	60	100	1	0	false	Ability	1	psn	sitrusberry	1	1	1	0	1		undefined	true	2048	2048	2048	0	0
thermalexchange	onDamagingHit	789	-1	6	60	Bug	0	0	1	100	-1	0	8	greninjaash	1	1	0	0	0	0	0	2	100	160	0	1	undefined	missing	1	brn	sitrusberry	2	0	0	1	1		undefined	false	8	8	8	0	0
thermalexchange	onDamagingHit	790	6	0	61	Ghost	1	0	0	10	20	-1	8192	greninjabond	0	0	1	1	0	-1	0	2	100	160	1	1	0	missing	0	brn	figyberry	2	0	-1	1	0		undefined	undefined	8192	8192	8192	-1	0
thermalexchange	onDamagingHit	791	1	1	40	Bug	1	0	0	100	-1	1	8	greninjaash	1	0	1	1	1	-1	1	1	60	0	0	0	true	Ability	1	psn	figyberry	1	0	1	0	1		undefined	true	8	8	8	-1	0
thermalexchange	onDamagingHit	792	0	0	0	Dark	1	0	0	20	-1	-1	16384	greninjabond	0	1	0	0	1	-1	0	0	60	0	0	1	undefined	missing	0	brn	sitrusberry	0	-1	1	0	0		undefined	undefined	16384	16384	16384	-1	0
thermalexchange	onDamagingHit	793	6	6	0	Bug	0	1	0	20	100	-1	8192	greninjaash	1	1	0	0	1	6	1	2	0	0	1	1	undefined	Move	1	psn	leftovers	1	1	1	1	1		undefined	undefined	8192	8192	8192	6	2
thermalexchange	onDamagingHit	794	-1	1	61	Normal	1	0	1	20	20	1	8192	greninjaash	1	0	0	1	1	6	0	2	100	0	1	1	undefined	Move	0	brn	magoberry	2	0	0	1	0		undefined	true	8192	8192	8192	6	0
thermalexchange	onDamagingHit	795	6	6	0	Water	1	0	0	20	-1	-1	8	greninjabond	1	1	0	1	0	6	0	1	60	160	0	1	true	missing	1	brn	aguavberry	1	0	-1	1	0		undefined	undefined	8	8	8	6	0
thermalexchange	onDamagingHit	796	-1	6	60	Fire	0	0	0	0	100	-1	8192	greninjaash	1	1	1	1	0	0	0	1	60	100	0	1	true	missing	1	psn	figyberry	1	0	99	0	0	boost:atk=1:undefined:undefined:undefined:false:false	undefined	undefined	8192	8192	8192	0	0
thermalexchange	onDamagingHit	797	1	0	70	Normal	0	1	1	10	-1	-1	24576	greninjabond	0	0	0	0	1	6	1	1	60	0	1	1	false	Ability	0	brn	figyberry	2	-1	-1	1	1		undefined	undefined	24576	24576	24576	6	2
thermalexchange	onDamagingHit	798	-1	0	70	Bug	1	1	0	10	-1	-1	2048	greninjaash	0	0	1	1	1	-1	0	1	60	160	1	1	0	Ability	1	psn	leftovers	2	-1	1	1	1		undefined	undefined	2048	2048	2048	-1	2
thermalexchange	onDamagingHit	799	6	6	0	Ghost	0	0	1	20	100	1	24576	greninjaash	1	0	0	1	0	6	1	1	0	100	1	1	true	Move	1	psn	figyberry	0	-1	99	0	0		undefined	true	24576	24576	24576	6	0
thermalexchange	onDamagingHit	800	0	1	61	Fire	1	0	1	100	0	0	0	greninjabond	1	1	1	1	0	1	1	2	60	160	0	0	true	Move	1	brn	iapapaberry	0	1	0	0	0	boost:atk=1:undefined:undefined:undefined:false:false	undefined	false	0	0	0	1	0
thermalexchange	onDamagingHit	801	6	0	40	Water	1	0	0	10	-1	-1	8192	pikachu	1	0	0	1	1	6	0	0	0	160	1	1	true	Move	0	psn	leftovers	0	1	-1	0	1		undefined	undefined	8192	8192	8192	6	0
thermalexchange	onDamagingHit	802	6	0	60	Dark	1	1	0	10	100	0	16384	greninjaash	1	1	0	0	1	1	1	2	0	0	1	1	null	Ability	1	psn	leftovers	2	0	0	0	1		undefined	false	16384	16384	16384	1	2
thermalexchange	onDamagingHit	803	1	0	61	Water	1	0	1	100	-1	1	24576	greninjabond	1	1	1	1	1	-1	0	1	100	0	0	1	0	Move	1	brn	iapapaberry	0	1	99	1	1		undefined	true	24576	24576	24576	-1	0
thermalexchange	onDamagingHit	804	1	6	61	Fire	1	1	1	100	100	0	8192	pikachu	0	1	0	0	0	-1	0	1	100	0	0	0	true	missing	1	psn	sitrusberry	0	0	-1	0	0	boost:atk=1:undefined:undefined:undefined:false:false	undefined	false	8192	8192	8192	-1	2
thermalexchange	onDamagingHit	805	6	6	61	Fire	1	0	0	100	0	0	16384	greninjaash	0	1	1	1	1	0	0	0	60	160	1	0	true	missing	1	psn	leftovers	1	-1	-1	1	1	boost:atk=1:undefined:undefined:undefined:false:false	undefined	false	16384	16384	16384	0	0
thermalexchange	onDamagingHit	806	0	6	60	Ghost	1	1	0	10	0	1	8192	greninjaash	0	1	0	1	1	0	1	2	60	0	0	1	true	Ability	1	brn	iapapaberry	1	1	-1	0	1		undefined	true	8192	8192	8192	0	2
thermalexchange	onDamagingHit	807	-1	6	40	Dark	0	0	0	10	20	-1	24576	greninjaash	1	0	1	0	0	1	1	1	0	100	1	1	false	Ability	0	brn	sitrusberry	2	-1	99	1	1		undefined	undefined	24576	24576	24576	1	0
thermalexchange	onDamagingHit	808	1	6	60	Fire	0	1	1	0	20	1	8192	pikachu	0	0	0	0	0	-1	1	1	0	0	1	1	undefined	Move	1	brn	figyberry	1	-1	-1	0	1	boost:atk=1:undefined:undefined:undefined:false:false	undefined	true	8192	8192	8192	-1	2
thermalexchange	onDamagingHit	809	6	6	61	Dark	0	1	0	10	100	1	2048	greninjabond	0	1	0	1	0	6	1	2	0	0	1	0	undefined	missing	1	brn	iapapaberry	1	-1	0	0	0		undefined	true	2048	2048	2048	6	2
thermalexchange	onDamagingHit	810	6	6	40	Water	1	1	0	100	0	-1	24576	pikachu	0	1	0	0	0	0	0	2	100	160	1	1	true	Ability	1	psn	leftovers	1	0	0	1	1		undefined	undefined	24576	24576	24576	0	2
thermalexchange	onDamagingHit	811	0	0	0	Fire	0	0	1	100	20	0	8	pikachu	0	1	0	0	1	0	0	0	60	100	1	0	undefined	Move	1	psn	figyberry	0	-1	0	0	0	boost:atk=1:undefined:undefined:undefined:false:false	undefined	false	8	8	8	0	0
thermalexchange	onDamagingHit	812	-1	1	61	Fire	0	1	1	20	100	1	8192	greninjabond	0	0	1	1	0	-1	1	1	60	160	1	1	null	Move	0	psn	magoberry	1	1	0	1	1	boost:atk=1:undefined:undefined:undefined:false:false	undefined	true	8192	8192	8192	-1	2
thermalexchange	onDamagingHit	813	0	1	40	Bug	0	1	0	0	0	-1	24576	greninjaash	1	0	1	1	1	6	1	2	100	100	1	0	false	Move	0	psn	aguavberry	0	1	99	0	1		undefined	undefined	24576	24576	24576	6	2
thermalexchange	onDamagingHit	814	6	6	0	Normal	1	0	1	10	100	1	8	greninjaash	0	1	0	1	0	0	0	2	60	160	0	1	undefined	Ability	0	brn	leftovers	2	1	1	1	0		undefined	true	8	8	8	0	0
thermalexchange	onDamagingHit	815	-1	6	40	Water	0	0	0	100	-1	-1	16384	greninjaash	1	0	0	0	1	0	0	1	60	100	0	0	true	missing	0	brn	sitrusberry	0	-1	-1	0	0		undefined	undefined	16384	16384	16384	0	0
thermalexchange	onDamagingHit	816	1	6	70	Fire	1	1	0	10	0	0	8192	greninjaash	0	1	0	1	0	0	1	0	100	160	0	0	false	missing	1	brn	aguavberry	0	-1	99	0	1	boost:atk=1:undefined:undefined:undefined:false:false	undefined	false	8192	8192	8192	0	2
thermalexchange	onDamagingHit	817	1	0	61	Ghost	0	0	0	0	0	-1	8	pikachu	1	0	0	0	0	-1	1	0	0	160	1	0	undefined	missing	0	brn	iapapaberry	2	0	99	0	0		undefined	undefined	8	8	8	-1	0
thermalexchange	onDamagingHit	818	1	6	0	Dark	0	1	0	10	-1	1	8	pikachu	0	0	0	0	1	6	1	2	100	160	0	1	undefined	Ability	0	brn	wikiberry	0	1	0	0	0		undefined	true	8	8	8	6	2
thermalexchange	onDamagingHit	819	6	6	0	Fire	0	0	0	0	100	0	24576	pikachu	0	1	1	0	0	1	0	2	60	0	0	0	false	Ability	1	psn	figyberry	2	0	-1	1	1	boost:atk=1:undefined:undefined:undefined:false:false	undefined	false	24576	24576	24576	1	0
thermalexchange	onDamagingHit	820	1	0	40	Dark	1	0	0	10	0	0	0	pikachu	1	0	1	0	1	6	1	2	60	100	0	0	undefined	missing	0	psn	leftovers	0	1	1	1	1		undefined	false	0	0	0	6	0
thermalexchange	onDamagingHit	821	6	6	61	Water	0	0	0	20	0	1	2048	greninjabond	0	1	1	0	0	0	1	1	0	160	1	1	true	Ability	1	brn	aguavberry	1	1	99	0	1		undefined	true	2048	2048	2048	0	0
thermalexchange	onDamagingHit	822	-1	1	60	Dark	1	0	1	10	20	0	16384	greninjabond	0	1	0	1	1	1	0	1	60	100	0	1	null	Ability	1	psn	figyberry	1	-1	-1	0	0		undefined	false	16384	16384	16384	1	0
thermalexchange	onDamagingHit	823	0	6	61	Water	1	0	1	20	100	-1	2048	greninjaash	0	0	1	1	0	-1	0	2	60	0	1	0	undefined	Move	0	psn	aguavberry	0	-1	0	0	1		undefined	undefined	2048	2048	2048	-1	0
thermalexchange	onDamagingHit	824	1	0	61	Dark	0	0	1	20	20	0	24576	greninjabond	1	1	1	0	0	6	0	1	60	160	0	1	false	Move	0	psn	figyberry	2	0	1	0	0		undefined	false	24576	24576	24576	6	0
thermalexchange	onDamagingHit	825	1	6	40	Bug	1	1	0	0	20	0	0	greninjabond	0	1	1	0	0	-1	0	2	0	160	0	0	true	Ability	1	psn	iapapaberry	2	1	-1	0	0		undefined	false	0	0	0	-1	2
thermalexchange	onDamagingHit	826	0	0	40	Bug	0	0	1	100	100	-1	0	pikachu	0	0	1	0	0	1	1	1	0	0	0	1	true	Ability	1	psn	iapapaberry	1	1	0	1	0		undefined	undefined	0	0	0	1	0
thermalexchange	onDamagingHit	827	1	6	61	Water	0	0	1	0	100	-1	8192	greninjabond	0	1	1	1	1	6	0	1	60	0	1	1	true	missing	0	psn	figyberry	0	-1	1	1	0		undefined	undefined	8192	8192	8192	6	0
thermalexchange	onDamagingHit	828	0	6	60	Ghost	0	1	1	0	0	0	2048	greninjaash	0	1	0	1	1	6	1	0	100	100	0	1	false	missing	0	psn	sitrusberry	0	0	99	1	0		undefined	false	2048	2048	2048	6	2
thermalexchange	onDamagingHit	829	-1	6	61	Fire	1	1	0	100	100	0	24576	pikachu	0	0	1	0	0	6	0	1	100	0	1	1	null	Ability	0	psn	leftovers	2	-1	99	0	1	boost:atk=1:undefined:undefined:undefined:false:false	undefined	false	24576	24576	24576	6	2
thermalexchange	onDamagingHit	830	0	6	0	Bug	1	1	1	10	20	0	8192	greninjaash	1	0	0	1	0	1	1	2	60	0	1	1	undefined	Ability	1	brn	figyberry	2	0	1	1	1		undefined	false	8192	8192	8192	1	2
thermalexchange	onDamagingHit	831	1	0	70	Bug	1	0	0	0	20	-1	2048	greninjabond	0	0	1	0	0	6	0	2	60	160	0	1	false	missing	0	psn	wikiberry	2	0	0	1	0		undefined	undefined	2048	2048	2048	6	0
thermalexchange	onDamagingHit	832	1	6	60	Dark	1	0	1	100	0	-1	0	greninjabond	0	0	0	1	0	-1	0	0	100	100	1	0	0	missing	0	psn	aguavberry	2	-1	0	1	0		undefined	undefined	0	0	0	-1	0
thermalexchange	onDamagingHit	833	1	0	70	Fire	0	0	1	0	0	-1	8192	greninjabond	0	1	1	1	0	-1	1	0	100	100	0	1	null	Move	1	psn	sitrusberry	1	1	1	1	0	boost:atk=1:undefined:undefined:undefined:false:false	undefined	undefined	8192	8192	8192	-1	0
thermalexchange	onDamagingHit	834	-1	1	70	Fire	0	0	1	10	0	1	24576	greninjabond	0	1	1	0	1	-1	0	1	100	0	0	1	0	Ability	1	brn	sitrusberry	0	0	0	1	1	boost:atk=1:undefined:undefined:undefined:false:false	undefined	true	24576	24576	24576	-1	0
thermalexchange	onDamagingHit	835	0	6	0	Bug	1	0	0	10	0	0	0	greninjaash	1	1	0	1	1	-1	1	1	60	0	0	0	null	Ability	0	brn	wikiberry	1	0	0	0	1		undefined	false	0	0	0	-1	0
thermalexchange	onDamagingHit	836	6	1	70	Ghost	1	1	1	100	0	-1	2048	greninjabond	1	1	1	0	1	1	0	0	100	160	1	0	true	Move	1	psn	iapapaberry	0	1	-1	1	0		undefined	undefined	2048	2048	2048	1	2
thermalexchange	onDamagingHit	837	1	1	60	Dark	0	0	0	10	100	-1	2048	greninjaash	1	0	1	0	0	0	1	0	0	100	1	0	0	Ability	0	psn	figyberry	1	0	1	0	1		undefined	undefined	2048	2048	2048	0	0
thermalexchange	onDamagingHit	838	1	0	60	Dark	0	1	0	10	-1	0	8192	greninjabond	1	0	1	1	1	6	0	1	100	0	1	1	undefined	Move	0	psn	iapapaberry	1	1	-1	1	0		undefined	false	8192	8192	8192	6	2
thermalexchange	onDamagingHit	839	1	6	0	Ghost	1	0	1	100	-1	1	2048	greninjaash	0	0	0	0	1	1	0	0	0	160	1	1	undefined	missing	0	brn	wikiberry	2	1	1	0	1		undefined	true	2048	2048	2048	1	0
thermalexchange	onDamagingHit	840	1	6	70	Bug	1	1	0	0	20	0	16384	pikachu	1	0	1	0	1	1	0	1	0	0	0	1	true	Ability	0	psn	iapapaberry	0	-1	0	1	1		undefined	false	16384	16384	16384	1	2
thermalexchange	onDamagingHit	841	1	1	0	Ghost	1	1	1	100	-1	1	8	pikachu	1	0	1	1	1	-1	0	0	60	0	0	1	true	missing	0	brn	aguavberry	1	-1	99	1	0		undefined	true	8	8	8	-1	2
thermalexchange	onDamagingHit	842	6	0	61	Bug	0	1	1	100	-1	-1	24576	greninjaash	0	1	1	0	1	6	1	1	100	100	1	1	false	missing	0	psn	leftovers	0	1	0	0	1		undefined	undefined	24576	24576	24576	6	2
thermalexchange	onDamagingHit	843	6	6	0	Dark	1	0	1	20	-1	-1	2048	greninjabond	1	1	1	0	0	0	1	0	60	160	1	0	null	Move	0	brn	aguavberry	2	0	99	1	0		undefined	undefined	2048	2048	2048	0	0
thermalexchange	onDamagingHit	844	0	1	40	Fire	1	0	0	20	0	1	24576	pikachu	0	0	1	1	1	1	0	0	100	100	0	1	null	missing	1	psn	figyberry	1	1	1	1	0	boost:atk=1:undefined:undefined:undefined:false:false	undefined	true	24576	24576	24576	1	0
thermalexchange	onDamagingHit	845	-1	6	61	Normal	0	1	0	20	100	0	2048	greninjaash	0	1	0	1	0	6	0	0	60	160	0	0	false	Ability	1	brn	figyberry	1	0	1	1	1		undefined	false	2048	2048	2048	6	2
thermalexchange	onDamagingHit	846	6	0	60	Normal	0	1	0	10	0	-1	2048	greninjabond	1	1	1	1	1	-1	0	0	0	0	1	1	false	Move	1	brn	figyberry	0	1	1	0	0		undefined	undefined	2048	2048	2048	-1	2
thermalexchange	onDamagingHit	847	6	1	70	Dark	0	0	0	10	100	1	16384	greninjaash	1	1	1	1	0	0	0	2	60	0	1	0	undefined	Ability	0	brn	wikiberry	2	1	1	1	0		undefined	true	16384	16384	16384	0	0
thermalexchange	onDamagingHit	848	6	1	0	Normal	0	0	1	10	-1	0	16384	pikachu	0	1	1	0	1	6	0	2	0	160	1	0	true	Move	1	psn	wikiberry	1	-1	-1	1	1		undefined	false	16384	16384	16384	6	0
thermalexchange	onDamagingHit	849	0	1	60	Bug	1	0	1	100	100	0	0	greninjabond	0	1	1	0	1	-1	1	2	60	0	0	0	false	Ability	1	brn	iapapaberry	0	1	0	1	0		undefined	false	0	0	0	-1	0
thermalexchange	onDamagingHit	850	6	0	70	Ghost	0	1	0	10	20	0	16384	greninjabond	1	1	0	0	0	0	1	1	0	0	1	1	0	Move	1	brn	magoberry	2	0	0	1	0		undefined	false	16384	16384	16384	0	2
thermalexchange	onDamagingHit	851	1	6	70	Fire	1	0	0	20	-1	0	0	greninjabond	1	1	0	0	1	1	1	1	100	160	1	1	null	missing	0	psn	sitrusberry	0	1	1	1	1	boost:atk=1:undefined:undefined:undefined:false:false	undefined	false	0	0	0	1	0
thermalexchange	onDamagingHit	852	6	1	61	Ghost	0	0	1	10	0	1	24576	pikachu	1	1	0	1	1	1	0	2	60	160	0	0	false	missing	1	psn	figyberry	0	-1	99	0	1		undefined	true	24576	24576	24576	1	0
thermalexchange	onDamagingHit	853	1	0	60	Normal	1	0	1	0	20	1	24576	pikachu	0	0	0	1	1	0	1	0	100	0	0	0	false	Move	0	brn	wikiberry	1	0	0	1	1		undefined	true	24576	24576	24576	0	0
thermalexchange	onDamagingHit	854	0	6	60	Fire	0	0	0	10	100	-1	24576	greninjabond	1	1	1	1	0	-1	1	2	60	100	0	1	0	missing	1	psn	figyberry	2	1	0	1	1	boost:atk=1:undefined:undefined:undefined:false:false	undefined	undefined	24576	24576	24576	-1	0
thermalexchange	onDamagingHit	855	-1	1	40	Water	0	1	0	0	20	-1	16384	greninjaash	1	1	0	1	1	-1	1	0	0	160	0	1	undefined	Ability	1	brn	aguavberry	1	0	99	1	0		undefined	undefined	16384	16384	16384	-1	2
thermalexchange	onDamagingHit	856	6	6	40	Water	1	0	0	20	100	1	8192	pikachu	0	1	0	1	1	0	1	1	100	0	1	1	true	Move	1	psn	wikiberry	0	-1	99	1	0		undefined	true	8192	8192	8192	0	0
thermalexchange	onDamagingHit	857	0	1	40	Water	0	1	1	20	-1	-1	8	pikachu	0	0	1	0	1	-1	1	2	0	0	0	0	undefined	Move	0	psn	magoberry	0	1	99	0	0		undefined	undefined	8	8	8	-1	2
thermalexchange	onDamagingHit	858	1	1	70	Water	1	0	0	100	100	-1	24576	greninjaash	1	0	0	0	1	-1	0	1	0	100	1	1	true	Ability	1	psn	sitrusberry	2	1	0	0	0		undefined	undefined	24576	24576	24576	-1	0
thermalexchange	onDamagingHit	859	0	6	40	Water	0	0	0	100	20	-1	2048	pikachu	0	1	1	1	1	6	1	0	0	100	0	1	null	missing	0	psn	iapapaberry	1	0	0	0	1		undefined	undefined	2048	2048	2048	6	0
thermalexchange	onDamagingHit	860	0	1	40	Fire	1	1	1	0	0	-1	24576	greninjaash	1	1	1	0	0	0	0	1	100	100	1	1	true	missing	0	psn	leftovers	2	-1	-1	0	1	boost:atk=1:undefined:undefined:undefined:false:false	undefined	undefined	24576	24576	24576	0	2
thermalexchange	onDamagingHit	861	6	1	60	Fire	0	1	1	20	20	1	2048	greninjaash	1	1	0	0	1	6	1	0	100	160	0	1	false	missing	1	psn	sitrusberry	2	1	0	1	1	boost:atk=1:undefined:undefined:undefined:false:false	undefined	true	2048	2048	2048	6	2
thermalexchange	onDamagingHit	862	1	1	0	Water	0	0	1	10	20	-1	8192	greninjabond	1	0	0	0	1	0	0	1	100	160	0	0	true	Ability	0	brn	sitrusberry	2	0	99	0	1		undefined	undefined	8192	8192	8192	0	0
thermalexchange	onDamagingHit	863	0	1	61	Water	0	1	1	100	-1	-1	24576	greninjaash	1	1	1	0	1	-1	1	2	60	100	1	1	null	Move	1	psn	wikiberry	0	-1	99	0	1		undefined	undefined	24576	24576	24576	-1	2
thermalexchange	onDamagingHit	864	6	6	40	Water	0	1	0	100	-1	0	8192	greninjabond	1	0	1	0	1	1	1	2	100	160	0	0	true	missing	1	psn	iapapaberry	1	-1	1	1	0		undefined	false	8192	8192	8192	1	2
thermalexchange	onDamagingHit	865	0	1	61	Fire	1	0	1	20	20	0	16384	pikachu	1	1	0	0	0	-1	0	0	100	0	1	1	undefined	Move	1	brn	aguavberry	1	1	-1	0	0	boost:atk=1:undefined:undefined:undefined:false:false	undefined	false	16384	16384	16384	-1	0
thermalexchange	onDamagingHit	866	0	0	0	Ghost	1	0	0	10	0	-1	8192	pikachu	1	0	0	0	0	1	1	2	60	0	0	1	undefined	Move	0	brn	magoberry	0	-1	0	1	1		undefined	undefined	8192	8192	8192	1	0
thermalexchange	onDamagingHit	867	6	0	70	Water	0	0	1	100	100	1	16384	pikachu	0	1	0	0	0	0	1	1	100	0	1	0	undefined	Ability	0	brn	wikiberry	2	0	99	1	0		undefined	true	16384	16384	16384	0	0
thermalexchange	onDamagingHit	868	-1	0	60	Fire	0	1	0	100	-1	1	16384	greninjaash	0	0	1	1	0	0	1	2	100	160	0	0	undefined	missing	0	psn	iapapaberry	1	-1	0	0	0	boost:atk=1:undefined:undefined:undefined:false:false	undefined	true	16384	16384	16384	0	2
thermalexchange	onDamagingHit	869	0	1	0	Bug	0	0	1	100	20	-1	8192	greninjaash	0	0	0	0	1	0	0	1	100	100	0	1	0	Move	0	psn	wikiberry	0	1	-1	0	0		undefined	undefined	8192	8192	8192	0	0
thermalexchange	onDamagingHit	870	6	1	60	Ghost	0	1	1	20	20	-1	0	pikachu	1	0	0	0	0	0	1	0	60	0	0	0	null	Move	1	psn	figyberry	1	-1	0	1	0		undefined	undefined	0	0	0	0	2
thermalexchange	onDamagingHit	871	0	1	70	Ghost	0	1	0	10	0	-1	24576	greninjaash	0	1	1	0	0	6	1	2	100	0	0	0	null	missing	1	psn	sitrusberry	2	0	-1	1	0		undefined	undefined	24576	24576	24576	6	2
thermalexchange	onDamagingHit	872	6	1	60	Bug	1	1	1	0	100	1	8	pikachu	0	0	1	1	1	-1	1	2	60	100	1	1	undefined	Move	0	psn	figyberry	1	1	0	0	0		undefined	true	8	8	8	-1	2
thermalexchange	onDamagingHit	873	-1	0	60	Ghost	1	1	0	10	0	0	24576	greninjaash	0	0	0	1	0	-1	1	0	100	160	1	1	true	Move	0	brn	wikiberry	0	1	1	0	0		undefined	false	24576	24576	24576	-1	2
thermalexchange	onDamagingHit	874	-1	0	70	Water	1	1	1	100	20	0	2048	greninjabond	1	1	1	0	1	0	1	0	100	0	0	1	undefined	Move	1	psn	wikiberry	1	1	0	0	0		undefined	false	2048	2048	2048	0	2
thermalexchange	onDamagingHit	875	1	1	60	Bug	0	0	0	0	100	1	16384	greninjabond	0	1	0	0	1	1	0	0	100	100	0	0	false	Move	1	brn	wikiberry	1	-1	1	1	1		undefined	true	16384	16384	16384	1	0
thermalexchange	onDamagingHit	876	1	6	0	Dark	1	0	1	20	-1	-1	16384	greninjabond	1	0	0	0	0	-1	1	2	60	160	0	1	false	Move	0	psn	wikiberry	2	-1	1	0	0		undefined	undefined	16384	16384	16384	-1	0
thermalexchange	onDamagingHit	877	6	1	0	Bug	1	1	1	10	-1	0	0	greninjabond	0	1	0	1	0	-1	1	2	100	0	0	0	false	Ability	0	brn	aguavberry	2	0	-1	0	0		undefined	false	0	0	0	-1	2
thermalexchange	onDamagingHit	878	-1	1	70	Bug	1	1	1	20	-1	1	8	pikachu	0	0	0	0	1	1	1	1	0	100	0	0	0	Move	0	brn	aguavberry	0	0	99	1	0		undefined	true	8	8	8	1	2
thermalexchange	onDamagingHit	879	1	1	70	Ghost	1	1	1	0	20	0	24576	greninjaash	0	1	0	1	1	1	1	1	100	100	1	0	undefined	missing	1	brn	leftovers	1	-1	-1	1	1		undefined	false	24576	24576	24576	1	2
thermalexchange	onDamagingHit	880	6	0	40	Water	1	0	0	10	-1	-1	2048	greninjaash	1	1	0	0	0	1	0	2	100	0	1	0	true	Move	0	psn	figyberry	0	1	-1	0	1		undefined	undefined	2048	2048	2048	1	0
thermalexchange	onDamagingHit	881	-1	0	0	Bug	0	0	0	10	20	0	16384	greninjabond	0	1	0	1	0	-1	0	2	0	100	1	0	undefined	missing	0	psn	magoberry	0	1	99	1	0		undefined	false	16384	16384	16384	-1	0
thermalexchange	onDamagingHit	882	6	1	60	Fire	1	1	1	10	100	0	24576	pikachu	1	1	1	0	0	-1	0	2	60	100	0	1	true	Move	1	brn	figyberry	2	-1	0	0	0	boost:atk=1:undefined:undefined:undefined:false:false	undefined	false	24576	24576	24576	-1	2
thermalexchange	onDamagingHit	883	0	1	70	Fire	0	0	1	0	0	-1	8	greninjaash	1	1	1	1	1	6	0	2	100	100	1	1	null	missing	1	brn	sitrusberry	2	1	-1	0	0	boost:atk=1:undefined:undefined:undefined:false:false	undefined	undefined	8	8	8	6	0
thermalexchange	onDamagingHit	884	-1	1	61	Dark	1	1	1	10	-1	-1	16384	greninjabond	0	1	1	1	0	-1	1	2	0	160	1	0	null	Move	1	psn	aguavberry	2	0	99	0	1		undefined	undefined	16384	16384	16384	-1	2
thermalexchange	onDamagingHit	885	-1	1	0	Dark	0	0	1	20	-1	1	16384	pikachu	1	0	0	1	0	1	0	1	100	100	1	0	0	Move	1	psn	iapapaberry	1	-1	-1	0	0		undefined	true	16384	16384	16384	1	0
thermalexchange	onDamagingHit	886	0	1	0	Water	1	0	1	20	0	0	16384	greninjaash	0	1	1	0	1	1	0	1	60	160	1	0	undefined	missing	0	psn	iapapaberry	0	-1	0	0	1		undefined	false	16384	16384	16384	1	0
thermalexchange	onDamagingHit	887	6	0	0	Normal	1	1	0	20	-1	-1	8	greninjaash	0	1	1	1	1	0	1	1	0	100	1	1	null	Ability	1	brn	aguavberry	0	-1	0	0	0		undefined	undefined	8	8	8	0	2
thermalexchange	onDamagingHit	888	-1	1	60	Normal	0	0	0	20	0	0	0	greninjaash	0	0	1	1	0	6	0	2	100	160	0	1	true	Move	0	psn	sitrusberry	0	-1	99	0	1		undefined	false	0	0	0	6	0
thermalexchange	onDamagingHit	889	-1	1	0	Bug	1	1	0	0	100	-1	0	pikachu	1	0	0	0	1	-1	1	2	0	0	1	0	null	Move	1	psn	aguavberry	0	-1	0	1	0		undefined	undefined	0	0	0	-1	2
thermalexchange	onDamagingHit	890	1	1	61	Fire	1	1	1	100	0	-1	8	greninjabond	1	0	1	0	0	1	1	0	0	160	0	1	false	missing	0	psn	iapapaberry	2	1	0	1	1	boost:atk=1:undefined:undefined:undefined:false:false	undefined	undefined	8	8	8	1	2
thermalexchange	onDamagingHit	891	6	0	0	Fire	1	0	0	10	-1	-1	8192	pikachu	1	1	0	1	0	-1	0	2	0	0	1	0	null	Move	1	psn	iapapaberry	0	-1	99	1	1	boost:atk=1:undefined:undefined:undefined:false:false	undefined	undefined	8192	8192	8192	-1	0
thermalexchange	onDamagingHit	892	1	0	60	Ghost	0	1	0	0	-1	-1	8192	greninjaash	1	1	1	0	0	6	0	1	60	0	0	1	0	missing	1	brn	wikiberry	2	-1	-1	0	1		undefined	undefined	8192	8192	8192	6	2
thermalexchange	onDamagingHit	893	1	1	0	Ghost	1	1	0	0	-1	-1	8192	greninjaash	0	1	1	1	0	-1	1	0	0	0	1	1	null	Ability	0	psn	aguavberry	1	0	99	1	0		undefined	undefined	8192	8192	8192	-1	2
thermalexchange	onDamagingHit	894	6	6	61	Fire	1	0	0	20	100	0	16384	pikachu	0	1	1	0	0	6	1	2	100	160	1	0	0	missing	1	brn	magoberry	1	-1	99	1	1	boost:atk=1:undefined:undefined:undefined:false:false	undefined	false	16384	16384	16384	6	0
thermalexchange	onDamagingHit	895	6	0	70	Normal	1	1	0	10	0	-1	8	pikachu	1	1	0	0	0	-1	0	2	60	0	0	1	true	Move	0	psn	magoberry	0	0	1	1	1		undefined	undefined	8	8	8	-1	2
thermalexchange	onDamagingHit	896	-1	6	70	Bug	1	1	1	100	20	0	0	greninjaash	1	0	1	0	0	0	0	2	100	160	1	0	0	Move	1	psn	figyberry	2	1	1	0	0		undefined	false	0	0	0	0	2
thermalexchange	onDamagingHit	897	6	1	40	Ghost	1	0	0	0	-1	-1	24576	greninjaash	0	1	0	0	1	-1	0	0	60	100	1	0	0	Move	0	brn	magoberry	2	-1	1	1	0		undefined	undefined	24576	24576	24576	-1	0
thermalexchange	onDamagingHit	898	1	0	0	Normal	0	0	1	10	-1	-1	2048	greninjabond	0	0	0	0	1	0	1	2	0	0	1	1	null	missing	1	brn	iapapaberry	0	-1	0	0	1		undefined	undefined	2048	2048	2048	0	0
thermalexchange	onDamagingHit	899	1	6	0	Normal	1	0	0	20	-1	-1	24576	pikachu	1	1	1	0	1	0	0	1	60	100	0	0	null	missing	1	psn	sitrusberry	2	0	0	1	0		undefined	undefined	24576	24576	24576	0	0
thermalexchange	onDamagingHit	900	-1	6	0	Normal	1	0	1	100	-1	0	24576	pikachu	1	0	0	1	0	6	0	2	60	160	1	0	true	Move	1	brn	magoberry	1	1	0	1	1		undefined	false	24576	24576	24576	6	0
thermalexchange	onDamagingHit	901	-1	1	60	Water	1	1	0	10	-1	-1	16384	greninjabond	1	0	1	0	1	1	1	1	0	0	1	1	0	missing	1	brn	iapapaberry	1	-1	99	1	0		undefined	undefined	16384	16384	16384	1	2
thermalexchange	onDamagingHit	902	-1	0	40	Water	1	1	0	20	20	1	8192	greninjabond	0	0	1	0	1	6	1	0	60	100	1	0	true	Move	0	psn	figyberry	2	0	0	0	0		undefined	true	8192	8192	8192	6	2
thermalexchange	onDamagingHit	903	-1	0	61	Bug	0	1	1	100	20	-1	2048	pikachu	1	1	1	1	1	6	0	2	100	160	1	0	undefined	Move	0	psn	aguavberry	0	0	1	1	0		undefined	undefined	2048	2048	2048	6	2
thermalexchange	onDamagingHit	904	-1	0	40	Bug	0	1	0	0	0	0	8	greninjaash	1	1	0	1	0	1	1	2	100	100	1	1	true	missing	1	psn	iapapaberry	1	-1	0	0	0		undefined	false	8	8	8	1	2
thermalexchange	onDamagingHit	905	6	0	60	Bug	0	0	0	0	100	-1	2048	greninjaash	0	0	0	1	1	-1	0	1	100	0	0	1	true	Move	1	brn	magoberry	0	-1	-1	0	0		undefined	undefined	2048	2048	2048	-1	0
thermalexchange	onDamagingHit	906	0	0	61	Ghost	0	0	0	100	20	-1	8	greninjabond	0	0	0	0	0	6	0	2	60	0	1	1	null	Move	1	psn	leftovers	2	-1	0	1	0		undefined	undefined	8	8	8	6	0
thermalexchange	onDamagingHit	907	0	6	60	Bug	1	0	1	20	20	-1	8192	greninjabond	0	1	0	0	1	1	0	0	100	100	1	1	0	missing	1	brn	sitrusberry	1	1	-1	0	1		undefined	undefined	8192	8192	8192	1	0
thermalexchange	onDamagingHit	908	1	1	61	Bug	0	0	0	20	20	0	24576	greninjaash	0	1	1	0	1	6	0	0	60	0	1	0	true	Ability	1	brn	wikiberry	0	0	1	1	0		undefined	false	24576	24576	24576	6	0
thermalexchange	onDamagingHit	909	0	0	70	Bug	0	0	0	100	0	1	8192	greninjabond	1	1	1	0	1	-1	0	0	0	100	1	0	0	Ability	0	brn	sitrusberry	2	-1	1	1	0		undefined	true	8192	8192	8192	-1	0
thermalexchange	onDamagingHit	910	0	6	70	Ghost	1	1	0	20	20	0	2048	pikachu	0	0	0	0	0	-1	0	1	0	160	0	0	undefined	missing	0	brn	sitrusberry	0	0	99	1	1		undefined	false	2048	2048	2048	-1	2
thermalexchange	onDamagingHit	911	0	0	0	Dark	0	1	0	20	-1	1	2048	greninjabond	1	1	0	1	1	1	0	2	100	160	0	0	undefined	Ability	0	brn	wikiberry	0	1	99	0	1		undefined	true	2048	2048	2048	1	2
thermalexchange	onDamagingHit	912	-1	1	61	Water	1	0	0	10	20	1	24576	greninjaash	0	1	1	0	0	-1	1	0	0	100	0	1	undefined	Ability	1	psn	figyberry	0	-1	-1	0	1		undefined	true	24576	24576	24576	-1	0
thermalexchange	onDamagingHit	913	6	0	70	Bug	1	1	1	100	-1	-1	8192	greninjabond	1	1	1	1	0	-1	1	0	100	100	0	1	0	Move	0	psn	figyberry	2	0	1	0	0		undefined	undefined	8192	8192	8192	-1	2
thermalexchange	onDamagingHit	914	-1	6	40	Water	0	1	0	10	0	0	24576	greninjaash	0	1	0	0	1	1	1	0	60	160	1	1	0	Move	0	brn	wikiberry	1	-1	0	0	0		undefined	false	24576	24576	24576	1	2
thermalexchange	onDamagingHit	915	6	6	0	Fire	0	1	0	100	100	-1	8192	greninjabond	0	0	0	1	0	6	0	1	0	0	0	1	0	Ability	0	brn	leftovers	2	0	99	1	0	boost:atk=1:undefined:undefined:undefined:false:false	undefined	undefined	8192	8192	8192	6	2
thermalexchange	onDamagingHit	916	0	6	0	Normal	1	1	0	20	20	1	8192	greninjaash	1	1	0	1	1	1	1	2	0	100	0	1	null	Ability	0	brn	aguavberry	2	-1	99	1	0		undefined	true	8192	8192	8192	1	2
thermalexchange	onDamagingHit	917	6	6	60	Dark	1	1	0	0	0	-1	2048	pikachu	0	0	1	1	1	1	1	0	100	0	1	0	null	Ability	0	psn	figyberry	1	0	1	0	0		undefined	undefined	2048	2048	2048	1	2
thermalexchange	onDamagingHit	918	1	1	0	Bug	0	1	1	20	-1	1	2048	pikachu	1	1	0	0	1	0	1	2	0	160	0	0	0	missing	1	psn	leftovers	0	1	0	0	1		undefined	true	2048	2048	2048	0	2
thermalexchange	onDamagingHit	919	0	0	61	Dark	0	1	1	0	0	-1	2048	greninjabond	0	1	0	0	0	0	0	2	60	160	1	1	false	Move	0	brn	leftovers	1	-1	99	1	0		undefined	undefined	2048	2048	2048	0	2
thermalexchange	onDamagingHit	920	-1	1	0	Bug	0	1	1	100	0	0	24576	pikachu	1	0	1	1	0	0	1	2	0	160	1	0	null	Ability	1	psn	aguavberry	2	0	99	1	1		undefined	false	24576	24576	24576	0	2
thermalexchange	onDamagingHit	921	1	1	70	Fire	1	0	1	100	20	0	0	greninjaash	0	0	1	1	0	-1	0	0	60	100	0	0	undefined	missing	0	brn	sitrusberry	0	1	99	0	0	boost:atk=1:undefined:undefined:undefined:false:false	undefined	false	0	0	0	-1	0
thermalexchange	onDamagingHit	922	6	1	70	Ghost	0	1	0	100	-1	0	2048	greninjabond	0	1	1	0	0	-1	1	2	60	0	0	0	false	Move	1	psn	iapapaberry	2	-1	1	0	1		undefined	false	2048	2048	2048	-1	2
thermalexchange	onDamagingHit	923	1	0	0	Dark	0	1	1	100	0	0	2048	greninjaash	0	0	1	0	1	-1	1	2	0	0	1	0	null	missing	0	psn	aguavberry	2	1	0	0	1		undefined	false	2048	2048	2048	-1	2
thermalexchange	onDamagingHit	924	6	1	40	Normal	1	1	1	10	20	0	16384	greninjaash	0	0	0	0	1	1	1	1	0	160	1	0	true	Ability	0	brn	aguavberry	2	0	-1	1	1		undefined	false	16384	16384	16384	1	2
thermalexchange	onDamagingHit	925	0	0	61	Ghost	1	0	0	20	0	1	2048	greninjabond	1	1	1	1	0	-1	0	1	0	160	0	0	true	Move	1	psn	aguavberry	1	0	0	0	0		undefined	true	2048	2048	2048	-1	0
thermalexchange	onDamagingHit	926	6	1	70	Dark	0	0	1	20	0	-1	8192	pikachu	1	1	0	0	0	0	1	1	100	0	0	0	0	missing	0	brn	figyberry	2	-1	99	0	0		undefined	undefined	8192	8192	8192	0	0
thermalexchange	onDamagingHit	927	1	1	0	Normal	1	1	0	100	20	1	0	greninjaash	0	1	1	0	1	-1	0	1	0	160	0	0	true	Ability	0	brn	iapapaberry	1	0	-1	1	1		undefined	true	0	0	0	-1	2
thermalexchange	onDamagingHit	928	-1	0	61	Normal	0	1	0	0	100	-1	8	pikachu	0	0	0	0	1	6	0	2	0	160	1	1	0	missing	0	psn	aguavberry	1	0	1	1	1		undefined	undefined	8	8	8	6	2
thermalexchange	onDamagingHit	929	1	1	0	Fire	0	1	1	20	0	0	16384	pikachu	0	1	1	0	0	-1	1	2	60	0	0	0	null	missing	1	brn	sitrusberry	1	1	0	1	0	boost:atk=1:undefined:undefined:undefined:false:false	undefined	false	16384	16384	16384	-1	2
thermalexchange	onDamagingHit	930	1	1	0	Bug	0	0	1	20	20	1	8	greninjabond	0	0	1	1	0	6	0	2	100	0	0	0	false	Ability	0	brn	aguavberry	2	-1	1	1	0		undefined	true	8	8	8	6	0
thermalexchange	onDamagingHit	931	0	0	0	Fire	0	1	0	0	0	1	2048	pikachu	0	0	0	0	0	0	1	0	100	100	1	0	undefined	Ability	0	psn	figyberry	2	0	-1	0	0	boost:atk=1:undefined:undefined:undefined:false:false	undefined	true	2048	2048	2048	0	2
thermalexchange	onDamagingHit	932	0	0	60	Water	0	0	0	0	20	1	2048	greninjabond	1	0	1	1	1	0	1	2	100	0	1	1	undefined	Ability	0	brn	iapapaberry	0	-1	0	1	1		undefined	true	2048	2048	2048	0	0
thermalexchange	onDamagingHit	933	1	1	0	Normal	0	1	1	0	100	-1	8	greninjaash	1	0	0	0	0	1	1	1	0	160	0	1	null	Move	0	brn	leftovers	0	0	0	0	0		undefined	undefined	8	8	8	1	2
thermalexchange	onDamagingHit	934	-1	6	61	Normal	0	0	1	20	100	0	2048	greninjaash	1	0	1	0	0	1	0	0	100	100	1	0	true	Ability	0	psn	sitrusberry	1	0	0	1	0		undefined	false	2048	2048	2048	1	0
thermalexchange	onDamagingHit	935	6	1	70	Water	1	1	1	20	-1	-1	16384	pikachu	0	1	0	1	1	6	0	2	60	0	0	0	true	Move	1	psn	sitrusberry	1	1	-1	0	0		undefined	undefined	16384	16384	16384	6	2
thermalexchange	onDamagingHit	936	0	1	70	Bug	1	0	0	10	-1	-1	2048	greninjaash	1	1	1	1	1	0	0	1	100	0	0	0	null	Move	0	psn	figyberry	2	-1	0	1	0		undefined	undefined	2048	2048	2048	0	0
thermalexchange	onDamagingHit	937	1	1	61	Water	1	0	1	20	20	-1	24576	greninjabond	1	0	1	0	1	-1	0	2	60	0	0	1	undefined	Move	0	psn	wikiberry	2	1	1	1	1		undefined	undefined	24576	24576	24576	-1	0
thermalexchange	onDamagingHit	938	1	0	61	Ghost	0	0	1	0	100	0	16384	greninjaash	1	0	1	1	1	1	1	1	0	160	0	0	true	Move	0	brn	magoberry	1	-1	1	0	0		undefined	false	16384	16384	16384	1	0
thermalexchange	onDamagingHit	939	-1	6	40	Water	1	1	0	0	-1	1	16384	greninjaash	1	0	1	1	0	1	1	1	60	100	0	1	true	missing	0	brn	wikiberry	0	0	1	1	1		undefined	true	16384	16384	16384	1	2
thermalexchange	onDamagingHit	940	6	0	40	Water	1	0	0	100	20	-1	16384	pikachu	1	1	0	0	1	0	0	2	100	160	0	0	true	missing	1	brn	sitrusberry	2	0	1	0	0		undefined	undefined	16384	16384	16384	0	0
thermalexchange	onDamagingHit	941	-1	0	70	Ghost	1	0	1	10	100	0	0	greninjaash	0	1	0	0	0	-1	0	2	0	0	0	1	0	missing	1	brn	figyberry	0	0	-1	1	0		undefined	false	0	0	0	-1	0
thermalexchange	onDamagingHit	942	1	0	60	Fire	0	1	0	20	20	0	0	pikachu	1	0	1	0	1	1	1	1	100	100	1	0	null	missing	1	psn	magoberry	0	-1	99	0	1	boost:atk=1:undefined:undefined:undefined:false:false	undefined	false	0	0	0	1	2
thermalexchange	onDamagingHit	943	6	1	70	Ghost	1	1	1	0	0	-1	8192	greninjaash	0	1	1	1	0	1	1	0	0	160	1	1	false	Ability	1	psn	iapapaberry	1	-1	0	1	1		undefined	undefined	8192	8192	8192	1	2
thermalexchange	onDamagingHit	944	0	1	61	Water	0	0	1	20	100	-1	2048	pikachu	1	0	1	0	1	1	0	0	100	160	1	1	undefined	Ability	0	psn	sitrusberry	2	1	-1	1	0		undefined	undefined	2048	2048	2048	1	0
thermalexchange	onDamagingHit	945	0	0	0	Normal	1	1	1	10	100	0	16384	greninjaash	0	1	1	1	1	0	0	1	100	100	0	1	undefined	Ability	1	psn	magoberry	1	-1	-1	1	1		undefined	false	16384	16384	16384	0	2
thermalexchange	onDamagingHit	946	0	0	0	Normal	1	0	1	20	0	0	2048	greninjaash	1	1	1	1	0	-1	0	2	60	160	1	0	false	missing	1	psn	iapapaberry	1	-1	1	1	1		undefined	false	2048	2048	2048	-1	0
thermalexchange	onDamagingHit	947	1	6	60	Water	1	1	1	10	20	0	16384	greninjaash	1	0	0	1	1	6	1	1	60	100	1	1	false	missing	0	brn	leftovers	1	0	0	0	0		undefined	false	16384	16384	16384	6	2
thermalexchange	onDamagingHit	948	0	1	0	Bug	0	1	1	20	100	-1	8192	greninjaash	0	1	0	1	0	-1	0	2	100	100	1	1	undefined	Move	1	brn	iapapaberry	0	-1	99	0	0		undefined	undefined	8192	8192	8192	-1	2
thermalexchange	onDamagingHit	949	1	1	0	Fire	1	1	1	100	100	0	24576	greninjaash	1	0	0	1	1	1	0	1	100	0	0	0	null	missing	0	psn	wikiberry	0	0	-1	1	0	boost:atk=1:undefined:undefined:undefined:false:false	undefined	false	24576	24576	24576	1	2
thermalexchange	onDamagingHit	950	6	6	70	Bug	0	1	0	20	-1	0	8192	greninjaash	1	0	1	0	0	6	1	2	60	0	1	0	false	missing	0	brn	magoberry	2	0	0	1	1		undefined	false	8192	8192	8192	6	2
thermalexchange	onDamagingHit	951	-1	6	61	Ghost	0	1	0	100	20	1	8	greninjaash	1	1	0	0	1	0	1	0	0	0	0	1	undefined	Ability	1	brn	wikiberry	2	-1	1	1	0		undefined	true	8	8	8	0	2
thermalexchange	onDamagingHit	952	0	0	60	Normal	1	1	0	100	-1	0	16384	pikachu	0	0	0	1	1	-1	1	2	0	0	1	0	null	missing	1	brn	iapapaberry	0	0	99	1	1		undefined	false	16384	16384	16384	-1	2
thermalexchange	onDamagingHit	953	0	6	60	Dark	0	0	1	10	-1	1	24576	pikachu	1	0	0	1	1	0	1	2	100	100	1	1	undefined	Ability	0	brn	figyberry	0	-1	0	1	1		undefined	true	24576	24576	24576	0	0
thermalexchange	onDamagingHit	954	-1	6	61	Ghost	1	1	0	0	20	-1	8192	pikachu	1	1	0	1	1	6	0	1	100	160	1	0	null	Ability	0	brn	iapapaberry	2	-1	1	0	1		undefined	undefined	8192	8192	8192	6	2
thermalexchange	onDamagingHit	955	0	1	40	Dark	1	1	0	10	20	1	2048	greninjabond	1	0	0	0	0	-1	1	1	0	160	0	0	false	Ability	1	brn	sitrusberry	1	0	99	0	1		undefined	true	2048	2048	2048	-1	2
thermalexchange	onDamagingHit	956	-1	6	40	Normal	1	0	0	10	100	1	24576	greninjabond	1	0	1	0	0	-1	0	0	100	100	1	0	true	missing	1	brn	sitrusberry	0	0	-1	0	1		undefined	true	24576	24576	24576	-1	0
thermalexchange	onDamagingHit	957	6	0	61	Normal	0	0	1	0	20	0	2048	greninjaash	1	1	0	1	1	-1	1	2	100	160	0	0	0	Move	1	brn	sitrusberry	1	0	-1	1	0		undefined	false	2048	2048	2048	-1	0
thermalexchange	onDamagingHit	958	-1	1	70	Fire	0	0	0	20	-1	0	16384	greninjabond	0	1	1	0	1	6	0	1	60	0	0	0	null	missing	0	psn	iapapaberry	2	-1	99	0	0	boost:atk=1:undefined:undefined:undefined:false:false	undefined	false	16384	16384	16384	6	0
thermalexchange	onDamagingHit	959	0	0	60	Fire	0	1	1	10	-1	1	8192	greninjabond	1	1	0	1	1	-1	1	0	0	160	1	0	false	Ability	1	brn	figyberry	1	1	1	0	1	boost:atk=1:undefined:undefined:undefined:false:false	undefined	true	8192	8192	8192	-1	2
thermalexchange	onDamagingHit	960	0	1	61	Normal	0	1	0	0	100	1	24576	pikachu	1	1	1	0	1	0	1	0	0	0	0	1	true	Move	1	brn	iapapaberry	0	-1	1	0	1		undefined	true	24576	24576	24576	0	2
thermalexchange	onDamagingHit	961	0	6	61	Bug	1	1	0	10	100	1	16384	pikachu	1	0	0	0	1	0	0	0	0	0	1	0	undefined	missing	0	brn	aguavberry	0	1	99	0	1		undefined	true	16384	16384	16384	0	2
thermalexchange	onDamagingHit	962	6	1	40	Normal	1	1	0	20	100	1	16384	greninjabond	1	0	0	1	0	0	1	2	60	100	1	0	undefined	Move	0	psn	sitrusberry	0	1	1	0	0		undefined	true	16384	16384	16384	0	2
thermalexchange	onDamagingHit	963	-1	6	40	Dark	0	1	1	20	100	0	24576	pikachu	0	0	1	0	0	0	0	0	60	160	1	1	null	missing	1	psn	magoberry	2	1	1	1	0		undefined	false	24576	24576	24576	0	2
thermalexchange	onDamagingHit	964	1	6	40	Water	0	0	0	0	100	1	24576	greninjabond	0	0	0	1	0	6	1	0	60	0	0	1	false	missing	0	brn	wikiberry	0	-1	0	0	1		undefined	true	24576	24576	24576	6	0
thermalexchange	onDamagingHit	965	0	6	40	Normal	1	1	1	20	20	-1	8192	pikachu	0	1	0	1	1	1	0	0	0	160	0	1	false	missing	1	brn	sitrusberry	0	-1	99	1	0		undefined	undefined	8192	8192	8192	1	2
thermalexchange	onDamagingHit	966	0	6	0	Bug	1	0	1	20	0	0	0	greninjabond	0	1	0	0	0	-1	1	2	60	100	0	0	undefined	missing	1	brn	leftovers	1	1	0	0	1		undefined	false	0	0	0	-1	0
thermalexchange	onDamagingHit	967	0	6	61	Bug	0	1	0	0	0	-1	8192	greninjaash	1	1	1	1	0	6	1	2	60	0	0	0	null	missing	1	psn	magoberry	1	0	99	1	0		undefined	undefined	8192	8192	8192	6	2
thermalexchange	onDamagingHit	968	0	0	0	Dark	0	0	1	10	-1	-1	8192	greninjaash	0	1	0	1	0	6	1	1	0	0	1	0	0	Move	1	brn	aguavberry	1	0	1	0	0		undefined	undefined	8192	8192	8192	6	0
thermalexchange	onDamagingHit	969	0	0	40	Water	0	0	0	0	0	0	16384	greninjabond	0	1	0	0	0	0	1	1	0	160	1	0	false	Move	1	psn	magoberry	0	0	-1	0	1		undefined	false	16384	16384	16384	0	0
thermalexchange	onDamagingHit	970	1	6	60	Ghost	1	0	0	0	0	-1	16384	greninjabond	1	0	0	1	0	-1	0	1	0	100	0	0	false	Move	1	brn	figyberry	2	1	1	1	0		undefined	undefined	16384	16384	16384	-1	0
thermalexchange	onDamagingHit	971	1	6	61	Bug	0	1	0	100	0	1	24576	greninjaash	0	0	0	1	1	1	0	2	0	160	0	1	0	Ability	1	psn	wikiberry	1	0	-1	0	1		undefined	true	24576	24576	24576	1	2
thermalexchange	onDamagingHit	972	-1	0	0	Water	0	1	1	100	100	0	2048	pikachu	1	1	0	0	0	6	1	0	60	160	1	0	false	Ability	0	brn	wikiberry	1	1	99	0	1		undefined	false	2048	2048	2048	6	2
thermalexchange	onDamagingHit	973	6	0	70	Dark	1	0	1	100	20	0	24576	greninjabond	1	0	1	0	1	-1	1	2	100	100	1	1	undefined	Move	0	psn	wikiberry	1	1	99	0	0		undefined	false	24576	24576	24576	-1	0
thermalexchange	onDamagingHit	974	1	0	70	Fire	1	0	1	20	100	-1	24576	pikachu	0	0	0	0	0	0	1	0	0	160	0	0	0	missing	0	psn	wikiberry	0	0	99	1	1	boost:atk=1:undefined:undefined:undefined:false:false	undefined	undefined	24576	24576	24576	0	0
thermalexchange	onDamagingHit	975	1	6	40	Water	1	1	1	20	20	1	8192	greninjaash	0	0	0	0	1	1	1	1	60	100	0	1	true	Ability	1	psn	sitrusberry	0	0	99	0	1		undefined	true	8192	8192	8192	1	2
thermalexchange	onDamagingHit	976	1	0	61	Ghost	1	1	0	20	0	0	24576	pikachu	1	0	0	1	0	-1	1	2	100	0	0	1	null	Move	0	brn	magoberry	2	-1	0	0	0		undefined	false	24576	24576	24576	-1	2
thermalexchange	onDamagingHit	977	-1	0	60	Ghost	0	1	0	0	20	-1	8	greninjaash	1	0	0	1	0	0	0	2	60	160	1	1	true	Ability	0	psn	magoberry	1	1	1	0	1		undefined	undefined	8	8	8	0	2
thermalexchange	onDamagingHit	978	1	0	61	Bug	1	0	1	20	-1	0	8192	greninjaash	0	0	1	1	1	1	0	1	0	0	0	0	false	Ability	0	psn	figyberry	1	-1	1	0	1		undefined	false	8192	8192	8192	1	0
thermalexchange	onDamagingHit	979	0	1	0	Water	0	1	1	100	0	-1	24576	pikachu	0	0	1	1	0	6	0	2	0	0	0	0	false	Ability	1	brn	magoberry	1	1	99	0	0		undefined	undefined	24576	24576	24576	6	2
thermalexchange	onDamagingHit	980	1	0	40	Water	1	1	0	20	100	-1	16384	pikachu	0	0	1	0	0	6	1	2	100	100	1	1	true	Move	0	brn	iapapaberry	2	0	-1	1	0		undefined	undefined	16384	16384	16384	6	2
thermalexchange	onDamagingHit	981	0	0	0	Ghost	0	1	0	10	-1	1	2048	pikachu	1	1	1	0	0	1	0	0	60	0	1	1	0	Ability	1	psn	leftovers	1	1	1	0	0		undefined	true	2048	2048	2048	1	2
thermalexchange	onDamagingHit	982	-1	1	70	Bug	1	1	1	20	20	-1	0	greninjaash	0	0	0	0	1	0	0	2	100	0	1	0	false	Move	0	brn	sitrusberry	1	1	1	0	0		undefined	undefined	0	0	0	0	2
thermalexchange	onDamagingHit	983	6	0	0	Dark	1	0	1	10	-1	-1	24576	pikachu	0	0	1	0	0	0	0	0	60	160	1	0	undefined	missing	0	psn	iapapaberry	0	-1	-1	0	1		undefined	undefined	24576	24576	24576	0	0
thermalexchange	onDamagingHit	984	1	1	61	Ghost	0	1	1	100	20	0	16384	pikachu	1	0	1	0	0	1	0	2	0	0	0	0	null	Move	0	brn	iapapaberry	2	1	-1	0	1		undefined	false	16384	16384	16384	1	2
thermalexchange	onDamagingHit	985	-1	1	70	Dark	1	0	0	100	0	-1	16384	greninjaash	1	1	0	1	0	0	0	2	100	0	1	1	true	Ability	1	brn	sitrusberry	2	1	-1	1	1		undefined	undefined	16384	16384	16384	0	0
thermalexchange	onDamagingHit	986	0	0	40	Ghost	0	1	1	0	20	-1	0	greninjaash	0	1	1	1	0	0	1	2	0	0	0	0	true	Ability	0	brn	magoberry	2	-1	1	1	1		undefined	undefined	0	0	0	0	2
thermalexchange	onDamagingHit	987	-1	6	0	Ghost	1	1	1	0	-1	1	8	greninjabond	1	0	0	0	0	-1	0	2	100	100	1	0	0	Move	1	brn	aguavberry	1	1	1	1	0		undefined	true	8	8	8	-1	2
thermalexchange	onDamagingHit	988	-1	0	40	Bug	0	0	0	10	100	1	2048	greninjaash	0	0	0	1	1	1	1	1	60	0	0	0	0	missing	1	brn	figyberry	0	-1	0	1	0		undefined	true	2048	2048	2048	1	0
thermalexchange	onDamagingHit	989	1	0	70	Normal	1	0	0	100	-1	-1	8192	pikachu	0	0	1	1	0	-1	0	0	100	100	1	0	null	Ability	0	brn	leftovers	1	1	1	0	0		undefined	undefined	8192	8192	8192	-1	0
thermalexchange	onDamagingHit	990	0	0	60	Fire	1	1	0	20	-1	-1	0	greninjaash	0	1	1	1	0	1	1	0	60	160	1	1	false	Move	1	psn	sitrusberry	0	-1	-1	1	0	boost:atk=1:undefined:undefined:undefined:false:false	undefined	undefined	0	0	0	1	2
thermalexchange	onDamagingHit	991	-1	1	60	Dark	1	0	0	0	0	0	0	pikachu	0	0	0	1	0	0	0	1	60	160	0	0	0	Ability	0	brn	wikiberry	2	0	-1	1	0		undefined	false	0	0	0	0	0
thermalexchange	onDamagingHit	992	1	0	60	Fire	1	0	1	0	0	-1	16384	greninjabond	0	1	0	1	0	6	0	2	0	0	1	1	0	Ability	0	brn	figyberry	2	-1	99	0	1	boost:atk=1:undefined:undefined:undefined:false:false	undefined	undefined	16384	16384	16384	6	0
thermalexchange	onDamagingHit	993	-1	0	40	Bug	0	1	0	100	-1	-1	8192	greninjabond	0	0	1	1	1	0	1	2	0	100	0	0	undefined	missing	0	psn	magoberry	1	-1	0	1	1		undefined	undefined	8192	8192	8192	0	2
thermalexchange	onDamagingHit	994	-1	0	61	Water	0	1	1	20	100	0	16384	greninjabond	0	1	1	1	1	6	0	0	60	160	1	0	false	Ability	1	psn	aguavberry	0	1	1	0	0		undefined	false	16384	16384	16384	6	2
thermalexchange	onDamagingHit	995	1	1	0	Ghost	1	1	0	0	20	0	8	greninjaash	1	0	1	1	1	1	0	0	0	160	0	1	0	Move	1	psn	aguavberry	1	-1	-1	0	1		undefined	false	8	8	8	1	2
thermalexchange	onDamagingHit	996	6	1	0	Normal	1	0	1	0	0	0	24576	pikachu	1	1	0	0	1	1	0	2	100	100	1	1	null	Ability	1	brn	figyberry	2	0	1	1	1		undefined	false	24576	24576	24576	1	0
thermalexchange	onDamagingHit	997	-1	6	40	Fire	1	1	0	0	-1	-1	0	greninjaash	1	1	1	1	0	1	1	2	60	0	1	0	undefined	Move	1	brn	aguavberry	1	0	0	1	1	boost:atk=1:undefined:undefined:undefined:false:false	undefined	undefined	0	0	0	1	2
thermalexchange	onDamagingHit	998	1	0	0	Normal	1	0	0	100	-1	0	24576	greninjaash	0	1	1	1	1	1	0	1	60	0	1	1	null	Ability	0	brn	sitrusberry	2	-1	1	0	1		undefined	false	24576	24576	24576	1	0
thermalexchange	onDamagingHit	999	-1	0	61	Water	1	0	1	20	100	1	2048	greninjaash	1	0	0	1	1	-1	0	2	100	0	1	1	false	Ability	0	brn	wikiberry	2	-1	0	0	1		undefined	true	2048	2048	2048	-1	0
thermalexchange	onDamagingHit	1000	1	6	61	Ghost	0	0	0	10	20	1	16384	greninjabond	1	1	0	0	0	0	0	1	0	160	0	0	undefined	Ability	1	brn	leftovers	1	1	1	1	1		undefined	true	16384	16384	16384	0	0
thermalexchange	onDamagingHit	1001	6	1	40	Normal	0	0	1	20	100	-1	2048	greninjaash	1	1	1	0	1	0	0	0	60	100	0	0	true	missing	1	psn	wikiberry	2	-1	99	1	1		undefined	undefined	2048	2048	2048	0	0
thermalexchange	onDamagingHit	1002	6	1	60	Ghost	0	0	0	0	-1	-1	24576	greninjaash	0	0	0	1	0	1	0	2	0	160	1	0	null	Move	0	brn	leftovers	0	1	1	1	1		undefined	undefined	24576	24576	24576	1	0
thermalexchange	onDamagingHit	1003	0	1	61	Fire	1	1	1	10	20	1	24576	pikachu	1	0	1	1	0	6	1	1	60	0	1	1	false	Ability	0	psn	figyberry	1	1	99	0	0	boost:atk=1:undefined:undefined:undefined:false:false	undefined	true	24576	24576	24576	6	2
thermalexchange	onDamagingHit	1004	0	1	0	Bug	0	1	0	100	0	-1	8192	pikachu	0	1	1	1	1	0	0	0	0	160	1	0	true	missing	1	brn	aguavberry	0	0	99	1	1		undefined	undefined	8192	8192	8192	0	2
thermalexchange	onDamagingHit	1005	1	0	61	Fire	0	0	0	20	0	-1	8192	pikachu	1	0	1	0	1	0	0	1	100	0	1	1	0	missing	1	psn	sitrusberry	1	0	0	1	1	boost:atk=1:undefined:undefined:undefined:false:false	undefined	undefined	8192	8192	8192	0	0
thermalexchange	onDamagingHit	1006	6	1	61	Dark	0	0	0	100	0	-1	16384	pikachu	1	1	1	1	0	6	0	0	60	0	1	1	undefined	Ability	1	psn	wikiberry	0	-1	-1	0	1		undefined	undefined	16384	16384	16384	6	0
thermalexchange	onDamagingHit	1007	0	0	0	Normal	0	0	0	10	-1	-1	2048	greninjabond	1	0	1	0	0	6	0	1	60	160	0	1	null	Move	0	psn	iapapaberry	1	-1	0	0	0		undefined	undefined	2048	2048	2048	6	0
thermalexchange	onDamagingHit	1008	1	6	40	Ghost	0	1	1	20	0	-1	24576	greninjaash	0	0	1	1	1	6	1	2	60	0	0	1	null	missing	1	brn	iapapaberry	1	-1	0	1	0		undefined	undefined	24576	24576	24576	6	2
thermalexchange	onDamagingHit	1009	6	0	60	Dark	1	1	1	20	-1	0	8192	pikachu	1	0	1	0	1	0	1	2	0	100	0	1	undefined	missing	1	brn	figyberry	2	1	-1	0	1		undefined	false	8192	8192	8192	0	2
thermalexchange	onDamagingHit	1010	1	0	60	Normal	0	0	0	20	20	1	0	greninjaash	0	0	0	1	1	0	1	2	100	0	1	0	false	Move	0	psn	figyberry	1	0	1	1	1		undefined	true	0	0	0	0	0
thermalexchange	onDamagingHit	1011	-1	6	61	Bug	1	1	0	10	100	1	0	greninjabond	0	0	0	0	0	-1	1	2	60	160	0	0	0	Ability	0	psn	leftovers	2	-1	0	1	1		undefined	true	0	0	0	-1	2
thermalexchange	onDamagingHit	1012	6	0	70	Normal	0	0	0	20	0	0	24576	greninjaash	1	0	0	0	1	0	0	1	60	160	0	1	null	Ability	0	brn	sitrusberry	0	0	-1	1	0		undefined	false	24576	24576	24576	0	0
thermalexchange	onDamagingHit	1013	6	0	70	Water	1	1	0	100	0	0	24576	greninjaash	0	1	1	0	1	6	1	1	60	100	0	1	undefined	missing	0	brn	magoberry	1	0	0	1	1		undefined	false	24576	24576	24576	6	2
thermalexchange	onDamagingHit	1014	-1	1	61	Ghost	0	1	0	100	100	1	24576	pikachu	1	0	0	1	0	6	1	0	60	0	0	1	0	missing	1	brn	wikiberry	1	1	1	1	0		undefined	true	24576	24576	24576	6	2
thermalexchange	onDamagingHit	1015	1	0	40	Fire	0	0	1	100	0	-1	2048	greninjabond	1	0	0	0	0	1	0	2	100	100	0	0	true	Ability	0	psn	wikiberry	2	1	1	1	1	boost:atk=1:undefined:undefined:undefined:false:false	undefined	undefined	2048	2048	2048	1	0
thermalexchange	onDamagingHit	1016	6	6	40	Dark	1	1	1	100	100	1	8192	greninjabond	1	1	0	0	1	-1	1	0	60	100	1	0	0	Ability	1	brn	sitrusberry	0	1	-1	1	0		undefined	true	8192	8192	8192	-1	2
thermalexchange	onDamagingHit	1017	6	6	70	Fire	0	0	1	10	20	-1	8192	pikachu	0	1	1	1	0	0	0	1	60	160	0	1	false	Move	0	brn	iapapaberry	1	-1	1	0	1	boost:atk=1:undefined:undefined:undefined:false:false	undefined	undefined	8192	8192	8192	0	0
thermalexchange	onDamagingHit	1018	0	0	60	Bug	0	0	0	0	100	-1	2048	pikachu	0	1	0	1	1	6	0	0	60	160	1	0	0	missing	1	brn	aguavberry	0	1	1	0	0		undefined	undefined	2048	2048	2048	6	0
thermalexchange	onDamagingHit	1019	1	6	61	Bug	0	1	1	20	0	1	2048	greninjabond	0	0	1	0	1	0	1	2	60	100	0	1	false	Ability	0	brn	iapapaberry	0	0	-1	0	0		undefined	true	2048	2048	2048	0	2
thermalexchange	onDamagingHit	1020	0	0	60	Water	1	0	1	10	0	-1	16384	pikachu	0	0	0	1	1	-1	1	0	0	100	1	0	null	missing	0	psn	sitrusberry	1	0	0	1	0		undefined	undefined	16384	16384	16384	-1	0
thermalexchange	onDamagingHit	1021	0	1	60	Water	0	0	1	10	0	0	0	greninjaash	1	0	0	0	1	0	0	2	0	100	0	0	false	Move	1	brn	figyberry	0	1	-1	0	1		undefined	false	0	0	0	0	0
thermalexchange	onDamagingHit	1022	1	0	0	Bug	0	1	1	100	20	0	8	greninjaash	1	0	0	1	1	-1	0	0	60	100	0	1	null	Ability	0	psn	iapapaberry	2	0	-1	0	0		undefined	false	8	8	8	-1	2
thermalexchange	onDamagingHit	1023	1	0	40	Dark	0	0	1	20	100	0	0	pikachu	0	0	1	1	1	0	1	1	100	0	1	0	true	Ability	1	brn	sitrusberry	1	1	99	0	0		undefined	false	0	0	0	0	0
thermalexchange	onDamagingHit	1024	6	1	40	Fire	0	0	0	0	-1	1	24576	greninjabond	0	1	0	1	1	1	1	1	100	0	0	1	undefined	Move	0	brn	magoberry	2	-1	99	1	1	boost:atk=1:undefined:undefined:undefined:false:false	undefined	true	24576	24576	24576	1	0
thermalexchange	onDamagingHit	1025	1	1	61	Normal	0	1	1	10	0	-1	0	greninjaash	1	0	1	1	0	0	1	2	0	0	0	1	false	Move	1	psn	iapapaberry	0	-1	99	0	1		undefined	undefined	0	0	0	0	2
thermalexchange	onDamagingHit	1026	0	6	61	Fire	1	1	0	20	0	1	8	greninjabond	1	1	1	1	0	1	0	1	0	0	0	0	null	Ability	0	psn	figyberry	2	-1	1	1	0	boost:atk=1:undefined:undefined:undefined:false:false	undefined	true	8	8	8	1	2
thermalexchange	onDamagingHit	1027	0	6	40	Ghost	0	1	1	100	0	0	0	pikachu	0	0	0	1	0	1	1	1	100	0	1	1	null	Move	0	brn	magoberry	2	1	1	0	1		undefined	false	0	0	0	1	2
thermalexchange	onDamagingHit	1028	6	6	40	Fire	0	1	0	0	0	0	16384	greninjabond	0	1	1	0	1	-1	1	2	60	160	0	1	undefined	Move	0	psn	magoberry	0	1	1	0	0	boost:atk=1:undefined:undefined:undefined:false:false	undefined	false	16384	16384	16384	-1	2
thermalexchange	onDamagingHit	1029	6	0	0	Fire	0	0	1	20	0	-1	24576	greninjaash	0	1	0	1	0	6	0	1	60	100	0	0	undefined	Ability	0	psn	figyberry	2	1	-1	0	1	boost:atk=1:undefined:undefined:undefined:false:false	undefined	undefined	24576	24576	24576	6	0
thermalexchange	onDamagingHit	1030	6	6	61	Fire	0	0	1	100	-1	1	16384	greninjaash	1	1	0	1	0	-1	0	0	0	0	0	1	0	Move	1	brn	sitrusberry	2	0	1	1	1	boost:atk=1:undefined:undefined:undefined:false:false	undefined	true	16384	16384	16384	-1	0
thermalexchange	onDamagingHit	1031	6	6	70	Dark	1	0	0	0	-1	0	8192	greninjaash	0	0	0	0	0	-1	1	1	0	160	0	1	true	Move	1	brn	sitrusberry	2	1	99	0	1		undefined	false	8192	8192	8192	-1	0
thermalexchange	onDamagingHit	1032	6	0	0	Dark	1	0	1	10	100	1	16384	greninjabond	0	0	1	0	1	6	0	1	0	0	0	0	undefined	Ability	0	brn	sitrusberry	1	0	1	1	1		undefined	true	16384	16384	16384	6	0
thermalexchange	onDamagingHit	1033	1	1	61	Fire	1	1	1	10	20	-1	24576	greninjabond	1	1	1	0	0	0	1	1	60	100	1	0	undefined	missing	0	psn	magoberry	2	1	0	1	1	boost:atk=1:undefined:undefined:undefined:false:false	undefined	undefined	24576	24576	24576	0	2
thermalexchange	onDamagingHit	1034	-1	1	60	Bug	1	1	1	0	-1	0	0	pikachu	1	1	1	1	1	-1	1	1	60	100	0	0	null	Move	0	brn	leftovers	1	1	1	0	1		undefined	false	0	0	0	-1	2
thermalexchange	onDamagingHit	1035	-1	6	40	Ghost	0	1	0	100	-1	0	2048	greninjabond	1	0	1	1	0	6	1	2	60	100	0	0	null	missing	0	psn	figyberry	0	-1	0	1	0		undefined	false	2048	2048	2048	6	2
thermalexchange	onDamagingHit	1036	0	0	60	Fire	1	1	1	100	-1	0	2048	greninjabond	1	0	0	1	0	-1	1	1	60	100	0	1	false	missing	0	psn	sitrusberry	2	0	99	0	1	boost:atk=1:undefined:undefined:undefined:false:false	undefined	false	2048	2048	2048	-1	2
thermalexchange	onDamagingHit	1037	-1	6	0	Ghost	1	1	1	0	100	0	2048	greninjabond	0	0	0	1	0	0	1	0	100	160	0	1	false	Move	1	psn	iapapaberry	2	-1	99	0	1		undefined	false	2048	2048	2048	0	2
thermalexchange	onDamagingHit	1038	-1	0	70	Water	0	0	1	100	-1	-1	24576	greninjaash	1	1	1	1	1	0	1	1	0	100	1	1	0	missing	1	psn	iapapaberry	2	1	-1	0	0		undefined	undefined	24576	24576	24576	0	0
thermalexchange	onDamagingHit	1039	-1	0	70	Bug	1	0	1	100	0	0	8192	greninjaash	0	0	1	0	0	6	1	1	0	100	1	1	undefined	missing	1	psn	leftovers	1	0	-1	1	0		undefined	false	8192	8192	8192	6	0
thermalexchange	onDamagingHit	1040	6	6	40	Fire	0	1	1	20	-1	0	16384	pikachu	1	0	0	1	1	0	0	2	60	100	1	0	0	missing	0	brn	iapapaberry	0	0	0	1	0	boost:atk=1:undefined:undefined:undefined:false:false	undefined	false	16384	16384	16384	0	2
thermalexchange	onDamagingHit	1041	1	6	61	Dark	0	0	0	0	0	-1	16384	pikachu	0	0	0	0	1	0	0	1	60	0	1	0	false	missing	1	brn	iapapaberry	2	0	99	1	1		undefined	undefined	16384	16384	16384	0	0
thermalexchange	onDamagingHit	1042	6	1	61	Ghost	1	0	1	20	100	-1	2048	greninjabond	1	0	1	1	0	6	0	2	100	0	0	0	true	Move	1	psn	figyberry	1	0	1	1	1		undefined	undefined	2048	2048	2048	6	0
thermalexchange	onDamagingHit	1043	1	6	70	Normal	1	0	1	0	20	-1	0	pikachu	1	1	1	0	1	-1	1	1	0	100	1	0	null	Move	1	psn	sitrusberry	2	-1	-1	0	1		undefined	undefined	0	0	0	-1	0
thermalexchange	onDamagingHit	1044	-1	1	40	Ghost	0	0	1	100	-1	1	0	greninjaash	0	0	1	0	0	6	0	1	60	160	1	0	undefined	missing	1	psn	leftovers	1	-1	-1	0	1		undefined	true	0	0	0	6	0
thermalexchange	onDamagingHit	1045	1	0	60	Normal	0	0	1	10	100	1	24576	pikachu	1	1	0	0	0	6	0	2	0	0	0	1	0	Ability	1	brn	wikiberry	2	0	99	1	1		undefined	true	24576	24576	24576	6	0
thermalexchange	onDamagingHit	1046	0	1	70	Dark	1	0	0	100	0	1	8	greninjaash	0	0	1	1	0	1	0	0	60	160	1	1	undefined	missing	0	brn	iapapaberry	2	1	1	1	0		undefined	true	8	8	8	1	0
thermalexchange	onDamagingHit	1047	-1	0	61	Water	1	0	0	10	100	1	24576	greninjabond	1	0	1	1	1	1	1	0	60	160	0	0	false	Move	1	psn	magoberry	2	-1	-1	0	1		undefined	true	24576	24576	24576	1	0
thermalexchange	onDamagingHit	1048	6	0	61	Fire	1	0	0	0	100	-1	16384	pikachu	0	1	0	0	1	1	0	2	60	160	0	1	null	Ability	0	brn	aguavberry	1	0	-1	0	0	boost:atk=1:undefined:undefined:undefined:false:false	undefined	undefined	16384	16384	16384	1	0
thermalexchange	onDamagingHit	1049	0	6	70	Bug	0	1	0	0	-1	1	24576	greninjaash	1	1	0	0	1	0	1	0	60	0	1	1	null	missing	1	psn	sitrusberry	0	-1	-1	1	1		undefined	true	24576	24576	24576	0	2
thermalexchange	onDamagingHit	1050	1	6	0	Bug	1	0	1	0	0	0	8192	pikachu	1	0	0	1	1	0	0	0	60	160	1	1	false	Ability	0	brn	leftovers	2	0	99	1	0		undefined	false	8192	8192	8192	0	0
thermalexchange	onDamagingHit	1051	0	6	0	Water	1	0	0	0	100	0	24576	pikachu	1	1	0	1	0	0	0	2	60	100	0	1	false	Move	1	brn	wikiberry	0	-1	1	1	0		undefined	false	24576	24576	24576	0	0
thermalexchange	onDamagingHit	1052	1	1	60	Ghost	0	0	0	20	-1	-1	8	greninjabond	1	1	1	1	0	6	0	0	100	100	0	1	null	missing	1	psn	iapapaberry	0	0	0	0	0		undefined	undefined	8	8	8	6	0
thermalexchange	onDamagingHit	1053	-1	1	40	Water	0	1	1	100	100	-1	8	pikachu	0	0	0	0	1	0	1	0	60	0	1	1	null	Ability	0	brn	figyberry	0	0	1	1	1		undefined	undefined	8	8	8	0	2
thermalexchange	onDamagingHit	1054	1	1	61	Water	1	1	0	100	100	1	16384	greninjabond	0	0	1	1	1	1	0	0	100	160	1	1	true	Ability	1	psn	aguavberry	1	1	-1	1	1		undefined	true	16384	16384	16384	1	2
thermalexchange	onDamagingHit	1055	0	0	0	Ghost	0	0	1	0	-1	1	8192	greninjaash	1	0	0	1	0	0	1	0	60	160	1	1	true	missing	1	psn	sitrusberry	0	1	0	0	0		undefined	true	8192	8192	8192	0	0
thermalexchange	onDamagingHit	1056	6	0	70	Dark	1	0	1	10	20	-1	16384	greninjabond	1	1	1	1	0	-1	1	1	0	0	0	0	0	missing	1	brn	sitrusberry	1	0	99	0	0		undefined	undefined	16384	16384	16384	-1	0
thermalexchange	onDamagingHit	1057	0	0	40	Water	1	0	0	100	100	-1	8192	greninjaash	1	0	0	1	1	0	0	1	60	100	1	1	0	Move	0	psn	magoberry	2	0	1	0	1		undefined	undefined	8192	8192	8192	0	0
thermalexchange	onDamagingHit	1058	0	0	61	Fire	1	1	0	100	-1	1	0	greninjabond	1	1	0	0	1	-1	1	1	100	0	1	1	true	missing	1	psn	aguavberry	2	-1	99	0	1	boost:atk=1:undefined:undefined:undefined:false:false	undefined	true	0	0	0	-1	2
thermalexchange	onDamagingHit	1059	-1	1	70	Water	1	0	1	10	100	-1	8192	greninjabond	1	1	1	1	1	1	0	2	100	0	0	1	false	Ability	1	brn	iapapaberry	0	-1	0	1	1		undefined	undefined	8192	8192	8192	1	0
thermalexchange	onDamagingHit	1060	-1	1	0	Dark	1	1	1	10	-1	-1	24576	greninjaash	0	1	0	0	0	1	0	0	0	100	0	0	undefined	Ability	1	psn	aguavberry	1	0	1	0	0		undefined	undefined	24576	24576	24576	1	2
thermalexchange	onDamagingHit	1061	0	0	0	Ghost	1	0	0	10	20	0	0	greninjabond	0	1	1	1	1	6	0	1	100	160	1	0	0	Move	1	psn	aguavberry	0	1	1	1	1		undefined	false	0	0	0	6	0
thermalexchange	onDamagingHit	1062	6	1	70	Fire	1	1	0	100	20	1	8192	greninjabond	0	1	0	1	1	6	1	2	60	0	0	1	true	Move	1	brn	wikiberry	0	0	1	0	1	boost:atk=1:undefined:undefined:undefined:false:false	undefined	true	8192	8192	8192	6	2
thermalexchange	onDamagingHit	1063	1	6	61	Dark	0	0	0	100	0	1	24576	pikachu	1	0	1	0	0	-1	1	1	100	160	1	1	null	Move	0	brn	sitrusberry	0	1	0	1	1		undefined	true	24576	24576	24576	-1	0
thermalexchange	onDamagingHit	1064	-1	1	60	Dark	0	1	1	20	0	-1	24576	greninjabond	0	0	0	0	0	1	1	1	60	100	1	1	0	Move	1	brn	aguavberry	2	-1	1	0	1		undefined	undefined	24576	24576	24576	1	2
thermalexchange	onDamagingHit	1065	0	1	60	Ghost	0	1	0	100	-1	0	0	greninjabond	0	1	0	1	0	0	1	2	100	100	1	0	0	missing	1	brn	figyberry	1	-1	99	0	0		undefined	false	0	0	0	0	2
thermalexchange	onDamagingHit	1066	0	0	60	Bug	1	1	0	10	20	0	24576	greninjaash	0	1	0	0	0	6	0	0	100	0	1	1	false	missing	1	psn	iapapaberry	2	-1	99	1	1		undefined	false	24576	24576	24576	6	2
thermalexchange	onDamagingHit	1067	6	1	0	Dark	0	0	1	10	0	-1	24576	greninjabond	0	1	0	0	1	6	0	2	100	100	1	0	undefined	missing	1	psn	magoberry	1	1	99	0	0		undefined	undefined	24576	24576	24576	6	0
thermalexchange	onDamagingHit	1068	1	6	61	Fire	0	1	1	0	-1	1	24576	greninjaash	0	0	1	1	0	1	1	0	0	160	1	1	0	missing	0	psn	leftovers	0	1	99	1	1	boost:atk=1:undefined:undefined:undefined:false:false	undefined	true	24576	24576	24576	1	2
thermalexchange	onDamagingHit	1069	6	6	0	Bug	0	1	0	20	20	-1	8192	pikachu	1	0	1	1	1	0	1	2	0	160	1	0	true	Ability	0	psn	figyberry	1	-1	0	0	1		undefined	undefined	8192	8192	8192	0	2
thermalexchange	onDamagingHit	1070	0	1	70	Bug	1	0	1	100	-1	1	24576	greninjabond	0	1	0	1	0	6	0	2	60	160	0	1	0	Move	0	brn	magoberry	2	-1	-1	1	0		undefined	true	24576	24576	24576	6	0
thermalexchange	onDamagingHit	1071	1	6	60	Bug	0	0	0	10	100	0	16384	greninjabond	1	0	0	0	1	6	0	0	60	100	0	0	true	Ability	0	brn	wikiberry	2	0	1	0	0		undefined	false	16384	16384	16384	6	0
thermalexchange	onDamagingHit	1072	-1	6	60	Fire	1	1	0	100	20	-1	8192	greninjaash	0	1	0	1	0	6	1	2	60	160	0	0	false	Ability	1	brn	iapapaberry	0	1	0	0	1	boost:atk=1:undefined:undefined:undefined:false:false	undefined	undefined	8192	8192	8192	6	2
thermalexchange	onDamagingHit	1073	-1	1	61	Dark	0	0	0	20	20	1	24576	pikachu	1	0	0	0	0	1	1	2	60	160	1	0	null	Move	0	brn	sitrusberry	2	-1	0	0	0		undefined	true	24576	24576	24576	1	0
thermalexchange	onDamagingHit	1074	-1	0	61	Dark	0	1	0	100	100	-1	8192	greninjabond	0	0	0	0	1	0	1	0	0	100	0	1	null	Move	0	brn	sitrusberry	1	1	99	0	0		undefined	undefined	8192	8192	8192	0	2
thermalexchange	onDamagingHit	1075	0	6	60	Dark	0	0	0	20	-1	0	24576	pikachu	0	1	1	0	0	-1	0	1	0	100	0	0	0	missing	1	psn	aguavberry	0	-1	1	1	1		undefined	false	24576	24576	24576	-1	0
thermalexchange	onDamagingHit	1076	-1	1	60	Ghost	1	0	0	100	20	0	2048	greninjabond	1	0	1	0	1	0	1	1	0	0	0	0	false	missing	0	psn	sitrusberry	2	-1	-1	1	1		undefined	false	2048	2048	2048	0	0
thermalexchange	onDamagingHit	1077	0	0	0	Normal	0	0	0	0	20	1	2048	greninjaash	0	1	1	0	0	6	1	1	100	100	1	1	null	Move	1	brn	leftovers	2	1	0	0	1		undefined	true	2048	2048	2048	6	0
thermalexchange	onDamagingHit	1078	1	0	70	Ghost	1	0	1	100	0	-1	0	pikachu	0	1	0	1	1	-1	0	1	0	100	0	1	null	Ability	1	psn	figyberry	0	-1	1	0	0		undefined	undefined	0	0	0	-1	0
thermalexchange	onDamagingHit	1079	6	6	60	Bug	1	0	1	0	-1	-1	0	pikachu	0	0	1	1	0	1	0	0	100	160	1	0	undefined	Ability	0	psn	aguavberry	0	0	99	0	1		undefined	undefined	0	0	0	1	0
thermalexchange	onDamagingHit	1080	-1	1	0	Ghost	0	0	1	0	0	-1	8	greninjaash	1	1	1	0	0	0	0	2	100	0	0	1	undefined	Ability	0	psn	aguavberry	2	0	-1	0	0		undefined	undefined	8	8	8	0	0
thermalexchange	onDamagingHit	1081	-1	1	0	Normal	1	1	0	20	0	0	16384	pikachu	0	1	1	0	0	1	0	2	60	160	0	0	0	missing	1	psn	leftovers	0	0	1	0	0		undefined	false	16384	16384	16384	1	2
thermalexchange	onDamagingHit	1082	6	6	70	Normal	0	0	1	10	-1	1	2048	pikachu	0	0	1	0	0	-1	1	1	0	0	0	1	true	missing	1	psn	sitrusberry	2	0	99	1	0		undefined	true	2048	2048	2048	-1	0
thermalexchange	onDamagingHit	1083	-1	1	40	Water	0	0	1	20	-1	1	8192	pikachu	0	1	1	1	1	0	0	2	0	160	1	1	true	Move	0	psn	figyberry	2	0	-1	1	0		undefined	true	8192	8192	8192	0	0
thermalexchange	onDamagingHit	1084	6	0	0	Ghost	0	1	1	20	20	-1	2048	greninjabond	0	1	0	1	1	0	1	2	100	160	0	1	null	missing	0	psn	wikiberry	1	-1	0	1	0		undefined	undefined	2048	2048	2048	0	2
thermalexchange	onDamagingHit	1085	1	1	0	Dark	1	1	0	10	-1	0	24576	greninjabond	0	0	1	0	0	0	0	2	0	100	1	1	0	Ability	0	psn	wikiberry	2	0	0	0	1		undefined	false	24576	24576	24576	0	2
thermalexchange	onDamagingHit	1086	6	0	40	Normal	1	1	1	100	0	0	8192	greninjaash	1	0	0	1	0	-1	1	0	0	100	1	1	true	missing	1	brn	magoberry	0	1	-1	1	1		undefined	false	8192	8192	8192	-1	2
thermalexchange	onDamagingHit	1087	-1	0	0	Normal	1	0	0	20	0	0	0	greninjabond	0	0	1	0	0	0	0	1	100	100	0	1	false	Ability	0	psn	aguavberry	2	0	99	1	0		undefined	false	0	0	0	0	0
thermalexchange	onDamagingHit	1088	-1	6	40	Ghost	1	0	1	10	20	-1	0	pikachu	0	0	0	1	0	1	0	1	60	160	1	0	true	Move	0	psn	leftovers	1	0	99	1	0		undefined	undefined	0	0	0	1	0
thermalexchange	onDamagingHit	1089	-1	0	70	Ghost	0	0	1	20	20	-1	8192	pikachu	0	1	1	1	0	1	1	0	60	0	0	1	false	Ability	1	psn	magoberry	1	-1	-1	1	0		undefined	undefined	8192	8192	8192	1	0
thermalexchange	onDamagingHit	1090	1	6	40	Ghost	0	0	1	100	20	0	24576	pikachu	0	1	1	0	1	1	0	1	100	100	0	1	null	Move	1	brn	leftovers	0	1	99	1	1		undefined	false	24576	24576	24576	1	0
thermalexchange	onDamagingHit	1091	6	1	70	Water	1	0	0	100	20	0	16384	greninjabond	1	1	0	1	1	1	1	0	0	0	0	0	false	Ability	0	brn	leftovers	0	0	99	0	1		undefined	false	16384	16384	16384	1	0
thermalexchange	onDamagingHit	1092	0	1	0	Fire	1	1	1	10	20	0	16384	pikachu	1	1	1	0	1	-1	0	0	0	160	1	0	null	missing	1	psn	wikiberry	1	1	1	1	0	boost:atk=1:undefined:undefined:undefined:false:false	undefined	false	16384	16384	16384	-1	2
thermalexchange	onDamagingHit	1093	-1	6	60	Ghost	0	0	0	100	-1	1	0	greninjaash	1	0	1	0	0	6	1	0	100	160	1	0	null	missing	0	psn	wikiberry	0	-1	-1	0	1		undefined	true	0	0	0	6	0
thermalexchange	onDamagingHit	1094	-1	1	60	Fire	0	1	0	100	100	0	8192	greninjabond	1	0	1	1	1	0	0	2	100	100	1	1	null	Move	0	psn	aguavberry	0	0	1	1	0	boost:atk=1:undefined:undefined:undefined:false:false	undefined	false	8192	8192	8192	0	2
thermalexchange	onDamagingHit	1095	-1	6	40	Ghost	1	0	1	10	100	1	16384	greninjabond	0	0	0	0	1	-1	0	0	0	0	1	1	0	Move	0	brn	sitrusberry	2	0	-1	0	1		undefined	true	16384	16384	16384	-1	0
thermalexchange	onDamagingHit	1096	-1	1	40	Normal	1	1	0	20	0	1	16384	greninjaash	1	0	1	0	1	-1	0	2	100	160	0	1	false	Ability	0	psn	magoberry	0	-1	99	1	1		undefined	true	16384	16384	16384	-1	2
thermalexchange	onDamagingHit	1097	-1	0	60	Fire	1	1	1	10	100	-1	8192	greninjabond	1	0	1	1	1	1	0	2	60	160	0	1	0	Ability	0	brn	aguavberry	1	-1	0	1	0	boost:atk=1:undefined:undefined:undefined:false:false	undefined	undefined	8192	8192	8192	1	2
thermalexchange	onDamagingHit	1098	0	6	61	Water	0	1	1	10	100	-1	24576	greninjaash	0	1	1	0	1	0	1	2	100	160	1	1	null	Move	0	psn	sitrusberry	2	-1	99	0	1		undefined	undefined	24576	24576	24576	0	2
thermalexchange	onDamagingHit	1099	0	6	40	Ghost	1	0	1	0	100	1	16384	pikachu	1	1	1	0	0	6	1	0	60	0	1	0	null	Ability	0	brn	sitrusberry	0	0	0	1	0		undefined	true	16384	16384	16384	6	0
thermalexchange	onDamagingHit	1100	6	1	61	Dark	1	0	0	0	20	-1	8192	pikachu	0	0	1	1	1	-1	0	0	60	160	0	1	true	Ability	1	psn	aguavberry	0	1	-1	1	0		undefined	undefined	8192	8192	8192	-1	0
thermalexchange	onDamagingHit	1101	1	1	40	Normal	0	1	0	0	-1	1	0	greninjabond	0	1	0	1	0	0	0	0	100	160	0	0	false	Move	1	brn	magoberry	2	0	-1	1	1		undefined	true	0	0	0	0	2
thermalexchange	onDamagingHit	1102	0	1	0	Bug	0	1	0	100	20	1	0	greninjaash	1	1	1	1	1	1	0	0	0	100	1	1	0	missing	1	brn	leftovers	2	-1	-1	0	0		undefined	true	0	0	0	1	2
thermalexchange	onDamagingHit	1103	0	0	60	Ghost	0	0	0	100	-1	0	0	pikachu	1	1	1	1	0	6	0	1	0	100	1	0	false	missing	0	brn	wikiberry	0	1	-1	1	0		undefined	false	0	0	0	6	0
thermalexchange	onDamagingHit	1104	0	6	61	Normal	0	0	1	100	100	-1	2048	greninjabond	0	1	1	0	1	0	0	0	0	100	1	0	null	missing	1	psn	wikiberry	2	-1	1	1	1		undefined	undefined	2048	2048	2048	0	0
thermalexchange	onDamagingHit	1105	6	0	40	Water	1	0	1	10	-1	1	0	greninjaash	0	1	1	0	1	1	1	0	0	0	0	0	undefined	Move	1	brn	leftovers	1	-1	99	1	0		undefined	true	0	0	0	1	0
thermalexchange	onDamagingHit	1106	0	6	0	Fire	0	1	0	100	0	0	16384	greninjaash	1	1	0	0	0	6	1	2	100	100	1	1	undefined	Move	1	brn	sitrusberry	2	1	99	1	0	boost:atk=1:undefined:undefined:undefined:false:false	undefined	false	16384	16384	16384	6	2
thermalexchange	onDamagingHit	1107	-1	0	61	Dark	1	0	0	0	100	1	2048	greninjabond	1	1	0	0	1	-1	1	2	100	0	1	1	undefined	Ability	0	psn	figyberry	0	0	-1	1	1		undefined	true	2048	2048	2048	-1	0
thermalexchange	onDamagingHit	1108	0	1	60	Dark	0	0	1	100	20	0	24576	greninjabond	1	1	0	1	1	-1	0	1	60	160	0	0	true	Ability	1	psn	sitrusberry	1	-1	0	0	1		undefined	false	24576	24576	24576	-1	0
thermalexchange	onDamagingHit	1109	-1	1	70	Water	1	0	1	20	0	1	8192	greninjaash	0	0	0	1	1	6	1	0	60	100	0	0	0	Ability	0	brn	aguavberry	1	1	99	1	1		undefined	true	8192	8192	8192	6	0
thermalexchange	onDamagingHit	1110	6	0	60	Ghost	0	0	0	100	-1	1	8	pikachu	1	1	1	1	0	1	1	0	0	100	0	1	undefined	Ability	1	psn	sitrusberry	2	1	99	1	1		undefined	true	8	8	8	1	0
thermalexchange	onDamagingHit	1111	1	0	0	Water	0	1	0	20	0	0	2048	greninjaash	1	1	0	1	1	1	1	2	60	160	0	1	true	missing	1	brn	figyberry	1	1	0	1	0		undefined	false	2048	2048	2048	1	2
thermalexchange	onDamagingHit	1112	0	1	60	Water	1	0	0	0	-1	0	8	pikachu	0	1	0	1	1	6	1	2	100	0	1	1	0	Ability	1	psn	magoberry	2	-1	0	1	0		undefined	false	8	8	8	6	0
thermalexchange	onDamagingHit	1113	6	0	70	Water	0	1	1	0	100	1	8	greninjabond	0	0	1	0	1	1	1	1	100	100	0	0	false	Ability	0	psn	figyberry	0	1	0	0	0		undefined	true	8	8	8	1	2
thermalexchange	onDamagingHit	1114	-1	0	0	Water	1	0	0	10	-1	0	8192	greninjaash	1	0	0	0	1	1	0	0	60	0	1	1	0	Move	1	psn	sitrusberry	1	1	99	0	0		undefined	false	8192	8192	8192	1	0
thermalexchange	onDamagingHit	1115	6	6	60	Bug	0	0	0	10	0	1	16384	greninjabond	0	1	1	1	1	0	1	2	60	100	0	1	0	missing	0	psn	magoberry	0	0	99	0	1		undefined	true	16384	16384	16384	0	0
thermalexchange	onDamagingHit	1116	6	1	70	Fire	1	1	1	20	20	-1	8192	pikachu	1	1	1	0	0	6	0	0	60	100	1	1	0	missing	0	psn	wikiberry	0	1	1	0	1	boost:atk=1:undefined:undefined:undefined:false:false	undefined	undefined	8192	8192	8192	6	2
thermalexchange	onDamagingHit	1117	0	1	0	Ghost	0	1	1	0	0	1	2048	greninjabond	1	1	0	0	1	0	1	2	60	160	0	1	null	Move	1	psn	wikiberry	1	0	99	1	1		undefined	true	2048	2048	2048	0	2
thermalexchange	onDamagingHit	1118	-1	6	70	Normal	0	0	1	100	0	0	8	pikachu	1	0	0	0	1	6	0	0	60	100	0	0	true	missing	0	brn	magoberry	2	0	0	0	1		undefined	false	8	8	8	6	0
thermalexchange	onDamagingHit	1119	6	6	60	Bug	0	1	1	10	100	1	8	greninjaash	1	1	1	0	1	1	1	2	100	160	1	1	undefined	Move	1	psn	magoberry	2	-1	0	0	1		undefined	true	8	8	8	1	2
thermalexchange	onDamagingHit	1120	0	1	70	Water	0	1	0	10	100	0	8192	greninjaash	1	0	1	0	1	-1	1	1	60	100	0	0	null	Ability	1	psn	sitrusberry	2	1	-1	1	0		undefined	false	8192	8192	8192	-1	2
thermalexchange	onDamagingHit	1121	6	6	40	Ghost	1	0	1	0	0	0	2048	pikachu	1	1	0	0	0	1	0	1	0	100	1	1	0	Move	1	brn	aguavberry	2	0	1	0	0		undefined	false	2048	2048	2048	1	0
thermalexchange	onDamagingHit	1122	6	0	40	Fire	1	0	0	100	20	1	8	greninjabond	1	0	0	0	0	-1	1	2	100	0	0	1	null	missing	0	brn	wikiberry	1	-1	99	1	1	boost:atk=1:undefined:undefined:undefined:false:false	undefined	true	8	8	8	-1	0
thermalexchange	onDamagingHit	1123	0	1	40	Water	0	0	1	10	-1	-1	2048	pikachu	0	1	0	0	0	6	1	0	0	0	1	0	false	Move	0	brn	figyberry	2	0	0	1	0		undefined	undefined	2048	2048	2048	6	0
thermalexchange	onDamagingHit	1124	1	0	40	Fire	0	1	0	10	100	0	16384	greninjabond	0	0	1	1	0	6	1	1	100	0	0	0	null	missing	0	psn	aguavberry	2	-1	99	0	0	boost:atk=1:undefined:undefined:undefined:false:false	undefined	false	16384	16384	16384	6	2
thermalexchange	onDamagingHit	1125	6	6	70	Bug	0	0	1	10	0	-1	8192	greninjaash	0	0	0	0	1	6	0	2	60	0	0	1	0	Move	0	psn	leftovers	0	0	1	0	0		undefined	undefined	8192	8192	8192	6	0
thermalexchange	onDamagingHit	1126	0	6	60	Dark	0	1	1	0	0	-1	2048	greninjaash	1	0	0	0	0	6	1	1	100	160	0	0	0	Ability	1	psn	figyberry	0	1	99	1	0		undefined	undefined	2048	2048	2048	6	2
thermalexchange	onDamagingHit	1127	6	0	61	Ghost	0	1	0	100	20	-1	8192	greninjaash	0	1	1	0	0	0	1	1	0	0	0	0	false	Ability	1	psn	wikiberry	2	1	1	1	0		undefined	undefined	8192	8192	8192	0	2
thermalexchange	onDamagingHit	1128	0	6	40	Water	1	1	1	20	-1	-1	24576	greninjabond	0	0	1	1	1	1	1	1	60	160	1	1	undefined	Move	0	psn	sitrusberry	0	1	99	0	0		undefined	undefined	24576	24576	24576	1	2
thermalexchange	onDamagingHit	1129	1	6	40	Fire	1	1	0	100	20	0	8	pikachu	0	0	0	1	0	1	1	0	100	0	1	1	null	missing	0	brn	leftovers	1	-1	-1	0	0	boost:atk=1:undefined:undefined:undefined:false:false	undefined	false	8	8	8	1	2
thermalexchange	onDamagingHit	1130	1	1	61	Bug	1	1	1	10	0	1	0	greninjaash	1	1	1	0	1	6	1	1	60	160	0	1	null	missing	1	psn	iapapaberry	1	1	99	0	0		undefined	true	0	0	0	6	2
thermalexchange	onUpdate	0	6	0	40	Fire	1	0	0	100	20	-1	0	greninjabond	1	1	0	0	0	-1	0	2	100	100	0	0	true	Move	1	brn	sitrusberry	1	-1	-1	1	1	log:-activate:0:ability: Thermal Exchange:undefined|cure:0	undefined	undefined	0	0	0	-1	0
thermalexchange	onUpdate	1	6	0	40	Fire	1	0	0	100	20	-1	0	greninjabond	1	1	0	0	0	-1	0	2	100	100	0	0	true	Move	1	brn	sitrusberry	1	-1	-1	1	1	log:-activate:0:ability: Thermal Exchange:undefined|cure:0	undefined	undefined	0	0	0	-1	0
thermalexchange	onUpdate	2	1	0	40	Fire	1	0	0	100	20	-1	0	greninjabond	1	1	0	0	0	-1	0	2	100	100	0	0	true	Move	1	brn	sitrusberry	1	-1	-1	1	1	log:-activate:0:ability: Thermal Exchange:undefined|cure:0	undefined	undefined	0	0	0	-1	0
thermalexchange	onUpdate	3	0	0	40	Fire	1	0	0	100	20	-1	0	greninjabond	1	1	0	0	0	-1	0	2	100	100	0	0	true	Move	1	brn	sitrusberry	1	-1	-1	1	1	log:-activate:0:ability: Thermal Exchange:undefined|cure:0	undefined	undefined	0	0	0	-1	0
thermalexchange	onUpdate	4	-1	0	40	Fire	1	0	0	100	20	-1	0	greninjabond	1	1	0	0	0	-1	0	2	100	100	0	0	true	Move	1	brn	sitrusberry	1	-1	-1	1	1	log:-activate:0:ability: Thermal Exchange:undefined|cure:0	undefined	undefined	0	0	0	-1	0
thermalexchange	onUpdate	5	6	0	40	Fire	1	0	0	100	20	-1	0	greninjabond	1	1	0	0	0	-1	0	2	100	100	0	0	true	Move	1	brn	sitrusberry	1	-1	-1	1	1	log:-activate:0:ability: Thermal Exchange:undefined|cure:0	undefined	undefined	0	0	0	-1	0
thermalexchange	onUpdate	6	6	1	40	Fire	1	0	0	100	20	-1	0	greninjabond	1	1	0	0	0	-1	0	2	100	100	0	0	true	Move	1	brn	sitrusberry	1	-1	-1	1	1	log:-activate:0:ability: Thermal Exchange:undefined|cure:0	undefined	undefined	0	0	0	-1	0
thermalexchange	onUpdate	7	6	6	40	Fire	1	0	0	100	20	-1	0	greninjabond	1	1	0	0	0	-1	0	2	100	100	0	0	true	Move	1	brn	sitrusberry	1	-1	-1	1	1	log:-activate:0:ability: Thermal Exchange:undefined|cure:0	undefined	undefined	0	0	0	-1	0
thermalexchange	onUpdate	8	6	0	40	Fire	1	0	0	100	20	-1	0	greninjabond	1	1	0	0	0	-1	0	2	100	100	0	0	true	Move	1	brn	sitrusberry	1	-1	-1	1	1	log:-activate:0:ability: Thermal Exchange:undefined|cure:0	undefined	undefined	0	0	0	-1	0
thermalexchange	onUpdate	9	6	0	0	Fire	1	0	0	100	20	-1	0	greninjabond	1	1	0	0	0	-1	0	2	100	100	0	0	true	Move	1	brn	sitrusberry	1	-1	-1	1	1	log:-activate:0:ability: Thermal Exchange:undefined|cure:0	undefined	undefined	0	0	0	-1	0
thermalexchange	onUpdate	10	6	0	60	Fire	1	0	0	100	20	-1	0	greninjabond	1	1	0	0	0	-1	0	2	100	100	0	0	true	Move	1	brn	sitrusberry	1	-1	-1	1	1	log:-activate:0:ability: Thermal Exchange:undefined|cure:0	undefined	undefined	0	0	0	-1	0
thermalexchange	onUpdate	11	6	0	61	Fire	1	0	0	100	20	-1	0	greninjabond	1	1	0	0	0	-1	0	2	100	100	0	0	true	Move	1	brn	sitrusberry	1	-1	-1	1	1	log:-activate:0:ability: Thermal Exchange:undefined|cure:0	undefined	undefined	0	0	0	-1	0
thermalexchange	onUpdate	12	6	0	70	Fire	1	0	0	100	20	-1	0	greninjabond	1	1	0	0	0	-1	0	2	100	100	0	0	true	Move	1	brn	sitrusberry	1	-1	-1	1	1	log:-activate:0:ability: Thermal Exchange:undefined|cure:0	undefined	undefined	0	0	0	-1	0
thermalexchange	onUpdate	13	6	0	40	Fire	1	0	0	100	20	-1	0	greninjabond	1	1	0	0	0	-1	0	2	100	100	0	0	true	Move	1	brn	sitrusberry	1	-1	-1	1	1	log:-activate:0:ability: Thermal Exchange:undefined|cure:0	undefined	undefined	0	0	0	-1	0
thermalexchange	onUpdate	14	6	0	40	Water	1	0	0	100	20	-1	0	greninjabond	1	1	0	0	0	-1	0	2	100	100	0	0	true	Move	1	brn	sitrusberry	1	-1	-1	1	1	log:-activate:0:ability: Thermal Exchange:undefined|cure:0	undefined	undefined	0	0	0	-1	0
thermalexchange	onUpdate	15	6	0	40	Dark	1	0	0	100	20	-1	0	greninjabond	1	1	0	0	0	-1	0	2	100	100	0	0	true	Move	1	brn	sitrusberry	1	-1	-1	1	1	log:-activate:0:ability: Thermal Exchange:undefined|cure:0	undefined	undefined	0	0	0	-1	0
thermalexchange	onUpdate	16	6	0	40	Bug	1	0	0	100	20	-1	0	greninjabond	1	1	0	0	0	-1	0	2	100	100	0	0	true	Move	1	brn	sitrusberry	1	-1	-1	1	1	log:-activate:0:ability: Thermal Exchange:undefined|cure:0	undefined	undefined	0	0	0	-1	0
thermalexchange	onUpdate	17	6	0	40	Ghost	1	0	0	100	20	-1	0	greninjabond	1	1	0	0	0	-1	0	2	100	100	0	0	true	Move	1	brn	sitrusberry	1	-1	-1	1	1	log:-activate:0:ability: Thermal Exchange:undefined|cure:0	undefined	undefined	0	0	0	-1	0
thermalexchange	onUpdate	18	6	0	40	Normal	1	0	0	100	20	-1	0	greninjabond	1	1	0	0	0	-1	0	2	100	100	0	0	true	Move	1	brn	sitrusberry	1	-1	-1	1	1	log:-activate:0:ability: Thermal Exchange:undefined|cure:0	undefined	undefined	0	0	0	-1	0
thermalexchange	onUpdate	19	6	0	40	Fire	1	0	0	100	20	-1	0	greninjabond	1	1	0	0	0	-1	0	2	100	100	0	0	true	Move	1	brn	sitrusberry	1	-1	-1	1	1	log:-activate:0:ability: Thermal Exchange:undefined|cure:0	undefined	undefined	0	0	0	-1	0
thermalexchange	onUpdate	20	6	0	40	Fire	0	0	0	100	20	-1	0	greninjabond	1	1	0	0	0	-1	0	2	100	100	0	0	true	Move	1	brn	sitrusberry	1	-1	-1	1	1	log:-activate:0:ability: Thermal Exchange:undefined|cure:0	undefined	undefined	0	0	0	-1	0
thermalexchange	onUpdate	21	6	0	40	Fire	1	0	0	100	20	-1	0	greninjabond	1	1	0	0	0	-1	0	2	100	100	0	0	true	Move	1	brn	sitrusberry	1	-1	-1	1	1	log:-activate:0:ability: Thermal Exchange:undefined|cure:0	undefined	undefined	0	0	0	-1	0
thermalexchange	onUpdate	22	6	0	40	Fire	1	1	0	100	20	-1	0	greninjabond	1	1	0	0	0	-1	0	2	100	100	0	0	true	Move	1	brn	sitrusberry	1	-1	-1	1	1	log:-activate:0:ability: Thermal Exchange:undefined|cure:0	undefined	undefined	0	0	0	-1	2
thermalexchange	onUpdate	23	6	0	40	Fire	1	0	0	100	20	-1	0	greninjabond	1	1	0	0	0	-1	0	2	100	100	0	0	true	Move	1	brn	sitrusberry	1	-1	-1	1	1	log:-activate:0:ability: Thermal Exchange:undefined|cure:0	undefined	undefined	0	0	0	-1	0
thermalexchange	onUpdate	24	6	0	40	Fire	1	0	1	100	20	-1	0	greninjabond	1	1	0	0	0	-1	0	2	100	100	0	0	true	Move	1	brn	sitrusberry	1	-1	-1	1	1	log:-activate:0:ability: Thermal Exchange:undefined|cure:0	undefined	undefined	0	0	0	-1	0
thermalexchange	onUpdate	25	6	0	40	Fire	1	0	0	100	20	-1	0	greninjabond	1	1	0	0	0	-1	0	2	100	100	0	0	true	Move	1	brn	sitrusberry	1	-1	-1	1	1	log:-activate:0:ability: Thermal Exchange:undefined|cure:0	undefined	undefined	0	0	0	-1	0
thermalexchange	onUpdate	26	6	0	40	Fire	1	0	0	0	20	-1	0	greninjabond	1	1	0	0	0	-1	0	2	100	100	0	0	true	Move	1	brn	sitrusberry	1	-1	-1	1	1	log:-activate:0:ability: Thermal Exchange:undefined|cure:0	undefined	undefined	0	0	0	-1	0
thermalexchange	onUpdate	27	6	0	40	Fire	1	0	0	10	20	-1	0	greninjabond	1	1	0	0	0	-1	0	2	100	100	0	0	true	Move	1	brn	sitrusberry	1	-1	-1	1	1	log:-activate:0:ability: Thermal Exchange:undefined|cure:0	undefined	undefined	0	0	0	-1	0
thermalexchange	onUpdate	28	6	0	40	Fire	1	0	0	20	20	-1	0	greninjabond	1	1	0	0	0	-1	0	2	100	100	0	0	true	Move	1	brn	sitrusberry	1	-1	-1	1	1	log:-activate:0:ability: Thermal Exchange:undefined|cure:0	undefined	undefined	0	0	0	-1	0
thermalexchange	onUpdate	29	6	0	40	Fire	1	0	0	100	20	-1	0	greninjabond	1	1	0	0	0	-1	0	2	100	100	0	0	true	Move	1	brn	sitrusberry	1	-1	-1	1	1	log:-activate:0:ability: Thermal Exchange:undefined|cure:0	undefined	undefined	0	0	0	-1	0
thermalexchange	onUpdate	30	6	0	40	Fire	1	0	0	100	-1	-1	0	greninjabond	1	1	0	0	0	-1	0	2	100	100	0	0	true	Move	1	brn	sitrusberry	1	-1	-1	1	1	log:-activate:0:ability: Thermal Exchange:undefined|cure:0	undefined	undefined	0	0	0	-1	0
thermalexchange	onUpdate	31	6	0	40	Fire	1	0	0	100	0	-1	0	greninjabond	1	1	0	0	0	-1	0	2	100	100	0	0	true	Move	1	brn	sitrusberry	1	-1	-1	1	1	log:-activate:0:ability: Thermal Exchange:undefined|cure:0	undefined	undefined	0	0	0	-1	0
thermalexchange	onUpdate	32	6	0	40	Fire	1	0	0	100	100	-1	0	greninjabond	1	1	0	0	0	-1	0	2	100	100	0	0	true	Move	1	brn	sitrusberry	1	-1	-1	1	1	log:-activate:0:ability: Thermal Exchange:undefined|cure:0	undefined	undefined	0	0	0	-1	0
thermalexchange	onUpdate	33	6	0	40	Fire	1	0	0	100	20	-1	0	greninjabond	1	1	0	0	0	-1	0	2	100	100	0	0	true	Move	1	brn	sitrusberry	1	-1	-1	1	1	log:-activate:0:ability: Thermal Exchange:undefined|cure:0	undefined	undefined	0	0	0	-1	0
thermalexchange	onUpdate	34	6	0	40	Fire	1	0	0	100	20	0	0	greninjabond	1	1	0	0	0	-1	0	2	100	100	0	0	true	Move	1	brn	sitrusberry	1	-1	-1	1	1	log:-activate:0:ability: Thermal Exchange:undefined|cure:0	undefined	false	0	0	0	-1	0
thermalexchange	onUpdate	35	6	0	40	Fire	1	0	0	100	20	1	0	greninjabond	1	1	0	0	0	-1	0	2	100	100	0	0	true	Move	1	brn	sitrusberry	1	-1	-1	1	1	log:-activate:0:ability: Thermal Exchange:undefined|cure:0	undefined	true	0	0	0	-1	0
thermalexchange	onUpdate	36	6	0	40	Fire	1	0	0	100	20	-1	0	greninjabond	1	1	0	0	0	-1	0	2	100	100	0	0	true	Move	1	brn	sitrusberry	1	-1	-1	1	1	log:-activate:0:ability: Thermal Exchange:undefined|cure:0	undefined	undefined	0	0	0	-1	0
thermalexchange	onUpdate	37	6	0	40	Fire	1	0	0	100	20	-1	8	greninjabond	1	1	0	0	0	-1	0	2	100	100	0	0	true	Move	1	brn	sitrusberry	1	-1	-1	1	1	log:-activate:0:ability: Thermal Exchange:undefined|cure:0	undefined	undefined	8	8	8	-1	0
thermalexchange	onUpdate	38	6	0	40	Fire	1	0	0	100	20	-1	2048	greninjabond	1	1	0	0	0	-1	0	2	100	100	0	0	true	Move	1	brn	sitrusberry	1	-1	-1	1	1	log:-activate:0:ability: Thermal Exchange:undefined|cure:0	undefined	undefined	2048	2048	2048	-1	0
thermalexchange	onUpdate	39	6	0	40	Fire	1	0	0	100	20	-1	8192	greninjabond	1	1	0	0	0	-1	0	2	100	100	0	0	true	Move	1	brn	sitrusberry	1	-1	-1	1	1	log:-activate:0:ability: Thermal Exchange:undefined|cure:0	undefined	undefined	8192	8192	8192	-1	0
thermalexchange	onUpdate	40	6	0	40	Fire	1	0	0	100	20	-1	16384	greninjabond	1	1	0	0	0	-1	0	2	100	100	0	0	true	Move	1	brn	sitrusberry	1	-1	-1	1	1	log:-activate:0:ability: Thermal Exchange:undefined|cure:0	undefined	undefined	16384	16384	16384	-1	0
thermalexchange	onUpdate	41	6	0	40	Fire	1	0	0	100	20	-1	24576	greninjabond	1	1	0	0	0	-1	0	2	100	100	0	0	true	Move	1	brn	sitrusberry	1	-1	-1	1	1	log:-activate:0:ability: Thermal Exchange:undefined|cure:0	undefined	undefined	24576	24576	24576	-1	0
thermalexchange	onUpdate	42	6	0	40	Fire	1	0	0	100	20	-1	0	greninjabond	1	1	0	0	0	-1	0	2	100	100	0	0	true	Move	1	brn	sitrusberry	1	-1	-1	1	1	log:-activate:0:ability: Thermal Exchange:undefined|cure:0	undefined	undefined	0	0	0	-1	0
thermalexchange	onUpdate	43	6	0	40	Fire	1	0	0	100	20	-1	0	greninjaash	1	1	0	0	0	-1	0	2	100	100	0	0	true	Move	1	brn	sitrusberry	1	-1	-1	1	1	log:-activate:0:ability: Thermal Exchange:undefined|cure:0	undefined	undefined	0	0	0	-1	0
thermalexchange	onUpdate	44	6	0	40	Fire	1	0	0	100	20	-1	0	pikachu	1	1	0	0	0	-1	0	2	100	100	0	0	true	Move	1	brn	sitrusberry	1	-1	-1	1	1	log:-activate:0:ability: Thermal Exchange:undefined|cure:0	undefined	undefined	0	0	0	-1	0
thermalexchange	onUpdate	45	6	0	40	Fire	1	0	0	100	20	-1	0	greninjabond	1	1	0	0	0	-1	0	2	100	100	0	0	true	Move	1	brn	sitrusberry	1	-1	-1	1	1	log:-activate:0:ability: Thermal Exchange:undefined|cure:0	undefined	undefined	0	0	0	-1	0
thermalexchange	onUpdate	46	6	0	40	Fire	1	0	0	100	20	-1	0	greninjabond	0	1	0	0	0	-1	0	2	100	100	0	0	true	Move	1	brn	sitrusberry	1	-1	-1	1	1	log:-activate:0:ability: Thermal Exchange:undefined|cure:0	undefined	undefined	0	0	0	-1	0
thermalexchange	onUpdate	47	6	0	40	Fire	1	0	0	100	20	-1	0	greninjabond	1	1	0	0	0	-1	0	2	100	100	0	0	true	Move	1	brn	sitrusberry	1	-1	-1	1	1	log:-activate:0:ability: Thermal Exchange:undefined|cure:0	undefined	undefined	0	0	0	-1	0
thermalexchange	onUpdate	48	6	0	40	Fire	1	0	0	100	20	-1	0	greninjabond	1	0	0	0	0	-1	0	2	100	100	0	0	true	Move	1	brn	sitrusberry	1	-1	-1	1	1	log:-activate:0:ability: Thermal Exchange:undefined|cure:0	undefined	undefined	0	0	0	-1	0
thermalexchange	onUpdate	49	6	0	40	Fire	1	0	0	100	20	-1	0	greninjabond	1	1	0	0	0	-1	0	2	100	100	0	0	true	Move	1	brn	sitrusberry	1	-1	-1	1	1	log:-activate:0:ability: Thermal Exchange:undefined|cure:0	undefined	undefined	0	0	0	-1	0
thermalexchange	onUpdate	50	6	0	40	Fire	1	0	0	100	20	-1	0	greninjabond	1	1	1	0	0	-1	0	2	100	100	0	0	true	Move	1	brn	sitrusberry	1	-1	-1	1	1	log:-activate:0:ability: Thermal Exchange:undefined|cure:0	undefined	undefined	0	0	0	-1	0
thermalexchange	onUpdate	51	6	0	40	Fire	1	0	0	100	20	-1	0	greninjabond	1	1	0	0	0	-1	0	2	100	100	0	0	true	Move	1	brn	sitrusberry	1	-1	-1	1	1	log:-activate:0:ability: Thermal Exchange:undefined|cure:0	undefined	undefined	0	0	0	-1	0
thermalexchange	onUpdate	52	6	0	40	Fire	1	0	0	100	20	-1	0	greninjabond	1	1	0	1	0	-1	0	2	100	100	0	0	true	Move	1	brn	sitrusberry	1	-1	-1	1	1	log:-activate:0:ability: Thermal Exchange:undefined|cure:0	undefined	undefined	0	0	0	-1	0
thermalexchange	onUpdate	53	6	0	40	Fire	1	0	0	100	20	-1	0	greninjabond	1	1	0	0	0	-1	0	2	100	100	0	0	true	Move	1	brn	sitrusberry	1	-1	-1	1	1	log:-activate:0:ability: Thermal Exchange:undefined|cure:0	undefined	undefined	0	0	0	-1	0
thermalexchange	onUpdate	54	6	0	40	Fire	1	0	0	100	20	-1	0	greninjabond	1	1	0	0	1	-1	0	2	100	100	0	0	true	Move	1	brn	sitrusberry	1	-1	-1	1	1	log:-activate:0:ability: Thermal Exchange:undefined|cure:0	undefined	undefined	0	0	0	-1	0
thermalexchange	onUpdate	55	6	0	40	Fire	1	0	0	100	20	-1	0	greninjabond	1	1	0	0	0	-1	0	2	100	100	0	0	true	Move	1	brn	sitrusberry	1	-1	-1	1	1	log:-activate:0:ability: Thermal Exchange:undefined|cure:0	undefined	undefined	0	0	0	-1	0
thermalexchange	onUpdate	56	6	0	40	Fire	1	0	0	100	20	-1	0	greninjabond	1	1	0	0	0	0	0	2	100	100	0	0	true	Move	1	brn	sitrusberry	1	-1	-1	1	1	log:-activate:0:ability: Thermal Exchange:undefined|cure:0	undefined	undefined	0	0	0	0	0
thermalexchange	onUpdate	57	6	0	40	Fire	1	0	0	100	20	-1	0	greninjabond	1	1	0	0	0	1	0	2	100	100	0	0	true	Move	1	brn	sitrusberry	1	-1	-1	1	1	log:-activate:0:ability: Thermal Exchange:undefined|cure:0	undefined	undefined	0	0	0	1	0
thermalexchange	onUpdate	58	6	0	40	Fire	1	0	0	100	20	-1	0	greninjabond	1	1	0	0	0	6	0	2	100	100	0	0	true	Move	1	brn	sitrusberry	1	-1	-1	1	1	log:-activate:0:ability: Thermal Exchange:undefined|cure:0	undefined	undefined	0	0	0	6	0
thermalexchange	onUpdate	59	6	0	40	Fire	1	0	0	100	20	-1	0	greninjabond	1	1	0	0	0	-1	0	2	100	100	0	0	true	Move	1	brn	sitrusberry	1	-1	-1	1	1	log:-activate:0:ability: Thermal Exchange:undefined|cure:0	undefined	undefined	0	0	0	-1	0
thermalexchange	onUpdate	60	6	0	40	Fire	1	0	0	100	20	-1	0	greninjabond	1	1	0	0	0	-1	1	2	100	100	0	0	true	Move	1	brn	sitrusberry	1	-1	-1	1	1	log:-activate:0:ability: Thermal Exchange:undefined|cure:0	undefined	undefined	0	0	0	-1	0
thermalexchange	onUpdate	61	6	0	40	Fire	1	0	0	100	20	-1	0	greninjabond	1	1	0	0	0	-1	0	2	100	100	0	0	true	Move	1	brn	sitrusberry	1	-1	-1	1	1	log:-activate:0:ability: Thermal Exchange:undefined|cure:0	undefined	undefined	0	0	0	-1	0
thermalexchange	onUpdate	62	6	0	40	Fire	1	0	0	100	20	-1	0	greninjabond	1	1	0	0	0	-1	0	0	100	100	0	0	true	Move	1	brn	sitrusberry	1	-1	-1	1	1	log:-activate:0:ability: Thermal Exchange:undefined|cure:0	undefined	undefined	0	0	0	-1	0
thermalexchange	onUpdate	63	6	0	40	Fire	1	0	0	100	20	-1	0	greninjabond	1	1	0	0	0	-1	0	1	100	100	0	0	true	Move	1	brn	sitrusberry	1	-1	-1	1	1	log:-activate:0:ability: Thermal Exchange:undefined|cure:0	undefined	undefined	0	0	0	-1	0
thermalexchange	onUpdate	64	6	0	40	Fire	1	0	0	100	20	-1	0	greninjabond	1	1	0	0	0	-1	0	2	100	100	0	0	true	Move	1	brn	sitrusberry	1	-1	-1	1	1	log:-activate:0:ability: Thermal Exchange:undefined|cure:0	undefined	undefined	0	0	0	-1	0
thermalexchange	onUpdate	65	6	0	40	Fire	1	0	0	100	20	-1	0	greninjabond	1	1	0	0	0	-1	0	2	0	100	0	0	true	Move	1	brn	sitrusberry	1	-1	-1	1	1	log:-activate:0:ability: Thermal Exchange:undefined|cure:0	undefined	undefined	0	0	0	-1	0
thermalexchange	onUpdate	66	6	0	40	Fire	1	0	0	100	20	-1	0	greninjabond	1	1	0	0	0	-1	0	2	60	100	0	0	true	Move	1	brn	sitrusberry	1	-1	-1	1	1	log:-activate:0:ability: Thermal Exchange:undefined|cure:0	undefined	undefined	0	0	0	-1	0
thermalexchange	onUpdate	67	6	0	40	Fire	1	0	0	100	20	-1	0	greninjabond	1	1	0	0	0	-1	0	2	100	100	0	0	true	Move	1	brn	sitrusberry	1	-1	-1	1	1	log:-activate:0:ability: Thermal Exchange:undefined|cure:0	undefined	undefined	0	0	0	-1	0
thermalexchange	onUpdate	68	6	0	40	Fire	1	0	0	100	20	-1	0	greninjabond	1	1	0	0	0	-1	0	2	100	0	0	0	true	Move	1	brn	sitrusberry	1	-1	-1	1	1	log:-activate:0:ability: Thermal Exchange:undefined|cure:0	undefined	undefined	0	0	0	-1	0
thermalexchange	onUpdate	69	6	0	40	Fire	1	0	0	100	20	-1	0	greninjabond	1	1	0	0	0	-1	0	2	100	160	0	0	true	Move	1	brn	sitrusberry	1	-1	-1	1	1	log:-activate:0:ability: Thermal Exchange:undefined|cure:0	undefined	undefined	0	0	0	-1	0
thermalexchange	onUpdate	70	6	0	40	Fire	1	0	0	100	20	-1	0	greninjabond	1	1	0	0	0	-1	0	2	100	100	0	0	true	Move	1	brn	sitrusberry	1	-1	-1	1	1	log:-activate:0:ability: Thermal Exchange:undefined|cure:0	undefined	undefined	0	0	0	-1	0
thermalexchange	onUpdate	71	6	0	40	Fire	1	0	0	100	20	-1	0	greninjabond	1	1	0	0	0	-1	0	2	100	100	1	0	true	Move	1	brn	sitrusberry	1	-1	-1	1	1	log:-activate:0:ability: Thermal Exchange:undefined|cure:0	undefined	undefined	0	0	0	-1	0
thermalexchange	onUpdate	72	6	0	40	Fire	1	0	0	100	20	-1	0	greninjabond	1	1	0	0	0	-1	0	2	100	100	0	0	true	Move	1	brn	sitrusberry	1	-1	-1	1	1	log:-activate:0:ability: Thermal Exchange:undefined|cure:0	undefined	undefined	0	0	0	-1	0
thermalexchange	onUpdate	73	6	0	40	Fire	1	0	0	100	20	-1	0	greninjabond	1	1	0	0	0	-1	0	2	100	100	0	1	true	Move	1	brn	sitrusberry	1	-1	-1	1	1	log:-activate:0:ability: Thermal Exchange:undefined|cure:0	undefined	undefined	0	0	0	-1	0
thermalexchange	onUpdate	74	6	0	40	Fire	1	0	0	100	20	-1	0	greninjabond	1	1	0	0	0	-1	0	2	100	100	0	0	true	Move	1	brn	sitrusberry	1	-1	-1	1	1	log:-activate:0:ability: Thermal Exchange:undefined|cure:0	undefined	undefined	0	0	0	-1	0
thermalexchange	onUpdate	75	6	0	40	Fire	1	0	0	100	20	-1	0	greninjabond	1	1	0	0	0	-1	0	2	100	100	0	0	false	Move	1	brn	sitrusberry	1	-1	-1	1	1	log:-activate:0:ability: Thermal Exchange:undefined|cure:0	undefined	undefined	0	0	0	-1	0
thermalexchange	onUpdate	76	6	0	40	Fire	1	0	0	100	20	-1	0	greninjabond	1	1	0	0	0	-1	0	2	100	100	0	0	0	Move	1	brn	sitrusberry	1	-1	-1	1	1	log:-activate:0:ability: Thermal Exchange:undefined|cure:0	undefined	undefined	0	0	0	-1	0
thermalexchange	onUpdate	77	6	0	40	Fire	1	0	0	100	20	-1	0	greninjabond	1	1	0	0	0	-1	0	2	100	100	0	0	null	Move	1	brn	sitrusberry	1	-1	-1	1	1	log:-activate:0:ability: Thermal Exchange:undefined|cure:0	undefined	undefined	0	0	0	-1	0
thermalexchange	onUpdate	78	6	0	40	Fire	1	0	0	100	20	-1	0	greninjabond	1	1	0	0	0	-1	0	2	100	100	0	0	undefined	Move	1	brn	sitrusberry	1	-1	-1	1	1	log:-activate:0:ability: Thermal Exchange:undefined|cure:0	undefined	undefined	0	0	0	-1	0
thermalexchange	onUpdate	79	6	0	40	Fire	1	0	0	100	20	-1	0	greninjabond	1	1	0	0	0	-1	0	2	100	100	0	0	true	Move	1	brn	sitrusberry	1	-1	-1	1	1	log:-activate:0:ability: Thermal Exchange:undefined|cure:0	undefined	undefined	0	0	0	-1	0
thermalexchange	onUpdate	80	6	0	40	Fire	1	0	0	100	20	-1	0	greninjabond	1	1	0	0	0	-1	0	2	100	100	0	0	true	Ability	1	brn	sitrusberry	1	-1	-1	1	1	log:-activate:0:ability: Thermal Exchange:undefined|cure:0	undefined	undefined	0	0	0	-1	0
thermalexchange	onUpdate	81	6	0	40	Fire	1	0	0	100	20	-1	0	greninjabond	1	1	0	0	0	-1	0	2	100	100	0	0	true	missing	1	brn	sitrusberry	1	-1	-1	1	1	log:-activate:0:ability: Thermal Exchange:undefined|cure:0	undefined	undefined	0	0	0	-1	0
thermalexchange	onUpdate	82	6	0	40	Fire	1	0	0	100	20	-1	0	greninjabond	1	1	0	0	0	-1	0	2	100	100	0	0	true	Move	1	brn	sitrusberry	1	-1	-1	1	1	log:-activate:0:ability: Thermal Exchange:undefined|cure:0	undefined	undefined	0	0	0	-1	0
thermalexchange	onUpdate	83	6	0	40	Fire	1	0	0	100	20	-1	0	greninjabond	1	1	0	0	0	-1	0	2	100	100	0	0	true	Move	0	brn	sitrusberry	1	-1	-1	1	1	log:-activate:0:ability: Thermal Exchange:undefined|cure:0	undefined	undefined	0	0	0	-1	0
thermalexchange	onUpdate	84	6	0	40	Fire	1	0	0	100	20	-1	0	greninjabond	1	1	0	0	0	-1	0	2	100	100	0	0	true	Move	1	brn	sitrusberry	1	-1	-1	1	1	log:-activate:0:ability: Thermal Exchange:undefined|cure:0	undefined	undefined	0	0	0	-1	0
thermalexchange	onUpdate	85	6	0	40	Fire	1	0	0	100	20	-1	0	greninjabond	1	1	0	0	0	-1	0	2	100	100	0	0	true	Move	1	psn	sitrusberry	1	-1	-1	1	1		undefined	undefined	0	0	0	-1	0
thermalexchange	onUpdate	86	6	0	40	Fire	1	0	0	100	20	-1	0	greninjabond	1	1	0	0	0	-1	0	2	100	100	0	0	true	Move	1	brn	sitrusberry	1	-1	-1	1	1	log:-activate:0:ability: Thermal Exchange:undefined|cure:0	undefined	undefined	0	0	0	-1	0
thermalexchange	onUpdate	87	6	0	40	Fire	1	0	0	100	20	-1	0	greninjabond	1	1	0	0	0	-1	0	2	100	100	0	0	true	Move	1	brn	aguavberry	1	-1	-1	1	1	log:-activate:0:ability: Thermal Exchange:undefined|cure:0	undefined	undefined	0	0	0	-1	0
thermalexchange	onUpdate	88	6	0	40	Fire	1	0	0	100	20	-1	0	greninjabond	1	1	0	0	0	-1	0	2	100	100	0	0	true	Move	1	brn	figyberry	1	-1	-1	1	1	log:-activate:0:ability: Thermal Exchange:undefined|cure:0	undefined	undefined	0	0	0	-1	0
thermalexchange	onUpdate	89	6	0	40	Fire	1	0	0	100	20	-1	0	greninjabond	1	1	0	0	0	-1	0	2	100	100	0	0	true	Move	1	brn	iapapaberry	1	-1	-1	1	1	log:-activate:0:ability: Thermal Exchange:undefined|cure:0	undefined	undefined	0	0	0	-1	0
thermalexchange	onUpdate	90	6	0	40	Fire	1	0	0	100	20	-1	0	greninjabond	1	1	0	0	0	-1	0	2	100	100	0	0	true	Move	1	brn	magoberry	1	-1	-1	1	1	log:-activate:0:ability: Thermal Exchange:undefined|cure:0	undefined	undefined	0	0	0	-1	0
thermalexchange	onUpdate	91	6	0	40	Fire	1	0	0	100	20	-1	0	greninjabond	1	1	0	0	0	-1	0	2	100	100	0	0	true	Move	1	brn	wikiberry	1	-1	-1	1	1	log:-activate:0:ability: Thermal Exchange:undefined|cure:0	undefined	undefined	0	0	0	-1	0
thermalexchange	onUpdate	92	6	0	40	Fire	1	0	0	100	20	-1	0	greninjabond	1	1	0	0	0	-1	0	2	100	100	0	0	true	Move	1	brn	leftovers	1	-1	-1	1	1	log:-activate:0:ability: Thermal Exchange:undefined|cure:0	undefined	undefined	0	0	0	-1	0
thermalexchange	onUpdate	93	6	0	40	Fire	1	0	0	100	20	-1	0	greninjabond	1	1	0	0	0	-1	0	2	100	100	0	0	true	Move	1	brn	sitrusberry	1	-1	-1	1	1	log:-activate:0:ability: Thermal Exchange:undefined|cure:0	undefined	undefined	0	0	0	-1	0
thermalexchange	onUpdate	94	6	0	40	Fire	1	0	0	100	20	-1	0	greninjabond	1	1	0	0	0	-1	0	2	100	100	0	0	true	Move	1	brn	sitrusberry	2	-1	-1	1	1	log:-activate:0:ability: Thermal Exchange:undefined|cure:0	undefined	undefined	0	0	0	-1	0
thermalexchange	onUpdate	95	6	0	40	Fire	1	0	0	100	20	-1	0	greninjabond	1	1	0	0	0	-1	0	2	100	100	0	0	true	Move	1	brn	sitrusberry	0	-1	-1	1	1	log:-activate:0:ability: Thermal Exchange:undefined|cure:0	undefined	undefined	0	0	0	-1	0
thermalexchange	onUpdate	96	6	0	40	Fire	1	0	0	100	20	-1	0	greninjabond	1	1	0	0	0	-1	0	2	100	100	0	0	true	Move	1	brn	sitrusberry	1	-1	-1	1	1	log:-activate:0:ability: Thermal Exchange:undefined|cure:0	undefined	undefined	0	0	0	-1	0
thermalexchange	onUpdate	97	6	0	40	Fire	1	0	0	100	20	-1	0	greninjabond	1	1	0	0	0	-1	0	2	100	100	0	0	true	Move	1	brn	sitrusberry	1	0	-1	1	1	log:-activate:0:ability: Thermal Exchange:undefined|cure:0	undefined	undefined	0	0	0	-1	0
thermalexchange	onUpdate	98	6	0	40	Fire	1	0	0	100	20	-1	0	greninjabond	1	1	0	0	0	-1	0	2	100	100	0	0	true	Move	1	brn	sitrusberry	1	1	-1	1	1	log:-activate:0:ability: Thermal Exchange:undefined|cure:0	undefined	undefined	0	0	0	-1	0
thermalexchange	onUpdate	99	6	0	40	Fire	1	0	0	100	20	-1	0	greninjabond	1	1	0	0	0	-1	0	2	100	100	0	0	true	Move	1	brn	sitrusberry	1	-1	-1	1	1	log:-activate:0:ability: Thermal Exchange:undefined|cure:0	undefined	undefined	0	0	0	-1	0
thermalexchange	onUpdate	100	6	0	40	Fire	1	0	0	100	20	-1	0	greninjabond	1	1	0	0	0	-1	0	2	100	100	0	0	true	Move	1	brn	sitrusberry	1	-1	0	1	1	log:-activate:0:ability: Thermal Exchange:undefined|cure:0	undefined	undefined	0	0	0	-1	0
thermalexchange	onUpdate	101	6	0	40	Fire	1	0	0	100	20	-1	0	greninjabond	1	1	0	0	0	-1	0	2	100	100	0	0	true	Move	1	brn	sitrusberry	1	-1	1	1	1	log:-activate:0:ability: Thermal Exchange:undefined|cure:0	undefined	undefined	0	0	0	-1	0
thermalexchange	onUpdate	102	6	0	40	Fire	1	0	0	100	20	-1	0	greninjabond	1	1	0	0	0	-1	0	2	100	100	0	0	true	Move	1	brn	sitrusberry	1	-1	99	1	1	log:-activate:0:ability: Thermal Exchange:undefined|cure:0	undefined	undefined	0	0	0	-1	0
thermalexchange	onUpdate	103	6	0	40	Fire	1	0	0	100	20	-1	0	greninjabond	1	1	0	0	0	-1	0	2	100	100	0	0	true	Move	1	brn	sitrusberry	1	-1	-1	1	1	log:-activate:0:ability: Thermal Exchange:undefined|cure:0	undefined	undefined	0	0	0	-1	0
thermalexchange	onUpdate	104	6	0	40	Fire	1	0	0	100	20	-1	0	greninjabond	1	1	0	0	0	-1	0	2	100	100	0	0	true	Move	1	brn	sitrusberry	1	-1	-1	0	1	log:-activate:0:ability: Thermal Exchange:undefined|cure:0	undefined	undefined	0	0	0	-1	0
thermalexchange	onUpdate	105	6	0	40	Fire	1	0	0	100	20	-1	0	greninjabond	1	1	0	0	0	-1	0	2	100	100	0	0	true	Move	1	brn	sitrusberry	1	-1	-1	1	1	log:-activate:0:ability: Thermal Exchange:undefined|cure:0	undefined	undefined	0	0	0	-1	0
thermalexchange	onUpdate	106	6	0	40	Fire	1	0	0	100	20	-1	0	greninjabond	1	1	0	0	0	-1	0	2	100	100	0	0	true	Move	1	brn	sitrusberry	1	-1	-1	1	0	log:-activate:0:ability: Thermal Exchange:undefined|cure:0	undefined	undefined	0	0	0	-1	0
thermalexchange	onUpdate	107	-1	6	0	Bug	0	0	0	20	-1	0	0	pikachu	0	1	0	0	1	-1	0	1	60	0	0	0	null	Move	1	brn	iapapaberry	1	0	-1	1	1	log:-activate:0:ability: Thermal Exchange:undefined|cure:0	undefined	false	0	0	0	-1	0
thermalexchange	onUpdate	108	-1	6	70	Dark	1	0	1	0	100	-1	2048	greninjaash	1	0	0	0	0	1	1	1	60	100	0	1	0	Move	0	psn	aguavberry	1	1	-1	0	0		undefined	undefined	2048	2048	2048	1	0
thermalexchange	onUpdate	109	0	6	40	Bug	1	1	1	100	100	-1	2048	greninjabond	0	1	0	1	0	1	1	2	100	160	0	0	true	missing	0	brn	magoberry	2	-1	1	0	0	log:-activate:0:ability: Thermal Exchange:undefined|cure:0	undefined	undefined	2048	2048	2048	1	2
thermalexchange	onUpdate	110	1	1	0	Normal	1	1	1	0	100	-1	24576	pikachu	0	0	0	0	1	-1	1	2	100	100	0	0	null	Move	0	brn	sitrusberry	0	0	0	1	0	log:-activate:0:ability: Thermal Exchange:undefined|cure:0	undefined	undefined	24576	24576	24576	-1	2
thermalexchange	onUpdate	111	-1	6	40	Ghost	1	1	1	20	0	1	8192	pikachu	0	1	0	1	1	-1	1	0	0	0	1	0	undefined	missing	1	brn	iapapaberry	2	1	1	1	1	log:-activate:0:ability: Thermal Exchange:undefined|cure:0	undefined	true	8192	8192	8192	-1	2
thermalexchange	onUpdate	112	0	1	40	Normal	1	0	0	100	100	-1	2048	pikachu	1	1	0	0	0	-1	0	1	0	160	1	0	undefined	Move	0	psn	wikiberry	2	0	1	0	1		undefined	undefined	2048	2048	2048	-1	0
thermalexchange	onUpdate	113	1	0	40	Normal	0	0	0	100	0	-1	16384	greninjaash	0	1	0	1	0	1	0	2	60	100	1	0	0	missing	0	psn	figyberry	2	0	0	1	0		undefined	undefined	16384	16384	16384	1	0
thermalexchange	onUpdate	114	0	6	60	Dark	1	1	1	100	-1	-1	8	greninjaash	1	1	1	0	0	1	0	2	0	160	0	1	0	Move	1	brn	sitrusberry	0	-1	99	0	0	log:-activate:0:ability: Thermal Exchange:undefined|cure:0	undefined	undefined	8	8	8	1	2
thermalexchange	onUpdate	115	6	1	40	Dark	0	0	1	20	20	0	8	pikachu	1	1	1	1	1	0	0	0	60	100	1	1	false	Move	1	brn	aguavberry	1	0	1	0	0	log:-activate:0:ability: Thermal Exchange:undefined|cure:0	undefined	false	8	8	8	0	0
thermalexchange	onUpdate	116	1	6	0	Fire	1	1	1	100	100	1	0	greninjaash	0	1	1	1	0	1	1	2	100	160	1	0	false	missing	1	psn	figyberry	1	1	0	0	1		undefined	true	0	0	0	1	2
thermalexchange	onUpdate	117	1	1	61	Dark	0	0	1	0	100	-1	2048	greninjaash	1	0	0	1	0	-1	0	2	100	100	1	0	0	Ability	1	psn	wikiberry	0	-1	1	0	0		undefined	undefined	2048	2048	2048	-1	0
thermalexchange	onUpdate	118	6	0	0	Normal	1	0	1	0	20	-1	2048	greninjaash	0	1	1	0	1	-1	0	1	100	100	1	0	true	Move	0	psn	sitrusberry	2	1	99	0	1		undefined	undefined	2048	2048	2048	-1	0
thermalexchange	onUpdate	119	0	1	60	Water	1	1	0	0	100	-1	24576	greninjaash	0	1	1	1	1	6	1	1	60	160	1	1	0	missing	1	brn	leftovers	0	1	99	0	0	log:-activate:0:ability: Thermal Exchange:undefined|cure:0	undefined	undefined	24576	24576	24576	6	2
thermalexchange	onUpdate	120	1	0	60	Normal	0	0	0	0	20	1	0	greninjabond	0	0	1	1	0	0	0	0	60	100	0	1	0	missing	0	psn	aguavberry	0	0	0	0	1		undefined	true	0	0	0	0	0
thermalexchange	onUpdate	121	1	6	40	Normal	1	1	0	20	-1	0	16384	greninjaash	1	0	0	0	1	1	1	1	60	100	1	0	null	missing	1	psn	wikiberry	1	-1	99	1	0		undefined	false	16384	16384	16384	1	2
thermalexchange	onUpdate	122	-1	1	40	Dark	1	1	1	10	20	-1	24576	greninjaash	1	0	1	0	0	-1	1	1	0	100	0	1	false	Ability	0	psn	wikiberry	2	-1	99	1	1		undefined	undefined	24576	24576	24576	-1	2
thermalexchange	onUpdate	123	0	1	0	Ghost	1	0	0	100	100	-1	8192	greninjaash	1	1	0	1	0	1	0	1	60	0	1	0	0	Ability	1	psn	figyberry	2	-1	0	1	1		undefined	undefined	8192	8192	8192	1	0
thermalexchange	onUpdate	124	-1	1	61	Ghost	0	1	0	20	100	0	8	pikachu	1	1	1	0	0	0	0	1	0	0	0	1	false	missing	1	brn	figyberry	1	-1	1	0	1	log:-activate:0:ability: Thermal Exchange:undefined|cure:0	undefined	false	8	8	8	0	2
thermalexchange	onUpdate	125	-1	1	60	Dark	1	1	0	20	100	1	8	pikachu	0	1	1	1	0	1	1	0	60	160	1	1	undefined	missing	0	psn	leftovers	1	0	0	1	0		undefined	true	8	8	8	1	2
thermalexchange	onUpdate	126	0	6	70	Ghost	1	0	0	0	-1	-1	0	pikachu	0	1	1	0	0	0	1	2	0	0	1	0	undefined	missing	1	brn	aguavberry	1	-1	0	1	1	log:-activate:0:ability: Thermal Exchange:undefined|cure:0	undefined	undefined	0	0	0	0	0
thermalexchange	onUpdate	127	0	1	0	Water	1	1	0	100	20	-1	8192	greninjaash	1	1	0	0	0	1	0	0	100	0	0	1	0	Ability	0	psn	magoberry	0	1	-1	1	1		undefined	undefined	8192	8192	8192	1	2
thermalexchange	onUpdate	128	1	6	60	Normal	1	1	1	10	0	-1	16384	pikachu	1	0	1	0	0	6	0	0	100	160	1	0	true	missing	1	psn	aguavberry	1	-1	-1	0	0		undefined	undefined	16384	16384	16384	6	2
thermalexchange	onUpdate	129	0	1	60	Fire	1	0	0	20	100	0	24576	greninjaash	0	1	0	0	1	1	0	1	60	160	1	0	null	missing	0	brn	figyberry	1	0	-1	1	0	log:-activate:0:ability: Thermal Exchange:undefined|cure:0	undefined	false	24576	24576	24576	1	0
thermalexchange	onUpdate	130	-1	0	0	Water	0	0	1	100	100	1	2048	greninjaash	0	0	0	0	1	6	1	0	0	0	1	1	null	Ability	1	brn	aguavberry	0	1	99	0	1	log:-activate:0:ability: Thermal Exchange:undefined|cure:0	undefined	true	2048	2048	2048	6	0
thermalexchange	onUpdate	131	-1	6	60	Bug	1	0	0	0	100	-1	24576	greninjaash	1	1	1	0	1	6	0	2	0	0	0	0	false	Move	1	psn	wikiberry	2	1	99	1	0		undefined	undefined	24576	24576	24576	6	0
thermalexchange	onUpdate	132	1	6	0	Bug	1	0	1	10	100	-1	8192	greninjaash	1	0	0	1	0	0	0	1	0	160	1	0	null	Ability	1	brn	aguavberry	2	-1	99	1	1	log:-activate:0:ability: Thermal Exchange:undefined|cure:0	undefined	undefined	8192	8192	8192	0	0
thermalexchange	onUpdate	133	1	1	0	Water	1	1	0	100	100	1	16384	greninjabond	1	0	1	0	1	-1	1	0	60	160	1	1	null	Ability	1	brn	magoberry	2	-1	0	1	0	log:-activate:0:ability: Thermal Exchange:undefined|cure:0	undefined	true	16384	16384	16384	-1	2
thermalexchange	onUpdate	134	1	6	60	Bug	1	1	0	0	0	0	24576	greninjaash	0	0	1	0	1	0	1	2	60	0	1	0	false	Ability	0	psn	wikiberry	2	-1	99	0	0		undefined	false	24576	24576	24576	0	2
thermalexchange	onUpdate	135	1	1	61	Bug	0	1	1	10	0	1	0	greninjaash	1	1	1	1	1	0	0	0	0	160	1	0	true	Ability	0	psn	sitrusberry	1	0	-1	1	0		undefined	true	0	0	0	0	2
thermalexchange	onUpdate	136	1	6	40	Normal	0	1	0	20	20	0	8	greninjabond	1	1	0	1	0	-1	1	0	100	100	1	1	0	Move	1	psn	sitrusberry	0	-1	99	0	0		undefined	false	8	8	8	-1	2
thermalexchange	onUpdate	137	0	0	40	Bug	0	0	0	20	-1	1	2048	pikachu	0	0	0	1	1	1	0	1	100	0	0	1	undefined	Ability	1	brn	iapapaberry	1	1	1	0	0	log:-activate:0:ability: Thermal Exchange:undefined|cure:0	undefined	true	2048	2048	2048	1	0
thermalexchange	onUpdate	138	6	1	70	Ghost	0	0	0	10	0	-1	8192	pikachu	0	0	0	0	0	0	0	1	0	0	1	1	0	missing	1	psn	figyberry	2	0	99	1	0		undefined	undefined	8192	8192	8192	0	0
thermalexchange	onUpdate	139	6	6	70	Water	1	0	1	0	0	-1	8192	pikachu	0	1	0	0	1	-1	0	1	0	160	1	1	true	Move	1	brn	iapapaberry	1	0	1	0	1	log:-activate:0:ability: Thermal Exchange:undefined|cure:0	undefined	undefined	8192	8192	8192	-1	0
thermalexchange	onUpdate	140	-1	0	0	Normal	0	0	0	0	0	-1	8192	greninjabond	0	1	1	0	1	0	0	2	60	100	1	0	null	missing	1	brn	aguavberry	0	1	-1	1	0	log:-activate:0:ability: Thermal Exchange:undefined|cure:0	undefined	undefined	8192	8192	8192	0	0
thermalexchange	onUpdate	141	6	1	70	Bug	0	0	0	10	20	-1	24576	greninjaash	1	1	1	0	1	1	0	0	0	160	1	0	false	Ability	0	brn	wikiberry	1	1	-1	1	0	log:-activate:0:ability: Thermal Exchange:undefined|cure:0	undefined	undefined	24576	24576	24576	1	0
thermalexchange	onUpdate	142	6	1	0	Fire	1	1	0	0	0	1	16384	greninjabond	0	0	0	0	0	1	0	1	60	0	0	0	0	Move	0	brn	magoberry	1	1	0	1	1	log:-activate:0:ability: Thermal Exchange:undefined|cure:0	undefined	true	16384	16384	16384	1	2
thermalexchange	onUpdate	143	6	6	70	Ghost	0	1	0	0	100	-1	0	pikachu	1	1	0	1	1	-1	0	1	100	160	0	0	null	Ability	0	brn	sitrusberry	0	-1	0	0	1	log:-activate:0:ability: Thermal Exchange:undefined|cure:0	undefined	undefined	0	0	0	-1	2
thermalexchange	onUpdate	144	1	0	70	Normal	1	0	0	100	0	1	24576	greninjaash	0	1	1	0	0	1	1	2	60	0	0	1	undefined	Ability	1	psn	leftovers	1	0	1	0	1		undefined	true	24576	24576	24576	1	0
thermalexchange	onUpdate	145	0	6	40	Bug	1	1	1	10	100	1	8	pikachu	1	1	1	1	0	1	1	2	60	0	0	1	undefined	Ability	0	psn	figyberry	2	0	-1	0	0		undefined	true	8	8	8	1	2
thermalexchange	onUpdate	146	1	1	70	Normal	0	1	0	100	20	0	8	greninjaash	0	1	0	0	1	-1	1	2	100	160	1	1	true	missing	0	brn	wikiberry	2	-1	99	0	0	log:-activate:0:ability: Thermal Exchange:undefined|cure:0	undefined	false	8	8	8	-1	2
thermalexchange	onUpdate	147	0	1	0	Fire	0	1	0	10	-1	1	24576	greninjabond	0	0	0	1	0	0	0	2	60	160	0	1	true	Move	0	brn	wikiberry	0	-1	0	1	0	log:-activate:0:ability: Thermal Exchange:undefined|cure:0	undefined	true	24576	24576	24576	0	2
thermalexchange	onUpdate	148	6	6	61	Normal	1	1	0	0	0	0	8	greninjaash	1	1	0	1	1	-1	1	1	100	100	0	1	null	Move	0	brn	figyberry	2	0	0	1	0	log:-activate:0:ability: Thermal Exchange:undefined|cure:0	undefined	false	8	8	8	-1	2
thermalexchange	onUpdate	149	0	0	60	Ghost	1	1	0	20	20	1	0	pikachu	0	0	1	1	1	-1	1	2	0	100	1	0	false	Ability	0	psn	sitrusberry	2	1	-1	0	0		undefined	true	0	0	0	-1	2
thermalexchange	onUpdate	150	-1	6	0	Bug	0	1	1	0	100	1	0	greninjabond	1	1	0	0	1	6	1	1	0	160	0	0	false	Move	1	psn	magoberry	1	-1	99	0	1		undefined	true	0	0	0	6	2
thermalexchange	onUpdate	151	6	6	40	Dark	0	1	1	20	20	-1	2048	greninjabond	0	1	0	0	0	6	0	0	60	160	1	1	false	missing	0	brn	sitrusberry	2	0	0	1	0	log:-activate:0:ability: Thermal Exchange:undefined|cure:0	undefined	undefined	2048	2048	2048	6	2
thermalexchange	onUpdate	152	1	1	61	Bug	0	1	1	10	20	-1	24576	greninjaash	1	0	1	1	0	6	1	1	0	100	1	0	true	Move	1	psn	iapapaberry	2	-1	0	1	1		undefined	undefined	24576	24576	24576	6	2
thermalexchange	onUpdate	153	-1	0	70	Dark	1	0	1	10	0	-1	16384	greninjabond	0	0	1	1	0	1	0	1	100	160	0	0	true	Ability	0	brn	iapapaberry	1	0	0	0	0	log:-activate:0:ability: Thermal Exchange:undefined|cure:0	undefined	undefined	16384	16384	16384	1	0
thermalexchange	onUpdate	154	0	6	70	Fire	0	1	0	10	100	0	0	greninjabond	0	1	1	0	0	1	1	2	100	0	0	0	true	Ability	1	psn	figyberry	2	-1	-1	0	1		undefined	false	0	0	0	1	2
thermalexchange	onUpdate	155	-1	0	0	Fire	0	1	1	10	20	1	0	greninjaash	0	0	1	0	1	1	1	0	100	0	1	0	undefined	missing	0	psn	sitrusberry	2	-1	99	0	1		undefined	true	0	0	0	1	2
thermalexchange	onUpdate	156	0	1	60	Water	1	1	1	100	0	-1	2048	greninjabond	0	0	0	0	1	-1	1	1	100	100	1	0	null	Move	0	brn	leftovers	1	0	1	1	1	log:-activate:0:ability: Thermal Exchange:undefined|cure:0	undefined	undefined	2048	2048	2048	-1	2
thermalexchange	onUpdate	157	6	6	40	Fire	1	0	0	0	20	1	16384	greninjabond	1	1	1	1	0	1	0	2	100	0	0	0	0	missing	1	psn	wikiberry	2	-1	99	0	0		undefined	true	16384	16384	16384	1	0
thermalexchange	onUpdate	158	0	1	70	Ghost	0	0	1	0	20	0	8192	pikachu	1	1	0	0	0	6	1	2	60	100	0	0	null	missing	0	brn	iapapaberry	0	1	0	0	0	log:-activate:0:ability: Thermal Exchange:undefined|cure:0	undefined	false	8192	8192	8192	6	0
thermalexchange	onUpdate	159	-1	0	40	Bug	1	1	0	10	0	-1	16384	greninjabond	0	1	1	0	1	1	0	1	0	0	0	0	true	Move	0	brn	magoberry	1	0	1	1	1	log:-activate:0:ability: Thermal Exchange:undefined|cure:0	undefined	undefined	16384	16384	16384	1	2
thermalexchange	onUpdate	160	1	0	0	Water	0	1	0	20	-1	-1	24576	pikachu	0	0	0	0	1	0	0	1	60	160	1	1	undefined	missing	0	psn	magoberry	2	0	-1	1	1		undefined	undefined	24576	24576	24576	0	2
thermalexchange	onUpdate	161	-1	6	0	Ghost	0	1	1	0	20	0	2048	greninjaash	0	1	1	0	0	1	1	0	100	100	0	0	undefined	Ability	1	brn	magoberry	1	0	99	1	0	log:-activate:0:ability: Thermal Exchange:undefined|cure:0	undefined	false	2048	2048	2048	1	2
thermalexchange	onUpdate	162	-1	0	0	Water	0	0	1	0	0	0	8	greninjabond	0	0	1	1	0	0	0	2	60	100	0	0	true	Ability	0	brn	sitrusberry	1	-1	-1	1	0	log:-activate:0:ability: Thermal Exchange:undefined|cure:0	undefined	false	8	8	8	0	0
thermalexchange	onUpdate	163	6	6	60	Ghost	0	1	0	20	20	-1	2048	greninjabond	0	0	0	0	0	6	1	0	60	100	1	0	0	missing	0	psn	figyberry	1	0	1	0	0		undefined	undefined	2048	2048	2048	6	2
thermalexchange	onUpdate	164	6	0	40	Water	0	0	0	20	0	-1	16384	pikachu	1	0	1	1	1	6	1	1	0	0	1	1	null	Move	0	brn	magoberry	2	-1	99	1	1	log:-activate:0:ability: Thermal Exchange:undefined|cure:0	undefined	undefined	16384	16384	16384	6	0
thermalexchange	onUpdate	165	-1	6	40	Normal	0	1	1	20	-1	1	24576	greninjaash	1	0	0	0	0	-1	1	0	100	160	0	1	undefined	missing	0	brn	aguavberry	1	1	99	0	0	log:-activate:0:ability: Thermal Exchange:undefined|cure:0	undefined	true	24576	24576	24576	-1	2
thermalexchange	onUpdate	166	1	6	61	Normal	0	0	1	0	-1	0	16384	pikachu	1	0	1	0	0	-1	0	0	60	0	1	0	undefined	Move	0	psn	magoberry	1	0	99	1	0		undefined	false	16384	16384	16384	-1	0
thermalexchange	onUpdate	167	0	1	70	Water	1	1	1	0	100	0	0	greninjaash	0	1	0	1	1	0	0	1	100	160	0	0	null	Ability	1	psn	sitrusberry	1	1	1	0	0		undefined	false	0	0	0	0	2
thermalexchange	onUpdate	168	6	1	61	Water	1	0	0	100	100	0	16384	greninjabond	1	1	1	1	1	6	0	0	60	100	0	0	true	Ability	0	psn	leftovers	0	1	99	1	0		undefined	false	16384	16384	16384	6	0
thermalexchange	onUpdate	169	-1	6	60	Bug	1	0	1	0	0	0	24576	pikachu	1	0	1	0	1	1	0	0	100	100	0	1	null	missing	0	psn	figyberry	1	1	-1	1	1		undefined	false	24576	24576	24576	1	0
thermalexchange	onUpdate	170	-1	6	61	Dark	0	0	1	20	-1	0	0	pikachu	1	0	1	1	1	-1	1	0	60	100	0	0	true	Ability	0	brn	wikiberry	0	1	-1	0	0	log:-activate:0:ability: Thermal Exchange:undefined|cure:0	undefined	false	0	0	0	-1	0
thermalexchange	onUpdate	171	1	6	70	Water	1	1	0	20	100	1	0	pikachu	1	0	1	1	0	-1	1	1	100	160	0	1	undefined	Ability	0	brn	sitrusberry	2	0	-1	1	1	log:-activate:0:ability: Thermal Exchange:undefined|cure:0	undefined	true	0	0	0	-1	2
thermalexchange	onUpdate	172	0	0	60	Bug	1	0	0	10	0	-1	0	pikachu	1	1	0	0	1	6	0	1	60	100	0	0	true	Move	1	brn	magoberry	1	1	-1	0	0	log:-activate:0:ability: Thermal Exchange:undefined|cure:0	undefined	undefined	0	0	0	6	0
thermalexchange	onUpdate	173	1	0	0	Ghost	1	0	1	100	-1	-1	2048	greninjabond	0	1	0	0	0	1	0	2	0	0	0	1	undefined	missing	1	brn	wikiberry	2	1	1	1	0	log:-activate:0:ability: Thermal Exchange:undefined|cure:0	undefined	undefined	2048	2048	2048	1	0
thermalexchange	onUpdate	174	-1	1	60	Fire	0	1	0	0	0	-1	2048	greninjaash	1	0	1	0	1	-1	1	0	100	0	1	0	true	Ability	1	psn	sitrusberry	0	0	0	0	1		undefined	undefined	2048	2048	2048	-1	2
thermalexchange	onUpdate	175	0	0	0	Ghost	1	1	1	20	20	0	8192	pikachu	0	1	1	1	0	-1	1	1	60	160	1	1	null	missing	1	psn	sitrusberry	2	-1	99	1	1		undefined	false	8192	8192	8192	-1	2
thermalexchange	onUpdate	176	6	0	70	Bug	0	0	1	0	-1	0	16384	pikachu	1	0	1	0	1	-1	0	1	60	160	1	1	null	missing	0	psn	leftovers	1	-1	1	1	0		undefined	false	16384	16384	16384	-1	0
thermalexchange	onUpdate	177	6	1	61	Bug	1	1	1	100	-1	-1	0	pikachu	0	1	1	1	1	6	0	0	0	100	0	1	undefined	Move	1	psn	figyberry	2	0	1	1	1		undefined	undefined	0	0	0	6	2
thermalexchange	onUpdate	178	6	1	61	Bug	1	0	1	0	20	1	2048	greninjaash	1	1	1	1	0	1	0	1	0	160	1	0	null	Move	1	psn	sitrusberry	2	-1	-1	1	1		undefined	true	2048	2048	2048	1	0
thermalexchange	onUpdate	179	-1	0	40	Water	1	1	1	100	0	0	2048	pikachu	1	0	0	1	1	0	1	1	0	160	1	1	0	Move	0	brn	aguavberry	2	-1	99	0	0	log:-activate:0:ability: Thermal Exchange:undefined|cure:0	undefined	false	2048	2048	2048	0	2
thermalexchange	onUpdate	180	6	6	70	Bug	0	1	1	0	-1	1	24576	greninjabond	0	1	0	1	0	1	0	1	0	160	1	1	null	missing	1	brn	figyberry	1	0	0	0	0	log:-activate:0:ability: Thermal Exchange:undefined|cure:0	undefined	true	24576	24576	24576	1	2
thermalexchange	onUpdate	181	-1	6	0	Dark	1	1	1	10	-1	0	8192	greninjaash	1	0	0	1	1	-1	0	1	0	0	0	0	0	Move	0	psn	wikiberry	2	-1	1	1	0		undefined	false	8192	8192	8192	-1	2
thermalexchange	onUpdate	182	0	0	60	Normal	0	1	0	0	100	-1	8	greninjabond	1	0	1	0	0	0	1	0	100	100	1	0	false	Ability	0	brn	sitrusberry	0	1	99	1	1	log:-activate:0:ability: Thermal Exchange:undefined|cure:0	undefined	undefined	8	8	8	0	2
thermalexchange	onUpdate	183	1	6	0	Ghost	0	1	0	10	0	-1	8192	greninjabond	1	1	0	0	1	6	1	2	0	0	0	1	undefined	Move	1	brn	iapapaberry	1	-1	-1	1	0	log:-activate:0:ability: Thermal Exchange:undefined|cure:0	undefined	undefined	8192	8192	8192	6	2
thermalexchange	onUpdate	184	6	0	60	Water	1	1	0	10	100	1	0	greninjaash	0	0	0	1	1	1	1	1	60	160	1	0	true	missing	1	brn	wikiberry	1	1	0	1	1	log:-activate:0:ability: Thermal Exchange:undefined|cure:0	undefined	true	0	0	0	1	2
thermalexchange	onUpdate	185	6	1	40	Dark	0	0	1	100	100	1	8	greninjabond	1	0	0	1	1	6	1	2	0	0	1	1	null	Move	0	brn	wikiberry	0	-1	99	1	1	log:-activate:0:ability: Thermal Exchange:undefined|cure:0	undefined	true	8	8	8	6	0
thermalexchange	onUpdate	186	1	0	40	Fire	1	1	0	20	0	-1	24576	greninjaash	1	1	0	1	1	0	0	2	0	160	1	0	null	missing	0	brn	wikiberry	1	0	-1	0	1	log:-activate:0:ability: Thermal Exchange:undefined|cure:0	undefined	undefined	24576	24576	24576	0	2
thermalexchange	onUpdate	187	6	0	70	Fire	1	1	0	100	0	-1	16384	greninjabond	1	0	0	0	0	1	1	2	0	160	0	0	null	Move	1	brn	sitrusberry	0	-1	0	0	1	log:-activate:0:ability: Thermal Exchange:undefined|cure:0	undefined	undefined	16384	16384	16384	1	2
thermalexchange	onUpdate	188	1	1	60	Bug	1	0	0	100	-1	0	8	greninjaash	1	0	1	0	0	1	0	1	60	100	1	0	true	Ability	1	brn	sitrusberry	2	-1	1	0	1	log:-activate:0:ability: Thermal Exchange:undefined|cure:0	undefined	false	8	8	8	1	0
thermalexchange	onUpdate	189	0	6	70	Normal	0	0	1	20	0	-1	2048	greninjabond	1	1	0	1	1	1	1	1	100	100	0	0	false	missing	1	brn	magoberry	1	0	1	1	0	log:-activate:0:ability: Thermal Exchange:undefined|cure:0	undefined	undefined	2048	2048	2048	1	0
thermalexchange	onUpdate	190	1	6	60	Dark	0	0	0	0	100	1	2048	pikachu	0	1	1	0	1	0	0	0	60	0	0	0	true	missing	0	psn	figyberry	1	0	0	0	0		undefined	true	2048	2048	2048	0	0
thermalexchange	onUpdate	191	6	0	40	Dark	0	1	1	100	100	-1	8	pikachu	1	1	0	1	1	1	1	0	0	0	1	0	false	Move	1	brn	figyberry	1	0	-1	0	1	log:-activate:0:ability: Thermal Exchange:undefined|cure:0	undefined	undefined	8	8	8	1	2
thermalexchange	onUpdate	192	6	0	70	Normal	0	1	0	20	-1	-1	8192	pikachu	1	1	1	0	1	6	1	0	100	0	0	1	undefined	Ability	1	brn	magoberry	0	-1	-1	0	1	log:-activate:0:ability: Thermal Exchange:undefined|cure:0	undefined	undefined	8192	8192	8192	6	2
thermalexchange	onUpdate	193	6	0	70	Bug	1	1	0	100	-1	0	2048	greninjaash	1	0	0	0	1	6	0	0	0	100	1	0	true	Ability	0	brn	sitrusberry	2	-1	0	0	1	log:-activate:0:ability: Thermal Exchange:undefined|cure:0	undefined	false	2048	2048	2048	6	2
thermalexchange	onUpdate	194	0	0	0	Normal	1	1	0	0	-1	1	16384	greninjaash	1	0	0	1	0	6	1	2	0	160	1	0	false	Move	0	psn	figyberry	0	1	-1	0	0		undefined	true	16384	16384	16384	6	2
thermalexchange	onUpdate	195	1	0	60	Ghost	0	1	1	0	-1	1	8	pikachu	0	0	1	0	0	6	0	0	0	100	1	1	undefined	Ability	1	psn	magoberry	1	1	-1	1	0		undefined	true	8	8	8	6	2
thermalexchange	onUpdate	196	-1	1	40	Water	0	0	0	20	-1	0	24576	pikachu	0	0	0	1	0	0	1	0	0	0	0	1	null	Ability	0	brn	sitrusberry	0	1	99	0	1	log:-activate:0:ability: Thermal Exchange:undefined|cure:0	undefined	false	24576	24576	24576	0	0
thermalexchange	onUpdate	197	6	0	0	Water	1	1	1	0	0	-1	24576	greninjaash	0	1	0	1	1	-1	0	2	0	160	0	1	false	missing	1	brn	figyberry	1	0	0	1	0	log:-activate:0:ability: Thermal Exchange:undefined|cure:0	undefined	undefined	24576	24576	24576	-1	2
thermalexchange	onUpdate	198	6	1	61	Normal	1	0	1	0	20	1	0	greninjabond	0	1	0	0	0	1	1	1	0	0	0	0	true	Move	1	brn	aguavberry	1	-1	99	0	1	log:-activate:0:ability: Thermal Exchange:undefined|cure:0	undefined	true	0	0	0	1	0
thermalexchange	onUpdate	199	6	6	60	Water	0	1	0	20	20	-1	8192	greninjaash	1	1	1	1	0	0	1	1	60	100	0	0	null	missing	1	psn	wikiberry	2	0	0	1	0		undefined	undefined	8192	8192	8192	0	2
thermalexchange	onUpdate	200	6	0	40	Fire	0	0	1	100	100	0	8192	greninjabond	0	1	0	1	0	0	1	1	0	0	1	0	true	Ability	1	brn	figyberry	1	1	-1	0	0	log:-activate:0:ability: Thermal Exchange:undefined|cure:0	undefined	false	8192	8192	8192	0	0
thermalexchange	onUpdate	201	6	1	0	Water	0	0	0	20	20	1	2048	greninjaash	0	1	0	0	0	6	1	1	60	160	1	0	true	Move	1	psn	sitrusberry	1	0	1	0	1		undefined	true	2048	2048	2048	6	0
thermalexchange	onUpdate	202	-1	1	61	Dark	1	0	0	20	20	-1	16384	greninjaash	1	0	0	1	0	1	0	1	60	160	0	0	undefined	Ability	1	brn	aguavberry	2	1	-1	1	0	log:-activate:0:ability: Thermal Exchange:undefined|cure:0	undefined	undefined	16384	16384	16384	1	0
thermalexchange	onUpdate	203	-1	0	0	Normal	0	1	0	10	20	-1	8192	pikachu	0	0	0	1	1	-1	0	1	60	160	0	1	false	Ability	1	psn	sitrusberry	0	0	1	0	1		undefined	undefined	8192	8192	8192	-1	2
thermalexchange	onUpdate	204	1	6	61	Normal	0	1	1	10	-1	1	2048	pikachu	1	1	0	0	0	0	1	1	0	0	1	0	0	Move	0	brn	iapapaberry	2	0	0	0	1	log:-activate:0:ability: Thermal Exchange:undefined|cure:0	undefined	true	2048	2048	2048	0	2
thermalexchange	onUpdate	205	0	0	61	Dark	1	0	1	10	0	-1	8192	greninjaash	1	0	1	0	1	1	1	1	0	160	1	1	undefined	Ability	0	psn	aguavberry	2	-1	0	0	0		undefined	undefined	8192	8192	8192	1	0
thermalexchange	onUpdate	206	-1	6	61	Fire	1	0	1	0	-1	-1	8	pikachu	0	0	0	0	0	6	1	2	60	160	0	0	null	Ability	0	psn	aguavberry	2	0	0	1	1		undefined	undefined	8	8	8	6	0
thermalexchange	onUpdate	207	-1	6	70	Normal	1	1	1	0	0	-1	8192	greninjabond	0	0	0	0	1	-1	1	2	100	160	0	1	null	missing	1	psn	figyberry	1	0	0	0	1		undefined	undefined	8192	8192	8192	-1	2
thermalexchange	onUpdate	208	-1	6	61	Fire	1	1	0	0	20	0	8192	greninjabond	1	0	0	1	0	1	1	1	100	160	0	1	true	missing	0	brn	leftovers	2	-1	99	0	0	log:-activate:0:ability: Thermal Exchange:undefined|cure:0	undefined	false	8192	8192	8192	1	2
thermalexchange	onUpdate	209	1	6	70	Fire	0	1	0	20	0	1	8	greninjaash	1	0	0	1	0	6	0	0	0	160	1	1	true	Ability	0	psn	wikiberry	2	1	-1	0	1		undefined	true	8	8	8	6	2
thermalexchange	onUpdate	210	-1	6	0	Bug	1	0	1	0	100	0	24576	greninjabond	0	0	1	1	1	-1	0	1	0	0	0	0	undefined	missing	0	psn	wikiberry	0	1	-1	0	1		undefined	false	24576	24576	24576	-1	0
thermalexchange	onUpdate	211	6	6	40	Water	0	1	1	10	20	1	8	greninjabond	0	0	1	1	0	0	0	0	100	0	0	0	0	Ability	1	brn	sitrusberry	1	-1	0	0	0	log:-activate:0:ability: Thermal Exchange:undefined|cure:0	undefined	true	8	8	8	0	2
thermalexchange	onUpdate	212	-1	1	60	Bug	1	1	0	0	-1	0	16384	pikachu	0	0	1	0	0	0	1	2	100	100	1	1	undefined	missing	0	brn	iapapaberry	0	0	1	1	0	log:-activate:0:ability: Thermal Exchange:undefined|cure:0	undefined	false	16384	16384	16384	0	2
thermalexchange	onUpdate	213	6	0	61	Ghost	0	1	0	100	100	0	16384	greninjaash	1	1	1	0	0	-1	0	1	60	160	1	1	false	Move	1	psn	sitrusberry	0	0	-1	0	0		undefined	false	16384	16384	16384	-1	2
thermalexchange	onUpdate	214	1	6	40	Water	1	1	1	0	0	0	2048	greninjabond	0	0	0	0	1	6	0	0	60	160	1	0	false	missing	0	brn	leftovers	2	1	-1	0	0	log:-activate:0:ability: Thermal Exchange:undefined|cure:0	undefined	false	2048	2048	2048	6	2
thermalexchange	onUpdate	215	0	6	70	Fire	1	0	1	100	100	-1	8192	pikachu	0	0	1	0	0	6	0	0	100	0	1	0	true	Ability	0	psn	iapapaberry	2	1	1	0	1		undefined	undefined	8192	8192	8192	6	0
thermalexchange	onUpdate	216	-1	0	61	Dark	0	1	1	10	0	-1	16384	greninjaash	1	0	1	0	0	-1	0	0	60	100	0	0	undefined	missing	0	brn	iapapaberry	2	-1	1	0	1	log:-activate:0:ability: Thermal Exchange:undefined|cure:0	undefined	undefined	16384	16384	16384	-1	2
thermalexchange	onUpdate	217	1	0	0	Fire	1	0	0	10	20	1	0	greninjaash	1	1	0	1	0	6	0	2	100	0	1	1	false	Ability	1	brn	magoberry	0	0	1	1	1	log:-activate:0:ability: Thermal Exchange:undefined|cure:0	undefined	true	0	0	0	6	0
thermalexchange	onUpdate	218	6	6	60	Ghost	0	1	1	20	0	0	2048	pikachu	0	1	1	1	0	6	1	1	60	160	0	0	undefined	missing	0	brn	figyberry	1	0	-1	1	1	log:-activate:0:ability: Thermal Exchange:undefined|cure:0	undefined	false	2048	2048	2048	6	2
thermalexchange	onUpdate	219	1	6	60	Ghost	1	1	1	20	100	0	8	greninjabond	1	0	0	0	0	1	0	0	60	100	1	0	true	missing	1	brn	iapapaberry	0	0	-1	1	0	log:-activate:0:ability: Thermal Exchange:undefined|cure:0	undefined	false	8	8	8	1	2
thermalexchange	onUpdate	220	1	1	70	Water	0	0	0	100	-1	0	16384	pikachu	0	0	0	1	1	-1	1	0	60	160	0	0	null	missing	1	brn	wikiberry	0	0	99	1	0	log:-activate:0:ability: Thermal Exchange:undefined|cure:0	undefined	false	16384	16384	16384	-1	0
thermalexchange	onUpdate	221	-1	0	40	Normal	1	0	0	10	100	1	8192	greninjaash	0	0	1	1	0	1	0	0	100	0	1	0	true	Move	0	brn	wikiberry	0	0	-1	0	0	log:-activate:0:ability: Thermal Exchange:undefined|cure:0	undefined	true	8192	8192	8192	1	0
thermalexchange	onUpdate	222	6	6	70	Ghost	1	1	0	0	100	-1	2048	greninjabond	0	1	1	1	0	-1	1	0	60	0	1	1	undefined	Move	1	psn	magoberry	1	1	1	1	0		undefined	undefined	2048	2048	2048	-1	2
thermalexchange	onUpdate	223	1	0	0	Fire	1	0	0	20	20	1	0	greninjaash	0	0	0	1	0	6	0	0	100	100	0	0	false	Ability	0	brn	leftovers	2	-1	1	1	0	log:-activate:0:ability: Thermal Exchange:undefined|cure:0	undefined	true	0	0	0	6	0
thermalexchange	onUpdate	224	-1	6	0	Ghost	1	0	1	20	20	1	2048	greninjabond	0	1	0	1	0	0	0	0	100	160	1	1	true	Ability	0	brn	figyberry	0	-1	0	0	1	log:-activate:0:ability: Thermal Exchange:undefined|cure:0	undefined	true	2048	2048	2048	0	0
thermalexchange	onUpdate	225	1	6	60	Normal	0	1	0	10	100	0	24576	greninjabond	0	0	1	1	1	6	1	0	0	100	0	0	0	Ability	0	psn	iapapaberry	0	0	99	1	1		undefined	false	24576	24576	24576	6	2
thermalexchange	onUpdate	226	1	1	0	Water	0	1	1	0	-1	-1	16384	greninjabond	0	1	1	1	1	0	0	1	60	0	1	0	0	missing	1	psn	iapapaberry	0	-1	-1	0	0		undefined	undefined	16384	16384	16384	0	2
thermalexchange	onUpdate	227	-1	0	61	Fire	1	1	0	20	0	0	24576	greninjaash	1	0	1	1	1	-1	0	0	60	0	0	1	0	missing	1	psn	leftovers	2	0	1	0	1		undefined	false	24576	24576	24576	-1	2
thermalexchange	onUpdate	228	0	1	40	Bug	1	0	1	20	20	1	8	greninjabond	1	1	0	0	1	-1	0	2	0	160	1	1	true	Move	1	brn	figyberry	1	1	-1	1	1	log:-activate:0:ability: Thermal Exchange:undefined|cure:0	undefined	true	8	8	8	-1	0
thermalexchange	onUpdate	229	1	6	40	Ghost	1	1	0	20	100	1	2048	pikachu	1	1	1	1	0	-1	1	0	100	160	1	0	null	Ability	1	brn	aguavberry	2	-1	99	1	1	log:-activate:0:ability: Thermal Exchange:undefined|cure:0	undefined	true	2048	2048	2048	-1	2
thermalexchange	onUpdate	230	-1	6	0	Bug	1	0	0	10	100	-1	8	greninjaash	0	1	1	1	1	-1	0	0	60	160	1	1	undefined	Move	0	brn	leftovers	1	1	-1	0	1	log:-activate:0:ability: Thermal Exchange:undefined|cure:0	undefined	undefined	8	8	8	-1	0
thermalexchange	onUpdate	231	1	6	40	Normal	1	0	1	0	-1	0	0	greninjaash	1	0	0	1	1	1	0	1	60	100	1	1	undefined	Move	0	brn	sitrusberry	2	0	99	0	1	log:-activate:0:ability: Thermal Exchange:undefined|cure:0	undefined	false	0	0	0	1	0
thermalexchange	onUpdate	232	-1	0	70	Dark	0	0	0	100	0	1	0	greninjaash	1	1	0	0	0	6	0	0	60	100	0	0	undefined	missing	1	brn	figyberry	1	1	-1	1	1	log:-activate:0:ability: Thermal Exchange:undefined|cure:0	undefined	true	0	0	0	6	0
thermalexchange	onUpdate	233	0	1	70	Bug	0	0	1	0	-1	0	16384	pikachu	1	1	1	0	1	6	0	2	100	160	0	0	undefined	Move	1	psn	sitrusberry	2	0	0	1	1		undefined	false	16384	16384	16384	6	0
thermalexchange	onUpdate	234	0	6	70	Fire	0	0	0	20	100	1	24576	greninjabond	0	0	0	1	0	-1	0	0	60	100	1	0	null	missing	0	brn	figyberry	1	0	-1	1	1	log:-activate:0:ability: Thermal Exchange:undefined|cure:0	undefined	true	24576	24576	24576	-1	0
thermalexchange	onUpdate	235	6	6	60	Fire	1	1	1	100	0	0	8192	greninjaash	1	0	1	1	0	0	1	0	60	160	1	1	true	Move	0	psn	wikiberry	2	1	0	0	0		undefined	false	8192	8192	8192	0	2
thermalexchange	onUpdate	236	6	6	60	Bug	0	1	0	10	20	1	8	greninjaash	0	1	1	1	1	6	0	1	100	160	1	0	false	Ability	1	brn	leftovers	0	-1	0	1	1	log:-activate:0:ability: Thermal Exchange:undefined|cure:0	undefined	true	8	8	8	6	2
thermalexchange	onUpdate	237	-1	6	60	Ghost	0	0	0	0	20	0	24576	pikachu	1	0	1	0	1	6	0	0	60	0	1	1	null	Ability	1	psn	wikiberry	2	0	99	1	1		undefined	false	24576	24576	24576	6	0
thermalexchange	onUpdate	238	0	1	70	Dark	0	0	0	10	20	-1	0	pikachu	1	1	1	1	0	0	0	1	100	0	1	1	0	Move	1	psn	iapapaberry	0	-1	1	0	1		undefined	undefined	0	0	0	0	0
thermalexchange	onUpdate	239	6	6	60	Water	0	0	0	100	100	1	16384	pikachu	1	0	1	0	0	0	0	1	60	100	0	1	false	Move	0	psn	leftovers	0	-1	99	0	0		undefined	true	16384	16384	16384	0	0
thermalexchange	onUpdate	240	-1	1	61	Ghost	0	1	1	0	20	-1	8	pikachu	0	0	1	1	1	0	1	2	60	0	0	1	true	Ability	1	brn	wikiberry	1	1	99	1	0	log:-activate:0:ability: Thermal Exchange:undefined|cure:0	undefined	undefined	8	8	8	0	2
thermalexchange	onUpdate	241	0	6	60	Fire	1	1	1	0	100	1	8	greninjabond	1	0	1	0	1	6	1	1	0	0	0	1	0	missing	1	brn	iapapaberry	2	0	1	0	1	log:-activate:0:ability: Thermal Exchange:undefined|cure:0	undefined	true	8	8	8	6	2
thermalexchange	onUpdate	242	-1	6	0	Bug	0	0	0	0	0	1	0	greninjabond	0	0	0	1	1	6	1	2	0	100	1	0	undefined	Move	0	psn	sitrusberry	2	1	-1	1	1		undefined	true	0	0	0	6	0
thermalexchange	onUpdate	243	1	1	0	Water	1	1	0	100	-1	-1	2048	greninjaash	0	0	0	0	0	1	1	0	0	100	0	0	true	Ability	0	psn	aguavberry	2	-1	99	1	1		undefined	undefined	2048	2048	2048	1	2
thermalexchange	onUpdate	244	0	0	61	Bug	0	0	0	0	20	-1	24576	greninjabond	1	0	0	0	1	6	0	1	0	0	0	1	undefined	Ability	0	brn	wikiberry	2	-1	1	1	0	log:-activate:0:ability: Thermal Exchange:undefined|cure:0	undefined	undefined	24576	24576	24576	6	0
thermalexchange	onUpdate	245	0	1	40	Bug	1	1	0	10	20	-1	8	greninjabond	0	1	1	0	1	0	1	2	100	160	0	1	0	Move	0	brn	magoberry	1	1	99	1	1	log:-activate:0:ability: Thermal Exchange:undefined|cure:0	undefined	undefined	8	8	8	0	2
thermalexchange	onUpdate	246	1	1	60	Dark	0	1	0	10	-1	0	8192	pikachu	1	0	0	1	0	0	1	1	100	0	0	1	true	missing	1	brn	iapapaberry	0	-1	-1	1	0	log:-activate:0:ability: Thermal Exchange:undefined|cure:0	undefined	false	8192	8192	8192	0	2
thermalexchange	onUpdate	247	-1	1	60	Ghost	0	0	1	10	20	0	2048	greninjaash	1	0	0	0	0	-1	0	0	100	100	0	0	undefined	Move	0	psn	aguavberry	0	0	-1	1	1		undefined	false	2048	2048	2048	-1	0
thermalexchange	onUpdate	248	0	6	0	Fire	1	1	1	10	-1	1	8	greninjaash	1	1	0	0	1	1	1	0	100	100	1	0	undefined	missing	1	brn	magoberry	2	1	1	1	0	log:-activate:0:ability: Thermal Exchange:undefined|cure:0	undefined	true	8	8	8	1	2
thermalexchange	onUpdate	249	0	6	0	Ghost	0	0	1	100	0	-1	8	greninjabond	0	1	1	1	0	6	0	1	0	0	0	1	false	Move	0	brn	aguavberry	2	0	-1	0	1	log:-activate:0:ability: Thermal Exchange:undefined|cure:0	undefined	undefined	8	8	8	6	0
thermalexchange	onUpdate	250	6	0	60	Bug	0	0	0	20	-1	-1	2048	greninjaash	0	1	0	1	1	0	0	0	60	160	1	0	0	Ability	1	brn	aguavberry	0	1	-1	0	0	log:-activate:0:ability: Thermal Exchange:undefined|cure:0	undefined	undefined	2048	2048	2048	0	0
thermalexchange	onUpdate	251	-1	6	61	Bug	0	1	1	0	20	1	2048	greninjabond	0	0	1	0	1	6	1	1	60	160	0	1	false	Move	0	brn	figyberry	0	-1	1	0	0	log:-activate:0:ability: Thermal Exchange:undefined|cure:0	undefined	true	2048	2048	2048	6	2
thermalexchange	onUpdate	252	6	6	0	Water	1	0	1	100	20	1	0	greninjabond	0	0	0	1	1	1	1	2	100	160	1	0	true	Ability	0	psn	wikiberry	1	1	99	1	0		undefined	true	0	0	0	1	0
thermalexchange	onUpdate	253	6	1	61	Bug	0	0	1	100	20	-1	2048	greninjabond	1	0	0	0	1	6	0	2	100	0	0	0	0	Ability	1	brn	leftovers	0	1	1	0	1	log:-activate:0:ability: Thermal Exchange:undefined|cure:0	undefined	undefined	2048	2048	2048	6	0
thermalexchange	onUpdate	254	-1	1	70	Normal	0	1	1	10	0	1	8192	pikachu	1	0	0	1	1	1	0	0	0	160	0	1	undefined	missing	0	psn	aguavberry	2	1	1	0	0		undefined	true	8192	8192	8192	1	2
thermalexchange	onUpdate	255	-1	0	40	Fire	0	0	1	0	-1	0	0	pikachu	0	0	1	1	1	6	1	1	60	100	1	0	false	missing	1	brn	wikiberry	2	0	0	0	0	log:-activate:0:ability: Thermal Exchange:undefined|cure:0	undefined	false	0	0	0	6	0
thermalexchange	onUpdate	256	0	6	70	Dark	0	0	0	20	100	-1	24576	greninjabond	0	1	0	1	1	-1	1	1	100	0	0	1	true	missing	0	brn	leftovers	0	1	0	1	1	log:-activate:0:ability: Thermal Exchange:undefined|cure:0	undefined	undefined	24576	24576	24576	-1	0
thermalexchange	onUpdate	257	-1	6	61	Normal	0	1	1	100	20	-1	2048	greninjabond	1	0	1	1	0	6	1	2	100	0	0	1	undefined	Ability	1	psn	wikiberry	2	1	0	0	1		undefined	undefined	2048	2048	2048	6	2
thermalexchange	onUpdate	258	6	0	61	Dark	1	1	0	0	20	0	8192	pikachu	1	1	1	1	0	-1	0	2	100	160	0	0	null	Ability	0	psn	wikiberry	2	0	-1	1	0		undefined	false	8192	8192	8192	-1	2
thermalexchange	onUpdate	259	6	0	70	Dark	0	1	1	10	20	0	2048	pikachu	0	0	0	1	0	-1	1	2	0	100	1	1	true	Ability	0	brn	leftovers	1	-1	-1	0	1	log:-activate:0:ability: Thermal Exchange:undefined|cure:0	undefined	false	2048	2048	2048	-1	2
thermalexchange	onUpdate	260	0	6	0	Fire	0	1	0	20	20	1	2048	greninjaash	0	1	1	0	1	1	1	0	60	100	0	1	0	missing	0	psn	wikiberry	1	0	-1	0	0		undefined	true	2048	2048	2048	1	2
thermalexchange	onUpdate	261	0	1	70	Ghost	0	0	1	0	20	1	24576	pikachu	0	1	0	1	0	0	0	1	60	160	0	0	true	missing	0	psn	leftovers	2	0	1	0	1		undefined	true	24576	24576	24576	0	0
thermalexchange	onUpdate	262	0	6	70	Fire	0	0	1	10	100	1	16384	greninjaash	1	1	0	1	0	1	0	0	60	0	0	1	false	Move	1	brn	leftovers	0	1	-1	1	1	log:-activate:0:ability: Thermal Exchange:undefined|cure:0	undefined	true	16384	16384	16384	1	0
thermalexchange	onUpdate	263	0	1	70	Ghost	1	0	0	20	100	1	8	greninjabond	0	0	0	0	0	1	1	0	0	160	0	1	null	Move	1	brn	figyberry	1	-1	0	0	1	log:-activate:0:ability: Thermal Exchange:undefined|cure:0	undefined	true	8	8	8	1	0
thermalexchange	onUpdate	264	0	0	40	Ghost	1	0	1	100	-1	-1	0	pikachu	0	0	1	0	1	0	0	1	60	0	0	0	false	Move	0	brn	magoberry	0	1	-1	1	1	log:-activate:0:ability: Thermal Exchange:undefined|cure:0	undefined	undefined	0	0	0	0	0
thermalexchange	onUpdate	265	-1	6	0	Dark	1	1	1	100	0	0	24576	greninjaash	1	1	1	0	0	6	1	0	100	100	1	0	0	Ability	0	psn	wikiberry	1	0	99	1	1		undefined	false	24576	24576	24576	6	2
thermalexchange	onUpdate	266	1	1	60	Water	1	1	1	20	100	1	2048	greninjabond	1	1	1	1	1	1	1	1	100	0	0	0	false	Move	0	brn	magoberry	1	-1	-1	0	1	log:-activate:0:ability: Thermal Exchange:undefined|cure:0	undefined	true	2048	2048	2048	1	2
thermalexchange	onUpdate	267	1	6	70	Fire	0	1	0	10	100	1	0	greninjaash	1	0	1	1	0	0	1	2	100	160	0	0	false	Move	0	psn	figyberry	0	1	99	1	0		undefined	true	0	0	0	0	2
thermalexchange	onUpdate	268	6	0	61	Fire	1	1	1	10	100	0	0	greninjabond	1	0	0	1	0	1	1	2	0	160	0	1	false	Ability	0	psn	wikiberry	1	-1	0	0	1		undefined	false	0	0	0	1	2
thermalexchange	onUpdate	269	1	0	0	Fire	1	1	1	20	-1	0	0	pikachu	0	0	0	1	0	6	1	2	0	160	0	1	null	Ability	1	psn	magoberry	1	1	0	0	1		undefined	false	0	0	0	6	2
thermalexchange	onUpdate	270	1	0	61	Water	0	0	1	10	100	1	8	greninjabond	1	1	1	1	1	6	1	2	0	160	1	1	false	Ability	1	psn	figyberry	0	0	1	0	0		undefined	true	8	8	8	6	0
thermalexchange	onUpdate	271	1	1	40	Bug	1	0	1	10	20	1	24576	greninjabond	0	0	1	0	0	0	1	2	100	100	1	1	null	Ability	1	psn	leftovers	2	1	1	1	0		undefined	true	24576	24576	24576	0	0
thermalexchange	onUpdate	272	0	1	0	Dark	0	1	1	0	100	0	2048	pikachu	1	0	0	1	1	6	0	2	0	160	1	0	0	Move	0	brn	wikiberry	2	-1	99	1	0	log:-activate:0:ability: Thermal Exchange:undefined|cure:0	undefined	false	2048	2048	2048	6	2
thermalexchange	onUpdate	273	-1	0	70	Ghost	0	0	0	20	20	0	2048	pikachu	0	0	0	0	1	6	0	2	60	0	1	0	true	missing	1	brn	aguavberry	0	0	0	1	1	log:-activate:0:ability: Thermal Exchange:undefined|cure:0	undefined	false	2048	2048	2048	6	0
thermalexchange	onUpdate	274	0	0	61	Ghost	1	0	1	0	-1	1	16384	pikachu	1	0	1	1	0	0	0	2	60	100	0	0	0	Ability	1	psn	wikiberry	2	1	-1	1	1		undefined	true	16384	16384	16384	0	0
thermalexchange	onUpdate	275	-1	1	60	Water	1	0	1	20	0	-1	2048	pikachu	1	1	1	0	1	1	1	1	0	160	1	0	undefined	Move	1	psn	wikiberry	2	1	1	0	1		undefined	undefined	2048	2048	2048	1	0
thermalexchange	onUpdate	276	1	6	70	Dark	0	0	1	10	100	1	2048	greninjabond	0	0	1	0	0	0	0	2	100	0	1	0	null	missing	1	psn	magoberry	2	0	1	0	1		undefined	true	2048	2048	2048	0	0
thermalexchange	onUpdate	277	-1	0	0	Bug	0	0	1	100	-1	1	8	greninjabond	1	1	0	0	0	0	0	0	60	160	0	1	null	Ability	1	brn	magoberry	2	0	0	1	1	log:-activate:0:ability: Thermal Exchange:undefined|cure:0	undefined	true	8	8	8	0	0
thermalexchange	onUpdate	278	6	0	0	Fire	1	0	0	10	20	-1	8192	greninjabond	0	0	1	1	0	-1	0	1	100	0	1	1	null	Move	0	brn	wikiberry	0	-1	-1	1	0	log:-activate:0:ability: Thermal Exchange:undefined|cure:0	undefined	undefined	8192	8192	8192	-1	0
thermalexchange	onUpdate	279	1	1	60	Bug	1	0	0	100	-1	1	8192	greninjaash	1	0	1	1	1	-1	1	2	60	0	0	0	null	Move	1	psn	aguavberry	2	1	1	0	1		undefined	true	8192	8192	8192	-1	0
thermalexchange	onUpdate	280	0	1	60	Dark	1	0	0	20	-1	-1	16384	greninjaash	0	1	0	0	1	-1	0	0	100	100	0	1	false	Ability	0	brn	leftovers	2	0	1	0	0	log:-activate:0:ability: Thermal Exchange:undefined|cure:0	undefined	undefined	16384	16384	16384	-1	0
thermalexchange	onUpdate	281	6	1	60	Normal	0	1	0	20	100	0	8192	pikachu	1	1	0	0	1	6	1	0	100	0	1	1	undefined	Move	1	psn	leftovers	1	-1	1	1	1		undefined	false	8192	8192	8192	6	2
thermalexchange	onUpdate	282	-1	0	61	Bug	1	0	1	20	20	0	8	greninjaash	1	0	0	1	1	6	0	0	100	0	1	1	undefined	missing	0	brn	leftovers	2	-1	0	1	0	log:-activate:0:ability: Thermal Exchange:undefined|cure:0	undefined	false	8	8	8	6	0
thermalexchange	onUpdate	283	6	1	70	Water	1	0	0	20	-1	0	24576	greninjaash	1	1	0	1	0	6	0	2	0	100	0	1	false	Ability	1	brn	figyberry	1	0	-1	1	0	log:-activate:0:ability: Thermal Exchange:undefined|cure:0	undefined	false	24576	24576	24576	6	0
thermalexchange	onUpdate	284	-1	0	60	Ghost	0	0	0	0	100	1	8	pikachu	1	1	1	1	0	0	0	0	100	0	0	1	false	missing	1	psn	iapapaberry	2	1	99	0	0		undefined	true	8	8	8	0	0
thermalexchange	onUpdate	285	1	6	40	Normal	0	1	1	10	-1	-1	8	greninjabond	0	0	0	0	1	6	1	1	0	160	1	1	true	Move	0	brn	sitrusberry	0	1	-1	1	1	log:-activate:0:ability: Thermal Exchange:undefined|cure:0	undefined	undefined	8	8	8	6	2
thermalexchange	onUpdate	286	-1	1	40	Bug	1	1	0	10	-1	-1	16384	greninjabond	0	0	1	1	1	-1	0	2	100	100	1	1	null	Ability	1	psn	sitrusberry	1	1	1	1	1		undefined	undefined	16384	16384	16384	-1	2
thermalexchange	onUpdate	287	6	0	40	Fire	0	0	1	20	100	0	24576	greninjabond	1	0	0	1	0	6	1	1	100	100	1	1	0	Ability	1	psn	leftovers	0	1	99	0	0		undefined	false	24576	24576	24576	6	0
thermalexchange	onUpdate	288	0	0	61	Ghost	1	0	1	100	0	-1	2048	greninjabond	1	1	1	1	0	1	1	2	60	160	0	0	undefined	Move	1	brn	wikiberry	1	-1	0	0	0	log:-activate:0:ability: Thermal Exchange:undefined|cure:0	undefined	undefined	2048	2048	2048	1	0
thermalexchange	onUpdate	289	6	6	60	Water	1	0	0	10	-1	1	8	greninjabond	1	0	0	1	1	6	0	2	100	0	1	1	true	missing	0	psn	sitrusberry	1	0	-1	0	1		undefined	true	8	8	8	6	0
thermalexchange	onUpdate	290	6	1	40	Ghost	1	1	0	10	100	1	16384	greninjaash	1	1	0	0	1	1	1	1	0	160	1	1	null	Ability	1	psn	aguavberry	2	-1	0	0	1		undefined	true	16384	16384	16384	1	2
thermalexchange	onUpdate	291	1	6	40	Normal	1	0	1	100	-1	-1	8	greninjabond	1	1	1	1	1	-1	0	2	100	160	0	1	false	Ability	1	brn	leftovers	0	1	99	1	1	log:-activate:0:ability: Thermal Exchange:undefined|cure:0	undefined	undefined	8	8	8	-1	0
thermalexchange	onUpdate	292	1	1	0	Ghost	1	1	1	100	100	-1	8	greninjabond	0	1	0	0	0	-1	0	2	0	160	0	0	true	Move	1	psn	leftovers	1	0	-1	0	0		undefined	undefined	8	8	8	-1	2
thermalexchange	onUpdate	293	6	6	61	Fire	1	0	0	100	0	-1	2048	greninjaash	0	1	1	1	1	0	0	0	0	0	1	0	null	Ability	1	psn	aguavberry	1	0	-1	1	1		undefined	undefined	2048	2048	2048	0	0
thermalexchange	onUpdate	294	0	0	0	Dark	1	1	0	10	0	0	24576	pikachu	0	1	0	1	1	0	1	2	60	100	0	1	0	missing	1	brn	figyberry	1	-1	-1	0	1	log:-activate:0:ability: Thermal Exchange:undefined|cure:0	undefined	false	24576	24576	24576	0	2
thermalexchange	onUpdate	295	-1	6	70	Fire	0	0	0	10	20	1	8	pikachu	1	0	1	0	0	1	1	2	100	0	1	1	true	missing	0	brn	figyberry	0	1	99	1	1	log:-activate:0:ability: Thermal Exchange:undefined|cure:0	undefined	true	8	8	8	1	0
thermalexchange	onUpdate	296	1	1	40	Fire	0	1	1	0	20	-1	8192	greninjaash	0	0	0	0	0	-1	1	1	100	0	1	1	false	missing	1	brn	magoberry	0	0	-1	0	1	log:-activate:0:ability: Thermal Exchange:undefined|cure:0	undefined	undefined	8192	8192	8192	-1	2
thermalexchange	onUpdate	297	6	0	0	Fire	0	1	0	10	100	0	16384	greninjabond	0	1	0	1	0	6	1	0	100	100	1	0	null	missing	1	brn	magoberry	0	1	0	0	0	log:-activate:0:ability: Thermal Exchange:undefined|cure:0	undefined	false	16384	16384	16384	6	2
thermalexchange	onUpdate	298	6	6	70	Bug	1	1	0	100	0	-1	24576	greninjaash	0	1	0	0	0	0	0	1	100	160	1	1	undefined	missing	1	psn	iapapaberry	1	-1	0	1	1		undefined	undefined	24576	24576	24576	0	2
thermalexchange	onUpdate	299	0	1	60	Dark	0	0	1	100	20	1	24576	pikachu	0	1	0	0	1	0	0	0	0	100	1	0	false	Move	1	psn	aguavberry	0	0	0	0	0		undefined	true	24576	24576	24576	0	0
thermalexchange	onUpdate	300	-1	6	61	Dark	0	1	1	20	100	1	8	pikachu	0	0	1	1	0	-1	1	1	60	160	1	1	true	Ability	0	psn	wikiberry	2	-1	0	1	1		undefined	true	8	8	8	-1	2
thermalexchange	onUpdate	301	0	1	60	Water	0	1	0	0	0	0	24576	greninjabond	1	0	1	1	1	6	1	2	60	0	1	0	true	Move	0	psn	iapapaberry	2	0	99	0	1		undefined	false	24576	24576	24576	6	2
thermalexchange	onUpdate	302	6	0	70	Bug	1	0	1	10	100	0	8192	greninjaash	0	1	0	1	0	0	0	0	0	0	0	1	undefined	Ability	0	brn	leftovers	2	0	1	1	0	log:-activate:0:ability: Thermal Exchange:undefined|cure:0	undefined	false	8192	8192	8192	0	0
thermalexchange	onUpdate	303	-1	1	61	Bug	0	0	0	100	-1	-1	2048	greninjaash	1	0	0	0	1	0	0	2	60	0	0	0	true	Move	0	brn	wikiberry	1	0	-1	0	0	log:-activate:0:ability: Thermal Exchange:undefined|cure:0	undefined	undefined	2048	2048	2048	0	0
thermalexchange	onUpdate	304	1	1	61	Fire	1	1	0	10	0	0	8192	greninjabond	0	1	0	1	0	0	1	2	0	100	0	0	false	Move	1	brn	aguavberry	1	-1	99	0	1	log:-activate:0:ability: Thermal Exchange:undefined|cure:0	undefined	false	8192	8192	8192	0	2
thermalexchange	onUpdate	305	1	1	40	Ghost	0	0	0	0	0	1	24576	pikachu	1	0	0	0	0	-1	1	2	0	100	1	0	true	missing	0	brn	wikiberry	0	0	99	0	0	log:-activate:0:ability: Thermal Exchange:undefined|cure:0	undefined	true	24576	24576	24576	-1	0
thermalexchange	onUpdate	306	1	1	40	Fire	0	1	0	10	-1	-1	24576	pikachu	0	0	0	0	1	6	1	2	60	160	0	1	true	missing	0	brn	iapapaberry	2	0	0	0	0	log:-activate:0:ability: Thermal Exchange:undefined|cure:0	undefined	undefined	24576	24576	24576	6	2
thermalexchange	onUpdate	307	6	1	0	Dark	0	0	0	0	100	0	8192	pikachu	0	1	1	0	0	1	0	2	60	100	0	0	true	Ability	1	psn	figyberry	0	-1	-1	1	1		undefined	false	8192	8192	8192	1	0
thermalexchange	onUpdate	308	1	0	60	Dark	1	0	0	10	0	0	0	greninjabond	1	0	1	0	1	6	1	0	60	0	0	0	true	Ability	0	psn	iapapaberry	1	-1	1	1	1		undefined	false	0	0	0	6	0
thermalexchange	onUpdate	309	6	6	61	Water	0	0	0	20	0	0	0	greninjabond	0	1	1	0	0	0	1	0	100	0	1	1	true	missing	1	brn	figyberry	1	-1	99	0	1	log:-activate:0:ability: Thermal Exchange:undefined|cure:0	undefined	false	0	0	0	0	0
thermalexchange	onUpdate	310	-1	6	61	Dark	1	0	1	10	20	0	0	pikachu	0	1	0	1	1	1	0	0	0	100	0	1	null	Move	1	psn	sitrusberry	2	0	-1	0	0		undefined	false	0	0	0	1	0
thermalexchange	onUpdate	311	0	6	70	Water	1	0	1	20	100	1	2048	pikachu	0	0	1	1	0	-1	0	2	100	0	1	0	true	Move	0	psn	sitrusberry	2	0	0	0	1		undefined	true	2048	2048	2048	-1	0
thermalexchange	onUpdate	312	1	1	61	Dark	0	0	1	20	20	0	24576	pikachu	1	1	1	0	0	6	0	0	60	100	0	1	null	Move	0	psn	leftovers	2	1	1	0	0		undefined	false	24576	24576	24576	6	0
thermalexchange	onUpdate	313	1	6	0	Normal	1	1	0	0	20	0	2048	greninjaash	0	1	1	0	0	-1	0	0	0	100	0	0	0	Move	1	psn	aguavberry	2	0	-1	0	0		undefined	false	2048	2048	2048	-1	2
thermalexchange	onUpdate	314	0	1	40	Water	0	0	1	100	100	-1	0	greninjabond	0	0	1	0	0	1	1	1	0	160	0	1	null	missing	1	psn	sitrusberry	0	0	0	1	0		undefined	undefined	0	0	0	1	0
thermalexchange	onUpdate	315	1	6	61	Bug	0	0	1	0	100	-1	8	greninjaash	0	1	1	1	1	6	0	2	0	160	1	1	undefined	missing	0	psn	sitrusberry	0	0	1	1	0		undefined	undefined	8	8	8	6	0
thermalexchange	onUpdate	316	0	6	60	Fire	0	1	1	0	0	-1	0	greninjabond	0	1	0	1	1	6	1	0	60	100	0	1	true	Ability	0	psn	aguavberry	0	0	99	1	0		undefined	undefined	0	0	0	6	2
thermalexchange	onUpdate	317	-1	0	0	Ghost	1	1	0	100	100	1	8	greninjaash	0	0	1	0	0	6	0	1	100	160	1	1	false	Move	0	psn	magoberry	2	0	99	0	1		undefined	true	8	8	8	6	2
thermalexchange	onUpdate	318	0	6	60	Normal	1	1	1	10	20	-1	8192	greninjabond	1	0	0	1	0	1	1	0	0	0	1	1	undefined	missing	1	brn	magoberry	2	0	1	1	1	log:-activate:0:ability: Thermal Exchange:undefined|cure:0	undefined	undefined	8192	8192	8192	1	2
thermalexchange	onUpdate	319	1	1	0	Normal	1	0	0	0	20	1	2048	pikachu	0	0	1	0	0	6	0	2	60	0	0	1	0	Move	0	psn	figyberry	0	0	0	1	0		undefined	true	2048	2048	2048	6	0
thermalexchange	onUpdate	320	1	1	70	Ghost	1	0	1	100	0	0	0	greninjaash	0	0	0	1	0	-1	0	0	100	100	1	0	true	Move	0	psn	figyberry	1	-1	0	1	0		undefined	false	0	0	0	-1	0
thermalexchange	onUpdate	321	1	0	60	Ghost	0	0	1	0	0	0	24576	greninjaash	0	1	1	1	0	-1	1	1	0	0	0	1	true	missing	1	psn	magoberry	2	0	1	1	0		undefined	false	24576	24576	24576	-1	0
thermalexchange	onUpdate	322	-1	1	60	Dark	0	0	1	10	0	-1	8	greninjaash	0	1	1	0	1	-1	0	0	60	0	0	1	undefined	Move	1	brn	sitrusberry	1	1	0	1	1	log:-activate:0:ability: Thermal Exchange:undefined|cure:0	undefined	undefined	8	8	8	-1	0
thermalexchange	onUpdate	323	0	0	0	Water	1	0	0	10	0	1	16384	pikachu	1	1	0	1	1	-1	1	0	60	160	0	0	0	Ability	0	brn	aguavberry	2	-1	0	0	1	log:-activate:0:ability: Thermal Exchange:undefined|cure:0	undefined	true	16384	16384	16384	-1	0
thermalexchange	onUpdate	324	6	6	61	Dark	1	1	1	100	0	-1	16384	greninjabond	1	1	1	0	1	1	0	1	100	160	1	0	undefined	Move	1	psn	wikiberry	1	-1	-1	1	0		undefined	undefined	16384	16384	16384	1	2
thermalexchange	onUpdate	325	1	0	40	Dark	0	0	0	10	100	1	2048	pikachu	1	0	1	0	0	0	1	0	60	100	1	0	undefined	Ability	0	psn	leftovers	1	0	1	0	1		undefined	true	2048	2048	2048	0	0
thermalexchange	onUpdate	326	1	0	70	Dark	0	1	0	10	-1	0	24576	pikachu	1	0	1	1	1	6	0	0	100	0	1	1	true	Ability	0	psn	sitrusberry	1	1	-1	1	0		undefined	false	24576	24576	24576	6	2
thermalexchange	onUpdate	327	1	6	0	Fire	1	0	1	100	-1	0	16384	greninjaash	0	0	0	0	1	1	0	1	100	100	1	1	undefined	missing	0	brn	figyberry	0	1	1	0	1	log:-activate:0:ability: Thermal Exchange:undefined|cure:0	undefined	false	16384	16384	16384	1	0
thermalexchange	onUpdate	328	1	0	70	Bug	1	1	0	0	20	0	16384	greninjaash	1	0	1	0	1	1	0	1	100	160	0	1	null	Ability	0	psn	magoberry	1	1	0	1	1		undefined	false	16384	16384	16384	1	2
thermalexchange	onUpdate	329	1	6	61	Dark	1	1	1	100	-1	0	8192	greninjabond	1	0	1	1	1	-1	0	2	0	100	0	1	false	missing	0	brn	magoberry	2	1	99	1	0	log:-activate:0:ability: Thermal Exchange:undefined|cure:0	undefined	false	8192	8192	8192	-1	2
thermalexchange	onUpdate	330	6	1	70	Water	0	1	1	100	-1	-1	8192	greninjabond	0	1	1	0	1	6	1	1	0	0	1	1	undefined	Ability	0	psn	aguavberry	0	1	0	0	1		undefined	undefined	8192	8192	8192	6	2
thermalexchange	onUpdate	331	6	1	61	Fire	1	0	1	20	-1	1	2048	greninjabond	1	1	1	0	0	0	1	2	100	0	1	0	null	missing	0	brn	iapapaberry	0	0	99	1	0	log:-activate:0:ability: Thermal Exchange:undefined|cure:0	undefined	true	2048	2048	2048	0	0
thermalexchange	onUpdate	332	0	1	70	Ghost	1	0	0	20	0	0	8192	greninjabond	0	0	1	1	1	1	0	1	0	0	0	1	false	Move	1	psn	aguavberry	0	-1	1	1	0		undefined	false	8192	8192	8192	1	0
thermalexchange	onUpdate	333	-1	1	0	Bug	0	1	0	20	100	-1	2048	greninjabond	0	1	0	1	0	6	0	0	0	0	0	0	true	missing	1	brn	leftovers	0	0	1	1	1	log:-activate:0:ability: Thermal Exchange:undefined|cure:0	undefined	undefined	2048	2048	2048	6	2
thermalexchange	onUpdate	334	6	0	61	Water	0	1	0	10	0	-1	16384	greninjaash	1	1	1	1	1	-1	0	0	0	100	1	1	null	missing	1	brn	wikiberry	0	1	1	0	0	log:-activate:0:ability: Thermal Exchange:undefined|cure:0	undefined	undefined	16384	16384	16384	-1	2
thermalexchange	onUpdate	335	6	6	0	Dark	0	0	0	10	100	0	2048	greninjaash	1	1	1	1	0	0	0	2	100	100	1	0	true	Move	0	brn	figyberry	1	0	1	1	0	log:-activate:0:ability: Thermal Exchange:undefined|cure:0	undefined	false	2048	2048	2048	0	0
thermalexchange	onUpdate	336	6	6	61	Water	0	0	1	10	-1	1	0	greninjaash	0	1	1	0	1	6	0	0	0	160	1	0	null	Ability	1	psn	sitrusberry	2	-1	-1	1	1		undefined	true	0	0	0	6	0
thermalexchange	onUpdate	337	0	1	40	Normal	1	0	1	100	100	-1	2048	greninjaash	0	1	1	0	1	-1	1	0	60	100	0	0	false	missing	1	brn	figyberry	1	1	0	1	0	log:-activate:0:ability: Thermal Exchange:undefined|cure:0	undefined	undefined	2048	2048	2048	-1	0
thermalexchange	onUpdate	338	6	1	0	Ghost	0	1	0	10	20	0	0	pikachu	1	1	0	0	0	0	1	1	0	100	1	1	undefined	Move	1	brn	leftovers	2	1	0	1	0	log:-activate:0:ability: Thermal Exchange:undefined|cure:0	undefined	false	0	0	0	0	2
thermalexchange	onUpdate	339	1	1	61	Dark	1	0	0	20	-1	1	0	pikachu	1	1	0	0	1	1	1	1	60	100	1	1	undefined	Move	0	psn	figyberry	1	0	1	1	1		undefined	true	0	0	0	1	0
thermalexchange	onUpdate	340	6	6	60	Ghost	0	0	1	10	0	1	24576	greninjaash	1	1	0	1	1	1	0	1	100	0	0	0	false	missing	1	psn	magoberry	2	0	99	0	1		undefined	true	24576	24576	24576	1	0
thermalexchange	onUpdate	341	1	6	60	Normal	1	0	1	0	20	-1	8	greninjabond	0	0	0	1	1	0	1	1	100	100	0	0	undefined	Move	0	brn	leftovers	2	0	0	1	1	log:-activate:0:ability: Thermal Exchange:undefined|cure:0	undefined	undefined	8	8	8	0	0
thermalexchange	onUpdate	342	0	0	60	Fire	0	0	0	10	100	-1	8	greninjabond	1	1	1	1	0	-1	1	0	60	0	0	1	null	missing	1	psn	magoberry	1	1	0	1	1		undefined	undefined	8	8	8	-1	0
thermalexchange	onUpdate	343	-1	1	70	Bug	0	1	0	0	20	1	2048	greninjaash	1	1	0	1	1	-1	1	1	0	100	0	1	true	missing	1	brn	aguavberry	0	1	99	1	0	log:-activate:0:ability: Thermal Exchange:undefined|cure:0	undefined	true	2048	2048	2048	-1	2
thermalexchange	onUpdate	344	6	1	70	Bug	1	0	0	20	100	-1	8	pikachu	0	1	0	1	1	0	1	0	100	0	1	1	null	Move	1	psn	aguavberry	1	0	99	1	0		undefined	undefined	8	8	8	0	0
thermalexchange	onUpdate	345	0	1	60	Bug	0	1	1	20	-1	0	8192	greninjaash	0	0	1	0	1	-1	1	2	0	0	0	0	null	missing	0	psn	sitrusberry	0	1	99	0	0		undefined	false	8192	8192	8192	-1	2
thermalexchange	onUpdate	346	1	0	70	Bug	1	0	0	100	100	1	8	greninjaash	1	0	0	0	1	-1	0	0	60	160	1	1	null	Ability	1	psn	leftovers	1	-1	0	0	0		undefined	true	8	8	8	-1	0
thermalexchange	onUpdate	347	0	0	70	Bug	0	0	0	100	20	0	0	greninjaash	0	1	1	1	1	6	1	0	0	100	0	1	false	missing	0	psn	iapapaberry	1	-1	0	0	1		undefined	false	0	0	0	6	0
thermalexchange	onUpdate	348	0	1	0	Dark	1	1	1	0	0	1	8	greninjabond	1	1	1	0	0	0	0	1	100	160	1	1	0	missing	0	psn	magoberry	0	1	-1	0	1		undefined	true	8	8	8	0	2
thermalexchange	onUpdate	349	6	6	40	Ghost	0	1	1	20	20	0	2048	greninjaash	1	1	0	0	1	6	1	1	0	160	0	1	false	Move	1	psn	figyberry	2	1	0	1	1		undefined	false	2048	2048	2048	6	2
thermalexchange	onUpdate	350	1	6	61	Normal	0	0	1	10	20	0	8192	greninjaash	1	0	0	0	1	0	0	0	60	160	0	0	undefined	Ability	0	brn	leftovers	0	1	99	0	1	log:-activate:0:ability: Thermal Exchange:undefined|cure:0	undefined	false	8192	8192	8192	0	0
thermalexchange	onUpdate	351	0	0	70	Water	0	1	1	100	-1	1	8	pikachu	1	1	1	0	1	-1	1	1	100	0	1	1	false	missing	1	psn	leftovers	0	1	99	0	1		undefined	true	8	8	8	-1	2
thermalexchange	onUpdate	352	6	1	40	Normal	0	1	0	100	-1	1	8	greninjaash	1	0	1	0	1	1	1	2	0	160	0	0	true	Ability	1	psn	iapapaberry	1	1	1	1	0		undefined	true	8	8	8	1	2
thermalexchange	onUpdate	353	0	1	61	Ghost	1	0	1	20	20	0	16384	greninjabond	1	1	0	0	0	-1	0	1	60	160	1	1	0	Ability	1	brn	iapapaberry	0	-1	-1	0	0	log:-activate:0:ability: Thermal Exchange:undefined|cure:0	undefined	false	16384	16384	16384	-1	0
thermalexchange	onUpdate	354	0	0	0	Ghost	1	0	0	10	0	0	8	pikachu	1	0	0	0	0	1	1	1	0	160	0	1	0	Move	0	brn	aguavberry	2	1	0	1	1	log:-activate:0:ability: Thermal Exchange:undefined|cure:0	undefined	false	8	8	8	1	0
thermalexchange	onUpdate	355	6	6	40	Normal	0	0	1	100	100	1	16384	greninjaash	0	1	0	0	0	0	1	1	100	160	1	0	true	missing	0	brn	leftovers	1	-1	99	1	0	log:-activate:0:ability: Thermal Exchange:undefined|cure:0	undefined	true	16384	16384	16384	0	0
thermalexchange	onUpdate	356	-1	6	60	Ghost	0	1	0	100	-1	1	16384	greninjaash	0	0	1	1	0	0	1	2	100	100	0	0	false	Move	0	psn	leftovers	1	1	0	0	0		undefined	true	16384	16384	16384	0	2
thermalexchange	onUpdate	357	0	1	0	Water	0	0	1	100	20	1	8192	greninjaash	0	0	0	0	1	0	0	2	0	160	0	1	0	missing	0	psn	aguavberry	2	0	-1	0	0		undefined	true	8192	8192	8192	0	0
thermalexchange	onUpdate	358	6	6	70	Ghost	0	1	1	20	20	-1	0	pikachu	1	0	0	0	0	0	1	0	100	160	0	0	undefined	Ability	1	psn	aguavberry	1	0	0	1	0		undefined	undefined	0	0	0	0	2
thermalexchange	onUpdate	359	0	6	70	Dark	0	1	0	10	0	0	8192	pikachu	0	1	1	0	0	6	1	1	60	100	0	0	undefined	Ability	1	psn	leftovers	2	0	-1	1	0		undefined	false	8192	8192	8192	6	2
thermalexchange	onUpdate	360	6	1	0	Normal	1	1	1	0	100	0	24576	pikachu	0	0	1	1	1	-1	1	2	0	0	1	1	undefined	Move	0	psn	figyberry	2	-1	0	0	0		undefined	false	24576	24576	24576	-1	2
thermalexchange	onUpdate	361	-1	0	60	Fire	1	1	0	10	0	1	8	greninjabond	0	0	0	1	0	-1	1	1	0	0	1	1	undefined	missing	0	brn	figyberry	0	1	1	0	0	log:-activate:0:ability: Thermal Exchange:undefined|cure:0	undefined	true	8	8	8	-1	2
thermalexchange	onUpdate	362	-1	0	61	Water	1	1	1	100	20	1	0	greninjaash	1	1	1	0	1	0	1	2	0	160	0	1	undefined	missing	1	psn	magoberry	1	1	0	0	0		undefined	true	0	0	0	0	2
thermalexchange	onUpdate	363	1	0	60	Bug	0	0	0	0	100	0	2048	pikachu	0	1	0	0	1	1	0	1	60	0	0	0	false	Move	1	brn	aguavberry	0	0	1	1	1	log:-activate:0:ability: Thermal Exchange:undefined|cure:0	undefined	false	2048	2048	2048	1	0
thermalexchange	onUpdate	364	1	0	60	Ghost	1	0	1	20	-1	-1	2048	greninjaash	1	0	0	0	0	-1	1	0	100	160	0	1	undefined	missing	0	psn	leftovers	0	-1	1	0	0		undefined	undefined	2048	2048	2048	-1	0
thermalexchange	onUpdate	365	6	1	60	Bug	1	1	1	10	-1	1	2048	pikachu	0	1	0	1	0	-1	1	1	60	160	0	0	undefined	Move	0	brn	magoberry	1	0	-1	0	0	log:-activate:0:ability: Thermal Exchange:undefined|cure:0	undefined	true	2048	2048	2048	-1	2
thermalexchange	onUpdate	366	-1	1	61	Water	1	1	1	20	-1	1	8192	greninjaash	0	0	0	0	1	1	1	1	0	160	0	0	false	missing	0	brn	figyberry	1	1	99	1	0	log:-activate:0:ability: Thermal Exchange:undefined|cure:0	undefined	true	8192	8192	8192	1	2
thermalexchange	onUpdate	367	1	0	61	Dark	1	1	1	0	20	1	8	greninjabond	0	1	0	1	1	1	1	1	60	100	1	0	true	Move	1	brn	magoberry	1	-1	-1	1	1	log:-activate:0:ability: Thermal Exchange:undefined|cure:0	undefined	true	8	8	8	1	2
thermalexchange	onUpdate	368	6	6	70	Normal	1	0	0	10	-1	1	16384	pikachu	1	1	0	0	0	1	0	1	100	160	1	0	undefined	missing	0	psn	aguavberry	2	1	-1	0	1		undefined	true	16384	16384	16384	1	0
thermalexchange	onUpdate	369	-1	1	60	Bug	0	0	0	10	20	-1	0	pikachu	0	1	0	1	0	-1	0	0	100	100	1	0	undefined	Ability	0	psn	sitrusberry	1	1	99	1	0		undefined	undefined	0	0	0	-1	0
thermalexchange	onUpdate	370	6	6	0	Fire	1	1	1	10	100	0	24576	greninjabond	1	1	1	0	0	-1	0	1	100	0	0	1	0	Move	1	brn	aguavberry	1	1	0	0	0	log:-activate:0:ability: Thermal Exchange:undefined|cure:0	undefined	false	24576	24576	24576	-1	2
thermalexchange	onUpdate	371	0	6	40	Ghost	0	0	1	0	0	-1	24576	greninjaash	1	1	1	1	1	6	0	0	100	100	1	1	undefined	Move	1	brn	magoberry	0	0	-1	0	0	log:-activate:0:ability: Thermal Exchange:undefined|cure:0	undefined	undefined	24576	24576	24576	6	0
thermalexchange	onUpdate	372	-1	1	61	Fire	1	1	1	10	-1	0	0	greninjaash	0	1	1	1	0	-1	1	1	100	0	1	0	false	missing	1	psn	leftovers	2	1	99	0	1		undefined	false	0	0	0	-1	2
thermalexchange	onUpdate	373	-1	0	70	Ghost	0	0	1	20	-1	1	2048	pikachu	1	0	0	1	0	1	0	0	100	100	1	0	false	Move	1	psn	aguavberry	1	0	-1	0	0		undefined	true	2048	2048	2048	1	0
thermalexchange	onUpdate	374	0	1	0	Normal	1	0	1	20	0	1	0	greninjaash	0	1	1	0	1	1	0	1	0	160	1	0	true	missing	0	psn	wikiberry	2	1	0	0	1		undefined	true	0	0	0	1	0
thermalexchange	onUpdate	375	6	6	61	Normal	1	1	0	20	-1	1	8192	greninjaash	0	1	1	1	1	0	1	1	0	160	1	1	undefined	Move	1	brn	wikiberry	0	0	0	0	0	log:-activate:0:ability: Thermal Exchange:undefined|cure:0	undefined	true	8192	8192	8192	0	2
thermalexchange	onUpdate	376	-1	1	60	Bug	0	0	0	20	0	0	0	greninjaash	0	0	1	1	0	6	0	1	0	160	0	1	0	missing	0	psn	iapapaberry	0	0	99	0	1		undefined	false	0	0	0	6	0
thermalexchange	onUpdate	377	-1	0	40	Bug	1	1	0	0	100	-1	0	greninjabond	1	0	0	0	1	-1	1	2	60	160	1	0	true	Move	1	psn	iapapaberry	2	-1	0	1	0		undefined	undefined	0	0	0	-1	2
thermalexchange	onUpdate	378	1	6	60	Fire	1	1	1	100	0	-1	24576	greninjabond	1	0	1	0	0	1	1	0	0	0	0	1	null	missing	0	psn	iapapaberry	0	0	0	1	1		undefined	undefined	24576	24576	24576	1	2
thermalexchange	onUpdate	379	6	1	60	Dark	1	0	0	10	-1	1	8192	pikachu	1	1	0	1	0	-1	0	0	100	160	1	0	0	Ability	1	psn	iapapaberry	0	1	99	1	1		undefined	true	8192	8192	8192	-1	0
thermalexchange	onUpdate	380	1	6	70	Dark	0	1	0	0	-1	-1	24576	pikachu	1	1	1	0	0	6	0	1	60	160	0	1	false	Ability	1	brn	wikiberry	2	0	-1	0	1	log:-activate:0:ability: Thermal Exchange:undefined|cure:0	undefined	undefined	24576	24576	24576	6	2
thermalexchange	onUpdate	381	1	0	61	Fire	1	1	0	0	-1	0	8	greninjabond	0	1	1	1	0	-1	1	0	0	0	1	1	0	Ability	0	psn	magoberry	1	-1	99	1	0		undefined	false	8	8	8	-1	2
thermalexchange	onUpdate	382	6	0	61	Fire	1	0	0	20	100	0	2048	greninjabond	0	1	1	0	0	6	1	0	0	100	1	0	false	Ability	1	brn	iapapaberry	1	-1	99	1	1	log:-activate:0:ability: Thermal Exchange:undefined|cure:0	undefined	false	2048	2048	2048	6	0
thermalexchange	onUpdate	383	6	6	61	Normal	1	1	0	10	0	1	8	pikachu	1	1	0	0	0	-1	0	0	0	160	0	1	true	missing	0	psn	iapapaberry	2	1	1	1	1		undefined	true	8	8	8	-1	2
thermalexchange	onUpdate	384	-1	6	70	Water	1	1	1	100	20	-1	16384	greninjaash	1	0	1	0	0	0	0	2	100	100	1	0	true	Ability	1	psn	iapapaberry	2	1	1	0	0		undefined	undefined	16384	16384	16384	0	2
thermalexchange	onUpdate	385	6	0	60	Fire	1	0	0	0	-1	-1	8	greninjabond	0	1	0	0	1	-1	0	1	60	160	1	0	null	Move	0	brn	iapapaberry	1	1	1	1	0	log:-activate:0:ability: Thermal Exchange:undefined|cure:0	undefined	undefined	8	8	8	-1	0
thermalexchange	onUpdate	386	1	1	61	Normal	0	0	1	10	-1	0	2048	greninjabond	0	0	0	0	1	0	1	0	60	0	1	1	true	missing	1	brn	iapapaberry	1	0	0	0	1	log:-activate:0:ability: Thermal Exchange:undefined|cure:0	undefined	false	2048	2048	2048	0	0
thermalexchange	onUpdate	387	1	1	70	Normal	1	0	0	20	-1	0	8192	greninjaash	1	1	1	0	1	0	0	1	60	0	0	0	0	Ability	1	psn	leftovers	0	0	0	1	0		undefined	false	8192	8192	8192	0	0
thermalexchange	onUpdate	388	-1	1	61	Normal	1	0	1	100	-1	0	24576	pikachu	1	0	0	1	0	6	0	0	100	160	1	0	true	Ability	1	brn	wikiberry	0	1	0	1	1	log:-activate:0:ability: Thermal Exchange:undefined|cure:0	undefined	false	24576	24576	24576	6	0
thermalexchange	onUpdate	389	-1	1	0	Normal	1	1	0	10	-1	0	2048	greninjaash	1	0	1	0	1	1	1	2	0	0	1	1	false	Ability	1	brn	aguavberry	1	-1	99	1	0	log:-activate:0:ability: Thermal Exchange:undefined|cure:0	undefined	false	2048	2048	2048	1	2
thermalexchange	onUpdate	390	-1	6	61	Normal	1	1	0	20	20	1	8	greninjabond	0	0	1	0	1	6	1	1	100	0	1	0	0	missing	0	psn	sitrusberry	2	-1	0	0	0		undefined	true	8	8	8	6	2
thermalexchange	onUpdate	391	-1	1	61	Bug	0	1	1	100	20	-1	2048	greninjabond	1	1	1	1	1	6	0	1	0	160	1	0	true	Ability	0	psn	wikiberry	1	0	1	1	0		undefined	undefined	2048	2048	2048	6	2
thermalexchange	onUpdate	392	-1	1	0	Normal	0	1	0	0	0	-1	24576	greninjaash	1	1	0	1	0	1	1	2	100	160	1	1	true	missing	1	psn	iapapaberry	0	-1	0	0	0		undefined	undefined	24576	24576	24576	1	2
thermalexchange	onUpdate	393	6	1	60	Normal	0	0	0	0	100	0	16384	pikachu	0	0	0	1	1	-1	0	0	60	160	0	1	0	Move	1	brn	iapapaberry	2	-1	-1	0	0	log:-activate:0:ability: Thermal Exchange:undefined|cure:0	undefined	false	16384	16384	16384	-1	0
thermalexchange	onUpdate	394	0	6	60	Dark	0	0	0	100	20	1	8	greninjabond	0	0	0	0	0	6	0	1	100	0	1	1	undefined	Move	1	psn	figyberry	2	0	0	1	0		undefined	true	8	8	8	6	0
thermalexchange	onUpdate	395	0	6	60	Bug	1	0	1	20	20	-1	8	greninjaash	0	1	0	0	1	1	0	1	100	0	1	1	null	Move	1	brn	figyberry	0	0	-1	0	1	log:-activate:0:ability: Thermal Exchange:undefined|cure:0	undefined	undefined	8	8	8	1	0
thermalexchange	onUpdate	396	1	1	61	Normal	0	0	0	20	20	-1	8192	pikachu	0	1	1	0	1	6	0	0	100	0	1	0	0	Move	1	brn	leftovers	0	1	1	1	0	log:-activate:0:ability: Thermal Exchange:undefined|cure:0	undefined	undefined	8192	8192	8192	6	0
thermalexchange	onUpdate	397	0	0	61	Bug	0	0	0	100	0	1	8192	pikachu	1	1	1	0	1	-1	0	2	60	160	1	0	true	Move	0	brn	leftovers	0	0	1	1	0	log:-activate:0:ability: Thermal Exchange:undefined|cure:0	undefined	true	8192	8192	8192	-1	0
thermalexchange	onUpdate	398	0	1	70	Ghost	1	1	0	20	20	1	16384	greninjabond	0	0	0	0	0	-1	0	2	0	0	0	0	false	Move	0	brn	figyberry	0	1	99	1	1	log:-activate:0:ability: Thermal Exchange:undefined|cure:0	undefined	true	16384	16384	16384	-1	2
thermalexchange	onUpdate	399	0	1	61	Fire	0	1	0	20	-1	0	0	greninjabond	1	1	0	1	1	1	0	0	60	100	0	0	0	Move	0	brn	wikiberry	2	0	99	0	1	log:-activate:0:ability: Thermal Exchange:undefined|cure:0	undefined	false	0	0	0	1	2
thermalexchange	onUpdate	400	-1	0	60	Water	1	0	0	10	20	0	8192	greninjaash	0	1	1	0	0	-1	1	2	60	160	0	1	true	missing	1	psn	sitrusberry	1	0	-1	0	1		undefined	false	8192	8192	8192	-1	0
thermalexchange	onUpdate	401	6	6	60	Normal	1	1	1	100	-1	1	8	greninjaash	1	1	1	1	0	-1	1	0	100	100	0	1	0	Ability	0	psn	iapapaberry	2	1	1	0	0		undefined	true	8	8	8	-1	2
thermalexchange	onUpdate	402	-1	0	0	Normal	0	1	0	10	0	-1	8192	greninjabond	0	1	0	0	1	1	1	1	100	0	1	1	null	missing	0	brn	sitrusberry	2	-1	0	0	0	log:-activate:0:ability: Thermal Exchange:undefined|cure:0	undefined	undefined	8192	8192	8192	1	2
thermalexchange	onUpdate	403	6	6	40	Fire	0	1	0	100	100	0	24576	greninjaash	0	0	0	1	0	6	0	1	0	100	0	1	null	missing	0	brn	iapapaberry	1	-1	99	1	0	log:-activate:0:ability: Thermal Exchange:undefined|cure:0	undefined	false	24576	24576	24576	6	2
thermalexchange	onUpdate	404	0	6	60	Normal	1	1	0	20	20	1	8192	greninjabond	1	1	0	1	1	1	1	0	0	100	0	1	null	missing	0	brn	sitrusberry	0	-1	99	1	0	log:-activate:0:ability: Thermal Exchange:undefined|cure:0	undefined	true	8192	8192	8192	1	2
thermalexchange	onUpdate	405	6	0	60	Dark	1	1	0	0	0	-1	0	greninjabond	0	0	1	1	1	1	1	1	100	100	1	0	false	Ability	0	psn	aguavberry	2	0	1	0	0		undefined	undefined	0	0	0	1	2
thermalexchange	onUpdate	406	1	6	61	Bug	0	1	1	20	-1	-1	0	pikachu	1	1	0	0	1	0	1	0	100	160	0	0	undefined	Move	1	psn	iapapaberry	0	1	0	0	1		undefined	undefined	0	0	0	0	2
thermalexchange	onUpdate	407	0	6	0	Fire	0	1	1	0	0	0	2048	pikachu	0	1	0	0	0	0	0	1	100	100	1	1	0	missing	0	brn	figyberry	2	-1	99	1	0	log:-activate:0:ability: Thermal Exchange:undefined|cure:0	undefined	false	2048	2048	2048	0	2
thermalexchange	onUpdate	408	-1	0	70	Normal	0	1	1	100	0	-1	8	greninjabond	1	0	1	1	0	0	1	2	0	160	1	0	false	Move	1	psn	wikiberry	2	-1	99	1	1		undefined	undefined	8	8	8	0	2
thermalexchange	onUpdate	409	1	6	40	Fire	1	0	1	100	20	1	0	greninjaash	0	0	1	1	0	-1	0	1	100	160	0	0	undefined	Move	0	brn	sitrusberry	0	0	99	0	0	log:-activate:0:ability: Thermal Exchange:undefined|cure:0	undefined	true	0	0	0	-1	0
thermalexchange	onUpdate	410	6	6	40	Ghost	0	1	0	100	-1	-1	0	pikachu	0	1	1	0	0	-1	1	0	100	160	0	0	true	Move	1	psn	iapapaberry	1	0	1	0	1		undefined	undefined	0	0	0	-1	2
thermalexchange	onUpdate	411	1	1	40	Fire	0	1	1	100	0	-1	2048	greninjaash	0	0	1	0	1	-1	1	1	0	160	1	0	undefined	missing	0	psn	sitrusberry	0	0	0	0	1		undefined	undefined	2048	2048	2048	-1	2
thermalexchange	onUpdate	412	6	0	61	Water	1	1	1	10	20	-1	2048	pikachu	0	0	0	0	1	1	1	2	100	160	1	0	false	Ability	0	brn	leftovers	1	-1	-1	1	1	log:-activate:0:ability: Thermal Exchange:undefined|cure:0	undefined	undefined	2048	2048	2048	1	2
thermalexchange	onUpdate	413	0	0	0	Fire	1	0	0	20	0	-1	0	greninjaash	1	1	1	1	0	-1	0	2	100	100	0	0	0	missing	1	psn	figyberry	1	1	0	0	0		undefined	undefined	0	0	0	-1	0
thermalexchange	onUpdate	414	6	0	60	Dark	0	0	1	20	0	1	8192	pikachu	1	1	0	0	0	0	1	0	100	160	0	0	false	missing	0	brn	iapapaberry	2	0	99	0	0	log:-activate:0:ability: Thermal Exchange:undefined|cure:0	undefined	true	8192	8192	8192	0	0
thermalexchange	onUpdate	415	1	0	61	Normal	1	1	0	100	20	-1	0	pikachu	0	1	1	0	1	-1	0	2	60	0	0	0	true	Move	0	brn	figyberry	0	-1	-1	1	1	log:-activate:0:ability: Thermal Exchange:undefined|cure:0	undefined	undefined	0	0	0	-1	2
thermalexchange	onUpdate	416	-1	0	60	Normal	0	1	0	0	100	1	24576	greninjabond	0	0	0	0	1	6	0	1	100	0	1	1	false	Move	0	psn	wikiberry	0	0	1	1	1		undefined	true	24576	24576	24576	6	2
thermalexchange	onUpdate	417	1	1	60	Fire	0	1	1	20	0	-1	0	greninjaash	0	1	1	0	0	-1	1	2	100	0	0	0	true	missing	1	brn	magoberry	1	-1	0	1	0	log:-activate:0:ability: Thermal Exchange:undefined|cure:0	undefined	undefined	0	0	0	-1	2
thermalexchange	onUpdate	418	1	0	70	Water	0	0	1	20	20	-1	24576	pikachu	0	0	1	1	0	6	0	0	100	0	0	0	true	Move	0	brn	magoberry	1	0	1	1	0	log:-activate:0:ability: Thermal Exchange:undefined|cure:0	undefined	undefined	24576	24576	24576	6	0
thermalexchange	onUpdate	419	0	6	61	Ghost	0	1	0	0	0	-1	16384	pikachu	0	0	0	0	0	0	1	0	60	160	1	0	0	Move	0	psn	magoberry	2	1	-1	0	0		undefined	undefined	16384	16384	16384	0	2
thermalexchange	onUpdate	420	0	6	70	Water	0	0	0	0	20	-1	2048	greninjabond	1	0	1	1	1	0	1	1	60	0	1	1	false	Ability	0	brn	sitrusberry	2	0	0	1	1	log:-activate:0:ability: Thermal Exchange:undefined|cure:0	undefined	undefined	2048	2048	2048	0	0
thermalexchange	onUpdate	421	1	0	61	Normal	0	1	1	0	100	1	8192	greninjabond	1	0	0	0	0	1	1	1	60	0	0	1	true	Move	0	brn	magoberry	1	-1	0	0	0	log:-activate:0:ability: Thermal Exchange:undefined|cure:0	undefined	true	8192	8192	8192	1	2
thermalexchange	onUpdate	422	-1	6	61	Bug	0	0	1	20	100	0	2048	greninjaash	1	0	1	0	0	1	0	1	100	0	1	0	undefined	missing	0	psn	wikiberry	0	-1	0	1	0		undefined	false	2048	2048	2048	1	0
thermalexchange	onUpdate	423	6	1	61	Normal	1	1	1	20	-1	-1	16384	greninjabond	0	1	0	1	1	6	0	0	0	100	0	0	null	Move	1	psn	magoberry	2	-1	-1	0	0		undefined	undefined	16384	16384	16384	6	2
thermalexchange	onUpdate	424	0	0	40	Normal	1	0	0	10	-1	1	0	greninjaash	1	1	1	1	1	0	0	2	60	160	0	0	true	missing	0	psn	magoberry	2	1	0	1	0		undefined	true	0	0	0	0	0
thermalexchange	onUpdate	425	1	6	61	Bug	1	0	1	20	20	-1	8192	greninjaash	1	0	1	0	1	-1	0	2	0	0	0	1	null	missing	0	psn	sitrusberry	2	-1	1	1	1		undefined	undefined	8192	8192	8192	-1	0
thermalexchange	onUpdate	426	1	6	60	Ghost	0	0	1	0	100	1	16384	greninjabond	1	0	1	1	1	1	1	0	60	160	0	0	undefined	Move	0	brn	magoberry	1	-1	1	0	0	log:-activate:0:ability: Thermal Exchange:undefined|cure:0	undefined	true	16384	16384	16384	1	0
thermalexchange	onUpdate	427	-1	6	60	Normal	1	1	0	0	-1	-1	0	pikachu	1	0	1	1	0	1	1	1	60	0	0	1	undefined	Move	0	brn	leftovers	1	1	1	1	1	log:-activate:0:ability: Thermal Exchange:undefined|cure:0	undefined	undefined	0	0	0	1	2
thermalexchange	onUpdate	428	6	0	60	Bug	1	0	0	100	20	0	2048	greninjabond	1	1	0	0	1	0	0	0	60	0	0	0	false	Ability	1	brn	leftovers	1	0	1	0	0	log:-activate:0:ability: Thermal Exchange:undefined|cure:0	undefined	false	2048	2048	2048	0	0
thermalexchange	onUpdate	429	-1	6	70	Ghost	1	0	1	10	100	0	0	greninjabond	0	1	0	0	0	-1	0	0	100	0	0	1	undefined	missing	1	brn	aguavberry	0	1	-1	1	0	log:-activate:0:ability: Thermal Exchange:undefined|cure:0	undefined	false	0	0	0	-1	0
thermalexchange	onUpdate	430	1	6	70	Ghost	0	1	0	20	20	-1	0	greninjaash	1	0	1	0	1	1	1	0	60	0	1	0	null	Ability	1	psn	iapapaberry	0	0	99	0	1		undefined	undefined	0	0	0	1	2
thermalexchange	onUpdate	431	6	6	61	Dark	1	1	1	0	0	1	8192	pikachu	0	1	1	1	0	1	1	0	60	160	1	1	0	Move	1	psn	aguavberry	0	0	0	1	1		undefined	true	8192	8192	8192	1	2
thermalexchange	onUpdate	432	0	6	70	Water	0	0	1	20	100	0	2048	greninjabond	1	0	1	0	1	1	0	2	0	160	1	1	null	missing	0	psn	magoberry	1	-1	-1	1	0		undefined	false	2048	2048	2048	1	0
thermalexchange	onUpdate	433	0	1	61	Water	1	1	1	10	100	1	16384	greninjabond	0	1	1	1	1	0	0	1	100	0	0	1	null	Move	1	psn	iapapaberry	1	0	-1	1	1		undefined	true	16384	16384	16384	0	2
thermalexchange	onUpdate	434	0	0	0	Normal	1	0	1	20	0	0	16384	greninjabond	1	1	1	1	0	-1	0	2	0	160	1	0	0	missing	1	psn	aguavberry	0	-1	1	1	1		undefined	false	16384	16384	16384	-1	0
thermalexchange	onUpdate	435	1	1	0	Bug	1	1	1	10	20	0	0	greninjaash	1	0	0	1	1	6	1	2	60	0	1	1	true	missing	0	brn	aguavberry	0	1	0	0	0	log:-activate:0:ability: Thermal Exchange:undefined|cure:0	undefined	false	0	0	0	6	2
thermalexchange	onUpdate	436	0	1	61	Normal	0	1	1	20	100	0	8	greninjabond	0	1	0	1	0	-1	0	2	100	100	1	1	false	Ability	1	brn	sitrusberry	2	-1	99	0	0	log:-activate:0:ability: Thermal Exchange:undefined|cure:0	undefined	false	8	8	8	-1	2
thermalexchange	onUpdate	437	1	1	40	Fire	1	1	1	100	100	0	8192	greninjaash	1	0	0	1	1	1	0	0	100	160	0	0	false	Move	0	psn	figyberry	0	-1	-1	1	0		undefined	false	8192	8192	8192	1	2
thermalexchange	onUpdate	438	6	6	61	Bug	0	1	0	20	-1	1	8	greninjaash	1	0	1	0	0	6	1	1	0	160	1	0	true	missing	0	brn	sitrusberry	1	1	0	1	1	log:-activate:0:ability: Thermal Exchange:undefined|cure:0	undefined	true	8	8	8	6	2
thermalexchange	onUpdate	439	-1	0	61	Dark	0	1	0	100	20	1	24576	greninjaash	1	1	0	0	1	0	1	2	100	100	0	1	0	Move	1	brn	figyberry	0	1	1	1	0	log:-activate:0:ability: Thermal Exchange:undefined|cure:0	undefined	true	24576	24576	24576	0	2
thermalexchange	onUpdate	440	0	0	0	Bug	1	1	0	100	-1	0	2048	greninjaash	0	0	0	1	1	-1	1	0	100	100	1	0	null	Move	1	brn	figyberry	1	0	99	1	1	log:-activate:0:ability: Thermal Exchange:undefined|cure:0	undefined	false	2048	2048	2048	-1	2
thermalexchange	onUpdate	441	0	0	0	Fire	0	0	1	10	-1	0	8	pikachu	1	0	0	1	1	0	1	2	100	100	1	1	false	Move	0	brn	aguavberry	1	-1	0	1	1	log:-activate:0:ability: Thermal Exchange:undefined|cure:0	undefined	false	8	8	8	0	0
thermalexchange	onUpdate	442	-1	6	40	Dark	1	1	0	0	20	0	8	greninjaash	1	1	0	1	1	6	0	0	60	0	1	0	0	Ability	0	brn	iapapaberry	1	1	1	0	1	log:-activate:0:ability: Thermal Exchange:undefined|cure:0	undefined	false	8	8	8	6	2
thermalexchange	onUpdate	443	0	6	40	Ghost	1	1	0	10	20	1	0	greninjaash	1	0	0	0	0	-1	1	1	100	160	0	0	undefined	missing	1	brn	magoberry	1	-1	99	0	1	log:-activate:0:ability: Thermal Exchange:undefined|cure:0	undefined	true	0	0	0	-1	2
thermalexchange	onUpdate	444	-1	6	60	Water	1	0	0	10	100	0	24576	greninjabond	1	0	1	0	0	-1	0	1	100	100	1	0	0	Ability	1	brn	figyberry	1	0	-1	0	1	log:-activate:0:ability: Thermal Exchange:undefined|cure:0	undefined	false	24576	24576	24576	-1	0
thermalexchange	onUpdate	445	6	1	40	Bug	0	0	1	0	20	0	0	greninjaash	1	1	0	1	1	-1	1	0	0	160	0	0	undefined	missing	1	brn	figyberry	1	0	-1	1	0	log:-activate:0:ability: Thermal Exchange:undefined|cure:0	undefined	false	0	0	0	-1	0
thermalexchange	onUpdate	446	-1	0	61	Ghost	0	0	0	20	-1	-1	2048	pikachu	0	1	1	0	1	6	0	2	0	160	0	0	true	Ability	0	psn	iapapaberry	1	1	99	0	0		undefined	undefined	2048	2048	2048	6	0
thermalexchange	onUpdate	447	0	6	0	Fire	0	1	1	10	-1	1	8	pikachu	1	1	0	1	1	-1	1	1	0	160	1	0	true	Move	1	brn	magoberry	0	0	1	0	1	log:-activate:0:ability: Thermal Exchange:undefined|cure:0	undefined	true	8	8	8	-1	2
thermalexchange	onUpdate	448	0	1	60	Normal	0	1	0	0	100	-1	24576	greninjabond	1	1	1	0	1	0	1	1	60	0	0	1	false	missing	1	brn	magoberry	0	0	1	0	1	log:-activate:0:ability: Thermal Exchange:undefined|cure:0	undefined	undefined	24576	24576	24576	0	2
thermalexchange	onUpdate	449	0	1	60	Bug	1	1	0	10	100	-1	0	pikachu	1	0	0	0	1	0	0	0	100	0	1	0	undefined	missing	0	brn	iapapaberry	1	-1	99	0	1	log:-activate:0:ability: Thermal Exchange:undefined|cure:0	undefined	undefined	0	0	0	0	2
thermalexchange	onUpdate	450	6	6	60	Bug	1	1	0	20	100	1	2048	pikachu	1	0	0	1	0	0	1	1	60	160	1	0	null	Ability	0	psn	leftovers	0	0	1	0	0		undefined	true	2048	2048	2048	0	2
thermalexchange	onUpdate	451	-1	6	70	Ghost	0	1	1	20	100	1	8192	pikachu	0	0	1	0	0	0	0	2	60	100	1	1	false	Move	1	psn	sitrusberry	2	1	1	1	0		undefined	true	8192	8192	8192	0	2
thermalexchange	onUpdate	452	1	1	70	Water	0	0	0	0	100	1	24576	pikachu	0	0	0	1	0	6	1	0	100	0	0	1	undefined	missing	0	brn	iapapaberry	0	0	0	0	1	log:-activate:0:ability: Thermal Exchange:undefined|cure:0	undefined	true	24576	24576	24576	6	0
thermalexchange	onUpdate	453	0	1	60	Bug	1	1	1	20	20	-1	8	greninjabond	0	1	0	1	1	1	0	1	100	0	0	1	0	Move	1	brn	aguavberry	2	0	99	1	0	log:-activate:0:ability: Thermal Exchange:undefined|cure:0	undefined	undefined	8	8	8	1	2
thermalexchange	onUpdate	454	0	6	70	Bug	1	0	1	20	0	1	16384	greninjaash	0	1	0	0	0	-1	1	0	60	100	0	0	true	missing	1	brn	aguavberry	0	0	0	0	1	log:-activate:0:ability: Thermal Exchange:undefined|cure:0	undefined	true	16384	16384	16384	-1	0
thermalexchange	onUpdate	455	0	0	0	Normal	0	1	0	0	0	0	24576	pikachu	1	1	1	1	0	6	1	1	100	160	0	0	null	Ability	1	psn	iapapaberry	1	-1	99	1	0		undefined	false	24576	24576	24576	6	2
thermalexchange	onUpdate	456	0	1	70	Dark	0	0	1	10	-1	1	8192	greninjabond	0	1	0	1	0	6	1	0	100	100	1	0	0	Move	1	brn	leftovers	0	-1	1	0	0	log:-activate:0:ability: Thermal Exchange:undefined|cure:0	undefined	true	8192	8192	8192	6	0
thermalexchange	onUpdate	457	0	1	0	Bug	0	0	0	0	0	-1	16384	greninjaash	0	1	0	0	0	0	1	0	0	0	1	0	null	Ability	1	psn	aguavberry	0	1	-1	0	1		undefined	undefined	16384	16384	16384	0	0
thermalexchange	onUpdate	458	1	0	70	Ghost	1	0	0	0	0	0	16384	greninjaash	1	0	0	1	0	-1	0	2	100	0	0	0	0	Ability	1	brn	leftovers	2	0	1	1	0	log:-activate:0:ability: Thermal Exchange:undefined|cure:0	undefined	false	16384	16384	16384	-1	0
thermalexchange	onUpdate	459	1	1	70	Bug	0	1	0	100	0	-1	8192	greninjabond	0	0	0	1	1	1	0	1	0	0	0	1	undefined	Move	1	psn	figyberry	0	0	-1	0	1		undefined	undefined	8192	8192	8192	1	2
thermalexchange	onUpdate	460	-1	6	60	Bug	0	1	1	100	100	-1	2048	greninjaash	1	1	0	0	0	6	1	0	60	160	1	0	false	Ability	0	brn	aguavberry	0	-1	99	0	1	log:-activate:0:ability: Thermal Exchange:undefined|cure:0	undefined	undefined	2048	2048	2048	6	2
thermalexchange	onUpdate	461	6	0	61	Ghost	1	0	1	100	20	0	24576	greninjabond	1	0	1	0	1	-1	1	1	100	0	1	1	0	missing	0	psn	sitrusberry	0	0	99	0	0		undefined	false	24576	24576	24576	-1	0
thermalexchange	onUpdate	462	1	6	70	Dark	1	0	1	20	100	-1	8192	greninjaash	0	0	0	0	0	0	1	2	0	160	0	0	false	Ability	0	psn	magoberry	0	1	99	1	1		undefined	undefined	8192	8192	8192	0	0
thermalexchange	onUpdate	463	1	0	60	Bug	1	1	1	20	20	1	24576	greninjabond	0	0	0	0	1	1	1	1	60	100	0	1	0	Move	1	psn	wikiberry	2	-1	99	0	1		undefined	true	24576	24576	24576	1	2
thermalexchange	onUpdate	464	1	6	61	Dark	1	1	0	20	0	0	8	pikachu	1	0	0	1	0	-1	1	1	100	160	0	1	null	Ability	0	brn	aguavberry	2	0	0	0	0	log:-activate:0:ability: Thermal Exchange:undefined|cure:0	undefined	false	8	8	8	-1	2
thermalexchange	onUpdate	465	-1	1	61	Dark	0	1	0	0	20	1	8	pikachu	1	0	0	1	0	0	0	2	100	100	1	1	undefined	Ability	0	psn	aguavberry	2	0	1	0	1		undefined	true	8	8	8	0	2
thermalexchange	onUpdate	466	1	0	60	Water	1	0	1	20	-1	1	24576	greninjabond	0	0	1	1	1	1	0	0	100	160	0	0	0	Move	0	psn	figyberry	2	0	1	0	1		undefined	true	24576	24576	24576	1	0
thermalexchange	onUpdate	467	0	6	70	Bug	0	1	1	100	0	-1	24576	greninjabond	0	0	1	1	0	6	0	0	60	160	0	0	null	missing	1	brn	magoberry	0	-1	99	0	0	log:-activate:0:ability: Thermal Exchange:undefined|cure:0	undefined	undefined	24576	24576	24576	6	2
thermalexchange	onUpdate	468	1	6	70	Normal	1	1	0	20	100	0	0	greninjaash	0	0	1	0	0	6	1	1	100	0	1	1	null	Ability	0	brn	magoberry	2	1	-1	1	0	log:-activate:0:ability: Thermal Exchange:undefined|cure:0	undefined	false	0	0	0	6	2
thermalexchange	onUpdate	469	0	1	61	Dark	0	1	0	10	-1	1	0	greninjaash	1	1	1	0	0	1	0	2	100	0	1	1	undefined	Ability	1	psn	wikiberry	1	1	1	0	0		undefined	true	0	0	0	1	2
thermalexchange	onUpdate	470	-1	0	61	Normal	1	1	1	20	20	1	0	pikachu	0	0	0	0	1	0	0	2	60	0	1	0	null	missing	0	brn	wikiberry	0	-1	1	0	0	log:-activate:0:ability: Thermal Exchange:undefined|cure:0	undefined	true	0	0	0	0	2
thermalexchange	onUpdate	471	6	6	60	Fire	1	0	1	10	-1	0	8	pikachu	0	0	1	0	0	0	0	1	100	0	1	0	null	Ability	0	psn	iapapaberry	2	1	-1	0	1		undefined	false	8	8	8	0	0
thermalexchange	onUpdate	472	1	0	40	Dark	0	1	1	100	20	0	16384	greninjabond	1	0	1	0	0	1	0	2	100	0	0	0	0	Ability	0	brn	wikiberry	0	-1	-1	0	1	log:-activate:0:ability: Thermal Exchange:undefined|cure:0	undefined	false	16384	16384	16384	1	2
thermalexchange	onUpdate	473	-1	6	60	Fire	1	0	0	100	0	0	0	greninjabond	1	1	0	1	0	0	0	0	0	0	1	1	false	missing	1	brn	leftovers	2	-1	-1	1	1	log:-activate:0:ability: Thermal Exchange:undefined|cure:0	undefined	false	0	0	0	0	0
thermalexchange	onUpdate	474	0	6	61	Dark	0	1	1	0	20	-1	16384	pikachu	0	1	1	1	0	0	1	1	60	160	0	0	null	Move	0	brn	magoberry	2	1	1	1	1	log:-activate:0:ability: Thermal Exchange:undefined|cure:0	undefined	undefined	16384	16384	16384	0	2
thermalexchange	onUpdate	475	-1	6	61	Ghost	1	1	1	0	-1	0	24576	greninjabond	1	0	0	0	0	-1	0	1	0	0	1	0	true	missing	1	brn	sitrusberry	2	1	1	1	0	log:-activate:0:ability: Thermal Exchange:undefined|cure:0	undefined	false	24576	24576	24576	-1	2
thermalexchange	onUpdate	476	-1	1	70	Water	0	0	0	10	100	0	2048	pikachu	0	0	0	1	1	1	1	2	60	100	0	0	undefined	Move	1	brn	leftovers	1	1	0	1	0	log:-activate:0:ability: Thermal Exchange:undefined|cure:0	undefined	false	2048	2048	2048	1	0
thermalexchange	onUpdate	477	1	6	70	Water	1	0	0	100	-1	0	24576	greninjaash	0	0	1	1	0	-1	0	0	0	0	1	0	0	Move	0	brn	leftovers	2	0	1	0	0	log:-activate:0:ability: Thermal Exchange:undefined|cure:0	undefined	false	24576	24576	24576	-1	0
thermalexchange	onUpdate	478	0	1	60	Ghost	1	1	0	20	-1	0	2048	greninjaash	0	1	1	1	0	1	1	0	0	0	1	1	undefined	Move	1	psn	figyberry	0	1	-1	1	0		undefined	false	2048	2048	2048	1	2
thermalexchange	onUpdate	479	-1	0	60	Fire	1	0	0	0	0	-1	16384	greninjaash	0	0	0	1	0	0	0	1	60	0	0	0	undefined	Move	0	brn	magoberry	0	1	-1	1	0	log:-activate:0:ability: Thermal Exchange:undefined|cure:0	undefined	undefined	16384	16384	16384	0	0
thermalexchange	onUpdate	480	1	1	40	Ghost	1	0	1	0	0	1	16384	greninjabond	0	1	0	1	0	6	0	1	100	160	1	1	0	missing	0	brn	sitrusberry	2	1	99	0	1	log:-activate:0:ability: Thermal Exchange:undefined|cure:0	undefined	true	16384	16384	16384	6	0
thermalexchange	onUpdate	481	-1	0	70	Water	0	1	0	100	-1	1	8192	greninjaash	0	0	1	1	1	0	1	2	100	100	0	0	0	Move	0	psn	wikiberry	0	-1	0	1	1		undefined	true	8192	8192	8192	0	2
thermalexchange	onUpdate	482	-1	6	61	Normal	0	1	1	20	100	-1	0	greninjaash	0	1	1	1	1	6	0	1	100	100	1	0	undefined	Ability	1	psn	aguavberry	2	0	1	0	0		undefined	undefined	0	0	0	6	2
thermalexchange	onUpdate	483	1	1	61	Fire	1	1	0	0	20	-1	8192	greninjabond	1	0	1	1	1	1	0	0	0	0	0	1	0	missing	1	psn	magoberry	1	-1	-1	0	1		undefined	undefined	8192	8192	8192	1	2
thermalexchange	onUpdate	484	6	1	60	Bug	1	0	1	0	0	0	8	greninjabond	1	1	0	0	1	1	0	1	0	0	1	1	0	missing	1	brn	wikiberry	2	-1	1	1	1	log:-activate:0:ability: Thermal Exchange:undefined|cure:0	undefined	false	8	8	8	1	0
thermalexchange	onUpdate	485	-1	6	60	Dark	1	1	0	0	-1	-1	0	greninjabond	1	1	1	1	0	1	1	2	0	0	1	0	null	Move	1	brn	iapapaberry	1	-1	0	1	1	log:-activate:0:ability: Thermal Exchange:undefined|cure:0	undefined	undefined	0	0	0	1	2
thermalexchange	onUpdate	486	1	1	40	Water	1	0	0	100	-1	1	8192	greninjaash	0	1	1	1	1	1	0	0	100	100	1	1	0	Ability	0	brn	figyberry	2	1	1	0	1	log:-activate:0:ability: Thermal Exchange:undefined|cure:0	undefined	true	8192	8192	8192	1	0
thermalexchange	onUpdate	487	-1	0	70	Bug	1	0	1	20	100	1	16384	greninjabond	1	0	0	1	1	-1	0	0	60	100	1	1	0	Ability	0	brn	aguavberry	0	-1	0	0	1	log:-activate:0:ability: Thermal Exchange:undefined|cure:0	undefined	true	16384	16384	16384	-1	0
thermalexchange	onUpdate	488	1	1	0	Ghost	0	0	0	10	20	-1	0	pikachu	1	1	0	0	0	0	0	0	100	100	0	0	true	missing	1	brn	aguavberry	1	0	1	1	1	log:-activate:0:ability: Thermal Exchange:undefined|cure:0	undefined	undefined	0	0	0	0	0
thermalexchange	onUpdate	489	6	0	60	Normal	0	0	1	20	100	-1	16384	greninjabond	1	1	1	0	1	0	0	2	100	0	0	0	true	Ability	1	psn	wikiberry	1	0	99	1	1		undefined	undefined	16384	16384	16384	0	0
thermalexchange	onUpdate	490	6	6	0	Dark	0	0	0	0	-1	0	8192	greninjaash	0	0	0	1	0	1	0	2	100	0	1	0	undefined	Ability	0	brn	wikiberry	2	-1	1	1	1	log:-activate:0:ability: Thermal Exchange:undefined|cure:0	undefined	false	8192	8192	8192	1	0
thermalexchange	onUpdate	491	0	0	70	Fire	1	1	1	10	20	1	8	greninjabond	1	0	1	1	0	6	1	2	0	0	1	1	undefined	missing	0	psn	aguavberry	1	1	99	0	0		undefined	true	8	8	8	6	2
thermalexchange	onUpdate	492	0	6	40	Bug	0	1	0	100	0	-1	8	greninjabond	0	1	1	1	1	0	0	2	0	0	1	0	null	Move	1	brn	magoberry	1	1	99	1	1	log:-activate:0:ability: Thermal Exchange:undefined|cure:0	undefined	undefined	8	8	8	0	2
thermalexchange	onUpdate	493	1	0	61	Ghost	0	0	0	20	0	-1	8	greninjabond	1	0	1	0	1	0	0	2	0	100	1	1	undefined	Move	1	psn	figyberry	0	-1	0	1	1		undefined	undefined	8	8	8	0	0
thermalexchange	onUpdate	494	6	1	61	Dark	0	0	0	100	0	0	16384	greninjaash	1	1	1	1	0	6	0	2	0	0	1	1	undefined	Move	1	psn	aguavberry	2	-1	-1	0	1		undefined	false	16384	16384	16384	6	0
thermalexchange	onUpdate	495	0	6	70	Water	0	0	0	10	-1	0	0	pikachu	1	0	1	0	0	6	0	2	100	100	0	1	true	Move	0	psn	iapapaberry	0	1	0	0	0		undefined	false	0	0	0	6	0
thermalexchange	onUpdate	496	1	6	61	Fire	0	1	1	20	0	0	24576	greninjabond	0	0	1	1	1	6	1	2	0	160	0	1	0	Move	1	brn	figyberry	2	-1	0	1	0	log:-activate:0:ability: Thermal Exchange:undefined|cure:0	undefined	false	24576	24576	24576	6	2
thermalexchange	onUpdate	497	6	1	61	Fire	1	1	1	20	-1	-1	8192	greninjaash	1	0	1	0	1	0	1	2	60	0	0	1	0	missing	1	brn	wikiberry	2	-1	-1	0	1	log:-activate:0:ability: Thermal Exchange:undefined|cure:0	undefined	undefined	8192	8192	8192	0	2
thermalexchange	onUpdate	498	1	0	70	Water	0	0	0	20	20	0	2048	pikachu	0	0	0	1	1	0	1	0	100	0	1	0	true	Move	0	psn	magoberry	1	1	1	1	1		undefined	false	2048	2048	2048	0	0
thermalexchange	onUpdate	499	-1	6	40	Normal	1	1	0	10	100	0	0	greninjaash	0	0	0	0	0	-1	1	0	0	160	0	0	undefined	Move	0	psn	figyberry	1	0	0	1	1		undefined	false	0	0	0	-1	2
thermalexchange	onUpdate	500	6	0	70	Normal	0	0	0	20	0	0	8	greninjaash	1	0	0	0	1	0	0	0	100	0	0	1	0	missing	0	brn	figyberry	1	-1	-1	1	0	log:-activate:0:ability: Thermal Exchange:undefined|cure:0	undefined	false	8	8	8	0	0
thermalexchange	onUpdate	501	6	6	0	Normal	1	1	0	100	0	1	24576	greninjaash	0	1	1	0	1	6	1	2	0	100	0	1	null	Move	0	brn	aguavberry	0	-1	0	1	1	log:-activate:0:ability: Thermal Exchange:undefined|cure:0	undefined	true	24576	24576	24576	6	2
thermalexchange	onUpdate	502	-1	6	61	Fire	0	1	0	100	100	1	8192	pikachu	1	0	0	1	0	6	1	1	100	0	0	1	0	Move	1	brn	aguavberry	1	0	1	1	0	log:-activate:0:ability: Thermal Exchange:undefined|cure:0	undefined	true	8192	8192	8192	6	2
thermalexchange	onUpdate	503	1	6	60	Fire	0	0	1	100	0	-1	2048	greninjabond	1	0	0	0	0	1	0	2	0	160	0	0	undefined	Ability	0	psn	iapapaberry	2	-1	1	1	1		undefined	undefined	2048	2048	2048	1	0
thermalexchange	onUpdate	504	6	6	70	Fire	1	1	1	100	100	-1	8192	pikachu	1	1	0	0	1	-1	1	2	60	160	1	0	null	Move	1	brn	aguavberry	2	0	-1	1	0	log:-activate:0:ability: Thermal Exchange:undefined|cure:0	undefined	undefined	8192	8192	8192	-1	2
thermalexchange	onUpdate	505	6	1	60	Ghost	0	0	1	10	20	-1	24576	greninjaash	0	1	1	1	0	0	0	2	100	100	0	1	true	missing	0	brn	aguavberry	2	0	1	0	1	log:-activate:0:ability: Thermal Exchange:undefined|cure:0	undefined	undefined	24576	24576	24576	0	0
thermalexchange	onUpdate	506	0	0	70	Normal	0	0	0	0	100	1	0	pikachu	0	1	0	1	1	6	0	0	0	100	1	0	0	missing	1	brn	sitrusberry	1	1	1	0	0	log:-activate:0:ability: Thermal Exchange:undefined|cure:0	undefined	true	0	0	0	6	0
thermalexchange	onUpdate	507	1	6	70	Normal	0	1	1	20	0	1	2048	pikachu	0	0	1	0	1	0	1	1	0	0	0	1	true	Ability	0	brn	magoberry	1	0	-1	0	0	log:-activate:0:ability: Thermal Exchange:undefined|cure:0	undefined	true	2048	2048	2048	0	2
thermalexchange	onUpdate	508	0	1	0	Bug	1	0	1	10	0	0	2048	pikachu	0	0	0	1	1	-1	1	2	0	160	1	0	true	Move	0	psn	iapapaberry	1	-1	0	1	0		undefined	false	2048	2048	2048	-1	0
thermalexchange	onUpdate	509	0	1	61	Normal	0	0	1	10	0	1	0	greninjabond	1	0	0	0	1	0	0	1	60	100	0	0	true	Move	1	brn	wikiberry	0	1	-1	0	1	log:-activate:0:ability: Thermal Exchange:undefined|cure:0	undefined	true	0	0	0	0	0
thermalexchange	onUpdate	510	1	1	70	Water	0	1	1	100	20	1	8192	greninjabond	1	0	0	1	1	-1	0	2	60	0	0	1	true	Ability	0	psn	iapapaberry	2	-1	-1	0	0		undefined	true	8192	8192	8192	-1	2
thermalexchange	onUpdate	511	1	1	0	Ghost	0	0	1	20	100	0	2048	greninjabond	0	0	1	1	1	0	1	1	100	160	1	0	undefined	Ability	1	brn	wikiberry	2	0	99	0	0	log:-activate:0:ability: Thermal Exchange:undefined|cure:0	undefined	false	2048	2048	2048	0	0
thermalexchange	onUpdate	512	6	1	61	Dark	0	0	0	0	-1	1	24576	greninjaash	0	1	0	1	1	1	1	0	100	100	0	1	false	missing	0	brn	aguavberry	2	-1	99	1	1	log:-activate:0:ability: Thermal Exchange:undefined|cure:0	undefined	true	24576	24576	24576	1	0
thermalexchange	onUpdate	513	1	1	60	Water	0	1	1	10	0	-1	2048	greninjaash	1	0	1	1	0	0	1	2	0	0	0	1	false	missing	1	psn	iapapaberry	0	-1	99	0	1		undefined	undefined	2048	2048	2048	0	2
thermalexchange	onUpdate	514	0	6	40	Ghost	1	1	0	20	0	-1	24576	greninjabond	1	1	1	1	0	1	0	1	60	160	0	0	null	Ability	0	psn	iapapaberry	0	1	1	1	0		undefined	undefined	24576	24576	24576	1	2
thermalexchange	onUpdate	515	0	6	61	Fire	0	1	1	100	0	1	2048	greninjaash	0	0	0	1	0	1	1	2	100	100	1	1	false	Move	0	brn	leftovers	0	1	1	0	1	log:-activate:0:ability: Thermal Exchange:undefined|cure:0	undefined	true	2048	2048	2048	1	2
thermalexchange	onUpdate	516	6	0	60	Ghost	0	1	0	0	0	0	2048	greninjabond	0	1	1	0	1	-1	1	0	100	160	0	1	null	missing	0	psn	magoberry	1	0	1	0	0		undefined	false	2048	2048	2048	-1	2
thermalexchange	onUpdate	517	6	1	0	Fire	0	0	1	20	0	-1	8192	greninjabond	0	1	0	1	0	6	0	1	60	160	0	0	null	Move	0	psn	aguavberry	0	-1	-1	0	1		undefined	undefined	8192	8192	8192	6	0
thermalexchange	onUpdate	518	6	0	61	Fire	0	0	1	100	-1	0	16384	greninjaash	1	1	0	1	0	-1	0	2	60	100	0	1	undefined	Ability	1	brn	magoberry	2	1	1	1	1	log:-activate:0:ability: Thermal Exchange:undefined|cure:0	undefined	false	16384	16384	16384	-1	0
thermalexchange	onUpdate	519	6	6	61	Ghost	1	0	0	0	-1	1	8	greninjaash	0	0	0	0	0	-1	1	1	100	0	0	1	false	Ability	1	brn	figyberry	1	-1	99	0	1	log:-activate:0:ability: Thermal Exchange:undefined|cure:0	undefined	true	8	8	8	-1	0
thermalexchange	onUpdate	520	6	0	60	Ghost	1	0	1	10	100	0	16384	pikachu	0	0	1	0	1	6	0	2	0	0	0	0	0	missing	0	brn	sitrusberry	0	0	1	1	1	log:-activate:0:ability: Thermal Exchange:undefined|cure:0	undefined	false	16384	16384	16384	6	0
thermalexchange	onUpdate	521	1	0	61	Ghost	1	1	1	10	20	1	24576	greninjaash	1	1	1	0	0	0	1	2	60	160	1	0	false	Ability	0	psn	aguavberry	0	-1	0	1	1		undefined	true	24576	24576	24576	0	2
thermalexchange	onUpdate	522	-1	1	60	Normal	1	1	1	0	-1	1	16384	pikachu	1	1	1	1	1	-1	1	0	0	160	0	0	null	missing	0	brn	sitrusberry	0	0	1	0	1	log:-activate:0:ability: Thermal Exchange:undefined|cure:0	undefined	true	16384	16384	16384	-1	2
thermalexchange	onUpdate	523	-1	0	70	Dark	0	1	0	100	-1	-1	2048	greninjaash	1	0	1	1	0	6	1	0	0	100	0	0	0	Ability	0	psn	iapapaberry	1	1	0	1	0		undefined	undefined	2048	2048	2048	6	2
thermalexchange	onUpdate	524	0	6	40	Dark	1	1	1	100	-1	-1	2048	pikachu	1	0	0	1	0	-1	1	2	0	0	0	1	true	missing	0	psn	aguavberry	2	-1	99	0	1		undefined	undefined	2048	2048	2048	-1	2
thermalexchange	onUpdate	525	-1	1	0	Fire	1	1	1	0	100	-1	2048	pikachu	0	0	0	1	0	0	1	2	100	0	0	1	undefined	Move	1	psn	figyberry	2	1	99	0	1		undefined	undefined	2048	2048	2048	0	2
thermalexchange	onUpdate	526	-1	0	70	Bug	0	0	1	100	-1	-1	8192	greninjabond	1	1	1	1	1	0	1	0	100	100	1	1	0	missing	1	psn	wikiberry	0	0	-1	0	0		undefined	undefined	8192	8192	8192	0	0
thermalexchange	onUpdate	527	-1	6	60	Normal	1	0	1	100	0	1	8192	pikachu	0	0	1	0	0	6	1	1	60	160	1	1	undefined	Ability	1	psn	iapapaberry	2	-1	-1	1	0		undefined	true	8192	8192	8192	6	0
thermalexchange	onUpdate	528	6	6	61	Ghost	0	1	1	20	-1	-1	16384	greninjaash	1	0	0	1	1	0	0	1	0	0	1	0	true	Ability	0	brn	wikiberry	1	1	0	1	0	log:-activate:0:ability: Thermal Exchange:undefined|cure:0	undefined	undefined	16384	16384	16384	0	2
thermalexchange	onUpdate	529	1	1	70	Dark	0	0	0	0	0	-1	0	greninjaash	0	0	0	0	1	0	0	1	100	0	1	0	true	Move	1	brn	leftovers	0	-1	99	1	1	log:-activate:0:ability: Thermal Exchange:undefined|cure:0	undefined	undefined	0	0	0	0	0
thermalexchange	onUpdate	530	6	0	0	Ghost	1	0	1	20	100	1	0	pikachu	1	0	1	1	0	6	0	1	100	100	0	0	undefined	missing	1	psn	wikiberry	2	0	1	1	1		undefined	true	0	0	0	6	0
thermalexchange	onUpdate	531	1	0	60	Bug	1	0	1	0	20	0	2048	pikachu	1	1	1	0	1	-1	1	1	100	0	1	0	false	missing	1	psn	magoberry	0	1	-1	0	1		undefined	false	2048	2048	2048	-1	0
thermalexchange	onUpdate	532	-1	6	60	Fire	0	0	1	100	-1	0	2048	pikachu	0	0	1	0	0	6	0	0	0	100	1	0	null	missing	1	psn	leftovers	1	1	-1	0	1		undefined	false	2048	2048	2048	6	0
thermalexchange	onUpdate	533	1	1	61	Water	0	0	1	10	100	1	8	greninjaash	1	1	0	0	0	6	0	0	60	100	0	1	true	Ability	1	brn	leftovers	0	0	99	1	1	log:-activate:0:ability: Thermal Exchange:undefined|cure:0	undefined	true	8	8	8	6	0
thermalexchange	onUpdate	534	0	0	0	Dark	1	0	0	100	0	-1	24576	greninjaash	0	0	1	1	0	1	0	1	0	100	1	1	0	missing	0	brn	leftovers	2	-1	1	1	0	log:-activate:0:ability: Thermal Exchange:undefined|cure:0	undefined	undefined	24576	24576	24576	1	0
thermalexchange	onUpdate	535	-1	0	70	Bug	1	0	0	10	100	-1	8192	pikachu	1	0	1	1	1	1	1	0	0	160	0	0	true	missing	1	psn	figyberry	0	0	-1	0	1		undefined	undefined	8192	8192	8192	1	0
thermalexchange	onUpdate	536	6	1	40	Ghost	1	0	0	0	100	-1	2048	pikachu	0	1	0	0	1	1	0	0	0	160	0	1	0	Move	0	brn	sitrusberry	1	-1	-1	0	0	log:-activate:0:ability: Thermal Exchange:undefined|cure:0	undefined	undefined	2048	2048	2048	1	0
thermalexchange	onUpdate	537	0	6	0	Normal	0	1	0	0	-1	-1	8192	pikachu	1	1	0	0	1	0	1	2	60	0	1	1	undefined	Move	1	psn	wikiberry	0	-1	-1	1	1		undefined	undefined	8192	8192	8192	0	2
thermalexchange	onUpdate	538	1	1	0	Normal	1	0	1	0	0	-1	24576	greninjabond	1	0	0	1	1	0	0	0	0	0	1	1	true	Ability	0	brn	iapapaberry	2	-1	99	1	0	log:-activate:0:ability: Thermal Exchange:undefined|cure:0	undefined	undefined	24576	24576	24576	0	0
thermalexchange	onUpdate	539	0	1	61	Bug	1	0	0	0	100	-1	24576	greninjaash	1	1	0	1	0	0	0	2	60	0	0	1	0	Move	1	brn	leftovers	1	1	1	1	0	log:-activate:0:ability: Thermal Exchange:undefined|cure:0	undefined	undefined	24576	24576	24576	0	0
thermalexchange	onUpdate	540	1	6	61	Ghost	0	0	0	20	-1	-1	8192	pikachu	1	1	1	1	0	6	0	0	60	0	0	1	true	Ability	1	psn	iapapaberry	0	-1	0	0	0		undefined	undefined	8192	8192	8192	6	0
thermalexchange	onUpdate	541	-1	1	40	Normal	0	1	1	100	100	1	8192	greninjabond	0	0	0	0	1	0	1	1	100	0	1	1	undefined	missing	0	brn	magoberry	2	1	1	1	1	log:-activate:0:ability: Thermal Exchange:undefined|cure:0	undefined	true	8192	8192	8192	0	2
thermalexchange	onUpdate	542	1	1	40	Water	1	1	0	100	100	1	2048	greninjabond	0	0	1	1	1	1	0	2	100	160	1	1	undefined	Ability	1	psn	aguavberry	1	-1	-1	1	1		undefined	true	2048	2048	2048	1	2
thermalexchange	onUpdate	543	0	1	60	Fire	0	0	1	0	-1	0	24576	greninjaash	1	0	0	1	0	0	1	1	100	160	1	1	true	missing	1	psn	sitrusberry	1	1	0	0	0		undefined	false	24576	24576	24576	0	0
thermalexchange	onUpdate	544	6	0	0	Ghost	1	0	1	10	20	-1	16384	greninjaash	1	1	1	1	0	-1	1	0	100	0	0	0	0	Move	1	brn	magoberry	0	-1	99	0	0	log:-activate:0:ability: Thermal Exchange:undefined|cure:0	undefined	undefined	16384	16384	16384	-1	0
thermalexchange	onUpdate	545	0	1	40	Water	1	0	0	100	100	1	8	greninjaash	1	0	0	1	1	0	0	1	60	100	1	1	undefined	Ability	0	psn	iapapaberry	0	-1	1	0	1		undefined	true	8	8	8	0	0
thermalexchange	onUpdate	546	0	6	40	Dark	1	1	0	100	-1	-1	2048	greninjabond	1	1	0	0	1	-1	1	2	60	160	1	1	true	Ability	1	psn	iapapaberry	1	-1	99	0	1		undefined	undefined	2048	2048	2048	-1	2
thermalexchange	onUpdate	547	-1	1	70	Normal	1	0	1	10	100	0	24576	greninjabond	1	1	1	1	1	1	0	0	60	100	0	1	null	Move	1	brn	iapapaberry	0	0	0	1	1	log:-activate:0:ability: Thermal Exchange:undefined|cure:0	undefined	false	24576	24576	24576	1	0
thermalexchange	onUpdate	548	-1	0	70	Fire	1	1	1	10	-1	1	8192	greninjaash	0	1	0	0	0	1	0	1	0	160	0	0	null	Move	1	psn	aguavberry	1	1	1	0	0		undefined	true	8192	8192	8192	1	2
thermalexchange	onUpdate	549	0	6	0	Ghost	1	0	0	10	20	0	2048	greninjabond	0	1	1	1	1	6	0	1	0	100	1	0	null	missing	1	psn	aguavberry	1	0	1	1	1		undefined	false	2048	2048	2048	6	0
thermalexchange	onUpdate	550	6	1	0	Ghost	1	1	0	100	20	-1	8	pikachu	0	1	0	1	1	6	1	0	100	0	0	1	0	Ability	1	brn	aguavberry	0	-1	1	0	1	log:-activate:0:ability: Thermal Exchange:undefined|cure:0	undefined	undefined	8	8	8	6	2
thermalexchange	onUpdate	551	1	1	70	Dark	0	0	0	100	0	0	24576	greninjabond	1	0	1	0	0	-1	1	1	60	160	1	1	0	missing	0	brn	magoberry	0	1	0	1	1	log:-activate:0:ability: Thermal Exchange:undefined|cure:0	undefined	false	24576	24576	24576	-1	0
thermalexchange	onUpdate	552	-1	6	60	Ghost	0	1	1	20	0	1	8	greninjabond	0	0	0	0	0	1	1	2	0	0	1	1	undefined	Move	1	brn	aguavberry	2	-1	1	0	1	log:-activate:0:ability: Thermal Exchange:undefined|cure:0	undefined	true	8	8	8	1	2
thermalexchange	onUpdate	553	0	6	40	Dark	0	1	0	100	-1	0	16384	pikachu	0	1	0	1	0	0	1	2	0	0	1	0	null	Move	1	brn	figyberry	2	1	99	0	0	log:-activate:0:ability: Thermal Exchange:undefined|cure:0	undefined	false	16384	16384	16384	0	2
thermalexchange	onUpdate	554	0	0	60	Bug	1	1	0	10	20	1	8	greninjaash	0	1	0	0	0	6	0	1	100	100	1	1	0	missing	1	psn	wikiberry	2	-1	99	1	1		undefined	true	8	8	8	6	2
thermalexchange	onUpdate	555	6	6	70	Fire	0	0	1	10	0	-1	8192	greninjaash	0	1	0	0	1	6	0	1	100	160	1	0	false	missing	1	psn	wikiberry	1	1	99	0	0		undefined	undefined	8192	8192	8192	6	0
thermalexchange	onUpdate	556	1	6	70	Fire	0	1	1	0	-1	-1	24576	greninjabond	0	0	1	1	0	1	1	0	60	100	1	1	null	missing	0	psn	iapapaberry	0	1	99	1	1		undefined	undefined	24576	24576	24576	1	2
thermalexchange	onUpdate	557	6	6	70	Bug	0	1	0	20	20	-1	24576	greninjaash	1	0	1	1	1	0	1	1	100	0	1	0	0	missing	0	psn	iapapaberry	2	-1	0	0	1		undefined	undefined	24576	24576	24576	0	2
thermalexchange	onUpdate	558	0	1	60	Bug	1	0	1	100	-1	1	8192	greninjaash	0	1	0	1	0	6	0	1	100	100	0	1	undefined	Move	0	brn	aguavberry	1	1	-1	1	0	log:-activate:0:ability: Thermal Exchange:undefined|cure:0	undefined	true	8192	8192	8192	6	0
thermalexchange	onUpdate	559	1	0	40	Bug	0	0	0	10	100	1	0	pikachu	1	0	0	0	1	6	0	2	100	100	0	0	null	missing	0	brn	aguavberry	1	0	1	0	0	log:-activate:0:ability: Thermal Exchange:undefined|cure:0	undefined	true	0	0	0	6	0
thermalexchange	onUpdate	560	-1	6	60	Dark	1	1	0	100	20	1	8	pikachu	0	1	0	1	0	6	1	0	60	100	0	0	true	missing	1	brn	figyberry	1	1	0	0	1	log:-activate:0:ability: Thermal Exchange:undefined|cure:0	undefined	true	8	8	8	6	2
thermalexchange	onUpdate	561	-1	1	0	Dark	0	0	0	20	20	-1	8192	pikachu	1	0	0	0	0	1	1	0	60	160	1	0	false	Ability	0	brn	figyberry	2	1	0	0	0	log:-activate:0:ability: Thermal Exchange:undefined|cure:0	undefined	undefined	8192	8192	8192	1	0
thermalexchange	onUpdate	562	-1	0	0	Fire	0	1	0	100	100	1	8	greninjabond	0	0	0	0	1	0	1	1	60	100	0	1	0	Ability	0	brn	iapapaberry	0	0	99	0	0	log:-activate:0:ability: Thermal Exchange:undefined|cure:0	undefined	true	8	8	8	0	2
thermalexchange	onUpdate	563	0	1	70	Dark	0	0	0	20	-1	-1	8	pikachu	0	1	1	0	0	-1	0	2	0	160	0	0	null	missing	1	psn	leftovers	2	-1	1	1	1		undefined	undefined	8	8	8	-1	0
thermalexchange	onUpdate	564	-1	6	0	Fire	1	0	0	100	20	0	16384	pikachu	1	0	1	0	1	0	1	1	0	160	0	0	undefined	Move	0	psn	iapapaberry	0	0	-1	1	1		undefined	false	16384	16384	16384	0	0
thermalexchange	onUpdate	565	0	1	70	Water	0	0	0	0	20	0	16384	greninjabond	0	1	1	0	0	6	1	0	60	160	1	1	false	Ability	1	brn	leftovers	2	-1	0	0	1	log:-activate:0:ability: Thermal Exchange:undefined|cure:0	undefined	false	16384	16384	16384	6	0
thermalexchange	onUpdate	566	1	6	70	Fire	1	0	1	100	0	0	2048	greninjaash	0	1	0	1	1	-1	0	1	60	160	0	1	0	Move	1	psn	iapapaberry	1	0	1	0	0		undefined	false	2048	2048	2048	-1	0
thermalexchange	onUpdate	567	6	0	60	Water	1	0	1	0	-1	1	16384	greninjabond	0	0	1	1	0	1	0	1	0	100	1	0	true	missing	0	psn	figyberry	1	-1	99	0	1		undefined	true	16384	16384	16384	1	0
thermalexchange	onUpdate	568	-1	6	70	Ghost	0	0	1	0	0	1	8	greninjabond	1	1	1	0	0	0	0	1	100	0	0	1	undefined	Ability	0	psn	sitrusberry	0	1	-1	0	0		undefined	true	8	8	8	0	0
thermalexchange	onUpdate	569	-1	6	70	Normal	1	1	0	20	0	0	16384	greninjaash	0	1	1	0	0	1	0	2	60	160	0	0	false	Ability	1	psn	wikiberry	1	0	1	0	0		undefined	false	16384	16384	16384	1	2
thermalexchange	onUpdate	570	6	1	0	Normal	0	0	1	10	-1	-1	2048	greninjabond	0	0	1	0	0	-1	1	2	100	160	0	1	0	Move	1	psn	figyberry	0	1	99	1	0		undefined	undefined	2048	2048	2048	-1	0
thermalexchange	onUpdate	571	-1	6	40	Normal	0	0	1	20	-1	0	8	pikachu	0	1	1	1	1	0	0	0	60	0	1	1	undefined	Move	0	psn	iapapaberry	1	1	-1	1	0		undefined	false	8	8	8	0	0
thermalexchange	onUpdate	572	6	0	61	Fire	0	1	1	20	20	0	16384	greninjaash	0	1	0	1	1	0	1	2	100	0	0	1	undefined	Move	0	psn	sitrusberry	0	0	0	1	0		undefined	false	16384	16384	16384	0	2
thermalexchange	onUpdate	573	1	0	61	Fire	1	1	0	10	-1	-1	8	greninjabond	0	0	1	0	0	0	0	1	60	160	1	1	undefined	Ability	0	psn	figyberry	2	1	0	0	1		undefined	undefined	8	8	8	0	2
thermalexchange	onUpdate	574	6	1	61	Normal	1	1	1	100	0	1	8192	greninjabond	1	0	0	1	0	-1	1	1	60	0	1	1	undefined	Move	1	brn	aguavberry	2	-1	-1	1	1	log:-activate:0:ability: Thermal Exchange:undefined|cure:0	undefined	true	8192	8192	8192	-1	2
thermalexchange	onUpdate	575	-1	6	61	Normal	1	0	0	20	0	0	0	pikachu	0	0	1	0	0	0	0	0	60	100	0	1	true	missing	0	psn	magoberry	1	-1	99	1	0		undefined	false	0	0	0	0	0
thermalexchange	onUpdate	576	-1	0	70	Dark	1	0	1	10	20	-1	2048	pikachu	0	0	0	1	0	1	0	1	0	0	1	0	true	Ability	0	psn	magoberry	2	1	99	1	0		undefined	undefined	2048	2048	2048	1	0
thermalexchange	onUpdate	577	-1	0	0	Fire	0	0	1	20	20	-1	8	greninjaash	0	1	1	1	0	1	1	1	0	100	0	1	false	Ability	1	psn	iapapaberry	0	0	-1	1	0		undefined	undefined	8	8	8	1	0
thermalexchange	onUpdate	578	1	0	60	Fire	0	0	1	100	20	0	24576	pikachu	0	1	1	0	1	1	0	0	0	100	0	1	false	missing	1	brn	aguavberry	1	0	99	1	1	log:-activate:0:ability: Thermal Exchange:undefined|cure:0	undefined	false	24576	24576	24576	1	0
thermalexchange	onUpdate	579	6	0	61	Bug	1	0	0	100	20	0	2048	pikachu	1	1	0	1	1	1	1	1	60	0	0	0	undefined	Move	0	brn	figyberry	1	0	99	0	1	log:-activate:0:ability: Thermal Exchange:undefined|cure:0	undefined	false	2048	2048	2048	1	0
thermalexchange	onUpdate	580	0	0	0	Fire	1	1	1	10	20	-1	0	pikachu	1	1	1	0	1	-1	0	2	60	0	1	0	0	Ability	1	psn	magoberry	2	0	1	1	0		undefined	undefined	0	0	0	-1	2
thermalexchange	onUpdate	581	-1	6	40	Dark	0	0	0	100	-1	-1	16384	greninjaash	1	0	1	0	0	6	1	2	100	160	1	0	true	Ability	0	psn	aguavberry	1	-1	-1	0	1		undefined	undefined	16384	16384	16384	6	0
thermalexchange	onUpdate	582	-1	6	61	Ghost	0	1	0	100	100	-1	24576	pikachu	1	0	1	1	1	0	0	0	0	160	1	1	undefined	missing	0	psn	leftovers	1	1	1	1	0		undefined	undefined	24576	24576	24576	0	2
thermalexchange	onUpdate	583	-1	0	60	Fire	1	0	1	10	100	1	16384	greninjaash	0	0	0	0	1	-1	0	2	100	160	1	1	undefined	missing	0	brn	sitrusberry	0	1	-1	0	1	log:-activate:0:ability: Thermal Exchange:undefined|cure:0	undefined	true	16384	16384	16384	-1	0
thermalexchange	onUpdate	584	-1	6	61	Water	1	1	0	20	0	0	0	greninjabond	1	0	1	0	1	-1	0	0	0	160	0	1	true	Move	0	psn	magoberry	2	0	99	1	1		undefined	false	0	0	0	-1	2
thermalexchange	onUpdate	585	-1	6	70	Fire	1	1	1	10	100	0	8192	greninjabond	1	0	1	1	1	1	0	1	60	0	0	1	false	missing	0	brn	leftovers	0	1	0	1	0	log:-activate:0:ability: Thermal Exchange:undefined|cure:0	undefined	false	8192	8192	8192	1	2
thermalexchange	onUpdate	586	0	1	0	Bug	0	1	1	10	100	1	8192	pikachu	0	1	1	0	1	0	1	1	100	100	1	1	undefined	missing	0	psn	iapapaberry	2	-1	99	0	1		undefined	true	8192	8192	8192	0	2
thermalexchange	onUpdate	587	0	1	0	Fire	1	0	1	0	100	0	16384	pikachu	1	1	1	0	0	6	1	2	0	100	1	0	undefined	missing	0	brn	wikiberry	0	0	0	1	0	log:-activate:0:ability: Thermal Exchange:undefined|cure:0	undefined	false	16384	16384	16384	6	0
thermalexchange	onUpdate	588	6	6	61	Dark	1	0	0	0	20	-1	8192	greninjaash	0	0	1	1	1	-1	0	0	100	0	0	1	null	missing	1	psn	leftovers	2	0	-1	1	0		undefined	undefined	8192	8192	8192	-1	0
thermalexchange	onUpdate	589	1	6	70	Bug	0	1	0	0	-1	0	2048	greninjaash	0	1	0	1	0	0	0	0	0	100	0	0	true	Ability	1	brn	figyberry	2	-1	-1	1	1	log:-activate:0:ability: Thermal Exchange:undefined|cure:0	undefined	false	2048	2048	2048	0	2
thermalexchange	onUpdate	590	0	6	60	Normal	0	1	0	100	20	0	0	greninjaash	1	1	1	1	1	1	0	1	60	0	1	1	false	missing	1	brn	aguavberry	1	0	-1	0	0	log:-activate:0:ability: Thermal Exchange:undefined|cure:0	undefined	false	0	0	0	1	2
thermalexchange	onUpdate	591	0	1	40	Fire	0	0	0	100	-1	0	16384	pikachu	1	1	1	1	0	6	0	0	60	160	1	0	true	Move	0	brn	iapapaberry	1	-1	-1	1	0	log:-activate:0:ability: Thermal Exchange:undefined|cure:0	undefined	false	16384	16384	16384	6	0
thermalexchange	onUpdate	592	0	0	61	Normal	0	0	1	100	100	1	2048	greninjabond	0	1	1	0	1	0	0	0	100	100	1	0	0	Move	1	psn	figyberry	0	-1	1	1	1		undefined	true	2048	2048	2048	0	0
thermalexchange	onUpdate	593	6	1	40	Normal	1	0	1	10	-1	-1	0	greninjaash	0	1	1	0	1	1	1	1	100	100	0	0	0	Move	1	brn	aguavberry	2	-1	99	1	0	log:-activate:0:ability: Thermal Exchange:undefined|cure:0	undefined	undefined	0	0	0	1	0
thermalexchange	onUpdate	594	0	6	61	Ghost	0	1	0	100	0	-1	2048	greninjaash	1	1	0	0	0	6	1	0	0	0	1	1	true	Ability	1	brn	iapapaberry	0	1	99	1	0	log:-activate:0:ability: Thermal Exchange:undefined|cure:0	undefined	undefined	2048	2048	2048	6	2
thermalexchange	onUpdate	595	-1	6	70	Ghost	1	0	0	0	100	-1	2048	greninjaash	1	1	0	0	1	-1	1	1	60	160	1	1	undefined	Move	0	psn	leftovers	1	-1	-1	1	1		undefined	undefined	2048	2048	2048	-1	0
thermalexchange	onUpdate	596	0	6	60	Ghost	0	0	1	100	20	1	8192	greninjaash	1	1	0	1	1	-1	0	2	0	100	0	0	null	missing	1	psn	magoberry	1	0	0	0	1		undefined	true	8192	8192	8192	-1	0
thermalexchange	onUpdate	597	-1	6	60	Normal	1	0	1	20	0	0	8192	pikachu	0	0	0	1	1	6	1	1	100	0	0	0	undefined	missing	0	brn	iapapaberry	2	1	99	1	1	log:-activate:0:ability: Thermal Exchange:undefined|cure:0	undefined	false	8192	8192	8192	6	0
thermalexchange	onUpdate	598	6	0	0	Ghost	0	0	0	100	-1	1	8192	greninjabond	1	1	1	1	0	1	1	2	60	0	0	1	null	Ability	1	psn	sitrusberry	2	-1	99	1	1		undefined	true	8192	8192	8192	1	0
thermalexchange	onUpdate	599	1	6	40	Water	0	1	0	20	0	0	16384	greninjabond	1	1	0	1	1	1	1	1	100	0	0	1	null	missing	1	brn	sitrusberry	2	-1	0	1	0	log:-activate:0:ability: Thermal Exchange:undefined|cure:0	undefined	false	16384	16384	16384	1	2
thermalexchange	onUpdate	600	0	1	70	Normal	1	0	0	0	-1	0	24576	greninjaash	0	1	0	1	1	6	1	2	100	0	1	1	undefined	Ability	1	psn	wikiberry	1	0	0	1	0		undefined	false	24576	24576	24576	6	0
thermalexchange	onUpdate	601	6	1	70	Normal	0	1	1	0	100	0	24576	greninjaash	0	0	1	0	1	1	1	2	60	160	0	0	null	Move	0	psn	figyberry	0	0	0	0	0		undefined	false	24576	24576	24576	1	2
thermalexchange	onUpdate	602	-1	6	61	Water	1	0	0	10	-1	1	8192	greninjaash	1	0	0	0	1	1	0	1	0	100	1	1	false	missing	1	psn	wikiberry	0	0	99	0	0		undefined	true	8192	8192	8192	1	0
thermalexchange	onUpdate	603	6	6	61	Normal	0	0	0	10	0	1	2048	pikachu	0	1	1	1	1	0	1	0	100	0	0	1	0	Move	0	psn	figyberry	0	-1	99	0	1		undefined	true	2048	2048	2048	0	0
thermalexchange	onUpdate	604	6	6	60	Fire	1	1	1	20	20	1	24576	greninjaash	1	1	1	0	0	6	0	1	60	100	1	1	false	Move	0	psn	sitrusberry	2	-1	1	0	1		undefined	true	24576	24576	24576	6	2
thermalexchange	onUpdate	605	0	6	70	Fire	0	1	1	0	0	-1	2048	pikachu	1	1	0	0	1	0	1	2	100	0	0	1	null	Move	1	psn	figyberry	2	-1	99	1	1		undefined	undefined	2048	2048	2048	0	2
thermalexchange	onUpdate	606	-1	6	70	Bug	0	0	1	100	0	1	24576	greninjaash	1	0	0	0	1	6	0	0	60	160	0	0	null	Ability	0	brn	sitrusberry	0	1	0	0	1	log:-activate:0:ability: Thermal Exchange:undefined|cure:0	undefined	true	24576	24576	24576	6	0
thermalexchange	onUpdate	607	6	0	61	Bug	0	1	1	10	100	0	8192	greninjabond	1	1	1	0	1	1	1	1	100	100	1	1	false	Move	1	psn	sitrusberry	0	1	0	0	1		undefined	false	8192	8192	8192	1	2
thermalexchange	onUpdate	608	0	0	0	Water	0	1	0	10	100	-1	8192	pikachu	1	0	1	0	1	-1	1	0	0	100	0	0	true	Ability	1	psn	aguavberry	0	1	-1	1	0		undefined	undefined	8192	8192	8192	-1	2
thermalexchange	onUpdate	609	6	1	70	Dark	1	0	1	0	0	1	16384	pikachu	1	1	0	0	0	1	0	2	0	100	1	1	undefined	Move	1	brn	sitrusberry	0	0	1	0	0	log:-activate:0:ability: Thermal Exchange:undefined|cure:0	undefined	true	16384	16384	16384	1	0
thermalexchange	onUpdate	610	6	0	40	Ghost	1	0	0	100	20	1	8	greninjabond	1	0	0	0	0	-1	1	2	100	0	0	1	0	Ability	0	brn	sitrusberry	2	0	99	1	1	log:-activate:0:ability: Thermal Exchange:undefined|cure:0	undefined	true	8	8	8	-1	0
thermalexchange	onUpdate	611	0	6	40	Water	0	0	1	10	-1	1	16384	greninjaash	0	1	0	0	0	6	1	2	60	160	1	0	false	Ability	0	brn	wikiberry	0	0	0	1	0	log:-activate:0:ability: Thermal Exchange:undefined|cure:0	undefined	true	16384	16384	16384	6	0
thermalexchange	onUpdate	612	1	1	60	Fire	0	1	0	10	100	-1	16384	greninjaash	0	0	1	1	0	6	1	0	60	0	0	0	false	missing	0	psn	iapapaberry	2	0	99	0	0		undefined	undefined	16384	16384	16384	6	2
thermalexchange	onUpdate	613	6	0	40	Bug	0	0	1	10	0	1	8192	greninjaash	0	0	0	0	1	6	0	0	60	0	0	1	false	missing	0	psn	wikiberry	1	-1	1	0	0		undefined	true	8192	8192	8192	6	0
thermalexchange	onUpdate	614	0	0	61	Ghost	0	1	1	0	0	-1	0	greninjaash	1	0	0	0	0	6	1	0	60	160	0	0	undefined	Ability	1	psn	wikiberry	2	1	99	1	0		undefined	undefined	0	0	0	6	2
thermalexchange	onUpdate	615	6	6	60	Fire	0	1	0	100	20	0	24576	greninjaash	0	1	1	0	0	0	1	2	0	0	0	0	null	Ability	1	psn	iapapaberry	0	1	1	1	0		undefined	false	24576	24576	24576	0	2
thermalexchange	onUpdate	616	0	1	61	Bug	1	1	1	20	-1	1	24576	greninjaash	0	0	1	1	1	1	1	1	100	0	1	1	false	Move	0	psn	figyberry	1	0	99	0	0		undefined	true	24576	24576	24576	1	2
thermalexchange	onUpdate	617	1	6	40	Fire	1	1	0	100	20	1	8192	greninjabond	0	0	0	1	0	1	1	2	60	0	1	1	true	Move	0	brn	aguavberry	2	0	-1	0	0	log:-activate:0:ability: Thermal Exchange:undefined|cure:0	undefined	true	8192	8192	8192	1	2
thermalexchange	onUpdate	618	1	1	61	Bug	1	1	1	10	0	-1	0	pikachu	1	1	1	0	1	6	1	1	0	0	0	1	false	missing	1	psn	sitrusberry	1	1	99	0	0		undefined	undefined	0	0	0	6	2
thermalexchange	onUpdate	619	-1	1	40	Normal	0	0	0	20	-1	0	2048	greninjaash	0	1	0	0	1	-1	0	2	100	0	0	0	undefined	Move	1	brn	sitrusberry	1	1	-1	1	1	log:-activate:0:ability: Thermal Exchange:undefined|cure:0	undefined	false	2048	2048	2048	-1	0
thermalexchange	onUpdate	620	-1	6	40	Fire	1	0	1	0	100	0	0	greninjabond	1	0	0	0	0	1	1	0	0	100	0	1	true	Move	0	psn	figyberry	2	0	-1	0	0		undefined	false	0	0	0	1	0
thermalexchange	onUpdate	621	0	6	40	Normal	1	1	1	100	100	-1	0	pikachu	0	1	0	1	0	1	1	0	0	0	0	0	0	Ability	0	brn	wikiberry	0	1	1	0	0	log:-activate:0:ability: Thermal Exchange:undefined|cure:0	undefined	undefined	0	0	0	1	2
thermalexchange	onUpdate	622	1	0	61	Normal	1	1	1	0	100	-1	8	pikachu	0	0	0	0	1	-1	1	1	0	100	0	0	0	Move	0	brn	figyberry	2	1	0	1	0	log:-activate:0:ability: Thermal Exchange:undefined|cure:0	undefined	undefined	8	8	8	-1	2
thermalexchange	onUpdate	623	-1	1	60	Dark	1	1	1	20	0	0	8	greninjaash	0	1	0	1	1	-1	1	2	0	100	1	0	0	Move	1	brn	aguavberry	1	1	1	1	1	log:-activate:0:ability: Thermal Exchange:undefined|cure:0	undefined	false	8	8	8	-1	2
thermalexchange	onUpdate	624	0	6	61	Bug	1	0	0	100	100	1	0	pikachu	1	1	0	0	0	-1	0	0	60	0	1	0	false	Move	0	psn	magoberry	1	-1	1	0	1		undefined	true	0	0	0	-1	0
thermalexchange	onUpdate	625	1	0	60	Water	0	0	0	100	0	-1	16384	pikachu	0	1	0	1	0	1	0	0	60	0	1	0	false	Ability	0	psn	magoberry	2	1	0	1	0		undefined	undefined	16384	16384	16384	1	0
thermalexchange	onUpdate	626	0	6	60	Dark	1	1	1	100	-1	-1	8	pikachu	1	1	1	0	0	1	0	1	60	0	0	1	undefined	missing	1	brn	wikiberry	0	-1	99	0	0	log:-activate:0:ability: Thermal Exchange:undefined|cure:0	undefined	undefined	8	8	8	1	2
thermalexchange	onUpdate	627	6	1	60	Fire	0	0	1	20	20	1	8192	greninjaash	1	1	1	1	1	0	0	1	60	0	1	1	undefined	Ability	1	brn	aguavberry	2	1	1	0	0	log:-activate:0:ability: Thermal Exchange:undefined|cure:0	undefined	true	8192	8192	8192	0	0
thermalexchange	onUpdate	628	1	1	61	Dark	1	1	1	100	100	0	2048	greninjaash	0	1	1	1	0	1	1	1	60	0	1	0	0	Move	1	psn	sitrusberry	0	1	0	0	1		undefined	false	2048	2048	2048	1	2
thermalexchange	onUpdate	629	1	6	70	Dark	0	0	1	0	100	1	2048	pikachu	1	0	0	1	0	-1	0	1	100	100	1	0	null	Move	1	psn	magoberry	1	0	1	0	0		undefined	true	2048	2048	2048	-1	0
thermalexchange	onUpdate	630	6	6	0	Bug	1	0	1	0	20	0	2048	greninjabond	0	1	1	0	1	-1	0	1	0	160	1	0	null	Ability	0	psn	sitrusberry	0	0	99	0	1		undefined	false	2048	2048	2048	-1	0
thermalexchange	onUpdate	631	0	1	60	Bug	1	1	0	0	100	1	8	greninjabond	0	1	1	1	1	6	1	0	60	0	1	1	0	Move	1	brn	figyberry	0	0	99	0	0	log:-activate:0:ability: Thermal Exchange:undefined|cure:0	undefined	true	8	8	8	6	2
thermalexchange	onUpdate	632	1	6	0	Bug	0	0	0	0	20	1	0	greninjaash	0	0	1	1	0	0	0	0	100	0	0	1	true	Move	0	psn	leftovers	1	-1	0	0	1		undefined	true	0	0	0	0	0
thermalexchange	onUpdate	633	1	1	70	Normal	1	1	0	20	-1	-1	16384	pikachu	1	0	0	0	1	1	1	2	100	160	1	0	true	Move	1	psn	iapapaberry	0	0	99	1	0		undefined	undefined	16384	16384	16384	1	2
thermalexchange	onUpdate	634	-1	0	61	Fire	1	1	1	10	20	-1	24576	pikachu	1	0	1	0	0	-1	1	1	60	160	0	1	true	Move	0	psn	aguavberry	2	1	99	1	1		undefined	undefined	24576	24576	24576	-1	2
thermalexchange	onUpdate	635	0	1	0	Ghost	1	0	0	100	100	0	8192	pikachu	1	1	0	1	0	1	0	2	0	100	1	0	true	missing	1	psn	figyberry	0	0	0	1	1		undefined	false	8192	8192	8192	1	0
thermalexchange	onUpdate	636	-1	1	70	Dark	0	1	0	20	100	-1	24576	pikachu	1	1	1	0	0	0	0	0	0	100	0	1	true	Ability	1	brn	figyberry	0	1	1	0	1	log:-activate:0:ability: Thermal Exchange:undefined|cure:0	undefined	undefined	24576	24576	24576	0	2
thermalexchange	onUpdate	637	-1	0	0	Dark	1	1	0	20	100	1	8	greninjaash	0	1	1	1	0	1	1	1	100	160	1	1	undefined	missing	0	psn	aguavberry	2	0	0	1	0		undefined	true	8	8	8	1	2
thermalexchange	onUpdate	638	0	1	60	Dark	1	0	0	0	-1	0	16384	greninjabond	0	1	1	0	0	0	1	2	0	100	1	0	true	Move	1	brn	figyberry	2	-1	0	1	1	log:-activate:0:ability: Thermal Exchange:undefined|cure:0	undefined	false	16384	16384	16384	0	0
thermalexchange	onUpdate	639	0	6	0	Normal	1	1	0	100	20	-1	24576	pikachu	1	1	0	0	0	1	0	0	60	0	0	1	0	Ability	0	psn	figyberry	0	1	-1	1	1		undefined	undefined	24576	24576	24576	1	2
thermalexchange	onUpdate	640	1	0	0	Normal	1	1	1	10	0	-1	2048	pikachu	1	0	1	0	0	6	0	2	60	160	1	0	true	Move	1	psn	figyberry	1	0	-1	0	0		undefined	undefined	2048	2048	2048	6	2
thermalexchange	onUpdate	641	0	6	70	Ghost	1	0	0	20	100	0	8	pikachu	0	1	0	0	1	1	0	0	60	100	1	0	0	missing	0	brn	iapapaberry	2	0	-1	1	0	log:-activate:0:ability: Thermal Exchange:undefined|cure:0	undefined	false	8	8	8	1	0
thermalexchange	onUpdate	642	-1	6	70	Water	0	0	1	100	100	0	2048	pikachu	0	0	0	0	1	6	1	1	60	0	1	1	null	Move	1	brn	figyberry	2	0	99	0	1	log:-activate:0:ability: Thermal Exchange:undefined|cure:0	undefined	false	2048	2048	2048	6	0
thermalexchange	onUpdate	643	-1	6	70	Water	1	0	0	0	100	-1	8192	greninjabond	1	1	1	0	1	6	0	0	60	100	0	0	0	Ability	1	psn	magoberry	1	-1	99	1	0		undefined	undefined	8192	8192	8192	6	0
thermalexchange	onUpdate	644	1	1	60	Water	1	0	1	10	100	0	24576	greninjabond	1	0	0	1	0	0	0	2	0	100	1	0	true	Ability	1	brn	iapapaberry	2	-1	99	1	1	log:-activate:0:ability: Thermal Exchange:undefined|cure:0	undefined	false	24576	24576	24576	0	0
thermalexchange	onUpdate	645	1	0	70	Normal	1	1	0	100	100	-1	0	greninjabond	1	0	1	0	1	-1	1	0	60	160	1	1	undefined	missing	1	brn	magoberry	2	1	0	1	0	log:-activate:0:ability: Thermal Exchange:undefined|cure:0	undefined	undefined	0	0	0	-1	2
thermalexchange	onUpdate	646	1	1	40	Water	1	1	0	0	0	-1	24576	pikachu	0	0	1	0	1	0	1	2	0	160	1	0	false	Move	0	psn	sitrusberry	2	-1	99	0	0		undefined	undefined	24576	24576	24576	0	2
thermalexchange	onUpdate	647	1	6	60	Normal	0	1	1	10	0	-1	0	greninjabond	1	1	1	1	1	0	0	2	0	0	1	0	0	Ability	0	psn	magoberry	0	1	-1	1	0		undefined	undefined	0	0	0	0	2
thermalexchange	onUpdate	648	1	1	60	Bug	0	1	0	20	20	1	8	greninjaash	1	1	0	1	0	-1	1	2	60	160	1	1	undefined	Ability	1	psn	wikiberry	2	0	99	0	0		undefined	true	8	8	8	-1	2
thermalexchange	onUpdate	649	0	0	0	Water	0	0	0	20	-1	1	2048	greninjaash	0	0	0	1	1	1	0	0	0	100	0	1	false	missing	1	brn	magoberry	1	-1	1	0	0	log:-activate:0:ability: Thermal Exchange:undefined|cure:0	undefined	true	2048	2048	2048	1	0
thermalexchange	onUpdate	650	6	6	61	Fire	0	0	0	10	0	1	24576	pikachu	0	0	0	0	0	0	0	1	100	100	1	1	true	missing	1	psn	wikiberry	1	-1	99	1	0		undefined	true	24576	24576	24576	0	0
thermalexchange	onUpdate	651	6	6	70	Bug	1	0	1	0	0	0	24576	greninjabond	0	1	0	0	1	-1	0	2	0	160	1	1	false	missing	1	brn	figyberry	2	0	1	0	1	log:-activate:0:ability: Thermal Exchange:undefined|cure:0	undefined	false	24576	24576	24576	-1	0
thermalexchange	onUpdate	652	-1	1	70	Water	0	0	0	0	0	-1	8192	greninjabond	0	1	1	0	1	0	0	2	0	0	1	0	0	Ability	1	brn	magoberry	2	-1	-1	1	0	log:-activate:0:ability: Thermal Exchange:undefined|cure:0	undefined	undefined	8192	8192	8192	0	0
thermalexchange	onUpdate	653	6	6	70	Normal	0	0	0	10	20	1	8192	greninjabond	1	1	1	0	1	1	0	2	0	160	1	0	null	Ability	0	brn	leftovers	0	-1	-1	1	0	log:-activate:0:ability: Thermal Exchange:undefined|cure:0	undefined	true	8192	8192	8192	1	0
thermalexchange	onUpdate	654	6	6	70	Ghost	1	1	0	0	0	-1	0	greninjaash	0	0	0	0	0	1	0	1	100	100	0	0	undefined	missing	0	brn	leftovers	0	-1	0	1	1	log:-activate:0:ability: Thermal Exchange:undefined|cure:0	undefined	undefined	0	0	0	1	2
thermalexchange	onUpdate	655	6	1	40	Ghost	0	1	0	0	100	1	2048	greninjaash	1	1	0	1	1	-1	0	1	0	100	0	0	null	Move	0	brn	leftovers	1	-1	0	0	1	log:-activate:0:ability: Thermal Exchange:undefined|cure:0	undefined	true	2048	2048	2048	-1	2
thermalexchange	onUpdate	656	1	0	70	Water	1	0	0	100	0	1	24576	greninjaash	0	1	1	0	0	1	1	2	100	0	0	1	true	Ability	1	psn	figyberry	2	-1	1	0	1		undefined	true	24576	24576	24576	1	0
thermalexchange	onUpdate	657	0	6	70	Water	1	1	1	10	100	1	24576	pikachu	1	1	1	1	0	1	1	1	100	160	0	1	undefined	Ability	0	psn	figyberry	1	0	-1	0	0		undefined	true	24576	24576	24576	1	2
thermalexchange	onUpdate	658	1	6	70	Normal	0	1	0	100	20	-1	8192	pikachu	0	1	0	0	1	-1	1	2	60	0	1	1	undefined	missing	0	brn	aguavberry	0	0	99	0	0	log:-activate:0:ability: Thermal Exchange:undefined|cure:0	undefined	undefined	8192	8192	8192	-1	2
thermalexchange	onUpdate	659	0	0	40	Ghost	0	1	0	10	-1	-1	8192	greninjabond	0	0	0	1	0	0	0	0	100	160	0	1	null	Ability	0	brn	sitrusberry	0	-1	0	1	0	log:-activate:0:ability: Thermal Exchange:undefined|cure:0	undefined	undefined	8192	8192	8192	0	2
thermalexchange	onUpdate	660	6	1	70	Water	1	1	0	0	0	0	8	greninjabond	1	1	0	1	1	-1	1	1	0	0	0	1	0	Move	0	brn	iapapaberry	1	-1	0	1	0	log:-activate:0:ability: Thermal Exchange:undefined|cure:0	undefined	false	8	8	8	-1	2
thermalexchange	onUpdate	661	0	0	61	Ghost	1	1	0	20	20	-1	2048	greninjabond	0	0	1	1	1	-1	1	0	100	0	1	0	undefined	Ability	0	psn	aguavberry	1	0	-1	0	0		undefined	undefined	2048	2048	2048	-1	2
thermalexchange	onUpdate	662	-1	1	70	Bug	0	1	1	0	100	0	16384	greninjabond	1	1	0	0	1	6	1	1	60	160	0	0	undefined	Move	1	psn	iapapaberry	1	0	99	0	1		undefined	false	16384	16384	16384	6	2
thermalexchange	onUpdate	663	6	6	61	Ghost	0	1	1	20	20	0	2048	pikachu	0	1	0	0	0	6	0	1	100	100	1	1	null	Move	0	brn	sitrusberry	0	0	0	1	0	log:-activate:0:ability: Thermal Exchange:undefined|cure:0	undefined	false	2048	2048	2048	6	2
thermalexchange	onUpdate	664	1	6	70	Water	0	1	1	10	20	1	24576	pikachu	1	0	1	1	0	6	1	1	100	100	1	0	null	Move	1	psn	iapapaberry	2	0	0	1	1		undefined	true	24576	24576	24576	6	2
thermalexchange	onUpdate	665	-1	6	60	Fire	1	0	1	10	0	1	16384	greninjaash	0	0	1	1	0	1	0	1	100	0	0	0	undefined	Ability	0	brn	wikiberry	0	1	0	0	0	log:-activate:0:ability: Thermal Exchange:undefined|cure:0	undefined	true	16384	16384	16384	1	0
thermalexchange	onUpdate	666	0	0	0	Ghost	0	1	0	10	100	-1	2048	greninjabond	0	1	1	0	0	1	1	1	100	100	0	0	0	Ability	1	psn	sitrusberry	1	1	-1	0	1		undefined	undefined	2048	2048	2048	1	2
thermalexchange	onUpdate	667	-1	1	70	Fire	0	1	1	10	20	1	2048	greninjabond	0	0	1	0	1	1	1	1	0	0	1	0	false	missing	0	psn	magoberry	0	0	99	0	1		undefined	true	2048	2048	2048	1	2
thermalexchange	onUpdate	668	0	0	61	Normal	1	1	1	100	0	0	16384	greninjaash	0	0	0	0	1	-1	1	0	100	160	1	0	true	Move	0	brn	iapapaberry	2	0	1	1	1	log:-activate:0:ability: Thermal Exchange:undefined|cure:0	undefined	false	16384	16384	16384	-1	2
thermalexchange	onUpdate	669	6	1	61	Ghost	1	0	0	0	20	-1	16384	greninjaash	1	1	1	1	0	1	0	0	60	0	0	0	false	Ability	1	psn	magoberry	1	0	99	0	0		undefined	undefined	16384	16384	16384	1	0
thermalexchange	onUpdate	670	0	0	70	Fire	0	0	1	0	20	0	24576	pikachu	1	1	0	0	0	6	1	0	0	100	0	0	undefined	Move	0	brn	magoberry	0	0	0	0	0	log:-activate:0:ability: Thermal Exchange:undefined|cure:0	undefined	false	24576	24576	24576	6	0
thermalexchange	onUpdate	671	-1	6	70	Bug	1	1	0	10	0	0	16384	greninjabond	0	1	1	0	1	1	0	0	60	160	0	0	true	missing	0	brn	wikiberry	1	0	1	1	1	log:-activate:0:ability: Thermal Exchange:undefined|cure:0	undefined	false	16384	16384	16384	1	2
thermalexchange	onUpdate	672	1	0	60	Normal	0	1	0	20	-1	0	8192	greninjabond	0	0	0	0	1	0	0	0	0	100	1	1	undefined	Ability	0	psn	wikiberry	1	0	-1	1	1		undefined	false	8192	8192	8192	0	2
thermalexchange	onUpdate	673	-1	0	0	Fire	0	1	1	0	20	-1	2048	greninjabond	0	1	1	0	0	1	1	0	0	160	0	0	false	missing	1	brn	figyberry	2	1	99	1	0	log:-activate:0:ability: Thermal Exchange:undefined|cure:0	undefined	undefined	2048	2048	2048	1	2
thermalexchange	onUpdate	674	-1	0	70	Normal	0	0	1	0	0	0	8192	greninjabond	0	0	1	1	0	0	0	2	100	0	0	0	null	Move	0	brn	aguavberry	0	1	-1	1	0	log:-activate:0:ability: Thermal Exchange:undefined|cure:0	undefined	false	8192	8192	8192	0	0
thermalexchange	onUpdate	675	6	0	40	Ghost	0	1	0	20	20	-1	2048	pikachu	0	0	0	0	0	6	1	2	100	100	1	0	true	missing	0	psn	aguavberry	2	-1	1	0	0		undefined	undefined	2048	2048	2048	6	2
thermalexchange	onUpdate	676	6	0	0	Normal	0	0	0	20	0	0	0	pikachu	1	0	1	1	1	6	1	1	60	160	1	1	undefined	Ability	0	brn	wikiberry	2	1	99	1	1	log:-activate:0:ability: Thermal Exchange:undefined|cure:0	undefined	false	0	0	0	6	0
thermalexchange	onUpdate	677	-1	0	40	Normal	0	1	1	20	-1	-1	24576	greninjaash	1	0	0	0	0	-1	1	2	60	0	0	1	undefined	Move	0	brn	magoberry	1	1	99	0	0	log:-activate:0:ability: Thermal Exchange:undefined|cure:0	undefined	undefined	24576	24576	24576	-1	2
thermalexchange	onUpdate	678	1	1	70	Normal	0	0	1	0	-1	-1	16384	greninjaash	1	0	1	0	0	-1	0	1	100	100	1	0	null	missing	0	psn	sitrusberry	0	0	99	1	0		undefined	undefined	16384	16384	16384	-1	0
thermalexchange	onUpdate	679	0	1	70	Water	1	1	1	0	100	0	0	greninjaash	0	1	0	1	1	0	0	1	0	100	0	0	0	Ability	1	psn	sitrusberry	0	0	1	0	0		undefined	false	0	0	0	0	2
thermalexchange	onUpdate	680	6	0	0	Normal	1	0	0	100	100	-1	0	pikachu	1	1	1	1	1	6	0	1	0	0	0	0	false	Ability	0	psn	magoberry	0	-1	99	1	0		undefined	undefined	0	0	0	6	0
thermalexchange	onUpdate	681	-1	6	70	Bug	1	0	1	0	0	-1	8	pikachu	1	0	1	0	1	1	0	2	0	0	0	1	undefined	Ability	0	psn	magoberry	2	1	-1	1	1		undefined	undefined	8	8	8	1	0
thermalexchange	onUpdate	682	-1	0	61	Dark	0	0	1	20	-1	1	16384	pikachu	1	0	1	1	1	-1	1	1	0	0	0	0	true	Move	0	brn	aguavberry	2	0	-1	0	0	log:-activate:0:ability: Thermal Exchange:undefined|cure:0	undefined	true	16384	16384	16384	-1	0
thermalexchange	onUpdate	683	1	0	60	Water	1	1	0	20	100	1	16384	greninjaash	1	0	1	1	0	-1	1	0	100	0	0	1	null	missing	0	brn	magoberry	2	0	-1	1	1	log:-activate:0:ability: Thermal Exchange:undefined|cure:0	undefined	true	16384	16384	16384	-1	2
thermalexchange	onUpdate	684	0	1	60	Water	1	0	0	10	0	1	0	greninjabond	1	1	0	0	1	6	0	1	60	100	0	0	true	Ability	1	brn	magoberry	2	-1	-1	0	0	log:-activate:0:ability: Thermal Exchange:undefined|cure:0	undefined	true	0	0	0	6	0
thermalexchange	onUpdate	685	1	6	0	Dark	1	0	1	100	-1	0	0	greninjabond	0	1	0	0	0	1	0	0	100	100	0	1	null	missing	1	brn	aguavberry	0	1	1	1	0	log:-activate:0:ability: Thermal Exchange:undefined|cure:0	undefined	false	0	0	0	1	0
thermalexchange	onUpdate	686	-1	6	61	Fire	0	1	0	0	0	0	2048	pikachu	1	0	1	0	1	-1	1	0	0	160	1	0	null	Ability	1	psn	aguavberry	0	-1	0	0	1		undefined	false	2048	2048	2048	-1	2
thermalexchange	onUpdate	687	0	0	40	Dark	1	1	1	20	20	1	8192	greninjaash	0	1	1	1	0	-1	1	0	100	100	1	1	0	Move	1	psn	magoberry	0	-1	99	1	1		undefined	true	8192	8192	8192	-1	2
thermalexchange	onUpdate	688	6	6	60	Bug	0	0	1	0	-1	-1	16384	greninjabond	1	0	1	0	1	-1	0	0	60	100	1	1	false	missing	0	psn	wikiberry	1	0	1	1	0		undefined	undefined	16384	16384	16384	-1	0
thermalexchange	onUpdate	689	6	0	40	Bug	1	1	1	100	-1	-1	2048	pikachu	0	1	1	1	1	6	0	1	100	100	0	1	true	Ability	1	psn	sitrusberry	2	0	1	1	1		undefined	undefined	2048	2048	2048	6	2
thermalexchange	onUpdate	690	6	1	70	Normal	1	0	1	0	20	1	16384	greninjabond	1	1	1	1	0	1	0	0	100	0	1	0	0	missing	1	psn	iapapaberry	1	0	-1	1	1		undefined	true	16384	16384	16384	1	0
thermalexchange	onUpdate	691	-1	1	70	Normal	1	1	1	100	0	0	2048	greninjabond	1	0	0	1	1	0	1	2	60	160	1	1	undefined	Ability	0	brn	sitrusberry	0	0	99	0	0	log:-activate:0:ability: Thermal Exchange:undefined|cure:0	undefined	false	2048	2048	2048	0	2
thermalexchange	onUpdate	692	6	0	40	Water	0	1	1	0	-1	0	8	greninjabond	0	1	0	1	0	1	0	1	0	160	1	1	false	missing	1	brn	sitrusberry	0	1	0	0	0	log:-activate:0:ability: Thermal Exchange:undefined|cure:0	undefined	false	8	8	8	1	2
thermalexchange	onUpdate	693	-1	1	61	Fire	1	1	1	10	-1	-1	24576	greninjaash	1	0	0	1	1	-1	0	2	60	100	0	0	undefined	Move	0	psn	iapapaberry	2	1	1	1	0		undefined	undefined	24576	24576	24576	-1	2
thermalexchange	onUpdate	694	0	1	61	Normal	0	1	0	0	100	-1	8	greninjaash	1	0	1	0	0	0	1	2	0	160	1	0	0	Move	0	brn	iapapaberry	2	0	99	1	1	log:-activate:0:ability: Thermal Exchange:undefined|cure:0	undefined	undefined	8	8	8	0	2
thermalexchange	onUpdate	695	1	1	61	Ghost	0	1	0	10	0	0	24576	greninjabond	1	1	0	0	1	6	1	1	100	0	0	1	true	missing	1	brn	magoberry	0	0	-1	1	0	log:-activate:0:ability: Thermal Exchange:undefined|cure:0	undefined	false	24576	24576	24576	6	2
thermalexchange	onUpdate	696	6	1	61	Water	1	1	0	10	100	1	2048	pikachu	0	0	0	1	1	1	1	1	60	100	1	0	true	Ability	1	brn	wikiberry	0	0	0	1	1	log:-activate:0:ability: Thermal Exchange:undefined|cure:0	undefined	true	2048	2048	2048	1	2
thermalexchange	onUpdate	697	6	1	0	Fire	0	0	1	100	100	0	8192	pikachu	1	0	0	1	1	6	1	2	60	0	1	1	false	Ability	0	brn	magoberry	2	0	99	1	1	log:-activate:0:ability: Thermal Exchange:undefined|cure:0	undefined	false	8192	8192	8192	6	0
thermalexchange	onUpdate	698	1	6	0	Ghost	1	1	0	20	0	0	8	greninjabond	1	1	0	1	1	0	0	2	100	100	1	0	false	Ability	0	brn	leftovers	2	1	-1	0	1	log:-activate:0:ability: Thermal Exchange:undefined|cure:0	undefined	false	8	8	8	0	2
thermalexchange	onUpdate	699	6	6	60	Dark	1	1	0	100	0	-1	16384	pikachu	1	0	0	0	0	1	1	1	100	0	0	0	null	Ability	1	brn	iapapaberry	1	0	0	0	1	log:-activate:0:ability: Thermal Exchange:undefined|cure:0	undefined	undefined	16384	16384	16384	1	2
thermalexchange	onUpdate	700	1	0	60	Normal	1	0	0	100	-1	0	8192	pikachu	1	0	1	0	0	1	0	0	0	100	1	0	null	Ability	1	brn	iapapaberry	2	1	1	0	1	log:-activate:0:ability: Thermal Exchange:undefined|cure:0	undefined	false	8192	8192	8192	1	0
thermalexchange	onUpdate	701	0	0	70	Normal	0	0	1	20	0	-1	2048	greninjabond	1	1	0	1	1	1	1	0	60	160	0	0	true	missing	1	brn	magoberry	2	-1	1	1	0	log:-activate:0:ability: Thermal Exchange:undefined|cure:0	undefined	undefined	2048	2048	2048	1	0
thermalexchange	onUpdate	702	1	6	60	Ghost	0	0	0	0	100	0	0	pikachu	0	1	1	0	1	0	0	0	100	100	0	0	true	missing	0	psn	sitrusberry	0	0	0	0	0		undefined	false	0	0	0	0	0
thermalexchange	onUpdate	703	6	1	61	Dark	0	1	1	100	100	-1	24576	greninjabond	1	1	0	1	1	1	1	2	60	160	1	0	0	missing	1	brn	iapapaberry	0	-1	-1	0	1	log:-activate:0:ability: Thermal Exchange:undefined|cure:0	undefined	undefined	24576	24576	24576	1	2
thermalexchange	onUpdate	704	6	0	70	Water	0	1	0	20	-1	-1	8	greninjaash	1	1	1	0	1	6	1	2	60	160	0	1	null	missing	1	brn	wikiberry	0	1	-1	0	1	log:-activate:0:ability: Thermal Exchange:undefined|cure:0	undefined	undefined	8	8	8	6	2
thermalexchange	onUpdate	705	6	6	0	Normal	1	1	0	100	-1	1	0	pikachu	1	0	0	0	1	6	0	1	0	160	1	0	false	Move	0	brn	figyberry	0	-1	0	0	1	log:-activate:0:ability: Thermal Exchange:undefined|cure:0	undefined	true	0	0	0	6	2
thermalexchange	onUpdate	706	0	0	0	Water	1	1	0	0	-1	-1	2048	pikachu	1	0	0	1	0	6	1	1	60	100	1	0	true	Ability	0	psn	magoberry	2	-1	-1	0	0		undefined	undefined	2048	2048	2048	6	2
thermalexchange	onUpdate	707	1	6	40	Ghost	0	1	1	0	-1	-1	8	greninjaash	0	0	1	0	0	6	0	2	60	160	1	1	false	Ability	1	psn	magoberry	0	0	-1	1	0		undefined	undefined	8	8	8	6	2
thermalexchange	onUpdate	708	-1	0	40	Water	0	0	0	20	-1	0	8	greninjaash	0	0	0	1	0	0	1	2	100	0	0	1	null	Ability	0	brn	iapapaberry	1	0	99	0	1	log:-activate:0:ability: Thermal Exchange:undefined|cure:0	undefined	false	8	8	8	0	0
thermalexchange	onUpdate	709	6	6	0	Normal	1	1	1	0	0	-1	8	greninjabond	0	1	0	1	1	-1	0	2	100	160	0	1	false	Move	1	brn	magoberry	2	1	0	1	0	log:-activate:0:ability: Thermal Exchange:undefined|cure:0	undefined	undefined	8	8	8	-1	2
thermalexchange	onUpdate	710	6	1	0	Normal	1	0	1	0	20	1	2048	greninjabond	0	1	0	0	0	1	1	0	60	160	0	0	0	Move	1	brn	magoberry	1	1	99	0	1	log:-activate:0:ability: Thermal Exchange:undefined|cure:0	undefined	true	2048	2048	2048	1	0
thermalexchange	onUpdate	711	6	6	70	Bug	0	1	0	20	20	1	8192	pikachu	1	1	1	1	0	0	1	1	0	160	0	0	false	Ability	1	psn	leftovers	1	1	0	1	0		undefined	true	8192	8192	8192	0	2
thermalexchange	onUpdate	712	6	0	60	Ghost	0	0	1	100	100	1	8	greninjabond	0	1	0	1	0	0	1	0	0	160	1	0	undefined	missing	1	brn	sitrusberry	0	-1	-1	0	0	log:-activate:0:ability: Thermal Exchange:undefined|cure:0	undefined	true	8	8	8	0	0
thermalexchange	onUpdate	713	6	1	61	Water	0	0	0	20	20	0	16384	pikachu	0	1	0	0	0	6	1	0	60	160	1	0	null	missing	1	psn	aguavberry	1	0	1	0	1		undefined	false	16384	16384	16384	6	0
thermalexchange	onUpdate	714	-1	0	0	Ghost	1	0	0	20	20	1	2048	greninjabond	1	0	0	1	0	1	0	1	0	100	0	0	null	missing	1	brn	iapapaberry	0	1	-1	1	0	log:-activate:0:ability: Thermal Exchange:undefined|cure:0	undefined	true	2048	2048	2048	1	0
thermalexchange	onUpdate	715	-1	6	0	Bug	0	1	0	10	20	0	8	greninjaash	0	0	0	1	1	-1	0	0	0	0	0	1	0	missing	1	psn	iapapaberry	1	0	1	0	1		undefined	false	8	8	8	-1	2
thermalexchange	onUpdate	716	1	0	0	Bug	0	1	1	10	-1	1	0	greninjabond	1	1	0	0	0	0	1	0	60	0	1	0	undefined	Move	0	brn	iapapaberry	2	0	0	0	1	log:-activate:0:ability: Thermal Exchange:undefined|cure:0	undefined	true	0	0	0	0	2
thermalexchange	onUpdate	717	0	6	70	Dark	1	0	1	10	0	1	8192	greninjaash	1	0	1	0	1	1	1	0	60	160	1	1	null	Move	0	psn	iapapaberry	1	1	0	0	0		undefined	true	8192	8192	8192	1	0
thermalexchange	onUpdate	718	-1	6	60	Ghost	1	0	1	0	-1	0	8192	greninjabond	0	0	0	0	0	6	1	0	60	160	0	0	null	missing	0	psn	magoberry	0	0	0	1	1		undefined	false	8192	8192	8192	6	0
thermalexchange	onUpdate	719	-1	6	60	Normal	1	1	1	0	0	1	8192	pikachu	0	0	0	0	1	-1	1	0	100	100	0	1	0	Ability	1	psn	aguavberry	1	-1	0	0	1		undefined	true	8192	8192	8192	-1	2
thermalexchange	onUpdate	720	-1	1	60	Ghost	1	1	0	0	20	-1	8	greninjabond	1	0	0	1	0	1	1	0	100	160	0	1	0	Move	0	brn	aguavberry	1	-1	99	0	0	log:-activate:0:ability: Thermal Exchange:undefined|cure:0	undefined	undefined	8	8	8	1	2
thermalexchange	onUpdate	721	1	6	60	Dark	0	1	0	20	0	1	8	greninjabond	1	0	0	1	0	6	0	2	100	100	1	1	0	missing	0	psn	sitrusberry	2	0	-1	0	1		undefined	true	8	8	8	6	2
thermalexchange	onUpdate	722	-1	0	70	Normal	1	0	1	0	100	-1	8	greninjabond	0	0	1	1	1	-1	0	0	60	0	0	0	undefined	missing	0	psn	figyberry	1	1	-1	0	1		undefined	undefined	8	8	8	-1	0
thermalexchange	onUpdate	723	6	0	60	Bug	0	1	1	10	20	-1	24576	pikachu	0	0	1	1	0	0	0	0	0	160	0	0	true	Move	1	brn	magoberry	0	1	0	0	0	log:-activate:0:ability: Thermal Exchange:undefined|cure:0	undefined	undefined	24576	24576	24576	0	2
thermalexchange	onUpdate	724	-1	0	60	Bug	1	1	0	0	-1	-1	16384	greninjabond	0	0	1	0	0	0	1	0	100	160	1	1	false	missing	0	brn	sitrusberry	0	-1	1	1	0	log:-activate:0:ability: Thermal Exchange:undefined|cure:0	undefined	undefined	16384	16384	16384	0	2
thermalexchange	onUpdate	725	6	0	61	Dark	0	1	0	100	100	-1	2048	greninjabond	1	1	1	0	0	-1	0	2	100	160	1	1	true	Move	1	psn	leftovers	0	1	-1	0	0		undefined	undefined	2048	2048	2048	-1	2
thermalexchange	onUpdate	726	1	1	61	Water	1	1	1	0	0	0	0	greninjabond	0	0	0	0	1	6	0	2	60	0	1	0	true	Ability	0	brn	iapapaberry	2	0	-1	0	0	log:-activate:0:ability: Thermal Exchange:undefined|cure:0	undefined	false	0	0	0	6	2
thermalexchange	onUpdate	727	0	0	40	Ghost	1	0	1	100	100	0	8192	pikachu	0	0	1	0	0	6	0	2	0	160	1	0	true	Ability	0	psn	magoberry	1	-1	1	0	1		undefined	false	8192	8192	8192	6	0
thermalexchange	onUpdate	728	-1	1	0	Ghost	0	1	1	10	0	-1	0	greninjaash	1	0	1	0	0	-1	0	0	0	160	0	0	false	missing	0	brn	figyberry	0	0	1	0	1	log:-activate:0:ability: Thermal Exchange:undefined|cure:0	undefined	undefined	0	0	0	-1	2
thermalexchange	onUpdate	729	1	1	70	Dark	1	0	0	10	20	-1	0	pikachu	1	1	0	1	0	6	0	1	100	160	1	1	false	Ability	1	brn	leftovers	1	-1	1	1	1	log:-activate:0:ability: Thermal Exchange:undefined|cure:0	undefined	undefined	0	0	0	6	0
thermalexchange	onUpdate	730	6	0	61	Dark	0	1	1	20	0	0	0	greninjaash	0	1	1	1	0	6	1	1	100	100	0	0	undefined	missing	0	brn	wikiberry	0	1	-1	1	1	log:-activate:0:ability: Thermal Exchange:undefined|cure:0	undefined	false	0	0	0	6	2
thermalexchange	onUpdate	731	1	0	61	Fire	1	1	1	20	100	-1	24576	pikachu	1	0	0	0	0	1	0	0	0	160	1	0	false	Ability	1	brn	wikiberry	0	0	-1	1	0	log:-activate:0:ability: Thermal Exchange:undefined|cure:0	undefined	undefined	24576	24576	24576	1	2
thermalexchange	onUpdate	732	1	0	70	Normal	0	0	0	100	-1	0	16384	greninjabond	0	0	0	1	1	-1	1	1	100	0	0	0	false	Ability	1	brn	aguavberry	2	0	99	1	0	log:-activate:0:ability: Thermal Exchange:undefined|cure:0	undefined	false	16384	16384	16384	-1	0
thermalexchange	onUpdate	733	-1	6	61	Normal	1	0	0	10	100	1	24576	greninjabond	0	0	1	1	0	1	0	2	60	100	1	0	null	Ability	0	brn	iapapaberry	0	0	-1	0	0	log:-activate:0:ability: Thermal Exchange:undefined|cure:0	undefined	true	24576	24576	24576	1	0
thermalexchange	onUpdate	734	6	1	61	Dark	1	1	0	0	100	0	0	greninjaash	0	1	1	1	0	-1	1	2	100	100	1	1	null	Move	1	psn	iapapaberry	0	1	1	1	0		undefined	false	0	0	0	-1	2
thermalexchange	onUpdate	735	1	1	60	Dark	1	0	0	20	20	0	16384	greninjaash	0	0	0	1	0	6	0	1	0	160	0	0	true	missing	0	brn	wikiberry	1	-1	1	1	0	log:-activate:0:ability: Thermal Exchange:undefined|cure:0	undefined	false	16384	16384	16384	6	0
thermalexchange	onUpdate	736	-1	6	61	Ghost	1	0	1	20	20	1	0	greninjaash	0	1	0	1	0	0	0	1	0	160	1	1	true	missing	0	brn	aguavberry	2	0	0	0	1	log:-activate:0:ability: Thermal Exchange:undefined|cure:0	undefined	true	0	0	0	0	0
thermalexchange	onUpdate	737	1	6	40	Water	0	1	0	10	100	0	8192	pikachu	0	0	1	1	1	6	1	2	0	0	0	0	true	Move	0	psn	figyberry	1	1	99	1	1		undefined	false	8192	8192	8192	6	2
thermalexchange	onUpdate	738	1	0	61	Normal	0	1	1	0	-1	1	2048	greninjaash	0	1	1	1	1	0	0	2	0	160	1	0	null	Ability	1	psn	wikiberry	1	0	-1	0	0		undefined	true	2048	2048	2048	0	2
thermalexchange	onUpdate	739	-1	1	61	Dark	1	1	0	20	0	-1	8	pikachu	1	0	1	1	1	-1	0	1	0	100	0	1	undefined	Ability	1	psn	aguavberry	2	-1	1	0	1		undefined	undefined	8	8	8	-1	2
thermalexchange	onUpdate	740	0	6	70	Bug	1	0	1	20	20	-1	8	pikachu	1	1	0	0	1	-1	0	1	60	160	1	1	undefined	Ability	1	brn	figyberry	0	1	-1	1	1	log:-activate:0:ability: Thermal Exchange:undefined|cure:0	undefined	undefined	8	8	8	-1	0
thermalexchange	onUpdate	741	1	0	60	Ghost	1	1	0	20	100	0	0	greninjaash	1	1	1	1	0	-1	1	2	0	160	1	0	false	missing	1	brn	leftovers	0	1	99	1	1	log:-activate:0:ability: Thermal Exchange:undefined|cure:0	undefined	false	0	0	0	-1	2
thermalexchange	onUpdate	742	-1	1	70	Normal	1	0	0	10	100	-1	8192	pikachu	0	1	1	1	1	-1	0	0	0	160	1	1	undefined	Ability	0	brn	magoberry	1	1	-1	0	1	log:-activate:0:ability: Thermal Exchange:undefined|cure:0	undefined	undefined	8192	8192	8192	-1	0
thermalexchange	onUpdate	743	1	6	70	Bug	1	0	1	0	-1	1	0	pikachu	1	0	0	1	1	1	0	1	100	0	1	1	0	missing	0	brn	leftovers	1	0	99	0	1	log:-activate:0:ability: Thermal Exchange:undefined|cure:0	undefined	true	0	0	0	1	0
thermalexchange	onUpdate	744	-1	1	0	Fire	0	0	0	100	0	1	16384	greninjaash	1	1	0	0	0	6	0	0	0	0	0	0	0	missing	1	brn	leftovers	1	-1	-1	1	1	log:-activate:0:ability: Thermal Exchange:undefined|cure:0	undefined	true	16384	16384	16384	6	0
thermalexchange	onUpdate	745	0	0	40	Bug	0	0	1	0	-1	-1	0	greninjaash	1	1	1	0	1	6	0	0	60	0	0	0	true	missing	1	psn	aguavberry	2	-1	0	1	1		undefined	undefined	0	0	0	6	0
thermalexchange	onUpdate	746	0	6	70	Fire	0	0	0	20	100	-1	24576	greninjabond	0	0	0	1	0	-1	0	0	100	0	1	0	0	Ability	0	brn	iapapaberry	1	0	-1	1	1	log:-activate:0:ability: Thermal Exchange:undefined|cure:0	undefined	undefined	24576	24576	24576	-1	0
thermalexchange	onUpdate	747	6	0	60	Fire	1	1	1	100	0	0	8192	greninjabond	1	0	1	1	0	0	1	1	60	0	1	1	false	Move	0	psn	aguavberry	0	1	0	0	0		undefined	false	8192	8192	8192	0	2
thermalexchange	onUpdate	748	6	6	60	Normal	0	1	0	10	20	1	8192	pikachu	0	1	1	1	1	6	0	2	60	0	1	0	0	Move	1	brn	figyberry	2	1	0	1	1	log:-activate:0:ability: Thermal Exchange:undefined|cure:0	undefined	true	8192	8192	8192	6	2
thermalexchange	onUpdate	749	-1	6	60	Fire	0	0	0	0	20	-1	8	greninjabond	1	0	1	0	1	6	0	0	0	0	1	1	null	missing	1	psn	figyberry	1	-1	99	1	1		undefined	undefined	8	8	8	6	0
thermalexchange	onUpdate	750	0	6	70	Dark	0	0	0	10	20	1	0	pikachu	1	1	1	1	0	0	0	2	0	100	1	1	0	Move	1	psn	leftovers	0	-1	1	0	1		undefined	true	0	0	0	0	0
thermalexchange	onUpdate	751	6	0	70	Water	0	0	0	100	100	1	2048	greninjabond	1	0	1	0	0	0	0	2	0	160	0	1	true	Ability	0	psn	wikiberry	2	0	99	0	0		undefined	true	2048	2048	2048	0	0
thermalexchange	onUpdate	752	-1	0	0	Ghost	0	1	1	0	20	0	8	greninjaash	0	0	1	1	1	0	1	1	60	0	0	1	true	Ability	1	brn	aguavberry	2	1	99	1	0	log:-activate:0:ability: Thermal Exchange:undefined|cure:0	undefined	false	8	8	8	0	2
thermalexchange	onUpdate	753	0	0	40	Fire	1	1	1	0	100	0	24576	pikachu	1	0	1	0	1	6	1	0	100	100	0	1	true	Ability	1	brn	aguavberry	1	-1	1	0	1	log:-activate:0:ability: Thermal Exchange:undefined|cure:0	undefined	false	24576	24576	24576	6	2
thermalexchange	onUpdate	754	-1	1	60	Normal	0	0	0	0	0	1	0	pikachu	0	0	0	1	1	6	1	0	0	0	1	0	0	Move	0	psn	wikiberry	2	1	-1	1	1		undefined	true	0	0	0	6	0
thermalexchange	onUpdate	755	1	6	40	Water	1	1	0	100	-1	0	0	greninjaash	0	0	0	0	0	1	1	1	100	100	0	0	undefined	Move	0	psn	wikiberry	2	1	99	1	1		undefined	false	0	0	0	1	2
thermalexchange	onUpdate	756	0	6	60	Bug	0	0	0	0	20	0	24576	greninjabond	1	0	0	0	1	6	0	2	60	0	0	1	false	Ability	0	brn	magoberry	2	0	1	1	0	log:-activate:0:ability: Thermal Exchange:undefined|cure:0	undefined	false	24576	24576	24576	6	0
thermalexchange	onUpdate	757	0	0	40	Bug	1	1	0	10	20	-1	24576	pikachu	0	1	1	0	1	0	1	1	100	0	0	1	false	missing	0	brn	sitrusberry	2	1	99	1	1	log:-activate:0:ability: Thermal Exchange:undefined|cure:0	undefined	undefined	24576	24576	24576	0	2
thermalexchange	onUpdate	758	1	1	40	Fire	0	1	0	10	-1	0	8192	greninjabond	1	0	0	1	0	0	1	0	100	0	0	1	0	Move	1	brn	wikiberry	1	0	-1	1	0	log:-activate:0:ability: Thermal Exchange:undefined|cure:0	undefined	false	8192	8192	8192	0	2
thermalexchange	onUpdate	759	-1	1	70	Dark	0	0	1	10	20	0	16384	pikachu	1	0	0	0	0	-1	0	1	100	100	0	0	undefined	missing	0	psn	leftovers	2	0	-1	1	1		undefined	false	16384	16384	16384	-1	0
thermalexchange	onUpdate	760	0	6	70	Fire	1	1	1	10	-1	-1	8192	greninjabond	1	1	0	0	1	1	1	1	0	100	1	0	true	missing	1	brn	aguavberry	0	0	1	1	0	log:-activate:0:ability: Thermal Exchange:undefined|cure:0	undefined	undefined	8192	8192	8192	1	2
thermalexchange	onUpdate	761	0	0	40	Ghost	0	0	1	100	0	0	8192	pikachu	0	1	1	1	0	6	0	0	0	100	0	1	undefined	missing	0	brn	leftovers	0	1	-1	0	1	log:-activate:0:ability: Thermal Exchange:undefined|cure:0	undefined	false	8192	8192	8192	6	0
thermalexchange	onUpdate	762	6	6	40	Water	0	0	0	20	-1	1	2048	greninjaash	0	1	0	1	1	0	0	1	100	100	1	0	false	Ability	1	brn	aguavberry	2	-1	-1	0	0	log:-activate:0:ability: Thermal Exchange:undefined|cure:0	undefined	true	2048	2048	2048	0	0
thermalexchange	onUpdate	763	-1	1	0	Water	0	1	1	0	20	0	0	greninjaash	0	0	1	0	1	6	1	0	100	160	0	1	false	Ability	0	brn	wikiberry	2	-1	1	0	0	log:-activate:0:ability: Thermal Exchange:undefined|cure:0	undefined	false	0	0	0	6	2
thermalexchange	onUpdate	764	6	6	0	Normal	1	0	1	100	20	0	16384	greninjabond	0	0	0	1	1	1	1	0	0	160	1	0	null	Move	0	psn	wikiberry	2	0	99	1	0		undefined	false	16384	16384	16384	1	0
thermalexchange	onUpdate	765	6	1	40	Bug	0	0	1	100	20	0	2048	greninjaash	1	0	0	0	1	6	0	2	60	160	0	0	true	missing	1	brn	wikiberry	0	1	1	0	1	log:-activate:0:ability: Thermal Exchange:undefined|cure:0	undefined	false	2048	2048	2048	6	0
thermalexchange	onUpdate	766	-1	1	60	Bug	0	1	1	10	0	0	8	greninjabond	1	0	0	1	1	1	0	1	100	0	0	1	true	Move	0	psn	wikiberry	1	0	1	0	0		undefined	false	8	8	8	1	2
thermalexchange	onUpdate	767	-1	1	60	Fire	0	0	1	0	-1	-1	2048	greninjabond	0	0	1	1	1	6	1	0	100	160	1	0	undefined	missing	1	brn	sitrusberry	0	1	0	0	0	log:-activate:0:ability: Thermal Exchange:undefined|cure:0	undefined	undefined	2048	2048	2048	6	0
thermalexchange	onUpdate	768	0	1	0	Ghost	0	0	0	20	100	-1	24576	greninjaash	0	1	0	1	1	-1	1	0	60	160	0	1	true	Ability	0	brn	figyberry	2	-1	0	1	1	log:-activate:0:ability: Thermal Exchange:undefined|cure:0	undefined	undefined	24576	24576	24576	-1	0
thermalexchange	onUpdate	769	-1	0	0	Normal	0	1	1	100	20	0	0	pikachu	1	0	1	1	0	6	1	2	0	0	0	1	true	Ability	1	psn	aguavberry	0	1	0	0	1		undefined	false	0	0	0	6	2
thermalexchange	onUpdate	770	6	6	70	Ghost	1	1	0	0	20	-1	24576	pikachu	1	1	1	1	0	-1	0	0	60	100	0	0	0	missing	0	psn	aguavberry	2	0	-1	1	0		undefined	undefined	24576	24576	24576	-1	2
thermalexchange	onUpdate	771	6	6	70	Dark	0	1	1	10	20	1	16384	greninjaash	0	0	0	1	0	-1	1	1	0	100	1	1	undefined	Ability	0	brn	wikiberry	2	1	-1	0	1	log:-activate:0:ability: Thermal Exchange:undefined|cure:0	undefined	true	16384	16384	16384	-1	2
thermalexchange	onUpdate	772	0	0	70	Ghost	0	1	0	20	20	-1	0	pikachu	0	1	1	0	1	1	1	0	100	0	0	1	0	missing	0	psn	wikiberry	2	-1	-1	0	0		undefined	undefined	0	0	0	1	2
thermalexchange	onUpdate	773	0	0	70	Ghost	0	0	1	0	20	1	8192	greninjabond	0	1	0	1	0	0	0	0	0	100	0	0	null	missing	0	psn	iapapaberry	0	0	1	0	1		undefined	true	8192	8192	8192	0	0
thermalexchange	onUpdate	774	0	6	60	Dark	0	0	1	10	100	1	0	greninjaash	1	1	0	1	0	1	0	1	0	160	0	1	null	missing	1	brn	iapapaberry	1	1	-1	1	1	log:-activate:0:ability: Thermal Exchange:undefined|cure:0	undefined	true	0	0	0	1	0
thermalexchange	onUpdate	775	0	6	0	Fire	1	0	0	20	100	-1	24576	greninjaash	0	0	0	0	0	1	1	1	0	0	0	1	false	Move	1	brn	wikiberry	1	0	0	0	1	log:-activate:0:ability: Thermal Exchange:undefined|cure:0	undefined	undefined	24576	24576	24576	1	0
thermalexchange	onUpdate	776	0	1	0	Ghost	1	0	1	100	-1	-1	2048	greninjabond	0	0	1	0	1	0	0	2	100	0	0	0	null	missing	0	brn	wikiberry	1	1	-1	1	1	log:-activate:0:ability: Thermal Exchange:undefined|cure:0	undefined	undefined	2048	2048	2048	0	0
thermalexchange	onUpdate	777	-1	0	0	Fire	1	1	1	100	0	1	8	greninjaash	1	1	1	0	0	6	1	0	60	0	1	0	false	Ability	0	psn	leftovers	1	-1	99	1	1		undefined	true	8	8	8	6	2
thermalexchange	onUpdate	778	1	0	61	Normal	1	1	1	20	100	-1	16384	pikachu	1	1	1	1	1	1	1	0	100	160	0	0	null	missing	0	brn	leftovers	2	1	-1	0	1	log:-activate:0:ability: Thermal Exchange:undefined|cure:0	undefined	undefined	16384	16384	16384	1	2
thermalexchange	onUpdate	779	1	6	60	Fire	0	1	0	10	100	0	0	greninjaash	1	0	1	1	0	0	1	0	60	100	0	0	false	Ability	0	psn	sitrusberry	1	0	99	1	0		undefined	false	0	0	0	0	2
thermalexchange	onUpdate	780	6	6	40	Ghost	1	1	1	10	100	-1	16384	pikachu	1	0	0	1	0	1	1	1	100	0	0	1	undefined	missing	0	psn	wikiberry	2	-1	0	0	1		undefined	undefined	16384	16384	16384	1	2
thermalexchange	onUpdate	781	1	0	60	Dark	1	1	1	20	-1	0	0	greninjabond	0	0	0	1	0	6	1	0	60	0	0	1	0	Ability	1	psn	aguavberry	2	-1	0	0	1		undefined	false	0	0	0	6	2
thermalexchange	onUpdate	782	1	6	60	Bug	0	0	1	10	100	-1	24576	greninjaash	1	1	1	1	1	6	1	0	0	0	1	1	0	Ability	1	psn	figyberry	2	1	1	0	0		undefined	undefined	24576	24576	24576	6	0
thermalexchange	onUpdate	783	1	0	60	Water	1	0	1	10	20	-1	8	greninjabond	0	0	1	0	0	0	1	2	0	100	1	1	true	Ability	1	psn	magoberry	1	-1	1	1	0		undefined	undefined	8	8	8	0	0
thermalexchange	onUpdate	784	0	1	70	Dark	0	1	1	0	100	-1	16384	pikachu	1	0	0	1	1	6	0	1	0	160	1	0	null	missing	0	brn	sitrusberry	1	1	99	1	0	log:-activate:0:ability: Thermal Exchange:undefined|cure:0	undefined	undefined	16384	16384	16384	6	2
thermalexchange	onUpdate	785	-1	6	61	Fire	0	0	0	20	20	0	0	pikachu	0	0	0	0	1	6	0	0	0	160	1	0	null	Ability	1	brn	iapapaberry	2	0	0	1	1	log:-activate:0:ability: Thermal Exchange:undefined|cure:0	undefined	false	0	0	0	6	0
thermalexchange	onUpdate	786	0	1	61	Fire	1	0	1	0	-1	-1	16384	greninjabond	1	0	1	1	0	0	0	2	0	0	0	0	true	Move	1	psn	wikiberry	0	1	-1	1	1		undefined	undefined	16384	16384	16384	0	0
thermalexchange	onUpdate	787	-1	1	40	Normal	1	0	1	20	0	1	16384	greninjaash	1	1	1	0	1	1	1	2	100	160	1	0	null	Move	1	psn	iapapaberry	2	1	1	0	1		undefined	true	16384	16384	16384	1	0
thermalexchange	onUpdate	788	1	1	60	Ghost	0	0	1	10	100	1	2048	greninjabond	0	0	1	0	0	0	0	0	60	100	1	0	false	Ability	1	psn	sitrusberry	1	1	1	0	1		undefined	true	2048	2048	2048	0	0
thermalexchange	onUpdate	789	-1	6	60	Bug	0	0	1	100	-1	0	8	greninjaash	1	1	0	0	0	0	0	2	100	160	0	1	undefined	missing	1	brn	sitrusberry	2	0	0	1	1	log:-activate:0:ability: Thermal Exchange:undefined|cure:0	undefined	false	8	8	8	0	0
thermalexchange	onUpdate	790	6	0	61	Ghost	1	0	0	10	20	-1	8192	greninjabond	0	0	1	1	0	-1	0	2	100	160	1	1	0	missing	0	brn	figyberry	2	0	-1	1	0	log:-activate:0:ability: Thermal Exchange:undefined|cure:0	undefined	undefined	8192	8192	8192	-1	0
thermalexchange	onUpdate	791	1	1	40	Bug	1	0	0	100	-1	1	8	greninjaash	1	0	1	1	1	-1	1	1	60	0	0	0	true	Ability	1	psn	figyberry	1	0	1	0	1		undefined	true	8	8	8	-1	0
thermalexchange	onUpdate	792	0	0	0	Dark	1	0	0	20	-1	-1	16384	greninjabond	0	1	0	0	1	-1	0	0	60	0	0	1	undefined	missing	0	brn	sitrusberry	0	-1	1	0	0	log:-activate:0:ability: Thermal Exchange:undefined|cure:0	undefined	undefined	16384	16384	16384	-1	0
thermalexchange	onUpdate	793	6	6	0	Bug	0	1	0	20	100	-1	8192	greninjaash	1	1	0	0	1	6	1	2	0	0	1	1	undefined	Move	1	psn	leftovers	1	1	1	1	1		undefined	undefined	8192	8192	8192	6	2
thermalexchange	onUpdate	794	-1	1	61	Normal	1	0	1	20	20	1	8192	greninjaash	1	0	0	1	1	6	0	2	100	0	1	1	undefined	Move	0	brn	magoberry	2	0	0	1	0	log:-activate:0:ability: Thermal Exchange:undefined|cure:0	undefined	true	8192	8192	8192	6	0
thermalexchange	onUpdate	795	6	6	0	Water	1	0	0	20	-1	-1	8	greninjabond	1	1	0	1	0	6	0	1	60	160	0	1	true	missing	1	brn	aguavberry	1	0	-1	1	0	log:-activate:0:ability: Thermal Exchange:undefined|cure:0	undefined	undefined	8	8	8	6	0
thermalexchange	onUpdate	796	-1	6	60	Fire	0	0	0	0	100	-1	8192	greninjaash	1	1	1	1	0	0	0	1	60	100	0	1	true	missing	1	psn	figyberry	1	0	99	0	0		undefined	undefined	8192	8192	8192	0	0
thermalexchange	onUpdate	797	1	0	70	Normal	0	1	1	10	-1	-1	24576	greninjabond	0	0	0	0	1	6	1	1	60	0	1	1	false	Ability	0	brn	figyberry	2	-1	-1	1	1	log:-activate:0:ability: Thermal Exchange:undefined|cure:0	undefined	undefined	24576	24576	24576	6	2
thermalexchange	onUpdate	798	-1	0	70	Bug	1	1	0	10	-1	-1	2048	greninjaash	0	0	1	1	1	-1	0	1	60	160	1	1	0	Ability	1	psn	leftovers	2	-1	1	1	1		undefined	undefined	2048	2048	2048	-1	2
thermalexchange	onUpdate	799	6	6	0	Ghost	0	0	1	20	100	1	24576	greninjaash	1	0	0	1	0	6	1	1	0	100	1	1	true	Move	1	psn	figyberry	0	-1	99	0	0		undefined	true	24576	24576	24576	6	0
thermalexchange	onUpdate	800	0	1	61	Fire	1	0	1	100	0	0	0	greninjabond	1	1	1	1	0	1	1	2	60	160	0	0	true	Move	1	brn	iapapaberry	0	1	0	0	0	log:-activate:0:ability: Thermal Exchange:undefined|cure:0	undefined	false	0	0	0	1	0
thermalexchange	onUpdate	801	6	0	40	Water	1	0	0	10	-1	-1	8192	pikachu	1	0	0	1	1	6	0	0	0	160	1	1	true	Move	0	psn	leftovers	0	1	-1	0	1		undefined	undefined	8192	8192	8192	6	0
thermalexchange	onUpdate	802	6	0	60	Dark	1	1	0	10	100	0	16384	greninjaash	1	1	0	0	1	1	1	2	0	0	1	1	null	Ability	1	psn	leftovers	2	0	0	0	1		undefined	false	16384	16384	16384	1	2
thermalexchange	onUpdate	803	1	0	61	Water	1	0	1	100	-1	1	24576	greninjabond	1	1	1	1	1	-1	0	1	100	0	0	1	0	Move	1	brn	iapapaberry	0	1	99	1	1	log:-activate:0:ability: Thermal Exchange:undefined|cure:0	undefined	true	24576	24576	24576	-1	0
thermalexchange	onUpdate	804	1	6	61	Fire	1	1	1	100	100	0	8192	pikachu	0	1	0	0	0	-1	0	1	100	0	0	0	true	missing	1	psn	sitrusberry	0	0	-1	0	0		undefined	false	8192	8192	8192	-1	2
thermalexchange	onUpdate	805	6	6	61	Fire	1	0	0	100	0	0	16384	greninjaash	0	1	1	1	1	0	0	0	60	160	1	0	true	missing	1	psn	leftovers	1	-1	-1	1	1		undefined	false	16384	16384	16384	0	0
thermalexchange	onUpdate	806	0	6	60	Ghost	1	1	0	10	0	1	8192	greninjaash	0	1	0	1	1	0	1	2	60	0	0	1	true	Ability	1	brn	iapapaberry	1	1	-1	0	1	log:-activate:0:ability: Thermal Exchange:undefined|cure:0	undefined	true	8192	8192	8192	0	2
thermalexchange	onUpdate	807	-1	6	40	Dark	0	0	0	10	20	-1	24576	greninjaash	1	0	1	0	0	1	1	1	0	100	1	1	false	Ability	0	brn	sitrusberry	2	-1	99	1	1	log:-activate:0:ability: Thermal Exchange:undefined|cure:0	undefined	undefined	24576	24576	24576	1	0
thermalexchange	onUpdate	808	1	6	60	Fire	0	1	1	0	20	1	8192	pikachu	0	0	0	0	0	-1	1	1	0	0	1	1	undefined	Move	1	brn	figyberry	1	-1	-1	0	1	log:-activate:0:ability: Thermal Exchange:undefined|cure:0	undefined	true	8192	8192	8192	-1	2
thermalexchange	onUpdate	809	6	6	61	Dark	0	1	0	10	100	1	2048	greninjabond	0	1	0	1	0	6	1	2	0	0	1	0	undefined	missing	1	brn	iapapaberry	1	-1	0	0	0	log:-activate:0:ability: Thermal Exchange:undefined|cure:0	undefined	true	2048	2048	2048	6	2
thermalexchange	onUpdate	810	6	6	40	Water	1	1	0	100	0	-1	24576	pikachu	0	1	0	0	0	0	0	2	100	160	1	1	true	Ability	1	psn	leftovers	1	0	0	1	1		undefined	undefined	24576	24576	24576	0	2
thermalexchange	onUpdate	811	0	0	0	Fire	0	0	1	100	20	0	8	pikachu	0	1	0	0	1	0	0	0	60	100	1	0	undefined	Move	1	psn	figyberry	0	-1	0	0	0		undefined	false	8	8	8	0	0
thermalexchange	onUpdate	812	-1	1	61	Fire	0	1	1	20	100	1	8192	greninjabond	0	0	1	1	0	-1	1	1	60	160	1	1	null	Move	0	psn	magoberry	1	1	0	1	1		undefined	true	8192	8192	8192	-1	2
thermalexchange	onUpdate	813	0	1	40	Bug	0	1	0	0	0	-1	24576	greninjaash	1	0	1	1	1	6	1	2	100	100	1	0	false	Move	0	psn	aguavberry	0	1	99	0	1		undefined	undefined	24576	24576	24576	6	2
thermalexchange	onUpdate	814	6	6	0	Normal	1	0	1	10	100	1	8	greninjaash	0	1	0	1	0	0	0	2	60	160	0	1	undefined	Ability	0	brn	leftovers	2	1	1	1	0	log:-activate:0:ability: Thermal Exchange:undefined|cure:0	undefined	true	8	8	8	0	0
thermalexchange	onUpdate	815	-1	6	40	Water	0	0	0	100	-1	-1	16384	greninjaash	1	0	0	0	1	0	0	1	60	100	0	0	true	missing	0	brn	sitrusberry	0	-1	-1	0	0	log:-activate:0:ability: Thermal Exchange:undefined|cure:0	undefined	undefined	16384	16384	16384	0	0
thermalexchange	onUpdate	816	1	6	70	Fire	1	1	0	10	0	0	8192	greninjaash	0	1	0	1	0	0	1	0	100	160	0	0	false	missing	1	brn	aguavberry	0	-1	99	0	1	log:-activate:0:ability: Thermal Exchange:undefined|cure:0	undefined	false	8192	8192	8192	0	2
thermalexchange	onUpdate	817	1	0	61	Ghost	0	0	0	0	0	-1	8	pikachu	1	0	0	0	0	-1	1	0	0	160	1	0	undefined	missing	0	brn	iapapaberry	2	0	99	0	0	log:-activate:0:ability: Thermal Exchange:undefined|cure:0	undefined	undefined	8	8	8	-1	0
thermalexchange	onUpdate	818	1	6	0	Dark	0	1	0	10	-1	1	8	pikachu	0	0	0	0	1	6	1	2	100	160	0	1	undefined	Ability	0	brn	wikiberry	0	1	0	0	0	log:-activate:0:ability: Thermal Exchange:undefined|cure:0	undefined	true	8	8	8	6	2
thermalexchange	onUpdate	819	6	6	0	Fire	0	0	0	0	100	0	24576	pikachu	0	1	1	0	0	1	0	2	60	0	0	0	false	Ability	1	psn	figyberry	2	0	-1	1	1		undefined	false	24576	24576	24576	1	0
thermalexchange	onUpdate	820	1	0	40	Dark	1	0	0	10	0	0	0	pikachu	1	0	1	0	1	6	1	2	60	100	0	0	undefined	missing	0	psn	leftovers	0	1	1	1	1		undefined	false	0	0	0	6	0
thermalexchange	onUpdate	821	6	6	61	Water	0	0	0	20	0	1	2048	greninjabond	0	1	1	0	0	0	1	1	0	160	1	1	true	Ability	1	brn	aguavberry	1	1	99	0	1	log:-activate:0:ability: Thermal Exchange:undefined|cure:0	undefined	true	2048	2048	2048	0	0
thermalexchange	onUpdate	822	-1	1	60	Dark	1	0	1	10	20	0	16384	greninjabond	0	1	0	1	1	1	0	1	60	100	0	1	null	Ability	1	psn	figyberry	1	-1	-1	0	0		undefined	false	16384	16384	16384	1	0
thermalexchange	onUpdate	823	0	6	61	Water	1	0	1	20	100	-1	2048	greninjaash	0	0	1	1	0	-1	0	2	60	0	1	0	undefined	Move	0	psn	aguavberry	0	-1	0	0	1		undefined	undefined	2048	2048	2048	-1	0
thermalexchange	onUpdate	824	1	0	61	Dark	0	0	1	20	20	0	24576	greninjabond	1	1	1	0	0	6	0	1	60	160	0	1	false	Move	0	psn	figyberry	2	0	1	0	0		undefined	false	24576	24576	24576	6	0
thermalexchange	onUpdate	825	1	6	40	Bug	1	1	0	0	20	0	0	greninjabond	0	1	1	0	0	-1	0	2	0	160	0	0	true	Ability	1	psn	iapapaberry	2	1	-1	0	0		undefined	false	0	0	0	-1	2
thermalexchange	onUpdate	826	0	0	40	Bug	0	0	1	100	100	-1	0	pikachu	0	0	1	0	0	1	1	1	0	0	0	1	true	Ability	1	psn	iapapaberry	1	1	0	1	0		undefined	undefined	0	0	0	1	0
thermalexchange	onUpdate	827	1	6	61	Water	0	0	1	0	100	-1	8192	greninjabond	0	1	1	1	1	6	0	1	60	0	1	1	true	missing	0	psn	figyberry	0	-1	1	1	0		undefined	undefined	8192	8192	8192	6	0
thermalexchange	onUpdate	828	0	6	60	Ghost	0	1	1	0	0	0	2048	greninjaash	0	1	0	1	1	6	1	0	100	100	0	1	false	missing	0	psn	sitrusberry	0	0	99	1	0		undefined	false	2048	2048	2048	6	2
thermalexchange	onUpdate	829	-1	6	61	Fire	1	1	0	100	100	0	24576	pikachu	0	0	1	0	0	6	0	1	100	0	1	1	null	Ability	0	psn	leftovers	2	-1	99	0	1		undefined	false	24576	24576	24576	6	2
thermalexchange	onUpdate	830	0	6	0	Bug	1	1	1	10	20	0	8192	greninjaash	1	0	0	1	0	1	1	2	60	0	1	1	undefined	Ability	1	brn	figyberry	2	0	1	1	1	log:-activate:0:ability: Thermal Exchange:undefined|cure:0	undefined	false	8192	8192	8192	1	2
thermalexchange	onUpdate	831	1	0	70	Bug	1	0	0	0	20	-1	2048	greninjabond	0	0	1	0	0	6	0	2	60	160	0	1	false	missing	0	psn	wikiberry	2	0	0	1	0		undefined	undefined	2048	2048	2048	6	0
thermalexchange	onUpdate	832	1	6	60	Dark	1	0	1	100	0	-1	0	greninjabond	0	0	0	1	0	-1	0	0	100	100	1	0	0	missing	0	psn	aguavberry	2	-1	0	1	0		undefined	undefined	0	0	0	-1	0
thermalexchange	onUpdate	833	1	0	70	Fire	0	0	1	0	0	-1	8192	greninjabond	0	1	1	1	0	-1	1	0	100	100	0	1	null	Move	1	psn	sitrusberry	1	1	1	1	0		undefined	undefined	8192	8192	8192	-1	0
thermalexchange	onUpdate	834	-1	1	70	Fire	0	0	1	10	0	1	24576	greninjabond	0	1	1	0	1	-1	0	1	100	0	0	1	0	Ability	1	brn	sitrusberry	0	0	0	1	1	log:-activate:0:ability: Thermal Exchange:undefined|cure:0	undefined	true	24576	24576	24576	-1	0
thermalexchange	onUpdate	835	0	6	0	Bug	1	0	0	10	0	0	0	greninjaash	1	1	0	1	1	-1	1	1	60	0	0	0	null	Ability	0	brn	wikiberry	1	0	0	0	1	log:-activate:0:ability: Thermal Exchange:undefined|cure:0	undefined	false	0	0	0	-1	0
thermalexchange	onUpdate	836	6	1	70	Ghost	1	1	1	100	0	-1	2048	greninjabond	1	1	1	0	1	1	0	0	100	160	1	0	true	Move	1	psn	iapapaberry	0	1	-1	1	0		undefined	undefined	2048	2048	2048	1	2
thermalexchange	onUpdate	837	1	1	60	Dark	0	0	0	10	100	-1	2048	greninjaash	1	0	1	0	0	0	1	0	0	100	1	0	0	Ability	0	psn	figyberry	1	0	1	0	1		undefined	undefined	2048	2048	2048	0	0
thermalexchange	onUpdate	838	1	0	60	Dark	0	1	0	10	-1	0	8192	greninjabond	1	0	1	1	1	6	0	1	100	0	1	1	undefined	Move	0	psn	iapapaberry	1	1	-1	1	0		undefined	false	8192	8192	8192	6	2
thermalexchange	onUpdate	839	1	6	0	Ghost	1	0	1	100	-1	1	2048	greninjaash	0	0	0	0	1	1	0	0	0	160	1	1	undefined	missing	0	brn	wikiberry	2	1	1	0	1	log:-activate:0:ability: Thermal Exchange:undefined|cure:0	undefined	true	2048	2048	2048	1	0
thermalexchange	onUpdate	840	1	6	70	Bug	1	1	0	0	20	0	16384	pikachu	1	0	1	0	1	1	0	1	0	0	0	1	true	Ability	0	psn	iapapaberry	0	-1	0	1	1		undefined	false	16384	16384	16384	1	2
thermalexchange	onUpdate	841	1	1	0	Ghost	1	1	1	100	-1	1	8	pikachu	1	0	1	1	1	-1	0	0	60	0	0	1	true	missing	0	brn	aguavberry	1	-1	99	1	0	log:-activate:0:ability: Thermal Exchange:undefined|cure:0	undefined	true	8	8	8	-1	2
thermalexchange	onUpdate	842	6	0	61	Bug	0	1	1	100	-1	-1	24576	greninjaash	0	1	1	0	1	6	1	1	100	100	1	1	false	missing	0	psn	leftovers	0	1	0	0	1		undefined	undefined	24576	24576	24576	6	2
thermalexchange	onUpdate	843	6	6	0	Dark	1	0	1	20	-1	-1	2048	greninjabond	1	1	1	0	0	0	1	0	60	160	1	0	null	Move	0	brn	aguavberry	2	0	99	1	0	log:-activate:0:ability: Thermal Exchange:undefined|cure:0	undefined	undefined	2048	2048	2048	0	0
thermalexchange	onUpdate	844	0	1	40	Fire	1	0	0	20	0	1	24576	pikachu	0	0	1	1	1	1	0	0	100	100	0	1	null	missing	1	psn	figyberry	1	1	1	1	0		undefined	true	24576	24576	24576	1	0
thermalexchange	onUpdate	845	-1	6	61	Normal	0	1	0	20	100	0	2048	greninjaash	0	1	0	1	0	6	0	0	60	160	0	0	false	Ability	1	brn	figyberry	1	0	1	1	1	log:-activate:0:ability: Thermal Exchange:undefined|cure:0	undefined	false	2048	2048	2048	6	2
thermalexchange	onUpdate	846	6	0	60	Normal	0	1	0	10	0	-1	2048	greninjabond	1	1	1	1	1	-1	0	0	0	0	1	1	false	Move	1	brn	figyberry	0	1	1	0	0	log:-activate:0:ability: Thermal Exchange:undefined|cure:0	undefined	undefined	2048	2048	2048	-1	2
thermalexchange	onUpdate	847	6	1	70	Dark	0	0	0	10	100	1	16384	greninjaash	1	1	1	1	0	0	0	2	60	0	1	0	undefined	Ability	0	brn	wikiberry	2	1	1	1	0	log:-activate:0:ability: Thermal Exchange:undefined|cure:0	undefined	true	16384	16384	16384	0	0
thermalexchange	onUpdate	848	6	1	0	Normal	0	0	1	10	-1	0	16384	pikachu	0	1	1	0	1	6	0	2	0	160	1	0	true	Move	1	psn	wikiberry	1	-1	-1	1	1		undefined	false	16384	16384	16384	6	0
thermalexchange	onUpdate	849	0	1	60	Bug	1	0	1	100	100	0	0	greninjabond	0	1	1	0	1	-1	1	2	60	0	0	0	false	Ability	1	brn	iapapaberry	0	1	0	1	0	log:-activate:0:ability: Thermal Exchange:undefined|cure:0	undefined	false	0	0	0	-1	0
thermalexchange	onUpdate	850	6	0	70	Ghost	0	1	0	10	20	0	16384	greninjabond	1	1	0	0	0	0	1	1	0	0	1	1	0	Move	1	brn	magoberry	2	0	0	1	0	log:-activate:0:ability: Thermal Exchange:undefined|cure:0	undefined	false	16384	16384	16384	0	2
thermalexchange	onUpdate	851	1	6	70	Fire	1	0	0	20	-1	0	0	greninjabond	1	1	0	0	1	1	1	1	100	160	1	1	null	missing	0	psn	sitrusberry	0	1	1	1	1		undefined	false	0	0	0	1	0
thermalexchange	onUpdate	852	6	1	61	Ghost	0	0	1	10	0	1	24576	pikachu	1	1	0	1	1	1	0	2	60	160	0	0	false	missing	1	psn	figyberry	0	-1	99	0	1		undefined	true	24576	24576	24576	1	0
thermalexchange	onUpdate	853	1	0	60	Normal	1	0	1	0	20	1	24576	pikachu	0	0	0	1	1	0	1	0	100	0	0	0	false	Move	0	brn	wikiberry	1	0	0	1	1	log:-activate:0:ability: Thermal Exchange:undefined|cure:0	undefined	true	24576	24576	24576	0	0
thermalexchange	onUpdate	854	0	6	60	Fire	0	0	0	10	100	-1	24576	greninjabond	1	1	1	1	0	-1	1	2	60	100	0	1	0	missing	1	psn	figyberry	2	1	0	1	1		undefined	undefined	24576	24576	24576	-1	0
thermalexchange	onUpdate	855	-1	1	40	Water	0	1	0	0	20	-1	16384	greninjaash	1	1	0	1	1	-1	1	0	0	160	0	1	undefined	Ability	1	brn	aguavberry	1	0	99	1	0	log:-activate:0:ability: Thermal Exchange:undefined|cure:0	undefined	undefined	16384	16384	16384	-1	2
thermalexchange	onUpdate	856	6	6	40	Water	1	0	0	20	100	1	8192	pikachu	0	1	0	1	1	0	1	1	100	0	1	1	true	Move	1	psn	wikiberry	0	-1	99	1	0		undefined	true	8192	8192	8192	0	0
thermalexchange	onUpdate	857	0	1	40	Water	0	1	1	20	-1	-1	8	pikachu	0	0	1	0	1	-1	1	2	0	0	0	0	undefined	Move	0	psn	magoberry	0	1	99	0	0		undefined	undefined	8	8	8	-1	2
thermalexchange	onUpdate	858	1	1	70	Water	1	0	0	100	100	-1	24576	greninjaash	1	0	0	0	1	-1	0	1	0	100	1	1	true	Ability	1	psn	sitrusberry	2	1	0	0	0		undefined	undefined	24576	24576	24576	-1	0
thermalexchange	onUpdate	859	0	6	40	Water	0	0	0	100	20	-1	2048	pikachu	0	1	1	1	1	6	1	0	0	100	0	1	null	missing	0	psn	iapapaberry	1	0	0	0	1		undefined	undefined	2048	2048	2048	6	0
thermalexchange	onUpdate	860	0	1	40	Fire	1	1	1	0	0	-1	24576	greninjaash	1	1	1	0	0	0	0	1	100	100	1	1	true	missing	0	psn	leftovers	2	-1	-1	0	1		undefined	undefined	24576	24576	24576	0	2
thermalexchange	onUpdate	861	6	1	60	Fire	0	1	1	20	20	1	2048	greninjaash	1	1	0	0	1	6	1	0	100	160	0	1	false	missing	1	psn	sitrusberry	2	1	0	1	1		undefined	true	2048	2048	2048	6	2
thermalexchange	onUpdate	862	1	1	0	Water	0	0	1	10	20	-1	8192	greninjabond	1	0	0	0	1	0	0	1	100	160	0	0	true	Ability	0	brn	sitrusberry	2	0	99	0	1	log:-activate:0:ability: Thermal Exchange:undefined|cure:0	undefined	undefined	8192	8192	8192	0	0
thermalexchange	onUpdate	863	0	1	61	Water	0	1	1	100	-1	-1	24576	greninjaash	1	1	1	0	1	-1	1	2	60	100	1	1	null	Move	1	psn	wikiberry	0	-1	99	0	1		undefined	undefined	24576	24576	24576	-1	2
thermalexchange	onUpdate	864	6	6	40	Water	0	1	0	100	-1	0	8192	greninjabond	1	0	1	0	1	1	1	2	100	160	0	0	true	missing	1	psn	iapapaberry	1	-1	1	1	0		undefined	false	8192	8192	8192	1	2
thermalexchange	onUpdate	865	0	1	61	Fire	1	0	1	20	20	0	16384	pikachu	1	1	0	0	0	-1	0	0	100	0	1	1	undefined	Move	1	brn	aguavberry	1	1	-1	0	0	log:-activate:0:ability: Thermal Exchange:undefined|cure:0	undefined	false	16384	16384	16384	-1	0
thermalexchange	onUpdate	866	0	0	0	Ghost	1	0	0	10	0	-1	8192	pikachu	1	0	0	0	0	1	1	2	60	0	0	1	undefined	Move	0	brn	magoberry	0	-1	0	1	1	log:-activate:0:ability: Thermal Exchange:undefined|cure:0	undefined	undefined	8192	8192	8192	1	0
thermalexchange	onUpdate	867	6	0	70	Water	0	0	1	100	100	1	16384	pikachu	0	1	0	0	0	0	1	1	100	0	1	0	undefined	Ability	0	brn	wikiberry	2	0	99	1	0	log:-activate:0:ability: Thermal Exchange:undefined|cure:0	undefined	true	16384	16384	16384	0	0
thermalexchange	onUpdate	868	-1	0	60	Fire	0	1	0	100	-1	1	16384	greninjaash	0	0	1	1	0	0	1	2	100	160	0	0	undefined	missing	0	psn	iapapaberry	1	-1	0	0	0		undefined	true	16384	16384	16384	0	2
thermalexchange	onUpdate	869	0	1	0	Bug	0	0	1	100	20	-1	8192	greninjaash	0	0	0	0	1	0	0	1	100	100	0	1	0	Move	0	psn	wikiberry	0	1	-1	0	0		undefined	undefined	8192	8192	8192	0	0
thermalexchange	onUpdate	870	6	1	60	Ghost	0	1	1	20	20	-1	0	pikachu	1	0	0	0	0	0	1	0	60	0	0	0	null	Move	1	psn	figyberry	1	-1	0	1	0		undefined	undefined	0	0	0	0	2
thermalexchange	onUpdate	871	0	1	70	Ghost	0	1	0	10	0	-1	24576	greninjaash	0	1	1	0	0	6	1	2	100	0	0	0	null	missing	1	psn	sitrusberry	2	0	-1	1	0		undefined	undefined	24576	24576	24576	6	2
thermalexchange	onUpdate	872	6	1	60	Bug	1	1	1	0	100	1	8	pikachu	0	0	1	1	1	-1	1	2	60	100	1	1	undefined	Move	0	psn	figyberry	1	1	0	0	0		undefined	true	8	8	8	-1	2
thermalexchange	onUpdate	873	-1	0	60	Ghost	1	1	0	10	0	0	24576	greninjaash	0	0	0	1	0	-1	1	0	100	160	1	1	true	Move	0	brn	wikiberry	0	1	1	0	0	log:-activate:0:ability: Thermal Exchange:undefined|cure:0	undefined	false	24576	24576	24576	-1	2
thermalexchange	onUpdate	874	-1	0	70	Water	1	1	1	100	20	0	2048	greninjabond	1	1	1	0	1	0	1	0	100	0	0	1	undefined	Move	1	psn	wikiberry	1	1	0	0	0		undefined	false	2048	2048	2048	0	2
thermalexchange	onUpdate	875	1	1	60	Bug	0	0	0	0	100	1	16384	greninjabond	0	1	0	0	1	1	0	0	100	100	0	0	false	Move	1	brn	wikiberry	1	-1	1	1	1	log:-activate:0:ability: Thermal Exchange:undefined|cure:0	undefined	true	16384	16384	16384	1	0
thermalexchange	onUpdate	876	1	6	0	Dark	1	0	1	20	-1	-1	16384	greninjabond	1	0	0	0	0	-1	1	2	60	160	0	1	false	Move	0	psn	wikiberry	2	-1	1	0	0		undefined	undefined	16384	16384	16384	-1	0
thermalexchange	onUpdate	877	6	1	0	Bug	1	1	1	10	-1	0	0	greninjabond	0	1	0	1	0	-1	1	2	100	0	0	0	false	Ability	0	brn	aguavberry	2	0	-1	0	0	log:-activate:0:ability: Thermal Exchange:undefined|cure:0	undefined	false	0	0	0	-1	2
thermalexchange	onUpdate	878	-1	1	70	Bug	1	1	1	20	-1	1	8	pikachu	0	0	0	0	1	1	1	1	0	100	0	0	0	Move	0	brn	aguavberry	0	0	99	1	0	log:-activate:0:ability: Thermal Exchange:undefined|cure:0	undefined	true	8	8	8	1	2
thermalexchange	onUpdate	879	1	1	70	Ghost	1	1	1	0	20	0	24576	greninjaash	0	1	0	1	1	1	1	1	100	100	1	0	undefined	missing	1	brn	leftovers	1	-1	-1	1	1	log:-activate:0:ability: Thermal Exchange:undefined|cure:0	undefined	false	24576	24576	24576	1	2
thermalexchange	onUpdate	880	6	0	40	Water	1	0	0	10	-1	-1	2048	greninjaash	1	1	0	0	0	1	0	2	100	0	1	0	true	Move	0	psn	figyberry	0	1	-1	0	1		undefined	undefined	2048	2048	2048	1	0
thermalexchange	onUpdate	881	-1	0	0	Bug	0	0	0	10	20	0	16384	greninjabond	0	1	0	1	0	-1	0	2	0	100	1	0	undefined	missing	0	psn	magoberry	0	1	99	1	0		undefined	false	16384	16384	16384	-1	0
thermalexchange	onUpdate	882	6	1	60	Fire	1	1	1	10	100	0	24576	pikachu	1	1	1	0	0	-1	0	2	60	100	0	1	true	Move	1	brn	figyberry	2	-1	0	0	0	log:-activate:0:ability: Thermal Exchange:undefined|cure:0	undefined	false	24576	24576	24576	-1	2
thermalexchange	onUpdate	883	0	1	70	Fire	0	0	1	0	0	-1	8	greninjaash	1	1	1	1	1	6	0	2	100	100	1	1	null	missing	1	brn	sitrusberry	2	1	-1	0	0	log:-activate:0:ability: Thermal Exchange:undefined|cure:0	undefined	undefined	8	8	8	6	0
thermalexchange	onUpdate	884	-1	1	61	Dark	1	1	1	10	-1	-1	16384	greninjabond	0	1	1	1	0	-1	1	2	0	160	1	0	null	Move	1	psn	aguavberry	2	0	99	0	1		undefined	undefined	16384	16384	16384	-1	2
thermalexchange	onUpdate	885	-1	1	0	Dark	0	0	1	20	-1	1	16384	pikachu	1	0	0	1	0	1	0	1	100	100	1	0	0	Move	1	psn	iapapaberry	1	-1	-1	0	0		undefined	true	16384	16384	16384	1	0
thermalexchange	onUpdate	886	0	1	0	Water	1	0	1	20	0	0	16384	greninjaash	0	1	1	0	1	1	0	1	60	160	1	0	undefined	missing	0	psn	iapapaberry	0	-1	0	0	1		undefined	false	16384	16384	16384	1	0
thermalexchange	onUpdate	887	6	0	0	Normal	1	1	0	20	-1	-1	8	greninjaash	0	1	1	1	1	0	1	1	0	100	1	1	null	Ability	1	brn	aguavberry	0	-1	0	0	0	log:-activate:0:ability: Thermal Exchange:undefined|cure:0	undefined	undefined	8	8	8	0	2
thermalexchange	onUpdate	888	-1	1	60	Normal	0	0	0	20	0	0	0	greninjaash	0	0	1	1	0	6	0	2	100	160	0	1	true	Move	0	psn	sitrusberry	0	-1	99	0	1		undefined	false	0	0	0	6	0
thermalexchange	onUpdate	889	-1	1	0	Bug	1	1	0	0	100	-1	0	pikachu	1	0	0	0	1	-1	1	2	0	0	1	0	null	Move	1	psn	aguavberry	0	-1	0	1	0		undefined	undefined	0	0	0	-1	2
thermalexchange	onUpdate	890	1	1	61	Fire	1	1	1	100	0	-1	8	greninjabond	1	0	1	0	0	1	1	0	0	160	0	1	false	missing	0	psn	iapapaberry	2	1	0	1	1		undefined	undefined	8	8	8	1	2
thermalexchange	onUpdate	891	6	0	0	Fire	1	0	0	10	-1	-1	8192	pikachu	1	1	0	1	0	-1	0	2	0	0	1	0	null	Move	1	psn	iapapaberry	0	-1	99	1	1		undefined	undefined	8192	8192	8192	-1	0
thermalexchange	onUpdate	892	1	0	60	Ghost	0	1	0	0	-1	-1	8192	greninjaash	1	1	1	0	0	6	0	1	60	0	0	1	0	missing	1	brn	wikiberry	2	-1	-1	0	1	log:-activate:0:ability: Thermal Exchange:undefined|cure:0	undefined	undefined	8192	8192	8192	6	2
thermalexchange	onUpdate	893	1	1	0	Ghost	1	1	0	0	-1	-1	8192	greninjaash	0	1	1	1	0	-1	1	0	0	0	1	1	null	Ability	0	psn	aguavberry	1	0	99	1	0		undefined	undefined	8192	8192	8192	-1	2
thermalexchange	onUpdate	894	6	6	61	Fire	1	0	0	20	100	0	16384	pikachu	0	1	1	0	0	6	1	2	100	160	1	0	0	missing	1	brn	magoberry	1	-1	99	1	1	log:-activate:0:ability: Thermal Exchange:undefined|cure:0	undefined	false	16384	16384	16384	6	0
thermalexchange	onUpdate	895	6	0	70	Normal	1	1	0	10	0	-1	8	pikachu	1	1	0	0	0	-1	0	2	60	0	0	1	true	Move	0	psn	magoberry	0	0	1	1	1		undefined	undefined	8	8	8	-1	2
thermalexchange	onUpdate	896	-1	6	70	Bug	1	1	1	100	20	0	0	greninjaash	1	0	1	0	0	0	0	2	100	160	1	0	0	Move	1	psn	figyberry	2	1	1	0	0		undefined	false	0	0	0	0	2
thermalexchange	onUpdate	897	6	1	40	Ghost	1	0	0	0	-1	-1	24576	greninjaash	0	1	0	0	1	-1	0	0	60	100	1	0	0	Move	0	brn	magoberry	2	-1	1	1	0	log:-activate:0:ability: Thermal Exchange:undefined|cure:0	undefined	undefined	24576	24576	24576	-1	0
thermalexchange	onUpdate	898	1	0	0	Normal	0	0	1	10	-1	-1	2048	greninjabond	0	0	0	0	1	0	1	2	0	0	1	1	null	missing	1	brn	iapapaberry	0	-1	0	0	1	log:-activate:0:ability: Thermal Exchange:undefined|cure:0	undefined	undefined	2048	2048	2048	0	0
thermalexchange	onUpdate	899	1	6	0	Normal	1	0	0	20	-1	-1	24576	pikachu	1	1	1	0	1	0	0	1	60	100	0	0	null	missing	1	psn	sitrusberry	2	0	0	1	0		undefined	undefined	24576	24576	24576	0	0
thermalexchange	onUpdate	900	-1	6	0	Normal	1	0	1	100	-1	0	24576	pikachu	1	0	0	1	0	6	0	2	60	160	1	0	true	Move	1	brn	magoberry	1	1	0	1	1	log:-activate:0:ability: Thermal Exchange:undefined|cure:0	undefined	false	24576	24576	24576	6	0
thermalexchange	onUpdate	901	-1	1	60	Water	1	1	0	10	-1	-1	16384	greninjabond	1	0	1	0	1	1	1	1	0	0	1	1	0	missing	1	brn	iapapaberry	1	-1	99	1	0	log:-activate:0:ability: Thermal Exchange:undefined|cure:0	undefined	undefined	16384	16384	16384	1	2
thermalexchange	onUpdate	902	-1	0	40	Water	1	1	0	20	20	1	8192	greninjabond	0	0	1	0	1	6	1	0	60	100	1	0	true	Move	0	psn	figyberry	2	0	0	0	0		undefined	true	8192	8192	8192	6	2
thermalexchange	onUpdate	903	-1	0	61	Bug	0	1	1	100	20	-1	2048	pikachu	1	1	1	1	1	6	0	2	100	160	1	0	undefined	Move	0	psn	aguavberry	0	0	1	1	0		undefined	undefined	2048	2048	2048	6	2
thermalexchange	onUpdate	904	-1	0	40	Bug	0	1	0	0	0	0	8	greninjaash	1	1	0	1	0	1	1	2	100	100	1	1	true	missing	1	psn	iapapaberry	1	-1	0	0	0		undefined	false	8	8	8	1	2
thermalexchange	onUpdate	905	6	0	60	Bug	0	0	0	0	100	-1	2048	greninjaash	0	0	0	1	1	-1	0	1	100	0	0	1	true	Move	1	brn	magoberry	0	-1	-1	0	0	log:-activate:0:ability: Thermal Exchange:undefined|cure:0	undefined	undefined	2048	2048	2048	-1	0
thermalexchange	onUpdate	906	0	0	61	Ghost	0	0	0	100	20	-1	8	greninjabond	0	0	0	0	0	6	0	2	60	0	1	1	null	Move	1	psn	leftovers	2	-1	0	1	0		undefined	undefined	8	8	8	6	0
thermalexchange	onUpdate	907	0	6	60	Bug	1	0	1	20	20	-1	8192	greninjabond	0	1	0	0	1	1	0	0	100	100	1	1	0	missing	1	brn	sitrusberry	1	1	-1	0	1	log:-activate:0:ability: Thermal Exchange:undefined|cure:0	undefined	undefined	8192	8192	8192	1	0
thermalexchange	onUpdate	908	1	1	61	Bug	0	0	0	20	20	0	24576	greninjaash	0	1	1	0	1	6	0	0	60	0	1	0	true	Ability	1	brn	wikiberry	0	0	1	1	0	log:-activate:0:ability: Thermal Exchange:undefined|cure:0	undefined	false	24576	24576	24576	6	0
thermalexchange	onUpdate	909	0	0	70	Bug	0	0	0	100	0	1	8192	greninjabond	1	1	1	0	1	-1	0	0	0	100	1	0	0	Ability	0	brn	sitrusberry	2	-1	1	1	0	log:-activate:0:ability: Thermal Exchange:undefined|cure:0	undefined	true	8192	8192	8192	-1	0
thermalexchange	onUpdate	910	0	6	70	Ghost	1	1	0	20	20	0	2048	pikachu	0	0	0	0	0	-1	0	1	0	160	0	0	undefined	missing	0	brn	sitrusberry	0	0	99	1	1	log:-activate:0:ability: Thermal Exchange:undefined|cure:0	undefined	false	2048	2048	2048	-1	2
thermalexchange	onUpdate	911	0	0	0	Dark	0	1	0	20	-1	1	2048	greninjabond	1	1	0	1	1	1	0	2	100	160	0	0	undefined	Ability	0	brn	wikiberry	0	1	99	0	1	log:-activate:0:ability: Thermal Exchange:undefined|cure:0	undefined	true	2048	2048	2048	1	2
thermalexchange	onUpdate	912	-1	1	61	Water	1	0	0	10	20	1	24576	greninjaash	0	1	1	0	0	-1	1	0	0	100	0	1	undefined	Ability	1	psn	figyberry	0	-1	-1	0	1		undefined	true	24576	24576	24576	-1	0
thermalexchange	onUpdate	913	6	0	70	Bug	1	1	1	100	-1	-1	8192	greninjabond	1	1	1	1	0	-1	1	0	100	100	0	1	0	Move	0	psn	figyberry	2	0	1	0	0		undefined	undefined	8192	8192	8192	-1	2
thermalexchange	onUpdate	914	-1	6	40	Water	0	1	0	10	0	0	24576	greninjaash	0	1	0	0	1	1	1	0	60	160	1	1	0	Move	0	brn	wikiberry	1	-1	0	0	0	log:-activate:0:ability: Thermal Exchange:undefined|cure:0	undefined	false	24576	24576	24576	1	2
thermalexchange	onUpdate	915	6	6	0	Fire	0	1	0	100	100	-1	8192	greninjabond	0	0	0	1	0	6	0	1	0	0	0	1	0	Ability	0	brn	leftovers	2	0	99	1	0	log:-activate:0:ability: Thermal Exchange:undefined|cure:0	undefined	undefined	8192	8192	8192	6	2
thermalexchange	onUpdate	916	0	6	0	Normal	1	1	0	20	20	1	8192	greninjaash	1	1	0	1	1	1	1	2	0	100	0	1	null	Ability	0	brn	aguavberry	2	-1	99	1	0	log:-activate:0:ability: Thermal Exchange:undefined|cure:0	undefined	true	8192	8192	8192	1	2
thermalexchange	onUpdate	917	6	6	60	Dark	1	1	0	0	0	-1	2048	pikachu	0	0	1	1	1	1	1	0	100	0	1	0	null	Ability	0	psn	figyberry	1	0	1	0	0		undefined	undefined	2048	2048	2048	1	2
thermalexchange	onUpdate	918	1	1	0	Bug	0	1	1	20	-1	1	2048	pikachu	1	1	0	0	1	0	1	2	0	160	0	0	0	missing	1	psn	leftovers	0	1	0	0	1		undefined	true	2048	2048	2048	0	2
thermalexchange	onUpdate	919	0	0	61	Dark	0	1	1	0	0	-1	2048	greninjabond	0	1	0	0	0	0	0	2	60	160	1	1	false	Move	0	brn	leftovers	1	-1	99	1	0	log:-activate:0:ability: Thermal Exchange:undefined|cure:0	undefined	undefined	2048	2048	2048	0	2
thermalexchange	onUpdate	920	-1	1	0	Bug	0	1	1	100	0	0	24576	pikachu	1	0	1	1	0	0	1	2	0	160	1	0	null	Ability	1	psn	aguavberry	2	0	99	1	1		undefined	false	24576	24576	24576	0	2
thermalexchange	onUpdate	921	1	1	70	Fire	1	0	1	100	20	0	0	greninjaash	0	0	1	1	0	-1	0	0	60	100	0	0	undefined	missing	0	brn	sitrusberry	0	1	99	0	0	log:-activate:0:ability: Thermal Exchange:undefined|cure:0	undefined	false	0	0	0	-1	0
thermalexchange	onUpdate	922	6	1	70	Ghost	0	1	0	100	-1	0	2048	greninjabond	0	1	1	0	0	-1	1	2	60	0	0	0	false	Move	1	psn	iapapaberry	2	-1	1	0	1		undefined	false	2048	2048	2048	-1	2
thermalexchange	onUpdate	923	1	0	0	Dark	0	1	1	100	0	0	2048	greninjaash	0	0	1	0	1	-1	1	2	0	0	1	0	null	missing	0	psn	aguavberry	2	1	0	0	1		undefined	false	2048	2048	2048	-1	2
thermalexchange	onUpdate	924	6	1	40	Normal	1	1	1	10	20	0	16384	greninjaash	0	0	0	0	1	1	1	1	0	160	1	0	true	Ability	0	brn	aguavberry	2	0	-1	1	1	log:-activate:0:ability: Thermal Exchange:undefined|cure:0	undefined	false	16384	16384	16384	1	2
thermalexchange	onUpdate	925	0	0	61	Ghost	1	0	0	20	0	1	2048	greninjabond	1	1	1	1	0	-1	0	1	0	160	0	0	true	Move	1	psn	aguavberry	1	0	0	0	0		undefined	true	2048	2048	2048	-1	0
thermalexchange	onUpdate	926	6	1	70	Dark	0	0	1	20	0	-1	8192	pikachu	1	1	0	0	0	0	1	1	100	0	0	0	0	missing	0	brn	figyberry	2	-1	99	0	0	log:-activate:0:ability: Thermal Exchange:undefined|cure:0	undefined	undefined	8192	8192	8192	0	0
thermalexchange	onUpdate	927	1	1	0	Normal	1	1	0	100	20	1	0	greninjaash	0	1	1	0	1	-1	0	1	0	160	0	0	true	Ability	0	brn	iapapaberry	1	0	-1	1	1	log:-activate:0:ability: Thermal Exchange:undefined|cure:0	undefined	true	0	0	0	-1	2
thermalexchange	onUpdate	928	-1	0	61	Normal	0	1	0	0	100	-1	8	pikachu	0	0	0	0	1	6	0	2	0	160	1	1	0	missing	0	psn	aguavberry	1	0	1	1	1		undefined	undefined	8	8	8	6	2
thermalexchange	onUpdate	929	1	1	0	Fire	0	1	1	20	0	0	16384	pikachu	0	1	1	0	0	-1	1	2	60	0	0	0	null	missing	1	brn	sitrusberry	1	1	0	1	0	log:-activate:0:ability: Thermal Exchange:undefined|cure:0	undefined	false	16384	16384	16384	-1	2
thermalexchange	onUpdate	930	1	1	0	Bug	0	0	1	20	20	1	8	greninjabond	0	0	1	1	0	6	0	2	100	0	0	0	false	Ability	0	brn	aguavberry	2	-1	1	1	0	log:-activate:0:ability: Thermal Exchange:undefined|cure:0	undefined	true	8	8	8	6	0
thermalexchange	onUpdate	931	0	0	0	Fire	0	1	0	0	0	1	2048	pikachu	0	0	0	0	0	0	1	0	100	100	1	0	undefined	Ability	0	psn	figyberry	2	0	-1	0	0		undefined	true	2048	2048	2048	0	2
thermalexchange	onUpdate	932	0	0	60	Water	0	0	0	0	20	1	2048	greninjabond	1	0	1	1	1	0	1	2	100	0	1	1	undefined	Ability	0	brn	iapapaberry	0	-1	0	1	1	log:-activate:0:ability: Thermal Exchange:undefined|cure:0	undefined	true	2048	2048	2048	0	0
thermalexchange	onUpdate	933	1	1	0	Normal	0	1	1	0	100	-1	8	greninjaash	1	0	0	0	0	1	1	1	0	160	0	1	null	Move	0	brn	leftovers	0	0	0	0	0	log:-activate:0:ability: Thermal Exchange:undefined|cure:0	undefined	undefined	8	8	8	1	2
thermalexchange	onUpdate	934	-1	6	61	Normal	0	0	1	20	100	0	2048	greninjaash	1	0	1	0	0	1	0	0	100	100	1	0	true	Ability	0	psn	sitrusberry	1	0	0	1	0		undefined	false	2048	2048	2048	1	0
thermalexchange	onUpdate	935	6	1	70	Water	1	1	1	20	-1	-1	16384	pikachu	0	1	0	1	1	6	0	2	60	0	0	0	true	Move	1	psn	sitrusberry	1	1	-1	0	0		undefined	undefined	16384	16384	16384	6	2
thermalexchange	onUpdate	936	0	1	70	Bug	1	0	0	10	-1	-1	2048	greninjaash	1	1	1	1	1	0	0	1	100	0	0	0	null	Move	0	psn	figyberry	2	-1	0	1	0		undefined	undefined	2048	2048	2048	0	0
thermalexchange	onUpdate	937	1	1	61	Water	1	0	1	20	20	-1	24576	greninjabond	1	0	1	0	1	-1	0	2	60	0	0	1	undefined	Move	0	psn	wikiberry	2	1	1	1	1		undefined	undefined	24576	24576	24576	-1	0
thermalexchange	onUpdate	938	1	0	61	Ghost	0	0	1	0	100	0	16384	greninjaash	1	0	1	1	1	1	1	1	0	160	0	0	true	Move	0	brn	magoberry	1	-1	1	0	0	log:-activate:0:ability: Thermal Exchange:undefined|cure:0	undefined	false	16384	16384	16384	1	0
thermalexchange	onUpdate	939	-1	6	40	Water	1	1	0	0	-1	1	16384	greninjaash	1	0	1	1	0	1	1	1	60	100	0	1	true	missing	0	brn	wikiberry	0	0	1	1	1	log:-activate:0:ability: Thermal Exchange:undefined|cure:0	undefined	true	16384	16384	16384	1	2
thermalexchange	onUpdate	940	6	0	40	Water	1	0	0	100	20	-1	16384	pikachu	1	1	0	0	1	0	0	2	100	160	0	0	true	missing	1	brn	sitrusberry	2	0	1	0	0	log:-activate:0:ability: Thermal Exchange:undefined|cure:0	undefined	undefined	16384	16384	16384	0	0
thermalexchange	onUpdate	941	-1	0	70	Ghost	1	0	1	10	100	0	0	greninjaash	0	1	0	0	0	-1	0	2	0	0	0	1	0	missing	1	brn	figyberry	0	0	-1	1	0	log:-activate:0:ability: Thermal Exchange:undefined|cure:0	undefined	false	0	0	0	-1	0
thermalexchange	onUpdate	942	1	0	60	Fire	0	1	0	20	20	0	0	pikachu	1	0	1	0	1	1	1	1	100	100	1	0	null	missing	1	psn	magoberry	0	-1	99	0	1		undefined	false	0	0	0	1	2
thermalexchange	onUpdate	943	6	1	70	Ghost	1	1	1	0	0	-1	8192	greninjaash	0	1	1	1	0	1	1	0	0	160	1	1	false	Ability	1	psn	iapapaberry	1	-1	0	1	1		undefined	undefined	8192	8192	8192	1	2
thermalexchange	onUpdate	944	0	1	61	Water	0	0	1	20	100	-1	2048	pikachu	1	0	1	0	1	1	0	0	100	160	1	1	undefined	Ability	0	psn	sitrusberry	2	1	-1	1	0		undefined	undefined	2048	2048	2048	1	0
thermalexchange	onUpdate	945	0	0	0	Normal	1	1	1	10	100	0	16384	greninjaash	0	1	1	1	1	0	0	1	100	100	0	1	undefined	Ability	1	psn	magoberry	1	-1	-1	1	1		undefined	false	16384	16384	16384	0	2
thermalexchange	onUpdate	946	0	0	0	Normal	1	0	1	20	0	0	2048	greninjaash	1	1	1	1	0	-1	0	2	60	160	1	0	false	missing	1	psn	iapapaberry	1	-1	1	1	1		undefined	false	2048	2048	2048	-1	0
thermalexchange	onUpdate	947	1	6	60	Water	1	1	1	10	20	0	16384	greninjaash	1	0	0	1	1	6	1	1	60	100	1	1	false	missing	0	brn	leftovers	1	0	0	0	0	log:-activate:0:ability: Thermal Exchange:undefined|cure:0	undefined	false	16384	16384	16384	6	2
thermalexchange	onUpdate	948	0	1	0	Bug	0	1	1	20	100	-1	8192	greninjaash	0	1	0	1	0	-1	0	2	100	100	1	1	undefined	Move	1	brn	iapapaberry	0	-1	99	0	0	log:-activate:0:ability: Thermal Exchange:undefined|cure:0	undefined	undefined	8192	8192	8192	-1	2
thermalexchange	onUpdate	949	1	1	0	Fire	1	1	1	100	100	0	24576	greninjaash	1	0	0	1	1	1	0	1	100	0	0	0	null	missing	0	psn	wikiberry	0	0	-1	1	0		undefined	false	24576	24576	24576	1	2
thermalexchange	onUpdate	950	6	6	70	Bug	0	1	0	20	-1	0	8192	greninjaash	1	0	1	0	0	6	1	2	60	0	1	0	false	missing	0	brn	magoberry	2	0	0	1	1	log:-activate:0:ability: Thermal Exchange:undefined|cure:0	undefined	false	8192	8192	8192	6	2
thermalexchange	onUpdate	951	-1	6	61	Ghost	0	1	0	100	20	1	8	greninjaash	1	1	0	0	1	0	1	0	0	0	0	1	undefined	Ability	1	brn	wikiberry	2	-1	1	1	0	log:-activate:0:ability: Thermal Exchange:undefined|cure:0	undefined	true	8	8	8	0	2
thermalexchange	onUpdate	952	0	0	60	Normal	1	1	0	100	-1	0	16384	pikachu	0	0	0	1	1	-1	1	2	0	0	1	0	null	missing	1	brn	iapapaberry	0	0	99	1	1	log:-activate:0:ability: Thermal Exchange:undefined|cure:0	undefined	false	16384	16384	16384	-1	2
thermalexchange	onUpdate	953	0	6	60	Dark	0	0	1	10	-1	1	24576	pikachu	1	0	0	1	1	0	1	2	100	100	1	1	undefined	Ability	0	brn	figyberry	0	-1	0	1	1	log:-activate:0:ability: Thermal Exchange:undefined|cure:0	undefined	true	24576	24576	24576	0	0
thermalexchange	onUpdate	954	-1	6	61	Ghost	1	1	0	0	20	-1	8192	pikachu	1	1	0	1	1	6	0	1	100	160	1	0	null	Ability	0	brn	iapapaberry	2	-1	1	0	1	log:-activate:0:ability: Thermal Exchange:undefined|cure:0	undefined	undefined	8192	8192	8192	6	2
thermalexchange	onUpdate	955	0	1	40	Dark	1	1	0	10	20	1	2048	greninjabond	1	0	0	0	0	-1	1	1	0	160	0	0	false	Ability	1	brn	sitrusberry	1	0	99	0	1	log:-activate:0:ability: Thermal Exchange:undefined|cure:0	undefined	true	2048	2048	2048	-1	2
thermalexchange	onUpdate	956	-1	6	40	Normal	1	0	0	10	100	1	24576	greninjabond	1	0	1	0	0	-1	0	0	100	100	1	0	true	missing	1	brn	sitrusberry	0	0	-1	0	1	log:-activate:0:ability: Thermal Exchange:undefined|cure:0	undefined	true	24576	24576	24576	-1	0
thermalexchange	onUpdate	957	6	0	61	Normal	0	0	1	0	20	0	2048	greninjaash	1	1	0	1	1	-1	1	2	100	160	0	0	0	Move	1	brn	sitrusberry	1	0	-1	1	0	log:-activate:0:ability: Thermal Exchange:undefined|cure:0	undefined	false	2048	2048	2048	-1	0
thermalexchange	onUpdate	958	-1	1	70	Fire	0	0	0	20	-1	0	16384	greninjabond	0	1	1	0	1	6	0	1	60	0	0	0	null	missing	0	psn	iapapaberry	2	-1	99	0	0		undefined	false	16384	16384	16384	6	0
thermalexchange	onUpdate	959	0	0	60	Fire	0	1	1	10	-1	1	8192	greninjabond	1	1	0	1	1	-1	1	0	0	160	1	0	false	Ability	1	brn	figyberry	1	1	1	0	1	log:-activate:0:ability: Thermal Exchange:undefined|cure:0	undefined	true	8192	8192	8192	-1	2
thermalexchange	onUpdate	960	0	1	61	Normal	0	1	0	0	100	1	24576	pikachu	1	1	1	0	1	0	1	0	0	0	0	1	true	Move	1	brn	iapapaberry	0	-1	1	0	1	log:-activate:0:ability: Thermal Exchange:undefined|cure:0	undefined	true	24576	24576	24576	0	2
thermalexchange	onUpdate	961	0	6	61	Bug	1	1	0	10	100	1	16384	pikachu	1	0	0	0	1	0	0	0	0	0	1	0	undefined	missing	0	brn	aguavberry	0	1	99	0	1	log:-activate:0:ability: Thermal Exchange:undefined|cure:0	undefined	true	16384	16384	16384	0	2
thermalexchange	onUpdate	962	6	1	40	Normal	1	1	0	20	100	1	16384	greninjabond	1	0	0	1	0	0	1	2	60	100	1	0	undefined	Move	0	psn	sitrusberry	0	1	1	0	0		undefined	true	16384	16384	16384	0	2
thermalexchange	onUpdate	963	-1	6	40	Dark	0	1	1	20	100	0	24576	pikachu	0	0	1	0	0	0	0	0	60	160	1	1	null	missing	1	psn	magoberry	2	1	1	1	0		undefined	false	24576	24576	24576	0	2
thermalexchange	onUpdate	964	1	6	40	Water	0	0	0	0	100	1	24576	greninjabond	0	0	0	1	0	6	1	0	60	0	0	1	false	missing	0	brn	wikiberry	0	-1	0	0	1	log:-activate:0:ability: Thermal Exchange:undefined|cure:0	undefined	true	24576	24576	24576	6	0
thermalexchange	onUpdate	965	0	6	40	Normal	1	1	1	20	20	-1	8192	pikachu	0	1	0	1	1	1	0	0	0	160	0	1	false	missing	1	brn	sitrusberry	0	-1	99	1	0	log:-activate:0:ability: Thermal Exchange:undefined|cure:0	undefined	undefined	8192	8192	8192	1	2
thermalexchange	onUpdate	966	0	6	0	Bug	1	0	1	20	0	0	0	greninjabond	0	1	0	0	0	-1	1	2	60	100	0	0	undefined	missing	1	brn	leftovers	1	1	0	0	1	log:-activate:0:ability: Thermal Exchange:undefined|cure:0	undefined	false	0	0	0	-1	0
thermalexchange	onUpdate	967	0	6	61	Bug	0	1	0	0	0	-1	8192	greninjaash	1	1	1	1	0	6	1	2	60	0	0	0	null	missing	1	psn	magoberry	1	0	99	1	0		undefined	undefined	8192	8192	8192	6	2
thermalexchange	onUpdate	968	0	0	0	Dark	0	0	1	10	-1	-1	8192	greninjaash	0	1	0	1	0	6	1	1	0	0	1	0	0	Move	1	brn	aguavberry	1	0	1	0	0	log:-activate:0:ability: Thermal Exchange:undefined|cure:0	undefined	undefined	8192	8192	8192	6	0
thermalexchange	onUpdate	969	0	0	40	Water	0	0	0	0	0	0	16384	greninjabond	0	1	0	0	0	0	1	1	0	160	1	0	false	Move	1	psn	magoberry	0	0	-1	0	1		undefined	false	16384	16384	16384	0	0
thermalexchange	onUpdate	970	1	6	60	Ghost	1	0	0	0	0	-1	16384	greninjabond	1	0	0	1	0	-1	0	1	0	100	0	0	false	Move	1	brn	figyberry	2	1	1	1	0	log:-activate:0:ability: Thermal Exchange:undefined|cure:0	undefined	undefined	16384	16384	16384	-1	0
thermalexchange	onUpdate	971	1	6	61	Bug	0	1	0	100	0	1	24576	greninjaash	0	0	0	1	1	1	0	2	0	160	0	1	0	Ability	1	psn	wikiberry	1	0	-1	0	1		undefined	true	24576	24576	24576	1	2
thermalexchange	onUpdate	972	-1	0	0	Water	0	1	1	100	100	0	2048	pikachu	1	1	0	0	0	6	1	0	60	160	1	0	false	Ability	0	brn	wikiberry	1	1	99	0	1	log:-activate:0:ability: Thermal Exchange:undefined|cure:0	undefined	false	2048	2048	2048	6	2
thermalexchange	onUpdate	973	6	0	70	Dark	1	0	1	100	20	0	24576	greninjabond	1	0	1	0	1	-1	1	2	100	100	1	1	undefined	Move	0	psn	wikiberry	1	1	99	0	0		undefined	false	24576	24576	24576	-1	0
thermalexchange	onUpdate	974	1	0	70	Fire	1	0	1	20	100	-1	24576	pikachu	0	0	0	0	0	0	1	0	0	160	0	0	0	missing	0	psn	wikiberry	0	0	99	1	1		undefined	undefined	24576	24576	24576	0	0
thermalexchange	onUpdate	975	1	6	40	Water	1	1	1	20	20	1	8192	greninjaash	0	0	0	0	1	1	1	1	60	100	0	1	true	Ability	1	psn	sitrusberry	0	0	99	0	1		undefined	true	8192	8192	8192	1	2
thermalexchange	onUpdate	976	1	0	61	Ghost	1	1	0	20	0	0	24576	pikachu	1	0	0	1	0	-1	1	2	100	0	0	1	null	Move	0	brn	magoberry	2	-1	0	0	0	log:-activate:0:ability: Thermal Exchange:undefined|cure:0	undefined	false	24576	24576	24576	-1	2
thermalexchange	onUpdate	977	-1	0	60	Ghost	0	1	0	0	20	-1	8	greninjaash	1	0	0	1	0	0	0	2	60	160	1	1	true	Ability	0	psn	magoberry	1	1	1	0	1		undefined	undefined	8	8	8	0	2
thermalexchange	onUpdate	978	1	0	61	Bug	1	0	1	20	-1	0	8192	greninjaash	0	0	1	1	1	1	0	1	0	0	0	0	false	Ability	0	psn	figyberry	1	-1	1	0	1		undefined	false	8192	8192	8192	1	0
thermalexchange	onUpdate	979	0	1	0	Water	0	1	1	100	0	-1	24576	pikachu	0	0	1	1	0	6	0	2	0	0	0	0	false	Ability	1	brn	magoberry	1	1	99	0	0	log:-activate:0:ability: Thermal Exchange:undefined|cure:0	undefined	undefined	24576	24576	24576	6	2
thermalexchange	onUpdate	980	1	0	40	Water	1	1	0	20	100	-1	16384	pikachu	0	0	1	0	0	6	1	2	100	100	1	1	true	Move	0	brn	iapapaberry	2	0	-1	1	0	log:-activate:0:ability: Thermal Exchange:undefined|cure:0	undefined	undefined	16384	16384	16384	6	2
thermalexchange	onUpdate	981	0	0	0	Ghost	0	1	0	10	-1	1	2048	pikachu	1	1	1	0	0	1	0	0	60	0	1	1	0	Ability	1	psn	leftovers	1	1	1	0	0		undefined	true	2048	2048	2048	1	2
thermalexchange	onUpdate	982	-1	1	70	Bug	1	1	1	20	20	-1	0	greninjaash	0	0	0	0	1	0	0	2	100	0	1	0	false	Move	0	brn	sitrusberry	1	1	1	0	0	log:-activate:0:ability: Thermal Exchange:undefined|cure:0	undefined	undefined	0	0	0	0	2
thermalexchange	onUpdate	983	6	0	0	Dark	1	0	1	10	-1	-1	24576	pikachu	0	0	1	0	0	0	0	0	60	160	1	0	undefined	missing	0	psn	iapapaberry	0	-1	-1	0	1		undefined	undefined	24576	24576	24576	0	0
thermalexchange	onUpdate	984	1	1	61	Ghost	0	1	1	100	20	0	16384	pikachu	1	0	1	0	0	1	0	2	0	0	0	0	null	Move	0	brn	iapapaberry	2	1	-1	0	1	log:-activate:0:ability: Thermal Exchange:undefined|cure:0	undefined	false	16384	16384	16384	1	2
thermalexchange	onUpdate	985	-1	1	70	Dark	1	0	0	100	0	-1	16384	greninjaash	1	1	0	1	0	0	0	2	100	0	1	1	true	Ability	1	brn	sitrusberry	2	1	-1	1	1	log:-activate:0:ability: Thermal Exchange:undefined|cure:0	undefined	undefined	16384	16384	16384	0	0
thermalexchange	onUpdate	986	0	0	40	Ghost	0	1	1	0	20	-1	0	greninjaash	0	1	1	1	0	0	1	2	0	0	0	0	true	Ability	0	brn	magoberry	2	-1	1	1	1	log:-activate:0:ability: Thermal Exchange:undefined|cure:0	undefined	undefined	0	0	0	0	2
thermalexchange	onUpdate	987	-1	6	0	Ghost	1	1	1	0	-1	1	8	greninjabond	1	0	0	0	0	-1	0	2	100	100	1	0	0	Move	1	brn	aguavberry	1	1	1	1	0	log:-activate:0:ability: Thermal Exchange:undefined|cure:0	undefined	true	8	8	8	-1	2
thermalexchange	onUpdate	988	-1	0	40	Bug	0	0	0	10	100	1	2048	greninjaash	0	0	0	1	1	1	1	1	60	0	0	0	0	missing	1	brn	figyberry	0	-1	0	1	0	log:-activate:0:ability: Thermal Exchange:undefined|cure:0	undefined	true	2048	2048	2048	1	0
thermalexchange	onUpdate	989	1	0	70	Normal	1	0	0	100	-1	-1	8192	pikachu	0	0	1	1	0	-1	0	0	100	100	1	0	null	Ability	0	brn	leftovers	1	1	1	0	0	log:-activate:0:ability: Thermal Exchange:undefined|cure:0	undefined	undefined	8192	8192	8192	-1	0
thermalexchange	onUpdate	990	0	0	60	Fire	1	1	0	20	-1	-1	0	greninjaash	0	1	1	1	0	1	1	0	60	160	1	1	false	Move	1	psn	sitrusberry	0	-1	-1	1	0		undefined	undefined	0	0	0	1	2
thermalexchange	onUpdate	991	-1	1	60	Dark	1	0	0	0	0	0	0	pikachu	0	0	0	1	0	0	0	1	60	160	0	0	0	Ability	0	brn	wikiberry	2	0	-1	1	0	log:-activate:0:ability: Thermal Exchange:undefined|cure:0	undefined	false	0	0	0	0	0
thermalexchange	onUpdate	992	1	0	60	Fire	1	0	1	0	0	-1	16384	greninjabond	0	1	0	1	0	6	0	2	0	0	1	1	0	Ability	0	brn	figyberry	2	-1	99	0	1	log:-activate:0:ability: Thermal Exchange:undefined|cure:0	undefined	undefined	16384	16384	16384	6	0
thermalexchange	onUpdate	993	-1	0	40	Bug	0	1	0	100	-1	-1	8192	greninjabond	0	0	1	1	1	0	1	2	0	100	0	0	undefined	missing	0	psn	magoberry	1	-1	0	1	1		undefined	undefined	8192	8192	8192	0	2
thermalexchange	onUpdate	994	-1	0	61	Water	0	1	1	20	100	0	16384	greninjabond	0	1	1	1	1	6	0	0	60	160	1	0	false	Ability	1	psn	aguavberry	0	1	1	0	0		undefined	false	16384	16384	16384	6	2
thermalexchange	onUpdate	995	1	1	0	Ghost	1	1	0	0	20	0	8	greninjaash	1	0	1	1	1	1	0	0	0	160	0	1	0	Move	1	psn	aguavberry	1	-1	-1	0	1		undefined	false	8	8	8	1	2
thermalexchange	onUpdate	996	6	1	0	Normal	1	0	1	0	0	0	24576	pikachu	1	1	0	0	1	1	0	2	100	100	1	1	null	Ability	1	brn	figyberry	2	0	1	1	1	log:-activate:0:ability: Thermal Exchange:undefined|cure:0	undefined	false	24576	24576	24576	1	0
thermalexchange	onUpdate	997	-1	6	40	Fire	1	1	0	0	-1	-1	0	greninjaash	1	1	1	1	0	1	1	2	60	0	1	0	undefined	Move	1	brn	aguavberry	1	0	0	1	1	log:-activate:0:ability: Thermal Exchange:undefined|cure:0	undefined	undefined	0	0	0	1	2
thermalexchange	onUpdate	998	1	0	0	Normal	1	0	0	100	-1	0	24576	greninjaash	0	1	1	1	1	1	0	1	60	0	1	1	null	Ability	0	brn	sitrusberry	2	-1	1	0	1	log:-activate:0:ability: Thermal Exchange:undefined|cure:0	undefined	false	24576	24576	24576	1	0
thermalexchange	onUpdate	999	-1	0	61	Water	1	0	1	20	100	1	2048	greninjaash	1	0	0	1	1	-1	0	2	100	0	1	1	false	Ability	0	brn	wikiberry	2	-1	0	0	1	log:-activate:0:ability: Thermal Exchange:undefined|cure:0	undefined	true	2048	2048	2048	-1	0
thermalexchange	onUpdate	1000	1	6	61	Ghost	0	0	0	10	20	1	16384	greninjabond	1	1	0	0	0	0	0	1	0	160	0	0	undefined	Ability	1	brn	leftovers	1	1	1	1	1	log:-activate:0:ability: Thermal Exchange:undefined|cure:0	undefined	true	16384	16384	16384	0	0
thermalexchange	onUpdate	1001	6	1	40	Normal	0	0	1	20	100	-1	2048	greninjaash	1	1	1	0	1	0	0	0	60	100	0	0	true	missing	1	psn	wikiberry	2	-1	99	1	1		undefined	undefined	2048	2048	2048	0	0
thermalexchange	onUpdate	1002	6	1	60	Ghost	0	0	0	0	-1	-1	24576	greninjaash	0	0	0	1	0	1	0	2	0	160	1	0	null	Move	0	brn	leftovers	0	1	1	1	1	log:-activate:0:ability: Thermal Exchange:undefined|cure:0	undefined	undefined	24576	24576	24576	1	0
thermalexchange	onUpdate	1003	0	1	61	Fire	1	1	1	10	20	1	24576	pikachu	1	0	1	1	0	6	1	1	60	0	1	1	false	Ability	0	psn	figyberry	1	1	99	0	0		undefined	true	24576	24576	24576	6	2
thermalexchange	onUpdate	1004	0	1	0	Bug	0	1	0	100	0	-1	8192	pikachu	0	1	1	1	1	0	0	0	0	160	1	0	true	missing	1	brn	aguavberry	0	0	99	1	1	log:-activate:0:ability: Thermal Exchange:undefined|cure:0	undefined	undefined	8192	8192	8192	0	2
thermalexchange	onUpdate	1005	1	0	61	Fire	0	0	0	20	0	-1	8192	pikachu	1	0	1	0	1	0	0	1	100	0	1	1	0	missing	1	psn	sitrusberry	1	0	0	1	1		undefined	undefined	8192	8192	8192	0	0
thermalexchange	onUpdate	1006	6	1	61	Dark	0	0	0	100	0	-1	16384	pikachu	1	1	1	1	0	6	0	0	60	0	1	1	undefined	Ability	1	psn	wikiberry	0	-1	-1	0	1		undefined	undefined	16384	16384	16384	6	0
thermalexchange	onUpdate	1007	0	0	0	Normal	0	0	0	10	-1	-1	2048	greninjabond	1	0	1	0	0	6	0	1	60	160	0	1	null	Move	0	psn	iapapaberry	1	-1	0	0	0		undefined	undefined	2048	2048	2048	6	0
thermalexchange	onUpdate	1008	1	6	40	Ghost	0	1	1	20	0	-1	24576	greninjaash	0	0	1	1	1	6	1	2	60	0	0	1	null	missing	1	brn	iapapaberry	1	-1	0	1	0	log:-activate:0:ability: Thermal Exchange:undefined|cure:0	undefined	undefined	24576	24576	24576	6	2
thermalexchange	onUpdate	1009	6	0	60	Dark	1	1	1	20	-1	0	8192	pikachu	1	0	1	0	1	0	1	2	0	100	0	1	undefined	missing	1	brn	figyberry	2	1	-1	0	1	log:-activate:0:ability: Thermal Exchange:undefined|cure:0	undefined	false	8192	8192	8192	0	2
thermalexchange	onUpdate	1010	1	0	60	Normal	0	0	0	20	20	1	0	greninjaash	0	0	0	1	1	0	1	2	100	0	1	0	false	Move	0	psn	figyberry	1	0	1	1	1		undefined	true	0	0	0	0	0
thermalexchange	onUpdate	1011	-1	6	61	Bug	1	1	0	10	100	1	0	greninjabond	0	0	0	0	0	-1	1	2	60	160	0	0	0	Ability	0	psn	leftovers	2	-1	0	1	1		undefined	true	0	0	0	-1	2
thermalexchange	onUpdate	1012	6	0	70	Normal	0	0	0	20	0	0	24576	greninjaash	1	0	0	0	1	0	0	1	60	160	0	1	null	Ability	0	brn	sitrusberry	0	0	-1	1	0	log:-activate:0:ability: Thermal Exchange:undefined|cure:0	undefined	false	24576	24576	24576	0	0
thermalexchange	onUpdate	1013	6	0	70	Water	1	1	0	100	0	0	24576	greninjaash	0	1	1	0	1	6	1	1	60	100	0	1	undefined	missing	0	brn	magoberry	1	0	0	1	1	log:-activate:0:ability: Thermal Exchange:undefined|cure:0	undefined	false	24576	24576	24576	6	2
thermalexchange	onUpdate	1014	-1	1	61	Ghost	0	1	0	100	100	1	24576	pikachu	1	0	0	1	0	6	1	0	60	0	0	1	0	missing	1	brn	wikiberry	1	1	1	1	0	log:-activate:0:ability: Thermal Exchange:undefined|cure:0	undefined	true	24576	24576	24576	6	2
thermalexchange	onUpdate	1015	1	0	40	Fire	0	0	1	100	0	-1	2048	greninjabond	1	0	0	0	0	1	0	2	100	100	0	0	true	Ability	0	psn	wikiberry	2	1	1	1	1		undefined	undefined	2048	2048	2048	1	0
thermalexchange	onUpdate	1016	6	6	40	Dark	1	1	1	100	100	1	8192	greninjabond	1	1	0	0	1	-1	1	0	60	100	1	0	0	Ability	1	brn	sitrusberry	0	1	-1	1	0	log:-activate:0:ability: Thermal Exchange:undefined|cure:0	undefined	true	8192	8192	8192	-1	2
thermalexchange	onUpdate	1017	6	6	70	Fire	0	0	1	10	20	-1	8192	pikachu	0	1	1	1	0	0	0	1	60	160	0	1	false	Move	0	brn	iapapaberry	1	-1	1	0	1	log:-activate:0:ability: Thermal Exchange:undefined|cure:0	undefined	undefined	8192	8192	8192	0	0
thermalexchange	onUpdate	1018	0	0	60	Bug	0	0	0	0	100	-1	2048	pikachu	0	1	0	1	1	6	0	0	60	160	1	0	0	missing	1	brn	aguavberry	0	1	1	0	0	log:-activate:0:ability: Thermal Exchange:undefined|cure:0	undefined	undefined	2048	2048	2048	6	0
thermalexchange	onUpdate	1019	1	6	61	Bug	0	1	1	20	0	1	2048	greninjabond	0	0	1	0	1	0	1	2	60	100	0	1	false	Ability	0	brn	iapapaberry	0	0	-1	0	0	log:-activate:0:ability: Thermal Exchange:undefined|cure:0	undefined	true	2048	2048	2048	0	2
thermalexchange	onUpdate	1020	0	0	60	Water	1	0	1	10	0	-1	16384	pikachu	0	0	0	1	1	-1	1	0	0	100	1	0	null	missing	0	psn	sitrusberry	1	0	0	1	0		undefined	undefined	16384	16384	16384	-1	0
thermalexchange	onUpdate	1021	0	1	60	Water	0	0	1	10	0	0	0	greninjaash	1	0	0	0	1	0	0	2	0	100	0	0	false	Move	1	brn	figyberry	0	1	-1	0	1	log:-activate:0:ability: Thermal Exchange:undefined|cure:0	undefined	false	0	0	0	0	0
thermalexchange	onUpdate	1022	1	0	0	Bug	0	1	1	100	20	0	8	greninjaash	1	0	0	1	1	-1	0	0	60	100	0	1	null	Ability	0	psn	iapapaberry	2	0	-1	0	0		undefined	false	8	8	8	-1	2
thermalexchange	onUpdate	1023	1	0	40	Dark	0	0	1	20	100	0	0	pikachu	0	0	1	1	1	0	1	1	100	0	1	0	true	Ability	1	brn	sitrusberry	1	1	99	0	0	log:-activate:0:ability: Thermal Exchange:undefined|cure:0	undefined	false	0	0	0	0	0
thermalexchange	onUpdate	1024	6	1	40	Fire	0	0	0	0	-1	1	24576	greninjabond	0	1	0	1	1	1	1	1	100	0	0	1	undefined	Move	0	brn	magoberry	2	-1	99	1	1	log:-activate:0:ability: Thermal Exchange:undefined|cure:0	undefined	true	24576	24576	24576	1	0
thermalexchange	onUpdate	1025	1	1	61	Normal	0	1	1	10	0	-1	0	greninjaash	1	0	1	1	0	0	1	2	0	0	0	1	false	Move	1	psn	iapapaberry	0	-1	99	0	1		undefined	undefined	0	0	0	0	2
thermalexchange	onUpdate	1026	0	6	61	Fire	1	1	0	20	0	1	8	greninjabond	1	1	1	1	0	1	0	1	0	0	0	0	null	Ability	0	psn	figyberry	2	-1	1	1	0		undefined	true	8	8	8	1	2
thermalexchange	onUpdate	1027	0	6	40	Ghost	0	1	1	100	0	0	0	pikachu	0	0	0	1	0	1	1	1	100	0	1	1	null	Move	0	brn	magoberry	2	1	1	0	1	log:-activate:0:ability: Thermal Exchange:undefined|cure:0	undefined	false	0	0	0	1	2
thermalexchange	onUpdate	1028	6	6	40	Fire	0	1	0	0	0	0	16384	greninjabond	0	1	1	0	1	-1	1	2	60	160	0	1	undefined	Move	0	psn	magoberry	0	1	1	0	0		undefined	false	16384	16384	16384	-1	2
thermalexchange	onUpdate	1029	6	0	0	Fire	0	0	1	20	0	-1	24576	greninjaash	0	1	0	1	0	6	0	1	60	100	0	0	undefined	Ability	0	psn	figyberry	2	1	-1	0	1		undefined	undefined	24576	24576	24576	6	0
thermalexchange	onUpdate	1030	6	6	61	Fire	0	0	1	100	-1	1	16384	greninjaash	1	1	0	1	0	-1	0	0	0	0	0	1	0	Move	1	brn	sitrusberry	2	0	1	1	1	log:-activate:0:ability: Thermal Exchange:undefined|cure:0	undefined	true	16384	16384	16384	-1	0
thermalexchange	onUpdate	1031	6	6	70	Dark	1	0	0	0	-1	0	8192	greninjaash	0	0	0	0	0	-1	1	1	0	160	0	1	true	Move	1	brn	sitrusberry	2	1	99	0	1	log:-activate:0:ability: Thermal Exchange:undefined|cure:0	undefined	false	8192	8192	8192	-1	0
thermalexchange	onUpdate	1032	6	0	0	Dark	1	0	1	10	100	1	16384	greninjabond	0	0	1	0	1	6	0	1	0	0	0	0	undefined	Ability	0	brn	sitrusberry	1	0	1	1	1	log:-activate:0:ability: Thermal Exchange:undefined|cure:0	undefined	true	16384	16384	16384	6	0
thermalexchange	onUpdate	1033	1	1	61	Fire	1	1	1	10	20	-1	24576	greninjabond	1	1	1	0	0	0	1	1	60	100	1	0	undefined	missing	0	psn	magoberry	2	1	0	1	1		undefined	undefined	24576	24576	24576	0	2
thermalexchange	onUpdate	1034	-1	1	60	Bug	1	1	1	0	-1	0	0	pikachu	1	1	1	1	1	-1	1	1	60	100	0	0	null	Move	0	brn	leftovers	1	1	1	0	1	log:-activate:0:ability: Thermal Exchange:undefined|cure:0	undefined	false	0	0	0	-1	2
thermalexchange	onUpdate	1035	-1	6	40	Ghost	0	1	0	100	-1	0	2048	greninjabond	1	0	1	1	0	6	1	2	60	100	0	0	null	missing	0	psn	figyberry	0	-1	0	1	0		undefined	false	2048	2048	2048	6	2
thermalexchange	onUpdate	1036	0	0	60	Fire	1	1	1	100	-1	0	2048	greninjabond	1	0	0	1	0	-1	1	1	60	100	0	1	false	missing	0	psn	sitrusberry	2	0	99	0	1		undefined	false	2048	2048	2048	-1	2
thermalexchange	onUpdate	1037	-1	6	0	Ghost	1	1	1	0	100	0	2048	greninjabond	0	0	0	1	0	0	1	0	100	160	0	1	false	Move	1	psn	iapapaberry	2	-1	99	0	1		undefined	false	2048	2048	2048	0	2
thermalexchange	onUpdate	1038	-1	0	70	Water	0	0	1	100	-1	-1	24576	greninjaash	1	1	1	1	1	0	1	1	0	100	1	1	0	missing	1	psn	iapapaberry	2	1	-1	0	0		undefined	undefined	24576	24576	24576	0	0
thermalexchange	onUpdate	1039	-1	0	70	Bug	1	0	1	100	0	0	8192	greninjaash	0	0	1	0	0	6	1	1	0	100	1	1	undefined	missing	1	psn	leftovers	1	0	-1	1	0		undefined	false	8192	8192	8192	6	0
thermalexchange	onUpdate	1040	6	6	40	Fire	0	1	1	20	-1	0	16384	pikachu	1	0	0	1	1	0	0	2	60	100	1	0	0	missing	0	brn	iapapaberry	0	0	0	1	0	log:-activate:0:ability: Thermal Exchange:undefined|cure:0	undefined	false	16384	16384	16384	0	2
thermalexchange	onUpdate	1041	1	6	61	Dark	0	0	0	0	0	-1	16384	pikachu	0	0	0	0	1	0	0	1	60	0	1	0	false	missing	1	brn	iapapaberry	2	0	99	1	1	log:-activate:0:ability: Thermal Exchange:undefined|cure:0	undefined	undefined	16384	16384	16384	0	0
thermalexchange	onUpdate	1042	6	1	61	Ghost	1	0	1	20	100	-1	2048	greninjabond	1	0	1	1	0	6	0	2	100	0	0	0	true	Move	1	psn	figyberry	1	0	1	1	1		undefined	undefined	2048	2048	2048	6	0
thermalexchange	onUpdate	1043	1	6	70	Normal	1	0	1	0	20	-1	0	pikachu	1	1	1	0	1	-1	1	1	0	100	1	0	null	Move	1	psn	sitrusberry	2	-1	-1	0	1		undefined	undefined	0	0	0	-1	0
thermalexchange	onUpdate	1044	-1	1	40	Ghost	0	0	1	100	-1	1	0	greninjaash	0	0	1	0	0	6	0	1	60	160	1	0	undefined	missing	1	psn	leftovers	1	-1	-1	0	1		undefined	true	0	0	0	6	0
thermalexchange	onUpdate	1045	1	0	60	Normal	0	0	1	10	100	1	24576	pikachu	1	1	0	0	0	6	0	2	0	0	0	1	0	Ability	1	brn	wikiberry	2	0	99	1	1	log:-activate:0:ability: Thermal Exchange:undefined|cure:0	undefined	true	24576	24576	24576	6	0
thermalexchange	onUpdate	1046	0	1	70	Dark	1	0	0	100	0	1	8	greninjaash	0	0	1	1	0	1	0	0	60	160	1	1	undefined	missing	0	brn	iapapaberry	2	1	1	1	0	log:-activate:0:ability: Thermal Exchange:undefined|cure:0	undefined	true	8	8	8	1	0
thermalexchange	onUpdate	1047	-1	0	61	Water	1	0	0	10	100	1	24576	greninjabond	1	0	1	1	1	1	1	0	60	160	0	0	false	Move	1	psn	magoberry	2	-1	-1	0	1		undefined	true	24576	24576	24576	1	0
thermalexchange	onUpdate	1048	6	0	61	Fire	1	0	0	0	100	-1	16384	pikachu	0	1	0	0	1	1	0	2	60	160	0	1	null	Ability	0	brn	aguavberry	1	0	-1	0	0	log:-activate:0:ability: Thermal Exchange:undefined|cure:0	undefined	undefined	16384	16384	16384	1	0
thermalexchange	onUpdate	1049	0	6	70	Bug	0	1	0	0	-1	1	24576	greninjaash	1	1	0	0	1	0	1	0	60	0	1	1	null	missing	1	psn	sitrusberry	0	-1	-1	1	1		undefined	true	24576	24576	24576	0	2
thermalexchange	onUpdate	1050	1	6	0	Bug	1	0	1	0	0	0	8192	pikachu	1	0	0	1	1	0	0	0	60	160	1	1	false	Ability	0	brn	leftovers	2	0	99	1	0	log:-activate:0:ability: Thermal Exchange:undefined|cure:0	undefined	false	8192	8192	8192	0	0
thermalexchange	onUpdate	1051	0	6	0	Water	1	0	0	0	100	0	24576	pikachu	1	1	0	1	0	0	0	2	60	100	0	1	false	Move	1	brn	wikiberry	0	-1	1	1	0	log:-activate:0:ability: Thermal Exchange:undefined|cure:0	undefined	false	24576	24576	24576	0	0
thermalexchange	onUpdate	1052	1	1	60	Ghost	0	0	0	20	-1	-1	8	greninjabond	1	1	1	1	0	6	0	0	100	100	0	1	null	missing	1	psn	iapapaberry	0	0	0	0	0		undefined	undefined	8	8	8	6	0
thermalexchange	onUpdate	1053	-1	1	40	Water	0	1	1	100	100	-1	8	pikachu	0	0	0	0	1	0	1	0	60	0	1	1	null	Ability	0	brn	figyberry	0	0	1	1	1	log:-activate:0:ability: Thermal Exchange:undefined|cure:0	undefined	undefined	8	8	8	0	2
thermalexchange	onUpdate	1054	1	1	61	Water	1	1	0	100	100	1	16384	greninjabond	0	0	1	1	1	1	0	0	100	160	1	1	true	Ability	1	psn	aguavberry	1	1	-1	1	1		undefined	true	16384	16384	16384	1	2
thermalexchange	onUpdate	1055	0	0	0	Ghost	0	0	1	0	-1	1	8192	greninjaash	1	0	0	1	0	0	1	0	60	160	1	1	true	missing	1	psn	sitrusberry	0	1	0	0	0		undefined	true	8192	8192	8192	0	0
thermalexchange	onUpdate	1056	6	0	70	Dark	1	0	1	10	20	-1	16384	greninjabond	1	1	1	1	0	-1	1	1	0	0	0	0	0	missing	1	brn	sitrusberry	1	0	99	0	0	log:-activate:0:ability: Thermal Exchange:undefined|cure:0	undefined	undefined	16384	16384	16384	-1	0
thermalexchange	onUpdate	1057	0	0	40	Water	1	0	0	100	100	-1	8192	greninjaash	1	0	0	1	1	0	0	1	60	100	1	1	0	Move	0	psn	magoberry	2	0	1	0	1		undefined	undefined	8192	8192	8192	0	0
thermalexchange	onUpdate	1058	0	0	61	Fire	1	1	0	100	-1	1	0	greninjabond	1	1	0	0	1	-1	1	1	100	0	1	1	true	missing	1	psn	aguavberry	2	-1	99	0	1		undefined	true	0	0	0	-1	2
thermalexchange	onUpdate	1059	-1	1	70	Water	1	0	1	10	100	-1	8192	greninjabond	1	1	1	1	1	1	0	2	100	0	0	1	false	Ability	1	brn	iapapaberry	0	-1	0	1	1	log:-activate:0:ability: Thermal Exchange:undefined|cure:0	undefined	undefined	8192	8192	8192	1	0
thermalexchange	onUpdate	1060	-1	1	0	Dark	1	1	1	10	-1	-1	24576	greninjaash	0	1	0	0	0	1	0	0	0	100	0	0	undefined	Ability	1	psn	aguavberry	1	0	1	0	0		undefined	undefined	24576	24576	24576	1	2
thermalexchange	onUpdate	1061	0	0	0	Ghost	1	0	0	10	20	0	0	greninjabond	0	1	1	1	1	6	0	1	100	160	1	0	0	Move	1	psn	aguavberry	0	1	1	1	1		undefined	false	0	0	0	6	0
thermalexchange	onUpdate	1062	6	1	70	Fire	1	1	0	100	20	1	8192	greninjabond	0	1	0	1	1	6	1	2	60	0	0	1	true	Move	1	brn	wikiberry	0	0	1	0	1	log:-activate:0:ability: Thermal Exchange:undefined|cure:0	undefined	true	8192	8192	8192	6	2
thermalexchange	onUpdate	1063	1	6	61	Dark	0	0	0	100	0	1	24576	pikachu	1	0	1	0	0	-1	1	1	100	160	1	1	null	Move	0	brn	sitrusberry	0	1	0	1	1	log:-activate:0:ability: Thermal Exchange:undefined|cure:0	undefined	true	24576	24576	24576	-1	0
thermalexchange	onUpdate	1064	-1	1	60	Dark	0	1	1	20	0	-1	24576	greninjabond	0	0	0	0	0	1	1	1	60	100	1	1	0	Move	1	brn	aguavberry	2	-1	1	0	1	log:-activate:0:ability: Thermal Exchange:undefined|cure:0	undefined	undefined	24576	24576	24576	1	2
thermalexchange	onUpdate	1065	0	1	60	Ghost	0	1	0	100	-1	0	0	greninjabond	0	1	0	1	0	0	1	2	100	100	1	0	0	missing	1	brn	figyberry	1	-1	99	0	0	log:-activate:0:ability: Thermal Exchange:undefined|cure:0	undefined	false	0	0	0	0	2
thermalexchange	onUpdate	1066	0	0	60	Bug	1	1	0	10	20	0	24576	greninjaash	0	1	0	0	0	6	0	0	100	0	1	1	false	missing	1	psn	iapapaberry	2	-1	99	1	1		undefined	false	24576	24576	24576	6	2
thermalexchange	onUpdate	1067	6	1	0	Dark	0	0	1	10	0	-1	24576	greninjabond	0	1	0	0	1	6	0	2	100	100	1	0	undefined	missing	1	psn	magoberry	1	1	99	0	0		undefined	undefined	24576	24576	24576	6	0
thermalexchange	onUpdate	1068	1	6	61	Fire	0	1	1	0	-1	1	24576	greninjaash	0	0	1	1	0	1	1	0	0	160	1	1	0	missing	0	psn	leftovers	0	1	99	1	1		undefined	true	24576	24576	24576	1	2
thermalexchange	onUpdate	1069	6	6	0	Bug	0	1	0	20	20	-1	8192	pikachu	1	0	1	1	1	0	1	2	0	160	1	0	true	Ability	0	psn	figyberry	1	-1	0	0	1		undefined	undefined	8192	8192	8192	0	2
thermalexchange	onUpdate	1070	0	1	70	Bug	1	0	1	100	-1	1	24576	greninjabond	0	1	0	1	0	6	0	2	60	160	0	1	0	Move	0	brn	magoberry	2	-1	-1	1	0	log:-activate:0:ability: Thermal Exchange:undefined|cure:0	undefined	true	24576	24576	24576	6	0
thermalexchange	onUpdate	1071	1	6	60	Bug	0	0	0	10	100	0	16384	greninjabond	1	0	0	0	1	6	0	0	60	100	0	0	true	Ability	0	brn	wikiberry	2	0	1	0	0	log:-activate:0:ability: Thermal Exchange:undefined|cure:0	undefined	false	16384	16384	16384	6	0
thermalexchange	onUpdate	1072	-1	6	60	Fire	1	1	0	100	20	-1	8192	greninjaash	0	1	0	1	0	6	1	2	60	160	0	0	false	Ability	1	brn	iapapaberry	0	1	0	0	1	log:-activate:0:ability: Thermal Exchange:undefined|cure:0	undefined	undefined	8192	8192	8192	6	2
thermalexchange	onUpdate	1073	-1	1	61	Dark	0	0	0	20	20	1	24576	pikachu	1	0	0	0	0	1	1	2	60	160	1	0	null	Move	0	brn	sitrusberry	2	-1	0	0	0	log:-activate:0:ability: Thermal Exchange:undefined|cure:0	undefined	true	24576	24576	24576	1	0
thermalexchange	onUpdate	1074	-1	0	61	Dark	0	1	0	100	100	-1	8192	greninjabond	0	0	0	0	1	0	1	0	0	100	0	1	null	Move	0	brn	sitrusberry	1	1	99	0	0	log:-activate:0:ability: Thermal Exchange:undefined|cure:0	undefined	undefined	8192	8192	8192	0	2
thermalexchange	onUpdate	1075	0	6	60	Dark	0	0	0	20	-1	0	24576	pikachu	0	1	1	0	0	-1	0	1	0	100	0	0	0	missing	1	psn	aguavberry	0	-1	1	1	1		undefined	false	24576	24576	24576	-1	0
thermalexchange	onUpdate	1076	-1	1	60	Ghost	1	0	0	100	20	0	2048	greninjabond	1	0	1	0	1	0	1	1	0	0	0	0	false	missing	0	psn	sitrusberry	2	-1	-1	1	1		undefined	false	2048	2048	2048	0	0
thermalexchange	onUpdate	1077	0	0	0	Normal	0	0	0	0	20	1	2048	greninjaash	0	1	1	0	0	6	1	1	100	100	1	1	null	Move	1	brn	leftovers	2	1	0	0	1	log:-activate:0:ability: Thermal Exchange:undefined|cure:0	undefined	true	2048	2048	2048	6	0
thermalexchange	onUpdate	1078	1	0	70	Ghost	1	0	1	100	0	-1	0	pikachu	0	1	0	1	1	-1	0	1	0	100	0	1	null	Ability	1	psn	figyberry	0	-1	1	0	0		undefined	undefined	0	0	0	-1	0
thermalexchange	onUpdate	1079	6	6	60	Bug	1	0	1	0	-1	-1	0	pikachu	0	0	1	1	0	1	0	0	100	160	1	0	undefined	Ability	0	psn	aguavberry	0	0	99	0	1		undefined	undefined	0	0	0	1	0
thermalexchange	onUpdate	1080	-1	1	0	Ghost	0	0	1	0	0	-1	8	greninjaash	1	1	1	0	0	0	0	2	100	0	0	1	undefined	Ability	0	psn	aguavberry	2	0	-1	0	0		undefined	undefined	8	8	8	0	0
thermalexchange	onUpdate	1081	-1	1	0	Normal	1	1	0	20	0	0	16384	pikachu	0	1	1	0	0	1	0	2	60	160	0	0	0	missing	1	psn	leftovers	0	0	1	0	0		undefined	false	16384	16384	16384	1	2
thermalexchange	onUpdate	1082	6	6	70	Normal	0	0	1	10	-1	1	2048	pikachu	0	0	1	0	0	-1	1	1	0	0	0	1	true	missing	1	psn	sitrusberry	2	0	99	1	0		undefined	true	2048	2048	2048	-1	0
thermalexchange	onUpdate	1083	-1	1	40	Water	0	0	1	20	-1	1	8192	pikachu	0	1	1	1	1	0	0	2	0	160	1	1	true	Move	0	psn	figyberry	2	0	-1	1	0		undefined	true	8192	8192	8192	0	0
thermalexchange	onUpdate	1084	6	0	0	Ghost	0	1	1	20	20	-1	2048	greninjabond	0	1	0	1	1	0	1	2	100	160	0	1	null	missing	0	psn	wikiberry	1	-1	0	1	0		undefined	undefined	2048	2048	2048	0	2
thermalexchange	onUpdate	1085	1	1	0	Dark	1	1	0	10	-1	0	24576	greninjabond	0	0	1	0	0	0	0	2	0	100	1	1	0	Ability	0	psn	wikiberry	2	0	0	0	1		undefined	false	24576	24576	24576	0	2
thermalexchange	onUpdate	1086	6	0	40	Normal	1	1	1	100	0	0	8192	greninjaash	1	0	0	1	0	-1	1	0	0	100	1	1	true	missing	1	brn	magoberry	0	1	-1	1	1	log:-activate:0:ability: Thermal Exchange:undefined|cure:0	undefined	false	8192	8192	8192	-1	2
thermalexchange	onUpdate	1087	-1	0	0	Normal	1	0	0	20	0	0	0	greninjabond	0	0	1	0	0	0	0	1	100	100	0	1	false	Ability	0	psn	aguavberry	2	0	99	1	0		undefined	false	0	0	0	0	0
thermalexchange	onUpdate	1088	-1	6	40	Ghost	1	0	1	10	20	-1	0	pikachu	0	0	0	1	0	1	0	1	60	160	1	0	true	Move	0	psn	leftovers	1	0	99	1	0		undefined	undefined	0	0	0	1	0
thermalexchange	onUpdate	1089	-1	0	70	Ghost	0	0	1	20	20	-1	8192	pikachu	0	1	1	1	0	1	1	0	60	0	0	1	false	Ability	1	psn	magoberry	1	-1	-1	1	0		undefined	undefined	8192	8192	8192	1	0
thermalexchange	onUpdate	1090	1	6	40	Ghost	0	0	1	100	20	0	24576	pikachu	0	1	1	0	1	1	0	1	100	100	0	1	null	Move	1	brn	leftovers	0	1	99	1	1	log:-activate:0:ability: Thermal Exchange:undefined|cure:0	undefined	false	24576	24576	24576	1	0
thermalexchange	onUpdate	1091	6	1	70	Water	1	0	0	100	20	0	16384	greninjabond	1	1	0	1	1	1	1	0	0	0	0	0	false	Ability	0	brn	leftovers	0	0	99	0	1	log:-activate:0:ability: Thermal Exchange:undefined|cure:0	undefined	false	16384	16384	16384	1	0
thermalexchange	onUpdate	1092	0	1	0	Fire	1	1	1	10	20	0	16384	pikachu	1	1	1	0	1	-1	0	0	0	160	1	0	null	missing	1	psn	wikiberry	1	1	1	1	0		undefined	false	16384	16384	16384	-1	2
thermalexchange	onUpdate	1093	-1	6	60	Ghost	0	0	0	100	-1	1	0	greninjaash	1	0	1	0	0	6	1	0	100	160	1	0	null	missing	0	psn	wikiberry	0	-1	-1	0	1		undefined	true	0	0	0	6	0
thermalexchange	onUpdate	1094	-1	1	60	Fire	0	1	0	100	100	0	8192	greninjabond	1	0	1	1	1	0	0	2	100	100	1	1	null	Move	0	psn	aguavberry	0	0	1	1	0		undefined	false	8192	8192	8192	0	2
thermalexchange	onUpdate	1095	-1	6	40	Ghost	1	0	1	10	100	1	16384	greninjabond	0	0	0	0	1	-1	0	0	0	0	1	1	0	Move	0	brn	sitrusberry	2	0	-1	0	1	log:-activate:0:ability: Thermal Exchange:undefined|cure:0	undefined	true	16384	16384	16384	-1	0
thermalexchange	onUpdate	1096	-1	1	40	Normal	1	1	0	20	0	1	16384	greninjaash	1	0	1	0	1	-1	0	2	100	160	0	1	false	Ability	0	psn	magoberry	0	-1	99	1	1		undefined	true	16384	16384	16384	-1	2
thermalexchange	onUpdate	1097	-1	0	60	Fire	1	1	1	10	100	-1	8192	greninjabond	1	0	1	1	1	1	0	2	60	160	0	1	0	Ability	0	brn	aguavberry	1	-1	0	1	0	log:-activate:0:ability: Thermal Exchange:undefined|cure:0	undefined	undefined	8192	8192	8192	1	2
thermalexchange	onUpdate	1098	0	6	61	Water	0	1	1	10	100	-1	24576	greninjaash	0	1	1	0	1	0	1	2	100	160	1	1	null	Move	0	psn	sitrusberry	2	-1	99	0	1		undefined	undefined	24576	24576	24576	0	2
thermalexchange	onUpdate	1099	0	6	40	Ghost	1	0	1	0	100	1	16384	pikachu	1	1	1	0	0	6	1	0	60	0	1	0	null	Ability	0	brn	sitrusberry	0	0	0	1	0	log:-activate:0:ability: Thermal Exchange:undefined|cure:0	undefined	true	16384	16384	16384	6	0
thermalexchange	onUpdate	1100	6	1	61	Dark	1	0	0	0	20	-1	8192	pikachu	0	0	1	1	1	-1	0	0	60	160	0	1	true	Ability	1	psn	aguavberry	0	1	-1	1	0		undefined	undefined	8192	8192	8192	-1	0
thermalexchange	onUpdate	1101	1	1	40	Normal	0	1	0	0	-1	1	0	greninjabond	0	1	0	1	0	0	0	0	100	160	0	0	false	Move	1	brn	magoberry	2	0	-1	1	1	log:-activate:0:ability: Thermal Exchange:undefined|cure:0	undefined	true	0	0	0	0	2
thermalexchange	onUpdate	1102	0	1	0	Bug	0	1	0	100	20	1	0	greninjaash	1	1	1	1	1	1	0	0	0	100	1	1	0	missing	1	brn	leftovers	2	-1	-1	0	0	log:-activate:0:ability: Thermal Exchange:undefined|cure:0	undefined	true	0	0	0	1	2
thermalexchange	onUpdate	1103	0	0	60	Ghost	0	0	0	100	-1	0	0	pikachu	1	1	1	1	0	6	0	1	0	100	1	0	false	missing	0	brn	wikiberry	0	1	-1	1	0	log:-activate:0:ability: Thermal Exchange:undefined|cure:0	undefined	false	0	0	0	6	0
thermalexchange	onUpdate	1104	0	6	61	Normal	0	0	1	100	100	-1	2048	greninjabond	0	1	1	0	1	0	0	0	0	100	1	0	null	missing	1	psn	wikiberry	2	-1	1	1	1		undefined	undefined	2048	2048	2048	0	0
thermalexchange	onUpdate	1105	6	0	40	Water	1	0	1	10	-1	1	0	greninjaash	0	1	1	0	1	1	1	0	0	0	0	0	undefined	Move	1	brn	leftovers	1	-1	99	1	0	log:-activate:0:ability: Thermal Exchange:undefined|cure:0	undefined	true	0	0	0	1	0
thermalexchange	onUpdate	1106	0	6	0	Fire	0	1	0	100	0	0	16384	greninjaash	1	1	0	0	0	6	1	2	100	100	1	1	undefined	Move	1	brn	sitrusberry	2	1	99	1	0	log:-activate:0:ability: Thermal Exchange:undefined|cure:0	undefined	false	16384	16384	16384	6	2
thermalexchange	onUpdate	1107	-1	0	61	Dark	1	0	0	0	100	1	2048	greninjabond	1	1	0	0	1	-1	1	2	100	0	1	1	undefined	Ability	0	psn	figyberry	0	0	-1	1	1		undefined	true	2048	2048	2048	-1	0
thermalexchange	onUpdate	1108	0	1	60	Dark	0	0	1	100	20	0	24576	greninjabond	1	1	0	1	1	-1	0	1	60	160	0	0	true	Ability	1	psn	sitrusberry	1	-1	0	0	1		undefined	false	24576	24576	24576	-1	0
thermalexchange	onUpdate	1109	-1	1	70	Water	1	0	1	20	0	1	8192	greninjaash	0	0	0	1	1	6	1	0	60	100	0	0	0	Ability	0	brn	aguavberry	1	1	99	1	1	log:-activate:0:ability: Thermal Exchange:undefined|cure:0	undefined	true	8192	8192	8192	6	0
thermalexchange	onUpdate	1110	6	0	60	Ghost	0	0	0	100	-1	1	8	pikachu	1	1	1	1	0	1	1	0	0	100	0	1	undefined	Ability	1	psn	sitrusberry	2	1	99	1	1		undefined	true	8	8	8	1	0
thermalexchange	onUpdate	1111	1	0	0	Water	0	1	0	20	0	0	2048	greninjaash	1	1	0	1	1	1	1	2	60	160	0	1	true	missing	1	brn	figyberry	1	1	0	1	0	log:-activate:0:ability: Thermal Exchange:undefined|cure:0	undefined	false	2048	2048	2048	1	2
thermalexchange	onUpdate	1112	0	1	60	Water	1	0	0	0	-1	0	8	pikachu	0	1	0	1	1	6	1	2	100	0	1	1	0	Ability	1	psn	magoberry	2	-1	0	1	0		undefined	false	8	8	8	6	0
thermalexchange	onUpdate	1113	6	0	70	Water	0	1	1	0	100	1	8	greninjabond	0	0	1	0	1	1	1	1	100	100	0	0	false	Ability	0	psn	figyberry	0	1	0	0	0		undefined	true	8	8	8	1	2
thermalexchange	onUpdate	1114	-1	0	0	Water	1	0	0	10	-1	0	8192	greninjaash	1	0	0	0	1	1	0	0	60	0	1	1	0	Move	1	psn	sitrusberry	1	1	99	0	0		undefined	false	8192	8192	8192	1	0
thermalexchange	onUpdate	1115	6	6	60	Bug	0	0	0	10	0	1	16384	greninjabond	0	1	1	1	1	0	1	2	60	100	0	1	0	missing	0	psn	magoberry	0	0	99	0	1		undefined	true	16384	16384	16384	0	0
thermalexchange	onUpdate	1116	6	1	70	Fire	1	1	1	20	20	-1	8192	pikachu	1	1	1	0	0	6	0	0	60	100	1	1	0	missing	0	psn	wikiberry	0	1	1	0	1		undefined	undefined	8192	8192	8192	6	2
thermalexchange	onUpdate	1117	0	1	0	Ghost	0	1	1	0	0	1	2048	greninjabond	1	1	0	0	1	0	1	2	60	160	0	1	null	Move	1	psn	wikiberry	1	0	99	1	1		undefined	true	2048	2048	2048	0	2
thermalexchange	onUpdate	1118	-1	6	70	Normal	0	0	1	100	0	0	8	pikachu	1	0	0	0	1	6	0	0	60	100	0	0	true	missing	0	brn	magoberry	2	0	0	0	1	log:-activate:0:ability: Thermal Exchange:undefined|cure:0	undefined	false	8	8	8	6	0
thermalexchange	onUpdate	1119	6	6	60	Bug	0	1	1	10	100	1	8	greninjaash	1	1	1	0	1	1	1	2	100	160	1	1	undefined	Move	1	psn	magoberry	2	-1	0	0	1		undefined	true	8	8	8	1	2
thermalexchange	onUpdate	1120	0	1	70	Water	0	1	0	10	100	0	8192	greninjaash	1	0	1	0	1	-1	1	1	60	100	0	0	null	Ability	1	psn	sitrusberry	2	1	-1	1	0		undefined	false	8192	8192	8192	-1	2
thermalexchange	onUpdate	1121	6	6	40	Ghost	1	0	1	0	0	0	2048	pikachu	1	1	0	0	0	1	0	1	0	100	1	1	0	Move	1	brn	aguavberry	2	0	1	0	0	log:-activate:0:ability: Thermal Exchange:undefined|cure:0	undefined	false	2048	2048	2048	1	0
thermalexchange	onUpdate	1122	6	0	40	Fire	1	0	0	100	20	1	8	greninjabond	1	0	0	0	0	-1	1	2	100	0	0	1	null	missing	0	brn	wikiberry	1	-1	99	1	1	log:-activate:0:ability: Thermal Exchange:undefined|cure:0	undefined	true	8	8	8	-1	0
thermalexchange	onUpdate	1123	0	1	40	Water	0	0	1	10	-1	-1	2048	pikachu	0	1	0	0	0	6	1	0	0	0	1	0	false	Move	0	brn	figyberry	2	0	0	1	0	log:-activate:0:ability: Thermal Exchange:undefined|cure:0	undefined	undefined	2048	2048	2048	6	0
thermalexchange	onUpdate	1124	1	0	40	Fire	0	1	0	10	100	0	16384	greninjabond	0	0	1	1	0	6	1	1	100	0	0	0	null	missing	0	psn	aguavberry	2	-1	99	0	0		undefined	false	16384	16384	16384	6	2
thermalexchange	onUpdate	1125	6	6	70	Bug	0	0	1	10	0	-1	8192	greninjaash	0	0	0	0	1	6	0	2	60	0	0	1	0	Move	0	psn	leftovers	0	0	1	0	0		undefined	undefined	8192	8192	8192	6	0
thermalexchange	onUpdate	1126	0	6	60	Dark	0	1	1	0	0	-1	2048	greninjaash	1	0	0	0	0	6	1	1	100	160	0	0	0	Ability	1	psn	figyberry	0	1	99	1	0		undefined	undefined	2048	2048	2048	6	2
thermalexchange	onUpdate	1127	6	0	61	Ghost	0	1	0	100	20	-1	8192	greninjaash	0	1	1	0	0	0	1	1	0	0	0	0	false	Ability	1	psn	wikiberry	2	1	1	1	0		undefined	undefined	8192	8192	8192	0	2
thermalexchange	onUpdate	1128	0	6	40	Water	1	1	1	20	-1	-1	24576	greninjabond	0	0	1	1	1	1	1	1	60	160	1	1	undefined	Move	0	psn	sitrusberry	0	1	99	0	0		undefined	undefined	24576	24576	24576	1	2
thermalexchange	onUpdate	1129	1	6	40	Fire	1	1	0	100	20	0	8	pikachu	0	0	0	1	0	1	1	0	100	0	1	1	null	missing	0	brn	leftovers	1	-1	-1	0	0	log:-activate:0:ability: Thermal Exchange:undefined|cure:0	undefined	false	8	8	8	1	2
thermalexchange	onUpdate	1130	1	1	61	Bug	1	1	1	10	0	1	0	greninjaash	1	1	1	0	1	6	1	1	60	160	0	1	null	missing	1	psn	iapapaberry	1	1	99	0	0		undefined	true	0	0	0	6	2
thermalexchange	onSetStatus	0	6	0	40	Fire	1	0	0	100	20	-1	0	greninjabond	1	1	0	0	0	-1	0	2	100	100	0	0	true	Move	1	brn	sitrusberry	1	-1	-1	1	1	log:-immune:0:[from] ability: Thermal Exchange:undefined	false	undefined	0	0	0	-1	0
thermalexchange	onSetStatus	1	6	0	40	Fire	1	0	0	100	20	-1	0	greninjabond	1	1	0	0	0	-1	0	2	100	100	0	0	true	Move	1	brn	sitrusberry	1	-1	-1	1	1	log:-immune:0:[from] ability: Thermal Exchange:undefined	false	undefined	0	0	0	-1	0
thermalexchange	onSetStatus	2	1	0	40	Fire	1	0	0	100	20	-1	0	greninjabond	1	1	0	0	0	-1	0	2	100	100	0	0	true	Move	1	brn	sitrusberry	1	-1	-1	1	1	log:-immune:0:[from] ability: Thermal Exchange:undefined	false	undefined	0	0	0	-1	0
thermalexchange	onSetStatus	3	0	0	40	Fire	1	0	0	100	20	-1	0	greninjabond	1	1	0	0	0	-1	0	2	100	100	0	0	true	Move	1	brn	sitrusberry	1	-1	-1	1	1	log:-immune:0:[from] ability: Thermal Exchange:undefined	false	undefined	0	0	0	-1	0
thermalexchange	onSetStatus	4	-1	0	40	Fire	1	0	0	100	20	-1	0	greninjabond	1	1	0	0	0	-1	0	2	100	100	0	0	true	Move	1	brn	sitrusberry	1	-1	-1	1	1	log:-immune:0:[from] ability: Thermal Exchange:undefined	false	undefined	0	0	0	-1	0
thermalexchange	onSetStatus	5	6	0	40	Fire	1	0	0	100	20	-1	0	greninjabond	1	1	0	0	0	-1	0	2	100	100	0	0	true	Move	1	brn	sitrusberry	1	-1	-1	1	1	log:-immune:0:[from] ability: Thermal Exchange:undefined	false	undefined	0	0	0	-1	0
thermalexchange	onSetStatus	6	6	1	40	Fire	1	0	0	100	20	-1	0	greninjabond	1	1	0	0	0	-1	0	2	100	100	0	0	true	Move	1	brn	sitrusberry	1	-1	-1	1	1	log:-immune:0:[from] ability: Thermal Exchange:undefined	false	undefined	0	0	0	-1	0
thermalexchange	onSetStatus	7	6	6	40	Fire	1	0	0	100	20	-1	0	greninjabond	1	1	0	0	0	-1	0	2	100	100	0	0	true	Move	1	brn	sitrusberry	1	-1	-1	1	1	log:-immune:0:[from] ability: Thermal Exchange:undefined	false	undefined	0	0	0	-1	0
thermalexchange	onSetStatus	8	6	0	40	Fire	1	0	0	100	20	-1	0	greninjabond	1	1	0	0	0	-1	0	2	100	100	0	0	true	Move	1	brn	sitrusberry	1	-1	-1	1	1	log:-immune:0:[from] ability: Thermal Exchange:undefined	false	undefined	0	0	0	-1	0
thermalexchange	onSetStatus	9	6	0	0	Fire	1	0	0	100	20	-1	0	greninjabond	1	1	0	0	0	-1	0	2	100	100	0	0	true	Move	1	brn	sitrusberry	1	-1	-1	1	1	log:-immune:0:[from] ability: Thermal Exchange:undefined	false	undefined	0	0	0	-1	0
thermalexchange	onSetStatus	10	6	0	60	Fire	1	0	0	100	20	-1	0	greninjabond	1	1	0	0	0	-1	0	2	100	100	0	0	true	Move	1	brn	sitrusberry	1	-1	-1	1	1	log:-immune:0:[from] ability: Thermal Exchange:undefined	false	undefined	0	0	0	-1	0
thermalexchange	onSetStatus	11	6	0	61	Fire	1	0	0	100	20	-1	0	greninjabond	1	1	0	0	0	-1	0	2	100	100	0	0	true	Move	1	brn	sitrusberry	1	-1	-1	1	1	log:-immune:0:[from] ability: Thermal Exchange:undefined	false	undefined	0	0	0	-1	0
thermalexchange	onSetStatus	12	6	0	70	Fire	1	0	0	100	20	-1	0	greninjabond	1	1	0	0	0	-1	0	2	100	100	0	0	true	Move	1	brn	sitrusberry	1	-1	-1	1	1	log:-immune:0:[from] ability: Thermal Exchange:undefined	false	undefined	0	0	0	-1	0
thermalexchange	onSetStatus	13	6	0	40	Fire	1	0	0	100	20	-1	0	greninjabond	1	1	0	0	0	-1	0	2	100	100	0	0	true	Move	1	brn	sitrusberry	1	-1	-1	1	1	log:-immune:0:[from] ability: Thermal Exchange:undefined	false	undefined	0	0	0	-1	0
thermalexchange	onSetStatus	14	6	0	40	Water	1	0	0	100	20	-1	0	greninjabond	1	1	0	0	0	-1	0	2	100	100	0	0	true	Move	1	brn	sitrusberry	1	-1	-1	1	1	log:-immune:0:[from] ability: Thermal Exchange:undefined	false	undefined	0	0	0	-1	0
thermalexchange	onSetStatus	15	6	0	40	Dark	1	0	0	100	20	-1	0	greninjabond	1	1	0	0	0	-1	0	2	100	100	0	0	true	Move	1	brn	sitrusberry	1	-1	-1	1	1	log:-immune:0:[from] ability: Thermal Exchange:undefined	false	undefined	0	0	0	-1	0
thermalexchange	onSetStatus	16	6	0	40	Bug	1	0	0	100	20	-1	0	greninjabond	1	1	0	0	0	-1	0	2	100	100	0	0	true	Move	1	brn	sitrusberry	1	-1	-1	1	1	log:-immune:0:[from] ability: Thermal Exchange:undefined	false	undefined	0	0	0	-1	0
thermalexchange	onSetStatus	17	6	0	40	Ghost	1	0	0	100	20	-1	0	greninjabond	1	1	0	0	0	-1	0	2	100	100	0	0	true	Move	1	brn	sitrusberry	1	-1	-1	1	1	log:-immune:0:[from] ability: Thermal Exchange:undefined	false	undefined	0	0	0	-1	0
thermalexchange	onSetStatus	18	6	0	40	Normal	1	0	0	100	20	-1	0	greninjabond	1	1	0	0	0	-1	0	2	100	100	0	0	true	Move	1	brn	sitrusberry	1	-1	-1	1	1	log:-immune:0:[from] ability: Thermal Exchange:undefined	false	undefined	0	0	0	-1	0
thermalexchange	onSetStatus	19	6	0	40	Fire	1	0	0	100	20	-1	0	greninjabond	1	1	0	0	0	-1	0	2	100	100	0	0	true	Move	1	brn	sitrusberry	1	-1	-1	1	1	log:-immune:0:[from] ability: Thermal Exchange:undefined	false	undefined	0	0	0	-1	0
thermalexchange	onSetStatus	20	6	0	40	Fire	0	0	0	100	20	-1	0	greninjabond	1	1	0	0	0	-1	0	2	100	100	0	0	true	Move	1	brn	sitrusberry	1	-1	-1	1	1	log:-immune:0:[from] ability: Thermal Exchange:undefined	false	undefined	0	0	0	-1	0
thermalexchange	onSetStatus	21	6	0	40	Fire	1	0	0	100	20	-1	0	greninjabond	1	1	0	0	0	-1	0	2	100	100	0	0	true	Move	1	brn	sitrusberry	1	-1	-1	1	1	log:-immune:0:[from] ability: Thermal Exchange:undefined	false	undefined	0	0	0	-1	0
thermalexchange	onSetStatus	22	6	0	40	Fire	1	1	0	100	20	-1	0	greninjabond	1	1	0	0	0	-1	0	2	100	100	0	0	true	Move	1	brn	sitrusberry	1	-1	-1	1	1	log:-immune:0:[from] ability: Thermal Exchange:undefined	false	undefined	0	0	0	-1	2
thermalexchange	onSetStatus	23	6	0	40	Fire	1	0	0	100	20	-1	0	greninjabond	1	1	0	0	0	-1	0	2	100	100	0	0	true	Move	1	brn	sitrusberry	1	-1	-1	1	1	log:-immune:0:[from] ability: Thermal Exchange:undefined	false	undefined	0	0	0	-1	0
thermalexchange	onSetStatus	24	6	0	40	Fire	1	0	1	100	20	-1	0	greninjabond	1	1	0	0	0	-1	0	2	100	100	0	0	true	Move	1	brn	sitrusberry	1	-1	-1	1	1	log:-immune:0:[from] ability: Thermal Exchange:undefined	false	undefined	0	0	0	-1	0
thermalexchange	onSetStatus	25	6	0	40	Fire	1	0	0	100	20	-1	0	greninjabond	1	1	0	0	0	-1	0	2	100	100	0	0	true	Move	1	brn	sitrusberry	1	-1	-1	1	1	log:-immune:0:[from] ability: Thermal Exchange:undefined	false	undefined	0	0	0	-1	0
thermalexchange	onSetStatus	26	6	0	40	Fire	1	0	0	0	20	-1	0	greninjabond	1	1	0	0	0	-1	0	2	100	100	0	0	true	Move	1	brn	sitrusberry	1	-1	-1	1	1	log:-immune:0:[from] ability: Thermal Exchange:undefined	false	undefined	0	0	0	-1	0
thermalexchange	onSetStatus	27	6	0	40	Fire	1	0	0	10	20	-1	0	greninjabond	1	1	0	0	0	-1	0	2	100	100	0	0	true	Move	1	brn	sitrusberry	1	-1	-1	1	1	log:-immune:0:[from] ability: Thermal Exchange:undefined	false	undefined	0	0	0	-1	0
thermalexchange	onSetStatus	28	6	0	40	Fire	1	0	0	20	20	-1	0	greninjabond	1	1	0	0	0	-1	0	2	100	100	0	0	true	Move	1	brn	sitrusberry	1	-1	-1	1	1	log:-immune:0:[from] ability: Thermal Exchange:undefined	false	undefined	0	0	0	-1	0
thermalexchange	onSetStatus	29	6	0	40	Fire	1	0	0	100	20	-1	0	greninjabond	1	1	0	0	0	-1	0	2	100	100	0	0	true	Move	1	brn	sitrusberry	1	-1	-1	1	1	log:-immune:0:[from] ability: Thermal Exchange:undefined	false	undefined	0	0	0	-1	0
thermalexchange	onSetStatus	30	6	0	40	Fire	1	0	0	100	-1	-1	0	greninjabond	1	1	0	0	0	-1	0	2	100	100	0	0	true	Move	1	brn	sitrusberry	1	-1	-1	1	1	log:-immune:0:[from] ability: Thermal Exchange:undefined	false	undefined	0	0	0	-1	0
thermalexchange	onSetStatus	31	6	0	40	Fire	1	0	0	100	0	-1	0	greninjabond	1	1	0	0	0	-1	0	2	100	100	0	0	true	Move	1	brn	sitrusberry	1	-1	-1	1	1	log:-immune:0:[from] ability: Thermal Exchange:undefined	false	undefined	0	0	0	-1	0
thermalexchange	onSetStatus	32	6	0	40	Fire	1	0	0	100	100	-1	0	greninjabond	1	1	0	0	0	-1	0	2	100	100	0	0	true	Move	1	brn	sitrusberry	1	-1	-1	1	1	log:-immune:0:[from] ability: Thermal Exchange:undefined	false	undefined	0	0	0	-1	0
thermalexchange	onSetStatus	33	6	0	40	Fire	1	0	0	100	20	-1	0	greninjabond	1	1	0	0	0	-1	0	2	100	100	0	0	true	Move	1	brn	sitrusberry	1	-1	-1	1	1	log:-immune:0:[from] ability: Thermal Exchange:undefined	false	undefined	0	0	0	-1	0
thermalexchange	onSetStatus	34	6	0	40	Fire	1	0	0	100	20	0	0	greninjabond	1	1	0	0	0	-1	0	2	100	100	0	0	true	Move	1	brn	sitrusberry	1	-1	-1	1	1	log:-immune:0:[from] ability: Thermal Exchange:undefined	false	false	0	0	0	-1	0
thermalexchange	onSetStatus	35	6	0	40	Fire	1	0	0	100	20	1	0	greninjabond	1	1	0	0	0	-1	0	2	100	100	0	0	true	Move	1	brn	sitrusberry	1	-1	-1	1	1	log:-immune:0:[from] ability: Thermal Exchange:undefined	false	true	0	0	0	-1	0
thermalexchange	onSetStatus	36	6	0	40	Fire	1	0	0	100	20	-1	0	greninjabond	1	1	0	0	0	-1	0	2	100	100	0	0	true	Move	1	brn	sitrusberry	1	-1	-1	1	1	log:-immune:0:[from] ability: Thermal Exchange:undefined	false	undefined	0	0	0	-1	0
thermalexchange	onSetStatus	37	6	0	40	Fire	1	0	0	100	20	-1	8	greninjabond	1	1	0	0	0	-1	0	2	100	100	0	0	true	Move	1	brn	sitrusberry	1	-1	-1	1	1	log:-immune:0:[from] ability: Thermal Exchange:undefined	false	undefined	8	8	8	-1	0
thermalexchange	onSetStatus	38	6	0	40	Fire	1	0	0	100	20	-1	2048	greninjabond	1	1	0	0	0	-1	0	2	100	100	0	0	true	Move	1	brn	sitrusberry	1	-1	-1	1	1	log:-immune:0:[from] ability: Thermal Exchange:undefined	false	undefined	2048	2048	2048	-1	0
thermalexchange	onSetStatus	39	6	0	40	Fire	1	0	0	100	20	-1	8192	greninjabond	1	1	0	0	0	-1	0	2	100	100	0	0	true	Move	1	brn	sitrusberry	1	-1	-1	1	1	log:-immune:0:[from] ability: Thermal Exchange:undefined	false	undefined	8192	8192	8192	-1	0
thermalexchange	onSetStatus	40	6	0	40	Fire	1	0	0	100	20	-1	16384	greninjabond	1	1	0	0	0	-1	0	2	100	100	0	0	true	Move	1	brn	sitrusberry	1	-1	-1	1	1	log:-immune:0:[from] ability: Thermal Exchange:undefined	false	undefined	16384	16384	16384	-1	0
thermalexchange	onSetStatus	41	6	0	40	Fire	1	0	0	100	20	-1	24576	greninjabond	1	1	0	0	0	-1	0	2	100	100	0	0	true	Move	1	brn	sitrusberry	1	-1	-1	1	1	log:-immune:0:[from] ability: Thermal Exchange:undefined	false	undefined	24576	24576	24576	-1	0
thermalexchange	onSetStatus	42	6	0	40	Fire	1	0	0	100	20	-1	0	greninjabond	1	1	0	0	0	-1	0	2	100	100	0	0	true	Move	1	brn	sitrusberry	1	-1	-1	1	1	log:-immune:0:[from] ability: Thermal Exchange:undefined	false	undefined	0	0	0	-1	0
thermalexchange	onSetStatus	43	6	0	40	Fire	1	0	0	100	20	-1	0	greninjaash	1	1	0	0	0	-1	0	2	100	100	0	0	true	Move	1	brn	sitrusberry	1	-1	-1	1	1	log:-immune:0:[from] ability: Thermal Exchange:undefined	false	undefined	0	0	0	-1	0
thermalexchange	onSetStatus	44	6	0	40	Fire	1	0	0	100	20	-1	0	pikachu	1	1	0	0	0	-1	0	2	100	100	0	0	true	Move	1	brn	sitrusberry	1	-1	-1	1	1	log:-immune:0:[from] ability: Thermal Exchange:undefined	false	undefined	0	0	0	-1	0
thermalexchange	onSetStatus	45	6	0	40	Fire	1	0	0	100	20	-1	0	greninjabond	1	1	0	0	0	-1	0	2	100	100	0	0	true	Move	1	brn	sitrusberry	1	-1	-1	1	1	log:-immune:0:[from] ability: Thermal Exchange:undefined	false	undefined	0	0	0	-1	0
thermalexchange	onSetStatus	46	6	0	40	Fire	1	0	0	100	20	-1	0	greninjabond	0	1	0	0	0	-1	0	2	100	100	0	0	true	Move	1	brn	sitrusberry	1	-1	-1	1	1	log:-immune:0:[from] ability: Thermal Exchange:undefined	false	undefined	0	0	0	-1	0
thermalexchange	onSetStatus	47	6	0	40	Fire	1	0	0	100	20	-1	0	greninjabond	1	1	0	0	0	-1	0	2	100	100	0	0	true	Move	1	brn	sitrusberry	1	-1	-1	1	1	log:-immune:0:[from] ability: Thermal Exchange:undefined	false	undefined	0	0	0	-1	0
thermalexchange	onSetStatus	48	6	0	40	Fire	1	0	0	100	20	-1	0	greninjabond	1	0	0	0	0	-1	0	2	100	100	0	0	true	Move	1	brn	sitrusberry	1	-1	-1	1	1	log:-immune:0:[from] ability: Thermal Exchange:undefined	false	undefined	0	0	0	-1	0
thermalexchange	onSetStatus	49	6	0	40	Fire	1	0	0	100	20	-1	0	greninjabond	1	1	0	0	0	-1	0	2	100	100	0	0	true	Move	1	brn	sitrusberry	1	-1	-1	1	1	log:-immune:0:[from] ability: Thermal Exchange:undefined	false	undefined	0	0	0	-1	0
thermalexchange	onSetStatus	50	6	0	40	Fire	1	0	0	100	20	-1	0	greninjabond	1	1	1	0	0	-1	0	2	100	100	0	0	true	Move	1	brn	sitrusberry	1	-1	-1	1	1	log:-immune:0:[from] ability: Thermal Exchange:undefined	false	undefined	0	0	0	-1	0
thermalexchange	onSetStatus	51	6	0	40	Fire	1	0	0	100	20	-1	0	greninjabond	1	1	0	0	0	-1	0	2	100	100	0	0	true	Move	1	brn	sitrusberry	1	-1	-1	1	1	log:-immune:0:[from] ability: Thermal Exchange:undefined	false	undefined	0	0	0	-1	0
thermalexchange	onSetStatus	52	6	0	40	Fire	1	0	0	100	20	-1	0	greninjabond	1	1	0	1	0	-1	0	2	100	100	0	0	true	Move	1	brn	sitrusberry	1	-1	-1	1	1	log:-immune:0:[from] ability: Thermal Exchange:undefined	false	undefined	0	0	0	-1	0
thermalexchange	onSetStatus	53	6	0	40	Fire	1	0	0	100	20	-1	0	greninjabond	1	1	0	0	0	-1	0	2	100	100	0	0	true	Move	1	brn	sitrusberry	1	-1	-1	1	1	log:-immune:0:[from] ability: Thermal Exchange:undefined	false	undefined	0	0	0	-1	0
thermalexchange	onSetStatus	54	6	0	40	Fire	1	0	0	100	20	-1	0	greninjabond	1	1	0	0	1	-1	0	2	100	100	0	0	true	Move	1	brn	sitrusberry	1	-1	-1	1	1	log:-immune:0:[from] ability: Thermal Exchange:undefined	false	undefined	0	0	0	-1	0
thermalexchange	onSetStatus	55	6	0	40	Fire	1	0	0	100	20	-1	0	greninjabond	1	1	0	0	0	-1	0	2	100	100	0	0	true	Move	1	brn	sitrusberry	1	-1	-1	1	1	log:-immune:0:[from] ability: Thermal Exchange:undefined	false	undefined	0	0	0	-1	0
thermalexchange	onSetStatus	56	6	0	40	Fire	1	0	0	100	20	-1	0	greninjabond	1	1	0	0	0	0	0	2	100	100	0	0	true	Move	1	brn	sitrusberry	1	-1	-1	1	1	log:-immune:0:[from] ability: Thermal Exchange:undefined	false	undefined	0	0	0	0	0
thermalexchange	onSetStatus	57	6	0	40	Fire	1	0	0	100	20	-1	0	greninjabond	1	1	0	0	0	1	0	2	100	100	0	0	true	Move	1	brn	sitrusberry	1	-1	-1	1	1	log:-immune:0:[from] ability: Thermal Exchange:undefined	false	undefined	0	0	0	1	0
thermalexchange	onSetStatus	58	6	0	40	Fire	1	0	0	100	20	-1	0	greninjabond	1	1	0	0	0	6	0	2	100	100	0	0	true	Move	1	brn	sitrusberry	1	-1	-1	1	1	log:-immune:0:[from] ability: Thermal Exchange:undefined	false	undefined	0	0	0	6	0
thermalexchange	onSetStatus	59	6	0	40	Fire	1	0	0	100	20	-1	0	greninjabond	1	1	0	0	0	-1	0	2	100	100	0	0	true	Move	1	brn	sitrusberry	1	-1	-1	1	1	log:-immune:0:[from] ability: Thermal Exchange:undefined	false	undefined	0	0	0	-1	0
thermalexchange	onSetStatus	60	6	0	40	Fire	1	0	0	100	20	-1	0	greninjabond	1	1	0	0	0	-1	1	2	100	100	0	0	true	Move	1	brn	sitrusberry	1	-1	-1	1	1	log:-immune:0:[from] ability: Thermal Exchange:undefined	false	undefined	0	0	0	-1	0
thermalexchange	onSetStatus	61	6	0	40	Fire	1	0	0	100	20	-1	0	greninjabond	1	1	0	0	0	-1	0	2	100	100	0	0	true	Move	1	brn	sitrusberry	1	-1	-1	1	1	log:-immune:0:[from] ability: Thermal Exchange:undefined	false	undefined	0	0	0	-1	0
thermalexchange	onSetStatus	62	6	0	40	Fire	1	0	0	100	20	-1	0	greninjabond	1	1	0	0	0	-1	0	0	100	100	0	0	true	Move	1	brn	sitrusberry	1	-1	-1	1	1	log:-immune:0:[from] ability: Thermal Exchange:undefined	false	undefined	0	0	0	-1	0
thermalexchange	onSetStatus	63	6	0	40	Fire	1	0	0	100	20	-1	0	greninjabond	1	1	0	0	0	-1	0	1	100	100	0	0	true	Move	1	brn	sitrusberry	1	-1	-1	1	1	log:-immune:0:[from] ability: Thermal Exchange:undefined	false	undefined	0	0	0	-1	0
thermalexchange	onSetStatus	64	6	0	40	Fire	1	0	0	100	20	-1	0	greninjabond	1	1	0	0	0	-1	0	2	100	100	0	0	true	Move	1	brn	sitrusberry	1	-1	-1	1	1	log:-immune:0:[from] ability: Thermal Exchange:undefined	false	undefined	0	0	0	-1	0
thermalexchange	onSetStatus	65	6	0	40	Fire	1	0	0	100	20	-1	0	greninjabond	1	1	0	0	0	-1	0	2	0	100	0	0	true	Move	1	brn	sitrusberry	1	-1	-1	1	1	log:-immune:0:[from] ability: Thermal Exchange:undefined	false	undefined	0	0	0	-1	0
thermalexchange	onSetStatus	66	6	0	40	Fire	1	0	0	100	20	-1	0	greninjabond	1	1	0	0	0	-1	0	2	60	100	0	0	true	Move	1	brn	sitrusberry	1	-1	-1	1	1	log:-immune:0:[from] ability: Thermal Exchange:undefined	false	undefined	0	0	0	-1	0
thermalexchange	onSetStatus	67	6	0	40	Fire	1	0	0	100	20	-1	0	greninjabond	1	1	0	0	0	-1	0	2	100	100	0	0	true	Move	1	brn	sitrusberry	1	-1	-1	1	1	log:-immune:0:[from] ability: Thermal Exchange:undefined	false	undefined	0	0	0	-1	0
thermalexchange	onSetStatus	68	6	0	40	Fire	1	0	0	100	20	-1	0	greninjabond	1	1	0	0	0	-1	0	2	100	0	0	0	true	Move	1	brn	sitrusberry	1	-1	-1	1	1	log:-immune:0:[from] ability: Thermal Exchange:undefined	false	undefined	0	0	0	-1	0
thermalexchange	onSetStatus	69	6	0	40	Fire	1	0	0	100	20	-1	0	greninjabond	1	1	0	0	0	-1	0	2	100	160	0	0	true	Move	1	brn	sitrusberry	1	-1	-1	1	1	log:-immune:0:[from] ability: Thermal Exchange:undefined	false	undefined	0	0	0	-1	0
thermalexchange	onSetStatus	70	6	0	40	Fire	1	0	0	100	20	-1	0	greninjabond	1	1	0	0	0	-1	0	2	100	100	0	0	true	Move	1	brn	sitrusberry	1	-1	-1	1	1	log:-immune:0:[from] ability: Thermal Exchange:undefined	false	undefined	0	0	0	-1	0
thermalexchange	onSetStatus	71	6	0	40	Fire	1	0	0	100	20	-1	0	greninjabond	1	1	0	0	0	-1	0	2	100	100	1	0	true	Move	1	brn	sitrusberry	1	-1	-1	1	1	log:-immune:0:[from] ability: Thermal Exchange:undefined	false	undefined	0	0	0	-1	0
thermalexchange	onSetStatus	72	6	0	40	Fire	1	0	0	100	20	-1	0	greninjabond	1	1	0	0	0	-1	0	2	100	100	0	0	true	Move	1	brn	sitrusberry	1	-1	-1	1	1	log:-immune:0:[from] ability: Thermal Exchange:undefined	false	undefined	0	0	0	-1	0
thermalexchange	onSetStatus	73	6	0	40	Fire	1	0	0	100	20	-1	0	greninjabond	1	1	0	0	0	-1	0	2	100	100	0	1	true	Move	1	brn	sitrusberry	1	-1	-1	1	1	log:-immune:0:[from] ability: Thermal Exchange:undefined	false	undefined	0	0	0	-1	0
thermalexchange	onSetStatus	74	6	0	40	Fire	1	0	0	100	20	-1	0	greninjabond	1	1	0	0	0	-1	0	2	100	100	0	0	true	Move	1	brn	sitrusberry	1	-1	-1	1	1	log:-immune:0:[from] ability: Thermal Exchange:undefined	false	undefined	0	0	0	-1	0
thermalexchange	onSetStatus	75	6	0	40	Fire	1	0	0	100	20	-1	0	greninjabond	1	1	0	0	0	-1	0	2	100	100	0	0	false	Move	1	brn	sitrusberry	1	-1	-1	1	1	log:-immune:0:[from] ability: Thermal Exchange:undefined	false	undefined	0	0	0	-1	0
thermalexchange	onSetStatus	76	6	0	40	Fire	1	0	0	100	20	-1	0	greninjabond	1	1	0	0	0	-1	0	2	100	100	0	0	0	Move	1	brn	sitrusberry	1	-1	-1	1	1	log:-immune:0:[from] ability: Thermal Exchange:undefined	false	undefined	0	0	0	-1	0
thermalexchange	onSetStatus	77	6	0	40	Fire	1	0	0	100	20	-1	0	greninjabond	1	1	0	0	0	-1	0	2	100	100	0	0	null	Move	1	brn	sitrusberry	1	-1	-1	1	1	log:-immune:0:[from] ability: Thermal Exchange:undefined	false	undefined	0	0	0	-1	0
thermalexchange	onSetStatus	78	6	0	40	Fire	1	0	0	100	20	-1	0	greninjabond	1	1	0	0	0	-1	0	2	100	100	0	0	undefined	Move	1	brn	sitrusberry	1	-1	-1	1	1	log:-immune:0:[from] ability: Thermal Exchange:undefined	false	undefined	0	0	0	-1	0
thermalexchange	onSetStatus	79	6	0	40	Fire	1	0	0	100	20	-1	0	greninjabond	1	1	0	0	0	-1	0	2	100	100	0	0	true	Move	1	brn	sitrusberry	1	-1	-1	1	1	log:-immune:0:[from] ability: Thermal Exchange:undefined	false	undefined	0	0	0	-1	0
thermalexchange	onSetStatus	80	6	0	40	Fire	1	0	0	100	20	-1	0	greninjabond	1	1	0	0	0	-1	0	2	100	100	0	0	true	Ability	1	brn	sitrusberry	1	-1	-1	1	1	log:-immune:0:[from] ability: Thermal Exchange:undefined	false	undefined	0	0	0	-1	0
thermalexchange	onSetStatus	81	6	0	40	Fire	1	0	0	100	20	-1	0	greninjabond	1	1	0	0	0	-1	0	2	100	100	0	0	true	missing	1	brn	sitrusberry	1	-1	-1	1	1		false	undefined	0	0	0	-1	0
thermalexchange	onSetStatus	82	6	0	40	Fire	1	0	0	100	20	-1	0	greninjabond	1	1	0	0	0	-1	0	2	100	100	0	0	true	Move	1	brn	sitrusberry	1	-1	-1	1	1	log:-immune:0:[from] ability: Thermal Exchange:undefined	false	undefined	0	0	0	-1	0
thermalexchange	onSetStatus	83	6	0	40	Fire	1	0	0	100	20	-1	0	greninjabond	1	1	0	0	0	-1	0	2	100	100	0	0	true	Move	0	brn	sitrusberry	1	-1	-1	1	1		false	undefined	0	0	0	-1	0
thermalexchange	onSetStatus	84	6	0	40	Fire	1	0	0	100	20	-1	0	greninjabond	1	1	0	0	0	-1	0	2	100	100	0	0	true	Move	1	brn	sitrusberry	1	-1	-1	1	1	log:-immune:0:[from] ability: Thermal Exchange:undefined	false	undefined	0	0	0	-1	0
thermalexchange	onSetStatus	85	6	0	40	Fire	1	0	0	100	20	-1	0	greninjabond	1	1	0	0	0	-1	0	2	100	100	0	0	true	Move	1	psn	sitrusberry	1	-1	-1	1	1		undefined	undefined	0	0	0	-1	0
thermalexchange	onSetStatus	86	6	0	40	Fire	1	0	0	100	20	-1	0	greninjabond	1	1	0	0	0	-1	0	2	100	100	0	0	true	Move	1	brn	sitrusberry	1	-1	-1	1	1	log:-immune:0:[from] ability: Thermal Exchange:undefined	false	undefined	0	0	0	-1	0
thermalexchange	onSetStatus	87	6	0	40	Fire	1	0	0	100	20	-1	0	greninjabond	1	1	0	0	0	-1	0	2	100	100	0	0	true	Move	1	brn	aguavberry	1	-1	-1	1	1	log:-immune:0:[from] ability: Thermal Exchange:undefined	false	undefined	0	0	0	-1	0
thermalexchange	onSetStatus	88	6	0	40	Fire	1	0	0	100	20	-1	0	greninjabond	1	1	0	0	0	-1	0	2	100	100	0	0	true	Move	1	brn	figyberry	1	-1	-1	1	1	log:-immune:0:[from] ability: Thermal Exchange:undefined	false	undefined	0	0	0	-1	0
thermalexchange	onSetStatus	89	6	0	40	Fire	1	0	0	100	20	-1	0	greninjabond	1	1	0	0	0	-1	0	2	100	100	0	0	true	Move	1	brn	iapapaberry	1	-1	-1	1	1	log:-immune:0:[from] ability: Thermal Exchange:undefined	false	undefined	0	0	0	-1	0
thermalexchange	onSetStatus	90	6	0	40	Fire	1	0	0	100	20	-1	0	greninjabond	1	1	0	0	0	-1	0	2	100	100	0	0	true	Move	1	brn	magoberry	1	-1	-1	1	1	log:-immune:0:[from] ability: Thermal Exchange:undefined	false	undefined	0	0	0	-1	0
thermalexchange	onSetStatus	91	6	0	40	Fire	1	0	0	100	20	-1	0	greninjabond	1	1	0	0	0	-1	0	2	100	100	0	0	true	Move	1	brn	wikiberry	1	-1	-1	1	1	log:-immune:0:[from] ability: Thermal Exchange:undefined	false	undefined	0	0	0	-1	0
thermalexchange	onSetStatus	92	6	0	40	Fire	1	0	0	100	20	-1	0	greninjabond	1	1	0	0	0	-1	0	2	100	100	0	0	true	Move	1	brn	leftovers	1	-1	-1	1	1	log:-immune:0:[from] ability: Thermal Exchange:undefined	false	undefined	0	0	0	-1	0
thermalexchange	onSetStatus	93	6	0	40	Fire	1	0	0	100	20	-1	0	greninjabond	1	1	0	0	0	-1	0	2	100	100	0	0	true	Move	1	brn	sitrusberry	1	-1	-1	1	1	log:-immune:0:[from] ability: Thermal Exchange:undefined	false	undefined	0	0	0	-1	0
thermalexchange	onSetStatus	94	6	0	40	Fire	1	0	0	100	20	-1	0	greninjabond	1	1	0	0	0	-1	0	2	100	100	0	0	true	Move	1	brn	sitrusberry	2	-1	-1	1	1	log:-immune:0:[from] ability: Thermal Exchange:undefined	false	undefined	0	0	0	-1	0
thermalexchange	onSetStatus	95	6	0	40	Fire	1	0	0	100	20	-1	0	greninjabond	1	1	0	0	0	-1	0	2	100	100	0	0	true	Move	1	brn	sitrusberry	0	-1	-1	1	1	log:-immune:0:[from] ability: Thermal Exchange:undefined	false	undefined	0	0	0	-1	0
thermalexchange	onSetStatus	96	6	0	40	Fire	1	0	0	100	20	-1	0	greninjabond	1	1	0	0	0	-1	0	2	100	100	0	0	true	Move	1	brn	sitrusberry	1	-1	-1	1	1	log:-immune:0:[from] ability: Thermal Exchange:undefined	false	undefined	0	0	0	-1	0
thermalexchange	onSetStatus	97	6	0	40	Fire	1	0	0	100	20	-1	0	greninjabond	1	1	0	0	0	-1	0	2	100	100	0	0	true	Move	1	brn	sitrusberry	1	0	-1	1	1	log:-immune:0:[from] ability: Thermal Exchange:undefined	false	undefined	0	0	0	-1	0
thermalexchange	onSetStatus	98	6	0	40	Fire	1	0	0	100	20	-1	0	greninjabond	1	1	0	0	0	-1	0	2	100	100	0	0	true	Move	1	brn	sitrusberry	1	1	-1	1	1	log:-immune:0:[from] ability: Thermal Exchange:undefined	false	undefined	0	0	0	-1	0
thermalexchange	onSetStatus	99	6	0	40	Fire	1	0	0	100	20	-1	0	greninjabond	1	1	0	0	0	-1	0	2	100	100	0	0	true	Move	1	brn	sitrusberry	1	-1	-1	1	1	log:-immune:0:[from] ability: Thermal Exchange:undefined	false	undefined	0	0	0	-1	0
thermalexchange	onSetStatus	100	6	0	40	Fire	1	0	0	100	20	-1	0	greninjabond	1	1	0	0	0	-1	0	2	100	100	0	0	true	Move	1	brn	sitrusberry	1	-1	0	1	1	log:-immune:0:[from] ability: Thermal Exchange:undefined	false	undefined	0	0	0	-1	0
thermalexchange	onSetStatus	101	6	0	40	Fire	1	0	0	100	20	-1	0	greninjabond	1	1	0	0	0	-1	0	2	100	100	0	0	true	Move	1	brn	sitrusberry	1	-1	1	1	1	log:-immune:0:[from] ability: Thermal Exchange:undefined	false	undefined	0	0	0	-1	0
thermalexchange	onSetStatus	102	6	0	40	Fire	1	0	0	100	20	-1	0	greninjabond	1	1	0	0	0	-1	0	2	100	100	0	0	true	Move	1	brn	sitrusberry	1	-1	99	1	1	log:-immune:0:[from] ability: Thermal Exchange:undefined	false	undefined	0	0	0	-1	0
thermalexchange	onSetStatus	103	6	0	40	Fire	1	0	0	100	20	-1	0	greninjabond	1	1	0	0	0	-1	0	2	100	100	0	0	true	Move	1	brn	sitrusberry	1	-1	-1	1	1	log:-immune:0:[from] ability: Thermal Exchange:undefined	false	undefined	0	0	0	-1	0
thermalexchange	onSetStatus	104	6	0	40	Fire	1	0	0	100	20	-1	0	greninjabond	1	1	0	0	0	-1	0	2	100	100	0	0	true	Move	1	brn	sitrusberry	1	-1	-1	0	1	log:-immune:0:[from] ability: Thermal Exchange:undefined	false	undefined	0	0	0	-1	0
thermalexchange	onSetStatus	105	6	0	40	Fire	1	0	0	100	20	-1	0	greninjabond	1	1	0	0	0	-1	0	2	100	100	0	0	true	Move	1	brn	sitrusberry	1	-1	-1	1	1	log:-immune:0:[from] ability: Thermal Exchange:undefined	false	undefined	0	0	0	-1	0
thermalexchange	onSetStatus	106	6	0	40	Fire	1	0	0	100	20	-1	0	greninjabond	1	1	0	0	0	-1	0	2	100	100	0	0	true	Move	1	brn	sitrusberry	1	-1	-1	1	0	log:-immune:0:[from] ability: Thermal Exchange:undefined	false	undefined	0	0	0	-1	0
thermalexchange	onSetStatus	107	-1	6	0	Bug	0	0	0	20	-1	0	0	pikachu	0	1	0	0	1	-1	0	1	60	0	0	0	null	Move	1	brn	iapapaberry	1	0	-1	1	1	log:-immune:0:[from] ability: Thermal Exchange:undefined	false	false	0	0	0	-1	0
thermalexchange	onSetStatus	108	-1	6	70	Dark	1	0	1	0	100	-1	2048	greninjaash	1	0	0	0	0	1	1	1	60	100	0	1	0	Move	0	psn	aguavberry	1	1	-1	0	0		undefined	undefined	2048	2048	2048	1	0
thermalexchange	onSetStatus	109	0	6	40	Bug	1	1	1	100	100	-1	2048	greninjabond	0	1	0	1	0	1	1	2	100	160	0	0	true	missing	0	brn	magoberry	2	-1	1	0	0		false	undefined	2048	2048	2048	1	2
thermalexchange	onSetStatus	110	1	1	0	Normal	1	1	1	0	100	-1	24576	pikachu	0	0	0	0	1	-1	1	2	100	100	0	0	null	Move	0	brn	sitrusberry	0	0	0	1	0		false	undefined	24576	24576	24576	-1	2
thermalexchange	onSetStatus	111	-1	6	40	Ghost	1	1	1	20	0	1	8192	pikachu	0	1	0	1	1	-1	1	0	0	0	1	0	undefined	missing	1	brn	iapapaberry	2	1	1	1	1		false	true	8192	8192	8192	-1	2
thermalexchange	onSetStatus	112	0	1	40	Normal	1	0	0	100	100	-1	2048	pikachu	1	1	0	0	0	-1	0	1	0	160	1	0	undefined	Move	0	psn	wikiberry	2	0	1	0	1		undefined	undefined	2048	2048	2048	-1	0
thermalexchange	onSetStatus	113	1	0	40	Normal	0	0	0	100	0	-1	16384	greninjaash	0	1	0	1	0	1	0	2	60	100	1	0	0	missing	0	psn	figyberry	2	0	0	1	0		undefined	undefined	16384	16384	16384	1	0
thermalexchange	onSetStatus	114	0	6	60	Dark	1	1	1	100	-1	-1	8	greninjaash	1	1	1	0	0	1	0	2	0	160	0	1	0	Move	1	brn	sitrusberry	0	-1	99	0	0	log:-immune:0:[from] ability: Thermal Exchange:undefined	false	undefined	8	8	8	1	2
thermalexchange	onSetStatus	115	6	1	40	Dark	0	0	1	20	20	0	8	pikachu	1	1	1	1	1	0	0	0	60	100	1	1	false	Move	1	brn	aguavberry	1	0	1	0	0	log:-immune:0:[from] ability: Thermal Exchange:undefined	false	false	8	8	8	0	0
thermalexchange	onSetStatus	116	1	6	0	Fire	1	1	1	100	100	1	0	greninjaash	0	1	1	1	0	1	1	2	100	160	1	0	false	missing	1	psn	figyberry	1	1	0	0	1		undefined	true	0	0	0	1	2
thermalexchange	onSetStatus	117	1	1	61	Dark	0	0	1	0	100	-1	2048	greninjaash	1	0	0	1	0	-1	0	2	100	100	1	0	0	Ability	1	psn	wikiberry	0	-1	1	0	0		undefined	undefined	2048	2048	2048	-1	0
thermalexchange	onSetStatus	118	6	0	0	Normal	1	0	1	0	20	-1	2048	greninjaash	0	1	1	0	1	-1	0	1	100	100	1	0	true	Move	0	psn	sitrusberry	2	1	99	0	1		undefined	undefined	2048	2048	2048	-1	0
thermalexchange	onSetStatus	119	0	1	60	Water	1	1	0	0	100	-1	24576	greninjaash	0	1	1	1	1	6	1	1	60	160	1	1	0	missing	1	brn	leftovers	0	1	99	0	0		false	undefined	24576	24576	24576	6	2
thermalexchange	onSetStatus	120	1	0	60	Normal	0	0	0	0	20	1	0	greninjabond	0	0	1	1	0	0	0	0	60	100	0	1	0	missing	0	psn	aguavberry	0	0	0	0	1		undefined	true	0	0	0	0	0
thermalexchange	onSetStatus	121	1	6	40	Normal	1	1	0	20	-1	0	16384	greninjaash	1	0	0	0	1	1	1	1	60	100	1	0	null	missing	1	psn	wikiberry	1	-1	99	1	0		undefined	false	16384	16384	16384	1	2
thermalexchange	onSetStatus	122	-1	1	40	Dark	1	1	1	10	20	-1	24576	greninjaash	1	0	1	0	0	-1	1	1	0	100	0	1	false	Ability	0	psn	wikiberry	2	-1	99	1	1		undefined	undefined	24576	24576	24576	-1	2
thermalexchange	onSetStatus	123	0	1	0	Ghost	1	0	0	100	100	-1	8192	greninjaash	1	1	0	1	0	1	0	1	60	0	1	0	0	Ability	1	psn	figyberry	2	-1	0	1	1		undefined	undefined	8192	8192	8192	1	0
thermalexchange	onSetStatus	124	-1	1	61	Ghost	0	1	0	20	100	0	8	pikachu	1	1	1	0	0	0	0	1	0	0	0	1	false	missing	1	brn	figyberry	1	-1	1	0	1		false	false	8	8	8	0	2
thermalexchange	onSetStatus	125	-1	1	60	Dark	1	1	0	20	100	1	8	pikachu	0	1	1	1	0	1	1	0	60	160	1	1	undefined	missing	0	psn	leftovers	1	0	0	1	0		undefined	true	8	8	8	1	2
thermalexchange	onSetStatus	126	0	6	70	Ghost	1	0	0	0	-1	-1	0	pikachu	0	1	1	0	0	0	1	2	0	0	1	0	undefined	missing	1	brn	aguavberry	1	-1	0	1	1		false	undefined	0	0	0	0	0
thermalexchange	onSetStatus	127	0	1	0	Water	1	1	0	100	20	-1	8192	greninjaash	1	1	0	0	0	1	0	0	100	0	0	1	0	Ability	0	psn	magoberry	0	1	-1	1	1		undefined	undefined	8192	8192	8192	1	2
thermalexchange	onSetStatus	128	1	6	60	Normal	1	1	1	10	0	-1	16384	pikachu	1	0	1	0	0	6	0	0	100	160	1	0	true	missing	1	psn	aguavberry	1	-1	-1	0	0		undefined	undefined	16384	16384	16384	6	2
thermalexchange	onSetStatus	129	0	1	60	Fire	1	0	0	20	100	0	24576	greninjaash	0	1	0	0	1	1	0	1	60	160	1	0	null	missing	0	brn	figyberry	1	0	-1	1	0		false	false	24576	24576	24576	1	0
thermalexchange	onSetStatus	130	-1	0	0	Water	0	0	1	100	100	1	2048	greninjaash	0	0	0	0	1	6	1	0	0	0	1	1	null	Ability	1	brn	aguavberry	0	1	99	0	1	log:-immune:0:[from] ability: Thermal Exchange:undefined	false	true	2048	2048	2048	6	0
thermalexchange	onSetStatus	131	-1	6	60	Bug	1	0	0	0	100	-1	24576	greninjaash	1	1	1	0	1	6	0	2	0	0	0	0	false	Move	1	psn	wikiberry	2	1	99	1	0		undefined	undefined	24576	24576	24576	6	0
thermalexchange	onSetStatus	132	1	6	0	Bug	1	0	1	10	100	-1	8192	greninjaash	1	0	0	1	0	0	0	1	0	160	1	0	null	Ability	1	brn	aguavberry	2	-1	99	1	1	log:-immune:0:[from] ability: Thermal Exchange:undefined	false	undefined	8192	8192	8192	0	0
thermalexchange	onSetStatus	133	1	1	0	Water	1	1	0	100	100	1	16384	greninjabond	1	0	1	0	1	-1	1	0	60	160	1	1	null	Ability	1	brn	magoberry	2	-1	0	1	0	log:-immune:0:[from] ability: Thermal Exchange:undefined	false	true	16384	16384	16384	-1	2
thermalexchange	onSetStatus	134	1	6	60	Bug	1	1	0	0	0	0	24576	greninjaash	0	0	1	0	1	0	1	2	60	0	1	0	false	Ability	0	psn	wikiberry	2	-1	99	0	0		undefined	false	24576	24576	24576	0	2
thermalexchange	onSetStatus	135	1	1	61	Bug	0	1	1	10	0	1	0	greninjaash	1	1	1	1	1	0	0	0	0	160	1	0	true	Ability	0	psn	sitrusberry	1	0	-1	1	0		undefined	true	0	0	0	0	2
thermalexchange	onSetStatus	136	1	6	40	Normal	0	1	0	20	20	0	8	greninjabond	1	1	0	1	0	-1	1	0	100	100	1	1	0	Move	1	psn	sitrusberry	0	-1	99	0	0		undefined	false	8	8	8	-1	2
thermalexchange	onSetStatus	137	0	0	40	Bug	0	0	0	20	-1	1	2048	pikachu	0	0	0	1	1	1	0	1	100	0	0	1	undefined	Ability	1	brn	iapapaberry	1	1	1	0	0	log:-immune:0:[from] ability: Thermal Exchange:undefined	false	true	2048	2048	2048	1	0
thermalexchange	onSetStatus	138	6	1	70	Ghost	0	0	0	10	0	-1	8192	pikachu	0	0	0	0	0	0	0	1	0	0	1	1	0	missing	1	psn	figyberry	2	0	99	1	0		undefined	undefined	8192	8192	8192	0	0
thermalexchange	onSetStatus	139	6	6	70	Water	1	0	1	0	0	-1	8192	pikachu	0	1	0	0	1	-1	0	1	0	160	1	1	true	Move	1	brn	iapapaberry	1	0	1	0	1	log:-immune:0:[from] ability: Thermal Exchange:undefined	false	undefined	8192	8192	8192	-1	0
thermalexchange	onSetStatus	140	-1	0	0	Normal	0	0	0	0	0	-1	8192	greninjabond	0	1	1	0	1	0	0	2	60	100	1	0	null	missing	1	brn	aguavberry	0	1	-1	1	0		false	undefined	8192	8192	8192	0	0
thermalexchange	onSetStatus	141	6	1	70	Bug	0	0	0	10	20	-1	24576	greninjaash	1	1	1	0	1	1	0	0	0	160	1	0	false	Ability	0	brn	wikiberry	1	1	-1	1	0		false	undefined	24576	24576	24576	1	0
thermalexchange	onSetStatus	142	6	1	0	Fire	1	1	0	0	0	1	16384	greninjabond	0	0	0	0	0	1	0	1	60	0	0	0	0	Move	0	brn	magoberry	1	1	0	1	1		false	true	16384	16384	16384	1	2
thermalexchange	onSetStatus	143	6	6	70	Ghost	0	1	0	0	100	-1	0	pikachu	1	1	0	1	1	-1	0	1	100	160	0	0	null	Ability	0	brn	sitrusberry	0	-1	0	0	1		false	undefined	0	0	0	-1	2
thermalexchange	onSetStatus	144	1	0	70	Normal	1	0	0	100	0	1	24576	greninjaash	0	1	1	0	0	1	1	2	60	0	0	1	undefined	Ability	1	psn	leftovers	1	0	1	0	1		undefined	true	24576	24576	24576	1	0
thermalexchange	onSetStatus	145	0	6	40	Bug	1	1	1	10	100	1	8	pikachu	1	1	1	1	0	1	1	2	60	0	0	1	undefined	Ability	0	psn	figyberry	2	0	-1	0	0		undefined	true	8	8	8	1	2
thermalexchange	onSetStatus	146	1	1	70	Normal	0	1	0	100	20	0	8	greninjaash	0	1	0	0	1	-1	1	2	100	160	1	1	true	missing	0	brn	wikiberry	2	-1	99	0	0		false	false	8	8	8	-1	2
thermalexchange	onSetStatus	147	0	1	0	Fire	0	1	0	10	-1	1	24576	greninjabond	0	0	0	1	0	0	0	2	60	160	0	1	true	Move	0	brn	wikiberry	0	-1	0	1	0		false	true	24576	24576	24576	0	2
thermalexchange	onSetStatus	148	6	6	61	Normal	1	1	0	0	0	0	8	greninjaash	1	1	0	1	1	-1	1	1	100	100	0	1	null	Move	0	brn	figyberry	2	0	0	1	0		false	false	8	8	8	-1	2
thermalexchange	onSetStatus	149	0	0	60	Ghost	1	1	0	20	20	1	0	pikachu	0	0	1	1	1	-1	1	2	0	100	1	0	false	Ability	0	psn	sitrusberry	2	1	-1	0	0		undefined	true	0	0	0	-1	2
thermalexchange	onSetStatus	150	-1	6	0	Bug	0	1	1	0	100	1	0	greninjabond	1	1	0	0	1	6	1	1	0	160	0	0	false	Move	1	psn	magoberry	1	-1	99	0	1		undefined	true	0	0	0	6	2
thermalexchange	onSetStatus	151	6	6	40	Dark	0	1	1	20	20	-1	2048	greninjabond	0	1	0	0	0	6	0	0	60	160	1	1	false	missing	0	brn	sitrusberry	2	0	0	1	0		false	undefined	2048	2048	2048	6	2
thermalexchange	onSetStatus	152	1	1	61	Bug	0	1	1	10	20	-1	24576	greninjaash	1	0	1	1	0	6	1	1	0	100	1	0	true	Move	1	psn	iapapaberry	2	-1	0	1	1		undefined	undefined	24576	24576	24576	6	2
thermalexchange	onSetStatus	153	-1	0	70	Dark	1	0	1	10	0	-1	16384	greninjabond	0	0	1	1	0	1	0	1	100	160	0	0	true	Ability	0	brn	iapapaberry	1	0	0	0	0		false	undefined	16384	16384	16384	1	0
thermalexchange	onSetStatus	154	0	6	70	Fire	0	1	0	10	100	0	0	greninjabond	0	1	1	0	0	1	1	2	100	0	0	0	true	Ability	1	psn	figyberry	2	-1	-1	0	1		undefined	false	0	0	0	1	2
thermalexchange	onSetStatus	155	-1	0	0	Fire	0	1	1	10	20	1	0	greninjaash	0	0	1	0	1	1	1	0	100	0	1	0	undefined	missing	0	psn	sitrusberry	2	-1	99	0	1		undefined	true	0	0	0	1	2
thermalexchange	onSetStatus	156	0	1	60	Water	1	1	1	100	0	-1	2048	greninjabond	0	0	0	0	1	-1	1	1	100	100	1	0	null	Move	0	brn	leftovers	1	0	1	1	1		false	undefined	2048	2048	2048	-1	2
thermalexchange	onSetStatus	157	6	6	40	Fire	1	0	0	0	20	1	16384	greninjabond	1	1	1	1	0	1	0	2	100	0	0	0	0	missing	1	psn	wikiberry	2	-1	99	0	0		undefined	true	16384	16384	16384	1	0
thermalexchange	onSetStatus	158	0	1	70	Ghost	0	0	1	0	20	0	8192	pikachu	1	1	0	0	0	6	1	2	60	100	0	0	null	missing	0	brn	iapapaberry	0	1	0	0	0		false	false	8192	8192	8192	6	0
thermalexchange	onSetStatus	159	-1	0	40	Bug	1	1	0	10	0	-1	16384	greninjabond	0	1	1	0	1	1	0	1	0	0	0	0	true	Move	0	brn	magoberry	1	0	1	1	1		false	undefined	16384	16384	16384	1	2
thermalexchange	onSetStatus	160	1	0	0	Water	0	1	0	20	-1	-1	24576	pikachu	0	0	0	0	1	0	0	1	60	160	1	1	undefined	missing	0	psn	magoberry	2	0	-1	1	1		undefined	undefined	24576	24576	24576	0	2
thermalexchange	onSetStatus	161	-1	6	0	Ghost	0	1	1	0	20	0	2048	greninjaash	0	1	1	0	0	1	1	0	100	100	0	0	undefined	Ability	1	brn	magoberry	1	0	99	1	0	log:-immune:0:[from] ability: Thermal Exchange:undefined	false	false	2048	2048	2048	1	2
thermalexchange	onSetStatus	162	-1	0	0	Water	0	0	1	0	0	0	8	greninjabond	0	0	1	1	0	0	0	2	60	100	0	0	true	Ability	0	brn	sitrusberry	1	-1	-1	1	0		false	false	8	8	8	0	0
thermalexchange	onSetStatus	163	6	6	60	Ghost	0	1	0	20	20	-1	2048	greninjabond	0	0	0	0	0	6	1	0	60	100	1	0	0	missing	0	psn	figyberry	1	0	1	0	0		undefined	undefined	2048	2048	2048	6	2
thermalexchange	onSetStatus	164	6	0	40	Water	0	0	0	20	0	-1	16384	pikachu	1	0	1	1	1	6	1	1	0	0	1	1	null	Move	0	brn	magoberry	2	-1	99	1	1		false	undefined	16384	16384	16384	6	0
thermalexchange	onSetStatus	165	-1	6	40	Normal	0	1	1	20	-1	1	24576	greninjaash	1	0	0	0	0	-1	1	0	100	160	0	1	undefined	missing	0	brn	aguavberry	1	1	99	0	0		false	true	24576	24576	24576	-1	2
thermalexchange	onSetStatus	166	1	6	61	Normal	0	0	1	0	-1	0	16384	pikachu	1	0	1	0	0	-1	0	0	60	0	1	0	undefined	Move	0	psn	magoberry	1	0	99	1	0		undefined	false	16384	16384	16384	-1	0
thermalexchange	onSetStatus	167	0	1	70	Water	1	1	1	0	100	0	0	greninjaash	0	1	0	1	1	0	0	1	100	160	0	0	null	Ability	1	psn	sitrusberry	1	1	1	0	0		undefined	false	0	0	0	0	2
thermalexchange	onSetStatus	168	6	1	61	Water	1	0	0	100	100	0	16384	greninjabond	1	1	1	1	1	6	0	0	60	100	0	0	true	Ability	0	psn	leftovers	0	1	99	1	0		undefined	false	16384	16384	16384	6	0
thermalexchange	onSetStatus	169	-1	6	60	Bug	1	0	1	0	0	0	24576	pikachu	1	0	1	0	1	1	0	0	100	100	0	1	null	missing	0	psn	figyberry	1	1	-1	1	1		undefined	false	24576	24576	24576	1	0
thermalexchange	onSetStatus	170	-1	6	61	Dark	0	0	1	20	-1	0	0	pikachu	1	0	1	1	1	-1	1	0	60	100	0	0	true	Ability	0	brn	wikiberry	0	1	-1	0	0		false	false	0	0	0	-1	0
thermalexchange	onSetStatus	171	1	6	70	Water	1	1	0	20	100	1	0	pikachu	1	0	1	1	0	-1	1	1	100	160	0	1	undefined	Ability	0	brn	sitrusberry	2	0	-1	1	1		false	true	0	0	0	-1	2
thermalexchange	onSetStatus	172	0	0	60	Bug	1	0	0	10	0	-1	0	pikachu	1	1	0	0	1	6	0	1	60	100	0	0	true	Move	1	brn	magoberry	1	1	-1	0	0	log:-immune:0:[from] ability: Thermal Exchange:undefined	false	undefined	0	0	0	6	0
thermalexchange	onSetStatus	173	1	0	0	Ghost	1	0	1	100	-1	-1	2048	greninjabond	0	1	0	0	0	1	0	2	0	0	0	1	undefined	missing	1	brn	wikiberry	2	1	1	1	0		false	undefined	2048	2048	2048	1	0
thermalexchange	onSetStatus	174	-1	1	60	Fire	0	1	0	0	0	-1	2048	greninjaash	1	0	1	0	1	-1	1	0	100	0	1	0	true	Ability	1	psn	sitrusberry	0	0	0	0	1		undefined	undefined	2048	2048	2048	-1	2
thermalexchange	onSetStatus	175	0	0	0	Ghost	1	1	1	20	20	0	8192	pikachu	0	1	1	1	0	-1	1	1	60	160	1	1	null	missing	1	psn	sitrusberry	2	-1	99	1	1		undefined	false	8192	8192	8192	-1	2
thermalexchange	onSetStatus	176	6	0	70	Bug	0	0	1	0	-1	0	16384	pikachu	1	0	1	0	1	-1	0	1	60	160	1	1	null	missing	0	psn	leftovers	1	-1	1	1	0		undefined	false	16384	16384	16384	-1	0
thermalexchange	onSetStatus	177	6	1	61	Bug	1	1	1	100	-1	-1	0	pikachu	0	1	1	1	1	6	0	0	0	100	0	1	undefined	Move	1	psn	figyberry	2	0	1	1	1		undefined	undefined	0	0	0	6	2
thermalexchange	onSetStatus	178	6	1	61	Bug	1	0	1	0	20	1	2048	greninjaash	1	1	1	1	0	1	0	1	0	160	1	0	null	Move	1	psn	sitrusberry	2	-1	-1	1	1		undefined	true	2048	2048	2048	1	0
thermalexchange	onSetStatus	179	-1	0	40	Water	1	1	1	100	0	0	2048	pikachu	1	0	0	1	1	0	1	1	0	160	1	1	0	Move	0	brn	aguavberry	2	-1	99	0	0		false	false	2048	2048	2048	0	2
thermalexchange	onSetStatus	180	6	6	70	Bug	0	1	1	0	-1	1	24576	greninjabond	0	1	0	1	0	1	0	1	0	160	1	1	null	missing	1	brn	figyberry	1	0	0	0	0		false	true	24576	24576	24576	1	2
thermalexchange	onSetStatus	181	-1	6	0	Dark	1	1	1	10	-1	0	8192	greninjaash	1	0	0	1	1	-1	0	1	0	0	0	0	0	Move	0	psn	wikiberry	2	-1	1	1	0		undefined	false	8192	8192	8192	-1	2
thermalexchange	onSetStatus	182	0	0	60	Normal	0	1	0	0	100	-1	8	greninjabond	1	0	1	0	0	0	1	0	100	100	1	0	false	Ability	0	brn	sitrusberry	0	1	99	1	1		false	undefined	8	8	8	0	2
thermalexchange	onSetStatus	183	1	6	0	Ghost	0	1	0	10	0	-1	8192	greninjabond	1	1	0	0	1	6	1	2	0	0	0	1	undefined	Move	1	brn	iapapaberry	1	-1	-1	1	0	log:-immune:0:[from] ability: Thermal Exchange:undefined	false	undefined	8192	8192	8192	6	2
thermalexchange	onSetStatus	184	6	0	60	Water	1	1	0	10	100	1	0	greninjaash	0	0	0	1	1	1	1	1	60	160	1	0	true	missing	1	brn	wikiberry	1	1	0	1	1		false	true	0	0	0	1	2
thermalexchange	onSetStatus	185	6	1	40	Dark	0	0	1	100	100	1	8	greninjabond	1	0	0	1	1	6	1	2	0	0	1	1	null	Move	0	brn	wikiberry	0	-1	99	1	1		false	true	8	8	8	6	0
thermalexchange	onSetStatus	186	1	0	40	Fire	1	1	0	20	0	-1	24576	greninjaash	1	1	0	1	1	0	0	2	0	160	1	0	null	missing	0	brn	wikiberry	1	0	-1	0	1		false	undefined	24576	24576	24576	0	2
thermalexchange	onSetStatus	187	6	0	70	Fire	1	1	0	100	0	-1	16384	greninjabond	1	0	0	0	0	1	1	2	0	160	0	0	null	Move	1	brn	sitrusberry	0	-1	0	0	1	log:-immune:0:[from] ability: Thermal Exchange:undefined	false	undefined	16384	16384	16384	1	2
thermalexchange	onSetStatus	188	1	1	60	Bug	1	0	0	100	-1	0	8	greninjaash	1	0	1	0	0	1	0	1	60	100	1	0	true	Ability	1	brn	sitrusberry	2	-1	1	0	1	log:-immune:0:[from] ability: Thermal Exchange:undefined	false	false	8	8	8	1	0
thermalexchange	onSetStatus	189	0	6	70	Normal	0	0	1	20	0	-1	2048	greninjabond	1	1	0	1	1	1	1	1	100	100	0	0	false	missing	1	brn	magoberry	1	0	1	1	0		false	undefined	2048	2048	2048	1	0
thermalexchange	onSetStatus	190	1	6	60	Dark	0	0	0	0	100	1	2048	pikachu	0	1	1	0	1	0	0	0	60	0	0	0	true	missing	0	psn	figyberry	1	0	0	0	0		undefined	true	2048	2048	2048	0	0
thermalexchange	onSetStatus	191	6	0	40	Dark	0	1	1	100	100	-1	8	pikachu	1	1	0	1	1	1	1	0	0	0	1	0	false	Move	1	brn	figyberry	1	0	-1	0	1	log:-immune:0:[from] ability: Thermal Exchange:undefined	false	undefined	8	8	8	1	2
thermalexchange	onSetStatus	192	6	0	70	Normal	0	1	0	20	-1	-1	8192	pikachu	1	1	1	0	1	6	1	0	100	0	0	1	undefined	Ability	1	brn	magoberry	0	-1	-1	0	1	log:-immune:0:[from] ability: Thermal Exchange:undefined	false	undefined	8192	8192	8192	6	2
thermalexchange	onSetStatus	193	6	0	70	Bug	1	1	0	100	-1	0	2048	greninjaash	1	0	0	0	1	6	0	0	0	100	1	0	true	Ability	0	brn	sitrusberry	2	-1	0	0	1		false	false	2048	2048	2048	6	2
thermalexchange	onSetStatus	194	0	0	0	Normal	1	1	0	0	-1	1	16384	greninjaash	1	0	0	1	0	6	1	2	0	160	1	0	false	Move	0	psn	figyberry	0	1	-1	0	0		undefined	true	16384	16384	16384	6	2
thermalexchange	onSetStatus	195	1	0	60	Ghost	0	1	1	0	-1	1	8	pikachu	0	0	1	0	0	6	0	0	0	100	1	1	undefined	Ability	1	psn	magoberry	1	1	-1	1	0		undefined	true	8	8	8	6	2
thermalexchange	onSetStatus	196	-1	1	40	Water	0	0	0	20	-1	0	24576	pikachu	0	0	0	1	0	0	1	0	0	0	0	1	null	Ability	0	brn	sitrusberry	0	1	99	0	1		false	false	24576	24576	24576	0	0
thermalexchange	onSetStatus	197	6	0	0	Water	1	1	1	0	0	-1	24576	greninjaash	0	1	0	1	1	-1	0	2	0	160	0	1	false	missing	1	brn	figyberry	1	0	0	1	0		false	undefined	24576	24576	24576	-1	2
thermalexchange	onSetStatus	198	6	1	61	Normal	1	0	1	0	20	1	0	greninjabond	0	1	0	0	0	1	1	1	0	0	0	0	true	Move	1	brn	aguavberry	1	-1	99	0	1	log:-immune:0:[from] ability: Thermal Exchange:undefined	false	true	0	0	0	1	0
thermalexchange	onSetStatus	199	6	6	60	Water	0	1	0	20	20	-1	8192	greninjaash	1	1	1	1	0	0	1	1	60	100	0	0	null	missing	1	psn	wikiberry	2	0	0	1	0		undefined	undefined	8192	8192	8192	0	2
thermalexchange	onSetStatus	200	6	0	40	Fire	0	0	1	100	100	0	8192	greninjabond	0	1	0	1	0	0	1	1	0	0	1	0	true	Ability	1	brn	figyberry	1	1	-1	0	0	log:-immune:0:[from] ability: Thermal Exchange:undefined	false	false	8192	8192	8192	0	0
thermalexchange	onSetStatus	201	6	1	0	Water	0	0	0	20	20	1	2048	greninjaash	0	1	0	0	0	6	1	1	60	160	1	0	true	Move	1	psn	sitrusberry	1	0	1	0	1		undefined	true	2048	2048	2048	6	0
thermalexchange	onSetStatus	202	-1	1	61	Dark	1	0	0	20	20	-1	16384	greninjaash	1	0	0	1	0	1	0	1	60	160	0	0	undefined	Ability	1	brn	aguavberry	2	1	-1	1	0	log:-immune:0:[from] ability: Thermal Exchange:undefined	false	undefined	16384	16384	16384	1	0
thermalexchange	onSetStatus	203	-1	0	0	Normal	0	1	0	10	20	-1	8192	pikachu	0	0	0	1	1	-1	0	1	60	160	0	1	false	Ability	1	psn	sitrusberry	0	0	1	0	1		undefined	undefined	8192	8192	8192	-1	2
thermalexchange	onSetStatus	204	1	6	61	Normal	0	1	1	10	-1	1	2048	pikachu	1	1	0	0	0	0	1	1	0	0	1	0	0	Move	0	brn	iapapaberry	2	0	0	0	1		false	true	2048	2048	2048	0	2
thermalexchange	onSetStatus	205	0	0	61	Dark	1	0	1	10	0	-1	8192	greninjaash	1	0	1	0	1	1	1	1	0	160	1	1	undefined	Ability	0	psn	aguavberry	2	-1	0	0	0		undefined	undefined	8192	8192	8192	1	0
thermalexchange	onSetStatus	206	-1	6	61	Fire	1	0	1	0	-1	-1	8	pikachu	0	0	0	0	0	6	1	2	60	160	0	0	null	Ability	0	psn	aguavberry	2	0	0	1	1		undefined	undefined	8	8	8	6	0
thermalexchange	onSetStatus	207	-1	6	70	Normal	1	1	1	0	0	-1	8192	greninjabond	0	0	0	0	1	-1	1	2	100	160	0	1	null	missing	1	psn	figyberry	1	0	0	0	1		undefined	undefined	8192	8192	8192	-1	2
thermalexchange	onSetStatus	208	-1	6	61	Fire	1	1	0	0	20	0	8192	greninjabond	1	0	0	1	0	1	1	1	100	160	0	1	true	missing	0	brn	leftovers	2	-1	99	0	0		false	false	8192	8192	8192	1	2
thermalexchange	onSetStatus	209	1	6	70	Fire	0	1	0	20	0	1	8	greninjaash	1	0	0	1	0	6	0	0	0	160	1	1	true	Ability	0	psn	wikiberry	2	1	-1	0	1		undefined	true	8	8	8	6	2
thermalexchange	onSetStatus	210	-1	6	0	Bug	1	0	1	0	100	0	24576	greninjabond	0	0	1	1	1	-1	0	1	0	0	0	0	undefined	missing	0	psn	wikiberry	0	1	-1	0	1		undefined	false	24576	24576	24576	-1	0
thermalexchange	onSetStatus	211	6	6	40	Water	0	1	1	10	20	1	8	greninjabond	0	0	1	1	0	0	0	0	100	0	0	0	0	Ability	1	brn	sitrusberry	1	-1	0	0	0	log:-immune:0:[from] ability: Thermal Exchange:undefined	false	true	8	8	8	0	2
thermalexchange	onSetStatus	212	-1	1	60	Bug	1	1	0	0	-1	0	16384	pikachu	0	0	1	0	0	0	1	2	100	100	1	1	undefined	missing	0	brn	iapapaberry	0	0	1	1	0		false	false	16384	16384	16384	0	2
thermalexchange	onSetStatus	213	6	0	61	Ghost	0	1	0	100	100	0	16384	greninjaash	1	1	1	0	0	-1	0	1	60	160	1	1	false	Move	1	psn	sitrusberry	0	0	-1	0	0		undefined	false	16384	16384	16384	-1	2
thermalexchange	onSetStatus	214	1	6	40	Water	1	1	1	0	0	0	2048	greninjabond	0	0	0	0	1	6	0	0	60	160	1	0	false	missing	0	brn	leftovers	2	1	-1	0	0		false	false	2048	2048	2048	6	2
thermalexchange	onSetStatus	215	0	6	70	Fire	1	0	1	100	100	-1	8192	pikachu	0	0	1	0	0	6	0	0	100	0	1	0	true	Ability	0	psn	iapapaberry	2	1	1	0	1		undefined	undefined	8192	8192	8192	6	0
thermalexchange	onSetStatus	216	-1	0	61	Dark	0	1	1	10	0	-1	16384	greninjaash	1	0	1	0	0	-1	0	0	60	100	0	0	undefined	missing	0	brn	iapapaberry	2	-1	1	0	1		false	undefined	16384	16384	16384	-1	2
thermalexchange	onSetStatus	217	1	0	0	Fire	1	0	0	10	20	1	0	greninjaash	1	1	0	1	0	6	0	2	100	0	1	1	false	Ability	1	brn	magoberry	0	0	1	1	1	log:-immune:0:[from] ability: Thermal Exchange:undefined	false	true	0	0	0	6	0
thermalexchange	onSetStatus	218	6	6	60	Ghost	0	1	1	20	0	0	2048	pikachu	0	1	1	1	0	6	1	1	60	160	0	0	undefined	missing	0	brn	figyberry	1	0	-1	1	1		false	false	2048	2048	2048	6	2
thermalexchange	onSetStatus	219	1	6	60	Ghost	1	1	1	20	100	0	8	greninjabond	1	0	0	0	0	1	0	0	60	100	1	0	true	missing	1	brn	iapapaberry	0	0	-1	1	0		false	false	8	8	8	1	2
thermalexchange	onSetStatus	220	1	1	70	Water	0	0	0	100	-1	0	16384	pikachu	0	0	0	1	1	-1	1	0	60	160	0	0	null	missing	1	brn	wikiberry	0	0	99	1	0		false	false	16384	16384	16384	-1	0
thermalexchange	onSetStatus	221	-1	0	40	Normal	1	0	0	10	100	1	8192	greninjaash	0	0	1	1	0	1	0	0	100	0	1	0	true	Move	0	brn	wikiberry	0	0	-1	0	0		false	true	8192	8192	8192	1	0
thermalexchange	onSetStatus	222	6	6	70	Ghost	1	1	0	0	100	-1	2048	greninjabond	0	1	1	1	0	-1	1	0	60	0	1	1	undefined	Move	1	psn	magoberry	1	1	1	1	0		undefined	undefined	2048	2048	2048	-1	2
thermalexchange	onSetStatus	223	1	0	0	Fire	1	0	0	20	20	1	0	greninjaash	0	0	0	1	0	6	0	0	100	100	0	0	false	Ability	0	brn	leftovers	2	-1	1	1	0		false	true	0	0	0	6	0
thermalexchange	onSetStatus	224	-1	6	0	Ghost	1	0	1	20	20	1	2048	greninjabond	0	1	0	1	0	0	0	0	100	160	1	1	true	Ability	0	brn	figyberry	0	-1	0	0	1		false	true	2048	2048	2048	0	0
thermalexchange	onSetStatus	225	1	6	60	Normal	0	1	0	10	100	0	24576	greninjabond	0	0	1	1	1	6	1	0	0	100	0	0	0	Ability	0	psn	iapapaberry	0	0	99	1	1		undefined	false	24576	24576	24576	6	2
thermalexchange	onSetStatus	226	1	1	0	Water	0	1	1	0	-1	-1	16384	greninjabond	0	1	1	1	1	0	0	1	60	0	1	0	0	missing	1	psn	iapapaberry	0	-1	-1	0	0		undefined	undefined	16384	16384	16384	0	2
thermalexchange	onSetStatus	227	-1	0	61	Fire	1	1	0	20	0	0	24576	greninjaash	1	0	1	1	1	-1	0	0	60	0	0	1	0	missing	1	psn	leftovers	2	0	1	0	1		undefined	false	24576	24576	24576	-1	2
thermalexchange	onSetStatus	228	0	1	40	Bug	1	0	1	20	20	1	8	greninjabond	1	1	0	0	1	-1	0	2	0	160	1	1	true	Move	1	brn	figyberry	1	1	-1	1	1	log:-immune:0:[from] ability: Thermal Exchange:undefined	false	true	8	8	8	-1	0
thermalexchange	onSetStatus	229	1	6	40	Ghost	1	1	0	20	100	1	2048	pikachu	1	1	1	1	0	-1	1	0	100	160	1	0	null	Ability	1	brn	aguavberry	2	-1	99	1	1	log:-immune:0:[from] ability: Thermal Exchange:undefined	false	true	2048	2048	2048	-1	2
thermalexchange	onSetStatus	230	-1	6	0	Bug	1	0	0	10	100	-1	8	greninjaash	0	1	1	1	1	-1	0	0	60	160	1	1	undefined	Move	0	brn	leftovers	1	1	-1	0	1		false	undefined	8	8	8	-1	0
thermalexchange	onSetStatus	231	1	6	40	Normal	1	0	1	0	-1	0	0	greninjaash	1	0	0	1	1	1	0	1	60	100	1	1	undefined	Move	0	brn	sitrusberry	2	0	99	0	1		false	false	0	0	0	1	0
thermalexchange	onSetStatus	232	-1	0	70	Dark	0	0	0	100	0	1	0	greninjaash	1	1	0	0	0	6	0	0	60	100	0	0	undefined	missing	1	brn	figyberry	1	1	-1	1	1		false	true	0	0	0	6	0
thermalexchange	onSetStatus	233	0	1	70	Bug	0	0	1	0	-1	0	16384	pikachu	1	1	1	0	1	6	0	2	100	160	0	0	undefined	Move	1	psn	sitrusberry	2	0	0	1	1		undefined	false	16384	16384	16384	6	0
thermalexchange	onSetStatus	234	0	6	70	Fire	0	0	0	20	100	1	24576	greninjabond	0	0	0	1	0	-1	0	0	60	100	1	0	null	missing	0	brn	figyberry	1	0	-1	1	1		false	true	24576	24576	24576	-1	0
thermalexchange	onSetStatus	235	6	6	60	Fire	1	1	1	100	0	0	8192	greninjaash	1	0	1	1	0	0	1	0	60	160	1	1	true	Move	0	psn	wikiberry	2	1	0	0	0		undefined	false	8192	8192	8192	0	2
thermalexchange	onSetStatus	236	6	6	60	Bug	0	1	0	10	20	1	8	greninjaash	0	1	1	1	1	6	0	1	100	160	1	0	false	Ability	1	brn	leftovers	0	-1	0	1	1	log:-immune:0:[from] ability: Thermal Exchange:undefined	false	true	8	8	8	6	2
thermalexchange	onSetStatus	237	-1	6	60	Ghost	0	0	0	0	20	0	24576	pikachu	1	0	1	0	1	6	0	0	60	0	1	1	null	Ability	1	psn	wikiberry	2	0	99	1	1		undefined	false	24576	24576	24576	6	0
thermalexchange	onSetStatus	238	0	1	70	Dark	0	0	0	10	20	-1	0	pikachu	1	1	1	1	0	0	0	1	100	0	1	1	0	Move	1	psn	iapapaberry	0	-1	1	0	1		undefined	undefined	0	0	0	0	0
thermalexchange	onSetStatus	239	6	6	60	Water	0	0	0	100	100	1	16384	pikachu	1	0	1	0	0	0	0	1	60	100	0	1	false	Move	0	psn	leftovers	0	-1	99	0	0		undefined	true	16384	16384	16384	0	0
thermalexchange	onSetStatus	240	-1	1	61	Ghost	0	1	1	0	20	-1	8	pikachu	0	0	1	1	1	0	1	2	60	0	0	1	true	Ability	1	brn	wikiberry	1	1	99	1	0	log:-immune:0:[from] ability: Thermal Exchange:undefined	false	undefined	8	8	8	0	2
thermalexchange	onSetStatus	241	0	6	60	Fire	1	1	1	0	100	1	8	greninjabond	1	0	1	0	1	6	1	1	0	0	0	1	0	missing	1	brn	iapapaberry	2	0	1	0	1		false	true	8	8	8	6	2
thermalexchange	onSetStatus	242	-1	6	0	Bug	0	0	0	0	0	1	0	greninjabond	0	0	0	1	1	6	1	2	0	100	1	0	undefined	Move	0	psn	sitrusberry	2	1	-1	1	1		undefined	true	0	0	0	6	0
thermalexchange	onSetStatus	243	1	1	0	Water	1	1	0	100	-1	-1	2048	greninjaash	0	0	0	0	0	1	1	0	0	100	0	0	true	Ability	0	psn	aguavberry	2	-1	99	1	1		undefined	undefined	2048	2048	2048	1	2
thermalexchange	onSetStatus	244	0	0	61	Bug	0	0	0	0	20	-1	24576	greninjabond	1	0	0	0	1	6	0	1	0	0	0	1	undefined	Ability	0	brn	wikiberry	2	-1	1	1	0		false	undefined	24576	24576	24576	6	0
thermalexchange	onSetStatus	245	0	1	40	Bug	1	1	0	10	20	-1	8	greninjabond	0	1	1	0	1	0	1	2	100	160	0	1	0	Move	0	brn	magoberry	1	1	99	1	1		false	undefined	8	8	8	0	2
thermalexchange	onSetStatus	246	1	1	60	Dark	0	1	0	10	-1	0	8192	pikachu	1	0	0	1	0	0	1	1	100	0	0	1	true	missing	1	brn	iapapaberry	0	-1	-1	1	0		false	false	8192	8192	8192	0	2
thermalexchange	onSetStatus	247	-1	1	60	Ghost	0	0	1	10	20	0	2048	greninjaash	1	0	0	0	0	-1	0	0	100	100	0	0	undefined	Move	0	psn	aguavberry	0	0	-1	1	1		undefined	false	2048	2048	2048	-1	0
thermalexchange	onSetStatus	248	0	6	0	Fire	1	1	1	10	-1	1	8	greninjaash	1	1	0	0	1	1	1	0	100	100	1	0	undefined	missing	1	brn	magoberry	2	1	1	1	0		false	true	8	8	8	1	2
thermalexchange	onSetStatus	249	0	6	0	Ghost	0	0	1	100	0	-1	8	greninjabond	0	1	1	1	0	6	0	1	0	0	0	1	false	Move	0	brn	aguavberry	2	0	-1	0	1		false	undefined	8	8	8	6	0
thermalexchange	onSetStatus	250	6	0	60	Bug	0	0	0	20	-1	-1	2048	greninjaash	0	1	0	1	1	0	0	0	60	160	1	0	0	Ability	1	brn	aguavberry	0	1	-1	0	0	log:-immune:0:[from] ability: Thermal Exchange:undefined	false	undefined	2048	2048	2048	0	0
thermalexchange	onSetStatus	251	-1	6	61	Bug	0	1	1	0	20	1	2048	greninjabond	0	0	1	0	1	6	1	1	60	160	0	1	false	Move	0	brn	figyberry	0	-1	1	0	0		false	true	2048	2048	2048	6	2
thermalexchange	onSetStatus	252	6	6	0	Water	1	0	1	100	20	1	0	greninjabond	0	0	0	1	1	1	1	2	100	160	1	0	true	Ability	0	psn	wikiberry	1	1	99	1	0		undefined	true	0	0	0	1	0
thermalexchange	onSetStatus	253	6	1	61	Bug	0	0	1	100	20	-1	2048	greninjabond	1	0	0	0	1	6	0	2	100	0	0	0	0	Ability	1	brn	leftovers	0	1	1	0	1	log:-immune:0:[from] ability: Thermal Exchange:undefined	false	undefined	2048	2048	2048	6	0
thermalexchange	onSetStatus	254	-1	1	70	Normal	0	1	1	10	0	1	8192	pikachu	1	0	0	1	1	1	0	0	0	160	0	1	undefined	missing	0	psn	aguavberry	2	1	1	0	0		undefined	true	8192	8192	8192	1	2
thermalexchange	onSetStatus	255	-1	0	40	Fire	0	0	1	0	-1	0	0	pikachu	0	0	1	1	1	6	1	1	60	100	1	0	false	missing	1	brn	wikiberry	2	0	0	0	0		false	false	0	0	0	6	0
thermalexchange	onSetStatus	256	0	6	70	Dark	0	0	0	20	100	-1	24576	greninjabond	0	1	0	1	1	-1	1	1	100	0	0	1	true	missing	0	brn	leftovers	0	1	0	1	1		false	undefined	24576	24576	24576	-1	0
thermalexchange	onSetStatus	257	-1	6	61	Normal	0	1	1	100	20	-1	2048	greninjabond	1	0	1	1	0	6	1	2	100	0	0	1	undefined	Ability	1	psn	wikiberry	2	1	0	0	1		undefined	undefined	2048	2048	2048	6	2
thermalexchange	onSetStatus	258	6	0	61	Dark	1	1	0	0	20	0	8192	pikachu	1	1	1	1	0	-1	0	2	100	160	0	0	null	Ability	0	psn	wikiberry	2	0	-1	1	0		undefined	false	8192	8192	8192	-1	2
thermalexchange	onSetStatus	259	6	0	70	Dark	0	1	1	10	20	0	2048	pikachu	0	0	0	1	0	-1	1	2	0	100	1	1	true	Ability	0	brn	leftovers	1	-1	-1	0	1		false	false	2048	2048	2048	-1	2
thermalexchange	onSetStatus	260	0	6	0	Fire	0	1	0	20	20	1	2048	greninjaash	0	1	1	0	1	1	1	0	60	100	0	1	0	missing	0	psn	wikiberry	1	0	-1	0	0		undefined	true	2048	2048	2048	1	2
thermalexchange	onSetStatus	261	0	1	70	Ghost	0	0	1	0	20	1	24576	pikachu	0	1	0	1	0	0	0	1	60	160	0	0	true	missing	0	psn	leftovers	2	0	1	0	1		undefined	true	24576	24576	24576	0	0
thermalexchange	onSetStatus	262	0	6	70	Fire	0	0	1	10	100	1	16384	greninjaash	1	1	0	1	0	1	0	0	60	0	0	1	false	Move	1	brn	leftovers	0	1	-1	1	1	log:-immune:0:[from] ability: Thermal Exchange:undefined	false	true	16384	16384	16384	1	0
thermalexchange	onSetStatus	263	0	1	70	Ghost	1	0	0	20	100	1	8	greninjabond	0	0	0	0	0	1	1	0	0	160	0	1	null	Move	1	brn	figyberry	1	-1	0	0	1	log:-immune:0:[from] ability: Thermal Exchange:undefined	false	true	8	8	8	1	0
thermalexchange	onSetStatus	264	0	0	40	Ghost	1	0	1	100	-1	-1	0	pikachu	0	0	1	0	1	0	0	1	60	0	0	0	false	Move	0	brn	magoberry	0	1	-1	1	1		false	undefined	0	0	0	0	0
thermalexchange	onSetStatus	265	-1	6	0	Dark	1	1	1	100	0	0	24576	greninjaash	1	1	1	0	0	6	1	0	100	100	1	0	0	Ability	0	psn	wikiberry	1	0	99	1	1		undefined	false	24576	24576	24576	6	2
thermalexchange	onSetStatus	266	1	1	60	Water	1	1	1	20	100	1	2048	greninjabond	1	1	1	1	1	1	1	1	100	0	0	0	false	Move	0	brn	magoberry	1	-1	-1	0	1		false	true	2048	2048	2048	1	2
thermalexchange	onSetStatus	267	1	6	70	Fire	0	1	0	10	100	1	0	greninjaash	1	0	1	1	0	0	1	2	100	160	0	0	false	Move	0	psn	figyberry	0	1	99	1	0		undefined	true	0	0	0	0	2
thermalexchange	onSetStatus	268	6	0	61	Fire	1	1	1	10	100	0	0	greninjabond	1	0	0	1	0	1	1	2	0	160	0	1	false	Ability	0	psn	wikiberry	1	-1	0	0	1		undefined	false	0	0	0	1	2
thermalexchange	onSetStatus	269	1	0	0	Fire	1	1	1	20	-1	0	0	pikachu	0	0	0	1	0	6	1	2	0	160	0	1	null	Ability	1	psn	magoberry	1	1	0	0	1		undefined	false	0	0	0	6	2
thermalexchange	onSetStatus	270	1	0	61	Water	0	0	1	10	100	1	8	greninjabond	1	1	1	1	1	6	1	2	0	160	1	1	false	Ability	1	psn	figyberry	0	0	1	0	0		undefined	true	8	8	8	6	0
thermalexchange	onSetStatus	271	1	1	40	Bug	1	0	1	10	20	1	24576	greninjabond	0	0	1	0	0	0	1	2	100	100	1	1	null	Ability	1	psn	leftovers	2	1	1	1	0		undefined	true	24576	24576	24576	0	0
thermalexchange	onSetStatus	272	0	1	0	Dark	0	1	1	0	100	0	2048	pikachu	1	0	0	1	1	6	0	2	0	160	1	0	0	Move	0	brn	wikiberry	2	-1	99	1	0		false	false	2048	2048	2048	6	2
thermalexchange	onSetStatus	273	-1	0	70	Ghost	0	0	0	20	20	0	2048	pikachu	0	0	0	0	1	6	0	2	60	0	1	0	true	missing	1	brn	aguavberry	0	0	0	1	1		false	false	2048	2048	2048	6	0
thermalexchange	onSetStatus	274	0	0	61	Ghost	1	0	1	0	-1	1	16384	pikachu	1	0	1	1	0	0	0	2	60	100	0	0	0	Ability	1	psn	wikiberry	2	1	-1	1	1		undefined	true	16384	16384	16384	0	0
thermalexchange	onSetStatus	275	-1	1	60	Water	1	0	1	20	0	-1	2048	pikachu	1	1	1	0	1	1	1	1	0	160	1	0	undefined	Move	1	psn	wikiberry	2	1	1	0	1		undefined	undefined	2048	2048	2048	1	0
thermalexchange	onSetStatus	276	1	6	70	Dark	0	0	1	10	100	1	2048	greninjabond	0	0	1	0	0	0	0	2	100	0	1	0	null	missing	1	psn	magoberry	2	0	1	0	1		undefined	true	2048	2048	2048	0	0
thermalexchange	onSetStatus	277	-1	0	0	Bug	0	0	1	100	-1	1	8	greninjabond	1	1	0	0	0	0	0	0	60	160	0	1	null	Ability	1	brn	magoberry	2	0	0	1	1	log:-immune:0:[from] ability: Thermal Exchange:undefined	false	true	8	8	8	0	0
thermalexchange	onSetStatus	278	6	0	0	Fire	1	0	0	10	20	-1	8192	greninjabond	0	0	1	1	0	-1	0	1	100	0	1	1	null	Move	0	brn	wikiberry	0	-1	-1	1	0		false	undefined	8192	8192	8192	-1	0
thermalexchange	onSetStatus	279	1	1	60	Bug	1	0	0	100	-1	1	8192	greninjaash	1	0	1	1	1	-1	1	2	60	0	0	0	null	Move	1	psn	aguavberry	2	1	1	0	1		undefined	true	8192	8192	8192	-1	0
thermalexchange	onSetStatus	280	0	1	60	Dark	1	0	0	20	-1	-1	16384	greninjaash	0	1	0	0	1	-1	0	0	100	100	0	1	false	Ability	0	brn	leftovers	2	0	1	0	0		false	undefined	16384	16384	16384	-1	0
thermalexchange	onSetStatus	281	6	1	60	Normal	0	1	0	20	100	0	8192	pikachu	1	1	0	0	1	6	1	0	100	0	1	1	undefined	Move	1	psn	leftovers	1	-1	1	1	1		undefined	false	8192	8192	8192	6	2
thermalexchange	onSetStatus	282	-1	0	61	Bug	1	0	1	20	20	0	8	greninjaash	1	0	0	1	1	6	0	0	100	0	1	1	undefined	missing	0	brn	leftovers	2	-1	0	1	0		false	false	8	8	8	6	0
thermalexchange	onSetStatus	283	6	1	70	Water	1	0	0	20	-1	0	24576	greninjaash	1	1	0	1	0	6	0	2	0	100	0	1	false	Ability	1	brn	figyberry	1	0	-1	1	0	log:-immune:0:[from] ability: Thermal Exchange:undefined	false	false	24576	24576	24576	6	0
thermalexchange	onSetStatus	284	-1	0	60	Ghost	0	0	0	0	100	1	8	pikachu	1	1	1	1	0	0	0	0	100	0	0	1	false	missing	1	psn	iapapaberry	2	1	99	0	0		undefined	true	8	8	8	0	0
thermalexchange	onSetStatus	285	1	6	40	Normal	0	1	1	10	-1	-1	8	greninjabond	0	0	0	0	1	6	1	1	0	160	1	1	true	Move	0	brn	sitrusberry	0	1	-1	1	1		false	undefined	8	8	8	6	2
thermalexchange	onSetStatus	286	-1	1	40	Bug	1	1	0	10	-1	-1	16384	greninjabond	0	0	1	1	1	-1	0	2	100	100	1	1	null	Ability	1	psn	sitrusberry	1	1	1	1	1		undefined	undefined	16384	16384	16384	-1	2
thermalexchange	onSetStatus	287	6	0	40	Fire	0	0	1	20	100	0	24576	greninjabond	1	0	0	1	0	6	1	1	100	100	1	1	0	Ability	1	psn	leftovers	0	1	99	0	0		undefined	false	24576	24576	24576	6	0
thermalexchange	onSetStatus	288	0	0	61	Ghost	1	0	1	100	0	-1	2048	greninjabond	1	1	1	1	0	1	1	2	60	160	0	0	undefined	Move	1	brn	wikiberry	1	-1	0	0	0	log:-immune:0:[from] ability: Thermal Exchange:undefined	false	undefined	2048	2048	2048	1	0
thermalexchange	onSetStatus	289	6	6	60	Water	1	0	0	10	-1	1	8	greninjabond	1	0	0	1	1	6	0	2	100	0	1	1	true	missing	0	psn	sitrusberry	1	0	-1	0	1		undefined	true	8	8	8	6	0
thermalexchange	onSetStatus	290	6	1	40	Ghost	1	1	0	10	100	1	16384	greninjaash	1	1	0	0	1	1	1	1	0	160	1	1	null	Ability	1	psn	aguavberry	2	-1	0	0	1		undefined	true	16384	16384	16384	1	2
thermalexchange	onSetStatus	291	1	6	40	Normal	1	0	1	100	-1	-1	8	greninjabond	1	1	1	1	1	-1	0	2	100	160	0	1	false	Ability	1	brn	leftovers	0	1	99	1	1	log:-immune:0:[from] ability: Thermal Exchange:undefined	false	undefined	8	8	8	-1	0
thermalexchange	onSetStatus	292	1	1	0	Ghost	1	1	1	100	100	-1	8	greninjabond	0	1	0	0	0	-1	0	2	0	160	0	0	true	Move	1	psn	leftovers	1	0	-1	0	0		undefined	undefined	8	8	8	-1	2
thermalexchange	onSetStatus	293	6	6	61	Fire	1	0	0	100	0	-1	2048	greninjaash	0	1	1	1	1	0	0	0	0	0	1	0	null	Ability	1	psn	aguavberry	1	0	-1	1	1		undefined	undefined	2048	2048	2048	0	0
thermalexchange	onSetStatus	294	0	0	0	Dark	1	1	0	10	0	0	24576	pikachu	0	1	0	1	1	0	1	2	60	100	0	1	0	missing	1	brn	figyberry	1	-1	-1	0	1		false	false	24576	24576	24576	0	2
thermalexchange	onSetStatus	295	-1	6	70	Fire	0	0	0	10	20	1	8	pikachu	1	0	1	0	0	1	1	2	100	0	1	1	true	missing	0	brn	figyberry	0	1	99	1	1		false	true	8	8	8	1	0
thermalexchange	onSetStatus	296	1	1	40	Fire	0	1	1	0	20	-1	8192	greninjaash	0	0	0	0	0	-1	1	1	100	0	1	1	false	missing	1	brn	magoberry	0	0	-1	0	1		false	undefined	8192	8192	8192	-1	2
thermalexchange	onSetStatus	297	6	0	0	Fire	0	1	0	10	100	0	16384	greninjabond	0	1	0	1	0	6	1	0	100	100	1	0	null	missing	1	brn	magoberry	0	1	0	0	0		false	false	16384	16384	16384	6	2
thermalexchange	onSetStatus	298	6	6	70	Bug	1	1	0	100	0	-1	24576	greninjaash	0	1	0	0	0	0	0	1	100	160	1	1	undefined	missing	1	psn	iapapaberry	1	-1	0	1	1		undefined	undefined	24576	24576	24576	0	2
thermalexchange	onSetStatus	299	0	1	60	Dark	0	0	1	100	20	1	24576	pikachu	0	1	0	0	1	0	0	0	0	100	1	0	false	Move	1	psn	aguavberry	0	0	0	0	0		undefined	true	24576	24576	24576	0	0
thermalexchange	onSetStatus	300	-1	6	61	Dark	0	1	1	20	100	1	8	pikachu	0	0	1	1	0	-1	1	1	60	160	1	1	true	Ability	0	psn	wikiberry	2	-1	0	1	1		undefined	true	8	8	8	-1	2
thermalexchange	onSetStatus	301	0	1	60	Water	0	1	0	0	0	0	24576	greninjabond	1	0	1	1	1	6	1	2	60	0	1	0	true	Move	0	psn	iapapaberry	2	0	99	0	1		undefined	false	24576	24576	24576	6	2
thermalexchange	onSetStatus	302	6	0	70	Bug	1	0	1	10	100	0	8192	greninjaash	0	1	0	1	0	0	0	0	0	0	0	1	undefined	Ability	0	brn	leftovers	2	0	1	1	0		false	false	8192	8192	8192	0	0
thermalexchange	onSetStatus	303	-1	1	61	Bug	0	0	0	100	-1	-1	2048	greninjaash	1	0	0	0	1	0	0	2	60	0	0	0	true	Move	0	brn	wikiberry	1	0	-1	0	0		false	undefined	2048	2048	2048	0	0
thermalexchange	onSetStatus	304	1	1	61	Fire	1	1	0	10	0	0	8192	greninjabond	0	1	0	1	0	0	1	2	0	100	0	0	false	Move	1	brn	aguavberry	1	-1	99	0	1	log:-immune:0:[from] ability: Thermal Exchange:undefined	false	false	8192	8192	8192	0	2
thermalexchange	onSetStatus	305	1	1	40	Ghost	0	0	0	0	0	1	24576	pikachu	1	0	0	0	0	-1	1	2	0	100	1	0	true	missing	0	brn	wikiberry	0	0	99	0	0		false	true	24576	24576	24576	-1	0
thermalexchange	onSetStatus	306	1	1	40	Fire	0	1	0	10	-1	-1	24576	pikachu	0	0	0	0	1	6	1	2	60	160	0	1	true	missing	0	brn	iapapaberry	2	0	0	0	0		false	undefined	24576	24576	24576	6	2
thermalexchange	onSetStatus	307	6	1	0	Dark	0	0	0	0	100	0	8192	pikachu	0	1	1	0	0	1	0	2	60	100	0	0	true	Ability	1	psn	figyberry	0	-1	-1	1	1		undefined	false	8192	8192	8192	1	0
thermalexchange	onSetStatus	308	1	0	60	Dark	1	0	0	10	0	0	0	greninjabond	1	0	1	0	1	6	1	0	60	0	0	0	true	Ability	0	psn	iapapaberry	1	-1	1	1	1		undefined	false	0	0	0	6	0
thermalexchange	onSetStatus	309	6	6	61	Water	0	0	0	20	0	0	0	greninjabond	0	1	1	0	0	0	1	0	100	0	1	1	true	missing	1	brn	figyberry	1	-1	99	0	1		false	false	0	0	0	0	0
thermalexchange	onSetStatus	310	-1	6	61	Dark	1	0	1	10	20	0	0	pikachu	0	1	0	1	1	1	0	0	0	100	0	1	null	Move	1	psn	sitrusberry	2	0	-1	0	0		undefined	false	0	0	0	1	0
thermalexchange	onSetStatus	311	0	6	70	Water	1	0	1	20	100	1	2048	pikachu	0	0	1	1	0	-1	0	2	100	0	1	0	true	Move	0	psn	sitrusberry	2	0	0	0	1		undefined	true	2048	2048	2048	-1	0
thermalexchange	onSetStatus	312	1	1	61	Dark	0	0	1	20	20	0	24576	pikachu	1	1	1	0	0	6	0	0	60	100	0	1	null	Move	0	psn	leftovers	2	1	1	0	0		undefined	false	24576	24576	24576	6	0
thermalexchange	onSetStatus	313	1	6	0	Normal	1	1	0	0	20	0	2048	greninjaash	0	1	1	0	0	-1	0	0	0	100	0	0	0	Move	1	psn	aguavberry	2	0	-1	0	0		undefined	false	2048	2048	2048	-1	2
thermalexchange	onSetStatus	314	0	1	40	Water	0	0	1	100	100	-1	0	greninjabond	0	0	1	0	0	1	1	1	0	160	0	1	null	missing	1	psn	sitrusberry	0	0	0	1	0		undefined	undefined	0	0	0	1	0
thermalexchange	onSetStatus	315	1	6	61	Bug	0	0	1	0	100	-1	8	greninjaash	0	1	1	1	1	6	0	2	0	160	1	1	undefined	missing	0	psn	sitrusberry	0	0	1	1	0		undefined	undefined	8	8	8	6	0
thermalexchange	onSetStatus	316	0	6	60	Fire	0	1	1	0	0	-1	0	greninjabond	0	1	0	1	1	6	1	0	60	100	0	1	true	Ability	0	psn	aguavberry	0	0	99	1	0		undefined	undefined	0	0	0	6	2
thermalexchange	onSetStatus	317	-1	0	0	Ghost	1	1	0	100	100	1	8	greninjaash	0	0	1	0	0	6	0	1	100	160	1	1	false	Move	0	psn	magoberry	2	0	99	0	1		undefined	true	8	8	8	6	2
thermalexchange	onSetStatus	318	0	6	60	Normal	1	1	1	10	20	-1	8192	greninjabond	1	0	0	1	0	1	1	0	0	0	1	1	undefined	missing	1	brn	magoberry	2	0	1	1	1		false	undefined	8192	8192	8192	1	2
thermalexchange	onSetStatus	319	1	1	0	Normal	1	0	0	0	20	1	2048	pikachu	0	0	1	0	0	6	0	2	60	0	0	1	0	Move	0	psn	figyberry	0	0	0	1	0		undefined	true	2048	2048	2048	6	0
thermalexchange	onSetStatus	320	1	1	70	Ghost	1	0	1	100	0	0	0	greninjaash	0	0	0	1	0	-1	0	0	100	100	1	0	true	Move	0	psn	figyberry	1	-1	0	1	0		undefined	false	0	0	0	-1	0
thermalexchange	onSetStatus	321	1	0	60	Ghost	0	0	1	0	0	0	24576	greninjaash	0	1	1	1	0	-1	1	1	0	0	0	1	true	missing	1	psn	magoberry	2	0	1	1	0		undefined	false	24576	24576	24576	-1	0
thermalexchange	onSetStatus	322	-1	1	60	Dark	0	0	1	10	0	-1	8	greninjaash	0	1	1	0	1	-1	0	0	60	0	0	1	undefined	Move	1	brn	sitrusberry	1	1	0	1	1	log:-immune:0:[from] ability: Thermal Exchange:undefined	false	undefined	8	8	8	-1	0
thermalexchange	onSetStatus	323	0	0	0	Water	1	0	0	10	0	1	16384	pikachu	1	1	0	1	1	-1	1	0	60	160	0	0	0	Ability	0	brn	aguavberry	2	-1	0	0	1		false	true	16384	16384	16384	-1	0
thermalexchange	onSetStatus	324	6	6	61	Dark	1	1	1	100	0	-1	16384	greninjabond	1	1	1	0	1	1	0	1	100	160	1	0	undefined	Move	1	psn	wikiberry	1	-1	-1	1	0		undefined	undefined	16384	16384	16384	1	2
thermalexchange	onSetStatus	325	1	0	40	Dark	0	0	0	10	100	1	2048	pikachu	1	0	1	0	0	0	1	0	60	100	1	0	undefined	Ability	0	psn	leftovers	1	0	1	0	1		undefined	true	2048	2048	2048	0	0
thermalexchange	onSetStatus	326	1	0	70	Dark	0	1	0	10	-1	0	24576	pikachu	1	0	1	1	1	6	0	0	100	0	1	1	true	Ability	0	psn	sitrusberry	1	1	-1	1	0		undefined	false	24576	24576	24576	6	2
thermalexchange	onSetStatus	327	1	6	0	Fire	1	0	1	100	-1	0	16384	greninjaash	0	0	0	0	1	1	0	1	100	100	1	1	undefined	missing	0	brn	figyberry	0	1	1	0	1		false	false	16384	16384	16384	1	0
thermalexchange	onSetStatus	328	1	0	70	Bug	1	1	0	0	20	0	16384	greninjaash	1	0	1	0	1	1	0	1	100	160	0	1	null	Ability	0	psn	magoberry	1	1	0	1	1		undefined	false	16384	16384	16384	1	2
thermalexchange	onSetStatus	329	1	6	61	Dark	1	1	1	100	-1	0	8192	greninjabond	1	0	1	1	1	-1	0	2	0	100	0	1	false	missing	0	brn	magoberry	2	1	99	1	0		false	false	8192	8192	8192	-1	2
thermalexchange	onSetStatus	330	6	1	70	Water	0	1	1	100	-1	-1	8192	greninjabond	0	1	1	0	1	6	1	1	0	0	1	1	undefined	Ability	0	psn	aguavberry	0	1	0	0	1		undefined	undefined	8192	8192	8192	6	2
thermalexchange	onSetStatus	331	6	1	61	Fire	1	0	1	20	-1	1	2048	greninjabond	1	1	1	0	0	0	1	2	100	0	1	0	null	missing	0	brn	iapapaberry	0	0	99	1	0		false	true	2048	2048	2048	0	0
thermalexchange	onSetStatus	332	0	1	70	Ghost	1	0	0	20	0	0	8192	greninjabond	0	0	1	1	1	1	0	1	0	0	0	1	false	Move	1	psn	aguavberry	0	-1	1	1	0		undefined	false	8192	8192	8192	1	0
thermalexchange	onSetStatus	333	-1	1	0	Bug	0	1	0	20	100	-1	2048	greninjabond	0	1	0	1	0	6	0	0	0	0	0	0	true	missing	1	brn	leftovers	0	0	1	1	1		false	undefined	2048	2048	2048	6	2
thermalexchange	onSetStatus	334	6	0	61	Water	0	1	0	10	0	-1	16384	greninjaash	1	1	1	1	1	-1	0	0	0	100	1	1	null	missing	1	brn	wikiberry	0	1	1	0	0		false	undefined	16384	16384	16384	-1	2
thermalexchange	onSetStatus	335	6	6	0	Dark	0	0	0	10	100	0	2048	greninjaash	1	1	1	1	0	0	0	2	100	100	1	0	true	Move	0	brn	figyberry	1	0	1	1	0		false	false	2048	2048	2048	0	0
thermalexchange	onSetStatus	336	6	6	61	Water	0	0	1	10	-1	1	0	greninjaash	0	1	1	0	1	6	0	0	0	160	1	0	null	Ability	1	psn	sitrusberry	2	-1	-1	1	1		undefined	true	0	0	0	6	0
thermalexchange	onSetStatus	337	0	1	40	Normal	1	0	1	100	100	-1	2048	greninjaash	0	1	1	0	1	-1	1	0	60	100	0	0	false	missing	1	brn	figyberry	1	1	0	1	0		false	undefined	2048	2048	2048	-1	0
thermalexchange	onSetStatus	338	6	1	0	Ghost	0	1	0	10	20	0	0	pikachu	1	1	0	0	0	0	1	1	0	100	1	1	undefined	Move	1	brn	leftovers	2	1	0	1	0	log:-immune:0:[from] ability: Thermal Exchange:undefined	false	false	0	0	0	0	2
thermalexchange	onSetStatus	339	1	1	61	Dark	1	0	0	20	-1	1	0	pikachu	1	1	0	0	1	1	1	1	60	100	1	1	undefined	Move	0	psn	figyberry	1	0	1	1	1		undefined	true	0	0	0	1	0
thermalexchange	onSetStatus	340	6	6	60	Ghost	0	0	1	10	0	1	24576	greninjaash	1	1	0	1	1	1	0	1	100	0	0	0	false	missing	1	psn	magoberry	2	0	99	0	1		undefined	true	24576	24576	24576	1	0
thermalexchange	onSetStatus	341	1	6	60	Normal	1	0	1	0	20	-1	8	greninjabond	0	0	0	1	1	0	1	1	100	100	0	0	undefined	Move	0	brn	leftovers	2	0	0	1	1		false	undefined	8	8	8	0	0
thermalexchange	onSetStatus	342	0	0	60	Fire	0	0	0	10	100	-1	8	greninjabond	1	1	1	1	0	-1	1	0	60	0	0	1	null	missing	1	psn	magoberry	1	1	0	1	1		undefined	undefined	8	8	8	-1	0
thermalexchange	onSetStatus	343	-1	1	70	Bug	0	1	0	0	20	1	2048	greninjaash	1	1	0	1	1	-1	1	1	0	100	0	1	true	missing	1	brn	aguavberry	0	1	99	1	0		false	true	2048	2048	2048	-1	2
thermalexchange	onSetStatus	344	6	1	70	Bug	1	0	0	20	100	-1	8	pikachu	0	1	0	1	1	0	1	0	100	0	1	1	null	Move	1	psn	aguavberry	1	0	99	1	0		undefined	undefined	8	8	8	0	0
thermalexchange	onSetStatus	345	0	1	60	Bug	0	1	1	20	-1	0	8192	greninjaash	0	0	1	0	1	-1	1	2	0	0	0	0	null	missing	0	psn	sitrusberry	0	1	99	0	0		undefined	false	8192	8192	8192	-1	2
thermalexchange	onSetStatus	346	1	0	70	Bug	1	0	0	100	100	1	8	greninjaash	1	0	0	0	1	-1	0	0	60	160	1	1	null	Ability	1	psn	leftovers	1	-1	0	0	0		undefined	true	8	8	8	-1	0
thermalexchange	onSetStatus	347	0	0	70	Bug	0	0	0	100	20	0	0	greninjaash	0	1	1	1	1	6	1	0	0	100	0	1	false	missing	0	psn	iapapaberry	1	-1	0	0	1		undefined	false	0	0	0	6	0
thermalexchange	onSetStatus	348	0	1	0	Dark	1	1	1	0	0	1	8	greninjabond	1	1	1	0	0	0	0	1	100	160	1	1	0	missing	0	psn	magoberry	0	1	-1	0	1		undefined	true	8	8	8	0	2
thermalexchange	onSetStatus	349	6	6	40	Ghost	0	1	1	20	20	0	2048	greninjaash	1	1	0	0	1	6	1	1	0	160	0	1	false	Move	1	psn	figyberry	2	1	0	1	1		undefined	false	2048	2048	2048	6	2
thermalexchange	onSetStatus	350	1	6	61	Normal	0	0	1	10	20	0	8192	greninjaash	1	0	0	0	1	0	0	0	60	160	0	0	undefined	Ability	0	brn	leftovers	0	1	99	0	1		false	false	8192	8192	8192	0	0
thermalexchange	onSetStatus	351	0	0	70	Water	0	1	1	100	-1	1	8	pikachu	1	1	1	0	1	-1	1	1	100	0	1	1	false	missing	1	psn	leftovers	0	1	99	0	1		undefined	true	8	8	8	-1	2
thermalexchange	onSetStatus	352	6	1	40	Normal	0	1	0	100	-1	1	8	greninjaash	1	0	1	0	1	1	1	2	0	160	0	0	true	Ability	1	psn	iapapaberry	1	1	1	1	0		undefined	true	8	8	8	1	2
thermalexchange	onSetStatus	353	0	1	61	Ghost	1	0	1	20	20	0	16384	greninjabond	1	1	0	0	0	-1	0	1	60	160	1	1	0	Ability	1	brn	iapapaberry	0	-1	-1	0	0	log:-immune:0:[from] ability: Thermal Exchange:undefined	false	false	16384	16384	16384	-1	0
thermalexchange	onSetStatus	354	0	0	0	Ghost	1	0	0	10	0	0	8	pikachu	1	0	0	0	0	1	1	1	0	160	0	1	0	Move	0	brn	aguavberry	2	1	0	1	1		false	false	8	8	8	1	0
thermalexchange	onSetStatus	355	6	6	40	Normal	0	0	1	100	100	1	16384	greninjaash	0	1	0	0	0	0	1	1	100	160	1	0	true	missing	0	brn	leftovers	1	-1	99	1	0		false	true	16384	16384	16384	0	0
thermalexchange	onSetStatus	356	-1	6	60	Ghost	0	1	0	100	-1	1	16384	greninjaash	0	0	1	1	0	0	1	2	100	100	0	0	false	Move	0	psn	leftovers	1	1	0	0	0		undefined	true	16384	16384	16384	0	2
thermalexchange	onSetStatus	357	0	1	0	Water	0	0	1	100	20	1	8192	greninjaash	0	0	0	0	1	0	0	2	0	160	0	1	0	missing	0	psn	aguavberry	2	0	-1	0	0		undefined	true	8192	8192	8192	0	0
thermalexchange	onSetStatus	358	6	6	70	Ghost	0	1	1	20	20	-1	0	pikachu	1	0	0	0	0	0	1	0	100	160	0	0	undefined	Ability	1	psn	aguavberry	1	0	0	1	0		undefined	undefined	0	0	0	0	2
thermalexchange	onSetStatus	359	0	6	70	Dark	0	1	0	10	0	0	8192	pikachu	0	1	1	0	0	6	1	1	60	100	0	0	undefined	Ability	1	psn	leftovers	2	0	-1	1	0		undefined	false	8192	8192	8192	6	2
thermalexchange	onSetStatus	360	6	1	0	Normal	1	1	1	0	100	0	24576	pikachu	0	0	1	1	1	-1	1	2	0	0	1	1	undefined	Move	0	psn	figyberry	2	-1	0	0	0		undefined	false	24576	24576	24576	-1	2
thermalexchange	onSetStatus	361	-1	0	60	Fire	1	1	0	10	0	1	8	greninjabond	0	0	0	1	0	-1	1	1	0	0	1	1	undefined	missing	0	brn	figyberry	0	1	1	0	0		false	true	8	8	8	-1	2
thermalexchange	onSetStatus	362	-1	0	61	Water	1	1	1	100	20	1	0	greninjaash	1	1	1	0	1	0	1	2	0	160	0	1	undefined	missing	1	psn	magoberry	1	1	0	0	0		undefined	true	0	0	0	0	2
thermalexchange	onSetStatus	363	1	0	60	Bug	0	0	0	0	100	0	2048	pikachu	0	1	0	0	1	1	0	1	60	0	0	0	false	Move	1	brn	aguavberry	0	0	1	1	1	log:-immune:0:[from] ability: Thermal Exchange:undefined	false	false	2048	2048	2048	1	0
thermalexchange	onSetStatus	364	1	0	60	Ghost	1	0	1	20	-1	-1	2048	greninjaash	1	0	0	0	0	-1	1	0	100	160	0	1	undefined	missing	0	psn	leftovers	0	-1	1	0	0		undefined	undefined	2048	2048	2048	-1	0
thermalexchange	onSetStatus	365	6	1	60	Bug	1	1	1	10	-1	1	2048	pikachu	0	1	0	1	0	-1	1	1	60	160	0	0	undefined	Move	0	brn	magoberry	1	0	-1	0	0		false	true	2048	2048	2048	-1	2
thermalexchange	onSetStatus	366	-1	1	61	Water	1	1	1	20	-1	1	8192	greninjaash	0	0	0	0	1	1	1	1	0	160	0	0	false	missing	0	brn	figyberry	1	1	99	1	0		false	true	8192	8192	8192	1	2
thermalexchange	onSetStatus	367	1	0	61	Dark	1	1	1	0	20	1	8	greninjabond	0	1	0	1	1	1	1	1	60	100	1	0	true	Move	1	brn	magoberry	1	-1	-1	1	1	log:-immune:0:[from] ability: Thermal Exchange:undefined	false	true	8	8	8	1	2
thermalexchange	onSetStatus	368	6	6	70	Normal	1	0	0	10	-1	1	16384	pikachu	1	1	0	0	0	1	0	1	100	160	1	0	undefined	missing	0	psn	aguavberry	2	1	-1	0	1		undefined	true	16384	16384	16384	1	0
thermalexchange	onSetStatus	369	-1	1	60	Bug	0	0	0	10	20	-1	0	pikachu	0	1	0	1	0	-1	0	0	100	100	1	0	undefined	Ability	0	psn	sitrusberry	1	1	99	1	0		undefined	undefined	0	0	0	-1	0
thermalexchange	onSetStatus	370	6	6	0	Fire	1	1	1	10	100	0	24576	greninjabond	1	1	1	0	0	-1	0	1	100	0	0	1	0	Move	1	brn	aguavberry	1	1	0	0	0	log:-immune:0:[from] ability: Thermal Exchange:undefined	false	false	24576	24576	24576	-1	2
thermalexchange	onSetStatus	371	0	6	40	Ghost	0	0	1	0	0	-1	24576	greninjaash	1	1	1	1	1	6	0	0	100	100	1	1	undefined	Move	1	brn	magoberry	0	0	-1	0	0	log:-immune:0:[from] ability: Thermal Exchange:undefined	false	undefined	24576	24576	24576	6	0
thermalexchange	onSetStatus	372	-1	1	61	Fire	1	1	1	10	-1	0	0	greninjaash	0	1	1	1	0	-1	1	1	100	0	1	0	false	missing	1	psn	leftovers	2	1	99	0	1		undefined	false	0	0	0	-1	2
thermalexchange	onSetStatus	373	-1	0	70	Ghost	0	0	1	20	-1	1	2048	pikachu	1	0	0	1	0	1	0	0	100	100	1	0	false	Move	1	psn	aguavberry	1	0	-1	0	0		undefined	true	2048	2048	2048	1	0
thermalexchange	onSetStatus	374	0	1	0	Normal	1	0	1	20	0	1	0	greninjaash	0	1	1	0	1	1	0	1	0	160	1	0	true	missing	0	psn	wikiberry	2	1	0	0	1		undefined	true	0	0	0	1	0
thermalexchange	onSetStatus	375	6	6	61	Normal	1	1	0	20	-1	1	8192	greninjaash	0	1	1	1	1	0	1	1	0	160	1	1	undefined	Move	1	brn	wikiberry	0	0	0	0	0	log:-immune:0:[from] ability: Thermal Exchange:undefined	false	true	8192	8192	8192	0	2
thermalexchange	onSetStatus	376	-1	1	60	Bug	0	0	0	20	0	0	0	greninjaash	0	0	1	1	0	6	0	1	0	160	0	1	0	missing	0	psn	iapapaberry	0	0	99	0	1		undefined	false	0	0	0	6	0
thermalexchange	onSetStatus	377	-1	0	40	Bug	1	1	0	0	100	-1	0	greninjabond	1	0	0	0	1	-1	1	2	60	160	1	0	true	Move	1	psn	iapapaberry	2	-1	0	1	0		undefined	undefined	0	0	0	-1	2
thermalexchange	onSetStatus	378	1	6	60	Fire	1	1	1	100	0	-1	24576	greninjabond	1	0	1	0	0	1	1	0	0	0	0	1	null	missing	0	psn	iapapaberry	0	0	0	1	1		undefined	undefined	24576	24576	24576	1	2
thermalexchange	onSetStatus	379	6	1	60	Dark	1	0	0	10	-1	1	8192	pikachu	1	1	0	1	0	-1	0	0	100	160	1	0	0	Ability	1	psn	iapapaberry	0	1	99	1	1		undefined	true	8192	8192	8192	-1	0
thermalexchange	onSetStatus	380	1	6	70	Dark	0	1	0	0	-1	-1	24576	pikachu	1	1	1	0	0	6	0	1	60	160	0	1	false	Ability	1	brn	wikiberry	2	0	-1	0	1	log:-immune:0:[from] ability: Thermal Exchange:undefined	false	undefined	24576	24576	24576	6	2
thermalexchange	onSetStatus	381	1	0	61	Fire	1	1	0	0	-1	0	8	greninjabond	0	1	1	1	0	-1	1	0	0	0	1	1	0	Ability	0	psn	magoberry	1	-1	99	1	0		undefined	false	8	8	8	-1	2
thermalexchange	onSetStatus	382	6	0	61	Fire	1	0	0	20	100	0	2048	greninjabond	0	1	1	0	0	6	1	0	0	100	1	0	false	Ability	1	brn	iapapaberry	1	-1	99	1	1	log:-immune:0:[from] ability: Thermal Exchange:undefined	false	false	2048	2048	2048	6	0
thermalexchange	onSetStatus	383	6	6	61	Normal	1	1	0	10	0	1	8	pikachu	1	1	0	0	0	-1	0	0	0	160	0	1	true	missing	0	psn	iapapaberry	2	1	1	1	1		undefined	true	8	8	8	-1	2
thermalexchange	onSetStatus	384	-1	6	70	Water	1	1	1	100	20	-1	16384	greninjaash	1	0	1	0	0	0	0	2	100	100	1	0	true	Ability	1	psn	iapapaberry	2	1	1	0	0		undefined	undefined	16384	16384	16384	0	2
thermalexchange	onSetStatus	385	6	0	60	Fire	1	0	0	0	-1	-1	8	greninjabond	0	1	0	0	1	-1	0	1	60	160	1	0	null	Move	0	brn	iapapaberry	1	1	1	1	0		false	undefined	8	8	8	-1	0
thermalexchange	onSetStatus	386	1	1	61	Normal	0	0	1	10	-1	0	2048	greninjabond	0	0	0	0	1	0	1	0	60	0	1	1	true	missing	1	brn	iapapaberry	1	0	0	0	1		false	false	2048	2048	2048	0	0
thermalexchange	onSetStatus	387	1	1	70	Normal	1	0	0	20	-1	0	8192	greninjaash	1	1	1	0	1	0	0	1	60	0	0	0	0	Ability	1	psn	leftovers	0	0	0	1	0		undefined	false	8192	8192	8192	0	0
thermalexchange	onSetStatus	388	-1	1	61	Normal	1	0	1	100	-1	0	24576	pikachu	1	0	0	1	0	6	0	0	100	160	1	0	true	Ability	1	brn	wikiberry	0	1	0	1	1	log:-immune:0:[from] ability: Thermal Exchange:undefined	false	false	24576	24576	24576	6	0
thermalexchange	onSetStatus	389	-1	1	0	Normal	1	1	0	10	-1	0	2048	greninjaash	1	0	1	0	1	1	1	2	0	0	1	1	false	Ability	1	brn	aguavberry	1	-1	99	1	0	log:-immune:0:[from] ability: Thermal Exchange:undefined	false	false	2048	2048	2048	1	2
thermalexchange	onSetStatus	390	-1	6	61	Normal	1	1	0	20	20	1	8	greninjabond	0	0	1	0	1	6	1	1	100	0	1	0	0	missing	0	psn	sitrusberry	2	-1	0	0	0		undefined	true	8	8	8	6	2
thermalexchange	onSetStatus	391	-1	1	61	Bug	0	1	1	100	20	-1	2048	greninjabond	1	1	1	1	1	6	0	1	0	160	1	0	true	Ability	0	psn	wikiberry	1	0	1	1	0		undefined	undefined	2048	2048	2048	6	2
thermalexchange	onSetStatus	392	-1	1	0	Normal	0	1	0	0	0	-1	24576	greninjaash	1	1	0	1	0	1	1	2	100	160	1	1	true	missing	1	psn	iapapaberry	0	-1	0	0	0		undefined	undefined	24576	24576	24576	1	2
thermalexchange	onSetStatus	393	6	1	60	Normal	0	0	0	0	100	0	16384	pikachu	0	0	0	1	1	-1	0	0	60	160	0	1	0	Move	1	brn	iapapaberry	2	-1	-1	0	0	log:-immune:0:[from] ability: Thermal Exchange:undefined	false	false	16384	16384	16384	-1	0
thermalexchange	onSetStatus	394	0	6	60	Dark	0	0	0	100	20	1	8	greninjabond	0	0	0	0	0	6	0	1	100	0	1	1	undefined	Move	1	psn	figyberry	2	0	0	1	0		undefined	true	8	8	8	6	0
thermalexchange	onSetStatus	395	0	6	60	Bug	1	0	1	20	20	-1	8	greninjaash	0	1	0	0	1	1	0	1	100	0	1	1	null	Move	1	brn	figyberry	0	0	-1	0	1	log:-immune:0:[from] ability: Thermal Exchange:undefined	false	undefined	8	8	8	1	0
thermalexchange	onSetStatus	396	1	1	61	Normal	0	0	0	20	20	-1	8192	pikachu	0	1	1	0	1	6	0	0	100	0	1	0	0	Move	1	brn	leftovers	0	1	1	1	0	log:-immune:0:[from] ability: Thermal Exchange:undefined	false	undefined	8192	8192	8192	6	0
thermalexchange	onSetStatus	397	0	0	61	Bug	0	0	0	100	0	1	8192	pikachu	1	1	1	0	1	-1	0	2	60	160	1	0	true	Move	0	brn	leftovers	0	0	1	1	0		false	true	8192	8192	8192	-1	0
thermalexchange	onSetStatus	398	0	1	70	Ghost	1	1	0	20	20	1	16384	greninjabond	0	0	0	0	0	-1	0	2	0	0	0	0	false	Move	0	brn	figyberry	0	1	99	1	1		false	true	16384	16384	16384	-1	2
thermalexchange	onSetStatus	399	0	1	61	Fire	0	1	0	20	-1	0	0	greninjabond	1	1	0	1	1	1	0	0	60	100	0	0	0	Move	0	brn	wikiberry	2	0	99	0	1		false	false	0	0	0	1	2
thermalexchange	onSetStatus	400	-1	0	60	Water	1	0	0	10	20	0	8192	greninjaash	0	1	1	0	0	-1	1	2	60	160	0	1	true	missing	1	psn	sitrusberry	1	0	-1	0	1		undefined	false	8192	8192	8192	-1	0
thermalexchange	onSetStatus	401	6	6	60	Normal	1	1	1	100	-1	1	8	greninjaash	1	1	1	1	0	-1	1	0	100	100	0	1	0	Ability	0	psn	iapapaberry	2	1	1	0	0		undefined	true	8	8	8	-1	2
thermalexchange	onSetStatus	402	-1	0	0	Normal	0	1	0	10	0	-1	8192	greninjabond	0	1	0	0	1	1	1	1	100	0	1	1	null	missing	0	brn	sitrusberry	2	-1	0	0	0		false	undefined	8192	8192	8192	1	2
thermalexchange	onSetStatus	403	6	6	40	Fire	0	1	0	100	100	0	24576	greninjaash	0	0	0	1	0	6	0	1	0	100	0	1	null	missing	0	brn	iapapaberry	1	-1	99	1	0		false	false	24576	24576	24576	6	2
thermalexchange	onSetStatus	404	0	6	60	Normal	1	1	0	20	20	1	8192	greninjabond	1	1	0	1	1	1	1	0	0	100	0	1	null	missing	0	brn	sitrusberry	0	-1	99	1	0		false	true	8192	8192	8192	1	2
thermalexchange	onSetStatus	405	6	0	60	Dark	1	1	0	0	0	-1	0	greninjabond	0	0	1	1	1	1	1	1	100	100	1	0	false	Ability	0	psn	aguavberry	2	0	1	0	0		undefined	undefined	0	0	0	1	2
thermalexchange	onSetStatus	406	1	6	61	Bug	0	1	1	20	-1	-1	0	pikachu	1	1	0	0	1	0	1	0	100	160	0	0	undefined	Move	1	psn	iapapaberry	0	1	0	0	1		undefined	undefined	0	0	0	0	2
thermalexchange	onSetStatus	407	0	6	0	Fire	0	1	1	0	0	0	2048	pikachu	0	1	0	0	0	0	0	1	100	100	1	1	0	missing	0	brn	figyberry	2	-1	99	1	0		false	false	2048	2048	2048	0	2
thermalexchange	onSetStatus	408	-1	0	70	Normal	0	1	1	100	0	-1	8	greninjabond	1	0	1	1	0	0	1	2	0	160	1	0	false	Move	1	psn	wikiberry	2	-1	99	1	1		undefined	undefined	8	8	8	0	2
thermalexchange	onSetStatus	409	1	6	40	Fire	1	0	1	100	20	1	0	greninjaash	0	0	1	1	0	-1	0	1	100	160	0	0	undefined	Move	0	brn	sitrusberry	0	0	99	0	0		false	true	0	0	0	-1	0
thermalexchange	onSetStatus	410	6	6	40	Ghost	0	1	0	100	-1	-1	0	pikachu	0	1	1	0	0	-1	1	0	100	160	0	0	true	Move	1	psn	iapapaberry	1	0	1	0	1		undefined	undefined	0	0	0	-1	2
thermalexchange	onSetStatus	411	1	1	40	Fire	0	1	1	100	0	-1	2048	greninjaash	0	0	1	0	1	-1	1	1	0	160	1	0	undefined	missing	0	psn	sitrusberry	0	0	0	0	1		undefined	undefined	2048	2048	2048	-1	2
thermalexchange	onSetStatus	412	6	0	61	Water	1	1	1	10	20	-1	2048	pikachu	0	0	0	0	1	1	1	2	100	160	1	0	false	Ability	0	brn	leftovers	1	-1	-1	1	1		false	undefined	2048	2048	2048	1	2
thermalexchange	onSetStatus	413	0	0	0	Fire	1	0	0	20	0	-1	0	greninjaash	1	1	1	1	0	-1	0	2	100	100	0	0	0	missing	1	psn	figyberry	1	1	0	0	0		undefined	undefined	0	0	0	-1	0
thermalexchange	onSetStatus	414	6	0	60	Dark	0	0	1	20	0	1	8192	pikachu	1	1	0	0	0	0	1	0	100	160	0	0	false	missing	0	brn	iapapaberry	2	0	99	0	0		false	true	8192	8192	8192	0	0
thermalexchange	onSetStatus	415	1	0	61	Normal	1	1	0	100	20	-1	0	pikachu	0	1	1	0	1	-1	0	2	60	0	0	0	true	Move	0	brn	figyberry	0	-1	-1	1	1		false	undefined	0	0	0	-1	2
thermalexchange	onSetStatus	416	-1	0	60	Normal	0	1	0	0	100	1	24576	greninjabond	0	0	0	0	1	6	0	1	100	0	1	1	false	Move	0	psn	wikiberry	0	0	1	1	1		undefined	true	24576	24576	24576	6	2
thermalexchange	onSetStatus	417	1	1	60	Fire	0	1	1	20	0	-1	0	greninjaash	0	1	1	0	0	-1	1	2	100	0	0	0	true	missing	1	brn	magoberry	1	-1	0	1	0		false	undefined	0	0	0	-1	2
thermalexchange	onSetStatus	418	1	0	70	Water	0	0	1	20	20	-1	24576	pikachu	0	0	1	1	0	6	0	0	100	0	0	0	true	Move	0	brn	magoberry	1	0	1	1	0		false	undefined	24576	24576	24576	6	0
thermalexchange	onSetStatus	419	0	6	61	Ghost	0	1	0	0	0	-1	16384	pikachu	0	0	0	0	0	0	1	0	60	160	1	0	0	Move	0	psn	magoberry	2	1	-1	0	0		undefined	undefined	16384	16384	16384	0	2
thermalexchange	onSetStatus	420	0	6	70	Water	0	0	0	0	20	-1	2048	greninjabond	1	0	1	1	1	0	1	1	60	0	1	1	false	Ability	0	brn	sitrusberry	2	0	0	1	1		false	undefined	2048	2048	2048	0	0
thermalexchange	onSetStatus	421	1	0	61	Normal	0	1	1	0	100	1	8192	greninjabond	1	0	0	0	0	1	1	1	60	0	0	1	true	Move	0	brn	magoberry	1	-1	0	0	0		false	true	8192	8192	8192	1	2
thermalexchange	onSetStatus	422	-1	6	61	Bug	0	0	1	20	100	0	2048	greninjaash	1	0	1	0	0	1	0	1	100	0	1	0	undefined	missing	0	psn	wikiberry	0	-1	0	1	0		undefined	false	2048	2048	2048	1	0
thermalexchange	onSetStatus	423	6	1	61	Normal	1	1	1	20	-1	-1	16384	greninjabond	0	1	0	1	1	6	0	0	0	100	0	0	null	Move	1	psn	magoberry	2	-1	-1	0	0		undefined	undefined	16384	16384	16384	6	2
thermalexchange	onSetStatus	424	0	0	40	Normal	1	0	0	10	-1	1	0	greninjaash	1	1	1	1	1	0	0	2	60	160	0	0	true	missing	0	psn	magoberry	2	1	0	1	0		undefined	true	0	0	0	0	0
thermalexchange	onSetStatus	425	1	6	61	Bug	1	0	1	20	20	-1	8192	greninjaash	1	0	1	0	1	-1	0	2	0	0	0	1	null	missing	0	psn	sitrusberry	2	-1	1	1	1		undefined	undefined	8192	8192	8192	-1	0
thermalexchange	onSetStatus	426	1	6	60	Ghost	0	0	1	0	100	1	16384	greninjabond	1	0	1	1	1	1	1	0	60	160	0	0	undefined	Move	0	brn	magoberry	1	-1	1	0	0		false	true	16384	16384	16384	1	0
thermalexchange	onSetStatus	427	-1	6	60	Normal	1	1	0	0	-1	-1	0	pikachu	1	0	1	1	0	1	1	1	60	0	0	1	undefined	Move	0	brn	leftovers	1	1	1	1	1		false	undefined	0	0	0	1	2
thermalexchange	onSetStatus	428	6	0	60	Bug	1	0	0	100	20	0	2048	greninjabond	1	1	0	0	1	0	0	0	60	0	0	0	false	Ability	1	brn	leftovers	1	0	1	0	0	log:-immune:0:[from] ability: Thermal Exchange:undefined	false	false	2048	2048	2048	0	0
thermalexchange	onSetStatus	429	-1	6	70	Ghost	1	0	1	10	100	0	0	greninjabond	0	1	0	0	0	-1	0	0	100	0	0	1	undefined	missing	1	brn	aguavberry	0	1	-1	1	0		false	false	0	0	0	-1	0
thermalexchange	onSetStatus	430	1	6	70	Ghost	0	1	0	20	20	-1	0	greninjaash	1	0	1	0	1	1	1	0	60	0	1	0	null	Ability	1	psn	iapapaberry	0	0	99	0	1		undefined	undefined	0	0	0	1	2
thermalexchange	onSetStatus	431	6	6	61	Dark	1	1	1	0	0	1	8192	pikachu	0	1	1	1	0	1	1	0	60	160	1	1	0	Move	1	psn	aguavberry	0	0	0	1	1		undefined	true	8192	8192	8192	1	2
thermalexchange	onSetStatus	432	0	6	70	Water	0	0	1	20	100	0	2048	greninjabond	1	0	1	0	1	1	0	2	0	160	1	1	null	missing	0	psn	magoberry	1	-1	-1	1	0		undefined	false	2048	2048	2048	1	0
thermalexchange	onSetStatus	433	0	1	61	Water	1	1	1	10	100	1	16384	greninjabond	0	1	1	1	1	0	0	1	100	0	0	1	null	Move	1	psn	iapapaberry	1	0	-1	1	1		undefined	true	16384	16384	16384	0	2
thermalexchange	onSetStatus	434	0	0	0	Normal	1	0	1	20	0	0	16384	greninjabond	1	1	1	1	0	-1	0	2	0	160	1	0	0	missing	1	psn	aguavberry	0	-1	1	1	1		undefined	false	16384	16384	16384	-1	0
thermalexchange	onSetStatus	435	1	1	0	Bug	1	1	1	10	20	0	0	greninjaash	1	0	0	1	1	6	1	2	60	0	1	1	true	missing	0	brn	aguavberry	0	1	0	0	0		false	false	0	0	0	6	2
thermalexchange	onSetStatus	436	0	1	61	Normal	0	1	1	20	100	0	8	greninjabond	0	1	0	1	0	-1	0	2	100	100	1	1	false	Ability	1	brn	sitrusberry	2	-1	99	0	0	log:-immune:0:[from] ability: Thermal Exchange:undefined	false	false	8	8	8	-1	2
thermalexchange	onSetStatus	437	1	1	40	Fire	1	1	1	100	100	0	8192	greninjaash	1	0	0	1	1	1	0	0	100	160	0	0	false	Move	0	psn	figyberry	0	-1	-1	1	0		undefined	false	8192	8192	8192	1	2
thermalexchange	onSetStatus	438	6	6	61	Bug	0	1	0	20	-1	1	8	greninjaash	1	0	1	0	0	6	1	1	0	160	1	0	true	missing	0	brn	sitrusberry	1	1	0	1	1		false	true	8	8	8	6	2
thermalexchange	onSetStatus	439	-1	0	61	Dark	0	1	0	100	20	1	24576	greninjaash	1	1	0	0	1	0	1	2	100	100	0	1	0	Move	1	brn	figyberry	0	1	1	1	0	log:-immune:0:[from] ability: Thermal Exchange:undefined	false	true	24576	24576	24576	0	2
thermalexchange	onSetStatus	440	0	0	0	Bug	1	1	0	100	-1	0	2048	greninjaash	0	0	0	1	1	-1	1	0	100	100	1	0	null	Move	1	brn	figyberry	1	0	99	1	1	log:-immune:0:[from] ability: Thermal Exchange:undefined	false	false	2048	2048	2048	-1	2
thermalexchange	onSetStatus	441	0	0	0	Fire	0	0	1	10	-1	0	8	pikachu	1	0	0	1	1	0	1	2	100	100	1	1	false	Move	0	brn	aguavberry	1	-1	0	1	1		false	false	8	8	8	0	0
thermalexchange	onSetStatus	442	-1	6	40	Dark	1	1	0	0	20	0	8	greninjaash	1	1	0	1	1	6	0	0	60	0	1	0	0	Ability	0	brn	iapapaberry	1	1	1	0	1		false	false	8	8	8	6	2
thermalexchange	onSetStatus	443	0	6	40	Ghost	1	1	0	10	20	1	0	greninjaash	1	0	0	0	0	-1	1	1	100	160	0	0	undefined	missing	1	brn	magoberry	1	-1	99	0	1		false	true	0	0	0	-1	2
thermalexchange	onSetStatus	444	-1	6	60	Water	1	0	0	10	100	0	24576	greninjabond	1	0	1	0	0	-1	0	1	100	100	1	0	0	Ability	1	brn	figyberry	1	0	-1	0	1	log:-immune:0:[from] ability: Thermal Exchange:undefined	false	false	24576	24576	24576	-1	0
thermalexchange	onSetStatus	445	6	1	40	Bug	0	0	1	0	20	0	0	greninjaash	1	1	0	1	1	-1	1	0	0	160	0	0	undefined	missing	1	brn	figyberry	1	0	-1	1	0		false	false	0	0	0	-1	0
thermalexchange	onSetStatus	446	-1	0	61	Ghost	0	0	0	20	-1	-1	2048	pikachu	0	1	1	0	1	6	0	2	0	160	0	0	true	Ability	0	psn	iapapaberry	1	1	99	0	0		undefined	undefined	2048	2048	2048	6	0
thermalexchange	onSetStatus	447	0	6	0	Fire	0	1	1	10	-1	1	8	pikachu	1	1	0	1	1	-1	1	1	0	160	1	0	true	Move	1	brn	magoberry	0	0	1	0	1	log:-immune:0:[from] ability: Thermal Exchange:undefined	false	true	8	8	8	-1	2
thermalexchange	onSetStatus	448	0	1	60	Normal	0	1	0	0	100	-1	24576	greninjabond	1	1	1	0	1	0	1	1	60	0	0	1	false	missing	1	brn	magoberry	0	0	1	0	1		false	undefined	24576	24576	24576	0	2
thermalexchange	onSetStatus	449	0	1	60	Bug	1	1	0	10	100	-1	0	pikachu	1	0	0	0	1	0	0	0	100	0	1	0	undefined	missing	0	brn	iapapaberry	1	-1	99	0	1		false	undefined	0	0	0	0	2
thermalexchange	onSetStatus	450	6	6	60	Bug	1	1	0	20	100	1	2048	pikachu	1	0	0	1	0	0	1	1	60	160	1	0	null	Ability	0	psn	leftovers	0	0	1	0	0		undefined	true	2048	2048	2048	0	2
thermalexchange	onSetStatus	451	-1	6	70	Ghost	0	1	1	20	100	1	8192	pikachu	0	0	1	0	0	0	0	2	60	100	1	1	false	Move	1	psn	sitrusberry	2	1	1	1	0		undefined	true	8192	8192	8192	0	2
thermalexchange	onSetStatus	452	1	1	70	Water	0	0	0	0	100	1	24576	pikachu	0	0	0	1	0	6	1	0	100	0	0	1	undefined	missing	0	brn	iapapaberry	0	0	0	0	1		false	true	24576	24576	24576	6	0
thermalexchange	onSetStatus	453	0	1	60	Bug	1	1	1	20	20	-1	8	greninjabond	0	1	0	1	1	1	0	1	100	0	0	1	0	Move	1	brn	aguavberry	2	0	99	1	0	log:-immune:0:[from] ability: Thermal Exchange:undefined	false	undefined	8	8	8	1	2
thermalexchange	onSetStatus	454	0	6	70	Bug	1	0	1	20	0	1	16384	greninjaash	0	1	0	0	0	-1	1	0	60	100	0	0	true	missing	1	brn	aguavberry	0	0	0	0	1		false	true	16384	16384	16384	-1	0
thermalexchange	onSetStatus	455	0	0	0	Normal	0	1	0	0	0	0	24576	pikachu	1	1	1	1	0	6	1	1	100	160	0	0	null	Ability	1	psn	iapapaberry	1	-1	99	1	0		undefined	false	24576	24576	24576	6	2
thermalexchange	onSetStatus	456	0	1	70	Dark	0	0	1	10	-1	1	8192	greninjabond	0	1	0	1	0	6	1	0	100	100	1	0	0	Move	1	brn	leftovers	0	-1	1	0	0	log:-immune:0:[from] ability: Thermal Exchange:undefined	false	true	8192	8192	8192	6	0
thermalexchange	onSetStatus	457	0	1	0	Bug	0	0	0	0	0	-1	16384	greninjaash	0	1	0	0	0	0	1	0	0	0	1	0	null	Ability	1	psn	aguavberry	0	1	-1	0	1		undefined	undefined	16384	16384	16384	0	0
thermalexchange	onSetStatus	458	1	0	70	Ghost	1	0	0	0	0	0	16384	greninjaash	1	0	0	1	0	-1	0	2	100	0	0	0	0	Ability	1	brn	leftovers	2	0	1	1	0	log:-immune:0:[from] ability: Thermal Exchange:undefined	false	false	16384	16384	16384	-1	0
thermalexchange	onSetStatus	459	1	1	70	Bug	0	1	0	100	0	-1	8192	greninjabond	0	0	0	1	1	1	0	1	0	0	0	1	undefined	Move	1	psn	figyberry	0	0	-1	0	1		undefined	undefined	8192	8192	8192	1	2
thermalexchange	onSetStatus	460	-1	6	60	Bug	0	1	1	100	100	-1	2048	greninjaash	1	1	0	0	0	6	1	0	60	160	1	0	false	Ability	0	brn	aguavberry	0	-1	99	0	1		false	undefined	2048	2048	2048	6	2
thermalexchange	onSetStatus	461	6	0	61	Ghost	1	0	1	100	20	0	24576	greninjabond	1	0	1	0	1	-1	1	1	100	0	1	1	0	missing	0	psn	sitrusberry	0	0	99	0	0		undefined	false	24576	24576	24576	-1	0
thermalexchange	onSetStatus	462	1	6	70	Dark	1	0	1	20	100	-1	8192	greninjaash	0	0	0	0	0	0	1	2	0	160	0	0	false	Ability	0	psn	magoberry	0	1	99	1	1		undefined	undefined	8192	8192	8192	0	0
thermalexchange	onSetStatus	463	1	0	60	Bug	1	1	1	20	20	1	24576	greninjabond	0	0	0	0	1	1	1	1	60	100	0	1	0	Move	1	psn	wikiberry	2	-1	99	0	1		undefined	true	24576	24576	24576	1	2
thermalexchange	onSetStatus	464	1	6	61	Dark	1	1	0	20	0	0	8	pikachu	1	0	0	1	0	-1	1	1	100	160	0	1	null	Ability	0	brn	aguavberry	2	0	0	0	0		false	false	8	8	8	-1	2
thermalexchange	onSetStatus	465	-1	1	61	Dark	0	1	0	0	20	1	8	pikachu	1	0	0	1	0	0	0	2	100	100	1	1	undefined	Ability	0	psn	aguavberry	2	0	1	0	1		undefined	true	8	8	8	0	2
thermalexchange	onSetStatus	466	1	0	60	Water	1	0	1	20	-1	1	24576	greninjabond	0	0	1	1	1	1	0	0	100	160	0	0	0	Move	0	psn	figyberry	2	0	1	0	1		undefined	true	24576	24576	24576	1	0
thermalexchange	onSetStatus	467	0	6	70	Bug	0	1	1	100	0	-1	24576	greninjabond	0	0	1	1	0	6	0	0	60	160	0	0	null	missing	1	brn	magoberry	0	-1	99	0	0		false	undefined	24576	24576	24576	6	2
thermalexchange	onSetStatus	468	1	6	70	Normal	1	1	0	20	100	0	0	greninjaash	0	0	1	0	0	6	1	1	100	0	1	1	null	Ability	0	brn	magoberry	2	1	-1	1	0		false	false	0	0	0	6	2
thermalexchange	onSetStatus	469	0	1	61	Dark	0	1	0	10	-1	1	0	greninjaash	1	1	1	0	0	1	0	2	100	0	1	1	undefined	Ability	1	psn	wikiberry	1	1	1	0	0		undefined	true	0	0	0	1	2
thermalexchange	onSetStatus	470	-1	0	61	Normal	1	1	1	20	20	1	0	pikachu	0	0	0	0	1	0	0	2	60	0	1	0	null	missing	0	brn	wikiberry	0	-1	1	0	0		false	true	0	0	0	0	2
thermalexchange	onSetStatus	471	6	6	60	Fire	1	0	1	10	-1	0	8	pikachu	0	0	1	0	0	0	0	1	100	0	1	0	null	Ability	0	psn	iapapaberry	2	1	-1	0	1		undefined	false	8	8	8	0	0
thermalexchange	onSetStatus	472	1	0	40	Dark	0	1	1	100	20	0	16384	greninjabond	1	0	1	0	0	1	0	2	100	0	0	0	0	Ability	0	brn	wikiberry	0	-1	-1	0	1		false	false	16384	16384	16384	1	2
thermalexchange	onSetStatus	473	-1	6	60	Fire	1	0	0	100	0	0	0	greninjabond	1	1	0	1	0	0	0	0	0	0	1	1	false	missing	1	brn	leftovers	2	-1	-1	1	1		false	false	0	0	0	0	0
thermalexchange	onSetStatus	474	0	6	61	Dark	0	1	1	0	20	-1	16384	pikachu	0	1	1	1	0	0	1	1	60	160	0	0	null	Move	0	brn	magoberry	2	1	1	1	1		false	undefined	16384	16384	16384	0	2
thermalexchange	onSetStatus	475	-1	6	61	Ghost	1	1	1	0	-1	0	24576	greninjabond	1	0	0	0	0	-1	0	1	0	0	1	0	true	missing	1	brn	sitrusberry	2	1	1	1	0		false	false	24576	24576	24576	-1	2
thermalexchange	onSetStatus	476	-1	1	70	Water	0	0	0	10	100	0	2048	pikachu	0	0	0	1	1	1	1	2	60	100	0	0	undefined	Move	1	brn	leftovers	1	1	0	1	0	log:-immune:0:[from] ability: Thermal Exchange:undefined	false	false	2048	2048	2048	1	0
thermalexchange	onSetStatus	477	1	6	70	Water	1	0	0	100	-1	0	24576	greninjaash	0	0	1	1	0	-1	0	0	0	0	1	0	0	Move	0	brn	leftovers	2	0	1	0	0		false	false	24576	24576	24576	-1	0
thermalexchange	onSetStatus	478	0	1	60	Ghost	1	1	0	20	-1	0	2048	greninjaash	0	1	1	1	0	1	1	0	0	0	1	1	undefined	Move	1	psn	figyberry	0	1	-1	1	0		undefined	false	2048	2048	2048	1	2
thermalexchange	onSetStatus	479	-1	0	60	Fire	1	0	0	0	0	-1	16384	greninjaash	0	0	0	1	0	0	0	1	60	0	0	0	undefined	Move	0	brn	magoberry	0	1	-1	1	0		false	undefined	16384	16384	16384	0	0
thermalexchange	onSetStatus	480	1	1	40	Ghost	1	0	1	0	0	1	16384	greninjabond	0	1	0	1	0	6	0	1	100	160	1	1	0	missing	0	brn	sitrusberry	2	1	99	0	1		false	true	16384	16384	16384	6	0
thermalexchange	onSetStatus	481	-1	0	70	Water	0	1	0	100	-1	1	8192	greninjaash	0	0	1	1	1	0	1	2	100	100	0	0	0	Move	0	psn	wikiberry	0	-1	0	1	1		undefined	true	8192	8192	8192	0	2
thermalexchange	onSetStatus	482	-1	6	61	Normal	0	1	1	20	100	-1	0	greninjaash	0	1	1	1	1	6	0	1	100	100	1	0	undefined	Ability	1	psn	aguavberry	2	0	1	0	0		undefined	undefined	0	0	0	6	2
thermalexchange	onSetStatus	483	1	1	61	Fire	1	1	0	0	20	-1	8192	greninjabond	1	0	1	1	1	1	0	0	0	0	0	1	0	missing	1	psn	magoberry	1	-1	-1	0	1		undefined	undefined	8192	8192	8192	1	2
thermalexchange	onSetStatus	484	6	1	60	Bug	1	0	1	0	0	0	8	greninjabond	1	1	0	0	1	1	0	1	0	0	1	1	0	missing	1	brn	wikiberry	2	-1	1	1	1		false	false	8	8	8	1	0
thermalexchange	onSetStatus	485	-1	6	60	Dark	1	1	0	0	-1	-1	0	greninjabond	1	1	1	1	0	1	1	2	0	0	1	0	null	Move	1	brn	iapapaberry	1	-1	0	1	1	log:-immune:0:[from] ability: Thermal Exchange:undefined	false	undefined	0	0	0	1	2
thermalexchange	onSetStatus	486	1	1	40	Water	1	0	0	100	-1	1	8192	greninjaash	0	1	1	1	1	1	0	0	100	100	1	1	0	Ability	0	brn	figyberry	2	1	1	0	1		false	true	8192	8192	8192	1	0
thermalexchange	onSetStatus	487	-1	0	70	Bug	1	0	1	20	100	1	16384	greninjabond	1	0	0	1	1	-1	0	0	60	100	1	1	0	Ability	0	brn	aguavberry	0	-1	0	0	1		false	true	16384	16384	16384	-1	0
thermalexchange	onSetStatus	488	1	1	0	Ghost	0	0	0	10	20	-1	0	pikachu	1	1	0	0	0	0	0	0	100	100	0	0	true	missing	1	brn	aguavberry	1	0	1	1	1		false	undefined	0	0	0	0	0
thermalexchange	onSetStatus	489	6	0	60	Normal	0	0	1	20	100	-1	16384	greninjabond	1	1	1	0	1	0	0	2	100	0	0	0	true	Ability	1	psn	wikiberry	1	0	99	1	1		undefined	undefined	16384	16384	16384	0	0
thermalexchange	onSetStatus	490	6	6	0	Dark	0	0	0	0	-1	0	8192	greninjaash	0	0	0	1	0	1	0	2	100	0	1	0	undefined	Ability	0	brn	wikiberry	2	-1	1	1	1		false	false	8192	8192	8192	1	0
thermalexchange	onSetStatus	491	0	0	70	Fire	1	1	1	10	20	1	8	greninjabond	1	0	1	1	0	6	1	2	0	0	1	1	undefined	missing	0	psn	aguavberry	1	1	99	0	0		undefined	true	8	8	8	6	2
thermalexchange	onSetStatus	492	0	6	40	Bug	0	1	0	100	0	-1	8	greninjabond	0	1	1	1	1	0	0	2	0	0	1	0	null	Move	1	brn	magoberry	1	1	99	1	1	log:-immune:0:[from] ability: Thermal Exchange:undefined	false	undefined	8	8	8	0	2
thermalexchange	onSetStatus	493	1	0	61	Ghost	0	0	0	20	0	-1	8	greninjabond	1	0	1	0	1	0	0	2	0	100	1	1	undefined	Move	1	psn	figyberry	0	-1	0	1	1		undefined	undefined	8	8	8	0	0
thermalexchange	onSetStatus	494	6	1	61	Dark	0	0	0	100	0	0	16384	greninjaash	1	1	1	1	0	6	0	2	0	0	1	1	undefined	Move	1	psn	aguavberry	2	-1	-1	0	1		undefined	false	16384	16384	16384	6	0
thermalexchange	onSetStatus	495	0	6	70	Water	0	0	0	10	-1	0	0	pikachu	1	0	1	0	0	6	0	2	100	100	0	1	true	Move	0	psn	iapapaberry	0	1	0	0	0		undefined	false	0	0	0	6	0
thermalexchange	onSetStatus	496	1	6	61	Fire	0	1	1	20	0	0	24576	greninjabond	0	0	1	1	1	6	1	2	0	160	0	1	0	Move	1	brn	figyberry	2	-1	0	1	0	log:-immune:0:[from] ability: Thermal Exchange:undefined	false	false	24576	24576	24576	6	2
thermalexchange	onSetStatus	497	6	1	61	Fire	1	1	1	20	-1	-1	8192	greninjaash	1	0	1	0	1	0	1	2	60	0	0	1	0	missing	1	brn	wikiberry	2	-1	-1	0	1		false	undefined	8192	8192	8192	0	2
thermalexchange	onSetStatus	498	1	0	70	Water	0	0	0	20	20	0	2048	pikachu	0	0	0	1	1	0	1	0	100	0	1	0	true	Move	0	psn	magoberry	1	1	1	1	1		undefined	false	2048	2048	2048	0	0
thermalexchange	onSetStatus	499	-1	6	40	Normal	1	1	0	10	100	0	0	greninjaash	0	0	0	0	0	-1	1	0	0	160	0	0	undefined	Move	0	psn	figyberry	1	0	0	1	1		undefined	false	0	0	0	-1	2
thermalexchange	onSetStatus	500	6	0	70	Normal	0	0	0	20	0	0	8	greninjaash	1	0	0	0	1	0	0	0	100	0	0	1	0	missing	0	brn	figyberry	1	-1	-1	1	0		false	false	8	8	8	0	0
thermalexchange	onSetStatus	501	6	6	0	Normal	1	1	0	100	0	1	24576	greninjaash	0	1	1	0	1	6	1	2	0	100	0	1	null	Move	0	brn	aguavberry	0	-1	0	1	1		false	true	24576	24576	24576	6	2
thermalexchange	onSetStatus	502	-1	6	61	Fire	0	1	0	100	100	1	8192	pikachu	1	0	0	1	0	6	1	1	100	0	0	1	0	Move	1	brn	aguavberry	1	0	1	1	0	log:-immune:0:[from] ability: Thermal Exchange:undefined	false	true	8192	8192	8192	6	2
thermalexchange	onSetStatus	503	1	6	60	Fire	0	0	1	100	0	-1	2048	greninjabond	1	0	0	0	0	1	0	2	0	160	0	0	undefined	Ability	0	psn	iapapaberry	2	-1	1	1	1		undefined	undefined	2048	2048	2048	1	0
thermalexchange	onSetStatus	504	6	6	70	Fire	1	1	1	100	100	-1	8192	pikachu	1	1	0	0	1	-1	1	2	60	160	1	0	null	Move	1	brn	aguavberry	2	0	-1	1	0	log:-immune:0:[from] ability: Thermal Exchange:undefined	false	undefined	8192	8192	8192	-1	2
thermalexchange	onSetStatus	505	6	1	60	Ghost	0	0	1	10	20	-1	24576	greninjaash	0	1	1	1	0	0	0	2	100	100	0	1	true	missing	0	brn	aguavberry	2	0	1	0	1		false	undefined	24576	24576	24576	0	0
thermalexchange	onSetStatus	506	0	0	70	Normal	0	0	0	0	100	1	0	pikachu	0	1	0	1	1	6	0	0	0	100	1	0	0	missing	1	brn	sitrusberry	1	1	1	0	0		false	true	0	0	0	6	0
thermalexchange	onSetStatus	507	1	6	70	Normal	0	1	1	20	0	1	2048	pikachu	0	0	1	0	1	0	1	1	0	0	0	1	true	Ability	0	brn	magoberry	1	0	-1	0	0		false	true	2048	2048	2048	0	2
thermalexchange	onSetStatus	508	0	1	0	Bug	1	0	1	10	0	0	2048	pikachu	0	0	0	1	1	-1	1	2	0	160	1	0	true	Move	0	psn	iapapaberry	1	-1	0	1	0		undefined	false	2048	2048	2048	-1	0
thermalexchange	onSetStatus	509	0	1	61	Normal	0	0	1	10	0	1	0	greninjabond	1	0	0	0	1	0	0	1	60	100	0	0	true	Move	1	brn	wikiberry	0	1	-1	0	1	log:-immune:0:[from] ability: Thermal Exchange:undefined	false	true	0	0	0	0	0
thermalexchange	onSetStatus	510	1	1	70	Water	0	1	1	100	20	1	8192	greninjabond	1	0	0	1	1	-1	0	2	60	0	0	1	true	Ability	0	psn	iapapaberry	2	-1	-1	0	0		undefined	true	8192	8192	8192	-1	2
thermalexchange	onSetStatus	511	1	1	0	Ghost	0	0	1	20	100	0	2048	greninjabond	0	0	1	1	1	0	1	1	100	160	1	0	undefined	Ability	1	brn	wikiberry	2	0	99	0	0	log:-immune:0:[from] ability: Thermal Exchange:undefined	false	false	2048	2048	2048	0	0
thermalexchange	onSetStatus	512	6	1	61	Dark	0	0	0	0	-1	1	24576	greninjaash	0	1	0	1	1	1	1	0	100	100	0	1	false	missing	0	brn	aguavberry	2	-1	99	1	1		false	true	24576	24576	24576	1	0
thermalexchange	onSetStatus	513	1	1	60	Water	0	1	1	10	0	-1	2048	greninjaash	1	0	1	1	0	0	1	2	0	0	0	1	false	missing	1	psn	iapapaberry	0	-1	99	0	1		undefined	undefined	2048	2048	2048	0	2
thermalexchange	onSetStatus	514	0	6	40	Ghost	1	1	0	20	0	-1	24576	greninjabond	1	1	1	1	0	1	0	1	60	160	0	0	null	Ability	0	psn	iapapaberry	0	1	1	1	0		undefined	undefined	24576	24576	24576	1	2
thermalexchange	onSetStatus	515	0	6	61	Fire	0	1	1	100	0	1	2048	greninjaash	0	0	0	1	0	1	1	2	100	100	1	1	false	Move	0	brn	leftovers	0	1	1	0	1		false	true	2048	2048	2048	1	2
thermalexchange	onSetStatus	516	6	0	60	Ghost	0	1	0	0	0	0	2048	greninjabond	0	1	1	0	1	-1	1	0	100	160	0	1	null	missing	0	psn	magoberry	1	0	1	0	0		undefined	false	2048	2048	2048	-1	2
thermalexchange	onSetStatus	517	6	1	0	Fire	0	0	1	20	0	-1	8192	greninjabond	0	1	0	1	0	6	0	1	60	160	0	0	null	Move	0	psn	aguavberry	0	-1	-1	0	1		undefined	undefined	8192	8192	8192	6	0
thermalexchange	onSetStatus	518	6	0	61	Fire	0	0	1	100	-1	0	16384	greninjaash	1	1	0	1	0	-1	0	2	60	100	0	1	undefined	Ability	1	brn	magoberry	2	1	1	1	1	log:-immune:0:[from] ability: Thermal Exchange:undefined	false	false	16384	16384	16384	-1	0
thermalexchange	onSetStatus	519	6	6	61	Ghost	1	0	0	0	-1	1	8	greninjaash	0	0	0	0	0	-1	1	1	100	0	0	1	false	Ability	1	brn	figyberry	1	-1	99	0	1	log:-immune:0:[from] ability: Thermal Exchange:undefined	false	true	8	8	8	-1	0
thermalexchange	onSetStatus	520	6	0	60	Ghost	1	0	1	10	100	0	16384	pikachu	0	0	1	0	1	6	0	2	0	0	0	0	0	missing	0	brn	sitrusberry	0	0	1	1	1		false	false	16384	16384	16384	6	0
thermalexchange	onSetStatus	521	1	0	61	Ghost	1	1	1	10	20	1	24576	greninjaash	1	1	1	0	0	0	1	2	60	160	1	0	false	Ability	0	psn	aguavberry	0	-1	0	1	1		undefined	true	24576	24576	24576	0	2
thermalexchange	onSetStatus	522	-1	1	60	Normal	1	1	1	0	-1	1	16384	pikachu	1	1	1	1	1	-1	1	0	0	160	0	0	null	missing	0	brn	sitrusberry	0	0	1	0	1		false	true	16384	16384	16384	-1	2
thermalexchange	onSetStatus	523	-1	0	70	Dark	0	1	0	100	-1	-1	2048	greninjaash	1	0	1	1	0	6	1	0	0	100	0	0	0	Ability	0	psn	iapapaberry	1	1	0	1	0		undefined	undefined	2048	2048	2048	6	2
thermalexchange	onSetStatus	524	0	6	40	Dark	1	1	1	100	-1	-1	2048	pikachu	1	0	0	1	0	-1	1	2	0	0	0	1	true	missing	0	psn	aguavberry	2	-1	99	0	1		undefined	undefined	2048	2048	2048	-1	2
thermalexchange	onSetStatus	525	-1	1	0	Fire	1	1	1	0	100	-1	2048	pikachu	0	0	0	1	0	0	1	2	100	0	0	1	undefined	Move	1	psn	figyberry	2	1	99	0	1		undefined	undefined	2048	2048	2048	0	2
thermalexchange	onSetStatus	526	-1	0	70	Bug	0	0	1	100	-1	-1	8192	greninjabond	1	1	1	1	1	0	1	0	100	100	1	1	0	missing	1	psn	wikiberry	0	0	-1	0	0		undefined	undefined	8192	8192	8192	0	0
thermalexchange	onSetStatus	527	-1	6	60	Normal	1	0	1	100	0	1	8192	pikachu	0	0	1	0	0	6	1	1	60	160	1	1	undefined	Ability	1	psn	iapapaberry	2	-1	-1	1	0		undefined	true	8192	8192	8192	6	0
thermalexchange	onSetStatus	528	6	6	61	Ghost	0	1	1	20	-1	-1	16384	greninjaash	1	0	0	1	1	0	0	1	0	0	1	0	true	Ability	0	brn	wikiberry	1	1	0	1	0		false	undefined	16384	16384	16384	0	2
thermalexchange	onSetStatus	529	1	1	70	Dark	0	0	0	0	0	-1	0	greninjaash	0	0	0	0	1	0	0	1	100	0	1	0	true	Move	1	brn	leftovers	0	-1	99	1	1	log:-immune:0:[from] ability: Thermal Exchange:undefined	false	undefined	0	0	0	0	0
thermalexchange	onSetStatus	530	6	0	0	Ghost	1	0	1	20	100	1	0	pikachu	1	0	1	1	0	6	0	1	100	100	0	0	undefined	missing	1	psn	wikiberry	2	0	1	1	1		undefined	true	0	0	0	6	0
thermalexchange	onSetStatus	531	1	0	60	Bug	1	0	1	0	20	0	2048	pikachu	1	1	1	0	1	-1	1	1	100	0	1	0	false	missing	1	psn	magoberry	0	1	-1	0	1		undefined	false	2048	2048	2048	-1	0
thermalexchange	onSetStatus	532	-1	6	60	Fire	0	0	1	100	-1	0	2048	pikachu	0	0	1	0	0	6	0	0	0	100	1	0	null	missing	1	psn	leftovers	1	1	-1	0	1		undefined	false	2048	2048	2048	6	0
thermalexchange	onSetStatus	533	1	1	61	Water	0	0	1	10	100	1	8	greninjaash	1	1	0	0	0	6	0	0	60	100	0	1	true	Ability	1	brn	leftovers	0	0	99	1	1	log:-immune:0:[from] ability: Thermal Exchange:undefined	false	true	8	8	8	6	0
thermalexchange	onSetStatus	534	0	0	0	Dark	1	0	0	100	0	-1	24576	greninjaash	0	0	1	1	0	1	0	1	0	100	1	1	0	missing	0	brn	leftovers	2	-1	1	1	0		false	undefined	24576	24576	24576	1	0
thermalexchange	onSetStatus	535	-1	0	70	Bug	1	0	0	10	100	-1	8192	pikachu	1	0	1	1	1	1	1	0	0	160	0	0	true	missing	1	psn	figyberry	0	0	-1	0	1		undefined	undefined	8192	8192	8192	1	0
thermalexchange	onSetStatus	536	6	1	40	Ghost	1	0	0	0	100	-1	2048	pikachu	0	1	0	0	1	1	0	0	0	160	0	1	0	Move	0	brn	sitrusberry	1	-1	-1	0	0		false	undefined	2048	2048	2048	1	0
thermalexchange	onSetStatus	537	0	6	0	Normal	0	1	0	0	-1	-1	8192	pikachu	1	1	0	0	1	0	1	2	60	0	1	1	undefined	Move	1	psn	wikiberry	0	-1	-1	1	1		undefined	undefined	8192	8192	8192	0	2
thermalexchange	onSetStatus	538	1	1	0	Normal	1	0	1	0	0	-1	24576	greninjabond	1	0	0	1	1	0	0	0	0	0	1	1	true	Ability	0	brn	iapapaberry	2	-1	99	1	0		false	undefined	24576	24576	24576	0	0
thermalexchange	onSetStatus	539	0	1	61	Bug	1	0	0	0	100	-1	24576	greninjaash	1	1	0	1	0	0	0	2	60	0	0	1	0	Move	1	brn	leftovers	1	1	1	1	0	log:-immune:0:[from] ability: Thermal Exchange:undefined	false	undefined	24576	24576	24576	0	0
thermalexchange	onSetStatus	540	1	6	61	Ghost	0	0	0	20	-1	-1	8192	pikachu	1	1	1	1	0	6	0	0	60	0	0	1	true	Ability	1	psn	iapapaberry	0	-1	0	0	0		undefined	undefined	8192	8192	8192	6	0
thermalexchange	onSetStatus	541	-1	1	40	Normal	0	1	1	100	100	1	8192	greninjabond	0	0	0	0	1	0	1	1	100	0	1	1	undefined	missing	0	brn	magoberry	2	1	1	1	1		false	true	8192	8192	8192	0	2
thermalexchange	onSetStatus	542	1	1	40	Water	1	1	0	100	100	1	2048	greninjabond	0	0	1	1	1	1	0	2	100	160	1	1	undefined	Ability	1	psn	aguavberry	1	-1	-1	1	1		undefined	true	2048	2048	2048	1	2
thermalexchange	onSetStatus	543	0	1	60	Fire	0	0	1	0	-1	0	24576	greninjaash	1	0	0	1	0	0	1	1	100	160	1	1	true	missing	1	psn	sitrusberry	1	1	0	0	0		undefined	false	24576	24576	24576	0	0
thermalexchange	onSetStatus	544	6	0	0	Ghost	1	0	1	10	20	-1	16384	greninjaash	1	1	1	1	0	-1	1	0	100	0	0	0	0	Move	1	brn	magoberry	0	-1	99	0	0	log:-immune:0:[from] ability: Thermal Exchange:undefined	false	undefined	16384	16384	16384	-1	0
thermalexchange	onSetStatus	545	0	1	40	Water	1	0	0	100	100	1	8	greninjaash	1	0	0	1	1	0	0	1	60	100	1	1	undefined	Ability	0	psn	iapapaberry	0	-1	1	0	1		undefined	true	8	8	8	0	0
thermalexchange	onSetStatus	546	0	6	40	Dark	1	1	0	100	-1	-1	2048	greninjabond	1	1	0	0	1	-1	1	2	60	160	1	1	true	Ability	1	psn	iapapaberry	1	-1	99	0	1		undefined	undefined	2048	2048	2048	-1	2
thermalexchange	onSetStatus	547	-1	1	70	Normal	1	0	1	10	100	0	24576	greninjabond	1	1	1	1	1	1	0	0	60	100	0	1	null	Move	1	brn	iapapaberry	0	0	0	1	1	log:-immune:0:[from] ability: Thermal Exchange:undefined	false	false	24576	24576	24576	1	0
thermalexchange	onSetStatus	548	-1	0	70	Fire	1	1	1	10	-1	1	8192	greninjaash	0	1	0	0	0	1	0	1	0	160	0	0	null	Move	1	psn	aguavberry	1	1	1	0	0		undefined	true	8192	8192	8192	1	2
thermalexchange	onSetStatus	549	0	6	0	Ghost	1	0	0	10	20	0	2048	greninjabond	0	1	1	1	1	6	0	1	0	100	1	0	null	missing	1	psn	aguavberry	1	0	1	1	1		undefined	false	2048	2048	2048	6	0
thermalexchange	onSetStatus	550	6	1	0	Ghost	1	1	0	100	20	-1	8	pikachu	0	1	0	1	1	6	1	0	100	0	0	1	0	Ability	1	brn	aguavberry	0	-1	1	0	1	log:-immune:0:[from] ability: Thermal Exchange:undefined	false	undefined	8	8	8	6	2
thermalexchange	onSetStatus	551	1	1	70	Dark	0	0	0	100	0	0	24576	greninjabond	1	0	1	0	0	-1	1	1	60	160	1	1	0	missing	0	brn	magoberry	0	1	0	1	1		false	false	24576	24576	24576	-1	0
thermalexchange	onSetStatus	552	-1	6	60	Ghost	0	1	1	20	0	1	8	greninjabond	0	0	0	0	0	1	1	2	0	0	1	1	undefined	Move	1	brn	aguavberry	2	-1	1	0	1	log:-immune:0:[from] ability: Thermal Exchange:undefined	false	true	8	8	8	1	2
thermalexchange	onSetStatus	553	0	6	40	Dark	0	1	0	100	-1	0	16384	pikachu	0	1	0	1	0	0	1	2	0	0	1	0	null	Move	1	brn	figyberry	2	1	99	0	0	log:-immune:0:[from] ability: Thermal Exchange:undefined	false	false	16384	16384	16384	0	2
thermalexchange	onSetStatus	554	0	0	60	Bug	1	1	0	10	20	1	8	greninjaash	0	1	0	0	0	6	0	1	100	100	1	1	0	missing	1	psn	wikiberry	2	-1	99	1	1		undefined	true	8	8	8	6	2
thermalexchange	onSetStatus	555	6	6	70	Fire	0	0	1	10	0	-1	8192	greninjaash	0	1	0	0	1	6	0	1	100	160	1	0	false	missing	1	psn	wikiberry	1	1	99	0	0		undefined	undefined	8192	8192	8192	6	0
thermalexchange	onSetStatus	556	1	6	70	Fire	0	1	1	0	-1	-1	24576	greninjabond	0	0	1	1	0	1	1	0	60	100	1	1	null	missing	0	psn	iapapaberry	0	1	99	1	1		undefined	undefined	24576	24576	24576	1	2
thermalexchange	onSetStatus	557	6	6	70	Bug	0	1	0	20	20	-1	24576	greninjaash	1	0	1	1	1	0	1	1	100	0	1	0	0	missing	0	psn	iapapaberry	2	-1	0	0	1		undefined	undefined	24576	24576	24576	0	2
thermalexchange	onSetStatus	558	0	1	60	Bug	1	0	1	100	-1	1	8192	greninjaash	0	1	0	1	0	6	0	1	100	100	0	1	undefined	Move	0	brn	aguavberry	1	1	-1	1	0		false	true	8192	8192	8192	6	0
thermalexchange	onSetStatus	559	1	0	40	Bug	0	0	0	10	100	1	0	pikachu	1	0	0	0	1	6	0	2	100	100	0	0	null	missing	0	brn	aguavberry	1	0	1	0	0		false	true	0	0	0	6	0
thermalexchange	onSetStatus	560	-1	6	60	Dark	1	1	0	100	20	1	8	pikachu	0	1	0	1	0	6	1	0	60	100	0	0	true	missing	1	brn	figyberry	1	1	0	0	1		false	true	8	8	8	6	2
thermalexchange	onSetStatus	561	-1	1	0	Dark	0	0	0	20	20	-1	8192	pikachu	1	0	0	0	0	1	1	0	60	160	1	0	false	Ability	0	brn	figyberry	2	1	0	0	0		false	undefined	8192	8192	8192	1	0
thermalexchange	onSetStatus	562	-1	0	0	Fire	0	1	0	100	100	1	8	greninjabond	0	0	0	0	1	0	1	1	60	100	0	1	0	Ability	0	brn	iapapaberry	0	0	99	0	0		false	true	8	8	8	0	2
thermalexchange	onSetStatus	563	0	1	70	Dark	0	0	0	20	-1	-1	8	pikachu	0	1	1	0	0	-1	0	2	0	160	0	0	null	missing	1	psn	leftovers	2	-1	1	1	1		undefined	undefined	8	8	8	-1	0
thermalexchange	onSetStatus	564	-1	6	0	Fire	1	0	0	100	20	0	16384	pikachu	1	0	1	0	1	0	1	1	0	160	0	0	undefined	Move	0	psn	iapapaberry	0	0	-1	1	1		undefined	false	16384	16384	16384	0	0
thermalexchange	onSetStatus	565	0	1	70	Water	0	0	0	0	20	0	16384	greninjabond	0	1	1	0	0	6	1	0	60	160	1	1	false	Ability	1	brn	leftovers	2	-1	0	0	1	log:-immune:0:[from] ability: Thermal Exchange:undefined	false	false	16384	16384	16384	6	0
thermalexchange	onSetStatus	566	1	6	70	Fire	1	0	1	100	0	0	2048	greninjaash	0	1	0	1	1	-1	0	1	60	160	0	1	0	Move	1	psn	iapapaberry	1	0	1	0	0		undefined	false	2048	2048	2048	-1	0
thermalexchange	onSetStatus	567	6	0	60	Water	1	0	1	0	-1	1	16384	greninjabond	0	0	1	1	0	1	0	1	0	100	1	0	true	missing	0	psn	figyberry	1	-1	99	0	1		undefined	true	16384	16384	16384	1	0
thermalexchange	onSetStatus	568	-1	6	70	Ghost	0	0	1	0	0	1	8	greninjabond	1	1	1	0	0	0	0	1	100	0	0	1	undefined	Ability	0	psn	sitrusberry	0	1	-1	0	0		undefined	true	8	8	8	0	0
thermalexchange	onSetStatus	569	-1	6	70	Normal	1	1	0	20	0	0	16384	greninjaash	0	1	1	0	0	1	0	2	60	160	0	0	false	Ability	1	psn	wikiberry	1	0	1	0	0		undefined	false	16384	16384	16384	1	2
thermalexchange	onSetStatus	570	6	1	0	Normal	0	0	1	10	-1	-1	2048	greninjabond	0	0	1	0	0	-1	1	2	100	160	0	1	0	Move	1	psn	figyberry	0	1	99	1	0		undefined	undefined	2048	2048	2048	-1	0
thermalexchange	onSetStatus	571	-1	6	40	Normal	0	0	1	20	-1	0	8	pikachu	0	1	1	1	1	0	0	0	60	0	1	1	undefined	Move	0	psn	iapapaberry	1	1	-1	1	0		undefined	false	8	8	8	0	0
thermalexchange	onSetStatus	572	6	0	61	Fire	0	1	1	20	20	0	16384	greninjaash	0	1	0	1	1	0	1	2	100	0	0	1	undefined	Move	0	psn	sitrusberry	0	0	0	1	0		undefined	false	16384	16384	16384	0	2
thermalexchange	onSetStatus	573	1	0	61	Fire	1	1	0	10	-1	-1	8	greninjabond	0	0	1	0	0	0	0	1	60	160	1	1	undefined	Ability	0	psn	figyberry	2	1	0	0	1		undefined	undefined	8	8	8	0	2
thermalexchange	onSetStatus	574	6	1	61	Normal	1	1	1	100	0	1	8192	greninjabond	1	0	0	1	0	-1	1	1	60	0	1	1	undefined	Move	1	brn	aguavberry	2	-1	-1	1	1	log:-immune:0:[from] ability: Thermal Exchange:undefined	false	true	8192	8192	8192	-1	2
thermalexchange	onSetStatus	575	-1	6	61	Normal	1	0	0	20	0	0	0	pikachu	0	0	1	0	0	0	0	0	60	100	0	1	true	missing	0	psn	magoberry	1	-1	99	1	0		undefined	false	0	0	0	0	0
thermalexchange	onSetStatus	576	-1	0	70	Dark	1	0	1	10	20	-1	2048	pikachu	0	0	0	1	0	1	0	1	0	0	1	0	true	Ability	0	psn	magoberry	2	1	99	1	0		undefined	undefined	2048	2048	2048	1	0
thermalexchange	onSetStatus	577	-1	0	0	Fire	0	0	1	20	20	-1	8	greninjaash	0	1	1	1	0	1	1	1	0	100	0	1	false	Ability	1	psn	iapapaberry	0	0	-1	1	0		undefined	undefined	8	8	8	1	0
thermalexchange	onSetStatus	578	1	0	60	Fire	0	0	1	100	20	0	24576	pikachu	0	1	1	0	1	1	0	0	0	100	0	1	false	missing	1	brn	aguavberry	1	0	99	1	1		false	false	24576	24576	24576	1	0
thermalexchange	onSetStatus	579	6	0	61	Bug	1	0	0	100	20	0	2048	pikachu	1	1	0	1	1	1	1	1	60	0	0	0	undefined	Move	0	brn	figyberry	1	0	99	0	1		false	false	2048	2048	2048	1	0
thermalexchange	onSetStatus	580	0	0	0	Fire	1	1	1	10	20	-1	0	pikachu	1	1	1	0	1	-1	0	2	60	0	1	0	0	Ability	1	psn	magoberry	2	0	1	1	0		undefined	undefined	0	0	0	-1	2
thermalexchange	onSetStatus	581	-1	6	40	Dark	0	0	0	100	-1	-1	16384	greninjaash	1	0	1	0	0	6	1	2	100	160	1	0	true	Ability	0	psn	aguavberry	1	-1	-1	0	1		undefined	undefined	16384	16384	16384	6	0
thermalexchange	onSetStatus	582	-1	6	61	Ghost	0	1	0	100	100	-1	24576	pikachu	1	0	1	1	1	0	0	0	0	160	1	1	undefined	missing	0	psn	leftovers	1	1	1	1	0		undefined	undefined	24576	24576	24576	0	2
thermalexchange	onSetStatus	583	-1	0	60	Fire	1	0	1	10	100	1	16384	greninjaash	0	0	0	0	1	-1	0	2	100	160	1	1	undefined	missing	0	brn	sitrusberry	0	1	-1	0	1		false	true	16384	16384	16384	-1	0
thermalexchange	onSetStatus	584	-1	6	61	Water	1	1	0	20	0	0	0	greninjabond	1	0	1	0	1	-1	0	0	0	160	0	1	true	Move	0	psn	magoberry	2	0	99	1	1		undefined	false	0	0	0	-1	2
thermalexchange	onSetStatus	585	-1	6	70	Fire	1	1	1	10	100	0	8192	greninjabond	1	0	1	1	1	1	0	1	60	0	0	1	false	missing	0	brn	leftovers	0	1	0	1	0		false	false	8192	8192	8192	1	2
thermalexchange	onSetStatus	586	0	1	0	Bug	0	1	1	10	100	1	8192	pikachu	0	1	1	0	1	0	1	1	100	100	1	1	undefined	missing	0	psn	iapapaberry	2	-1	99	0	1		undefined	true	8192	8192	8192	0	2
thermalexchange	onSetStatus	587	0	1	0	Fire	1	0	1	0	100	0	16384	pikachu	1	1	1	0	0	6	1	2	0	100	1	0	undefined	missing	0	brn	wikiberry	0	0	0	1	0		false	false	16384	16384	16384	6	0
thermalexchange	onSetStatus	588	6	6	61	Dark	1	0	0	0	20	-1	8192	greninjaash	0	0	1	1	1	-1	0	0	100	0	0	1	null	missing	1	psn	leftovers	2	0	-1	1	0		undefined	undefined	8192	8192	8192	-1	0
thermalexchange	onSetStatus	589	1	6	70	Bug	0	1	0	0	-1	0	2048	greninjaash	0	1	0	1	0	0	0	0	0	100	0	0	true	Ability	1	brn	figyberry	2	-1	-1	1	1	log:-immune:0:[from] ability: Thermal Exchange:undefined	false	false	2048	2048	2048	0	2
thermalexchange	onSetStatus	590	0	6	60	Normal	0	1	0	100	20	0	0	greninjaash	1	1	1	1	1	1	0	1	60	0	1	1	false	missing	1	brn	aguavberry	1	0	-1	0	0		false	false	0	0	0	1	2
thermalexchange	onSetStatus	591	0	1	40	Fire	0	0	0	100	-1	0	16384	pikachu	1	1	1	1	0	6	0	0	60	160	1	0	true	Move	0	brn	iapapaberry	1	-1	-1	1	0		false	false	16384	16384	16384	6	0
thermalexchange	onSetStatus	592	0	0	61	Normal	0	0	1	100	100	1	2048	greninjabond	0	1	1	0	1	0	0	0	100	100	1	0	0	Move	1	psn	figyberry	0	-1	1	1	1		undefined	true	2048	2048	2048	0	0
thermalexchange	onSetStatus	593	6	1	40	Normal	1	0	1	10	-1	-1	0	greninjaash	0	1	1	0	1	1	1	1	100	100	0	0	0	Move	1	brn	aguavberry	2	-1	99	1	0	log:-immune:0:[from] ability: Thermal Exchange:undefined	false	undefined	0	0	0	1	0
thermalexchange	onSetStatus	594	0	6	61	Ghost	0	1	0	100	0	-1	2048	greninjaash	1	1	0	0	0	6	1	0	0	0	1	1	true	Ability	1	brn	iapapaberry	0	1	99	1	0	log:-immune:0:[from] ability: Thermal Exchange:undefined	false	undefined	2048	2048	2048	6	2
thermalexchange	onSetStatus	595	-1	6	70	Ghost	1	0	0	0	100	-1	2048	greninjaash	1	1	0	0	1	-1	1	1	60	160	1	1	undefined	Move	0	psn	leftovers	1	-1	-1	1	1		undefined	undefined	2048	2048	2048	-1	0
thermalexchange	onSetStatus	596	0	6	60	Ghost	0	0	1	100	20	1	8192	greninjaash	1	1	0	1	1	-1	0	2	0	100	0	0	null	missing	1	psn	magoberry	1	0	0	0	1		undefined	true	8192	8192	8192	-1	0
thermalexchange	onSetStatus	597	-1	6	60	Normal	1	0	1	20	0	0	8192	pikachu	0	0	0	1	1	6	1	1	100	0	0	0	undefined	missing	0	brn	iapapaberry	2	1	99	1	1		false	false	8192	8192	8192	6	0
thermalexchange	onSetStatus	598	6	0	0	Ghost	0	0	0	100	-1	1	8192	greninjabond	1	1	1	1	0	1	1	2	60	0	0	1	null	Ability	1	psn	sitrusberry	2	-1	99	1	1		undefined	true	8192	8192	8192	1	0
thermalexchange	onSetStatus	599	1	6	40	Water	0	1	0	20	0	0	16384	greninjabond	1	1	0	1	1	1	1	1	100	0	0	1	null	missing	1	brn	sitrusberry	2	-1	0	1	0		false	false	16384	16384	16384	1	2
thermalexchange	onSetStatus	600	0	1	70	Normal	1	0	0	0	-1	0	24576	greninjaash	0	1	0	1	1	6	1	2	100	0	1	1	undefined	Ability	1	psn	wikiberry	1	0	0	1	0		undefined	false	24576	24576	24576	6	0
thermalexchange	onSetStatus	601	6	1	70	Normal	0	1	1	0	100	0	24576	greninjaash	0	0	1	0	1	1	1	2	60	160	0	0	null	Move	0	psn	figyberry	0	0	0	0	0		undefined	false	24576	24576	24576	1	2
thermalexchange	onSetStatus	602	-1	6	61	Water	1	0	0	10	-1	1	8192	greninjaash	1	0	0	0	1	1	0	1	0	100	1	1	false	missing	1	psn	wikiberry	0	0	99	0	0		undefined	true	8192	8192	8192	1	0
thermalexchange	onSetStatus	603	6	6	61	Normal	0	0	0	10	0	1	2048	pikachu	0	1	1	1	1	0	1	0	100	0	0	1	0	Move	0	psn	figyberry	0	-1	99	0	1		undefined	true	2048	2048	2048	0	0
thermalexchange	onSetStatus	604	6	6	60	Fire	1	1	1	20	20	1	24576	greninjaash	1	1	1	0	0	6	0	1	60	100	1	1	false	Move	0	psn	sitrusberry	2	-1	1	0	1		undefined	true	24576	24576	24576	6	2
thermalexchange	onSetStatus	605	0	6	70	Fire	0	1	1	0	0	-1	2048	pikachu	1	1	0	0	1	0	1	2	100	0	0	1	null	Move	1	psn	figyberry	2	-1	99	1	1		undefined	undefined	2048	2048	2048	0	2
thermalexchange	onSetStatus	606	-1	6	70	Bug	0	0	1	100	0	1	24576	greninjaash	1	0	0	0	1	6	0	0	60	160	0	0	null	Ability	0	brn	sitrusberry	0	1	0	0	1		false	true	24576	24576	24576	6	0
thermalexchange	onSetStatus	607	6	0	61	Bug	0	1	1	10	100	0	8192	greninjabond	1	1	1	0	1	1	1	1	100	100	1	1	false	Move	1	psn	sitrusberry	0	1	0	0	1		undefined	false	8192	8192	8192	1	2
thermalexchange	onSetStatus	608	0	0	0	Water	0	1	0	10	100	-1	8192	pikachu	1	0	1	0	1	-1	1	0	0	100	0	0	true	Ability	1	psn	aguavberry	0	1	-1	1	0		undefined	undefined	8192	8192	8192	-1	2
thermalexchange	onSetStatus	609	6	1	70	Dark	1	0	1	0	0	1	16384	pikachu	1	1	0	0	0	1	0	2	0	100	1	1	undefined	Move	1	brn	sitrusberry	0	0	1	0	0	log:-immune:0:[from] ability: Thermal Exchange:undefined	false	true	16384	16384	16384	1	0
thermalexchange	onSetStatus	610	6	0	40	Ghost	1	0	0	100	20	1	8	greninjabond	1	0	0	0	0	-1	1	2	100	0	0	1	0	Ability	0	brn	sitrusberry	2	0	99	1	1		false	true	8	8	8	-1	0
thermalexchange	onSetStatus	611	0	6	40	Water	0	0	1	10	-1	1	16384	greninjaash	0	1	0	0	0	6	1	2	60	160	1	0	false	Ability	0	brn	wikiberry	0	0	0	1	0		false	true	16384	16384	16384	6	0
thermalexchange	onSetStatus	612	1	1	60	Fire	0	1	0	10	100	-1	16384	greninjaash	0	0	1	1	0	6	1	0	60	0	0	0	false	missing	0	psn	iapapaberry	2	0	99	0	0		undefined	undefined	16384	16384	16384	6	2
thermalexchange	onSetStatus	613	6	0	40	Bug	0	0	1	10	0	1	8192	greninjaash	0	0	0	0	1	6	0	0	60	0	0	1	false	missing	0	psn	wikiberry	1	-1	1	0	0		undefined	true	8192	8192	8192	6	0
thermalexchange	onSetStatus	614	0	0	61	Ghost	0	1	1	0	0	-1	0	greninjaash	1	0	0	0	0	6	1	0	60	160	0	0	undefined	Ability	1	psn	wikiberry	2	1	99	1	0		undefined	undefined	0	0	0	6	2
thermalexchange	onSetStatus	615	6	6	60	Fire	0	1	0	100	20	0	24576	greninjaash	0	1	1	0	0	0	1	2	0	0	0	0	null	Ability	1	psn	iapapaberry	0	1	1	1	0		undefined	false	24576	24576	24576	0	2
thermalexchange	onSetStatus	616	0	1	61	Bug	1	1	1	20	-1	1	24576	greninjaash	0	0	1	1	1	1	1	1	100	0	1	1	false	Move	0	psn	figyberry	1	0	99	0	0		undefined	true	24576	24576	24576	1	2
thermalexchange	onSetStatus	617	1	6	40	Fire	1	1	0	100	20	1	8192	greninjabond	0	0	0	1	0	1	1	2	60	0	1	1	true	Move	0	brn	aguavberry	2	0	-1	0	0		false	true	8192	8192	8192	1	2
thermalexchange	onSetStatus	618	1	1	61	Bug	1	1	1	10	0	-1	0	pikachu	1	1	1	0	1	6	1	1	0	0	0	1	false	missing	1	psn	sitrusberry	1	1	99	0	0		undefined	undefined	0	0	0	6	2
thermalexchange	onSetStatus	619	-1	1	40	Normal	0	0	0	20	-1	0	2048	greninjaash	0	1	0	0	1	-1	0	2	100	0	0	0	undefined	Move	1	brn	sitrusberry	1	1	-1	1	1	log:-immune:0:[from] ability: Thermal Exchange:undefined	false	false	2048	2048	2048	-1	0
thermalexchange	onSetStatus	620	-1	6	40	Fire	1	0	1	0	100	0	0	greninjabond	1	0	0	0	0	1	1	0	0	100	0	1	true	Move	0	psn	figyberry	2	0	-1	0	0		undefined	false	0	0	0	1	0
thermalexchange	onSetStatus	621	0	6	40	Normal	1	1	1	100	100	-1	0	pikachu	0	1	0	1	0	1	1	0	0	0	0	0	0	Ability	0	brn	wikiberry	0	1	1	0	0		false	undefined	0	0	0	1	2
thermalexchange	onSetStatus	622	1	0	61	Normal	1	1	1	0	100	-1	8	pikachu	0	0	0	0	1	-1	1	1	0	100	0	0	0	Move	0	brn	figyberry	2	1	0	1	0		false	undefined	8	8	8	-1	2
thermalexchange	onSetStatus	623	-1	1	60	Dark	1	1	1	20	0	0	8	greninjaash	0	1	0	1	1	-1	1	2	0	100	1	0	0	Move	1	brn	aguavberry	1	1	1	1	1	log:-immune:0:[from] ability: Thermal Exchange:undefined	false	false	8	8	8	-1	2
thermalexchange	onSetStatus	624	0	6	61	Bug	1	0	0	100	100	1	0	pikachu	1	1	0	0	0	-1	0	0	60	0	1	0	false	Move	0	psn	magoberry	1	-1	1	0	1		undefined	true	0	0	0	-1	0
thermalexchange	onSetStatus	625	1	0	60	Water	0	0	0	100	0	-1	16384	pikachu	0	1	0	1	0	1	0	0	60	0	1	0	false	Ability	0	psn	magoberry	2	1	0	1	0		undefined	undefined	16384	16384	16384	1	0
thermalexchange	onSetStatus	626	0	6	60	Dark	1	1	1	100	-1	-1	8	pikachu	1	1	1	0	0	1	0	1	60	0	0	1	undefined	missing	1	brn	wikiberry	0	-1	99	0	0		false	undefined	8	8	8	1	2
thermalexchange	onSetStatus	627	6	1	60	Fire	0	0	1	20	20	1	8192	greninjaash	1	1	1	1	1	0	0	1	60	0	1	1	undefined	Ability	1	brn	aguavberry	2	1	1	0	0	log:-immune:0:[from] ability: Thermal Exchange:undefined	false	true	8192	8192	8192	0	0
thermalexchange	onSetStatus	628	1	1	61	Dark	1	1	1	100	100	0	2048	greninjaash	0	1	1	1	0	1	1	1	60	0	1	0	0	Move	1	psn	sitrusberry	0	1	0	0	1		undefined	false	2048	2048	2048	1	2
thermalexchange	onSetStatus	629	1	6	70	Dark	0	0	1	0	100	1	2048	pikachu	1	0	0	1	0	-1	0	1	100	100	1	0	null	Move	1	psn	magoberry	1	0	1	0	0		undefined	true	2048	2048	2048	-1	0
thermalexchange	onSetStatus	630	6	6	0	Bug	1	0	1	0	20	0	2048	greninjabond	0	1	1	0	1	-1	0	1	0	160	1	0	null	Ability	0	psn	sitrusberry	0	0	99	0	1		undefined	false	2048	2048	2048	-1	0
thermalexchange	onSetStatus	631	0	1	60	Bug	1	1	0	0	100	1	8	greninjabond	0	1	1	1	1	6	1	0	60	0	1	1	0	Move	1	brn	figyberry	0	0	99	0	0	log:-immune:0:[from] ability: Thermal Exchange:undefined	false	true	8	8	8	6	2
thermalexchange	onSetStatus	632	1	6	0	Bug	0	0	0	0	20	1	0	greninjaash	0	0	1	1	0	0	0	0	100	0	0	1	true	Move	0	psn	leftovers	1	-1	0	0	1		undefined	true	0	0	0	0	0
thermalexchange	onSetStatus	633	1	1	70	Normal	1	1	0	20	-1	-1	16384	pikachu	1	0	0	0	1	1	1	2	100	160	1	0	true	Move	1	psn	iapapaberry	0	0	99	1	0		undefined	undefined	16384	16384	16384	1	2
thermalexchange	onSetStatus	634	-1	0	61	Fire	1	1	1	10	20	-1	24576	pikachu	1	0	1	0	0	-1	1	1	60	160	0	1	true	Move	0	psn	aguavberry	2	1	99	1	1		undefined	undefined	24576	24576	24576	-1	2
thermalexchange	onSetStatus	635	0	1	0	Ghost	1	0	0	100	100	0	8192	pikachu	1	1	0	1	0	1	0	2	0	100	1	0	true	missing	1	psn	figyberry	0	0	0	1	1		undefined	false	8192	8192	8192	1	0
thermalexchange	onSetStatus	636	-1	1	70	Dark	0	1	0	20	100	-1	24576	pikachu	1	1	1	0	0	0	0	0	0	100	0	1	true	Ability	1	brn	figyberry	0	1	1	0	1	log:-immune:0:[from] ability: Thermal Exchange:undefined	false	undefined	24576	24576	24576	0	2
thermalexchange	onSetStatus	637	-1	0	0	Dark	1	1	0	20	100	1	8	greninjaash	0	1	1	1	0	1	1	1	100	160	1	1	undefined	missing	0	psn	aguavberry	2	0	0	1	0		undefined	true	8	8	8	1	2
thermalexchange	onSetStatus	638	0	1	60	Dark	1	0	0	0	-1	0	16384	greninjabond	0	1	1	0	0	0	1	2	0	100	1	0	true	Move	1	brn	figyberry	2	-1	0	1	1	log:-immune:0:[from] ability: Thermal Exchange:undefined	false	false	16384	16384	16384	0	0
thermalexchange	onSetStatus	639	0	6	0	Normal	1	1	0	100	20	-1	24576	pikachu	1	1	0	0	0	1	0	0	60	0	0	1	0	Ability	0	psn	figyberry	0	1	-1	1	1		undefined	undefined	24576	24576	24576	1	2
thermalexchange	onSetStatus	640	1	0	0	Normal	1	1	1	10	0	-1	2048	pikachu	1	0	1	0	0	6	0	2	60	160	1	0	true	Move	1	psn	figyberry	1	0	-1	0	0		undefined	undefined	2048	2048	2048	6	2
thermalexchange	onSetStatus	641	0	6	70	Ghost	1	0	0	20	100	0	8	pikachu	0	1	0	0	1	1	0	0	60	100	1	0	0	missing	0	brn	iapapaberry	2	0	-1	1	0		false	false	8	8	8	1	0
thermalexchange	onSetStatus	642	-1	6	70	Water	0	0	1	100	100	0	2048	pikachu	0	0	0	0	1	6	1	1	60	0	1	1	null	Move	1	brn	figyberry	2	0	99	0	1	log:-immune:0:[from] ability: Thermal Exchange:undefined	false	false	2048	2048	2048	6	0
thermalexchange	onSetStatus	643	-1	6	70	Water	1	0	0	0	100	-1	8192	greninjabond	1	1	1	0	1	6	0	0	60	100	0	0	0	Ability	1	psn	magoberry	1	-1	99	1	0		undefined	undefined	8192	8192	8192	6	0
thermalexchange	onSetStatus	644	1	1	60	Water	1	0	1	10	100	0	24576	greninjabond	1	0	0	1	0	0	0	2	0	100	1	0	true	Ability	1	brn	iapapaberry	2	-1	99	1	1	log:-immune:0:[from] ability: Thermal Exchange:undefined	false	false	24576	24576	24576	0	0
thermalexchange	onSetStatus	645	1	0	70	Normal	1	1	0	100	100	-1	0	greninjabond	1	0	1	0	1	-1	1	0	60	160	1	1	undefined	missing	1	brn	magoberry	2	1	0	1	0		false	undefined	0	0	0	-1	2
thermalexchange	onSetStatus	646	1	1	40	Water	1	1	0	0	0	-1	24576	pikachu	0	0	1	0	1	0	1	2	0	160	1	0	false	Move	0	psn	sitrusberry	2	-1	99	0	0		undefined	undefined	24576	24576	24576	0	2
thermalexchange	onSetStatus	647	1	6	60	Normal	0	1	1	10	0	-1	0	greninjabond	1	1	1	1	1	0	0	2	0	0	1	0	0	Ability	0	psn	magoberry	0	1	-1	1	0		undefined	undefined	0	0	0	0	2
thermalexchange	onSetStatus	648	1	1	60	Bug	0	1	0	20	20	1	8	greninjaash	1	1	0	1	0	-1	1	2	60	160	1	1	undefined	Ability	1	psn	wikiberry	2	0	99	0	0		undefined	true	8	8	8	-1	2
thermalexchange	onSetStatus	649	0	0	0	Water	0	0	0	20	-1	1	2048	greninjaash	0	0	0	1	1	1	0	0	0	100	0	1	false	missing	1	brn	magoberry	1	-1	1	0	0		false	true	2048	2048	2048	1	0
thermalexchange	onSetStatus	650	6	6	61	Fire	0	0	0	10	0	1	24576	pikachu	0	0	0	0	0	0	0	1	100	100	1	1	true	missing	1	psn	wikiberry	1	-1	99	1	0		undefined	true	24576	24576	24576	0	0
thermalexchange	onSetStatus	651	6	6	70	Bug	1	0	1	0	0	0	24576	greninjabond	0	1	0	0	1	-1	0	2	0	160	1	1	false	missing	1	brn	figyberry	2	0	1	0	1		false	false	24576	24576	24576	-1	0
thermalexchange	onSetStatus	652	-1	1	70	Water	0	0	0	0	0	-1	8192	greninjabond	0	1	1	0	1	0	0	2	0	0	1	0	0	Ability	1	brn	magoberry	2	-1	-1	1	0	log:-immune:0:[from] ability: Thermal Exchange:undefined	false	undefined	8192	8192	8192	0	0
thermalexchange	onSetStatus	653	6	6	70	Normal	0	0	0	10	20	1	8192	greninjabond	1	1	1	0	1	1	0	2	0	160	1	0	null	Ability	0	brn	leftovers	0	-1	-1	1	0		false	true	8192	8192	8192	1	0
thermalexchange	onSetStatus	654	6	6	70	Ghost	1	1	0	0	0	-1	0	greninjaash	0	0	0	0	0	1	0	1	100	100	0	0	undefined	missing	0	brn	leftovers	0	-1	0	1	1		false	undefined	0	0	0	1	2
thermalexchange	onSetStatus	655	6	1	40	Ghost	0	1	0	0	100	1	2048	greninjaash	1	1	0	1	1	-1	0	1	0	100	0	0	null	Move	0	brn	leftovers	1	-1	0	0	1		false	true	2048	2048	2048	-1	2
thermalexchange	onSetStatus	656	1	0	70	Water	1	0	0	100	0	1	24576	greninjaash	0	1	1	0	0	1	1	2	100	0	0	1	true	Ability	1	psn	figyberry	2	-1	1	0	1		undefined	true	24576	24576	24576	1	0
thermalexchange	onSetStatus	657	0	6	70	Water	1	1	1	10	100	1	24576	pikachu	1	1	1	1	0	1	1	1	100	160	0	1	undefined	Ability	0	psn	figyberry	1	0	-1	0	0		undefined	true	24576	24576	24576	1	2
thermalexchange	onSetStatus	658	1	6	70	Normal	0	1	0	100	20	-1	8192	pikachu	0	1	0	0	1	-1	1	2	60	0	1	1	undefined	missing	0	brn	aguavberry	0	0	99	0	0		false	undefined	8192	8192	8192	-1	2
thermalexchange	onSetStatus	659	0	0	40	Ghost	0	1	0	10	-1	-1	8192	greninjabond	0	0	0	1	0	0	0	0	100	160	0	1	null	Ability	0	brn	sitrusberry	0	-1	0	1	0		false	undefined	8192	8192	8192	0	2
thermalexchange	onSetStatus	660	6	1	70	Water	1	1	0	0	0	0	8	greninjabond	1	1	0	1	1	-1	1	1	0	0	0	1	0	Move	0	brn	iapapaberry	1	-1	0	1	0		false	false	8	8	8	-1	2
thermalexchange	onSetStatus	661	0	0	61	Ghost	1	1	0	20	20	-1	2048	greninjabond	0	0	1	1	1	-1	1	0	100	0	1	0	undefined	Ability	0	psn	aguavberry	1	0	-1	0	0		undefined	undefined	2048	2048	2048	-1	2
thermalexchange	onSetStatus	662	-1	1	70	Bug	0	1	1	0	100	0	16384	greninjabond	1	1	0	0	1	6	1	1	60	160	0	0	undefined	Move	1	psn	iapapaberry	1	0	99	0	1		undefined	false	16384	16384	16384	6	2
thermalexchange	onSetStatus	663	6	6	61	Ghost	0	1	1	20	20	0	2048	pikachu	0	1	0	0	0	6	0	1	100	100	1	1	null	Move	0	brn	sitrusberry	0	0	0	1	0		false	false	2048	2048	2048	6	2
thermalexchange	onSetStatus	664	1	6	70	Water	0	1	1	10	20	1	24576	pikachu	1	0	1	1	0	6	1	1	100	100	1	0	null	Move	1	psn	iapapaberry	2	0	0	1	1		undefined	true	24576	24576	24576	6	2
thermalexchange	onSetStatus	665	-1	6	60	Fire	1	0	1	10	0	1	16384	greninjaash	0	0	1	1	0	1	0	1	100	0	0	0	undefined	Ability	0	brn	wikiberry	0	1	0	0	0		false	true	16384	16384	16384	1	0
thermalexchange	onSetStatus	666	0	0	0	Ghost	0	1	0	10	100	-1	2048	greninjabond	0	1	1	0	0	1	1	1	100	100	0	0	0	Ability	1	psn	sitrusberry	1	1	-1	0	1		undefined	undefined	2048	2048	2048	1	2
thermalexchange	onSetStatus	667	-1	1	70	Fire	0	1	1	10	20	1	2048	greninjabond	0	0	1	0	1	1	1	1	0	0	1	0	false	missing	0	psn	magoberry	0	0	99	0	1		undefined	true	2048	2048	2048	1	2
thermalexchange	onSetStatus	668	0	0	61	Normal	1	1	1	100	0	0	16384	greninjaash	0	0	0	0	1	-1	1	0	100	160	1	0	true	Move	0	brn	iapapaberry	2	0	1	1	1		false	false	16384	16384	16384	-1	2
thermalexchange	onSetStatus	669	6	1	61	Ghost	1	0	0	0	20	-1	16384	greninjaash	1	1	1	1	0	1	0	0	60	0	0	0	false	Ability	1	psn	magoberry	1	0	99	0	0		undefined	undefined	16384	16384	16384	1	0
thermalexchange	onSetStatus	670	0	0	70	Fire	0	0	1	0	20	0	24576	pikachu	1	1	0	0	0	6	1	0	0	100	0	0	undefined	Move	0	brn	magoberry	0	0	0	0	0		false	false	24576	24576	24576	6	0
thermalexchange	onSetStatus	671	-1	6	70	Bug	1	1	0	10	0	0	16384	greninjabond	0	1	1	0	1	1	0	0	60	160	0	0	true	missing	0	brn	wikiberry	1	0	1	1	1		false	false	16384	16384	16384	1	2
thermalexchange	onSetStatus	672	1	0	60	Normal	0	1	0	20	-1	0	8192	greninjabond	0	0	0	0	1	0	0	0	0	100	1	1	undefined	Ability	0	psn	wikiberry	1	0	-1	1	1		undefined	false	8192	8192	8192	0	2
thermalexchange	onSetStatus	673	-1	0	0	Fire	0	1	1	0	20	-1	2048	greninjabond	0	1	1	0	0	1	1	0	0	160	0	0	false	missing	1	brn	figyberry	2	1	99	1	0		false	undefined	2048	2048	2048	1	2
thermalexchange	onSetStatus	674	-1	0	70	Normal	0	0	1	0	0	0	8192	greninjabond	0	0	1	1	0	0	0	2	100	0	0	0	null	Move	0	brn	aguavberry	0	1	-1	1	0		false	false	8192	8192	8192	0	0
thermalexchange	onSetStatus	675	6	0	40	Ghost	0	1	0	20	20	-1	2048	pikachu	0	0	0	0	0	6	1	2	100	100	1	0	true	missing	0	psn	aguavberry	2	-1	1	0	0		undefined	undefined	2048	2048	2048	6	2
thermalexchange	onSetStatus	676	6	0	0	Normal	0	0	0	20	0	0	0	pikachu	1	0	1	1	1	6	1	1	60	160	1	1	undefined	Ability	0	brn	wikiberry	2	1	99	1	1		false	false	0	0	0	6	0
thermalexchange	onSetStatus	677	-1	0	40	Normal	0	1	1	20	-1	-1	24576	greninjaash	1	0	0	0	0	-1	1	2	60	0	0	1	undefined	Move	0	brn	magoberry	1	1	99	0	0		false	undefined	24576	24576	24576	-1	2
thermalexchange	onSetStatus	678	1	1	70	Normal	0	0	1	0	-1	-1	16384	greninjaash	1	0	1	0	0	-1	0	1	100	100	1	0	null	missing	0	psn	sitrusberry	0	0	99	1	0		undefined	undefined	16384	16384	16384	-1	0
thermalexchange	onSetStatus	679	0	1	70	Water	1	1	1	0	100	0	0	greninjaash	0	1	0	1	1	0	0	1	0	100	0	0	0	Ability	1	psn	sitrusberry	0	0	1	0	0		undefined	false	0	0	0	0	2
thermalexchange	onSetStatus	680	6	0	0	Normal	1	0	0	100	100	-1	0	pikachu	1	1	1	1	1	6	0	1	0	0	0	0	false	Ability	0	psn	magoberry	0	-1	99	1	0		undefined	undefined	0	0	0	6	0
thermalexchange	onSetStatus	681	-1	6	70	Bug	1	0	1	0	0	-1	8	pikachu	1	0	1	0	1	1	0	2	0	0	0	1	undefined	Ability	0	psn	magoberry	2	1	-1	1	1		undefined	undefined	8	8	8	1	0
thermalexchange	onSetStatus	682	-1	0	61	Dark	0	0	1	20	-1	1	16384	pikachu	1	0	1	1	1	-1	1	1	0	0	0	0	true	Move	0	brn	aguavberry	2	0	-1	0	0		false	true	16384	16384	16384	-1	0
thermalexchange	onSetStatus	683	1	0	60	Water	1	1	0	20	100	1	16384	greninjaash	1	0	1	1	0	-1	1	0	100	0	0	1	null	missing	0	brn	magoberry	2	0	-1	1	1		false	true	16384	16384	16384	-1	2
thermalexchange	onSetStatus	684	0	1	60	Water	1	0	0	10	0	1	0	greninjabond	1	1	0	0	1	6	0	1	60	100	0	0	true	Ability	1	brn	magoberry	2	-1	-1	0	0	log:-immune:0:[from] ability: Thermal Exchange:undefined	false	true	0	0	0	6	0
thermalexchange	onSetStatus	685	1	6	0	Dark	1	0	1	100	-1	0	0	greninjabond	0	1	0	0	0	1	0	0	100	100	0	1	null	missing	1	brn	aguavberry	0	1	1	1	0		false	false	0	0	0	1	0
thermalexchange	onSetStatus	686	-1	6	61	Fire	0	1	0	0	0	0	2048	pikachu	1	0	1	0	1	-1	1	0	0	160	1	0	null	Ability	1	psn	aguavberry	0	-1	0	0	1		undefined	false	2048	2048	2048	-1	2
thermalexchange	onSetStatus	687	0	0	40	Dark	1	1	1	20	20	1	8192	greninjaash	0	1	1	1	0	-1	1	0	100	100	1	1	0	Move	1	psn	magoberry	0	-1	99	1	1		undefined	true	8192	8192	8192	-1	2
thermalexchange	onSetStatus	688	6	6	60	Bug	0	0	1	0	-1	-1	16384	greninjabond	1	0	1	0	1	-1	0	0	60	100	1	1	false	missing	0	psn	wikiberry	1	0	1	1	0		undefined	undefined	16384	16384	16384	-1	0
thermalexchange	onSetStatus	689	6	0	40	Bug	1	1	1	100	-1	-1	2048	pikachu	0	1	1	1	1	6	0	1	100	100	0	1	true	Ability	1	psn	sitrusberry	2	0	1	1	1		undefined	undefined	2048	2048	2048	6	2
thermalexchange	onSetStatus	690	6	1	70	Normal	1	0	1	0	20	1	16384	greninjabond	1	1	1	1	0	1	0	0	100	0	1	0	0	missing	1	psn	iapapaberry	1	0	-1	1	1		undefined	true	16384	16384	16384	1	0
thermalexchange	onSetStatus	691	-1	1	70	Normal	1	1	1	100	0	0	2048	greninjabond	1	0	0	1	1	0	1	2	60	160	1	1	undefined	Ability	0	brn	sitrusberry	0	0	99	0	0		false	false	2048	2048	2048	0	2
thermalexchange	onSetStatus	692	6	0	40	Water	0	1	1	0	-1	0	8	greninjabond	0	1	0	1	0	1	0	1	0	160	1	1	false	missing	1	brn	sitrusberry	0	1	0	0	0		false	false	8	8	8	1	2
thermalexchange	onSetStatus	693	-1	1	61	Fire	1	1	1	10	-1	-1	24576	greninjaash	1	0	0	1	1	-1	0	2	60	100	0	0	undefined	Move	0	psn	iapapaberry	2	1	1	1	0		undefined	undefined	24576	24576	24576	-1	2
thermalexchange	onSetStatus	694	0	1	61	Normal	0	1	0	0	100	-1	8	greninjaash	1	0	1	0	0	0	1	2	0	160	1	0	0	Move	0	brn	iapapaberry	2	0	99	1	1		false	undefined	8	8	8	0	2
thermalexchange	onSetStatus	695	1	1	61	Ghost	0	1	0	10	0	0	24576	greninjabond	1	1	0	0	1	6	1	1	100	0	0	1	true	missing	1	brn	magoberry	0	0	-1	1	0		false	false	24576	24576	24576	6	2
thermalexchange	onSetStatus	696	6	1	61	Water	1	1	0	10	100	1	2048	pikachu	0	0	0	1	1	1	1	1	60	100	1	0	true	Ability	1	brn	wikiberry	0	0	0	1	1	log:-immune:0:[from] ability: Thermal Exchange:undefined	false	true	2048	2048	2048	1	2
thermalexchange	onSetStatus	697	6	1	0	Fire	0	0	1	100	100	0	8192	pikachu	1	0	0	1	1	6	1	2	60	0	1	1	false	Ability	0	brn	magoberry	2	0	99	1	1		false	false	8192	8192	8192	6	0
thermalexchange	onSetStatus	698	1	6	0	Ghost	1	1	0	20	0	0	8	greninjabond	1	1	0	1	1	0	0	2	100	100	1	0	false	Ability	0	brn	leftovers	2	1	-1	0	1		false	false	8	8	8	0	2
thermalexchange	onSetStatus	699	6	6	60	Dark	1	1	0	100	0	-1	16384	pikachu	1	0	0	0	0	1	1	1	100	0	0	0	null	Ability	1	brn	iapapaberry	1	0	0	0	1	log:-immune:0:[from] ability: Thermal Exchange:undefined	false	undefined	16384	16384	16384	1	2
thermalexchange	onSetStatus	700	1	0	60	Normal	1	0	0	100	-1	0	8192	pikachu	1	0	1	0	0	1	0	0	0	100	1	0	null	Ability	1	brn	iapapaberry	2	1	1	0	1	log:-immune:0:[from] ability: Thermal Exchange:undefined	false	false	8192	8192	8192	1	0
thermalexchange	onSetStatus	701	0	0	70	Normal	0	0	1	20	0	-1	2048	greninjabond	1	1	0	1	1	1	1	0	60	160	0	0	true	missing	1	brn	magoberry	2	-1	1	1	0		false	undefined	2048	2048	2048	1	0
thermalexchange	onSetStatus	702	1	6	60	Ghost	0	0	0	0	100	0	0	pikachu	0	1	1	0	1	0	0	0	100	100	0	0	true	missing	0	psn	sitrusberry	0	0	0	0	0		undefined	false	0	0	0	0	0
thermalexchange	onSetStatus	703	6	1	61	Dark	0	1	1	100	100	-1	24576	greninjabond	1	1	0	1	1	1	1	2	60	160	1	0	0	missing	1	brn	iapapaberry	0	-1	-1	0	1		false	undefined	24576	24576	24576	1	2
thermalexchange	onSetStatus	704	6	0	70	Water	0	1	0	20	-1	-1	8	greninjaash	1	1	1	0	1	6	1	2	60	160	0	1	null	missing	1	brn	wikiberry	0	1	-1	0	1		false	undefined	8	8	8	6	2
thermalexchange	onSetStatus	705	6	6	0	Normal	1	1	0	100	-1	1	0	pikachu	1	0	0	0	1	6	0	1	0	160	1	0	false	Move	0	brn	figyberry	0	-1	0	0	1		false	true	0	0	0	6	2
thermalexchange	onSetStatus	706	0	0	0	Water	1	1	0	0	-1	-1	2048	pikachu	1	0	0	1	0	6	1	1	60	100	1	0	true	Ability	0	psn	magoberry	2	-1	-1	0	0		undefined	undefined	2048	2048	2048	6	2
thermalexchange	onSetStatus	707	1	6	40	Ghost	0	1	1	0	-1	-1	8	greninjaash	0	0	1	0	0	6	0	2	60	160	1	1	false	Ability	1	psn	magoberry	0	0	-1	1	0		undefined	undefined	8	8	8	6	2
thermalexchange	onSetStatus	708	-1	0	40	Water	0	0	0	20	-1	0	8	greninjaash	0	0	0	1	0	0	1	2	100	0	0	1	null	Ability	0	brn	iapapaberry	1	0	99	0	1		false	false	8	8	8	0	0
thermalexchange	onSetStatus	709	6	6	0	Normal	1	1	1	0	0	-1	8	greninjabond	0	1	0	1	1	-1	0	2	100	160	0	1	false	Move	1	brn	magoberry	2	1	0	1	0	log:-immune:0:[from] ability: Thermal Exchange:undefined	false	undefined	8	8	8	-1	2
thermalexchange	onSetStatus	710	6	1	0	Normal	1	0	1	0	20	1	2048	greninjabond	0	1	0	0	0	1	1	0	60	160	0	0	0	Move	1	brn	magoberry	1	1	99	0	1	log:-immune:0:[from] ability: Thermal Exchange:undefined	false	true	2048	2048	2048	1	0
thermalexchange	onSetStatus	711	6	6	70	Bug	0	1	0	20	20	1	8192	pikachu	1	1	1	1	0	0	1	1	0	160	0	0	false	Ability	1	psn	leftovers	1	1	0	1	0		undefined	true	8192	8192	8192	0	2
thermalexchange	onSetStatus	712	6	0	60	Ghost	0	0	1	100	100	1	8	greninjabond	0	1	0	1	0	0	1	0	0	160	1	0	undefined	missing	1	brn	sitrusberry	0	-1	-1	0	0		false	true	8	8	8	0	0
thermalexchange	onSetStatus	713	6	1	61	Water	0	0	0	20	20	0	16384	pikachu	0	1	0	0	0	6	1	0	60	160	1	0	null	missing	1	psn	aguavberry	1	0	1	0	1		undefined	false	16384	16384	16384	6	0
thermalexchange	onSetStatus	714	-1	0	0	Ghost	1	0	0	20	20	1	2048	greninjabond	1	0	0	1	0	1	0	1	0	100	0	0	null	missing	1	brn	iapapaberry	0	1	-1	1	0		false	true	2048	2048	2048	1	0
thermalexchange	onSetStatus	715	-1	6	0	Bug	0	1	0	10	20	0	8	greninjaash	0	0	0	1	1	-1	0	0	0	0	0	1	0	missing	1	psn	iapapaberry	1	0	1	0	1		undefined	false	8	8	8	-1	2
thermalexchange	onSetStatus	716	1	0	0	Bug	0	1	1	10	-1	1	0	greninjabond	1	1	0	0	0	0	1	0	60	0	1	0	undefined	Move	0	brn	iapapaberry	2	0	0	0	1		false	true	0	0	0	0	2
thermalexchange	onSetStatus	717	0	6	70	Dark	1	0	1	10	0	1	8192	greninjaash	1	0	1	0	1	1	1	0	60	160	1	1	null	Move	0	psn	iapapaberry	1	1	0	0	0		undefined	true	8192	8192	8192	1	0
thermalexchange	onSetStatus	718	-1	6	60	Ghost	1	0	1	0	-1	0	8192	greninjabond	0	0	0	0	0	6	1	0	60	160	0	0	null	missing	0	psn	magoberry	0	0	0	1	1		undefined	false	8192	8192	8192	6	0
thermalexchange	onSetStatus	719	-1	6	60	Normal	1	1	1	0	0	1	8192	pikachu	0	0	0	0	1	-1	1	0	100	100	0	1	0	Ability	1	psn	aguavberry	1	-1	0	0	1		undefined	true	8192	8192	8192	-1	2
thermalexchange	onSetStatus	720	-1	1	60	Ghost	1	1	0	0	20	-1	8	greninjabond	1	0	0	1	0	1	1	0	100	160	0	1	0	Move	0	brn	aguavberry	1	-1	99	0	0		false	undefined	8	8	8	1	2
thermalexchange	onSetStatus	721	1	6	60	Dark	0	1	0	20	0	1	8	greninjabond	1	0	0	1	0	6	0	2	100	100	1	1	0	missing	0	psn	sitrusberry	2	0	-1	0	1		undefined	true	8	8	8	6	2
thermalexchange	onSetStatus	722	-1	0	70	Normal	1	0	1	0	100	-1	8	greninjabond	0	0	1	1	1	-1	0	0	60	0	0	0	undefined	missing	0	psn	figyberry	1	1	-1	0	1		undefined	undefined	8	8	8	-1	0
thermalexchange	onSetStatus	723	6	0	60	Bug	0	1	1	10	20	-1	24576	pikachu	0	0	1	1	0	0	0	0	0	160	0	0	true	Move	1	brn	magoberry	0	1	0	0	0	log:-immune:0:[from] ability: Thermal Exchange:undefined	false	undefined	24576	24576	24576	0	2
thermalexchange	onSetStatus	724	-1	0	60	Bug	1	1	0	0	-1	-1	16384	greninjabond	0	0	1	0	0	0	1	0	100	160	1	1	false	missing	0	brn	sitrusberry	0	-1	1	1	0		false	undefined	16384	16384	16384	0	2
thermalexchange	onSetStatus	725	6	0	61	Dark	0	1	0	100	100	-1	2048	greninjabond	1	1	1	0	0	-1	0	2	100	160	1	1	true	Move	1	psn	leftovers	0	1	-1	0	0		undefined	undefined	2048	2048	2048	-1	2
thermalexchange	onSetStatus	726	1	1	61	Water	1	1	1	0	0	0	0	greninjabond	0	0	0	0	1	6	0	2	60	0	1	0	true	Ability	0	brn	iapapaberry	2	0	-1	0	0		false	false	0	0	0	6	2
thermalexchange	onSetStatus	727	0	0	40	Ghost	1	0	1	100	100	0	8192	pikachu	0	0	1	0	0	6	0	2	0	160	1	0	true	Ability	0	psn	magoberry	1	-1	1	0	1		undefined	false	8192	8192	8192	6	0
thermalexchange	onSetStatus	728	-1	1	0	Ghost	0	1	1	10	0	-1	0	greninjaash	1	0	1	0	0	-1	0	0	0	160	0	0	false	missing	0	brn	figyberry	0	0	1	0	1		false	undefined	0	0	0	-1	2
thermalexchange	onSetStatus	729	1	1	70	Dark	1	0	0	10	20	-1	0	pikachu	1	1	0	1	0	6	0	1	100	160	1	1	false	Ability	1	brn	leftovers	1	-1	1	1	1	log:-immune:0:[from] ability: Thermal Exchange:undefined	false	undefined	0	0	0	6	0
thermalexchange	onSetStatus	730	6	0	61	Dark	0	1	1	20	0	0	0	greninjaash	0	1	1	1	0	6	1	1	100	100	0	0	undefined	missing	0	brn	wikiberry	0	1	-1	1	1		false	false	0	0	0	6	2
thermalexchange	onSetStatus	731	1	0	61	Fire	1	1	1	20	100	-1	24576	pikachu	1	0	0	0	0	1	0	0	0	160	1	0	false	Ability	1	brn	wikiberry	0	0	-1	1	0	log:-immune:0:[from] ability: Thermal Exchange:undefined	false	undefined	24576	24576	24576	1	2
thermalexchange	onSetStatus	732	1	0	70	Normal	0	0	0	100	-1	0	16384	greninjabond	0	0	0	1	1	-1	1	1	100	0	0	0	false	Ability	1	brn	aguavberry	2	0	99	1	0	log:-immune:0:[from] ability: Thermal Exchange:undefined	false	false	16384	16384	16384	-1	0
thermalexchange	onSetStatus	733	-1	6	61	Normal	1	0	0	10	100	1	24576	greninjabond	0	0	1	1	0	1	0	2	60	100	1	0	null	Ability	0	brn	iapapaberry	0	0	-1	0	0		false	true	24576	24576	24576	1	0
thermalexchange	onSetStatus	734	6	1	61	Dark	1	1	0	0	100	0	0	greninjaash	0	1	1	1	0	-1	1	2	100	100	1	1	null	Move	1	psn	iapapaberry	0	1	1	1	0		undefined	false	0	0	0	-1	2
thermalexchange	onSetStatus	735	1	1	60	Dark	1	0	0	20	20	0	16384	greninjaash	0	0	0	1	0	6	0	1	0	160	0	0	true	missing	0	brn	wikiberry	1	-1	1	1	0		false	false	16384	16384	16384	6	0
thermalexchange	onSetStatus	736	-1	6	61	Ghost	1	0	1	20	20	1	0	greninjaash	0	1	0	1	0	0	0	1	0	160	1	1	true	missing	0	brn	aguavberry	2	0	0	0	1		false	true	0	0	0	0	0
thermalexchange	onSetStatus	737	1	6	40	Water	0	1	0	10	100	0	8192	pikachu	0	0	1	1	1	6	1	2	0	0	0	0	true	Move	0	psn	figyberry	1	1	99	1	1		undefined	false	8192	8192	8192	6	2
thermalexchange	onSetStatus	738	1	0	61	Normal	0	1	1	0	-1	1	2048	greninjaash	0	1	1	1	1	0	0	2	0	160	1	0	null	Ability	1	psn	wikiberry	1	0	-1	0	0		undefined	true	2048	2048	2048	0	2
thermalexchange	onSetStatus	739	-1	1	61	Dark	1	1	0	20	0	-1	8	pikachu	1	0	1	1	1	-1	0	1	0	100	0	1	undefined	Ability	1	psn	aguavberry	2	-1	1	0	1		undefined	undefined	8	8	8	-1	2
thermalexchange	onSetStatus	740	0	6	70	Bug	1	0	1	20	20	-1	8	pikachu	1	1	0	0	1	-1	0	1	60	160	1	1	undefined	Ability	1	brn	figyberry	0	1	-1	1	1	log:-immune:0:[from] ability: Thermal Exchange:undefined	false	undefined	8	8	8	-1	0
thermalexchange	onSetStatus	741	1	0	60	Ghost	1	1	0	20	100	0	0	greninjaash	1	1	1	1	0	-1	1	2	0	160	1	0	false	missing	1	brn	leftovers	0	1	99	1	1		false	false	0	0	0	-1	2
thermalexchange	onSetStatus	742	-1	1	70	Normal	1	0	0	10	100	-1	8192	pikachu	0	1	1	1	1	-1	0	0	0	160	1	1	undefined	Ability	0	brn	magoberry	1	1	-1	0	1		false	undefined	8192	8192	8192	-1	0
thermalexchange	onSetStatus	743	1	6	70	Bug	1	0	1	0	-1	1	0	pikachu	1	0	0	1	1	1	0	1	100	0	1	1	0	missing	0	brn	leftovers	1	0	99	0	1		false	true	0	0	0	1	0
thermalexchange	onSetStatus	744	-1	1	0	Fire	0	0	0	100	0	1	16384	greninjaash	1	1	0	0	0	6	0	0	0	0	0	0	0	missing	1	brn	leftovers	1	-1	-1	1	1		false	true	16384	16384	16384	6	0
thermalexchange	onSetStatus	745	0	0	40	Bug	0	0	1	0	-1	-1	0	greninjaash	1	1	1	0	1	6	0	0	60	0	0	0	true	missing	1	psn	aguavberry	2	-1	0	1	1		undefined	undefined	0	0	0	6	0
thermalexchange	onSetStatus	746	0	6	70	Fire	0	0	0	20	100	-1	24576	greninjabond	0	0	0	1	0	-1	0	0	100	0	1	0	0	Ability	0	brn	iapapaberry	1	0	-1	1	1		false	undefined	24576	24576	24576	-1	0
thermalexchange	onSetStatus	747	6	0	60	Fire	1	1	1	100	0	0	8192	greninjabond	1	0	1	1	0	0	1	1	60	0	1	1	false	Move	0	psn	aguavberry	0	1	0	0	0		undefined	false	8192	8192	8192	0	2
thermalexchange	onSetStatus	748	6	6	60	Normal	0	1	0	10	20	1	8192	pikachu	0	1	1	1	1	6	0	2	60	0	1	0	0	Move	1	brn	figyberry	2	1	0	1	1	log:-immune:0:[from] ability: Thermal Exchange:undefined	false	true	8192	8192	8192	6	2
thermalexchange	onSetStatus	749	-1	6	60	Fire	0	0	0	0	20	-1	8	greninjabond	1	0	1	0	1	6	0	0	0	0	1	1	null	missing	1	psn	figyberry	1	-1	99	1	1		undefined	undefined	8	8	8	6	0
thermalexchange	onSetStatus	750	0	6	70	Dark	0	0	0	10	20	1	0	pikachu	1	1	1	1	0	0	0	2	0	100	1	1	0	Move	1	psn	leftovers	0	-1	1	0	1		undefined	true	0	0	0	0	0
thermalexchange	onSetStatus	751	6	0	70	Water	0	0	0	100	100	1	2048	greninjabond	1	0	1	0	0	0	0	2	0	160	0	1	true	Ability	0	psn	wikiberry	2	0	99	0	0		undefined	true	2048	2048	2048	0	0
thermalexchange	onSetStatus	752	-1	0	0	Ghost	0	1	1	0	20	0	8	greninjaash	0	0	1	1	1	0	1	1	60	0	0	1	true	Ability	1	brn	aguavberry	2	1	99	1	0	log:-immune:0:[from] ability: Thermal Exchange:undefined	false	false	8	8	8	0	2
thermalexchange	onSetStatus	753	0	0	40	Fire	1	1	1	0	100	0	24576	pikachu	1	0	1	0	1	6	1	0	100	100	0	1	true	Ability	1	brn	aguavberry	1	-1	1	0	1	log:-immune:0:[from] ability: Thermal Exchange:undefined	false	false	24576	24576	24576	6	2
thermalexchange	onSetStatus	754	-1	1	60	Normal	0	0	0	0	0	1	0	pikachu	0	0	0	1	1	6	1	0	0	0	1	0	0	Move	0	psn	wikiberry	2	1	-1	1	1		undefined	true	0	0	0	6	0
thermalexchange	onSetStatus	755	1	6	40	Water	1	1	0	100	-1	0	0	greninjaash	0	0	0	0	0	1	1	1	100	100	0	0	undefined	Move	0	psn	wikiberry	2	1	99	1	1		undefined	false	0	0	0	1	2
thermalexchange	onSetStatus	756	0	6	60	Bug	0	0	0	0	20	0	24576	greninjabond	1	0	0	0	1	6	0	2	60	0	0	1	false	Ability	0	brn	magoberry	2	0	1	1	0		false	false	24576	24576	24576	6	0
thermalexchange	onSetStatus	757	0	0	40	Bug	1	1	0	10	20	-1	24576	pikachu	0	1	1	0	1	0	1	1	100	0	0	1	false	missing	0	brn	sitrusberry	2	1	99	1	1		false	undefined	24576	24576	24576	0	2
thermalexchange	onSetStatus	758	1	1	40	Fire	0	1	0	10	-1	0	8192	greninjabond	1	0	0	1	0	0	1	0	100	0	0	1	0	Move	1	brn	wikiberry	1	0	-1	1	0	log:-immune:0:[from] ability: Thermal Exchange:undefined	false	false	8192	8192	8192	0	2
thermalexchange	onSetStatus	759	-1	1	70	Dark	0	0	1	10	20	0	16384	pikachu	1	0	0	0	0	-1	0	1	100	100	0	0	undefined	missing	0	psn	leftovers	2	0	-1	1	1		undefined	false	16384	16384	16384	-1	0
thermalexchange	onSetStatus	760	0	6	70	Fire	1	1	1	10	-1	-1	8192	greninjabond	1	1	0	0	1	1	1	1	0	100	1	0	true	missing	1	brn	aguavberry	0	0	1	1	0		false	undefined	8192	8192	8192	1	2
thermalexchange	onSetStatus	761	0	0	40	Ghost	0	0	1	100	0	0	8192	pikachu	0	1	1	1	0	6	0	0	0	100	0	1	undefined	missing	0	brn	leftovers	0	1	-1	0	1		false	false	8192	8192	8192	6	0
thermalexchange	onSetStatus	762	6	6	40	Water	0	0	0	20	-1	1	2048	greninjaash	0	1	0	1	1	0	0	1	100	100	1	0	false	Ability	1	brn	aguavberry	2	-1	-1	0	0	log:-immune:0:[from] ability: Thermal Exchange:undefined	false	true	2048	2048	2048	0	0
thermalexchange	onSetStatus	763	-1	1	0	Water	0	1	1	0	20	0	0	greninjaash	0	0	1	0	1	6	1	0	100	160	0	1	false	Ability	0	brn	wikiberry	2	-1	1	0	0		false	false	0	0	0	6	2
thermalexchange	onSetStatus	764	6	6	0	Normal	1	0	1	100	20	0	16384	greninjabond	0	0	0	1	1	1	1	0	0	160	1	0	null	Move	0	psn	wikiberry	2	0	99	1	0		undefined	false	16384	16384	16384	1	0
thermalexchange	onSetStatus	765	6	1	40	Bug	0	0	1	100	20	0	2048	greninjaash	1	0	0	0	1	6	0	2	60	160	0	0	true	missing	1	brn	wikiberry	0	1	1	0	1		false	false	2048	2048	2048	6	0
thermalexchange	onSetStatus	766	-1	1	60	Bug	0	1	1	10	0	0	8	greninjabond	1	0	0	1	1	1	0	1	100	0	0	1	true	Move	0	psn	wikiberry	1	0	1	0	0		undefined	false	8	8	8	1	2
thermalexchange	onSetStatus	767	-1	1	60	Fire	0	0	1	0	-1	-1	2048	greninjabond	0	0	1	1	1	6	1	0	100	160	1	0	undefined	missing	1	brn	sitrusberry	0	1	0	0	0		false	undefined	2048	2048	2048	6	0
thermalexchange	onSetStatus	768	0	1	0	Ghost	0	0	0	20	100	-1	24576	greninjaash	0	1	0	1	1	-1	1	0	60	160	0	1	true	Ability	0	brn	figyberry	2	-1	0	1	1		false	undefined	24576	24576	24576	-1	0
thermalexchange	onSetStatus	769	-1	0	0	Normal	0	1	1	100	20	0	0	pikachu	1	0	1	1	0	6	1	2	0	0	0	1	true	Ability	1	psn	aguavberry	0	1	0	0	1		undefined	false	0	0	0	6	2
thermalexchange	onSetStatus	770	6	6	70	Ghost	1	1	0	0	20	-1	24576	pikachu	1	1	1	1	0	-1	0	0	60	100	0	0	0	missing	0	psn	aguavberry	2	0	-1	1	0		undefined	undefined	24576	24576	24576	-1	2
thermalexchange	onSetStatus	771	6	6	70	Dark	0	1	1	10	20	1	16384	greninjaash	0	0	0	1	0	-1	1	1	0	100	1	1	undefined	Ability	0	brn	wikiberry	2	1	-1	0	1		false	true	16384	16384	16384	-1	2
thermalexchange	onSetStatus	772	0	0	70	Ghost	0	1	0	20	20	-1	0	pikachu	0	1	1	0	1	1	1	0	100	0	0	1	0	missing	0	psn	wikiberry	2	-1	-1	0	0		undefined	undefined	0	0	0	1	2
thermalexchange	onSetStatus	773	0	0	70	Ghost	0	0	1	0	20	1	8192	greninjabond	0	1	0	1	0	0	0	0	0	100	0	0	null	missing	0	psn	iapapaberry	0	0	1	0	1		undefined	true	8192	8192	8192	0	0
thermalexchange	onSetStatus	774	0	6	60	Dark	0	0	1	10	100	1	0	greninjaash	1	1	0	1	0	1	0	1	0	160	0	1	null	missing	1	brn	iapapaberry	1	1	-1	1	1		false	true	0	0	0	1	0
thermalexchange	onSetStatus	775	0	6	0	Fire	1	0	0	20	100	-1	24576	greninjaash	0	0	0	0	0	1	1	1	0	0	0	1	false	Move	1	brn	wikiberry	1	0	0	0	1	log:-immune:0:[from] ability: Thermal Exchange:undefined	false	undefined	24576	24576	24576	1	0
thermalexchange	onSetStatus	776	0	1	0	Ghost	1	0	1	100	-1	-1	2048	greninjabond	0	0	1	0	1	0	0	2	100	0	0	0	null	missing	0	brn	wikiberry	1	1	-1	1	1		false	undefined	2048	2048	2048	0	0
thermalexchange	onSetStatus	777	-1	0	0	Fire	1	1	1	100	0	1	8	greninjaash	1	1	1	0	0	6	1	0	60	0	1	0	false	Ability	0	psn	leftovers	1	-1	99	1	1		undefined	true	8	8	8	6	2
thermalexchange	onSetStatus	778	1	0	61	Normal	1	1	1	20	100	-1	16384	pikachu	1	1	1	1	1	1	1	0	100	160	0	0	null	missing	0	brn	leftovers	2	1	-1	0	1		false	undefined	16384	16384	16384	1	2
thermalexchange	onSetStatus	779	1	6	60	Fire	0	1	0	10	100	0	0	greninjaash	1	0	1	1	0	0	1	0	60	100	0	0	false	Ability	0	psn	sitrusberry	1	0	99	1	0		undefined	false	0	0	0	0	2
thermalexchange	onSetStatus	780	6	6	40	Ghost	1	1	1	10	100	-1	16384	pikachu	1	0	0	1	0	1	1	1	100	0	0	1	undefined	missing	0	psn	wikiberry	2	-1	0	0	1		undefined	undefined	16384	16384	16384	1	2
thermalexchange	onSetStatus	781	1	0	60	Dark	1	1	1	20	-1	0	0	greninjabond	0	0	0	1	0	6	1	0	60	0	0	1	0	Ability	1	psn	aguavberry	2	-1	0	0	1		undefined	false	0	0	0	6	2
thermalexchange	onSetStatus	782	1	6	60	Bug	0	0	1	10	100	-1	24576	greninjaash	1	1	1	1	1	6	1	0	0	0	1	1	0	Ability	1	psn	figyberry	2	1	1	0	0		undefined	undefined	24576	24576	24576	6	0
thermalexchange	onSetStatus	783	1	0	60	Water	1	0	1	10	20	-1	8	greninjabond	0	0	1	0	0	0	1	2	0	100	1	1	true	Ability	1	psn	magoberry	1	-1	1	1	0		undefined	undefined	8	8	8	0	0
thermalexchange	onSetStatus	784	0	1	70	Dark	0	1	1	0	100	-1	16384	pikachu	1	0	0	1	1	6	0	1	0	160	1	0	null	missing	0	brn	sitrusberry	1	1	99	1	0		false	undefined	16384	16384	16384	6	2
thermalexchange	onSetStatus	785	-1	6	61	Fire	0	0	0	20	20	0	0	pikachu	0	0	0	0	1	6	0	0	0	160	1	0	null	Ability	1	brn	iapapaberry	2	0	0	1	1	log:-immune:0:[from] ability: Thermal Exchange:undefined	false	false	0	0	0	6	0
thermalexchange	onSetStatus	786	0	1	61	Fire	1	0	1	0	-1	-1	16384	greninjabond	1	0	1	1	0	0	0	2	0	0	0	0	true	Move	1	psn	wikiberry	0	1	-1	1	1		undefined	undefined	16384	16384	16384	0	0
thermalexchange	onSetStatus	787	-1	1	40	Normal	1	0	1	20	0	1	16384	greninjaash	1	1	1	0	1	1	1	2	100	160	1	0	null	Move	1	psn	iapapaberry	2	1	1	0	1		undefined	true	16384	16384	16384	1	0
thermalexchange	onSetStatus	788	1	1	60	Ghost	0	0	1	10	100	1	2048	greninjabond	0	0	1	0	0	0	0	0	60	100	1	0	false	Ability	1	psn	sitrusberry	1	1	1	0	1		undefined	true	2048	2048	2048	0	0
thermalexchange	onSetStatus	789	-1	6	60	Bug	0	0	1	100	-1	0	8	greninjaash	1	1	0	0	0	0	0	2	100	160	0	1	undefined	missing	1	brn	sitrusberry	2	0	0	1	1		false	false	8	8	8	0	0
thermalexchange	onSetStatus	790	6	0	61	Ghost	1	0	0	10	20	-1	8192	greninjabond	0	0	1	1	0	-1	0	2	100	160	1	1	0	missing	0	brn	figyberry	2	0	-1	1	0		false	undefined	8192	8192	8192	-1	0
thermalexchange	onSetStatus	791	1	1	40	Bug	1	0	0	100	-1	1	8	greninjaash	1	0	1	1	1	-1	1	1	60	0	0	0	true	Ability	1	psn	figyberry	1	0	1	0	1		undefined	true	8	8	8	-1	0
thermalexchange	onSetStatus	792	0	0	0	Dark	1	0	0	20	-1	-1	16384	greninjabond	0	1	0	0	1	-1	0	0	60	0	0	1	undefined	missing	0	brn	sitrusberry	0	-1	1	0	0		false	undefined	16384	16384	16384	-1	0
thermalexchange	onSetStatus	793	6	6	0	Bug	0	1	0	20	100	-1	8192	greninjaash	1	1	0	0	1	6	1	2	0	0	1	1	undefined	Move	1	psn	leftovers	1	1	1	1	1		undefined	undefined	8192	8192	8192	6	2
thermalexchange	onSetStatus	794	-1	1	61	Normal	1	0	1	20	20	1	8192	greninjaash	1	0	0	1	1	6	0	2	100	0	1	1	undefined	Move	0	brn	magoberry	2	0	0	1	0		false	true	8192	8192	8192	6	0
thermalexchange	onSetStatus	795	6	6	0	Water	1	0	0	20	-1	-1	8	greninjabond	1	1	0	1	0	6	0	1	60	160	0	1	true	missing	1	brn	aguavberry	1	0	-1	1	0		false	undefined	8	8	8	6	0
thermalexchange	onSetStatus	796	-1	6	60	Fire	0	0	0	0	100	-1	8192	greninjaash	1	1	1	1	0	0	0	1	60	100	0	1	true	missing	1	psn	figyberry	1	0	99	0	0		undefined	undefined	8192	8192	8192	0	0
thermalexchange	onSetStatus	797	1	0	70	Normal	0	1	1	10	-1	-1	24576	greninjabond	0	0	0	0	1	6	1	1	60	0	1	1	false	Ability	0	brn	figyberry	2	-1	-1	1	1		false	undefined	24576	24576	24576	6	2
thermalexchange	onSetStatus	798	-1	0	70	Bug	1	1	0	10	-1	-1	2048	greninjaash	0	0	1	1	1	-1	0	1	60	160	1	1	0	Ability	1	psn	leftovers	2	-1	1	1	1		undefined	undefined	2048	2048	2048	-1	2
thermalexchange	onSetStatus	799	6	6	0	Ghost	0	0	1	20	100	1	24576	greninjaash	1	0	0	1	0	6	1	1	0	100	1	1	true	Move	1	psn	figyberry	0	-1	99	0	0		undefined	true	24576	24576	24576	6	0
thermalexchange	onSetStatus	800	0	1	61	Fire	1	0	1	100	0	0	0	greninjabond	1	1	1	1	0	1	1	2	60	160	0	0	true	Move	1	brn	iapapaberry	0	1	0	0	0	log:-immune:0:[from] ability: Thermal Exchange:undefined	false	false	0	0	0	1	0
thermalexchange	onSetStatus	801	6	0	40	Water	1	0	0	10	-1	-1	8192	pikachu	1	0	0	1	1	6	0	0	0	160	1	1	true	Move	0	psn	leftovers	0	1	-1	0	1		undefined	undefined	8192	8192	8192	6	0
thermalexchange	onSetStatus	802	6	0	60	Dark	1	1	0	10	100	0	16384	greninjaash	1	1	0	0	1	1	1	2	0	0	1	1	null	Ability	1	psn	leftovers	2	0	0	0	1		undefined	false	16384	16384	16384	1	2
thermalexchange	onSetStatus	803	1	0	61	Water	1	0	1	100	-1	1	24576	greninjabond	1	1	1	1	1	-1	0	1	100	0	0	1	0	Move	1	brn	iapapaberry	0	1	99	1	1	log:-immune:0:[from] ability: Thermal Exchange:undefined	false	true	24576	24576	24576	-1	0
thermalexchange	onSetStatus	804	1	6	61	Fire	1	1	1	100	100	0	8192	pikachu	0	1	0	0	0	-1	0	1	100	0	0	0	true	missing	1	psn	sitrusberry	0	0	-1	0	0		undefined	false	8192	8192	8192	-1	2
thermalexchange	onSetStatus	805	6	6	61	Fire	1	0	0	100	0	0	16384	greninjaash	0	1	1	1	1	0	0	0	60	160	1	0	true	missing	1	psn	leftovers	1	-1	-1	1	1		undefined	false	16384	16384	16384	0	0
thermalexchange	onSetStatus	806	0	6	60	Ghost	1	1	0	10	0	1	8192	greninjaash	0	1	0	1	1	0	1	2	60	0	0	1	true	Ability	1	brn	iapapaberry	1	1	-1	0	1	log:-immune:0:[from] ability: Thermal Exchange:undefined	false	true	8192	8192	8192	0	2
thermalexchange	onSetStatus	807	-1	6	40	Dark	0	0	0	10	20	-1	24576	greninjaash	1	0	1	0	0	1	1	1	0	100	1	1	false	Ability	0	brn	sitrusberry	2	-1	99	1	1		false	undefined	24576	24576	24576	1	0
thermalexchange	onSetStatus	808	1	6	60	Fire	0	1	1	0	20	1	8192	pikachu	0	0	0	0	0	-1	1	1	0	0	1	1	undefined	Move	1	brn	figyberry	1	-1	-1	0	1	log:-immune:0:[from] ability: Thermal Exchange:undefined	false	true	8192	8192	8192	-1	2
thermalexchange	onSetStatus	809	6	6	61	Dark	0	1	0	10	100	1	2048	greninjabond	0	1	0	1	0	6	1	2	0	0	1	0	undefined	missing	1	brn	iapapaberry	1	-1	0	0	0		false	true	2048	2048	2048	6	2
thermalexchange	onSetStatus	810	6	6	40	Water	1	1	0	100	0	-1	24576	pikachu	0	1	0	0	0	0	0	2	100	160	1	1	true	Ability	1	psn	leftovers	1	0	0	1	1		undefined	undefined	24576	24576	24576	0	2
thermalexchange	onSetStatus	811	0	0	0	Fire	0	0	1	100	20	0	8	pikachu	0	1	0	0	1	0	0	0	60	100	1	0	undefined	Move	1	psn	figyberry	0	-1	0	0	0		undefined	false	8	8	8	0	0
thermalexchange	onSetStatus	812	-1	1	61	Fire	0	1	1	20	100	1	8192	greninjabond	0	0	1	1	0	-1	1	1	60	160	1	1	null	Move	0	psn	magoberry	1	1	0	1	1		undefined	true	8192	8192	8192	-1	2
thermalexchange	onSetStatus	813	0	1	40	Bug	0	1	0	0	0	-1	24576	greninjaash	1	0	1	1	1	6	1	2	100	100	1	0	false	Move	0	psn	aguavberry	0	1	99	0	1		undefined	undefined	24576	24576	24576	6	2
thermalexchange	onSetStatus	814	6	6	0	Normal	1	0	1	10	100	1	8	greninjaash	0	1	0	1	0	0	0	2	60	160	0	1	undefined	Ability	0	brn	leftovers	2	1	1	1	0		false	true	8	8	8	0	0
thermalexchange	onSetStatus	815	-1	6	40	Water	0	0	0	100	-1	-1	16384	greninjaash	1	0	0	0	1	0	0	1	60	100	0	0	true	missing	0	brn	sitrusberry	0	-1	-1	0	0		false	undefined	16384	16384	16384	0	0
thermalexchange	onSetStatus	816	1	6	70	Fire	1	1	0	10	0	0	8192	greninjaash	0	1	0	1	0	0	1	0	100	160	0	0	false	missing	1	brn	aguavberry	0	-1	99	0	1		false	false	8192	8192	8192	0	2
thermalexchange	onSetStatus	817	1	0	61	Ghost	0	0	0	0	0	-1	8	pikachu	1	0	0	0	0	-1	1	0	0	160	1	0	undefined	missing	0	brn	iapapaberry	2	0	99	0	0		false	undefined	8	8	8	-1	0
thermalexchange	onSetStatus	818	1	6	0	Dark	0	1	0	10	-1	1	8	pikachu	0	0	0	0	1	6	1	2	100	160	0	1	undefined	Ability	0	brn	wikiberry	0	1	0	0	0		false	true	8	8	8	6	2
thermalexchange	onSetStatus	819	6	6	0	Fire	0	0	0	0	100	0	24576	pikachu	0	1	1	0	0	1	0	2	60	0	0	0	false	Ability	1	psn	figyberry	2	0	-1	1	1		undefined	false	24576	24576	24576	1	0
thermalexchange	onSetStatus	820	1	0	40	Dark	1	0	0	10	0	0	0	pikachu	1	0	1	0	1	6	1	2	60	100	0	0	undefined	missing	0	psn	leftovers	0	1	1	1	1		undefined	false	0	0	0	6	0
thermalexchange	onSetStatus	821	6	6	61	Water	0	0	0	20	0	1	2048	greninjabond	0	1	1	0	0	0	1	1	0	160	1	1	true	Ability	1	brn	aguavberry	1	1	99	0	1	log:-immune:0:[from] ability: Thermal Exchange:undefined	false	true	2048	2048	2048	0	0
thermalexchange	onSetStatus	822	-1	1	60	Dark	1	0	1	10	20	0	16384	greninjabond	0	1	0	1	1	1	0	1	60	100	0	1	null	Ability	1	psn	figyberry	1	-1	-1	0	0		undefined	false	16384	16384	16384	1	0
thermalexchange	onSetStatus	823	0	6	61	Water	1	0	1	20	100	-1	2048	greninjaash	0	0	1	1	0	-1	0	2	60	0	1	0	undefined	Move	0	psn	aguavberry	0	-1	0	0	1		undefined	undefined	2048	2048	2048	-1	0
thermalexchange	onSetStatus	824	1	0	61	Dark	0	0	1	20	20	0	24576	greninjabond	1	1	1	0	0	6	0	1	60	160	0	1	false	Move	0	psn	figyberry	2	0	1	0	0		undefined	false	24576	24576	24576	6	0
thermalexchange	onSetStatus	825	1	6	40	Bug	1	1	0	0	20	0	0	greninjabond	0	1	1	0	0	-1	0	2	0	160	0	0	true	Ability	1	psn	iapapaberry	2	1	-1	0	0		undefined	false	0	0	0	-1	2
thermalexchange	onSetStatus	826	0	0	40	Bug	0	0	1	100	100	-1	0	pikachu	0	0	1	0	0	1	1	1	0	0	0	1	true	Ability	1	psn	iapapaberry	1	1	0	1	0		undefined	undefined	0	0	0	1	0
thermalexchange	onSetStatus	827	1	6	61	Water	0	0	1	0	100	-1	8192	greninjabond	0	1	1	1	1	6	0	1	60	0	1	1	true	missing	0	psn	figyberry	0	-1	1	1	0		undefined	undefined	8192	8192	8192	6	0
thermalexchange	onSetStatus	828	0	6	60	Ghost	0	1	1	0	0	0	2048	greninjaash	0	1	0	1	1	6	1	0	100	100	0	1	false	missing	0	psn	sitrusberry	0	0	99	1	0		undefined	false	2048	2048	2048	6	2
thermalexchange	onSetStatus	829	-1	6	61	Fire	1	1	0	100	100	0	24576	pikachu	0	0	1	0	0	6	0	1	100	0	1	1	null	Ability	0	psn	leftovers	2	-1	99	0	1		undefined	false	24576	24576	24576	6	2
thermalexchange	onSetStatus	830	0	6	0	Bug	1	1	1	10	20	0	8192	greninjaash	1	0	0	1	0	1	1	2	60	0	1	1	undefined	Ability	1	brn	figyberry	2	0	1	1	1	log:-immune:0:[from] ability: Thermal Exchange:undefined	false	false	8192	8192	8192	1	2
thermalexchange	onSetStatus	831	1	0	70	Bug	1	0	0	0	20	-1	2048	greninjabond	0	0	1	0	0	6	0	2	60	160	0	1	false	missing	0	psn	wikiberry	2	0	0	1	0		undefined	undefined	2048	2048	2048	6	0
thermalexchange	onSetStatus	832	1	6	60	Dark	1	0	1	100	0	-1	0	greninjabond	0	0	0	1	0	-1	0	0	100	100	1	0	0	missing	0	psn	aguavberry	2	-1	0	1	0		undefined	undefined	0	0	0	-1	0
thermalexchange	onSetStatus	833	1	0	70	Fire	0	0	1	0	0	-1	8192	greninjabond	0	1	1	1	0	-1	1	0	100	100	0	1	null	Move	1	psn	sitrusberry	1	1	1	1	0		undefined	undefined	8192	8192	8192	-1	0
thermalexchange	onSetStatus	834	-1	1	70	Fire	0	0	1	10	0	1	24576	greninjabond	0	1	1	0	1	-1	0	1	100	0	0	1	0	Ability	1	brn	sitrusberry	0	0	0	1	1	log:-immune:0:[from] ability: Thermal Exchange:undefined	false	true	24576	24576	24576	-1	0
thermalexchange	onSetStatus	835	0	6	0	Bug	1	0	0	10	0	0	0	greninjaash	1	1	0	1	1	-1	1	1	60	0	0	0	null	Ability	0	brn	wikiberry	1	0	0	0	1		false	false	0	0	0	-1	0
thermalexchange	onSetStatus	836	6	1	70	Ghost	1	1	1	100	0	-1	2048	greninjabond	1	1	1	0	1	1	0	0	100	160	1	0	true	Move	1	psn	iapapaberry	0	1	-1	1	0		undefined	undefined	2048	2048	2048	1	2
thermalexchange	onSetStatus	837	1	1	60	Dark	0	0	0	10	100	-1	2048	greninjaash	1	0	1	0	0	0	1	0	0	100	1	0	0	Ability	0	psn	figyberry	1	0	1	0	1		undefined	undefined	2048	2048	2048	0	0
thermalexchange	onSetStatus	838	1	0	60	Dark	0	1	0	10	-1	0	8192	greninjabond	1	0	1	1	1	6	0	1	100	0	1	1	undefined	Move	0	psn	iapapaberry	1	1	-1	1	0		undefined	false	8192	8192	8192	6	2
thermalexchange	onSetStatus	839	1	6	0	Ghost	1	0	1	100	-1	1	2048	greninjaash	0	0	0	0	1	1	0	0	0	160	1	1	undefined	missing	0	brn	wikiberry	2	1	1	0	1		false	true	2048	2048	2048	1	0
thermalexchange	onSetStatus	840	1	6	70	Bug	1	1	0	0	20	0	16384	pikachu	1	0	1	0	1	1	0	1	0	0	0	1	true	Ability	0	psn	iapapaberry	0	-1	0	1	1		undefined	false	16384	16384	16384	1	2
thermalexchange	onSetStatus	841	1	1	0	Ghost	1	1	1	100	-1	1	8	pikachu	1	0	1	1	1	-1	0	0	60	0	0	1	true	missing	0	brn	aguavberry	1	-1	99	1	0		false	true	8	8	8	-1	2
thermalexchange	onSetStatus	842	6	0	61	Bug	0	1	1	100	-1	-1	24576	greninjaash	0	1	1	0	1	6	1	1	100	100	1	1	false	missing	0	psn	leftovers	0	1	0	0	1		undefined	undefined	24576	24576	24576	6	2
thermalexchange	onSetStatus	843	6	6	0	Dark	1	0	1	20	-1	-1	2048	greninjabond	1	1	1	0	0	0	1	0	60	160	1	0	null	Move	0	brn	aguavberry	2	0	99	1	0		false	undefined	2048	2048	2048	0	0
thermalexchange	onSetStatus	844	0	1	40	Fire	1	0	0	20	0	1	24576	pikachu	0	0	1	1	1	1	0	0	100	100	0	1	null	missing	1	psn	figyberry	1	1	1	1	0		undefined	true	24576	24576	24576	1	0
thermalexchange	onSetStatus	845	-1	6	61	Normal	0	1	0	20	100	0	2048	greninjaash	0	1	0	1	0	6	0	0	60	160	0	0	false	Ability	1	brn	figyberry	1	0	1	1	1	log:-immune:0:[from] ability: Thermal Exchange:undefined	false	false	2048	2048	2048	6	2
thermalexchange	onSetStatus	846	6	0	60	Normal	0	1	0	10	0	-1	2048	greninjabond	1	1	1	1	1	-1	0	0	0	0	1	1	false	Move	1	brn	figyberry	0	1	1	0	0	log:-immune:0:[from] ability: Thermal Exchange:undefined	false	undefined	2048	2048	2048	-1	2
thermalexchange	onSetStatus	847	6	1	70	Dark	0	0	0	10	100	1	16384	greninjaash	1	1	1	1	0	0	0	2	60	0	1	0	undefined	Ability	0	brn	wikiberry	2	1	1	1	0		false	true	16384	16384	16384	0	0
thermalexchange	onSetStatus	848	6	1	0	Normal	0	0	1	10	-1	0	16384	pikachu	0	1	1	0	1	6	0	2	0	160	1	0	true	Move	1	psn	wikiberry	1	-1	-1	1	1		undefined	false	16384	16384	16384	6	0
thermalexchange	onSetStatus	849	0	1	60	Bug	1	0	1	100	100	0	0	greninjabond	0	1	1	0	1	-1	1	2	60	0	0	0	false	Ability	1	brn	iapapaberry	0	1	0	1	0	log:-immune:0:[from] ability: Thermal Exchange:undefined	false	false	0	0	0	-1	0
thermalexchange	onSetStatus	850	6	0	70	Ghost	0	1	0	10	20	0	16384	greninjabond	1	1	0	0	0	0	1	1	0	0	1	1	0	Move	1	brn	magoberry	2	0	0	1	0	log:-immune:0:[from] ability: Thermal Exchange:undefined	false	false	16384	16384	16384	0	2
thermalexchange	onSetStatus	851	1	6	70	Fire	1	0	0	20	-1	0	0	greninjabond	1	1	0	0	1	1	1	1	100	160	1	1	null	missing	0	psn	sitrusberry	0	1	1	1	1		undefined	false	0	0	0	1	0
thermalexchange	onSetStatus	852	6	1	61	Ghost	0	0	1	10	0	1	24576	pikachu	1	1	0	1	1	1	0	2	60	160	0	0	false	missing	1	psn	figyberry	0	-1	99	0	1		undefined	true	24576	24576	24576	1	0
thermalexchange	onSetStatus	853	1	0	60	Normal	1	0	1	0	20	1	24576	pikachu	0	0	0	1	1	0	1	0	100	0	0	0	false	Move	0	brn	wikiberry	1	0	0	1	1		false	true	24576	24576	24576	0	0
thermalexchange	onSetStatus	854	0	6	60	Fire	0	0	0	10	100	-1	24576	greninjabond	1	1	1	1	0	-1	1	2	60	100	0	1	0	missing	1	psn	figyberry	2	1	0	1	1		undefined	undefined	24576	24576	24576	-1	0
thermalexchange	onSetStatus	855	-1	1	40	Water	0	1	0	0	20	-1	16384	greninjaash	1	1	0	1	1	-1	1	0	0	160	0	1	undefined	Ability	1	brn	aguavberry	1	0	99	1	0	log:-immune:0:[from] ability: Thermal Exchange:undefined	false	undefined	16384	16384	16384	-1	2
thermalexchange	onSetStatus	856	6	6	40	Water	1	0	0	20	100	1	8192	pikachu	0	1	0	1	1	0	1	1	100	0	1	1	true	Move	1	psn	wikiberry	0	-1	99	1	0		undefined	true	8192	8192	8192	0	0
thermalexchange	onSetStatus	857	0	1	40	Water	0	1	1	20	-1	-1	8	pikachu	0	0	1	0	1	-1	1	2	0	0	0	0	undefined	Move	0	psn	magoberry	0	1	99	0	0		undefined	undefined	8	8	8	-1	2
thermalexchange	onSetStatus	858	1	1	70	Water	1	0	0	100	100	-1	24576	greninjaash	1	0	0	0	1	-1	0	1	0	100	1	1	true	Ability	1	psn	sitrusberry	2	1	0	0	0		undefined	undefined	24576	24576	24576	-1	0
thermalexchange	onSetStatus	859	0	6	40	Water	0	0	0	100	20	-1	2048	pikachu	0	1	1	1	1	6	1	0	0	100	0	1	null	missing	0	psn	iapapaberry	1	0	0	0	1		undefined	undefined	2048	2048	2048	6	0
thermalexchange	onSetStatus	860	0	1	40	Fire	1	1	1	0	0	-1	24576	greninjaash	1	1	1	0	0	0	0	1	100	100	1	1	true	missing	0	psn	leftovers	2	-1	-1	0	1		undefined	undefined	24576	24576	24576	0	2
thermalexchange	onSetStatus	861	6	1	60	Fire	0	1	1	20	20	1	2048	greninjaash	1	1	0	0	1	6	1	0	100	160	0	1	false	missing	1	psn	sitrusberry	2	1	0	1	1		undefined	true	2048	2048	2048	6	2
thermalexchange	onSetStatus	862	1	1	0	Water	0	0	1	10	20	-1	8192	greninjabond	1	0	0	0	1	0	0	1	100	160	0	0	true	Ability	0	brn	sitrusberry	2	0	99	0	1		false	undefined	8192	8192	8192	0	0
thermalexchange	onSetStatus	863	0	1	61	Water	0	1	1	100	-1	-1	24576	greninjaash	1	1	1	0	1	-1	1	2	60	100	1	1	null	Move	1	psn	wikiberry	0	-1	99	0	1		undefined	undefined	24576	24576	24576	-1	2
thermalexchange	onSetStatus	864	6	6	40	Water	0	1	0	100	-1	0	8192	greninjabond	1	0	1	0	1	1	1	2	100	160	0	0	true	missing	1	psn	iapapaberry	1	-1	1	1	0		undefined	false	8192	8192	8192	1	2
thermalexchange	onSetStatus	865	0	1	61	Fire	1	0	1	20	20	0	16384	pikachu	1	1	0	0	0	-1	0	0	100	0	1	1	undefined	Move	1	brn	aguavberry	1	1	-1	0	0	log:-immune:0:[from] ability: Thermal Exchange:undefined	false	false	16384	16384	16384	-1	0
thermalexchange	onSetStatus	866	0	0	0	Ghost	1	0	0	10	0	-1	8192	pikachu	1	0	0	0	0	1	1	2	60	0	0	1	undefined	Move	0	brn	magoberry	0	-1	0	1	1		false	undefined	8192	8192	8192	1	0
thermalexchange	onSetStatus	867	6	0	70	Water	0	0	1	100	100	1	16384	pikachu	0	1	0	0	0	0	1	1	100	0	1	0	undefined	Ability	0	brn	wikiberry	2	0	99	1	0		false	true	16384	16384	16384	0	0
thermalexchange	onSetStatus	868	-1	0	60	Fire	0	1	0	100	-1	1	16384	greninjaash	0	0	1	1	0	0	1	2	100	160	0	0	undefined	missing	0	psn	iapapaberry	1	-1	0	0	0		undefined	true	16384	16384	16384	0	2
thermalexchange	onSetStatus	869	0	1	0	Bug	0	0	1	100	20	-1	8192	greninjaash	0	0	0	0	1	0	0	1	100	100	0	1	0	Move	0	psn	wikiberry	0	1	-1	0	0		undefined	undefined	8192	8192	8192	0	0
thermalexchange	onSetStatus	870	6	1	60	Ghost	0	1	1	20	20	-1	0	pikachu	1	0	0	0	0	0	1	0	60	0	0	0	null	Move	1	psn	figyberry	1	-1	0	1	0		undefined	undefined	0	0	0	0	2
thermalexchange	onSetStatus	871	0	1	70	Ghost	0	1	0	10	0	-1	24576	greninjaash	0	1	1	0	0	6	1	2	100	0	0	0	null	missing	1	psn	sitrusberry	2	0	-1	1	0		undefined	undefined	24576	24576	24576	6	2
thermalexchange	onSetStatus	872	6	1	60	Bug	1	1	1	0	100	1	8	pikachu	0	0	1	1	1	-1	1	2	60	100	1	1	undefined	Move	0	psn	figyberry	1	1	0	0	0		undefined	true	8	8	8	-1	2
thermalexchange	onSetStatus	873	-1	0	60	Ghost	1	1	0	10	0	0	24576	greninjaash	0	0	0	1	0	-1	1	0	100	160	1	1	true	Move	0	brn	wikiberry	0	1	1	0	0		false	false	24576	24576	24576	-1	2
thermalexchange	onSetStatus	874	-1	0	70	Water	1	1	1	100	20	0	2048	greninjabond	1	1	1	0	1	0	1	0	100	0	0	1	undefined	Move	1	psn	wikiberry	1	1	0	0	0		undefined	false	2048	2048	2048	0	2
thermalexchange	onSetStatus	875	1	1	60	Bug	0	0	0	0	100	1	16384	greninjabond	0	1	0	0	1	1	0	0	100	100	0	0	false	Move	1	brn	wikiberry	1	-1	1	1	1	log:-immune:0:[from] ability: Thermal Exchange:undefined	false	true	16384	16384	16384	1	0
thermalexchange	onSetStatus	876	1	6	0	Dark	1	0	1	20	-1	-1	16384	greninjabond	1	0	0	0	0	-1	1	2	60	160	0	1	false	Move	0	psn	wikiberry	2	-1	1	0	0		undefined	undefined	16384	16384	16384	-1	0
thermalexchange	onSetStatus	877	6	1	0	Bug	1	1	1	10	-1	0	0	greninjabond	0	1	0	1	0	-1	1	2	100	0	0	0	false	Ability	0	brn	aguavberry	2	0	-1	0	0		false	false	0	0	0	-1	2
thermalexchange	onSetStatus	878	-1	1	70	Bug	1	1	1	20	-1	1	8	pikachu	0	0	0	0	1	1	1	1	0	100	0	0	0	Move	0	brn	aguavberry	0	0	99	1	0		false	true	8	8	8	1	2
thermalexchange	onSetStatus	879	1	1	70	Ghost	1	1	1	0	20	0	24576	greninjaash	0	1	0	1	1	1	1	1	100	100	1	0	undefined	missing	1	brn	leftovers	1	-1	-1	1	1		false	false	24576	24576	24576	1	2
thermalexchange	onSetStatus	880	6	0	40	Water	1	0	0	10	-1	-1	2048	greninjaash	1	1	0	0	0	1	0	2	100	0	1	0	true	Move	0	psn	figyberry	0	1	-1	0	1		undefined	undefined	2048	2048	2048	1	0
thermalexchange	onSetStatus	881	-1	0	0	Bug	0	0	0	10	20	0	16384	greninjabond	0	1	0	1	0	-1	0	2	0	100	1	0	undefined	missing	0	psn	magoberry	0	1	99	1	0		undefined	false	16384	16384	16384	-1	0
thermalexchange	onSetStatus	882	6	1	60	Fire	1	1	1	10	100	0	24576	pikachu	1	1	1	0	0	-1	0	2	60	100	0	1	true	Move	1	brn	figyberry	2	-1	0	0	0	log:-immune:0:[from] ability: Thermal Exchange:undefined	false	false	24576	24576	24576	-1	2
thermalexchange	onSetStatus	883	0	1	70	Fire	0	0	1	0	0	-1	8	greninjaash	1	1	1	1	1	6	0	2	100	100	1	1	null	missing	1	brn	sitrusberry	2	1	-1	0	0		false	undefined	8	8	8	6	0
thermalexchange	onSetStatus	884	-1	1	61	Dark	1	1	1	10	-1	-1	16384	greninjabond	0	1	1	1	0	-1	1	2	0	160	1	0	null	Move	1	psn	aguavberry	2	0	99	0	1		undefined	undefined	16384	16384	16384	-1	2
thermalexchange	onSetStatus	885	-1	1	0	Dark	0	0	1	20	-1	1	16384	pikachu	1	0	0	1	0	1	0	1	100	100	1	0	0	Move	1	psn	iapapaberry	1	-1	-1	0	0		undefined	true	16384	16384	16384	1	0
thermalexchange	onSetStatus	886	0	1	0	Water	1	0	1	20	0	0	16384	greninjaash	0	1	1	0	1	1	0	1	60	160	1	0	undefined	missing	0	psn	iapapaberry	0	-1	0	0	1		undefined	false	16384	16384	16384	1	0
thermalexchange	onSetStatus	887	6	0	0	Normal	1	1	0	20	-1	-1	8	greninjaash	0	1	1	1	1	0	1	1	0	100	1	1	null	Ability	1	brn	aguavberry	0	-1	0	0	0	log:-immune:0:[from] ability: Thermal Exchange:undefined	false	undefined	8	8	8	0	2
thermalexchange	onSetStatus	888	-1	1	60	Normal	0	0	0	20	0	0	0	greninjaash	0	0	1	1	0	6	0	2	100	160	0	1	true	Move	0	psn	sitrusberry	0	-1	99	0	1		undefined	false	0	0	0	6	0
thermalexchange	onSetStatus	889	-1	1	0	Bug	1	1	0	0	100	-1	0	pikachu	1	0	0	0	1	-1	1	2	0	0	1	0	null	Move	1	psn	aguavberry	0	-1	0	1	0		undefined	undefined	0	0	0	-1	2
thermalexchange	onSetStatus	890	1	1	61	Fire	1	1	1	100	0	-1	8	greninjabond	1	0	1	0	0	1	1	0	0	160	0	1	false	missing	0	psn	iapapaberry	2	1	0	1	1		undefined	undefined	8	8	8	1	2
thermalexchange	onSetStatus	891	6	0	0	Fire	1	0	0	10	-1	-1	8192	pikachu	1	1	0	1	0	-1	0	2	0	0	1	0	null	Move	1	psn	iapapaberry	0	-1	99	1	1		undefined	undefined	8192	8192	8192	-1	0
thermalexchange	onSetStatus	892	1	0	60	Ghost	0	1	0	0	-1	-1	8192	greninjaash	1	1	1	0	0	6	0	1	60	0	0	1	0	missing	1	brn	wikiberry	2	-1	-1	0	1		false	undefined	8192	8192	8192	6	2
thermalexchange	onSetStatus	893	1	1	0	Ghost	1	1	0	0	-1	-1	8192	greninjaash	0	1	1	1	0	-1	1	0	0	0	1	1	null	Ability	0	psn	aguavberry	1	0	99	1	0		undefined	undefined	8192	8192	8192	-1	2
thermalexchange	onSetStatus	894	6	6	61	Fire	1	0	0	20	100	0	16384	pikachu	0	1	1	0	0	6	1	2	100	160	1	0	0	missing	1	brn	magoberry	1	-1	99	1	1		false	false	16384	16384	16384	6	0
thermalexchange	onSetStatus	895	6	0	70	Normal	1	1	0	10	0	-1	8	pikachu	1	1	0	0	0	-1	0	2	60	0	0	1	true	Move	0	psn	magoberry	0	0	1	1	1		undefined	undefined	8	8	8	-1	2
thermalexchange	onSetStatus	896	-1	6	70	Bug	1	1	1	100	20	0	0	greninjaash	1	0	1	0	0	0	0	2	100	160	1	0	0	Move	1	psn	figyberry	2	1	1	0	0		undefined	false	0	0	0	0	2
thermalexchange	onSetStatus	897	6	1	40	Ghost	1	0	0	0	-1	-1	24576	greninjaash	0	1	0	0	1	-1	0	0	60	100	1	0	0	Move	0	brn	magoberry	2	-1	1	1	0		false	undefined	24576	24576	24576	-1	0
thermalexchange	onSetStatus	898	1	0	0	Normal	0	0	1	10	-1	-1	2048	greninjabond	0	0	0	0	1	0	1	2	0	0	1	1	null	missing	1	brn	iapapaberry	0	-1	0	0	1		false	undefined	2048	2048	2048	0	0
thermalexchange	onSetStatus	899	1	6	0	Normal	1	0	0	20	-1	-1	24576	pikachu	1	1	1	0	1	0	0	1	60	100	0	0	null	missing	1	psn	sitrusberry	2	0	0	1	0		undefined	undefined	24576	24576	24576	0	0
thermalexchange	onSetStatus	900	-1	6	0	Normal	1	0	1	100	-1	0	24576	pikachu	1	0	0	1	0	6	0	2	60	160	1	0	true	Move	1	brn	magoberry	1	1	0	1	1	log:-immune:0:[from] ability: Thermal Exchange:undefined	false	false	24576	24576	24576	6	0
thermalexchange	onSetStatus	901	-1	1	60	Water	1	1	0	10	-1	-1	16384	greninjabond	1	0	1	0	1	1	1	1	0	0	1	1	0	missing	1	brn	iapapaberry	1	-1	99	1	0		false	undefined	16384	16384	16384	1	2
thermalexchange	onSetStatus	902	-1	0	40	Water	1	1	0	20	20	1	8192	greninjabond	0	0	1	0	1	6	1	0	60	100	1	0	true	Move	0	psn	figyberry	2	0	0	0	0		undefined	true	8192	8192	8192	6	2
thermalexchange	onSetStatus	903	-1	0	61	Bug	0	1	1	100	20	-1	2048	pikachu	1	1	1	1	1	6	0	2	100	160	1	0	undefined	Move	0	psn	aguavberry	0	0	1	1	0		undefined	undefined	2048	2048	2048	6	2
thermalexchange	onSetStatus	904	-1	0	40	Bug	0	1	0	0	0	0	8	greninjaash	1	1	0	1	0	1	1	2	100	100	1	1	true	missing	1	psn	iapapaberry	1	-1	0	0	0		undefined	false	8	8	8	1	2
thermalexchange	onSetStatus	905	6	0	60	Bug	0	0	0	0	100	-1	2048	greninjaash	0	0	0	1	1	-1	0	1	100	0	0	1	true	Move	1	brn	magoberry	0	-1	-1	0	0	log:-immune:0:[from] ability: Thermal Exchange:undefined	false	undefined	2048	2048	2048	-1	0
thermalexchange	onSetStatus	906	0	0	61	Ghost	0	0	0	100	20	-1	8	greninjabond	0	0	0	0	0	6	0	2	60	0	1	1	null	Move	1	psn	leftovers	2	-1	0	1	0		undefined	undefined	8	8	8	6	0
thermalexchange	onSetStatus	907	0	6	60	Bug	1	0	1	20	20	-1	8192	greninjabond	0	1	0	0	1	1	0	0	100	100	1	1	0	missing	1	brn	sitrusberry	1	1	-1	0	1		false	undefined	8192	8192	8192	1	0
thermalexchange	onSetStatus	908	1	1	61	Bug	0	0	0	20	20	0	24576	greninjaash	0	1	1	0	1	6	0	0	60	0	1	0	true	Ability	1	brn	wikiberry	0	0	1	1	0	log:-immune:0:[from] ability: Thermal Exchange:undefined	false	false	24576	24576	24576	6	0
thermalexchange	onSetStatus	909	0	0	70	Bug	0	0	0	100	0	1	8192	greninjabond	1	1	1	0	1	-1	0	0	0	100	1	0	0	Ability	0	brn	sitrusberry	2	-1	1	1	0		false	true	8192	8192	8192	-1	0
thermalexchange	onSetStatus	910	0	6	70	Ghost	1	1	0	20	20	0	2048	pikachu	0	0	0	0	0	-1	0	1	0	160	0	0	undefined	missing	0	brn	sitrusberry	0	0	99	1	1		false	false	2048	2048	2048	-1	2
thermalexchange	onSetStatus	911	0	0	0	Dark	0	1	0	20	-1	1	2048	greninjabond	1	1	0	1	1	1	0	2	100	160	0	0	undefined	Ability	0	brn	wikiberry	0	1	99	0	1		false	true	2048	2048	2048	1	2
thermalexchange	onSetStatus	912	-1	1	61	Water	1	0	0	10	20	1	24576	greninjaash	0	1	1	0	0	-1	1	0	0	100	0	1	undefined	Ability	1	psn	figyberry	0	-1	-1	0	1		undefined	true	24576	24576	24576	-1	0
thermalexchange	onSetStatus	913	6	0	70	Bug	1	1	1	100	-1	-1	8192	greninjabond	1	1	1	1	0	-1	1	0	100	100	0	1	0	Move	0	psn	figyberry	2	0	1	0	0		undefined	undefined	8192	8192	8192	-1	2
thermalexchange	onSetStatus	914	-1	6	40	Water	0	1	0	10	0	0	24576	greninjaash	0	1	0	0	1	1	1	0	60	160	1	1	0	Move	0	brn	wikiberry	1	-1	0	0	0		false	false	24576	24576	24576	1	2
thermalexchange	onSetStatus	915	6	6	0	Fire	0	1	0	100	100	-1	8192	greninjabond	0	0	0	1	0	6	0	1	0	0	0	1	0	Ability	0	brn	leftovers	2	0	99	1	0		false	undefined	8192	8192	8192	6	2
thermalexchange	onSetStatus	916	0	6	0	Normal	1	1	0	20	20	1	8192	greninjaash	1	1	0	1	1	1	1	2	0	100	0	1	null	Ability	0	brn	aguavberry	2	-1	99	1	0		false	true	8192	8192	8192	1	2
thermalexchange	onSetStatus	917	6	6	60	Dark	1	1	0	0	0	-1	2048	pikachu	0	0	1	1	1	1	1	0	100	0	1	0	null	Ability	0	psn	figyberry	1	0	1	0	0		undefined	undefined	2048	2048	2048	1	2
thermalexchange	onSetStatus	918	1	1	0	Bug	0	1	1	20	-1	1	2048	pikachu	1	1	0	0	1	0	1	2	0	160	0	0	0	missing	1	psn	leftovers	0	1	0	0	1		undefined	true	2048	2048	2048	0	2
thermalexchange	onSetStatus	919	0	0	61	Dark	0	1	1	0	0	-1	2048	greninjabond	0	1	0	0	0	0	0	2	60	160	1	1	false	Move	0	brn	leftovers	1	-1	99	1	0		false	undefined	2048	2048	2048	0	2
thermalexchange	onSetStatus	920	-1	1	0	Bug	0	1	1	100	0	0	24576	pikachu	1	0	1	1	0	0	1	2	0	160	1	0	null	Ability	1	psn	aguavberry	2	0	99	1	1		undefined	false	24576	24576	24576	0	2
thermalexchange	onSetStatus	921	1	1	70	Fire	1	0	1	100	20	0	0	greninjaash	0	0	1	1	0	-1	0	0	60	100	0	0	undefined	missing	0	brn	sitrusberry	0	1	99	0	0		false	false	0	0	0	-1	0
thermalexchange	onSetStatus	922	6	1	70	Ghost	0	1	0	100	-1	0	2048	greninjabond	0	1	1	0	0	-1	1	2	60	0	0	0	false	Move	1	psn	iapapaberry	2	-1	1	0	1		undefined	false	2048	2048	2048	-1	2
thermalexchange	onSetStatus	923	1	0	0	Dark	0	1	1	100	0	0	2048	greninjaash	0	0	1	0	1	-1	1	2	0	0	1	0	null	missing	0	psn	aguavberry	2	1	0	0	1		undefined	false	2048	2048	2048	-1	2
thermalexchange	onSetStatus	924	6	1	40	Normal	1	1	1	10	20	0	16384	greninjaash	0	0	0	0	1	1	1	1	0	160	1	0	true	Ability	0	brn	aguavberry	2	0	-1	1	1		false	false	16384	16384	16384	1	2
thermalexchange	onSetStatus	925	0	0	61	Ghost	1	0	0	20	0	1	2048	greninjabond	1	1	1	1	0	-1	0	1	0	160	0	0	true	Move	1	psn	aguavberry	1	0	0	0	0		undefined	true	2048	2048	2048	-1	0
thermalexchange	onSetStatus	926	6	1	70	Dark	0	0	1	20	0	-1	8192	pikachu	1	1	0	0	0	0	1	1	100	0	0	0	0	missing	0	brn	figyberry	2	-1	99	0	0		false	undefined	8192	8192	8192	0	0
thermalexchange	onSetStatus	927	1	1	0	Normal	1	1	0	100	20	1	0	greninjaash	0	1	1	0	1	-1	0	1	0	160	0	0	true	Ability	0	brn	iapapaberry	1	0	-1	1	1		false	true	0	0	0	-1	2
thermalexchange	onSetStatus	928	-1	0	61	Normal	0	1	0	0	100	-1	8	pikachu	0	0	0	0	1	6	0	2	0	160	1	1	0	missing	0	psn	aguavberry	1	0	1	1	1		undefined	undefined	8	8	8	6	2
thermalexchange	onSetStatus	929	1	1	0	Fire	0	1	1	20	0	0	16384	pikachu	0	1	1	0	0	-1	1	2	60	0	0	0	null	missing	1	brn	sitrusberry	1	1	0	1	0		false	false	16384	16384	16384	-1	2
thermalexchange	onSetStatus	930	1	1	0	Bug	0	0	1	20	20	1	8	greninjabond	0	0	1	1	0	6	0	2	100	0	0	0	false	Ability	0	brn	aguavberry	2	-1	1	1	0		false	true	8	8	8	6	0
thermalexchange	onSetStatus	931	0	0	0	Fire	0	1	0	0	0	1	2048	pikachu	0	0	0	0	0	0	1	0	100	100	1	0	undefined	Ability	0	psn	figyberry	2	0	-1	0	0		undefined	true	2048	2048	2048	0	2
thermalexchange	onSetStatus	932	0	0	60	Water	0	0	0	0	20	1	2048	greninjabond	1	0	1	1	1	0	1	2	100	0	1	1	undefined	Ability	0	brn	iapapaberry	0	-1	0	1	1		false	true	2048	2048	2048	0	0
thermalexchange	onSetStatus	933	1	1	0	Normal	0	1	1	0	100	-1	8	greninjaash	1	0	0	0	0	1	1	1	0	160	0	1	null	Move	0	brn	leftovers	0	0	0	0	0		false	undefined	8	8	8	1	2
thermalexchange	onSetStatus	934	-1	6	61	Normal	0	0	1	20	100	0	2048	greninjaash	1	0	1	0	0	1	0	0	100	100	1	0	true	Ability	0	psn	sitrusberry	1	0	0	1	0		undefined	false	2048	2048	2048	1	0
thermalexchange	onSetStatus	935	6	1	70	Water	1	1	1	20	-1	-1	16384	pikachu	0	1	0	1	1	6	0	2	60	0	0	0	true	Move	1	psn	sitrusberry	1	1	-1	0	0		undefined	undefined	16384	16384	16384	6	2
thermalexchange	onSetStatus	936	0	1	70	Bug	1	0	0	10	-1	-1	2048	greninjaash	1	1	1	1	1	0	0	1	100	0	0	0	null	Move	0	psn	figyberry	2	-1	0	1	0		undefined	undefined	2048	2048	2048	0	0
thermalexchange	onSetStatus	937	1	1	61	Water	1	0	1	20	20	-1	24576	greninjabond	1	0	1	0	1	-1	0	2	60	0	0	1	undefined	Move	0	psn	wikiberry	2	1	1	1	1		undefined	undefined	24576	24576	24576	-1	0
thermalexchange	onSetStatus	938	1	0	61	Ghost	0	0	1	0	100	0	16384	greninjaash	1	0	1	1	1	1	1	1	0	160	0	0	true	Move	0	brn	magoberry	1	-1	1	0	0		false	false	16384	16384	16384	1	0
thermalexchange	onSetStatus	939	-1	6	40	Water	1	1	0	0	-1	1	16384	greninjaash	1	0	1	1	0	1	1	1	60	100	0	1	true	missing	0	brn	wikiberry	0	0	1	1	1		false	true	16384	16384	16384	1	2
thermalexchange	onSetStatus	940	6	0	40	Water	1	0	0	100	20	-1	16384	pikachu	1	1	0	0	1	0	0	2	100	160	0	0	true	missing	1	brn	sitrusberry	2	0	1	0	0		false	undefined	16384	16384	16384	0	0
thermalexchange	onSetStatus	941	-1	0	70	Ghost	1	0	1	10	100	0	0	greninjaash	0	1	0	0	0	-1	0	2	0	0	0	1	0	missing	1	brn	figyberry	0	0	-1	1	0		false	false	0	0	0	-1	0
thermalexchange	onSetStatus	942	1	0	60	Fire	0	1	0	20	20	0	0	pikachu	1	0	1	0	1	1	1	1	100	100	1	0	null	missing	1	psn	magoberry	0	-1	99	0	1		undefined	false	0	0	0	1	2
thermalexchange	onSetStatus	943	6	1	70	Ghost	1	1	1	0	0	-1	8192	greninjaash	0	1	1	1	0	1	1	0	0	160	1	1	false	Ability	1	psn	iapapaberry	1	-1	0	1	1		undefined	undefined	8192	8192	8192	1	2
thermalexchange	onSetStatus	944	0	1	61	Water	0	0	1	20	100	-1	2048	pikachu	1	0	1	0	1	1	0	0	100	160	1	1	undefined	Ability	0	psn	sitrusberry	2	1	-1	1	0		undefined	undefined	2048	2048	2048	1	0
thermalexchange	onSetStatus	945	0	0	0	Normal	1	1	1	10	100	0	16384	greninjaash	0	1	1	1	1	0	0	1	100	100	0	1	undefined	Ability	1	psn	magoberry	1	-1	-1	1	1		undefined	false	16384	16384	16384	0	2
thermalexchange	onSetStatus	946	0	0	0	Normal	1	0	1	20	0	0	2048	greninjaash	1	1	1	1	0	-1	0	2	60	160	1	0	false	missing	1	psn	iapapaberry	1	-1	1	1	1		undefined	false	2048	2048	2048	-1	0
thermalexchange	onSetStatus	947	1	6	60	Water	1	1	1	10	20	0	16384	greninjaash	1	0	0	1	1	6	1	1	60	100	1	1	false	missing	0	brn	leftovers	1	0	0	0	0		false	false	16384	16384	16384	6	2
thermalexchange	onSetStatus	948	0	1	0	Bug	0	1	1	20	100	-1	8192	greninjaash	0	1	0	1	0	-1	0	2	100	100	1	1	undefined	Move	1	brn	iapapaberry	0	-1	99	0	0	log:-immune:0:[from] ability: Thermal Exchange:undefined	false	undefined	8192	8192	8192	-1	2
thermalexchange	onSetStatus	949	1	1	0	Fire	1	1	1	100	100	0	24576	greninjaash	1	0	0	1	1	1	0	1	100	0	0	0	null	missing	0	psn	wikiberry	0	0	-1	1	0		undefined	false	24576	24576	24576	1	2
thermalexchange	onSetStatus	950	6	6	70	Bug	0	1	0	20	-1	0	8192	greninjaash	1	0	1	0	0	6	1	2	60	0	1	0	false	missing	0	brn	magoberry	2	0	0	1	1		false	false	8192	8192	8192	6	2
thermalexchange	onSetStatus	951	-1	6	61	Ghost	0	1	0	100	20	1	8	greninjaash	1	1	0	0	1	0	1	0	0	0	0	1	undefined	Ability	1	brn	wikiberry	2	-1	1	1	0	log:-immune:0:[from] ability: Thermal Exchange:undefined	false	true	8	8	8	0	2
thermalexchange	onSetStatus	952	0	0	60	Normal	1	1	0	100	-1	0	16384	pikachu	0	0	0	1	1	-1	1	2	0	0	1	0	null	missing	1	brn	iapapaberry	0	0	99	1	1		false	false	16384	16384	16384	-1	2
thermalexchange	onSetStatus	953	0	6	60	Dark	0	0	1	10	-1	1	24576	pikachu	1	0	0	1	1	0	1	2	100	100	1	1	undefined	Ability	0	brn	figyberry	0	-1	0	1	1		false	true	24576	24576	24576	0	0
thermalexchange	onSetStatus	954	-1	6	61	Ghost	1	1	0	0	20	-1	8192	pikachu	1	1	0	1	1	6	0	1	100	160	1	0	null	Ability	0	brn	iapapaberry	2	-1	1	0	1		false	undefined	8192	8192	8192	6	2
thermalexchange	onSetStatus	955	0	1	40	Dark	1	1	0	10	20	1	2048	greninjabond	1	0	0	0	0	-1	1	1	0	160	0	0	false	Ability	1	brn	sitrusberry	1	0	99	0	1	log:-immune:0:[from] ability: Thermal Exchange:undefined	false	true	2048	2048	2048	-1	2
thermalexchange	onSetStatus	956	-1	6	40	Normal	1	0	0	10	100	1	24576	greninjabond	1	0	1	0	0	-1	0	0	100	100	1	0	true	missing	1	brn	sitrusberry	0	0	-1	0	1		false	true	24576	24576	24576	-1	0
thermalexchange	onSetStatus	957	6	0	61	Normal	0	0	1	0	20	0	2048	greninjaash	1	1	0	1	1	-1	1	2	100	160	0	0	0	Move	1	brn	sitrusberry	1	0	-1	1	0	log:-immune:0:[from] ability: Thermal Exchange:undefined	false	false	2048	2048	2048	-1	0
thermalexchange	onSetStatus	958	-1	1	70	Fire	0	0	0	20	-1	0	16384	greninjabond	0	1	1	0	1	6	0	1	60	0	0	0	null	missing	0	psn	iapapaberry	2	-1	99	0	0		undefined	false	16384	16384	16384	6	0
thermalexchange	onSetStatus	959	0	0	60	Fire	0	1	1	10	-1	1	8192	greninjabond	1	1	0	1	1	-1	1	0	0	160	1	0	false	Ability	1	brn	figyberry	1	1	1	0	1	log:-immune:0:[from] ability: Thermal Exchange:undefined	false	true	8192	8192	8192	-1	2
thermalexchange	onSetStatus	960	0	1	61	Normal	0	1	0	0	100	1	24576	pikachu	1	1	1	0	1	0	1	0	0	0	0	1	true	Move	1	brn	iapapaberry	0	-1	1	0	1	log:-immune:0:[from] ability: Thermal Exchange:undefined	false	true	24576	24576	24576	0	2
thermalexchange	onSetStatus	961	0	6	61	Bug	1	1	0	10	100	1	16384	pikachu	1	0	0	0	1	0	0	0	0	0	1	0	undefined	missing	0	brn	aguavberry	0	1	99	0	1		false	true	16384	16384	16384	0	2
thermalexchange	onSetStatus	962	6	1	40	Normal	1	1	0	20	100	1	16384	greninjabond	1	0	0	1	0	0	1	2	60	100	1	0	undefined	Move	0	psn	sitrusberry	0	1	1	0	0		undefined	true	16384	16384	16384	0	2
thermalexchange	onSetStatus	963	-1	6	40	Dark	0	1	1	20	100	0	24576	pikachu	0	0	1	0	0	0	0	0	60	160	1	1	null	missing	1	psn	magoberry	2	1	1	1	0		undefined	false	24576	24576	24576	0	2
thermalexchange	onSetStatus	964	1	6	40	Water	0	0	0	0	100	1	24576	greninjabond	0	0	0	1	0	6	1	0	60	0	0	1	false	missing	0	brn	wikiberry	0	-1	0	0	1		false	true	24576	24576	24576	6	0
thermalexchange	onSetStatus	965	0	6	40	Normal	1	1	1	20	20	-1	8192	pikachu	0	1	0	1	1	1	0	0	0	160	0	1	false	missing	1	brn	sitrusberry	0	-1	99	1	0		false	undefined	8192	8192	8192	1	2
thermalexchange	onSetStatus	966	0	6	0	Bug	1	0	1	20	0	0	0	greninjabond	0	1	0	0	0	-1	1	2	60	100	0	0	undefined	missing	1	brn	leftovers	1	1	0	0	1		false	false	0	0	0	-1	0
thermalexchange	onSetStatus	967	0	6	61	Bug	0	1	0	0	0	-1	8192	greninjaash	1	1	1	1	0	6	1	2	60	0	0	0	null	missing	1	psn	magoberry	1	0	99	1	0		undefined	undefined	8192	8192	8192	6	2
thermalexchange	onSetStatus	968	0	0	0	Dark	0	0	1	10	-1	-1	8192	greninjaash	0	1	0	1	0	6	1	1	0	0	1	0	0	Move	1	brn	aguavberry	1	0	1	0	0	log:-immune:0:[from] ability: Thermal Exchange:undefined	false	undefined	8192	8192	8192	6	0
thermalexchange	onSetStatus	969	0	0	40	Water	0	0	0	0	0	0	16384	greninjabond	0	1	0	0	0	0	1	1	0	160	1	0	false	Move	1	psn	magoberry	0	0	-1	0	1		undefined	false	16384	16384	16384	0	0
thermalexchange	onSetStatus	970	1	6	60	Ghost	1	0	0	0	0	-1	16384	greninjabond	1	0	0	1	0	-1	0	1	0	100	0	0	false	Move	1	brn	figyberry	2	1	1	1	0	log:-immune:0:[from] ability: Thermal Exchange:undefined	false	undefined	16384	16384	16384	-1	0
thermalexchange	onSetStatus	971	1	6	61	Bug	0	1	0	100	0	1	24576	greninjaash	0	0	0	1	1	1	0	2	0	160	0	1	0	Ability	1	psn	wikiberry	1	0	-1	0	1		undefined	true	24576	24576	24576	1	2
thermalexchange	onSetStatus	972	-1	0	0	Water	0	1	1	100	100	0	2048	pikachu	1	1	0	0	0	6	1	0	60	160	1	0	false	Ability	0	brn	wikiberry	1	1	99	0	1		false	false	2048	2048	2048	6	2
thermalexchange	onSetStatus	973	6	0	70	Dark	1	0	1	100	20	0	24576	greninjabond	1	0	1	0	1	-1	1	2	100	100	1	1	undefined	Move	0	psn	wikiberry	1	1	99	0	0		undefined	false	24576	24576	24576	-1	0
thermalexchange	onSetStatus	974	1	0	70	Fire	1	0	1	20	100	-1	24576	pikachu	0	0	0	0	0	0	1	0	0	160	0	0	0	missing	0	psn	wikiberry	0	0	99	1	1		undefined	undefined	24576	24576	24576	0	0
thermalexchange	onSetStatus	975	1	6	40	Water	1	1	1	20	20	1	8192	greninjaash	0	0	0	0	1	1	1	1	60	100	0	1	true	Ability	1	psn	sitrusberry	0	0	99	0	1		undefined	true	8192	8192	8192	1	2
thermalexchange	onSetStatus	976	1	0	61	Ghost	1	1	0	20	0	0	24576	pikachu	1	0	0	1	0	-1	1	2	100	0	0	1	null	Move	0	brn	magoberry	2	-1	0	0	0		false	false	24576	24576	24576	-1	2
thermalexchange	onSetStatus	977	-1	0	60	Ghost	0	1	0	0	20	-1	8	greninjaash	1	0	0	1	0	0	0	2	60	160	1	1	true	Ability	0	psn	magoberry	1	1	1	0	1		undefined	undefined	8	8	8	0	2
thermalexchange	onSetStatus	978	1	0	61	Bug	1	0	1	20	-1	0	8192	greninjaash	0	0	1	1	1	1	0	1	0	0	0	0	false	Ability	0	psn	figyberry	1	-1	1	0	1		undefined	false	8192	8192	8192	1	0
thermalexchange	onSetStatus	979	0	1	0	Water	0	1	1	100	0	-1	24576	pikachu	0	0	1	1	0	6	0	2	0	0	0	0	false	Ability	1	brn	magoberry	1	1	99	0	0	log:-immune:0:[from] ability: Thermal Exchange:undefined	false	undefined	24576	24576	24576	6	2
thermalexchange	onSetStatus	980	1	0	40	Water	1	1	0	20	100	-1	16384	pikachu	0	0	1	0	0	6	1	2	100	100	1	1	true	Move	0	brn	iapapaberry	2	0	-1	1	0		false	undefined	16384	16384	16384	6	2
thermalexchange	onSetStatus	981	0	0	0	Ghost	0	1	0	10	-1	1	2048	pikachu	1	1	1	0	0	1	0	0	60	0	1	1	0	Ability	1	psn	leftovers	1	1	1	0	0		undefined	true	2048	2048	2048	1	2
thermalexchange	onSetStatus	982	-1	1	70	Bug	1	1	1	20	20	-1	0	greninjaash	0	0	0	0	1	0	0	2	100	0	1	0	false	Move	0	brn	sitrusberry	1	1	1	0	0		false	undefined	0	0	0	0	2
thermalexchange	onSetStatus	983	6	0	0	Dark	1	0	1	10	-1	-1	24576	pikachu	0	0	1	0	0	0	0	0	60	160	1	0	undefined	missing	0	psn	iapapaberry	0	-1	-1	0	1		undefined	undefined	24576	24576	24576	0	0
thermalexchange	onSetStatus	984	1	1	61	Ghost	0	1	1	100	20	0	16384	pikachu	1	0	1	0	0	1	0	2	0	0	0	0	null	Move	0	brn	iapapaberry	2	1	-1	0	1		false	false	16384	16384	16384	1	2
thermalexchange	onSetStatus	985	-1	1	70	Dark	1	0	0	100	0	-1	16384	greninjaash	1	1	0	1	0	0	0	2	100	0	1	1	true	Ability	1	brn	sitrusberry	2	1	-1	1	1	log:-immune:0:[from] ability: Thermal Exchange:undefined	false	undefined	16384	16384	16384	0	0
thermalexchange	onSetStatus	986	0	0	40	Ghost	0	1	1	0	20	-1	0	greninjaash	0	1	1	1	0	0	1	2	0	0	0	0	true	Ability	0	brn	magoberry	2	-1	1	1	1		false	undefined	0	0	0	0	2
thermalexchange	onSetStatus	987	-1	6	0	Ghost	1	1	1	0	-1	1	8	greninjabond	1	0	0	0	0	-1	0	2	100	100	1	0	0	Move	1	brn	aguavberry	1	1	1	1	0	log:-immune:0:[from] ability: Thermal Exchange:undefined	false	true	8	8	8	-1	2
thermalexchange	onSetStatus	988	-1	0	40	Bug	0	0	0	10	100	1	2048	greninjaash	0	0	0	1	1	1	1	1	60	0	0	0	0	missing	1	brn	figyberry	0	-1	0	1	0		false	true	2048	2048	2048	1	0
thermalexchange	onSetStatus	989	1	0	70	Normal	1	0	0	100	-1	-1	8192	pikachu	0	0	1	1	0	-1	0	0	100	100	1	0	null	Ability	0	brn	leftovers	1	1	1	0	0		false	undefined	8192	8192	8192	-1	0
thermalexchange	onSetStatus	990	0	0	60	Fire	1	1	0	20	-1	-1	0	greninjaash	0	1	1	1	0	1	1	0	60	160	1	1	false	Move	1	psn	sitrusberry	0	-1	-1	1	0		undefined	undefined	0	0	0	1	2
thermalexchange	onSetStatus	991	-1	1	60	Dark	1	0	0	0	0	0	0	pikachu	0	0	0	1	0	0	0	1	60	160	0	0	0	Ability	0	brn	wikiberry	2	0	-1	1	0		false	false	0	0	0	0	0
thermalexchange	onSetStatus	992	1	0	60	Fire	1	0	1	0	0	-1	16384	greninjabond	0	1	0	1	0	6	0	2	0	0	1	1	0	Ability	0	brn	figyberry	2	-1	99	0	1		false	undefined	16384	16384	16384	6	0
thermalexchange	onSetStatus	993	-1	0	40	Bug	0	1	0	100	-1	-1	8192	greninjabond	0	0	1	1	1	0	1	2	0	100	0	0	undefined	missing	0	psn	magoberry	1	-1	0	1	1		undefined	undefined	8192	8192	8192	0	2
thermalexchange	onSetStatus	994	-1	0	61	Water	0	1	1	20	100	0	16384	greninjabond	0	1	1	1	1	6	0	0	60	160	1	0	false	Ability	1	psn	aguavberry	0	1	1	0	0		undefined	false	16384	16384	16384	6	2
thermalexchange	onSetStatus	995	1	1	0	Ghost	1	1	0	0	20	0	8	greninjaash	1	0	1	1	1	1	0	0	0	160	0	1	0	Move	1	psn	aguavberry	1	-1	-1	0	1		undefined	false	8	8	8	1	2
thermalexchange	onSetStatus	996	6	1	0	Normal	1	0	1	0	0	0	24576	pikachu	1	1	0	0	1	1	0	2	100	100	1	1	null	Ability	1	brn	figyberry	2	0	1	1	1	log:-immune:0:[from] ability: Thermal Exchange:undefined	false	false	24576	24576	24576	1	0
thermalexchange	onSetStatus	997	-1	6	40	Fire	1	1	0	0	-1	-1	0	greninjaash	1	1	1	1	0	1	1	2	60	0	1	0	undefined	Move	1	brn	aguavberry	1	0	0	1	1	log:-immune:0:[from] ability: Thermal Exchange:undefined	false	undefined	0	0	0	1	2
thermalexchange	onSetStatus	998	1	0	0	Normal	1	0	0	100	-1	0	24576	greninjaash	0	1	1	1	1	1	0	1	60	0	1	1	null	Ability	0	brn	sitrusberry	2	-1	1	0	1		false	false	24576	24576	24576	1	0
thermalexchange	onSetStatus	999	-1	0	61	Water	1	0	1	20	100	1	2048	greninjaash	1	0	0	1	1	-1	0	2	100	0	1	1	false	Ability	0	brn	wikiberry	2	-1	0	0	1		false	true	2048	2048	2048	-1	0
thermalexchange	onSetStatus	1000	1	6	61	Ghost	0	0	0	10	20	1	16384	greninjabond	1	1	0	0	0	0	0	1	0	160	0	0	undefined	Ability	1	brn	leftovers	1	1	1	1	1	log:-immune:0:[from] ability: Thermal Exchange:undefined	false	true	16384	16384	16384	0	0
thermalexchange	onSetStatus	1001	6	1	40	Normal	0	0	1	20	100	-1	2048	greninjaash	1	1	1	0	1	0	0	0	60	100	0	0	true	missing	1	psn	wikiberry	2	-1	99	1	1		undefined	undefined	2048	2048	2048	0	0
thermalexchange	onSetStatus	1002	6	1	60	Ghost	0	0	0	0	-1	-1	24576	greninjaash	0	0	0	1	0	1	0	2	0	160	1	0	null	Move	0	brn	leftovers	0	1	1	1	1		false	undefined	24576	24576	24576	1	0
thermalexchange	onSetStatus	1003	0	1	61	Fire	1	1	1	10	20	1	24576	pikachu	1	0	1	1	0	6	1	1	60	0	1	1	false	Ability	0	psn	figyberry	1	1	99	0	0		undefined	true	24576	24576	24576	6	2
thermalexchange	onSetStatus	1004	0	1	0	Bug	0	1	0	100	0	-1	8192	pikachu	0	1	1	1	1	0	0	0	0	160	1	0	true	missing	1	brn	aguavberry	0	0	99	1	1		false	undefined	8192	8192	8192	0	2
thermalexchange	onSetStatus	1005	1	0	61	Fire	0	0	0	20	0	-1	8192	pikachu	1	0	1	0	1	0	0	1	100	0	1	1	0	missing	1	psn	sitrusberry	1	0	0	1	1		undefined	undefined	8192	8192	8192	0	0
thermalexchange	onSetStatus	1006	6	1	61	Dark	0	0	0	100	0	-1	16384	pikachu	1	1	1	1	0	6	0	0	60	0	1	1	undefined	Ability	1	psn	wikiberry	0	-1	-1	0	1		undefined	undefined	16384	16384	16384	6	0
thermalexchange	onSetStatus	1007	0	0	0	Normal	0	0	0	10	-1	-1	2048	greninjabond	1	0	1	0	0	6	0	1	60	160	0	1	null	Move	0	psn	iapapaberry	1	-1	0	0	0		undefined	undefined	2048	2048	2048	6	0
thermalexchange	onSetStatus	1008	1	6	40	Ghost	0	1	1	20	0	-1	24576	greninjaash	0	0	1	1	1	6	1	2	60	0	0	1	null	missing	1	brn	iapapaberry	1	-1	0	1	0		false	undefined	24576	24576	24576	6	2
thermalexchange	onSetStatus	1009	6	0	60	Dark	1	1	1	20	-1	0	8192	pikachu	1	0	1	0	1	0	1	2	0	100	0	1	undefined	missing	1	brn	figyberry	2	1	-1	0	1		false	false	8192	8192	8192	0	2
thermalexchange	onSetStatus	1010	1	0	60	Normal	0	0	0	20	20	1	0	greninjaash	0	0	0	1	1	0	1	2	100	0	1	0	false	Move	0	psn	figyberry	1	0	1	1	1		undefined	true	0	0	0	0	0
thermalexchange	onSetStatus	1011	-1	6	61	Bug	1	1	0	10	100	1	0	greninjabond	0	0	0	0	0	-1	1	2	60	160	0	0	0	Ability	0	psn	leftovers	2	-1	0	1	1		undefined	true	0	0	0	-1	2
thermalexchange	onSetStatus	1012	6	0	70	Normal	0	0	0	20	0	0	24576	greninjaash	1	0	0	0	1	0	0	1	60	160	0	1	null	Ability	0	brn	sitrusberry	0	0	-1	1	0		false	false	24576	24576	24576	0	0
thermalexchange	onSetStatus	1013	6	0	70	Water	1	1	0	100	0	0	24576	greninjaash	0	1	1	0	1	6	1	1	60	100	0	1	undefined	missing	0	brn	magoberry	1	0	0	1	1		false	false	24576	24576	24576	6	2
thermalexchange	onSetStatus	1014	-1	1	61	Ghost	0	1	0	100	100	1	24576	pikachu	1	0	0	1	0	6	1	0	60	0	0	1	0	missing	1	brn	wikiberry	1	1	1	1	0		false	true	24576	24576	24576	6	2
thermalexchange	onSetStatus	1015	1	0	40	Fire	0	0	1	100	0	-1	2048	greninjabond	1	0	0	0	0	1	0	2	100	100	0	0	true	Ability	0	psn	wikiberry	2	1	1	1	1		undefined	undefined	2048	2048	2048	1	0
thermalexchange	onSetStatus	1016	6	6	40	Dark	1	1	1	100	100	1	8192	greninjabond	1	1	0	0	1	-1	1	0	60	100	1	0	0	Ability	1	brn	sitrusberry	0	1	-1	1	0	log:-immune:0:[from] ability: Thermal Exchange:undefined	false	true	8192	8192	8192	-1	2
thermalexchange	onSetStatus	1017	6	6	70	Fire	0	0	1	10	20	-1	8192	pikachu	0	1	1	1	0	0	0	1	60	160	0	1	false	Move	0	brn	iapapaberry	1	-1	1	0	1		false	undefined	8192	8192	8192	0	0
thermalexchange	onSetStatus	1018	0	0	60	Bug	0	0	0	0	100	-1	2048	pikachu	0	1	0	1	1	6	0	0	60	160	1	0	0	missing	1	brn	aguavberry	0	1	1	0	0		false	undefined	2048	2048	2048	6	0
thermalexchange	onSetStatus	1019	1	6	61	Bug	0	1	1	20	0	1	2048	greninjabond	0	0	1	0	1	0	1	2	60	100	0	1	false	Ability	0	brn	iapapaberry	0	0	-1	0	0		false	true	2048	2048	2048	0	2
thermalexchange	onSetStatus	1020	0	0	60	Water	1	0	1	10	0	-1	16384	pikachu	0	0	0	1	1	-1	1	0	0	100	1	0	null	missing	0	psn	sitrusberry	1	0	0	1	0		undefined	undefined	16384	16384	16384	-1	0
thermalexchange	onSetStatus	1021	0	1	60	Water	0	0	1	10	0	0	0	greninjaash	1	0	0	0	1	0	0	2	0	100	0	0	false	Move	1	brn	figyberry	0	1	-1	0	1	log:-immune:0:[from] ability: Thermal Exchange:undefined	false	false	0	0	0	0	0
thermalexchange	onSetStatus	1022	1	0	0	Bug	0	1	1	100	20	0	8	greninjaash	1	0	0	1	1	-1	0	0	60	100	0	1	null	Ability	0	psn	iapapaberry	2	0	-1	0	0		undefined	false	8	8	8	-1	2
thermalexchange	onSetStatus	1023	1	0	40	Dark	0	0	1	20	100	0	0	pikachu	0	0	1	1	1	0	1	1	100	0	1	0	true	Ability	1	brn	sitrusberry	1	1	99	0	0	log:-immune:0:[from] ability: Thermal Exchange:undefined	false	false	0	0	0	0	0
thermalexchange	onSetStatus	1024	6	1	40	Fire	0	0	0	0	-1	1	24576	greninjabond	0	1	0	1	1	1	1	1	100	0	0	1	undefined	Move	0	brn	magoberry	2	-1	99	1	1		false	true	24576	24576	24576	1	0
thermalexchange	onSetStatus	1025	1	1	61	Normal	0	1	1	10	0	-1	0	greninjaash	1	0	1	1	0	0	1	2	0	0	0	1	false	Move	1	psn	iapapaberry	0	-1	99	0	1		undefined	undefined	0	0	0	0	2
thermalexchange	onSetStatus	1026	0	6	61	Fire	1	1	0	20	0	1	8	greninjabond	1	1	1	1	0	1	0	1	0	0	0	0	null	Ability	0	psn	figyberry	2	-1	1	1	0		undefined	true	8	8	8	1	2
thermalexchange	onSetStatus	1027	0	6	40	Ghost	0	1	1	100	0	0	0	pikachu	0	0	0	1	0	1	1	1	100	0	1	1	null	Move	0	brn	magoberry	2	1	1	0	1		false	false	0	0	0	1	2
thermalexchange	onSetStatus	1028	6	6	40	Fire	0	1	0	0	0	0	16384	greninjabond	0	1	1	0	1	-1	1	2	60	160	0	1	undefined	Move	0	psn	magoberry	0	1	1	0	0		undefined	false	16384	16384	16384	-1	2
thermalexchange	onSetStatus	1029	6	0	0	Fire	0	0	1	20	0	-1	24576	greninjaash	0	1	0	1	0	6	0	1	60	100	0	0	undefined	Ability	0	psn	figyberry	2	1	-1	0	1		undefined	undefined	24576	24576	24576	6	0
thermalexchange	onSetStatus	1030	6	6	61	Fire	0	0	1	100	-1	1	16384	greninjaash	1	1	0	1	0	-1	0	0	0	0	0	1	0	Move	1	brn	sitrusberry	2	0	1	1	1	log:-immune:0:[from] ability: Thermal Exchange:undefined	false	true	16384	16384	16384	-1	0
thermalexchange	onSetStatus	1031	6	6	70	Dark	1	0	0	0	-1	0	8192	greninjaash	0	0	0	0	0	-1	1	1	0	160	0	1	true	Move	1	brn	sitrusberry	2	1	99	0	1	log:-immune:0:[from] ability: Thermal Exchange:undefined	false	false	8192	8192	8192	-1	0
thermalexchange	onSetStatus	1032	6	0	0	Dark	1	0	1	10	100	1	16384	greninjabond	0	0	1	0	1	6	0	1	0	0	0	0	undefined	Ability	0	brn	sitrusberry	1	0	1	1	1		false	true	16384	16384	16384	6	0
thermalexchange	onSetStatus	1033	1	1	61	Fire	1	1	1	10	20	-1	24576	greninjabond	1	1	1	0	0	0	1	1	60	100	1	0	undefined	missing	0	psn	magoberry	2	1	0	1	1		undefined	undefined	24576	24576	24576	0	2
thermalexchange	onSetStatus	1034	-1	1	60	Bug	1	1	1	0	-1	0	0	pikachu	1	1	1	1	1	-1	1	1	60	100	0	0	null	Move	0	brn	leftovers	1	1	1	0	1		false	false	0	0	0	-1	2
thermalexchange	onSetStatus	1035	-1	6	40	Ghost	0	1	0	100	-1	0	2048	greninjabond	1	0	1	1	0	6	1	2	60	100	0	0	null	missing	0	psn	figyberry	0	-1	0	1	0		undefined	false	2048	2048	2048	6	2
thermalexchange	onSetStatus	1036	0	0	60	Fire	1	1	1	100	-1	0	2048	greninjabond	1	0	0	1	0	-1	1	1	60	100	0	1	false	missing	0	psn	sitrusberry	2	0	99	0	1		undefined	false	2048	2048	2048	-1	2
thermalexchange	onSetStatus	1037	-1	6	0	Ghost	1	1	1	0	100	0	2048	greninjabond	0	0	0	1	0	0	1	0	100	160	0	1	false	Move	1	psn	iapapaberry	2	-1	99	0	1		undefined	false	2048	2048	2048	0	2
thermalexchange	onSetStatus	1038	-1	0	70	Water	0	0	1	100	-1	-1	24576	greninjaash	1	1	1	1	1	0	1	1	0	100	1	1	0	missing	1	psn	iapapaberry	2	1	-1	0	0		undefined	undefined	24576	24576	24576	0	0
thermalexchange	onSetStatus	1039	-1	0	70	Bug	1	0	1	100	0	0	8192	greninjaash	0	0	1	0	0	6	1	1	0	100	1	1	undefined	missing	1	psn	leftovers	1	0	-1	1	0		undefined	false	8192	8192	8192	6	0
thermalexchange	onSetStatus	1040	6	6	40	Fire	0	1	1	20	-1	0	16384	pikachu	1	0	0	1	1	0	0	2	60	100	1	0	0	missing	0	brn	iapapaberry	0	0	0	1	0		false	false	16384	16384	16384	0	2
thermalexchange	onSetStatus	1041	1	6	61	Dark	0	0	0	0	0	-1	16384	pikachu	0	0	0	0	1	0	0	1	60	0	1	0	false	missing	1	brn	iapapaberry	2	0	99	1	1		false	undefined	16384	16384	16384	0	0
thermalexchange	onSetStatus	1042	6	1	61	Ghost	1	0	1	20	100	-1	2048	greninjabond	1	0	1	1	0	6	0	2	100	0	0	0	true	Move	1	psn	figyberry	1	0	1	1	1		undefined	undefined	2048	2048	2048	6	0
thermalexchange	onSetStatus	1043	1	6	70	Normal	1	0	1	0	20	-1	0	pikachu	1	1	1	0	1	-1	1	1	0	100	1	0	null	Move	1	psn	sitrusberry	2	-1	-1	0	1		undefined	undefined	0	0	0	-1	0
thermalexchange	onSetStatus	1044	-1	1	40	Ghost	0	0	1	100	-1	1	0	greninjaash	0	0	1	0	0	6	0	1	60	160	1	0	undefined	missing	1	psn	leftovers	1	-1	-1	0	1		undefined	true	0	0	0	6	0
thermalexchange	onSetStatus	1045	1	0	60	Normal	0	0	1	10	100	1	24576	pikachu	1	1	0	0	0	6	0	2	0	0	0	1	0	Ability	1	brn	wikiberry	2	0	99	1	1	log:-immune:0:[from] ability: Thermal Exchange:undefined	false	true	24576	24576	24576	6	0
thermalexchange	onSetStatus	1046	0	1	70	Dark	1	0	0	100	0	1	8	greninjaash	0	0	1	1	0	1	0	0	60	160	1	1	undefined	missing	0	brn	iapapaberry	2	1	1	1	0		false	true	8	8	8	1	0
thermalexchange	onSetStatus	1047	-1	0	61	Water	1	0	0	10	100	1	24576	greninjabond	1	0	1	1	1	1	1	0	60	160	0	0	false	Move	1	psn	magoberry	2	-1	-1	0	1		undefined	true	24576	24576	24576	1	0
thermalexchange	onSetStatus	1048	6	0	61	Fire	1	0	0	0	100	-1	16384	pikachu	0	1	0	0	1	1	0	2	60	160	0	1	null	Ability	0	brn	aguavberry	1	0	-1	0	0		false	undefined	16384	16384	16384	1	0
thermalexchange	onSetStatus	1049	0	6	70	Bug	0	1	0	0	-1	1	24576	greninjaash	1	1	0	0	1	0	1	0	60	0	1	1	null	missing	1	psn	sitrusberry	0	-1	-1	1	1		undefined	true	24576	24576	24576	0	2
thermalexchange	onSetStatus	1050	1	6	0	Bug	1	0	1	0	0	0	8192	pikachu	1	0	0	1	1	0	0	0	60	160	1	1	false	Ability	0	brn	leftovers	2	0	99	1	0		false	false	8192	8192	8192	0	0
thermalexchange	onSetStatus	1051	0	6	0	Water	1	0	0	0	100	0	24576	pikachu	1	1	0	1	0	0	0	2	60	100	0	1	false	Move	1	brn	wikiberry	0	-1	1	1	0	log:-immune:0:[from] ability: Thermal Exchange:undefined	false	false	24576	24576	24576	0	0
thermalexchange	onSetStatus	1052	1	1	60	Ghost	0	0	0	20	-1	-1	8	greninjabond	1	1	1	1	0	6	0	0	100	100	0	1	null	missing	1	psn	iapapaberry	0	0	0	0	0		undefined	undefined	8	8	8	6	0
thermalexchange	onSetStatus	1053	-1	1	40	Water	0	1	1	100	100	-1	8	pikachu	0	0	0	0	1	0	1	0	60	0	1	1	null	Ability	0	brn	figyberry	0	0	1	1	1		false	undefined	8	8	8	0	2
thermalexchange	onSetStatus	1054	1	1	61	Water	1	1	0	100	100	1	16384	greninjabond	0	0	1	1	1	1	0	0	100	160	1	1	true	Ability	1	psn	aguavberry	1	1	-1	1	1		undefined	true	16384	16384	16384	1	2
thermalexchange	onSetStatus	1055	0	0	0	Ghost	0	0	1	0	-1	1	8192	greninjaash	1	0	0	1	0	0	1	0	60	160	1	1	true	missing	1	psn	sitrusberry	0	1	0	0	0		undefined	true	8192	8192	8192	0	0
thermalexchange	onSetStatus	1056	6	0	70	Dark	1	0	1	10	20	-1	16384	greninjabond	1	1	1	1	0	-1	1	1	0	0	0	0	0	missing	1	brn	sitrusberry	1	0	99	0	0		false	undefined	16384	16384	16384	-1	0
thermalexchange	onSetStatus	1057	0	0	40	Water	1	0	0	100	100	-1	8192	greninjaash	1	0	0	1	1	0	0	1	60	100	1	1	0	Move	0	psn	magoberry	2	0	1	0	1		undefined	undefined	8192	8192	8192	0	0
thermalexchange	onSetStatus	1058	0	0	61	Fire	1	1	0	100	-1	1	0	greninjabond	1	1	0	0	1	-1	1	1	100	0	1	1	true	missing	1	psn	aguavberry	2	-1	99	0	1		undefined	true	0	0	0	-1	2
thermalexchange	onSetStatus	1059	-1	1	70	Water	1	0	1	10	100	-1	8192	greninjabond	1	1	1	1	1	1	0	2	100	0	0	1	false	Ability	1	brn	iapapaberry	0	-1	0	1	1	log:-immune:0:[from] ability: Thermal Exchange:undefined	false	undefined	8192	8192	8192	1	0
thermalexchange	onSetStatus	1060	-1	1	0	Dark	1	1	1	10	-1	-1	24576	greninjaash	0	1	0	0	0	1	0	0	0	100	0	0	undefined	Ability	1	psn	aguavberry	1	0	1	0	0		undefined	undefined	24576	24576	24576	1	2
thermalexchange	onSetStatus	1061	0	0	0	Ghost	1	0	0	10	20	0	0	greninjabond	0	1	1	1	1	6	0	1	100	160	1	0	0	Move	1	psn	aguavberry	0	1	1	1	1		undefined	false	0	0	0	6	0
thermalexchange	onSetStatus	1062	6	1	70	Fire	1	1	0	100	20	1	8192	greninjabond	0	1	0	1	1	6	1	2	60	0	0	1	true	Move	1	brn	wikiberry	0	0	1	0	1	log:-immune:0:[from] ability: Thermal Exchange:undefined	false	true	8192	8192	8192	6	2
thermalexchange	onSetStatus	1063	1	6	61	Dark	0	0	0	100	0	1	24576	pikachu	1	0	1	0	0	-1	1	1	100	160	1	1	null	Move	0	brn	sitrusberry	0	1	0	1	1		false	true	24576	24576	24576	-1	0
thermalexchange	onSetStatus	1064	-1	1	60	Dark	0	1	1	20	0	-1	24576	greninjabond	0	0	0	0	0	1	1	1	60	100	1	1	0	Move	1	brn	aguavberry	2	-1	1	0	1	log:-immune:0:[from] ability: Thermal Exchange:undefined	false	undefined	24576	24576	24576	1	2
thermalexchange	onSetStatus	1065	0	1	60	Ghost	0	1	0	100	-1	0	0	greninjabond	0	1	0	1	0	0	1	2	100	100	1	0	0	missing	1	brn	figyberry	1	-1	99	0	0		false	false	0	0	0	0	2
thermalexchange	onSetStatus	1066	0	0	60	Bug	1	1	0	10	20	0	24576	greninjaash	0	1	0	0	0	6	0	0	100	0	1	1	false	missing	1	psn	iapapaberry	2	-1	99	1	1		undefined	false	24576	24576	24576	6	2
thermalexchange	onSetStatus	1067	6	1	0	Dark	0	0	1	10	0	-1	24576	greninjabond	0	1	0	0	1	6	0	2	100	100	1	0	undefined	missing	1	psn	magoberry	1	1	99	0	0		undefined	undefined	24576	24576	24576	6	0
thermalexchange	onSetStatus	1068	1	6	61	Fire	0	1	1	0	-1	1	24576	greninjaash	0	0	1	1	0	1	1	0	0	160	1	1	0	missing	0	psn	leftovers	0	1	99	1	1		undefined	true	24576	24576	24576	1	2
thermalexchange	onSetStatus	1069	6	6	0	Bug	0	1	0	20	20	-1	8192	pikachu	1	0	1	1	1	0	1	2	0	160	1	0	true	Ability	0	psn	figyberry	1	-1	0	0	1		undefined	undefined	8192	8192	8192	0	2
thermalexchange	onSetStatus	1070	0	1	70	Bug	1	0	1	100	-1	1	24576	greninjabond	0	1	0	1	0	6	0	2	60	160	0	1	0	Move	0	brn	magoberry	2	-1	-1	1	0		false	true	24576	24576	24576	6	0
thermalexchange	onSetStatus	1071	1	6	60	Bug	0	0	0	10	100	0	16384	greninjabond	1	0	0	0	1	6	0	0	60	100	0	0	true	Ability	0	brn	wikiberry	2	0	1	0	0		false	false	16384	16384	16384	6	0
thermalexchange	onSetStatus	1072	-1	6	60	Fire	1	1	0	100	20	-1	8192	greninjaash	0	1	0	1	0	6	1	2	60	160	0	0	false	Ability	1	brn	iapapaberry	0	1	0	0	1	log:-immune:0:[from] ability: Thermal Exchange:undefined	false	undefined	8192	8192	8192	6	2
thermalexchange	onSetStatus	1073	-1	1	61	Dark	0	0	0	20	20	1	24576	pikachu	1	0	0	0	0	1	1	2	60	160	1	0	null	Move	0	brn	sitrusberry	2	-1	0	0	0		false	true	24576	24576	24576	1	0
thermalexchange	onSetStatus	1074	-1	0	61	Dark	0	1	0	100	100	-1	8192	greninjabond	0	0	0	0	1	0	1	0	0	100	0	1	null	Move	0	brn	sitrusberry	1	1	99	0	0		false	undefined	8192	8192	8192	0	2
thermalexchange	onSetStatus	1075	0	6	60	Dark	0	0	0	20	-1	0	24576	pikachu	0	1	1	0	0	-1	0	1	0	100	0	0	0	missing	1	psn	aguavberry	0	-1	1	1	1		undefined	false	24576	24576	24576	-1	0
thermalexchange	onSetStatus	1076	-1	1	60	Ghost	1	0	0	100	20	0	2048	greninjabond	1	0	1	0	1	0	1	1	0	0	0	0	false	missing	0	psn	sitrusberry	2	-1	-1	1	1		undefined	false	2048	2048	2048	0	0
thermalexchange	onSetStatus	1077	0	0	0	Normal	0	0	0	0	20	1	2048	greninjaash	0	1	1	0	0	6	1	1	100	100	1	1	null	Move	1	brn	leftovers	2	1	0	0	1	log:-immune:0:[from] ability: Thermal Exchange:undefined	false	true	2048	2048	2048	6	0
thermalexchange	onSetStatus	1078	1	0	70	Ghost	1	0	1	100	0	-1	0	pikachu	0	1	0	1	1	-1	0	1	0	100	0	1	null	Ability	1	psn	figyberry	0	-1	1	0	0		undefined	undefined	0	0	0	-1	0
thermalexchange	onSetStatus	1079	6	6	60	Bug	1	0	1	0	-1	-1	0	pikachu	0	0	1	1	0	1	0	0	100	160	1	0	undefined	Ability	0	psn	aguavberry	0	0	99	0	1		undefined	undefined	0	0	0	1	0
thermalexchange	onSetStatus	1080	-1	1	0	Ghost	0	0	1	0	0	-1	8	greninjaash	1	1	1	0	0	0	0	2	100	0	0	1	undefined	Ability	0	psn	aguavberry	2	0	-1	0	0		undefined	undefined	8	8	8	0	0
thermalexchange	onSetStatus	1081	-1	1	0	Normal	1	1	0	20	0	0	16384	pikachu	0	1	1	0	0	1	0	2	60	160	0	0	0	missing	1	psn	leftovers	0	0	1	0	0		undefined	false	16384	16384	16384	1	2
thermalexchange	onSetStatus	1082	6	6	70	Normal	0	0	1	10	-1	1	2048	pikachu	0	0	1	0	0	-1	1	1	0	0	0	1	true	missing	1	psn	sitrusberry	2	0	99	1	0		undefined	true	2048	2048	2048	-1	0
thermalexchange	onSetStatus	1083	-1	1	40	Water	0	0	1	20	-1	1	8192	pikachu	0	1	1	1	1	0	0	2	0	160	1	1	true	Move	0	psn	figyberry	2	0	-1	1	0		undefined	true	8192	8192	8192	0	0
thermalexchange	onSetStatus	1084	6	0	0	Ghost	0	1	1	20	20	-1	2048	greninjabond	0	1	0	1	1	0	1	2	100	160	0	1	null	missing	0	psn	wikiberry	1	-1	0	1	0		undefined	undefined	2048	2048	2048	0	2
thermalexchange	onSetStatus	1085	1	1	0	Dark	1	1	0	10	-1	0	24576	greninjabond	0	0	1	0	0	0	0	2	0	100	1	1	0	Ability	0	psn	wikiberry	2	0	0	0	1		undefined	false	24576	24576	24576	0	2
thermalexchange	onSetStatus	1086	6	0	40	Normal	1	1	1	100	0	0	8192	greninjaash	1	0	0	1	0	-1	1	0	0	100	1	1	true	missing	1	brn	magoberry	0	1	-1	1	1		false	false	8192	8192	8192	-1	2
thermalexchange	onSetStatus	1087	-1	0	0	Normal	1	0	0	20	0	0	0	greninjabond	0	0	1	0	0	0	0	1	100	100	0	1	false	Ability	0	psn	aguavberry	2	0	99	1	0		undefined	false	0	0	0	0	0
thermalexchange	onSetStatus	1088	-1	6	40	Ghost	1	0	1	10	20	-1	0	pikachu	0	0	0	1	0	1	0	1	60	160	1	0	true	Move	0	psn	leftovers	1	0	99	1	0		undefined	undefined	0	0	0	1	0
thermalexchange	onSetStatus	1089	-1	0	70	Ghost	0	0	1	20	20	-1	8192	pikachu	0	1	1	1	0	1	1	0	60	0	0	1	false	Ability	1	psn	magoberry	1	-1	-1	1	0		undefined	undefined	8192	8192	8192	1	0
thermalexchange	onSetStatus	1090	1	6	40	Ghost	0	0	1	100	20	0	24576	pikachu	0	1	1	0	1	1	0	1	100	100	0	1	null	Move	1	brn	leftovers	0	1	99	1	1	log:-immune:0:[from] ability: Thermal Exchange:undefined	false	false	24576	24576	24576	1	0
thermalexchange	onSetStatus	1091	6	1	70	Water	1	0	0	100	20	0	16384	greninjabond	1	1	0	1	1	1	1	0	0	0	0	0	false	Ability	0	brn	leftovers	0	0	99	0	1		false	false	16384	16384	16384	1	0
thermalexchange	onSetStatus	1092	0	1	0	Fire	1	1	1	10	20	0	16384	pikachu	1	1	1	0	1	-1	0	0	0	160	1	0	null	missing	1	psn	wikiberry	1	1	1	1	0		undefined	false	16384	16384	16384	-1	2
thermalexchange	onSetStatus	1093	-1	6	60	Ghost	0	0	0	100	-1	1	0	greninjaash	1	0	1	0	0	6	1	0	100	160	1	0	null	missing	0	psn	wikiberry	0	-1	-1	0	1		undefined	true	0	0	0	6	0
thermalexchange	onSetStatus	1094	-1	1	60	Fire	0	1	0	100	100	0	8192	greninjabond	1	0	1	1	1	0	0	2	100	100	1	1	null	Move	0	psn	aguavberry	0	0	1	1	0		undefined	false	8192	8192	8192	0	2
thermalexchange	onSetStatus	1095	-1	6	40	Ghost	1	0	1	10	100	1	16384	greninjabond	0	0	0	0	1	-1	0	0	0	0	1	1	0	Move	0	brn	sitrusberry	2	0	-1	0	1		false	true	16384	16384	16384	-1	0
thermalexchange	onSetStatus	1096	-1	1	40	Normal	1	1	0	20	0	1	16384	greninjaash	1	0	1	0	1	-1	0	2	100	160	0	1	false	Ability	0	psn	magoberry	0	-1	99	1	1		undefined	true	16384	16384	16384	-1	2
thermalexchange	onSetStatus	1097	-1	0	60	Fire	1	1	1	10	100	-1	8192	greninjabond	1	0	1	1	1	1	0	2	60	160	0	1	0	Ability	0	brn	aguavberry	1	-1	0	1	0		false	undefined	8192	8192	8192	1	2
thermalexchange	onSetStatus	1098	0	6	61	Water	0	1	1	10	100	-1	24576	greninjaash	0	1	1	0	1	0	1	2	100	160	1	1	null	Move	0	psn	sitrusberry	2	-1	99	0	1		undefined	undefined	24576	24576	24576	0	2
thermalexchange	onSetStatus	1099	0	6	40	Ghost	1	0	1	0	100	1	16384	pikachu	1	1	1	0	0	6	1	0	60	0	1	0	null	Ability	0	brn	sitrusberry	0	0	0	1	0		false	true	16384	16384	16384	6	0
thermalexchange	onSetStatus	1100	6	1	61	Dark	1	0	0	0	20	-1	8192	pikachu	0	0	1	1	1	-1	0	0	60	160	0	1	true	Ability	1	psn	aguavberry	0	1	-1	1	0		undefined	undefined	8192	8192	8192	-1	0
thermalexchange	onSetStatus	1101	1	1	40	Normal	0	1	0	0	-1	1	0	greninjabond	0	1	0	1	0	0	0	0	100	160	0	0	false	Move	1	brn	magoberry	2	0	-1	1	1	log:-immune:0:[from] ability: Thermal Exchange:undefined	false	true	0	0	0	0	2
thermalexchange	onSetStatus	1102	0	1	0	Bug	0	1	0	100	20	1	0	greninjaash	1	1	1	1	1	1	0	0	0	100	1	1	0	missing	1	brn	leftovers	2	-1	-1	0	0		false	true	0	0	0	1	2
thermalexchange	onSetStatus	1103	0	0	60	Ghost	0	0	0	100	-1	0	0	pikachu	1	1	1	1	0	6	0	1	0	100	1	0	false	missing	0	brn	wikiberry	0	1	-1	1	0		false	false	0	0	0	6	0
thermalexchange	onSetStatus	1104	0	6	61	Normal	0	0	1	100	100	-1	2048	greninjabond	0	1	1	0	1	0	0	0	0	100	1	0	null	missing	1	psn	wikiberry	2	-1	1	1	1		undefined	undefined	2048	2048	2048	0	0
thermalexchange	onSetStatus	1105	6	0	40	Water	1	0	1	10	-1	1	0	greninjaash	0	1	1	0	1	1	1	0	0	0	0	0	undefined	Move	1	brn	leftovers	1	-1	99	1	0	log:-immune:0:[from] ability: Thermal Exchange:undefined	false	true	0	0	0	1	0
thermalexchange	onSetStatus	1106	0	6	0	Fire	0	1	0	100	0	0	16384	greninjaash	1	1	0	0	0	6	1	2	100	100	1	1	undefined	Move	1	brn	sitrusberry	2	1	99	1	0	log:-immune:0:[from] ability: Thermal Exchange:undefined	false	false	16384	16384	16384	6	2
thermalexchange	onSetStatus	1107	-1	0	61	Dark	1	0	0	0	100	1	2048	greninjabond	1	1	0	0	1	-1	1	2	100	0	1	1	undefined	Ability	0	psn	figyberry	0	0	-1	1	1		undefined	true	2048	2048	2048	-1	0
thermalexchange	onSetStatus	1108	0	1	60	Dark	0	0	1	100	20	0	24576	greninjabond	1	1	0	1	1	-1	0	1	60	160	0	0	true	Ability	1	psn	sitrusberry	1	-1	0	0	1		undefined	false	24576	24576	24576	-1	0
thermalexchange	onSetStatus	1109	-1	1	70	Water	1	0	1	20	0	1	8192	greninjaash	0	0	0	1	1	6	1	0	60	100	0	0	0	Ability	0	brn	aguavberry	1	1	99	1	1		false	true	8192	8192	8192	6	0
thermalexchange	onSetStatus	1110	6	0	60	Ghost	0	0	0	100	-1	1	8	pikachu	1	1	1	1	0	1	1	0	0	100	0	1	undefined	Ability	1	psn	sitrusberry	2	1	99	1	1		undefined	true	8	8	8	1	0
thermalexchange	onSetStatus	1111	1	0	0	Water	0	1	0	20	0	0	2048	greninjaash	1	1	0	1	1	1	1	2	60	160	0	1	true	missing	1	brn	figyberry	1	1	0	1	0		false	false	2048	2048	2048	1	2
thermalexchange	onSetStatus	1112	0	1	60	Water	1	0	0	0	-1	0	8	pikachu	0	1	0	1	1	6	1	2	100	0	1	1	0	Ability	1	psn	magoberry	2	-1	0	1	0		undefined	false	8	8	8	6	0
thermalexchange	onSetStatus	1113	6	0	70	Water	0	1	1	0	100	1	8	greninjabond	0	0	1	0	1	1	1	1	100	100	0	0	false	Ability	0	psn	figyberry	0	1	0	0	0		undefined	true	8	8	8	1	2
thermalexchange	onSetStatus	1114	-1	0	0	Water	1	0	0	10	-1	0	8192	greninjaash	1	0	0	0	1	1	0	0	60	0	1	1	0	Move	1	psn	sitrusberry	1	1	99	0	0		undefined	false	8192	8192	8192	1	0
thermalexchange	onSetStatus	1115	6	6	60	Bug	0	0	0	10	0	1	16384	greninjabond	0	1	1	1	1	0	1	2	60	100	0	1	0	missing	0	psn	magoberry	0	0	99	0	1		undefined	true	16384	16384	16384	0	0
thermalexchange	onSetStatus	1116	6	1	70	Fire	1	1	1	20	20	-1	8192	pikachu	1	1	1	0	0	6	0	0	60	100	1	1	0	missing	0	psn	wikiberry	0	1	1	0	1		undefined	undefined	8192	8192	8192	6	2
thermalexchange	onSetStatus	1117	0	1	0	Ghost	0	1	1	0	0	1	2048	greninjabond	1	1	0	0	1	0	1	2	60	160	0	1	null	Move	1	psn	wikiberry	1	0	99	1	1		undefined	true	2048	2048	2048	0	2
thermalexchange	onSetStatus	1118	-1	6	70	Normal	0	0	1	100	0	0	8	pikachu	1	0	0	0	1	6	0	0	60	100	0	0	true	missing	0	brn	magoberry	2	0	0	0	1		false	false	8	8	8	6	0
thermalexchange	onSetStatus	1119	6	6	60	Bug	0	1	1	10	100	1	8	greninjaash	1	1	1	0	1	1	1	2	100	160	1	1	undefined	Move	1	psn	magoberry	2	-1	0	0	1		undefined	true	8	8	8	1	2
thermalexchange	onSetStatus	1120	0	1	70	Water	0	1	0	10	100	0	8192	greninjaash	1	0	1	0	1	-1	1	1	60	100	0	0	null	Ability	1	psn	sitrusberry	2	1	-1	1	0		undefined	false	8192	8192	8192	-1	2
thermalexchange	onSetStatus	1121	6	6	40	Ghost	1	0	1	0	0	0	2048	pikachu	1	1	0	0	0	1	0	1	0	100	1	1	0	Move	1	brn	aguavberry	2	0	1	0	0	log:-immune:0:[from] ability: Thermal Exchange:undefined	false	false	2048	2048	2048	1	0
thermalexchange	onSetStatus	1122	6	0	40	Fire	1	0	0	100	20	1	8	greninjabond	1	0	0	0	0	-1	1	2	100	0	0	1	null	missing	0	brn	wikiberry	1	-1	99	1	1		false	true	8	8	8	-1	0
thermalexchange	onSetStatus	1123	0	1	40	Water	0	0	1	10	-1	-1	2048	pikachu	0	1	0	0	0	6	1	0	0	0	1	0	false	Move	0	brn	figyberry	2	0	0	1	0		false	undefined	2048	2048	2048	6	0
thermalexchange	onSetStatus	1124	1	0	40	Fire	0	1	0	10	100	0	16384	greninjabond	0	0	1	1	0	6	1	1	100	0	0	0	null	missing	0	psn	aguavberry	2	-1	99	0	0		undefined	false	16384	16384	16384	6	2
thermalexchange	onSetStatus	1125	6	6	70	Bug	0	0	1	10	0	-1	8192	greninjaash	0	0	0	0	1	6	0	2	60	0	0	1	0	Move	0	psn	leftovers	0	0	1	0	0		undefined	undefined	8192	8192	8192	6	0
thermalexchange	onSetStatus	1126	0	6	60	Dark	0	1	1	0	0	-1	2048	greninjaash	1	0	0	0	0	6	1	1	100	160	0	0	0	Ability	1	psn	figyberry	0	1	99	1	0		undefined	undefined	2048	2048	2048	6	2
thermalexchange	onSetStatus	1127	6	0	61	Ghost	0	1	0	100	20	-1	8192	greninjaash	0	1	1	0	0	0	1	1	0	0	0	0	false	Ability	1	psn	wikiberry	2	1	1	1	0		undefined	undefined	8192	8192	8192	0	2
thermalexchange	onSetStatus	1128	0	6	40	Water	1	1	1	20	-1	-1	24576	greninjabond	0	0	1	1	1	1	1	1	60	160	1	1	undefined	Move	0	psn	sitrusberry	0	1	99	0	0		undefined	undefined	24576	24576	24576	1	2
thermalexchange	onSetStatus	1129	1	6	40	Fire	1	1	0	100	20	0	8	pikachu	0	0	0	1	0	1	1	0	100	0	1	1	null	missing	0	brn	leftovers	1	-1	-1	0	0		false	false	8	8	8	1	2
thermalexchange	onSetStatus	1130	1	1	61	Bug	1	1	1	10	0	1	0	greninjaash	1	1	1	0	1	6	1	1	60	160	0	1	null	missing	1	psn	iapapaberry	1	1	99	0	0		undefined	true	0	0	0	6	2
