# effect	hook	profile	source	owner	hp	type	physical	multihit	smart	total	last	checked	flags	species	turns	contact	suppress	secondaries	ability	old	oldability	foes	def	spd	substitute	tailwind	boostresult	effecttype	effectstatus	status	item	length	lowered	atkboost	wind	shuriken	trace	return	checked	flags0	flags1	flags6	old	multihit
weakarmor	onDamagingHit	0	6	0	40	Fire	1	0	0	100	20	-1	0	greninjabond	1	1	0	0	0	-1	0	2	100	100	0	0	true	Move	1	brn	sitrusberry	1	-1	-1	1	1	boost:def=-1,spe=2:0:0:undefined:false:false	undefined	undefined	0	0	0	-1	0
weakarmor	onDamagingHit	1	6	0	40	Fire	1	0	0	100	20	-1	0	greninjabond	1	1	0	0	0	-1	0	2	100	100	0	0	true	Move	1	brn	sitrusberry	1	-1	-1	1	1	boost:def=-1,spe=2:0:0:undefined:false:false	undefined	undefined	0	0	0	-1	0
weakarmor	onDamagingHit	2	1	0	40	Fire	1	0	0	100	20	-1	0	greninjabond	1	1	0	0	0	-1	0	2	100	100	0	0	true	Move	1	brn	sitrusberry	1	-1	-1	1	1	boost:def=-1,spe=2:0:0:undefined:false:false	undefined	undefined	0	0	0	-1	0
weakarmor	onDamagingHit	3	0	0	40	Fire	1	0	0	100	20	-1	0	greninjabond	1	1	0	0	0	-1	0	2	100	100	0	0	true	Move	1	brn	sitrusberry	1	-1	-1	1	1	boost:def=-1,spe=2:0:0:undefined:false:false	undefined	undefined	0	0	0	-1	0
weakarmor	onDamagingHit	4	-1	0	40	Fire	1	0	0	100	20	-1	0	greninjabond	1	1	0	0	0	-1	0	2	100	100	0	0	true	Move	1	brn	sitrusberry	1	-1	-1	1	1	boost:def=-1,spe=2:0:0:undefined:false:false	undefined	undefined	0	0	0	-1	0
weakarmor	onDamagingHit	5	6	0	40	Fire	1	0	0	100	20	-1	0	greninjabond	1	1	0	0	0	-1	0	2	100	100	0	0	true	Move	1	brn	sitrusberry	1	-1	-1	1	1	boost:def=-1,spe=2:0:0:undefined:false:false	undefined	undefined	0	0	0	-1	0
weakarmor	onDamagingHit	6	6	1	40	Fire	1	0	0	100	20	-1	0	greninjabond	1	1	0	0	0	-1	0	2	100	100	0	0	true	Move	1	brn	sitrusberry	1	-1	-1	1	1	boost:def=-1,spe=2:0:0:undefined:false:false	undefined	undefined	0	0	0	-1	0
weakarmor	onDamagingHit	7	6	6	40	Fire	1	0	0	100	20	-1	0	greninjabond	1	1	0	0	0	-1	0	2	100	100	0	0	true	Move	1	brn	sitrusberry	1	-1	-1	1	1	boost:def=-1,spe=2:0:0:undefined:false:false	undefined	undefined	0	0	0	-1	0
weakarmor	onDamagingHit	8	6	0	40	Fire	1	0	0	100	20	-1	0	greninjabond	1	1	0	0	0	-1	0	2	100	100	0	0	true	Move	1	brn	sitrusberry	1	-1	-1	1	1	boost:def=-1,spe=2:0:0:undefined:false:false	undefined	undefined	0	0	0	-1	0
weakarmor	onDamagingHit	9	6	0	0	Fire	1	0	0	100	20	-1	0	greninjabond	1	1	0	0	0	-1	0	2	100	100	0	0	true	Move	1	brn	sitrusberry	1	-1	-1	1	1	boost:def=-1,spe=2:0:0:undefined:false:false	undefined	undefined	0	0	0	-1	0
weakarmor	onDamagingHit	10	6	0	60	Fire	1	0	0	100	20	-1	0	greninjabond	1	1	0	0	0	-1	0	2	100	100	0	0	true	Move	1	brn	sitrusberry	1	-1	-1	1	1	boost:def=-1,spe=2:0:0:undefined:false:false	undefined	undefined	0	0	0	-1	0
weakarmor	onDamagingHit	11	6	0	61	Fire	1	0	0	100	20	-1	0	greninjabond	1	1	0	0	0	-1	0	2	100	100	0	0	true	Move	1	brn	sitrusberry	1	-1	-1	1	1	boost:def=-1,spe=2:0:0:undefined:false:false	undefined	undefined	0	0	0	-1	0
weakarmor	onDamagingHit	12	6	0	70	Fire	1	0	0	100	20	-1	0	greninjabond	1	1	0	0	0	-1	0	2	100	100	0	0	true	Move	1	brn	sitrusberry	1	-1	-1	1	1	boost:def=-1,spe=2:0:0:undefined:false:false	undefined	undefined	0	0	0	-1	0
weakarmor	onDamagingHit	13	6	0	40	Fire	1	0	0	100	20	-1	0	greninjabond	1	1	0	0	0	-1	0	2	100	100	0	0	true	Move	1	brn	sitrusberry	1	-1	-1	1	1	boost:def=-1,spe=2:0:0:undefined:false:false	undefined	undefined	0	0	0	-1	0
weakarmor	onDamagingHit	14	6	0	40	Water	1	0	0	100	20	-1	0	greninjabond	1	1	0	0	0	-1	0	2	100	100	0	0	true	Move	1	brn	sitrusberry	1	-1	-1	1	1	boost:def=-1,spe=2:0:0:undefined:false:false	undefined	undefined	0	0	0	-1	0
weakarmor	onDamagingHit	15	6	0	40	Dark	1	0	0	100	20	-1	0	greninjabond	1	1	0	0	0	-1	0	2	100	100	0	0	true	Move	1	brn	sitrusberry	1	-1	-1	1	1	boost:def=-1,spe=2:0:0:undefined:false:false	undefined	undefined	0	0	0	-1	0
weakarmor	onDamagingHit	16	6	0	40	Bug	1	0	0	100	20	-1	0	greninjabond	1	1	0	0	0	-1	0	2	100	100	0	0	true	Move	1	brn	sitrusberry	1	-1	-1	1	1	boost:def=-1,spe=2:0:0:undefined:false:false	undefined	undefined	0	0	0	-1	0
weakarmor	onDamagingHit	17	6	0	40	Ghost	1	0	0	100	20	-1	0	greninjabond	1	1	0	0	0	-1	0	2	100	100	0	0	true	Move	1	brn	sitrusberry	1	-1	-1	1	1	boost:def=-1,spe=2:0:0:undefined:false:false	undefined	undefined	0	0	0	-1	0
weakarmor	onDamagingHit	18	6	0	40	Normal	1	0	0	100	20	-1	0	greninjabond	1	1	0	0	0	-1	0	2	100	100	0	0	true	Move	1	brn	sitrusberry	1	-1	-1	1	1	boost:def=-1,spe=2:0:0:undefined:false:false	undefined	undefined	0	0	0	-1	0
weakarmor	onDamagingHit	19	6	0	40	Fire	1	0	0	100	20	-1	0	greninjabond	1	1	0	0	0	-1	0	2	100	100	0	0	true	Move	1	brn	sitrusberry	1	-1	-1	1	1	boost:def=-1,spe=2:0:0:undefined:false:false	undefined	undefined	0	0	0	-1	0
weakarmor	onDamagingHit	20	6	0	40	Fire	0	0	0	100	20	-1	0	greninjabond	1	1	0	0	0	-1	0	2	100	100	0	0	true	Move	1	brn	sitrusberry	1	-1	-1	1	1		undefined	undefined	0	0	0	-1	0
weakarmor	onDamagingHit	21	6	0	40	Fire	1	0	0	100	20	-1	0	greninjabond	1	1	0	0	0	-1	0	2	100	100	0	0	true	Move	1	brn	sitrusberry	1	-1	-1	1	1	boost:def=-1,spe=2:0:0:undefined:false:false	undefined	undefined	0	0	0	-1	0
weakarmor	onDamagingHit	22	6	0	40	Fire	1	1	0	100	20	-1	0	greninjabond	1	1	0	0	0	-1	0	2	100	100	0	0	true	Move	1	brn	sitrusberry	1	-1	-1	1	1	boost:def=-1,spe=2:0:0:undefined:false:false	undefined	undefined	0	0	0	-1	2
weakarmor	onDamagingHit	23	6	0	40	Fire	1	0	0	100	20	-1	0	greninjabond	1	1	0	0	0	-1	0	2	100	100	0	0	true	Move	1	brn	sitrusberry	1	-1	-1	1	1	boost:def=-1,spe=2:0:0:undefined:false:false	undefined	undefined	0	0	0	-1	0
weakarmor	onDamagingHit	24	6	0	40	Fire	1	0	1	100	20	-1	0	greninjabond	1	1	0	0	0	-1	0	2	100	100	0	0	true	Move	1	brn	sitrusberry	1	-1	-1	1	1	boost:def=-1,spe=2:0:0:undefined:false:false	undefined	undefined	0	0	0	-1	0
weakarmor	onDamagingHit	25	6	0	40	Fire	1	0	0	100	20	-1	0	greninjabond	1	1	0	0	0	-1	0	2	100	100	0	0	true	Move	1	brn	sitrusberry	1	-1	-1	1	1	boost:def=-1,spe=2:0:0:undefined:false:false	undefined	undefined	0	0	0	-1	0
weakarmor	onDamagingHit	26	6	0	40	Fire	1	0	0	0	20	-1	0	greninjabond	1	1	0	0	0	-1	0	2	100	100	0	0	true	Move	1	brn	sitrusberry	1	-1	-1	1	1	boost:def=-1,spe=2:0:0:undefined:false:false	undefined	undefined	0	0	0	-1	0
weakarmor	onDamagingHit	27	6	0	40	Fire	1	0	0	10	20	-1	0	greninjabond	1	1	0	0	0	-1	0	2	100	100	0	0	true	Move	1	brn	sitrusberry	1	-1	-1	1	1	boost:def=-1,spe=2:0:0:undefined:false:false	undefined	undefined	0	0	0	-1	0
weakarmor	onDamagingHit	28	6	0	40	Fire	1	0	0	20	20	-1	0	greninjabond	1	1	0	0	0	-1	0	2	100	100	0	0	true	Move	1	brn	sitrusberry	1	-1	-1	1	1	boost:def=-1,spe=2:0:0:undefined:false:false	undefined	undefined	0	0	0	-1	0
weakarmor	onDamagingHit	29	6	0	40	Fire	1	0	0	100	20	-1	0	greninjabond	1	1	0	0	0	-1	0	2	100	100	0	0	true	Move	1	brn	sitrusberry	1	-1	-1	1	1	boost:def=-1,spe=2:0:0:undefined:false:false	undefined	undefined	0	0	0	-1	0
weakarmor	onDamagingHit	30	6	0	40	Fire	1	0	0	100	-1	-1	0	greninjabond	1	1	0	0	0	-1	0	2	100	100	0	0	true	Move	1	brn	sitrusberry	1	-1	-1	1	1	boost:def=-1,spe=2:0:0:undefined:false:false	undefined	undefined	0	0	0	-1	0
weakarmor	onDamagingHit	31	6	0	40	Fire	1	0	0	100	0	-1	0	greninjabond	1	1	0	0	0	-1	0	2	100	100	0	0	true	Move	1	brn	sitrusberry	1	-1	-1	1	1	boost:def=-1,spe=2:0:0:undefined:false:false	undefined	undefined	0	0	0	-1	0
weakarmor	onDamagingHit	32	6	0	40	Fire	1	0	0	100	100	-1	0	greninjabond	1	1	0	0	0	-1	0	2	100	100	0	0	true	Move	1	brn	sitrusberry	1	-1	-1	1	1	boost:def=-1,spe=2:0:0:undefined:false:false	undefined	undefined	0	0	0	-1	0
weakarmor	onDamagingHit	33	6	0	40	Fire	1	0	0	100	20	-1	0	greninjabond	1	1	0	0	0	-1	0	2	100	100	0	0	true	Move	1	brn	sitrusberry	1	-1	-1	1	1	boost:def=-1,spe=2:0:0:undefined:false:false	undefined	undefined	0	0	0	-1	0
weakarmor	onDamagingHit	34	6	0	40	Fire	1	0	0	100	20	0	0	greninjabond	1	1	0	0	0	-1	0	2	100	100	0	0	true	Move	1	brn	sitrusberry	1	-1	-1	1	1	boost:def=-1,spe=2:0:0:undefined:false:false	undefined	false	0	0	0	-1	0
weakarmor	onDamagingHit	35	6	0	40	Fire	1	0	0	100	20	1	0	greninjabond	1	1	0	0	0	-1	0	2	100	100	0	0	true	Move	1	brn	sitrusberry	1	-1	-1	1	1	boost:def=-1,spe=2:0:0:undefined:false:false	undefined	true	0	0	0	-1	0
weakarmor	onDamagingHit	36	6	0	40	Fire	1	0	0	100	20	-1	0	greninjabond	1	1	0	0	0	-1	0	2	100	100	0	0	true	Move	1	brn	sitrusberry	1	-1	-1	1	1	boost:def=-1,spe=2:0:0:undefined:false:false	undefined	undefined	0	0	0	-1	0
weakarmor	onDamagingHit	37	6	0	40	Fire	1	0	0	100	20	-1	8	greninjabond	1	1	0	0	0	-1	0	2	100	100	0	0	true	Move	1	brn	sitrusberry	1	-1	-1	1	1	boost:def=-1,spe=2:0:0:undefined:false:false	undefined	undefined	8	8	8	-1	0
weakarmor	onDamagingHit	38	6	0	40	Fire	1	0	0	100	20	-1	2048	greninjabond	1	1	0	0	0	-1	0	2	100	100	0	0	true	Move	1	brn	sitrusberry	1	-1	-1	1	1	boost:def=-1,spe=2:0:0:undefined:false:false	undefined	undefined	2048	2048	2048	-1	0
weakarmor	onDamagingHit	39	6	0	40	Fire	1	0	0	100	20	-1	8192	greninjabond	1	1	0	0	0	-1	0	2	100	100	0	0	true	Move	1	brn	sitrusberry	1	-1	-1	1	1	boost:def=-1,spe=2:0:0:undefined:false:false	undefined	undefined	8192	8192	8192	-1	0
weakarmor	onDamagingHit	40	6	0	40	Fire	1	0	0	100	20	-1	16384	greninjabond	1	1	0	0	0	-1	0	2	100	100	0	0	true	Move	1	brn	sitrusberry	1	-1	-1	1	1	boost:def=-1,spe=2:0:0:undefined:false:false	undefined	undefined	16384	16384	16384	-1	0
weakarmor	onDamagingHit	41	6	0	40	Fire	1	0	0	100	20	-1	24576	greninjabond	1	1	0	0	0	-1	0	2	100	100	0	0	true	Move	1	brn	sitrusberry	1	-1	-1	1	1	boost:def=-1,spe=2:0:0:undefined:false:false	undefined	undefined	24576	24576	24576	-1	0
weakarmor	onDamagingHit	42	6	0	40	Fire	1	0	0	100	20	-1	0	greninjabond	1	1	0	0	0	-1	0	2	100	100	0	0	true	Move	1	brn	sitrusberry	1	-1	-1	1	1	boost:def=-1,spe=2:0:0:undefined:false:false	undefined	undefined	0	0	0	-1	0
weakarmor	onDamagingHit	43	6	0	40	Fire	1	0	0	100	20	-1	0	greninjaash	1	1	0	0	0	-1	0	2	100	100	0	0	true	Move	1	brn	sitrusberry	1	-1	-1	1	1	boost:def=-1,spe=2:0:0:undefined:false:false	undefined	undefined	0	0	0	-1	0
weakarmor	onDamagingHit	44	6	0	40	Fire	1	0	0	100	20	-1	0	pikachu	1	1	0	0	0	-1	0	2	100	100	0	0	true	Move	1	brn	sitrusberry	1	-1	-1	1	1	boost:def=-1,spe=2:0:0:undefined:false:false	undefined	undefined	0	0	0	-1	0
weakarmor	onDamagingHit	45	6	0	40	Fire	1	0	0	100	20	-1	0	greninjabond	1	1	0	0	0	-1	0	2	100	100	0	0	true	Move	1	brn	sitrusberry	1	-1	-1	1	1	boost:def=-1,spe=2:0:0:undefined:false:false	undefined	undefined	0	0	0	-1	0
weakarmor	onDamagingHit	46	6	0	40	Fire	1	0	0	100	20	-1	0	greninjabond	0	1	0	0	0	-1	0	2	100	100	0	0	true	Move	1	brn	sitrusberry	1	-1	-1	1	1	boost:def=-1,spe=2:0:0:undefined:false:false	undefined	undefined	0	0	0	-1	0
weakarmor	onDamagingHit	47	6	0	40	Fire	1	0	0	100	20	-1	0	greninjabond	1	1	0	0	0	-1	0	2	100	100	0	0	true	Move	1	brn	sitrusberry	1	-1	-1	1	1	boost:def=-1,spe=2:0:0:undefined:false:false	undefined	undefined	0	0	0	-1	0
weakarmor	onDamagingHit	48	6	0	40	Fire	1	0	0	100	20	-1	0	greninjabond	1	0	0	0	0	-1	0	2	100	100	0	0	true	Move	1	brn	sitrusberry	1	-1	-1	1	1	boost:def=-1,spe=2:0:0:undefined:false:false	undefined	undefined	0	0	0	-1	0
weakarmor	onDamagingHit	49	6	0	40	Fire	1	0	0	100	20	-1	0	greninjabond	1	1	0	0	0	-1	0	2	100	100	0	0	true	Move	1	brn	sitrusberry	1	-1	-1	1	1	boost:def=-1,spe=2:0:0:undefined:false:false	undefined	undefined	0	0	0	-1	0
weakarmor	onDamagingHit	50	6	0	40	Fire	1	0	0	100	20	-1	0	greninjabond	1	1	1	0	0	-1	0	2	100	100	0	0	true	Move	1	brn	sitrusberry	1	-1	-1	1	1	boost:def=-1,spe=2:0:0:undefined:false:false	undefined	undefined	0	0	0	-1	0
weakarmor	onDamagingHit	51	6	0	40	Fire	1	0	0	100	20	-1	0	greninjabond	1	1	0	0	0	-1	0	2	100	100	0	0	true	Move	1	brn	sitrusberry	1	-1	-1	1	1	boost:def=-1,spe=2:0:0:undefined:false:false	undefined	undefined	0	0	0	-1	0
weakarmor	onDamagingHit	52	6	0	40	Fire	1	0	0	100	20	-1	0	greninjabond	1	1	0	1	0	-1	0	2	100	100	0	0	true	Move	1	brn	sitrusberry	1	-1	-1	1	1	boost:def=-1,spe=2:0:0:undefined:false:false	undefined	undefined	0	0	0	-1	0
weakarmor	onDamagingHit	53	6	0	40	Fire	1	0	0	100	20	-1	0	greninjabond	1	1	0	0	0	-1	0	2	100	100	0	0	true	Move	1	brn	sitrusberry	1	-1	-1	1	1	boost:def=-1,spe=2:0:0:undefined:false:false	undefined	undefined	0	0	0	-1	0
weakarmor	onDamagingHit	54	6	0	40	Fire	1	0	0	100	20	-1	0	greninjabond	1	1	0	0	1	-1	0	2	100	100	0	0	true	Move	1	brn	sitrusberry	1	-1	-1	1	1	boost:def=-1,spe=2:0:0:undefined:false:false	undefined	undefined	0	0	0	-1	0
weakarmor	onDamagingHit	55	6	0	40	Fire	1	0	0	100	20	-1	0	greninjabond	1	1	0	0	0	-1	0	2	100	100	0	0	true	Move	1	brn	sitrusberry	1	-1	-1	1	1	boost:def=-1,spe=2:0:0:undefined:false:false	undefined	undefined	0	0	0	-1	0
weakarmor	onDamagingHit	56	6	0	40	Fire	1	0	0	100	20	-1	0	greninjabond	1	1	0	0	0	0	0	2	100	100	0	0	true	Move	1	brn	sitrusberry	1	-1	-1	1	1	boost:def=-1,spe=2:0:0:undefined:false:false	undefined	undefined	0	0	0	0	0
weakarmor	onDamagingHit	57	6	0	40	Fire	1	0	0	100	20	-1	0	greninjabond	1	1	0	0	0	1	0	2	100	100	0	0	true	Move	1	brn	sitrusberry	1	-1	-1	1	1	boost:def=-1,spe=2:0:0:undefined:false:false	undefined	undefined	0	0	0	1	0
weakarmor	onDamagingHit	58	6	0	40	Fire	1	0	0	100	20	-1	0	greninjabond	1	1	0	0	0	6	0	2	100	100	0	0	true	Move	1	brn	sitrusberry	1	-1	-1	1	1	boost:def=-1,spe=2:0:0:undefined:false:false	undefined	undefined	0	0	0	6	0
weakarmor	onDamagingHit	59	6	0	40	Fire	1	0	0	100	20	-1	0	greninjabond	1	1	0	0	0	-1	0	2	100	100	0	0	true	Move	1	brn	sitrusberry	1	-1	-1	1	1	boost:def=-1,spe=2:0:0:undefined:false:false	undefined	undefined	0	0	0	-1	0
weakarmor	onDamagingHit	60	6	0	40	Fire	1	0	0	100	20	-1	0	greninjabond	1	1	0	0	0	-1	1	2	100	100	0	0	true	Move	1	brn	sitrusberry	1	-1	-1	1	1	boost:def=-1,spe=2:0:0:undefined:false:false	undefined	undefined	0	0	0	-1	0
weakarmor	onDamagingHit	61	6	0	40	Fire	1	0	0	100	20	-1	0	greninjabond	1	1	0	0	0	-1	0	2	100	100	0	0	true	Move	1	brn	sitrusberry	1	-1	-1	1	1	boost:def=-1,spe=2:0:0:undefined:false:false	undefined	undefined	0	0	0	-1	0
weakarmor	onDamagingHit	62	6	0	40	Fire	1	0	0	100	20	-1	0	greninjabond	1	1	0	0	0	-1	0	0	100	100	0	0	true	Move	1	brn	sitrusberry	1	-1	-1	1	1	boost:def=-1,spe=2:0:0:undefined:false:false	undefined	undefined	0	0	0	-1	0
weakarmor	onDamagingHit	63	6	0	40	Fire	1	0	0	100	20	-1	0	greninjabond	1	1	0	0	0	-1	0	1	100	100	0	0	true	Move	1	brn	sitrusberry	1	-1	-1	1	1	boost:def=-1,spe=2:0:0:undefined:false:false	undefined	undefined	0	0	0	-1	0
weakarmor	onDamagingHit	64	6	0	40	Fire	1	0	0	100	20	-1	0	greninjabond	1	1	0	0	0	-1	0	2	100	100	0	0	true	Move	1	brn	sitrusberry	1	-1	-1	1	1	boost:def=-1,spe=2:0:0:undefined:false:false	undefined	undefined	0	0	0	-1	0
weakarmor	onDamagingHit	65	6	0	40	Fire	1	0	0	100	20	-1	0	greninjabond	1	1	0	0	0	-1	0	2	0	100	0	0	true	Move	1	brn	sitrusberry	1	-1	-1	1	1	boost:def=-1,spe=2:0:0:undefined:false:false	undefined	undefined	0	0	0	-1	0
weakarmor	onDamagingHit	66	6	0	40	Fire	1	0	0	100	20	-1	0	greninjabond	1	1	0	0	0	-1	0	2	60	100	0	0	true	Move	1	brn	sitrusberry	1	-1	-1	1	1	boost:def=-1,spe=2:0:0:undefined:false:false	undefined	undefined	0	0	0	-1	0
weakarmor	onDamagingHit	67	6	0	40	Fire	1	0	0	100	20	-1	0	greninjabond	1	1	0	0	0	-1	0	2	100	100	0	0	true	Move	1	brn	sitrusberry	1	-1	-1	1	1	boost:def=-1,spe=2:0:0:undefined:false:false	undefined	undefined	0	0	0	-1	0
weakarmor	onDamagingHit	68	6	0	40	Fire	1	0	0	100	20	-1	0	greninjabond	1	1	0	0	0	-1	0	2	100	0	0	0	true	Move	1	brn	sitrusberry	1	-1	-1	1	1	boost:def=-1,spe=2:0:0:undefined:false:false	undefined	undefined	0	0	0	-1	0
weakarmor	onDamagingHit	69	6	0	40	Fire	1	0	0	100	20	-1	0	greninjabond	1	1	0	0	0	-1	0	2	100	160	0	0	true	Move	1	brn	sitrusberry	1	-1	-1	1	1	boost:def=-1,spe=2:0:0:undefined:false:false	undefined	undefined	0	0	0	-1	0
weakarmor	onDamagingHit	70	6	0	40	Fire	1	0	0	100	20	-1	0	greninjabond	1	1	0	0	0	-1	0	2	100	100	0	0	true	Move	1	brn	sitrusberry	1	-1	-1	1	1	boost:def=-1,spe=2:0:0:undefined:false:false	undefined	undefined	0	0	0	-1	0
weakarmor	onDamagingHit	71	6	0	40	Fire	1	0	0	100	20	-1	0	greninjabond	1	1	0	0	0	-1	0	2	100	100	1	0	true	Move	1	brn	sitrusberry	1	-1	-1	1	1	boost:def=-1,spe=2:0:0:undefined:false:false	undefined	undefined	0	0	0	-1	0
weakarmor	onDamagingHit	72	6	0	40	Fire	1	0	0	100	20	-1	0	greninjabond	1	1	0	0	0	-1	0	2	100	100	0	0	true	Move	1	brn	sitrusberry	1	-1	-1	1	1	boost:def=-1,spe=2:0:0:undefined:false:false	undefined	undefined	0	0	0	-1	0
weakarmor	onDamagingHit	73	6	0	40	Fire	1	0	0	100	20	-1	0	greninjabond	1	1	0	0	0	-1	0	2	100	100	0	1	true	Move	1	brn	sitrusberry	1	-1	-1	1	1	boost:def=-1,spe=2:0:0:undefined:false:false	undefined	undefined	0	0	0	-1	0
weakarmor	onDamagingHit	74	6	0	40	Fire	1	0	0	100	20	-1	0	greninjabond	1	1	0	0	0	-1	0	2	100	100	0	0	true	Move	1	brn	sitrusberry	1	-1	-1	1	1	boost:def=-1,spe=2:0:0:undefined:false:false	undefined	undefined	0	0	0	-1	0
weakarmor	onDamagingHit	75	6	0	40	Fire	1	0	0	100	20	-1	0	greninjabond	1	1	0	0	0	-1	0	2	100	100	0	0	false	Move	1	brn	sitrusberry	1	-1	-1	1	1	boost:def=-1,spe=2:0:0:undefined:false:false	undefined	undefined	0	0	0	-1	0
weakarmor	onDamagingHit	76	6	0	40	Fire	1	0	0	100	20	-1	0	greninjabond	1	1	0	0	0	-1	0	2	100	100	0	0	0	Move	1	brn	sitrusberry	1	-1	-1	1	1	boost:def=-1,spe=2:0:0:undefined:false:false	undefined	undefined	0	0	0	-1	0
weakarmor	onDamagingHit	77	6	0	40	Fire	1	0	0	100	20	-1	0	greninjabond	1	1	0	0	0	-1	0	2	100	100	0	0	null	Move	1	brn	sitrusberry	1	-1	-1	1	1	boost:def=-1,spe=2:0:0:undefined:false:false	undefined	undefined	0	0	0	-1	0
weakarmor	onDamagingHit	78	6	0	40	Fire	1	0	0	100	20	-1	0	greninjabond	1	1	0	0	0	-1	0	2	100	100	0	0	undefined	Move	1	brn	sitrusberry	1	-1	-1	1	1	boost:def=-1,spe=2:0:0:undefined:false:false	undefined	undefined	0	0	0	-1	0
weakarmor	onDamagingHit	79	6	0	40	Fire	1	0	0	100	20	-1	0	greninjabond	1	1	0	0	0	-1	0	2	100	100	0	0	true	Move	1	brn	sitrusberry	1	-1	-1	1	1	boost:def=-1,spe=2:0:0:undefined:false:false	undefined	undefined	0	0	0	-1	0
weakarmor	onDamagingHit	80	6	0	40	Fire	1	0	0	100	20	-1	0	greninjabond	1	1	0	0	0	-1	0	2	100	100	0	0	true	Ability	1	brn	sitrusberry	1	-1	-1	1	1	boost:def=-1,spe=2:0:0:undefined:false:false	undefined	undefined	0	0	0	-1	0
weakarmor	onDamagingHit	81	6	0	40	Fire	1	0	0	100	20	-1	0	greninjabond	1	1	0	0	0	-1	0	2	100	100	0	0	true	missing	1	brn	sitrusberry	1	-1	-1	1	1	boost:def=-1,spe=2:0:0:undefined:false:false	undefined	undefined	0	0	0	-1	0
weakarmor	onDamagingHit	82	6	0	40	Fire	1	0	0	100	20	-1	0	greninjabond	1	1	0	0	0	-1	0	2	100	100	0	0	true	Move	1	brn	sitrusberry	1	-1	-1	1	1	boost:def=-1,spe=2:0:0:undefined:false:false	undefined	undefined	0	0	0	-1	0
weakarmor	onDamagingHit	83	6	0	40	Fire	1	0	0	100	20	-1	0	greninjabond	1	1	0	0	0	-1	0	2	100	100	0	0	true	Move	0	brn	sitrusberry	1	-1	-1	1	1	boost:def=-1,spe=2:0:0:undefined:false:false	undefined	undefined	0	0	0	-1	0
weakarmor	onDamagingHit	84	6	0	40	Fire	1	0	0	100	20	-1	0	greninjabond	1	1	0	0	0	-1	0	2	100	100	0	0	true	Move	1	brn	sitrusberry	1	-1	-1	1	1	boost:def=-1,spe=2:0:0:undefined:false:false	undefined	undefined	0	0	0	-1	0
weakarmor	onDamagingHit	85	6	0	40	Fire	1	0	0	100	20	-1	0	greninjabond	1	1	0	0	0	-1	0	2	100	100	0	0	true	Move	1	psn	sitrusberry	1	-1	-1	1	1	boost:def=-1,spe=2:0:0:undefined:false:false	undefined	undefined	0	0	0	-1	0
weakarmor	onDamagingHit	86	6	0	40	Fire	1	0	0	100	20	-1	0	greninjabond	1	1	0	0	0	-1	0	2	100	100	0	0	true	Move	1	brn	sitrusberry	1	-1	-1	1	1	boost:def=-1,spe=2:0:0:undefined:false:false	undefined	undefined	0	0	0	-1	0
weakarmor	onDamagingHit	87	6	0	40	Fire	1	0	0	100	20	-1	0	greninjabond	1	1	0	0	0	-1	0	2	100	100	0	0	true	Move	1	brn	aguavberry	1	-1	-1	1	1	boost:def=-1,spe=2:0:0:undefined:false:false	undefined	undefined	0	0	0	-1	0
weakarmor	onDamagingHit	88	6	0	40	Fire	1	0	0	100	20	-1	0	greninjabond	1	1	0	0	0	-1	0	2	100	100	0	0	true	Move	1	brn	figyberry	1	-1	-1	1	1	boost:def=-1,spe=2:0:0:undefined:false:false	undefined	undefined	0	0	0	-1	0
weakarmor	onDamagingHit	89	6	0	40	Fire	1	0	0	100	20	-1	0	greninjabond	1	1	0	0	0	-1	0	2	100	100	0	0	true	Move	1	brn	iapapaberry	1	-1	-1	1	1	boost:def=-1,spe=2:0:0:undefined:false:false	undefined	undefined	0	0	0	-1	0
weakarmor	onDamagingHit	90	6	0	40	Fire	1	0	0	100	20	-1	0	greninjabond	1	1	0	0	0	-1	0	2	100	100	0	0	true	Move	1	brn	magoberry	1	-1	-1	1	1	boost:def=-1,spe=2:0:0:undefined:false:false	undefined	undefined	0	0	0	-1	0
weakarmor	onDamagingHit	91	6	0	40	Fire	1	0	0	100	20	-1	0	greninjabond	1	1	0	0	0	-1	0	2	100	100	0	0	true	Move	1	brn	wikiberry	1	-1	-1	1	1	boost:def=-1,spe=2:0:0:undefined:false:false	undefined	undefined	0	0	0	-1	0
weakarmor	onDamagingHit	92	6	0	40	Fire	1	0	0	100	20	-1	0	greninjabond	1	1	0	0	0	-1	0	2	100	100	0	0	true	Move	1	brn	leftovers	1	-1	-1	1	1	boost:def=-1,spe=2:0:0:undefined:false:false	undefined	undefined	0	0	0	-1	0
weakarmor	onDamagingHit	93	6	0	40	Fire	1	0	0	100	20	-1	0	greninjabond	1	1	0	0	0	-1	0	2	100	100	0	0	true	Move	1	brn	sitrusberry	1	-1	-1	1	1	boost:def=-1,spe=2:0:0:undefined:false:false	undefined	undefined	0	0	0	-1	0
weakarmor	onDamagingHit	94	6	0	40	Fire	1	0	0	100	20	-1	0	greninjabond	1	1	0	0	0	-1	0	2	100	100	0	0	true	Move	1	brn	sitrusberry	2	-1	-1	1	1	boost:def=-1,spe=2:0:0:undefined:false:false	undefined	undefined	0	0	0	-1	0
weakarmor	onDamagingHit	95	6	0	40	Fire	1	0	0	100	20	-1	0	greninjabond	1	1	0	0	0	-1	0	2	100	100	0	0	true	Move	1	brn	sitrusberry	0	-1	-1	1	1	boost:def=-1,spe=2:0:0:undefined:false:false	undefined	undefined	0	0	0	-1	0
weakarmor	onDamagingHit	96	6	0	40	Fire	1	0	0	100	20	-1	0	greninjabond	1	1	0	0	0	-1	0	2	100	100	0	0	true	Move	1	brn	sitrusberry	1	-1	-1	1	1	boost:def=-1,spe=2:0:0:undefined:false:false	undefined	undefined	0	0	0	-1	0
weakarmor	onDamagingHit	97	6	0	40	Fire	1	0	0	100	20	-1	0	greninjabond	1	1	0	0	0	-1	0	2	100	100	0	0	true	Move	1	brn	sitrusberry	1	0	-1	1	1	boost:def=-1,spe=2:0:0:undefined:false:false	undefined	undefined	0	0	0	-1	0
weakarmor	onDamagingHit	98	6	0	40	Fire	1	0	0	100	20	-1	0	greninjabond	1	1	0	0	0	-1	0	2	100	100	0	0	true	Move	1	brn	sitrusberry	1	1	-1	1	1	boost:def=-1,spe=2:0:0:undefined:false:false	undefined	undefined	0	0	0	-1	0
weakarmor	onDamagingHit	99	6	0	40	Fire	1	0	0	100	20	-1	0	greninjabond	1	1	0	0	0	-1	0	2	100	100	0	0	true	Move	1	brn	sitrusberry	1	-1	-1	1	1	boost:def=-1,spe=2:0:0:undefined:false:false	undefined	undefined	0	0	0	-1	0
weakarmor	onDamagingHit	100	6	0	40	Fire	1	0	0	100	20	-1	0	greninjabond	1	1	0	0	0	-1	0	2	100	100	0	0	true	Move	1	brn	sitrusberry	1	-1	0	1	1	boost:def=-1,spe=2:0:0:undefined:false:false	undefined	undefined	0	0	0	-1	0
weakarmor	onDamagingHit	101	6	0	40	Fire	1	0	0	100	20	-1	0	greninjabond	1	1	0	0	0	-1	0	2	100	100	0	0	true	Move	1	brn	sitrusberry	1	-1	1	1	1	boost:def=-1,spe=2:0:0:undefined:false:false	undefined	undefined	0	0	0	-1	0
weakarmor	onDamagingHit	102	6	0	40	Fire	1	0	0	100	20	-1	0	greninjabond	1	1	0	0	0	-1	0	2	100	100	0	0	true	Move	1	brn	sitrusberry	1	-1	99	1	1	boost:def=-1,spe=2:0:0:undefined:false:false	undefined	undefined	0	0	0	-1	0
weakarmor	onDamagingHit	103	6	0	40	Fire	1	0	0	100	20	-1	0	greninjabond	1	1	0	0	0	-1	0	2	100	100	0	0	true	Move	1	brn	sitrusberry	1	-1	-1	1	1	boost:def=-1,spe=2:0:0:undefined:false:false	undefined	undefined	0	0	0	-1	0
weakarmor	onDamagingHit	104	6	0	40	Fire	1	0	0	100	20	-1	0	greninjabond	1	1	0	0	0	-1	0	2	100	100	0	0	true	Move	1	brn	sitrusberry	1	-1	-1	0	1	boost:def=-1,spe=2:0:0:undefined:false:false	undefined	undefined	0	0	0	-1	0
weakarmor	onDamagingHit	105	6	0	40	Fire	1	0	0	100	20	-1	0	greninjabond	1	1	0	0	0	-1	0	2	100	100	0	0	true	Move	1	brn	sitrusberry	1	-1	-1	1	1	boost:def=-1,spe=2:0:0:undefined:false:false	undefined	undefined	0	0	0	-1	0
weakarmor	onDamagingHit	106	6	0	40	Fire	1	0	0	100	20	-1	0	greninjabond	1	1	0	0	0	-1	0	2	100	100	0	0	true	Move	1	brn	sitrusberry	1	-1	-1	1	0	boost:def=-1,spe=2:0:0:undefined:false:false	undefined	undefined	0	0	0	-1	0
weakarmor	onDamagingHit	107	-1	6	0	Bug	0	0	0	20	-1	0	0	pikachu	0	1	0	0	1	-1	0	1	60	0	0	0	null	Move	1	brn	iapapaberry	1	0	-1	1	1		undefined	false	0	0	0	-1	0
weakarmor	onDamagingHit	108	-1	6	70	Dark	1	0	1	0	100	-1	2048	greninjaash	1	0	0	0	0	1	1	1	60	100	0	1	0	Move	0	psn	aguavberry	1	1	-1	0	0	boost:def=-1,spe=2:0:0:undefined:false:false	undefined	undefined	2048	2048	2048	1	0
weakarmor	onDamagingHit	109	0	6	40	Bug	1	1	1	100	100	-1	2048	greninjabond	0	1	0	1	0	1	1	2	100	160	0	0	true	missing	0	brn	magoberry	2	-1	1	0	0	boost:def=-1,spe=2:0:0:undefined:false:false	undefined	undefined	2048	2048	2048	1	2
weakarmor	onDamagingHit	110	1	1	0	Normal	1	1	1	0	100	-1	24576	pikachu	0	0	0	0	1	-1	1	2	100	100	0	0	null	Move	0	brn	sitrusberry	0	0	0	1	0	boost:def=-1,spe=2:0:0:undefined:false:false	undefined	undefined	24576	24576	24576	-1	2
weakarmor	onDamagingHit	111	-1	6	40	Ghost	1	1	1	20	0	1	8192	pikachu	0	1	0	1	1	-1	1	0	0	0	1	0	undefined	missing	1	brn	iapapaberry	2	1	1	1	1	boost:def=-1,spe=2:0:0:undefined:false:false	undefined	true	8192	8192	8192	-1	2
weakarmor	onDamagingHit	112	0	1	40	Normal	1	0	0	100	100	-1	2048	pikachu	1	1	0	0	0	-1	0	1	0	160	1	0	undefined	Move	0	psn	wikiberry	2	0	1	0	1	boost:def=-1,spe=2:0:0:undefined:false:false	undefined	undefined	2048	2048	2048	-1	0
weakarmor	onDamagingHit	113	1	0	40	Normal	0	0	0	100	0	-1	16384	greninjaash	0	1	0	1	0	1	0	2	60	100	1	0	0	missing	0	psn	figyberry	2	0	0	1	0		undefined	undefined	16384	16384	16384	1	0
weakarmor	onDamagingHit	114	0	6	60	Dark	1	1	1	100	-1	-1	8	greninjaash	1	1	1	0	0	1	0	2	0	160	0	1	0	Move	1	brn	sitrusberry	0	-1	99	0	0	boost:def=-1,spe=2:0:0:undefined:false:false	undefined	undefined	8	8	8	1	2
weakarmor	onDamagingHit	115	6	1	40	Dark	0	0	1	20	20	0	8	pikachu	1	1	1	1	1	0	0	0	60	100	1	1	false	Move	1	brn	aguavberry	1	0	1	0	0		undefined	false	8	8	8	0	0
weakarmor	onDamagingHit	116	1	6	0	Fire	1	1	1	100	100	1	0	greninjaash	0	1	1	1	0	1	1	2	100	160	1	0	false	missing	1	psn	figyberry	1	1	0	0	1	boost:def=-1,spe=2:0:0:undefined:false:false	undefined	true	0	0	0	1	2
weakarmor	onDamagingHit	117	1	1	61	Dark	0	0	1	0	100	-1	2048	greninjaash	1	0	0	1	0	-1	0	2	100	100	1	0	0	Ability	1	psn	wikiberry	0	-1	1	0	0		undefined	undefined	2048	2048	2048	-1	0
weakarmor	onDamagingHit	118	6	0	0	Normal	1	0	1	0	20	-1	2048	greninjaash	0	1	1	0	1	-1	0	1	100	100	1	0	true	Move	0	psn	sitrusberry	2	1	99	0	1	boost:def=-1,spe=2:0:0:undefined:false:false	undefined	undefined	2048	2048	2048	-1	0
weakarmor	onDamagingHit	119	0	1	60	Water	1	1	0	0	100	-1	24576	greninjaash	0	1	1	1	1	6	1	1	60	160	1	1	0	missing	1	brn	leftovers	0	1	99	0	0	boost:def=-1,spe=2:0:0:undefined:false:false	undefined	undefined	24576	24576	24576	6	2
weakarmor	onDamagingHit	120	1	0	60	Normal	0	0	0	0	20	1	0	greninjabond	0	0	1	1	0	0	0	0	60	100	0	1	0	missing	0	psn	aguavberry	0	0	0	0	1		undefined	true	0	0	0	0	0
weakarmor	onDamagingHit	121	1	6	40	Normal	1	1	0	20	-1	0	16384	greninjaash	1	0	0	0	1	1	1	1	60	100	1	0	null	missing	1	psn	wikiberry	1	-1	99	1	0	boost:def=-1,spe=2:0:0:undefined:false:false	undefined	false	16384	16384	16384	1	2
weakarmor	onDamagingHit	122	-1	1	40	Dark	1	1	1	10	20	-1	24576	greninjaash	1	0	1	0	0	-1	1	1	0	100	0	1	false	Ability	0	psn	wikiberry	2	-1	99	1	1	boost:def=-1,spe=2:0:0:undefined:false:false	undefined	undefined	24576	24576	24576	-1	2
weakarmor	onDamagingHit	123	0	1	0	Ghost	1	0	0	100	100	-1	8192	greninjaash	1	1	0	1	0	1	0	1	60	0	1	0	0	Ability	1	psn	figyberry	2	-1	0	1	1	boost:def=-1,spe=2:0:0:undefined:false:false	undefined	undefined	8192	8192	8192	1	0
weakarmor	onDamagingHit	124	-1	1	61	Ghost	0	1	0	20	100	0	8	pikachu	1	1	1	0	0	0	0	1	0	0	0	1	false	missing	1	brn	figyberry	1	-1	1	0	1		undefined	false	8	8	8	0	2
weakarmor	onDamagingHit	125	-1	1	60	Dark	1	1	0	20	100	1	8	pikachu	0	1	1	1	0	1	1	0	60	160	1	1	undefined	missing	0	psn	leftovers	1	0	0	1	0	boost:def=-1,spe=2:0:0:undefined:false:false	undefined	true	8	8	8	1	2
weakarmor	onDamagingHit	126	0	6	70	Ghost	1	0	0	0	-1	-1	0	pikachu	0	1	1	0	0	0	1	2	0	0	1	0	undefined	missing	1	brn	aguavberry	1	-1	0	1	1	boost:def=-1,spe=2:0:0:undefined:false:false	undefined	undefined	0	0	0	0	0
weakarmor	onDamagingHit	127	0	1	0	Water	1	1	0	100	20	-1	8192	greninjaash	1	1	0	0	0	1	0	0	100	0	0	1	0	Ability	0	psn	magoberry	0	1	-1	1	1	boost:def=-1,spe=2:0:0:undefined:false:false	undefined	undefined	8192	8192	8192	1	2
weakarmor	onDamagingHit	128	1	6	60	Normal	1	1	1	10	0	-1	16384	pikachu	1	0	1	0	0	6	0	0	100	160	1	0	true	missing	1	psn	aguavberry	1	-1	-1	0	0	boost:def=-1,spe=2:0:0:undefined:false:false	undefined	undefined	16384	16384	16384	6	2
weakarmor	onDamagingHit	129	0	1	60	Fire	1	0	0	20	100	0	24576	greninjaash	0	1	0	0	1	1	0	1	60	160	1	0	null	missing	0	brn	figyberry	1	0	-1	1	0	boost:def=-1,spe=2:0:0:undefined:false:false	undefined	false	24576	24576	24576	1	0
weakarmor	onDamagingHit	130	-1	0	0	Water	0	0	1	100	100	1	2048	greninjaash	0	0	0	0	1	6	1	0	0	0	1	1	null	Ability	1	brn	aguavberry	0	1	99	0	1		undefined	true	2048	2048	2048	6	0
weakarmor	onDamagingHit	131	-1	6	60	Bug	1	0	0	0	100	-1	24576	greninjaash	1	1	1	0	1	6	0	2	0	0	0	0	false	Move	1	psn	wikiberry	2	1	99	1	0	boost:def=-1,spe=2:0:0:undefined:false:false	undefined	undefined	24576	24576	24576	6	0
weakarmor	onDamagingHit	132	1	6	0	Bug	1	0	1	10	100	-1	8192	greninjaash	1	0	0	1	0	0	0	1	0	160	1	0	null	Ability	1	brn	aguavberry	2	-1	99	1	1	boost:def=-1,spe=2:0:0:undefined:false:false	undefined	undefined	8192	8192	8192	0	0
weakarmor	onDamagingHit	133	1	1	0	Water	1	1	0	100	100	1	16384	greninjabond	1	0	1	0	1	-1	1	0	60	160	1	1	null	Ability	1	brn	magoberry	2	-1	0	1	0	boost:def=-1,spe=2:0:0:undefined:false:false	undefined	true	16384	16384	16384	-1	2
weakarmor	onDamagingHit	134	1	6	60	Bug	1	1	0	0	0	0	24576	greninjaash	0	0	1	0	1	0	1	2	60	0	1	0	false	Ability	0	psn	wikiberry	2	-1	99	0	0	boost:def=-1,spe=2:0:0:undefined:false:false	undefined	false	24576	24576	24576	0	2
weakarmor	onDamagingHit	135	1	1	61	Bug	0	1	1	10	0	1	0	greninjaash	1	1	1	1	1	0	0	0	0	160	1	0	true	Ability	0	psn	sitrusberry	1	0	-1	1	0		undefined	true	0	0	0	0	2
weakarmor	onDamagingHit	136	1	6	40	Normal	0	1	0	20	20	0	8	greninjabond	1	1	0	1	0	-1	1	0	100	100	1	1	0	Move	1	psn	sitrusberry	0	-1	99	0	0		undefined	false	8	8	8	-1	2
weakarmor	onDamagingHit	137	0	0	40	Bug	0	0	0	20	-1	1	2048	pikachu	0	0	0	1	1	1	0	1	100	0	0	1	undefined	Ability	1	brn	iapapaberry	1	1	1	0	0		undefined	true	2048	2048	2048	1	0
weakarmor	onDamagingHit	138	6	1	70	Ghost	0	0	0	10	0	-1	8192	pikachu	0	0	0	0	0	0	0	1	0	0	1	1	0	missing	1	psn	figyberry	2	0	99	1	0		undefined	undefined	8192	8192	8192	0	0
weakarmor	onDamagingHit	139	6	6	70	Water	1	0	1	0	0	-1	8192	pikachu	0	1	0	0	1	-1	0	1	0	160	1	1	true	Move	1	brn	iapapaberry	1	0	1	0	1	boost:def=-1,spe=2:0:0:undefined:false:false	undefined	undefined	8192	8192	8192	-1	0
weakarmor	onDamagingHit	140	-1	0	0	Normal	0	0	0	0	0	-1	8192	greninjabond	0	1	1	0	1	0	0	2	60	100	1	0	null	missing	1	brn	aguavberry	0	1	-1	1	0		undefined	undefined	8192	8192	8192	0	0
weakarmor	onDamagingHit	141	6	1	70	Bug	0	0	0	10	20	-1	24576	greninjaash	1	1	1	0	1	1	0	0	0	160	1	0	false	Ability	0	brn	wikiberry	1	1	-1	1	0		undefined	undefined	24576	24576	24576	1	0
weakarmor	onDamagingHit	142	6	1	0	Fire	1	1	0	0	0	1	16384	greninjabond	0	0	0	0	0	1	0	1	60	0	0	0	0	Move	0	brn	magoberry	1	1	0	1	1	boost:def=-1,spe=2:0:0:undefined:false:false	undefined	true	16384	16384	16384	1	2
weakarmor	onDamagingHit	143	6	6	70	Ghost	0	1	0	0	100	-1	0	pikachu	1	1	0	1	1	-1	0	1	100	160	0	0	null	Ability	0	brn	sitrusberry	0	-1	0	0	1		undefined	undefined	0	0	0	-1	2
weakarmor	onDamagingHit	144	1	0	70	Normal	1	0	0	100	0	1	24576	greninjaash	0	1	1	0	0	1	1	2	60	0	0	1	undefined	Ability	1	psn	leftovers	1	0	1	0	1	boost:def=-1,spe=2:0:0:undefined:false:false	undefined	true	24576	24576	24576	1	0
weakarmor	onDamagingHit	145	0	6	40	Bug	1	1	1	10	100	1	8	pikachu	1	1	1	1	0	1	1	2	60	0	0	1	undefined	Ability	0	psn	figyberry	2	0	-1	0	0	boost:def=-1,spe=2:0:0:undefined:false:false	undefined	true	8	8	8	1	2
weakarmor	onDamagingHit	146	1	1	70	Normal	0	1	0	100	20	0	8	greninjaash	0	1	0	0	1	-1	1	2	100	160	1	1	true	missing	0	brn	wikiberry	2	-1	99	0	0		undefined	false	8	8	8	-1	2
weakarmor	onDamagingHit	147	0	1	0	Fire	0	1	0	10	-1	1	24576	greninjabond	0	0	0	1	0	0	0	2	60	160	0	1	true	Move	0	brn	wikiberry	0	-1	0	1	0		undefined	true	24576	24576	24576	0	2
weakarmor	onDamagingHit	148	6	6	61	Normal	1	1	0	0	0	0	8	greninjaash	1	1	0	1	1	-1	1	1	100	100	0	1	null	Move	0	brn	figyberry	2	0	0	1	0	boost:def=-1,spe=2:0:0:undefined:false:false	undefined	false	8	8	8	-1	2
weakarmor	onDamagingHit	149	0	0	60	Ghost	1	1	0	20	20	1	0	pikachu	0	0	1	1	1	-1	1	2	0	100	1	0	false	Ability	0	psn	sitrusberry	2	1	-1	0	0	boost:def=-1,spe=2:0:0:undefined:false:false	undefined	true	0	0	0	-1	2
weakarmor	onDamagingHit	150	-1	6	0	Bug	0	1	1	0	100	1	0	greninjabond	1	1	0	0	1	6	1	1	0	160	0	0	false	Move	1	psn	magoberry	1	-1	99	0	1		undefined	true	0	0	0	6	2
weakarmor	onDamagingHit	151	6	6	40	Dark	0	1	1	20	20	-1	2048	greninjabond	0	1	0	0	0	6	0	0	60	160	1	1	false	missing	0	brn	sitrusberry	2	0	0	1	0		undefined	undefined	2048	2048	2048	6	2
weakarmor	onDamagingHit	152	1	1	61	Bug	0	1	1	10	20	-1	24576	greninjaash	1	0	1	1	0	6	1	1	0	100	1	0	true	Move	1	psn	iapapaberry	2	-1	0	1	1		undefined	undefined	24576	24576	24576	6	2
weakarmor	onDamagingHit	153	-1	0	70	Dark	1	0	1	10	0	-1	16384	greninjabond	0	0	1	1	0	1	0	1	100	160	0	0	true	Ability	0	brn	iapapaberry	1	0	0	0	0	boost:def=-1,spe=2:0:0:undefined:false:false	undefined	undefined	16384	16384	16384	1	0
weakarmor	onDamagingHit	154	0	6	70	Fire	0	1	0	10	100	0	0	greninjabond	0	1	1	0	0	1	1	2	100	0	0	0	true	Ability	1	psn	figyberry	2	-1	-1	0	1		undefined	false	0	0	0	1	2
weakarmor	onDamagingHit	155	-1	0	0	Fire	0	1	1	10	20	1	0	greninjaash	0	0	1	0	1	1	1	0	100	0	1	0	undefined	missing	0	psn	sitrusberry	2	-1	99	0	1		undefined	true	0	0	0	1	2
weakarmor	onDamagingHit	156	0	1	60	Water	1	1	1	100	0	-1	2048	greninjabond	0	0	0	0	1	-1	1	1	100	100	1	0	null	Move	0	brn	leftovers	1	0	1	1	1	boost:def=-1,spe=2:0:0:undefined:false:false	undefined	undefined	2048	2048	2048	-1	2
weakarmor	onDamagingHit	157	6	6	40	Fire	1	0	0	0	20	1	16384	greninjabond	1	1	1	1	0	1	0	2	100	0	0	0	0	missing	1	psn	wikiberry	2	-1	99	0	0	boost:def=-1,spe=2:0:0:undefined:false:false	undefined	true	16384	16384	16384	1	0
weakarmor	onDamagingHit	158	0	1	70	Ghost	0	0	1	0	20	0	8192	pikachu	1	1	0	0	0	6	1	2	60	100	0	0	null	missing	0	brn	iapapaberry	0	1	0	0	0		undefined	false	8192	8192	8192	6	0
weakarmor	onDamagingHit	159	-1	0	40	Bug	1	1	0	10	0	-1	16384	greninjabond	0	1	1	0	1	1	0	1	0	0	0	0	true	Move	0	brn	magoberry	1	0	1	1	1	boost:def=-1,spe=2:0:0:undefined:false:false	undefined	undefined	16384	16384	16384	1	2
weakarmor	onDamagingHit	160	1	0	0	Water	0	1	0	20	-1	-1	24576	pikachu	0	0	0	0	1	0	0	1	60	160	1	1	undefined	missing	0	psn	magoberry	2	0	-1	1	1		undefined	undefined	24576	24576	24576	0	2
weakarmor	onDamagingHit	161	-1	6	0	Ghost	0	1	1	0	20	0	2048	greninjaash	0	1	1	0	0	1	1	0	100	100	0	0	undefined	Ability	1	brn	magoberry	1	0	99	1	0		undefined	false	2048	2048	2048	1	2
weakarmor	onDamagingHit	162	-1	0	0	Water	0	0	1	0	0	0	8	greninjabond	0	0	1	1	0	0	0	2	60	100	0	0	true	Ability	0	brn	sitrusberry	1	-1	-1	1	0		undefined	false	8	8	8	0	0
weakarmor	onDamagingHit	163	6	6	60	Ghost	0	1	0	20	20	-1	2048	greninjabond	0	0	0	0	0	6	1	0	60	100	1	0	0	missing	0	psn	figyberry	1	0	1	0	0		undefined	undefined	2048	2048	2048	6	2
weakarmor	onDamagingHit	164	6	0	40	Water	0	0	0	20	0	-1	16384	pikachu	1	0	1	1	1	6	1	1	0	0	1	1	null	Move	0	brn	magoberry	2	-1	99	1	1		undefined	undefined	16384	16384	16384	6	0
weakarmor	onDamagingHit	165	-1	6	40	Normal	0	1	1	20	-1	1	24576	greninjaash	1	0	0	0	0	-1	1	0	100	160	0	1	undefined	missing	0	brn	aguavberry	1	1	99	0	0		undefined	true	24576	24576	24576	-1	2
weakarmor	onDamagingHit	166	1	6	61	Normal	0	0	1	0	-1	0	16384	pikachu	1	0	1	0	0	-1	0	0	60	0	1	0	undefined	Move	0	psn	magoberry	1	0	99	1	0		undefined	false	16384	16384	16384	-1	0
weakarmor	onDamagingHit	167	0	1	70	Water	1	1	1	0	100	0	0	greninjaash	0	1	0	1	1	0	0	1	100	160	0	0	null	Ability	1	psn	sitrusberry	1	1	1	0	0	boost:def=-1,spe=2:0:0:undefined:false:false	undefined	false	0	0	0	0	2
weakarmor	onDamagingHit	168	6	1	61	Water	1	0	0	100	100	0	16384	greninjabond	1	1	1	1	1	6	0	0	60	100	0	0	true	Ability	0	psn	leftovers	0	1	99	1	0	boost:def=-1,spe=2:0:0:undefined:false:false	undefined	false	16384	16384	16384	6	0
weakarmor	onDamagingHit	169	-1	6	60	Bug	1	0	1	0	0	0	24576	pikachu	1	0	1	0	1	1	0	0	100	100	0	1	null	missing	0	psn	figyberry	1	1	-1	1	1	boost:def=-1,spe=2:0:0:undefined:false:false	undefined	false	24576	24576	24576	1	0
weakarmor	onDamagingHit	170	-1	6	61	Dark	0	0	1	20	-1	0	0	pikachu	1	0	1	1	1	-1	1	0	60	100	0	0	true	Ability	0	brn	wikiberry	0	1	-1	0	0		undefined	false	0	0	0	-1	0
weakarmor	onDamagingHit	171	1	6	70	Water	1	1	0	20	100	1	0	pikachu	1	0	1	1	0	-1	1	1	100	160	0	1	undefined	Ability	0	brn	sitrusberry	2	0	-1	1	1	boost:def=-1,spe=2:0:0:undefined:false:false	undefined	true	0	0	0	-1	2
weakarmor	onDamagingHit	172	0	0	60	Bug	1	0	0	10	0	-1	0	pikachu	1	1	0	0	1	6	0	1	60	100	0	0	true	Move	1	brn	magoberry	1	1	-1	0	0	boost:def=-1,spe=2:0:0:undefined:false:false	undefined	undefined	0	0	0	6	0
weakarmor	onDamagingHit	173	1	0	0	Ghost	1	0	1	100	-1	-1	2048	greninjabond	0	1	0	0	0	1	0	2	0	0	0	1	undefined	missing	1	brn	wikiberry	2	1	1	1	0	boost:def=-1,spe=2:0:0:undefined:false:false	undefined	undefined	2048	2048	2048	1	0
weakarmor	onDamagingHit	174	-1	1	60	Fire	0	1	0	0	0	-1	2048	greninjaash	1	0	1	0	1	-1	1	0	100	0	1	0	true	Ability	1	psn	sitrusberry	0	0	0	0	1		undefined	undefined	2048	2048	2048	-1	2
weakarmor	onDamagingHit	175	0	0	0	Ghost	1	1	1	20	20	0	8192	pikachu	0	1	1	1	0	-1	1	1	60	160	1	1	null	missing	1	psn	sitrusberry	2	-1	99	1	1	boost:def=-1,spe=2:0:0:undefined:false:false	undefined	false	8192	8192	8192	-1	2
weakarmor	onDamagingHit	176	6	0	70	Bug	0	0	1	0	-1	0	16384	pikachu	1	0	1	0	1	-1	0	1	60	160	1	1	null	missing	0	psn	leftovers	1	-1	1	1	0		undefined	false	16384	16384	16384	-1	0
weakarmor	onDamagingHit	177	6	1	61	Bug	1	1	1	100	-1	-1	0	pikachu	0	1	1	1	1	6	0	0	0	100	0	1	undefined	Move	1	psn	figyberry	2	0	1	1	1	boost:def=-1,spe=2:0:0:undefined:false:false	undefined	undefined	0	0	0	6	2
weakarmor	onDamagingHit	178	6	1	61	Bug	1	0	1	0	20	1	2048	greninjaash	1	1	1	1	0	1	0	1	0	160	1	0	null	Move	1	psn	sitrusberry	2	-1	-1	1	1	boost:def=-1,spe=2:0:0:undefined:false:false	undefined	true	2048	2048	2048	1	0
weakarmor	onDamagingHit	179	-1	0	40	Water	1	1	1	100	0	0	2048	pikachu	1	0	0	1	1	0	1	1	0	160	1	1	0	Move	0	brn	aguavberry	2	-1	99	0	0	boost:def=-1,spe=2:0:0:undefined:false:false	undefined	false	2048	2048	2048	0	2
weakarmor	onDamagingHit	180	6	6	70	Bug	0	1	1	0	-1	1	24576	greninjabond	0	1	0	1	0	1	0	1	0	160	1	1	null	missing	1	brn	figyberry	1	0	0	0	0		undefined	true	24576	24576	24576	1	2
weakarmor	onDamagingHit	181	-1	6	0	Dark	1	1	1	10	-1	0	8192	greninjaash	1	0	0	1	1	-1	0	1	0	0	0	0	0	Move	0	psn	wikiberry	2	-1	1	1	0	boost:def=-1,spe=2:0:0:undefined:false:false	undefined	false	8192	8192	8192	-1	2
weakarmor	onDamagingHit	182	0	0	60	Normal	0	1	0	0	100	-1	8	greninjabond	1	0	1	0	0	0	1	0	100	100	1	0	false	Ability	0	brn	sitrusberry	0	1	99	1	1		undefined	undefined	8	8	8	0	2
weakarmor	onDamagingHit	183	1	6	0	Ghost	0	1	0	10	0	-1	8192	greninjabond	1	1	0	0	1	6	1	2	0	0	0	1	undefined	Move	1	brn	iapapaberry	1	-1	-1	1	0		undefined	undefined	8192	8192	8192	6	2
weakarmor	onDamagingHit	184	6	0	60	Water	1	1	0	10	100	1	0	greninjaash	0	0	0	1	1	1	1	1	60	160	1	0	true	missing	1	brn	wikiberry	1	1	0	1	1	boost:def=-1,spe=2:0:0:undefined:false:false	undefined	true	0	0	0	1	2
weakarmor	onDamagingHit	185	6	1	40	Dark	0	0	1	100	100	1	8	greninjabond	1	0	0	1	1	6	1	2	0	0	1	1	null	Move	0	brn	wikiberry	0	-1	99	1	1		undefined	true	8	8	8	6	0
weakarmor	onDamagingHit	186	1	0	40	Fire	1	1	0	20	0	-1	24576	greninjaash	1	1	0	1	1	0	0	2	0	160	1	0	null	missing	0	brn	wikiberry	1	0	-1	0	1	boost:def=-1,spe=2:0:0:undefined:false:false	undefined	undefined	24576	24576	24576	0	2
weakarmor	onDamagingHit	187	6	0	70	Fire	1	1	0	100	0	-1	16384	greninjabond	1	0	0	0	0	1	1	2	0	160	0	0	null	Move	1	brn	sitrusberry	0	-1	0	0	1	boost:def=-1,spe=2:0:0:undefined:false:false	undefined	undefined	16384	16384	16384	1	2
weakarmor	onDamagingHit	188	1	1	60	Bug	1	0	0	100	-1	0	8	greninjaash	1	0	1	0	0	1	0	1	60	100	1	0	true	Ability	1	brn	sitrusberry	2	-1	1	0	1	boost:def=-1,spe=2:0:0:undefined:false:false	undefined	false	8	8	8	1	0
weakarmor	onDamagingHit	189	0	6	70	Normal	0	0	1	20	0	-1	2048	greninjabond	1	1	0	1	1	1	1	1	100	100	0	0	false	missing	1	brn	magoberry	1	0	1	1	0		undefined	undefined	2048	2048	2048	1	0
weakarmor	onDamagingHit	190	1	6	60	Dark	0	0	0	0	100	1	2048	pikachu	0	1	1	0	1	0	0	0	60	0	0	0	true	missing	0	psn	figyberry	1	0	0	0	0		undefined	true	2048	2048	2048	0	0
weakarmor	onDamagingHit	191	6	0	40	Dark	0	1	1	100	100	-1	8	pikachu	1	1	0	1	1	1	1	0	0	0	1	0	false	Move	1	brn	figyberry	1	0	-1	0	1		undefined	undefined	8	8	8	1	2
weakarmor	onDamagingHit	192	6	0	70	Normal	0	1	0	20	-1	-1	8192	pikachu	1	1	1	0	1	6	1	0	100	0	0	1	undefined	Ability	1	brn	magoberry	0	-1	-1	0	1		undefined	undefined	8192	8192	8192	6	2
weakarmor	onDamagingHit	193	6	0	70	Bug	1	1	0	100	-1	0	2048	greninjaash	1	0	0	0	1	6	0	0	0	100	1	0	true	Ability	0	brn	sitrusberry	2	-1	0	0	1	boost:def=-1,spe=2:0:0:undefined:false:false	undefined	false	2048	2048	2048	6	2
weakarmor	onDamagingHit	194	0	0	0	Normal	1	1	0	0	-1	1	16384	greninjaash	1	0	0	1	0	6	1	2	0	160	1	0	false	Move	0	psn	figyberry	0	1	-1	0	0	boost:def=-1,spe=2:0:0:undefined:false:false	undefined	true	16384	16384	16384	6	2
weakarmor	onDamagingHit	195	1	0	60	Ghost	0	1	1	0	-1	1	8	pikachu	0	0	1	0	0	6	0	0	0	100	1	1	undefined	Ability	1	psn	magoberry	1	1	-1	1	0		undefined	true	8	8	8	6	2
weakarmor	onDamagingHit	196	-1	1	40	Water	0	0	0	20	-1	0	24576	pikachu	0	0	0	1	0	0	1	0	0	0	0	1	null	Ability	0	brn	sitrusberry	0	1	99	0	1		undefined	false	24576	24576	24576	0	0
weakarmor	onDamagingHit	197	6	0	0	Water	1	1	1	0	0	-1	24576	greninjaash	0	1	0	1	1	-1	0	2	0	160	0	1	false	missing	1	brn	figyberry	1	0	0	1	0	boost:def=-1,spe=2:0:0:undefined:false:false	undefined	undefined	24576	24576	24576	-1	2
weakarmor	onDamagingHit	198	6	1	61	Normal	1	0	1	0	20	1	0	greninjabond	0	1	0	0	0	1	1	1	0	0	0	0	true	Move	1	brn	aguavberry	1	-1	99	0	1	boost:def=-1,spe=2:0:0:undefined:false:false	undefined	true	0	0	0	1	0
weakarmor	onDamagingHit	199	6	6	60	Water	0	1	0	20	20	-1	8192	greninjaash	1	1	1	1	0	0	1	1	60	100	0	0	null	missing	1	psn	wikiberry	2	0	0	1	0		undefined	undefined	8192	8192	8192	0	2
weakarmor	onDamagingHit	200	6	0	40	Fire	0	0	1	100	100	0	8192	greninjabond	0	1	0	1	0	0	1	1	0	0	1	0	true	Ability	1	brn	figyberry	1	1	-1	0	0		undefined	false	8192	8192	8192	0	0
weakarmor	onDamagingHit	201	6	1	0	Water	0	0	0	20	20	1	2048	greninjaash	0	1	0	0	0	6	1	1	60	160	1	0	true	Move	1	psn	sitrusberry	1	0	1	0	1		undefined	true	2048	2048	2048	6	0
weakarmor	onDamagingHit	202	-1	1	61	Dark	1	0	0	20	20	-1	16384	greninjaash	1	0	0	1	0	1	0	1	60	160	0	0	undefined	Ability	1	brn	aguavberry	2	1	-1	1	0	boost:def=-1,spe=2:0:0:undefined:false:false	undefined	undefined	16384	16384	16384	1	0
weakarmor	onDamagingHit	203	-1	0	0	Normal	0	1	0	10	20	-1	8192	pikachu	0	0	0	1	1	-1	0	1	60	160	0	1	false	Ability	1	psn	sitrusberry	0	0	1	0	1		undefined	undefined	8192	8192	8192	-1	2
weakarmor	onDamagingHit	204	1	6	61	Normal	0	1	1	10	-1	1	2048	pikachu	1	1	0	0	0	0	1	1	0	0	1	0	0	Move	0	brn	iapapaberry	2	0	0	0	1		undefined	true	2048	2048	2048	0	2
weakarmor	onDamagingHit	205	0	0	61	Dark	1	0	1	10	0	-1	8192	greninjaash	1	0	1	0	1	1	1	1	0	160	1	1	undefined	Ability	0	psn	aguavberry	2	-1	0	0	0	boost:def=-1,spe=2:0:0:undefined:false:false	undefined	undefined	8192	8192	8192	1	0
weakarmor	onDamagingHit	206	-1	6	61	Fire	1	0	1	0	-1	-1	8	pikachu	0	0	0	0	0	6	1	2	60	160	0	0	null	Ability	0	psn	aguavberry	2	0	0	1	1	boost:def=-1,spe=2:0:0:undefined:false:false	undefined	undefined	8	8	8	6	0
weakarmor	onDamagingHit	207	-1	6	70	Normal	1	1	1	0	0	-1	8192	greninjabond	0	0	0	0	1	-1	1	2	100	160	0	1	null	missing	1	psn	figyberry	1	0	0	0	1	boost:def=-1,spe=2:0:0:undefined:false:false	undefined	undefined	8192	8192	8192	-1	2
weakarmor	onDamagingHit	208	-1	6	61	Fire	1	1	0	0	20	0	8192	greninjabond	1	0	0	1	0	1	1	1	100	160	0	1	true	missing	0	brn	leftovers	2	-1	99	0	0	boost:def=-1,spe=2:0:0:undefined:false:false	undefined	false	8192	8192	8192	1	2
weakarmor	onDamagingHit	209	1	6	70	Fire	0	1	0	20	0	1	8	greninjaash	1	0	0	1	0	6	0	0	0	160	1	1	true	Ability	0	psn	wikiberry	2	1	-1	0	1		undefined	true	8	8	8	6	2
weakarmor	onDamagingHit	210	-1	6	0	Bug	1	0	1	0	100	0	24576	greninjabond	0	0	1	1	1	-1	0	1	0	0	0	0	undefined	missing	0	psn	wikiberry	0	1	-1	0	1	boost:def=-1,spe=2:0:0:undefined:false:false	undefined	false	24576	24576	24576	-1	0
weakarmor	onDamagingHit	211	6	6	40	Water	0	1	1	10	20	1	8	greninjabond	0	0	1	1	0	0	0	0	100	0	0	0	0	Ability	1	brn	sitrusberry	1	-1	0	0	0		undefined	true	8	8	8	0	2
weakarmor	onDamagingHit	212	-1	1	60	Bug	1	1	0	0	-1	0	16384	pikachu	0	0	1	0	0	0	1	2	100	100	1	1	undefined	missing	0	brn	iapapaberry	0	0	1	1	0	boost:def=-1,spe=2:0:0:undefined:false:false	undefined	false	16384	16384	16384	0	2
weakarmor	onDamagingHit	213	6	0	61	Ghost	0	1	0	100	100	0	16384	greninjaash	1	1	1	0	0	-1	0	1	60	160	1	1	false	Move	1	psn	sitrusberry	0	0	-1	0	0		undefined	false	16384	16384	16384	-1	2
weakarmor	onDamagingHit	214	1	6	40	Water	1	1	1	0	0	0	2048	greninjabond	0	0	0	0	1	6	0	0	60	160	1	0	false	missing	0	brn	leftovers	2	1	-1	0	0	boost:def=-1,spe=2:0:0:undefined:false:false	undefined	false	2048	2048	2048	6	2
weakarmor	onDamagingHit	215	0	6	70	Fire	1	0	1	100	100	-1	8192	pikachu	0	0	1	0	0	6	0	0	100	0	1	0	true	Ability	0	psn	iapapaberry	2	1	1	0	1	boost:def=-1,spe=2:0:0:undefined:false:false	undefined	undefined	8192	8192	8192	6	0
weakarmor	onDamagingHit	216	-1	0	61	Dark	0	1	1	10	0	-1	16384	greninjaash	1	0	1	0	0	-1	0	0	60	100	0	0	undefined	missing	0	brn	iapapaberry	2	-1	1	0	1		undefined	undefined	16384	16384	16384	-1	2
weakarmor	onDamagingHit	217	1	0	0	Fire	1	0	0	10	20	1	0	greninjaash	1	1	0	1	0	6	0	2	100	0	1	1	false	Ability	1	brn	magoberry	0	0	1	1	1	boost:def=-1,spe=2:0:0:undefined:false:false	undefined	true	0	0	0	6	0
weakarmor	onDamagingHit	218	6	6	60	Ghost	0	1	1	20	0	0	2048	pikachu	0	1	1	1	0	6	1	1	60	160	0	0	undefined	missing	0	brn	figyberry	1	0	-1	1	1		undefined	false	2048	2048	2048	6	2
weakarmor	onDamagingHit	219	1	6	60	Ghost	1	1	1	20	100	0	8	greninjabond	1	0	0	0	0	1	0	0	60	100	1	0	true	missing	1	brn	iapapaberry	0	0	-1	1	0	boost:def=-1,spe=2:0:0:undefined:false:false	undefined	false	8	8	8	1	2
weakarmor	onDamagingHit	220	1	1	70	Water	0	0	0	100	-1	0	16384	pikachu	0	0	0	1	1	-1	1	0	60	160	0	0	null	missing	1	brn	wikiberry	0	0	99	1	0		undefined	false	16384	16384	16384	-1	0
weakarmor	onDamagingHit	221	-1	0	40	Normal	1	0	0	10	100	1	8192	greninjaash	0	0	1	1	0	1	0	0	100	0	1	0	true	Move	0	brn	wikiberry	0	0	-1	0	0	boost:def=-1,spe=2:0:0:undefined:false:false	undefined	true	8192	8192	8192	1	0
weakarmor	onDamagingHit	222	6	6	70	Ghost	1	1	0	0	100	-1	2048	greninjabond	0	1	1	1	0	-1	1	0	60	0	1	1	undefined	Move	1	psn	magoberry	1	1	1	1	0	boost:def=-1,spe=2:0:0:undefined:false:false	undefined	undefined	2048	2048	2048	-1	2
weakarmor	onDamagingHit	223	1	0	0	Fire	1	0	0	20	20	1	0	greninjaash	0	0	0	1	0	6	0	0	100	100	0	0	false	Ability	0	brn	leftovers	2	-1	1	1	0	boost:def=-1,spe=2:0:0:undefined:false:false	undefined	true	0	0	0	6	0
weakarmor	onDamagingHit	224	-1	6	0	Ghost	1	0	1	20	20	1	2048	greninjabond	0	1	0	1	0	0	0	0	100	160	1	1	true	Ability	0	brn	figyberry	0	-1	0	0	1	boost:def=-1,spe=2:0:0:undefined:false:false	undefined	true	2048	2048	2048	0	0
weakarmor	onDamagingHit	225	1	6	60	Normal	0	1	0	10	100	0	24576	greninjabond	0	0	1	1	1	6	1	0	0	100	0	0	0	Ability	0	psn	iapapaberry	0	0	99	1	1		undefined	false	24576	24576	24576	6	2
weakarmor	onDamagingHit	226	1	1	0	Water	0	1	1	0	-1	-1	16384	greninjabond	0	1	1	1	1	0	0	1	60	0	1	0	0	missing	1	psn	iapapaberry	0	-1	-1	0	0		undefined	undefined	16384	16384	16384	0	2
weakarmor	onDamagingHit	227	-1	0	61	Fire	1	1	0	20	0	0	24576	greninjaash	1	0	1	1	1	-1	0	0	60	0	0	1	0	missing	1	psn	leftovers	2	0	1	0	1	boost:def=-1,spe=2:0:0:undefined:false:false	undefined	false	24576	24576	24576	-1	2
weakarmor	onDamagingHit	228	0	1	40	Bug	1	0	1	20	20	1	8	greninjabond	1	1	0	0	1	-1	0	2	0	160	1	1	true	Move	1	brn	figyberry	1	1	-1	1	1	boost:def=-1,spe=2:0:0:undefined:false:false	undefined	true	8	8	8	-1	0
weakarmor	onDamagingHit	229	1	6	40	Ghost	1	1	0	20	100	1	2048	pikachu	1	1	1	1	0	-1	1	0	100	160	1	0	null	Ability	1	brn	aguavberry	2	-1	99	1	1	boost:def=-1,spe=2:0:0:undefined:false:false	undefined	true	2048	2048	2048	-1	2
weakarmor	onDamagingHit	230	-1	6	0	Bug	1	0	0	10	100	-1	8	greninjaash	0	1	1	1	1	-1	0	0	60	160	1	1	undefined	Move	0	brn	leftovers	1	1	-1	0	1	boost:def=-1,spe=2:0:0:undefined:false:false	undefined	undefined	8	8	8	-1	0
weakarmor	onDamagingHit	231	1	6	40	Normal	1	0	1	0	-1	0	0	greninjaash	1	0	0	1	1	1	0	1	60	100	1	1	undefined	Move	0	brn	sitrusberry	2	0	99	0	1	boost:def=-1,spe=2:0:0:undefined:false:false	undefined	false	0	0	0	1	0
weakarmor	onDamagingHit	232	-1	0	70	Dark	0	0	0	100	0	1	0	greninjaash	1	1	0	0	0	6	0	0	60	100	0	0	undefined	missing	1	brn	figyberry	1	1	-1	1	1		undefined	true	0	0	0	6	0
weakarmor	onDamagingHit	233	0	1	70	Bug	0	0	1	0	-1	0	16384	pikachu	1	1	1	0	1	6	0	2	100	160	0	0	undefined	Move	1	psn	sitrusberry	2	0	0	1	1		undefined	false	16384	16384	16384	6	0
weakarmor	onDamagingHit	234	0	6	70	Fire	0	0	0	20	100	1	24576	greninjabond	0	0	0	1	0	-1	0	0	60	100	1	0	null	missing	0	brn	figyberry	1	0	-1	1	1		undefined	true	24576	24576	24576	-1	0
weakarmor	onDamagingHit	235	6	6	60	Fire	1	1	1	100	0	0	8192	greninjaash	1	0	1	1	0	0	1	0	60	160	1	1	true	Move	0	psn	wikiberry	2	1	0	0	0	boost:def=-1,spe=2:0:0:undefined:false:false	undefined	false	8192	8192	8192	0	2
weakarmor	onDamagingHit	236	6	6	60	Bug	0	1	0	10	20	1	8	greninjaash	0	1	1	1	1	6	0	1	100	160	1	0	false	Ability	1	brn	leftovers	0	-1	0	1	1		undefined	true	8	8	8	6	2
weakarmor	onDamagingHit	237	-1	6	60	Ghost	0	0	0	0	20	0	24576	pikachu	1	0	1	0	1	6	0	0	60	0	1	1	null	Ability	1	psn	wikiberry	2	0	99	1	1		undefined	false	24576	24576	24576	6	0
weakarmor	onDamagingHit	238	0	1	70	Dark	0	0	0	10	20	-1	0	pikachu	1	1	1	1	0	0	0	1	100	0	1	1	0	Move	1	psn	iapapaberry	0	-1	1	0	1		undefined	undefined	0	0	0	0	0
weakarmor	onDamagingHit	239	6	6	60	Water	0	0	0	100	100	1	16384	pikachu	1	0	1	0	0	0	0	1	60	100	0	1	false	Move	0	psn	leftovers	0	-1	99	0	0		undefined	true	16384	16384	16384	0	0
weakarmor	onDamagingHit	240	-1	1	61	Ghost	0	1	1	0	20	-1	8	pikachu	0	0	1	1	1	0	1	2	60	0	0	1	true	Ability	1	brn	wikiberry	1	1	99	1	0		undefined	undefined	8	8	8	0	2
weakarmor	onDamagingHit	241	0	6	60	Fire	1	1	1	0	100	1	8	greninjabond	1	0	1	0	1	6	1	1	0	0	0	1	0	missing	1	brn	iapapaberry	2	0	1	0	1	boost:def=-1,spe=2:0:0:undefined:false:false	undefined	true	8	8	8	6	2
weakarmor	onDamagingHit	242	-1	6	0	Bug	0	0	0	0	0	1	0	greninjabond	0	0	0	1	1	6	1	2	0	100	1	0	undefined	Move	0	psn	sitrusberry	2	1	-1	1	1		undefined	true	0	0	0	6	0
weakarmor	onDamagingHit	243	1	1	0	Water	1	1	0	100	-1	-1	2048	greninjaash	0	0	0	0	0	1	1	0	0	100	0	0	true	Ability	0	psn	aguavberry	2	-1	99	1	1	boost:def=-1,spe=2:0:0:undefined:false:false	undefined	undefined	2048	2048	2048	1	2
weakarmor	onDamagingHit	244	0	0	61	Bug	0	0	0	0	20	-1	24576	greninjabond	1	0	0	0	1	6	0	1	0	0	0	1	undefined	Ability	0	brn	wikiberry	2	-1	1	1	0		undefined	undefined	24576	24576	24576	6	0
weakarmor	onDamagingHit	245	0	1	40	Bug	1	1	0	10	20	-1	8	greninjabond	0	1	1	0	1	0	1	2	100	160	0	1	0	Move	0	brn	magoberry	1	1	99	1	1	boost:def=-1,spe=2:0:0:undefined:false:false	undefined	undefined	8	8	8	0	2
weakarmor	onDamagingHit	246	1	1	60	Dark	0	1	0	10	-1	0	8192	pikachu	1	0	0	1	0	0	1	1	100	0	0	1	true	missing	1	brn	iapapaberry	0	-1	-1	1	0		undefined	false	8192	8192	8192	0	2
weakarmor	onDamagingHit	247	-1	1	60	Ghost	0	0	1	10	20	0	2048	greninjaash	1	0	0	0	0	-1	0	0	100	100	0	0	undefined	Move	0	psn	aguavberry	0	0	-1	1	1		undefined	false	2048	2048	2048	-1	0
weakarmor	onDamagingHit	248	0	6	0	Fire	1	1	1	10	-1	1	8	greninjaash	1	1	0	0	1	1	1	0	100	100	1	0	undefined	missing	1	brn	magoberry	2	1	1	1	0	boost:def=-1,spe=2:0:0:undefined:false:false	undefined	true	8	8	8	1	2
weakarmor	onDamagingHit	249	0	6	0	Ghost	0	0	1	100	0	-1	8	greninjabond	0	1	1	1	0	6	0	1	0	0	0	1	false	Move	0	brn	aguavberry	2	0	-1	0	1		undefined	undefined	8	8	8	6	0
weakarmor	onDamagingHit	250	6	0	60	Bug	0	0	0	20	-1	-1	2048	greninjaash	0	1	0	1	1	0	0	0	60	160	1	0	0	Ability	1	brn	aguavberry	0	1	-1	0	0		undefined	undefined	2048	2048	2048	0	0
weakarmor	onDamagingHit	251	-1	6	61	Bug	0	1	1	0	20	1	2048	greninjabond	0	0	1	0	1	6	1	1	60	160	0	1	false	Move	0	brn	figyberry	0	-1	1	0	0		undefined	true	2048	2048	2048	6	2
weakarmor	onDamagingHit	252	6	6	0	Water	1	0	1	100	20	1	0	greninjabond	0	0	0	1	1	1	1	2	100	160	1	0	true	Ability	0	psn	wikiberry	1	1	99	1	0	boost:def=-1,spe=2:0:0:undefined:false:false	undefined	true	0	0	0	1	0
weakarmor	onDamagingHit	253	6	1	61	Bug	0	0	1	100	20	-1	2048	greninjabond	1	0	0	0	1	6	0	2	100	0	0	0	0	Ability	1	brn	leftovers	0	1	1	0	1		undefined	undefined	2048	2048	2048	6	0
weakarmor	onDamagingHit	254	-1	1	70	Normal	0	1	1	10	0	1	8192	pikachu	1	0	0	1	1	1	0	0	0	160	0	1	undefined	missing	0	psn	aguavberry	2	1	1	0	0		undefined	true	8192	8192	8192	1	2
weakarmor	onDamagingHit	255	-1	0	40	Fire	0	0	1	0	-1	0	0	pikachu	0	0	1	1	1	6	1	1	60	100	1	0	false	missing	1	brn	wikiberry	2	0	0	0	0		undefined	false	0	0	0	6	0
weakarmor	onDamagingHit	256	0	6	70	Dark	0	0	0	20	100	-1	24576	greninjabond	0	1	0	1	1	-1	1	1	100	0	0	1	true	missing	0	brn	leftovers	0	1	0	1	1		undefined	undefined	24576	24576	24576	-1	0
weakarmor	onDamagingHit	257	-1	6	61	Normal	0	1	1	100	20	-1	2048	greninjabond	1	0	1	1	0	6	1	2	100	0	0	1	undefined	Ability	1	psn	wikiberry	2	1	0	0	1		undefined	undefined	2048	2048	2048	6	2
weakarmor	onDamagingHit	258	6	0	61	Dark	1	1	0	0	20	0	8192	pikachu	1	1	1	1	0	-1	0	2	100	160	0	0	null	Ability	0	psn	wikiberry	2	0	-1	1	0	boost:def=-1,spe=2:0:0:undefined:false:false	undefined	false	8192	8192	8192	-1	2
weakarmor	onDamagingHit	259	6	0	70	Dark	0	1	1	10	20	0	2048	pikachu	0	0	0	1	0	-1	1	2	0	100	1	1	true	Ability	0	brn	leftovers	1	-1	-1	0	1		undefined	false	2048	2048	2048	-1	2
weakarmor	onDamagingHit	260	0	6	0	Fire	0	1	0	20	20	1	2048	greninjaash	0	1	1	0	1	1	1	0	60	100	0	1	0	missing	0	psn	wikiberry	1	0	-1	0	0		undefined	true	2048	2048	2048	1	2
weakarmor	onDamagingHit	261	0	1	70	Ghost	0	0	1	0	20	1	24576	pikachu	0	1	0	1	0	0	0	1	60	160	0	0	true	missing	0	psn	leftovers	2	0	1	0	1		undefined	true	24576	24576	24576	0	0
weakarmor	onDamagingHit	262	0	6	70	Fire	0	0	1	10	100	1	16384	greninjaash	1	1	0	1	0	1	0	0	60	0	0	1	false	Move	1	brn	leftovers	0	1	-1	1	1		undefined	true	16384	16384	16384	1	0
weakarmor	onDamagingHit	263	0	1	70	Ghost	1	0	0	20	100	1	8	greninjabond	0	0	0	0	0	1	1	0	0	160	0	1	null	Move	1	brn	figyberry	1	-1	0	0	1	boost:def=-1,spe=2:0:0:undefined:false:false	undefined	true	8	8	8	1	0
weakarmor	onDamagingHit	264	0	0	40	Ghost	1	0	1	100	-1	-1	0	pikachu	0	0	1	0	1	0	0	1	60	0	0	0	false	Move	0	brn	magoberry	0	1	-1	1	1	boost:def=-1,spe=2:0:0:undefined:false:false	undefined	undefined	0	0	0	0	0
weakarmor	onDamagingHit	265	-1	6	0	Dark	1	1	1	100	0	0	24576	greninjaash	1	1	1	0	0	6	1	0	100	100	1	0	0	Ability	0	psn	wikiberry	1	0	99	1	1	boost:def=-1,spe=2:0:0:undefined:false:false	undefined	false	24576	24576	24576	6	2
weakarmor	onDamagingHit	266	1	1	60	Water	1	1	1	20	100	1	2048	greninjabond	1	1	1	1	1	1	1	1	100	0	0	0	false	Move	0	brn	magoberry	1	-1	-1	0	1	boost:def=-1,spe=2:0:0:undefined:false:false	undefined	true	2048	2048	2048	1	2
weakarmor	onDamagingHit	267	1	6	70	Fire	0	1	0	10	100	1	0	greninjaash	1	0	1	1	0	0	1	2	100	160	0	0	false	Move	0	psn	figyberry	0	1	99	1	0		undefined	true	0	0	0	0	2
weakarmor	onDamagingHit	268	6	0	61	Fire	1	1	1	10	100	0	0	greninjabond	1	0	0	1	0	1	1	2	0	160	0	1	false	Ability	0	psn	wikiberry	1	-1	0	0	1	boost:def=-1,spe=2:0:0:undefined:false:false	undefined	false	0	0	0	1	2
weakarmor	onDamagingHit	269	1	0	0	Fire	1	1	1	20	-1	0	0	pikachu	0	0	0	1	0	6	1	2	0	160	0	1	null	Ability	1	psn	magoberry	1	1	0	0	1	boost:def=-1,spe=2:0:0:undefined:false:false	undefined	false	0	0	0	6	2
weakarmor	onDamagingHit	270	1	0	61	Water	0	0	1	10	100	1	8	greninjabond	1	1	1	1	1	6	1	2	0	160	1	1	false	Ability	1	psn	figyberry	0	0	1	0	0		undefined	true	8	8	8	6	0
weakarmor	onDamagingHit	271	1	1	40	Bug	1	0	1	10	20	1	24576	greninjabond	0	0	1	0	0	0	1	2	100	100	1	1	null	Ability	1	psn	leftovers	2	1	1	1	0	boost:def=-1,spe=2:0:0:undefined:false:false	undefined	true	24576	24576	24576	0	0
weakarmor	onDamagingHit	272	0	1	0	Dark	0	1	1	0	100	0	2048	pikachu	1	0	0	1	1	6	0	2	0	160	1	0	0	Move	0	brn	wikiberry	2	-1	99	1	0		undefined	false	2048	2048	2048	6	2
weakarmor	onDamagingHit	273	-1	0	70	Ghost	0	0	0	20	20	0	2048	pikachu	0	0	0	0	1	6	0	2	60	0	1	0	true	missing	1	brn	aguavberry	0	0	0	1	1		undefined	false	2048	2048	2048	6	0
weakarmor	onDamagingHit	274	0	0	61	Ghost	1	0	1	0	-1	1	16384	pikachu	1	0	1	1	0	0	0	2	60	100	0	0	0	Ability	1	psn	wikiberry	2	1	-1	1	1	boost:def=-1,spe=2:0:0:undefined:false:false	undefined	true	16384	16384	16384	0	0
weakarmor	onDamagingHit	275	-1	1	60	Water	1	0	1	20	0	-1	2048	pikachu	1	1	1	0	1	1	1	1	0	160	1	0	undefined	Move	1	psn	wikiberry	2	1	1	0	1	boost:def=-1,spe=2:0:0:undefined:false:false	undefined	undefined	2048	2048	2048	1	0
weakarmor	onDamagingHit	276	1	6	70	Dark	0	0	1	10	100	1	2048	greninjabond	0	0	1	0	0	0	0	2	100	0	1	0	null	missing	1	psn	magoberry	2	0	1	0	1		undefined	true	2048	2048	2048	0	0
weakarmor	onDamagingHit	277	-1	0	0	Bug	0	0	1	100	-1	1	8	greninjabond	1	1	0	0	0	0	0	0	60	160	0	1	null	Ability	1	brn	magoberry	2	0	0	1	1		undefined	true	8	8	8	0	0
weakarmor	onDamagingHit	278	6	0	0	Fire	1	0	0	10	20	-1	8192	greninjabond	0	0	1	1	0	-1	0	1	100	0	1	1	null	Move	0	brn	wikiberry	0	-1	-1	1	0	boost:def=-1,spe=2:0:0:undefined:false:false	undefined	undefined	8192	8192	8192	-1	0
weakarmor	onDamagingHit	279	1	1	60	Bug	1	0	0	100	-1	1	8192	greninjaash	1	0	1	1	1	-1	1	2	60	0	0	0	null	Move	1	psn	aguavberry	2	1	1	0	1	boost:def=-1,spe=2:0:0:undefined:false:false	undefined	true	8192	8192	8192	-1	0
weakarmor	onDamagingHit	280	0	1	60	Dark	1	0	0	20	-1	-1	16384	greninjaash	0	1	0	0	1	-1	0	0	100	100	0	1	false	Ability	0	brn	leftovers	2	0	1	0	0	boost:def=-1,spe=2:0:0:undefined:false:false	undefined	undefined	16384	16384	16384	-1	0
weakarmor	onDamagingHit	281	6	1	60	Normal	0	1	0	20	100	0	8192	pikachu	1	1	0	0	1	6	1	0	100	0	1	1	undefined	Move	1	psn	leftovers	1	-1	1	1	1		undefined	false	8192	8192	8192	6	2
weakarmor	onDamagingHit	282	-1	0	61	Bug	1	0	1	20	20	0	8	greninjaash	1	0	0	1	1	6	0	0	100	0	1	1	undefined	missing	0	brn	leftovers	2	-1	0	1	0	boost:def=-1,spe=2:0:0:undefined:false:false	undefined	false	8	8	8	6	0
weakarmor	onDamagingHit	283	6	1	70	Water	1	0	0	20	-1	0	24576	greninjaash	1	1	0	1	0	6	0	2	0	100	0	1	false	Ability	1	brn	figyberry	1	0	-1	1	0	boost:def=-1,spe=2:0:0:undefined:false:false	undefined	false	24576	24576	24576	6	0
weakarmor	onDamagingHit	284	-1	0	60	Ghost	0	0	0	0	100	1	8	pikachu	1	1	1	1	0	0	0	0	100	0	0	1	false	missing	1	psn	iapapaberry	2	1	99	0	0		undefined	true	8	8	8	0	0
weakarmor	onDamagingHit	285	1	6	40	Normal	0	1	1	10	-1	-1	8	greninjabond	0	0	0	0	1	6	1	1	0	160	1	1	true	Move	0	brn	sitrusberry	0	1	-1	1	1		undefined	undefined	8	8	8	6	2
weakarmor	onDamagingHit	286	-1	1	40	Bug	1	1	0	10	-1	-1	16384	greninjabond	0	0	1	1	1	-1	0	2	100	100	1	1	null	Ability	1	psn	sitrusberry	1	1	1	1	1	boost:def=-1,spe=2:0:0:undefined:false:false	undefined	undefined	16384	16384	16384	-1	2
weakarmor	onDamagingHit	287	6	0	40	Fire	0	0	1	20	100	0	24576	greninjabond	1	0	0	1	0	6	1	1	100	100	1	1	0	Ability	1	psn	leftovers	0	1	99	0	0		undefined	false	24576	24576	24576	6	0
weakarmor	onDamagingHit	288	0	0	61	Ghost	1	0	1	100	0	-1	2048	greninjabond	1	1	1	1	0	1	1	2	60	160	0	0	undefined	Move	1	brn	wikiberry	1	-1	0	0	0	boost:def=-1,spe=2:0:0:undefined:false:false	undefined	undefined	2048	2048	2048	1	0
weakarmor	onDamagingHit	289	6	6	60	Water	1	0	0	10	-1	1	8	greninjabond	1	0	0	1	1	6	0	2	100	0	1	1	true	missing	0	psn	sitrusberry	1	0	-1	0	1	boost:def=-1,spe=2:0:0:undefined:false:false	undefined	true	8	8	8	6	0
weakarmor	onDamagingHit	290	6	1	40	Ghost	1	1	0	10	100	1	16384	greninjaash	1	1	0	0	1	1	1	1	0	160	1	1	null	Ability	1	psn	aguavberry	2	-1	0	0	1	boost:def=-1,spe=2:0:0:undefined:false:false	undefined	true	16384	16384	16384	1	2
weakarmor	onDamagingHit	291	1	6	40	Normal	1	0	1	100	-1	-1	8	greninjabond	1	1	1	1	1	-1	0	2	100	160	0	1	false	Ability	1	brn	leftovers	0	1	99	1	1	boost:def=-1,spe=2:0:0:undefined:false:false	undefined	undefined	8	8	8	-1	0
weakarmor	onDamagingHit	292	1	1	0	Ghost	1	1	1	100	100	-1	8	greninjabond	0	1	0	0	0	-1	0	2	0	160	0	0	true	Move	1	psn	leftovers	1	0	-1	0	0	boost:def=-1,spe=2:0:0:undefined:false:false	undefined	undefined	8	8	8	-1	2
weakarmor	onDamagingHit	293	6	6	61	Fire	1	0	0	100	0	-1	2048	greninjaash	0	1	1	1	1	0	0	0	0	0	1	0	null	Ability	1	psn	aguavberry	1	0	-1	1	1	boost:def=-1,spe=2:0:0:undefined:false:false	undefined	undefined	2048	2048	2048	0	0
weakarmor	onDamagingHit	294	0	0	0	Dark	1	1	0	10	0	0	24576	pikachu	0	1	0	1	1	0	1	2	60	100	0	1	0	missing	1	brn	figyberry	1	-1	-1	0	1	boost:def=-1,spe=2:0:0:undefined:false:false	undefined	false	24576	24576	24576	0	2
weakarmor	onDamagingHit	295	-1	6	70	Fire	0	0	0	10	20	1	8	pikachu	1	0	1	0	0	1	1	2	100	0	1	1	true	missing	0	brn	figyberry	0	1	99	1	1		undefined	true	8	8	8	1	0
weakarmor	onDamagingHit	296	1	1	40	Fire	0	1	1	0	20	-1	8192	greninjaash	0	0	0	0	0	-1	1	1	100	0	1	1	false	missing	1	brn	magoberry	0	0	-1	0	1		undefined	undefined	8192	8192	8192	-1	2
weakarmor	onDamagingHit	297	6	0	0	Fire	0	1	0	10	100	0	16384	greninjabond	0	1	0	1	0	6	1	0	100	100	1	0	null	missing	1	brn	magoberry	0	1	0	0	0		undefined	false	16384	16384	16384	6	2
weakarmor	onDamagingHit	298	6	6	70	Bug	1	1	0	100	0	-1	24576	greninjaash	0	1	0	0	0	0	0	1	100	160	1	1	undefined	missing	1	psn	iapapaberry	1	-1	0	1	1	boost:def=-1,spe=2:0:0:undefined:false:false	undefined	undefined	24576	24576	24576	0	2
weakarmor	onDamagingHit	299	0	1	60	Dark	0	0	1	100	20	1	24576	pikachu	0	1	0	0	1	0	0	0	0	100	1	0	false	Move	1	psn	aguavberry	0	0	0	0	0		undefined	true	24576	24576	24576	0	0
weakarmor	onDamagingHit	300	-1	6	61	Dark	0	1	1	20	100	1	8	pikachu	0	0	1	1	0	-1	1	1	60	160	1	1	true	Ability	0	psn	wikiberry	2	-1	0	1	1		undefined	true	8	8	8	-1	2
weakarmor	onDamagingHit	301	0	1	60	Water	0	1	0	0	0	0	24576	greninjabond	1	0	1	1	1	6	1	2	60	0	1	0	true	Move	0	psn	iapapaberry	2	0	99	0	1		undefined	false	24576	24576	24576	6	2
weakarmor	onDamagingHit	302	6	0	70	Bug	1	0	1	10	100	0	8192	greninjaash	0	1	0	1	0	0	0	0	0	0	0	1	undefined	Ability	0	brn	leftovers	2	0	1	1	0	boost:def=-1,spe=2:0:0:undefined:false:false	undefined	false	8192	8192	8192	0	0
weakarmor	onDamagingHit	303	-1	1	61	Bug	0	0	0	100	-1	-1	2048	greninjaash	1	0	0	0	1	0	0	2	60	0	0	0	true	Move	0	brn	wikiberry	1	0	-1	0	0		undefined	undefined	2048	2048	2048	0	0
weakarmor	onDamagingHit	304	1	1	61	Fire	1	1	0	10	0	0	8192	greninjabond	0	1	0	1	0	0	1	2	0	100	0	0	false	Move	1	brn	aguavberry	1	-1	99	0	1	boost:def=-1,spe=2:0:0:undefined:false:false	undefined	false	8192	8192	8192	0	2
weakarmor	onDamagingHit	305	1	1	40	Ghost	0	0	0	0	0	1	24576	pikachu	1	0	0	0	0	-1	1	2	0	100	1	0	true	missing	0	brn	wikiberry	0	0	99	0	0		undefined	true	24576	24576	24576	-1	0
weakarmor	onDamagingHit	306	1	1	40	Fire	0	1	0	10	-1	-1	24576	pikachu	0	0	0	0	1	6	1	2	60	160	0	1	true	missing	0	brn	iapapaberry	2	0	0	0	0		undefined	undefined	24576	24576	24576	6	2
weakarmor	onDamagingHit	307	6	1	0	Dark	0	0	0	0	100	0	8192	pikachu	0	1	1	0	0	1	0	2	60	100	0	0	true	Ability	1	psn	figyberry	0	-1	-1	1	1		undefined	false	8192	8192	8192	1	0
weakarmor	onDamagingHit	308	1	0	60	Dark	1	0	0	10	0	0	0	greninjabond	1	0	1	0	1	6	1	0	60	0	0	0	true	Ability	0	psn	iapapaberry	1	-1	1	1	1	boost:def=-1,spe=2:0:0:undefined:false:false	undefined	false	0	0	0	6	0
weakarmor	onDamagingHit	309	6	6	61	Water	0	0	0	20	0	0	0	greninjabond	0	1	1	0	0	0	1	0	100	0	1	1	true	missing	1	brn	figyberry	1	-1	99	0	1		undefined	false	0	0	0	0	0
weakarmor	onDamagingHit	310	-1	6	61	Dark	1	0	1	10	20	0	0	pikachu	0	1	0	1	1	1	0	0	0	100	0	1	null	Move	1	psn	sitrusberry	2	0	-1	0	0	boost:def=-1,spe=2:0:0:undefined:false:false	undefined	false	0	0	0	1	0
weakarmor	onDamagingHit	311	0	6	70	Water	1	0	1	20	100	1	2048	pikachu	0	0	1	1	0	-1	0	2	100	0	1	0	true	Move	0	psn	sitrusberry	2	0	0	0	1	boost:def=-1,spe=2:0:0:undefined:false:false	undefined	true	2048	2048	2048	-1	0
weakarmor	onDamagingHit	312	1	1	61	Dark	0	0	1	20	20	0	24576	pikachu	1	1	1	0	0	6	0	0	60	100	0	1	null	Move	0	psn	leftovers	2	1	1	0	0		undefined	false	24576	24576	24576	6	0
weakarmor	onDamagingHit	313	1	6	0	Normal	1	1	0	0	20	0	2048	greninjaash	0	1	1	0	0	-1	0	0	0	100	0	0	0	Move	1	psn	aguavberry	2	0	-1	0	0	boost:def=-1,spe=2:0:0:undefined:false:false	undefined	false	2048	2048	2048	-1	2
weakarmor	onDamagingHit	314	0	1	40	Water	0	0	1	100	100	-1	0	greninjabond	0	0	1	0	0	1	1	1	0	160	0	1	null	missing	1	psn	sitrusberry	0	0	0	1	0		undefined	undefined	0	0	0	1	0
weakarmor	onDamagingHit	315	1	6	61	Bug	0	0	1	0	100	-1	8	greninjaash	0	1	1	1	1	6	0	2	0	160	1	1	undefined	missing	0	psn	sitrusberry	0	0	1	1	0		undefined	undefined	8	8	8	6	0
weakarmor	onDamagingHit	316	0	6	60	Fire	0	1	1	0	0	-1	0	greninjabond	0	1	0	1	1	6	1	0	60	100	0	1	true	Ability	0	psn	aguavberry	0	0	99	1	0		undefined	undefined	0	0	0	6	2
weakarmor	onDamagingHit	317	-1	0	0	Ghost	1	1	0	100	100	1	8	greninjaash	0	0	1	0	0	6	0	1	100	160	1	1	false	Move	0	psn	magoberry	2	0	99	0	1	boost:def=-1,spe=2:0:0:undefined:false:false	undefined	true	8	8	8	6	2
weakarmor	onDamagingHit	318	0	6	60	Normal	1	1	1	10	20	-1	8192	greninjabond	1	0	0	1	0	1	1	0	0	0	1	1	undefined	missing	1	brn	magoberry	2	0	1	1	1	boost:def=-1,spe=2:0:0:undefined:false:false	undefined	undefined	8192	8192	8192	1	2
weakarmor	onDamagingHit	319	1	1	0	Normal	1	0	0	0	20	1	2048	pikachu	0	0	1	0	0	6	0	2	60	0	0	1	0	Move	0	psn	figyberry	0	0	0	1	0	boost:def=-1,spe=2:0:0:undefined:false:false	undefined	true	2048	2048	2048	6	0
weakarmor	onDamagingHit	320	1	1	70	Ghost	1	0	1	100	0	0	0	greninjaash	0	0	0	1	0	-1	0	0	100	100	1	0	true	Move	0	psn	figyberry	1	-1	0	1	0	boost:def=-1,spe=2:0:0:undefined:false:false	undefined	false	0	0	0	-1	0
weakarmor	onDamagingHit	321	1	0	60	Ghost	0	0	1	0	0	0	24576	greninjaash	0	1	1	1	0	-1	1	1	0	0	0	1	true	missing	1	psn	magoberry	2	0	1	1	0		undefined	false	24576	24576	24576	-1	0
weakarmor	onDamagingHit	322	-1	1	60	Dark	0	0	1	10	0	-1	8	greninjaash	0	1	1	0	1	-1	0	0	60	0	0	1	undefined	Move	1	brn	sitrusberry	1	1	0	1	1		undefined	undefined	8	8	8	-1	0
weakarmor	onDamagingHit	323	0	0	0	Water	1	0	0	10	0	1	16384	pikachu	1	1	0	1	1	-1	1	0	60	160	0	0	0	Ability	0	brn	aguavberry	2	-1	0	0	1	boost:def=-1,spe=2:0:0:undefined:false:false	undefined	true	16384	16384	16384	-1	0
weakarmor	onDamagingHit	324	6	6	61	Dark	1	1	1	100	0	-1	16384	greninjabond	1	1	1	0	1	1	0	1	100	160	1	0	undefined	Move	1	psn	wikiberry	1	-1	-1	1	0	boost:def=-1,spe=2:0:0:undefined:false:false	undefined	undefined	16384	16384	16384	1	2
weakarmor	onDamagingHit	325	1	0	40	Dark	0	0	0	10	100	1	2048	pikachu	1	0	1	0	0	0	1	0	60	100	1	0	undefined	Ability	0	psn	leftovers	1	0	1	0	1		undefined	true	2048	2048	2048	0	0
weakarmor	onDamagingHit	326	1	0	70	Dark	0	1	0	10	-1	0	24576	pikachu	1	0	1	1	1	6	0	0	100	0	1	1	true	Ability	0	psn	sitrusberry	1	1	-1	1	0		undefined	false	24576	24576	24576	6	2
weakarmor	onDamagingHit	327	1	6	0	Fire	1	0	1	100	-1	0	16384	greninjaash	0	0	0	0	1	1	0	1	100	100	1	1	undefined	missing	0	brn	figyberry	0	1	1	0	1	boost:def=-1,spe=2:0:0:undefined:false:false	undefined	false	16384	16384	16384	1	0
weakarmor	onDamagingHit	328	1	0	70	Bug	1	1	0	0	20	0	16384	greninjaash	1	0	1	0	1	1	0	1	100	160	0	1	null	Ability	0	psn	magoberry	1	1	0	1	1	boost:def=-1,spe=2:0:0:undefined:false:false	undefined	false	16384	16384	16384	1	2
weakarmor	onDamagingHit	329	1	6	61	Dark	1	1	1	100	-1	0	8192	greninjabond	1	0	1	1	1	-1	0	2	0	100	0	1	false	missing	0	brn	magoberry	2	1	99	1	0	boost:def=-1,spe=2:0:0:undefined:false:false	undefined	false	8192	8192	8192	-1	2
weakarmor	onDamagingHit	330	6	1	70	Water	0	1	1	100	-1	-1	8192	greninjabond	0	1	1	0	1	6	1	1	0	0	1	1	undefined	Ability	0	psn	aguavberry	0	1	0	0	1		undefined	undefined	8192	8192	8192	6	2
weakarmor	onDamagingHit	331	6	1	61	Fire	1	0	1	20	-1	1	2048	greninjabond	1	1	1	0	0	0	1	2	100	0	1	0	null	missing	0	brn	iapapaberry	0	0	99	1	0	boost:def=-1,spe=2:0:0:undefined:false:false	undefined	true	2048	2048	2048	0	0
weakarmor	onDamagingHit	332	0	1	70	Ghost	1	0	0	20	0	0	8192	greninjabond	0	0	1	1	1	1	0	1	0	0	0	1	false	Move	1	psn	aguavberry	0	-1	1	1	0	boost:def=-1,spe=2:0:0:undefined:false:false	undefined	false	8192	8192	8192	1	0
weakarmor	onDamagingHit	333	-1	1	0	Bug	0	1	0	20	100	-1	2048	greninjabond	0	1	0	1	0	6	0	0	0	0	0	0	true	missing	1	brn	leftovers	0	0	1	1	1		undefined	undefined	2048	2048	2048	6	2
weakarmor	onDamagingHit	334	6	0	61	Water	0	1	0	10	0	-1	16384	greninjaash	1	1	1	1	1	-1	0	0	0	100	1	1	null	missing	1	brn	wikiberry	0	1	1	0	0		undefined	undefined	16384	16384	16384	-1	2
weakarmor	onDamagingHit	335	6	6	0	Dark	0	0	0	10	100	0	2048	greninjaash	1	1	1	1	0	0	0	2	100	100	1	0	true	Move	0	brn	figyberry	1	0	1	1	0		undefined	false	2048	2048	2048	0	0
weakarmor	onDamagingHit	336	6	6	61	Water	0	0	1	10	-1	1	0	greninjaash	0	1	1	0	1	6	0	0	0	160	1	0	null	Ability	1	psn	sitrusberry	2	-1	-1	1	1		undefined	true	0	0	0	6	0
weakarmor	onDamagingHit	337	0	1	40	Normal	1	0	1	100	100	-1	2048	greninjaash	0	1	1	0	1	-1	1	0	60	100	0	0	false	missing	1	brn	figyberry	1	1	0	1	0	boost:def=-1,spe=2:0:0:undefined:false:false	undefined	undefined	2048	2048	2048	-1	0
weakarmor	onDamagingHit	338	6	1	0	Ghost	0	1	0	10	20	0	0	pikachu	1	1	0	0	0	0	1	1	0	100	1	1	undefined	Move	1	brn	leftovers	2	1	0	1	0		undefined	false	0	0	0	0	2
weakarmor	onDamagingHit	339	1	1	61	Dark	1	0	0	20	-1	1	0	pikachu	1	1	0	0	1	1	1	1	60	100	1	1	undefined	Move	0	psn	figyberry	1	0	1	1	1	boost:def=-1,spe=2:0:0:undefined:false:false	undefined	true	0	0	0	1	0
weakarmor	onDamagingHit	340	6	6	60	Ghost	0	0	1	10	0	1	24576	greninjaash	1	1	0	1	1	1	0	1	100	0	0	0	false	missing	1	psn	magoberry	2	0	99	0	1		undefined	true	24576	24576	24576	1	0
weakarmor	onDamagingHit	341	1	6	60	Normal	1	0	1	0	20	-1	8	greninjabond	0	0	0	1	1	0	1	1	100	100	0	0	undefined	Move	0	brn	leftovers	2	0	0	1	1	boost:def=-1,spe=2:0:0:undefined:false:false	undefined	undefined	8	8	8	0	0
weakarmor	onDamagingHit	342	0	0	60	Fire	0	0	0	10	100	-1	8	greninjabond	1	1	1	1	0	-1	1	0	60	0	0	1	null	missing	1	psn	magoberry	1	1	0	1	1		undefined	undefined	8	8	8	-1	0
weakarmor	onDamagingHit	343	-1	1	70	Bug	0	1	0	0	20	1	2048	greninjaash	1	1	0	1	1	-1	1	1	0	100	0	1	true	missing	1	brn	aguavberry	0	1	99	1	0		undefined	true	2048	2048	2048	-1	2
weakarmor	onDamagingHit	344	6	1	70	Bug	1	0	0	20	100	-1	8	pikachu	0	1	0	1	1	0	1	0	100	0	1	1	null	Move	1	psn	aguavberry	1	0	99	1	0	boost:def=-1,spe=2:0:0:undefined:false:false	undefined	undefined	8	8	8	0	0
weakarmor	onDamagingHit	345	0	1	60	Bug	0	1	1	20	-1	0	8192	greninjaash	0	0	1	0	1	-1	1	2	0	0	0	0	null	missing	0	psn	sitrusberry	0	1	99	0	0		undefined	false	8192	8192	8192	-1	2
weakarmor	onDamagingHit	346	1	0	70	Bug	1	0	0	100	100	1	8	greninjaash	1	0	0	0	1	-1	0	0	60	160	1	1	null	Ability	1	psn	leftovers	1	-1	0	0	0	boost:def=-1,spe=2:0:0:undefined:false:false	undefined	true	8	8	8	-1	0
weakarmor	onDamagingHit	347	0	0	70	Bug	0	0	0	100	20	0	0	greninjaash	0	1	1	1	1	6	1	0	0	100	0	1	false	missing	0	psn	iapapaberry	1	-1	0	0	1		undefined	false	0	0	0	6	0
weakarmor	onDamagingHit	348	0	1	0	Dark	1	1	1	0	0	1	8	greninjabond	1	1	1	0	0	0	0	1	100	160	1	1	0	missing	0	psn	magoberry	0	1	-1	0	1	boost:def=-1,spe=2:0:0:undefined:false:false	undefined	true	8	8	8	0	2
weakarmor	onDamagingHit	349	6	6	40	Ghost	0	1	1	20	20	0	2048	greninjaash	1	1	0	0	1	6	1	1	0	160	0	1	false	Move	1	psn	figyberry	2	1	0	1	1		undefined	false	2048	2048	2048	6	2
weakarmor	onDamagingHit	350	1	6	61	Normal	0	0	1	10	20	0	8192	greninjaash	1	0	0	0	1	0	0	0	60	160	0	0	undefined	Ability	0	brn	leftovers	0	1	99	0	1		undefined	false	8192	8192	8192	0	0
weakarmor	onDamagingHit	351	0	0	70	Water	0	1	1	100	-1	1	8	pikachu	1	1	1	0	1	-1	1	1	100	0	1	1	false	missing	1	psn	leftovers	0	1	99	0	1		undefined	true	8	8	8	-1	2
weakarmor	onDamagingHit	352	6	1	40	Normal	0	1	0	100	-1	1	8	greninjaash	1	0	1	0	1	1	1	2	0	160	0	0	true	Ability	1	psn	iapapaberry	1	1	1	1	0		undefined	true	8	8	8	1	2
weakarmor	onDamagingHit	353	0	1	61	Ghost	1	0	1	20	20	0	16384	greninjabond	1	1	0	0	0	-1	0	1	60	160	1	1	0	Ability	1	brn	iapapaberry	0	-1	-1	0	0	boost:def=-1,spe=2:0:0:undefined:false:false	undefined	false	16384	16384	16384	-1	0
weakarmor	onDamagingHit	354	0	0	0	Ghost	1	0	0	10	0	0	8	pikachu	1	0	0	0	0	1	1	1	0	160	0	1	0	Move	0	brn	aguavberry	2	1	0	1	1	boost:def=-1,spe=2:0:0:undefined:false:false	undefined	false	8	8	8	1	0
weakarmor	onDamagingHit	355	6	6	40	Normal	0	0	1	100	100	1	16384	greninjaash	0	1	0	0	0	0	1	1	100	160	1	0	true	missing	0	brn	leftovers	1	-1	99	1	0		undefined	true	16384	16384	16384	0	0
weakarmor	onDamagingHit	356	-1	6	60	Ghost	0	1	0	100	-1	1	16384	greninjaash	0	0	1	1	0	0	1	2	100	100	0	0	false	Move	0	psn	leftovers	1	1	0	0	0		undefined	true	16384	16384	16384	0	2
weakarmor	onDamagingHit	357	0	1	0	Water	0	0	1	100	20	1	8192	greninjaash	0	0	0	0	1	0	0	2	0	160	0	1	0	missing	0	psn	aguavberry	2	0	-1	0	0		undefined	true	8192	8192	8192	0	0
weakarmor	onDamagingHit	358	6	6	70	Ghost	0	1	1	20	20	-1	0	pikachu	1	0	0	0	0	0	1	0	100	160	0	0	undefined	Ability	1	psn	aguavberry	1	0	0	1	0		undefined	undefined	0	0	0	0	2
weakarmor	onDamagingHit	359	0	6	70	Dark	0	1	0	10	0	0	8192	pikachu	0	1	1	0	0	6	1	1	60	100	0	0	undefined	Ability	1	psn	leftovers	2	0	-1	1	0		undefined	false	8192	8192	8192	6	2
weakarmor	onDamagingHit	360	6	1	0	Normal	1	1	1	0	100	0	24576	pikachu	0	0	1	1	1	-1	1	2	0	0	1	1	undefined	Move	0	psn	figyberry	2	-1	0	0	0	boost:def=-1,spe=2:0:0:undefined:false:false	undefined	false	24576	24576	24576	-1	2
weakarmor	onDamagingHit	361	-1	0	60	Fire	1	1	0	10	0	1	8	greninjabond	0	0	0	1	0	-1	1	1	0	0	1	1	undefined	missing	0	brn	figyberry	0	1	1	0	0	boost:def=-1,spe=2:0:0:undefined:false:false	undefined	true	8	8	8	-1	2
weakarmor	onDamagingHit	362	-1	0	61	Water	1	1	1	100	20	1	0	greninjaash	1	1	1	0	1	0	1	2	0	160	0	1	undefined	missing	1	psn	magoberry	1	1	0	0	0	boost:def=-1,spe=2:0:0:undefined:false:false	undefined	true	0	0	0	0	2
weakarmor	onDamagingHit	363	1	0	60	Bug	0	0	0	0	100	0	2048	pikachu	0	1	0	0	1	1	0	1	60	0	0	0	false	Move	1	brn	aguavberry	0	0	1	1	1		undefined	false	2048	2048	2048	1	0
weakarmor	onDamagingHit	364	1	0	60	Ghost	1	0	1	20	-1	-1	2048	greninjaash	1	0	0	0	0	-1	1	0	100	160	0	1	undefined	missing	0	psn	leftovers	0	-1	1	0	0	boost:def=-1,spe=2:0:0:undefined:false:false	undefined	undefined	2048	2048	2048	-1	0
weakarmor	onDamagingHit	365	6	1	60	Bug	1	1	1	10	-1	1	2048	pikachu	0	1	0	1	0	-1	1	1	60	160	0	0	undefined	Move	0	brn	magoberry	1	0	-1	0	0	boost:def=-1,spe=2:0:0:undefined:false:false	undefined	true	2048	2048	2048	-1	2
weakarmor	onDamagingHit	366	-1	1	61	Water	1	1	1	20	-1	1	8192	greninjaash	0	0	0	0	1	1	1	1	0	160	0	0	false	missing	0	brn	figyberry	1	1	99	1	0	boost:def=-1,spe=2:0:0:undefined:false:false	undefined	true	8192	8192	8192	1	2
weakarmor	onDamagingHit	367	1	0	61	Dark	1	1	1	0	20	1	8	greninjabond	0	1	0	1	1	1	1	1	60	100	1	0	true	Move	1	brn	magoberry	1	-1	-1	1	1	boost:def=-1,spe=2:0:0:undefined:false:false	undefined	true	8	8	8	1	2
weakarmor	onDamagingHit	368	6	6	70	Normal	1	0	0	10	-1	1	16384	pikachu	1	1	0	0	0	1	0	1	100	160	1	0	undefined	missing	0	psn	aguavberry	2	1	-1	0	1	boost:def=-1,spe=2:0:0:undefined:false:false	undefined	true	16384	16384	16384	1	0
weakarmor	onDamagingHit	369	-1	1	60	Bug	0	0	0	10	20	-1	0	pikachu	0	1	0	1	0	-1	0	0	100	100	1	0	undefined	Ability	0	psn	sitrusberry	1	1	99	1	0		undefined	undefined	0	0	0	-1	0
weakarmor	onDamagingHit	370	6	6	0	Fire	1	1	1	10	100	0	24576	greninjabond	1	1	1	0	0	-1	0	1	100	0	0	1	0	Move	1	brn	aguavberry	1	1	0	0	0	boost:def=-1,spe=2:0:0:undefined:false:false	undefined	false	24576	24576	24576	-1	2
weakarmor	onDamagingHit	371	0	6	40	Ghost	0	0	1	0	0	-1	24576	greninjaash	1	1	1	1	1	6	0	0	100	100	1	1	undefined	Move	1	brn	magoberry	0	0	-1	0	0		undefined	undefined	24576	24576	24576	6	0
weakarmor	onDamagingHit	372	-1	1	61	Fire	1	1	1	10	-1	0	0	greninjaash	0	1	1	1	0	-1	1	1	100	0	1	0	false	missing	1	psn	leftovers	2	1	99	0	1	boost:def=-1,spe=2:0:0:undefined:false:false	undefined	false	0	0	0	-1	2
weakarmor	onDamagingHit	373	-1	0	70	Ghost	0	0	1	20	-1	1	2048	pikachu	1	0	0	1	0	1	0	0	100	100	1	0	false	Move	1	psn	aguavberry	1	0	-1	0	0		undefined	true	2048	2048	2048	1	0
weakarmor	onDamagingHit	374	0	1	0	Normal	1	0	1	20	0	1	0	greninjaash	0	1	1	0	1	1	0	1	0	160	1	0	true	missing	0	psn	wikiberry	2	1	0	0	1	boost:def=-1,spe=2:0:0:undefined:false:false	undefined	true	0	0	0	1	0
weakarmor	onDamagingHit	375	6	6	61	Normal	1	1	0	20	-1	1	8192	greninjaash	0	1	1	1	1	0	1	1	0	160	1	1	undefined	Move	1	brn	wikiberry	0	0	0	0	0	boost:def=-1,spe=2:0:0:undefined:false:false	undefined	true	8192	8192	8192	0	2
weakarmor	onDamagingHit	376	-1	1	60	Bug	0	0	0	20	0	0	0	greninjaash	0	0	1	1	0	6	0	1	0	160	0	1	0	missing	0	psn	iapapaberry	0	0	99	0	1		undefined	false	0	0	0	6	0
weakarmor	onDamagingHit	377	-1	0	40	Bug	1	1	0	0	100	-1	0	greninjabond	1	0	0	0	1	-1	1	2	60	160	1	0	true	Move	1	psn	iapapaberry	2	-1	0	1	0	boost:def=-1,spe=2:0:0:undefined:false:false	undefined	undefined	0	0	0	-1	2
weakarmor	onDamagingHit	378	1	6	60	Fire	1	1	1	100	0	-1	24576	greninjabond	1	0	1	0	0	1	1	0	0	0	0	1	null	missing	0	psn	iapapaberry	0	0	0	1	1	boost:def=-1,spe=2:0:0:undefined:false:false	undefined	undefined	24576	24576	24576	1	2
weakarmor	onDamagingHit	379	6	1	60	Dark	1	0	0	10	-1	1	8192	pikachu	1	1	0	1	0	-1	0	0	100	160	1	0	0	Ability	1	psn	iapapaberry	0	1	99	1	1	boost:def=-1,spe=2:0:0:undefined:false:false	undefined	true	8192	8192	8192	-1	0
weakarmor	onDamagingHit	380	1	6	70	Dark	0	1	0	0	-1	-1	24576	pikachu	1	1	1	0	0	6	0	1	60	160	0	1	false	Ability	1	brn	wikiberry	2	0	-1	0	1		undefined	undefined	24576	24576	24576	6	2
weakarmor	onDamagingHit	381	1	0	61	Fire	1	1	0	0	-1	0	8	greninjabond	0	1	1	1	0	-1	1	0	0	0	1	1	0	Ability	0	psn	magoberry	1	-1	99	1	0	boost:def=-1,spe=2:0:0:undefined:false:false	undefined	false	8	8	8	-1	2
weakarmor	onDamagingHit	382	6	0	61	Fire	1	0	0	20	100	0	2048	greninjabond	0	1	1	0	0	6	1	0	0	100	1	0	false	Ability	1	brn	iapapaberry	1	-1	99	1	1	boost:def=-1,spe=2:0:0:undefined:false:false	undefined	false	2048	2048	2048	6	0
weakarmor	onDamagingHit	383	6	6	61	Normal	1	1	0	10	0	1	8	pikachu	1	1	0	0	0	-1	0	0	0	160	0	1	true	missing	0	psn	iapapaberry	2	1	1	1	1	boost:def=-1,spe=2:0:0:undefined:false:false	undefined	true	8	8	8	-1	2
weakarmor	onDamagingHit	384	-1	6	70	Water	1	1	1	100	20	-1	16384	greninjaash	1	0	1	0	0	0	0	2	100	100	1	0	true	Ability	1	psn	iapapaberry	2	1	1	0	0	boost:def=-1,spe=2:0:0:undefined:false:false	undefined	undefined	16384	16384	16384	0	2
weakarmor	onDamagingHit	385	6	0	60	Fire	1	0	0	0	-1	-1	8	greninjabond	0	1	0	0	1	-1	0	1	60	160	1	0	null	Move	0	brn	iapapaberry	1	1	1	1	0	boost:def=-1,spe=2:0:0:undefined:false:false	undefined	undefined	8	8	8	-1	0
weakarmor	onDamagingHit	386	1	1	61	Normal	0	0	1	10	-1	0	2048	greninjabond	0	0	0	0	1	0	1	0	60	0	1	1	true	missing	1	brn	iapapaberry	1	0	0	0	1		undefined	false	2048	2048	2048	0	0
weakarmor	onDamagingHit	387	1	1	70	Normal	1	0	0	20	-1	0	8192	greninjaash	1	1	1	0	1	0	0	1	60	0	0	0	0	Ability	1	psn	leftovers	0	0	0	1	0	boost:def=-1,spe=2:0:0:undefined:false:false	undefined	false	8192	8192	8192	0	0
weakarmor	onDamagingHit	388	-1	1	61	Normal	1	0	1	100	-1	0	24576	pikachu	1	0	0	1	0	6	0	0	100	160	1	0	true	Ability	1	brn	wikiberry	0	1	0	1	1	boost:def=-1,spe=2:0:0:undefined:false:false	undefined	false	24576	24576	24576	6	0
weakarmor	onDamagingHit	389	-1	1	0	Normal	1	1	0	10	-1	0	2048	greninjaash	1	0	1	0	1	1	1	2	0	0	1	1	false	Ability	1	brn	aguavberry	1	-1	99	1	0	boost:def=-1,spe=2:0:0:undefined:false:false	undefined	false	2048	2048	2048	1	2
weakarmor	onDamagingHit	390	-1	6	61	Normal	1	1	0	20	20	1	8	greninjabond	0	0	1	0	1	6	1	1	100	0	1	0	0	missing	0	psn	sitrusberry	2	-1	0	0	0	boost:def=-1,spe=2:0:0:undefined:false:false	undefined	true	8	8	8	6	2
weakarmor	onDamagingHit	391	-1	1	61	Bug	0	1	1	100	20	-1	2048	greninjabond	1	1	1	1	1	6	0	1	0	160	1	0	true	Ability	0	psn	wikiberry	1	0	1	1	0		undefined	undefined	2048	2048	2048	6	2
weakarmor	onDamagingHit	392	-1	1	0	Normal	0	1	0	0	0	-1	24576	greninjaash	1	1	0	1	0	1	1	2	100	160	1	1	true	missing	1	psn	iapapaberry	0	-1	0	0	0		undefined	undefined	24576	24576	24576	1	2
weakarmor	onDamagingHit	393	6	1	60	Normal	0	0	0	0	100	0	16384	pikachu	0	0	0	1	1	-1	0	0	60	160	0	1	0	Move	1	brn	iapapaberry	2	-1	-1	0	0		undefined	false	16384	16384	16384	-1	0
weakarmor	onDamagingHit	394	0	6	60	Dark	0	0	0	100	20	1	8	greninjabond	0	0	0	0	0	6	0	1	100	0	1	1	undefined	Move	1	psn	figyberry	2	0	0	1	0		undefined	true	8	8	8	6	0
weakarmor	onDamagingHit	395	0	6	60	Bug	1	0	1	20	20	-1	8	greninjaash	0	1	0	0	1	1	0	1	100	0	1	1	null	Move	1	brn	figyberry	0	0	-1	0	1	boost:def=-1,spe=2:0:0:undefined:false:false	undefined	undefined	8	8	8	1	0
weakarmor	onDamagingHit	396	1	1	61	Normal	0	0	0	20	20	-1	8192	pikachu	0	1	1	0	1	6	0	0	100	0	1	0	0	Move	1	brn	leftovers	0	1	1	1	0		undefined	undefined	8192	8192	8192	6	0
weakarmor	onDamagingHit	397	0	0	61	Bug	0	0	0	100	0	1	8192	pikachu	1	1	1	0	1	-1	0	2	60	160	1	0	true	Move	0	brn	leftovers	0	0	1	1	0		undefined	true	8192	8192	8192	-1	0
weakarmor	onDamagingHit	398	0	1	70	Ghost	1	1	0	20	20	1	16384	greninjabond	0	0	0	0	0	-1	0	2	0	0	0	0	false	Move	0	brn	figyberry	0	1	99	1	1	boost:def=-1,spe=2:0:0:undefined:false:false	undefined	true	16384	16384	16384	-1	2
weakarmor	onDamagingHit	399	0	1	61	Fire	0	1	0	20	-1	0	0	greninjabond	1	1	0	1	1	1	0	0	60	100	0	0	0	Move	0	brn	wikiberry	2	0	99	0	1		undefined	false	0	0	0	1	2
weakarmor	onDamagingHit	400	-1	0	60	Water	1	0	0	10	20	0	8192	greninjaash	0	1	1	0	0	-1	1	2	60	160	0	1	true	missing	1	psn	sitrusberry	1	0	-1	0	1	boost:def=-1,spe=2:0:0:undefined:false:false	undefined	false	8192	8192	8192	-1	0
weakarmor	onDamagingHit	401	6	6	60	Normal	1	1	1	100	-1	1	8	greninjaash	1	1	1	1	0	-1	1	0	100	100	0	1	0	Ability	0	psn	iapapaberry	2	1	1	0	0	boost:def=-1,spe=2:0:0:undefined:false:false	undefined	true	8	8	8	-1	2
weakarmor	onDamagingHit	402	-1	0	0	Normal	0	1	0	10	0	-1	8192	greninjabond	0	1	0	0	1	1	1	1	100	0	1	1	null	missing	0	brn	sitrusberry	2	-1	0	0	0		undefined	undefined	8192	8192	8192	1	2
weakarmor	onDamagingHit	403	6	6	40	Fire	0	1	0	100	100	0	24576	greninjaash	0	0	0	1	0	6	0	1	0	100	0	1	null	missing	0	brn	iapapaberry	1	-1	99	1	0		undefined	false	24576	24576	24576	6	2
weakarmor	onDamagingHit	404	0	6	60	Normal	1	1	0	20	20	1	8192	greninjabond	1	1	0	1	1	1	1	0	0	100	0	1	null	missing	0	brn	sitrusberry	0	-1	99	1	0	boost:def=-1,spe=2:0:0:undefined:false:false	undefined	true	8192	8192	8192	1	2
weakarmor	onDamagingHit	405	6	0	60	Dark	1	1	0	0	0	-1	0	greninjabond	0	0	1	1	1	1	1	1	100	100	1	0	false	Ability	0	psn	aguavberry	2	0	1	0	0	boost:def=-1,spe=2:0:0:undefined:false:false	undefined	undefined	0	0	0	1	2
weakarmor	onDamagingHit	406	1	6	61	Bug	0	1	1	20	-1	-1	0	pikachu	1	1	0	0	1	0	1	0	100	160	0	0	undefined	Move	1	psn	iapapaberry	0	1	0	0	1		undefined	undefined	0	0	0	0	2
weakarmor	onDamagingHit	407	0	6	0	Fire	0	1	1	0	0	0	2048	pikachu	0	1	0	0	0	0	0	1	100	100	1	1	0	missing	0	brn	figyberry	2	-1	99	1	0		undefined	false	2048	2048	2048	0	2
weakarmor	onDamagingHit	408	-1	0	70	Normal	0	1	1	100	0	-1	8	greninjabond	1	0	1	1	0	0	1	2	0	160	1	0	false	Move	1	psn	wikiberry	2	-1	99	1	1		undefined	undefined	8	8	8	0	2
weakarmor	onDamagingHit	409	1	6	40	Fire	1	0	1	100	20	1	0	greninjaash	0	0	1	1	0	-1	0	1	100	160	0	0	undefined	Move	0	brn	sitrusberry	0	0	99	0	0	boost:def=-1,spe=2:0:0:undefined:false:false	undefined	true	0	0	0	-1	0
weakarmor	onDamagingHit	410	6	6	40	Ghost	0	1	0	100	-1	-1	0	pikachu	0	1	1	0	0	-1	1	0	100	160	0	0	true	Move	1	psn	iapapaberry	1	0	1	0	1		undefined	undefined	0	0	0	-1	2
weakarmor	onDamagingHit	411	1	1	40	Fire	0	1	1	100	0	-1	2048	greninjaash	0	0	1	0	1	-1	1	1	0	160	1	0	undefined	missing	0	psn	sitrusberry	0	0	0	0	1		undefined	undefined	2048	2048	2048	-1	2
weakarmor	onDamagingHit	412	6	0	61	Water	1	1	1	10	20	-1	2048	pikachu	0	0	0	0	1	1	1	2	100	160	1	0	false	Ability	0	brn	leftovers	1	-1	-1	1	1	boost:def=-1,spe=2:0:0:undefined:false:false	undefined	undefined	2048	2048	2048	1	2
weakarmor	onDamagingHit	413	0	0	0	Fire	1	0	0	20	0	-1	0	greninjaash	1	1	1	1	0	-1	0	2	100	100	0	0	0	missing	1	psn	figyberry	1	1	0	0	0	boost:def=-1,spe=2:0:0:undefined:false:false	undefined	undefined	0	0	0	-1	0
weakarmor	onDamagingHit	414	6	0	60	Dark	0	0	1	20	0	1	8192	pikachu	1	1	0	0	0	0	1	0	100	160	0	0	false	missing	0	brn	iapapaberry	2	0	99	0	0		undefined	true	8192	8192	8192	0	0
weakarmor	onDamagingHit	415	1	0	61	Normal	1	1	0	100	20	-1	0	pikachu	0	1	1	0	1	-1	0	2	60	0	0	0	true	Move	0	brn	figyberry	0	-1	-1	1	1	boost:def=-1,spe=2:0:0:undefined:false:false	undefined	undefined	0	0	0	-1	2
weakarmor	onDamagingHit	416	-1	0	60	Normal	0	1	0	0	100	1	24576	greninjabond	0	0	0	0	1	6	0	1	100	0	1	1	false	Move	0	psn	wikiberry	0	0	1	1	1		undefined	true	24576	24576	24576	6	2
weakarmor	onDamagingHit	417	1	1	60	Fire	0	1	1	20	0	-1	0	greninjaash	0	1	1	0	0	-1	1	2	100	0	0	0	true	missing	1	brn	magoberry	1	-1	0	1	0		undefined	undefined	0	0	0	-1	2
weakarmor	onDamagingHit	418	1	0	70	Water	0	0	1	20	20	-1	24576	pikachu	0	0	1	1	0	6	0	0	100	0	0	0	true	Move	0	brn	magoberry	1	0	1	1	0		undefined	undefined	24576	24576	24576	6	0
weakarmor	onDamagingHit	419	0	6	61	Ghost	0	1	0	0	0	-1	16384	pikachu	0	0	0	0	0	0	1	0	60	160	1	0	0	Move	0	psn	magoberry	2	1	-1	0	0		undefined	undefined	16384	16384	16384	0	2
weakarmor	onDamagingHit	420	0	6	70	Water	0	0	0	0	20	-1	2048	greninjabond	1	0	1	1	1	0	1	1	60	0	1	1	false	Ability	0	brn	sitrusberry	2	0	0	1	1		undefined	undefined	2048	2048	2048	0	0
weakarmor	onDamagingHit	421	1	0	61	Normal	0	1	1	0	100	1	8192	greninjabond	1	0	0	0	0	1	1	1	60	0	0	1	true	Move	0	brn	magoberry	1	-1	0	0	0		undefined	true	8192	8192	8192	1	2
weakarmor	onDamagingHit	422	-1	6	61	Bug	0	0	1	20	100	0	2048	greninjaash	1	0	1	0	0	1	0	1	100	0	1	0	undefined	missing	0	psn	wikiberry	0	-1	0	1	0		undefined	false	2048	2048	2048	1	0
weakarmor	onDamagingHit	423	6	1	61	Normal	1	1	1	20	-1	-1	16384	greninjabond	0	1	0	1	1	6	0	0	0	100	0	0	null	Move	1	psn	magoberry	2	-1	-1	0	0	boost:def=-1,spe=2:0:0:undefined:false:false	undefined	undefined	16384	16384	16384	6	2
weakarmor	onDamagingHit	424	0	0	40	Normal	1	0	0	10	-1	1	0	greninjaash	1	1	1	1	1	0	0	2	60	160	0	0	true	missing	0	psn	magoberry	2	1	0	1	0	boost:def=-1,spe=2:0:0:undefined:false:false	undefined	true	0	0	0	0	0
weakarmor	onDamagingHit	425	1	6	61	Bug	1	0	1	20	20	-1	8192	greninjaash	1	0	1	0	1	-1	0	2	0	0	0	1	null	missing	0	psn	sitrusberry	2	-1	1	1	1	boost:def=-1,spe=2:0:0:undefined:false:false	undefined	undefined	8192	8192	8192	-1	0
weakarmor	onDamagingHit	426	1	6	60	Ghost	0	0	1	0	100	1	16384	greninjabond	1	0	1	1	1	1	1	0	60	160	0	0	undefined	Move	0	brn	magoberry	1	-1	1	0	0		undefined	true	16384	16384	16384	1	0
weakarmor	onDamagingHit	427	-1	6	60	Normal	1	1	0	0	-1	-1	0	pikachu	1	0	1	1	0	1	1	1	60	0	0	1	undefined	Move	0	brn	leftovers	1	1	1	1	1	boost:def=-1,spe=2:0:0:undefined:false:false	undefined	undefined	0	0	0	1	2
weakarmor	onDamagingHit	428	6	0	60	Bug	1	0	0	100	20	0	2048	greninjabond	1	1	0	0	1	0	0	0	60	0	0	0	false	Ability	1	brn	leftovers	1	0	1	0	0	boost:def=-1,spe=2:0:0:undefined:false:false	undefined	false	2048	2048	2048	0	0
weakarmor	onDamagingHit	429	-1	6	70	Ghost	1	0	1	10	100	0	0	greninjabond	0	1	0	0	0	-1	0	0	100	0	0	1	undefined	missing	1	brn	aguavberry	0	1	-1	1	0	boost:def=-1,spe=2:0:0:undefined:false:false	undefined	false	0	0	0	-1	0
weakarmor	onDamagingHit	430	1	6	70	Ghost	0	1	0	20	20	-1	0	greninjaash	1	0	1	0	1	1	1	0	60	0	1	0	null	Ability	1	psn	iapapaberry	0	0	99	0	1		undefined	undefined	0	0	0	1	2
weakarmor	onDamagingHit	431	6	6	61	Dark	1	1	1	0	0	1	8192	pikachu	0	1	1	1	0	1	1	0	60	160	1	1	0	Move	1	psn	aguavberry	0	0	0	1	1	boost:def=-1,spe=2:0:0:undefined:false:false	undefined	true	8192	8192	8192	1	2
weakarmor	onDamagingHit	432	0	6	70	Water	0	0	1	20	100	0	2048	greninjabond	1	0	1	0	1	1	0	2	0	160	1	1	null	missing	0	psn	magoberry	1	-1	-1	1	0		undefined	false	2048	2048	2048	1	0
weakarmor	onDamagingHit	433	0	1	61	Water	1	1	1	10	100	1	16384	greninjabond	0	1	1	1	1	0	0	1	100	0	0	1	null	Move	1	psn	iapapaberry	1	0	-1	1	1	boost:def=-1,spe=2:0:0:undefined:false:false	undefined	true	16384	16384	16384	0	2
weakarmor	onDamagingHit	434	0	0	0	Normal	1	0	1	20	0	0	16384	greninjabond	1	1	1	1	0	-1	0	2	0	160	1	0	0	missing	1	psn	aguavberry	0	-1	1	1	1	boost:def=-1,spe=2:0:0:undefined:false:false	undefined	false	16384	16384	16384	-1	0
weakarmor	onDamagingHit	435	1	1	0	Bug	1	1	1	10	20	0	0	greninjaash	1	0	0	1	1	6	1	2	60	0	1	1	true	missing	0	brn	aguavberry	0	1	0	0	0	boost:def=-1,spe=2:0:0:undefined:false:false	undefined	false	0	0	0	6	2
weakarmor	onDamagingHit	436	0	1	61	Normal	0	1	1	20	100	0	8	greninjabond	0	1	0	1	0	-1	0	2	100	100	1	1	false	Ability	1	brn	sitrusberry	2	-1	99	0	0		undefined	false	8	8	8	-1	2
weakarmor	onDamagingHit	437	1	1	40	Fire	1	1	1	100	100	0	8192	greninjaash	1	0	0	1	1	1	0	0	100	160	0	0	false	Move	0	psn	figyberry	0	-1	-1	1	0	boost:def=-1,spe=2:0:0:undefined:false:false	undefined	false	8192	8192	8192	1	2
weakarmor	onDamagingHit	438	6	6	61	Bug	0	1	0	20	-1	1	8	greninjaash	1	0	1	0	0	6	1	1	0	160	1	0	true	missing	0	brn	sitrusberry	1	1	0	1	1		undefined	true	8	8	8	6	2
weakarmor	onDamagingHit	439	-1	0	61	Dark	0	1	0	100	20	1	24576	greninjaash	1	1	0	0	1	0	1	2	100	100	0	1	0	Move	1	brn	figyberry	0	1	1	1	0		undefined	true	24576	24576	24576	0	2
weakarmor	onDamagingHit	440	0	0	0	Bug	1	1	0	100	-1	0	2048	greninjaash	0	0	0	1	1	-1	1	0	100	100	1	0	null	Move	1	brn	figyberry	1	0	99	1	1	boost:def=-1,spe=2:0:0:undefined:false:false	undefined	false	2048	2048	2048	-1	2
weakarmor	onDamagingHit	441	0	0	0	Fire	0	0	1	10	-1	0	8	pikachu	1	0	0	1	1	0	1	2	100	100	1	1	false	Move	0	brn	aguavberry	1	-1	0	1	1		undefined	false	8	8	8	0	0
weakarmor	onDamagingHit	442	-1	6	40	Dark	1	1	0	0	20	0	8	greninjaash	1	1	0	1	1	6	0	0	60	0	1	0	0	Ability	0	brn	iapapaberry	1	1	1	0	1	boost:def=-1,spe=2:0:0:undefined:false:false	undefined	false	8	8	8	6	2
weakarmor	onDamagingHit	443	0	6	40	Ghost	1	1	0	10	20	1	0	greninjaash	1	0	0	0	0	-1	1	1	100	160	0	0	undefined	missing	1	brn	magoberry	1	-1	99	0	1	boost:def=-1,spe=2:0:0:undefined:false:false	undefined	true	0	0	0	-1	2
weakarmor	onDamagingHit	444	-1	6	60	Water	1	0	0	10	100	0	24576	greninjabond	1	0	1	0	0	-1	0	1	100	100	1	0	0	Ability	1	brn	figyberry	1	0	-1	0	1	boost:def=-1,spe=2:0:0:undefined:false:false	undefined	false	24576	24576	24576	-1	0
weakarmor	onDamagingHit	445	6	1	40	Bug	0	0	1	0	20	0	0	greninjaash	1	1	0	1	1	-1	1	0	0	160	0	0	undefined	missing	1	brn	figyberry	1	0	-1	1	0		undefined	false	0	0	0	-1	0
weakarmor	onDamagingHit	446	-1	0	61	Ghost	0	0	0	20	-1	-1	2048	pikachu	0	1	1	0	1	6	0	2	0	160	0	0	true	Ability	0	psn	iapapaberry	1	1	99	0	0		undefined	undefined	2048	2048	2048	6	0
weakarmor	onDamagingHit	447	0	6	0	Fire	0	1	1	10	-1	1	8	pikachu	1	1	0	1	1	-1	1	1	0	160	1	0	true	Move	1	brn	magoberry	0	0	1	0	1		undefined	true	8	8	8	-1	2
weakarmor	onDamagingHit	448	0	1	60	Normal	0	1	0	0	100	-1	24576	greninjabond	1	1	1	0	1	0	1	1	60	0	0	1	false	missing	1	brn	magoberry	0	0	1	0	1		undefined	undefined	24576	24576	24576	0	2
weakarmor	onDamagingHit	449	0	1	60	Bug	1	1	0	10	100	-1	0	pikachu	1	0	0	0	1	0	0	0	100	0	1	0	undefined	missing	0	brn	iapapaberry	1	-1	99	0	1	boost:def=-1,spe=2:0:0:undefined:false:false	undefined	undefined	0	0	0	0	2
weakarmor	onDamagingHit	450	6	6	60	Bug	1	1	0	20	100	1	2048	pikachu	1	0	0	1	0	0	1	1	60	160	1	0	null	Ability	0	psn	leftovers	0	0	1	0	0	boost:def=-1,spe=2:0:0:undefined:false:false	undefined	true	2048	2048	2048	0	2
weakarmor	onDamagingHit	451	-1	6	70	Ghost	0	1	1	20	100	1	8192	pikachu	0	0	1	0	0	0	0	2	60	100	1	1	false	Move	1	psn	sitrusberry	2	1	1	1	0		undefined	true	8192	8192	8192	0	2
weakarmor	onDamagingHit	452	1	1	70	Water	0	0	0	0	100	1	24576	pikachu	0	0	0	1	0	6	1	0	100	0	0	1	undefined	missing	0	brn	iapapaberry	0	0	0	0	1		undefined	true	24576	24576	24576	6	0
weakarmor	onDamagingHit	453	0	1	60	Bug	1	1	1	20	20	-1	8	greninjabond	0	1	0	1	1	1	0	1	100	0	0	1	0	Move	1	brn	aguavberry	2	0	99	1	0	boost:def=-1,spe=2:0:0:undefined:false:false	undefined	undefined	8	8	8	1	2
weakarmor	onDamagingHit	454	0	6	70	Bug	1	0	1	20	0	1	16384	greninjaash	0	1	0	0	0	-1	1	0	60	100	0	0	true	missing	1	brn	aguavberry	0	0	0	0	1	boost:def=-1,spe=2:0:0:undefined:false:false	undefined	true	16384	16384	16384	-1	0
weakarmor	onDamagingHit	455	0	0	0	Normal	0	1	0	0	0	0	24576	pikachu	1	1	1	1	0	6	1	1	100	160	0	0	null	Ability	1	psn	iapapaberry	1	-1	99	1	0		undefined	false	24576	24576	24576	6	2
weakarmor	onDamagingHit	456	0	1	70	Dark	0	0	1	10	-1	1	8192	greninjabond	0	1	0	1	0	6	1	0	100	100	1	0	0	Move	1	brn	leftovers	0	-1	1	0	0		undefined	true	8192	8192	8192	6	0
weakarmor	onDamagingHit	457	0	1	0	Bug	0	0	0	0	0	-1	16384	greninjaash	0	1	0	0	0	0	1	0	0	0	1	0	null	Ability	1	psn	aguavberry	0	1	-1	0	1		undefined	undefined	16384	16384	16384	0	0
weakarmor	onDamagingHit	458	1	0	70	Ghost	1	0	0	0	0	0	16384	greninjaash	1	0	0	1	0	-1	0	2	100	0	0	0	0	Ability	1	brn	leftovers	2	0	1	1	0	boost:def=-1,spe=2:0:0:undefined:false:false	undefined	false	16384	16384	16384	-1	0
weakarmor	onDamagingHit	459	1	1	70	Bug	0	1	0	100	0	-1	8192	greninjabond	0	0	0	1	1	1	0	1	0	0	0	1	undefined	Move	1	psn	figyberry	0	0	-1	0	1		undefined	undefined	8192	8192	8192	1	2
weakarmor	onDamagingHit	460	-1	6	60	Bug	0	1	1	100	100	-1	2048	greninjaash	1	1	0	0	0	6	1	0	60	160	1	0	false	Ability	0	brn	aguavberry	0	-1	99	0	1		undefined	undefined	2048	2048	2048	6	2
weakarmor	onDamagingHit	461	6	0	61	Ghost	1	0	1	100	20	0	24576	greninjabond	1	0	1	0	1	-1	1	1	100	0	1	1	0	missing	0	psn	sitrusberry	0	0	99	0	0	boost:def=-1,spe=2:0:0:undefined:false:false	undefined	false	24576	24576	24576	-1	0
weakarmor	onDamagingHit	462	1	6	70	Dark	1	0	1	20	100	-1	8192	greninjaash	0	0	0	0	0	0	1	2	0	160	0	0	false	Ability	0	psn	magoberry	0	1	99	1	1	boost:def=-1,spe=2:0:0:undefined:false:false	undefined	undefined	8192	8192	8192	0	0
weakarmor	onDamagingHit	463	1	0	60	Bug	1	1	1	20	20	1	24576	greninjabond	0	0	0	0	1	1	1	1	60	100	0	1	0	Move	1	psn	wikiberry	2	-1	99	0	1	boost:def=-1,spe=2:0:0:undefined:false:false	undefined	true	24576	24576	24576	1	2
weakarmor	onDamagingHit	464	1	6	61	Dark	1	1	0	20	0	0	8	pikachu	1	0	0	1	0	-1	1	1	100	160	0	1	null	Ability	0	brn	aguavberry	2	0	0	0	0	boost:def=-1,spe=2:0:0:undefined:false:false	undefined	false	8	8	8	-1	2
weakarmor	onDamagingHit	465	-1	1	61	Dark	0	1	0	0	20	1	8	pikachu	1	0	0	1	0	0	0	2	100	100	1	1	undefined	Ability	0	psn	aguavberry	2	0	1	0	1		undefined	true	8	8	8	0	2
weakarmor	onDamagingHit	466	1	0	60	Water	1	0	1	20	-1	1	24576	greninjabond	0	0	1	1	1	1	0	0	100	160	0	0	0	Move	0	psn	figyberry	2	0	1	0	1	boost:def=-1,spe=2:0:0:undefined:false:false	undefined	true	24576	24576	24576	1	0
weakarmor	onDamagingHit	467	0	6	70	Bug	0	1	1	100	0	-1	24576	greninjabond	0	0	1	1	0	6	0	0	60	160	0	0	null	missing	1	brn	magoberry	0	-1	99	0	0		undefined	undefined	24576	24576	24576	6	2
weakarmor	onDamagingHit	468	1	6	70	Normal	1	1	0	20	100	0	0	greninjaash	0	0	1	0	0	6	1	1	100	0	1	1	null	Ability	0	brn	magoberry	2	1	-1	1	0	boost:def=-1,spe=2:0:0:undefined:false:false	undefined	false	0	0	0	6	2
weakarmor	onDamagingHit	469	0	1	61	Dark	0	1	0	10	-1	1	0	greninjaash	1	1	1	0	0	1	0	2	100	0	1	1	undefined	Ability	1	psn	wikiberry	1	1	1	0	0		undefined	true	0	0	0	1	2
weakarmor	onDamagingHit	470	-1	0	61	Normal	1	1	1	20	20	1	0	pikachu	0	0	0	0	1	0	0	2	60	0	1	0	null	missing	0	brn	wikiberry	0	-1	1	0	0	boost:def=-1,spe=2:0:0:undefined:false:false	undefined	true	0	0	0	0	2
weakarmor	onDamagingHit	471	6	6	60	Fire	1	0	1	10	-1	0	8	pikachu	0	0	1	0	0	0	0	1	100	0	1	0	null	Ability	0	psn	iapapaberry	2	1	-1	0	1	boost:def=-1,spe=2:0:0:undefined:false:false	undefined	false	8	8	8	0	0
weakarmor	onDamagingHit	472	1	0	40	Dark	0	1	1	100	20	0	16384	greninjabond	1	0	1	0	0	1	0	2	100	0	0	0	0	Ability	0	brn	wikiberry	0	-1	-1	0	1		undefined	false	16384	16384	16384	1	2
weakarmor	onDamagingHit	473	-1	6	60	Fire	1	0	0	100	0	0	0	greninjabond	1	1	0	1	0	0	0	0	0	0	1	1	false	missing	1	brn	leftovers	2	-1	-1	1	1	boost:def=-1,spe=2:0:0:undefined:false:false	undefined	false	0	0	0	0	0
weakarmor	onDamagingHit	474	0	6	61	Dark	0	1	1	0	20	-1	16384	pikachu	0	1	1	1	0	0	1	1	60	160	0	0	null	Move	0	brn	magoberry	2	1	1	1	1		undefined	undefined	16384	16384	16384	0	2
weakarmor	onDamagingHit	475	-1	6	61	Ghost	1	1	1	0	-1	0	24576	greninjabond	1	0	0	0	0	-1	0	1	0	0	1	0	true	missing	1	brn	sitrusberry	2	1	1	1	0	boost:def=-1,spe=2:0:0:undefined:false:false	undefined	false	24576	24576	24576	-1	2
weakarmor	onDamagingHit	476	-1	1	70	Water	0	0	0	10	100	0	2048	pikachu	0	0	0	1	1	1	1	2	60	100	0	0	undefined	Move	1	brn	leftovers	1	1	0	1	0		undefined	false	2048	2048	2048	1	0
weakarmor	onDamagingHit	477	1	6	70	Water	1	0	0	100	-1	0	24576	greninjaash	0	0	1	1	0	-1	0	0	0	0	1	0	0	Move	0	brn	leftovers	2	0	1	0	0	boost:def=-1,spe=2:0:0:undefined:false:false	undefined	false	24576	24576	24576	-1	0
weakarmor	onDamagingHit	478	0	1	60	Ghost	1	1	0	20	-1	0	2048	greninjaash	0	1	1	1	0	1	1	0	0	0	1	1	undefined	Move	1	psn	figyberry	0	1	-1	1	0	boost:def=-1,spe=2:0:0:undefined:false:false	undefined	false	2048	2048	2048	1	2
weakarmor	onDamagingHit	479	-1	0	60	Fire	1	0	0	0	0	-1	16384	greninjaash	0	0	0	1	0	0	0	1	60	0	0	0	undefined	Move	0	brn	magoberry	0	1	-1	1	0	boost:def=-1,spe=2:0:0:undefined:false:false	undefined	undefined	16384	16384	16384	0	0
weakarmor	onDamagingHit	480	1	1	40	Ghost	1	0	1	0	0	1	16384	greninjabond	0	1	0	1	0	6	0	1	100	160	1	1	0	missing	0	brn	sitrusberry	2	1	99	0	1	boost:def=-1,spe=2:0:0:undefined:false:false	undefined	true	16384	16384	16384	6	0
weakarmor	onDamagingHit	481	-1	0	70	Water	0	1	0	100	-1	1	8192	greninjaash	0	0	1	1	1	0	1	2	100	100	0	0	0	Move	0	psn	wikiberry	0	-1	0	1	1		undefined	true	8192	8192	8192	0	2
weakarmor	onDamagingHit	482	-1	6	61	Normal	0	1	1	20	100	-1	0	greninjaash	0	1	1	1	1	6	0	1	100	100	1	0	undefined	Ability	1	psn	aguavberry	2	0	1	0	0		undefined	undefined	0	0	0	6	2
weakarmor	onDamagingHit	483	1	1	61	Fire	1	1	0	0	20	-1	8192	greninjabond	1	0	1	1	1	1	0	0	0	0	0	1	0	missing	1	psn	magoberry	1	-1	-1	0	1	boost:def=-1,spe=2:0:0:undefined:false:false	undefined	undefined	8192	8192	8192	1	2
weakarmor	onDamagingHit	484	6	1	60	Bug	1	0	1	0	0	0	8	greninjabond	1	1	0	0	1	1	0	1	0	0	1	1	0	missing	1	brn	wikiberry	2	-1	1	1	1	boost:def=-1,spe=2:0:0:undefined:false:false	undefined	false	8	8	8	1	0
weakarmor	onDamagingHit	485	-1	6	60	Dark	1	1	0	0	-1	-1	0	greninjabond	1	1	1	1	0	1	1	2	0	0	1	0	null	Move	1	brn	iapapaberry	1	-1	0	1	1	boost:def=-1,spe=2:0:0:undefined:false:false	undefined	undefined	0	0	0	1	2
weakarmor	onDamagingHit	486	1	1	40	Water	1	0	0	100	-1	1	8192	greninjaash	0	1	1	1	1	1	0	0	100	100	1	1	0	Ability	0	brn	figyberry	2	1	1	0	1	boost:def=-1,spe=2:0:0:undefined:false:false	undefined	true	8192	8192	8192	1	0
weakarmor	onDamagingHit	487	-1	0	70	Bug	1	0	1	20	100	1	16384	greninjabond	1	0	0	1	1	-1	0	0	60	100	1	1	0	Ability	0	brn	aguavberry	0	-1	0	0	1	boost:def=-1,spe=2:0:0:undefined:false:false	undefined	true	16384	16384	16384	-1	0
weakarmor	onDamagingHit	488	1	1	0	Ghost	0	0	0	10	20	-1	0	pikachu	1	1	0	0	0	0	0	0	100	100	0	0	true	missing	1	brn	aguavberry	1	0	1	1	1		undefined	undefined	0	0	0	0	0
weakarmor	onDamagingHit	489	6	0	60	Normal	0	0	1	20	100	-1	16384	greninjabond	1	1	1	0	1	0	0	2	100	0	0	0	true	Ability	1	psn	wikiberry	1	0	99	1	1		undefined	undefined	16384	16384	16384	0	0
weakarmor	onDamagingHit	490	6	6	0	Dark	0	0	0	0	-1	0	8192	greninjaash	0	0	0	1	0	1	0	2	100	0	1	0	undefined	Ability	0	brn	wikiberry	2	-1	1	1	1		undefined	false	8192	8192	8192	1	0
weakarmor	onDamagingHit	491	0	0	70	Fire	1	1	1	10	20	1	8	greninjabond	1	0	1	1	0	6	1	2	0	0	1	1	undefined	missing	0	psn	aguavberry	1	1	99	0	0	boost:def=-1,spe=2:0:0:undefined:false:false	undefined	true	8	8	8	6	2
weakarmor	onDamagingHit	492	0	6	40	Bug	0	1	0	100	0	-1	8	greninjabond	0	1	1	1	1	0	0	2	0	0	1	0	null	Move	1	brn	magoberry	1	1	99	1	1		undefined	undefined	8	8	8	0	2
weakarmor	onDamagingHit	493	1	0	61	Ghost	0	0	0	20	0	-1	8	greninjabond	1	0	1	0	1	0	0	2	0	100	1	1	undefined	Move	1	psn	figyberry	0	-1	0	1	1		undefined	undefined	8	8	8	0	0
weakarmor	onDamagingHit	494	6	1	61	Dark	0	0	0	100	0	0	16384	greninjaash	1	1	1	1	0	6	0	2	0	0	1	1	undefined	Move	1	psn	aguavberry	2	-1	-1	0	1		undefined	false	16384	16384	16384	6	0
weakarmor	onDamagingHit	495	0	6	70	Water	0	0	0	10	-1	0	0	pikachu	1	0	1	0	0	6	0	2	100	100	0	1	true	Move	0	psn	iapapaberry	0	1	0	0	0		undefined	false	0	0	0	6	0
weakarmor	onDamagingHit	496	1	6	61	Fire	0	1	1	20	0	0	24576	greninjabond	0	0	1	1	1	6	1	2	0	160	0	1	0	Move	1	brn	figyberry	2	-1	0	1	0		undefined	false	24576	24576	24576	6	2
weakarmor	onDamagingHit	497	6	1	61	Fire	1	1	1	20	-1	-1	8192	greninjaash	1	0	1	0	1	0	1	2	60	0	0	1	0	missing	1	brn	wikiberry	2	-1	-1	0	1	boost:def=-1,spe=2:0:0:undefined:false:false	undefined	undefined	8192	8192	8192	0	2
weakarmor	onDamagingHit	498	1	0	70	Water	0	0	0	20	20	0	2048	pikachu	0	0	0	1	1	0	1	0	100	0	1	0	true	Move	0	psn	magoberry	1	1	1	1	1		undefined	false	2048	2048	2048	0	0
weakarmor	onDamagingHit	499	-1	6	40	Normal	1	1	0	10	100	0	0	greninjaash	0	0	0	0	0	-1	1	0	0	160	0	0	undefined	Move	0	psn	figyberry	1	0	0	1	1	boost:def=-1,spe=2:0:0:undefined:false:false	undefined	false	0	0	0	-1	2
weakarmor	onDamagingHit	500	6	0	70	Normal	0	0	0	20	0	0	8	greninjaash	1	0	0	0	1	0	0	0	100	0	0	1	0	missing	0	brn	figyberry	1	-1	-1	1	0		undefined	false	8	8	8	0	0
weakarmor	onDamagingHit	501	6	6	0	Normal	1	1	0	100	0	1	24576	greninjaash	0	1	1	0	1	6	1	2	0	100	0	1	null	Move	0	brn	aguavberry	0	-1	0	1	1	boost:def=-1,spe=2:0:0:undefined:false:false	undefined	true	24576	24576	24576	6	2
weakarmor	onDamagingHit	502	-1	6	61	Fire	0	1	0	100	100	1	8192	pikachu	1	0	0	1	0	6	1	1	100	0	0	1	0	Move	1	brn	aguavberry	1	0	1	1	0		undefined	true	8192	8192	8192	6	2
weakarmor	onDamagingHit	503	1	6	60	Fire	0	0	1	100	0	-1	2048	greninjabond	1	0	0	0	0	1	0	2	0	160	0	0	undefined	Ability	0	psn	iapapaberry	2	-1	1	1	1		undefined	undefined	2048	2048	2048	1	0
weakarmor	onDamagingHit	504	6	6	70	Fire	1	1	1	100	100	-1	8192	pikachu	1	1	0	0	1	-1	1	2	60	160	1	0	null	Move	1	brn	aguavberry	2	0	-1	1	0	boost:def=-1,spe=2:0:0:undefined:false:false	undefined	undefined	8192	8192	8192	-1	2
weakarmor	onDamagingHit	505	6	1	60	Ghost	0	0	1	10	20	-1	24576	greninjaash	0	1	1	1	0	0	0	2	100	100	0	1	true	missing	0	brn	aguavberry	2	0	1	0	1		undefined	undefined	24576	24576	24576	0	0
weakarmor	onDamagingHit	506	0	0	70	Normal	0	0	0	0	100	1	0	pikachu	0	1	0	1	1	6	0	0	0	100	1	0	0	missing	1	brn	sitrusberry	1	1	1	0	0		undefined	true	0	0	0	6	0
weakarmor	onDamagingHit	507	1	6	70	Normal	0	1	1	20	0	1	2048	pikachu	0	0	1	0	1	0	1	1	0	0	0	1	true	Ability	0	brn	magoberry	1	0	-1	0	0		undefined	true	2048	2048	2048	0	2
weakarmor	onDamagingHit	508	0	1	0	Bug	1	0	1	10	0	0	2048	pikachu	0	0	0	1	1	-1	1	2	0	160	1	0	true	Move	0	psn	iapapaberry	1	-1	0	1	0	boost:def=-1,spe=2:0:0:undefined:false:false	undefined	false	2048	2048	2048	-1	0
weakarmor	onDamagingHit	509	0	1	61	Normal	0	0	1	10	0	1	0	greninjabond	1	0	0	0	1	0	0	1	60	100	0	0	true	Move	1	brn	wikiberry	0	1	-1	0	1		undefined	true	0	0	0	0	0
weakarmor	onDamagingHit	510	1	1	70	Water	0	1	1	100	20	1	8192	greninjabond	1	0	0	1	1	-1	0	2	60	0	0	1	true	Ability	0	psn	iapapaberry	2	-1	-1	0	0		undefined	true	8192	8192	8192	-1	2
weakarmor	onDamagingHit	511	1	1	0	Ghost	0	0	1	20	100	0	2048	greninjabond	0	0	1	1	1	0	1	1	100	160	1	0	undefined	Ability	1	brn	wikiberry	2	0	99	0	0		undefined	false	2048	2048	2048	0	0
weakarmor	onDamagingHit	512	6	1	61	Dark	0	0	0	0	-1	1	24576	greninjaash	0	1	0	1	1	1	1	0	100	100	0	1	false	missing	0	brn	aguavberry	2	-1	99	1	1		undefined	true	24576	24576	24576	1	0
weakarmor	onDamagingHit	513	1	1	60	Water	0	1	1	10	0	-1	2048	greninjaash	1	0	1	1	0	0	1	2	0	0	0	1	false	missing	1	psn	iapapaberry	0	-1	99	0	1		undefined	undefined	2048	2048	2048	0	2
weakarmor	onDamagingHit	514	0	6	40	Ghost	1	1	0	20	0	-1	24576	greninjabond	1	1	1	1	0	1	0	1	60	160	0	0	null	Ability	0	psn	iapapaberry	0	1	1	1	0	boost:def=-1,spe=2:0:0:undefined:false:false	undefined	undefined	24576	24576	24576	1	2
weakarmor	onDamagingHit	515	0	6	61	Fire	0	1	1	100	0	1	2048	greninjaash	0	0	0	1	0	1	1	2	100	100	1	1	false	Move	0	brn	leftovers	0	1	1	0	1		undefined	true	2048	2048	2048	1	2
weakarmor	onDamagingHit	516	6	0	60	Ghost	0	1	0	0	0	0	2048	greninjabond	0	1	1	0	1	-1	1	0	100	160	0	1	null	missing	0	psn	magoberry	1	0	1	0	0		undefined	false	2048	2048	2048	-1	2
weakarmor	onDamagingHit	517	6	1	0	Fire	0	0	1	20	0	-1	8192	greninjabond	0	1	0	1	0	6	0	1	60	160	0	0	null	Move	0	psn	aguavberry	0	-1	-1	0	1		undefined	undefined	8192	8192	8192	6	0
weakarmor	onDamagingHit	518	6	0	61	Fire	0	0	1	100	-1	0	16384	greninjaash	1	1	0	1	0	-1	0	2	60	100	0	1	undefined	Ability	1	brn	magoberry	2	1	1	1	1		undefined	false	16384	16384	16384	-1	0
weakarmor	onDamagingHit	519	6	6	61	Ghost	1	0	0	0	-1	1	8	greninjaash	0	0	0	0	0	-1	1	1	100	0	0	1	false	Ability	1	brn	figyberry	1	-1	99	0	1	boost:def=-1,spe=2:0:0:undefined:false:false	undefined	true	8	8	8	-1	0
weakarmor	onDamagingHit	520	6	0	60	Ghost	1	0	1	10	100	0	16384	pikachu	0	0	1	0	1	6	0	2	0	0	0	0	0	missing	0	brn	sitrusberry	0	0	1	1	1	boost:def=-1,spe=2:0:0:undefined:false:false	undefined	false	16384	16384	16384	6	0
weakarmor	onDamagingHit	521	1	0	61	Ghost	1	1	1	10	20	1	24576	greninjaash	1	1	1	0	0	0	1	2	60	160	1	0	false	Ability	0	psn	aguavberry	0	-1	0	1	1	boost:def=-1,spe=2:0:0:undefined:false:false	undefined	true	24576	24576	24576	0	2
weakarmor	onDamagingHit	522	-1	1	60	Normal	1	1	1	0	-1	1	16384	pikachu	1	1	1	1	1	-1	1	0	0	160	0	0	null	missing	0	brn	sitrusberry	0	0	1	0	1	boost:def=-1,spe=2:0:0:undefined:false:false	undefined	true	16384	16384	16384	-1	2
weakarmor	onDamagingHit	523	-1	0	70	Dark	0	1	0	100	-1	-1	2048	greninjaash	1	0	1	1	0	6	1	0	0	100	0	0	0	Ability	0	psn	iapapaberry	1	1	0	1	0		undefined	undefined	2048	2048	2048	6	2
weakarmor	onDamagingHit	524	0	6	40	Dark	1	1	1	100	-1	-1	2048	pikachu	1	0	0	1	0	-1	1	2	0	0	0	1	true	missing	0	psn	aguavberry	2	-1	99	0	1	boost:def=-1,spe=2:0:0:undefined:false:false	undefined	undefined	2048	2048	2048	-1	2
weakarmor	onDamagingHit	525	-1	1	0	Fire	1	1	1	0	100	-1	2048	pikachu	0	0	0	1	0	0	1	2	100	0	0	1	undefined	Move	1	psn	figyberry	2	1	99	0	1	boost:def=-1,spe=2:0:0:undefined:false:false	undefined	undefined	2048	2048	2048	0	2
weakarmor	onDamagingHit	526	-1	0	70	Bug	0	0	1	100	-1	-1	8192	greninjabond	1	1	1	1	1	0	1	0	100	100	1	1	0	missing	1	psn	wikiberry	0	0	-1	0	0		undefined	undefined	8192	8192	8192	0	0
weakarmor	onDamagingHit	527	-1	6	60	Normal	1	0	1	100	0	1	8192	pikachu	0	0	1	0	0	6	1	1	60	160	1	1	undefined	Ability	1	psn	iapapaberry	2	-1	-1	1	0	boost:def=-1,spe=2:0:0:undefined:false:false	undefined	true	8192	8192	8192	6	0
weakarmor	onDamagingHit	528	6	6	61	Ghost	0	1	1	20	-1	-1	16384	greninjaash	1	0	0	1	1	0	0	1	0	0	1	0	true	Ability	0	brn	wikiberry	1	1	0	1	0		undefined	undefined	16384	16384	16384	0	2
weakarmor	onDamagingHit	529	1	1	70	Dark	0	0	0	0	0	-1	0	greninjaash	0	0	0	0	1	0	0	1	100	0	1	0	true	Move	1	brn	leftovers	0	-1	99	1	1		undefined	undefined	0	0	0	0	0
weakarmor	onDamagingHit	530	6	0	0	Ghost	1	0	1	20	100	1	0	pikachu	1	0	1	1	0	6	0	1	100	100	0	0	undefined	missing	1	psn	wikiberry	2	0	1	1	1	boost:def=-1,spe=2:0:0:undefined:false:false	undefined	true	0	0	0	6	0
weakarmor	onDamagingHit	531	1	0	60	Bug	1	0	1	0	20	0	2048	pikachu	1	1	1	0	1	-1	1	1	100	0	1	0	false	missing	1	psn	magoberry	0	1	-1	0	1	boost:def=-1,spe=2:0:0:undefined:false:false	undefined	false	2048	2048	2048	-1	0
weakarmor	onDamagingHit	532	-1	6	60	Fire	0	0	1	100	-1	0	2048	pikachu	0	0	1	0	0	6	0	0	0	100	1	0	null	missing	1	psn	leftovers	1	1	-1	0	1		undefined	false	2048	2048	2048	6	0
weakarmor	onDamagingHit	533	1	1	61	Water	0	0	1	10	100	1	8	greninjaash	1	1	0	0	0	6	0	0	60	100	0	1	true	Ability	1	brn	leftovers	0	0	99	1	1		undefined	true	8	8	8	6	0
weakarmor	onDamagingHit	534	0	0	0	Dark	1	0	0	100	0	-1	24576	greninjaash	0	0	1	1	0	1	0	1	0	100	1	1	0	missing	0	brn	leftovers	2	-1	1	1	0	boost:def=-1,spe=2:0:0:undefined:false:false	undefined	undefined	24576	24576	24576	1	0
weakarmor	onDamagingHit	535	-1	0	70	Bug	1	0	0	10	100	-1	8192	pikachu	1	0	1	1	1	1	1	0	0	160	0	0	true	missing	1	psn	figyberry	0	0	-1	0	1	boost:def=-1,spe=2:0:0:undefined:false:false	undefined	undefined	8192	8192	8192	1	0
weakarmor	onDamagingHit	536	6	1	40	Ghost	1	0	0	0	100	-1	2048	pikachu	0	1	0	0	1	1	0	0	0	160	0	1	0	Move	0	brn	sitrusberry	1	-1	-1	0	0	boost:def=-1,spe=2:0:0:undefined:false:false	undefined	undefined	2048	2048	2048	1	0
weakarmor	onDamagingHit	537	0	6	0	Normal	0	1	0	0	-1	-1	8192	pikachu	1	1	0	0	1	0	1	2	60	0	1	1	undefined	Move	1	psn	wikiberry	0	-1	-1	1	1		undefined	undefined	8192	8192	8192	0	2
weakarmor	onDamagingHit	538	1	1	0	Normal	1	0	1	0	0	-1	24576	greninjabond	1	0	0	1	1	0	0	0	0	0	1	1	true	Ability	0	brn	iapapaberry	2	-1	99	1	0	boost:def=-1,spe=2:0:0:undefined:false:false	undefined	undefined	24576	24576	24576	0	0
weakarmor	onDamagingHit	539	0	1	61	Bug	1	0	0	0	100	-1	24576	greninjaash	1	1	0	1	0	0	0	2	60	0	0	1	0	Move	1	brn	leftovers	1	1	1	1	0	boost:def=-1,spe=2:0:0:undefined:false:false	undefined	undefined	24576	24576	24576	0	0
weakarmor	onDamagingHit	540	1	6	61	Ghost	0	0	0	20	-1	-1	8192	pikachu	1	1	1	1	0	6	0	0	60	0	0	1	true	Ability	1	psn	iapapaberry	0	-1	0	0	0		undefined	undefined	8192	8192	8192	6	0
weakarmor	onDamagingHit	541	-1	1	40	Normal	0	1	1	100	100	1	8192	greninjabond	0	0	0	0	1	0	1	1	100	0	1	1	undefined	missing	0	brn	magoberry	2	1	1	1	1		undefined	true	8192	8192	8192	0	2
weakarmor	onDamagingHit	542	1	1	40	Water	1	1	0	100	100	1	2048	greninjabond	0	0	1	1	1	1	0	2	100	160	1	1	undefined	Ability	1	psn	aguavberry	1	-1	-1	1	1	boost:def=-1,spe=2:0:0:undefined:false:false	undefined	true	2048	2048	2048	1	2
weakarmor	onDamagingHit	543	0	1	60	Fire	0	0	1	0	-1	0	24576	greninjaash	1	0	0	1	0	0	1	1	100	160	1	1	true	missing	1	psn	sitrusberry	1	1	0	0	0		undefined	false	24576	24576	24576	0	0
weakarmor	onDamagingHit	544	6	0	0	Ghost	1	0	1	10	20	-1	16384	greninjaash	1	1	1	1	0	-1	1	0	100	0	0	0	0	Move	1	brn	magoberry	0	-1	99	0	0	boost:def=-1,spe=2:0:0:undefined:false:false	undefined	undefined	16384	16384	16384	-1	0
weakarmor	onDamagingHit	545	0	1	40	Water	1	0	0	100	100	1	8	greninjaash	1	0	0	1	1	0	0	1	60	100	1	1	undefined	Ability	0	psn	iapapaberry	0	-1	1	0	1	boost:def=-1,spe=2:0:0:undefined:false:false	undefined	true	8	8	8	0	0
weakarmor	onDamagingHit	546	0	6	40	Dark	1	1	0	100	-1	-1	2048	greninjabond	1	1	0	0	1	-1	1	2	60	160	1	1	true	Ability	1	psn	iapapaberry	1	-1	99	0	1	boost:def=-1,spe=2:0:0:undefined:false:false	undefined	undefined	2048	2048	2048	-1	2
weakarmor	onDamagingHit	547	-1	1	70	Normal	1	0	1	10	100	0	24576	greninjabond	1	1	1	1	1	1	0	0	60	100	0	1	null	Move	1	brn	iapapaberry	0	0	0	1	1	boost:def=-1,spe=2:0:0:undefined:false:false	undefined	false	24576	24576	24576	1	0
weakarmor	onDamagingHit	548	-1	0	70	Fire	1	1	1	10	-1	1	8192	greninjaash	0	1	0	0	0	1	0	1	0	160	0	0	null	Move	1	psn	aguavberry	1	1	1	0	0	boost:def=-1,spe=2:0:0:undefined:false:false	undefined	true	8192	8192	8192	1	2
weakarmor	onDamagingHit	549	0	6	0	Ghost	1	0	0	10	20	0	2048	greninjabond	0	1	1	1	1	6	0	1	0	100	1	0	null	missing	1	psn	aguavberry	1	0	1	1	1	boost:def=-1,spe=2:0:0:undefined:false:false	undefined	false	2048	2048	2048	6	0
weakarmor	onDamagingHit	550	6	1	0	Ghost	1	1	0	100	20	-1	8	pikachu	0	1	0	1	1	6	1	0	100	0	0	1	0	Ability	1	brn	aguavberry	0	-1	1	0	1	boost:def=-1,spe=2:0:0:undefined:false:false	undefined	undefined	8	8	8	6	2
weakarmor	onDamagingHit	551	1	1	70	Dark	0	0	0	100	0	0	24576	greninjabond	1	0	1	0	0	-1	1	1	60	160	1	1	0	missing	0	brn	magoberry	0	1	0	1	1		undefined	false	24576	24576	24576	-1	0
weakarmor	onDamagingHit	552	-1	6	60	Ghost	0	1	1	20	0	1	8	greninjabond	0	0	0	0	0	1	1	2	0	0	1	1	undefined	Move	1	brn	aguavberry	2	-1	1	0	1		undefined	true	8	8	8	1	2
weakarmor	onDamagingHit	553	0	6	40	Dark	0	1	0	100	-1	0	16384	pikachu	0	1	0	1	0	0	1	2	0	0	1	0	null	Move	1	brn	figyberry	2	1	99	0	0		undefined	false	16384	16384	16384	0	2
weakarmor	onDamagingHit	554	0	0	60	Bug	1	1	0	10	20	1	8	greninjaash	0	1	0	0	0	6	0	1	100	100	1	1	0	missing	1	psn	wikiberry	2	-1	99	1	1	boost:def=-1,spe=2:0:0:undefined:false:false	undefined	true	8	8	8	6	2
weakarmor	onDamagingHit	555	6	6	70	Fire	0	0	1	10	0	-1	8192	greninjaash	0	1	0	0	1	6	0	1	100	160	1	0	false	missing	1	psn	wikiberry	1	1	99	0	0		undefined	undefined	8192	8192	8192	6	0
weakarmor	onDamagingHit	556	1	6	70	Fire	0	1	1	0	-1	-1	24576	greninjabond	0	0	1	1	0	1	1	0	60	100	1	1	null	missing	0	psn	iapapaberry	0	1	99	1	1		undefined	undefined	24576	24576	24576	1	2
weakarmor	onDamagingHit	557	6	6	70	Bug	0	1	0	20	20	-1	24576	greninjaash	1	0	1	1	1	0	1	1	100	0	1	0	0	missing	0	psn	iapapaberry	2	-1	0	0	1		undefined	undefined	24576	24576	24576	0	2
weakarmor	onDamagingHit	558	0	1	60	Bug	1	0	1	100	-1	1	8192	greninjaash	0	1	0	1	0	6	0	1	100	100	0	1	undefined	Move	0	brn	aguavberry	1	1	-1	1	0	boost:def=-1,spe=2:0:0:undefined:false:false	undefined	true	8192	8192	8192	6	0
weakarmor	onDamagingHit	559	1	0	40	Bug	0	0	0	10	100	1	0	pikachu	1	0	0	0	1	6	0	2	100	100	0	0	null	missing	0	brn	aguavberry	1	0	1	0	0		undefined	true	0	0	0	6	0
weakarmor	onDamagingHit	560	-1	6	60	Dark	1	1	0	100	20	1	8	pikachu	0	1	0	1	0	6	1	0	60	100	0	0	true	missing	1	brn	figyberry	1	1	0	0	1	boost:def=-1,spe=2:0:0:undefined:false:false	undefined	true	8	8	8	6	2
weakarmor	onDamagingHit	561	-1	1	0	Dark	0	0	0	20	20	-1	8192	pikachu	1	0	0	0	0	1	1	0	60	160	1	0	false	Ability	0	brn	figyberry	2	1	0	0	0		undefined	undefined	8192	8192	8192	1	0
weakarmor	onDamagingHit	562	-1	0	0	Fire	0	1	0	100	100	1	8	greninjabond	0	0	0	0	1	0	1	1	60	100	0	1	0	Ability	0	brn	iapapaberry	0	0	99	0	0		undefined	true	8	8	8	0	2
weakarmor	onDamagingHit	563	0	1	70	Dark	0	0	0	20	-1	-1	8	pikachu	0	1	1	0	0	-1	0	2	0	160	0	0	null	missing	1	psn	leftovers	2	-1	1	1	1		undefined	undefined	8	8	8	-1	0
weakarmor	onDamagingHit	564	-1	6	0	Fire	1	0	0	100	20	0	16384	pikachu	1	0	1	0	1	0	1	1	0	160	0	0	undefined	Move	0	psn	iapapaberry	0	0	-1	1	1	boost:def=-1,spe=2:0:0:undefined:false:false	undefined	false	16384	16384	16384	0	0
weakarmor	onDamagingHit	565	0	1	70	Water	0	0	0	0	20	0	16384	greninjabond	0	1	1	0	0	6	1	0	60	160	1	1	false	Ability	1	brn	leftovers	2	-1	0	0	1		undefined	false	16384	16384	16384	6	0
weakarmor	onDamagingHit	566	1	6	70	Fire	1	0	1	100	0	0	2048	greninjaash	0	1	0	1	1	-1	0	1	60	160	0	1	0	Move	1	psn	iapapaberry	1	0	1	0	0	boost:def=-1,spe=2:0:0:undefined:false:false	undefined	false	2048	2048	2048	-1	0
weakarmor	onDamagingHit	567	6	0	60	Water	1	0	1	0	-1	1	16384	greninjabond	0	0	1	1	0	1	0	1	0	100	1	0	true	missing	0	psn	figyberry	1	-1	99	0	1	boost:def=-1,spe=2:0:0:undefined:false:false	undefined	true	16384	16384	16384	1	0
weakarmor	onDamagingHit	568	-1	6	70	Ghost	0	0	1	0	0	1	8	greninjabond	1	1	1	0	0	0	0	1	100	0	0	1	undefined	Ability	0	psn	sitrusberry	0	1	-1	0	0		undefined	true	8	8	8	0	0
weakarmor	onDamagingHit	569	-1	6	70	Normal	1	1	0	20	0	0	16384	greninjaash	0	1	1	0	0	1	0	2	60	160	0	0	false	Ability	1	psn	wikiberry	1	0	1	0	0	boost:def=-1,spe=2:0:0:undefined:false:false	undefined	false	16384	16384	16384	1	2
weakarmor	onDamagingHit	570	6	1	0	Normal	0	0	1	10	-1	-1	2048	greninjabond	0	0	1	0	0	-1	1	2	100	160	0	1	0	Move	1	psn	figyberry	0	1	99	1	0		undefined	undefined	2048	2048	2048	-1	0
weakarmor	onDamagingHit	571	-1	6	40	Normal	0	0	1	20	-1	0	8	pikachu	0	1	1	1	1	0	0	0	60	0	1	1	undefined	Move	0	psn	iapapaberry	1	1	-1	1	0		undefined	false	8	8	8	0	0
weakarmor	onDamagingHit	572	6	0	61	Fire	0	1	1	20	20	0	16384	greninjaash	0	1	0	1	1	0	1	2	100	0	0	1	undefined	Move	0	psn	sitrusberry	0	0	0	1	0		undefined	false	16384	16384	16384	0	2
weakarmor	onDamagingHit	573	1	0	61	Fire	1	1	0	10	-1	-1	8	greninjabond	0	0	1	0	0	0	0	1	60	160	1	1	undefined	Ability	0	psn	figyberry	2	1	0	0	1	boost:def=-1,spe=2:0:0:undefined:false:false	undefined	undefined	8	8	8	0	2
weakarmor	onDamagingHit	574	6	1	61	Normal	1	1	1	100	0	1	8192	greninjabond	1	0	0	1	0	-1	1	1	60	0	1	1	undefined	Move	1	brn	aguavberry	2	-1	-1	1	1	boost:def=-1,spe=2:0:0:undefined:false:false	undefined	true	8192	8192	8192	-1	2
weakarmor	onDamagingHit	575	-1	6	61	Normal	1	0	0	20	0	0	0	pikachu	0	0	1	0	0	0	0	0	60	100	0	1	true	missing	0	psn	magoberry	1	-1	99	1	0	boost:def=-1,spe=2:0:0:undefined:false:false	undefined	false	0	0	0	0	0
weakarmor	onDamagingHit	576	-1	0	70	Dark	1	0	1	10	20	-1	2048	pikachu	0	0	0	1	0	1	0	1	0	0	1	0	true	Ability	0	psn	magoberry	2	1	99	1	0	boost:def=-1,spe=2:0:0:undefined:false:false	undefined	undefined	2048	2048	2048	1	0
weakarmor	onDamagingHit	577	-1	0	0	Fire	0	0	1	20	20	-1	8	greninjaash	0	1	1	1	0	1	1	1	0	100	0	1	false	Ability	1	psn	iapapaberry	0	0	-1	1	0		undefined	undefined	8	8	8	1	0
weakarmor	onDamagingHit	578	1	0	60	Fire	0	0	1	100	20	0	24576	pikachu	0	1	1	0	1	1	0	0	0	100	0	1	false	missing	1	brn	aguavberry	1	0	99	1	1		undefined	false	24576	24576	24576	1	0
weakarmor	onDamagingHit	579	6	0	61	Bug	1	0	0	100	20	0	2048	pikachu	1	1	0	1	1	1	1	1	60	0	0	0	undefined	Move	0	brn	figyberry	1	0	99	0	1	boost:def=-1,spe=2:0:0:undefined:false:false	undefined	false	2048	2048	2048	1	0
weakarmor	onDamagingHit	580	0	0	0	Fire	1	1	1	10	20	-1	0	pikachu	1	1	1	0	1	-1	0	2	60	0	1	0	0	Ability	1	psn	magoberry	2	0	1	1	0	boost:def=-1,spe=2:0:0:undefined:false:false	undefined	undefined	0	0	0	-1	2
weakarmor	onDamagingHit	581	-1	6	40	Dark	0	0	0	100	-1	-1	16384	greninjaash	1	0	1	0	0	6	1	2	100	160	1	0	true	Ability	0	psn	aguavberry	1	-1	-1	0	1		undefined	undefined	16384	16384	16384	6	0
weakarmor	onDamagingHit	582	-1	6	61	Ghost	0	1	0	100	100	-1	24576	pikachu	1	0	1	1	1	0	0	0	0	160	1	1	undefined	missing	0	psn	leftovers	1	1	1	1	0		undefined	undefined	24576	24576	24576	0	2
weakarmor	onDamagingHit	583	-1	0	60	Fire	1	0	1	10	100	1	16384	greninjaash	0	0	0	0	1	-1	0	2	100	160	1	1	undefined	missing	0	brn	sitrusberry	0	1	-1	0	1	boost:def=-1,spe=2:0:0:undefined:false:false	undefined	true	16384	16384	16384	-1	0
weakarmor	onDamagingHit	584	-1	6	61	Water	1	1	0	20	0	0	0	greninjabond	1	0	1	0	1	-1	0	0	0	160	0	1	true	Move	0	psn	magoberry	2	0	99	1	1	boost:def=-1,spe=2:0:0:undefined:false:false	undefined	false	0	0	0	-1	2
weakarmor	onDamagingHit	585	-1	6	70	Fire	1	1	1	10	100	0	8192	greninjabond	1	0	1	1	1	1	0	1	60	0	0	1	false	missing	0	brn	leftovers	0	1	0	1	0	boost:def=-1,spe=2:0:0:undefined:false:false	undefined	false	8192	8192	8192	1	2
weakarmor	onDamagingHit	586	0	1	0	Bug	0	1	1	10	100	1	8192	pikachu	0	1	1	0	1	0	1	1	100	100	1	1	undefined	missing	0	psn	iapapaberry	2	-1	99	0	1		undefined	true	8192	8192	8192	0	2
weakarmor	onDamagingHit	587	0	1	0	Fire	1	0	1	0	100	0	16384	pikachu	1	1	1	0	0	6	1	2	0	100	1	0	undefined	missing	0	brn	wikiberry	0	0	0	1	0	boost:def=-1,spe=2:0:0:undefined:false:false	undefined	false	16384	16384	16384	6	0
weakarmor	onDamagingHit	588	6	6	61	Dark	1	0	0	0	20	-1	8192	greninjaash	0	0	1	1	1	-1	0	0	100	0	0	1	null	missing	1	psn	leftovers	2	0	-1	1	0	boost:def=-1,spe=2:0:0:undefined:false:false	undefined	undefined	8192	8192	8192	-1	0
weakarmor	onDamagingHit	589	1	6	70	Bug	0	1	0	0	-1	0	2048	greninjaash	0	1	0	1	0	0	0	0	0	100	0	0	true	Ability	1	brn	figyberry	2	-1	-1	1	1		undefined	false	2048	2048	2048	0	2
weakarmor	onDamagingHit	590	0	6	60	Normal	0	1	0	100	20	0	0	greninjaash	1	1	1	1	1	1	0	1	60	0	1	1	false	missing	1	brn	aguavberry	1	0	-1	0	0		undefined	false	0	0	0	1	2
weakarmor	onDamagingHit	591	0	1	40	Fire	0	0	0	100	-1	0	16384	pikachu	1	1	1	1	0	6	0	0	60	160	1	0	true	Move	0	brn	iapapaberry	1	-1	-1	1	0		undefined	false	16384	16384	16384	6	0
weakarmor	onDamagingHit	592	0	0	61	Normal	0	0	1	100	100	1	2048	greninjabond	0	1	1	0	1	0	0	0	100	100	1	0	0	Move	1	psn	figyberry	0	-1	1	1	1		undefined	true	2048	2048	2048	0	0
weakarmor	onDamagingHit	593	6	1	40	Normal	1	0	1	10	-1	-1	0	greninjaash	0	1	1	0	1	1	1	1	100	100	0	0	0	Move	1	brn	aguavberry	2	-1	99	1	0	boost:def=-1,spe=2:0:0:undefined:false:false	undefined	undefined	0	0	0	1	0
weakarmor	onDamagingHit	594	0	6	61	Ghost	0	1	0	100	0	-1	2048	greninjaash	1	1	0	0	0	6	1	0	0	0	1	1	true	Ability	1	brn	iapapaberry	0	1	99	1	0		undefined	undefined	2048	2048	2048	6	2
weakarmor	onDamagingHit	595	-1	6	70	Ghost	1	0	0	0	100	-1	2048	greninjaash	1	1	0	0	1	-1	1	1	60	160	1	1	undefined	Move	0	psn	leftovers	1	-1	-1	1	1	boost:def=-1,spe=2:0:0:undefined:false:false	undefined	undefined	2048	2048	2048	-1	0
weakarmor	onDamagingHit	596	0	6	60	Ghost	0	0	1	100	20	1	8192	greninjaash	1	1	0	1	1	-1	0	2	0	100	0	0	null	missing	1	psn	magoberry	1	0	0	0	1		undefined	true	8192	8192	8192	-1	0
weakarmor	onDamagingHit	597	-1	6	60	Normal	1	0	1	20	0	0	8192	pikachu	0	0	0	1	1	6	1	1	100	0	0	0	undefined	missing	0	brn	iapapaberry	2	1	99	1	1	boost:def=-1,spe=2:0:0:undefined:false:false	undefined	false	8192	8192	8192	6	0
weakarmor	onDamagingHit	598	6	0	0	Ghost	0	0	0	100	-1	1	8192	greninjabond	1	1	1	1	0	1	1	2	60	0	0	1	null	Ability	1	psn	sitrusberry	2	-1	99	1	1		undefined	true	8192	8192	8192	1	0
weakarmor	onDamagingHit	599	1	6	40	Water	0	1	0	20	0	0	16384	greninjabond	1	1	0	1	1	1	1	1	100	0	0	1	null	missing	1	brn	sitrusberry	2	-1	0	1	0		undefined	false	16384	16384	16384	1	2
weakarmor	onDamagingHit	600	0	1	70	Normal	1	0	0	0	-1	0	24576	greninjaash	0	1	0	1	1	6	1	2	100	0	1	1	undefined	Ability	1	psn	wikiberry	1	0	0	1	0	boost:def=-1,spe=2:0:0:undefined:false:false	undefined	false	24576	24576	24576	6	0
weakarmor	onDamagingHit	601	6	1	70	Normal	0	1	1	0	100	0	24576	greninjaash	0	0	1	0	1	1	1	2	60	160	0	0	null	Move	0	psn	figyberry	0	0	0	0	0		undefined	false	24576	24576	24576	1	2
weakarmor	onDamagingHit	602	-1	6	61	Water	1	0	0	10	-1	1	8192	greninjaash	1	0	0	0	1	1	0	1	0	100	1	1	false	missing	1	psn	wikiberry	0	0	99	0	0	boost:def=-1,spe=2:0:0:undefined:false:false	undefined	true	8192	8192	8192	1	0
weakarmor	onDamagingHit	603	6	6	61	Normal	0	0	0	10	0	1	2048	pikachu	0	1	1	1	1	0	1	0	100	0	0	1	0	Move	0	psn	figyberry	0	-1	99	0	1		undefined	true	2048	2048	2048	0	0
weakarmor	onDamagingHit	604	6	6	60	Fire	1	1	1	20	20	1	24576	greninjaash	1	1	1	0	0	6	0	1	60	100	1	1	false	Move	0	psn	sitrusberry	2	-1	1	0	1	boost:def=-1,spe=2:0:0:undefined:false:false	undefined	true	24576	24576	24576	6	2
weakarmor	onDamagingHit	605	0	6	70	Fire	0	1	1	0	0	-1	2048	pikachu	1	1	0	0	1	0	1	2	100	0	0	1	null	Move	1	psn	figyberry	2	-1	99	1	1		undefined	undefined	2048	2048	2048	0	2
weakarmor	onDamagingHit	606	-1	6	70	Bug	0	0	1	100	0	1	24576	greninjaash	1	0	0	0	1	6	0	0	60	160	0	0	null	Ability	0	brn	sitrusberry	0	1	0	0	1		undefined	true	24576	24576	24576	6	0
weakarmor	onDamagingHit	607	6	0	61	Bug	0	1	1	10	100	0	8192	greninjabond	1	1	1	0	1	1	1	1	100	100	1	1	false	Move	1	psn	sitrusberry	0	1	0	0	1		undefined	false	8192	8192	8192	1	2
weakarmor	onDamagingHit	608	0	0	0	Water	0	1	0	10	100	-1	8192	pikachu	1	0	1	0	1	-1	1	0	0	100	0	0	true	Ability	1	psn	aguavberry	0	1	-1	1	0		undefined	undefined	8192	8192	8192	-1	2
weakarmor	onDamagingHit	609	6	1	70	Dark	1	0	1	0	0	1	16384	pikachu	1	1	0	0	0	1	0	2	0	100	1	1	undefined	Move	1	brn	sitrusberry	0	0	1	0	0	boost:def=-1,spe=2:0:0:undefined:false:false	undefined	true	16384	16384	16384	1	0
weakarmor	onDamagingHit	610	6	0	40	Ghost	1	0	0	100	20	1	8	greninjabond	1	0	0	0	0	-1	1	2	100	0	0	1	0	Ability	0	brn	sitrusberry	2	0	99	1	1	boost:def=-1,spe=2:0:0:undefined:false:false	undefined	true	8	8	8	-1	0
weakarmor	onDamagingHit	611	0	6	40	Water	0	0	1	10	-1	1	16384	greninjaash	0	1	0	0	0	6	1	2	60	160	1	0	false	Ability	0	brn	wikiberry	0	0	0	1	0		undefined	true	16384	16384	16384	6	0
weakarmor	onDamagingHit	612	1	1	60	Fire	0	1	0	10	100	-1	16384	greninjaash	0	0	1	1	0	6	1	0	60	0	0	0	false	missing	0	psn	iapapaberry	2	0	99	0	0		undefined	undefined	16384	16384	16384	6	2
weakarmor	onDamagingHit	613	6	0	40	Bug	0	0	1	10	0	1	8192	greninjaash	0	0	0	0	1	6	0	0	60	0	0	1	false	missing	0	psn	wikiberry	1	-1	1	0	0		undefined	true	8192	8192	8192	6	0
weakarmor	onDamagingHit	614	0	0	61	Ghost	0	1	1	0	0	-1	0	greninjaash	1	0	0	0	0	6	1	0	60	160	0	0	undefined	Ability	1	psn	wikiberry	2	1	99	1	0		undefined	undefined	0	0	0	6	2
weakarmor	onDamagingHit	615	6	6	60	Fire	0	1	0	100	20	0	24576	greninjaash	0	1	1	0	0	0	1	2	0	0	0	0	null	Ability	1	psn	iapapaberry	0	1	1	1	0		undefined	false	24576	24576	24576	0	2
weakarmor	onDamagingHit	616	0	1	61	Bug	1	1	1	20	-1	1	24576	greninjaash	0	0	1	1	1	1	1	1	100	0	1	1	false	Move	0	psn	figyberry	1	0	99	0	0	boost:def=-1,spe=2:0:0:undefined:false:false	undefined	true	24576	24576	24576	1	2
weakarmor	onDamagingHit	617	1	6	40	Fire	1	1	0	100	20	1	8192	greninjabond	0	0	0	1	0	1	1	2	60	0	1	1	true	Move	0	brn	aguavberry	2	0	-1	0	0	boost:def=-1,spe=2:0:0:undefined:false:false	undefined	true	8192	8192	8192	1	2
weakarmor	onDamagingHit	618	1	1	61	Bug	1	1	1	10	0	-1	0	pikachu	1	1	1	0	1	6	1	1	0	0	0	1	false	missing	1	psn	sitrusberry	1	1	99	0	0	boost:def=-1,spe=2:0:0:undefined:false:false	undefined	undefined	0	0	0	6	2
weakarmor	onDamagingHit	619	-1	1	40	Normal	0	0	0	20	-1	0	2048	greninjaash	0	1	0	0	1	-1	0	2	100	0	0	0	undefined	Move	1	brn	sitrusberry	1	1	-1	1	1		undefined	false	2048	2048	2048	-1	0
weakarmor	onDamagingHit	620	-1	6	40	Fire	1	0	1	0	100	0	0	greninjabond	1	0	0	0	0	1	1	0	0	100	0	1	true	Move	0	psn	figyberry	2	0	-1	0	0	boost:def=-1,spe=2:0:0:undefined:false:false	undefined	false	0	0	0	1	0
weakarmor	onDamagingHit	621	0	6	40	Normal	1	1	1	100	100	-1	0	pikachu	0	1	0	1	0	1	1	0	0	0	0	0	0	Ability	0	brn	wikiberry	0	1	1	0	0	boost:def=-1,spe=2:0:0:undefined:false:false	undefined	undefined	0	0	0	1	2
weakarmor	onDamagingHit	622	1	0	61	Normal	1	1	1	0	100	-1	8	pikachu	0	0	0	0	1	-1	1	1	0	100	0	0	0	Move	0	brn	figyberry	2	1	0	1	0	boost:def=-1,spe=2:0:0:undefined:false:false	undefined	undefined	8	8	8	-1	2
weakarmor	onDamagingHit	623	-1	1	60	Dark	1	1	1	20	0	0	8	greninjaash	0	1	0	1	1	-1	1	2	0	100	1	0	0	Move	1	brn	aguavberry	1	1	1	1	1	boost:def=-1,spe=2:0:0:undefined:false:false	undefined	false	8	8	8	-1	2
weakarmor	onDamagingHit	624	0	6	61	Bug	1	0	0	100	100	1	0	pikachu	1	1	0	0	0	-1	0	0	60	0	1	0	false	Move	0	psn	magoberry	1	-1	1	0	1	boost:def=-1,spe=2:0:0:undefined:false:false	undefined	true	0	0	0	-1	0
weakarmor	onDamagingHit	625	1	0	60	Water	0	0	0	100	0	-1	16384	pikachu	0	1	0	1	0	1	0	0	60	0	1	0	false	Ability	0	psn	magoberry	2	1	0	1	0		undefined	undefined	16384	16384	16384	1	0
weakarmor	onDamagingHit	626	0	6	60	Dark	1	1	1	100	-1	-1	8	pikachu	1	1	1	0	0	1	0	1	60	0	0	1	undefined	missing	1	brn	wikiberry	0	-1	99	0	0	boost:def=-1,spe=2:0:0:undefined:false:false	undefined	undefined	8	8	8	1	2
weakarmor	onDamagingHit	627	6	1	60	Fire	0	0	1	20	20	1	8192	greninjaash	1	1	1	1	1	0	0	1	60	0	1	1	undefined	Ability	1	brn	aguavberry	2	1	1	0	0		undefined	true	8192	8192	8192	0	0
weakarmor	onDamagingHit	628	1	1	61	Dark	1	1	1	100	100	0	2048	greninjaash	0	1	1	1	0	1	1	1	60	0	1	0	0	Move	1	psn	sitrusberry	0	1	0	0	1	boost:def=-1,spe=2:0:0:undefined:false:false	undefined	false	2048	2048	2048	1	2
weakarmor	onDamagingHit	629	1	6	70	Dark	0	0	1	0	100	1	2048	pikachu	1	0	0	1	0	-1	0	1	100	100	1	0	null	Move	1	psn	magoberry	1	0	1	0	0		undefined	true	2048	2048	2048	-1	0
weakarmor	onDamagingHit	630	6	6	0	Bug	1	0	1	0	20	0	2048	greninjabond	0	1	1	0	1	-1	0	1	0	160	1	0	null	Ability	0	psn	sitrusberry	0	0	99	0	1	boost:def=-1,spe=2:0:0:undefined:false:false	undefined	false	2048	2048	2048	-1	0
weakarmor	onDamagingHit	631	0	1	60	Bug	1	1	0	0	100	1	8	greninjabond	0	1	1	1	1	6	1	0	60	0	1	1	0	Move	1	brn	figyberry	0	0	99	0	0	boost:def=-1,spe=2:0:0:undefined:false:false	undefined	true	8	8	8	6	2
weakarmor	onDamagingHit	632	1	6	0	Bug	0	0	0	0	20	1	0	greninjaash	0	0	1	1	0	0	0	0	100	0	0	1	true	Move	0	psn	leftovers	1	-1	0	0	1		undefined	true	0	0	0	0	0
weakarmor	onDamagingHit	633	1	1	70	Normal	1	1	0	20	-1	-1	16384	pikachu	1	0	0	0	1	1	1	2	100	160	1	0	true	Move	1	psn	iapapaberry	0	0	99	1	0	boost:def=-1,spe=2:0:0:undefined:false:false	undefined	undefined	16384	16384	16384	1	2
weakarmor	onDamagingHit	634	-1	0	61	Fire	1	1	1	10	20	-1	24576	pikachu	1	0	1	0	0	-1	1	1	60	160	0	1	true	Move	0	psn	aguavberry	2	1	99	1	1	boost:def=-1,spe=2:0:0:undefined:false:false	undefined	undefined	24576	24576	24576	-1	2
weakarmor	onDamagingHit	635	0	1	0	Ghost	1	0	0	100	100	0	8192	pikachu	1	1	0	1	0	1	0	2	0	100	1	0	true	missing	1	psn	figyberry	0	0	0	1	1	boost:def=-1,spe=2:0:0:undefined:false:false	undefined	false	8192	8192	8192	1	0
weakarmor	onDamagingHit	636	-1	1	70	Dark	0	1	0	20	100	-1	24576	pikachu	1	1	1	0	0	0	0	0	0	100	0	1	true	Ability	1	brn	figyberry	0	1	1	0	1		undefined	undefined	24576	24576	24576	0	2
weakarmor	onDamagingHit	637	-1	0	0	Dark	1	1	0	20	100	1	8	greninjaash	0	1	1	1	0	1	1	1	100	160	1	1	undefined	missing	0	psn	aguavberry	2	0	0	1	0	boost:def=-1,spe=2:0:0:undefined:false:false	undefined	true	8	8	8	1	2
weakarmor	onDamagingHit	638	0	1	60	Dark	1	0	0	0	-1	0	16384	greninjabond	0	1	1	0	0	0	1	2	0	100	1	0	true	Move	1	brn	figyberry	2	-1	0	1	1	boost:def=-1,spe=2:0:0:undefined:false:false	undefined	false	16384	16384	16384	0	0
weakarmor	onDamagingHit	639	0	6	0	Normal	1	1	0	100	20	-1	24576	pikachu	1	1	0	0	0	1	0	0	60	0	0	1	0	Ability	0	psn	figyberry	0	1	-1	1	1	boost:def=-1,spe=2:0:0:undefined:false:false	undefined	undefined	24576	24576	24576	1	2
weakarmor	onDamagingHit	640	1	0	0	Normal	1	1	1	10	0	-1	2048	pikachu	1	0	1	0	0	6	0	2	60	160	1	0	true	Move	1	psn	figyberry	1	0	-1	0	0	boost:def=-1,spe=2:0:0:undefined:false:false	undefined	undefined	2048	2048	2048	6	2
weakarmor	onDamagingHit	641	0	6	70	Ghost	1	0	0	20	100	0	8	pikachu	0	1	0	0	1	1	0	0	60	100	1	0	0	missing	0	brn	iapapaberry	2	0	-1	1	0	boost:def=-1,spe=2:0:0:undefined:false:false	undefined	false	8	8	8	1	0
weakarmor	onDamagingHit	642	-1	6	70	Water	0	0	1	100	100	0	2048	pikachu	0	0	0	0	1	6	1	1	60	0	1	1	null	Move	1	brn	figyberry	2	0	99	0	1		undefined	false	2048	2048	2048	6	0
weakarmor	onDamagingHit	643	-1	6	70	Water	1	0	0	0	100	-1	8192	greninjabond	1	1	1	0	1	6	0	0	60	100	0	0	0	Ability	1	psn	magoberry	1	-1	99	1	0	boost:def=-1,spe=2:0:0:undefined:false:false	undefined	undefined	8192	8192	8192	6	0
weakarmor	onDamagingHit	644	1	1	60	Water	1	0	1	10	100	0	24576	greninjabond	1	0	0	1	0	0	0	2	0	100	1	0	true	Ability	1	brn	iapapaberry	2	-1	99	1	1	boost:def=-1,spe=2:0:0:undefined:false:false	undefined	false	24576	24576	24576	0	0
weakarmor	onDamagingHit	645	1	0	70	Normal	1	1	0	100	100	-1	0	greninjabond	1	0	1	0	1	-1	1	0	60	160	1	1	undefined	missing	1	brn	magoberry	2	1	0	1	0	boost:def=-1,spe=2:0:0:undefined:false:false	undefined	undefined	0	0	0	-1	2
weakarmor	onDamagingHit	646	1	1	40	Water	1	1	0	0	0	-1	24576	pikachu	0	0	1	0	1	0	1	2	0	160	1	0	false	Move	0	psn	sitrusberry	2	-1	99	0	0	boost:def=-1,spe=2:0:0:undefined:false:false	undefined	undefined	24576	24576	24576	0	2
weakarmor	onDamagingHit	647	1	6	60	Normal	0	1	1	10	0	-1	0	greninjabond	1	1	1	1	1	0	0	2	0	0	1	0	0	Ability	0	psn	magoberry	0	1	-1	1	0		undefined	undefined	0	0	0	0	2
weakarmor	onDamagingHit	648	1	1	60	Bug	0	1	0	20	20	1	8	greninjaash	1	1	0	1	0	-1	1	2	60	160	1	1	undefined	Ability	1	psn	wikiberry	2	0	99	0	0		undefined	true	8	8	8	-1	2
weakarmor	onDamagingHit	649	0	0	0	Water	0	0	0	20	-1	1	2048	greninjaash	0	0	0	1	1	1	0	0	0	100	0	1	false	missing	1	brn	magoberry	1	-1	1	0	0		undefined	true	2048	2048	2048	1	0
weakarmor	onDamagingHit	650	6	6	61	Fire	0	0	0	10	0	1	24576	pikachu	0	0	0	0	0	0	0	1	100	100	1	1	true	missing	1	psn	wikiberry	1	-1	99	1	0		undefined	true	24576	24576	24576	0	0
weakarmor	onDamagingHit	651	6	6	70	Bug	1	0	1	0	0	0	24576	greninjabond	0	1	0	0	1	-1	0	2	0	160	1	1	false	missing	1	brn	figyberry	2	0	1	0	1	boost:def=-1,spe=2:0:0:undefined:false:false	undefined	false	24576	24576	24576	-1	0
weakarmor	onDamagingHit	652	-1	1	70	Water	0	0	0	0	0	-1	8192	greninjabond	0	1	1	0	1	0	0	2	0	0	1	0	0	Ability	1	brn	magoberry	2	-1	-1	1	0		undefined	undefined	8192	8192	8192	0	0
weakarmor	onDamagingHit	653	6	6	70	Normal	0	0	0	10	20	1	8192	greninjabond	1	1	1	0	1	1	0	2	0	160	1	0	null	Ability	0	brn	leftovers	0	-1	-1	1	0		undefined	true	8192	8192	8192	1	0
weakarmor	onDamagingHit	654	6	6	70	Ghost	1	1	0	0	0	-1	0	greninjaash	0	0	0	0	0	1	0	1	100	100	0	0	undefined	missing	0	brn	leftovers	0	-1	0	1	1	boost:def=-1,spe=2:0:0:undefined:false:false	undefined	undefined	0	0	0	1	2
weakarmor	onDamagingHit	655	6	1	40	Ghost	0	1	0	0	100	1	2048	greninjaash	1	1	0	1	1	-1	0	1	0	100	0	0	null	Move	0	brn	leftovers	1	-1	0	0	1		undefined	true	2048	2048	2048	-1	2
weakarmor	onDamagingHit	656	1	0	70	Water	1	0	0	100	0	1	24576	greninjaash	0	1	1	0	0	1	1	2	100	0	0	1	true	Ability	1	psn	figyberry	2	-1	1	0	1	boost:def=-1,spe=2:0:0:undefined:false:false	undefined	true	24576	24576	24576	1	0
weakarmor	onDamagingHit	657	0	6	70	Water	1	1	1	10	100	1	24576	pikachu	1	1	1	1	0	1	1	1	100	160	0	1	undefined	Ability	0	psn	figyberry	1	0	-1	0	0	boost:def=-1,spe=2:0:0:undefined:false:false	undefined	true	24576	24576	24576	1	2
weakarmor	onDamagingHit	658	1	6	70	Normal	0	1	0	100	20	-1	8192	pikachu	0	1	0	0	1	-1	1	2	60	0	1	1	undefined	missing	0	brn	aguavberry	0	0	99	0	0		undefined	undefined	8192	8192	8192	-1	2
weakarmor	onDamagingHit	659	0	0	40	Ghost	0	1	0	10	-1	-1	8192	greninjabond	0	0	0	1	0	0	0	0	100	160	0	1	null	Ability	0	brn	sitrusberry	0	-1	0	1	0		undefined	undefined	8192	8192	8192	0	2
weakarmor	onDamagingHit	660	6	1	70	Water	1	1	0	0	0	0	8	greninjabond	1	1	0	1	1	-1	1	1	0	0	0	1	0	Move	0	brn	iapapaberry	1	-1	0	1	0	boost:def=-1,spe=2:0:0:undefined:false:false	undefined	false	8	8	8	-1	2
weakarmor	onDamagingHit	661	0	0	61	Ghost	1	1	0	20	20	-1	2048	greninjabond	0	0	1	1	1	-1	1	0	100	0	1	0	undefined	Ability	0	psn	aguavberry	1	0	-1	0	0	boost:def=-1,spe=2:0:0:undefined:false:false	undefined	undefined	2048	2048	2048	-1	2
weakarmor	onDamagingHit	662	-1	1	70	Bug	0	1	1	0	100	0	16384	greninjabond	1	1	0	0	1	6	1	1	60	160	0	0	undefined	Move	1	psn	iapapaberry	1	0	99	0	1		undefined	false	16384	16384	16384	6	2
weakarmor	onDamagingHit	663	6	6	61	Ghost	0	1	1	20	20	0	2048	pikachu	0	1	0	0	0	6	0	1	100	100	1	1	null	Move	0	brn	sitrusberry	0	0	0	1	0		undefined	false	2048	2048	2048	6	2
weakarmor	onDamagingHit	664	1	6	70	Water	0	1	1	10	20	1	24576	pikachu	1	0	1	1	0	6	1	1	100	100	1	0	null	Move	1	psn	iapapaberry	2	0	0	1	1		undefined	true	24576	24576	24576	6	2
weakarmor	onDamagingHit	665	-1	6	60	Fire	1	0	1	10	0	1	16384	greninjaash	0	0	1	1	0	1	0	1	100	0	0	0	undefined	Ability	0	brn	wikiberry	0	1	0	0	0	boost:def=-1,spe=2:0:0:undefined:false:false	undefined	true	16384	16384	16384	1	0
weakarmor	onDamagingHit	666	0	0	0	Ghost	0	1	0	10	100	-1	2048	greninjabond	0	1	1	0	0	1	1	1	100	100	0	0	0	Ability	1	psn	sitrusberry	1	1	-1	0	1		undefined	undefined	2048	2048	2048	1	2
weakarmor	onDamagingHit	667	-1	1	70	Fire	0	1	1	10	20	1	2048	greninjabond	0	0	1	0	1	1	1	1	0	0	1	0	false	missing	0	psn	magoberry	0	0	99	0	1		undefined	true	2048	2048	2048	1	2
weakarmor	onDamagingHit	668	0	0	61	Normal	1	1	1	100	0	0	16384	greninjaash	0	0	0	0	1	-1	1	0	100	160	1	0	true	Move	0	brn	iapapaberry	2	0	1	1	1	boost:def=-1,spe=2:0:0:undefined:false:false	undefined	false	16384	16384	16384	-1	2
weakarmor	onDamagingHit	669	6	1	61	Ghost	1	0	0	0	20	-1	16384	greninjaash	1	1	1	1	0	1	0	0	60	0	0	0	false	Ability	1	psn	magoberry	1	0	99	0	0	boost:def=-1,spe=2:0:0:undefined:false:false	undefined	undefined	16384	16384	16384	1	0
weakarmor	onDamagingHit	670	0	0	70	Fire	0	0	1	0	20	0	24576	pikachu	1	1	0	0	0	6	1	0	0	100	0	0	undefined	Move	0	brn	magoberry	0	0	0	0	0		undefined	false	24576	24576	24576	6	0
weakarmor	onDamagingHit	671	-1	6	70	Bug	1	1	0	10	0	0	16384	greninjabond	0	1	1	0	1	1	0	0	60	160	0	0	true	missing	0	brn	wikiberry	1	0	1	1	1	boost:def=-1,spe=2:0:0:undefined:false:false	undefined	false	16384	16384	16384	1	2
weakarmor	onDamagingHit	672	1	0	60	Normal	0	1	0	20	-1	0	8192	greninjabond	0	0	0	0	1	0	0	0	0	100	1	1	undefined	Ability	0	psn	wikiberry	1	0	-1	1	1		undefined	false	8192	8192	8192	0	2
weakarmor	onDamagingHit	673	-1	0	0	Fire	0	1	1	0	20	-1	2048	greninjabond	0	1	1	0	0	1	1	0	0	160	0	0	false	missing	1	brn	figyberry	2	1	99	1	0		undefined	undefined	2048	2048	2048	1	2
weakarmor	onDamagingHit	674	-1	0	70	Normal	0	0	1	0	0	0	8192	greninjabond	0	0	1	1	0	0	0	2	100	0	0	0	null	Move	0	brn	aguavberry	0	1	-1	1	0		undefined	false	8192	8192	8192	0	0
weakarmor	onDamagingHit	675	6	0	40	Ghost	0	1	0	20	20	-1	2048	pikachu	0	0	0	0	0	6	1	2	100	100	1	0	true	missing	0	psn	aguavberry	2	-1	1	0	0		undefined	undefined	2048	2048	2048	6	2
weakarmor	onDamagingHit	676	6	0	0	Normal	0	0	0	20	0	0	0	pikachu	1	0	1	1	1	6	1	1	60	160	1	1	undefined	Ability	0	brn	wikiberry	2	1	99	1	1		undefined	false	0	0	0	6	0
weakarmor	onDamagingHit	677	-1	0	40	Normal	0	1	1	20	-1	-1	24576	greninjaash	1	0	0	0	0	-1	1	2	60	0	0	1	undefined	Move	0	brn	magoberry	1	1	99	0	0		undefined	undefined	24576	24576	24576	-1	2
weakarmor	onDamagingHit	678	1	1	70	Normal	0	0	1	0	-1	-1	16384	greninjaash	1	0	1	0	0	-1	0	1	100	100	1	0	null	missing	0	psn	sitrusberry	0	0	99	1	0		undefined	undefined	16384	16384	16384	-1	0
weakarmor	onDamagingHit	679	0	1	70	Water	1	1	1	0	100	0	0	greninjaash	0	1	0	1	1	0	0	1	0	100	0	0	0	Ability	1	psn	sitrusberry	0	0	1	0	0	boost:def=-1,spe=2:0:0:undefined:false:false	undefined	false	0	0	0	0	2
weakarmor	onDamagingHit	680	6	0	0	Normal	1	0	0	100	100	-1	0	pikachu	1	1	1	1	1	6	0	1	0	0	0	0	false	Ability	0	psn	magoberry	0	-1	99	1	0	boost:def=-1,spe=2:0:0:undefined:false:false	undefined	undefined	0	0	0	6	0
weakarmor	onDamagingHit	681	-1	6	70	Bug	1	0	1	0	0	-1	8	pikachu	1	0	1	0	1	1	0	2	0	0	0	1	undefined	Ability	0	psn	magoberry	2	1	-1	1	1	boost:def=-1,spe=2:0:0:undefined:false:false	undefined	undefined	8	8	8	1	0
weakarmor	onDamagingHit	682	-1	0	61	Dark	0	0	1	20	-1	1	16384	pikachu	1	0	1	1	1	-1	1	1	0	0	0	0	true	Move	0	brn	aguavberry	2	0	-1	0	0		undefined	true	16384	16384	16384	-1	0
weakarmor	onDamagingHit	683	1	0	60	Water	1	1	0	20	100	1	16384	greninjaash	1	0	1	1	0	-1	1	0	100	0	0	1	null	missing	0	brn	magoberry	2	0	-1	1	1	boost:def=-1,spe=2:0:0:undefined:false:false	undefined	true	16384	16384	16384	-1	2
weakarmor	onDamagingHit	684	0	1	60	Water	1	0	0	10	0	1	0	greninjabond	1	1	0	0	1	6	0	1	60	100	0	0	true	Ability	1	brn	magoberry	2	-1	-1	0	0	boost:def=-1,spe=2:0:0:undefined:false:false	undefined	true	0	0	0	6	0
weakarmor	onDamagingHit	685	1	6	0	Dark	1	0	1	100	-1	0	0	greninjabond	0	1	0	0	0	1	0	0	100	100	0	1	null	missing	1	brn	aguavberry	0	1	1	1	0	boost:def=-1,spe=2:0:0:undefined:false:false	undefined	false	0	0	0	1	0
weakarmor	onDamagingHit	686	-1	6	61	Fire	0	1	0	0	0	0	2048	pikachu	1	0	1	0	1	-1	1	0	0	160	1	0	null	Ability	1	psn	aguavberry	0	-1	0	0	1		undefined	false	2048	2048	2048	-1	2
weakarmor	onDamagingHit	687	0	0	40	Dark	1	1	1	20	20	1	8192	greninjaash	0	1	1	1	0	-1	1	0	100	100	1	1	0	Move	1	psn	magoberry	0	-1	99	1	1	boost:def=-1,spe=2:0:0:undefined:false:false	undefined	true	8192	8192	8192	-1	2
weakarmor	onDamagingHit	688	6	6	60	Bug	0	0	1	0	-1	-1	16384	greninjabond	1	0	1	0	1	-1	0	0	60	100	1	1	false	missing	0	psn	wikiberry	1	0	1	1	0		undefined	undefined	16384	16384	16384	-1	0
weakarmor	onDamagingHit	689	6	0	40	Bug	1	1	1	100	-1	-1	2048	pikachu	0	1	1	1	1	6	0	1	100	100	0	1	true	Ability	1	psn	sitrusberry	2	0	1	1	1	boost:def=-1,spe=2:0:0:undefined:false:false	undefined	undefined	2048	2048	2048	6	2
weakarmor	onDamagingHit	690	6	1	70	Normal	1	0	1	0	20	1	16384	greninjabond	1	1	1	1	0	1	0	0	100	0	1	0	0	missing	1	psn	iapapaberry	1	0	-1	1	1	boost:def=-1,spe=2:0:0:undefined:false:false	undefined	true	16384	16384	16384	1	0
weakarmor	onDamagingHit	691	-1	1	70	Normal	1	1	1	100	0	0	2048	greninjabond	1	0	0	1	1	0	1	2	60	160	1	1	undefined	Ability	0	brn	sitrusberry	0	0	99	0	0	boost:def=-1,spe=2:0:0:undefined:false:false	undefined	false	2048	2048	2048	0	2
weakarmor	onDamagingHit	692	6	0	40	Water	0	1	1	0	-1	0	8	greninjabond	0	1	0	1	0	1	0	1	0	160	1	1	false	missing	1	brn	sitrusberry	0	1	0	0	0		undefined	false	8	8	8	1	2
weakarmor	onDamagingHit	693	-1	1	61	Fire	1	1	1	10	-1	-1	24576	greninjaash	1	0	0	1	1	-1	0	2	60	100	0	0	undefined	Move	0	psn	iapapaberry	2	1	1	1	0	boost:def=-1,spe=2:0:0:undefined:false:false	undefined	undefined	24576	24576	24576	-1	2
weakarmor	onDamagingHit	694	0	1	61	Normal	0	1	0	0	100	-1	8	greninjaash	1	0	1	0	0	0	1	2	0	160	1	0	0	Move	0	brn	iapapaberry	2	0	99	1	1		undefined	undefined	8	8	8	0	2
weakarmor	onDamagingHit	695	1	1	61	Ghost	0	1	0	10	0	0	24576	greninjabond	1	1	0	0	1	6	1	1	100	0	0	1	true	missing	1	brn	magoberry	0	0	-1	1	0		undefined	false	24576	24576	24576	6	2
weakarmor	onDamagingHit	696	6	1	61	Water	1	1	0	10	100	1	2048	pikachu	0	0	0	1	1	1	1	1	60	100	1	0	true	Ability	1	brn	wikiberry	0	0	0	1	1	boost:def=-1,spe=2:0:0:undefined:false:false	undefined	true	2048	2048	2048	1	2
weakarmor	onDamagingHit	697	6	1	0	Fire	0	0	1	100	100	0	8192	pikachu	1	0	0	1	1	6	1	2	60	0	1	1	false	Ability	0	brn	magoberry	2	0	99	1	1		undefined	false	8192	8192	8192	6	0
weakarmor	onDamagingHit	698	1	6	0	Ghost	1	1	0	20	0	0	8	greninjabond	1	1	0	1	1	0	0	2	100	100	1	0	false	Ability	0	brn	leftovers	2	1	-1	0	1	boost:def=-1,spe=2:0:0:undefined:false:false	undefined	false	8	8	8	0	2
weakarmor	onDamagingHit	699	6	6	60	Dark	1	1	0	100	0	-1	16384	pikachu	1	0	0	0	0	1	1	1	100	0	0	0	null	Ability	1	brn	iapapaberry	1	0	0	0	1	boost:def=-1,spe=2:0:0:undefined:false:false	undefined	undefined	16384	16384	16384	1	2
weakarmor	onDamagingHit	700	1	0	60	Normal	1	0	0	100	-1	0	8192	pikachu	1	0	1	0	0	1	0	0	0	100	1	0	null	Ability	1	brn	iapapaberry	2	1	1	0	1	boost:def=-1,spe=2:0:0:undefined:false:false	undefined	false	8192	8192	8192	1	0
weakarmor	onDamagingHit	701	0	0	70	Normal	0	0	1	20	0	-1	2048	greninjabond	1	1	0	1	1	1	1	0	60	160	0	0	true	missing	1	brn	magoberry	2	-1	1	1	0		undefined	undefined	2048	2048	2048	1	0
weakarmor	onDamagingHit	702	1	6	60	Ghost	0	0	0	0	100	0	0	pikachu	0	1	1	0	1	0	0	0	100	100	0	0	true	missing	0	psn	sitrusberry	0	0	0	0	0		undefined	false	0	0	0	0	0
weakarmor	onDamagingHit	703	6	1	61	Dark	0	1	1	100	100	-1	24576	greninjabond	1	1	0	1	1	1	1	2	60	160	1	0	0	missing	1	brn	iapapaberry	0	-1	-1	0	1		undefined	undefined	24576	24576	24576	1	2
weakarmor	onDamagingHit	704	6	0	70	Water	0	1	0	20	-1	-1	8	greninjaash	1	1	1	0	1	6	1	2	60	160	0	1	null	missing	1	brn	wikiberry	0	1	-1	0	1		undefined	undefined	8	8	8	6	2
weakarmor	onDamagingHit	705	6	6	0	Normal	1	1	0	100	-1	1	0	pikachu	1	0	0	0	1	6	0	1	0	160	1	0	false	Move	0	brn	figyberry	0	-1	0	0	1	boost:def=-1,spe=2:0:0:undefined:false:false	undefined	true	0	0	0	6	2
weakarmor	onDamagingHit	706	0	0	0	Water	1	1	0	0	-1	-1	2048	pikachu	1	0	0	1	0	6	1	1	60	100	1	0	true	Ability	0	psn	magoberry	2	-1	-1	0	0	boost:def=-1,spe=2:0:0:undefined:false:false	undefined	undefined	2048	2048	2048	6	2
weakarmor	onDamagingHit	707	1	6	40	Ghost	0	1	1	0	-1	-1	8	greninjaash	0	0	1	0	0	6	0	2	60	160	1	1	false	Ability	1	psn	magoberry	0	0	-1	1	0		undefined	undefined	8	8	8	6	2
weakarmor	onDamagingHit	708	-1	0	40	Water	0	0	0	20	-1	0	8	greninjaash	0	0	0	1	0	0	1	2	100	0	0	1	null	Ability	0	brn	iapapaberry	1	0	99	0	1		undefined	false	8	8	8	0	0
weakarmor	onDamagingHit	709	6	6	0	Normal	1	1	1	0	0	-1	8	greninjabond	0	1	0	1	1	-1	0	2	100	160	0	1	false	Move	1	brn	magoberry	2	1	0	1	0	boost:def=-1,spe=2:0:0:undefined:false:false	undefined	undefined	8	8	8	-1	2
weakarmor	onDamagingHit	710	6	1	0	Normal	1	0	1	0	20	1	2048	greninjabond	0	1	0	0	0	1	1	0	60	160	0	0	0	Move	1	brn	magoberry	1	1	99	0	1	boost:def=-1,spe=2:0:0:undefined:false:false	undefined	true	2048	2048	2048	1	0
weakarmor	onDamagingHit	711	6	6	70	Bug	0	1	0	20	20	1	8192	pikachu	1	1	1	1	0	0	1	1	0	160	0	0	false	Ability	1	psn	leftovers	1	1	0	1	0		undefined	true	8192	8192	8192	0	2
weakarmor	onDamagingHit	712	6	0	60	Ghost	0	0	1	100	100	1	8	greninjabond	0	1	0	1	0	0	1	0	0	160	1	0	undefined	missing	1	brn	sitrusberry	0	-1	-1	0	0		undefined	true	8	8	8	0	0
weakarmor	onDamagingHit	713	6	1	61	Water	0	0	0	20	20	0	16384	pikachu	0	1	0	0	0	6	1	0	60	160	1	0	null	missing	1	psn	aguavberry	1	0	1	0	1		undefined	false	16384	16384	16384	6	0
weakarmor	onDamagingHit	714	-1	0	0	Ghost	1	0	0	20	20	1	2048	greninjabond	1	0	0	1	0	1	0	1	0	100	0	0	null	missing	1	brn	iapapaberry	0	1	-1	1	0	boost:def=-1,spe=2:0:0:undefined:false:false	undefined	true	2048	2048	2048	1	0
weakarmor	onDamagingHit	715	-1	6	0	Bug	0	1	0	10	20	0	8	greninjaash	0	0	0	1	1	-1	0	0	0	0	0	1	0	missing	1	psn	iapapaberry	1	0	1	0	1		undefined	false	8	8	8	-1	2
weakarmor	onDamagingHit	716	1	0	0	Bug	0	1	1	10	-1	1	0	greninjabond	1	1	0	0	0	0	1	0	60	0	1	0	undefined	Move	0	brn	iapapaberry	2	0	0	0	1		undefined	true	0	0	0	0	2
weakarmor	onDamagingHit	717	0	6	70	Dark	1	0	1	10	0	1	8192	greninjaash	1	0	1	0	1	1	1	0	60	160	1	1	null	Move	0	psn	iapapaberry	1	1	0	0	0	boost:def=-1,spe=2:0:0:undefined:false:false	undefined	true	8192	8192	8192	1	0
weakarmor	onDamagingHit	718	-1	6	60	Ghost	1	0	1	0	-1	0	8192	greninjabond	0	0	0	0	0	6	1	0	60	160	0	0	null	missing	0	psn	magoberry	0	0	0	1	1	boost:def=-1,spe=2:0:0:undefined:false:false	undefined	false	8192	8192	8192	6	0
weakarmor	onDamagingHit	719	-1	6	60	Normal	1	1	1	0	0	1	8192	pikachu	0	0	0	0	1	-1	1	0	100	100	0	1	0	Ability	1	psn	aguavberry	1	-1	0	0	1	boost:def=-1,spe=2:0:0:undefined:false:false	undefined	true	8192	8192	8192	-1	2
weakarmor	onDamagingHit	720	-1	1	60	Ghost	1	1	0	0	20	-1	8	greninjabond	1	0	0	1	0	1	1	0	100	160	0	1	0	Move	0	brn	aguavberry	1	-1	99	0	0	boost:def=-1,spe=2:0:0:undefined:false:false	undefined	undefined	8	8	8	1	2
weakarmor	onDamagingHit	721	1	6	60	Dark	0	1	0	20	0	1	8	greninjabond	1	0	0	1	0	6	0	2	100	100	1	1	0	missing	0	psn	sitrusberry	2	0	-1	0	1		undefined	true	8	8	8	6	2
weakarmor	onDamagingHit	722	-1	0	70	Normal	1	0	1	0	100	-1	8	greninjabond	0	0	1	1	1	-1	0	0	60	0	0	0	undefined	missing	0	psn	figyberry	1	1	-1	0	1	boost:def=-1,spe=2:0:0:undefined:false:false	undefined	undefined	8	8	8	-1	0
weakarmor	onDamagingHit	723	6	0	60	Bug	0	1	1	10	20	-1	24576	pikachu	0	0	1	1	0	0	0	0	0	160	0	0	true	Move	1	brn	magoberry	0	1	0	0	0		undefined	undefined	24576	24576	24576	0	2
weakarmor	onDamagingHit	724	-1	0	60	Bug	1	1	0	0	-1	-1	16384	greninjabond	0	0	1	0	0	0	1	0	100	160	1	1	false	missing	0	brn	sitrusberry	0	-1	1	1	0	boost:def=-1,spe=2:0:0:undefined:false:false	undefined	undefined	16384	16384	16384	0	2
weakarmor	onDamagingHit	725	6	0	61	Dark	0	1	0	100	100	-1	2048	greninjabond	1	1	1	0	0	-1	0	2	100	160	1	1	true	Move	1	psn	leftovers	0	1	-1	0	0		undefined	undefined	2048	2048	2048	-1	2
weakarmor	onDamagingHit	726	1	1	61	Water	1	1	1	0	0	0	0	greninjabond	0	0	0	0	1	6	0	2	60	0	1	0	true	Ability	0	brn	iapapaberry	2	0	-1	0	0	boost:def=-1,spe=2:0:0:undefined:false:false	undefined	false	0	0	0	6	2
weakarmor	onDamagingHit	727	0	0	40	Ghost	1	0	1	100	100	0	8192	pikachu	0	0	1	0	0	6	0	2	0	160	1	0	true	Ability	0	psn	magoberry	1	-1	1	0	1	boost:def=-1,spe=2:0:0:undefined:false:false	undefined	false	8192	8192	8192	6	0
weakarmor	onDamagingHit	728	-1	1	0	Ghost	0	1	1	10	0	-1	0	greninjaash	1	0	1	0	0	-1	0	0	0	160	0	0	false	missing	0	brn	figyberry	0	0	1	0	1		undefined	undefined	0	0	0	-1	2
weakarmor	onDamagingHit	729	1	1	70	Dark	1	0	0	10	20	-1	0	pikachu	1	1	0	1	0	6	0	1	100	160	1	1	false	Ability	1	brn	leftovers	1	-1	1	1	1	boost:def=-1,spe=2:0:0:undefined:false:false	undefined	undefined	0	0	0	6	0
weakarmor	onDamagingHit	730	6	0	61	Dark	0	1	1	20	0	0	0	greninjaash	0	1	1	1	0	6	1	1	100	100	0	0	undefined	missing	0	brn	wikiberry	0	1	-1	1	1		undefined	false	0	0	0	6	2
weakarmor	onDamagingHit	731	1	0	61	Fire	1	1	1	20	100	-1	24576	pikachu	1	0	0	0	0	1	0	0	0	160	1	0	false	Ability	1	brn	wikiberry	0	0	-1	1	0	boost:def=-1,spe=2:0:0:undefined:false:false	undefined	undefined	24576	24576	24576	1	2
weakarmor	onDamagingHit	732	1	0	70	Normal	0	0	0	100	-1	0	16384	greninjabond	0	0	0	1	1	-1	1	1	100	0	0	0	false	Ability	1	brn	aguavberry	2	0	99	1	0		undefined	false	16384	16384	16384	-1	0
weakarmor	onDamagingHit	733	-1	6	61	Normal	1	0	0	10	100	1	24576	greninjabond	0	0	1	1	0	1	0	2	60	100	1	0	null	Ability	0	brn	iapapaberry	0	0	-1	0	0	boost:def=-1,spe=2:0:0:undefined:false:false	undefined	true	24576	24576	24576	1	0
weakarmor	onDamagingHit	734	6	1	61	Dark	1	1	0	0	100	0	0	greninjaash	0	1	1	1	0	-1	1	2	100	100	1	1	null	Move	1	psn	iapapaberry	0	1	1	1	0	boost:def=-1,spe=2:0:0:undefined:false:false	undefined	false	0	0	0	-1	2
weakarmor	onDamagingHit	735	1	1	60	Dark	1	0	0	20	20	0	16384	greninjaash	0	0	0	1	0	6	0	1	0	160	0	0	true	missing	0	brn	wikiberry	1	-1	1	1	0	boost:def=-1,spe=2:0:0:undefined:false:false	undefined	false	16384	16384	16384	6	0
weakarmor	onDamagingHit	736	-1	6	61	Ghost	1	0	1	20	20	1	0	greninjaash	0	1	0	1	0	0	0	1	0	160	1	1	true	missing	0	brn	aguavberry	2	0	0	0	1	boost:def=-1,spe=2:0:0:undefined:false:false	undefined	true	0	0	0	0	0
weakarmor	onDamagingHit	737	1	6	40	Water	0	1	0	10	100	0	8192	pikachu	0	0	1	1	1	6	1	2	0	0	0	0	true	Move	0	psn	figyberry	1	1	99	1	1		undefined	false	8192	8192	8192	6	2
weakarmor	onDamagingHit	738	1	0	61	Normal	0	1	1	0	-1	1	2048	greninjaash	0	1	1	1	1	0	0	2	0	160	1	0	null	Ability	1	psn	wikiberry	1	0	-1	0	0		undefined	true	2048	2048	2048	0	2
weakarmor	onDamagingHit	739	-1	1	61	Dark	1	1	0	20	0	-1	8	pikachu	1	0	1	1	1	-1	0	1	0	100	0	1	undefined	Ability	1	psn	aguavberry	2	-1	1	0	1	boost:def=-1,spe=2:0:0:undefined:false:false	undefined	undefined	8	8	8	-1	2
weakarmor	onDamagingHit	740	0	6	70	Bug	1	0	1	20	20	-1	8	pikachu	1	1	0	0	1	-1	0	1	60	160	1	1	undefined	Ability	1	brn	figyberry	0	1	-1	1	1	boost:def=-1,spe=2:0:0:undefined:false:false	undefined	undefined	8	8	8	-1	0
weakarmor	onDamagingHit	741	1	0	60	Ghost	1	1	0	20	100	0	0	greninjaash	1	1	1	1	0	-1	1	2	0	160	1	0	false	missing	1	brn	leftovers	0	1	99	1	1	boost:def=-1,spe=2:0:0:undefined:false:false	undefined	false	0	0	0	-1	2
weakarmor	onDamagingHit	742	-1	1	70	Normal	1	0	0	10	100	-1	8192	pikachu	0	1	1	1	1	-1	0	0	0	160	1	1	undefined	Ability	0	brn	magoberry	1	1	-1	0	1	boost:def=-1,spe=2:0:0:undefined:false:false	undefined	undefined	8192	8192	8192	-1	0
weakarmor	onDamagingHit	743	1	6	70	Bug	1	0	1	0	-1	1	0	pikachu	1	0	0	1	1	1	0	1	100	0	1	1	0	missing	0	brn	leftovers	1	0	99	0	1	boost:def=-1,spe=2:0:0:undefined:false:false	undefined	true	0	0	0	1	0
weakarmor	onDamagingHit	744	-1	1	0	Fire	0	0	0	100	0	1	16384	greninjaash	1	1	0	0	0	6	0	0	0	0	0	0	0	missing	1	brn	leftovers	1	-1	-1	1	1		undefined	true	16384	16384	16384	6	0
weakarmor	onDamagingHit	745	0	0	40	Bug	0	0	1	0	-1	-1	0	greninjaash	1	1	1	0	1	6	0	0	60	0	0	0	true	missing	1	psn	aguavberry	2	-1	0	1	1		undefined	undefined	0	0	0	6	0
weakarmor	onDamagingHit	746	0	6	70	Fire	0	0	0	20	100	-1	24576	greninjabond	0	0	0	1	0	-1	0	0	100	0	1	0	0	Ability	0	brn	iapapaberry	1	0	-1	1	1		undefined	undefined	24576	24576	24576	-1	0
weakarmor	onDamagingHit	747	6	0	60	Fire	1	1	1	100	0	0	8192	greninjabond	1	0	1	1	0	0	1	1	60	0	1	1	false	Move	0	psn	aguavberry	0	1	0	0	0	boost:def=-1,spe=2:0:0:undefined:false:false	undefined	false	8192	8192	8192	0	2
weakarmor	onDamagingHit	748	6	6	60	Normal	0	1	0	10	20	1	8192	pikachu	0	1	1	1	1	6	0	2	60	0	1	0	0	Move	1	brn	figyberry	2	1	0	1	1		undefined	true	8192	8192	8192	6	2
weakarmor	onDamagingHit	749	-1	6	60	Fire	0	0	0	0	20	-1	8	greninjabond	1	0	1	0	1	6	0	0	0	0	1	1	null	missing	1	psn	figyberry	1	-1	99	1	1		undefined	undefined	8	8	8	6	0
weakarmor	onDamagingHit	750	0	6	70	Dark	0	0	0	10	20	1	0	pikachu	1	1	1	1	0	0	0	2	0	100	1	1	0	Move	1	psn	leftovers	0	-1	1	0	1		undefined	true	0	0	0	0	0
weakarmor	onDamagingHit	751	6	0	70	Water	0	0	0	100	100	1	2048	greninjabond	1	0	1	0	0	0	0	2	0	160	0	1	true	Ability	0	psn	wikiberry	2	0	99	0	0		undefined	true	2048	2048	2048	0	0
weakarmor	onDamagingHit	752	-1	0	0	Ghost	0	1	1	0	20	0	8	greninjaash	0	0	1	1	1	0	1	1	60	0	0	1	true	Ability	1	brn	aguavberry	2	1	99	1	0		undefined	false	8	8	8	0	2
weakarmor	onDamagingHit	753	0	0	40	Fire	1	1	1	0	100	0	24576	pikachu	1	0	1	0	1	6	1	0	100	100	0	1	true	Ability	1	brn	aguavberry	1	-1	1	0	1	boost:def=-1,spe=2:0:0:undefined:false:false	undefined	false	24576	24576	24576	6	2
weakarmor	onDamagingHit	754	-1	1	60	Normal	0	0	0	0	0	1	0	pikachu	0	0	0	1	1	6	1	0	0	0	1	0	0	Move	0	psn	wikiberry	2	1	-1	1	1		undefined	true	0	0	0	6	0
weakarmor	onDamagingHit	755	1	6	40	Water	1	1	0	100	-1	0	0	greninjaash	0	0	0	0	0	1	1	1	100	100	0	0	undefined	Move	0	psn	wikiberry	2	1	99	1	1	boost:def=-1,spe=2:0:0:undefined:false:false	undefined	false	0	0	0	1	2
weakarmor	onDamagingHit	756	0	6	60	Bug	0	0	0	0	20	0	24576	greninjabond	1	0	0	0	1	6	0	2	60	0	0	1	false	Ability	0	brn	magoberry	2	0	1	1	0		undefined	false	24576	24576	24576	6	0
weakarmor	onDamagingHit	757	0	0	40	Bug	1	1	0	10	20	-1	24576	pikachu	0	1	1	0	1	0	1	1	100	0	0	1	false	missing	0	brn	sitrusberry	2	1	99	1	1	boost:def=-1,spe=2:0:0:undefined:false:false	undefined	undefined	24576	24576	24576	0	2
weakarmor	onDamagingHit	758	1	1	40	Fire	0	1	0	10	-1	0	8192	greninjabond	1	0	0	1	0	0	1	0	100	0	0	1	0	Move	1	brn	wikiberry	1	0	-1	1	0		undefined	false	8192	8192	8192	0	2
weakarmor	onDamagingHit	759	-1	1	70	Dark	0	0	1	10	20	0	16384	pikachu	1	0	0	0	0	-1	0	1	100	100	0	0	undefined	missing	0	psn	leftovers	2	0	-1	1	1		undefined	false	16384	16384	16384	-1	0
weakarmor	onDamagingHit	760	0	6	70	Fire	1	1	1	10	-1	-1	8192	greninjabond	1	1	0	0	1	1	1	1	0	100	1	0	true	missing	1	brn	aguavberry	0	0	1	1	0	boost:def=-1,spe=2:0:0:undefined:false:false	undefined	undefined	8192	8192	8192	1	2
weakarmor	onDamagingHit	761	0	0	40	Ghost	0	0	1	100	0	0	8192	pikachu	0	1	1	1	0	6	0	0	0	100	0	1	undefined	missing	0	brn	leftovers	0	1	-1	0	1		undefined	false	8192	8192	8192	6	0
weakarmor	onDamagingHit	762	6	6	40	Water	0	0	0	20	-1	1	2048	greninjaash	0	1	0	1	1	0	0	1	100	100	1	0	false	Ability	1	brn	aguavberry	2	-1	-1	0	0		undefined	true	2048	2048	2048	0	0
weakarmor	onDamagingHit	763	-1	1	0	Water	0	1	1	0	20	0	0	greninjaash	0	0	1	0	1	6	1	0	100	160	0	1	false	Ability	0	brn	wikiberry	2	-1	1	0	0		undefined	false	0	0	0	6	2
weakarmor	onDamagingHit	764	6	6	0	Normal	1	0	1	100	20	0	16384	greninjabond	0	0	0	1	1	1	1	0	0	160	1	0	null	Move	0	psn	wikiberry	2	0	99	1	0	boost:def=-1,spe=2:0:0:undefined:false:false	undefined	false	16384	16384	16384	1	0
weakarmor	onDamagingHit	765	6	1	40	Bug	0	0	1	100	20	0	2048	greninjaash	1	0	0	0	1	6	0	2	60	160	0	0	true	missing	1	brn	wikiberry	0	1	1	0	1		undefined	false	2048	2048	2048	6	0
weakarmor	onDamagingHit	766	-1	1	60	Bug	0	1	1	10	0	0	8	greninjabond	1	0	0	1	1	1	0	1	100	0	0	1	true	Move	0	psn	wikiberry	1	0	1	0	0		undefined	false	8	8	8	1	2
weakarmor	onDamagingHit	767	-1	1	60	Fire	0	0	1	0	-1	-1	2048	greninjabond	0	0	1	1	1	6	1	0	100	160	1	0	undefined	missing	1	brn	sitrusberry	0	1	0	0	0		undefined	undefined	2048	2048	2048	6	0
weakarmor	onDamagingHit	768	0	1	0	Ghost	0	0	0	20	100	-1	24576	greninjaash	0	1	0	1	1	-1	1	0	60	160	0	1	true	Ability	0	brn	figyberry	2	-1	0	1	1		undefined	undefined	24576	24576	24576	-1	0
weakarmor	onDamagingHit	769	-1	0	0	Normal	0	1	1	100	20	0	0	pikachu	1	0	1	1	0	6	1	2	0	0	0	1	true	Ability	1	psn	aguavberry	0	1	0	0	1		undefined	false	0	0	0	6	2
weakarmor	onDamagingHit	770	6	6	70	Ghost	1	1	0	0	20	-1	24576	pikachu	1	1	1	1	0	-1	0	0	60	100	0	0	0	missing	0	psn	aguavberry	2	0	-1	1	0	boost:def=-1,spe=2:0:0:undefined:false:false	undefined	undefined	24576	24576	24576	-1	2
weakarmor	onDamagingHit	771	6	6	70	Dark	0	1	1	10	20	1	16384	greninjaash	0	0	0	1	0	-1	1	1	0	100	1	1	undefined	Ability	0	brn	wikiberry	2	1	-1	0	1		undefined	true	16384	16384	16384	-1	2
weakarmor	onDamagingHit	772	0	0	70	Ghost	0	1	0	20	20	-1	0	pikachu	0	1	1	0	1	1	1	0	100	0	0	1	0	missing	0	psn	wikiberry	2	-1	-1	0	0		undefined	undefined	0	0	0	1	2
weakarmor	onDamagingHit	773	0	0	70	Ghost	0	0	1	0	20	1	8192	greninjabond	0	1	0	1	0	0	0	0	0	100	0	0	null	missing	0	psn	iapapaberry	0	0	1	0	1		undefined	true	8192	8192	8192	0	0
weakarmor	onDamagingHit	774	0	6	60	Dark	0	0	1	10	100	1	0	greninjaash	1	1	0	1	0	1	0	1	0	160	0	1	null	missing	1	brn	iapapaberry	1	1	-1	1	1		undefined	true	0	0	0	1	0
weakarmor	onDamagingHit	775	0	6	0	Fire	1	0	0	20	100	-1	24576	greninjaash	0	0	0	0	0	1	1	1	0	0	0	1	false	Move	1	brn	wikiberry	1	0	0	0	1	boost:def=-1,spe=2:0:0:undefined:false:false	undefined	undefined	24576	24576	24576	1	0
weakarmor	onDamagingHit	776	0	1	0	Ghost	1	0	1	100	-1	-1	2048	greninjabond	0	0	1	0	1	0	0	2	100	0	0	0	null	missing	0	brn	wikiberry	1	1	-1	1	1	boost:def=-1,spe=2:0:0:undefined:false:false	undefined	undefined	2048	2048	2048	0	0
weakarmor	onDamagingHit	777	-1	0	0	Fire	1	1	1	100	0	1	8	greninjaash	1	1	1	0	0	6	1	0	60	0	1	0	false	Ability	0	psn	leftovers	1	-1	99	1	1	boost:def=-1,spe=2:0:0:undefined:false:false	undefined	true	8	8	8	6	2
weakarmor	onDamagingHit	778	1	0	61	Normal	1	1	1	20	100	-1	16384	pikachu	1	1	1	1	1	1	1	0	100	160	0	0	null	missing	0	brn	leftovers	2	1	-1	0	1	boost:def=-1,spe=2:0:0:undefined:false:false	undefined	undefined	16384	16384	16384	1	2
weakarmor	onDamagingHit	779	1	6	60	Fire	0	1	0	10	100	0	0	greninjaash	1	0	1	1	0	0	1	0	60	100	0	0	false	Ability	0	psn	sitrusberry	1	0	99	1	0		undefined	false	0	0	0	0	2
weakarmor	onDamagingHit	780	6	6	40	Ghost	1	1	1	10	100	-1	16384	pikachu	1	0	0	1	0	1	1	1	100	0	0	1	undefined	missing	0	psn	wikiberry	2	-1	0	0	1	boost:def=-1,spe=2:0:0:undefined:false:false	undefined	undefined	16384	16384	16384	1	2
weakarmor	onDamagingHit	781	1	0	60	Dark	1	1	1	20	-1	0	0	greninjabond	0	0	0	1	0	6	1	0	60	0	0	1	0	Ability	1	psn	aguavberry	2	-1	0	0	1	boost:def=-1,spe=2:0:0:undefined:false:false	undefined	false	0	0	0	6	2
weakarmor	onDamagingHit	782	1	6	60	Bug	0	0	1	10	100	-1	24576	greninjaash	1	1	1	1	1	6	1	0	0	0	1	1	0	Ability	1	psn	figyberry	2	1	1	0	0		undefined	undefined	24576	24576	24576	6	0
weakarmor	onDamagingHit	783	1	0	60	Water	1	0	1	10	20	-1	8	greninjabond	0	0	1	0	0	0	1	2	0	100	1	1	true	Ability	1	psn	magoberry	1	-1	1	1	0	boost:def=-1,spe=2:0:0:undefined:false:false	undefined	undefined	8	8	8	0	0
weakarmor	onDamagingHit	784	0	1	70	Dark	0	1	1	0	100	-1	16384	pikachu	1	0	0	1	1	6	0	1	0	160	1	0	null	missing	0	brn	sitrusberry	1	1	99	1	0		undefined	undefined	16384	16384	16384	6	2
weakarmor	onDamagingHit	785	-1	6	61	Fire	0	0	0	20	20	0	0	pikachu	0	0	0	0	1	6	0	0	0	160	1	0	null	Ability	1	brn	iapapaberry	2	0	0	1	1		undefined	false	0	0	0	6	0
weakarmor	onDamagingHit	786	0	1	61	Fire	1	0	1	0	-1	-1	16384	greninjabond	1	0	1	1	0	0	0	2	0	0	0	0	true	Move	1	psn	wikiberry	0	1	-1	1	1	boost:def=-1,spe=2:0:0:undefined:false:false	undefined	undefined	16384	16384	16384	0	0
weakarmor	onDamagingHit	787	-1	1	40	Normal	1	0	1	20	0	1	16384	greninjaash	1	1	1	0	1	1	1	2	100	160	1	0	null	Move	1	psn	iapapaberry	2	1	1	0	1	boost:def=-1,spe=2:0:0:undefined:false:false	undefined	true	16384	16384	16384	1	0
weakarmor	onDamagingHit	788	1	1	60	Ghost	0	0	1	10	100	1	2048	greninjabond	0	0	1	0	0	0	0	0	60	100	1	0	false	Ability	1	psn	sitrusberry	1	1	1	0	1		undefined	true	2048	2048	2048	0	0
weakarmor	onDamagingHit	789	-1	6	60	Bug	0	0	1	100	-1	0	8	greninjaash	1	1	0	0	0	0	0	2	100	160	0	1	undefined	missing	1	brn	sitrusberry	2	0	0	1	1		undefined	false	8	8	8	0	0
weakarmor	onDamagingHit	790	6	0	61	Ghost	1	0	0	10	20	-1	8192	greninjabond	0	0	1	1	0	-1	0	2	100	160	1	1	0	missing	0	brn	figyberry	2	0	-1	1	0	boost:def=-1,spe=2:0:0:undefined:false:false	undefined	undefined	8192	8192	8192	-1	0
weakarmor	onDamagingHit	791	1	1	40	Bug	1	0	0	100	-1	1	8	greninjaash	1	0	1	1	1	-1	1	1	60	0	0	0	true	Ability	1	psn	figyberry	1	0	1	0	1	boost:def=-1,spe=2:0:0:undefined:false:false	undefined	true	8	8	8	-1	0
weakarmor	onDamagingHit	792	0	0	0	Dark	1	0	0	20	-1	-1	16384	greninjabond	0	1	0	0	1	-1	0	0	60	0	0	1	undefined	missing	0	brn	sitrusberry	0	-1	1	0	0	boost:def=-1,spe=2:0:0:undefined:false:false	undefined	undefined	16384	16384	16384	-1	0
weakarmor	onDamagingHit	793	6	6	0	Bug	0	1	0	20	100	-1	8192	greninjaash	1	1	0	0	1	6	1	2	0	0	1	1	undefined	Move	1	psn	leftovers	1	1	1	1	1		undefined	undefined	8192	8192	8192	6	2
weakarmor	onDamagingHit	794	-1	1	61	Normal	1	0	1	20	20	1	8192	greninjaash	1	0	0	1	1	6	0	2	100	0	1	1	undefined	Move	0	brn	magoberry	2	0	0	1	0	boost:def=-1,spe=2:0:0:undefined:false:false	undefined	true	8192	8192	8192	6	0
weakarmor	onDamagingHit	795	6	6	0	Water	1	0	0	20	-1	-1	8	greninjabond	1	1	0	1	0	6	0	1	60	160	0	1	true	missing	1	brn	aguavberry	1	0	-1	1	0	boost:def=-1,spe=2:0:0:undefined:false:false	undefined	undefined	8	8	8	6	0
weakarmor	onDamagingHit	796	-1	6	60	Fire	0	0	0	0	100	-1	8192	greninjaash	1	1	1	1	0	0	0	1	60	100	0	1	true	missing	1	psn	figyberry	1	0	99	0	0		undefined	undefined	8192	8192	8192	0	0
weakarmor	onDamagingHit	797	1	0	70	Normal	0	1	1	10	-1	-1	24576	greninjabond	0	0	0	0	1	6	1	1	60	0	1	1	false	Ability	0	brn	figyberry	2	-1	-1	1	1		undefined	undefined	24576	24576	24576	6	2
weakarmor	onDamagingHit	798	-1	0	70	Bug	1	1	0	10	-1	-1	2048	greninjaash	0	0	1	1	1	-1	0	1	60	160	1	1	0	Ability	1	psn	leftovers	2	-1	1	1	1	boost:def=-1,spe=2:0:0:undefined:false:false	undefined	undefined	2048	2048	2048	-1	2
weakarmor	onDamagingHit	799	6	6	0	Ghost	0	0	1	20	100	1	24576	greninjaash	1	0	0	1	0	6	1	1	0	100	1	1	true	Move	1	psn	figyberry	0	-1	99	0	0		undefined	true	24576	24576	24576	6	0
weakarmor	onDamagingHit	800	0	1	61	Fire	1	0	1	100	0	0	0	greninjabond	1	1	1	1	0	1	1	2	60	160	0	0	true	Move	1	brn	iapapaberry	0	1	0	0	0	boost:def=-1,spe=2:0:0:undefined:false:false	undefined	false	0	0	0	1	0
weakarmor	onDamagingHit	801	6	0	40	Water	1	0	0	10	-1	-1	8192	pikachu	1	0	0	1	1	6	0	0	0	160	1	1	true	Move	0	psn	leftovers	0	1	-1	0	1	boost:def=-1,spe=2:0:0:undefined:false:false	undefined	undefined	8192	8192	8192	6	0
weakarmor	onDamagingHit	802	6	0	60	Dark	1	1	0	10	100	0	16384	greninjaash	1	1	0	0	1	1	1	2	0	0	1	1	null	Ability	1	psn	leftovers	2	0	0	0	1	boost:def=-1,spe=2:0:0:undefined:false:false	undefined	false	16384	16384	16384	1	2
weakarmor	onDamagingHit	803	1	0	61	Water	1	0	1	100	-1	1	24576	greninjabond	1	1	1	1	1	-1	0	1	100	0	0	1	0	Move	1	brn	iapapaberry	0	1	99	1	1	boost:def=-1,spe=2:0:0:undefined:false:false	undefined	true	24576	24576	24576	-1	0
weakarmor	onDamagingHit	804	1	6	61	Fire	1	1	1	100	100	0	8192	pikachu	0	1	0	0	0	-1	0	1	100	0	0	0	true	missing	1	psn	sitrusberry	0	0	-1	0	0	boost:def=-1,spe=2:0:0:undefined:false:false	undefined	false	8192	8192	8192	-1	2
weakarmor	onDamagingHit	805	6	6	61	Fire	1	0	0	100	0	0	16384	greninjaash	0	1	1	1	1	0	0	0	60	160	1	0	true	missing	1	psn	leftovers	1	-1	-1	1	1	boost:def=-1,spe=2:0:0:undefined:false:false	undefined	false	16384	16384	16384	0	0
weakarmor	onDamagingHit	806	0	6	60	Ghost	1	1	0	10	0	1	8192	greninjaash	0	1	0	1	1	0	1	2	60	0	0	1	true	Ability	1	brn	iapapaberry	1	1	-1	0	1	boost:def=-1,spe=2:0:0:undefined:false:false	undefined	true	8192	8192	8192	0	2
weakarmor	onDamagingHit	807	-1	6	40	Dark	0	0	0	10	20	-1	24576	greninjaash	1	0	1	0	0	1	1	1	0	100	1	1	false	Ability	0	brn	sitrusberry	2	-1	99	1	1		undefined	undefined	24576	24576	24576	1	0
weakarmor	onDamagingHit	808	1	6	60	Fire	0	1	1	0	20	1	8192	pikachu	0	0	0	0	0	-1	1	1	0	0	1	1	undefined	Move	1	brn	figyberry	1	-1	-1	0	1		undefined	true	8192	8192	8192	-1	2
weakarmor	onDamagingHit	809	6	6	61	Dark	0	1	0	10	100	1	2048	greninjabond	0	1	0	1	0	6	1	2	0	0	1	0	undefined	missing	1	brn	iapapaberry	1	-1	0	0	0		undefined	true	2048	2048	2048	6	2
weakarmor	onDamagingHit	810	6	6	40	Water	1	1	0	100	0	-1	24576	pikachu	0	1	0	0	0	0	0	2	100	160	1	1	true	Ability	1	psn	leftovers	1	0	0	1	1	boost:def=-1,spe=2:0:0:undefined:false:false	undefined	undefined	24576	24576	24576	0	2
weakarmor	onDamagingHit	811	0	0	0	Fire	0	0	1	100	20	0	8	pikachu	0	1	0	0	1	0	0	0	60	100	1	0	undefined	Move	1	psn	figyberry	0	-1	0	0	0		undefined	false	8	8	8	0	0
weakarmor	onDamagingHit	812	-1	1	61	Fire	0	1	1	20	100	1	8192	greninjabond	0	0	1	1	0	-1	1	1	60	160	1	1	null	Move	0	psn	magoberry	1	1	0	1	1		undefined	true	8192	8192	8192	-1	2
weakarmor	onDamagingHit	813	0	1	40	Bug	0	1	0	0	0	-1	24576	greninjaash	1	0	1	1	1	6	1	2	100	100	1	0	false	Move	0	psn	aguavberry	0	1	99	0	1		undefined	undefined	24576	24576	24576	6	2
weakarmor	onDamagingHit	814	6	6	0	Normal	1	0	1	10	100	1	8	greninjaash	0	1	0	1	0	0	0	2	60	160	0	1	undefined	Ability	0	brn	leftovers	2	1	1	1	0	boost:def=-1,spe=2:0:0:undefined:false:false	undefined	true	8	8	8	0	0
weakarmor	onDamagingHit	815	-1	6	40	Water	0	0	0	100	-1	-1	16384	greninjaash	1	0	0	0	1	0	0	1	60	100	0	0	true	missing	0	brn	sitrusberry	0	-1	-1	0	0		undefined	undefined	16384	16384	16384	0	0
weakarmor	onDamagingHit	816	1	6	70	Fire	1	1	0	10	0	0	8192	greninjaash	0	1	0	1	0	0	1	0	100	160	0	0	false	missing	1	brn	aguavberry	0	-1	99	0	1	boost:def=-1,spe=2:0:0:undefined:false:false	undefined	false	8192	8192	8192	0	2
weakarmor	onDamagingHit	817	1	0	61	Ghost	0	0	0	0	0	-1	8	pikachu	1	0	0	0	0	-1	1	0	0	160	1	0	undefined	missing	0	brn	iapapaberry	2	0	99	0	0		undefined	undefined	8	8	8	-1	0
weakarmor	onDamagingHit	818	1	6	0	Dark	0	1	0	10	-1	1	8	pikachu	0	0	0	0	1	6	1	2	100	160	0	1	undefined	Ability	0	brn	wikiberry	0	1	0	0	0		undefined	true	8	8	8	6	2
weakarmor	onDamagingHit	819	6	6	0	Fire	0	0	0	0	100	0	24576	pikachu	0	1	1	0	0	1	0	2	60	0	0	0	false	Ability	1	psn	figyberry	2	0	-1	1	1		undefined	false	24576	24576	24576	1	0
weakarmor	onDamagingHit	820	1	0	40	Dark	1	0	0	10	0	0	0	pikachu	1	0	1	0	1	6	1	2	60	100	0	0	undefined	missing	0	psn	leftovers	0	1	1	1	1	boost:def=-1,spe=2:0:0:undefined:false:false	undefined	false	0	0	0	6	0
weakarmor	onDamagingHit	821	6	6	61	Water	0	0	0	20	0	1	2048	greninjabond	0	1	1	0	0	0	1	1	0	160	1	1	true	Ability	1	brn	aguavberry	1	1	99	0	1		undefined	true	2048	2048	2048	0	0
weakarmor	onDamagingHit	822	-1	1	60	Dark	1	0	1	10	20	0	16384	greninjabond	0	1	0	1	1	1	0	1	60	100	0	1	null	Ability	1	psn	figyberry	1	-1	-1	0	0	boost:def=-1,spe=2:0:0:undefined:false:false	undefined	false	16384	16384	16384	1	0
weakarmor	onDamagingHit	823	0	6	61	Water	1	0	1	20	100	-1	2048	greninjaash	0	0	1	1	0	-1	0	2	60	0	1	0	undefined	Move	0	psn	aguavberry	0	-1	0	0	1	boost:def=-1,spe=2:0:0:undefined:false:false	undefined	undefined	2048	2048	2048	-1	0
weakarmor	onDamagingHit	824	1	0	61	Dark	0	0	1	20	20	0	24576	greninjabond	1	1	1	0	0	6	0	1	60	160	0	1	false	Move	0	psn	figyberry	2	0	1	0	0		undefined	false	24576	24576	24576	6	0
weakarmor	onDamagingHit	825	1	6	40	Bug	1	1	0	0	20	0	0	greninjabond	0	1	1	0	0	-1	0	2	0	160	0	0	true	Ability	1	psn	iapapaberry	2	1	-1	0	0	boost:def=-1,spe=2:0:0:undefined:false:false	undefined	false	0	0	0	-1	2
weakarmor	onDamagingHit	826	0	0	40	Bug	0	0	1	100	100	-1	0	pikachu	0	0	1	0	0	1	1	1	0	0	0	1	true	Ability	1	psn	iapapaberry	1	1	0	1	0		undefined	undefined	0	0	0	1	0
weakarmor	onDamagingHit	827	1	6	61	Water	0	0	1	0	100	-1	8192	greninjabond	0	1	1	1	1	6	0	1	60	0	1	1	true	missing	0	psn	figyberry	0	-1	1	1	0		undefined	undefined	8192	8192	8192	6	0
weakarmor	onDamagingHit	828	0	6	60	Ghost	0	1	1	0	0	0	2048	greninjaash	0	1	0	1	1	6	1	0	100	100	0	1	false	missing	0	psn	sitrusberry	0	0	99	1	0		undefined	false	2048	2048	2048	6	2
weakarmor	onDamagingHit	829	-1	6	61	Fire	1	1	0	100	100	0	24576	pikachu	0	0	1	0	0	6	0	1	100	0	1	1	null	Ability	0	psn	leftovers	2	-1	99	0	1	boost:def=-1,spe=2:0:0:undefined:false:false	undefined	false	24576	24576	24576	6	2
weakarmor	onDamagingHit	830	0	6	0	Bug	1	1	1	10	20	0	8192	greninjaash	1	0	0	1	0	1	1	2	60	0	1	1	undefined	Ability	1	brn	figyberry	2	0	1	1	1	boost:def=-1,spe=2:0:0:undefined:false:false	undefined	false	8192	8192	8192	1	2
weakarmor	onDamagingHit	831	1	0	70	Bug	1	0	0	0	20	-1	2048	greninjabond	0	0	1	0	0	6	0	2	60	160	0	1	false	missing	0	psn	wikiberry	2	0	0	1	0	boost:def=-1,spe=2:0:0:undefined:false:false	undefined	undefined	2048	2048	2048	6	0
weakarmor	onDamagingHit	832	1	6	60	Dark	1	0	1	100	0	-1	0	greninjabond	0	0	0	1	0	-1	0	0	100	100	1	0	0	missing	0	psn	aguavberry	2	-1	0	1	0	boost:def=-1,spe=2:0:0:undefined:false:false	undefined	undefined	0	0	0	-1	0
weakarmor	onDamagingHit	833	1	0	70	Fire	0	0	1	0	0	-1	8192	greninjabond	0	1	1	1	0	-1	1	0	100	100	0	1	null	Move	1	psn	sitrusberry	1	1	1	1	0		undefined	undefined	8192	8192	8192	-1	0
weakarmor	onDamagingHit	834	-1	1	70	Fire	0	0	1	10	0	1	24576	greninjabond	0	1	1	0	1	-1	0	1	100	0	0	1	0	Ability	1	brn	sitrusberry	0	0	0	1	1		undefined	true	24576	24576	24576	-1	0
weakarmor	onDamagingHit	835	0	6	0	Bug	1	0	0	10	0	0	0	greninjaash	1	1	0	1	1	-1	1	1	60	0	0	0	null	Ability	0	brn	wikiberry	1	0	0	0	1	boost:def=-1,spe=2:0:0:undefined:false:false	undefined	false	0	0	0	-1	0
weakarmor	onDamagingHit	836	6	1	70	Ghost	1	1	1	100	0	-1	2048	greninjabond	1	1	1	0	1	1	0	0	100	160	1	0	true	Move	1	psn	iapapaberry	0	1	-1	1	0	boost:def=-1,spe=2:0:0:undefined:false:false	undefined	undefined	2048	2048	2048	1	2
weakarmor	onDamagingHit	837	1	1	60	Dark	0	0	0	10	100	-1	2048	greninjaash	1	0	1	0	0	0	1	0	0	100	1	0	0	Ability	0	psn	figyberry	1	0	1	0	1		undefined	undefined	2048	2048	2048	0	0
weakarmor	onDamagingHit	838	1	0	60	Dark	0	1	0	10	-1	0	8192	greninjabond	1	0	1	1	1	6	0	1	100	0	1	1	undefined	Move	0	psn	iapapaberry	1	1	-1	1	0		undefined	false	8192	8192	8192	6	2
weakarmor	onDamagingHit	839	1	6	0	Ghost	1	0	1	100	-1	1	2048	greninjaash	0	0	0	0	1	1	0	0	0	160	1	1	undefined	missing	0	brn	wikiberry	2	1	1	0	1	boost:def=-1,spe=2:0:0:undefined:false:false	undefined	true	2048	2048	2048	1	0
weakarmor	onDamagingHit	840	1	6	70	Bug	1	1	0	0	20	0	16384	pikachu	1	0	1	0	1	1	0	1	0	0	0	1	true	Ability	0	psn	iapapaberry	0	-1	0	1	1	boost:def=-1,spe=2:0:0:undefined:false:false	undefined	false	16384	16384	16384	1	2
weakarmor	onDamagingHit	841	1	1	0	Ghost	1	1	1	100	-1	1	8	pikachu	1	0	1	1	1	-1	0	0	60	0	0	1	true	missing	0	brn	aguavberry	1	-1	99	1	0	boost:def=-1,spe=2:0:0:undefined:false:false	undefined	true	8	8	8	-1	2
weakarmor	onDamagingHit	842	6	0	61	Bug	0	1	1	100	-1	-1	24576	greninjaash	0	1	1	0	1	6	1	1	100	100	1	1	false	missing	0	psn	leftovers	0	1	0	0	1		undefined	undefined	24576	24576	24576	6	2
weakarmor	onDamagingHit	843	6	6	0	Dark	1	0	1	20	-1	-1	2048	greninjabond	1	1	1	0	0	0	1	0	60	160	1	0	null	Move	0	brn	aguavberry	2	0	99	1	0	boost:def=-1,spe=2:0:0:undefined:false:false	undefined	undefined	2048	2048	2048	0	0
weakarmor	onDamagingHit	844	0	1	40	Fire	1	0	0	20	0	1	24576	pikachu	0	0	1	1	1	1	0	0	100	100	0	1	null	missing	1	psn	figyberry	1	1	1	1	0	boost:def=-1,spe=2:0:0:undefined:false:false	undefined	true	24576	24576	24576	1	0
weakarmor	onDamagingHit	845	-1	6	61	Normal	0	1	0	20	100	0	2048	greninjaash	0	1	0	1	0	6	0	0	60	160	0	0	false	Ability	1	brn	figyberry	1	0	1	1	1		undefined	false	2048	2048	2048	6	2
weakarmor	onDamagingHit	846	6	0	60	Normal	0	1	0	10	0	-1	2048	greninjabond	1	1	1	1	1	-1	0	0	0	0	1	1	false	Move	1	brn	figyberry	0	1	1	0	0		undefined	undefined	2048	2048	2048	-1	2
weakarmor	onDamagingHit	847	6	1	70	Dark	0	0	0	10	100	1	16384	greninjaash	1	1	1	1	0	0	0	2	60	0	1	0	undefined	Ability	0	brn	wikiberry	2	1	1	1	0		undefined	true	16384	16384	16384	0	0
weakarmor	onDamagingHit	848	6	1	0	Normal	0	0	1	10	-1	0	16384	pikachu	0	1	1	0	1	6	0	2	0	160	1	0	true	Move	1	psn	wikiberry	1	-1	-1	1	1		undefined	false	16384	16384	16384	6	0
weakarmor	onDamagingHit	849	0	1	60	Bug	1	0	1	100	100	0	0	greninjabond	0	1	1	0	1	-1	1	2	60	0	0	0	false	Ability	1	brn	iapapaberry	0	1	0	1	0	boost:def=-1,spe=2:0:0:undefined:false:false	undefined	false	0	0	0	-1	0
weakarmor	onDamagingHit	850	6	0	70	Ghost	0	1	0	10	20	0	16384	greninjabond	1	1	0	0	0	0	1	1	0	0	1	1	0	Move	1	brn	magoberry	2	0	0	1	0		undefined	false	16384	16384	16384	0	2
weakarmor	onDamagingHit	851	1	6	70	Fire	1	0	0	20	-1	0	0	greninjabond	1	1	0	0	1	1	1	1	100	160	1	1	null	missing	0	psn	sitrusberry	0	1	1	1	1	boost:def=-1,spe=2:0:0:undefined:false:false	undefined	false	0	0	0	1	0
weakarmor	onDamagingHit	852	6	1	61	Ghost	0	0	1	10	0	1	24576	pikachu	1	1	0	1	1	1	0	2	60	160	0	0	false	missing	1	psn	figyberry	0	-1	99	0	1		undefined	true	24576	24576	24576	1	0
weakarmor	onDamagingHit	853	1	0	60	Normal	1	0	1	0	20	1	24576	pikachu	0	0	0	1	1	0	1	0	100	0	0	0	false	Move	0	brn	wikiberry	1	0	0	1	1	boost:def=-1,spe=2:0:0:undefined:false:false	undefined	true	24576	24576	24576	0	0
weakarmor	onDamagingHit	854	0	6	60	Fire	0	0	0	10	100	-1	24576	greninjabond	1	1	1	1	0	-1	1	2	60	100	0	1	0	missing	1	psn	figyberry	2	1	0	1	1		undefined	undefined	24576	24576	24576	-1	0
weakarmor	onDamagingHit	855	-1	1	40	Water	0	1	0	0	20	-1	16384	greninjaash	1	1	0	1	1	-1	1	0	0	160	0	1	undefined	Ability	1	brn	aguavberry	1	0	99	1	0		undefined	undefined	16384	16384	16384	-1	2
weakarmor	onDamagingHit	856	6	6	40	Water	1	0	0	20	100	1	8192	pikachu	0	1	0	1	1	0	1	1	100	0	1	1	true	Move	1	psn	wikiberry	0	-1	99	1	0	boost:def=-1,spe=2:0:0:undefined:false:false	undefined	true	8192	8192	8192	0	0
weakarmor	onDamagingHit	857	0	1	40	Water	0	1	1	20	-1	-1	8	pikachu	0	0	1	0	1	-1	1	2	0	0	0	0	undefined	Move	0	psn	magoberry	0	1	99	0	0		undefined	undefined	8	8	8	-1	2
weakarmor	onDamagingHit	858	1	1	70	Water	1	0	0	100	100	-1	24576	greninjaash	1	0	0	0	1	-1	0	1	0	100	1	1	true	Ability	1	psn	sitrusberry	2	1	0	0	0	boost:def=-1,spe=2:0:0:undefined:false:false	undefined	undefined	24576	24576	24576	-1	0
weakarmor	onDamagingHit	859	0	6	40	Water	0	0	0	100	20	-1	2048	pikachu	0	1	1	1	1	6	1	0	0	100	0	1	null	missing	0	psn	iapapaberry	1	0	0	0	1		undefined	undefined	2048	2048	2048	6	0
weakarmor	onDamagingHit	860	0	1	40	Fire	1	1	1	0	0	-1	24576	greninjaash	1	1	1	0	0	0	0	1	100	100	1	1	true	missing	0	psn	leftovers	2	-1	-1	0	1	boost:def=-1,spe=2:0:0:undefined:false:false	undefined	undefined	24576	24576	24576	0	2
weakarmor	onDamagingHit	861	6	1	60	Fire	0	1	1	20	20	1	2048	greninjaash	1	1	0	0	1	6	1	0	100	160	0	1	false	missing	1	psn	sitrusberry	2	1	0	1	1		undefined	true	2048	2048	2048	6	2
weakarmor	onDamagingHit	862	1	1	0	Water	0	0	1	10	20	-1	8192	greninjabond	1	0	0	0	1	0	0	1	100	160	0	0	true	Ability	0	brn	sitrusberry	2	0	99	0	1		undefined	undefined	8192	8192	8192	0	0
weakarmor	onDamagingHit	863	0	1	61	Water	0	1	1	100	-1	-1	24576	greninjaash	1	1	1	0	1	-1	1	2	60	100	1	1	null	Move	1	psn	wikiberry	0	-1	99	0	1		undefined	undefined	24576	24576	24576	-1	2
weakarmor	onDamagingHit	864	6	6	40	Water	0	1	0	100	-1	0	8192	greninjabond	1	0	1	0	1	1	1	2	100	160	0	0	true	missing	1	psn	iapapaberry	1	-1	1	1	0		undefined	false	8192	8192	8192	1	2
weakarmor	onDamagingHit	865	0	1	61	Fire	1	0	1	20	20	0	16384	pikachu	1	1	0	0	0	-1	0	0	100	0	1	1	undefined	Move	1	brn	aguavberry	1	1	-1	0	0	boost:def=-1,spe=2:0:0:undefined:false:false	undefined	false	16384	16384	16384	-1	0
weakarmor	onDamagingHit	866	0	0	0	Ghost	1	0	0	10	0	-1	8192	pikachu	1	0	0	0	0	1	1	2	60	0	0	1	undefined	Move	0	brn	magoberry	0	-1	0	1	1	boost:def=-1,spe=2:0:0:undefined:false:false	undefined	undefined	8192	8192	8192	1	0
weakarmor	onDamagingHit	867	6	0	70	Water	0	0	1	100	100	1	16384	pikachu	0	1	0	0	0	0	1	1	100	0	1	0	undefined	Ability	0	brn	wikiberry	2	0	99	1	0		undefined	true	16384	16384	16384	0	0
weakarmor	onDamagingHit	868	-1	0	60	Fire	0	1	0	100	-1	1	16384	greninjaash	0	0	1	1	0	0	1	2	100	160	0	0	undefined	missing	0	psn	iapapaberry	1	-1	0	0	0		undefined	true	16384	16384	16384	0	2
weakarmor	onDamagingHit	869	0	1	0	Bug	0	0	1	100	20	-1	8192	greninjaash	0	0	0	0	1	0	0	1	100	100	0	1	0	Move	0	psn	wikiberry	0	1	-1	0	0		undefined	undefined	8192	8192	8192	0	0
weakarmor	onDamagingHit	870	6	1	60	Ghost	0	1	1	20	20	-1	0	pikachu	1	0	0	0	0	0	1	0	60	0	0	0	null	Move	1	psn	figyberry	1	-1	0	1	0		undefined	undefined	0	0	0	0	2
weakarmor	onDamagingHit	871	0	1	70	Ghost	0	1	0	10	0	-1	24576	greninjaash	0	1	1	0	0	6	1	2	100	0	0	0	null	missing	1	psn	sitrusberry	2	0	-1	1	0		undefined	undefined	24576	24576	24576	6	2
weakarmor	onDamagingHit	872	6	1	60	Bug	1	1	1	0	100	1	8	pikachu	0	0	1	1	1	-1	1	2	60	100	1	1	undefined	Move	0	psn	figyberry	1	1	0	0	0	boost:def=-1,spe=2:0:0:undefined:false:false	undefined	true	8	8	8	-1	2
weakarmor	onDamagingHit	873	-1	0	60	Ghost	1	1	0	10	0	0	24576	greninjaash	0	0	0	1	0	-1	1	0	100	160	1	1	true	Move	0	brn	wikiberry	0	1	1	0	0	boost:def=-1,spe=2:0:0:undefined:false:false	undefined	false	24576	24576	24576	-1	2
weakarmor	onDamagingHit	874	-1	0	70	Water	1	1	1	100	20	0	2048	greninjabond	1	1	1	0	1	0	1	0	100	0	0	1	undefined	Move	1	psn	wikiberry	1	1	0	0	0	boost:def=-1,spe=2:0:0:undefined:false:false	undefined	false	2048	2048	2048	0	2
weakarmor	onDamagingHit	875	1	1	60	Bug	0	0	0	0	100	1	16384	greninjabond	0	1	0	0	1	1	0	0	100	100	0	0	false	Move	1	brn	wikiberry	1	-1	1	1	1		undefined	true	16384	16384	16384	1	0
weakarmor	onDamagingHit	876	1	6	0	Dark	1	0	1	20	-1	-1	16384	greninjabond	1	0	0	0	0	-1	1	2	60	160	0	1	false	Move	0	psn	wikiberry	2	-1	1	0	0	boost:def=-1,spe=2:0:0:undefined:false:false	undefined	undefined	16384	16384	16384	-1	0
weakarmor	onDamagingHit	877	6	1	0	Bug	1	1	1	10	-1	0	0	greninjabond	0	1	0	1	0	-1	1	2	100	0	0	0	false	Ability	0	brn	aguavberry	2	0	-1	0	0	boost:def=-1,spe=2:0:0:undefined:false:false	undefined	false	0	0	0	-1	2
weakarmor	onDamagingHit	878	-1	1	70	Bug	1	1	1	20	-1	1	8	pikachu	0	0	0	0	1	1	1	1	0	100	0	0	0	Move	0	brn	aguavberry	0	0	99	1	0	boost:def=-1,spe=2:0:0:undefined:false:false	undefined	true	8	8	8	1	2
weakarmor	onDamagingHit	879	1	1	70	Ghost	1	1	1	0	20	0	24576	greninjaash	0	1	0	1	1	1	1	1	100	100	1	0	undefined	missing	1	brn	leftovers	1	-1	-1	1	1	boost:def=-1,spe=2:0:0:undefined:false:false	undefined	false	24576	24576	24576	1	2
weakarmor	onDamagingHit	880	6	0	40	Water	1	0	0	10	-1	-1	2048	greninjaash	1	1	0	0	0	1	0	2	100	0	1	0	true	Move	0	psn	figyberry	0	1	-1	0	1	boost:def=-1,spe=2:0:0:undefined:false:false	undefined	undefined	2048	2048	2048	1	0
weakarmor	onDamagingHit	881	-1	0	0	Bug	0	0	0	10	20	0	16384	greninjabond	0	1	0	1	0	-1	0	2	0	100	1	0	undefined	missing	0	psn	magoberry	0	1	99	1	0		undefined	false	16384	16384	16384	-1	0
weakarmor	onDamagingHit	882	6	1	60	Fire	1	1	1	10	100	0	24576	pikachu	1	1	1	0	0	-1	0	2	60	100	0	1	true	Move	1	brn	figyberry	2	-1	0	0	0	boost:def=-1,spe=2:0:0:undefined:false:false	undefined	false	24576	24576	24576	-1	2
weakarmor	onDamagingHit	883	0	1	70	Fire	0	0	1	0	0	-1	8	greninjaash	1	1	1	1	1	6	0	2	100	100	1	1	null	missing	1	brn	sitrusberry	2	1	-1	0	0		undefined	undefined	8	8	8	6	0
weakarmor	onDamagingHit	884	-1	1	61	Dark	1	1	1	10	-1	-1	16384	greninjabond	0	1	1	1	0	-1	1	2	0	160	1	0	null	Move	1	psn	aguavberry	2	0	99	0	1	boost:def=-1,spe=2:0:0:undefined:false:false	undefined	undefined	16384	16384	16384	-1	2
weakarmor	onDamagingHit	885	-1	1	0	Dark	0	0	1	20	-1	1	16384	pikachu	1	0	0	1	0	1	0	1	100	100	1	0	0	Move	1	psn	iapapaberry	1	-1	-1	0	0		undefined	true	16384	16384	16384	1	0
weakarmor	onDamagingHit	886	0	1	0	Water	1	0	1	20	0	0	16384	greninjaash	0	1	1	0	1	1	0	1	60	160	1	0	undefined	missing	0	psn	iapapaberry	0	-1	0	0	1	boost:def=-1,spe=2:0:0:undefined:false:false	undefined	false	16384	16384	16384	1	0
weakarmor	onDamagingHit	887	6	0	0	Normal	1	1	0	20	-1	-1	8	greninjaash	0	1	1	1	1	0	1	1	0	100	1	1	null	Ability	1	brn	aguavberry	0	-1	0	0	0	boost:def=-1,spe=2:0:0:undefined:false:false	undefined	undefined	8	8	8	0	2
weakarmor	onDamagingHit	888	-1	1	60	Normal	0	0	0	20	0	0	0	greninjaash	0	0	1	1	0	6	0	2	100	160	0	1	true	Move	0	psn	sitrusberry	0	-1	99	0	1		undefined	false	0	0	0	6	0
weakarmor	onDamagingHit	889	-1	1	0	Bug	1	1	0	0	100	-1	0	pikachu	1	0	0	0	1	-1	1	2	0	0	1	0	null	Move	1	psn	aguavberry	0	-1	0	1	0	boost:def=-1,spe=2:0:0:undefined:false:false	undefined	undefined	0	0	0	-1	2
weakarmor	onDamagingHit	890	1	1	61	Fire	1	1	1	100	0	-1	8	greninjabond	1	0	1	0	0	1	1	0	0	160	0	1	false	missing	0	psn	iapapaberry	2	1	0	1	1	boost:def=-1,spe=2:0:0:undefined:false:false	undefined	undefined	8	8	8	1	2
weakarmor	onDamagingHit	891	6	0	0	Fire	1	0	0	10	-1	-1	8192	pikachu	1	1	0	1	0	-1	0	2	0	0	1	0	null	Move	1	psn	iapapaberry	0	-1	99	1	1	boost:def=-1,spe=2:0:0:undefined:false:false	undefined	undefined	8192	8192	8192	-1	0
weakarmor	onDamagingHit	892	1	0	60	Ghost	0	1	0	0	-1	-1	8192	greninjaash	1	1	1	0	0	6	0	1	60	0	0	1	0	missing	1	brn	wikiberry	2	-1	-1	0	1		undefined	undefined	8192	8192	8192	6	2
weakarmor	onDamagingHit	893	1	1	0	Ghost	1	1	0	0	-1	-1	8192	greninjaash	0	1	1	1	0	-1	1	0	0	0	1	1	null	Ability	0	psn	aguavberry	1	0	99	1	0	boost:def=-1,spe=2:0:0:undefined:false:false	undefined	undefined	8192	8192	8192	-1	2
weakarmor	onDamagingHit	894	6	6	61	Fire	1	0	0	20	100	0	16384	pikachu	0	1	1	0	0	6	1	2	100	160	1	0	0	missing	1	brn	magoberry	1	-1	99	1	1	boost:def=-1,spe=2:0:0:undefined:false:false	undefined	false	16384	16384	16384	6	0
weakarmor	onDamagingHit	895	6	0	70	Normal	1	1	0	10	0	-1	8	pikachu	1	1	0	0	0	-1	0	2	60	0	0	1	true	Move	0	psn	magoberry	0	0	1	1	1	boost:def=-1,spe=2:0:0:undefined:false:false	undefined	undefined	8	8	8	-1	2
weakarmor	onDamagingHit	896	-1	6	70	Bug	1	1	1	100	20	0	0	greninjaash	1	0	1	0	0	0	0	2	100	160	1	0	0	Move	1	psn	figyberry	2	1	1	0	0	boost:def=-1,spe=2:0:0:undefined:false:false	undefined	false	0	0	0	0	2
weakarmor	onDamagingHit	897	6	1	40	Ghost	1	0	0	0	-1	-1	24576	greninjaash	0	1	0	0	1	-1	0	0	60	100	1	0	0	Move	0	brn	magoberry	2	-1	1	1	0	boost:def=-1,spe=2:0:0:undefined:false:false	undefined	undefined	24576	24576	24576	-1	0
weakarmor	onDamagingHit	898	1	0	0	Normal	0	0	1	10	-1	-1	2048	greninjabond	0	0	0	0	1	0	1	2	0	0	1	1	null	missing	1	brn	iapapaberry	0	-1	0	0	1		undefined	undefined	2048	2048	2048	0	0
weakarmor	onDamagingHit	899	1	6	0	Normal	1	0	0	20	-1	-1	24576	pikachu	1	1	1	0	1	0	0	1	60	100	0	0	null	missing	1	psn	sitrusberry	2	0	0	1	0	boost:def=-1,spe=2:0:0:undefined:false:false	undefined	undefined	24576	24576	24576	0	0
weakarmor	onDamagingHit	900	-1	6	0	Normal	1	0	1	100	-1	0	24576	pikachu	1	0	0	1	0	6	0	2	60	160	1	0	true	Move	1	brn	magoberry	1	1	0	1	1	boost:def=-1,spe=2:0:0:undefined:false:false	undefined	false	24576	24576	24576	6	0
weakarmor	onDamagingHit	901	-1	1	60	Water	1	1	0	10	-1	-1	16384	greninjabond	1	0	1	0	1	1	1	1	0	0	1	1	0	missing	1	brn	iapapaberry	1	-1	99	1	0	boost:def=-1,spe=2:0:0:undefined:false:false	undefined	undefined	16384	16384	16384	1	2
weakarmor	onDamagingHit	902	-1	0	40	Water	1	1	0	20	20	1	8192	greninjabond	0	0	1	0	1	6	1	0	60	100	1	0	true	Move	0	psn	figyberry	2	0	0	0	0	boost:def=-1,spe=2:0:0:undefined:false:false	undefined	true	8192	8192	8192	6	2
weakarmor	onDamagingHit	903	-1	0	61	Bug	0	1	1	100	20	-1	2048	pikachu	1	1	1	1	1	6	0	2	100	160	1	0	undefined	Move	0	psn	aguavberry	0	0	1	1	0		undefined	undefined	2048	2048	2048	6	2
weakarmor	onDamagingHit	904	-1	0	40	Bug	0	1	0	0	0	0	8	greninjaash	1	1	0	1	0	1	1	2	100	100	1	1	true	missing	1	psn	iapapaberry	1	-1	0	0	0		undefined	false	8	8	8	1	2
weakarmor	onDamagingHit	905	6	0	60	Bug	0	0	0	0	100	-1	2048	greninjaash	0	0	0	1	1	-1	0	1	100	0	0	1	true	Move	1	brn	magoberry	0	-1	-1	0	0		undefined	undefined	2048	2048	2048	-1	0
weakarmor	onDamagingHit	906	0	0	61	Ghost	0	0	0	100	20	-1	8	greninjabond	0	0	0	0	0	6	0	2	60	0	1	1	null	Move	1	psn	leftovers	2	-1	0	1	0		undefined	undefined	8	8	8	6	0
weakarmor	onDamagingHit	907	0	6	60	Bug	1	0	1	20	20	-1	8192	greninjabond	0	1	0	0	1	1	0	0	100	100	1	1	0	missing	1	brn	sitrusberry	1	1	-1	0	1	boost:def=-1,spe=2:0:0:undefined:false:false	undefined	undefined	8192	8192	8192	1	0
weakarmor	onDamagingHit	908	1	1	61	Bug	0	0	0	20	20	0	24576	greninjaash	0	1	1	0	1	6	0	0	60	0	1	0	true	Ability	1	brn	wikiberry	0	0	1	1	0		undefined	false	24576	24576	24576	6	0
weakarmor	onDamagingHit	909	0	0	70	Bug	0	0	0	100	0	1	8192	greninjabond	1	1	1	0	1	-1	0	0	0	100	1	0	0	Ability	0	brn	sitrusberry	2	-1	1	1	0		undefined	true	8192	8192	8192	-1	0
weakarmor	onDamagingHit	910	0	6	70	Ghost	1	1	0	20	20	0	2048	pikachu	0	0	0	0	0	-1	0	1	0	160	0	0	undefined	missing	0	brn	sitrusberry	0	0	99	1	1	boost:def=-1,spe=2:0:0:undefined:false:false	undefined	false	2048	2048	2048	-1	2
weakarmor	onDamagingHit	911	0	0	0	Dark	0	1	0	20	-1	1	2048	greninjabond	1	1	0	1	1	1	0	2	100	160	0	0	undefined	Ability	0	brn	wikiberry	0	1	99	0	1		undefined	true	2048	2048	2048	1	2
weakarmor	onDamagingHit	912	-1	1	61	Water	1	0	0	10	20	1	24576	greninjaash	0	1	1	0	0	-1	1	0	0	100	0	1	undefined	Ability	1	psn	figyberry	0	-1	-1	0	1	boost:def=-1,spe=2:0:0:undefined:false:false	undefined	true	24576	24576	24576	-1	0
weakarmor	onDamagingHit	913	6	0	70	Bug	1	1	1	100	-1	-1	8192	greninjabond	1	1	1	1	0	-1	1	0	100	100	0	1	0	Move	0	psn	figyberry	2	0	1	0	0	boost:def=-1,spe=2:0:0:undefined:false:false	undefined	undefined	8192	8192	8192	-1	2
weakarmor	onDamagingHit	914	-1	6	40	Water	0	1	0	10	0	0	24576	greninjaash	0	1	0	0	1	1	1	0	60	160	1	1	0	Move	0	brn	wikiberry	1	-1	0	0	0		undefined	false	24576	24576	24576	1	2
weakarmor	onDamagingHit	915	6	6	0	Fire	0	1	0	100	100	-1	8192	greninjabond	0	0	0	1	0	6	0	1	0	0	0	1	0	Ability	0	brn	leftovers	2	0	99	1	0		undefined	undefined	8192	8192	8192	6	2
weakarmor	onDamagingHit	916	0	6	0	Normal	1	1	0	20	20	1	8192	greninjaash	1	1	0	1	1	1	1	2	0	100	0	1	null	Ability	0	brn	aguavberry	2	-1	99	1	0	boost:def=-1,spe=2:0:0:undefined:false:false	undefined	true	8192	8192	8192	1	2
weakarmor	onDamagingHit	917	6	6	60	Dark	1	1	0	0	0	-1	2048	pikachu	0	0	1	1	1	1	1	0	100	0	1	0	null	Ability	0	psn	figyberry	1	0	1	0	0	boost:def=-1,spe=2:0:0:undefined:false:false	undefined	undefined	2048	2048	2048	1	2
weakarmor	onDamagingHit	918	1	1	0	Bug	0	1	1	20	-1	1	2048	pikachu	1	1	0	0	1	0	1	2	0	160	0	0	0	missing	1	psn	leftovers	0	1	0	0	1		undefined	true	2048	2048	2048	0	2
weakarmor	onDamagingHit	919	0	0	61	Dark	0	1	1	0	0	-1	2048	greninjabond	0	1	0	0	0	0	0	2	60	160	1	1	false	Move	0	brn	leftovers	1	-1	99	1	0		undefined	undefined	2048	2048	2048	0	2
weakarmor	onDamagingHit	920	-1	1	0	Bug	0	1	1	100	0	0	24576	pikachu	1	0	1	1	0	0	1	2	0	160	1	0	null	Ability	1	psn	aguavberry	2	0	99	1	1		undefined	false	24576	24576	24576	0	2
weakarmor	onDamagingHit	921	1	1	70	Fire	1	0	1	100	20	0	0	greninjaash	0	0	1	1	0	-1	0	0	60	100	0	0	undefined	missing	0	brn	sitrusberry	0	1	99	0	0	boost:def=-1,spe=2:0:0:undefined:false:false	undefined	false	0	0	0	-1	0
weakarmor	onDamagingHit	922	6	1	70	Ghost	0	1	0	100	-1	0	2048	greninjabond	0	1	1	0	0	-1	1	2	60	0	0	0	false	Move	1	psn	iapapaberry	2	-1	1	0	1		undefined	false	2048	2048	2048	-1	2
weakarmor	onDamagingHit	923	1	0	0	Dark	0	1	1	100	0	0	2048	greninjaash	0	0	1	0	1	-1	1	2	0	0	1	0	null	missing	0	psn	aguavberry	2	1	0	0	1		undefined	false	2048	2048	2048	-1	2
weakarmor	onDamagingHit	924	6	1	40	Normal	1	1	1	10	20	0	16384	greninjaash	0	0	0	0	1	1	1	1	0	160	1	0	true	Ability	0	brn	aguavberry	2	0	-1	1	1	boost:def=-1,spe=2:0:0:undefined:false:false	undefined	false	16384	16384	16384	1	2
weakarmor	onDamagingHit	925	0	0	61	Ghost	1	0	0	20	0	1	2048	greninjabond	1	1	1	1	0	-1	0	1	0	160	0	0	true	Move	1	psn	aguavberry	1	0	0	0	0	boost:def=-1,spe=2:0:0:undefined:false:false	undefined	true	2048	2048	2048	-1	0
weakarmor	onDamagingHit	926	6	1	70	Dark	0	0	1	20	0	-1	8192	pikachu	1	1	0	0	0	0	1	1	100	0	0	0	0	missing	0	brn	figyberry	2	-1	99	0	0		undefined	undefined	8192	8192	8192	0	0
weakarmor	onDamagingHit	927	1	1	0	Normal	1	1	0	100	20	1	0	greninjaash	0	1	1	0	1	-1	0	1	0	160	0	0	true	Ability	0	brn	iapapaberry	1	0	-1	1	1	boost:def=-1,spe=2:0:0:undefined:false:false	undefined	true	0	0	0	-1	2
weakarmor	onDamagingHit	928	-1	0	61	Normal	0	1	0	0	100	-1	8	pikachu	0	0	0	0	1	6	0	2	0	160	1	1	0	missing	0	psn	aguavberry	1	0	1	1	1		undefined	undefined	8	8	8	6	2
weakarmor	onDamagingHit	929	1	1	0	Fire	0	1	1	20	0	0	16384	pikachu	0	1	1	0	0	-1	1	2	60	0	0	0	null	missing	1	brn	sitrusberry	1	1	0	1	0		undefined	false	16384	16384	16384	-1	2
weakarmor	onDamagingHit	930	1	1	0	Bug	0	0	1	20	20	1	8	greninjabond	0	0	1	1	0	6	0	2	100	0	0	0	false	Ability	0	brn	aguavberry	2	-1	1	1	0		undefined	true	8	8	8	6	0
weakarmor	onDamagingHit	931	0	0	0	Fire	0	1	0	0	0	1	2048	pikachu	0	0	0	0	0	0	1	0	100	100	1	0	undefined	Ability	0	psn	figyberry	2	0	-1	0	0		undefined	true	2048	2048	2048	0	2
weakarmor	onDamagingHit	932	0	0	60	Water	0	0	0	0	20	1	2048	greninjabond	1	0	1	1	1	0	1	2	100	0	1	1	undefined	Ability	0	brn	iapapaberry	0	-1	0	1	1		undefined	true	2048	2048	2048	0	0
weakarmor	onDamagingHit	933	1	1	0	Normal	0	1	1	0	100	-1	8	greninjaash	1	0	0	0	0	1	1	1	0	160	0	1	null	Move	0	brn	leftovers	0	0	0	0	0		undefined	undefined	8	8	8	1	2
weakarmor	onDamagingHit	934	-1	6	61	Normal	0	0	1	20	100	0	2048	greninjaash	1	0	1	0	0	1	0	0	100	100	1	0	true	Ability	0	psn	sitrusberry	1	0	0	1	0		undefined	false	2048	2048	2048	1	0
weakarmor	onDamagingHit	935	6	1	70	Water	1	1	1	20	-1	-1	16384	pikachu	0	1	0	1	1	6	0	2	60	0	0	0	true	Move	1	psn	sitrusberry	1	1	-1	0	0	boost:def=-1,spe=2:0:0:undefined:false:false	undefined	undefined	16384	16384	16384	6	2
weakarmor	onDamagingHit	936	0	1	70	Bug	1	0	0	10	-1	-1	2048	greninjaash	1	1	1	1	1	0	0	1	100	0	0	0	null	Move	0	psn	figyberry	2	-1	0	1	0	boost:def=-1,spe=2:0:0:undefined:false:false	undefined	undefined	2048	2048	2048	0	0
weakarmor	onDamagingHit	937	1	1	61	Water	1	0	1	20	20	-1	24576	greninjabond	1	0	1	0	1	-1	0	2	60	0	0	1	undefined	Move	0	psn	wikiberry	2	1	1	1	1	boost:def=-1,spe=2:0:0:undefined:false:false	undefined	undefined	24576	24576	24576	-1	0
weakarmor	onDamagingHit	938	1	0	61	Ghost	0	0	1	0	100	0	16384	greninjaash	1	0	1	1	1	1	1	1	0	160	0	0	true	Move	0	brn	magoberry	1	-1	1	0	0		undefined	false	16384	16384	16384	1	0
weakarmor	onDamagingHit	939	-1	6	40	Water	1	1	0	0	-1	1	16384	greninjaash	1	0	1	1	0	1	1	1	60	100	0	1	true	missing	0	brn	wikiberry	0	0	1	1	1	boost:def=-1,spe=2:0:0:undefined:false:false	undefined	true	16384	16384	16384	1	2
weakarmor	onDamagingHit	940	6	0	40	Water	1	0	0	100	20	-1	16384	pikachu	1	1	0	0	1	0	0	2	100	160	0	0	true	missing	1	brn	sitrusberry	2	0	1	0	0	boost:def=-1,spe=2:0:0:undefined:false:false	undefined	undefined	16384	16384	16384	0	0
weakarmor	onDamagingHit	941	-1	0	70	Ghost	1	0	1	10	100	0	0	greninjaash	0	1	0	0	0	-1	0	2	0	0	0	1	0	missing	1	brn	figyberry	0	0	-1	1	0	boost:def=-1,spe=2:0:0:undefined:false:false	undefined	false	0	0	0	-1	0
weakarmor	onDamagingHit	942	1	0	60	Fire	0	1	0	20	20	0	0	pikachu	1	0	1	0	1	1	1	1	100	100	1	0	null	missing	1	psn	magoberry	0	-1	99	0	1		undefined	false	0	0	0	1	2
weakarmor	onDamagingHit	943	6	1	70	Ghost	1	1	1	0	0	-1	8192	greninjaash	0	1	1	1	0	1	1	0	0	160	1	1	false	Ability	1	psn	iapapaberry	1	-1	0	1	1	boost:def=-1,spe=2:0:0:undefined:false:false	undefined	undefined	8192	8192	8192	1	2
weakarmor	onDamagingHit	944	0	1	61	Water	0	0	1	20	100	-1	2048	pikachu	1	0	1	0	1	1	0	0	100	160	1	1	undefined	Ability	0	psn	sitrusberry	2	1	-1	1	0		undefined	undefined	2048	2048	2048	1	0
weakarmor	onDamagingHit	945	0	0	0	Normal	1	1	1	10	100	0	16384	greninjaash	0	1	1	1	1	0	0	1	100	100	0	1	undefined	Ability	1	psn	magoberry	1	-1	-1	1	1	boost:def=-1,spe=2:0:0:undefined:false:false	undefined	false	16384	16384	16384	0	2
weakarmor	onDamagingHit	946	0	0	0	Normal	1	0	1	20	0	0	2048	greninjaash	1	1	1	1	0	-1	0	2	60	160	1	0	false	missing	1	psn	iapapaberry	1	-1	1	1	1	boost:def=-1,spe=2:0:0:undefined:false:false	undefined	false	2048	2048	2048	-1	0
weakarmor	onDamagingHit	947	1	6	60	Water	1	1	1	10	20	0	16384	greninjaash	1	0	0	1	1	6	1	1	60	100	1	1	false	missing	0	brn	leftovers	1	0	0	0	0	boost:def=-1,spe=2:0:0:undefined:false:false	undefined	false	16384	16384	16384	6	2
weakarmor	onDamagingHit	948	0	1	0	Bug	0	1	1	20	100	-1	8192	greninjaash	0	1	0	1	0	-1	0	2	100	100	1	1	undefined	Move	1	brn	iapapaberry	0	-1	99	0	0		undefined	undefined	8192	8192	8192	-1	2
weakarmor	onDamagingHit	949	1	1	0	Fire	1	1	1	100	100	0	24576	greninjaash	1	0	0	1	1	1	0	1	100	0	0	0	null	missing	0	psn	wikiberry	0	0	-1	1	0	boost:def=-1,spe=2:0:0:undefined:false:false	undefined	false	24576	24576	24576	1	2
weakarmor	onDamagingHit	950	6	6	70	Bug	0	1	0	20	-1	0	8192	greninjaash	1	0	1	0	0	6	1	2	60	0	1	0	false	missing	0	brn	magoberry	2	0	0	1	1		undefined	false	8192	8192	8192	6	2
weakarmor	onDamagingHit	951	-1	6	61	Ghost	0	1	0	100	20	1	8	greninjaash	1	1	0	0	1	0	1	0	0	0	0	1	undefined	Ability	1	brn	wikiberry	2	-1	1	1	0		undefined	true	8	8	8	0	2
weakarmor	onDamagingHit	952	0	0	60	Normal	1	1	0	100	-1	0	16384	pikachu	0	0	0	1	1	-1	1	2	0	0	1	0	null	missing	1	brn	iapapaberry	0	0	99	1	1	boost:def=-1,spe=2:0:0:undefined:false:false	undefined	false	16384	16384	16384	-1	2
weakarmor	onDamagingHit	953	0	6	60	Dark	0	0	1	10	-1	1	24576	pikachu	1	0	0	1	1	0	1	2	100	100	1	1	undefined	Ability	0	brn	figyberry	0	-1	0	1	1		undefined	true	24576	24576	24576	0	0
weakarmor	onDamagingHit	954	-1	6	61	Ghost	1	1	0	0	20	-1	8192	pikachu	1	1	0	1	1	6	0	1	100	160	1	0	null	Ability	0	brn	iapapaberry	2	-1	1	0	1	boost:def=-1,spe=2:0:0:undefined:false:false	undefined	undefined	8192	8192	8192	6	2
weakarmor	onDamagingHit	955	0	1	40	Dark	1	1	0	10	20	1	2048	greninjabond	1	0	0	0	0	-1	1	1	0	160	0	0	false	Ability	1	brn	sitrusberry	1	0	99	0	1	boost:def=-1,spe=2:0:0:undefined:false:false	undefined	true	2048	2048	2048	-1	2
weakarmor	onDamagingHit	956	-1	6	40	Normal	1	0	0	10	100	1	24576	greninjabond	1	0	1	0	0	-1	0	0	100	100	1	0	true	missing	1	brn	sitrusberry	0	0	-1	0	1	boost:def=-1,spe=2:0:0:undefined:false:false	undefined	true	24576	24576	24576	-1	0
weakarmor	onDamagingHit	957	6	0	61	Normal	0	0	1	0	20	0	2048	greninjaash	1	1	0	1	1	-1	1	2	100	160	0	0	0	Move	1	brn	sitrusberry	1	0	-1	1	0		undefined	false	2048	2048	2048	-1	0
weakarmor	onDamagingHit	958	-1	1	70	Fire	0	0	0	20	-1	0	16384	greninjabond	0	1	1	0	1	6	0	1	60	0	0	0	null	missing	0	psn	iapapaberry	2	-1	99	0	0		undefined	false	16384	16384	16384	6	0
weakarmor	onDamagingHit	959	0	0	60	Fire	0	1	1	10	-1	1	8192	greninjabond	1	1	0	1	1	-1	1	0	0	160	1	0	false	Ability	1	brn	figyberry	1	1	1	0	1		undefined	true	8192	8192	8192	-1	2
weakarmor	onDamagingHit	960	0	1	61	Normal	0	1	0	0	100	1	24576	pikachu	1	1	1	0	1	0	1	0	0	0	0	1	true	Move	1	brn	iapapaberry	0	-1	1	0	1		undefined	true	24576	24576	24576	0	2
weakarmor	onDamagingHit	961	0	6	61	Bug	1	1	0	10	100	1	16384	pikachu	1	0	0	0	1	0	0	0	0	0	1	0	undefined	missing	0	brn	aguavberry	0	1	99	0	1	boost:def=-1,spe=2:0:0:undefined:false:false	undefined	true	16384	16384	16384	0	2
weakarmor	onDamagingHit	962	6	1	40	Normal	1	1	0	20	100	1	16384	greninjabond	1	0	0	1	0	0	1	2	60	100	1	0	undefined	Move	0	psn	sitrusberry	0	1	1	0	0	boost:def=-1,spe=2:0:0:undefined:false:false	undefined	true	16384	16384	16384	0	2
weakarmor	onDamagingHit	963	-1	6	40	Dark	0	1	1	20	100	0	24576	pikachu	0	0	1	0	0	0	0	0	60	160	1	1	null	missing	1	psn	magoberry	2	1	1	1	0		undefined	false	24576	24576	24576	0	2
weakarmor	onDamagingHit	964	1	6	40	Water	0	0	0	0	100	1	24576	greninjabond	0	0	0	1	0	6	1	0	60	0	0	1	false	missing	0	brn	wikiberry	0	-1	0	0	1		undefined	true	24576	24576	24576	6	0
weakarmor	onDamagingHit	965	0	6	40	Normal	1	1	1	20	20	-1	8192	pikachu	0	1	0	1	1	1	0	0	0	160	0	1	false	missing	1	brn	sitrusberry	0	-1	99	1	0	boost:def=-1,spe=2:0:0:undefined:false:false	undefined	undefined	8192	8192	8192	1	2
weakarmor	onDamagingHit	966	0	6	0	Bug	1	0	1	20	0	0	0	greninjabond	0	1	0	0	0	-1	1	2	60	100	0	0	undefined	missing	1	brn	leftovers	1	1	0	0	1	boost:def=-1,spe=2:0:0:undefined:false:false	undefined	false	0	0	0	-1	0
weakarmor	onDamagingHit	967	0	6	61	Bug	0	1	0	0	0	-1	8192	greninjaash	1	1	1	1	0	6	1	2	60	0	0	0	null	missing	1	psn	magoberry	1	0	99	1	0		undefined	undefined	8192	8192	8192	6	2
weakarmor	onDamagingHit	968	0	0	0	Dark	0	0	1	10	-1	-1	8192	greninjaash	0	1	0	1	0	6	1	1	0	0	1	0	0	Move	1	brn	aguavberry	1	0	1	0	0		undefined	undefined	8192	8192	8192	6	0
weakarmor	onDamagingHit	969	0	0	40	Water	0	0	0	0	0	0	16384	greninjabond	0	1	0	0	0	0	1	1	0	160	1	0	false	Move	1	psn	magoberry	0	0	-1	0	1		undefined	false	16384	16384	16384	0	0
weakarmor	onDamagingHit	970	1	6	60	Ghost	1	0	0	0	0	-1	16384	greninjabond	1	0	0	1	0	-1	0	1	0	100	0	0	false	Move	1	brn	figyberry	2	1	1	1	0	boost:def=-1,spe=2:0:0:undefined:false:false	undefined	undefined	16384	16384	16384	-1	0
weakarmor	onDamagingHit	971	1	6	61	Bug	0	1	0	100	0	1	24576	greninjaash	0	0	0	1	1	1	0	2	0	160	0	1	0	Ability	1	psn	wikiberry	1	0	-1	0	1		undefined	true	24576	24576	24576	1	2
weakarmor	onDamagingHit	972	-1	0	0	Water	0	1	1	100	100	0	2048	pikachu	1	1	0	0	0	6	1	0	60	160	1	0	false	Ability	0	brn	wikiberry	1	1	99	0	1		undefined	false	2048	2048	2048	6	2
weakarmor	onDamagingHit	973	6	0	70	Dark	1	0	1	100	20	0	24576	greninjabond	1	0	1	0	1	-1	1	2	100	100	1	1	undefined	Move	0	psn	wikiberry	1	1	99	0	0	boost:def=-1,spe=2:0:0:undefined:false:false	undefined	false	24576	24576	24576	-1	0
weakarmor	onDamagingHit	974	1	0	70	Fire	1	0	1	20	100	-1	24576	pikachu	0	0	0	0	0	0	1	0	0	160	0	0	0	missing	0	psn	wikiberry	0	0	99	1	1	boost:def=-1,spe=2:0:0:undefined:false:false	undefined	undefined	24576	24576	24576	0	0
weakarmor	onDamagingHit	975	1	6	40	Water	1	1	1	20	20	1	8192	greninjaash	0	0	0	0	1	1	1	1	60	100	0	1	true	Ability	1	psn	sitrusberry	0	0	99	0	1	boost:def=-1,spe=2:0:0:undefined:false:false	undefined	true	8192	8192	8192	1	2
weakarmor	onDamagingHit	976	1	0	61	Ghost	1	1	0	20	0	0	24576	pikachu	1	0	0	1	0	-1	1	2	100	0	0	1	null	Move	0	brn	magoberry	2	-1	0	0	0	boost:def=-1,spe=2:0:0:undefined:false:false	undefined	false	24576	24576	24576	-1	2
weakarmor	onDamagingHit	977	-1	0	60	Ghost	0	1	0	0	20	-1	8	greninjaash	1	0	0	1	0	0	0	2	60	160	1	1	true	Ability	0	psn	magoberry	1	1	1	0	1		undefined	undefined	8	8	8	0	2
weakarmor	onDamagingHit	978	1	0	61	Bug	1	0	1	20	-1	0	8192	greninjaash	0	0	1	1	1	1	0	1	0	0	0	0	false	Ability	0	psn	figyberry	1	-1	1	0	1	boost:def=-1,spe=2:0:0:undefined:false:false	undefined	false	8192	8192	8192	1	0
weakarmor	onDamagingHit	979	0	1	0	Water	0	1	1	100	0	-1	24576	pikachu	0	0	1	1	0	6	0	2	0	0	0	0	false	Ability	1	brn	magoberry	1	1	99	0	0		undefined	undefined	24576	24576	24576	6	2
weakarmor	onDamagingHit	980	1	0	40	Water	1	1	0	20	100	-1	16384	pikachu	0	0	1	0	0	6	1	2	100	100	1	1	true	Move	0	brn	iapapaberry	2	0	-1	1	0	boost:def=-1,spe=2:0:0:undefined:false:false	undefined	undefined	16384	16384	16384	6	2
weakarmor	onDamagingHit	981	0	0	0	Ghost	0	1	0	10	-1	1	2048	pikachu	1	1	1	0	0	1	0	0	60	0	1	1	0	Ability	1	psn	leftovers	1	1	1	0	0		undefined	true	2048	2048	2048	1	2
weakarmor	onDamagingHit	982	-1	1	70	Bug	1	1	1	20	20	-1	0	greninjaash	0	0	0	0	1	0	0	2	100	0	1	0	false	Move	0	brn	sitrusberry	1	1	1	0	0	boost:def=-1,spe=2:0:0:undefined:false:false	undefined	undefined	0	0	0	0	2
weakarmor	onDamagingHit	983	6	0	0	Dark	1	0	1	10	-1	-1	24576	pikachu	0	0	1	0	0	0	0	0	60	160	1	0	undefined	missing	0	psn	iapapaberry	0	-1	-1	0	1	boost:def=-1,spe=2:0:0:undefined:false:false	undefined	undefined	24576	24576	24576	0	0
weakarmor	onDamagingHit	984	1	1	61	Ghost	0	1	1	100	20	0	16384	pikachu	1	0	1	0	0	1	0	2	0	0	0	0	null	Move	0	brn	iapapaberry	2	1	-1	0	1		undefined	false	16384	16384	16384	1	2
weakarmor	onDamagingHit	985	-1	1	70	Dark	1	0	0	100	0	-1	16384	greninjaash	1	1	0	1	0	0	0	2	100	0	1	1	true	Ability	1	brn	sitrusberry	2	1	-1	1	1	boost:def=-1,spe=2:0:0:undefined:false:false	undefined	undefined	16384	16384	16384	0	0
weakarmor	onDamagingHit	986	0	0	40	Ghost	0	1	1	0	20	-1	0	greninjaash	0	1	1	1	0	0	1	2	0	0	0	0	true	Ability	0	brn	magoberry	2	-1	1	1	1		undefined	undefined	0	0	0	0	2
weakarmor	onDamagingHit	987	-1	6	0	Ghost	1	1	1	0	-1	1	8	greninjabond	1	0	0	0	0	-1	0	2	100	100	1	0	0	Move	1	brn	aguavberry	1	1	1	1	0	boost:def=-1,spe=2:0:0:undefined:false:false	undefined	true	8	8	8	-1	2
weakarmor	onDamagingHit	988	-1	0	40	Bug	0	0	0	10	100	1	2048	greninjaash	0	0	0	1	1	1	1	1	60	0	0	0	0	missing	1	brn	figyberry	0	-1	0	1	0		undefined	true	2048	2048	2048	1	0
weakarmor	onDamagingHit	989	1	0	70	Normal	1	0	0	100	-1	-1	8192	pikachu	0	0	1	1	0	-1	0	0	100	100	1	0	null	Ability	0	brn	leftovers	1	1	1	0	0	boost:def=-1,spe=2:0:0:undefined:false:false	undefined	undefined	8192	8192	8192	-1	0
weakarmor	onDamagingHit	990	0	0	60	Fire	1	1	0	20	-1	-1	0	greninjaash	0	1	1	1	0	1	1	0	60	160	1	1	false	Move	1	psn	sitrusberry	0	-1	-1	1	0	boost:def=-1,spe=2:0:0:undefined:false:false	undefined	undefined	0	0	0	1	2
weakarmor	onDamagingHit	991	-1	1	60	Dark	1	0	0	0	0	0	0	pikachu	0	0	0	1	0	0	0	1	60	160	0	0	0	Ability	0	brn	wikiberry	2	0	-1	1	0	boost:def=-1,spe=2:0:0:undefined:false:false	undefined	false	0	0	0	0	0
weakarmor	onDamagingHit	992	1	0	60	Fire	1	0	1	0	0	-1	16384	greninjabond	0	1	0	1	0	6	0	2	0	0	1	1	0	Ability	0	brn	figyberry	2	-1	99	0	1	boost:def=-1,spe=2:0:0:undefined:false:false	undefined	undefined	16384	16384	16384	6	0
weakarmor	onDamagingHit	993	-1	0	40	Bug	0	1	0	100	-1	-1	8192	greninjabond	0	0	1	1	1	0	1	2	0	100	0	0	undefined	missing	0	psn	magoberry	1	-1	0	1	1		undefined	undefined	8192	8192	8192	0	2
weakarmor	onDamagingHit	994	-1	0	61	Water	0	1	1	20	100	0	16384	greninjabond	0	1	1	1	1	6	0	0	60	160	1	0	false	Ability	1	psn	aguavberry	0	1	1	0	0		undefined	false	16384	16384	16384	6	2
weakarmor	onDamagingHit	995	1	1	0	Ghost	1	1	0	0	20	0	8	greninjaash	1	0	1	1	1	1	0	0	0	160	0	1	0	Move	1	psn	aguavberry	1	-1	-1	0	1	boost:def=-1,spe=2:0:0:undefined:false:false	undefined	false	8	8	8	1	2
weakarmor	onDamagingHit	996	6	1	0	Normal	1	0	1	0	0	0	24576	pikachu	1	1	0	0	1	1	0	2	100	100	1	1	null	Ability	1	brn	figyberry	2	0	1	1	1	boost:def=-1,spe=2:0:0:undefined:false:false	undefined	false	24576	24576	24576	1	0
weakarmor	onDamagingHit	997	-1	6	40	Fire	1	1	0	0	-1	-1	0	greninjaash	1	1	1	1	0	1	1	2	60	0	1	0	undefined	Move	1	brn	aguavberry	1	0	0	1	1	boost:def=-1,spe=2:0:0:undefined:false:false	undefined	undefined	0	0	0	1	2
weakarmor	onDamagingHit	998	1	0	0	Normal	1	0	0	100	-1	0	24576	greninjaash	0	1	1	1	1	1	0	1	60	0	1	1	null	Ability	0	brn	sitrusberry	2	-1	1	0	1	boost:def=-1,spe=2:0:0:undefined:false:false	undefined	false	24576	24576	24576	1	0
weakarmor	onDamagingHit	999	-1	0	61	Water	1	0	1	20	100	1	2048	greninjaash	1	0	0	1	1	-1	0	2	100	0	1	1	false	Ability	0	brn	wikiberry	2	-1	0	0	1	boost:def=-1,spe=2:0:0:undefined:false:false	undefined	true	2048	2048	2048	-1	0
weakarmor	onDamagingHit	1000	1	6	61	Ghost	0	0	0	10	20	1	16384	greninjabond	1	1	0	0	0	0	0	1	0	160	0	0	undefined	Ability	1	brn	leftovers	1	1	1	1	1		undefined	true	16384	16384	16384	0	0
weakarmor	onDamagingHit	1001	6	1	40	Normal	0	0	1	20	100	-1	2048	greninjaash	1	1	1	0	1	0	0	0	60	100	0	0	true	missing	1	psn	wikiberry	2	-1	99	1	1		undefined	undefined	2048	2048	2048	0	0
weakarmor	onDamagingHit	1002	6	1	60	Ghost	0	0	0	0	-1	-1	24576	greninjaash	0	0	0	1	0	1	0	2	0	160	1	0	null	Move	0	brn	leftovers	0	1	1	1	1		undefined	undefined	24576	24576	24576	1	0
weakarmor	onDamagingHit	1003	0	1	61	Fire	1	1	1	10	20	1	24576	pikachu	1	0	1	1	0	6	1	1	60	0	1	1	false	Ability	0	psn	figyberry	1	1	99	0	0	boost:def=-1,spe=2:0:0:undefined:false:false	undefined	true	24576	24576	24576	6	2
weakarmor	onDamagingHit	1004	0	1	0	Bug	0	1	0	100	0	-1	8192	pikachu	0	1	1	1	1	0	0	0	0	160	1	0	true	missing	1	brn	aguavberry	0	0	99	1	1		undefined	undefined	8192	8192	8192	0	2
weakarmor	onDamagingHit	1005	1	0	61	Fire	0	0	0	20	0	-1	8192	pikachu	1	0	1	0	1	0	0	1	100	0	1	1	0	missing	1	psn	sitrusberry	1	0	0	1	1		undefined	undefined	8192	8192	8192	0	0
weakarmor	onDamagingHit	1006	6	1	61	Dark	0	0	0	100	0	-1	16384	pikachu	1	1	1	1	0	6	0	0	60	0	1	1	undefined	Ability	1	psn	wikiberry	0	-1	-1	0	1		undefined	undefined	16384	16384	16384	6	0
weakarmor	onDamagingHit	1007	0	0	0	Normal	0	0	0	10	-1	-1	2048	greninjabond	1	0	1	0	0	6	0	1	60	160	0	1	null	Move	0	psn	iapapaberry	1	-1	0	0	0		undefined	undefined	2048	2048	2048	6	0
weakarmor	onDamagingHit	1008	1	6	40	Ghost	0	1	1	20	0	-1	24576	greninjaash	0	0	1	1	1	6	1	2	60	0	0	1	null	missing	1	brn	iapapaberry	1	-1	0	1	0		undefined	undefined	24576	24576	24576	6	2
weakarmor	onDamagingHit	1009	6	0	60	Dark	1	1	1	20	-1	0	8192	pikachu	1	0	1	0	1	0	1	2	0	100	0	1	undefined	missing	1	brn	figyberry	2	1	-1	0	1	boost:def=-1,spe=2:0:0:undefined:false:false	undefined	false	8192	8192	8192	0	2
weakarmor	onDamagingHit	1010	1	0	60	Normal	0	0	0	20	20	1	0	greninjaash	0	0	0	1	1	0	1	2	100	0	1	0	false	Move	0	psn	figyberry	1	0	1	1	1		undefined	true	0	0	0	0	0
weakarmor	onDamagingHit	1011	-1	6	61	Bug	1	1	0	10	100	1	0	greninjabond	0	0	0	0	0	-1	1	2	60	160	0	0	0	Ability	0	psn	leftovers	2	-1	0	1	1	boost:def=-1,spe=2:0:0:undefined:false:false	undefined	true	0	0	0	-1	2
weakarmor	onDamagingHit	1012	6	0	70	Normal	0	0	0	20	0	0	24576	greninjaash	1	0	0	0	1	0	0	1	60	160	0	1	null	Ability	0	brn	sitrusberry	0	0	-1	1	0		undefined	false	24576	24576	24576	0	0
weakarmor	onDamagingHit	1013	6	0	70	Water	1	1	0	100	0	0	24576	greninjaash	0	1	1	0	1	6	1	1	60	100	0	1	undefined	missing	0	brn	magoberry	1	0	0	1	1	boost:def=-1,spe=2:0:0:undefined:false:false	undefined	false	24576	24576	24576	6	2
weakarmor	onDamagingHit	1014	-1	1	61	Ghost	0	1	0	100	100	1	24576	pikachu	1	0	0	1	0	6	1	0	60	0	0	1	0	missing	1	brn	wikiberry	1	1	1	1	0		undefined	true	24576	24576	24576	6	2
weakarmor	onDamagingHit	1015	1	0	40	Fire	0	0	1	100	0	-1	2048	greninjabond	1	0	0	0	0	1	0	2	100	100	0	0	true	Ability	0	psn	wikiberry	2	1	1	1	1		undefined	undefined	2048	2048	2048	1	0
weakarmor	onDamagingHit	1016	6	6	40	Dark	1	1	1	100	100	1	8192	greninjabond	1	1	0	0	1	-1	1	0	60	100	1	0	0	Ability	1	brn	sitrusberry	0	1	-1	1	0	boost:def=-1,spe=2:0:0:undefined:false:false	undefined	true	8192	8192	8192	-1	2
weakarmor	onDamagingHit	1017	6	6	70	Fire	0	0	1	10	20	-1	8192	pikachu	0	1	1	1	0	0	0	1	60	160	0	1	false	Move	0	brn	iapapaberry	1	-1	1	0	1		undefined	undefined	8192	8192	8192	0	0
weakarmor	onDamagingHit	1018	0	0	60	Bug	0	0	0	0	100	-1	2048	pikachu	0	1	0	1	1	6	0	0	60	160	1	0	0	missing	1	brn	aguavberry	0	1	1	0	0		undefined	undefined	2048	2048	2048	6	0
weakarmor	onDamagingHit	1019	1	6	61	Bug	0	1	1	20	0	1	2048	greninjabond	0	0	1	0	1	0	1	2	60	100	0	1	false	Ability	0	brn	iapapaberry	0	0	-1	0	0		undefined	true	2048	2048	2048	0	2
weakarmor	onDamagingHit	1020	0	0	60	Water	1	0	1	10	0	-1	16384	pikachu	0	0	0	1	1	-1	1	0	0	100	1	0	null	missing	0	psn	sitrusberry	1	0	0	1	0	boost:def=-1,spe=2:0:0:undefined:false:false	undefined	undefined	16384	16384	16384	-1	0
weakarmor	onDamagingHit	1021	0	1	60	Water	0	0	1	10	0	0	0	greninjaash	1	0	0	0	1	0	0	2	0	100	0	0	false	Move	1	brn	figyberry	0	1	-1	0	1		undefined	false	0	0	0	0	0
weakarmor	onDamagingHit	1022	1	0	0	Bug	0	1	1	100	20	0	8	greninjaash	1	0	0	1	1	-1	0	0	60	100	0	1	null	Ability	0	psn	iapapaberry	2	0	-1	0	0		undefined	false	8	8	8	-1	2
weakarmor	onDamagingHit	1023	1	0	40	Dark	0	0	1	20	100	0	0	pikachu	0	0	1	1	1	0	1	1	100	0	1	0	true	Ability	1	brn	sitrusberry	1	1	99	0	0		undefined	false	0	0	0	0	0
weakarmor	onDamagingHit	1024	6	1	40	Fire	0	0	0	0	-1	1	24576	greninjabond	0	1	0	1	1	1	1	1	100	0	0	1	undefined	Move	0	brn	magoberry	2	-1	99	1	1		undefined	true	24576	24576	24576	1	0
weakarmor	onDamagingHit	1025	1	1	61	Normal	0	1	1	10	0	-1	0	greninjaash	1	0	1	1	0	0	1	2	0	0	0	1	false	Move	1	psn	iapapaberry	0	-1	99	0	1		undefined	undefined	0	0	0	0	2
weakarmor	onDamagingHit	1026	0	6	61	Fire	1	1	0	20	0	1	8	greninjabond	1	1	1	1	0	1	0	1	0	0	0	0	null	Ability	0	psn	figyberry	2	-1	1	1	0	boost:def=-1,spe=2:0:0:undefined:false:false	undefined	true	8	8	8	1	2
weakarmor	onDamagingHit	1027	0	6	40	Ghost	0	1	1	100	0	0	0	pikachu	0	0	0	1	0	1	1	1	100	0	1	1	null	Move	0	brn	magoberry	2	1	1	0	1		undefined	false	0	0	0	1	2
weakarmor	onDamagingHit	1028	6	6	40	Fire	0	1	0	0	0	0	16384	greninjabond	0	1	1	0	1	-1	1	2	60	160	0	1	undefined	Move	0	psn	magoberry	0	1	1	0	0		undefined	false	16384	16384	16384	-1	2
weakarmor	onDamagingHit	1029	6	0	0	Fire	0	0	1	20	0	-1	24576	greninjaash	0	1	0	1	0	6	0	1	60	100	0	0	undefined	Ability	0	psn	figyberry	2	1	-1	0	1		undefined	undefined	24576	24576	24576	6	0
weakarmor	onDamagingHit	1030	6	6	61	Fire	0	0	1	100	-1	1	16384	greninjaash	1	1	0	1	0	-1	0	0	0	0	0	1	0	Move	1	brn	sitrusberry	2	0	1	1	1		undefined	true	16384	16384	16384	-1	0
weakarmor	onDamagingHit	1031	6	6	70	Dark	1	0	0	0	-1	0	8192	greninjaash	0	0	0	0	0	-1	1	1	0	160	0	1	true	Move	1	brn	sitrusberry	2	1	99	0	1	boost:def=-1,spe=2:0:0:undefined:false:false	undefined	false	8192	8192	8192	-1	0
weakarmor	onDamagingHit	1032	6	0	0	Dark	1	0	1	10	100	1	16384	greninjabond	0	0	1	0	1	6	0	1	0	0	0	0	undefined	Ability	0	brn	sitrusberry	1	0	1	1	1	boost:def=-1,spe=2:0:0:undefined:false:false	undefined	true	16384	16384	16384	6	0
weakarmor	onDamagingHit	1033	1	1	61	Fire	1	1	1	10	20	-1	24576	greninjabond	1	1	1	0	0	0	1	1	60	100	1	0	undefined	missing	0	psn	magoberry	2	1	0	1	1	boost:def=-1,spe=2:0:0:undefined:false:false	undefined	undefined	24576	24576	24576	0	2
weakarmor	onDamagingHit	1034	-1	1	60	Bug	1	1	1	0	-1	0	0	pikachu	1	1	1	1	1	-1	1	1	60	100	0	0	null	Move	0	brn	leftovers	1	1	1	0	1	boost:def=-1,spe=2:0:0:undefined:false:false	undefined	false	0	0	0	-1	2
weakarmor	onDamagingHit	1035	-1	6	40	Ghost	0	1	0	100	-1	0	2048	greninjabond	1	0	1	1	0	6	1	2	60	100	0	0	null	missing	0	psn	figyberry	0	-1	0	1	0		undefined	false	2048	2048	2048	6	2
weakarmor	onDamagingHit	1036	0	0	60	Fire	1	1	1	100	-1	0	2048	greninjabond	1	0	0	1	0	-1	1	1	60	100	0	1	false	missing	0	psn	sitrusberry	2	0	99	0	1	boost:def=-1,spe=2:0:0:undefined:false:false	undefined	false	2048	2048	2048	-1	2
weakarmor	onDamagingHit	1037	-1	6	0	Ghost	1	1	1	0	100	0	2048	greninjabond	0	0	0	1	0	0	1	0	100	160	0	1	false	Move	1	psn	iapapaberry	2	-1	99	0	1	boost:def=-1,spe=2:0:0:undefined:false:false	undefined	false	2048	2048	2048	0	2
weakarmor	onDamagingHit	1038	-1	0	70	Water	0	0	1	100	-1	-1	24576	greninjaash	1	1	1	1	1	0	1	1	0	100	1	1	0	missing	1	psn	iapapaberry	2	1	-1	0	0		undefined	undefined	24576	24576	24576	0	0
weakarmor	onDamagingHit	1039	-1	0	70	Bug	1	0	1	100	0	0	8192	greninjaash	0	0	1	0	0	6	1	1	0	100	1	1	undefined	missing	1	psn	leftovers	1	0	-1	1	0	boost:def=-1,spe=2:0:0:undefined:false:false	undefined	false	8192	8192	8192	6	0
weakarmor	onDamagingHit	1040	6	6	40	Fire	0	1	1	20	-1	0	16384	pikachu	1	0	0	1	1	0	0	2	60	100	1	0	0	missing	0	brn	iapapaberry	0	0	0	1	0		undefined	false	16384	16384	16384	0	2
weakarmor	onDamagingHit	1041	1	6	61	Dark	0	0	0	0	0	-1	16384	pikachu	0	0	0	0	1	0	0	1	60	0	1	0	false	missing	1	brn	iapapaberry	2	0	99	1	1		undefined	undefined	16384	16384	16384	0	0
weakarmor	onDamagingHit	1042	6	1	61	Ghost	1	0	1	20	100	-1	2048	greninjabond	1	0	1	1	0	6	0	2	100	0	0	0	true	Move	1	psn	figyberry	1	0	1	1	1	boost:def=-1,spe=2:0:0:undefined:false:false	undefined	undefined	2048	2048	2048	6	0
weakarmor	onDamagingHit	1043	1	6	70	Normal	1	0	1	0	20	-1	0	pikachu	1	1	1	0	1	-1	1	1	0	100	1	0	null	Move	1	psn	sitrusberry	2	-1	-1	0	1	boost:def=-1,spe=2:0:0:undefined:false:false	undefined	undefined	0	0	0	-1	0
weakarmor	onDamagingHit	1044	-1	1	40	Ghost	0	0	1	100	-1	1	0	greninjaash	0	0	1	0	0	6	0	1	60	160	1	0	undefined	missing	1	psn	leftovers	1	-1	-1	0	1		undefined	true	0	0	0	6	0
weakarmor	onDamagingHit	1045	1	0	60	Normal	0	0	1	10	100	1	24576	pikachu	1	1	0	0	0	6	0	2	0	0	0	1	0	Ability	1	brn	wikiberry	2	0	99	1	1		undefined	true	24576	24576	24576	6	0
weakarmor	onDamagingHit	1046	0	1	70	Dark	1	0	0	100	0	1	8	greninjaash	0	0	1	1	0	1	0	0	60	160	1	1	undefined	missing	0	brn	iapapaberry	2	1	1	1	0	boost:def=-1,spe=2:0:0:undefined:false:false	undefined	true	8	8	8	1	0
weakarmor	onDamagingHit	1047	-1	0	61	Water	1	0	0	10	100	1	24576	greninjabond	1	0	1	1	1	1	1	0	60	160	0	0	false	Move	1	psn	magoberry	2	-1	-1	0	1	boost:def=-1,spe=2:0:0:undefined:false:false	undefined	true	24576	24576	24576	1	0
weakarmor	onDamagingHit	1048	6	0	61	Fire	1	0	0	0	100	-1	16384	pikachu	0	1	0	0	1	1	0	2	60	160	0	1	null	Ability	0	brn	aguavberry	1	0	-1	0	0	boost:def=-1,spe=2:0:0:undefined:false:false	undefined	undefined	16384	16384	16384	1	0
weakarmor	onDamagingHit	1049	0	6	70	Bug	0	1	0	0	-1	1	24576	greninjaash	1	1	0	0	1	0	1	0	60	0	1	1	null	missing	1	psn	sitrusberry	0	-1	-1	1	1		undefined	true	24576	24576	24576	0	2
weakarmor	onDamagingHit	1050	1	6	0	Bug	1	0	1	0	0	0	8192	pikachu	1	0	0	1	1	0	0	0	60	160	1	1	false	Ability	0	brn	leftovers	2	0	99	1	0	boost:def=-1,spe=2:0:0:undefined:false:false	undefined	false	8192	8192	8192	0	0
weakarmor	onDamagingHit	1051	0	6	0	Water	1	0	0	0	100	0	24576	pikachu	1	1	0	1	0	0	0	2	60	100	0	1	false	Move	1	brn	wikiberry	0	-1	1	1	0	boost:def=-1,spe=2:0:0:undefined:false:false	undefined	false	24576	24576	24576	0	0
weakarmor	onDamagingHit	1052	1	1	60	Ghost	0	0	0	20	-1	-1	8	greninjabond	1	1	1	1	0	6	0	0	100	100	0	1	null	missing	1	psn	iapapaberry	0	0	0	0	0		undefined	undefined	8	8	8	6	0
weakarmor	onDamagingHit	1053	-1	1	40	Water	0	1	1	100	100	-1	8	pikachu	0	0	0	0	1	0	1	0	60	0	1	1	null	Ability	0	brn	figyberry	0	0	1	1	1		undefined	undefined	8	8	8	0	2
weakarmor	onDamagingHit	1054	1	1	61	Water	1	1	0	100	100	1	16384	greninjabond	0	0	1	1	1	1	0	0	100	160	1	1	true	Ability	1	psn	aguavberry	1	1	-1	1	1	boost:def=-1,spe=2:0:0:undefined:false:false	undefined	true	16384	16384	16384	1	2
weakarmor	onDamagingHit	1055	0	0	0	Ghost	0	0	1	0	-1	1	8192	greninjaash	1	0	0	1	0	0	1	0	60	160	1	1	true	missing	1	psn	sitrusberry	0	1	0	0	0		undefined	true	8192	8192	8192	0	0
weakarmor	onDamagingHit	1056	6	0	70	Dark	1	0	1	10	20	-1	16384	greninjabond	1	1	1	1	0	-1	1	1	0	0	0	0	0	missing	1	brn	sitrusberry	1	0	99	0	0	boost:def=-1,spe=2:0:0:undefined:false:false	undefined	undefined	16384	16384	16384	-1	0
weakarmor	onDamagingHit	1057	0	0	40	Water	1	0	0	100	100	-1	8192	greninjaash	1	0	0	1	1	0	0	1	60	100	1	1	0	Move	0	psn	magoberry	2	0	1	0	1	boost:def=-1,spe=2:0:0:undefined:false:false	undefined	undefined	8192	8192	8192	0	0
weakarmor	onDamagingHit	1058	0	0	61	Fire	1	1	0	100	-1	1	0	greninjabond	1	1	0	0	1	-1	1	1	100	0	1	1	true	missing	1	psn	aguavberry	2	-1	99	0	1	boost:def=-1,spe=2:0:0:undefined:false:false	undefined	true	0	0	0	-1	2
weakarmor	onDamagingHit	1059	-1	1	70	Water	1	0	1	10	100	-1	8192	greninjabond	1	1	1	1	1	1	0	2	100	0	0	1	false	Ability	1	brn	iapapaberry	0	-1	0	1	1	boost:def=-1,spe=2:0:0:undefined:false:false	undefined	undefined	8192	8192	8192	1	0
weakarmor	onDamagingHit	1060	-1	1	0	Dark	1	1	1	10	-1	-1	24576	greninjaash	0	1	0	0	0	1	0	0	0	100	0	0	undefined	Ability	1	psn	aguavberry	1	0	1	0	0	boost:def=-1,spe=2:0:0:undefined:false:false	undefined	undefined	24576	24576	24576	1	2
weakarmor	onDamagingHit	1061	0	0	0	Ghost	1	0	0	10	20	0	0	greninjabond	0	1	1	1	1	6	0	1	100	160	1	0	0	Move	1	psn	aguavberry	0	1	1	1	1	boost:def=-1,spe=2:0:0:undefined:false:false	undefined	false	0	0	0	6	0
weakarmor	onDamagingHit	1062	6	1	70	Fire	1	1	0	100	20	1	8192	greninjabond	0	1	0	1	1	6	1	2	60	0	0	1	true	Move	1	brn	wikiberry	0	0	1	0	1	boost:def=-1,spe=2:0:0:undefined:false:false	undefined	true	8192	8192	8192	6	2
weakarmor	onDamagingHit	1063	1	6	61	Dark	0	0	0	100	0	1	24576	pikachu	1	0	1	0	0	-1	1	1	100	160	1	1	null	Move	0	brn	sitrusberry	0	1	0	1	1		undefined	true	24576	24576	24576	-1	0
weakarmor	onDamagingHit	1064	-1	1	60	Dark	0	1	1	20	0	-1	24576	greninjabond	0	0	0	0	0	1	1	1	60	100	1	1	0	Move	1	brn	aguavberry	2	-1	1	0	1		undefined	undefined	24576	24576	24576	1	2
weakarmor	onDamagingHit	1065	0	1	60	Ghost	0	1	0	100	-1	0	0	greninjabond	0	1	0	1	0	0	1	2	100	100	1	0	0	missing	1	brn	figyberry	1	-1	99	0	0		undefined	false	0	0	0	0	2
weakarmor	onDamagingHit	1066	0	0	60	Bug	1	1	0	10	20	0	24576	greninjaash	0	1	0	0	0	6	0	0	100	0	1	1	false	missing	1	psn	iapapaberry	2	-1	99	1	1	boost:def=-1,spe=2:0:0:undefined:false:false	undefined	false	24576	24576	24576	6	2
weakarmor	onDamagingHit	1067	6	1	0	Dark	0	0	1	10	0	-1	24576	greninjabond	0	1	0	0	1	6	0	2	100	100	1	0	undefined	missing	1	psn	magoberry	1	1	99	0	0		undefined	undefined	24576	24576	24576	6	0
weakarmor	onDamagingHit	1068	1	6	61	Fire	0	1	1	0	-1	1	24576	greninjaash	0	0	1	1	0	1	1	0	0	160	1	1	0	missing	0	psn	leftovers	0	1	99	1	1		undefined	true	24576	24576	24576	1	2
weakarmor	onDamagingHit	1069	6	6	0	Bug	0	1	0	20	20	-1	8192	pikachu	1	0	1	1	1	0	1	2	0	160	1	0	true	Ability	0	psn	figyberry	1	-1	0	0	1		undefined	undefined	8192	8192	8192	0	2
weakarmor	onDamagingHit	1070	0	1	70	Bug	1	0	1	100	-1	1	24576	greninjabond	0	1	0	1	0	6	0	2	60	160	0	1	0	Move	0	brn	magoberry	2	-1	-1	1	0	boost:def=-1,spe=2:0:0:undefined:false:false	undefined	true	24576	24576	24576	6	0
weakarmor	onDamagingHit	1071	1	6	60	Bug	0	0	0	10	100	0	16384	greninjabond	1	0	0	0	1	6	0	0	60	100	0	0	true	Ability	0	brn	wikiberry	2	0	1	0	0		undefined	false	16384	16384	16384	6	0
weakarmor	onDamagingHit	1072	-1	6	60	Fire	1	1	0	100	20	-1	8192	greninjaash	0	1	0	1	0	6	1	2	60	160	0	0	false	Ability	1	brn	iapapaberry	0	1	0	0	1	boost:def=-1,spe=2:0:0:undefined:false:false	undefined	undefined	8192	8192	8192	6	2
weakarmor	onDamagingHit	1073	-1	1	61	Dark	0	0	0	20	20	1	24576	pikachu	1	0	0	0	0	1	1	2	60	160	1	0	null	Move	0	brn	sitrusberry	2	-1	0	0	0		undefined	true	24576	24576	24576	1	0
weakarmor	onDamagingHit	1074	-1	0	61	Dark	0	1	0	100	100	-1	8192	greninjabond	0	0	0	0	1	0	1	0	0	100	0	1	null	Move	0	brn	sitrusberry	1	1	99	0	0		undefined	undefined	8192	8192	8192	0	2
weakarmor	onDamagingHit	1075	0	6	60	Dark	0	0	0	20	-1	0	24576	pikachu	0	1	1	0	0	-1	0	1	0	100	0	0	0	missing	1	psn	aguavberry	0	-1	1	1	1		undefined	false	24576	24576	24576	-1	0
weakarmor	onDamagingHit	1076	-1	1	60	Ghost	1	0	0	100	20	0	2048	greninjabond	1	0	1	0	1	0	1	1	0	0	0	0	false	missing	0	psn	sitrusberry	2	-1	-1	1	1	boost:def=-1,spe=2:0:0:undefined:false:false	undefined	false	2048	2048	2048	0	0
weakarmor	onDamagingHit	1077	0	0	0	Normal	0	0	0	0	20	1	2048	greninjaash	0	1	1	0	0	6	1	1	100	100	1	1	null	Move	1	brn	leftovers	2	1	0	0	1		undefined	true	2048	2048	2048	6	0
weakarmor	onDamagingHit	1078	1	0	70	Ghost	1	0	1	100	0	-1	0	pikachu	0	1	0	1	1	-1	0	1	0	100	0	1	null	Ability	1	psn	figyberry	0	-1	1	0	0	boost:def=-1,spe=2:0:0:undefined:false:false	undefined	undefined	0	0	0	-1	0
weakarmor	onDamagingHit	1079	6	6	60	Bug	1	0	1	0	-1	-1	0	pikachu	0	0	1	1	0	1	0	0	100	160	1	0	undefined	Ability	0	psn	aguavberry	0	0	99	0	1	boost:def=-1,spe=2:0:0:undefined:false:false	undefined	undefined	0	0	0	1	0
weakarmor	onDamagingHit	1080	-1	1	0	Ghost	0	0	1	0	0	-1	8	greninjaash	1	1	1	0	0	0	0	2	100	0	0	1	undefined	Ability	0	psn	aguavberry	2	0	-1	0	0		undefined	undefined	8	8	8	0	0
weakarmor	onDamagingHit	1081	-1	1	0	Normal	1	1	0	20	0	0	16384	pikachu	0	1	1	0	0	1	0	2	60	160	0	0	0	missing	1	psn	leftovers	0	0	1	0	0	boost:def=-1,spe=2:0:0:undefined:false:false	undefined	false	16384	16384	16384	1	2
weakarmor	onDamagingHit	1082	6	6	70	Normal	0	0	1	10	-1	1	2048	pikachu	0	0	1	0	0	-1	1	1	0	0	0	1	true	missing	1	psn	sitrusberry	2	0	99	1	0		undefined	true	2048	2048	2048	-1	0
weakarmor	onDamagingHit	1083	-1	1	40	Water	0	0	1	20	-1	1	8192	pikachu	0	1	1	1	1	0	0	2	0	160	1	1	true	Move	0	psn	figyberry	2	0	-1	1	0		undefined	true	8192	8192	8192	0	0
weakarmor	onDamagingHit	1084	6	0	0	Ghost	0	1	1	20	20	-1	2048	greninjabond	0	1	0	1	1	0	1	2	100	160	0	1	null	missing	0	psn	wikiberry	1	-1	0	1	0		undefined	undefined	2048	2048	2048	0	2
weakarmor	onDamagingHit	1085	1	1	0	Dark	1	1	0	10	-1	0	24576	greninjabond	0	0	1	0	0	0	0	2	0	100	1	1	0	Ability	0	psn	wikiberry	2	0	0	0	1	boost:def=-1,spe=2:0:0:undefined:false:false	undefined	false	24576	24576	24576	0	2
weakarmor	onDamagingHit	1086	6	0	40	Normal	1	1	1	100	0	0	8192	greninjaash	1	0	0	1	0	-1	1	0	0	100	1	1	true	missing	1	brn	magoberry	0	1	-1	1	1	boost:def=-1,spe=2:0:0:undefined:false:false	undefined	false	8192	8192	8192	-1	2
weakarmor	onDamagingHit	1087	-1	0	0	Normal	1	0	0	20	0	0	0	greninjabond	0	0	1	0	0	0	0	1	100	100	0	1	false	Ability	0	psn	aguavberry	2	0	99	1	0	boost:def=-1,spe=2:0:0:undefined:false:false	undefined	false	0	0	0	0	0
weakarmor	onDamagingHit	1088	-1	6	40	Ghost	1	0	1	10	20	-1	0	pikachu	0	0	0	1	0	1	0	1	60	160	1	0	true	Move	0	psn	leftovers	1	0	99	1	0	boost:def=-1,spe=2:0:0:undefined:false:false	undefined	undefined	0	0	0	1	0
weakarmor	onDamagingHit	1089	-1	0	70	Ghost	0	0	1	20	20	-1	8192	pikachu	0	1	1	1	0	1	1	0	60	0	0	1	false	Ability	1	psn	magoberry	1	-1	-1	1	0		undefined	undefined	8192	8192	8192	1	0
weakarmor	onDamagingHit	1090	1	6	40	Ghost	0	0	1	100	20	0	24576	pikachu	0	1	1	0	1	1	0	1	100	100	0	1	null	Move	1	brn	leftovers	0	1	99	1	1		undefined	false	24576	24576	24576	1	0
weakarmor	onDamagingHit	1091	6	1	70	Water	1	0	0	100	20	0	16384	greninjabond	1	1	0	1	1	1	1	0	0	0	0	0	false	Ability	0	brn	leftovers	0	0	99	0	1	boost:def=-1,spe=2:0:0:undefined:false:false	undefined	false	16384	16384	16384	1	0
weakarmor	onDamagingHit	1092	0	1	0	Fire	1	1	1	10	20	0	16384	pikachu	1	1	1	0	1	-1	0	0	0	160	1	0	null	missing	1	psn	wikiberry	1	1	1	1	0	boost:def=-1,spe=2:0:0:undefined:false:false	undefined	false	16384	16384	16384	-1	2
weakarmor	onDamagingHit	1093	-1	6	60	Ghost	0	0	0	100	-1	1	0	greninjaash	1	0	1	0	0	6	1	0	100	160	1	0	null	missing	0	psn	wikiberry	0	-1	-1	0	1		undefined	true	0	0	0	6	0
weakarmor	onDamagingHit	1094	-1	1	60	Fire	0	1	0	100	100	0	8192	greninjabond	1	0	1	1	1	0	0	2	100	100	1	1	null	Move	0	psn	aguavberry	0	0	1	1	0		undefined	false	8192	8192	8192	0	2
weakarmor	onDamagingHit	1095	-1	6	40	Ghost	1	0	1	10	100	1	16384	greninjabond	0	0	0	0	1	-1	0	0	0	0	1	1	0	Move	0	brn	sitrusberry	2	0	-1	0	1	boost:def=-1,spe=2:0:0:undefined:false:false	undefined	true	16384	16384	16384	-1	0
weakarmor	onDamagingHit	1096	-1	1	40	Normal	1	1	0	20	0	1	16384	greninjaash	1	0	1	0	1	-1	0	2	100	160	0	1	false	Ability	0	psn	magoberry	0	-1	99	1	1	boost:def=-1,spe=2:0:0:undefined:false:false	undefined	true	16384	16384	16384	-1	2
weakarmor	onDamagingHit	1097	-1	0	60	Fire	1	1	1	10	100	-1	8192	greninjabond	1	0	1	1	1	1	0	2	60	160	0	1	0	Ability	0	brn	aguavberry	1	-1	0	1	0	boost:def=-1,spe=2:0:0:undefined:false:false	undefined	undefined	8192	8192	8192	1	2
weakarmor	onDamagingHit	1098	0	6	61	Water	0	1	1	10	100	-1	24576	greninjaash	0	1	1	0	1	0	1	2	100	160	1	1	null	Move	0	psn	sitrusberry	2	-1	99	0	1		undefined	undefined	24576	24576	24576	0	2
weakarmor	onDamagingHit	1099	0	6	40	Ghost	1	0	1	0	100	1	16384	pikachu	1	1	1	0	0	6	1	0	60	0	1	0	null	Ability	0	brn	sitrusberry	0	0	0	1	0	boost:def=-1,spe=2:0:0:undefined:false:false	undefined	true	16384	16384	16384	6	0
weakarmor	onDamagingHit	1100	6	1	61	Dark	1	0	0	0	20	-1	8192	pikachu	0	0	1	1	1	-1	0	0	60	160	0	1	true	Ability	1	psn	aguavberry	0	1	-1	1	0	boost:def=-1,spe=2:0:0:undefined:false:false	undefined	undefined	8192	8192	8192	-1	0
weakarmor	onDamagingHit	1101	1	1	40	Normal	0	1	0	0	-1	1	0	greninjabond	0	1	0	1	0	0	0	0	100	160	0	0	false	Move	1	brn	magoberry	2	0	-1	1	1		undefined	true	0	0	0	0	2
weakarmor	onDamagingHit	1102	0	1	0	Bug	0	1	0	100	20	1	0	greninjaash	1	1	1	1	1	1	0	0	0	100	1	1	0	missing	1	brn	leftovers	2	-1	-1	0	0		undefined	true	0	0	0	1	2
weakarmor	onDamagingHit	1103	0	0	60	Ghost	0	0	0	100	-1	0	0	pikachu	1	1	1	1	0	6	0	1	0	100	1	0	false	missing	0	brn	wikiberry	0	1	-1	1	0		undefined	false	0	0	0	6	0
weakarmor	onDamagingHit	1104	0	6	61	Normal	0	0	1	100	100	-1	2048	greninjabond	0	1	1	0	1	0	0	0	0	100	1	0	null	missing	1	psn	wikiberry	2	-1	1	1	1		undefined	undefined	2048	2048	2048	0	0
weakarmor	onDamagingHit	1105	6	0	40	Water	1	0	1	10	-1	1	0	greninjaash	0	1	1	0	1	1	1	0	0	0	0	0	undefined	Move	1	brn	leftovers	1	-1	99	1	0	boost:def=-1,spe=2:0:0:undefined:false:false	undefined	true	0	0	0	1	0
weakarmor	onDamagingHit	1106	0	6	0	Fire	0	1	0	100	0	0	16384	greninjaash	1	1	0	0	0	6	1	2	100	100	1	1	undefined	Move	1	brn	sitrusberry	2	1	99	1	0		undefined	false	16384	16384	16384	6	2
weakarmor	onDamagingHit	1107	-1	0	61	Dark	1	0	0	0	100	1	2048	greninjabond	1	1	0	0	1	-1	1	2	100	0	1	1	undefined	Ability	0	psn	figyberry	0	0	-1	1	1	boost:def=-1,spe=2:0:0:undefined:false:false	undefined	true	2048	2048	2048	-1	0
weakarmor	onDamagingHit	1108	0	1	60	Dark	0	0	1	100	20	0	24576	greninjabond	1	1	0	1	1	-1	0	1	60	160	0	0	true	Ability	1	psn	sitrusberry	1	-1	0	0	1		undefined	false	24576	24576	24576	-1	0
weakarmor	onDamagingHit	1109	-1	1	70	Water	1	0	1	20	0	1	8192	greninjaash	0	0	0	1	1	6	1	0	60	100	0	0	0	Ability	0	brn	aguavberry	1	1	99	1	1	boost:def=-1,spe=2:0:0:undefined:false:false	undefined	true	8192	8192	8192	6	0
weakarmor	onDamagingHit	1110	6	0	60	Ghost	0	0	0	100	-1	1	8	pikachu	1	1	1	1	0	1	1	0	0	100	0	1	undefined	Ability	1	psn	sitrusberry	2	1	99	1	1		undefined	true	8	8	8	1	0
weakarmor	onDamagingHit	1111	1	0	0	Water	0	1	0	20	0	0	2048	greninjaash	1	1	0	1	1	1	1	2	60	160	0	1	true	missing	1	brn	figyberry	1	1	0	1	0		undefined	false	2048	2048	2048	1	2
weakarmor	onDamagingHit	1112	0	1	60	Water	1	0	0	0	-1	0	8	pikachu	0	1	0	1	1	6	1	2	100	0	1	1	0	Ability	1	psn	magoberry	2	-1	0	1	0	boost:def=-1,spe=2:0:0:undefined:false:false	undefined	false	8	8	8	6	0
weakarmor	onDamagingHit	1113	6	0	70	Water	0	1	1	0	100	1	8	greninjabond	0	0	1	0	1	1	1	1	100	100	0	0	false	Ability	0	psn	figyberry	0	1	0	0	0		undefined	true	8	8	8	1	2
weakarmor	onDamagingHit	1114	-1	0	0	Water	1	0	0	10	-1	0	8192	greninjaash	1	0	0	0	1	1	0	0	60	0	1	1	0	Move	1	psn	sitrusberry	1	1	99	0	0	boost:def=-1,spe=2:0:0:undefined:false:false	undefined	false	8192	8192	8192	1	0
weakarmor	onDamagingHit	1115	6	6	60	Bug	0	0	0	10	0	1	16384	greninjabond	0	1	1	1	1	0	1	2	60	100	0	1	0	missing	0	psn	magoberry	0	0	99	0	1		undefined	true	16384	16384	16384	0	0
weakarmor	onDamagingHit	1116	6	1	70	Fire	1	1	1	20	20	-1	8192	pikachu	1	1	1	0	0	6	0	0	60	100	1	1	0	missing	0	psn	wikiberry	0	1	1	0	1	boost:def=-1,spe=2:0:0:undefined:false:false	undefined	undefined	8192	8192	8192	6	2
weakarmor	onDamagingHit	1117	0	1	0	Ghost	0	1	1	0	0	1	2048	greninjabond	1	1	0	0	1	0	1	2	60	160	0	1	null	Move	1	psn	wikiberry	1	0	99	1	1		undefined	true	2048	2048	2048	0	2
weakarmor	onDamagingHit	1118	-1	6	70	Normal	0	0	1	100	0	0	8	pikachu	1	0	0	0	1	6	0	0	60	100	0	0	true	missing	0	brn	magoberry	2	0	0	0	1		undefined	false	8	8	8	6	0
weakarmor	onDamagingHit	1119	6	6	60	Bug	0	1	1	10	100	1	8	greninjaash	1	1	1	0	1	1	1	2	100	160	1	1	undefined	Move	1	psn	magoberry	2	-1	0	0	1		undefined	true	8	8	8	1	2
weakarmor	onDamagingHit	1120	0	1	70	Water	0	1	0	10	100	0	8192	greninjaash	1	0	1	0	1	-1	1	1	60	100	0	0	null	Ability	1	psn	sitrusberry	2	1	-1	1	0		undefined	false	8192	8192	8192	-1	2
weakarmor	onDamagingHit	1121	6	6	40	Ghost	1	0	1	0	0	0	2048	pikachu	1	1	0	0	0	1	0	1	0	100	1	1	0	Move	1	brn	aguavberry	2	0	1	0	0	boost:def=-1,spe=2:0:0:undefined:false:false	undefined	false	2048	2048	2048	1	0
weakarmor	onDamagingHit	1122	6	0	40	Fire	1	0	0	100	20	1	8	greninjabond	1	0	0	0	0	-1	1	2	100	0	0	1	null	missing	0	brn	wikiberry	1	-1	99	1	1	boost:def=-1,spe=2:0:0:undefined:false:false	undefined	true	8	8	8	-1	0
weakarmor	onDamagingHit	1123	0	1	40	Water	0	0	1	10	-1	-1	2048	pikachu	0	1	0	0	0	6	1	0	0	0	1	0	false	Move	0	brn	figyberry	2	0	0	1	0		undefined	undefined	2048	2048	2048	6	0
weakarmor	onDamagingHit	1124	1	0	40	Fire	0	1	0	10	100	0	16384	greninjabond	0	0	1	1	0	6	1	1	100	0	0	0	null	missing	0	psn	aguavberry	2	-1	99	0	0		undefined	false	16384	16384	16384	6	2
weakarmor	onDamagingHit	1125	6	6	70	Bug	0	0	1	10	0	-1	8192	greninjaash	0	0	0	0	1	6	0	2	60	0	0	1	0	Move	0	psn	leftovers	0	0	1	0	0		undefined	undefined	8192	8192	8192	6	0
weakarmor	onDamagingHit	1126	0	6	60	Dark	0	1	1	0	0	-1	2048	greninjaash	1	0	0	0	0	6	1	1	100	160	0	0	0	Ability	1	psn	figyberry	0	1	99	1	0		undefined	undefined	2048	2048	2048	6	2
weakarmor	onDamagingHit	1127	6	0	61	Ghost	0	1	0	100	20	-1	8192	greninjaash	0	1	1	0	0	0	1	1	0	0	0	0	false	Ability	1	psn	wikiberry	2	1	1	1	0		undefined	undefined	8192	8192	8192	0	2
weakarmor	onDamagingHit	1128	0	6	40	Water	1	1	1	20	-1	-1	24576	greninjabond	0	0	1	1	1	1	1	1	60	160	1	1	undefined	Move	0	psn	sitrusberry	0	1	99	0	0	boost:def=-1,spe=2:0:0:undefined:false:false	undefined	undefined	24576	24576	24576	1	2
weakarmor	onDamagingHit	1129	1	6	40	Fire	1	1	0	100	20	0	8	pikachu	0	0	0	1	0	1	1	0	100	0	1	1	null	missing	0	brn	leftovers	1	-1	-1	0	0	boost:def=-1,spe=2:0:0:undefined:false:false	undefined	false	8	8	8	1	2
weakarmor	onDamagingHit	1130	1	1	61	Bug	1	1	1	10	0	1	0	greninjaash	1	1	1	0	1	6	1	1	60	160	0	1	null	missing	1	psn	iapapaberry	1	1	99	0	0	boost:def=-1,spe=2:0:0:undefined:false:false	undefined	true	0	0	0	6	2
