# kind	key	event	active	user	ignore	statusMatch	weather	single	run
Ability	furcoat	Start	0	0	0	0	0	1	1
Ability	furcoat	Start	0	0	0	0	1	1	1
Ability	furcoat	Start	0	0	0	0	2	1	1
Ability	furcoat	Start	0	0	0	0	3	1	1
Ability	furcoat	Start	0	0	0	0	4	1	1
Ability	furcoat	Start	0	0	0	1	0	1	1
Ability	furcoat	Start	0	0	0	1	1	1	1
Ability	furcoat	Start	0	0	0	1	2	1	1
Ability	furcoat	Start	0	0	0	1	3	1	1
Ability	furcoat	Start	0	0	0	1	4	1	1
Ability	furcoat	Start	0	0	1	0	0	1	1
Ability	furcoat	Start	0	0	1	0	1	1	1
Ability	furcoat	Start	0	0	1	0	2	1	1
Ability	furcoat	Start	0	0	1	0	3	1	1
Ability	furcoat	Start	0	0	1	0	4	1	1
Ability	furcoat	Start	0	0	1	1	0	1	1
Ability	furcoat	Start	0	0	1	1	1	1	1
Ability	furcoat	Start	0	0	1	1	2	1	1
Ability	furcoat	Start	0	0	1	1	3	1	1
Ability	furcoat	Start	0	0	1	1	4	1	1
Ability	furcoat	Start	0	1	0	0	0	1	1
Ability	furcoat	Start	0	1	0	0	1	1	1
Ability	furcoat	Start	0	1	0	0	2	1	1
Ability	furcoat	Start	0	1	0	0	3	1	1
Ability	furcoat	Start	0	1	0	0	4	1	1
Ability	furcoat	Start	0	1	0	1	0	1	1
Ability	furcoat	Start	0	1	0	1	1	1	1
Ability	furcoat	Start	0	1	0	1	2	1	1
Ability	furcoat	Start	0	1	0	1	3	1	1
Ability	furcoat	Start	0	1	0	1	4	1	1
Ability	furcoat	Start	0	1	1	0	0	1	1
Ability	furcoat	Start	0	1	1	0	1	1	1
Ability	furcoat	Start	0	1	1	0	2	1	1
Ability	furcoat	Start	0	1	1	0	3	1	1
Ability	furcoat	Start	0	1	1	0	4	1	1
Ability	furcoat	Start	0	1	1	1	0	1	1
Ability	furcoat	Start	0	1	1	1	1	1	1
Ability	furcoat	Start	0	1	1	1	2	1	1
Ability	furcoat	Start	0	1	1	1	3	1	1
Ability	furcoat	Start	0	1	1	1	4	1	1
Ability	furcoat	Start	0	2	0	0	0	1	1
Ability	furcoat	Start	0	2	0	0	1	1	1
Ability	furcoat	Start	0	2	0	0	2	1	1
Ability	furcoat	Start	0	2	0	0	3	1	1
Ability	furcoat	Start	0	2	0	0	4	1	1
Ability	furcoat	Start	0	2	0	1	0	1	1
Ability	furcoat	Start	0	2	0	1	1	1	1
Ability	furcoat	Start	0	2	0	1	2	1	1
Ability	furcoat	Start	0	2	0	1	3	1	1
Ability	furcoat	Start	0	2	0	1	4	1	1
Ability	furcoat	Start	0	2	1	0	0	1	1
Ability	furcoat	Start	0	2	1	0	1	1	1
Ability	furcoat	Start	0	2	1	0	2	1	1
Ability	furcoat	Start	0	2	1	0	3	1	1
Ability	furcoat	Start	0	2	1	0	4	1	1
Ability	furcoat	Start	0	2	1	1	0	1	1
Ability	furcoat	Start	0	2	1	1	1	1	1
Ability	furcoat	Start	0	2	1	1	2	1	1
Ability	furcoat	Start	0	2	1	1	3	1	1
Ability	furcoat	Start	0	2	1	1	4	1	1
Ability	furcoat	Start	0	3	0	0	0	1	1
Ability	furcoat	Start	0	3	0	0	1	1	1
Ability	furcoat	Start	0	3	0	0	2	1	1
Ability	furcoat	Start	0	3	0	0	3	1	1
Ability	furcoat	Start	0	3	0	0	4	1	1
Ability	furcoat	Start	0	3	0	1	0	1	1
Ability	furcoat	Start	0	3	0	1	1	1	1
Ability	furcoat	Start	0	3	0	1	2	1	1
Ability	furcoat	Start	0	3	0	1	3	1	1
Ability	furcoat	Start	0	3	0	1	4	1	1
Ability	furcoat	Start	0	3	1	0	0	1	1
Ability	furcoat	Start	0	3	1	0	1	1	1
Ability	furcoat	Start	0	3	1	0	2	1	1
Ability	furcoat	Start	0	3	1	0	3	1	1
Ability	furcoat	Start	0	3	1	0	4	1	1
Ability	furcoat	Start	0	3	1	1	0	1	1
Ability	furcoat	Start	0	3	1	1	1	1	1
Ability	furcoat	Start	0	3	1	1	2	1	1
Ability	furcoat	Start	0	3	1	1	3	1	1
Ability	furcoat	Start	0	3	1	1	4	1	1
Ability	furcoat	Start	1	0	0	0	0	0	0
Ability	furcoat	Start	1	0	0	0	1	0	0
Ability	furcoat	Start	1	0	0	0	2	0	0
Ability	furcoat	Start	1	0	0	0	3	0	0
Ability	furcoat	Start	1	0	0	0	4	0	0
Ability	furcoat	Start	1	0	0	1	0	0	0
Ability	furcoat	Start	1	0	0	1	1	0	0
Ability	furcoat	Start	1	0	0	1	2	0	0
Ability	furcoat	Start	1	0	0	1	3	0	0
Ability	furcoat	Start	1	0	0	1	4	0	0
Ability	furcoat	Start	1	0	1	0	0	0	0
Ability	furcoat	Start	1	0	1	0	1	0	0
Ability	furcoat	Start	1	0	1	0	2	0	0
Ability	furcoat	Start	1	0	1	0	3	0	0
Ability	furcoat	Start	1	0	1	0	4	0	0
Ability	furcoat	Start	1	0	1	1	0	0	0
Ability	furcoat	Start	1	0	1	1	1	0	0
Ability	furcoat	Start	1	0	1	1	2	0	0
Ability	furcoat	Start	1	0	1	1	3	0	0
Ability	furcoat	Start	1	0	1	1	4	0	0
Ability	furcoat	Start	1	1	0	0	0	0	0
Ability	furcoat	Start	1	1	0	0	1	0	0
Ability	furcoat	Start	1	1	0	0	2	0	0
Ability	furcoat	Start	1	1	0	0	3	0	0
Ability	furcoat	Start	1	1	0	0	4	0	0
Ability	furcoat	Start	1	1	0	1	0	0	0
Ability	furcoat	Start	1	1	0	1	1	0	0
Ability	furcoat	Start	1	1	0	1	2	0	0
Ability	furcoat	Start	1	1	0	1	3	0	0
Ability	furcoat	Start	1	1	0	1	4	0	0
Ability	furcoat	Start	1	1	1	0	0	0	1
Ability	furcoat	Start	1	1	1	0	1	0	1
Ability	furcoat	Start	1	1	1	0	2	0	1
Ability	furcoat	Start	1	1	1	0	3	0	1
Ability	furcoat	Start	1	1	1	0	4	0	1
Ability	furcoat	Start	1	1	1	1	0	0	1
Ability	furcoat	Start	1	1	1	1	1	0	1
Ability	furcoat	Start	1	1	1	1	2	0	1
Ability	furcoat	Start	1	1	1	1	3	0	1
Ability	furcoat	Start	1	1	1	1	4	0	1
Ability	furcoat	Start	1	2	0	0	0	0	0
Ability	furcoat	Start	1	2	0	0	1	0	0
Ability	furcoat	Start	1	2	0	0	2	0	0
Ability	furcoat	Start	1	2	0	0	3	0	0
Ability	furcoat	Start	1	2	0	0	4	0	0
Ability	furcoat	Start	1	2	0	1	0	0	0
Ability	furcoat	Start	1	2	0	1	1	0	0
Ability	furcoat	Start	1	2	0	1	2	0	0
Ability	furcoat	Start	1	2	0	1	3	0	0
Ability	furcoat	Start	1	2	0	1	4	0	0
Ability	furcoat	Start	1	2	1	0	0	0	0
Ability	furcoat	Start	1	2	1	0	1	0	0
Ability	furcoat	Start	1	2	1	0	2	0	0
Ability	furcoat	Start	1	2	1	0	3	0	0
Ability	furcoat	Start	1	2	1	0	4	0	0
Ability	furcoat	Start	1	2	1	1	0	0	0
Ability	furcoat	Start	1	2	1	1	1	0	0
Ability	furcoat	Start	1	2	1	1	2	0	0
Ability	furcoat	Start	1	2	1	1	3	0	0
Ability	furcoat	Start	1	2	1	1	4	0	0
Ability	furcoat	Start	1	3	0	0	0	0	0
Ability	furcoat	Start	1	3	0	0	1	0	0
Ability	furcoat	Start	1	3	0	0	2	0	0
Ability	furcoat	Start	1	3	0	0	3	0	0
Ability	furcoat	Start	1	3	0	0	4	0	0
Ability	furcoat	Start	1	3	0	1	0	0	0
Ability	furcoat	Start	1	3	0	1	1	0	0
Ability	furcoat	Start	1	3	0	1	2	0	0
Ability	furcoat	Start	1	3	0	1	3	0	0
Ability	furcoat	Start	1	3	0	1	4	0	0
Ability	furcoat	Start	1	3	1	0	0	0	0
Ability	furcoat	Start	1	3	1	0	1	0	0
Ability	furcoat	Start	1	3	1	0	2	0	0
Ability	furcoat	Start	1	3	1	0	3	0	0
Ability	furcoat	Start	1	3	1	0	4	0	0
Ability	furcoat	Start	1	3	1	1	0	0	0
Ability	furcoat	Start	1	3	1	1	1	0	0
Ability	furcoat	Start	1	3	1	1	2	0	0
Ability	furcoat	Start	1	3	1	1	3	0	0
Ability	furcoat	Start	1	3	1	1	4	0	0
Ability	furcoat	End	0	0	0	0	0	0	0
Ability	furcoat	End	0	0	0	0	1	0	0
Ability	furcoat	End	0	0	0	0	2	0	0
Ability	furcoat	End	0	0	0	0	3	0	0
Ability	furcoat	End	0	0	0	0	4	0	0
Ability	furcoat	End	0	0	0	1	0	0	0
Ability	furcoat	End	0	0	0	1	1	0	0
Ability	furcoat	End	0	0	0	1	2	0	0
Ability	furcoat	End	0	0	0	1	3	0	0
Ability	furcoat	End	0	0	0	1	4	0	0
Ability	furcoat	End	0	0	1	0	0	0	0
Ability	furcoat	End	0	0	1	0	1	0	0
Ability	furcoat	End	0	0	1	0	2	0	0
Ability	furcoat	End	0	0	1	0	3	0	0
Ability	furcoat	End	0	0	1	0	4	0	0
Ability	furcoat	End	0	0	1	1	0	0	0
Ability	furcoat	End	0	0	1	1	1	0	0
Ability	furcoat	End	0	0	1	1	2	0	0
Ability	furcoat	End	0	0	1	1	3	0	0
Ability	furcoat	End	0	0	1	1	4	0	0
Ability	furcoat	End	0	1	0	0	0	0	0
Ability	furcoat	End	0	1	0	0	1	0	0
Ability	furcoat	End	0	1	0	0	2	0	0
Ability	furcoat	End	0	1	0	0	3	0	0
Ability	furcoat	End	0	1	0	0	4	0	0
Ability	furcoat	End	0	1	0	1	0	0	0
Ability	furcoat	End	0	1	0	1	1	0	0
Ability	furcoat	End	0	1	0	1	2	0	0
Ability	furcoat	End	0	1	0	1	3	0	0
Ability	furcoat	End	0	1	0	1	4	0	0
Ability	furcoat	End	0	1	1	0	0	0	1
Ability	furcoat	End	0	1	1	0	1	0	1
Ability	furcoat	End	0	1	1	0	2	0	1
Ability	furcoat	End	0	1	1	0	3	0	1
Ability	furcoat	End	0	1	1	0	4	0	1
Ability	furcoat	End	0	1	1	1	0	0	1
Ability	furcoat	End	0	1	1	1	1	0	1
Ability	furcoat	End	0	1	1	1	2	0	1
Ability	furcoat	End	0	1	1	1	3	0	1
Ability	furcoat	End	0	1	1	1	4	0	1
Ability	furcoat	End	0	2	0	0	0	0	0
Ability	furcoat	End	0	2	0	0	1	0	0
Ability	furcoat	End	0	2	0	0	2	0	0
Ability	furcoat	End	0	2	0	0	3	0	0
Ability	furcoat	End	0	2	0	0	4	0	0
Ability	furcoat	End	0	2	0	1	0	0	0
Ability	furcoat	End	0	2	0	1	1	0	0
Ability	furcoat	End	0	2	0	1	2	0	0
Ability	furcoat	End	0	2	0	1	3	0	0
Ability	furcoat	End	0	2	0	1	4	0	0
Ability	furcoat	End	0	2	1	0	0	0	0
Ability	furcoat	End	0	2	1	0	1	0	0
Ability	furcoat	End	0	2	1	0	2	0	0
Ability	furcoat	End	0	2	1	0	3	0	0
Ability	furcoat	End	0	2	1	0	4	0	0
Ability	furcoat	End	0	2	1	1	0	0	0
Ability	furcoat	End	0	2	1	1	1	0	0
Ability	furcoat	End	0	2	1	1	2	0	0
Ability	furcoat	End	0	2	1	1	3	0	0
Ability	furcoat	End	0	2	1	1	4	0	0
Ability	furcoat	End	0	3	0	0	0	0	0
Ability	furcoat	End	0	3	0	0	1	0	0
Ability	furcoat	End	0	3	0	0	2	0	0
Ability	furcoat	End	0	3	0	0	3	0	0
Ability	furcoat	End	0	3	0	0	4	0	0
Ability	furcoat	End	0	3	0	1	0	0	0
Ability	furcoat	End	0	3	0	1	1	0	0
Ability	furcoat	End	0	3	0	1	2	0	0
Ability	furcoat	End	0	3	0	1	3	0	0
Ability	furcoat	End	0	3	0	1	4	0	0
Ability	furcoat	End	0	3	1	0	0	0	0
Ability	furcoat	End	0	3	1	0	1	0	0
Ability	furcoat	End	0	3	1	0	2	0	0
Ability	furcoat	End	0	3	1	0	3	0	0
Ability	furcoat	End	0	3	1	0	4	0	0
Ability	furcoat	End	0	3	1	1	0	0	0
Ability	furcoat	End	0	3	1	1	1	0	0
Ability	furcoat	End	0	3	1	1	2	0	0
Ability	furcoat	End	0	3	1	1	3	0	0
Ability	furcoat	End	0	3	1	1	4	0	0
Ability	furcoat	End	1	0	0	0	0	0	0
Ability	furcoat	End	1	0	0	0	1	0	0
Ability	furcoat	End	1	0	0	0	2	0	0
Ability	furcoat	End	1	0	0	0	3	0	0
Ability	furcoat	End	1	0	0	0	4	0	0
Ability	furcoat	End	1	0	0	1	0	0	0
Ability	furcoat	End	1	0	0	1	1	0	0
Ability	furcoat	End	1	0	0	1	2	0	0
Ability	furcoat	End	1	0	0	1	3	0	0
Ability	furcoat	End	1	0	0	1	4	0	0
Ability	furcoat	End	1	0	1	0	0	0	0
Ability	furcoat	End	1	0	1	0	1	0	0
Ability	furcoat	End	1	0	1	0	2	0	0
Ability	furcoat	End	1	0	1	0	3	0	0
Ability	furcoat	End	1	0	1	0	4	0	0
Ability	furcoat	End	1	0	1	1	0	0	0
Ability	furcoat	End	1	0	1	1	1	0	0
Ability	furcoat	End	1	0	1	1	2	0	0
Ability	furcoat	End	1	0	1	1	3	0	0
Ability	furcoat	End	1	0	1	1	4	0	0
Ability	furcoat	End	1	1	0	0	0	0	0
Ability	furcoat	End	1	1	0	0	1	0	0
Ability	furcoat	End	1	1	0	0	2	0	0
Ability	furcoat	End	1	1	0	0	3	0	0
Ability	furcoat	End	1	1	0	0	4	0	0
Ability	furcoat	End	1	1	0	1	0	0	0
Ability	furcoat	End	1	1	0	1	1	0	0
Ability	furcoat	End	1	1	0	1	2	0	0
Ability	furcoat	End	1	1	0	1	3	0	0
Ability	furcoat	End	1	1	0	1	4	0	0
Ability	furcoat	End	1	1	1	0	0	0	1
Ability	furcoat	End	1	1	1	0	1	0	1
Ability	furcoat	End	1	1	1	0	2	0	1
Ability	furcoat	End	1	1	1	0	3	0	1
Ability	furcoat	End	1	1	1	0	4	0	1
Ability	furcoat	End	1	1	1	1	0	0	1
Ability	furcoat	End	1	1	1	1	1	0	1
Ability	furcoat	End	1	1	1	1	2	0	1
Ability	furcoat	End	1	1	1	1	3	0	1
Ability	furcoat	End	1	1	1	1	4	0	1
Ability	furcoat	End	1	2	0	0	0	0	0
Ability	furcoat	End	1	2	0	0	1	0	0
Ability	furcoat	End	1	2	0	0	2	0	0
Ability	furcoat	End	1	2	0	0	3	0	0
Ability	furcoat	End	1	2	0	0	4	0	0
Ability	furcoat	End	1	2	0	1	0	0	0
Ability	furcoat	End	1	2	0	1	1	0	0
Ability	furcoat	End	1	2	0	1	2	0	0
Ability	furcoat	End	1	2	0	1	3	0	0
Ability	furcoat	End	1	2	0	1	4	0	0
Ability	furcoat	End	1	2	1	0	0	0	0
Ability	furcoat	End	1	2	1	0	1	0	0
Ability	furcoat	End	1	2	1	0	2	0	0
Ability	furcoat	End	1	2	1	0	3	0	0
Ability	furcoat	End	1	2	1	0	4	0	0
Ability	furcoat	End	1	2	1	1	0	0	0
Ability	furcoat	End	1	2	1	1	1	0	0
Ability	furcoat	End	1	2	1	1	2	0	0
Ability	furcoat	End	1	2	1	1	3	0	0
Ability	furcoat	End	1	2	1	1	4	0	0
Ability	furcoat	End	1	3	0	0	0	0	0
Ability	furcoat	End	1	3	0	0	1	0	0
Ability	furcoat	End	1	3	0	0	2	0	0
Ability	furcoat	End	1	3	0	0	3	0	0
Ability	furcoat	End	1	3	0	0	4	0	0
Ability	furcoat	End	1	3	0	1	0	0	0
Ability	furcoat	End	1	3	0	1	1	0	0
Ability	furcoat	End	1	3	0	1	2	0	0
Ability	furcoat	End	1	3	0	1	3	0	0
Ability	furcoat	End	1	3	0	1	4	0	0
Ability	furcoat	End	1	3	1	0	0	0	0
Ability	furcoat	End	1	3	1	0	1	0	0
Ability	furcoat	End	1	3	1	0	2	0	0
Ability	furcoat	End	1	3	1	0	3	0	0
Ability	furcoat	End	1	3	1	0	4	0	0
Ability	furcoat	End	1	3	1	1	0	0	0
Ability	furcoat	End	1	3	1	1	1	0	0
Ability	furcoat	End	1	3	1	1	2	0	0
Ability	furcoat	End	1	3	1	1	3	0	0
Ability	furcoat	End	1	3	1	1	4	0	0
Ability	furcoat	SwitchIn	0	0	0	0	0	1	1
Ability	furcoat	SwitchIn	0	0	0	0	1	1	1
Ability	furcoat	SwitchIn	0	0	0	0	2	1	1
Ability	furcoat	SwitchIn	0	0	0	0	3	1	1
Ability	furcoat	SwitchIn	0	0	0	0	4	1	1
Ability	furcoat	SwitchIn	0	0	0	1	0	1	1
Ability	furcoat	SwitchIn	0	0	0	1	1	1	1
Ability	furcoat	SwitchIn	0	0	0	1	2	1	1
Ability	furcoat	SwitchIn	0	0	0	1	3	1	1
Ability	furcoat	SwitchIn	0	0	0	1	4	1	1
Ability	furcoat	SwitchIn	0	0	1	0	0	1	1
Ability	furcoat	SwitchIn	0	0	1	0	1	1	1
Ability	furcoat	SwitchIn	0	0	1	0	2	1	1
Ability	furcoat	SwitchIn	0	0	1	0	3	1	1
Ability	furcoat	SwitchIn	0	0	1	0	4	1	1
Ability	furcoat	SwitchIn	0	0	1	1	0	1	1
Ability	furcoat	SwitchIn	0	0	1	1	1	1	1
Ability	furcoat	SwitchIn	0	0	1	1	2	1	1
Ability	furcoat	SwitchIn	0	0	1	1	3	1	1
Ability	furcoat	SwitchIn	0	0	1	1	4	1	1
Ability	furcoat	SwitchIn	0	1	0	0	0	1	1
Ability	furcoat	SwitchIn	0	1	0	0	1	1	1
Ability	furcoat	SwitchIn	0	1	0	0	2	1	1
Ability	furcoat	SwitchIn	0	1	0	0	3	1	1
Ability	furcoat	SwitchIn	0	1	0	0	4	1	1
Ability	furcoat	SwitchIn	0	1	0	1	0	1	1
Ability	furcoat	SwitchIn	0	1	0	1	1	1	1
Ability	furcoat	SwitchIn	0	1	0	1	2	1	1
Ability	furcoat	SwitchIn	0	1	0	1	3	1	1
Ability	furcoat	SwitchIn	0	1	0	1	4	1	1
Ability	furcoat	SwitchIn	0	1	1	0	0	1	1
Ability	furcoat	SwitchIn	0	1	1	0	1	1	1
Ability	furcoat	SwitchIn	0	1	1	0	2	1	1
Ability	furcoat	SwitchIn	0	1	1	0	3	1	1
Ability	furcoat	SwitchIn	0	1	1	0	4	1	1
Ability	furcoat	SwitchIn	0	1	1	1	0	1	1
Ability	furcoat	SwitchIn	0	1	1	1	1	1	1
Ability	furcoat	SwitchIn	0	1	1	1	2	1	1
Ability	furcoat	SwitchIn	0	1	1	1	3	1	1
Ability	furcoat	SwitchIn	0	1	1	1	4	1	1
Ability	furcoat	SwitchIn	0	2	0	0	0	1	1
Ability	furcoat	SwitchIn	0	2	0	0	1	1	1
Ability	furcoat	SwitchIn	0	2	0	0	2	1	1
Ability	furcoat	SwitchIn	0	2	0	0	3	1	1
Ability	furcoat	SwitchIn	0	2	0	0	4	1	1
Ability	furcoat	SwitchIn	0	2	0	1	0	1	1
Ability	furcoat	SwitchIn	0	2	0	1	1	1	1
Ability	furcoat	SwitchIn	0	2	0	1	2	1	1
Ability	furcoat	SwitchIn	0	2	0	1	3	1	1
Ability	furcoat	SwitchIn	0	2	0	1	4	1	1
Ability	furcoat	SwitchIn	0	2	1	0	0	1	1
Ability	furcoat	SwitchIn	0	2	1	0	1	1	1
Ability	furcoat	SwitchIn	0	2	1	0	2	1	1
Ability	furcoat	SwitchIn	0	2	1	0	3	1	1
Ability	furcoat	SwitchIn	0	2	1	0	4	1	1
Ability	furcoat	SwitchIn	0	2	1	1	0	1	1
Ability	furcoat	SwitchIn	0	2	1	1	1	1	1
Ability	furcoat	SwitchIn	0	2	1	1	2	1	1
Ability	furcoat	SwitchIn	0	2	1	1	3	1	1
Ability	furcoat	SwitchIn	0	2	1	1	4	1	1
Ability	furcoat	SwitchIn	0	3	0	0	0	1	1
Ability	furcoat	SwitchIn	0	3	0	0	1	1	1
Ability	furcoat	SwitchIn	0	3	0	0	2	1	1
Ability	furcoat	SwitchIn	0	3	0	0	3	1	1
Ability	furcoat	SwitchIn	0	3	0	0	4	1	1
Ability	furcoat	SwitchIn	0	3	0	1	0	1	1
Ability	furcoat	SwitchIn	0	3	0	1	1	1	1
Ability	furcoat	SwitchIn	0	3	0	1	2	1	1
Ability	furcoat	SwitchIn	0	3	0	1	3	1	1
Ability	furcoat	SwitchIn	0	3	0	1	4	1	1
Ability	furcoat	SwitchIn	0	3	1	0	0	1	1
Ability	furcoat	SwitchIn	0	3	1	0	1	1	1
Ability	furcoat	SwitchIn	0	3	1	0	2	1	1
Ability	furcoat	SwitchIn	0	3	1	0	3	1	1
Ability	furcoat	SwitchIn	0	3	1	0	4	1	1
Ability	furcoat	SwitchIn	0	3	1	1	0	1	1
Ability	furcoat	SwitchIn	0	3	1	1	1	1	1
Ability	furcoat	SwitchIn	0	3	1	1	2	1	1
Ability	furcoat	SwitchIn	0	3	1	1	3	1	1
Ability	furcoat	SwitchIn	0	3	1	1	4	1	1
Ability	furcoat	SwitchIn	1	0	0	0	0	0	0
Ability	furcoat	SwitchIn	1	0	0	0	1	0	0
Ability	furcoat	SwitchIn	1	0	0	0	2	0	0
Ability	furcoat	SwitchIn	1	0	0	0	3	0	0
Ability	furcoat	SwitchIn	1	0	0	0	4	0	0
Ability	furcoat	SwitchIn	1	0	0	1	0	0	0
Ability	furcoat	SwitchIn	1	0	0	1	1	0	0
Ability	furcoat	SwitchIn	1	0	0	1	2	0	0
Ability	furcoat	SwitchIn	1	0	0	1	3	0	0
Ability	furcoat	SwitchIn	1	0	0	1	4	0	0
Ability	furcoat	SwitchIn	1	0	1	0	0	0	0
Ability	furcoat	SwitchIn	1	0	1	0	1	0	0
Ability	furcoat	SwitchIn	1	0	1	0	2	0	0
Ability	furcoat	SwitchIn	1	0	1	0	3	0	0
Ability	furcoat	SwitchIn	1	0	1	0	4	0	0
Ability	furcoat	SwitchIn	1	0	1	1	0	0	0
Ability	furcoat	SwitchIn	1	0	1	1	1	0	0
Ability	furcoat	SwitchIn	1	0	1	1	2	0	0
Ability	furcoat	SwitchIn	1	0	1	1	3	0	0
Ability	furcoat	SwitchIn	1	0	1	1	4	0	0
Ability	furcoat	SwitchIn	1	1	0	0	0	0	0
Ability	furcoat	SwitchIn	1	1	0	0	1	0	0
Ability	furcoat	SwitchIn	1	1	0	0	2	0	0
Ability	furcoat	SwitchIn	1	1	0	0	3	0	0
Ability	furcoat	SwitchIn	1	1	0	0	4	0	0
Ability	furcoat	SwitchIn	1	1	0	1	0	0	0
Ability	furcoat	SwitchIn	1	1	0	1	1	0	0
Ability	furcoat	SwitchIn	1	1	0	1	2	0	0
Ability	furcoat	SwitchIn	1	1	0	1	3	0	0
Ability	furcoat	SwitchIn	1	1	0	1	4	0	0
Ability	furcoat	SwitchIn	1	1	1	0	0	1	1
Ability	furcoat	SwitchIn	1	1	1	0	1	1	1
Ability	furcoat	SwitchIn	1	1	1	0	2	1	1
Ability	furcoat	SwitchIn	1	1	1	0	3	1	1
Ability	furcoat	SwitchIn	1	1	1	0	4	1	1
Ability	furcoat	SwitchIn	1	1	1	1	0	1	1
Ability	furcoat	SwitchIn	1	1	1	1	1	1	1
Ability	furcoat	SwitchIn	1	1	1	1	2	1	1
Ability	furcoat	SwitchIn	1	1	1	1	3	1	1
Ability	furcoat	SwitchIn	1	1	1	1	4	1	1
Ability	furcoat	SwitchIn	1	2	0	0	0	0	0
Ability	furcoat	SwitchIn	1	2	0	0	1	0	0
Ability	furcoat	SwitchIn	1	2	0	0	2	0	0
Ability	furcoat	SwitchIn	1	2	0	0	3	0	0
Ability	furcoat	SwitchIn	1	2	0	0	4	0	0
Ability	furcoat	SwitchIn	1	2	0	1	0	0	0
Ability	furcoat	SwitchIn	1	2	0	1	1	0	0
Ability	furcoat	SwitchIn	1	2	0	1	2	0	0
Ability	furcoat	SwitchIn	1	2	0	1	3	0	0
Ability	furcoat	SwitchIn	1	2	0	1	4	0	0
Ability	furcoat	SwitchIn	1	2	1	0	0	0	0
Ability	furcoat	SwitchIn	1	2	1	0	1	0	0
Ability	furcoat	SwitchIn	1	2	1	0	2	0	0
Ability	furcoat	SwitchIn	1	2	1	0	3	0	0
Ability	furcoat	SwitchIn	1	2	1	0	4	0	0
Ability	furcoat	SwitchIn	1	2	1	1	0	0	0
Ability	furcoat	SwitchIn	1	2	1	1	1	0	0
Ability	furcoat	SwitchIn	1	2	1	1	2	0	0
Ability	furcoat	SwitchIn	1	2	1	1	3	0	0
Ability	furcoat	SwitchIn	1	2	1	1	4	0	0
Ability	furcoat	SwitchIn	1	3	0	0	0	0	0
Ability	furcoat	SwitchIn	1	3	0	0	1	0	0
Ability	furcoat	SwitchIn	1	3	0	0	2	0	0
Ability	furcoat	SwitchIn	1	3	0	0	3	0	0
Ability	furcoat	SwitchIn	1	3	0	0	4	0	0
Ability	furcoat	SwitchIn	1	3	0	1	0	0	0
Ability	furcoat	SwitchIn	1	3	0	1	1	0	0
Ability	furcoat	SwitchIn	1	3	0	1	2	0	0
Ability	furcoat	SwitchIn	1	3	0	1	3	0	0
Ability	furcoat	SwitchIn	1	3	0	1	4	0	0
Ability	furcoat	SwitchIn	1	3	1	0	0	0	0
Ability	furcoat	SwitchIn	1	3	1	0	1	0	0
Ability	furcoat	SwitchIn	1	3	1	0	2	0	0
Ability	furcoat	SwitchIn	1	3	1	0	3	0	0
Ability	furcoat	SwitchIn	1	3	1	0	4	0	0
Ability	furcoat	SwitchIn	1	3	1	1	0	0	0
Ability	furcoat	SwitchIn	1	3	1	1	1	0	0
Ability	furcoat	SwitchIn	1	3	1	1	2	0	0
Ability	furcoat	SwitchIn	1	3	1	1	3	0	0
Ability	furcoat	SwitchIn	1	3	1	1	4	0	0
Ability	furcoat	TakeItem	0	0	0	0	0	1	1
Ability	furcoat	TakeItem	0	0	0	0	1	1	1
Ability	furcoat	TakeItem	0	0	0	0	2	1	1
Ability	furcoat	TakeItem	0	0	0	0	3	1	1
Ability	furcoat	TakeItem	0	0	0	0	4	1	1
Ability	furcoat	TakeItem	0	0	0	1	0	1	1
Ability	furcoat	TakeItem	0	0	0	1	1	1	1
Ability	furcoat	TakeItem	0	0	0	1	2	1	1
Ability	furcoat	TakeItem	0	0	0	1	3	1	1
Ability	furcoat	TakeItem	0	0	0	1	4	1	1
Ability	furcoat	TakeItem	0	0	1	0	0	1	1
Ability	furcoat	TakeItem	0	0	1	0	1	1	1
Ability	furcoat	TakeItem	0	0	1	0	2	1	1
Ability	furcoat	TakeItem	0	0	1	0	3	1	1
Ability	furcoat	TakeItem	0	0	1	0	4	1	1
Ability	furcoat	TakeItem	0	0	1	1	0	1	1
Ability	furcoat	TakeItem	0	0	1	1	1	1	1
Ability	furcoat	TakeItem	0	0	1	1	2	1	1
Ability	furcoat	TakeItem	0	0	1	1	3	1	1
Ability	furcoat	TakeItem	0	0	1	1	4	1	1
Ability	furcoat	TakeItem	0	1	0	0	0	1	1
Ability	furcoat	TakeItem	0	1	0	0	1	1	1
Ability	furcoat	TakeItem	0	1	0	0	2	1	1
Ability	furcoat	TakeItem	0	1	0	0	3	1	1
Ability	furcoat	TakeItem	0	1	0	0	4	1	1
Ability	furcoat	TakeItem	0	1	0	1	0	1	1
Ability	furcoat	TakeItem	0	1	0	1	1	1	1
Ability	furcoat	TakeItem	0	1	0	1	2	1	1
Ability	furcoat	TakeItem	0	1	0	1	3	1	1
Ability	furcoat	TakeItem	0	1	0	1	4	1	1
Ability	furcoat	TakeItem	0	1	1	0	0	1	1
Ability	furcoat	TakeItem	0	1	1	0	1	1	1
Ability	furcoat	TakeItem	0	1	1	0	2	1	1
Ability	furcoat	TakeItem	0	1	1	0	3	1	1
Ability	furcoat	TakeItem	0	1	1	0	4	1	1
Ability	furcoat	TakeItem	0	1	1	1	0	1	1
Ability	furcoat	TakeItem	0	1	1	1	1	1	1
Ability	furcoat	TakeItem	0	1	1	1	2	1	1
Ability	furcoat	TakeItem	0	1	1	1	3	1	1
Ability	furcoat	TakeItem	0	1	1	1	4	1	1
Ability	furcoat	TakeItem	0	2	0	0	0	1	1
Ability	furcoat	TakeItem	0	2	0	0	1	1	1
Ability	furcoat	TakeItem	0	2	0	0	2	1	1
Ability	furcoat	TakeItem	0	2	0	0	3	1	1
Ability	furcoat	TakeItem	0	2	0	0	4	1	1
Ability	furcoat	TakeItem	0	2	0	1	0	1	1
Ability	furcoat	TakeItem	0	2	0	1	1	1	1
Ability	furcoat	TakeItem	0	2	0	1	2	1	1
Ability	furcoat	TakeItem	0	2	0	1	3	1	1
Ability	furcoat	TakeItem	0	2	0	1	4	1	1
Ability	furcoat	TakeItem	0	2	1	0	0	1	1
Ability	furcoat	TakeItem	0	2	1	0	1	1	1
Ability	furcoat	TakeItem	0	2	1	0	2	1	1
Ability	furcoat	TakeItem	0	2	1	0	3	1	1
Ability	furcoat	TakeItem	0	2	1	0	4	1	1
Ability	furcoat	TakeItem	0	2	1	1	0	1	1
Ability	furcoat	TakeItem	0	2	1	1	1	1	1
Ability	furcoat	TakeItem	0	2	1	1	2	1	1
Ability	furcoat	TakeItem	0	2	1	1	3	1	1
Ability	furcoat	TakeItem	0	2	1	1	4	1	1
Ability	furcoat	TakeItem	0	3	0	0	0	1	1
Ability	furcoat	TakeItem	0	3	0	0	1	1	1
Ability	furcoat	TakeItem	0	3	0	0	2	1	1
Ability	furcoat	TakeItem	0	3	0	0	3	1	1
Ability	furcoat	TakeItem	0	3	0	0	4	1	1
Ability	furcoat	TakeItem	0	3	0	1	0	1	1
Ability	furcoat	TakeItem	0	3	0	1	1	1	1
Ability	furcoat	TakeItem	0	3	0	1	2	1	1
Ability	furcoat	TakeItem	0	3	0	1	3	1	1
Ability	furcoat	TakeItem	0	3	0	1	4	1	1
Ability	furcoat	TakeItem	0	3	1	0	0	1	1
Ability	furcoat	TakeItem	0	3	1	0	1	1	1
Ability	furcoat	TakeItem	0	3	1	0	2	1	1
Ability	furcoat	TakeItem	0	3	1	0	3	1	1
Ability	furcoat	TakeItem	0	3	1	0	4	1	1
Ability	furcoat	TakeItem	0	3	1	1	0	1	1
Ability	furcoat	TakeItem	0	3	1	1	1	1	1
Ability	furcoat	TakeItem	0	3	1	1	2	1	1
Ability	furcoat	TakeItem	0	3	1	1	3	1	1
Ability	furcoat	TakeItem	0	3	1	1	4	1	1
Ability	furcoat	TakeItem	1	0	0	0	0	0	0
Ability	furcoat	TakeItem	1	0	0	0	1	0	0
Ability	furcoat	TakeItem	1	0	0	0	2	0	0
Ability	furcoat	TakeItem	1	0	0	0	3	0	0
Ability	furcoat	TakeItem	1	0	0	0	4	0	0
Ability	furcoat	TakeItem	1	0	0	1	0	0	0
Ability	furcoat	TakeItem	1	0	0	1	1	0	0
Ability	furcoat	TakeItem	1	0	0	1	2	0	0
Ability	furcoat	TakeItem	1	0	0	1	3	0	0
Ability	furcoat	TakeItem	1	0	0	1	4	0	0
Ability	furcoat	TakeItem	1	0	1	0	0	0	0
Ability	furcoat	TakeItem	1	0	1	0	1	0	0
Ability	furcoat	TakeItem	1	0	1	0	2	0	0
Ability	furcoat	TakeItem	1	0	1	0	3	0	0
Ability	furcoat	TakeItem	1	0	1	0	4	0	0
Ability	furcoat	TakeItem	1	0	1	1	0	0	0
Ability	furcoat	TakeItem	1	0	1	1	1	0	0
Ability	furcoat	TakeItem	1	0	1	1	2	0	0
Ability	furcoat	TakeItem	1	0	1	1	3	0	0
Ability	furcoat	TakeItem	1	0	1	1	4	0	0
Ability	furcoat	TakeItem	1	1	0	0	0	0	0
Ability	furcoat	TakeItem	1	1	0	0	1	0	0
Ability	furcoat	TakeItem	1	1	0	0	2	0	0
Ability	furcoat	TakeItem	1	1	0	0	3	0	0
Ability	furcoat	TakeItem	1	1	0	0	4	0	0
Ability	furcoat	TakeItem	1	1	0	1	0	0	0
Ability	furcoat	TakeItem	1	1	0	1	1	0	0
Ability	furcoat	TakeItem	1	1	0	1	2	0	0
Ability	furcoat	TakeItem	1	1	0	1	3	0	0
Ability	furcoat	TakeItem	1	1	0	1	4	0	0
Ability	furcoat	TakeItem	1	1	1	0	0	0	1
Ability	furcoat	TakeItem	1	1	1	0	1	0	1
Ability	furcoat	TakeItem	1	1	1	0	2	0	1
Ability	furcoat	TakeItem	1	1	1	0	3	0	1
Ability	furcoat	TakeItem	1	1	1	0	4	0	1
Ability	furcoat	TakeItem	1	1	1	1	0	0	1
Ability	furcoat	TakeItem	1	1	1	1	1	0	1
Ability	furcoat	TakeItem	1	1	1	1	2	0	1
Ability	furcoat	TakeItem	1	1	1	1	3	0	1
Ability	furcoat	TakeItem	1	1	1	1	4	0	1
Ability	furcoat	TakeItem	1	2	0	0	0	0	0
Ability	furcoat	TakeItem	1	2	0	0	1	0	0
Ability	furcoat	TakeItem	1	2	0	0	2	0	0
Ability	furcoat	TakeItem	1	2	0	0	3	0	0
Ability	furcoat	TakeItem	1	2	0	0	4	0	0
Ability	furcoat	TakeItem	1	2	0	1	0	0	0
Ability	furcoat	TakeItem	1	2	0	1	1	0	0
Ability	furcoat	TakeItem	1	2	0	1	2	0	0
Ability	furcoat	TakeItem	1	2	0	1	3	0	0
Ability	furcoat	TakeItem	1	2	0	1	4	0	0
Ability	furcoat	TakeItem	1	2	1	0	0	0	0
Ability	furcoat	TakeItem	1	2	1	0	1	0	0
Ability	furcoat	TakeItem	1	2	1	0	2	0	0
Ability	furcoat	TakeItem	1	2	1	0	3	0	0
Ability	furcoat	TakeItem	1	2	1	0	4	0	0
Ability	furcoat	TakeItem	1	2	1	1	0	0	0
Ability	furcoat	TakeItem	1	2	1	1	1	0	0
Ability	furcoat	TakeItem	1	2	1	1	2	0	0
Ability	furcoat	TakeItem	1	2	1	1	3	0	0
Ability	furcoat	TakeItem	1	2	1	1	4	0	0
Ability	furcoat	TakeItem	1	3	0	0	0	0	0
Ability	furcoat	TakeItem	1	3	0	0	1	0	0
Ability	furcoat	TakeItem	1	3	0	0	2	0	0
Ability	furcoat	TakeItem	1	3	0	0	3	0	0
Ability	furcoat	TakeItem	1	3	0	0	4	0	0
Ability	furcoat	TakeItem	1	3	0	1	0	0	0
Ability	furcoat	TakeItem	1	3	0	1	1	0	0
Ability	furcoat	TakeItem	1	3	0	1	2	0	0
Ability	furcoat	TakeItem	1	3	0	1	3	0	0
Ability	furcoat	TakeItem	1	3	0	1	4	0	0
Ability	furcoat	TakeItem	1	3	1	0	0	0	0
Ability	furcoat	TakeItem	1	3	1	0	1	0	0
Ability	furcoat	TakeItem	1	3	1	0	2	0	0
Ability	furcoat	TakeItem	1	3	1	0	3	0	0
Ability	furcoat	TakeItem	1	3	1	0	4	0	0
Ability	furcoat	TakeItem	1	3	1	1	0	0	0
Ability	furcoat	TakeItem	1	3	1	1	1	0	0
Ability	furcoat	TakeItem	1	3	1	1	2	0	0
Ability	furcoat	TakeItem	1	3	1	1	3	0	0
Ability	furcoat	TakeItem	1	3	1	1	4	0	0
Ability	furcoat	SetAbility	0	0	0	0	0	1	1
Ability	furcoat	SetAbility	0	0	0	0	1	1	1
Ability	furcoat	SetAbility	0	0	0	0	2	1	1
Ability	furcoat	SetAbility	0	0	0	0	3	1	1
Ability	furcoat	SetAbility	0	0	0	0	4	1	1
Ability	furcoat	SetAbility	0	0	0	1	0	1	1
Ability	furcoat	SetAbility	0	0	0	1	1	1	1
Ability	furcoat	SetAbility	0	0	0	1	2	1	1
Ability	furcoat	SetAbility	0	0	0	1	3	1	1
Ability	furcoat	SetAbility	0	0	0	1	4	1	1
Ability	furcoat	SetAbility	0	0	1	0	0	1	1
Ability	furcoat	SetAbility	0	0	1	0	1	1	1
Ability	furcoat	SetAbility	0	0	1	0	2	1	1
Ability	furcoat	SetAbility	0	0	1	0	3	1	1
Ability	furcoat	SetAbility	0	0	1	0	4	1	1
Ability	furcoat	SetAbility	0	0	1	1	0	1	1
Ability	furcoat	SetAbility	0	0	1	1	1	1	1
Ability	furcoat	SetAbility	0	0	1	1	2	1	1
Ability	furcoat	SetAbility	0	0	1	1	3	1	1
Ability	furcoat	SetAbility	0	0	1	1	4	1	1
Ability	furcoat	SetAbility	0	1	0	0	0	1	1
Ability	furcoat	SetAbility	0	1	0	0	1	1	1
Ability	furcoat	SetAbility	0	1	0	0	2	1	1
Ability	furcoat	SetAbility	0	1	0	0	3	1	1
Ability	furcoat	SetAbility	0	1	0	0	4	1	1
Ability	furcoat	SetAbility	0	1	0	1	0	1	1
Ability	furcoat	SetAbility	0	1	0	1	1	1	1
Ability	furcoat	SetAbility	0	1	0	1	2	1	1
Ability	furcoat	SetAbility	0	1	0	1	3	1	1
Ability	furcoat	SetAbility	0	1	0	1	4	1	1
Ability	furcoat	SetAbility	0	1	1	0	0	1	1
Ability	furcoat	SetAbility	0	1	1	0	1	1	1
Ability	furcoat	SetAbility	0	1	1	0	2	1	1
Ability	furcoat	SetAbility	0	1	1	0	3	1	1
Ability	furcoat	SetAbility	0	1	1	0	4	1	1
Ability	furcoat	SetAbility	0	1	1	1	0	1	1
Ability	furcoat	SetAbility	0	1	1	1	1	1	1
Ability	furcoat	SetAbility	0	1	1	1	2	1	1
Ability	furcoat	SetAbility	0	1	1	1	3	1	1
Ability	furcoat	SetAbility	0	1	1	1	4	1	1
Ability	furcoat	SetAbility	0	2	0	0	0	1	1
Ability	furcoat	SetAbility	0	2	0	0	1	1	1
Ability	furcoat	SetAbility	0	2	0	0	2	1	1
Ability	furcoat	SetAbility	0	2	0	0	3	1	1
Ability	furcoat	SetAbility	0	2	0	0	4	1	1
Ability	furcoat	SetAbility	0	2	0	1	0	1	1
Ability	furcoat	SetAbility	0	2	0	1	1	1	1
Ability	furcoat	SetAbility	0	2	0	1	2	1	1
Ability	furcoat	SetAbility	0	2	0	1	3	1	1
Ability	furcoat	SetAbility	0	2	0	1	4	1	1
Ability	furcoat	SetAbility	0	2	1	0	0	1	1
Ability	furcoat	SetAbility	0	2	1	0	1	1	1
Ability	furcoat	SetAbility	0	2	1	0	2	1	1
Ability	furcoat	SetAbility	0	2	1	0	3	1	1
Ability	furcoat	SetAbility	0	2	1	0	4	1	1
Ability	furcoat	SetAbility	0	2	1	1	0	1	1
Ability	furcoat	SetAbility	0	2	1	1	1	1	1
Ability	furcoat	SetAbility	0	2	1	1	2	1	1
Ability	furcoat	SetAbility	0	2	1	1	3	1	1
Ability	furcoat	SetAbility	0	2	1	1	4	1	1
Ability	furcoat	SetAbility	0	3	0	0	0	1	1
Ability	furcoat	SetAbility	0	3	0	0	1	1	1
Ability	furcoat	SetAbility	0	3	0	0	2	1	1
Ability	furcoat	SetAbility	0	3	0	0	3	1	1
Ability	furcoat	SetAbility	0	3	0	0	4	1	1
Ability	furcoat	SetAbility	0	3	0	1	0	1	1
Ability	furcoat	SetAbility	0	3	0	1	1	1	1
Ability	furcoat	SetAbility	0	3	0	1	2	1	1
Ability	furcoat	SetAbility	0	3	0	1	3	1	1
Ability	furcoat	SetAbility	0	3	0	1	4	1	1
Ability	furcoat	SetAbility	0	3	1	0	0	1	1
Ability	furcoat	SetAbility	0	3	1	0	1	1	1
Ability	furcoat	SetAbility	0	3	1	0	2	1	1
Ability	furcoat	SetAbility	0	3	1	0	3	1	1
Ability	furcoat	SetAbility	0	3	1	0	4	1	1
Ability	furcoat	SetAbility	0	3	1	1	0	1	1
Ability	furcoat	SetAbility	0	3	1	1	1	1	1
Ability	furcoat	SetAbility	0	3	1	1	2	1	1
Ability	furcoat	SetAbility	0	3	1	1	3	1	1
Ability	furcoat	SetAbility	0	3	1	1	4	1	1
Ability	furcoat	SetAbility	1	0	0	0	0	0	0
Ability	furcoat	SetAbility	1	0	0	0	1	0	0
Ability	furcoat	SetAbility	1	0	0	0	2	0	0
Ability	furcoat	SetAbility	1	0	0	0	3	0	0
Ability	furcoat	SetAbility	1	0	0	0	4	0	0
Ability	furcoat	SetAbility	1	0	0	1	0	0	0
Ability	furcoat	SetAbility	1	0	0	1	1	0	0
Ability	furcoat	SetAbility	1	0	0	1	2	0	0
Ability	furcoat	SetAbility	1	0	0	1	3	0	0
Ability	furcoat	SetAbility	1	0	0	1	4	0	0
Ability	furcoat	SetAbility	1	0	1	0	0	0	0
Ability	furcoat	SetAbility	1	0	1	0	1	0	0
Ability	furcoat	SetAbility	1	0	1	0	2	0	0
Ability	furcoat	SetAbility	1	0	1	0	3	0	0
Ability	furcoat	SetAbility	1	0	1	0	4	0	0
Ability	furcoat	SetAbility	1	0	1	1	0	0	0
Ability	furcoat	SetAbility	1	0	1	1	1	0	0
Ability	furcoat	SetAbility	1	0	1	1	2	0	0
Ability	furcoat	SetAbility	1	0	1	1	3	0	0
Ability	furcoat	SetAbility	1	0	1	1	4	0	0
Ability	furcoat	SetAbility	1	1	0	0	0	0	0
Ability	furcoat	SetAbility	1	1	0	0	1	0	0
Ability	furcoat	SetAbility	1	1	0	0	2	0	0
Ability	furcoat	SetAbility	1	1	0	0	3	0	0
Ability	furcoat	SetAbility	1	1	0	0	4	0	0
Ability	furcoat	SetAbility	1	1	0	1	0	0	0
Ability	furcoat	SetAbility	1	1	0	1	1	0	0
Ability	furcoat	SetAbility	1	1	0	1	2	0	0
Ability	furcoat	SetAbility	1	1	0	1	3	0	0
Ability	furcoat	SetAbility	1	1	0	1	4	0	0
Ability	furcoat	SetAbility	1	1	1	0	0	0	1
Ability	furcoat	SetAbility	1	1	1	0	1	0	1
Ability	furcoat	SetAbility	1	1	1	0	2	0	1
Ability	furcoat	SetAbility	1	1	1	0	3	0	1
Ability	furcoat	SetAbility	1	1	1	0	4	0	1
Ability	furcoat	SetAbility	1	1	1	1	0	0	1
Ability	furcoat	SetAbility	1	1	1	1	1	0	1
Ability	furcoat	SetAbility	1	1	1	1	2	0	1
Ability	furcoat	SetAbility	1	1	1	1	3	0	1
Ability	furcoat	SetAbility	1	1	1	1	4	0	1
Ability	furcoat	SetAbility	1	2	0	0	0	0	0
Ability	furcoat	SetAbility	1	2	0	0	1	0	0
Ability	furcoat	SetAbility	1	2	0	0	2	0	0
Ability	furcoat	SetAbility	1	2	0	0	3	0	0
Ability	furcoat	SetAbility	1	2	0	0	4	0	0
Ability	furcoat	SetAbility	1	2	0	1	0	0	0
Ability	furcoat	SetAbility	1	2	0	1	1	0	0
Ability	furcoat	SetAbility	1	2	0	1	2	0	0
Ability	furcoat	SetAbility	1	2	0	1	3	0	0
Ability	furcoat	SetAbility	1	2	0	1	4	0	0
Ability	furcoat	SetAbility	1	2	1	0	0	0	0
Ability	furcoat	SetAbility	1	2	1	0	1	0	0
Ability	furcoat	SetAbility	1	2	1	0	2	0	0
Ability	furcoat	SetAbility	1	2	1	0	3	0	0
Ability	furcoat	SetAbility	1	2	1	0	4	0	0
Ability	furcoat	SetAbility	1	2	1	1	0	0	0
Ability	furcoat	SetAbility	1	2	1	1	1	0	0
Ability	furcoat	SetAbility	1	2	1	1	2	0	0
Ability	furcoat	SetAbility	1	2	1	1	3	0	0
Ability	furcoat	SetAbility	1	2	1	1	4	0	0
Ability	furcoat	SetAbility	1	3	0	0	0	0	0
Ability	furcoat	SetAbility	1	3	0	0	1	0	0
Ability	furcoat	SetAbility	1	3	0	0	2	0	0
Ability	furcoat	SetAbility	1	3	0	0	3	0	0
Ability	furcoat	SetAbility	1	3	0	0	4	0	0
Ability	furcoat	SetAbility	1	3	0	1	0	0	0
Ability	furcoat	SetAbility	1	3	0	1	1	0	0
Ability	furcoat	SetAbility	1	3	0	1	2	0	0
Ability	furcoat	SetAbility	1	3	0	1	3	0	0
Ability	furcoat	SetAbility	1	3	0	1	4	0	0
Ability	furcoat	SetAbility	1	3	1	0	0	0	0
Ability	furcoat	SetAbility	1	3	1	0	1	0	0
Ability	furcoat	SetAbility	1	3	1	0	2	0	0
Ability	furcoat	SetAbility	1	3	1	0	3	0	0
Ability	furcoat	SetAbility	1	3	1	0	4	0	0
Ability	furcoat	SetAbility	1	3	1	1	0	0	0
Ability	furcoat	SetAbility	1	3	1	1	1	0	0
Ability	furcoat	SetAbility	1	3	1	1	2	0	0
Ability	furcoat	SetAbility	1	3	1	1	3	0	0
Ability	furcoat	SetAbility	1	3	1	1	4	0	0
Ability	furcoat	Update	0	0	0	0	0	1	1
Ability	furcoat	Update	0	0	0	0	1	1	1
Ability	furcoat	Update	0	0	0	0	2	1	1
Ability	furcoat	Update	0	0	0	0	3	1	1
Ability	furcoat	Update	0	0	0	0	4	1	1
Ability	furcoat	Update	0	0	0	1	0	1	1
Ability	furcoat	Update	0	0	0	1	1	1	1
Ability	furcoat	Update	0	0	0	1	2	1	1
Ability	furcoat	Update	0	0	0	1	3	1	1
Ability	furcoat	Update	0	0	0	1	4	1	1
Ability	furcoat	Update	0	0	1	0	0	1	1
Ability	furcoat	Update	0	0	1	0	1	1	1
Ability	furcoat	Update	0	0	1	0	2	1	1
Ability	furcoat	Update	0	0	1	0	3	1	1
Ability	furcoat	Update	0	0	1	0	4	1	1
Ability	furcoat	Update	0	0	1	1	0	1	1
Ability	furcoat	Update	0	0	1	1	1	1	1
Ability	furcoat	Update	0	0	1	1	2	1	1
Ability	furcoat	Update	0	0	1	1	3	1	1
Ability	furcoat	Update	0	0	1	1	4	1	1
Ability	furcoat	Update	0	1	0	0	0	1	1
Ability	furcoat	Update	0	1	0	0	1	1	1
Ability	furcoat	Update	0	1	0	0	2	1	1
Ability	furcoat	Update	0	1	0	0	3	1	1
Ability	furcoat	Update	0	1	0	0	4	1	1
Ability	furcoat	Update	0	1	0	1	0	1	1
Ability	furcoat	Update	0	1	0	1	1	1	1
Ability	furcoat	Update	0	1	0	1	2	1	1
Ability	furcoat	Update	0	1	0	1	3	1	1
Ability	furcoat	Update	0	1	0	1	4	1	1
Ability	furcoat	Update	0	1	1	0	0	1	1
Ability	furcoat	Update	0	1	1	0	1	1	1
Ability	furcoat	Update	0	1	1	0	2	1	1
Ability	furcoat	Update	0	1	1	0	3	1	1
Ability	furcoat	Update	0	1	1	0	4	1	1
Ability	furcoat	Update	0	1	1	1	0	1	1
Ability	furcoat	Update	0	1	1	1	1	1	1
Ability	furcoat	Update	0	1	1	1	2	1	1
Ability	furcoat	Update	0	1	1	1	3	1	1
Ability	furcoat	Update	0	1	1	1	4	1	1
Ability	furcoat	Update	0	2	0	0	0	1	1
Ability	furcoat	Update	0	2	0	0	1	1	1
Ability	furcoat	Update	0	2	0	0	2	1	1
Ability	furcoat	Update	0	2	0	0	3	1	1
Ability	furcoat	Update	0	2	0	0	4	1	1
Ability	furcoat	Update	0	2	0	1	0	1	1
Ability	furcoat	Update	0	2	0	1	1	1	1
Ability	furcoat	Update	0	2	0	1	2	1	1
Ability	furcoat	Update	0	2	0	1	3	1	1
Ability	furcoat	Update	0	2	0	1	4	1	1
Ability	furcoat	Update	0	2	1	0	0	1	1
Ability	furcoat	Update	0	2	1	0	1	1	1
Ability	furcoat	Update	0	2	1	0	2	1	1
Ability	furcoat	Update	0	2	1	0	3	1	1
Ability	furcoat	Update	0	2	1	0	4	1	1
Ability	furcoat	Update	0	2	1	1	0	1	1
Ability	furcoat	Update	0	2	1	1	1	1	1
Ability	furcoat	Update	0	2	1	1	2	1	1
Ability	furcoat	Update	0	2	1	1	3	1	1
Ability	furcoat	Update	0	2	1	1	4	1	1
Ability	furcoat	Update	0	3	0	0	0	1	1
Ability	furcoat	Update	0	3	0	0	1	1	1
Ability	furcoat	Update	0	3	0	0	2	1	1
Ability	furcoat	Update	0	3	0	0	3	1	1
Ability	furcoat	Update	0	3	0	0	4	1	1
Ability	furcoat	Update	0	3	0	1	0	1	1
Ability	furcoat	Update	0	3	0	1	1	1	1
Ability	furcoat	Update	0	3	0	1	2	1	1
Ability	furcoat	Update	0	3	0	1	3	1	1
Ability	furcoat	Update	0	3	0	1	4	1	1
Ability	furcoat	Update	0	3	1	0	0	1	1
Ability	furcoat	Update	0	3	1	0	1	1	1
Ability	furcoat	Update	0	3	1	0	2	1	1
Ability	furcoat	Update	0	3	1	0	3	1	1
Ability	furcoat	Update	0	3	1	0	4	1	1
Ability	furcoat	Update	0	3	1	1	0	1	1
Ability	furcoat	Update	0	3	1	1	1	1	1
Ability	furcoat	Update	0	3	1	1	2	1	1
Ability	furcoat	Update	0	3	1	1	3	1	1
Ability	furcoat	Update	0	3	1	1	4	1	1
Ability	furcoat	Update	1	0	0	0	0	0	0
Ability	furcoat	Update	1	0	0	0	1	0	0
Ability	furcoat	Update	1	0	0	0	2	0	0
Ability	furcoat	Update	1	0	0	0	3	0	0
Ability	furcoat	Update	1	0	0	0	4	0	0
Ability	furcoat	Update	1	0	0	1	0	0	0
Ability	furcoat	Update	1	0	0	1	1	0	0
Ability	furcoat	Update	1	0	0	1	2	0	0
Ability	furcoat	Update	1	0	0	1	3	0	0
Ability	furcoat	Update	1	0	0	1	4	0	0
Ability	furcoat	Update	1	0	1	0	0	0	0
Ability	furcoat	Update	1	0	1	0	1	0	0
Ability	furcoat	Update	1	0	1	0	2	0	0
Ability	furcoat	Update	1	0	1	0	3	0	0
Ability	furcoat	Update	1	0	1	0	4	0	0
Ability	furcoat	Update	1	0	1	1	0	0	0
Ability	furcoat	Update	1	0	1	1	1	0	0
Ability	furcoat	Update	1	0	1	1	2	0	0
Ability	furcoat	Update	1	0	1	1	3	0	0
Ability	furcoat	Update	1	0	1	1	4	0	0
Ability	furcoat	Update	1	1	0	0	0	0	0
Ability	furcoat	Update	1	1	0	0	1	0	0
Ability	furcoat	Update	1	1	0	0	2	0	0
Ability	furcoat	Update	1	1	0	0	3	0	0
Ability	furcoat	Update	1	1	0	0	4	0	0
Ability	furcoat	Update	1	1	0	1	0	0	0
Ability	furcoat	Update	1	1	0	1	1	0	0
Ability	furcoat	Update	1	1	0	1	2	0	0
Ability	furcoat	Update	1	1	0	1	3	0	0
Ability	furcoat	Update	1	1	0	1	4	0	0
Ability	furcoat	Update	1	1	1	0	0	0	1
Ability	furcoat	Update	1	1	1	0	1	0	1
Ability	furcoat	Update	1	1	1	0	2	0	1
Ability	furcoat	Update	1	1	1	0	3	0	1
Ability	furcoat	Update	1	1	1	0	4	0	1
Ability	furcoat	Update	1	1	1	1	0	0	1
Ability	furcoat	Update	1	1	1	1	1	0	1
Ability	furcoat	Update	1	1	1	1	2	0	1
Ability	furcoat	Update	1	1	1	1	3	0	1
Ability	furcoat	Update	1	1	1	1	4	0	1
Ability	furcoat	Update	1	2	0	0	0	0	0
Ability	furcoat	Update	1	2	0	0	1	0	0
Ability	furcoat	Update	1	2	0	0	2	0	0
Ability	furcoat	Update	1	2	0	0	3	0	0
Ability	furcoat	Update	1	2	0	0	4	0	0
Ability	furcoat	Update	1	2	0	1	0	0	0
Ability	furcoat	Update	1	2	0	1	1	0	0
Ability	furcoat	Update	1	2	0	1	2	0	0
Ability	furcoat	Update	1	2	0	1	3	0	0
Ability	furcoat	Update	1	2	0	1	4	0	0
Ability	furcoat	Update	1	2	1	0	0	0	0
Ability	furcoat	Update	1	2	1	0	1	0	0
Ability	furcoat	Update	1	2	1	0	2	0	0
Ability	furcoat	Update	1	2	1	0	3	0	0
Ability	furcoat	Update	1	2	1	0	4	0	0
Ability	furcoat	Update	1	2	1	1	0	0	0
Ability	furcoat	Update	1	2	1	1	1	0	0
Ability	furcoat	Update	1	2	1	1	2	0	0
Ability	furcoat	Update	1	2	1	1	3	0	0
Ability	furcoat	Update	1	2	1	1	4	0	0
Ability	furcoat	Update	1	3	0	0	0	0	0
Ability	furcoat	Update	1	3	0	0	1	0	0
Ability	furcoat	Update	1	3	0	0	2	0	0
Ability	furcoat	Update	1	3	0	0	3	0	0
Ability	furcoat	Update	1	3	0	0	4	0	0
Ability	furcoat	Update	1	3	0	1	0	0	0
Ability	furcoat	Update	1	3	0	1	1	0	0
Ability	furcoat	Update	1	3	0	1	2	0	0
Ability	furcoat	Update	1	3	0	1	3	0	0
Ability	furcoat	Update	1	3	0	1	4	0	0
Ability	furcoat	Update	1	3	1	0	0	0	0
Ability	furcoat	Update	1	3	1	0	1	0	0
Ability	furcoat	Update	1	3	1	0	2	0	0
Ability	furcoat	Update	1	3	1	0	3	0	0
Ability	furcoat	Update	1	3	1	0	4	0	0
Ability	furcoat	Update	1	3	1	1	0	0	0
Ability	furcoat	Update	1	3	1	1	1	0	0
Ability	furcoat	Update	1	3	1	1	2	0	0
Ability	furcoat	Update	1	3	1	1	3	0	0
Ability	furcoat	Update	1	3	1	1	4	0	0
Ability	furcoat	BasePower	0	0	0	0	0	1	1
Ability	furcoat	BasePower	0	0	0	0	1	1	1
Ability	furcoat	BasePower	0	0	0	0	2	1	1
Ability	furcoat	BasePower	0	0	0	0	3	1	1
Ability	furcoat	BasePower	0	0	0	0	4	1	1
Ability	furcoat	BasePower	0	0	0	1	0	1	1
Ability	furcoat	BasePower	0	0	0	1	1	1	1
Ability	furcoat	BasePower	0	0	0	1	2	1	1
Ability	furcoat	BasePower	0	0	0	1	3	1	1
Ability	furcoat	BasePower	0	0	0	1	4	1	1
Ability	furcoat	BasePower	0	0	1	0	0	1	1
Ability	furcoat	BasePower	0	0	1	0	1	1	1
Ability	furcoat	BasePower	0	0	1	0	2	1	1
Ability	furcoat	BasePower	0	0	1	0	3	1	1
Ability	furcoat	BasePower	0	0	1	0	4	1	1
Ability	furcoat	BasePower	0	0	1	1	0	1	1
Ability	furcoat	BasePower	0	0	1	1	1	1	1
Ability	furcoat	BasePower	0	0	1	1	2	1	1
Ability	furcoat	BasePower	0	0	1	1	3	1	1
Ability	furcoat	BasePower	0	0	1	1	4	1	1
Ability	furcoat	BasePower	0	1	0	0	0	1	1
Ability	furcoat	BasePower	0	1	0	0	1	1	1
Ability	furcoat	BasePower	0	1	0	0	2	1	1
Ability	furcoat	BasePower	0	1	0	0	3	1	1
Ability	furcoat	BasePower	0	1	0	0	4	1	1
Ability	furcoat	BasePower	0	1	0	1	0	1	1
Ability	furcoat	BasePower	0	1	0	1	1	1	1
Ability	furcoat	BasePower	0	1	0	1	2	1	1
Ability	furcoat	BasePower	0	1	0	1	3	1	1
Ability	furcoat	BasePower	0	1	0	1	4	1	1
Ability	furcoat	BasePower	0	1	1	0	0	1	1
Ability	furcoat	BasePower	0	1	1	0	1	1	1
Ability	furcoat	BasePower	0	1	1	0	2	1	1
Ability	furcoat	BasePower	0	1	1	0	3	1	1
Ability	furcoat	BasePower	0	1	1	0	4	1	1
Ability	furcoat	BasePower	0	1	1	1	0	1	1
Ability	furcoat	BasePower	0	1	1	1	1	1	1
Ability	furcoat	BasePower	0	1	1	1	2	1	1
Ability	furcoat	BasePower	0	1	1	1	3	1	1
Ability	furcoat	BasePower	0	1	1	1	4	1	1
Ability	furcoat	BasePower	0	2	0	0	0	1	1
Ability	furcoat	BasePower	0	2	0	0	1	1	1
Ability	furcoat	BasePower	0	2	0	0	2	1	1
Ability	furcoat	BasePower	0	2	0	0	3	1	1
Ability	furcoat	BasePower	0	2	0	0	4	1	1
Ability	furcoat	BasePower	0	2	0	1	0	1	1
Ability	furcoat	BasePower	0	2	0	1	1	1	1
Ability	furcoat	BasePower	0	2	0	1	2	1	1
Ability	furcoat	BasePower	0	2	0	1	3	1	1
Ability	furcoat	BasePower	0	2	0	1	4	1	1
Ability	furcoat	BasePower	0	2	1	0	0	1	1
Ability	furcoat	BasePower	0	2	1	0	1	1	1
Ability	furcoat	BasePower	0	2	1	0	2	1	1
Ability	furcoat	BasePower	0	2	1	0	3	1	1
Ability	furcoat	BasePower	0	2	1	0	4	1	1
Ability	furcoat	BasePower	0	2	1	1	0	1	1
Ability	furcoat	BasePower	0	2	1	1	1	1	1
Ability	furcoat	BasePower	0	2	1	1	2	1	1
Ability	furcoat	BasePower	0	2	1	1	3	1	1
Ability	furcoat	BasePower	0	2	1	1	4	1	1
Ability	furcoat	BasePower	0	3	0	0	0	1	1
Ability	furcoat	BasePower	0	3	0	0	1	1	1
Ability	furcoat	BasePower	0	3	0	0	2	1	1
Ability	furcoat	BasePower	0	3	0	0	3	1	1
Ability	furcoat	BasePower	0	3	0	0	4	1	1
Ability	furcoat	BasePower	0	3	0	1	0	1	1
Ability	furcoat	BasePower	0	3	0	1	1	1	1
Ability	furcoat	BasePower	0	3	0	1	2	1	1
Ability	furcoat	BasePower	0	3	0	1	3	1	1
Ability	furcoat	BasePower	0	3	0	1	4	1	1
Ability	furcoat	BasePower	0	3	1	0	0	1	1
Ability	furcoat	BasePower	0	3	1	0	1	1	1
Ability	furcoat	BasePower	0	3	1	0	2	1	1
Ability	furcoat	BasePower	0	3	1	0	3	1	1
Ability	furcoat	BasePower	0	3	1	0	4	1	1
Ability	furcoat	BasePower	0	3	1	1	0	1	1
Ability	furcoat	BasePower	0	3	1	1	1	1	1
Ability	furcoat	BasePower	0	3	1	1	2	1	1
Ability	furcoat	BasePower	0	3	1	1	3	1	1
Ability	furcoat	BasePower	0	3	1	1	4	1	1
Ability	furcoat	BasePower	1	0	0	0	0	0	0
Ability	furcoat	BasePower	1	0	0	0	1	0	0
Ability	furcoat	BasePower	1	0	0	0	2	0	0
Ability	furcoat	BasePower	1	0	0	0	3	0	0
Ability	furcoat	BasePower	1	0	0	0	4	0	0
Ability	furcoat	BasePower	1	0	0	1	0	0	0
Ability	furcoat	BasePower	1	0	0	1	1	0	0
Ability	furcoat	BasePower	1	0	0	1	2	0	0
Ability	furcoat	BasePower	1	0	0	1	3	0	0
Ability	furcoat	BasePower	1	0	0	1	4	0	0
Ability	furcoat	BasePower	1	0	1	0	0	0	0
Ability	furcoat	BasePower	1	0	1	0	1	0	0
Ability	furcoat	BasePower	1	0	1	0	2	0	0
Ability	furcoat	BasePower	1	0	1	0	3	0	0
Ability	furcoat	BasePower	1	0	1	0	4	0	0
Ability	furcoat	BasePower	1	0	1	1	0	0	0
Ability	furcoat	BasePower	1	0	1	1	1	0	0
Ability	furcoat	BasePower	1	0	1	1	2	0	0
Ability	furcoat	BasePower	1	0	1	1	3	0	0
Ability	furcoat	BasePower	1	0	1	1	4	0	0
Ability	furcoat	BasePower	1	1	0	0	0	0	0
Ability	furcoat	BasePower	1	1	0	0	1	0	0
Ability	furcoat	BasePower	1	1	0	0	2	0	0
Ability	furcoat	BasePower	1	1	0	0	3	0	0
Ability	furcoat	BasePower	1	1	0	0	4	0	0
Ability	furcoat	BasePower	1	1	0	1	0	0	0
Ability	furcoat	BasePower	1	1	0	1	1	0	0
Ability	furcoat	BasePower	1	1	0	1	2	0	0
Ability	furcoat	BasePower	1	1	0	1	3	0	0
Ability	furcoat	BasePower	1	1	0	1	4	0	0
Ability	furcoat	BasePower	1	1	1	0	0	0	1
Ability	furcoat	BasePower	1	1	1	0	1	0	1
Ability	furcoat	BasePower	1	1	1	0	2	0	1
Ability	furcoat	BasePower	1	1	1	0	3	0	1
Ability	furcoat	BasePower	1	1	1	0	4	0	1
Ability	furcoat	BasePower	1	1	1	1	0	0	1
Ability	furcoat	BasePower	1	1	1	1	1	0	1
Ability	furcoat	BasePower	1	1	1	1	2	0	1
Ability	furcoat	BasePower	1	1	1	1	3	0	1
Ability	furcoat	BasePower	1	1	1	1	4	0	1
Ability	furcoat	BasePower	1	2	0	0	0	0	0
Ability	furcoat	BasePower	1	2	0	0	1	0	0
Ability	furcoat	BasePower	1	2	0	0	2	0	0
Ability	furcoat	BasePower	1	2	0	0	3	0	0
Ability	furcoat	BasePower	1	2	0	0	4	0	0
Ability	furcoat	BasePower	1	2	0	1	0	0	0
Ability	furcoat	BasePower	1	2	0	1	1	0	0
Ability	furcoat	BasePower	1	2	0	1	2	0	0
Ability	furcoat	BasePower	1	2	0	1	3	0	0
Ability	furcoat	BasePower	1	2	0	1	4	0	0
Ability	furcoat	BasePower	1	2	1	0	0	0	0
Ability	furcoat	BasePower	1	2	1	0	1	0	0
Ability	furcoat	BasePower	1	2	1	0	2	0	0
Ability	furcoat	BasePower	1	2	1	0	3	0	0
Ability	furcoat	BasePower	1	2	1	0	4	0	0
Ability	furcoat	BasePower	1	2	1	1	0	0	0
Ability	furcoat	BasePower	1	2	1	1	1	0	0
Ability	furcoat	BasePower	1	2	1	1	2	0	0
Ability	furcoat	BasePower	1	2	1	1	3	0	0
Ability	furcoat	BasePower	1	2	1	1	4	0	0
Ability	furcoat	BasePower	1	3	0	0	0	0	0
Ability	furcoat	BasePower	1	3	0	0	1	0	0
Ability	furcoat	BasePower	1	3	0	0	2	0	0
Ability	furcoat	BasePower	1	3	0	0	3	0	0
Ability	furcoat	BasePower	1	3	0	0	4	0	0
Ability	furcoat	BasePower	1	3	0	1	0	0	0
Ability	furcoat	BasePower	1	3	0	1	1	0	0
Ability	furcoat	BasePower	1	3	0	1	2	0	0
Ability	furcoat	BasePower	1	3	0	1	3	0	0
Ability	furcoat	BasePower	1	3	0	1	4	0	0
Ability	furcoat	BasePower	1	3	1	0	0	0	0
Ability	furcoat	BasePower	1	3	1	0	1	0	0
Ability	furcoat	BasePower	1	3	1	0	2	0	0
Ability	furcoat	BasePower	1	3	1	0	3	0	0
Ability	furcoat	BasePower	1	3	1	0	4	0	0
Ability	furcoat	BasePower	1	3	1	1	0	0	0
Ability	furcoat	BasePower	1	3	1	1	1	0	0
Ability	furcoat	BasePower	1	3	1	1	2	0	0
Ability	furcoat	BasePower	1	3	1	1	3	0	0
Ability	furcoat	BasePower	1	3	1	1	4	0	0
Ability	furcoat	Weather	0	0	0	0	0	1	1
Ability	furcoat	Weather	0	0	0	0	1	1	1
Ability	furcoat	Weather	0	0	0	0	2	1	1
Ability	furcoat	Weather	0	0	0	0	3	1	1
Ability	furcoat	Weather	0	0	0	0	4	1	1
Ability	furcoat	Weather	0	0	0	1	0	1	1
Ability	furcoat	Weather	0	0	0	1	1	1	1
Ability	furcoat	Weather	0	0	0	1	2	1	1
Ability	furcoat	Weather	0	0	0	1	3	1	1
Ability	furcoat	Weather	0	0	0	1	4	1	1
Ability	furcoat	Weather	0	0	1	0	0	1	1
Ability	furcoat	Weather	0	0	1	0	1	1	1
Ability	furcoat	Weather	0	0	1	0	2	1	1
Ability	furcoat	Weather	0	0	1	0	3	1	1
Ability	furcoat	Weather	0	0	1	0	4	1	1
Ability	furcoat	Weather	0	0	1	1	0	1	1
Ability	furcoat	Weather	0	0	1	1	1	1	1
Ability	furcoat	Weather	0	0	1	1	2	1	1
Ability	furcoat	Weather	0	0	1	1	3	1	1
Ability	furcoat	Weather	0	0	1	1	4	1	1
Ability	furcoat	Weather	0	1	0	0	0	1	1
Ability	furcoat	Weather	0	1	0	0	1	1	1
Ability	furcoat	Weather	0	1	0	0	2	1	1
Ability	furcoat	Weather	0	1	0	0	3	1	1
Ability	furcoat	Weather	0	1	0	0	4	1	1
Ability	furcoat	Weather	0	1	0	1	0	1	1
Ability	furcoat	Weather	0	1	0	1	1	1	1
Ability	furcoat	Weather	0	1	0	1	2	1	1
Ability	furcoat	Weather	0	1	0	1	3	1	1
Ability	furcoat	Weather	0	1	0	1	4	1	1
Ability	furcoat	Weather	0	1	1	0	0	1	1
Ability	furcoat	Weather	0	1	1	0	1	1	1
Ability	furcoat	Weather	0	1	1	0	2	1	1
Ability	furcoat	Weather	0	1	1	0	3	1	1
Ability	furcoat	Weather	0	1	1	0	4	1	1
Ability	furcoat	Weather	0	1	1	1	0	1	1
Ability	furcoat	Weather	0	1	1	1	1	1	1
Ability	furcoat	Weather	0	1	1	1	2	1	1
Ability	furcoat	Weather	0	1	1	1	3	1	1
Ability	furcoat	Weather	0	1	1	1	4	1	1
Ability	furcoat	Weather	0	2	0	0	0	1	1
Ability	furcoat	Weather	0	2	0	0	1	1	1
Ability	furcoat	Weather	0	2	0	0	2	1	1
Ability	furcoat	Weather	0	2	0	0	3	1	1
Ability	furcoat	Weather	0	2	0	0	4	1	1
Ability	furcoat	Weather	0	2	0	1	0	1	1
Ability	furcoat	Weather	0	2	0	1	1	1	1
Ability	furcoat	Weather	0	2	0	1	2	1	1
Ability	furcoat	Weather	0	2	0	1	3	1	1
Ability	furcoat	Weather	0	2	0	1	4	1	1
Ability	furcoat	Weather	0	2	1	0	0	1	1
Ability	furcoat	Weather	0	2	1	0	1	1	1
Ability	furcoat	Weather	0	2	1	0	2	1	1
Ability	furcoat	Weather	0	2	1	0	3	1	1
Ability	furcoat	Weather	0	2	1	0	4	1	1
Ability	furcoat	Weather	0	2	1	1	0	1	1
Ability	furcoat	Weather	0	2	1	1	1	1	1
Ability	furcoat	Weather	0	2	1	1	2	1	1
Ability	furcoat	Weather	0	2	1	1	3	1	1
Ability	furcoat	Weather	0	2	1	1	4	1	1
Ability	furcoat	Weather	0	3	0	0	0	1	1
Ability	furcoat	Weather	0	3	0	0	1	1	1
Ability	furcoat	Weather	0	3	0	0	2	1	1
Ability	furcoat	Weather	0	3	0	0	3	1	1
Ability	furcoat	Weather	0	3	0	0	4	1	1
Ability	furcoat	Weather	0	3	0	1	0	1	1
Ability	furcoat	Weather	0	3	0	1	1	1	1
Ability	furcoat	Weather	0	3	0	1	2	1	1
Ability	furcoat	Weather	0	3	0	1	3	1	1
Ability	furcoat	Weather	0	3	0	1	4	1	1
Ability	furcoat	Weather	0	3	1	0	0	1	1
Ability	furcoat	Weather	0	3	1	0	1	1	1
Ability	furcoat	Weather	0	3	1	0	2	1	1
Ability	furcoat	Weather	0	3	1	0	3	1	1
Ability	furcoat	Weather	0	3	1	0	4	1	1
Ability	furcoat	Weather	0	3	1	1	0	1	1
Ability	furcoat	Weather	0	3	1	1	1	1	1
Ability	furcoat	Weather	0	3	1	1	2	1	1
Ability	furcoat	Weather	0	3	1	1	3	1	1
Ability	furcoat	Weather	0	3	1	1	4	1	1
Ability	furcoat	Weather	1	0	0	0	0	0	0
Ability	furcoat	Weather	1	0	0	0	1	0	1
Ability	furcoat	Weather	1	0	0	0	2	0	0
Ability	furcoat	Weather	1	0	0	0	3	0	0
Ability	furcoat	Weather	1	0	0	0	4	0	0
Ability	furcoat	Weather	1	0	0	1	0	0	0
Ability	furcoat	Weather	1	0	0	1	1	0	1
Ability	furcoat	Weather	1	0	0	1	2	0	0
Ability	furcoat	Weather	1	0	0	1	3	0	0
Ability	furcoat	Weather	1	0	0	1	4	0	0
Ability	furcoat	Weather	1	0	1	0	0	0	0
Ability	furcoat	Weather	1	0	1	0	1	0	1
Ability	furcoat	Weather	1	0	1	0	2	0	0
Ability	furcoat	Weather	1	0	1	0	3	0	0
Ability	furcoat	Weather	1	0	1	0	4	0	0
Ability	furcoat	Weather	1	0	1	1	0	0	0
Ability	furcoat	Weather	1	0	1	1	1	0	1
Ability	furcoat	Weather	1	0	1	1	2	0	0
Ability	furcoat	Weather	1	0	1	1	3	0	0
Ability	furcoat	Weather	1	0	1	1	4	0	0
Ability	furcoat	Weather	1	1	0	0	0	0	0
Ability	furcoat	Weather	1	1	0	0	1	0	1
Ability	furcoat	Weather	1	1	0	0	2	0	0
Ability	furcoat	Weather	1	1	0	0	3	0	0
Ability	furcoat	Weather	1	1	0	0	4	0	0
Ability	furcoat	Weather	1	1	0	1	0	0	0
Ability	furcoat	Weather	1	1	0	1	1	0	1
Ability	furcoat	Weather	1	1	0	1	2	0	0
Ability	furcoat	Weather	1	1	0	1	3	0	0
Ability	furcoat	Weather	1	1	0	1	4	0	0
Ability	furcoat	Weather	1	1	1	0	0	0	1
Ability	furcoat	Weather	1	1	1	0	1	0	1
Ability	furcoat	Weather	1	1	1	0	2	0	1
Ability	furcoat	Weather	1	1	1	0	3	0	1
Ability	furcoat	Weather	1	1	1	0	4	0	1
Ability	furcoat	Weather	1	1	1	1	0	0	1
Ability	furcoat	Weather	1	1	1	1	1	0	1
Ability	furcoat	Weather	1	1	1	1	2	0	1
Ability	furcoat	Weather	1	1	1	1	3	0	1
Ability	furcoat	Weather	1	1	1	1	4	0	1
Ability	furcoat	Weather	1	2	0	0	0	0	0
Ability	furcoat	Weather	1	2	0	0	1	0	1
Ability	furcoat	Weather	1	2	0	0	2	0	0
Ability	furcoat	Weather	1	2	0	0	3	0	0
Ability	furcoat	Weather	1	2	0	0	4	0	0
Ability	furcoat	Weather	1	2	0	1	0	0	0
Ability	furcoat	Weather	1	2	0	1	1	0	1
Ability	furcoat	Weather	1	2	0	1	2	0	0
Ability	furcoat	Weather	1	2	0	1	3	0	0
Ability	furcoat	Weather	1	2	0	1	4	0	0
Ability	furcoat	Weather	1	2	1	0	0	0	0
Ability	furcoat	Weather	1	2	1	0	1	0	1
Ability	furcoat	Weather	1	2	1	0	2	0	0
Ability	furcoat	Weather	1	2	1	0	3	0	0
Ability	furcoat	Weather	1	2	1	0	4	0	0
Ability	furcoat	Weather	1	2	1	1	0	0	0
Ability	furcoat	Weather	1	2	1	1	1	0	1
Ability	furcoat	Weather	1	2	1	1	2	0	0
Ability	furcoat	Weather	1	2	1	1	3	0	0
Ability	furcoat	Weather	1	2	1	1	4	0	0
Ability	furcoat	Weather	1	3	0	0	0	0	0
Ability	furcoat	Weather	1	3	0	0	1	0	1
Ability	furcoat	Weather	1	3	0	0	2	0	0
Ability	furcoat	Weather	1	3	0	0	3	0	0
Ability	furcoat	Weather	1	3	0	0	4	0	0
Ability	furcoat	Weather	1	3	0	1	0	0	0
Ability	furcoat	Weather	1	3	0	1	1	0	1
Ability	furcoat	Weather	1	3	0	1	2	0	0
Ability	furcoat	Weather	1	3	0	1	3	0	0
Ability	furcoat	Weather	1	3	0	1	4	0	0
Ability	furcoat	Weather	1	3	1	0	0	0	0
Ability	furcoat	Weather	1	3	1	0	1	0	1
Ability	furcoat	Weather	1	3	1	0	2	0	0
Ability	furcoat	Weather	1	3	1	0	3	0	0
Ability	furcoat	Weather	1	3	1	0	4	0	0
Ability	furcoat	Weather	1	3	1	1	0	0	0
Ability	furcoat	Weather	1	3	1	1	1	0	1
Ability	furcoat	Weather	1	3	1	1	2	0	0
Ability	furcoat	Weather	1	3	1	1	3	0	0
Ability	furcoat	Weather	1	3	1	1	4	0	0
Ability	furcoat	FieldStart	0	0	0	0	0	1	1
Ability	furcoat	FieldStart	0	0	0	0	1	1	1
Ability	furcoat	FieldStart	0	0	0	0	2	1	1
Ability	furcoat	FieldStart	0	0	0	0	3	1	1
Ability	furcoat	FieldStart	0	0	0	0	4	1	1
Ability	furcoat	FieldStart	0	0	0	1	0	1	1
Ability	furcoat	FieldStart	0	0	0	1	1	1	1
Ability	furcoat	FieldStart	0	0	0	1	2	1	1
Ability	furcoat	FieldStart	0	0	0	1	3	1	1
Ability	furcoat	FieldStart	0	0	0	1	4	1	1
Ability	furcoat	FieldStart	0	0	1	0	0	1	1
Ability	furcoat	FieldStart	0	0	1	0	1	1	1
Ability	furcoat	FieldStart	0	0	1	0	2	1	1
Ability	furcoat	FieldStart	0	0	1	0	3	1	1
Ability	furcoat	FieldStart	0	0	1	0	4	1	1
Ability	furcoat	FieldStart	0	0	1	1	0	1	1
Ability	furcoat	FieldStart	0	0	1	1	1	1	1
Ability	furcoat	FieldStart	0	0	1	1	2	1	1
Ability	furcoat	FieldStart	0	0	1	1	3	1	1
Ability	furcoat	FieldStart	0	0	1	1	4	1	1
Ability	furcoat	FieldStart	0	1	0	0	0	1	1
Ability	furcoat	FieldStart	0	1	0	0	1	1	1
Ability	furcoat	FieldStart	0	1	0	0	2	1	1
Ability	furcoat	FieldStart	0	1	0	0	3	1	1
Ability	furcoat	FieldStart	0	1	0	0	4	1	1
Ability	furcoat	FieldStart	0	1	0	1	0	1	1
Ability	furcoat	FieldStart	0	1	0	1	1	1	1
Ability	furcoat	FieldStart	0	1	0	1	2	1	1
Ability	furcoat	FieldStart	0	1	0	1	3	1	1
Ability	furcoat	FieldStart	0	1	0	1	4	1	1
Ability	furcoat	FieldStart	0	1	1	0	0	1	1
Ability	furcoat	FieldStart	0	1	1	0	1	1	1
Ability	furcoat	FieldStart	0	1	1	0	2	1	1
Ability	furcoat	FieldStart	0	1	1	0	3	1	1
Ability	furcoat	FieldStart	0	1	1	0	4	1	1
Ability	furcoat	FieldStart	0	1	1	1	0	1	1
Ability	furcoat	FieldStart	0	1	1	1	1	1	1
Ability	furcoat	FieldStart	0	1	1	1	2	1	1
Ability	furcoat	FieldStart	0	1	1	1	3	1	1
Ability	furcoat	FieldStart	0	1	1	1	4	1	1
Ability	furcoat	FieldStart	0	2	0	0	0	1	1
Ability	furcoat	FieldStart	0	2	0	0	1	1	1
Ability	furcoat	FieldStart	0	2	0	0	2	1	1
Ability	furcoat	FieldStart	0	2	0	0	3	1	1
Ability	furcoat	FieldStart	0	2	0	0	4	1	1
Ability	furcoat	FieldStart	0	2	0	1	0	1	1
Ability	furcoat	FieldStart	0	2	0	1	1	1	1
Ability	furcoat	FieldStart	0	2	0	1	2	1	1
Ability	furcoat	FieldStart	0	2	0	1	3	1	1
Ability	furcoat	FieldStart	0	2	0	1	4	1	1
Ability	furcoat	FieldStart	0	2	1	0	0	1	1
Ability	furcoat	FieldStart	0	2	1	0	1	1	1
Ability	furcoat	FieldStart	0	2	1	0	2	1	1
Ability	furcoat	FieldStart	0	2	1	0	3	1	1
Ability	furcoat	FieldStart	0	2	1	0	4	1	1
Ability	furcoat	FieldStart	0	2	1	1	0	1	1
Ability	furcoat	FieldStart	0	2	1	1	1	1	1
Ability	furcoat	FieldStart	0	2	1	1	2	1	1
Ability	furcoat	FieldStart	0	2	1	1	3	1	1
Ability	furcoat	FieldStart	0	2	1	1	4	1	1
Ability	furcoat	FieldStart	0	3	0	0	0	1	1
Ability	furcoat	FieldStart	0	3	0	0	1	1	1
Ability	furcoat	FieldStart	0	3	0	0	2	1	1
Ability	furcoat	FieldStart	0	3	0	0	3	1	1
Ability	furcoat	FieldStart	0	3	0	0	4	1	1
Ability	furcoat	FieldStart	0	3	0	1	0	1	1
Ability	furcoat	FieldStart	0	3	0	1	1	1	1
Ability	furcoat	FieldStart	0	3	0	1	2	1	1
Ability	furcoat	FieldStart	0	3	0	1	3	1	1
Ability	furcoat	FieldStart	0	3	0	1	4	1	1
Ability	furcoat	FieldStart	0	3	1	0	0	1	1
Ability	furcoat	FieldStart	0	3	1	0	1	1	1
Ability	furcoat	FieldStart	0	3	1	0	2	1	1
Ability	furcoat	FieldStart	0	3	1	0	3	1	1
Ability	furcoat	FieldStart	0	3	1	0	4	1	1
Ability	furcoat	FieldStart	0	3	1	1	0	1	1
Ability	furcoat	FieldStart	0	3	1	1	1	1	1
Ability	furcoat	FieldStart	0	3	1	1	2	1	1
Ability	furcoat	FieldStart	0	3	1	1	3	1	1
Ability	furcoat	FieldStart	0	3	1	1	4	1	1
Ability	furcoat	FieldStart	1	0	0	0	0	0	0
Ability	furcoat	FieldStart	1	0	0	0	1	0	0
Ability	furcoat	FieldStart	1	0	0	0	2	0	0
Ability	furcoat	FieldStart	1	0	0	0	3	0	0
Ability	furcoat	FieldStart	1	0	0	0	4	0	0
Ability	furcoat	FieldStart	1	0	0	1	0	0	0
Ability	furcoat	FieldStart	1	0	0	1	1	0	0
Ability	furcoat	FieldStart	1	0	0	1	2	0	0
Ability	furcoat	FieldStart	1	0	0	1	3	0	0
Ability	furcoat	FieldStart	1	0	0	1	4	0	0
Ability	furcoat	FieldStart	1	0	1	0	0	0	0
Ability	furcoat	FieldStart	1	0	1	0	1	0	0
Ability	furcoat	FieldStart	1	0	1	0	2	0	0
Ability	furcoat	FieldStart	1	0	1	0	3	0	0
Ability	furcoat	FieldStart	1	0	1	0	4	0	0
Ability	furcoat	FieldStart	1	0	1	1	0	0	0
Ability	furcoat	FieldStart	1	0	1	1	1	0	0
Ability	furcoat	FieldStart	1	0	1	1	2	0	0
Ability	furcoat	FieldStart	1	0	1	1	3	0	0
Ability	furcoat	FieldStart	1	0	1	1	4	0	0
Ability	furcoat	FieldStart	1	1	0	0	0	0	0
Ability	furcoat	FieldStart	1	1	0	0	1	0	0
Ability	furcoat	FieldStart	1	1	0	0	2	0	0
Ability	furcoat	FieldStart	1	1	0	0	3	0	0
Ability	furcoat	FieldStart	1	1	0	0	4	0	0
Ability	furcoat	FieldStart	1	1	0	1	0	0	0
Ability	furcoat	FieldStart	1	1	0	1	1	0	0
Ability	furcoat	FieldStart	1	1	0	1	2	0	0
Ability	furcoat	FieldStart	1	1	0	1	3	0	0
Ability	furcoat	FieldStart	1	1	0	1	4	0	0
Ability	furcoat	FieldStart	1	1	1	0	0	0	1
Ability	furcoat	FieldStart	1	1	1	0	1	0	1
Ability	furcoat	FieldStart	1	1	1	0	2	0	1
Ability	furcoat	FieldStart	1	1	1	0	3	0	1
Ability	furcoat	FieldStart	1	1	1	0	4	0	1
Ability	furcoat	FieldStart	1	1	1	1	0	0	1
Ability	furcoat	FieldStart	1	1	1	1	1	0	1
Ability	furcoat	FieldStart	1	1	1	1	2	0	1
Ability	furcoat	FieldStart	1	1	1	1	3	0	1
Ability	furcoat	FieldStart	1	1	1	1	4	0	1
Ability	furcoat	FieldStart	1	2	0	0	0	0	0
Ability	furcoat	FieldStart	1	2	0	0	1	0	0
Ability	furcoat	FieldStart	1	2	0	0	2	0	0
Ability	furcoat	FieldStart	1	2	0	0	3	0	0
Ability	furcoat	FieldStart	1	2	0	0	4	0	0
Ability	furcoat	FieldStart	1	2	0	1	0	0	0
Ability	furcoat	FieldStart	1	2	0	1	1	0	0
Ability	furcoat	FieldStart	1	2	0	1	2	0	0
Ability	furcoat	FieldStart	1	2	0	1	3	0	0
Ability	furcoat	FieldStart	1	2	0	1	4	0	0
Ability	furcoat	FieldStart	1	2	1	0	0	0	0
Ability	furcoat	FieldStart	1	2	1	0	1	0	0
Ability	furcoat	FieldStart	1	2	1	0	2	0	0
Ability	furcoat	FieldStart	1	2	1	0	3	0	0
Ability	furcoat	FieldStart	1	2	1	0	4	0	0
Ability	furcoat	FieldStart	1	2	1	1	0	0	0
Ability	furcoat	FieldStart	1	2	1	1	1	0	0
Ability	furcoat	FieldStart	1	2	1	1	2	0	0
Ability	furcoat	FieldStart	1	2	1	1	3	0	0
Ability	furcoat	FieldStart	1	2	1	1	4	0	0
Ability	furcoat	FieldStart	1	3	0	0	0	0	0
Ability	furcoat	FieldStart	1	3	0	0	1	0	0
Ability	furcoat	FieldStart	1	3	0	0	2	0	0
Ability	furcoat	FieldStart	1	3	0	0	3	0	0
Ability	furcoat	FieldStart	1	3	0	0	4	0	0
Ability	furcoat	FieldStart	1	3	0	1	0	0	0
Ability	furcoat	FieldStart	1	3	0	1	1	0	0
Ability	furcoat	FieldStart	1	3	0	1	2	0	0
Ability	furcoat	FieldStart	1	3	0	1	3	0	0
Ability	furcoat	FieldStart	1	3	0	1	4	0	0
Ability	furcoat	FieldStart	1	3	1	0	0	0	0
Ability	furcoat	FieldStart	1	3	1	0	1	0	0
Ability	furcoat	FieldStart	1	3	1	0	2	0	0
Ability	furcoat	FieldStart	1	3	1	0	3	0	0
Ability	furcoat	FieldStart	1	3	1	0	4	0	0
Ability	furcoat	FieldStart	1	3	1	1	0	0	0
Ability	furcoat	FieldStart	1	3	1	1	1	0	0
Ability	furcoat	FieldStart	1	3	1	1	2	0	0
Ability	furcoat	FieldStart	1	3	1	1	3	0	0
Ability	furcoat	FieldStart	1	3	1	1	4	0	0
Ability	furcoat	FieldResidual	0	0	0	0	0	1	1
Ability	furcoat	FieldResidual	0	0	0	0	1	1	1
Ability	furcoat	FieldResidual	0	0	0	0	2	1	1
Ability	furcoat	FieldResidual	0	0	0	0	3	1	1
Ability	furcoat	FieldResidual	0	0	0	0	4	1	1
Ability	furcoat	FieldResidual	0	0	0	1	0	1	1
Ability	furcoat	FieldResidual	0	0	0	1	1	1	1
Ability	furcoat	FieldResidual	0	0	0	1	2	1	1
Ability	furcoat	FieldResidual	0	0	0	1	3	1	1
Ability	furcoat	FieldResidual	0	0	0	1	4	1	1
Ability	furcoat	FieldResidual	0	0	1	0	0	1	1
Ability	furcoat	FieldResidual	0	0	1	0	1	1	1
Ability	furcoat	FieldResidual	0	0	1	0	2	1	1
Ability	furcoat	FieldResidual	0	0	1	0	3	1	1
Ability	furcoat	FieldResidual	0	0	1	0	4	1	1
Ability	furcoat	FieldResidual	0	0	1	1	0	1	1
Ability	furcoat	FieldResidual	0	0	1	1	1	1	1
Ability	furcoat	FieldResidual	0	0	1	1	2	1	1
Ability	furcoat	FieldResidual	0	0	1	1	3	1	1
Ability	furcoat	FieldResidual	0	0	1	1	4	1	1
Ability	furcoat	FieldResidual	0	1	0	0	0	1	1
Ability	furcoat	FieldResidual	0	1	0	0	1	1	1
Ability	furcoat	FieldResidual	0	1	0	0	2	1	1
Ability	furcoat	FieldResidual	0	1	0	0	3	1	1
Ability	furcoat	FieldResidual	0	1	0	0	4	1	1
Ability	furcoat	FieldResidual	0	1	0	1	0	1	1
Ability	furcoat	FieldResidual	0	1	0	1	1	1	1
Ability	furcoat	FieldResidual	0	1	0	1	2	1	1
Ability	furcoat	FieldResidual	0	1	0	1	3	1	1
Ability	furcoat	FieldResidual	0	1	0	1	4	1	1
Ability	furcoat	FieldResidual	0	1	1	0	0	1	1
Ability	furcoat	FieldResidual	0	1	1	0	1	1	1
Ability	furcoat	FieldResidual	0	1	1	0	2	1	1
Ability	furcoat	FieldResidual	0	1	1	0	3	1	1
Ability	furcoat	FieldResidual	0	1	1	0	4	1	1
Ability	furcoat	FieldResidual	0	1	1	1	0	1	1
Ability	furcoat	FieldResidual	0	1	1	1	1	1	1
Ability	furcoat	FieldResidual	0	1	1	1	2	1	1
Ability	furcoat	FieldResidual	0	1	1	1	3	1	1
Ability	furcoat	FieldResidual	0	1	1	1	4	1	1
Ability	furcoat	FieldResidual	0	2	0	0	0	1	1
Ability	furcoat	FieldResidual	0	2	0	0	1	1	1
Ability	furcoat	FieldResidual	0	2	0	0	2	1	1
Ability	furcoat	FieldResidual	0	2	0	0	3	1	1
Ability	furcoat	FieldResidual	0	2	0	0	4	1	1
Ability	furcoat	FieldResidual	0	2	0	1	0	1	1
Ability	furcoat	FieldResidual	0	2	0	1	1	1	1
Ability	furcoat	FieldResidual	0	2	0	1	2	1	1
Ability	furcoat	FieldResidual	0	2	0	1	3	1	1
Ability	furcoat	FieldResidual	0	2	0	1	4	1	1
Ability	furcoat	FieldResidual	0	2	1	0	0	1	1
Ability	furcoat	FieldResidual	0	2	1	0	1	1	1
Ability	furcoat	FieldResidual	0	2	1	0	2	1	1
Ability	furcoat	FieldResidual	0	2	1	0	3	1	1
Ability	furcoat	FieldResidual	0	2	1	0	4	1	1
Ability	furcoat	FieldResidual	0	2	1	1	0	1	1
Ability	furcoat	FieldResidual	0	2	1	1	1	1	1
Ability	furcoat	FieldResidual	0	2	1	1	2	1	1
Ability	furcoat	FieldResidual	0	2	1	1	3	1	1
Ability	furcoat	FieldResidual	0	2	1	1	4	1	1
Ability	furcoat	FieldResidual	0	3	0	0	0	1	1
Ability	furcoat	FieldResidual	0	3	0	0	1	1	1
Ability	furcoat	FieldResidual	0	3	0	0	2	1	1
Ability	furcoat	FieldResidual	0	3	0	0	3	1	1
Ability	furcoat	FieldResidual	0	3	0	0	4	1	1
Ability	furcoat	FieldResidual	0	3	0	1	0	1	1
Ability	furcoat	FieldResidual	0	3	0	1	1	1	1
Ability	furcoat	FieldResidual	0	3	0	1	2	1	1
Ability	furcoat	FieldResidual	0	3	0	1	3	1	1
Ability	furcoat	FieldResidual	0	3	0	1	4	1	1
Ability	furcoat	FieldResidual	0	3	1	0	0	1	1
Ability	furcoat	FieldResidual	0	3	1	0	1	1	1
Ability	furcoat	FieldResidual	0	3	1	0	2	1	1
Ability	furcoat	FieldResidual	0	3	1	0	3	1	1
Ability	furcoat	FieldResidual	0	3	1	0	4	1	1
Ability	furcoat	FieldResidual	0	3	1	1	0	1	1
Ability	furcoat	FieldResidual	0	3	1	1	1	1	1
Ability	furcoat	FieldResidual	0	3	1	1	2	1	1
Ability	furcoat	FieldResidual	0	3	1	1	3	1	1
Ability	furcoat	FieldResidual	0	3	1	1	4	1	1
Ability	furcoat	FieldResidual	1	0	0	0	0	0	0
Ability	furcoat	FieldResidual	1	0	0	0	1	0	0
Ability	furcoat	FieldResidual	1	0	0	0	2	0	0
Ability	furcoat	FieldResidual	1	0	0	0	3	0	0
Ability	furcoat	FieldResidual	1	0	0	0	4	0	0
Ability	furcoat	FieldResidual	1	0	0	1	0	0	0
Ability	furcoat	FieldResidual	1	0	0	1	1	0	0
Ability	furcoat	FieldResidual	1	0	0	1	2	0	0
Ability	furcoat	FieldResidual	1	0	0	1	3	0	0
Ability	furcoat	FieldResidual	1	0	0	1	4	0	0
Ability	furcoat	FieldResidual	1	0	1	0	0	0	0
Ability	furcoat	FieldResidual	1	0	1	0	1	0	0
Ability	furcoat	FieldResidual	1	0	1	0	2	0	0
Ability	furcoat	FieldResidual	1	0	1	0	3	0	0
Ability	furcoat	FieldResidual	1	0	1	0	4	0	0
Ability	furcoat	FieldResidual	1	0	1	1	0	0	0
Ability	furcoat	FieldResidual	1	0	1	1	1	0	0
Ability	furcoat	FieldResidual	1	0	1	1	2	0	0
Ability	furcoat	FieldResidual	1	0	1	1	3	0	0
Ability	furcoat	FieldResidual	1	0	1	1	4	0	0
Ability	furcoat	FieldResidual	1	1	0	0	0	0	0
Ability	furcoat	FieldResidual	1	1	0	0	1	0	0
Ability	furcoat	FieldResidual	1	1	0	0	2	0	0
Ability	furcoat	FieldResidual	1	1	0	0	3	0	0
Ability	furcoat	FieldResidual	1	1	0	0	4	0	0
Ability	furcoat	FieldResidual	1	1	0	1	0	0	0
Ability	furcoat	FieldResidual	1	1	0	1	1	0	0
Ability	furcoat	FieldResidual	1	1	0	1	2	0	0
Ability	furcoat	FieldResidual	1	1	0	1	3	0	0
Ability	furcoat	FieldResidual	1	1	0	1	4	0	0
Ability	furcoat	FieldResidual	1	1	1	0	0	0	1
Ability	furcoat	FieldResidual	1	1	1	0	1	0	1
Ability	furcoat	FieldResidual	1	1	1	0	2	0	1
Ability	furcoat	FieldResidual	1	1	1	0	3	0	1
Ability	furcoat	FieldResidual	1	1	1	0	4	0	1
Ability	furcoat	FieldResidual	1	1	1	1	0	0	1
Ability	furcoat	FieldResidual	1	1	1	1	1	0	1
Ability	furcoat	FieldResidual	1	1	1	1	2	0	1
Ability	furcoat	FieldResidual	1	1	1	1	3	0	1
Ability	furcoat	FieldResidual	1	1	1	1	4	0	1
Ability	furcoat	FieldResidual	1	2	0	0	0	0	0
Ability	furcoat	FieldResidual	1	2	0	0	1	0	0
Ability	furcoat	FieldResidual	1	2	0	0	2	0	0
Ability	furcoat	FieldResidual	1	2	0	0	3	0	0
Ability	furcoat	FieldResidual	1	2	0	0	4	0	0
Ability	furcoat	FieldResidual	1	2	0	1	0	0	0
Ability	furcoat	FieldResidual	1	2	0	1	1	0	0
Ability	furcoat	FieldResidual	1	2	0	1	2	0	0
Ability	furcoat	FieldResidual	1	2	0	1	3	0	0
Ability	furcoat	FieldResidual	1	2	0	1	4	0	0
Ability	furcoat	FieldResidual	1	2	1	0	0	0	0
Ability	furcoat	FieldResidual	1	2	1	0	1	0	0
Ability	furcoat	FieldResidual	1	2	1	0	2	0	0
Ability	furcoat	FieldResidual	1	2	1	0	3	0	0
Ability	furcoat	FieldResidual	1	2	1	0	4	0	0
Ability	furcoat	FieldResidual	1	2	1	1	0	0	0
Ability	furcoat	FieldResidual	1	2	1	1	1	0	0
Ability	furcoat	FieldResidual	1	2	1	1	2	0	0
Ability	furcoat	FieldResidual	1	2	1	1	3	0	0
Ability	furcoat	FieldResidual	1	2	1	1	4	0	0
Ability	furcoat	FieldResidual	1	3	0	0	0	0	0
Ability	furcoat	FieldResidual	1	3	0	0	1	0	0
Ability	furcoat	FieldResidual	1	3	0	0	2	0	0
Ability	furcoat	FieldResidual	1	3	0	0	3	0	0
Ability	furcoat	FieldResidual	1	3	0	0	4	0	0
Ability	furcoat	FieldResidual	1	3	0	1	0	0	0
Ability	furcoat	FieldResidual	1	3	0	1	1	0	0
Ability	furcoat	FieldResidual	1	3	0	1	2	0	0
Ability	furcoat	FieldResidual	1	3	0	1	3	0	0
Ability	furcoat	FieldResidual	1	3	0	1	4	0	0
Ability	furcoat	FieldResidual	1	3	1	0	0	0	0
Ability	furcoat	FieldResidual	1	3	1	0	1	0	0
Ability	furcoat	FieldResidual	1	3	1	0	2	0	0
Ability	furcoat	FieldResidual	1	3	1	0	3	0	0
Ability	furcoat	FieldResidual	1	3	1	0	4	0	0
Ability	furcoat	FieldResidual	1	3	1	1	0	0	0
Ability	furcoat	FieldResidual	1	3	1	1	1	0	0
Ability	furcoat	FieldResidual	1	3	1	1	2	0	0
Ability	furcoat	FieldResidual	1	3	1	1	3	0	0
Ability	furcoat	FieldResidual	1	3	1	1	4	0	0
Ability	furcoat	FieldEnd	0	0	0	0	0	1	1
Ability	furcoat	FieldEnd	0	0	0	0	1	1	1
Ability	furcoat	FieldEnd	0	0	0	0	2	1	1
Ability	furcoat	FieldEnd	0	0	0	0	3	1	1
Ability	furcoat	FieldEnd	0	0	0	0	4	1	1
Ability	furcoat	FieldEnd	0	0	0	1	0	1	1
Ability	furcoat	FieldEnd	0	0	0	1	1	1	1
Ability	furcoat	FieldEnd	0	0	0	1	2	1	1
Ability	furcoat	FieldEnd	0	0	0	1	3	1	1
Ability	furcoat	FieldEnd	0	0	0	1	4	1	1
Ability	furcoat	FieldEnd	0	0	1	0	0	1	1
Ability	furcoat	FieldEnd	0	0	1	0	1	1	1
Ability	furcoat	FieldEnd	0	0	1	0	2	1	1
Ability	furcoat	FieldEnd	0	0	1	0	3	1	1
Ability	furcoat	FieldEnd	0	0	1	0	4	1	1
Ability	furcoat	FieldEnd	0	0	1	1	0	1	1
Ability	furcoat	FieldEnd	0	0	1	1	1	1	1
Ability	furcoat	FieldEnd	0	0	1	1	2	1	1
Ability	furcoat	FieldEnd	0	0	1	1	3	1	1
Ability	furcoat	FieldEnd	0	0	1	1	4	1	1
Ability	furcoat	FieldEnd	0	1	0	0	0	1	1
Ability	furcoat	FieldEnd	0	1	0	0	1	1	1
Ability	furcoat	FieldEnd	0	1	0	0	2	1	1
Ability	furcoat	FieldEnd	0	1	0	0	3	1	1
Ability	furcoat	FieldEnd	0	1	0	0	4	1	1
Ability	furcoat	FieldEnd	0	1	0	1	0	1	1
Ability	furcoat	FieldEnd	0	1	0	1	1	1	1
Ability	furcoat	FieldEnd	0	1	0	1	2	1	1
Ability	furcoat	FieldEnd	0	1	0	1	3	1	1
Ability	furcoat	FieldEnd	0	1	0	1	4	1	1
Ability	furcoat	FieldEnd	0	1	1	0	0	1	1
Ability	furcoat	FieldEnd	0	1	1	0	1	1	1
Ability	furcoat	FieldEnd	0	1	1	0	2	1	1
Ability	furcoat	FieldEnd	0	1	1	0	3	1	1
Ability	furcoat	FieldEnd	0	1	1	0	4	1	1
Ability	furcoat	FieldEnd	0	1	1	1	0	1	1
Ability	furcoat	FieldEnd	0	1	1	1	1	1	1
Ability	furcoat	FieldEnd	0	1	1	1	2	1	1
Ability	furcoat	FieldEnd	0	1	1	1	3	1	1
Ability	furcoat	FieldEnd	0	1	1	1	4	1	1
Ability	furcoat	FieldEnd	0	2	0	0	0	1	1
Ability	furcoat	FieldEnd	0	2	0	0	1	1	1
Ability	furcoat	FieldEnd	0	2	0	0	2	1	1
Ability	furcoat	FieldEnd	0	2	0	0	3	1	1
Ability	furcoat	FieldEnd	0	2	0	0	4	1	1
Ability	furcoat	FieldEnd	0	2	0	1	0	1	1
Ability	furcoat	FieldEnd	0	2	0	1	1	1	1
Ability	furcoat	FieldEnd	0	2	0	1	2	1	1
Ability	furcoat	FieldEnd	0	2	0	1	3	1	1
Ability	furcoat	FieldEnd	0	2	0	1	4	1	1
Ability	furcoat	FieldEnd	0	2	1	0	0	1	1
Ability	furcoat	FieldEnd	0	2	1	0	1	1	1
Ability	furcoat	FieldEnd	0	2	1	0	2	1	1
Ability	furcoat	FieldEnd	0	2	1	0	3	1	1
Ability	furcoat	FieldEnd	0	2	1	0	4	1	1
Ability	furcoat	FieldEnd	0	2	1	1	0	1	1
Ability	furcoat	FieldEnd	0	2	1	1	1	1	1
Ability	furcoat	FieldEnd	0	2	1	1	2	1	1
Ability	furcoat	FieldEnd	0	2	1	1	3	1	1
Ability	furcoat	FieldEnd	0	2	1	1	4	1	1
Ability	furcoat	FieldEnd	0	3	0	0	0	1	1
Ability	furcoat	FieldEnd	0	3	0	0	1	1	1
Ability	furcoat	FieldEnd	0	3	0	0	2	1	1
Ability	furcoat	FieldEnd	0	3	0	0	3	1	1
Ability	furcoat	FieldEnd	0	3	0	0	4	1	1
Ability	furcoat	FieldEnd	0	3	0	1	0	1	1
Ability	furcoat	FieldEnd	0	3	0	1	1	1	1
Ability	furcoat	FieldEnd	0	3	0	1	2	1	1
Ability	furcoat	FieldEnd	0	3	0	1	3	1	1
Ability	furcoat	FieldEnd	0	3	0	1	4	1	1
Ability	furcoat	FieldEnd	0	3	1	0	0	1	1
Ability	furcoat	FieldEnd	0	3	1	0	1	1	1
Ability	furcoat	FieldEnd	0	3	1	0	2	1	1
Ability	furcoat	FieldEnd	0	3	1	0	3	1	1
Ability	furcoat	FieldEnd	0	3	1	0	4	1	1
Ability	furcoat	FieldEnd	0	3	1	1	0	1	1
Ability	furcoat	FieldEnd	0	3	1	1	1	1	1
Ability	furcoat	FieldEnd	0	3	1	1	2	1	1
Ability	furcoat	FieldEnd	0	3	1	1	3	1	1
Ability	furcoat	FieldEnd	0	3	1	1	4	1	1
Ability	furcoat	FieldEnd	1	0	0	0	0	0	0
Ability	furcoat	FieldEnd	1	0	0	0	1	0	0
Ability	furcoat	FieldEnd	1	0	0	0	2	0	0
Ability	furcoat	FieldEnd	1	0	0	0	3	0	0
Ability	furcoat	FieldEnd	1	0	0	0	4	0	0
Ability	furcoat	FieldEnd	1	0	0	1	0	0	0
Ability	furcoat	FieldEnd	1	0	0	1	1	0	0
Ability	furcoat	FieldEnd	1	0	0	1	2	0	0
Ability	furcoat	FieldEnd	1	0	0	1	3	0	0
Ability	furcoat	FieldEnd	1	0	0	1	4	0	0
Ability	furcoat	FieldEnd	1	0	1	0	0	0	0
Ability	furcoat	FieldEnd	1	0	1	0	1	0	0
Ability	furcoat	FieldEnd	1	0	1	0	2	0	0
Ability	furcoat	FieldEnd	1	0	1	0	3	0	0
Ability	furcoat	FieldEnd	1	0	1	0	4	0	0
Ability	furcoat	FieldEnd	1	0	1	1	0	0	0
Ability	furcoat	FieldEnd	1	0	1	1	1	0	0
Ability	furcoat	FieldEnd	1	0	1	1	2	0	0
Ability	furcoat	FieldEnd	1	0	1	1	3	0	0
Ability	furcoat	FieldEnd	1	0	1	1	4	0	0
Ability	furcoat	FieldEnd	1	1	0	0	0	0	0
Ability	furcoat	FieldEnd	1	1	0	0	1	0	0
Ability	furcoat	FieldEnd	1	1	0	0	2	0	0
Ability	furcoat	FieldEnd	1	1	0	0	3	0	0
Ability	furcoat	FieldEnd	1	1	0	0	4	0	0
Ability	furcoat	FieldEnd	1	1	0	1	0	0	0
Ability	furcoat	FieldEnd	1	1	0	1	1	0	0
Ability	furcoat	FieldEnd	1	1	0	1	2	0	0
Ability	furcoat	FieldEnd	1	1	0	1	3	0	0
Ability	furcoat	FieldEnd	1	1	0	1	4	0	0
Ability	furcoat	FieldEnd	1	1	1	0	0	0	1
Ability	furcoat	FieldEnd	1	1	1	0	1	0	1
Ability	furcoat	FieldEnd	1	1	1	0	2	0	1
Ability	furcoat	FieldEnd	1	1	1	0	3	0	1
Ability	furcoat	FieldEnd	1	1	1	0	4	0	1
Ability	furcoat	FieldEnd	1	1	1	1	0	0	1
Ability	furcoat	FieldEnd	1	1	1	1	1	0	1
Ability	furcoat	FieldEnd	1	1	1	1	2	0	1
Ability	furcoat	FieldEnd	1	1	1	1	3	0	1
Ability	furcoat	FieldEnd	1	1	1	1	4	0	1
Ability	furcoat	FieldEnd	1	2	0	0	0	0	0
Ability	furcoat	FieldEnd	1	2	0	0	1	0	0
Ability	furcoat	FieldEnd	1	2	0	0	2	0	0
Ability	furcoat	FieldEnd	1	2	0	0	3	0	0
Ability	furcoat	FieldEnd	1	2	0	0	4	0	0
Ability	furcoat	FieldEnd	1	2	0	1	0	0	0
Ability	furcoat	FieldEnd	1	2	0	1	1	0	0
Ability	furcoat	FieldEnd	1	2	0	1	2	0	0
Ability	furcoat	FieldEnd	1	2	0	1	3	0	0
Ability	furcoat	FieldEnd	1	2	0	1	4	0	0
Ability	furcoat	FieldEnd	1	2	1	0	0	0	0
Ability	furcoat	FieldEnd	1	2	1	0	1	0	0
Ability	furcoat	FieldEnd	1	2	1	0	2	0	0
Ability	furcoat	FieldEnd	1	2	1	0	3	0	0
Ability	furcoat	FieldEnd	1	2	1	0	4	0	0
Ability	furcoat	FieldEnd	1	2	1	1	0	0	0
Ability	furcoat	FieldEnd	1	2	1	1	1	0	0
Ability	furcoat	FieldEnd	1	2	1	1	2	0	0
Ability	furcoat	FieldEnd	1	2	1	1	3	0	0
Ability	furcoat	FieldEnd	1	2	1	1	4	0	0
Ability	furcoat	FieldEnd	1	3	0	0	0	0	0
Ability	furcoat	FieldEnd	1	3	0	0	1	0	0
Ability	furcoat	FieldEnd	1	3	0	0	2	0	0
Ability	furcoat	FieldEnd	1	3	0	0	3	0	0
Ability	furcoat	FieldEnd	1	3	0	0	4	0	0
Ability	furcoat	FieldEnd	1	3	0	1	0	0	0
Ability	furcoat	FieldEnd	1	3	0	1	1	0	0
Ability	furcoat	FieldEnd	1	3	0	1	2	0	0
Ability	furcoat	FieldEnd	1	3	0	1	3	0	0
Ability	furcoat	FieldEnd	1	3	0	1	4	0	0
Ability	furcoat	FieldEnd	1	3	1	0	0	0	0
Ability	furcoat	FieldEnd	1	3	1	0	1	0	0
Ability	furcoat	FieldEnd	1	3	1	0	2	0	0
Ability	furcoat	FieldEnd	1	3	1	0	3	0	0
Ability	furcoat	FieldEnd	1	3	1	0	4	0	0
Ability	furcoat	FieldEnd	1	3	1	1	0	0	0
Ability	furcoat	FieldEnd	1	3	1	1	1	0	0
Ability	furcoat	FieldEnd	1	3	1	1	2	0	0
Ability	furcoat	FieldEnd	1	3	1	1	3	0	0
Ability	furcoat	FieldEnd	1	3	1	1	4	0	0
Ability	furcoat	Residual	0	0	0	0	0	1	1
Ability	furcoat	Residual	0	0	0	0	1	1	1
Ability	furcoat	Residual	0	0	0	0	2	1	1
Ability	furcoat	Residual	0	0	0	0	3	1	1
Ability	furcoat	Residual	0	0	0	0	4	1	1
Ability	furcoat	Residual	0	0	0	1	0	1	1
Ability	furcoat	Residual	0	0	0	1	1	1	1
Ability	furcoat	Residual	0	0	0	1	2	1	1
Ability	furcoat	Residual	0	0	0	1	3	1	1
Ability	furcoat	Residual	0	0	0	1	4	1	1
Ability	furcoat	Residual	0	0	1	0	0	1	1
Ability	furcoat	Residual	0	0	1	0	1	1	1
Ability	furcoat	Residual	0	0	1	0	2	1	1
Ability	furcoat	Residual	0	0	1	0	3	1	1
Ability	furcoat	Residual	0	0	1	0	4	1	1
Ability	furcoat	Residual	0	0	1	1	0	1	1
Ability	furcoat	Residual	0	0	1	1	1	1	1
Ability	furcoat	Residual	0	0	1	1	2	1	1
Ability	furcoat	Residual	0	0	1	1	3	1	1
Ability	furcoat	Residual	0	0	1	1	4	1	1
Ability	furcoat	Residual	0	1	0	0	0	1	1
Ability	furcoat	Residual	0	1	0	0	1	1	1
Ability	furcoat	Residual	0	1	0	0	2	1	1
Ability	furcoat	Residual	0	1	0	0	3	1	1
Ability	furcoat	Residual	0	1	0	0	4	1	1
Ability	furcoat	Residual	0	1	0	1	0	1	1
Ability	furcoat	Residual	0	1	0	1	1	1	1
Ability	furcoat	Residual	0	1	0	1	2	1	1
Ability	furcoat	Residual	0	1	0	1	3	1	1
Ability	furcoat	Residual	0	1	0	1	4	1	1
Ability	furcoat	Residual	0	1	1	0	0	1	1
Ability	furcoat	Residual	0	1	1	0	1	1	1
Ability	furcoat	Residual	0	1	1	0	2	1	1
Ability	furcoat	Residual	0	1	1	0	3	1	1
Ability	furcoat	Residual	0	1	1	0	4	1	1
Ability	furcoat	Residual	0	1	1	1	0	1	1
Ability	furcoat	Residual	0	1	1	1	1	1	1
Ability	furcoat	Residual	0	1	1	1	2	1	1
Ability	furcoat	Residual	0	1	1	1	3	1	1
Ability	furcoat	Residual	0	1	1	1	4	1	1
Ability	furcoat	Residual	0	2	0	0	0	1	1
Ability	furcoat	Residual	0	2	0	0	1	1	1
Ability	furcoat	Residual	0	2	0	0	2	1	1
Ability	furcoat	Residual	0	2	0	0	3	1	1
Ability	furcoat	Residual	0	2	0	0	4	1	1
Ability	furcoat	Residual	0	2	0	1	0	1	1
Ability	furcoat	Residual	0	2	0	1	1	1	1
Ability	furcoat	Residual	0	2	0	1	2	1	1
Ability	furcoat	Residual	0	2	0	1	3	1	1
Ability	furcoat	Residual	0	2	0	1	4	1	1
Ability	furcoat	Residual	0	2	1	0	0	1	1
Ability	furcoat	Residual	0	2	1	0	1	1	1
Ability	furcoat	Residual	0	2	1	0	2	1	1
Ability	furcoat	Residual	0	2	1	0	3	1	1
Ability	furcoat	Residual	0	2	1	0	4	1	1
Ability	furcoat	Residual	0	2	1	1	0	1	1
Ability	furcoat	Residual	0	2	1	1	1	1	1
Ability	furcoat	Residual	0	2	1	1	2	1	1
Ability	furcoat	Residual	0	2	1	1	3	1	1
Ability	furcoat	Residual	0	2	1	1	4	1	1
Ability	furcoat	Residual	0	3	0	0	0	1	1
Ability	furcoat	Residual	0	3	0	0	1	1	1
Ability	furcoat	Residual	0	3	0	0	2	1	1
Ability	furcoat	Residual	0	3	0	0	3	1	1
Ability	furcoat	Residual	0	3	0	0	4	1	1
Ability	furcoat	Residual	0	3	0	1	0	1	1
Ability	furcoat	Residual	0	3	0	1	1	1	1
Ability	furcoat	Residual	0	3	0	1	2	1	1
Ability	furcoat	Residual	0	3	0	1	3	1	1
Ability	furcoat	Residual	0	3	0	1	4	1	1
Ability	furcoat	Residual	0	3	1	0	0	1	1
Ability	furcoat	Residual	0	3	1	0	1	1	1
Ability	furcoat	Residual	0	3	1	0	2	1	1
Ability	furcoat	Residual	0	3	1	0	3	1	1
Ability	furcoat	Residual	0	3	1	0	4	1	1
Ability	furcoat	Residual	0	3	1	1	0	1	1
Ability	furcoat	Residual	0	3	1	1	1	1	1
Ability	furcoat	Residual	0	3	1	1	2	1	1
Ability	furcoat	Residual	0	3	1	1	3	1	1
Ability	furcoat	Residual	0	3	1	1	4	1	1
Ability	furcoat	Residual	1	0	0	0	0	0	0
Ability	furcoat	Residual	1	0	0	0	1	0	0
Ability	furcoat	Residual	1	0	0	0	2	0	0
Ability	furcoat	Residual	1	0	0	0	3	0	0
Ability	furcoat	Residual	1	0	0	0	4	0	0
Ability	furcoat	Residual	1	0	0	1	0	0	0
Ability	furcoat	Residual	1	0	0	1	1	0	0
Ability	furcoat	Residual	1	0	0	1	2	0	0
Ability	furcoat	Residual	1	0	0	1	3	0	0
Ability	furcoat	Residual	1	0	0	1	4	0	0
Ability	furcoat	Residual	1	0	1	0	0	0	0
Ability	furcoat	Residual	1	0	1	0	1	0	0
Ability	furcoat	Residual	1	0	1	0	2	0	0
Ability	furcoat	Residual	1	0	1	0	3	0	0
Ability	furcoat	Residual	1	0	1	0	4	0	0
Ability	furcoat	Residual	1	0	1	1	0	0	0
Ability	furcoat	Residual	1	0	1	1	1	0	0
Ability	furcoat	Residual	1	0	1	1	2	0	0
Ability	furcoat	Residual	1	0	1	1	3	0	0
Ability	furcoat	Residual	1	0	1	1	4	0	0
Ability	furcoat	Residual	1	1	0	0	0	0	0
Ability	furcoat	Residual	1	1	0	0	1	0	0
Ability	furcoat	Residual	1	1	0	0	2	0	0
Ability	furcoat	Residual	1	1	0	0	3	0	0
Ability	furcoat	Residual	1	1	0	0	4	0	0
Ability	furcoat	Residual	1	1	0	1	0	0	0
Ability	furcoat	Residual	1	1	0	1	1	0	0
Ability	furcoat	Residual	1	1	0	1	2	0	0
Ability	furcoat	Residual	1	1	0	1	3	0	0
Ability	furcoat	Residual	1	1	0	1	4	0	0
Ability	furcoat	Residual	1	1	1	0	0	0	1
Ability	furcoat	Residual	1	1	1	0	1	0	1
Ability	furcoat	Residual	1	1	1	0	2	0	1
Ability	furcoat	Residual	1	1	1	0	3	0	1
Ability	furcoat	Residual	1	1	1	0	4	0	1
Ability	furcoat	Residual	1	1	1	1	0	0	1
Ability	furcoat	Residual	1	1	1	1	1	0	1
Ability	furcoat	Residual	1	1	1	1	2	0	1
Ability	furcoat	Residual	1	1	1	1	3	0	1
Ability	furcoat	Residual	1	1	1	1	4	0	1
Ability	furcoat	Residual	1	2	0	0	0	0	0
Ability	furcoat	Residual	1	2	0	0	1	0	0
Ability	furcoat	Residual	1	2	0	0	2	0	0
Ability	furcoat	Residual	1	2	0	0	3	0	0
Ability	furcoat	Residual	1	2	0	0	4	0	0
Ability	furcoat	Residual	1	2	0	1	0	0	0
Ability	furcoat	Residual	1	2	0	1	1	0	0
Ability	furcoat	Residual	1	2	0	1	2	0	0
Ability	furcoat	Residual	1	2	0	1	3	0	0
Ability	furcoat	Residual	1	2	0	1	4	0	0
Ability	furcoat	Residual	1	2	1	0	0	0	0
Ability	furcoat	Residual	1	2	1	0	1	0	0
Ability	furcoat	Residual	1	2	1	0	2	0	0
Ability	furcoat	Residual	1	2	1	0	3	0	0
Ability	furcoat	Residual	1	2	1	0	4	0	0
Ability	furcoat	Residual	1	2	1	1	0	0	0
Ability	furcoat	Residual	1	2	1	1	1	0	0
Ability	furcoat	Residual	1	2	1	1	2	0	0
Ability	furcoat	Residual	1	2	1	1	3	0	0
Ability	furcoat	Residual	1	2	1	1	4	0	0
Ability	furcoat	Residual	1	3	0	0	0	0	0
Ability	furcoat	Residual	1	3	0	0	1	0	0
Ability	furcoat	Residual	1	3	0	0	2	0	0
Ability	furcoat	Residual	1	3	0	0	3	0	0
Ability	furcoat	Residual	1	3	0	0	4	0	0
Ability	furcoat	Residual	1	3	0	1	0	0	0
Ability	furcoat	Residual	1	3	0	1	1	0	0
Ability	furcoat	Residual	1	3	0	1	2	0	0
Ability	furcoat	Residual	1	3	0	1	3	0	0
Ability	furcoat	Residual	1	3	0	1	4	0	0
Ability	furcoat	Residual	1	3	1	0	0	0	0
Ability	furcoat	Residual	1	3	1	0	1	0	0
Ability	furcoat	Residual	1	3	1	0	2	0	0
Ability	furcoat	Residual	1	3	1	0	3	0	0
Ability	furcoat	Residual	1	3	1	0	4	0	0
Ability	furcoat	Residual	1	3	1	1	0	0	0
Ability	furcoat	Residual	1	3	1	1	1	0	0
Ability	furcoat	Residual	1	3	1	1	2	0	0
Ability	furcoat	Residual	1	3	1	1	3	0	0
Ability	furcoat	Residual	1	3	1	1	4	0	0
Ability	furcoat	AfterSetStatus	0	0	0	0	0	1	1
Ability	furcoat	AfterSetStatus	0	0	0	0	1	1	1
Ability	furcoat	AfterSetStatus	0	0	0	0	2	1	1
Ability	furcoat	AfterSetStatus	0	0	0	0	3	1	1
Ability	furcoat	AfterSetStatus	0	0	0	0	4	1	1
Ability	furcoat	AfterSetStatus	0	0	0	1	0	1	1
Ability	furcoat	AfterSetStatus	0	0	0	1	1	1	1
Ability	furcoat	AfterSetStatus	0	0	0	1	2	1	1
Ability	furcoat	AfterSetStatus	0	0	0	1	3	1	1
Ability	furcoat	AfterSetStatus	0	0	0	1	4	1	1
Ability	furcoat	AfterSetStatus	0	0	1	0	0	1	1
Ability	furcoat	AfterSetStatus	0	0	1	0	1	1	1
Ability	furcoat	AfterSetStatus	0	0	1	0	2	1	1
Ability	furcoat	AfterSetStatus	0	0	1	0	3	1	1
Ability	furcoat	AfterSetStatus	0	0	1	0	4	1	1
Ability	furcoat	AfterSetStatus	0	0	1	1	0	1	1
Ability	furcoat	AfterSetStatus	0	0	1	1	1	1	1
Ability	furcoat	AfterSetStatus	0	0	1	1	2	1	1
Ability	furcoat	AfterSetStatus	0	0	1	1	3	1	1
Ability	furcoat	AfterSetStatus	0	0	1	1	4	1	1
Ability	furcoat	AfterSetStatus	0	1	0	0	0	1	1
Ability	furcoat	AfterSetStatus	0	1	0	0	1	1	1
Ability	furcoat	AfterSetStatus	0	1	0	0	2	1	1
Ability	furcoat	AfterSetStatus	0	1	0	0	3	1	1
Ability	furcoat	AfterSetStatus	0	1	0	0	4	1	1
Ability	furcoat	AfterSetStatus	0	1	0	1	0	1	1
Ability	furcoat	AfterSetStatus	0	1	0	1	1	1	1
Ability	furcoat	AfterSetStatus	0	1	0	1	2	1	1
Ability	furcoat	AfterSetStatus	0	1	0	1	3	1	1
Ability	furcoat	AfterSetStatus	0	1	0	1	4	1	1
Ability	furcoat	AfterSetStatus	0	1	1	0	0	1	1
Ability	furcoat	AfterSetStatus	0	1	1	0	1	1	1
Ability	furcoat	AfterSetStatus	0	1	1	0	2	1	1
Ability	furcoat	AfterSetStatus	0	1	1	0	3	1	1
Ability	furcoat	AfterSetStatus	0	1	1	0	4	1	1
Ability	furcoat	AfterSetStatus	0	1	1	1	0	1	1
Ability	furcoat	AfterSetStatus	0	1	1	1	1	1	1
Ability	furcoat	AfterSetStatus	0	1	1	1	2	1	1
Ability	furcoat	AfterSetStatus	0	1	1	1	3	1	1
Ability	furcoat	AfterSetStatus	0	1	1	1	4	1	1
Ability	furcoat	AfterSetStatus	0	2	0	0	0	1	1
Ability	furcoat	AfterSetStatus	0	2	0	0	1	1	1
Ability	furcoat	AfterSetStatus	0	2	0	0	2	1	1
Ability	furcoat	AfterSetStatus	0	2	0	0	3	1	1
Ability	furcoat	AfterSetStatus	0	2	0	0	4	1	1
Ability	furcoat	AfterSetStatus	0	2	0	1	0	1	1
Ability	furcoat	AfterSetStatus	0	2	0	1	1	1	1
Ability	furcoat	AfterSetStatus	0	2	0	1	2	1	1
Ability	furcoat	AfterSetStatus	0	2	0	1	3	1	1
Ability	furcoat	AfterSetStatus	0	2	0	1	4	1	1
Ability	furcoat	AfterSetStatus	0	2	1	0	0	1	1
Ability	furcoat	AfterSetStatus	0	2	1	0	1	1	1
Ability	furcoat	AfterSetStatus	0	2	1	0	2	1	1
Ability	furcoat	AfterSetStatus	0	2	1	0	3	1	1
Ability	furcoat	AfterSetStatus	0	2	1	0	4	1	1
Ability	furcoat	AfterSetStatus	0	2	1	1	0	1	1
Ability	furcoat	AfterSetStatus	0	2	1	1	1	1	1
Ability	furcoat	AfterSetStatus	0	2	1	1	2	1	1
Ability	furcoat	AfterSetStatus	0	2	1	1	3	1	1
Ability	furcoat	AfterSetStatus	0	2	1	1	4	1	1
Ability	furcoat	AfterSetStatus	0	3	0	0	0	1	1
Ability	furcoat	AfterSetStatus	0	3	0	0	1	1	1
Ability	furcoat	AfterSetStatus	0	3	0	0	2	1	1
Ability	furcoat	AfterSetStatus	0	3	0	0	3	1	1
Ability	furcoat	AfterSetStatus	0	3	0	0	4	1	1
Ability	furcoat	AfterSetStatus	0	3	0	1	0	1	1
Ability	furcoat	AfterSetStatus	0	3	0	1	1	1	1
Ability	furcoat	AfterSetStatus	0	3	0	1	2	1	1
Ability	furcoat	AfterSetStatus	0	3	0	1	3	1	1
Ability	furcoat	AfterSetStatus	0	3	0	1	4	1	1
Ability	furcoat	AfterSetStatus	0	3	1	0	0	1	1
Ability	furcoat	AfterSetStatus	0	3	1	0	1	1	1
Ability	furcoat	AfterSetStatus	0	3	1	0	2	1	1
Ability	furcoat	AfterSetStatus	0	3	1	0	3	1	1
Ability	furcoat	AfterSetStatus	0	3	1	0	4	1	1
Ability	furcoat	AfterSetStatus	0	3	1	1	0	1	1
Ability	furcoat	AfterSetStatus	0	3	1	1	1	1	1
Ability	furcoat	AfterSetStatus	0	3	1	1	2	1	1
Ability	furcoat	AfterSetStatus	0	3	1	1	3	1	1
Ability	furcoat	AfterSetStatus	0	3	1	1	4	1	1
Ability	furcoat	AfterSetStatus	1	0	0	0	0	0	0
Ability	furcoat	AfterSetStatus	1	0	0	0	1	0	0
Ability	furcoat	AfterSetStatus	1	0	0	0	2	0	0
Ability	furcoat	AfterSetStatus	1	0	0	0	3	0	0
Ability	furcoat	AfterSetStatus	1	0	0	0	4	0	0
Ability	furcoat	AfterSetStatus	1	0	0	1	0	0	0
Ability	furcoat	AfterSetStatus	1	0	0	1	1	0	0
Ability	furcoat	AfterSetStatus	1	0	0	1	2	0	0
Ability	furcoat	AfterSetStatus	1	0	0	1	3	0	0
Ability	furcoat	AfterSetStatus	1	0	0	1	4	0	0
Ability	furcoat	AfterSetStatus	1	0	1	0	0	0	0
Ability	furcoat	AfterSetStatus	1	0	1	0	1	0	0
Ability	furcoat	AfterSetStatus	1	0	1	0	2	0	0
Ability	furcoat	AfterSetStatus	1	0	1	0	3	0	0
Ability	furcoat	AfterSetStatus	1	0	1	0	4	0	0
Ability	furcoat	AfterSetStatus	1	0	1	1	0	0	0
Ability	furcoat	AfterSetStatus	1	0	1	1	1	0	0
Ability	furcoat	AfterSetStatus	1	0	1	1	2	0	0
Ability	furcoat	AfterSetStatus	1	0	1	1	3	0	0
Ability	furcoat	AfterSetStatus	1	0	1	1	4	0	0
Ability	furcoat	AfterSetStatus	1	1	0	0	0	0	0
Ability	furcoat	AfterSetStatus	1	1	0	0	1	0	0
Ability	furcoat	AfterSetStatus	1	1	0	0	2	0	0
Ability	furcoat	AfterSetStatus	1	1	0	0	3	0	0
Ability	furcoat	AfterSetStatus	1	1	0	0	4	0	0
Ability	furcoat	AfterSetStatus	1	1	0	1	0	0	0
Ability	furcoat	AfterSetStatus	1	1	0	1	1	0	0
Ability	furcoat	AfterSetStatus	1	1	0	1	2	0	0
Ability	furcoat	AfterSetStatus	1	1	0	1	3	0	0
Ability	furcoat	AfterSetStatus	1	1	0	1	4	0	0
Ability	furcoat	AfterSetStatus	1	1	1	0	0	0	1
Ability	furcoat	AfterSetStatus	1	1	1	0	1	0	1
Ability	furcoat	AfterSetStatus	1	1	1	0	2	0	1
Ability	furcoat	AfterSetStatus	1	1	1	0	3	0	1
Ability	furcoat	AfterSetStatus	1	1	1	0	4	0	1
Ability	furcoat	AfterSetStatus	1	1	1	1	0	0	1
Ability	furcoat	AfterSetStatus	1	1	1	1	1	0	1
Ability	furcoat	AfterSetStatus	1	1	1	1	2	0	1
Ability	furcoat	AfterSetStatus	1	1	1	1	3	0	1
Ability	furcoat	AfterSetStatus	1	1	1	1	4	0	1
Ability	furcoat	AfterSetStatus	1	2	0	0	0	0	0
Ability	furcoat	AfterSetStatus	1	2	0	0	1	0	0
Ability	furcoat	AfterSetStatus	1	2	0	0	2	0	0
Ability	furcoat	AfterSetStatus	1	2	0	0	3	0	0
Ability	furcoat	AfterSetStatus	1	2	0	0	4	0	0
Ability	furcoat	AfterSetStatus	1	2	0	1	0	0	0
Ability	furcoat	AfterSetStatus	1	2	0	1	1	0	0
Ability	furcoat	AfterSetStatus	1	2	0	1	2	0	0
Ability	furcoat	AfterSetStatus	1	2	0	1	3	0	0
Ability	furcoat	AfterSetStatus	1	2	0	1	4	0	0
Ability	furcoat	AfterSetStatus	1	2	1	0	0	0	0
Ability	furcoat	AfterSetStatus	1	2	1	0	1	0	0
Ability	furcoat	AfterSetStatus	1	2	1	0	2	0	0
Ability	furcoat	AfterSetStatus	1	2	1	0	3	0	0
Ability	furcoat	AfterSetStatus	1	2	1	0	4	0	0
Ability	furcoat	AfterSetStatus	1	2	1	1	0	0	0
Ability	furcoat	AfterSetStatus	1	2	1	1	1	0	0
Ability	furcoat	AfterSetStatus	1	2	1	1	2	0	0
Ability	furcoat	AfterSetStatus	1	2	1	1	3	0	0
Ability	furcoat	AfterSetStatus	1	2	1	1	4	0	0
Ability	furcoat	AfterSetStatus	1	3	0	0	0	0	0
Ability	furcoat	AfterSetStatus	1	3	0	0	1	0	0
Ability	furcoat	AfterSetStatus	1	3	0	0	2	0	0
Ability	furcoat	AfterSetStatus	1	3	0	0	3	0	0
Ability	furcoat	AfterSetStatus	1	3	0	0	4	0	0
Ability	furcoat	AfterSetStatus	1	3	0	1	0	0	0
Ability	furcoat	AfterSetStatus	1	3	0	1	1	0	0
Ability	furcoat	AfterSetStatus	1	3	0	1	2	0	0
Ability	furcoat	AfterSetStatus	1	3	0	1	3	0	0
Ability	furcoat	AfterSetStatus	1	3	0	1	4	0	0
Ability	furcoat	AfterSetStatus	1	3	1	0	0	0	0
Ability	furcoat	AfterSetStatus	1	3	1	0	1	0	0
Ability	furcoat	AfterSetStatus	1	3	1	0	2	0	0
Ability	furcoat	AfterSetStatus	1	3	1	0	3	0	0
Ability	furcoat	AfterSetStatus	1	3	1	0	4	0	0
Ability	furcoat	AfterSetStatus	1	3	1	1	0	0	0
Ability	furcoat	AfterSetStatus	1	3	1	1	1	0	0
Ability	furcoat	AfterSetStatus	1	3	1	1	2	0	0
Ability	furcoat	AfterSetStatus	1	3	1	1	3	0	0
Ability	furcoat	AfterSetStatus	1	3	1	1	4	0	0
Ability	fullmetalbody	Start	0	0	0	0	0	1	1
Ability	fullmetalbody	Start	0	0	0	0	1	1	1
Ability	fullmetalbody	Start	0	0	0	0	2	1	1
Ability	fullmetalbody	Start	0	0	0	0	3	1	1
Ability	fullmetalbody	Start	0	0	0	0	4	1	1
Ability	fullmetalbody	Start	0	0	0	1	0	1	1
Ability	fullmetalbody	Start	0	0	0	1	1	1	1
Ability	fullmetalbody	Start	0	0	0	1	2	1	1
Ability	fullmetalbody	Start	0	0	0	1	3	1	1
Ability	fullmetalbody	Start	0	0	0	1	4	1	1
Ability	fullmetalbody	Start	0	0	1	0	0	1	1
Ability	fullmetalbody	Start	0	0	1	0	1	1	1
Ability	fullmetalbody	Start	0	0	1	0	2	1	1
Ability	fullmetalbody	Start	0	0	1	0	3	1	1
Ability	fullmetalbody	Start	0	0	1	0	4	1	1
Ability	fullmetalbody	Start	0	0	1	1	0	1	1
Ability	fullmetalbody	Start	0	0	1	1	1	1	1
Ability	fullmetalbody	Start	0	0	1	1	2	1	1
Ability	fullmetalbody	Start	0	0	1	1	3	1	1
Ability	fullmetalbody	Start	0	0	1	1	4	1	1
Ability	fullmetalbody	Start	0	1	0	0	0	1	1
Ability	fullmetalbody	Start	0	1	0	0	1	1	1
Ability	fullmetalbody	Start	0	1	0	0	2	1	1
Ability	fullmetalbody	Start	0	1	0	0	3	1	1
Ability	fullmetalbody	Start	0	1	0	0	4	1	1
Ability	fullmetalbody	Start	0	1	0	1	0	1	1
Ability	fullmetalbody	Start	0	1	0	1	1	1	1
Ability	fullmetalbody	Start	0	1	0	1	2	1	1
Ability	fullmetalbody	Start	0	1	0	1	3	1	1
Ability	fullmetalbody	Start	0	1	0	1	4	1	1
Ability	fullmetalbody	Start	0	1	1	0	0	1	1
Ability	fullmetalbody	Start	0	1	1	0	1	1	1
Ability	fullmetalbody	Start	0	1	1	0	2	1	1
Ability	fullmetalbody	Start	0	1	1	0	3	1	1
Ability	fullmetalbody	Start	0	1	1	0	4	1	1
Ability	fullmetalbody	Start	0	1	1	1	0	1	1
Ability	fullmetalbody	Start	0	1	1	1	1	1	1
Ability	fullmetalbody	Start	0	1	1	1	2	1	1
Ability	fullmetalbody	Start	0	1	1	1	3	1	1
Ability	fullmetalbody	Start	0	1	1	1	4	1	1
Ability	fullmetalbody	Start	0	2	0	0	0	1	1
Ability	fullmetalbody	Start	0	2	0	0	1	1	1
Ability	fullmetalbody	Start	0	2	0	0	2	1	1
Ability	fullmetalbody	Start	0	2	0	0	3	1	1
Ability	fullmetalbody	Start	0	2	0	0	4	1	1
Ability	fullmetalbody	Start	0	2	0	1	0	1	1
Ability	fullmetalbody	Start	0	2	0	1	1	1	1
Ability	fullmetalbody	Start	0	2	0	1	2	1	1
Ability	fullmetalbody	Start	0	2	0	1	3	1	1
Ability	fullmetalbody	Start	0	2	0	1	4	1	1
Ability	fullmetalbody	Start	0	2	1	0	0	1	1
Ability	fullmetalbody	Start	0	2	1	0	1	1	1
Ability	fullmetalbody	Start	0	2	1	0	2	1	1
Ability	fullmetalbody	Start	0	2	1	0	3	1	1
Ability	fullmetalbody	Start	0	2	1	0	4	1	1
Ability	fullmetalbody	Start	0	2	1	1	0	1	1
Ability	fullmetalbody	Start	0	2	1	1	1	1	1
Ability	fullmetalbody	Start	0	2	1	1	2	1	1
Ability	fullmetalbody	Start	0	2	1	1	3	1	1
Ability	fullmetalbody	Start	0	2	1	1	4	1	1
Ability	fullmetalbody	Start	0	3	0	0	0	1	1
Ability	fullmetalbody	Start	0	3	0	0	1	1	1
Ability	fullmetalbody	Start	0	3	0	0	2	1	1
Ability	fullmetalbody	Start	0	3	0	0	3	1	1
Ability	fullmetalbody	Start	0	3	0	0	4	1	1
Ability	fullmetalbody	Start	0	3	0	1	0	1	1
Ability	fullmetalbody	Start	0	3	0	1	1	1	1
Ability	fullmetalbody	Start	0	3	0	1	2	1	1
Ability	fullmetalbody	Start	0	3	0	1	3	1	1
Ability	fullmetalbody	Start	0	3	0	1	4	1	1
Ability	fullmetalbody	Start	0	3	1	0	0	1	1
Ability	fullmetalbody	Start	0	3	1	0	1	1	1
Ability	fullmetalbody	Start	0	3	1	0	2	1	1
Ability	fullmetalbody	Start	0	3	1	0	3	1	1
Ability	fullmetalbody	Start	0	3	1	0	4	1	1
Ability	fullmetalbody	Start	0	3	1	1	0	1	1
Ability	fullmetalbody	Start	0	3	1	1	1	1	1
Ability	fullmetalbody	Start	0	3	1	1	2	1	1
Ability	fullmetalbody	Start	0	3	1	1	3	1	1
Ability	fullmetalbody	Start	0	3	1	1	4	1	1
Ability	fullmetalbody	Start	1	0	0	0	0	0	0
Ability	fullmetalbody	Start	1	0	0	0	1	0	0
Ability	fullmetalbody	Start	1	0	0	0	2	0	0
Ability	fullmetalbody	Start	1	0	0	0	3	0	0
Ability	fullmetalbody	Start	1	0	0	0	4	0	0
Ability	fullmetalbody	Start	1	0	0	1	0	0	0
Ability	fullmetalbody	Start	1	0	0	1	1	0	0
Ability	fullmetalbody	Start	1	0	0	1	2	0	0
Ability	fullmetalbody	Start	1	0	0	1	3	0	0
Ability	fullmetalbody	Start	1	0	0	1	4	0	0
Ability	fullmetalbody	Start	1	0	1	0	0	0	0
Ability	fullmetalbody	Start	1	0	1	0	1	0	0
Ability	fullmetalbody	Start	1	0	1	0	2	0	0
Ability	fullmetalbody	Start	1	0	1	0	3	0	0
Ability	fullmetalbody	Start	1	0	1	0	4	0	0
Ability	fullmetalbody	Start	1	0	1	1	0	0	0
Ability	fullmetalbody	Start	1	0	1	1	1	0	0
Ability	fullmetalbody	Start	1	0	1	1	2	0	0
Ability	fullmetalbody	Start	1	0	1	1	3	0	0
Ability	fullmetalbody	Start	1	0	1	1	4	0	0
Ability	fullmetalbody	Start	1	1	0	0	0	0	0
Ability	fullmetalbody	Start	1	1	0	0	1	0	0
Ability	fullmetalbody	Start	1	1	0	0	2	0	0
Ability	fullmetalbody	Start	1	1	0	0	3	0	0
Ability	fullmetalbody	Start	1	1	0	0	4	0	0
Ability	fullmetalbody	Start	1	1	0	1	0	0	0
Ability	fullmetalbody	Start	1	1	0	1	1	0	0
Ability	fullmetalbody	Start	1	1	0	1	2	0	0
Ability	fullmetalbody	Start	1	1	0	1	3	0	0
Ability	fullmetalbody	Start	1	1	0	1	4	0	0
Ability	fullmetalbody	Start	1	1	1	0	0	0	0
Ability	fullmetalbody	Start	1	1	1	0	1	0	0
Ability	fullmetalbody	Start	1	1	1	0	2	0	0
Ability	fullmetalbody	Start	1	1	1	0	3	0	0
Ability	fullmetalbody	Start	1	1	1	0	4	0	0
Ability	fullmetalbody	Start	1	1	1	1	0	0	0
Ability	fullmetalbody	Start	1	1	1	1	1	0	0
Ability	fullmetalbody	Start	1	1	1	1	2	0	0
Ability	fullmetalbody	Start	1	1	1	1	3	0	0
Ability	fullmetalbody	Start	1	1	1	1	4	0	0
Ability	fullmetalbody	Start	1	2	0	0	0	0	0
Ability	fullmetalbody	Start	1	2	0	0	1	0	0
Ability	fullmetalbody	Start	1	2	0	0	2	0	0
Ability	fullmetalbody	Start	1	2	0	0	3	0	0
Ability	fullmetalbody	Start	1	2	0	0	4	0	0
Ability	fullmetalbody	Start	1	2	0	1	0	0	0
Ability	fullmetalbody	Start	1	2	0	1	1	0	0
Ability	fullmetalbody	Start	1	2	0	1	2	0	0
Ability	fullmetalbody	Start	1	2	0	1	3	0	0
Ability	fullmetalbody	Start	1	2	0	1	4	0	0
Ability	fullmetalbody	Start	1	2	1	0	0	0	0
Ability	fullmetalbody	Start	1	2	1	0	1	0	0
Ability	fullmetalbody	Start	1	2	1	0	2	0	0
Ability	fullmetalbody	Start	1	2	1	0	3	0	0
Ability	fullmetalbody	Start	1	2	1	0	4	0	0
Ability	fullmetalbody	Start	1	2	1	1	0	0	0
Ability	fullmetalbody	Start	1	2	1	1	1	0	0
Ability	fullmetalbody	Start	1	2	1	1	2	0	0
Ability	fullmetalbody	Start	1	2	1	1	3	0	0
Ability	fullmetalbody	Start	1	2	1	1	4	0	0
Ability	fullmetalbody	Start	1	3	0	0	0	0	0
Ability	fullmetalbody	Start	1	3	0	0	1	0	0
Ability	fullmetalbody	Start	1	3	0	0	2	0	0
Ability	fullmetalbody	Start	1	3	0	0	3	0	0
Ability	fullmetalbody	Start	1	3	0	0	4	0	0
Ability	fullmetalbody	Start	1	3	0	1	0	0	0
Ability	fullmetalbody	Start	1	3	0	1	1	0	0
Ability	fullmetalbody	Start	1	3	0	1	2	0	0
Ability	fullmetalbody	Start	1	3	0	1	3	0	0
Ability	fullmetalbody	Start	1	3	0	1	4	0	0
Ability	fullmetalbody	Start	1	3	1	0	0	0	0
Ability	fullmetalbody	Start	1	3	1	0	1	0	0
Ability	fullmetalbody	Start	1	3	1	0	2	0	0
Ability	fullmetalbody	Start	1	3	1	0	3	0	0
Ability	fullmetalbody	Start	1	3	1	0	4	0	0
Ability	fullmetalbody	Start	1	3	1	1	0	0	0
Ability	fullmetalbody	Start	1	3	1	1	1	0	0
Ability	fullmetalbody	Start	1	3	1	1	2	0	0
Ability	fullmetalbody	Start	1	3	1	1	3	0	0
Ability	fullmetalbody	Start	1	3	1	1	4	0	0
Ability	fullmetalbody	End	0	0	0	0	0	0	0
Ability	fullmetalbody	End	0	0	0	0	1	0	0
Ability	fullmetalbody	End	0	0	0	0	2	0	0
Ability	fullmetalbody	End	0	0	0	0	3	0	0
Ability	fullmetalbody	End	0	0	0	0	4	0	0
Ability	fullmetalbody	End	0	0	0	1	0	0	0
Ability	fullmetalbody	End	0	0	0	1	1	0	0
Ability	fullmetalbody	End	0	0	0	1	2	0	0
Ability	fullmetalbody	End	0	0	0	1	3	0	0
Ability	fullmetalbody	End	0	0	0	1	4	0	0
Ability	fullmetalbody	End	0	0	1	0	0	0	0
Ability	fullmetalbody	End	0	0	1	0	1	0	0
Ability	fullmetalbody	End	0	0	1	0	2	0	0
Ability	fullmetalbody	End	0	0	1	0	3	0	0
Ability	fullmetalbody	End	0	0	1	0	4	0	0
Ability	fullmetalbody	End	0	0	1	1	0	0	0
Ability	fullmetalbody	End	0	0	1	1	1	0	0
Ability	fullmetalbody	End	0	0	1	1	2	0	0
Ability	fullmetalbody	End	0	0	1	1	3	0	0
Ability	fullmetalbody	End	0	0	1	1	4	0	0
Ability	fullmetalbody	End	0	1	0	0	0	0	0
Ability	fullmetalbody	End	0	1	0	0	1	0	0
Ability	fullmetalbody	End	0	1	0	0	2	0	0
Ability	fullmetalbody	End	0	1	0	0	3	0	0
Ability	fullmetalbody	End	0	1	0	0	4	0	0
Ability	fullmetalbody	End	0	1	0	1	0	0	0
Ability	fullmetalbody	End	0	1	0	1	1	0	0
Ability	fullmetalbody	End	0	1	0	1	2	0	0
Ability	fullmetalbody	End	0	1	0	1	3	0	0
Ability	fullmetalbody	End	0	1	0	1	4	0	0
Ability	fullmetalbody	End	0	1	1	0	0	0	0
Ability	fullmetalbody	End	0	1	1	0	1	0	0
Ability	fullmetalbody	End	0	1	1	0	2	0	0
Ability	fullmetalbody	End	0	1	1	0	3	0	0
Ability	fullmetalbody	End	0	1	1	0	4	0	0
Ability	fullmetalbody	End	0	1	1	1	0	0	0
Ability	fullmetalbody	End	0	1	1	1	1	0	0
Ability	fullmetalbody	End	0	1	1	1	2	0	0
Ability	fullmetalbody	End	0	1	1	1	3	0	0
Ability	fullmetalbody	End	0	1	1	1	4	0	0
Ability	fullmetalbody	End	0	2	0	0	0	0	0
Ability	fullmetalbody	End	0	2	0	0	1	0	0
Ability	fullmetalbody	End	0	2	0	0	2	0	0
Ability	fullmetalbody	End	0	2	0	0	3	0	0
Ability	fullmetalbody	End	0	2	0	0	4	0	0
Ability	fullmetalbody	End	0	2	0	1	0	0	0
Ability	fullmetalbody	End	0	2	0	1	1	0	0
Ability	fullmetalbody	End	0	2	0	1	2	0	0
Ability	fullmetalbody	End	0	2	0	1	3	0	0
Ability	fullmetalbody	End	0	2	0	1	4	0	0
Ability	fullmetalbody	End	0	2	1	0	0	0	0
Ability	fullmetalbody	End	0	2	1	0	1	0	0
Ability	fullmetalbody	End	0	2	1	0	2	0	0
Ability	fullmetalbody	End	0	2	1	0	3	0	0
Ability	fullmetalbody	End	0	2	1	0	4	0	0
Ability	fullmetalbody	End	0	2	1	1	0	0	0
Ability	fullmetalbody	End	0	2	1	1	1	0	0
Ability	fullmetalbody	End	0	2	1	1	2	0	0
Ability	fullmetalbody	End	0	2	1	1	3	0	0
Ability	fullmetalbody	End	0	2	1	1	4	0	0
Ability	fullmetalbody	End	0	3	0	0	0	0	0
Ability	fullmetalbody	End	0	3	0	0	1	0	0
Ability	fullmetalbody	End	0	3	0	0	2	0	0
Ability	fullmetalbody	End	0	3	0	0	3	0	0
Ability	fullmetalbody	End	0	3	0	0	4	0	0
Ability	fullmetalbody	End	0	3	0	1	0	0	0
Ability	fullmetalbody	End	0	3	0	1	1	0	0
Ability	fullmetalbody	End	0	3	0	1	2	0	0
Ability	fullmetalbody	End	0	3	0	1	3	0	0
Ability	fullmetalbody	End	0	3	0	1	4	0	0
Ability	fullmetalbody	End	0	3	1	0	0	0	0
Ability	fullmetalbody	End	0	3	1	0	1	0	0
Ability	fullmetalbody	End	0	3	1	0	2	0	0
Ability	fullmetalbody	End	0	3	1	0	3	0	0
Ability	fullmetalbody	End	0	3	1	0	4	0	0
Ability	fullmetalbody	End	0	3	1	1	0	0	0
Ability	fullmetalbody	End	0	3	1	1	1	0	0
Ability	fullmetalbody	End	0	3	1	1	2	0	0
Ability	fullmetalbody	End	0	3	1	1	3	0	0
Ability	fullmetalbody	End	0	3	1	1	4	0	0
Ability	fullmetalbody	End	1	0	0	0	0	0	0
Ability	fullmetalbody	End	1	0	0	0	1	0	0
Ability	fullmetalbody	End	1	0	0	0	2	0	0
Ability	fullmetalbody	End	1	0	0	0	3	0	0
Ability	fullmetalbody	End	1	0	0	0	4	0	0
Ability	fullmetalbody	End	1	0	0	1	0	0	0
Ability	fullmetalbody	End	1	0	0	1	1	0	0
Ability	fullmetalbody	End	1	0	0	1	2	0	0
Ability	fullmetalbody	End	1	0	0	1	3	0	0
Ability	fullmetalbody	End	1	0	0	1	4	0	0
Ability	fullmetalbody	End	1	0	1	0	0	0	0
Ability	fullmetalbody	End	1	0	1	0	1	0	0
Ability	fullmetalbody	End	1	0	1	0	2	0	0
Ability	fullmetalbody	End	1	0	1	0	3	0	0
Ability	fullmetalbody	End	1	0	1	0	4	0	0
Ability	fullmetalbody	End	1	0	1	1	0	0	0
Ability	fullmetalbody	End	1	0	1	1	1	0	0
Ability	fullmetalbody	End	1	0	1	1	2	0	0
Ability	fullmetalbody	End	1	0	1	1	3	0	0
Ability	fullmetalbody	End	1	0	1	1	4	0	0
Ability	fullmetalbody	End	1	1	0	0	0	0	0
Ability	fullmetalbody	End	1	1	0	0	1	0	0
Ability	fullmetalbody	End	1	1	0	0	2	0	0
Ability	fullmetalbody	End	1	1	0	0	3	0	0
Ability	fullmetalbody	End	1	1	0	0	4	0	0
Ability	fullmetalbody	End	1	1	0	1	0	0	0
Ability	fullmetalbody	End	1	1	0	1	1	0	0
Ability	fullmetalbody	End	1	1	0	1	2	0	0
Ability	fullmetalbody	End	1	1	0	1	3	0	0
Ability	fullmetalbody	End	1	1	0	1	4	0	0
Ability	fullmetalbody	End	1	1	1	0	0	0	0
Ability	fullmetalbody	End	1	1	1	0	1	0	0
Ability	fullmetalbody	End	1	1	1	0	2	0	0
Ability	fullmetalbody	End	1	1	1	0	3	0	0
Ability	fullmetalbody	End	1	1	1	0	4	0	0
Ability	fullmetalbody	End	1	1	1	1	0	0	0
Ability	fullmetalbody	End	1	1	1	1	1	0	0
Ability	fullmetalbody	End	1	1	1	1	2	0	0
Ability	fullmetalbody	End	1	1	1	1	3	0	0
Ability	fullmetalbody	End	1	1	1	1	4	0	0
Ability	fullmetalbody	End	1	2	0	0	0	0	0
Ability	fullmetalbody	End	1	2	0	0	1	0	0
Ability	fullmetalbody	End	1	2	0	0	2	0	0
Ability	fullmetalbody	End	1	2	0	0	3	0	0
Ability	fullmetalbody	End	1	2	0	0	4	0	0
Ability	fullmetalbody	End	1	2	0	1	0	0	0
Ability	fullmetalbody	End	1	2	0	1	1	0	0
Ability	fullmetalbody	End	1	2	0	1	2	0	0
Ability	fullmetalbody	End	1	2	0	1	3	0	0
Ability	fullmetalbody	End	1	2	0	1	4	0	0
Ability	fullmetalbody	End	1	2	1	0	0	0	0
Ability	fullmetalbody	End	1	2	1	0	1	0	0
Ability	fullmetalbody	End	1	2	1	0	2	0	0
Ability	fullmetalbody	End	1	2	1	0	3	0	0
Ability	fullmetalbody	End	1	2	1	0	4	0	0
Ability	fullmetalbody	End	1	2	1	1	0	0	0
Ability	fullmetalbody	End	1	2	1	1	1	0	0
Ability	fullmetalbody	End	1	2	1	1	2	0	0
Ability	fullmetalbody	End	1	2	1	1	3	0	0
Ability	fullmetalbody	End	1	2	1	1	4	0	0
Ability	fullmetalbody	End	1	3	0	0	0	0	0
Ability	fullmetalbody	End	1	3	0	0	1	0	0
Ability	fullmetalbody	End	1	3	0	0	2	0	0
Ability	fullmetalbody	End	1	3	0	0	3	0	0
Ability	fullmetalbody	End	1	3	0	0	4	0	0
Ability	fullmetalbody	End	1	3	0	1	0	0	0
Ability	fullmetalbody	End	1	3	0	1	1	0	0
Ability	fullmetalbody	End	1	3	0	1	2	0	0
Ability	fullmetalbody	End	1	3	0	1	3	0	0
Ability	fullmetalbody	End	1	3	0	1	4	0	0
Ability	fullmetalbody	End	1	3	1	0	0	0	0
Ability	fullmetalbody	End	1	3	1	0	1	0	0
Ability	fullmetalbody	End	1	3	1	0	2	0	0
Ability	fullmetalbody	End	1	3	1	0	3	0	0
Ability	fullmetalbody	End	1	3	1	0	4	0	0
Ability	fullmetalbody	End	1	3	1	1	0	0	0
Ability	fullmetalbody	End	1	3	1	1	1	0	0
Ability	fullmetalbody	End	1	3	1	1	2	0	0
Ability	fullmetalbody	End	1	3	1	1	3	0	0
Ability	fullmetalbody	End	1	3	1	1	4	0	0
Ability	fullmetalbody	SwitchIn	0	0	0	0	0	1	1
Ability	fullmetalbody	SwitchIn	0	0	0	0	1	1	1
Ability	fullmetalbody	SwitchIn	0	0	0	0	2	1	1
Ability	fullmetalbody	SwitchIn	0	0	0	0	3	1	1
Ability	fullmetalbody	SwitchIn	0	0	0	0	4	1	1
Ability	fullmetalbody	SwitchIn	0	0	0	1	0	1	1
Ability	fullmetalbody	SwitchIn	0	0	0	1	1	1	1
Ability	fullmetalbody	SwitchIn	0	0	0	1	2	1	1
Ability	fullmetalbody	SwitchIn	0	0	0	1	3	1	1
Ability	fullmetalbody	SwitchIn	0	0	0	1	4	1	1
Ability	fullmetalbody	SwitchIn	0	0	1	0	0	1	1
Ability	fullmetalbody	SwitchIn	0	0	1	0	1	1	1
Ability	fullmetalbody	SwitchIn	0	0	1	0	2	1	1
Ability	fullmetalbody	SwitchIn	0	0	1	0	3	1	1
Ability	fullmetalbody	SwitchIn	0	0	1	0	4	1	1
Ability	fullmetalbody	SwitchIn	0	0	1	1	0	1	1
Ability	fullmetalbody	SwitchIn	0	0	1	1	1	1	1
Ability	fullmetalbody	SwitchIn	0	0	1	1	2	1	1
Ability	fullmetalbody	SwitchIn	0	0	1	1	3	1	1
Ability	fullmetalbody	SwitchIn	0	0	1	1	4	1	1
Ability	fullmetalbody	SwitchIn	0	1	0	0	0	1	1
Ability	fullmetalbody	SwitchIn	0	1	0	0	1	1	1
Ability	fullmetalbody	SwitchIn	0	1	0	0	2	1	1
Ability	fullmetalbody	SwitchIn	0	1	0	0	3	1	1
Ability	fullmetalbody	SwitchIn	0	1	0	0	4	1	1
Ability	fullmetalbody	SwitchIn	0	1	0	1	0	1	1
Ability	fullmetalbody	SwitchIn	0	1	0	1	1	1	1
Ability	fullmetalbody	SwitchIn	0	1	0	1	2	1	1
Ability	fullmetalbody	SwitchIn	0	1	0	1	3	1	1
Ability	fullmetalbody	SwitchIn	0	1	0	1	4	1	1
Ability	fullmetalbody	SwitchIn	0	1	1	0	0	1	1
Ability	fullmetalbody	SwitchIn	0	1	1	0	1	1	1
Ability	fullmetalbody	SwitchIn	0	1	1	0	2	1	1
Ability	fullmetalbody	SwitchIn	0	1	1	0	3	1	1
Ability	fullmetalbody	SwitchIn	0	1	1	0	4	1	1
Ability	fullmetalbody	SwitchIn	0	1	1	1	0	1	1
Ability	fullmetalbody	SwitchIn	0	1	1	1	1	1	1
Ability	fullmetalbody	SwitchIn	0	1	1	1	2	1	1
Ability	fullmetalbody	SwitchIn	0	1	1	1	3	1	1
Ability	fullmetalbody	SwitchIn	0	1	1	1	4	1	1
Ability	fullmetalbody	SwitchIn	0	2	0	0	0	1	1
Ability	fullmetalbody	SwitchIn	0	2	0	0	1	1	1
Ability	fullmetalbody	SwitchIn	0	2	0	0	2	1	1
Ability	fullmetalbody	SwitchIn	0	2	0	0	3	1	1
Ability	fullmetalbody	SwitchIn	0	2	0	0	4	1	1
Ability	fullmetalbody	SwitchIn	0	2	0	1	0	1	1
Ability	fullmetalbody	SwitchIn	0	2	0	1	1	1	1
Ability	fullmetalbody	SwitchIn	0	2	0	1	2	1	1
Ability	fullmetalbody	SwitchIn	0	2	0	1	3	1	1
Ability	fullmetalbody	SwitchIn	0	2	0	1	4	1	1
Ability	fullmetalbody	SwitchIn	0	2	1	0	0	1	1
Ability	fullmetalbody	SwitchIn	0	2	1	0	1	1	1
Ability	fullmetalbody	SwitchIn	0	2	1	0	2	1	1
Ability	fullmetalbody	SwitchIn	0	2	1	0	3	1	1
Ability	fullmetalbody	SwitchIn	0	2	1	0	4	1	1
Ability	fullmetalbody	SwitchIn	0	2	1	1	0	1	1
Ability	fullmetalbody	SwitchIn	0	2	1	1	1	1	1
Ability	fullmetalbody	SwitchIn	0	2	1	1	2	1	1
Ability	fullmetalbody	SwitchIn	0	2	1	1	3	1	1
Ability	fullmetalbody	SwitchIn	0	2	1	1	4	1	1
Ability	fullmetalbody	SwitchIn	0	3	0	0	0	1	1
Ability	fullmetalbody	SwitchIn	0	3	0	0	1	1	1
Ability	fullmetalbody	SwitchIn	0	3	0	0	2	1	1
Ability	fullmetalbody	SwitchIn	0	3	0	0	3	1	1
Ability	fullmetalbody	SwitchIn	0	3	0	0	4	1	1
Ability	fullmetalbody	SwitchIn	0	3	0	1	0	1	1
Ability	fullmetalbody	SwitchIn	0	3	0	1	1	1	1
Ability	fullmetalbody	SwitchIn	0	3	0	1	2	1	1
Ability	fullmetalbody	SwitchIn	0	3	0	1	3	1	1
Ability	fullmetalbody	SwitchIn	0	3	0	1	4	1	1
Ability	fullmetalbody	SwitchIn	0	3	1	0	0	1	1
Ability	fullmetalbody	SwitchIn	0	3	1	0	1	1	1
Ability	fullmetalbody	SwitchIn	0	3	1	0	2	1	1
Ability	fullmetalbody	SwitchIn	0	3	1	0	3	1	1
Ability	fullmetalbody	SwitchIn	0	3	1	0	4	1	1
Ability	fullmetalbody	SwitchIn	0	3	1	1	0	1	1
Ability	fullmetalbody	SwitchIn	0	3	1	1	1	1	1
Ability	fullmetalbody	SwitchIn	0	3	1	1	2	1	1
Ability	fullmetalbody	SwitchIn	0	3	1	1	3	1	1
Ability	fullmetalbody	SwitchIn	0	3	1	1	4	1	1
Ability	fullmetalbody	SwitchIn	1	0	0	0	0	0	0
Ability	fullmetalbody	SwitchIn	1	0	0	0	1	0	0
Ability	fullmetalbody	SwitchIn	1	0	0	0	2	0	0
Ability	fullmetalbody	SwitchIn	1	0	0	0	3	0	0
Ability	fullmetalbody	SwitchIn	1	0	0	0	4	0	0
Ability	fullmetalbody	SwitchIn	1	0	0	1	0	0	0
Ability	fullmetalbody	SwitchIn	1	0	0	1	1	0	0
Ability	fullmetalbody	SwitchIn	1	0	0	1	2	0	0
Ability	fullmetalbody	SwitchIn	1	0	0	1	3	0	0
Ability	fullmetalbody	SwitchIn	1	0	0	1	4	0	0
Ability	fullmetalbody	SwitchIn	1	0	1	0	0	0	0
Ability	fullmetalbody	SwitchIn	1	0	1	0	1	0	0
Ability	fullmetalbody	SwitchIn	1	0	1	0	2	0	0
Ability	fullmetalbody	SwitchIn	1	0	1	0	3	0	0
Ability	fullmetalbody	SwitchIn	1	0	1	0	4	0	0
Ability	fullmetalbody	SwitchIn	1	0	1	1	0	0	0
Ability	fullmetalbody	SwitchIn	1	0	1	1	1	0	0
Ability	fullmetalbody	SwitchIn	1	0	1	1	2	0	0
Ability	fullmetalbody	SwitchIn	1	0	1	1	3	0	0
Ability	fullmetalbody	SwitchIn	1	0	1	1	4	0	0
Ability	fullmetalbody	SwitchIn	1	1	0	0	0	0	0
Ability	fullmetalbody	SwitchIn	1	1	0	0	1	0	0
Ability	fullmetalbody	SwitchIn	1	1	0	0	2	0	0
Ability	fullmetalbody	SwitchIn	1	1	0	0	3	0	0
Ability	fullmetalbody	SwitchIn	1	1	0	0	4	0	0
Ability	fullmetalbody	SwitchIn	1	1	0	1	0	0	0
Ability	fullmetalbody	SwitchIn	1	1	0	1	1	0	0
Ability	fullmetalbody	SwitchIn	1	1	0	1	2	0	0
Ability	fullmetalbody	SwitchIn	1	1	0	1	3	0	0
Ability	fullmetalbody	SwitchIn	1	1	0	1	4	0	0
Ability	fullmetalbody	SwitchIn	1	1	1	0	0	0	0
Ability	fullmetalbody	SwitchIn	1	1	1	0	1	0	0
Ability	fullmetalbody	SwitchIn	1	1	1	0	2	0	0
Ability	fullmetalbody	SwitchIn	1	1	1	0	3	0	0
Ability	fullmetalbody	SwitchIn	1	1	1	0	4	0	0
Ability	fullmetalbody	SwitchIn	1	1	1	1	0	0	0
Ability	fullmetalbody	SwitchIn	1	1	1	1	1	0	0
Ability	fullmetalbody	SwitchIn	1	1	1	1	2	0	0
Ability	fullmetalbody	SwitchIn	1	1	1	1	3	0	0
Ability	fullmetalbody	SwitchIn	1	1	1	1	4	0	0
Ability	fullmetalbody	SwitchIn	1	2	0	0	0	0	0
Ability	fullmetalbody	SwitchIn	1	2	0	0	1	0	0
Ability	fullmetalbody	SwitchIn	1	2	0	0	2	0	0
Ability	fullmetalbody	SwitchIn	1	2	0	0	3	0	0
Ability	fullmetalbody	SwitchIn	1	2	0	0	4	0	0
Ability	fullmetalbody	SwitchIn	1	2	0	1	0	0	0
Ability	fullmetalbody	SwitchIn	1	2	0	1	1	0	0
Ability	fullmetalbody	SwitchIn	1	2	0	1	2	0	0
Ability	fullmetalbody	SwitchIn	1	2	0	1	3	0	0
Ability	fullmetalbody	SwitchIn	1	2	0	1	4	0	0
Ability	fullmetalbody	SwitchIn	1	2	1	0	0	0	0
Ability	fullmetalbody	SwitchIn	1	2	1	0	1	0	0
Ability	fullmetalbody	SwitchIn	1	2	1	0	2	0	0
Ability	fullmetalbody	SwitchIn	1	2	1	0	3	0	0
Ability	fullmetalbody	SwitchIn	1	2	1	0	4	0	0
Ability	fullmetalbody	SwitchIn	1	2	1	1	0	0	0
Ability	fullmetalbody	SwitchIn	1	2	1	1	1	0	0
Ability	fullmetalbody	SwitchIn	1	2	1	1	2	0	0
Ability	fullmetalbody	SwitchIn	1	2	1	1	3	0	0
Ability	fullmetalbody	SwitchIn	1	2	1	1	4	0	0
Ability	fullmetalbody	SwitchIn	1	3	0	0	0	0	0
Ability	fullmetalbody	SwitchIn	1	3	0	0	1	0	0
Ability	fullmetalbody	SwitchIn	1	3	0	0	2	0	0
Ability	fullmetalbody	SwitchIn	1	3	0	0	3	0	0
Ability	fullmetalbody	SwitchIn	1	3	0	0	4	0	0
Ability	fullmetalbody	SwitchIn	1	3	0	1	0	0	0
Ability	fullmetalbody	SwitchIn	1	3	0	1	1	0	0
Ability	fullmetalbody	SwitchIn	1	3	0	1	2	0	0
Ability	fullmetalbody	SwitchIn	1	3	0	1	3	0	0
Ability	fullmetalbody	SwitchIn	1	3	0	1	4	0	0
Ability	fullmetalbody	SwitchIn	1	3	1	0	0	0	0
Ability	fullmetalbody	SwitchIn	1	3	1	0	1	0	0
Ability	fullmetalbody	SwitchIn	1	3	1	0	2	0	0
Ability	fullmetalbody	SwitchIn	1	3	1	0	3	0	0
Ability	fullmetalbody	SwitchIn	1	3	1	0	4	0	0
Ability	fullmetalbody	SwitchIn	1	3	1	1	0	0	0
Ability	fullmetalbody	SwitchIn	1	3	1	1	1	0	0
Ability	fullmetalbody	SwitchIn	1	3	1	1	2	0	0
Ability	fullmetalbody	SwitchIn	1	3	1	1	3	0	0
Ability	fullmetalbody	SwitchIn	1	3	1	1	4	0	0
Ability	fullmetalbody	TakeItem	0	0	0	0	0	1	1
Ability	fullmetalbody	TakeItem	0	0	0	0	1	1	1
Ability	fullmetalbody	TakeItem	0	0	0	0	2	1	1
Ability	fullmetalbody	TakeItem	0	0	0	0	3	1	1
Ability	fullmetalbody	TakeItem	0	0	0	0	4	1	1
Ability	fullmetalbody	TakeItem	0	0	0	1	0	1	1
Ability	fullmetalbody	TakeItem	0	0	0	1	1	1	1
Ability	fullmetalbody	TakeItem	0	0	0	1	2	1	1
Ability	fullmetalbody	TakeItem	0	0	0	1	3	1	1
Ability	fullmetalbody	TakeItem	0	0	0	1	4	1	1
Ability	fullmetalbody	TakeItem	0	0	1	0	0	1	1
Ability	fullmetalbody	TakeItem	0	0	1	0	1	1	1
Ability	fullmetalbody	TakeItem	0	0	1	0	2	1	1
Ability	fullmetalbody	TakeItem	0	0	1	0	3	1	1
Ability	fullmetalbody	TakeItem	0	0	1	0	4	1	1
Ability	fullmetalbody	TakeItem	0	0	1	1	0	1	1
Ability	fullmetalbody	TakeItem	0	0	1	1	1	1	1
Ability	fullmetalbody	TakeItem	0	0	1	1	2	1	1
Ability	fullmetalbody	TakeItem	0	0	1	1	3	1	1
Ability	fullmetalbody	TakeItem	0	0	1	1	4	1	1
Ability	fullmetalbody	TakeItem	0	1	0	0	0	1	1
Ability	fullmetalbody	TakeItem	0	1	0	0	1	1	1
Ability	fullmetalbody	TakeItem	0	1	0	0	2	1	1
Ability	fullmetalbody	TakeItem	0	1	0	0	3	1	1
Ability	fullmetalbody	TakeItem	0	1	0	0	4	1	1
Ability	fullmetalbody	TakeItem	0	1	0	1	0	1	1
Ability	fullmetalbody	TakeItem	0	1	0	1	1	1	1
Ability	fullmetalbody	TakeItem	0	1	0	1	2	1	1
Ability	fullmetalbody	TakeItem	0	1	0	1	3	1	1
Ability	fullmetalbody	TakeItem	0	1	0	1	4	1	1
Ability	fullmetalbody	TakeItem	0	1	1	0	0	1	1
Ability	fullmetalbody	TakeItem	0	1	1	0	1	1	1
Ability	fullmetalbody	TakeItem	0	1	1	0	2	1	1
Ability	fullmetalbody	TakeItem	0	1	1	0	3	1	1
Ability	fullmetalbody	TakeItem	0	1	1	0	4	1	1
Ability	fullmetalbody	TakeItem	0	1	1	1	0	1	1
Ability	fullmetalbody	TakeItem	0	1	1	1	1	1	1
Ability	fullmetalbody	TakeItem	0	1	1	1	2	1	1
Ability	fullmetalbody	TakeItem	0	1	1	1	3	1	1
Ability	fullmetalbody	TakeItem	0	1	1	1	4	1	1
Ability	fullmetalbody	TakeItem	0	2	0	0	0	1	1
Ability	fullmetalbody	TakeItem	0	2	0	0	1	1	1
Ability	fullmetalbody	TakeItem	0	2	0	0	2	1	1
Ability	fullmetalbody	TakeItem	0	2	0	0	3	1	1
Ability	fullmetalbody	TakeItem	0	2	0	0	4	1	1
Ability	fullmetalbody	TakeItem	0	2	0	1	0	1	1
Ability	fullmetalbody	TakeItem	0	2	0	1	1	1	1
Ability	fullmetalbody	TakeItem	0	2	0	1	2	1	1
Ability	fullmetalbody	TakeItem	0	2	0	1	3	1	1
Ability	fullmetalbody	TakeItem	0	2	0	1	4	1	1
Ability	fullmetalbody	TakeItem	0	2	1	0	0	1	1
Ability	fullmetalbody	TakeItem	0	2	1	0	1	1	1
Ability	fullmetalbody	TakeItem	0	2	1	0	2	1	1
Ability	fullmetalbody	TakeItem	0	2	1	0	3	1	1
Ability	fullmetalbody	TakeItem	0	2	1	0	4	1	1
Ability	fullmetalbody	TakeItem	0	2	1	1	0	1	1
Ability	fullmetalbody	TakeItem	0	2	1	1	1	1	1
Ability	fullmetalbody	TakeItem	0	2	1	1	2	1	1
Ability	fullmetalbody	TakeItem	0	2	1	1	3	1	1
Ability	fullmetalbody	TakeItem	0	2	1	1	4	1	1
Ability	fullmetalbody	TakeItem	0	3	0	0	0	1	1
Ability	fullmetalbody	TakeItem	0	3	0	0	1	1	1
Ability	fullmetalbody	TakeItem	0	3	0	0	2	1	1
Ability	fullmetalbody	TakeItem	0	3	0	0	3	1	1
Ability	fullmetalbody	TakeItem	0	3	0	0	4	1	1
Ability	fullmetalbody	TakeItem	0	3	0	1	0	1	1
Ability	fullmetalbody	TakeItem	0	3	0	1	1	1	1
Ability	fullmetalbody	TakeItem	0	3	0	1	2	1	1
Ability	fullmetalbody	TakeItem	0	3	0	1	3	1	1
Ability	fullmetalbody	TakeItem	0	3	0	1	4	1	1
Ability	fullmetalbody	TakeItem	0	3	1	0	0	1	1
Ability	fullmetalbody	TakeItem	0	3	1	0	1	1	1
Ability	fullmetalbody	TakeItem	0	3	1	0	2	1	1
Ability	fullmetalbody	TakeItem	0	3	1	0	3	1	1
Ability	fullmetalbody	TakeItem	0	3	1	0	4	1	1
Ability	fullmetalbody	TakeItem	0	3	1	1	0	1	1
Ability	fullmetalbody	TakeItem	0	3	1	1	1	1	1
Ability	fullmetalbody	TakeItem	0	3	1	1	2	1	1
Ability	fullmetalbody	TakeItem	0	3	1	1	3	1	1
Ability	fullmetalbody	TakeItem	0	3	1	1	4	1	1
Ability	fullmetalbody	TakeItem	1	0	0	0	0	0	0
Ability	fullmetalbody	TakeItem	1	0	0	0	1	0	0
Ability	fullmetalbody	TakeItem	1	0	0	0	2	0	0
Ability	fullmetalbody	TakeItem	1	0	0	0	3	0	0
Ability	fullmetalbody	TakeItem	1	0	0	0	4	0	0
Ability	fullmetalbody	TakeItem	1	0	0	1	0	0	0
Ability	fullmetalbody	TakeItem	1	0	0	1	1	0	0
Ability	fullmetalbody	TakeItem	1	0	0	1	2	0	0
Ability	fullmetalbody	TakeItem	1	0	0	1	3	0	0
Ability	fullmetalbody	TakeItem	1	0	0	1	4	0	0
Ability	fullmetalbody	TakeItem	1	0	1	0	0	0	0
Ability	fullmetalbody	TakeItem	1	0	1	0	1	0	0
Ability	fullmetalbody	TakeItem	1	0	1	0	2	0	0
Ability	fullmetalbody	TakeItem	1	0	1	0	3	0	0
Ability	fullmetalbody	TakeItem	1	0	1	0	4	0	0
Ability	fullmetalbody	TakeItem	1	0	1	1	0	0	0
Ability	fullmetalbody	TakeItem	1	0	1	1	1	0	0
Ability	fullmetalbody	TakeItem	1	0	1	1	2	0	0
Ability	fullmetalbody	TakeItem	1	0	1	1	3	0	0
Ability	fullmetalbody	TakeItem	1	0	1	1	4	0	0
Ability	fullmetalbody	TakeItem	1	1	0	0	0	0	0
Ability	fullmetalbody	TakeItem	1	1	0	0	1	0	0
Ability	fullmetalbody	TakeItem	1	1	0	0	2	0	0
Ability	fullmetalbody	TakeItem	1	1	0	0	3	0	0
Ability	fullmetalbody	TakeItem	1	1	0	0	4	0	0
Ability	fullmetalbody	TakeItem	1	1	0	1	0	0	0
Ability	fullmetalbody	TakeItem	1	1	0	1	1	0	0
Ability	fullmetalbody	TakeItem	1	1	0	1	2	0	0
Ability	fullmetalbody	TakeItem	1	1	0	1	3	0	0
Ability	fullmetalbody	TakeItem	1	1	0	1	4	0	0
Ability	fullmetalbody	TakeItem	1	1	1	0	0	0	0
Ability	fullmetalbody	TakeItem	1	1	1	0	1	0	0
Ability	fullmetalbody	TakeItem	1	1	1	0	2	0	0
Ability	fullmetalbody	TakeItem	1	1	1	0	3	0	0
Ability	fullmetalbody	TakeItem	1	1	1	0	4	0	0
Ability	fullmetalbody	TakeItem	1	1	1	1	0	0	0
Ability	fullmetalbody	TakeItem	1	1	1	1	1	0	0
Ability	fullmetalbody	TakeItem	1	1	1	1	2	0	0
Ability	fullmetalbody	TakeItem	1	1	1	1	3	0	0
Ability	fullmetalbody	TakeItem	1	1	1	1	4	0	0
Ability	fullmetalbody	TakeItem	1	2	0	0	0	0	0
Ability	fullmetalbody	TakeItem	1	2	0	0	1	0	0
Ability	fullmetalbody	TakeItem	1	2	0	0	2	0	0
Ability	fullmetalbody	TakeItem	1	2	0	0	3	0	0
Ability	fullmetalbody	TakeItem	1	2	0	0	4	0	0
Ability	fullmetalbody	TakeItem	1	2	0	1	0	0	0
Ability	fullmetalbody	TakeItem	1	2	0	1	1	0	0
Ability	fullmetalbody	TakeItem	1	2	0	1	2	0	0
Ability	fullmetalbody	TakeItem	1	2	0	1	3	0	0
Ability	fullmetalbody	TakeItem	1	2	0	1	4	0	0
Ability	fullmetalbody	TakeItem	1	2	1	0	0	0	0
Ability	fullmetalbody	TakeItem	1	2	1	0	1	0	0
Ability	fullmetalbody	TakeItem	1	2	1	0	2	0	0
Ability	fullmetalbody	TakeItem	1	2	1	0	3	0	0
Ability	fullmetalbody	TakeItem	1	2	1	0	4	0	0
Ability	fullmetalbody	TakeItem	1	2	1	1	0	0	0
Ability	fullmetalbody	TakeItem	1	2	1	1	1	0	0
Ability	fullmetalbody	TakeItem	1	2	1	1	2	0	0
Ability	fullmetalbody	TakeItem	1	2	1	1	3	0	0
Ability	fullmetalbody	TakeItem	1	2	1	1	4	0	0
Ability	fullmetalbody	TakeItem	1	3	0	0	0	0	0
Ability	fullmetalbody	TakeItem	1	3	0	0	1	0	0
Ability	fullmetalbody	TakeItem	1	3	0	0	2	0	0
Ability	fullmetalbody	TakeItem	1	3	0	0	3	0	0
Ability	fullmetalbody	TakeItem	1	3	0	0	4	0	0
Ability	fullmetalbody	TakeItem	1	3	0	1	0	0	0
Ability	fullmetalbody	TakeItem	1	3	0	1	1	0	0
Ability	fullmetalbody	TakeItem	1	3	0	1	2	0	0
Ability	fullmetalbody	TakeItem	1	3	0	1	3	0	0
Ability	fullmetalbody	TakeItem	1	3	0	1	4	0	0
Ability	fullmetalbody	TakeItem	1	3	1	0	0	0	0
Ability	fullmetalbody	TakeItem	1	3	1	0	1	0	0
Ability	fullmetalbody	TakeItem	1	3	1	0	2	0	0
Ability	fullmetalbody	TakeItem	1	3	1	0	3	0	0
Ability	fullmetalbody	TakeItem	1	3	1	0	4	0	0
Ability	fullmetalbody	TakeItem	1	3	1	1	0	0	0
Ability	fullmetalbody	TakeItem	1	3	1	1	1	0	0
Ability	fullmetalbody	TakeItem	1	3	1	1	2	0	0
Ability	fullmetalbody	TakeItem	1	3	1	1	3	0	0
Ability	fullmetalbody	TakeItem	1	3	1	1	4	0	0
Ability	fullmetalbody	SetAbility	0	0	0	0	0	1	1
Ability	fullmetalbody	SetAbility	0	0	0	0	1	1	1
Ability	fullmetalbody	SetAbility	0	0	0	0	2	1	1
Ability	fullmetalbody	SetAbility	0	0	0	0	3	1	1
Ability	fullmetalbody	SetAbility	0	0	0	0	4	1	1
Ability	fullmetalbody	SetAbility	0	0	0	1	0	1	1
Ability	fullmetalbody	SetAbility	0	0	0	1	1	1	1
Ability	fullmetalbody	SetAbility	0	0	0	1	2	1	1
Ability	fullmetalbody	SetAbility	0	0	0	1	3	1	1
Ability	fullmetalbody	SetAbility	0	0	0	1	4	1	1
Ability	fullmetalbody	SetAbility	0	0	1	0	0	1	1
Ability	fullmetalbody	SetAbility	0	0	1	0	1	1	1
Ability	fullmetalbody	SetAbility	0	0	1	0	2	1	1
Ability	fullmetalbody	SetAbility	0	0	1	0	3	1	1
Ability	fullmetalbody	SetAbility	0	0	1	0	4	1	1
Ability	fullmetalbody	SetAbility	0	0	1	1	0	1	1
Ability	fullmetalbody	SetAbility	0	0	1	1	1	1	1
Ability	fullmetalbody	SetAbility	0	0	1	1	2	1	1
Ability	fullmetalbody	SetAbility	0	0	1	1	3	1	1
Ability	fullmetalbody	SetAbility	0	0	1	1	4	1	1
Ability	fullmetalbody	SetAbility	0	1	0	0	0	1	1
Ability	fullmetalbody	SetAbility	0	1	0	0	1	1	1
Ability	fullmetalbody	SetAbility	0	1	0	0	2	1	1
Ability	fullmetalbody	SetAbility	0	1	0	0	3	1	1
Ability	fullmetalbody	SetAbility	0	1	0	0	4	1	1
Ability	fullmetalbody	SetAbility	0	1	0	1	0	1	1
Ability	fullmetalbody	SetAbility	0	1	0	1	1	1	1
Ability	fullmetalbody	SetAbility	0	1	0	1	2	1	1
Ability	fullmetalbody	SetAbility	0	1	0	1	3	1	1
Ability	fullmetalbody	SetAbility	0	1	0	1	4	1	1
Ability	fullmetalbody	SetAbility	0	1	1	0	0	1	1
Ability	fullmetalbody	SetAbility	0	1	1	0	1	1	1
Ability	fullmetalbody	SetAbility	0	1	1	0	2	1	1
Ability	fullmetalbody	SetAbility	0	1	1	0	3	1	1
Ability	fullmetalbody	SetAbility	0	1	1	0	4	1	1
Ability	fullmetalbody	SetAbility	0	1	1	1	0	1	1
Ability	fullmetalbody	SetAbility	0	1	1	1	1	1	1
Ability	fullmetalbody	SetAbility	0	1	1	1	2	1	1
Ability	fullmetalbody	SetAbility	0	1	1	1	3	1	1
Ability	fullmetalbody	SetAbility	0	1	1	1	4	1	1
Ability	fullmetalbody	SetAbility	0	2	0	0	0	1	1
Ability	fullmetalbody	SetAbility	0	2	0	0	1	1	1
Ability	fullmetalbody	SetAbility	0	2	0	0	2	1	1
Ability	fullmetalbody	SetAbility	0	2	0	0	3	1	1
Ability	fullmetalbody	SetAbility	0	2	0	0	4	1	1
Ability	fullmetalbody	SetAbility	0	2	0	1	0	1	1
Ability	fullmetalbody	SetAbility	0	2	0	1	1	1	1
Ability	fullmetalbody	SetAbility	0	2	0	1	2	1	1
Ability	fullmetalbody	SetAbility	0	2	0	1	3	1	1
Ability	fullmetalbody	SetAbility	0	2	0	1	4	1	1
Ability	fullmetalbody	SetAbility	0	2	1	0	0	1	1
Ability	fullmetalbody	SetAbility	0	2	1	0	1	1	1
Ability	fullmetalbody	SetAbility	0	2	1	0	2	1	1
Ability	fullmetalbody	SetAbility	0	2	1	0	3	1	1
Ability	fullmetalbody	SetAbility	0	2	1	0	4	1	1
Ability	fullmetalbody	SetAbility	0	2	1	1	0	1	1
Ability	fullmetalbody	SetAbility	0	2	1	1	1	1	1
Ability	fullmetalbody	SetAbility	0	2	1	1	2	1	1
Ability	fullmetalbody	SetAbility	0	2	1	1	3	1	1
Ability	fullmetalbody	SetAbility	0	2	1	1	4	1	1
Ability	fullmetalbody	SetAbility	0	3	0	0	0	1	1
Ability	fullmetalbody	SetAbility	0	3	0	0	1	1	1
Ability	fullmetalbody	SetAbility	0	3	0	0	2	1	1
Ability	fullmetalbody	SetAbility	0	3	0	0	3	1	1
Ability	fullmetalbody	SetAbility	0	3	0	0	4	1	1
Ability	fullmetalbody	SetAbility	0	3	0	1	0	1	1
Ability	fullmetalbody	SetAbility	0	3	0	1	1	1	1
Ability	fullmetalbody	SetAbility	0	3	0	1	2	1	1
Ability	fullmetalbody	SetAbility	0	3	0	1	3	1	1
Ability	fullmetalbody	SetAbility	0	3	0	1	4	1	1
Ability	fullmetalbody	SetAbility	0	3	1	0	0	1	1
Ability	fullmetalbody	SetAbility	0	3	1	0	1	1	1
Ability	fullmetalbody	SetAbility	0	3	1	0	2	1	1
Ability	fullmetalbody	SetAbility	0	3	1	0	3	1	1
Ability	fullmetalbody	SetAbility	0	3	1	0	4	1	1
Ability	fullmetalbody	SetAbility	0	3	1	1	0	1	1
Ability	fullmetalbody	SetAbility	0	3	1	1	1	1	1
Ability	fullmetalbody	SetAbility	0	3	1	1	2	1	1
Ability	fullmetalbody	SetAbility	0	3	1	1	3	1	1
Ability	fullmetalbody	SetAbility	0	3	1	1	4	1	1
Ability	fullmetalbody	SetAbility	1	0	0	0	0	0	0
Ability	fullmetalbody	SetAbility	1	0	0	0	1	0	0
Ability	fullmetalbody	SetAbility	1	0	0	0	2	0	0
Ability	fullmetalbody	SetAbility	1	0	0	0	3	0	0
Ability	fullmetalbody	SetAbility	1	0	0	0	4	0	0
Ability	fullmetalbody	SetAbility	1	0	0	1	0	0	0
Ability	fullmetalbody	SetAbility	1	0	0	1	1	0	0
Ability	fullmetalbody	SetAbility	1	0	0	1	2	0	0
Ability	fullmetalbody	SetAbility	1	0	0	1	3	0	0
Ability	fullmetalbody	SetAbility	1	0	0	1	4	0	0
Ability	fullmetalbody	SetAbility	1	0	1	0	0	0	0
Ability	fullmetalbody	SetAbility	1	0	1	0	1	0	0
Ability	fullmetalbody	SetAbility	1	0	1	0	2	0	0
Ability	fullmetalbody	SetAbility	1	0	1	0	3	0	0
Ability	fullmetalbody	SetAbility	1	0	1	0	4	0	0
Ability	fullmetalbody	SetAbility	1	0	1	1	0	0	0
Ability	fullmetalbody	SetAbility	1	0	1	1	1	0	0
Ability	fullmetalbody	SetAbility	1	0	1	1	2	0	0
Ability	fullmetalbody	SetAbility	1	0	1	1	3	0	0
Ability	fullmetalbody	SetAbility	1	0	1	1	4	0	0
Ability	fullmetalbody	SetAbility	1	1	0	0	0	0	0
Ability	fullmetalbody	SetAbility	1	1	0	0	1	0	0
Ability	fullmetalbody	SetAbility	1	1	0	0	2	0	0
Ability	fullmetalbody	SetAbility	1	1	0	0	3	0	0
Ability	fullmetalbody	SetAbility	1	1	0	0	4	0	0
Ability	fullmetalbody	SetAbility	1	1	0	1	0	0	0
Ability	fullmetalbody	SetAbility	1	1	0	1	1	0	0
Ability	fullmetalbody	SetAbility	1	1	0	1	2	0	0
Ability	fullmetalbody	SetAbility	1	1	0	1	3	0	0
Ability	fullmetalbody	SetAbility	1	1	0	1	4	0	0
Ability	fullmetalbody	SetAbility	1	1	1	0	0	0	0
Ability	fullmetalbody	SetAbility	1	1	1	0	1	0	0
Ability	fullmetalbody	SetAbility	1	1	1	0	2	0	0
Ability	fullmetalbody	SetAbility	1	1	1	0	3	0	0
Ability	fullmetalbody	SetAbility	1	1	1	0	4	0	0
Ability	fullmetalbody	SetAbility	1	1	1	1	0	0	0
Ability	fullmetalbody	SetAbility	1	1	1	1	1	0	0
Ability	fullmetalbody	SetAbility	1	1	1	1	2	0	0
Ability	fullmetalbody	SetAbility	1	1	1	1	3	0	0
Ability	fullmetalbody	SetAbility	1	1	1	1	4	0	0
Ability	fullmetalbody	SetAbility	1	2	0	0	0	0	0
Ability	fullmetalbody	SetAbility	1	2	0	0	1	0	0
Ability	fullmetalbody	SetAbility	1	2	0	0	2	0	0
Ability	fullmetalbody	SetAbility	1	2	0	0	3	0	0
Ability	fullmetalbody	SetAbility	1	2	0	0	4	0	0
Ability	fullmetalbody	SetAbility	1	2	0	1	0	0	0
Ability	fullmetalbody	SetAbility	1	2	0	1	1	0	0
Ability	fullmetalbody	SetAbility	1	2	0	1	2	0	0
Ability	fullmetalbody	SetAbility	1	2	0	1	3	0	0
Ability	fullmetalbody	SetAbility	1	2	0	1	4	0	0
Ability	fullmetalbody	SetAbility	1	2	1	0	0	0	0
Ability	fullmetalbody	SetAbility	1	2	1	0	1	0	0
Ability	fullmetalbody	SetAbility	1	2	1	0	2	0	0
Ability	fullmetalbody	SetAbility	1	2	1	0	3	0	0
Ability	fullmetalbody	SetAbility	1	2	1	0	4	0	0
Ability	fullmetalbody	SetAbility	1	2	1	1	0	0	0
Ability	fullmetalbody	SetAbility	1	2	1	1	1	0	0
Ability	fullmetalbody	SetAbility	1	2	1	1	2	0	0
Ability	fullmetalbody	SetAbility	1	2	1	1	3	0	0
Ability	fullmetalbody	SetAbility	1	2	1	1	4	0	0
Ability	fullmetalbody	SetAbility	1	3	0	0	0	0	0
Ability	fullmetalbody	SetAbility	1	3	0	0	1	0	0
Ability	fullmetalbody	SetAbility	1	3	0	0	2	0	0
Ability	fullmetalbody	SetAbility	1	3	0	0	3	0	0
Ability	fullmetalbody	SetAbility	1	3	0	0	4	0	0
Ability	fullmetalbody	SetAbility	1	3	0	1	0	0	0
Ability	fullmetalbody	SetAbility	1	3	0	1	1	0	0
Ability	fullmetalbody	SetAbility	1	3	0	1	2	0	0
Ability	fullmetalbody	SetAbility	1	3	0	1	3	0	0
Ability	fullmetalbody	SetAbility	1	3	0	1	4	0	0
Ability	fullmetalbody	SetAbility	1	3	1	0	0	0	0
Ability	fullmetalbody	SetAbility	1	3	1	0	1	0	0
Ability	fullmetalbody	SetAbility	1	3	1	0	2	0	0
Ability	fullmetalbody	SetAbility	1	3	1	0	3	0	0
Ability	fullmetalbody	SetAbility	1	3	1	0	4	0	0
Ability	fullmetalbody	SetAbility	1	3	1	1	0	0	0
Ability	fullmetalbody	SetAbility	1	3	1	1	1	0	0
Ability	fullmetalbody	SetAbility	1	3	1	1	2	0	0
Ability	fullmetalbody	SetAbility	1	3	1	1	3	0	0
Ability	fullmetalbody	SetAbility	1	3	1	1	4	0	0
Ability	fullmetalbody	Update	0	0	0	0	0	1	1
Ability	fullmetalbody	Update	0	0	0	0	1	1	1
Ability	fullmetalbody	Update	0	0	0	0	2	1	1
Ability	fullmetalbody	Update	0	0	0	0	3	1	1
Ability	fullmetalbody	Update	0	0	0	0	4	1	1
Ability	fullmetalbody	Update	0	0	0	1	0	1	1
Ability	fullmetalbody	Update	0	0	0	1	1	1	1
Ability	fullmetalbody	Update	0	0	0	1	2	1	1
Ability	fullmetalbody	Update	0	0	0	1	3	1	1
Ability	fullmetalbody	Update	0	0	0	1	4	1	1
Ability	fullmetalbody	Update	0	0	1	0	0	1	1
Ability	fullmetalbody	Update	0	0	1	0	1	1	1
Ability	fullmetalbody	Update	0	0	1	0	2	1	1
Ability	fullmetalbody	Update	0	0	1	0	3	1	1
Ability	fullmetalbody	Update	0	0	1	0	4	1	1
Ability	fullmetalbody	Update	0	0	1	1	0	1	1
Ability	fullmetalbody	Update	0	0	1	1	1	1	1
Ability	fullmetalbody	Update	0	0	1	1	2	1	1
Ability	fullmetalbody	Update	0	0	1	1	3	1	1
Ability	fullmetalbody	Update	0	0	1	1	4	1	1
Ability	fullmetalbody	Update	0	1	0	0	0	1	1
Ability	fullmetalbody	Update	0	1	0	0	1	1	1
Ability	fullmetalbody	Update	0	1	0	0	2	1	1
Ability	fullmetalbody	Update	0	1	0	0	3	1	1
Ability	fullmetalbody	Update	0	1	0	0	4	1	1
Ability	fullmetalbody	Update	0	1	0	1	0	1	1
Ability	fullmetalbody	Update	0	1	0	1	1	1	1
Ability	fullmetalbody	Update	0	1	0	1	2	1	1
Ability	fullmetalbody	Update	0	1	0	1	3	1	1
Ability	fullmetalbody	Update	0	1	0	1	4	1	1
Ability	fullmetalbody	Update	0	1	1	0	0	1	1
Ability	fullmetalbody	Update	0	1	1	0	1	1	1
Ability	fullmetalbody	Update	0	1	1	0	2	1	1
Ability	fullmetalbody	Update	0	1	1	0	3	1	1
Ability	fullmetalbody	Update	0	1	1	0	4	1	1
Ability	fullmetalbody	Update	0	1	1	1	0	1	1
Ability	fullmetalbody	Update	0	1	1	1	1	1	1
Ability	fullmetalbody	Update	0	1	1	1	2	1	1
Ability	fullmetalbody	Update	0	1	1	1	3	1	1
Ability	fullmetalbody	Update	0	1	1	1	4	1	1
Ability	fullmetalbody	Update	0	2	0	0	0	1	1
Ability	fullmetalbody	Update	0	2	0	0	1	1	1
Ability	fullmetalbody	Update	0	2	0	0	2	1	1
Ability	fullmetalbody	Update	0	2	0	0	3	1	1
Ability	fullmetalbody	Update	0	2	0	0	4	1	1
Ability	fullmetalbody	Update	0	2	0	1	0	1	1
Ability	fullmetalbody	Update	0	2	0	1	1	1	1
Ability	fullmetalbody	Update	0	2	0	1	2	1	1
Ability	fullmetalbody	Update	0	2	0	1	3	1	1
Ability	fullmetalbody	Update	0	2	0	1	4	1	1
Ability	fullmetalbody	Update	0	2	1	0	0	1	1
Ability	fullmetalbody	Update	0	2	1	0	1	1	1
Ability	fullmetalbody	Update	0	2	1	0	2	1	1
Ability	fullmetalbody	Update	0	2	1	0	3	1	1
Ability	fullmetalbody	Update	0	2	1	0	4	1	1
Ability	fullmetalbody	Update	0	2	1	1	0	1	1
Ability	fullmetalbody	Update	0	2	1	1	1	1	1
Ability	fullmetalbody	Update	0	2	1	1	2	1	1
Ability	fullmetalbody	Update	0	2	1	1	3	1	1
Ability	fullmetalbody	Update	0	2	1	1	4	1	1
Ability	fullmetalbody	Update	0	3	0	0	0	1	1
Ability	fullmetalbody	Update	0	3	0	0	1	1	1
Ability	fullmetalbody	Update	0	3	0	0	2	1	1
Ability	fullmetalbody	Update	0	3	0	0	3	1	1
Ability	fullmetalbody	Update	0	3	0	0	4	1	1
Ability	fullmetalbody	Update	0	3	0	1	0	1	1
Ability	fullmetalbody	Update	0	3	0	1	1	1	1
Ability	fullmetalbody	Update	0	3	0	1	2	1	1
Ability	fullmetalbody	Update	0	3	0	1	3	1	1
Ability	fullmetalbody	Update	0	3	0	1	4	1	1
Ability	fullmetalbody	Update	0	3	1	0	0	1	1
Ability	fullmetalbody	Update	0	3	1	0	1	1	1
Ability	fullmetalbody	Update	0	3	1	0	2	1	1
Ability	fullmetalbody	Update	0	3	1	0	3	1	1
Ability	fullmetalbody	Update	0	3	1	0	4	1	1
Ability	fullmetalbody	Update	0	3	1	1	0	1	1
Ability	fullmetalbody	Update	0	3	1	1	1	1	1
Ability	fullmetalbody	Update	0	3	1	1	2	1	1
Ability	fullmetalbody	Update	0	3	1	1	3	1	1
Ability	fullmetalbody	Update	0	3	1	1	4	1	1
Ability	fullmetalbody	Update	1	0	0	0	0	0	0
Ability	fullmetalbody	Update	1	0	0	0	1	0	0
Ability	fullmetalbody	Update	1	0	0	0	2	0	0
Ability	fullmetalbody	Update	1	0	0	0	3	0	0
Ability	fullmetalbody	Update	1	0	0	0	4	0	0
Ability	fullmetalbody	Update	1	0	0	1	0	0	0
Ability	fullmetalbody	Update	1	0	0	1	1	0	0
Ability	fullmetalbody	Update	1	0	0	1	2	0	0
Ability	fullmetalbody	Update	1	0	0	1	3	0	0
Ability	fullmetalbody	Update	1	0	0	1	4	0	0
Ability	fullmetalbody	Update	1	0	1	0	0	0	0
Ability	fullmetalbody	Update	1	0	1	0	1	0	0
Ability	fullmetalbody	Update	1	0	1	0	2	0	0
Ability	fullmetalbody	Update	1	0	1	0	3	0	0
Ability	fullmetalbody	Update	1	0	1	0	4	0	0
Ability	fullmetalbody	Update	1	0	1	1	0	0	0
Ability	fullmetalbody	Update	1	0	1	1	1	0	0
Ability	fullmetalbody	Update	1	0	1	1	2	0	0
Ability	fullmetalbody	Update	1	0	1	1	3	0	0
Ability	fullmetalbody	Update	1	0	1	1	4	0	0
Ability	fullmetalbody	Update	1	1	0	0	0	0	0
Ability	fullmetalbody	Update	1	1	0	0	1	0	0
Ability	fullmetalbody	Update	1	1	0	0	2	0	0
Ability	fullmetalbody	Update	1	1	0	0	3	0	0
Ability	fullmetalbody	Update	1	1	0	0	4	0	0
Ability	fullmetalbody	Update	1	1	0	1	0	0	0
Ability	fullmetalbody	Update	1	1	0	1	1	0	0
Ability	fullmetalbody	Update	1	1	0	1	2	0	0
Ability	fullmetalbody	Update	1	1	0	1	3	0	0
Ability	fullmetalbody	Update	1	1	0	1	4	0	0
Ability	fullmetalbody	Update	1	1	1	0	0	0	0
Ability	fullmetalbody	Update	1	1	1	0	1	0	0
Ability	fullmetalbody	Update	1	1	1	0	2	0	0
Ability	fullmetalbody	Update	1	1	1	0	3	0	0
Ability	fullmetalbody	Update	1	1	1	0	4	0	0
Ability	fullmetalbody	Update	1	1	1	1	0	0	0
Ability	fullmetalbody	Update	1	1	1	1	1	0	0
Ability	fullmetalbody	Update	1	1	1	1	2	0	0
Ability	fullmetalbody	Update	1	1	1	1	3	0	0
Ability	fullmetalbody	Update	1	1	1	1	4	0	0
Ability	fullmetalbody	Update	1	2	0	0	0	0	0
Ability	fullmetalbody	Update	1	2	0	0	1	0	0
Ability	fullmetalbody	Update	1	2	0	0	2	0	0
Ability	fullmetalbody	Update	1	2	0	0	3	0	0
Ability	fullmetalbody	Update	1	2	0	0	4	0	0
Ability	fullmetalbody	Update	1	2	0	1	0	0	0
Ability	fullmetalbody	Update	1	2	0	1	1	0	0
Ability	fullmetalbody	Update	1	2	0	1	2	0	0
Ability	fullmetalbody	Update	1	2	0	1	3	0	0
Ability	fullmetalbody	Update	1	2	0	1	4	0	0
Ability	fullmetalbody	Update	1	2	1	0	0	0	0
Ability	fullmetalbody	Update	1	2	1	0	1	0	0
Ability	fullmetalbody	Update	1	2	1	0	2	0	0
Ability	fullmetalbody	Update	1	2	1	0	3	0	0
Ability	fullmetalbody	Update	1	2	1	0	4	0	0
Ability	fullmetalbody	Update	1	2	1	1	0	0	0
Ability	fullmetalbody	Update	1	2	1	1	1	0	0
Ability	fullmetalbody	Update	1	2	1	1	2	0	0
Ability	fullmetalbody	Update	1	2	1	1	3	0	0
Ability	fullmetalbody	Update	1	2	1	1	4	0	0
Ability	fullmetalbody	Update	1	3	0	0	0	0	0
Ability	fullmetalbody	Update	1	3	0	0	1	0	0
Ability	fullmetalbody	Update	1	3	0	0	2	0	0
Ability	fullmetalbody	Update	1	3	0	0	3	0	0
Ability	fullmetalbody	Update	1	3	0	0	4	0	0
Ability	fullmetalbody	Update	1	3	0	1	0	0	0
Ability	fullmetalbody	Update	1	3	0	1	1	0	0
Ability	fullmetalbody	Update	1	3	0	1	2	0	0
Ability	fullmetalbody	Update	1	3	0	1	3	0	0
Ability	fullmetalbody	Update	1	3	0	1	4	0	0
Ability	fullmetalbody	Update	1	3	1	0	0	0	0
Ability	fullmetalbody	Update	1	3	1	0	1	0	0
Ability	fullmetalbody	Update	1	3	1	0	2	0	0
Ability	fullmetalbody	Update	1	3	1	0	3	0	0
Ability	fullmetalbody	Update	1	3	1	0	4	0	0
Ability	fullmetalbody	Update	1	3	1	1	0	0	0
Ability	fullmetalbody	Update	1	3	1	1	1	0	0
Ability	fullmetalbody	Update	1	3	1	1	2	0	0
Ability	fullmetalbody	Update	1	3	1	1	3	0	0
Ability	fullmetalbody	Update	1	3	1	1	4	0	0
Ability	fullmetalbody	BasePower	0	0	0	0	0	1	1
Ability	fullmetalbody	BasePower	0	0	0	0	1	1	1
Ability	fullmetalbody	BasePower	0	0	0	0	2	1	1
Ability	fullmetalbody	BasePower	0	0	0	0	3	1	1
Ability	fullmetalbody	BasePower	0	0	0	0	4	1	1
Ability	fullmetalbody	BasePower	0	0	0	1	0	1	1
Ability	fullmetalbody	BasePower	0	0	0	1	1	1	1
Ability	fullmetalbody	BasePower	0	0	0	1	2	1	1
Ability	fullmetalbody	BasePower	0	0	0	1	3	1	1
Ability	fullmetalbody	BasePower	0	0	0	1	4	1	1
Ability	fullmetalbody	BasePower	0	0	1	0	0	1	1
Ability	fullmetalbody	BasePower	0	0	1	0	1	1	1
Ability	fullmetalbody	BasePower	0	0	1	0	2	1	1
Ability	fullmetalbody	BasePower	0	0	1	0	3	1	1
Ability	fullmetalbody	BasePower	0	0	1	0	4	1	1
Ability	fullmetalbody	BasePower	0	0	1	1	0	1	1
Ability	fullmetalbody	BasePower	0	0	1	1	1	1	1
Ability	fullmetalbody	BasePower	0	0	1	1	2	1	1
Ability	fullmetalbody	BasePower	0	0	1	1	3	1	1
Ability	fullmetalbody	BasePower	0	0	1	1	4	1	1
Ability	fullmetalbody	BasePower	0	1	0	0	0	1	1
Ability	fullmetalbody	BasePower	0	1	0	0	1	1	1
Ability	fullmetalbody	BasePower	0	1	0	0	2	1	1
Ability	fullmetalbody	BasePower	0	1	0	0	3	1	1
Ability	fullmetalbody	BasePower	0	1	0	0	4	1	1
Ability	fullmetalbody	BasePower	0	1	0	1	0	1	1
Ability	fullmetalbody	BasePower	0	1	0	1	1	1	1
Ability	fullmetalbody	BasePower	0	1	0	1	2	1	1
Ability	fullmetalbody	BasePower	0	1	0	1	3	1	1
Ability	fullmetalbody	BasePower	0	1	0	1	4	1	1
Ability	fullmetalbody	BasePower	0	1	1	0	0	1	1
Ability	fullmetalbody	BasePower	0	1	1	0	1	1	1
Ability	fullmetalbody	BasePower	0	1	1	0	2	1	1
Ability	fullmetalbody	BasePower	0	1	1	0	3	1	1
Ability	fullmetalbody	BasePower	0	1	1	0	4	1	1
Ability	fullmetalbody	BasePower	0	1	1	1	0	1	1
Ability	fullmetalbody	BasePower	0	1	1	1	1	1	1
Ability	fullmetalbody	BasePower	0	1	1	1	2	1	1
Ability	fullmetalbody	BasePower	0	1	1	1	3	1	1
Ability	fullmetalbody	BasePower	0	1	1	1	4	1	1
Ability	fullmetalbody	BasePower	0	2	0	0	0	1	1
Ability	fullmetalbody	BasePower	0	2	0	0	1	1	1
Ability	fullmetalbody	BasePower	0	2	0	0	2	1	1
Ability	fullmetalbody	BasePower	0	2	0	0	3	1	1
Ability	fullmetalbody	BasePower	0	2	0	0	4	1	1
Ability	fullmetalbody	BasePower	0	2	0	1	0	1	1
Ability	fullmetalbody	BasePower	0	2	0	1	1	1	1
Ability	fullmetalbody	BasePower	0	2	0	1	2	1	1
Ability	fullmetalbody	BasePower	0	2	0	1	3	1	1
Ability	fullmetalbody	BasePower	0	2	0	1	4	1	1
Ability	fullmetalbody	BasePower	0	2	1	0	0	1	1
Ability	fullmetalbody	BasePower	0	2	1	0	1	1	1
Ability	fullmetalbody	BasePower	0	2	1	0	2	1	1
Ability	fullmetalbody	BasePower	0	2	1	0	3	1	1
Ability	fullmetalbody	BasePower	0	2	1	0	4	1	1
Ability	fullmetalbody	BasePower	0	2	1	1	0	1	1
Ability	fullmetalbody	BasePower	0	2	1	1	1	1	1
Ability	fullmetalbody	BasePower	0	2	1	1	2	1	1
Ability	fullmetalbody	BasePower	0	2	1	1	3	1	1
Ability	fullmetalbody	BasePower	0	2	1	1	4	1	1
Ability	fullmetalbody	BasePower	0	3	0	0	0	1	1
Ability	fullmetalbody	BasePower	0	3	0	0	1	1	1
Ability	fullmetalbody	BasePower	0	3	0	0	2	1	1
Ability	fullmetalbody	BasePower	0	3	0	0	3	1	1
Ability	fullmetalbody	BasePower	0	3	0	0	4	1	1
Ability	fullmetalbody	BasePower	0	3	0	1	0	1	1
Ability	fullmetalbody	BasePower	0	3	0	1	1	1	1
Ability	fullmetalbody	BasePower	0	3	0	1	2	1	1
Ability	fullmetalbody	BasePower	0	3	0	1	3	1	1
Ability	fullmetalbody	BasePower	0	3	0	1	4	1	1
Ability	fullmetalbody	BasePower	0	3	1	0	0	1	1
Ability	fullmetalbody	BasePower	0	3	1	0	1	1	1
Ability	fullmetalbody	BasePower	0	3	1	0	2	1	1
Ability	fullmetalbody	BasePower	0	3	1	0	3	1	1
Ability	fullmetalbody	BasePower	0	3	1	0	4	1	1
Ability	fullmetalbody	BasePower	0	3	1	1	0	1	1
Ability	fullmetalbody	BasePower	0	3	1	1	1	1	1
Ability	fullmetalbody	BasePower	0	3	1	1	2	1	1
Ability	fullmetalbody	BasePower	0	3	1	1	3	1	1
Ability	fullmetalbody	BasePower	0	3	1	1	4	1	1
Ability	fullmetalbody	BasePower	1	0	0	0	0	0	0
Ability	fullmetalbody	BasePower	1	0	0	0	1	0	0
Ability	fullmetalbody	BasePower	1	0	0	0	2	0	0
Ability	fullmetalbody	BasePower	1	0	0	0	3	0	0
Ability	fullmetalbody	BasePower	1	0	0	0	4	0	0
Ability	fullmetalbody	BasePower	1	0	0	1	0	0	0
Ability	fullmetalbody	BasePower	1	0	0	1	1	0	0
Ability	fullmetalbody	BasePower	1	0	0	1	2	0	0
Ability	fullmetalbody	BasePower	1	0	0	1	3	0	0
Ability	fullmetalbody	BasePower	1	0	0	1	4	0	0
Ability	fullmetalbody	BasePower	1	0	1	0	0	0	0
Ability	fullmetalbody	BasePower	1	0	1	0	1	0	0
Ability	fullmetalbody	BasePower	1	0	1	0	2	0	0
Ability	fullmetalbody	BasePower	1	0	1	0	3	0	0
Ability	fullmetalbody	BasePower	1	0	1	0	4	0	0
Ability	fullmetalbody	BasePower	1	0	1	1	0	0	0
Ability	fullmetalbody	BasePower	1	0	1	1	1	0	0
Ability	fullmetalbody	BasePower	1	0	1	1	2	0	0
Ability	fullmetalbody	BasePower	1	0	1	1	3	0	0
Ability	fullmetalbody	BasePower	1	0	1	1	4	0	0
Ability	fullmetalbody	BasePower	1	1	0	0	0	0	0
Ability	fullmetalbody	BasePower	1	1	0	0	1	0	0
Ability	fullmetalbody	BasePower	1	1	0	0	2	0	0
Ability	fullmetalbody	BasePower	1	1	0	0	3	0	0
Ability	fullmetalbody	BasePower	1	1	0	0	4	0	0
Ability	fullmetalbody	BasePower	1	1	0	1	0	0	0
Ability	fullmetalbody	BasePower	1	1	0	1	1	0	0
Ability	fullmetalbody	BasePower	1	1	0	1	2	0	0
Ability	fullmetalbody	BasePower	1	1	0	1	3	0	0
Ability	fullmetalbody	BasePower	1	1	0	1	4	0	0
Ability	fullmetalbody	BasePower	1	1	1	0	0	0	0
Ability	fullmetalbody	BasePower	1	1	1	0	1	0	0
Ability	fullmetalbody	BasePower	1	1	1	0	2	0	0
Ability	fullmetalbody	BasePower	1	1	1	0	3	0	0
Ability	fullmetalbody	BasePower	1	1	1	0	4	0	0
Ability	fullmetalbody	BasePower	1	1	1	1	0	0	0
Ability	fullmetalbody	BasePower	1	1	1	1	1	0	0
Ability	fullmetalbody	BasePower	1	1	1	1	2	0	0
Ability	fullmetalbody	BasePower	1	1	1	1	3	0	0
Ability	fullmetalbody	BasePower	1	1	1	1	4	0	0
Ability	fullmetalbody	BasePower	1	2	0	0	0	0	0
Ability	fullmetalbody	BasePower	1	2	0	0	1	0	0
Ability	fullmetalbody	BasePower	1	2	0	0	2	0	0
Ability	fullmetalbody	BasePower	1	2	0	0	3	0	0
Ability	fullmetalbody	BasePower	1	2	0	0	4	0	0
Ability	fullmetalbody	BasePower	1	2	0	1	0	0	0
Ability	fullmetalbody	BasePower	1	2	0	1	1	0	0
Ability	fullmetalbody	BasePower	1	2	0	1	2	0	0
Ability	fullmetalbody	BasePower	1	2	0	1	3	0	0
Ability	fullmetalbody	BasePower	1	2	0	1	4	0	0
Ability	fullmetalbody	BasePower	1	2	1	0	0	0	0
Ability	fullmetalbody	BasePower	1	2	1	0	1	0	0
Ability	fullmetalbody	BasePower	1	2	1	0	2	0	0
Ability	fullmetalbody	BasePower	1	2	1	0	3	0	0
Ability	fullmetalbody	BasePower	1	2	1	0	4	0	0
Ability	fullmetalbody	BasePower	1	2	1	1	0	0	0
Ability	fullmetalbody	BasePower	1	2	1	1	1	0	0
Ability	fullmetalbody	BasePower	1	2	1	1	2	0	0
Ability	fullmetalbody	BasePower	1	2	1	1	3	0	0
Ability	fullmetalbody	BasePower	1	2	1	1	4	0	0
Ability	fullmetalbody	BasePower	1	3	0	0	0	0	0
Ability	fullmetalbody	BasePower	1	3	0	0	1	0	0
Ability	fullmetalbody	BasePower	1	3	0	0	2	0	0
Ability	fullmetalbody	BasePower	1	3	0	0	3	0	0
Ability	fullmetalbody	BasePower	1	3	0	0	4	0	0
Ability	fullmetalbody	BasePower	1	3	0	1	0	0	0
Ability	fullmetalbody	BasePower	1	3	0	1	1	0	0
Ability	fullmetalbody	BasePower	1	3	0	1	2	0	0
Ability	fullmetalbody	BasePower	1	3	0	1	3	0	0
Ability	fullmetalbody	BasePower	1	3	0	1	4	0	0
Ability	fullmetalbody	BasePower	1	3	1	0	0	0	0
Ability	fullmetalbody	BasePower	1	3	1	0	1	0	0
Ability	fullmetalbody	BasePower	1	3	1	0	2	0	0
Ability	fullmetalbody	BasePower	1	3	1	0	3	0	0
Ability	fullmetalbody	BasePower	1	3	1	0	4	0	0
Ability	fullmetalbody	BasePower	1	3	1	1	0	0	0
Ability	fullmetalbody	BasePower	1	3	1	1	1	0	0
Ability	fullmetalbody	BasePower	1	3	1	1	2	0	0
Ability	fullmetalbody	BasePower	1	3	1	1	3	0	0
Ability	fullmetalbody	BasePower	1	3	1	1	4	0	0
Ability	fullmetalbody	Weather	0	0	0	0	0	1	1
Ability	fullmetalbody	Weather	0	0	0	0	1	1	1
Ability	fullmetalbody	Weather	0	0	0	0	2	1	1
Ability	fullmetalbody	Weather	0	0	0	0	3	1	1
Ability	fullmetalbody	Weather	0	0	0	0	4	1	1
Ability	fullmetalbody	Weather	0	0	0	1	0	1	1
Ability	fullmetalbody	Weather	0	0	0	1	1	1	1
Ability	fullmetalbody	Weather	0	0	0	1	2	1	1
Ability	fullmetalbody	Weather	0	0	0	1	3	1	1
Ability	fullmetalbody	Weather	0	0	0	1	4	1	1
Ability	fullmetalbody	Weather	0	0	1	0	0	1	1
Ability	fullmetalbody	Weather	0	0	1	0	1	1	1
Ability	fullmetalbody	Weather	0	0	1	0	2	1	1
Ability	fullmetalbody	Weather	0	0	1	0	3	1	1
Ability	fullmetalbody	Weather	0	0	1	0	4	1	1
Ability	fullmetalbody	Weather	0	0	1	1	0	1	1
Ability	fullmetalbody	Weather	0	0	1	1	1	1	1
Ability	fullmetalbody	Weather	0	0	1	1	2	1	1
Ability	fullmetalbody	Weather	0	0	1	1	3	1	1
Ability	fullmetalbody	Weather	0	0	1	1	4	1	1
Ability	fullmetalbody	Weather	0	1	0	0	0	1	1
Ability	fullmetalbody	Weather	0	1	0	0	1	1	1
Ability	fullmetalbody	Weather	0	1	0	0	2	1	1
Ability	fullmetalbody	Weather	0	1	0	0	3	1	1
Ability	fullmetalbody	Weather	0	1	0	0	4	1	1
Ability	fullmetalbody	Weather	0	1	0	1	0	1	1
Ability	fullmetalbody	Weather	0	1	0	1	1	1	1
Ability	fullmetalbody	Weather	0	1	0	1	2	1	1
Ability	fullmetalbody	Weather	0	1	0	1	3	1	1
Ability	fullmetalbody	Weather	0	1	0	1	4	1	1
Ability	fullmetalbody	Weather	0	1	1	0	0	1	1
Ability	fullmetalbody	Weather	0	1	1	0	1	1	1
Ability	fullmetalbody	Weather	0	1	1	0	2	1	1
Ability	fullmetalbody	Weather	0	1	1	0	3	1	1
Ability	fullmetalbody	Weather	0	1	1	0	4	1	1
Ability	fullmetalbody	Weather	0	1	1	1	0	1	1
Ability	fullmetalbody	Weather	0	1	1	1	1	1	1
Ability	fullmetalbody	Weather	0	1	1	1	2	1	1
Ability	fullmetalbody	Weather	0	1	1	1	3	1	1
Ability	fullmetalbody	Weather	0	1	1	1	4	1	1
Ability	fullmetalbody	Weather	0	2	0	0	0	1	1
Ability	fullmetalbody	Weather	0	2	0	0	1	1	1
Ability	fullmetalbody	Weather	0	2	0	0	2	1	1
Ability	fullmetalbody	Weather	0	2	0	0	3	1	1
Ability	fullmetalbody	Weather	0	2	0	0	4	1	1
Ability	fullmetalbody	Weather	0	2	0	1	0	1	1
Ability	fullmetalbody	Weather	0	2	0	1	1	1	1
Ability	fullmetalbody	Weather	0	2	0	1	2	1	1
Ability	fullmetalbody	Weather	0	2	0	1	3	1	1
Ability	fullmetalbody	Weather	0	2	0	1	4	1	1
Ability	fullmetalbody	Weather	0	2	1	0	0	1	1
Ability	fullmetalbody	Weather	0	2	1	0	1	1	1
Ability	fullmetalbody	Weather	0	2	1	0	2	1	1
Ability	fullmetalbody	Weather	0	2	1	0	3	1	1
Ability	fullmetalbody	Weather	0	2	1	0	4	1	1
Ability	fullmetalbody	Weather	0	2	1	1	0	1	1
Ability	fullmetalbody	Weather	0	2	1	1	1	1	1
Ability	fullmetalbody	Weather	0	2	1	1	2	1	1
Ability	fullmetalbody	Weather	0	2	1	1	3	1	1
Ability	fullmetalbody	Weather	0	2	1	1	4	1	1
Ability	fullmetalbody	Weather	0	3	0	0	0	1	1
Ability	fullmetalbody	Weather	0	3	0	0	1	1	1
Ability	fullmetalbody	Weather	0	3	0	0	2	1	1
Ability	fullmetalbody	Weather	0	3	0	0	3	1	1
Ability	fullmetalbody	Weather	0	3	0	0	4	1	1
Ability	fullmetalbody	Weather	0	3	0	1	0	1	1
Ability	fullmetalbody	Weather	0	3	0	1	1	1	1
Ability	fullmetalbody	Weather	0	3	0	1	2	1	1
Ability	fullmetalbody	Weather	0	3	0	1	3	1	1
Ability	fullmetalbody	Weather	0	3	0	1	4	1	1
Ability	fullmetalbody	Weather	0	3	1	0	0	1	1
Ability	fullmetalbody	Weather	0	3	1	0	1	1	1
Ability	fullmetalbody	Weather	0	3	1	0	2	1	1
Ability	fullmetalbody	Weather	0	3	1	0	3	1	1
Ability	fullmetalbody	Weather	0	3	1	0	4	1	1
Ability	fullmetalbody	Weather	0	3	1	1	0	1	1
Ability	fullmetalbody	Weather	0	3	1	1	1	1	1
Ability	fullmetalbody	Weather	0	3	1	1	2	1	1
Ability	fullmetalbody	Weather	0	3	1	1	3	1	1
Ability	fullmetalbody	Weather	0	3	1	1	4	1	1
Ability	fullmetalbody	Weather	1	0	0	0	0	0	0
Ability	fullmetalbody	Weather	1	0	0	0	1	0	1
Ability	fullmetalbody	Weather	1	0	0	0	2	0	0
Ability	fullmetalbody	Weather	1	0	0	0	3	0	0
Ability	fullmetalbody	Weather	1	0	0	0	4	0	0
Ability	fullmetalbody	Weather	1	0	0	1	0	0	0
Ability	fullmetalbody	Weather	1	0	0	1	1	0	1
Ability	fullmetalbody	Weather	1	0	0	1	2	0	0
Ability	fullmetalbody	Weather	1	0	0	1	3	0	0
Ability	fullmetalbody	Weather	1	0	0	1	4	0	0
Ability	fullmetalbody	Weather	1	0	1	0	0	0	0
Ability	fullmetalbody	Weather	1	0	1	0	1	0	1
Ability	fullmetalbody	Weather	1	0	1	0	2	0	0
Ability	fullmetalbody	Weather	1	0	1	0	3	0	0
Ability	fullmetalbody	Weather	1	0	1	0	4	0	0
Ability	fullmetalbody	Weather	1	0	1	1	0	0	0
Ability	fullmetalbody	Weather	1	0	1	1	1	0	1
Ability	fullmetalbody	Weather	1	0	1	1	2	0	0
Ability	fullmetalbody	Weather	1	0	1	1	3	0	0
Ability	fullmetalbody	Weather	1	0	1	1	4	0	0
Ability	fullmetalbody	Weather	1	1	0	0	0	0	0
Ability	fullmetalbody	Weather	1	1	0	0	1	0	1
Ability	fullmetalbody	Weather	1	1	0	0	2	0	0
Ability	fullmetalbody	Weather	1	1	0	0	3	0	0
Ability	fullmetalbody	Weather	1	1	0	0	4	0	0
Ability	fullmetalbody	Weather	1	1	0	1	0	0	0
Ability	fullmetalbody	Weather	1	1	0	1	1	0	1
Ability	fullmetalbody	Weather	1	1	0	1	2	0	0
Ability	fullmetalbody	Weather	1	1	0	1	3	0	0
Ability	fullmetalbody	Weather	1	1	0	1	4	0	0
Ability	fullmetalbody	Weather	1	1	1	0	0	0	0
Ability	fullmetalbody	Weather	1	1	1	0	1	0	1
Ability	fullmetalbody	Weather	1	1	1	0	2	0	0
Ability	fullmetalbody	Weather	1	1	1	0	3	0	0
Ability	fullmetalbody	Weather	1	1	1	0	4	0	0
Ability	fullmetalbody	Weather	1	1	1	1	0	0	0
Ability	fullmetalbody	Weather	1	1	1	1	1	0	1
Ability	fullmetalbody	Weather	1	1	1	1	2	0	0
Ability	fullmetalbody	Weather	1	1	1	1	3	0	0
Ability	fullmetalbody	Weather	1	1	1	1	4	0	0
Ability	fullmetalbody	Weather	1	2	0	0	0	0	0
Ability	fullmetalbody	Weather	1	2	0	0	1	0	1
Ability	fullmetalbody	Weather	1	2	0	0	2	0	0
Ability	fullmetalbody	Weather	1	2	0	0	3	0	0
Ability	fullmetalbody	Weather	1	2	0	0	4	0	0
Ability	fullmetalbody	Weather	1	2	0	1	0	0	0
Ability	fullmetalbody	Weather	1	2	0	1	1	0	1
Ability	fullmetalbody	Weather	1	2	0	1	2	0	0
Ability	fullmetalbody	Weather	1	2	0	1	3	0	0
Ability	fullmetalbody	Weather	1	2	0	1	4	0	0
Ability	fullmetalbody	Weather	1	2	1	0	0	0	0
Ability	fullmetalbody	Weather	1	2	1	0	1	0	1
Ability	fullmetalbody	Weather	1	2	1	0	2	0	0
Ability	fullmetalbody	Weather	1	2	1	0	3	0	0
Ability	fullmetalbody	Weather	1	2	1	0	4	0	0
Ability	fullmetalbody	Weather	1	2	1	1	0	0	0
Ability	fullmetalbody	Weather	1	2	1	1	1	0	1
Ability	fullmetalbody	Weather	1	2	1	1	2	0	0
Ability	fullmetalbody	Weather	1	2	1	1	3	0	0
Ability	fullmetalbody	Weather	1	2	1	1	4	0	0
Ability	fullmetalbody	Weather	1	3	0	0	0	0	0
Ability	fullmetalbody	Weather	1	3	0	0	1	0	1
Ability	fullmetalbody	Weather	1	3	0	0	2	0	0
Ability	fullmetalbody	Weather	1	3	0	0	3	0	0
Ability	fullmetalbody	Weather	1	3	0	0	4	0	0
Ability	fullmetalbody	Weather	1	3	0	1	0	0	0
Ability	fullmetalbody	Weather	1	3	0	1	1	0	1
Ability	fullmetalbody	Weather	1	3	0	1	2	0	0
Ability	fullmetalbody	Weather	1	3	0	1	3	0	0
Ability	fullmetalbody	Weather	1	3	0	1	4	0	0
Ability	fullmetalbody	Weather	1	3	1	0	0	0	0
Ability	fullmetalbody	Weather	1	3	1	0	1	0	1
Ability	fullmetalbody	Weather	1	3	1	0	2	0	0
Ability	fullmetalbody	Weather	1	3	1	0	3	0	0
Ability	fullmetalbody	Weather	1	3	1	0	4	0	0
Ability	fullmetalbody	Weather	1	3	1	1	0	0	0
Ability	fullmetalbody	Weather	1	3	1	1	1	0	1
Ability	fullmetalbody	Weather	1	3	1	1	2	0	0
Ability	fullmetalbody	Weather	1	3	1	1	3	0	0
Ability	fullmetalbody	Weather	1	3	1	1	4	0	0
Ability	fullmetalbody	FieldStart	0	0	0	0	0	1	1
Ability	fullmetalbody	FieldStart	0	0	0	0	1	1	1
Ability	fullmetalbody	FieldStart	0	0	0	0	2	1	1
Ability	fullmetalbody	FieldStart	0	0	0	0	3	1	1
Ability	fullmetalbody	FieldStart	0	0	0	0	4	1	1
Ability	fullmetalbody	FieldStart	0	0	0	1	0	1	1
Ability	fullmetalbody	FieldStart	0	0	0	1	1	1	1
Ability	fullmetalbody	FieldStart	0	0	0	1	2	1	1
Ability	fullmetalbody	FieldStart	0	0	0	1	3	1	1
Ability	fullmetalbody	FieldStart	0	0	0	1	4	1	1
Ability	fullmetalbody	FieldStart	0	0	1	0	0	1	1
Ability	fullmetalbody	FieldStart	0	0	1	0	1	1	1
Ability	fullmetalbody	FieldStart	0	0	1	0	2	1	1
Ability	fullmetalbody	FieldStart	0	0	1	0	3	1	1
Ability	fullmetalbody	FieldStart	0	0	1	0	4	1	1
Ability	fullmetalbody	FieldStart	0	0	1	1	0	1	1
Ability	fullmetalbody	FieldStart	0	0	1	1	1	1	1
Ability	fullmetalbody	FieldStart	0	0	1	1	2	1	1
Ability	fullmetalbody	FieldStart	0	0	1	1	3	1	1
Ability	fullmetalbody	FieldStart	0	0	1	1	4	1	1
Ability	fullmetalbody	FieldStart	0	1	0	0	0	1	1
Ability	fullmetalbody	FieldStart	0	1	0	0	1	1	1
Ability	fullmetalbody	FieldStart	0	1	0	0	2	1	1
Ability	fullmetalbody	FieldStart	0	1	0	0	3	1	1
Ability	fullmetalbody	FieldStart	0	1	0	0	4	1	1
Ability	fullmetalbody	FieldStart	0	1	0	1	0	1	1
Ability	fullmetalbody	FieldStart	0	1	0	1	1	1	1
Ability	fullmetalbody	FieldStart	0	1	0	1	2	1	1
Ability	fullmetalbody	FieldStart	0	1	0	1	3	1	1
Ability	fullmetalbody	FieldStart	0	1	0	1	4	1	1
Ability	fullmetalbody	FieldStart	0	1	1	0	0	1	1
Ability	fullmetalbody	FieldStart	0	1	1	0	1	1	1
Ability	fullmetalbody	FieldStart	0	1	1	0	2	1	1
Ability	fullmetalbody	FieldStart	0	1	1	0	3	1	1
Ability	fullmetalbody	FieldStart	0	1	1	0	4	1	1
Ability	fullmetalbody	FieldStart	0	1	1	1	0	1	1
Ability	fullmetalbody	FieldStart	0	1	1	1	1	1	1
Ability	fullmetalbody	FieldStart	0	1	1	1	2	1	1
Ability	fullmetalbody	FieldStart	0	1	1	1	3	1	1
Ability	fullmetalbody	FieldStart	0	1	1	1	4	1	1
Ability	fullmetalbody	FieldStart	0	2	0	0	0	1	1
Ability	fullmetalbody	FieldStart	0	2	0	0	1	1	1
Ability	fullmetalbody	FieldStart	0	2	0	0	2	1	1
Ability	fullmetalbody	FieldStart	0	2	0	0	3	1	1
Ability	fullmetalbody	FieldStart	0	2	0	0	4	1	1
Ability	fullmetalbody	FieldStart	0	2	0	1	0	1	1
Ability	fullmetalbody	FieldStart	0	2	0	1	1	1	1
Ability	fullmetalbody	FieldStart	0	2	0	1	2	1	1
Ability	fullmetalbody	FieldStart	0	2	0	1	3	1	1
Ability	fullmetalbody	FieldStart	0	2	0	1	4	1	1
Ability	fullmetalbody	FieldStart	0	2	1	0	0	1	1
Ability	fullmetalbody	FieldStart	0	2	1	0	1	1	1
Ability	fullmetalbody	FieldStart	0	2	1	0	2	1	1
Ability	fullmetalbody	FieldStart	0	2	1	0	3	1	1
Ability	fullmetalbody	FieldStart	0	2	1	0	4	1	1
Ability	fullmetalbody	FieldStart	0	2	1	1	0	1	1
Ability	fullmetalbody	FieldStart	0	2	1	1	1	1	1
Ability	fullmetalbody	FieldStart	0	2	1	1	2	1	1
Ability	fullmetalbody	FieldStart	0	2	1	1	3	1	1
Ability	fullmetalbody	FieldStart	0	2	1	1	4	1	1
Ability	fullmetalbody	FieldStart	0	3	0	0	0	1	1
Ability	fullmetalbody	FieldStart	0	3	0	0	1	1	1
Ability	fullmetalbody	FieldStart	0	3	0	0	2	1	1
Ability	fullmetalbody	FieldStart	0	3	0	0	3	1	1
Ability	fullmetalbody	FieldStart	0	3	0	0	4	1	1
Ability	fullmetalbody	FieldStart	0	3	0	1	0	1	1
Ability	fullmetalbody	FieldStart	0	3	0	1	1	1	1
Ability	fullmetalbody	FieldStart	0	3	0	1	2	1	1
Ability	fullmetalbody	FieldStart	0	3	0	1	3	1	1
Ability	fullmetalbody	FieldStart	0	3	0	1	4	1	1
Ability	fullmetalbody	FieldStart	0	3	1	0	0	1	1
Ability	fullmetalbody	FieldStart	0	3	1	0	1	1	1
Ability	fullmetalbody	FieldStart	0	3	1	0	2	1	1
Ability	fullmetalbody	FieldStart	0	3	1	0	3	1	1
Ability	fullmetalbody	FieldStart	0	3	1	0	4	1	1
Ability	fullmetalbody	FieldStart	0	3	1	1	0	1	1
Ability	fullmetalbody	FieldStart	0	3	1	1	1	1	1
Ability	fullmetalbody	FieldStart	0	3	1	1	2	1	1
Ability	fullmetalbody	FieldStart	0	3	1	1	3	1	1
Ability	fullmetalbody	FieldStart	0	3	1	1	4	1	1
Ability	fullmetalbody	FieldStart	1	0	0	0	0	0	0
Ability	fullmetalbody	FieldStart	1	0	0	0	1	0	0
Ability	fullmetalbody	FieldStart	1	0	0	0	2	0	0
Ability	fullmetalbody	FieldStart	1	0	0	0	3	0	0
Ability	fullmetalbody	FieldStart	1	0	0	0	4	0	0
Ability	fullmetalbody	FieldStart	1	0	0	1	0	0	0
Ability	fullmetalbody	FieldStart	1	0	0	1	1	0	0
Ability	fullmetalbody	FieldStart	1	0	0	1	2	0	0
Ability	fullmetalbody	FieldStart	1	0	0	1	3	0	0
Ability	fullmetalbody	FieldStart	1	0	0	1	4	0	0
Ability	fullmetalbody	FieldStart	1	0	1	0	0	0	0
Ability	fullmetalbody	FieldStart	1	0	1	0	1	0	0
Ability	fullmetalbody	FieldStart	1	0	1	0	2	0	0
Ability	fullmetalbody	FieldStart	1	0	1	0	3	0	0
Ability	fullmetalbody	FieldStart	1	0	1	0	4	0	0
Ability	fullmetalbody	FieldStart	1	0	1	1	0	0	0
Ability	fullmetalbody	FieldStart	1	0	1	1	1	0	0
Ability	fullmetalbody	FieldStart	1	0	1	1	2	0	0
Ability	fullmetalbody	FieldStart	1	0	1	1	3	0	0
Ability	fullmetalbody	FieldStart	1	0	1	1	4	0	0
Ability	fullmetalbody	FieldStart	1	1	0	0	0	0	0
Ability	fullmetalbody	FieldStart	1	1	0	0	1	0	0
Ability	fullmetalbody	FieldStart	1	1	0	0	2	0	0
Ability	fullmetalbody	FieldStart	1	1	0	0	3	0	0
Ability	fullmetalbody	FieldStart	1	1	0	0	4	0	0
Ability	fullmetalbody	FieldStart	1	1	0	1	0	0	0
Ability	fullmetalbody	FieldStart	1	1	0	1	1	0	0
Ability	fullmetalbody	FieldStart	1	1	0	1	2	0	0
Ability	fullmetalbody	FieldStart	1	1	0	1	3	0	0
Ability	fullmetalbody	FieldStart	1	1	0	1	4	0	0
Ability	fullmetalbody	FieldStart	1	1	1	0	0	0	0
Ability	fullmetalbody	FieldStart	1	1	1	0	1	0	0
Ability	fullmetalbody	FieldStart	1	1	1	0	2	0	0
Ability	fullmetalbody	FieldStart	1	1	1	0	3	0	0
Ability	fullmetalbody	FieldStart	1	1	1	0	4	0	0
Ability	fullmetalbody	FieldStart	1	1	1	1	0	0	0
Ability	fullmetalbody	FieldStart	1	1	1	1	1	0	0
Ability	fullmetalbody	FieldStart	1	1	1	1	2	0	0
Ability	fullmetalbody	FieldStart	1	1	1	1	3	0	0
Ability	fullmetalbody	FieldStart	1	1	1	1	4	0	0
Ability	fullmetalbody	FieldStart	1	2	0	0	0	0	0
Ability	fullmetalbody	FieldStart	1	2	0	0	1	0	0
Ability	fullmetalbody	FieldStart	1	2	0	0	2	0	0
Ability	fullmetalbody	FieldStart	1	2	0	0	3	0	0
Ability	fullmetalbody	FieldStart	1	2	0	0	4	0	0
Ability	fullmetalbody	FieldStart	1	2	0	1	0	0	0
Ability	fullmetalbody	FieldStart	1	2	0	1	1	0	0
Ability	fullmetalbody	FieldStart	1	2	0	1	2	0	0
Ability	fullmetalbody	FieldStart	1	2	0	1	3	0	0
Ability	fullmetalbody	FieldStart	1	2	0	1	4	0	0
Ability	fullmetalbody	FieldStart	1	2	1	0	0	0	0
Ability	fullmetalbody	FieldStart	1	2	1	0	1	0	0
Ability	fullmetalbody	FieldStart	1	2	1	0	2	0	0
Ability	fullmetalbody	FieldStart	1	2	1	0	3	0	0
Ability	fullmetalbody	FieldStart	1	2	1	0	4	0	0
Ability	fullmetalbody	FieldStart	1	2	1	1	0	0	0
Ability	fullmetalbody	FieldStart	1	2	1	1	1	0	0
Ability	fullmetalbody	FieldStart	1	2	1	1	2	0	0
Ability	fullmetalbody	FieldStart	1	2	1	1	3	0	0
Ability	fullmetalbody	FieldStart	1	2	1	1	4	0	0
Ability	fullmetalbody	FieldStart	1	3	0	0	0	0	0
Ability	fullmetalbody	FieldStart	1	3	0	0	1	0	0
Ability	fullmetalbody	FieldStart	1	3	0	0	2	0	0
Ability	fullmetalbody	FieldStart	1	3	0	0	3	0	0
Ability	fullmetalbody	FieldStart	1	3	0	0	4	0	0
Ability	fullmetalbody	FieldStart	1	3	0	1	0	0	0
Ability	fullmetalbody	FieldStart	1	3	0	1	1	0	0
Ability	fullmetalbody	FieldStart	1	3	0	1	2	0	0
Ability	fullmetalbody	FieldStart	1	3	0	1	3	0	0
Ability	fullmetalbody	FieldStart	1	3	0	1	4	0	0
Ability	fullmetalbody	FieldStart	1	3	1	0	0	0	0
Ability	fullmetalbody	FieldStart	1	3	1	0	1	0	0
Ability	fullmetalbody	FieldStart	1	3	1	0	2	0	0
Ability	fullmetalbody	FieldStart	1	3	1	0	3	0	0
Ability	fullmetalbody	FieldStart	1	3	1	0	4	0	0
Ability	fullmetalbody	FieldStart	1	3	1	1	0	0	0
Ability	fullmetalbody	FieldStart	1	3	1	1	1	0	0
Ability	fullmetalbody	FieldStart	1	3	1	1	2	0	0
Ability	fullmetalbody	FieldStart	1	3	1	1	3	0	0
Ability	fullmetalbody	FieldStart	1	3	1	1	4	0	0
Ability	fullmetalbody	FieldResidual	0	0	0	0	0	1	1
Ability	fullmetalbody	FieldResidual	0	0	0	0	1	1	1
Ability	fullmetalbody	FieldResidual	0	0	0	0	2	1	1
Ability	fullmetalbody	FieldResidual	0	0	0	0	3	1	1
Ability	fullmetalbody	FieldResidual	0	0	0	0	4	1	1
Ability	fullmetalbody	FieldResidual	0	0	0	1	0	1	1
Ability	fullmetalbody	FieldResidual	0	0	0	1	1	1	1
Ability	fullmetalbody	FieldResidual	0	0	0	1	2	1	1
Ability	fullmetalbody	FieldResidual	0	0	0	1	3	1	1
Ability	fullmetalbody	FieldResidual	0	0	0	1	4	1	1
Ability	fullmetalbody	FieldResidual	0	0	1	0	0	1	1
Ability	fullmetalbody	FieldResidual	0	0	1	0	1	1	1
Ability	fullmetalbody	FieldResidual	0	0	1	0	2	1	1
Ability	fullmetalbody	FieldResidual	0	0	1	0	3	1	1
Ability	fullmetalbody	FieldResidual	0	0	1	0	4	1	1
Ability	fullmetalbody	FieldResidual	0	0	1	1	0	1	1
Ability	fullmetalbody	FieldResidual	0	0	1	1	1	1	1
Ability	fullmetalbody	FieldResidual	0	0	1	1	2	1	1
Ability	fullmetalbody	FieldResidual	0	0	1	1	3	1	1
Ability	fullmetalbody	FieldResidual	0	0	1	1	4	1	1
Ability	fullmetalbody	FieldResidual	0	1	0	0	0	1	1
Ability	fullmetalbody	FieldResidual	0	1	0	0	1	1	1
Ability	fullmetalbody	FieldResidual	0	1	0	0	2	1	1
Ability	fullmetalbody	FieldResidual	0	1	0	0	3	1	1
Ability	fullmetalbody	FieldResidual	0	1	0	0	4	1	1
Ability	fullmetalbody	FieldResidual	0	1	0	1	0	1	1
Ability	fullmetalbody	FieldResidual	0	1	0	1	1	1	1
Ability	fullmetalbody	FieldResidual	0	1	0	1	2	1	1
Ability	fullmetalbody	FieldResidual	0	1	0	1	3	1	1
Ability	fullmetalbody	FieldResidual	0	1	0	1	4	1	1
Ability	fullmetalbody	FieldResidual	0	1	1	0	0	1	1
Ability	fullmetalbody	FieldResidual	0	1	1	0	1	1	1
Ability	fullmetalbody	FieldResidual	0	1	1	0	2	1	1
Ability	fullmetalbody	FieldResidual	0	1	1	0	3	1	1
Ability	fullmetalbody	FieldResidual	0	1	1	0	4	1	1
Ability	fullmetalbody	FieldResidual	0	1	1	1	0	1	1
Ability	fullmetalbody	FieldResidual	0	1	1	1	1	1	1
Ability	fullmetalbody	FieldResidual	0	1	1	1	2	1	1
Ability	fullmetalbody	FieldResidual	0	1	1	1	3	1	1
Ability	fullmetalbody	FieldResidual	0	1	1	1	4	1	1
Ability	fullmetalbody	FieldResidual	0	2	0	0	0	1	1
Ability	fullmetalbody	FieldResidual	0	2	0	0	1	1	1
Ability	fullmetalbody	FieldResidual	0	2	0	0	2	1	1
Ability	fullmetalbody	FieldResidual	0	2	0	0	3	1	1
Ability	fullmetalbody	FieldResidual	0	2	0	0	4	1	1
Ability	fullmetalbody	FieldResidual	0	2	0	1	0	1	1
Ability	fullmetalbody	FieldResidual	0	2	0	1	1	1	1
Ability	fullmetalbody	FieldResidual	0	2	0	1	2	1	1
Ability	fullmetalbody	FieldResidual	0	2	0	1	3	1	1
Ability	fullmetalbody	FieldResidual	0	2	0	1	4	1	1
Ability	fullmetalbody	FieldResidual	0	2	1	0	0	1	1
Ability	fullmetalbody	FieldResidual	0	2	1	0	1	1	1
Ability	fullmetalbody	FieldResidual	0	2	1	0	2	1	1
Ability	fullmetalbody	FieldResidual	0	2	1	0	3	1	1
Ability	fullmetalbody	FieldResidual	0	2	1	0	4	1	1
Ability	fullmetalbody	FieldResidual	0	2	1	1	0	1	1
Ability	fullmetalbody	FieldResidual	0	2	1	1	1	1	1
Ability	fullmetalbody	FieldResidual	0	2	1	1	2	1	1
Ability	fullmetalbody	FieldResidual	0	2	1	1	3	1	1
Ability	fullmetalbody	FieldResidual	0	2	1	1	4	1	1
Ability	fullmetalbody	FieldResidual	0	3	0	0	0	1	1
Ability	fullmetalbody	FieldResidual	0	3	0	0	1	1	1
Ability	fullmetalbody	FieldResidual	0	3	0	0	2	1	1
Ability	fullmetalbody	FieldResidual	0	3	0	0	3	1	1
Ability	fullmetalbody	FieldResidual	0	3	0	0	4	1	1
Ability	fullmetalbody	FieldResidual	0	3	0	1	0	1	1
Ability	fullmetalbody	FieldResidual	0	3	0	1	1	1	1
Ability	fullmetalbody	FieldResidual	0	3	0	1	2	1	1
Ability	fullmetalbody	FieldResidual	0	3	0	1	3	1	1
Ability	fullmetalbody	FieldResidual	0	3	0	1	4	1	1
Ability	fullmetalbody	FieldResidual	0	3	1	0	0	1	1
Ability	fullmetalbody	FieldResidual	0	3	1	0	1	1	1
Ability	fullmetalbody	FieldResidual	0	3	1	0	2	1	1
Ability	fullmetalbody	FieldResidual	0	3	1	0	3	1	1
Ability	fullmetalbody	FieldResidual	0	3	1	0	4	1	1
Ability	fullmetalbody	FieldResidual	0	3	1	1	0	1	1
Ability	fullmetalbody	FieldResidual	0	3	1	1	1	1	1
Ability	fullmetalbody	FieldResidual	0	3	1	1	2	1	1
Ability	fullmetalbody	FieldResidual	0	3	1	1	3	1	1
Ability	fullmetalbody	FieldResidual	0	3	1	1	4	1	1
Ability	fullmetalbody	FieldResidual	1	0	0	0	0	0	0
Ability	fullmetalbody	FieldResidual	1	0	0	0	1	0	0
Ability	fullmetalbody	FieldResidual	1	0	0	0	2	0	0
Ability	fullmetalbody	FieldResidual	1	0	0	0	3	0	0
Ability	fullmetalbody	FieldResidual	1	0	0	0	4	0	0
Ability	fullmetalbody	FieldResidual	1	0	0	1	0	0	0
Ability	fullmetalbody	FieldResidual	1	0	0	1	1	0	0
Ability	fullmetalbody	FieldResidual	1	0	0	1	2	0	0
Ability	fullmetalbody	FieldResidual	1	0	0	1	3	0	0
Ability	fullmetalbody	FieldResidual	1	0	0	1	4	0	0
Ability	fullmetalbody	FieldResidual	1	0	1	0	0	0	0
Ability	fullmetalbody	FieldResidual	1	0	1	0	1	0	0
Ability	fullmetalbody	FieldResidual	1	0	1	0	2	0	0
Ability	fullmetalbody	FieldResidual	1	0	1	0	3	0	0
Ability	fullmetalbody	FieldResidual	1	0	1	0	4	0	0
Ability	fullmetalbody	FieldResidual	1	0	1	1	0	0	0
Ability	fullmetalbody	FieldResidual	1	0	1	1	1	0	0
Ability	fullmetalbody	FieldResidual	1	0	1	1	2	0	0
Ability	fullmetalbody	FieldResidual	1	0	1	1	3	0	0
Ability	fullmetalbody	FieldResidual	1	0	1	1	4	0	0
Ability	fullmetalbody	FieldResidual	1	1	0	0	0	0	0
Ability	fullmetalbody	FieldResidual	1	1	0	0	1	0	0
Ability	fullmetalbody	FieldResidual	1	1	0	0	2	0	0
Ability	fullmetalbody	FieldResidual	1	1	0	0	3	0	0
Ability	fullmetalbody	FieldResidual	1	1	0	0	4	0	0
Ability	fullmetalbody	FieldResidual	1	1	0	1	0	0	0
Ability	fullmetalbody	FieldResidual	1	1	0	1	1	0	0
Ability	fullmetalbody	FieldResidual	1	1	0	1	2	0	0
Ability	fullmetalbody	FieldResidual	1	1	0	1	3	0	0
Ability	fullmetalbody	FieldResidual	1	1	0	1	4	0	0
Ability	fullmetalbody	FieldResidual	1	1	1	0	0	0	0
Ability	fullmetalbody	FieldResidual	1	1	1	0	1	0	0
Ability	fullmetalbody	FieldResidual	1	1	1	0	2	0	0
Ability	fullmetalbody	FieldResidual	1	1	1	0	3	0	0
Ability	fullmetalbody	FieldResidual	1	1	1	0	4	0	0
Ability	fullmetalbody	FieldResidual	1	1	1	1	0	0	0
Ability	fullmetalbody	FieldResidual	1	1	1	1	1	0	0
Ability	fullmetalbody	FieldResidual	1	1	1	1	2	0	0
Ability	fullmetalbody	FieldResidual	1	1	1	1	3	0	0
Ability	fullmetalbody	FieldResidual	1	1	1	1	4	0	0
Ability	fullmetalbody	FieldResidual	1	2	0	0	0	0	0
Ability	fullmetalbody	FieldResidual	1	2	0	0	1	0	0
Ability	fullmetalbody	FieldResidual	1	2	0	0	2	0	0
Ability	fullmetalbody	FieldResidual	1	2	0	0	3	0	0
Ability	fullmetalbody	FieldResidual	1	2	0	0	4	0	0
Ability	fullmetalbody	FieldResidual	1	2	0	1	0	0	0
Ability	fullmetalbody	FieldResidual	1	2	0	1	1	0	0
Ability	fullmetalbody	FieldResidual	1	2	0	1	2	0	0
Ability	fullmetalbody	FieldResidual	1	2	0	1	3	0	0
Ability	fullmetalbody	FieldResidual	1	2	0	1	4	0	0
Ability	fullmetalbody	FieldResidual	1	2	1	0	0	0	0
Ability	fullmetalbody	FieldResidual	1	2	1	0	1	0	0
Ability	fullmetalbody	FieldResidual	1	2	1	0	2	0	0
Ability	fullmetalbody	FieldResidual	1	2	1	0	3	0	0
Ability	fullmetalbody	FieldResidual	1	2	1	0	4	0	0
Ability	fullmetalbody	FieldResidual	1	2	1	1	0	0	0
Ability	fullmetalbody	FieldResidual	1	2	1	1	1	0	0
Ability	fullmetalbody	FieldResidual	1	2	1	1	2	0	0
Ability	fullmetalbody	FieldResidual	1	2	1	1	3	0	0
Ability	fullmetalbody	FieldResidual	1	2	1	1	4	0	0
Ability	fullmetalbody	FieldResidual	1	3	0	0	0	0	0
Ability	fullmetalbody	FieldResidual	1	3	0	0	1	0	0
Ability	fullmetalbody	FieldResidual	1	3	0	0	2	0	0
Ability	fullmetalbody	FieldResidual	1	3	0	0	3	0	0
Ability	fullmetalbody	FieldResidual	1	3	0	0	4	0	0
Ability	fullmetalbody	FieldResidual	1	3	0	1	0	0	0
Ability	fullmetalbody	FieldResidual	1	3	0	1	1	0	0
Ability	fullmetalbody	FieldResidual	1	3	0	1	2	0	0
Ability	fullmetalbody	FieldResidual	1	3	0	1	3	0	0
Ability	fullmetalbody	FieldResidual	1	3	0	1	4	0	0
Ability	fullmetalbody	FieldResidual	1	3	1	0	0	0	0
Ability	fullmetalbody	FieldResidual	1	3	1	0	1	0	0
Ability	fullmetalbody	FieldResidual	1	3	1	0	2	0	0
Ability	fullmetalbody	FieldResidual	1	3	1	0	3	0	0
Ability	fullmetalbody	FieldResidual	1	3	1	0	4	0	0
Ability	fullmetalbody	FieldResidual	1	3	1	1	0	0	0
Ability	fullmetalbody	FieldResidual	1	3	1	1	1	0	0
Ability	fullmetalbody	FieldResidual	1	3	1	1	2	0	0
Ability	fullmetalbody	FieldResidual	1	3	1	1	3	0	0
Ability	fullmetalbody	FieldResidual	1	3	1	1	4	0	0
Ability	fullmetalbody	FieldEnd	0	0	0	0	0	1	1
Ability	fullmetalbody	FieldEnd	0	0	0	0	1	1	1
Ability	fullmetalbody	FieldEnd	0	0	0	0	2	1	1
Ability	fullmetalbody	FieldEnd	0	0	0	0	3	1	1
Ability	fullmetalbody	FieldEnd	0	0	0	0	4	1	1
Ability	fullmetalbody	FieldEnd	0	0	0	1	0	1	1
Ability	fullmetalbody	FieldEnd	0	0	0	1	1	1	1
Ability	fullmetalbody	FieldEnd	0	0	0	1	2	1	1
Ability	fullmetalbody	FieldEnd	0	0	0	1	3	1	1
Ability	fullmetalbody	FieldEnd	0	0	0	1	4	1	1
Ability	fullmetalbody	FieldEnd	0	0	1	0	0	1	1
Ability	fullmetalbody	FieldEnd	0	0	1	0	1	1	1
Ability	fullmetalbody	FieldEnd	0	0	1	0	2	1	1
Ability	fullmetalbody	FieldEnd	0	0	1	0	3	1	1
Ability	fullmetalbody	FieldEnd	0	0	1	0	4	1	1
Ability	fullmetalbody	FieldEnd	0	0	1	1	0	1	1
Ability	fullmetalbody	FieldEnd	0	0	1	1	1	1	1
Ability	fullmetalbody	FieldEnd	0	0	1	1	2	1	1
Ability	fullmetalbody	FieldEnd	0	0	1	1	3	1	1
Ability	fullmetalbody	FieldEnd	0	0	1	1	4	1	1
Ability	fullmetalbody	FieldEnd	0	1	0	0	0	1	1
Ability	fullmetalbody	FieldEnd	0	1	0	0	1	1	1
Ability	fullmetalbody	FieldEnd	0	1	0	0	2	1	1
Ability	fullmetalbody	FieldEnd	0	1	0	0	3	1	1
Ability	fullmetalbody	FieldEnd	0	1	0	0	4	1	1
Ability	fullmetalbody	FieldEnd	0	1	0	1	0	1	1
Ability	fullmetalbody	FieldEnd	0	1	0	1	1	1	1
Ability	fullmetalbody	FieldEnd	0	1	0	1	2	1	1
Ability	fullmetalbody	FieldEnd	0	1	0	1	3	1	1
Ability	fullmetalbody	FieldEnd	0	1	0	1	4	1	1
Ability	fullmetalbody	FieldEnd	0	1	1	0	0	1	1
Ability	fullmetalbody	FieldEnd	0	1	1	0	1	1	1
Ability	fullmetalbody	FieldEnd	0	1	1	0	2	1	1
Ability	fullmetalbody	FieldEnd	0	1	1	0	3	1	1
Ability	fullmetalbody	FieldEnd	0	1	1	0	4	1	1
Ability	fullmetalbody	FieldEnd	0	1	1	1	0	1	1
Ability	fullmetalbody	FieldEnd	0	1	1	1	1	1	1
Ability	fullmetalbody	FieldEnd	0	1	1	1	2	1	1
Ability	fullmetalbody	FieldEnd	0	1	1	1	3	1	1
Ability	fullmetalbody	FieldEnd	0	1	1	1	4	1	1
Ability	fullmetalbody	FieldEnd	0	2	0	0	0	1	1
Ability	fullmetalbody	FieldEnd	0	2	0	0	1	1	1
Ability	fullmetalbody	FieldEnd	0	2	0	0	2	1	1
Ability	fullmetalbody	FieldEnd	0	2	0	0	3	1	1
Ability	fullmetalbody	FieldEnd	0	2	0	0	4	1	1
Ability	fullmetalbody	FieldEnd	0	2	0	1	0	1	1
Ability	fullmetalbody	FieldEnd	0	2	0	1	1	1	1
Ability	fullmetalbody	FieldEnd	0	2	0	1	2	1	1
Ability	fullmetalbody	FieldEnd	0	2	0	1	3	1	1
Ability	fullmetalbody	FieldEnd	0	2	0	1	4	1	1
Ability	fullmetalbody	FieldEnd	0	2	1	0	0	1	1
Ability	fullmetalbody	FieldEnd	0	2	1	0	1	1	1
Ability	fullmetalbody	FieldEnd	0	2	1	0	2	1	1
Ability	fullmetalbody	FieldEnd	0	2	1	0	3	1	1
Ability	fullmetalbody	FieldEnd	0	2	1	0	4	1	1
Ability	fullmetalbody	FieldEnd	0	2	1	1	0	1	1
Ability	fullmetalbody	FieldEnd	0	2	1	1	1	1	1
Ability	fullmetalbody	FieldEnd	0	2	1	1	2	1	1
Ability	fullmetalbody	FieldEnd	0	2	1	1	3	1	1
Ability	fullmetalbody	FieldEnd	0	2	1	1	4	1	1
Ability	fullmetalbody	FieldEnd	0	3	0	0	0	1	1
Ability	fullmetalbody	FieldEnd	0	3	0	0	1	1	1
Ability	fullmetalbody	FieldEnd	0	3	0	0	2	1	1
Ability	fullmetalbody	FieldEnd	0	3	0	0	3	1	1
Ability	fullmetalbody	FieldEnd	0	3	0	0	4	1	1
Ability	fullmetalbody	FieldEnd	0	3	0	1	0	1	1
Ability	fullmetalbody	FieldEnd	0	3	0	1	1	1	1
Ability	fullmetalbody	FieldEnd	0	3	0	1	2	1	1
Ability	fullmetalbody	FieldEnd	0	3	0	1	3	1	1
Ability	fullmetalbody	FieldEnd	0	3	0	1	4	1	1
Ability	fullmetalbody	FieldEnd	0	3	1	0	0	1	1
Ability	fullmetalbody	FieldEnd	0	3	1	0	1	1	1
Ability	fullmetalbody	FieldEnd	0	3	1	0	2	1	1
Ability	fullmetalbody	FieldEnd	0	3	1	0	3	1	1
Ability	fullmetalbody	FieldEnd	0	3	1	0	4	1	1
Ability	fullmetalbody	FieldEnd	0	3	1	1	0	1	1
Ability	fullmetalbody	FieldEnd	0	3	1	1	1	1	1
Ability	fullmetalbody	FieldEnd	0	3	1	1	2	1	1
Ability	fullmetalbody	FieldEnd	0	3	1	1	3	1	1
Ability	fullmetalbody	FieldEnd	0	3	1	1	4	1	1
Ability	fullmetalbody	FieldEnd	1	0	0	0	0	0	0
Ability	fullmetalbody	FieldEnd	1	0	0	0	1	0	0
Ability	fullmetalbody	FieldEnd	1	0	0	0	2	0	0
Ability	fullmetalbody	FieldEnd	1	0	0	0	3	0	0
Ability	fullmetalbody	FieldEnd	1	0	0	0	4	0	0
Ability	fullmetalbody	FieldEnd	1	0	0	1	0	0	0
Ability	fullmetalbody	FieldEnd	1	0	0	1	1	0	0
Ability	fullmetalbody	FieldEnd	1	0	0	1	2	0	0
Ability	fullmetalbody	FieldEnd	1	0	0	1	3	0	0
Ability	fullmetalbody	FieldEnd	1	0	0	1	4	0	0
Ability	fullmetalbody	FieldEnd	1	0	1	0	0	0	0
Ability	fullmetalbody	FieldEnd	1	0	1	0	1	0	0
Ability	fullmetalbody	FieldEnd	1	0	1	0	2	0	0
Ability	fullmetalbody	FieldEnd	1	0	1	0	3	0	0
Ability	fullmetalbody	FieldEnd	1	0	1	0	4	0	0
Ability	fullmetalbody	FieldEnd	1	0	1	1	0	0	0
Ability	fullmetalbody	FieldEnd	1	0	1	1	1	0	0
Ability	fullmetalbody	FieldEnd	1	0	1	1	2	0	0
Ability	fullmetalbody	FieldEnd	1	0	1	1	3	0	0
Ability	fullmetalbody	FieldEnd	1	0	1	1	4	0	0
Ability	fullmetalbody	FieldEnd	1	1	0	0	0	0	0
Ability	fullmetalbody	FieldEnd	1	1	0	0	1	0	0
Ability	fullmetalbody	FieldEnd	1	1	0	0	2	0	0
Ability	fullmetalbody	FieldEnd	1	1	0	0	3	0	0
Ability	fullmetalbody	FieldEnd	1	1	0	0	4	0	0
Ability	fullmetalbody	FieldEnd	1	1	0	1	0	0	0
Ability	fullmetalbody	FieldEnd	1	1	0	1	1	0	0
Ability	fullmetalbody	FieldEnd	1	1	0	1	2	0	0
Ability	fullmetalbody	FieldEnd	1	1	0	1	3	0	0
Ability	fullmetalbody	FieldEnd	1	1	0	1	4	0	0
Ability	fullmetalbody	FieldEnd	1	1	1	0	0	0	0
Ability	fullmetalbody	FieldEnd	1	1	1	0	1	0	0
Ability	fullmetalbody	FieldEnd	1	1	1	0	2	0	0
Ability	fullmetalbody	FieldEnd	1	1	1	0	3	0	0
Ability	fullmetalbody	FieldEnd	1	1	1	0	4	0	0
Ability	fullmetalbody	FieldEnd	1	1	1	1	0	0	0
Ability	fullmetalbody	FieldEnd	1	1	1	1	1	0	0
Ability	fullmetalbody	FieldEnd	1	1	1	1	2	0	0
Ability	fullmetalbody	FieldEnd	1	1	1	1	3	0	0
Ability	fullmetalbody	FieldEnd	1	1	1	1	4	0	0
Ability	fullmetalbody	FieldEnd	1	2	0	0	0	0	0
Ability	fullmetalbody	FieldEnd	1	2	0	0	1	0	0
Ability	fullmetalbody	FieldEnd	1	2	0	0	2	0	0
Ability	fullmetalbody	FieldEnd	1	2	0	0	3	0	0
Ability	fullmetalbody	FieldEnd	1	2	0	0	4	0	0
Ability	fullmetalbody	FieldEnd	1	2	0	1	0	0	0
Ability	fullmetalbody	FieldEnd	1	2	0	1	1	0	0
Ability	fullmetalbody	FieldEnd	1	2	0	1	2	0	0
Ability	fullmetalbody	FieldEnd	1	2	0	1	3	0	0
Ability	fullmetalbody	FieldEnd	1	2	0	1	4	0	0
Ability	fullmetalbody	FieldEnd	1	2	1	0	0	0	0
Ability	fullmetalbody	FieldEnd	1	2	1	0	1	0	0
Ability	fullmetalbody	FieldEnd	1	2	1	0	2	0	0
Ability	fullmetalbody	FieldEnd	1	2	1	0	3	0	0
Ability	fullmetalbody	FieldEnd	1	2	1	0	4	0	0
Ability	fullmetalbody	FieldEnd	1	2	1	1	0	0	0
Ability	fullmetalbody	FieldEnd	1	2	1	1	1	0	0
Ability	fullmetalbody	FieldEnd	1	2	1	1	2	0	0
Ability	fullmetalbody	FieldEnd	1	2	1	1	3	0	0
Ability	fullmetalbody	FieldEnd	1	2	1	1	4	0	0
Ability	fullmetalbody	FieldEnd	1	3	0	0	0	0	0
Ability	fullmetalbody	FieldEnd	1	3	0	0	1	0	0
Ability	fullmetalbody	FieldEnd	1	3	0	0	2	0	0
Ability	fullmetalbody	FieldEnd	1	3	0	0	3	0	0
Ability	fullmetalbody	FieldEnd	1	3	0	0	4	0	0
Ability	fullmetalbody	FieldEnd	1	3	0	1	0	0	0
Ability	fullmetalbody	FieldEnd	1	3	0	1	1	0	0
Ability	fullmetalbody	FieldEnd	1	3	0	1	2	0	0
Ability	fullmetalbody	FieldEnd	1	3	0	1	3	0	0
Ability	fullmetalbody	FieldEnd	1	3	0	1	4	0	0
Ability	fullmetalbody	FieldEnd	1	3	1	0	0	0	0
Ability	fullmetalbody	FieldEnd	1	3	1	0	1	0	0
Ability	fullmetalbody	FieldEnd	1	3	1	0	2	0	0
Ability	fullmetalbody	FieldEnd	1	3	1	0	3	0	0
Ability	fullmetalbody	FieldEnd	1	3	1	0	4	0	0
Ability	fullmetalbody	FieldEnd	1	3	1	1	0	0	0
Ability	fullmetalbody	FieldEnd	1	3	1	1	1	0	0
Ability	fullmetalbody	FieldEnd	1	3	1	1	2	0	0
Ability	fullmetalbody	FieldEnd	1	3	1	1	3	0	0
Ability	fullmetalbody	FieldEnd	1	3	1	1	4	0	0
Ability	fullmetalbody	Residual	0	0	0	0	0	1	1
Ability	fullmetalbody	Residual	0	0	0	0	1	1	1
Ability	fullmetalbody	Residual	0	0	0	0	2	1	1
Ability	fullmetalbody	Residual	0	0	0	0	3	1	1
Ability	fullmetalbody	Residual	0	0	0	0	4	1	1
Ability	fullmetalbody	Residual	0	0	0	1	0	1	1
Ability	fullmetalbody	Residual	0	0	0	1	1	1	1
Ability	fullmetalbody	Residual	0	0	0	1	2	1	1
Ability	fullmetalbody	Residual	0	0	0	1	3	1	1
Ability	fullmetalbody	Residual	0	0	0	1	4	1	1
Ability	fullmetalbody	Residual	0	0	1	0	0	1	1
Ability	fullmetalbody	Residual	0	0	1	0	1	1	1
Ability	fullmetalbody	Residual	0	0	1	0	2	1	1
Ability	fullmetalbody	Residual	0	0	1	0	3	1	1
Ability	fullmetalbody	Residual	0	0	1	0	4	1	1
Ability	fullmetalbody	Residual	0	0	1	1	0	1	1
Ability	fullmetalbody	Residual	0	0	1	1	1	1	1
Ability	fullmetalbody	Residual	0	0	1	1	2	1	1
Ability	fullmetalbody	Residual	0	0	1	1	3	1	1
Ability	fullmetalbody	Residual	0	0	1	1	4	1	1
Ability	fullmetalbody	Residual	0	1	0	0	0	1	1
Ability	fullmetalbody	Residual	0	1	0	0	1	1	1
Ability	fullmetalbody	Residual	0	1	0	0	2	1	1
Ability	fullmetalbody	Residual	0	1	0	0	3	1	1
Ability	fullmetalbody	Residual	0	1	0	0	4	1	1
Ability	fullmetalbody	Residual	0	1	0	1	0	1	1
Ability	fullmetalbody	Residual	0	1	0	1	1	1	1
Ability	fullmetalbody	Residual	0	1	0	1	2	1	1
Ability	fullmetalbody	Residual	0	1	0	1	3	1	1
Ability	fullmetalbody	Residual	0	1	0	1	4	1	1
Ability	fullmetalbody	Residual	0	1	1	0	0	1	1
Ability	fullmetalbody	Residual	0	1	1	0	1	1	1
Ability	fullmetalbody	Residual	0	1	1	0	2	1	1
Ability	fullmetalbody	Residual	0	1	1	0	3	1	1
Ability	fullmetalbody	Residual	0	1	1	0	4	1	1
Ability	fullmetalbody	Residual	0	1	1	1	0	1	1
Ability	fullmetalbody	Residual	0	1	1	1	1	1	1
Ability	fullmetalbody	Residual	0	1	1	1	2	1	1
Ability	fullmetalbody	Residual	0	1	1	1	3	1	1
Ability	fullmetalbody	Residual	0	1	1	1	4	1	1
Ability	fullmetalbody	Residual	0	2	0	0	0	1	1
Ability	fullmetalbody	Residual	0	2	0	0	1	1	1
Ability	fullmetalbody	Residual	0	2	0	0	2	1	1
Ability	fullmetalbody	Residual	0	2	0	0	3	1	1
Ability	fullmetalbody	Residual	0	2	0	0	4	1	1
Ability	fullmetalbody	Residual	0	2	0	1	0	1	1
Ability	fullmetalbody	Residual	0	2	0	1	1	1	1
Ability	fullmetalbody	Residual	0	2	0	1	2	1	1
Ability	fullmetalbody	Residual	0	2	0	1	3	1	1
Ability	fullmetalbody	Residual	0	2	0	1	4	1	1
Ability	fullmetalbody	Residual	0	2	1	0	0	1	1
Ability	fullmetalbody	Residual	0	2	1	0	1	1	1
Ability	fullmetalbody	Residual	0	2	1	0	2	1	1
Ability	fullmetalbody	Residual	0	2	1	0	3	1	1
Ability	fullmetalbody	Residual	0	2	1	0	4	1	1
Ability	fullmetalbody	Residual	0	2	1	1	0	1	1
Ability	fullmetalbody	Residual	0	2	1	1	1	1	1
Ability	fullmetalbody	Residual	0	2	1	1	2	1	1
Ability	fullmetalbody	Residual	0	2	1	1	3	1	1
Ability	fullmetalbody	Residual	0	2	1	1	4	1	1
Ability	fullmetalbody	Residual	0	3	0	0	0	1	1
Ability	fullmetalbody	Residual	0	3	0	0	1	1	1
Ability	fullmetalbody	Residual	0	3	0	0	2	1	1
Ability	fullmetalbody	Residual	0	3	0	0	3	1	1
Ability	fullmetalbody	Residual	0	3	0	0	4	1	1
Ability	fullmetalbody	Residual	0	3	0	1	0	1	1
Ability	fullmetalbody	Residual	0	3	0	1	1	1	1
Ability	fullmetalbody	Residual	0	3	0	1	2	1	1
Ability	fullmetalbody	Residual	0	3	0	1	3	1	1
Ability	fullmetalbody	Residual	0	3	0	1	4	1	1
Ability	fullmetalbody	Residual	0	3	1	0	0	1	1
Ability	fullmetalbody	Residual	0	3	1	0	1	1	1
Ability	fullmetalbody	Residual	0	3	1	0	2	1	1
Ability	fullmetalbody	Residual	0	3	1	0	3	1	1
Ability	fullmetalbody	Residual	0	3	1	0	4	1	1
Ability	fullmetalbody	Residual	0	3	1	1	0	1	1
Ability	fullmetalbody	Residual	0	3	1	1	1	1	1
Ability	fullmetalbody	Residual	0	3	1	1	2	1	1
Ability	fullmetalbody	Residual	0	3	1	1	3	1	1
Ability	fullmetalbody	Residual	0	3	1	1	4	1	1
Ability	fullmetalbody	Residual	1	0	0	0	0	0	0
Ability	fullmetalbody	Residual	1	0	0	0	1	0	0
Ability	fullmetalbody	Residual	1	0	0	0	2	0	0
Ability	fullmetalbody	Residual	1	0	0	0	3	0	0
Ability	fullmetalbody	Residual	1	0	0	0	4	0	0
Ability	fullmetalbody	Residual	1	0	0	1	0	0	0
Ability	fullmetalbody	Residual	1	0	0	1	1	0	0
Ability	fullmetalbody	Residual	1	0	0	1	2	0	0
Ability	fullmetalbody	Residual	1	0	0	1	3	0	0
Ability	fullmetalbody	Residual	1	0	0	1	4	0	0
Ability	fullmetalbody	Residual	1	0	1	0	0	0	0
Ability	fullmetalbody	Residual	1	0	1	0	1	0	0
Ability	fullmetalbody	Residual	1	0	1	0	2	0	0
Ability	fullmetalbody	Residual	1	0	1	0	3	0	0
Ability	fullmetalbody	Residual	1	0	1	0	4	0	0
Ability	fullmetalbody	Residual	1	0	1	1	0	0	0
Ability	fullmetalbody	Residual	1	0	1	1	1	0	0
Ability	fullmetalbody	Residual	1	0	1	1	2	0	0
Ability	fullmetalbody	Residual	1	0	1	1	3	0	0
Ability	fullmetalbody	Residual	1	0	1	1	4	0	0
Ability	fullmetalbody	Residual	1	1	0	0	0	0	0
Ability	fullmetalbody	Residual	1	1	0	0	1	0	0
Ability	fullmetalbody	Residual	1	1	0	0	2	0	0
Ability	fullmetalbody	Residual	1	1	0	0	3	0	0
Ability	fullmetalbody	Residual	1	1	0	0	4	0	0
Ability	fullmetalbody	Residual	1	1	0	1	0	0	0
Ability	fullmetalbody	Residual	1	1	0	1	1	0	0
Ability	fullmetalbody	Residual	1	1	0	1	2	0	0
Ability	fullmetalbody	Residual	1	1	0	1	3	0	0
Ability	fullmetalbody	Residual	1	1	0	1	4	0	0
Ability	fullmetalbody	Residual	1	1	1	0	0	0	0
Ability	fullmetalbody	Residual	1	1	1	0	1	0	0
Ability	fullmetalbody	Residual	1	1	1	0	2	0	0
Ability	fullmetalbody	Residual	1	1	1	0	3	0	0
Ability	fullmetalbody	Residual	1	1	1	0	4	0	0
Ability	fullmetalbody	Residual	1	1	1	1	0	0	0
Ability	fullmetalbody	Residual	1	1	1	1	1	0	0
Ability	fullmetalbody	Residual	1	1	1	1	2	0	0
Ability	fullmetalbody	Residual	1	1	1	1	3	0	0
Ability	fullmetalbody	Residual	1	1	1	1	4	0	0
Ability	fullmetalbody	Residual	1	2	0	0	0	0	0
Ability	fullmetalbody	Residual	1	2	0	0	1	0	0
Ability	fullmetalbody	Residual	1	2	0	0	2	0	0
Ability	fullmetalbody	Residual	1	2	0	0	3	0	0
Ability	fullmetalbody	Residual	1	2	0	0	4	0	0
Ability	fullmetalbody	Residual	1	2	0	1	0	0	0
Ability	fullmetalbody	Residual	1	2	0	1	1	0	0
Ability	fullmetalbody	Residual	1	2	0	1	2	0	0
Ability	fullmetalbody	Residual	1	2	0	1	3	0	0
Ability	fullmetalbody	Residual	1	2	0	1	4	0	0
Ability	fullmetalbody	Residual	1	2	1	0	0	0	0
Ability	fullmetalbody	Residual	1	2	1	0	1	0	0
Ability	fullmetalbody	Residual	1	2	1	0	2	0	0
Ability	fullmetalbody	Residual	1	2	1	0	3	0	0
Ability	fullmetalbody	Residual	1	2	1	0	4	0	0
Ability	fullmetalbody	Residual	1	2	1	1	0	0	0
Ability	fullmetalbody	Residual	1	2	1	1	1	0	0
Ability	fullmetalbody	Residual	1	2	1	1	2	0	0
Ability	fullmetalbody	Residual	1	2	1	1	3	0	0
Ability	fullmetalbody	Residual	1	2	1	1	4	0	0
Ability	fullmetalbody	Residual	1	3	0	0	0	0	0
Ability	fullmetalbody	Residual	1	3	0	0	1	0	0
Ability	fullmetalbody	Residual	1	3	0	0	2	0	0
Ability	fullmetalbody	Residual	1	3	0	0	3	0	0
Ability	fullmetalbody	Residual	1	3	0	0	4	0	0
Ability	fullmetalbody	Residual	1	3	0	1	0	0	0
Ability	fullmetalbody	Residual	1	3	0	1	1	0	0
Ability	fullmetalbody	Residual	1	3	0	1	2	0	0
Ability	fullmetalbody	Residual	1	3	0	1	3	0	0
Ability	fullmetalbody	Residual	1	3	0	1	4	0	0
Ability	fullmetalbody	Residual	1	3	1	0	0	0	0
Ability	fullmetalbody	Residual	1	3	1	0	1	0	0
Ability	fullmetalbody	Residual	1	3	1	0	2	0	0
Ability	fullmetalbody	Residual	1	3	1	0	3	0	0
Ability	fullmetalbody	Residual	1	3	1	0	4	0	0
Ability	fullmetalbody	Residual	1	3	1	1	0	0	0
Ability	fullmetalbody	Residual	1	3	1	1	1	0	0
Ability	fullmetalbody	Residual	1	3	1	1	2	0	0
Ability	fullmetalbody	Residual	1	3	1	1	3	0	0
Ability	fullmetalbody	Residual	1	3	1	1	4	0	0
Ability	fullmetalbody	AfterSetStatus	0	0	0	0	0	1	1
Ability	fullmetalbody	AfterSetStatus	0	0	0	0	1	1	1
Ability	fullmetalbody	AfterSetStatus	0	0	0	0	2	1	1
Ability	fullmetalbody	AfterSetStatus	0	0	0	0	3	1	1
Ability	fullmetalbody	AfterSetStatus	0	0	0	0	4	1	1
Ability	fullmetalbody	AfterSetStatus	0	0	0	1	0	1	1
Ability	fullmetalbody	AfterSetStatus	0	0	0	1	1	1	1
Ability	fullmetalbody	AfterSetStatus	0	0	0	1	2	1	1
Ability	fullmetalbody	AfterSetStatus	0	0	0	1	3	1	1
Ability	fullmetalbody	AfterSetStatus	0	0	0	1	4	1	1
Ability	fullmetalbody	AfterSetStatus	0	0	1	0	0	1	1
Ability	fullmetalbody	AfterSetStatus	0	0	1	0	1	1	1
Ability	fullmetalbody	AfterSetStatus	0	0	1	0	2	1	1
Ability	fullmetalbody	AfterSetStatus	0	0	1	0	3	1	1
Ability	fullmetalbody	AfterSetStatus	0	0	1	0	4	1	1
Ability	fullmetalbody	AfterSetStatus	0	0	1	1	0	1	1
Ability	fullmetalbody	AfterSetStatus	0	0	1	1	1	1	1
Ability	fullmetalbody	AfterSetStatus	0	0	1	1	2	1	1
Ability	fullmetalbody	AfterSetStatus	0	0	1	1	3	1	1
Ability	fullmetalbody	AfterSetStatus	0	0	1	1	4	1	1
Ability	fullmetalbody	AfterSetStatus	0	1	0	0	0	1	1
Ability	fullmetalbody	AfterSetStatus	0	1	0	0	1	1	1
Ability	fullmetalbody	AfterSetStatus	0	1	0	0	2	1	1
Ability	fullmetalbody	AfterSetStatus	0	1	0	0	3	1	1
Ability	fullmetalbody	AfterSetStatus	0	1	0	0	4	1	1
Ability	fullmetalbody	AfterSetStatus	0	1	0	1	0	1	1
Ability	fullmetalbody	AfterSetStatus	0	1	0	1	1	1	1
Ability	fullmetalbody	AfterSetStatus	0	1	0	1	2	1	1
Ability	fullmetalbody	AfterSetStatus	0	1	0	1	3	1	1
Ability	fullmetalbody	AfterSetStatus	0	1	0	1	4	1	1
Ability	fullmetalbody	AfterSetStatus	0	1	1	0	0	1	1
Ability	fullmetalbody	AfterSetStatus	0	1	1	0	1	1	1
Ability	fullmetalbody	AfterSetStatus	0	1	1	0	2	1	1
Ability	fullmetalbody	AfterSetStatus	0	1	1	0	3	1	1
Ability	fullmetalbody	AfterSetStatus	0	1	1	0	4	1	1
Ability	fullmetalbody	AfterSetStatus	0	1	1	1	0	1	1
Ability	fullmetalbody	AfterSetStatus	0	1	1	1	1	1	1
Ability	fullmetalbody	AfterSetStatus	0	1	1	1	2	1	1
Ability	fullmetalbody	AfterSetStatus	0	1	1	1	3	1	1
Ability	fullmetalbody	AfterSetStatus	0	1	1	1	4	1	1
Ability	fullmetalbody	AfterSetStatus	0	2	0	0	0	1	1
Ability	fullmetalbody	AfterSetStatus	0	2	0	0	1	1	1
Ability	fullmetalbody	AfterSetStatus	0	2	0	0	2	1	1
Ability	fullmetalbody	AfterSetStatus	0	2	0	0	3	1	1
Ability	fullmetalbody	AfterSetStatus	0	2	0	0	4	1	1
Ability	fullmetalbody	AfterSetStatus	0	2	0	1	0	1	1
Ability	fullmetalbody	AfterSetStatus	0	2	0	1	1	1	1
Ability	fullmetalbody	AfterSetStatus	0	2	0	1	2	1	1
Ability	fullmetalbody	AfterSetStatus	0	2	0	1	3	1	1
Ability	fullmetalbody	AfterSetStatus	0	2	0	1	4	1	1
Ability	fullmetalbody	AfterSetStatus	0	2	1	0	0	1	1
Ability	fullmetalbody	AfterSetStatus	0	2	1	0	1	1	1
Ability	fullmetalbody	AfterSetStatus	0	2	1	0	2	1	1
Ability	fullmetalbody	AfterSetStatus	0	2	1	0	3	1	1
Ability	fullmetalbody	AfterSetStatus	0	2	1	0	4	1	1
Ability	fullmetalbody	AfterSetStatus	0	2	1	1	0	1	1
Ability	fullmetalbody	AfterSetStatus	0	2	1	1	1	1	1
Ability	fullmetalbody	AfterSetStatus	0	2	1	1	2	1	1
Ability	fullmetalbody	AfterSetStatus	0	2	1	1	3	1	1
Ability	fullmetalbody	AfterSetStatus	0	2	1	1	4	1	1
Ability	fullmetalbody	AfterSetStatus	0	3	0	0	0	1	1
Ability	fullmetalbody	AfterSetStatus	0	3	0	0	1	1	1
Ability	fullmetalbody	AfterSetStatus	0	3	0	0	2	1	1
Ability	fullmetalbody	AfterSetStatus	0	3	0	0	3	1	1
Ability	fullmetalbody	AfterSetStatus	0	3	0	0	4	1	1
Ability	fullmetalbody	AfterSetStatus	0	3	0	1	0	1	1
Ability	fullmetalbody	AfterSetStatus	0	3	0	1	1	1	1
Ability	fullmetalbody	AfterSetStatus	0	3	0	1	2	1	1
Ability	fullmetalbody	AfterSetStatus	0	3	0	1	3	1	1
Ability	fullmetalbody	AfterSetStatus	0	3	0	1	4	1	1
Ability	fullmetalbody	AfterSetStatus	0	3	1	0	0	1	1
Ability	fullmetalbody	AfterSetStatus	0	3	1	0	1	1	1
Ability	fullmetalbody	AfterSetStatus	0	3	1	0	2	1	1
Ability	fullmetalbody	AfterSetStatus	0	3	1	0	3	1	1
Ability	fullmetalbody	AfterSetStatus	0	3	1	0	4	1	1
Ability	fullmetalbody	AfterSetStatus	0	3	1	1	0	1	1
Ability	fullmetalbody	AfterSetStatus	0	3	1	1	1	1	1
Ability	fullmetalbody	AfterSetStatus	0	3	1	1	2	1	1
Ability	fullmetalbody	AfterSetStatus	0	3	1	1	3	1	1
Ability	fullmetalbody	AfterSetStatus	0	3	1	1	4	1	1
Ability	fullmetalbody	AfterSetStatus	1	0	0	0	0	0	0
Ability	fullmetalbody	AfterSetStatus	1	0	0	0	1	0	0
Ability	fullmetalbody	AfterSetStatus	1	0	0	0	2	0	0
Ability	fullmetalbody	AfterSetStatus	1	0	0	0	3	0	0
Ability	fullmetalbody	AfterSetStatus	1	0	0	0	4	0	0
Ability	fullmetalbody	AfterSetStatus	1	0	0	1	0	0	0
Ability	fullmetalbody	AfterSetStatus	1	0	0	1	1	0	0
Ability	fullmetalbody	AfterSetStatus	1	0	0	1	2	0	0
Ability	fullmetalbody	AfterSetStatus	1	0	0	1	3	0	0
Ability	fullmetalbody	AfterSetStatus	1	0	0	1	4	0	0
Ability	fullmetalbody	AfterSetStatus	1	0	1	0	0	0	0
Ability	fullmetalbody	AfterSetStatus	1	0	1	0	1	0	0
Ability	fullmetalbody	AfterSetStatus	1	0	1	0	2	0	0
Ability	fullmetalbody	AfterSetStatus	1	0	1	0	3	0	0
Ability	fullmetalbody	AfterSetStatus	1	0	1	0	4	0	0
Ability	fullmetalbody	AfterSetStatus	1	0	1	1	0	0	0
Ability	fullmetalbody	AfterSetStatus	1	0	1	1	1	0	0
Ability	fullmetalbody	AfterSetStatus	1	0	1	1	2	0	0
Ability	fullmetalbody	AfterSetStatus	1	0	1	1	3	0	0
Ability	fullmetalbody	AfterSetStatus	1	0	1	1	4	0	0
Ability	fullmetalbody	AfterSetStatus	1	1	0	0	0	0	0
Ability	fullmetalbody	AfterSetStatus	1	1	0	0	1	0	0
Ability	fullmetalbody	AfterSetStatus	1	1	0	0	2	0	0
Ability	fullmetalbody	AfterSetStatus	1	1	0	0	3	0	0
Ability	fullmetalbody	AfterSetStatus	1	1	0	0	4	0	0
Ability	fullmetalbody	AfterSetStatus	1	1	0	1	0	0	0
Ability	fullmetalbody	AfterSetStatus	1	1	0	1	1	0	0
Ability	fullmetalbody	AfterSetStatus	1	1	0	1	2	0	0
Ability	fullmetalbody	AfterSetStatus	1	1	0	1	3	0	0
Ability	fullmetalbody	AfterSetStatus	1	1	0	1	4	0	0
Ability	fullmetalbody	AfterSetStatus	1	1	1	0	0	0	0
Ability	fullmetalbody	AfterSetStatus	1	1	1	0	1	0	0
Ability	fullmetalbody	AfterSetStatus	1	1	1	0	2	0	0
Ability	fullmetalbody	AfterSetStatus	1	1	1	0	3	0	0
Ability	fullmetalbody	AfterSetStatus	1	1	1	0	4	0	0
Ability	fullmetalbody	AfterSetStatus	1	1	1	1	0	0	0
Ability	fullmetalbody	AfterSetStatus	1	1	1	1	1	0	0
Ability	fullmetalbody	AfterSetStatus	1	1	1	1	2	0	0
Ability	fullmetalbody	AfterSetStatus	1	1	1	1	3	0	0
Ability	fullmetalbody	AfterSetStatus	1	1	1	1	4	0	0
Ability	fullmetalbody	AfterSetStatus	1	2	0	0	0	0	0
Ability	fullmetalbody	AfterSetStatus	1	2	0	0	1	0	0
Ability	fullmetalbody	AfterSetStatus	1	2	0	0	2	0	0
Ability	fullmetalbody	AfterSetStatus	1	2	0	0	3	0	0
Ability	fullmetalbody	AfterSetStatus	1	2	0	0	4	0	0
Ability	fullmetalbody	AfterSetStatus	1	2	0	1	0	0	0
Ability	fullmetalbody	AfterSetStatus	1	2	0	1	1	0	0
Ability	fullmetalbody	AfterSetStatus	1	2	0	1	2	0	0
Ability	fullmetalbody	AfterSetStatus	1	2	0	1	3	0	0
Ability	fullmetalbody	AfterSetStatus	1	2	0	1	4	0	0
Ability	fullmetalbody	AfterSetStatus	1	2	1	0	0	0	0
Ability	fullmetalbody	AfterSetStatus	1	2	1	0	1	0	0
Ability	fullmetalbody	AfterSetStatus	1	2	1	0	2	0	0
Ability	fullmetalbody	AfterSetStatus	1	2	1	0	3	0	0
Ability	fullmetalbody	AfterSetStatus	1	2	1	0	4	0	0
Ability	fullmetalbody	AfterSetStatus	1	2	1	1	0	0	0
Ability	fullmetalbody	AfterSetStatus	1	2	1	1	1	0	0
Ability	fullmetalbody	AfterSetStatus	1	2	1	1	2	0	0
Ability	fullmetalbody	AfterSetStatus	1	2	1	1	3	0	0
Ability	fullmetalbody	AfterSetStatus	1	2	1	1	4	0	0
Ability	fullmetalbody	AfterSetStatus	1	3	0	0	0	0	0
Ability	fullmetalbody	AfterSetStatus	1	3	0	0	1	0	0
Ability	fullmetalbody	AfterSetStatus	1	3	0	0	2	0	0
Ability	fullmetalbody	AfterSetStatus	1	3	0	0	3	0	0
Ability	fullmetalbody	AfterSetStatus	1	3	0	0	4	0	0
Ability	fullmetalbody	AfterSetStatus	1	3	0	1	0	0	0
Ability	fullmetalbody	AfterSetStatus	1	3	0	1	1	0	0
Ability	fullmetalbody	AfterSetStatus	1	3	0	1	2	0	0
Ability	fullmetalbody	AfterSetStatus	1	3	0	1	3	0	0
Ability	fullmetalbody	AfterSetStatus	1	3	0	1	4	0	0
Ability	fullmetalbody	AfterSetStatus	1	3	1	0	0	0	0
Ability	fullmetalbody	AfterSetStatus	1	3	1	0	1	0	0
Ability	fullmetalbody	AfterSetStatus	1	3	1	0	2	0	0
Ability	fullmetalbody	AfterSetStatus	1	3	1	0	3	0	0
Ability	fullmetalbody	AfterSetStatus	1	3	1	0	4	0	0
Ability	fullmetalbody	AfterSetStatus	1	3	1	1	0	0	0
Ability	fullmetalbody	AfterSetStatus	1	3	1	1	1	0	0
Ability	fullmetalbody	AfterSetStatus	1	3	1	1	2	0	0
Ability	fullmetalbody	AfterSetStatus	1	3	1	1	3	0	0
Ability	fullmetalbody	AfterSetStatus	1	3	1	1	4	0	0
Item	lifeorb	Start	0	0	0	0	0	0	0
Item	lifeorb	Start	0	0	0	0	1	0	0
Item	lifeorb	Start	0	0	0	0	2	0	0
Item	lifeorb	Start	0	0	0	0	3	0	0
Item	lifeorb	Start	0	0	0	0	4	0	0
Item	lifeorb	Start	0	0	0	1	0	0	0
Item	lifeorb	Start	0	0	0	1	1	0	0
Item	lifeorb	Start	0	0	0	1	2	0	0
Item	lifeorb	Start	0	0	0	1	3	0	0
Item	lifeorb	Start	0	0	0	1	4	0	0
Item	lifeorb	Start	0	0	1	0	0	0	0
Item	lifeorb	Start	0	0	1	0	1	0	0
Item	lifeorb	Start	0	0	1	0	2	0	0
Item	lifeorb	Start	0	0	1	0	3	0	0
Item	lifeorb	Start	0	0	1	0	4	0	0
Item	lifeorb	Start	0	0	1	1	0	0	0
Item	lifeorb	Start	0	0	1	1	1	0	0
Item	lifeorb	Start	0	0	1	1	2	0	0
Item	lifeorb	Start	0	0	1	1	3	0	0
Item	lifeorb	Start	0	0	1	1	4	0	0
Item	lifeorb	Start	0	1	0	0	0	0	0
Item	lifeorb	Start	0	1	0	0	1	0	0
Item	lifeorb	Start	0	1	0	0	2	0	0
Item	lifeorb	Start	0	1	0	0	3	0	0
Item	lifeorb	Start	0	1	0	0	4	0	0
Item	lifeorb	Start	0	1	0	1	0	0	0
Item	lifeorb	Start	0	1	0	1	1	0	0
Item	lifeorb	Start	0	1	0	1	2	0	0
Item	lifeorb	Start	0	1	0	1	3	0	0
Item	lifeorb	Start	0	1	0	1	4	0	0
Item	lifeorb	Start	0	1	1	0	0	0	0
Item	lifeorb	Start	0	1	1	0	1	0	0
Item	lifeorb	Start	0	1	1	0	2	0	0
Item	lifeorb	Start	0	1	1	0	3	0	0
Item	lifeorb	Start	0	1	1	0	4	0	0
Item	lifeorb	Start	0	1	1	1	0	0	0
Item	lifeorb	Start	0	1	1	1	1	0	0
Item	lifeorb	Start	0	1	1	1	2	0	0
Item	lifeorb	Start	0	1	1	1	3	0	0
Item	lifeorb	Start	0	1	1	1	4	0	0
Item	lifeorb	Start	0	2	0	0	0	0	0
Item	lifeorb	Start	0	2	0	0	1	0	0
Item	lifeorb	Start	0	2	0	0	2	0	0
Item	lifeorb	Start	0	2	0	0	3	0	0
Item	lifeorb	Start	0	2	0	0	4	0	0
Item	lifeorb	Start	0	2	0	1	0	0	0
Item	lifeorb	Start	0	2	0	1	1	0	0
Item	lifeorb	Start	0	2	0	1	2	0	0
Item	lifeorb	Start	0	2	0	1	3	0	0
Item	lifeorb	Start	0	2	0	1	4	0	0
Item	lifeorb	Start	0	2	1	0	0	0	0
Item	lifeorb	Start	0	2	1	0	1	0	0
Item	lifeorb	Start	0	2	1	0	2	0	0
Item	lifeorb	Start	0	2	1	0	3	0	0
Item	lifeorb	Start	0	2	1	0	4	0	0
Item	lifeorb	Start	0	2	1	1	0	0	0
Item	lifeorb	Start	0	2	1	1	1	0	0
Item	lifeorb	Start	0	2	1	1	2	0	0
Item	lifeorb	Start	0	2	1	1	3	0	0
Item	lifeorb	Start	0	2	1	1	4	0	0
Item	lifeorb	Start	0	3	0	0	0	0	0
Item	lifeorb	Start	0	3	0	0	1	0	0
Item	lifeorb	Start	0	3	0	0	2	0	0
Item	lifeorb	Start	0	3	0	0	3	0	0
Item	lifeorb	Start	0	3	0	0	4	0	0
Item	lifeorb	Start	0	3	0	1	0	0	0
Item	lifeorb	Start	0	3	0	1	1	0	0
Item	lifeorb	Start	0	3	0	1	2	0	0
Item	lifeorb	Start	0	3	0	1	3	0	0
Item	lifeorb	Start	0	3	0	1	4	0	0
Item	lifeorb	Start	0	3	1	0	0	0	0
Item	lifeorb	Start	0	3	1	0	1	0	0
Item	lifeorb	Start	0	3	1	0	2	0	0
Item	lifeorb	Start	0	3	1	0	3	0	0
Item	lifeorb	Start	0	3	1	0	4	0	0
Item	lifeorb	Start	0	3	1	1	0	0	0
Item	lifeorb	Start	0	3	1	1	1	0	0
Item	lifeorb	Start	0	3	1	1	2	0	0
Item	lifeorb	Start	0	3	1	1	3	0	0
Item	lifeorb	Start	0	3	1	1	4	0	0
Item	lifeorb	Start	1	0	0	0	0	0	0
Item	lifeorb	Start	1	0	0	0	1	0	0
Item	lifeorb	Start	1	0	0	0	2	0	0
Item	lifeorb	Start	1	0	0	0	3	0	0
Item	lifeorb	Start	1	0	0	0	4	0	0
Item	lifeorb	Start	1	0	0	1	0	0	0
Item	lifeorb	Start	1	0	0	1	1	0	0
Item	lifeorb	Start	1	0	0	1	2	0	0
Item	lifeorb	Start	1	0	0	1	3	0	0
Item	lifeorb	Start	1	0	0	1	4	0	0
Item	lifeorb	Start	1	0	1	0	0	0	0
Item	lifeorb	Start	1	0	1	0	1	0	0
Item	lifeorb	Start	1	0	1	0	2	0	0
Item	lifeorb	Start	1	0	1	0	3	0	0
Item	lifeorb	Start	1	0	1	0	4	0	0
Item	lifeorb	Start	1	0	1	1	0	0	0
Item	lifeorb	Start	1	0	1	1	1	0	0
Item	lifeorb	Start	1	0	1	1	2	0	0
Item	lifeorb	Start	1	0	1	1	3	0	0
Item	lifeorb	Start	1	0	1	1	4	0	0
Item	lifeorb	Start	1	1	0	0	0	0	0
Item	lifeorb	Start	1	1	0	0	1	0	0
Item	lifeorb	Start	1	1	0	0	2	0	0
Item	lifeorb	Start	1	1	0	0	3	0	0
Item	lifeorb	Start	1	1	0	0	4	0	0
Item	lifeorb	Start	1	1	0	1	0	0	0
Item	lifeorb	Start	1	1	0	1	1	0	0
Item	lifeorb	Start	1	1	0	1	2	0	0
Item	lifeorb	Start	1	1	0	1	3	0	0
Item	lifeorb	Start	1	1	0	1	4	0	0
Item	lifeorb	Start	1	1	1	0	0	0	0
Item	lifeorb	Start	1	1	1	0	1	0	0
Item	lifeorb	Start	1	1	1	0	2	0	0
Item	lifeorb	Start	1	1	1	0	3	0	0
Item	lifeorb	Start	1	1	1	0	4	0	0
Item	lifeorb	Start	1	1	1	1	0	0	0
Item	lifeorb	Start	1	1	1	1	1	0	0
Item	lifeorb	Start	1	1	1	1	2	0	0
Item	lifeorb	Start	1	1	1	1	3	0	0
Item	lifeorb	Start	1	1	1	1	4	0	0
Item	lifeorb	Start	1	2	0	0	0	0	0
Item	lifeorb	Start	1	2	0	0	1	0	0
Item	lifeorb	Start	1	2	0	0	2	0	0
Item	lifeorb	Start	1	2	0	0	3	0	0
Item	lifeorb	Start	1	2	0	0	4	0	0
Item	lifeorb	Start	1	2	0	1	0	0	0
Item	lifeorb	Start	1	2	0	1	1	0	0
Item	lifeorb	Start	1	2	0	1	2	0	0
Item	lifeorb	Start	1	2	0	1	3	0	0
Item	lifeorb	Start	1	2	0	1	4	0	0
Item	lifeorb	Start	1	2	1	0	0	0	0
Item	lifeorb	Start	1	2	1	0	1	0	0
Item	lifeorb	Start	1	2	1	0	2	0	0
Item	lifeorb	Start	1	2	1	0	3	0	0
Item	lifeorb	Start	1	2	1	0	4	0	0
Item	lifeorb	Start	1	2	1	1	0	0	0
Item	lifeorb	Start	1	2	1	1	1	0	0
Item	lifeorb	Start	1	2	1	1	2	0	0
Item	lifeorb	Start	1	2	1	1	3	0	0
Item	lifeorb	Start	1	2	1	1	4	0	0
Item	lifeorb	Start	1	3	0	0	0	0	0
Item	lifeorb	Start	1	3	0	0	1	0	0
Item	lifeorb	Start	1	3	0	0	2	0	0
Item	lifeorb	Start	1	3	0	0	3	0	0
Item	lifeorb	Start	1	3	0	0	4	0	0
Item	lifeorb	Start	1	3	0	1	0	0	0
Item	lifeorb	Start	1	3	0	1	1	0	0
Item	lifeorb	Start	1	3	0	1	2	0	0
Item	lifeorb	Start	1	3	0	1	3	0	0
Item	lifeorb	Start	1	3	0	1	4	0	0
Item	lifeorb	Start	1	3	1	0	0	0	0
Item	lifeorb	Start	1	3	1	0	1	0	0
Item	lifeorb	Start	1	3	1	0	2	0	0
Item	lifeorb	Start	1	3	1	0	3	0	0
Item	lifeorb	Start	1	3	1	0	4	0	0
Item	lifeorb	Start	1	3	1	1	0	0	0
Item	lifeorb	Start	1	3	1	1	1	0	0
Item	lifeorb	Start	1	3	1	1	2	0	0
Item	lifeorb	Start	1	3	1	1	3	0	0
Item	lifeorb	Start	1	3	1	1	4	0	0
Item	lifeorb	End	0	0	0	0	0	1	1
Item	lifeorb	End	0	0	0	0	1	1	1
Item	lifeorb	End	0	0	0	0	2	1	1
Item	lifeorb	End	0	0	0	0	3	1	1
Item	lifeorb	End	0	0	0	0	4	1	1
Item	lifeorb	End	0	0	0	1	0	1	1
Item	lifeorb	End	0	0	0	1	1	1	1
Item	lifeorb	End	0	0	0	1	2	1	1
Item	lifeorb	End	0	0	0	1	3	1	1
Item	lifeorb	End	0	0	0	1	4	1	1
Item	lifeorb	End	0	0	1	0	0	1	1
Item	lifeorb	End	0	0	1	0	1	1	1
Item	lifeorb	End	0	0	1	0	2	1	1
Item	lifeorb	End	0	0	1	0	3	1	1
Item	lifeorb	End	0	0	1	0	4	1	1
Item	lifeorb	End	0	0	1	1	0	1	1
Item	lifeorb	End	0	0	1	1	1	1	1
Item	lifeorb	End	0	0	1	1	2	1	1
Item	lifeorb	End	0	0	1	1	3	1	1
Item	lifeorb	End	0	0	1	1	4	1	1
Item	lifeorb	End	0	1	0	0	0	1	1
Item	lifeorb	End	0	1	0	0	1	1	1
Item	lifeorb	End	0	1	0	0	2	1	1
Item	lifeorb	End	0	1	0	0	3	1	1
Item	lifeorb	End	0	1	0	0	4	1	1
Item	lifeorb	End	0	1	0	1	0	1	1
Item	lifeorb	End	0	1	0	1	1	1	1
Item	lifeorb	End	0	1	0	1	2	1	1
Item	lifeorb	End	0	1	0	1	3	1	1
Item	lifeorb	End	0	1	0	1	4	1	1
Item	lifeorb	End	0	1	1	0	0	1	1
Item	lifeorb	End	0	1	1	0	1	1	1
Item	lifeorb	End	0	1	1	0	2	1	1
Item	lifeorb	End	0	1	1	0	3	1	1
Item	lifeorb	End	0	1	1	0	4	1	1
Item	lifeorb	End	0	1	1	1	0	1	1
Item	lifeorb	End	0	1	1	1	1	1	1
Item	lifeorb	End	0	1	1	1	2	1	1
Item	lifeorb	End	0	1	1	1	3	1	1
Item	lifeorb	End	0	1	1	1	4	1	1
Item	lifeorb	End	0	2	0	0	0	1	1
Item	lifeorb	End	0	2	0	0	1	1	1
Item	lifeorb	End	0	2	0	0	2	1	1
Item	lifeorb	End	0	2	0	0	3	1	1
Item	lifeorb	End	0	2	0	0	4	1	1
Item	lifeorb	End	0	2	0	1	0	1	1
Item	lifeorb	End	0	2	0	1	1	1	1
Item	lifeorb	End	0	2	0	1	2	1	1
Item	lifeorb	End	0	2	0	1	3	1	1
Item	lifeorb	End	0	2	0	1	4	1	1
Item	lifeorb	End	0	2	1	0	0	1	1
Item	lifeorb	End	0	2	1	0	1	1	1
Item	lifeorb	End	0	2	1	0	2	1	1
Item	lifeorb	End	0	2	1	0	3	1	1
Item	lifeorb	End	0	2	1	0	4	1	1
Item	lifeorb	End	0	2	1	1	0	1	1
Item	lifeorb	End	0	2	1	1	1	1	1
Item	lifeorb	End	0	2	1	1	2	1	1
Item	lifeorb	End	0	2	1	1	3	1	1
Item	lifeorb	End	0	2	1	1	4	1	1
Item	lifeorb	End	0	3	0	0	0	1	1
Item	lifeorb	End	0	3	0	0	1	1	1
Item	lifeorb	End	0	3	0	0	2	1	1
Item	lifeorb	End	0	3	0	0	3	1	1
Item	lifeorb	End	0	3	0	0	4	1	1
Item	lifeorb	End	0	3	0	1	0	1	1
Item	lifeorb	End	0	3	0	1	1	1	1
Item	lifeorb	End	0	3	0	1	2	1	1
Item	lifeorb	End	0	3	0	1	3	1	1
Item	lifeorb	End	0	3	0	1	4	1	1
Item	lifeorb	End	0	3	1	0	0	1	1
Item	lifeorb	End	0	3	1	0	1	1	1
Item	lifeorb	End	0	3	1	0	2	1	1
Item	lifeorb	End	0	3	1	0	3	1	1
Item	lifeorb	End	0	3	1	0	4	1	1
Item	lifeorb	End	0	3	1	1	0	1	1
Item	lifeorb	End	0	3	1	1	1	1	1
Item	lifeorb	End	0	3	1	1	2	1	1
Item	lifeorb	End	0	3	1	1	3	1	1
Item	lifeorb	End	0	3	1	1	4	1	1
Item	lifeorb	End	1	0	0	0	0	0	0
Item	lifeorb	End	1	0	0	0	1	0	0
Item	lifeorb	End	1	0	0	0	2	0	0
Item	lifeorb	End	1	0	0	0	3	0	0
Item	lifeorb	End	1	0	0	0	4	0	0
Item	lifeorb	End	1	0	0	1	0	0	0
Item	lifeorb	End	1	0	0	1	1	0	0
Item	lifeorb	End	1	0	0	1	2	0	0
Item	lifeorb	End	1	0	0	1	3	0	0
Item	lifeorb	End	1	0	0	1	4	0	0
Item	lifeorb	End	1	0	1	0	0	0	0
Item	lifeorb	End	1	0	1	0	1	0	0
Item	lifeorb	End	1	0	1	0	2	0	0
Item	lifeorb	End	1	0	1	0	3	0	0
Item	lifeorb	End	1	0	1	0	4	0	0
Item	lifeorb	End	1	0	1	1	0	0	0
Item	lifeorb	End	1	0	1	1	1	0	0
Item	lifeorb	End	1	0	1	1	2	0	0
Item	lifeorb	End	1	0	1	1	3	0	0
Item	lifeorb	End	1	0	1	1	4	0	0
Item	lifeorb	End	1	1	0	0	0	0	0
Item	lifeorb	End	1	1	0	0	1	0	0
Item	lifeorb	End	1	1	0	0	2	0	0
Item	lifeorb	End	1	1	0	0	3	0	0
Item	lifeorb	End	1	1	0	0	4	0	0
Item	lifeorb	End	1	1	0	1	0	0	0
Item	lifeorb	End	1	1	0	1	1	0	0
Item	lifeorb	End	1	1	0	1	2	0	0
Item	lifeorb	End	1	1	0	1	3	0	0
Item	lifeorb	End	1	1	0	1	4	0	0
Item	lifeorb	End	1	1	1	0	0	0	0
Item	lifeorb	End	1	1	1	0	1	0	0
Item	lifeorb	End	1	1	1	0	2	0	0
Item	lifeorb	End	1	1	1	0	3	0	0
Item	lifeorb	End	1	1	1	0	4	0	0
Item	lifeorb	End	1	1	1	1	0	0	0
Item	lifeorb	End	1	1	1	1	1	0	0
Item	lifeorb	End	1	1	1	1	2	0	0
Item	lifeorb	End	1	1	1	1	3	0	0
Item	lifeorb	End	1	1	1	1	4	0	0
Item	lifeorb	End	1	2	0	0	0	0	0
Item	lifeorb	End	1	2	0	0	1	0	0
Item	lifeorb	End	1	2	0	0	2	0	0
Item	lifeorb	End	1	2	0	0	3	0	0
Item	lifeorb	End	1	2	0	0	4	0	0
Item	lifeorb	End	1	2	0	1	0	0	0
Item	lifeorb	End	1	2	0	1	1	0	0
Item	lifeorb	End	1	2	0	1	2	0	0
Item	lifeorb	End	1	2	0	1	3	0	0
Item	lifeorb	End	1	2	0	1	4	0	0
Item	lifeorb	End	1	2	1	0	0	0	0
Item	lifeorb	End	1	2	1	0	1	0	0
Item	lifeorb	End	1	2	1	0	2	0	0
Item	lifeorb	End	1	2	1	0	3	0	0
Item	lifeorb	End	1	2	1	0	4	0	0
Item	lifeorb	End	1	2	1	1	0	0	0
Item	lifeorb	End	1	2	1	1	1	0	0
Item	lifeorb	End	1	2	1	1	2	0	0
Item	lifeorb	End	1	2	1	1	3	0	0
Item	lifeorb	End	1	2	1	1	4	0	0
Item	lifeorb	End	1	3	0	0	0	0	0
Item	lifeorb	End	1	3	0	0	1	0	0
Item	lifeorb	End	1	3	0	0	2	0	0
Item	lifeorb	End	1	3	0	0	3	0	0
Item	lifeorb	End	1	3	0	0	4	0	0
Item	lifeorb	End	1	3	0	1	0	0	0
Item	lifeorb	End	1	3	0	1	1	0	0
Item	lifeorb	End	1	3	0	1	2	0	0
Item	lifeorb	End	1	3	0	1	3	0	0
Item	lifeorb	End	1	3	0	1	4	0	0
Item	lifeorb	End	1	3	1	0	0	0	0
Item	lifeorb	End	1	3	1	0	1	0	0
Item	lifeorb	End	1	3	1	0	2	0	0
Item	lifeorb	End	1	3	1	0	3	0	0
Item	lifeorb	End	1	3	1	0	4	0	0
Item	lifeorb	End	1	3	1	1	0	0	0
Item	lifeorb	End	1	3	1	1	1	0	0
Item	lifeorb	End	1	3	1	1	2	0	0
Item	lifeorb	End	1	3	1	1	3	0	0
Item	lifeorb	End	1	3	1	1	4	0	0
Item	lifeorb	SwitchIn	0	0	0	0	0	1	0
Item	lifeorb	SwitchIn	0	0	0	0	1	1	0
Item	lifeorb	SwitchIn	0	0	0	0	2	1	0
Item	lifeorb	SwitchIn	0	0	0	0	3	1	0
Item	lifeorb	SwitchIn	0	0	0	0	4	1	0
Item	lifeorb	SwitchIn	0	0	0	1	0	1	0
Item	lifeorb	SwitchIn	0	0	0	1	1	1	0
Item	lifeorb	SwitchIn	0	0	0	1	2	1	0
Item	lifeorb	SwitchIn	0	0	0	1	3	1	0
Item	lifeorb	SwitchIn	0	0	0	1	4	1	0
Item	lifeorb	SwitchIn	0	0	1	0	0	1	0
Item	lifeorb	SwitchIn	0	0	1	0	1	1	0
Item	lifeorb	SwitchIn	0	0	1	0	2	1	0
Item	lifeorb	SwitchIn	0	0	1	0	3	1	0
Item	lifeorb	SwitchIn	0	0	1	0	4	1	0
Item	lifeorb	SwitchIn	0	0	1	1	0	1	0
Item	lifeorb	SwitchIn	0	0	1	1	1	1	0
Item	lifeorb	SwitchIn	0	0	1	1	2	1	0
Item	lifeorb	SwitchIn	0	0	1	1	3	1	0
Item	lifeorb	SwitchIn	0	0	1	1	4	1	0
Item	lifeorb	SwitchIn	0	1	0	0	0	1	0
Item	lifeorb	SwitchIn	0	1	0	0	1	1	0
Item	lifeorb	SwitchIn	0	1	0	0	2	1	0
Item	lifeorb	SwitchIn	0	1	0	0	3	1	0
Item	lifeorb	SwitchIn	0	1	0	0	4	1	0
Item	lifeorb	SwitchIn	0	1	0	1	0	1	0
Item	lifeorb	SwitchIn	0	1	0	1	1	1	0
Item	lifeorb	SwitchIn	0	1	0	1	2	1	0
Item	lifeorb	SwitchIn	0	1	0	1	3	1	0
Item	lifeorb	SwitchIn	0	1	0	1	4	1	0
Item	lifeorb	SwitchIn	0	1	1	0	0	1	0
Item	lifeorb	SwitchIn	0	1	1	0	1	1	0
Item	lifeorb	SwitchIn	0	1	1	0	2	1	0
Item	lifeorb	SwitchIn	0	1	1	0	3	1	0
Item	lifeorb	SwitchIn	0	1	1	0	4	1	0
Item	lifeorb	SwitchIn	0	1	1	1	0	1	0
Item	lifeorb	SwitchIn	0	1	1	1	1	1	0
Item	lifeorb	SwitchIn	0	1	1	1	2	1	0
Item	lifeorb	SwitchIn	0	1	1	1	3	1	0
Item	lifeorb	SwitchIn	0	1	1	1	4	1	0
Item	lifeorb	SwitchIn	0	2	0	0	0	1	0
Item	lifeorb	SwitchIn	0	2	0	0	1	1	0
Item	lifeorb	SwitchIn	0	2	0	0	2	1	0
Item	lifeorb	SwitchIn	0	2	0	0	3	1	0
Item	lifeorb	SwitchIn	0	2	0	0	4	1	0
Item	lifeorb	SwitchIn	0	2	0	1	0	1	0
Item	lifeorb	SwitchIn	0	2	0	1	1	1	0
Item	lifeorb	SwitchIn	0	2	0	1	2	1	0
Item	lifeorb	SwitchIn	0	2	0	1	3	1	0
Item	lifeorb	SwitchIn	0	2	0	1	4	1	0
Item	lifeorb	SwitchIn	0	2	1	0	0	1	0
Item	lifeorb	SwitchIn	0	2	1	0	1	1	0
Item	lifeorb	SwitchIn	0	2	1	0	2	1	0
Item	lifeorb	SwitchIn	0	2	1	0	3	1	0
Item	lifeorb	SwitchIn	0	2	1	0	4	1	0
Item	lifeorb	SwitchIn	0	2	1	1	0	1	0
Item	lifeorb	SwitchIn	0	2	1	1	1	1	0
Item	lifeorb	SwitchIn	0	2	1	1	2	1	0
Item	lifeorb	SwitchIn	0	2	1	1	3	1	0
Item	lifeorb	SwitchIn	0	2	1	1	4	1	0
Item	lifeorb	SwitchIn	0	3	0	0	0	1	0
Item	lifeorb	SwitchIn	0	3	0	0	1	1	0
Item	lifeorb	SwitchIn	0	3	0	0	2	1	0
Item	lifeorb	SwitchIn	0	3	0	0	3	1	0
Item	lifeorb	SwitchIn	0	3	0	0	4	1	0
Item	lifeorb	SwitchIn	0	3	0	1	0	1	0
Item	lifeorb	SwitchIn	0	3	0	1	1	1	0
Item	lifeorb	SwitchIn	0	3	0	1	2	1	0
Item	lifeorb	SwitchIn	0	3	0	1	3	1	0
Item	lifeorb	SwitchIn	0	3	0	1	4	1	0
Item	lifeorb	SwitchIn	0	3	1	0	0	1	0
Item	lifeorb	SwitchIn	0	3	1	0	1	1	0
Item	lifeorb	SwitchIn	0	3	1	0	2	1	0
Item	lifeorb	SwitchIn	0	3	1	0	3	1	0
Item	lifeorb	SwitchIn	0	3	1	0	4	1	0
Item	lifeorb	SwitchIn	0	3	1	1	0	1	0
Item	lifeorb	SwitchIn	0	3	1	1	1	1	0
Item	lifeorb	SwitchIn	0	3	1	1	2	1	0
Item	lifeorb	SwitchIn	0	3	1	1	3	1	0
Item	lifeorb	SwitchIn	0	3	1	1	4	1	0
Item	lifeorb	SwitchIn	1	0	0	0	0	0	0
Item	lifeorb	SwitchIn	1	0	0	0	1	0	0
Item	lifeorb	SwitchIn	1	0	0	0	2	0	0
Item	lifeorb	SwitchIn	1	0	0	0	3	0	0
Item	lifeorb	SwitchIn	1	0	0	0	4	0	0
Item	lifeorb	SwitchIn	1	0	0	1	0	0	0
Item	lifeorb	SwitchIn	1	0	0	1	1	0	0
Item	lifeorb	SwitchIn	1	0	0	1	2	0	0
Item	lifeorb	SwitchIn	1	0	0	1	3	0	0
Item	lifeorb	SwitchIn	1	0	0	1	4	0	0
Item	lifeorb	SwitchIn	1	0	1	0	0	0	0
Item	lifeorb	SwitchIn	1	0	1	0	1	0	0
Item	lifeorb	SwitchIn	1	0	1	0	2	0	0
Item	lifeorb	SwitchIn	1	0	1	0	3	0	0
Item	lifeorb	SwitchIn	1	0	1	0	4	0	0
Item	lifeorb	SwitchIn	1	0	1	1	0	0	0
Item	lifeorb	SwitchIn	1	0	1	1	1	0	0
Item	lifeorb	SwitchIn	1	0	1	1	2	0	0
Item	lifeorb	SwitchIn	1	0	1	1	3	0	0
Item	lifeorb	SwitchIn	1	0	1	1	4	0	0
Item	lifeorb	SwitchIn	1	1	0	0	0	0	0
Item	lifeorb	SwitchIn	1	1	0	0	1	0	0
Item	lifeorb	SwitchIn	1	1	0	0	2	0	0
Item	lifeorb	SwitchIn	1	1	0	0	3	0	0
Item	lifeorb	SwitchIn	1	1	0	0	4	0	0
Item	lifeorb	SwitchIn	1	1	0	1	0	0	0
Item	lifeorb	SwitchIn	1	1	0	1	1	0	0
Item	lifeorb	SwitchIn	1	1	0	1	2	0	0
Item	lifeorb	SwitchIn	1	1	0	1	3	0	0
Item	lifeorb	SwitchIn	1	1	0	1	4	0	0
Item	lifeorb	SwitchIn	1	1	1	0	0	0	0
Item	lifeorb	SwitchIn	1	1	1	0	1	0	0
Item	lifeorb	SwitchIn	1	1	1	0	2	0	0
Item	lifeorb	SwitchIn	1	1	1	0	3	0	0
Item	lifeorb	SwitchIn	1	1	1	0	4	0	0
Item	lifeorb	SwitchIn	1	1	1	1	0	0	0
Item	lifeorb	SwitchIn	1	1	1	1	1	0	0
Item	lifeorb	SwitchIn	1	1	1	1	2	0	0
Item	lifeorb	SwitchIn	1	1	1	1	3	0	0
Item	lifeorb	SwitchIn	1	1	1	1	4	0	0
Item	lifeorb	SwitchIn	1	2	0	0	0	0	0
Item	lifeorb	SwitchIn	1	2	0	0	1	0	0
Item	lifeorb	SwitchIn	1	2	0	0	2	0	0
Item	lifeorb	SwitchIn	1	2	0	0	3	0	0
Item	lifeorb	SwitchIn	1	2	0	0	4	0	0
Item	lifeorb	SwitchIn	1	2	0	1	0	0	0
Item	lifeorb	SwitchIn	1	2	0	1	1	0	0
Item	lifeorb	SwitchIn	1	2	0	1	2	0	0
Item	lifeorb	SwitchIn	1	2	0	1	3	0	0
Item	lifeorb	SwitchIn	1	2	0	1	4	0	0
Item	lifeorb	SwitchIn	1	2	1	0	0	0	0
Item	lifeorb	SwitchIn	1	2	1	0	1	0	0
Item	lifeorb	SwitchIn	1	2	1	0	2	0	0
Item	lifeorb	SwitchIn	1	2	1	0	3	0	0
Item	lifeorb	SwitchIn	1	2	1	0	4	0	0
Item	lifeorb	SwitchIn	1	2	1	1	0	0	0
Item	lifeorb	SwitchIn	1	2	1	1	1	0	0
Item	lifeorb	SwitchIn	1	2	1	1	2	0	0
Item	lifeorb	SwitchIn	1	2	1	1	3	0	0
Item	lifeorb	SwitchIn	1	2	1	1	4	0	0
Item	lifeorb	SwitchIn	1	3	0	0	0	0	0
Item	lifeorb	SwitchIn	1	3	0	0	1	0	0
Item	lifeorb	SwitchIn	1	3	0	0	2	0	0
Item	lifeorb	SwitchIn	1	3	0	0	3	0	0
Item	lifeorb	SwitchIn	1	3	0	0	4	0	0
Item	lifeorb	SwitchIn	1	3	0	1	0	0	0
Item	lifeorb	SwitchIn	1	3	0	1	1	0	0
Item	lifeorb	SwitchIn	1	3	0	1	2	0	0
Item	lifeorb	SwitchIn	1	3	0	1	3	0	0
Item	lifeorb	SwitchIn	1	3	0	1	4	0	0
Item	lifeorb	SwitchIn	1	3	1	0	0	0	0
Item	lifeorb	SwitchIn	1	3	1	0	1	0	0
Item	lifeorb	SwitchIn	1	3	1	0	2	0	0
Item	lifeorb	SwitchIn	1	3	1	0	3	0	0
Item	lifeorb	SwitchIn	1	3	1	0	4	0	0
Item	lifeorb	SwitchIn	1	3	1	1	0	0	0
Item	lifeorb	SwitchIn	1	3	1	1	1	0	0
Item	lifeorb	SwitchIn	1	3	1	1	2	0	0
Item	lifeorb	SwitchIn	1	3	1	1	3	0	0
Item	lifeorb	SwitchIn	1	3	1	1	4	0	0
Item	lifeorb	TakeItem	0	0	0	0	0	0	0
Item	lifeorb	TakeItem	0	0	0	0	1	0	0
Item	lifeorb	TakeItem	0	0	0	0	2	0	0
Item	lifeorb	TakeItem	0	0	0	0	3	0	0
Item	lifeorb	TakeItem	0	0	0	0	4	0	0
Item	lifeorb	TakeItem	0	0	0	1	0	0	0
Item	lifeorb	TakeItem	0	0	0	1	1	0	0
Item	lifeorb	TakeItem	0	0	0	1	2	0	0
Item	lifeorb	TakeItem	0	0	0	1	3	0	0
Item	lifeorb	TakeItem	0	0	0	1	4	0	0
Item	lifeorb	TakeItem	0	0	1	0	0	0	0
Item	lifeorb	TakeItem	0	0	1	0	1	0	0
Item	lifeorb	TakeItem	0	0	1	0	2	0	0
Item	lifeorb	TakeItem	0	0	1	0	3	0	0
Item	lifeorb	TakeItem	0	0	1	0	4	0	0
Item	lifeorb	TakeItem	0	0	1	1	0	0	0
Item	lifeorb	TakeItem	0	0	1	1	1	0	0
Item	lifeorb	TakeItem	0	0	1	1	2	0	0
Item	lifeorb	TakeItem	0	0	1	1	3	0	0
Item	lifeorb	TakeItem	0	0	1	1	4	0	0
Item	lifeorb	TakeItem	0	1	0	0	0	0	0
Item	lifeorb	TakeItem	0	1	0	0	1	0	0
Item	lifeorb	TakeItem	0	1	0	0	2	0	0
Item	lifeorb	TakeItem	0	1	0	0	3	0	0
Item	lifeorb	TakeItem	0	1	0	0	4	0	0
Item	lifeorb	TakeItem	0	1	0	1	0	0	0
Item	lifeorb	TakeItem	0	1	0	1	1	0	0
Item	lifeorb	TakeItem	0	1	0	1	2	0	0
Item	lifeorb	TakeItem	0	1	0	1	3	0	0
Item	lifeorb	TakeItem	0	1	0	1	4	0	0
Item	lifeorb	TakeItem	0	1	1	0	0	0	0
Item	lifeorb	TakeItem	0	1	1	0	1	0	0
Item	lifeorb	TakeItem	0	1	1	0	2	0	0
Item	lifeorb	TakeItem	0	1	1	0	3	0	0
Item	lifeorb	TakeItem	0	1	1	0	4	0	0
Item	lifeorb	TakeItem	0	1	1	1	0	0	0
Item	lifeorb	TakeItem	0	1	1	1	1	0	0
Item	lifeorb	TakeItem	0	1	1	1	2	0	0
Item	lifeorb	TakeItem	0	1	1	1	3	0	0
Item	lifeorb	TakeItem	0	1	1	1	4	0	0
Item	lifeorb	TakeItem	0	2	0	0	0	0	0
Item	lifeorb	TakeItem	0	2	0	0	1	0	0
Item	lifeorb	TakeItem	0	2	0	0	2	0	0
Item	lifeorb	TakeItem	0	2	0	0	3	0	0
Item	lifeorb	TakeItem	0	2	0	0	4	0	0
Item	lifeorb	TakeItem	0	2	0	1	0	0	0
Item	lifeorb	TakeItem	0	2	0	1	1	0	0
Item	lifeorb	TakeItem	0	2	0	1	2	0	0
Item	lifeorb	TakeItem	0	2	0	1	3	0	0
Item	lifeorb	TakeItem	0	2	0	1	4	0	0
Item	lifeorb	TakeItem	0	2	1	0	0	0	0
Item	lifeorb	TakeItem	0	2	1	0	1	0	0
Item	lifeorb	TakeItem	0	2	1	0	2	0	0
Item	lifeorb	TakeItem	0	2	1	0	3	0	0
Item	lifeorb	TakeItem	0	2	1	0	4	0	0
Item	lifeorb	TakeItem	0	2	1	1	0	0	0
Item	lifeorb	TakeItem	0	2	1	1	1	0	0
Item	lifeorb	TakeItem	0	2	1	1	2	0	0
Item	lifeorb	TakeItem	0	2	1	1	3	0	0
Item	lifeorb	TakeItem	0	2	1	1	4	0	0
Item	lifeorb	TakeItem	0	3	0	0	0	0	0
Item	lifeorb	TakeItem	0	3	0	0	1	0	0
Item	lifeorb	TakeItem	0	3	0	0	2	0	0
Item	lifeorb	TakeItem	0	3	0	0	3	0	0
Item	lifeorb	TakeItem	0	3	0	0	4	0	0
Item	lifeorb	TakeItem	0	3	0	1	0	0	0
Item	lifeorb	TakeItem	0	3	0	1	1	0	0
Item	lifeorb	TakeItem	0	3	0	1	2	0	0
Item	lifeorb	TakeItem	0	3	0	1	3	0	0
Item	lifeorb	TakeItem	0	3	0	1	4	0	0
Item	lifeorb	TakeItem	0	3	1	0	0	0	0
Item	lifeorb	TakeItem	0	3	1	0	1	0	0
Item	lifeorb	TakeItem	0	3	1	0	2	0	0
Item	lifeorb	TakeItem	0	3	1	0	3	0	0
Item	lifeorb	TakeItem	0	3	1	0	4	0	0
Item	lifeorb	TakeItem	0	3	1	1	0	0	0
Item	lifeorb	TakeItem	0	3	1	1	1	0	0
Item	lifeorb	TakeItem	0	3	1	1	2	0	0
Item	lifeorb	TakeItem	0	3	1	1	3	0	0
Item	lifeorb	TakeItem	0	3	1	1	4	0	0
Item	lifeorb	TakeItem	1	0	0	0	0	0	0
Item	lifeorb	TakeItem	1	0	0	0	1	0	0
Item	lifeorb	TakeItem	1	0	0	0	2	0	0
Item	lifeorb	TakeItem	1	0	0	0	3	0	0
Item	lifeorb	TakeItem	1	0	0	0	4	0	0
Item	lifeorb	TakeItem	1	0	0	1	0	0	0
Item	lifeorb	TakeItem	1	0	0	1	1	0	0
Item	lifeorb	TakeItem	1	0	0	1	2	0	0
Item	lifeorb	TakeItem	1	0	0	1	3	0	0
Item	lifeorb	TakeItem	1	0	0	1	4	0	0
Item	lifeorb	TakeItem	1	0	1	0	0	0	0
Item	lifeorb	TakeItem	1	0	1	0	1	0	0
Item	lifeorb	TakeItem	1	0	1	0	2	0	0
Item	lifeorb	TakeItem	1	0	1	0	3	0	0
Item	lifeorb	TakeItem	1	0	1	0	4	0	0
Item	lifeorb	TakeItem	1	0	1	1	0	0	0
Item	lifeorb	TakeItem	1	0	1	1	1	0	0
Item	lifeorb	TakeItem	1	0	1	1	2	0	0
Item	lifeorb	TakeItem	1	0	1	1	3	0	0
Item	lifeorb	TakeItem	1	0	1	1	4	0	0
Item	lifeorb	TakeItem	1	1	0	0	0	0	0
Item	lifeorb	TakeItem	1	1	0	0	1	0	0
Item	lifeorb	TakeItem	1	1	0	0	2	0	0
Item	lifeorb	TakeItem	1	1	0	0	3	0	0
Item	lifeorb	TakeItem	1	1	0	0	4	0	0
Item	lifeorb	TakeItem	1	1	0	1	0	0	0
Item	lifeorb	TakeItem	1	1	0	1	1	0	0
Item	lifeorb	TakeItem	1	1	0	1	2	0	0
Item	lifeorb	TakeItem	1	1	0	1	3	0	0
Item	lifeorb	TakeItem	1	1	0	1	4	0	0
Item	lifeorb	TakeItem	1	1	1	0	0	0	0
Item	lifeorb	TakeItem	1	1	1	0	1	0	0
Item	lifeorb	TakeItem	1	1	1	0	2	0	0
Item	lifeorb	TakeItem	1	1	1	0	3	0	0
Item	lifeorb	TakeItem	1	1	1	0	4	0	0
Item	lifeorb	TakeItem	1	1	1	1	0	0	0
Item	lifeorb	TakeItem	1	1	1	1	1	0	0
Item	lifeorb	TakeItem	1	1	1	1	2	0	0
Item	lifeorb	TakeItem	1	1	1	1	3	0	0
Item	lifeorb	TakeItem	1	1	1	1	4	0	0
Item	lifeorb	TakeItem	1	2	0	0	0	0	0
Item	lifeorb	TakeItem	1	2	0	0	1	0	0
Item	lifeorb	TakeItem	1	2	0	0	2	0	0
Item	lifeorb	TakeItem	1	2	0	0	3	0	0
Item	lifeorb	TakeItem	1	2	0	0	4	0	0
Item	lifeorb	TakeItem	1	2	0	1	0	0	0
Item	lifeorb	TakeItem	1	2	0	1	1	0	0
Item	lifeorb	TakeItem	1	2	0	1	2	0	0
Item	lifeorb	TakeItem	1	2	0	1	3	0	0
Item	lifeorb	TakeItem	1	2	0	1	4	0	0
Item	lifeorb	TakeItem	1	2	1	0	0	0	0
Item	lifeorb	TakeItem	1	2	1	0	1	0	0
Item	lifeorb	TakeItem	1	2	1	0	2	0	0
Item	lifeorb	TakeItem	1	2	1	0	3	0	0
Item	lifeorb	TakeItem	1	2	1	0	4	0	0
Item	lifeorb	TakeItem	1	2	1	1	0	0	0
Item	lifeorb	TakeItem	1	2	1	1	1	0	0
Item	lifeorb	TakeItem	1	2	1	1	2	0	0
Item	lifeorb	TakeItem	1	2	1	1	3	0	0
Item	lifeorb	TakeItem	1	2	1	1	4	0	0
Item	lifeorb	TakeItem	1	3	0	0	0	0	0
Item	lifeorb	TakeItem	1	3	0	0	1	0	0
Item	lifeorb	TakeItem	1	3	0	0	2	0	0
Item	lifeorb	TakeItem	1	3	0	0	3	0	0
Item	lifeorb	TakeItem	1	3	0	0	4	0	0
Item	lifeorb	TakeItem	1	3	0	1	0	0	0
Item	lifeorb	TakeItem	1	3	0	1	1	0	0
Item	lifeorb	TakeItem	1	3	0	1	2	0	0
Item	lifeorb	TakeItem	1	3	0	1	3	0	0
Item	lifeorb	TakeItem	1	3	0	1	4	0	0
Item	lifeorb	TakeItem	1	3	1	0	0	0	0
Item	lifeorb	TakeItem	1	3	1	0	1	0	0
Item	lifeorb	TakeItem	1	3	1	0	2	0	0
Item	lifeorb	TakeItem	1	3	1	0	3	0	0
Item	lifeorb	TakeItem	1	3	1	0	4	0	0
Item	lifeorb	TakeItem	1	3	1	1	0	0	0
Item	lifeorb	TakeItem	1	3	1	1	1	0	0
Item	lifeorb	TakeItem	1	3	1	1	2	0	0
Item	lifeorb	TakeItem	1	3	1	1	3	0	0
Item	lifeorb	TakeItem	1	3	1	1	4	0	0
Item	lifeorb	SetAbility	0	0	0	0	0	0	1
Item	lifeorb	SetAbility	0	0	0	0	1	0	1
Item	lifeorb	SetAbility	0	0	0	0	2	0	1
Item	lifeorb	SetAbility	0	0	0	0	3	0	1
Item	lifeorb	SetAbility	0	0	0	0	4	0	1
Item	lifeorb	SetAbility	0	0	0	1	0	0	1
Item	lifeorb	SetAbility	0	0	0	1	1	0	1
Item	lifeorb	SetAbility	0	0	0	1	2	0	1
Item	lifeorb	SetAbility	0	0	0	1	3	0	1
Item	lifeorb	SetAbility	0	0	0	1	4	0	1
Item	lifeorb	SetAbility	0	0	1	0	0	0	1
Item	lifeorb	SetAbility	0	0	1	0	1	0	1
Item	lifeorb	SetAbility	0	0	1	0	2	0	1
Item	lifeorb	SetAbility	0	0	1	0	3	0	1
Item	lifeorb	SetAbility	0	0	1	0	4	0	1
Item	lifeorb	SetAbility	0	0	1	1	0	0	1
Item	lifeorb	SetAbility	0	0	1	1	1	0	1
Item	lifeorb	SetAbility	0	0	1	1	2	0	1
Item	lifeorb	SetAbility	0	0	1	1	3	0	1
Item	lifeorb	SetAbility	0	0	1	1	4	0	1
Item	lifeorb	SetAbility	0	1	0	0	0	0	1
Item	lifeorb	SetAbility	0	1	0	0	1	0	1
Item	lifeorb	SetAbility	0	1	0	0	2	0	1
Item	lifeorb	SetAbility	0	1	0	0	3	0	1
Item	lifeorb	SetAbility	0	1	0	0	4	0	1
Item	lifeorb	SetAbility	0	1	0	1	0	0	1
Item	lifeorb	SetAbility	0	1	0	1	1	0	1
Item	lifeorb	SetAbility	0	1	0	1	2	0	1
Item	lifeorb	SetAbility	0	1	0	1	3	0	1
Item	lifeorb	SetAbility	0	1	0	1	4	0	1
Item	lifeorb	SetAbility	0	1	1	0	0	0	1
Item	lifeorb	SetAbility	0	1	1	0	1	0	1
Item	lifeorb	SetAbility	0	1	1	0	2	0	1
Item	lifeorb	SetAbility	0	1	1	0	3	0	1
Item	lifeorb	SetAbility	0	1	1	0	4	0	1
Item	lifeorb	SetAbility	0	1	1	1	0	0	1
Item	lifeorb	SetAbility	0	1	1	1	1	0	1
Item	lifeorb	SetAbility	0	1	1	1	2	0	1
Item	lifeorb	SetAbility	0	1	1	1	3	0	1
Item	lifeorb	SetAbility	0	1	1	1	4	0	1
Item	lifeorb	SetAbility	0	2	0	0	0	0	1
Item	lifeorb	SetAbility	0	2	0	0	1	0	1
Item	lifeorb	SetAbility	0	2	0	0	2	0	1
Item	lifeorb	SetAbility	0	2	0	0	3	0	1
Item	lifeorb	SetAbility	0	2	0	0	4	0	1
Item	lifeorb	SetAbility	0	2	0	1	0	0	1
Item	lifeorb	SetAbility	0	2	0	1	1	0	1
Item	lifeorb	SetAbility	0	2	0	1	2	0	1
Item	lifeorb	SetAbility	0	2	0	1	3	0	1
Item	lifeorb	SetAbility	0	2	0	1	4	0	1
Item	lifeorb	SetAbility	0	2	1	0	0	0	1
Item	lifeorb	SetAbility	0	2	1	0	1	0	1
Item	lifeorb	SetAbility	0	2	1	0	2	0	1
Item	lifeorb	SetAbility	0	2	1	0	3	0	1
Item	lifeorb	SetAbility	0	2	1	0	4	0	1
Item	lifeorb	SetAbility	0	2	1	1	0	0	1
Item	lifeorb	SetAbility	0	2	1	1	1	0	1
Item	lifeorb	SetAbility	0	2	1	1	2	0	1
Item	lifeorb	SetAbility	0	2	1	1	3	0	1
Item	lifeorb	SetAbility	0	2	1	1	4	0	1
Item	lifeorb	SetAbility	0	3	0	0	0	0	1
Item	lifeorb	SetAbility	0	3	0	0	1	0	1
Item	lifeorb	SetAbility	0	3	0	0	2	0	1
Item	lifeorb	SetAbility	0	3	0	0	3	0	1
Item	lifeorb	SetAbility	0	3	0	0	4	0	1
Item	lifeorb	SetAbility	0	3	0	1	0	0	1
Item	lifeorb	SetAbility	0	3	0	1	1	0	1
Item	lifeorb	SetAbility	0	3	0	1	2	0	1
Item	lifeorb	SetAbility	0	3	0	1	3	0	1
Item	lifeorb	SetAbility	0	3	0	1	4	0	1
Item	lifeorb	SetAbility	0	3	1	0	0	0	1
Item	lifeorb	SetAbility	0	3	1	0	1	0	1
Item	lifeorb	SetAbility	0	3	1	0	2	0	1
Item	lifeorb	SetAbility	0	3	1	0	3	0	1
Item	lifeorb	SetAbility	0	3	1	0	4	0	1
Item	lifeorb	SetAbility	0	3	1	1	0	0	1
Item	lifeorb	SetAbility	0	3	1	1	1	0	1
Item	lifeorb	SetAbility	0	3	1	1	2	0	1
Item	lifeorb	SetAbility	0	3	1	1	3	0	1
Item	lifeorb	SetAbility	0	3	1	1	4	0	1
Item	lifeorb	SetAbility	1	0	0	0	0	0	0
Item	lifeorb	SetAbility	1	0	0	0	1	0	0
Item	lifeorb	SetAbility	1	0	0	0	2	0	0
Item	lifeorb	SetAbility	1	0	0	0	3	0	0
Item	lifeorb	SetAbility	1	0	0	0	4	0	0
Item	lifeorb	SetAbility	1	0	0	1	0	0	0
Item	lifeorb	SetAbility	1	0	0	1	1	0	0
Item	lifeorb	SetAbility	1	0	0	1	2	0	0
Item	lifeorb	SetAbility	1	0	0	1	3	0	0
Item	lifeorb	SetAbility	1	0	0	1	4	0	0
Item	lifeorb	SetAbility	1	0	1	0	0	0	0
Item	lifeorb	SetAbility	1	0	1	0	1	0	0
Item	lifeorb	SetAbility	1	0	1	0	2	0	0
Item	lifeorb	SetAbility	1	0	1	0	3	0	0
Item	lifeorb	SetAbility	1	0	1	0	4	0	0
Item	lifeorb	SetAbility	1	0	1	1	0	0	0
Item	lifeorb	SetAbility	1	0	1	1	1	0	0
Item	lifeorb	SetAbility	1	0	1	1	2	0	0
Item	lifeorb	SetAbility	1	0	1	1	3	0	0
Item	lifeorb	SetAbility	1	0	1	1	4	0	0
Item	lifeorb	SetAbility	1	1	0	0	0	0	0
Item	lifeorb	SetAbility	1	1	0	0	1	0	0
Item	lifeorb	SetAbility	1	1	0	0	2	0	0
Item	lifeorb	SetAbility	1	1	0	0	3	0	0
Item	lifeorb	SetAbility	1	1	0	0	4	0	0
Item	lifeorb	SetAbility	1	1	0	1	0	0	0
Item	lifeorb	SetAbility	1	1	0	1	1	0	0
Item	lifeorb	SetAbility	1	1	0	1	2	0	0
Item	lifeorb	SetAbility	1	1	0	1	3	0	0
Item	lifeorb	SetAbility	1	1	0	1	4	0	0
Item	lifeorb	SetAbility	1	1	1	0	0	0	0
Item	lifeorb	SetAbility	1	1	1	0	1	0	0
Item	lifeorb	SetAbility	1	1	1	0	2	0	0
Item	lifeorb	SetAbility	1	1	1	0	3	0	0
Item	lifeorb	SetAbility	1	1	1	0	4	0	0
Item	lifeorb	SetAbility	1	1	1	1	0	0	0
Item	lifeorb	SetAbility	1	1	1	1	1	0	0
Item	lifeorb	SetAbility	1	1	1	1	2	0	0
Item	lifeorb	SetAbility	1	1	1	1	3	0	0
Item	lifeorb	SetAbility	1	1	1	1	4	0	0
Item	lifeorb	SetAbility	1	2	0	0	0	0	0
Item	lifeorb	SetAbility	1	2	0	0	1	0	0
Item	lifeorb	SetAbility	1	2	0	0	2	0	0
Item	lifeorb	SetAbility	1	2	0	0	3	0	0
Item	lifeorb	SetAbility	1	2	0	0	4	0	0
Item	lifeorb	SetAbility	1	2	0	1	0	0	0
Item	lifeorb	SetAbility	1	2	0	1	1	0	0
Item	lifeorb	SetAbility	1	2	0	1	2	0	0
Item	lifeorb	SetAbility	1	2	0	1	3	0	0
Item	lifeorb	SetAbility	1	2	0	1	4	0	0
Item	lifeorb	SetAbility	1	2	1	0	0	0	0
Item	lifeorb	SetAbility	1	2	1	0	1	0	0
Item	lifeorb	SetAbility	1	2	1	0	2	0	0
Item	lifeorb	SetAbility	1	2	1	0	3	0	0
Item	lifeorb	SetAbility	1	2	1	0	4	0	0
Item	lifeorb	SetAbility	1	2	1	1	0	0	0
Item	lifeorb	SetAbility	1	2	1	1	1	0	0
Item	lifeorb	SetAbility	1	2	1	1	2	0	0
Item	lifeorb	SetAbility	1	2	1	1	3	0	0
Item	lifeorb	SetAbility	1	2	1	1	4	0	0
Item	lifeorb	SetAbility	1	3	0	0	0	0	0
Item	lifeorb	SetAbility	1	3	0	0	1	0	0
Item	lifeorb	SetAbility	1	3	0	0	2	0	0
Item	lifeorb	SetAbility	1	3	0	0	3	0	0
Item	lifeorb	SetAbility	1	3	0	0	4	0	0
Item	lifeorb	SetAbility	1	3	0	1	0	0	0
Item	lifeorb	SetAbility	1	3	0	1	1	0	0
Item	lifeorb	SetAbility	1	3	0	1	2	0	0
Item	lifeorb	SetAbility	1	3	0	1	3	0	0
Item	lifeorb	SetAbility	1	3	0	1	4	0	0
Item	lifeorb	SetAbility	1	3	1	0	0	0	0
Item	lifeorb	SetAbility	1	3	1	0	1	0	0
Item	lifeorb	SetAbility	1	3	1	0	2	0	0
Item	lifeorb	SetAbility	1	3	1	0	3	0	0
Item	lifeorb	SetAbility	1	3	1	0	4	0	0
Item	lifeorb	SetAbility	1	3	1	1	0	0	0
Item	lifeorb	SetAbility	1	3	1	1	1	0	0
Item	lifeorb	SetAbility	1	3	1	1	2	0	0
Item	lifeorb	SetAbility	1	3	1	1	3	0	0
Item	lifeorb	SetAbility	1	3	1	1	4	0	0
Item	lifeorb	Update	0	0	0	0	0	1	1
Item	lifeorb	Update	0	0	0	0	1	1	1
Item	lifeorb	Update	0	0	0	0	2	1	1
Item	lifeorb	Update	0	0	0	0	3	1	1
Item	lifeorb	Update	0	0	0	0	4	1	1
Item	lifeorb	Update	0	0	0	1	0	1	1
Item	lifeorb	Update	0	0	0	1	1	1	1
Item	lifeorb	Update	0	0	0	1	2	1	1
Item	lifeorb	Update	0	0	0	1	3	1	1
Item	lifeorb	Update	0	0	0	1	4	1	1
Item	lifeorb	Update	0	0	1	0	0	1	1
Item	lifeorb	Update	0	0	1	0	1	1	1
Item	lifeorb	Update	0	0	1	0	2	1	1
Item	lifeorb	Update	0	0	1	0	3	1	1
Item	lifeorb	Update	0	0	1	0	4	1	1
Item	lifeorb	Update	0	0	1	1	0	1	1
Item	lifeorb	Update	0	0	1	1	1	1	1
Item	lifeorb	Update	0	0	1	1	2	1	1
Item	lifeorb	Update	0	0	1	1	3	1	1
Item	lifeorb	Update	0	0	1	1	4	1	1
Item	lifeorb	Update	0	1	0	0	0	1	1
Item	lifeorb	Update	0	1	0	0	1	1	1
Item	lifeorb	Update	0	1	0	0	2	1	1
Item	lifeorb	Update	0	1	0	0	3	1	1
Item	lifeorb	Update	0	1	0	0	4	1	1
Item	lifeorb	Update	0	1	0	1	0	1	1
Item	lifeorb	Update	0	1	0	1	1	1	1
Item	lifeorb	Update	0	1	0	1	2	1	1
Item	lifeorb	Update	0	1	0	1	3	1	1
Item	lifeorb	Update	0	1	0	1	4	1	1
Item	lifeorb	Update	0	1	1	0	0	1	1
Item	lifeorb	Update	0	1	1	0	1	1	1
Item	lifeorb	Update	0	1	1	0	2	1	1
Item	lifeorb	Update	0	1	1	0	3	1	1
Item	lifeorb	Update	0	1	1	0	4	1	1
Item	lifeorb	Update	0	1	1	1	0	1	1
Item	lifeorb	Update	0	1	1	1	1	1	1
Item	lifeorb	Update	0	1	1	1	2	1	1
Item	lifeorb	Update	0	1	1	1	3	1	1
Item	lifeorb	Update	0	1	1	1	4	1	1
Item	lifeorb	Update	0	2	0	0	0	1	1
Item	lifeorb	Update	0	2	0	0	1	1	1
Item	lifeorb	Update	0	2	0	0	2	1	1
Item	lifeorb	Update	0	2	0	0	3	1	1
Item	lifeorb	Update	0	2	0	0	4	1	1
Item	lifeorb	Update	0	2	0	1	0	1	1
Item	lifeorb	Update	0	2	0	1	1	1	1
Item	lifeorb	Update	0	2	0	1	2	1	1
Item	lifeorb	Update	0	2	0	1	3	1	1
Item	lifeorb	Update	0	2	0	1	4	1	1
Item	lifeorb	Update	0	2	1	0	0	1	1
Item	lifeorb	Update	0	2	1	0	1	1	1
Item	lifeorb	Update	0	2	1	0	2	1	1
Item	lifeorb	Update	0	2	1	0	3	1	1
Item	lifeorb	Update	0	2	1	0	4	1	1
Item	lifeorb	Update	0	2	1	1	0	1	1
Item	lifeorb	Update	0	2	1	1	1	1	1
Item	lifeorb	Update	0	2	1	1	2	1	1
Item	lifeorb	Update	0	2	1	1	3	1	1
Item	lifeorb	Update	0	2	1	1	4	1	1
Item	lifeorb	Update	0	3	0	0	0	1	1
Item	lifeorb	Update	0	3	0	0	1	1	1
Item	lifeorb	Update	0	3	0	0	2	1	1
Item	lifeorb	Update	0	3	0	0	3	1	1
Item	lifeorb	Update	0	3	0	0	4	1	1
Item	lifeorb	Update	0	3	0	1	0	1	1
Item	lifeorb	Update	0	3	0	1	1	1	1
Item	lifeorb	Update	0	3	0	1	2	1	1
Item	lifeorb	Update	0	3	0	1	3	1	1
Item	lifeorb	Update	0	3	0	1	4	1	1
Item	lifeorb	Update	0	3	1	0	0	1	1
Item	lifeorb	Update	0	3	1	0	1	1	1
Item	lifeorb	Update	0	3	1	0	2	1	1
Item	lifeorb	Update	0	3	1	0	3	1	1
Item	lifeorb	Update	0	3	1	0	4	1	1
Item	lifeorb	Update	0	3	1	1	0	1	1
Item	lifeorb	Update	0	3	1	1	1	1	1
Item	lifeorb	Update	0	3	1	1	2	1	1
Item	lifeorb	Update	0	3	1	1	3	1	1
Item	lifeorb	Update	0	3	1	1	4	1	1
Item	lifeorb	Update	1	0	0	0	0	0	0
Item	lifeorb	Update	1	0	0	0	1	0	0
Item	lifeorb	Update	1	0	0	0	2	0	0
Item	lifeorb	Update	1	0	0	0	3	0	0
Item	lifeorb	Update	1	0	0	0	4	0	0
Item	lifeorb	Update	1	0	0	1	0	0	0
Item	lifeorb	Update	1	0	0	1	1	0	0
Item	lifeorb	Update	1	0	0	1	2	0	0
Item	lifeorb	Update	1	0	0	1	3	0	0
Item	lifeorb	Update	1	0	0	1	4	0	0
Item	lifeorb	Update	1	0	1	0	0	0	0
Item	lifeorb	Update	1	0	1	0	1	0	0
Item	lifeorb	Update	1	0	1	0	2	0	0
Item	lifeorb	Update	1	0	1	0	3	0	0
Item	lifeorb	Update	1	0	1	0	4	0	0
Item	lifeorb	Update	1	0	1	1	0	0	0
Item	lifeorb	Update	1	0	1	1	1	0	0
Item	lifeorb	Update	1	0	1	1	2	0	0
Item	lifeorb	Update	1	0	1	1	3	0	0
Item	lifeorb	Update	1	0	1	1	4	0	0
Item	lifeorb	Update	1	1	0	0	0	0	0
Item	lifeorb	Update	1	1	0	0	1	0	0
Item	lifeorb	Update	1	1	0	0	2	0	0
Item	lifeorb	Update	1	1	0	0	3	0	0
Item	lifeorb	Update	1	1	0	0	4	0	0
Item	lifeorb	Update	1	1	0	1	0	0	0
Item	lifeorb	Update	1	1	0	1	1	0	0
Item	lifeorb	Update	1	1	0	1	2	0	0
Item	lifeorb	Update	1	1	0	1	3	0	0
Item	lifeorb	Update	1	1	0	1	4	0	0
Item	lifeorb	Update	1	1	1	0	0	0	0
Item	lifeorb	Update	1	1	1	0	1	0	0
Item	lifeorb	Update	1	1	1	0	2	0	0
Item	lifeorb	Update	1	1	1	0	3	0	0
Item	lifeorb	Update	1	1	1	0	4	0	0
Item	lifeorb	Update	1	1	1	1	0	0	0
Item	lifeorb	Update	1	1	1	1	1	0	0
Item	lifeorb	Update	1	1	1	1	2	0	0
Item	lifeorb	Update	1	1	1	1	3	0	0
Item	lifeorb	Update	1	1	1	1	4	0	0
Item	lifeorb	Update	1	2	0	0	0	0	0
Item	lifeorb	Update	1	2	0	0	1	0	0
Item	lifeorb	Update	1	2	0	0	2	0	0
Item	lifeorb	Update	1	2	0	0	3	0	0
Item	lifeorb	Update	1	2	0	0	4	0	0
Item	lifeorb	Update	1	2	0	1	0	0	0
Item	lifeorb	Update	1	2	0	1	1	0	0
Item	lifeorb	Update	1	2	0	1	2	0	0
Item	lifeorb	Update	1	2	0	1	3	0	0
Item	lifeorb	Update	1	2	0	1	4	0	0
Item	lifeorb	Update	1	2	1	0	0	0	0
Item	lifeorb	Update	1	2	1	0	1	0	0
Item	lifeorb	Update	1	2	1	0	2	0	0
Item	lifeorb	Update	1	2	1	0	3	0	0
Item	lifeorb	Update	1	2	1	0	4	0	0
Item	lifeorb	Update	1	2	1	1	0	0	0
Item	lifeorb	Update	1	2	1	1	1	0	0
Item	lifeorb	Update	1	2	1	1	2	0	0
Item	lifeorb	Update	1	2	1	1	3	0	0
Item	lifeorb	Update	1	2	1	1	4	0	0
Item	lifeorb	Update	1	3	0	0	0	0	0
Item	lifeorb	Update	1	3	0	0	1	0	0
Item	lifeorb	Update	1	3	0	0	2	0	0
Item	lifeorb	Update	1	3	0	0	3	0	0
Item	lifeorb	Update	1	3	0	0	4	0	0
Item	lifeorb	Update	1	3	0	1	0	0	0
Item	lifeorb	Update	1	3	0	1	1	0	0
Item	lifeorb	Update	1	3	0	1	2	0	0
Item	lifeorb	Update	1	3	0	1	3	0	0
Item	lifeorb	Update	1	3	0	1	4	0	0
Item	lifeorb	Update	1	3	1	0	0	0	0
Item	lifeorb	Update	1	3	1	0	1	0	0
Item	lifeorb	Update	1	3	1	0	2	0	0
Item	lifeorb	Update	1	3	1	0	3	0	0
Item	lifeorb	Update	1	3	1	0	4	0	0
Item	lifeorb	Update	1	3	1	1	0	0	0
Item	lifeorb	Update	1	3	1	1	1	0	0
Item	lifeorb	Update	1	3	1	1	2	0	0
Item	lifeorb	Update	1	3	1	1	3	0	0
Item	lifeorb	Update	1	3	1	1	4	0	0
Item	lifeorb	BasePower	0	0	0	0	0	1	1
Item	lifeorb	BasePower	0	0	0	0	1	1	1
Item	lifeorb	BasePower	0	0	0	0	2	1	1
Item	lifeorb	BasePower	0	0	0	0	3	1	1
Item	lifeorb	BasePower	0	0	0	0	4	1	1
Item	lifeorb	BasePower	0	0	0	1	0	1	1
Item	lifeorb	BasePower	0	0	0	1	1	1	1
Item	lifeorb	BasePower	0	0	0	1	2	1	1
Item	lifeorb	BasePower	0	0	0	1	3	1	1
Item	lifeorb	BasePower	0	0	0	1	4	1	1
Item	lifeorb	BasePower	0	0	1	0	0	1	1
Item	lifeorb	BasePower	0	0	1	0	1	1	1
Item	lifeorb	BasePower	0	0	1	0	2	1	1
Item	lifeorb	BasePower	0	0	1	0	3	1	1
Item	lifeorb	BasePower	0	0	1	0	4	1	1
Item	lifeorb	BasePower	0	0	1	1	0	1	1
Item	lifeorb	BasePower	0	0	1	1	1	1	1
Item	lifeorb	BasePower	0	0	1	1	2	1	1
Item	lifeorb	BasePower	0	0	1	1	3	1	1
Item	lifeorb	BasePower	0	0	1	1	4	1	1
Item	lifeorb	BasePower	0	1	0	0	0	1	1
Item	lifeorb	BasePower	0	1	0	0	1	1	1
Item	lifeorb	BasePower	0	1	0	0	2	1	1
Item	lifeorb	BasePower	0	1	0	0	3	1	1
Item	lifeorb	BasePower	0	1	0	0	4	1	1
Item	lifeorb	BasePower	0	1	0	1	0	1	1
Item	lifeorb	BasePower	0	1	0	1	1	1	1
Item	lifeorb	BasePower	0	1	0	1	2	1	1
Item	lifeorb	BasePower	0	1	0	1	3	1	1
Item	lifeorb	BasePower	0	1	0	1	4	1	1
Item	lifeorb	BasePower	0	1	1	0	0	1	1
Item	lifeorb	BasePower	0	1	1	0	1	1	1
Item	lifeorb	BasePower	0	1	1	0	2	1	1
Item	lifeorb	BasePower	0	1	1	0	3	1	1
Item	lifeorb	BasePower	0	1	1	0	4	1	1
Item	lifeorb	BasePower	0	1	1	1	0	1	1
Item	lifeorb	BasePower	0	1	1	1	1	1	1
Item	lifeorb	BasePower	0	1	1	1	2	1	1
Item	lifeorb	BasePower	0	1	1	1	3	1	1
Item	lifeorb	BasePower	0	1	1	1	4	1	1
Item	lifeorb	BasePower	0	2	0	0	0	1	1
Item	lifeorb	BasePower	0	2	0	0	1	1	1
Item	lifeorb	BasePower	0	2	0	0	2	1	1
Item	lifeorb	BasePower	0	2	0	0	3	1	1
Item	lifeorb	BasePower	0	2	0	0	4	1	1
Item	lifeorb	BasePower	0	2	0	1	0	1	1
Item	lifeorb	BasePower	0	2	0	1	1	1	1
Item	lifeorb	BasePower	0	2	0	1	2	1	1
Item	lifeorb	BasePower	0	2	0	1	3	1	1
Item	lifeorb	BasePower	0	2	0	1	4	1	1
Item	lifeorb	BasePower	0	2	1	0	0	1	1
Item	lifeorb	BasePower	0	2	1	0	1	1	1
Item	lifeorb	BasePower	0	2	1	0	2	1	1
Item	lifeorb	BasePower	0	2	1	0	3	1	1
Item	lifeorb	BasePower	0	2	1	0	4	1	1
Item	lifeorb	BasePower	0	2	1	1	0	1	1
Item	lifeorb	BasePower	0	2	1	1	1	1	1
Item	lifeorb	BasePower	0	2	1	1	2	1	1
Item	lifeorb	BasePower	0	2	1	1	3	1	1
Item	lifeorb	BasePower	0	2	1	1	4	1	1
Item	lifeorb	BasePower	0	3	0	0	0	1	1
Item	lifeorb	BasePower	0	3	0	0	1	1	1
Item	lifeorb	BasePower	0	3	0	0	2	1	1
Item	lifeorb	BasePower	0	3	0	0	3	1	1
Item	lifeorb	BasePower	0	3	0	0	4	1	1
Item	lifeorb	BasePower	0	3	0	1	0	1	1
Item	lifeorb	BasePower	0	3	0	1	1	1	1
Item	lifeorb	BasePower	0	3	0	1	2	1	1
Item	lifeorb	BasePower	0	3	0	1	3	1	1
Item	lifeorb	BasePower	0	3	0	1	4	1	1
Item	lifeorb	BasePower	0	3	1	0	0	1	1
Item	lifeorb	BasePower	0	3	1	0	1	1	1
Item	lifeorb	BasePower	0	3	1	0	2	1	1
Item	lifeorb	BasePower	0	3	1	0	3	1	1
Item	lifeorb	BasePower	0	3	1	0	4	1	1
Item	lifeorb	BasePower	0	3	1	1	0	1	1
Item	lifeorb	BasePower	0	3	1	1	1	1	1
Item	lifeorb	BasePower	0	3	1	1	2	1	1
Item	lifeorb	BasePower	0	3	1	1	3	1	1
Item	lifeorb	BasePower	0	3	1	1	4	1	1
Item	lifeorb	BasePower	1	0	0	0	0	0	0
Item	lifeorb	BasePower	1	0	0	0	1	0	0
Item	lifeorb	BasePower	1	0	0	0	2	0	0
Item	lifeorb	BasePower	1	0	0	0	3	0	0
Item	lifeorb	BasePower	1	0	0	0	4	0	0
Item	lifeorb	BasePower	1	0	0	1	0	0	0
Item	lifeorb	BasePower	1	0	0	1	1	0	0
Item	lifeorb	BasePower	1	0	0	1	2	0	0
Item	lifeorb	BasePower	1	0	0	1	3	0	0
Item	lifeorb	BasePower	1	0	0	1	4	0	0
Item	lifeorb	BasePower	1	0	1	0	0	0	0
Item	lifeorb	BasePower	1	0	1	0	1	0	0
Item	lifeorb	BasePower	1	0	1	0	2	0	0
Item	lifeorb	BasePower	1	0	1	0	3	0	0
Item	lifeorb	BasePower	1	0	1	0	4	0	0
Item	lifeorb	BasePower	1	0	1	1	0	0	0
Item	lifeorb	BasePower	1	0	1	1	1	0	0
Item	lifeorb	BasePower	1	0	1	1	2	0	0
Item	lifeorb	BasePower	1	0	1	1	3	0	0
Item	lifeorb	BasePower	1	0	1	1	4	0	0
Item	lifeorb	BasePower	1	1	0	0	0	0	0
Item	lifeorb	BasePower	1	1	0	0	1	0	0
Item	lifeorb	BasePower	1	1	0	0	2	0	0
Item	lifeorb	BasePower	1	1	0	0	3	0	0
Item	lifeorb	BasePower	1	1	0	0	4	0	0
Item	lifeorb	BasePower	1	1	0	1	0	0	0
Item	lifeorb	BasePower	1	1	0	1	1	0	0
Item	lifeorb	BasePower	1	1	0	1	2	0	0
Item	lifeorb	BasePower	1	1	0	1	3	0	0
Item	lifeorb	BasePower	1	1	0	1	4	0	0
Item	lifeorb	BasePower	1	1	1	0	0	0	0
Item	lifeorb	BasePower	1	1	1	0	1	0	0
Item	lifeorb	BasePower	1	1	1	0	2	0	0
Item	lifeorb	BasePower	1	1	1	0	3	0	0
Item	lifeorb	BasePower	1	1	1	0	4	0	0
Item	lifeorb	BasePower	1	1	1	1	0	0	0
Item	lifeorb	BasePower	1	1	1	1	1	0	0
Item	lifeorb	BasePower	1	1	1	1	2	0	0
Item	lifeorb	BasePower	1	1	1	1	3	0	0
Item	lifeorb	BasePower	1	1	1	1	4	0	0
Item	lifeorb	BasePower	1	2	0	0	0	0	0
Item	lifeorb	BasePower	1	2	0	0	1	0	0
Item	lifeorb	BasePower	1	2	0	0	2	0	0
Item	lifeorb	BasePower	1	2	0	0	3	0	0
Item	lifeorb	BasePower	1	2	0	0	4	0	0
Item	lifeorb	BasePower	1	2	0	1	0	0	0
Item	lifeorb	BasePower	1	2	0	1	1	0	0
Item	lifeorb	BasePower	1	2	0	1	2	0	0
Item	lifeorb	BasePower	1	2	0	1	3	0	0
Item	lifeorb	BasePower	1	2	0	1	4	0	0
Item	lifeorb	BasePower	1	2	1	0	0	0	0
Item	lifeorb	BasePower	1	2	1	0	1	0	0
Item	lifeorb	BasePower	1	2	1	0	2	0	0
Item	lifeorb	BasePower	1	2	1	0	3	0	0
Item	lifeorb	BasePower	1	2	1	0	4	0	0
Item	lifeorb	BasePower	1	2	1	1	0	0	0
Item	lifeorb	BasePower	1	2	1	1	1	0	0
Item	lifeorb	BasePower	1	2	1	1	2	0	0
Item	lifeorb	BasePower	1	2	1	1	3	0	0
Item	lifeorb	BasePower	1	2	1	1	4	0	0
Item	lifeorb	BasePower	1	3	0	0	0	0	0
Item	lifeorb	BasePower	1	3	0	0	1	0	0
Item	lifeorb	BasePower	1	3	0	0	2	0	0
Item	lifeorb	BasePower	1	3	0	0	3	0	0
Item	lifeorb	BasePower	1	3	0	0	4	0	0
Item	lifeorb	BasePower	1	3	0	1	0	0	0
Item	lifeorb	BasePower	1	3	0	1	1	0	0
Item	lifeorb	BasePower	1	3	0	1	2	0	0
Item	lifeorb	BasePower	1	3	0	1	3	0	0
Item	lifeorb	BasePower	1	3	0	1	4	0	0
Item	lifeorb	BasePower	1	3	1	0	0	0	0
Item	lifeorb	BasePower	1	3	1	0	1	0	0
Item	lifeorb	BasePower	1	3	1	0	2	0	0
Item	lifeorb	BasePower	1	3	1	0	3	0	0
Item	lifeorb	BasePower	1	3	1	0	4	0	0
Item	lifeorb	BasePower	1	3	1	1	0	0	0
Item	lifeorb	BasePower	1	3	1	1	1	0	0
Item	lifeorb	BasePower	1	3	1	1	2	0	0
Item	lifeorb	BasePower	1	3	1	1	3	0	0
Item	lifeorb	BasePower	1	3	1	1	4	0	0
Item	lifeorb	Weather	0	0	0	0	0	1	1
Item	lifeorb	Weather	0	0	0	0	1	1	1
Item	lifeorb	Weather	0	0	0	0	2	1	1
Item	lifeorb	Weather	0	0	0	0	3	1	1
Item	lifeorb	Weather	0	0	0	0	4	1	1
Item	lifeorb	Weather	0	0	0	1	0	1	1
Item	lifeorb	Weather	0	0	0	1	1	1	1
Item	lifeorb	Weather	0	0	0	1	2	1	1
Item	lifeorb	Weather	0	0	0	1	3	1	1
Item	lifeorb	Weather	0	0	0	1	4	1	1
Item	lifeorb	Weather	0	0	1	0	0	1	1
Item	lifeorb	Weather	0	0	1	0	1	1	1
Item	lifeorb	Weather	0	0	1	0	2	1	1
Item	lifeorb	Weather	0	0	1	0	3	1	1
Item	lifeorb	Weather	0	0	1	0	4	1	1
Item	lifeorb	Weather	0	0	1	1	0	1	1
Item	lifeorb	Weather	0	0	1	1	1	1	1
Item	lifeorb	Weather	0	0	1	1	2	1	1
Item	lifeorb	Weather	0	0	1	1	3	1	1
Item	lifeorb	Weather	0	0	1	1	4	1	1
Item	lifeorb	Weather	0	1	0	0	0	1	1
Item	lifeorb	Weather	0	1	0	0	1	1	1
Item	lifeorb	Weather	0	1	0	0	2	1	1
Item	lifeorb	Weather	0	1	0	0	3	1	1
Item	lifeorb	Weather	0	1	0	0	4	1	1
Item	lifeorb	Weather	0	1	0	1	0	1	1
Item	lifeorb	Weather	0	1	0	1	1	1	1
Item	lifeorb	Weather	0	1	0	1	2	1	1
Item	lifeorb	Weather	0	1	0	1	3	1	1
Item	lifeorb	Weather	0	1	0	1	4	1	1
Item	lifeorb	Weather	0	1	1	0	0	1	1
Item	lifeorb	Weather	0	1	1	0	1	1	1
Item	lifeorb	Weather	0	1	1	0	2	1	1
Item	lifeorb	Weather	0	1	1	0	3	1	1
Item	lifeorb	Weather	0	1	1	0	4	1	1
Item	lifeorb	Weather	0	1	1	1	0	1	1
Item	lifeorb	Weather	0	1	1	1	1	1	1
Item	lifeorb	Weather	0	1	1	1	2	1	1
Item	lifeorb	Weather	0	1	1	1	3	1	1
Item	lifeorb	Weather	0	1	1	1	4	1	1
Item	lifeorb	Weather	0	2	0	0	0	1	1
Item	lifeorb	Weather	0	2	0	0	1	1	1
Item	lifeorb	Weather	0	2	0	0	2	1	1
Item	lifeorb	Weather	0	2	0	0	3	1	1
Item	lifeorb	Weather	0	2	0	0	4	1	1
Item	lifeorb	Weather	0	2	0	1	0	1	1
Item	lifeorb	Weather	0	2	0	1	1	1	1
Item	lifeorb	Weather	0	2	0	1	2	1	1
Item	lifeorb	Weather	0	2	0	1	3	1	1
Item	lifeorb	Weather	0	2	0	1	4	1	1
Item	lifeorb	Weather	0	2	1	0	0	1	1
Item	lifeorb	Weather	0	2	1	0	1	1	1
Item	lifeorb	Weather	0	2	1	0	2	1	1
Item	lifeorb	Weather	0	2	1	0	3	1	1
Item	lifeorb	Weather	0	2	1	0	4	1	1
Item	lifeorb	Weather	0	2	1	1	0	1	1
Item	lifeorb	Weather	0	2	1	1	1	1	1
Item	lifeorb	Weather	0	2	1	1	2	1	1
Item	lifeorb	Weather	0	2	1	1	3	1	1
Item	lifeorb	Weather	0	2	1	1	4	1	1
Item	lifeorb	Weather	0	3	0	0	0	1	1
Item	lifeorb	Weather	0	3	0	0	1	1	1
Item	lifeorb	Weather	0	3	0	0	2	1	1
Item	lifeorb	Weather	0	3	0	0	3	1	1
Item	lifeorb	Weather	0	3	0	0	4	1	1
Item	lifeorb	Weather	0	3	0	1	0	1	1
Item	lifeorb	Weather	0	3	0	1	1	1	1
Item	lifeorb	Weather	0	3	0	1	2	1	1
Item	lifeorb	Weather	0	3	0	1	3	1	1
Item	lifeorb	Weather	0	3	0	1	4	1	1
Item	lifeorb	Weather	0	3	1	0	0	1	1
Item	lifeorb	Weather	0	3	1	0	1	1	1
Item	lifeorb	Weather	0	3	1	0	2	1	1
Item	lifeorb	Weather	0	3	1	0	3	1	1
Item	lifeorb	Weather	0	3	1	0	4	1	1
Item	lifeorb	Weather	0	3	1	1	0	1	1
Item	lifeorb	Weather	0	3	1	1	1	1	1
Item	lifeorb	Weather	0	3	1	1	2	1	1
Item	lifeorb	Weather	0	3	1	1	3	1	1
Item	lifeorb	Weather	0	3	1	1	4	1	1
Item	lifeorb	Weather	1	0	0	0	0	0	0
Item	lifeorb	Weather	1	0	0	0	1	0	1
Item	lifeorb	Weather	1	0	0	0	2	0	0
Item	lifeorb	Weather	1	0	0	0	3	0	0
Item	lifeorb	Weather	1	0	0	0	4	0	0
Item	lifeorb	Weather	1	0	0	1	0	0	0
Item	lifeorb	Weather	1	0	0	1	1	0	1
Item	lifeorb	Weather	1	0	0	1	2	0	0
Item	lifeorb	Weather	1	0	0	1	3	0	0
Item	lifeorb	Weather	1	0	0	1	4	0	0
Item	lifeorb	Weather	1	0	1	0	0	0	0
Item	lifeorb	Weather	1	0	1	0	1	0	1
Item	lifeorb	Weather	1	0	1	0	2	0	0
Item	lifeorb	Weather	1	0	1	0	3	0	0
Item	lifeorb	Weather	1	0	1	0	4	0	0
Item	lifeorb	Weather	1	0	1	1	0	0	0
Item	lifeorb	Weather	1	0	1	1	1	0	1
Item	lifeorb	Weather	1	0	1	1	2	0	0
Item	lifeorb	Weather	1	0	1	1	3	0	0
Item	lifeorb	Weather	1	0	1	1	4	0	0
Item	lifeorb	Weather	1	1	0	0	0	0	0
Item	lifeorb	Weather	1	1	0	0	1	0	1
Item	lifeorb	Weather	1	1	0	0	2	0	0
Item	lifeorb	Weather	1	1	0	0	3	0	0
Item	lifeorb	Weather	1	1	0	0	4	0	0
Item	lifeorb	Weather	1	1	0	1	0	0	0
Item	lifeorb	Weather	1	1	0	1	1	0	1
Item	lifeorb	Weather	1	1	0	1	2	0	0
Item	lifeorb	Weather	1	1	0	1	3	0	0
Item	lifeorb	Weather	1	1	0	1	4	0	0
Item	lifeorb	Weather	1	1	1	0	0	0	0
Item	lifeorb	Weather	1	1	1	0	1	0	1
Item	lifeorb	Weather	1	1	1	0	2	0	0
Item	lifeorb	Weather	1	1	1	0	3	0	0
Item	lifeorb	Weather	1	1	1	0	4	0	0
Item	lifeorb	Weather	1	1	1	1	0	0	0
Item	lifeorb	Weather	1	1	1	1	1	0	1
Item	lifeorb	Weather	1	1	1	1	2	0	0
Item	lifeorb	Weather	1	1	1	1	3	0	0
Item	lifeorb	Weather	1	1	1	1	4	0	0
Item	lifeorb	Weather	1	2	0	0	0	0	0
Item	lifeorb	Weather	1	2	0	0	1	0	1
Item	lifeorb	Weather	1	2	0	0	2	0	0
Item	lifeorb	Weather	1	2	0	0	3	0	0
Item	lifeorb	Weather	1	2	0	0	4	0	0
Item	lifeorb	Weather	1	2	0	1	0	0	0
Item	lifeorb	Weather	1	2	0	1	1	0	1
Item	lifeorb	Weather	1	2	0	1	2	0	0
Item	lifeorb	Weather	1	2	0	1	3	0	0
Item	lifeorb	Weather	1	2	0	1	4	0	0
Item	lifeorb	Weather	1	2	1	0	0	0	0
Item	lifeorb	Weather	1	2	1	0	1	0	1
Item	lifeorb	Weather	1	2	1	0	2	0	0
Item	lifeorb	Weather	1	2	1	0	3	0	0
Item	lifeorb	Weather	1	2	1	0	4	0	0
Item	lifeorb	Weather	1	2	1	1	0	0	0
Item	lifeorb	Weather	1	2	1	1	1	0	1
Item	lifeorb	Weather	1	2	1	1	2	0	0
Item	lifeorb	Weather	1	2	1	1	3	0	0
Item	lifeorb	Weather	1	2	1	1	4	0	0
Item	lifeorb	Weather	1	3	0	0	0	0	0
Item	lifeorb	Weather	1	3	0	0	1	0	1
Item	lifeorb	Weather	1	3	0	0	2	0	0
Item	lifeorb	Weather	1	3	0	0	3	0	0
Item	lifeorb	Weather	1	3	0	0	4	0	0
Item	lifeorb	Weather	1	3	0	1	0	0	0
Item	lifeorb	Weather	1	3	0	1	1	0	1
Item	lifeorb	Weather	1	3	0	1	2	0	0
Item	lifeorb	Weather	1	3	0	1	3	0	0
Item	lifeorb	Weather	1	3	0	1	4	0	0
Item	lifeorb	Weather	1	3	1	0	0	0	0
Item	lifeorb	Weather	1	3	1	0	1	0	1
Item	lifeorb	Weather	1	3	1	0	2	0	0
Item	lifeorb	Weather	1	3	1	0	3	0	0
Item	lifeorb	Weather	1	3	1	0	4	0	0
Item	lifeorb	Weather	1	3	1	1	0	0	0
Item	lifeorb	Weather	1	3	1	1	1	0	1
Item	lifeorb	Weather	1	3	1	1	2	0	0
Item	lifeorb	Weather	1	3	1	1	3	0	0
Item	lifeorb	Weather	1	3	1	1	4	0	0
Item	lifeorb	FieldStart	0	0	0	0	0	1	1
Item	lifeorb	FieldStart	0	0	0	0	1	1	1
Item	lifeorb	FieldStart	0	0	0	0	2	1	1
Item	lifeorb	FieldStart	0	0	0	0	3	1	1
Item	lifeorb	FieldStart	0	0	0	0	4	1	1
Item	lifeorb	FieldStart	0	0	0	1	0	1	1
Item	lifeorb	FieldStart	0	0	0	1	1	1	1
Item	lifeorb	FieldStart	0	0	0	1	2	1	1
Item	lifeorb	FieldStart	0	0	0	1	3	1	1
Item	lifeorb	FieldStart	0	0	0	1	4	1	1
Item	lifeorb	FieldStart	0	0	1	0	0	1	1
Item	lifeorb	FieldStart	0	0	1	0	1	1	1
Item	lifeorb	FieldStart	0	0	1	0	2	1	1
Item	lifeorb	FieldStart	0	0	1	0	3	1	1
Item	lifeorb	FieldStart	0	0	1	0	4	1	1
Item	lifeorb	FieldStart	0	0	1	1	0	1	1
Item	lifeorb	FieldStart	0	0	1	1	1	1	1
Item	lifeorb	FieldStart	0	0	1	1	2	1	1
Item	lifeorb	FieldStart	0	0	1	1	3	1	1
Item	lifeorb	FieldStart	0	0	1	1	4	1	1
Item	lifeorb	FieldStart	0	1	0	0	0	1	1
Item	lifeorb	FieldStart	0	1	0	0	1	1	1
Item	lifeorb	FieldStart	0	1	0	0	2	1	1
Item	lifeorb	FieldStart	0	1	0	0	3	1	1
Item	lifeorb	FieldStart	0	1	0	0	4	1	1
Item	lifeorb	FieldStart	0	1	0	1	0	1	1
Item	lifeorb	FieldStart	0	1	0	1	1	1	1
Item	lifeorb	FieldStart	0	1	0	1	2	1	1
Item	lifeorb	FieldStart	0	1	0	1	3	1	1
Item	lifeorb	FieldStart	0	1	0	1	4	1	1
Item	lifeorb	FieldStart	0	1	1	0	0	1	1
Item	lifeorb	FieldStart	0	1	1	0	1	1	1
Item	lifeorb	FieldStart	0	1	1	0	2	1	1
Item	lifeorb	FieldStart	0	1	1	0	3	1	1
Item	lifeorb	FieldStart	0	1	1	0	4	1	1
Item	lifeorb	FieldStart	0	1	1	1	0	1	1
Item	lifeorb	FieldStart	0	1	1	1	1	1	1
Item	lifeorb	FieldStart	0	1	1	1	2	1	1
Item	lifeorb	FieldStart	0	1	1	1	3	1	1
Item	lifeorb	FieldStart	0	1	1	1	4	1	1
Item	lifeorb	FieldStart	0	2	0	0	0	1	1
Item	lifeorb	FieldStart	0	2	0	0	1	1	1
Item	lifeorb	FieldStart	0	2	0	0	2	1	1
Item	lifeorb	FieldStart	0	2	0	0	3	1	1
Item	lifeorb	FieldStart	0	2	0	0	4	1	1
Item	lifeorb	FieldStart	0	2	0	1	0	1	1
Item	lifeorb	FieldStart	0	2	0	1	1	1	1
Item	lifeorb	FieldStart	0	2	0	1	2	1	1
Item	lifeorb	FieldStart	0	2	0	1	3	1	1
Item	lifeorb	FieldStart	0	2	0	1	4	1	1
Item	lifeorb	FieldStart	0	2	1	0	0	1	1
Item	lifeorb	FieldStart	0	2	1	0	1	1	1
Item	lifeorb	FieldStart	0	2	1	0	2	1	1
Item	lifeorb	FieldStart	0	2	1	0	3	1	1
Item	lifeorb	FieldStart	0	2	1	0	4	1	1
Item	lifeorb	FieldStart	0	2	1	1	0	1	1
Item	lifeorb	FieldStart	0	2	1	1	1	1	1
Item	lifeorb	FieldStart	0	2	1	1	2	1	1
Item	lifeorb	FieldStart	0	2	1	1	3	1	1
Item	lifeorb	FieldStart	0	2	1	1	4	1	1
Item	lifeorb	FieldStart	0	3	0	0	0	1	1
Item	lifeorb	FieldStart	0	3	0	0	1	1	1
Item	lifeorb	FieldStart	0	3	0	0	2	1	1
Item	lifeorb	FieldStart	0	3	0	0	3	1	1
Item	lifeorb	FieldStart	0	3	0	0	4	1	1
Item	lifeorb	FieldStart	0	3	0	1	0	1	1
Item	lifeorb	FieldStart	0	3	0	1	1	1	1
Item	lifeorb	FieldStart	0	3	0	1	2	1	1
Item	lifeorb	FieldStart	0	3	0	1	3	1	1
Item	lifeorb	FieldStart	0	3	0	1	4	1	1
Item	lifeorb	FieldStart	0	3	1	0	0	1	1
Item	lifeorb	FieldStart	0	3	1	0	1	1	1
Item	lifeorb	FieldStart	0	3	1	0	2	1	1
Item	lifeorb	FieldStart	0	3	1	0	3	1	1
Item	lifeorb	FieldStart	0	3	1	0	4	1	1
Item	lifeorb	FieldStart	0	3	1	1	0	1	1
Item	lifeorb	FieldStart	0	3	1	1	1	1	1
Item	lifeorb	FieldStart	0	3	1	1	2	1	1
Item	lifeorb	FieldStart	0	3	1	1	3	1	1
Item	lifeorb	FieldStart	0	3	1	1	4	1	1
Item	lifeorb	FieldStart	1	0	0	0	0	0	0
Item	lifeorb	FieldStart	1	0	0	0	1	0	0
Item	lifeorb	FieldStart	1	0	0	0	2	0	0
Item	lifeorb	FieldStart	1	0	0	0	3	0	0
Item	lifeorb	FieldStart	1	0	0	0	4	0	0
Item	lifeorb	FieldStart	1	0	0	1	0	0	0
Item	lifeorb	FieldStart	1	0	0	1	1	0	0
Item	lifeorb	FieldStart	1	0	0	1	2	0	0
Item	lifeorb	FieldStart	1	0	0	1	3	0	0
Item	lifeorb	FieldStart	1	0	0	1	4	0	0
Item	lifeorb	FieldStart	1	0	1	0	0	0	0
Item	lifeorb	FieldStart	1	0	1	0	1	0	0
Item	lifeorb	FieldStart	1	0	1	0	2	0	0
Item	lifeorb	FieldStart	1	0	1	0	3	0	0
Item	lifeorb	FieldStart	1	0	1	0	4	0	0
Item	lifeorb	FieldStart	1	0	1	1	0	0	0
Item	lifeorb	FieldStart	1	0	1	1	1	0	0
Item	lifeorb	FieldStart	1	0	1	1	2	0	0
Item	lifeorb	FieldStart	1	0	1	1	3	0	0
Item	lifeorb	FieldStart	1	0	1	1	4	0	0
Item	lifeorb	FieldStart	1	1	0	0	0	0	0
Item	lifeorb	FieldStart	1	1	0	0	1	0	0
Item	lifeorb	FieldStart	1	1	0	0	2	0	0
Item	lifeorb	FieldStart	1	1	0	0	3	0	0
Item	lifeorb	FieldStart	1	1	0	0	4	0	0
Item	lifeorb	FieldStart	1	1	0	1	0	0	0
Item	lifeorb	FieldStart	1	1	0	1	1	0	0
Item	lifeorb	FieldStart	1	1	0	1	2	0	0
Item	lifeorb	FieldStart	1	1	0	1	3	0	0
Item	lifeorb	FieldStart	1	1	0	1	4	0	0
Item	lifeorb	FieldStart	1	1	1	0	0	0	0
Item	lifeorb	FieldStart	1	1	1	0	1	0	0
Item	lifeorb	FieldStart	1	1	1	0	2	0	0
Item	lifeorb	FieldStart	1	1	1	0	3	0	0
Item	lifeorb	FieldStart	1	1	1	0	4	0	0
Item	lifeorb	FieldStart	1	1	1	1	0	0	0
Item	lifeorb	FieldStart	1	1	1	1	1	0	0
Item	lifeorb	FieldStart	1	1	1	1	2	0	0
Item	lifeorb	FieldStart	1	1	1	1	3	0	0
Item	lifeorb	FieldStart	1	1	1	1	4	0	0
Item	lifeorb	FieldStart	1	2	0	0	0	0	0
Item	lifeorb	FieldStart	1	2	0	0	1	0	0
Item	lifeorb	FieldStart	1	2	0	0	2	0	0
Item	lifeorb	FieldStart	1	2	0	0	3	0	0
Item	lifeorb	FieldStart	1	2	0	0	4	0	0
Item	lifeorb	FieldStart	1	2	0	1	0	0	0
Item	lifeorb	FieldStart	1	2	0	1	1	0	0
Item	lifeorb	FieldStart	1	2	0	1	2	0	0
Item	lifeorb	FieldStart	1	2	0	1	3	0	0
Item	lifeorb	FieldStart	1	2	0	1	4	0	0
Item	lifeorb	FieldStart	1	2	1	0	0	0	0
Item	lifeorb	FieldStart	1	2	1	0	1	0	0
Item	lifeorb	FieldStart	1	2	1	0	2	0	0
Item	lifeorb	FieldStart	1	2	1	0	3	0	0
Item	lifeorb	FieldStart	1	2	1	0	4	0	0
Item	lifeorb	FieldStart	1	2	1	1	0	0	0
Item	lifeorb	FieldStart	1	2	1	1	1	0	0
Item	lifeorb	FieldStart	1	2	1	1	2	0	0
Item	lifeorb	FieldStart	1	2	1	1	3	0	0
Item	lifeorb	FieldStart	1	2	1	1	4	0	0
Item	lifeorb	FieldStart	1	3	0	0	0	0	0
Item	lifeorb	FieldStart	1	3	0	0	1	0	0
Item	lifeorb	FieldStart	1	3	0	0	2	0	0
Item	lifeorb	FieldStart	1	3	0	0	3	0	0
Item	lifeorb	FieldStart	1	3	0	0	4	0	0
Item	lifeorb	FieldStart	1	3	0	1	0	0	0
Item	lifeorb	FieldStart	1	3	0	1	1	0	0
Item	lifeorb	FieldStart	1	3	0	1	2	0	0
Item	lifeorb	FieldStart	1	3	0	1	3	0	0
Item	lifeorb	FieldStart	1	3	0	1	4	0	0
Item	lifeorb	FieldStart	1	3	1	0	0	0	0
Item	lifeorb	FieldStart	1	3	1	0	1	0	0
Item	lifeorb	FieldStart	1	3	1	0	2	0	0
Item	lifeorb	FieldStart	1	3	1	0	3	0	0
Item	lifeorb	FieldStart	1	3	1	0	4	0	0
Item	lifeorb	FieldStart	1	3	1	1	0	0	0
Item	lifeorb	FieldStart	1	3	1	1	1	0	0
Item	lifeorb	FieldStart	1	3	1	1	2	0	0
Item	lifeorb	FieldStart	1	3	1	1	3	0	0
Item	lifeorb	FieldStart	1	3	1	1	4	0	0
Item	lifeorb	FieldResidual	0	0	0	0	0	1	1
Item	lifeorb	FieldResidual	0	0	0	0	1	1	1
Item	lifeorb	FieldResidual	0	0	0	0	2	1	1
Item	lifeorb	FieldResidual	0	0	0	0	3	1	1
Item	lifeorb	FieldResidual	0	0	0	0	4	1	1
Item	lifeorb	FieldResidual	0	0	0	1	0	1	1
Item	lifeorb	FieldResidual	0	0	0	1	1	1	1
Item	lifeorb	FieldResidual	0	0	0	1	2	1	1
Item	lifeorb	FieldResidual	0	0	0	1	3	1	1
Item	lifeorb	FieldResidual	0	0	0	1	4	1	1
Item	lifeorb	FieldResidual	0	0	1	0	0	1	1
Item	lifeorb	FieldResidual	0	0	1	0	1	1	1
Item	lifeorb	FieldResidual	0	0	1	0	2	1	1
Item	lifeorb	FieldResidual	0	0	1	0	3	1	1
Item	lifeorb	FieldResidual	0	0	1	0	4	1	1
Item	lifeorb	FieldResidual	0	0	1	1	0	1	1
Item	lifeorb	FieldResidual	0	0	1	1	1	1	1
Item	lifeorb	FieldResidual	0	0	1	1	2	1	1
Item	lifeorb	FieldResidual	0	0	1	1	3	1	1
Item	lifeorb	FieldResidual	0	0	1	1	4	1	1
Item	lifeorb	FieldResidual	0	1	0	0	0	1	1
Item	lifeorb	FieldResidual	0	1	0	0	1	1	1
Item	lifeorb	FieldResidual	0	1	0	0	2	1	1
Item	lifeorb	FieldResidual	0	1	0	0	3	1	1
Item	lifeorb	FieldResidual	0	1	0	0	4	1	1
Item	lifeorb	FieldResidual	0	1	0	1	0	1	1
Item	lifeorb	FieldResidual	0	1	0	1	1	1	1
Item	lifeorb	FieldResidual	0	1	0	1	2	1	1
Item	lifeorb	FieldResidual	0	1	0	1	3	1	1
Item	lifeorb	FieldResidual	0	1	0	1	4	1	1
Item	lifeorb	FieldResidual	0	1	1	0	0	1	1
Item	lifeorb	FieldResidual	0	1	1	0	1	1	1
Item	lifeorb	FieldResidual	0	1	1	0	2	1	1
Item	lifeorb	FieldResidual	0	1	1	0	3	1	1
Item	lifeorb	FieldResidual	0	1	1	0	4	1	1
Item	lifeorb	FieldResidual	0	1	1	1	0	1	1
Item	lifeorb	FieldResidual	0	1	1	1	1	1	1
Item	lifeorb	FieldResidual	0	1	1	1	2	1	1
Item	lifeorb	FieldResidual	0	1	1	1	3	1	1
Item	lifeorb	FieldResidual	0	1	1	1	4	1	1
Item	lifeorb	FieldResidual	0	2	0	0	0	1	1
Item	lifeorb	FieldResidual	0	2	0	0	1	1	1
Item	lifeorb	FieldResidual	0	2	0	0	2	1	1
Item	lifeorb	FieldResidual	0	2	0	0	3	1	1
Item	lifeorb	FieldResidual	0	2	0	0	4	1	1
Item	lifeorb	FieldResidual	0	2	0	1	0	1	1
Item	lifeorb	FieldResidual	0	2	0	1	1	1	1
Item	lifeorb	FieldResidual	0	2	0	1	2	1	1
Item	lifeorb	FieldResidual	0	2	0	1	3	1	1
Item	lifeorb	FieldResidual	0	2	0	1	4	1	1
Item	lifeorb	FieldResidual	0	2	1	0	0	1	1
Item	lifeorb	FieldResidual	0	2	1	0	1	1	1
Item	lifeorb	FieldResidual	0	2	1	0	2	1	1
Item	lifeorb	FieldResidual	0	2	1	0	3	1	1
Item	lifeorb	FieldResidual	0	2	1	0	4	1	1
Item	lifeorb	FieldResidual	0	2	1	1	0	1	1
Item	lifeorb	FieldResidual	0	2	1	1	1	1	1
Item	lifeorb	FieldResidual	0	2	1	1	2	1	1
Item	lifeorb	FieldResidual	0	2	1	1	3	1	1
Item	lifeorb	FieldResidual	0	2	1	1	4	1	1
Item	lifeorb	FieldResidual	0	3	0	0	0	1	1
Item	lifeorb	FieldResidual	0	3	0	0	1	1	1
Item	lifeorb	FieldResidual	0	3	0	0	2	1	1
Item	lifeorb	FieldResidual	0	3	0	0	3	1	1
Item	lifeorb	FieldResidual	0	3	0	0	4	1	1
Item	lifeorb	FieldResidual	0	3	0	1	0	1	1
Item	lifeorb	FieldResidual	0	3	0	1	1	1	1
Item	lifeorb	FieldResidual	0	3	0	1	2	1	1
Item	lifeorb	FieldResidual	0	3	0	1	3	1	1
Item	lifeorb	FieldResidual	0	3	0	1	4	1	1
Item	lifeorb	FieldResidual	0	3	1	0	0	1	1
Item	lifeorb	FieldResidual	0	3	1	0	1	1	1
Item	lifeorb	FieldResidual	0	3	1	0	2	1	1
Item	lifeorb	FieldResidual	0	3	1	0	3	1	1
Item	lifeorb	FieldResidual	0	3	1	0	4	1	1
Item	lifeorb	FieldResidual	0	3	1	1	0	1	1
Item	lifeorb	FieldResidual	0	3	1	1	1	1	1
Item	lifeorb	FieldResidual	0	3	1	1	2	1	1
Item	lifeorb	FieldResidual	0	3	1	1	3	1	1
Item	lifeorb	FieldResidual	0	3	1	1	4	1	1
Item	lifeorb	FieldResidual	1	0	0	0	0	0	0
Item	lifeorb	FieldResidual	1	0	0	0	1	0	0
Item	lifeorb	FieldResidual	1	0	0	0	2	0	0
Item	lifeorb	FieldResidual	1	0	0	0	3	0	0
Item	lifeorb	FieldResidual	1	0	0	0	4	0	0
Item	lifeorb	FieldResidual	1	0	0	1	0	0	0
Item	lifeorb	FieldResidual	1	0	0	1	1	0	0
Item	lifeorb	FieldResidual	1	0	0	1	2	0	0
Item	lifeorb	FieldResidual	1	0	0	1	3	0	0
Item	lifeorb	FieldResidual	1	0	0	1	4	0	0
Item	lifeorb	FieldResidual	1	0	1	0	0	0	0
Item	lifeorb	FieldResidual	1	0	1	0	1	0	0
Item	lifeorb	FieldResidual	1	0	1	0	2	0	0
Item	lifeorb	FieldResidual	1	0	1	0	3	0	0
Item	lifeorb	FieldResidual	1	0	1	0	4	0	0
Item	lifeorb	FieldResidual	1	0	1	1	0	0	0
Item	lifeorb	FieldResidual	1	0	1	1	1	0	0
Item	lifeorb	FieldResidual	1	0	1	1	2	0	0
Item	lifeorb	FieldResidual	1	0	1	1	3	0	0
Item	lifeorb	FieldResidual	1	0	1	1	4	0	0
Item	lifeorb	FieldResidual	1	1	0	0	0	0	0
Item	lifeorb	FieldResidual	1	1	0	0	1	0	0
Item	lifeorb	FieldResidual	1	1	0	0	2	0	0
Item	lifeorb	FieldResidual	1	1	0	0	3	0	0
Item	lifeorb	FieldResidual	1	1	0	0	4	0	0
Item	lifeorb	FieldResidual	1	1	0	1	0	0	0
Item	lifeorb	FieldResidual	1	1	0	1	1	0	0
Item	lifeorb	FieldResidual	1	1	0	1	2	0	0
Item	lifeorb	FieldResidual	1	1	0	1	3	0	0
Item	lifeorb	FieldResidual	1	1	0	1	4	0	0
Item	lifeorb	FieldResidual	1	1	1	0	0	0	0
Item	lifeorb	FieldResidual	1	1	1	0	1	0	0
Item	lifeorb	FieldResidual	1	1	1	0	2	0	0
Item	lifeorb	FieldResidual	1	1	1	0	3	0	0
Item	lifeorb	FieldResidual	1	1	1	0	4	0	0
Item	lifeorb	FieldResidual	1	1	1	1	0	0	0
Item	lifeorb	FieldResidual	1	1	1	1	1	0	0
Item	lifeorb	FieldResidual	1	1	1	1	2	0	0
Item	lifeorb	FieldResidual	1	1	1	1	3	0	0
Item	lifeorb	FieldResidual	1	1	1	1	4	0	0
Item	lifeorb	FieldResidual	1	2	0	0	0	0	0
Item	lifeorb	FieldResidual	1	2	0	0	1	0	0
Item	lifeorb	FieldResidual	1	2	0	0	2	0	0
Item	lifeorb	FieldResidual	1	2	0	0	3	0	0
Item	lifeorb	FieldResidual	1	2	0	0	4	0	0
Item	lifeorb	FieldResidual	1	2	0	1	0	0	0
Item	lifeorb	FieldResidual	1	2	0	1	1	0	0
Item	lifeorb	FieldResidual	1	2	0	1	2	0	0
Item	lifeorb	FieldResidual	1	2	0	1	3	0	0
Item	lifeorb	FieldResidual	1	2	0	1	4	0	0
Item	lifeorb	FieldResidual	1	2	1	0	0	0	0
Item	lifeorb	FieldResidual	1	2	1	0	1	0	0
Item	lifeorb	FieldResidual	1	2	1	0	2	0	0
Item	lifeorb	FieldResidual	1	2	1	0	3	0	0
Item	lifeorb	FieldResidual	1	2	1	0	4	0	0
Item	lifeorb	FieldResidual	1	2	1	1	0	0	0
Item	lifeorb	FieldResidual	1	2	1	1	1	0	0
Item	lifeorb	FieldResidual	1	2	1	1	2	0	0
Item	lifeorb	FieldResidual	1	2	1	1	3	0	0
Item	lifeorb	FieldResidual	1	2	1	1	4	0	0
Item	lifeorb	FieldResidual	1	3	0	0	0	0	0
Item	lifeorb	FieldResidual	1	3	0	0	1	0	0
Item	lifeorb	FieldResidual	1	3	0	0	2	0	0
Item	lifeorb	FieldResidual	1	3	0	0	3	0	0
Item	lifeorb	FieldResidual	1	3	0	0	4	0	0
Item	lifeorb	FieldResidual	1	3	0	1	0	0	0
Item	lifeorb	FieldResidual	1	3	0	1	1	0	0
Item	lifeorb	FieldResidual	1	3	0	1	2	0	0
Item	lifeorb	FieldResidual	1	3	0	1	3	0	0
Item	lifeorb	FieldResidual	1	3	0	1	4	0	0
Item	lifeorb	FieldResidual	1	3	1	0	0	0	0
Item	lifeorb	FieldResidual	1	3	1	0	1	0	0
Item	lifeorb	FieldResidual	1	3	1	0	2	0	0
Item	lifeorb	FieldResidual	1	3	1	0	3	0	0
Item	lifeorb	FieldResidual	1	3	1	0	4	0	0
Item	lifeorb	FieldResidual	1	3	1	1	0	0	0
Item	lifeorb	FieldResidual	1	3	1	1	1	0	0
Item	lifeorb	FieldResidual	1	3	1	1	2	0	0
Item	lifeorb	FieldResidual	1	3	1	1	3	0	0
Item	lifeorb	FieldResidual	1	3	1	1	4	0	0
Item	lifeorb	FieldEnd	0	0	0	0	0	1	1
Item	lifeorb	FieldEnd	0	0	0	0	1	1	1
Item	lifeorb	FieldEnd	0	0	0	0	2	1	1
Item	lifeorb	FieldEnd	0	0	0	0	3	1	1
Item	lifeorb	FieldEnd	0	0	0	0	4	1	1
Item	lifeorb	FieldEnd	0	0	0	1	0	1	1
Item	lifeorb	FieldEnd	0	0	0	1	1	1	1
Item	lifeorb	FieldEnd	0	0	0	1	2	1	1
Item	lifeorb	FieldEnd	0	0	0	1	3	1	1
Item	lifeorb	FieldEnd	0	0	0	1	4	1	1
Item	lifeorb	FieldEnd	0	0	1	0	0	1	1
Item	lifeorb	FieldEnd	0	0	1	0	1	1	1
Item	lifeorb	FieldEnd	0	0	1	0	2	1	1
Item	lifeorb	FieldEnd	0	0	1	0	3	1	1
Item	lifeorb	FieldEnd	0	0	1	0	4	1	1
Item	lifeorb	FieldEnd	0	0	1	1	0	1	1
Item	lifeorb	FieldEnd	0	0	1	1	1	1	1
Item	lifeorb	FieldEnd	0	0	1	1	2	1	1
Item	lifeorb	FieldEnd	0	0	1	1	3	1	1
Item	lifeorb	FieldEnd	0	0	1	1	4	1	1
Item	lifeorb	FieldEnd	0	1	0	0	0	1	1
Item	lifeorb	FieldEnd	0	1	0	0	1	1	1
Item	lifeorb	FieldEnd	0	1	0	0	2	1	1
Item	lifeorb	FieldEnd	0	1	0	0	3	1	1
Item	lifeorb	FieldEnd	0	1	0	0	4	1	1
Item	lifeorb	FieldEnd	0	1	0	1	0	1	1
Item	lifeorb	FieldEnd	0	1	0	1	1	1	1
Item	lifeorb	FieldEnd	0	1	0	1	2	1	1
Item	lifeorb	FieldEnd	0	1	0	1	3	1	1
Item	lifeorb	FieldEnd	0	1	0	1	4	1	1
Item	lifeorb	FieldEnd	0	1	1	0	0	1	1
Item	lifeorb	FieldEnd	0	1	1	0	1	1	1
Item	lifeorb	FieldEnd	0	1	1	0	2	1	1
Item	lifeorb	FieldEnd	0	1	1	0	3	1	1
Item	lifeorb	FieldEnd	0	1	1	0	4	1	1
Item	lifeorb	FieldEnd	0	1	1	1	0	1	1
Item	lifeorb	FieldEnd	0	1	1	1	1	1	1
Item	lifeorb	FieldEnd	0	1	1	1	2	1	1
Item	lifeorb	FieldEnd	0	1	1	1	3	1	1
Item	lifeorb	FieldEnd	0	1	1	1	4	1	1
Item	lifeorb	FieldEnd	0	2	0	0	0	1	1
Item	lifeorb	FieldEnd	0	2	0	0	1	1	1
Item	lifeorb	FieldEnd	0	2	0	0	2	1	1
Item	lifeorb	FieldEnd	0	2	0	0	3	1	1
Item	lifeorb	FieldEnd	0	2	0	0	4	1	1
Item	lifeorb	FieldEnd	0	2	0	1	0	1	1
Item	lifeorb	FieldEnd	0	2	0	1	1	1	1
Item	lifeorb	FieldEnd	0	2	0	1	2	1	1
Item	lifeorb	FieldEnd	0	2	0	1	3	1	1
Item	lifeorb	FieldEnd	0	2	0	1	4	1	1
Item	lifeorb	FieldEnd	0	2	1	0	0	1	1
Item	lifeorb	FieldEnd	0	2	1	0	1	1	1
Item	lifeorb	FieldEnd	0	2	1	0	2	1	1
Item	lifeorb	FieldEnd	0	2	1	0	3	1	1
Item	lifeorb	FieldEnd	0	2	1	0	4	1	1
Item	lifeorb	FieldEnd	0	2	1	1	0	1	1
Item	lifeorb	FieldEnd	0	2	1	1	1	1	1
Item	lifeorb	FieldEnd	0	2	1	1	2	1	1
Item	lifeorb	FieldEnd	0	2	1	1	3	1	1
Item	lifeorb	FieldEnd	0	2	1	1	4	1	1
Item	lifeorb	FieldEnd	0	3	0	0	0	1	1
Item	lifeorb	FieldEnd	0	3	0	0	1	1	1
Item	lifeorb	FieldEnd	0	3	0	0	2	1	1
Item	lifeorb	FieldEnd	0	3	0	0	3	1	1
Item	lifeorb	FieldEnd	0	3	0	0	4	1	1
Item	lifeorb	FieldEnd	0	3	0	1	0	1	1
Item	lifeorb	FieldEnd	0	3	0	1	1	1	1
Item	lifeorb	FieldEnd	0	3	0	1	2	1	1
Item	lifeorb	FieldEnd	0	3	0	1	3	1	1
Item	lifeorb	FieldEnd	0	3	0	1	4	1	1
Item	lifeorb	FieldEnd	0	3	1	0	0	1	1
Item	lifeorb	FieldEnd	0	3	1	0	1	1	1
Item	lifeorb	FieldEnd	0	3	1	0	2	1	1
Item	lifeorb	FieldEnd	0	3	1	0	3	1	1
Item	lifeorb	FieldEnd	0	3	1	0	4	1	1
Item	lifeorb	FieldEnd	0	3	1	1	0	1	1
Item	lifeorb	FieldEnd	0	3	1	1	1	1	1
Item	lifeorb	FieldEnd	0	3	1	1	2	1	1
Item	lifeorb	FieldEnd	0	3	1	1	3	1	1
Item	lifeorb	FieldEnd	0	3	1	1	4	1	1
Item	lifeorb	FieldEnd	1	0	0	0	0	0	0
Item	lifeorb	FieldEnd	1	0	0	0	1	0	0
Item	lifeorb	FieldEnd	1	0	0	0	2	0	0
Item	lifeorb	FieldEnd	1	0	0	0	3	0	0
Item	lifeorb	FieldEnd	1	0	0	0	4	0	0
Item	lifeorb	FieldEnd	1	0	0	1	0	0	0
Item	lifeorb	FieldEnd	1	0	0	1	1	0	0
Item	lifeorb	FieldEnd	1	0	0	1	2	0	0
Item	lifeorb	FieldEnd	1	0	0	1	3	0	0
Item	lifeorb	FieldEnd	1	0	0	1	4	0	0
Item	lifeorb	FieldEnd	1	0	1	0	0	0	0
Item	lifeorb	FieldEnd	1	0	1	0	1	0	0
Item	lifeorb	FieldEnd	1	0	1	0	2	0	0
Item	lifeorb	FieldEnd	1	0	1	0	3	0	0
Item	lifeorb	FieldEnd	1	0	1	0	4	0	0
Item	lifeorb	FieldEnd	1	0	1	1	0	0	0
Item	lifeorb	FieldEnd	1	0	1	1	1	0	0
Item	lifeorb	FieldEnd	1	0	1	1	2	0	0
Item	lifeorb	FieldEnd	1	0	1	1	3	0	0
Item	lifeorb	FieldEnd	1	0	1	1	4	0	0
Item	lifeorb	FieldEnd	1	1	0	0	0	0	0
Item	lifeorb	FieldEnd	1	1	0	0	1	0	0
Item	lifeorb	FieldEnd	1	1	0	0	2	0	0
Item	lifeorb	FieldEnd	1	1	0	0	3	0	0
Item	lifeorb	FieldEnd	1	1	0	0	4	0	0
Item	lifeorb	FieldEnd	1	1	0	1	0	0	0
Item	lifeorb	FieldEnd	1	1	0	1	1	0	0
Item	lifeorb	FieldEnd	1	1	0	1	2	0	0
Item	lifeorb	FieldEnd	1	1	0	1	3	0	0
Item	lifeorb	FieldEnd	1	1	0	1	4	0	0
Item	lifeorb	FieldEnd	1	1	1	0	0	0	0
Item	lifeorb	FieldEnd	1	1	1	0	1	0	0
Item	lifeorb	FieldEnd	1	1	1	0	2	0	0
Item	lifeorb	FieldEnd	1	1	1	0	3	0	0
Item	lifeorb	FieldEnd	1	1	1	0	4	0	0
Item	lifeorb	FieldEnd	1	1	1	1	0	0	0
Item	lifeorb	FieldEnd	1	1	1	1	1	0	0
Item	lifeorb	FieldEnd	1	1	1	1	2	0	0
Item	lifeorb	FieldEnd	1	1	1	1	3	0	0
Item	lifeorb	FieldEnd	1	1	1	1	4	0	0
Item	lifeorb	FieldEnd	1	2	0	0	0	0	0
Item	lifeorb	FieldEnd	1	2	0	0	1	0	0
Item	lifeorb	FieldEnd	1	2	0	0	2	0	0
Item	lifeorb	FieldEnd	1	2	0	0	3	0	0
Item	lifeorb	FieldEnd	1	2	0	0	4	0	0
Item	lifeorb	FieldEnd	1	2	0	1	0	0	0
Item	lifeorb	FieldEnd	1	2	0	1	1	0	0
Item	lifeorb	FieldEnd	1	2	0	1	2	0	0
Item	lifeorb	FieldEnd	1	2	0	1	3	0	0
Item	lifeorb	FieldEnd	1	2	0	1	4	0	0
Item	lifeorb	FieldEnd	1	2	1	0	0	0	0
Item	lifeorb	FieldEnd	1	2	1	0	1	0	0
Item	lifeorb	FieldEnd	1	2	1	0	2	0	0
Item	lifeorb	FieldEnd	1	2	1	0	3	0	0
Item	lifeorb	FieldEnd	1	2	1	0	4	0	0
Item	lifeorb	FieldEnd	1	2	1	1	0	0	0
Item	lifeorb	FieldEnd	1	2	1	1	1	0	0
Item	lifeorb	FieldEnd	1	2	1	1	2	0	0
Item	lifeorb	FieldEnd	1	2	1	1	3	0	0
Item	lifeorb	FieldEnd	1	2	1	1	4	0	0
Item	lifeorb	FieldEnd	1	3	0	0	0	0	0
Item	lifeorb	FieldEnd	1	3	0	0	1	0	0
Item	lifeorb	FieldEnd	1	3	0	0	2	0	0
Item	lifeorb	FieldEnd	1	3	0	0	3	0	0
Item	lifeorb	FieldEnd	1	3	0	0	4	0	0
Item	lifeorb	FieldEnd	1	3	0	1	0	0	0
Item	lifeorb	FieldEnd	1	3	0	1	1	0	0
Item	lifeorb	FieldEnd	1	3	0	1	2	0	0
Item	lifeorb	FieldEnd	1	3	0	1	3	0	0
Item	lifeorb	FieldEnd	1	3	0	1	4	0	0
Item	lifeorb	FieldEnd	1	3	1	0	0	0	0
Item	lifeorb	FieldEnd	1	3	1	0	1	0	0
Item	lifeorb	FieldEnd	1	3	1	0	2	0	0
Item	lifeorb	FieldEnd	1	3	1	0	3	0	0
Item	lifeorb	FieldEnd	1	3	1	0	4	0	0
Item	lifeorb	FieldEnd	1	3	1	1	0	0	0
Item	lifeorb	FieldEnd	1	3	1	1	1	0	0
Item	lifeorb	FieldEnd	1	3	1	1	2	0	0
Item	lifeorb	FieldEnd	1	3	1	1	3	0	0
Item	lifeorb	FieldEnd	1	3	1	1	4	0	0
Item	lifeorb	Residual	0	0	0	0	0	1	1
Item	lifeorb	Residual	0	0	0	0	1	1	1
Item	lifeorb	Residual	0	0	0	0	2	1	1
Item	lifeorb	Residual	0	0	0	0	3	1	1
Item	lifeorb	Residual	0	0	0	0	4	1	1
Item	lifeorb	Residual	0	0	0	1	0	1	1
Item	lifeorb	Residual	0	0	0	1	1	1	1
Item	lifeorb	Residual	0	0	0	1	2	1	1
Item	lifeorb	Residual	0	0	0	1	3	1	1
Item	lifeorb	Residual	0	0	0	1	4	1	1
Item	lifeorb	Residual	0	0	1	0	0	1	1
Item	lifeorb	Residual	0	0	1	0	1	1	1
Item	lifeorb	Residual	0	0	1	0	2	1	1
Item	lifeorb	Residual	0	0	1	0	3	1	1
Item	lifeorb	Residual	0	0	1	0	4	1	1
Item	lifeorb	Residual	0	0	1	1	0	1	1
Item	lifeorb	Residual	0	0	1	1	1	1	1
Item	lifeorb	Residual	0	0	1	1	2	1	1
Item	lifeorb	Residual	0	0	1	1	3	1	1
Item	lifeorb	Residual	0	0	1	1	4	1	1
Item	lifeorb	Residual	0	1	0	0	0	1	1
Item	lifeorb	Residual	0	1	0	0	1	1	1
Item	lifeorb	Residual	0	1	0	0	2	1	1
Item	lifeorb	Residual	0	1	0	0	3	1	1
Item	lifeorb	Residual	0	1	0	0	4	1	1
Item	lifeorb	Residual	0	1	0	1	0	1	1
Item	lifeorb	Residual	0	1	0	1	1	1	1
Item	lifeorb	Residual	0	1	0	1	2	1	1
Item	lifeorb	Residual	0	1	0	1	3	1	1
Item	lifeorb	Residual	0	1	0	1	4	1	1
Item	lifeorb	Residual	0	1	1	0	0	1	1
Item	lifeorb	Residual	0	1	1	0	1	1	1
Item	lifeorb	Residual	0	1	1	0	2	1	1
Item	lifeorb	Residual	0	1	1	0	3	1	1
Item	lifeorb	Residual	0	1	1	0	4	1	1
Item	lifeorb	Residual	0	1	1	1	0	1	1
Item	lifeorb	Residual	0	1	1	1	1	1	1
Item	lifeorb	Residual	0	1	1	1	2	1	1
Item	lifeorb	Residual	0	1	1	1	3	1	1
Item	lifeorb	Residual	0	1	1	1	4	1	1
Item	lifeorb	Residual	0	2	0	0	0	1	1
Item	lifeorb	Residual	0	2	0	0	1	1	1
Item	lifeorb	Residual	0	2	0	0	2	1	1
Item	lifeorb	Residual	0	2	0	0	3	1	1
Item	lifeorb	Residual	0	2	0	0	4	1	1
Item	lifeorb	Residual	0	2	0	1	0	1	1
Item	lifeorb	Residual	0	2	0	1	1	1	1
Item	lifeorb	Residual	0	2	0	1	2	1	1
Item	lifeorb	Residual	0	2	0	1	3	1	1
Item	lifeorb	Residual	0	2	0	1	4	1	1
Item	lifeorb	Residual	0	2	1	0	0	1	1
Item	lifeorb	Residual	0	2	1	0	1	1	1
Item	lifeorb	Residual	0	2	1	0	2	1	1
Item	lifeorb	Residual	0	2	1	0	3	1	1
Item	lifeorb	Residual	0	2	1	0	4	1	1
Item	lifeorb	Residual	0	2	1	1	0	1	1
Item	lifeorb	Residual	0	2	1	1	1	1	1
Item	lifeorb	Residual	0	2	1	1	2	1	1
Item	lifeorb	Residual	0	2	1	1	3	1	1
Item	lifeorb	Residual	0	2	1	1	4	1	1
Item	lifeorb	Residual	0	3	0	0	0	1	1
Item	lifeorb	Residual	0	3	0	0	1	1	1
Item	lifeorb	Residual	0	3	0	0	2	1	1
Item	lifeorb	Residual	0	3	0	0	3	1	1
Item	lifeorb	Residual	0	3	0	0	4	1	1
Item	lifeorb	Residual	0	3	0	1	0	1	1
Item	lifeorb	Residual	0	3	0	1	1	1	1
Item	lifeorb	Residual	0	3	0	1	2	1	1
Item	lifeorb	Residual	0	3	0	1	3	1	1
Item	lifeorb	Residual	0	3	0	1	4	1	1
Item	lifeorb	Residual	0	3	1	0	0	1	1
Item	lifeorb	Residual	0	3	1	0	1	1	1
Item	lifeorb	Residual	0	3	1	0	2	1	1
Item	lifeorb	Residual	0	3	1	0	3	1	1
Item	lifeorb	Residual	0	3	1	0	4	1	1
Item	lifeorb	Residual	0	3	1	1	0	1	1
Item	lifeorb	Residual	0	3	1	1	1	1	1
Item	lifeorb	Residual	0	3	1	1	2	1	1
Item	lifeorb	Residual	0	3	1	1	3	1	1
Item	lifeorb	Residual	0	3	1	1	4	1	1
Item	lifeorb	Residual	1	0	0	0	0	0	0
Item	lifeorb	Residual	1	0	0	0	1	0	0
Item	lifeorb	Residual	1	0	0	0	2	0	0
Item	lifeorb	Residual	1	0	0	0	3	0	0
Item	lifeorb	Residual	1	0	0	0	4	0	0
Item	lifeorb	Residual	1	0	0	1	0	0	0
Item	lifeorb	Residual	1	0	0	1	1	0	0
Item	lifeorb	Residual	1	0	0	1	2	0	0
Item	lifeorb	Residual	1	0	0	1	3	0	0
Item	lifeorb	Residual	1	0	0	1	4	0	0
Item	lifeorb	Residual	1	0	1	0	0	0	0
Item	lifeorb	Residual	1	0	1	0	1	0	0
Item	lifeorb	Residual	1	0	1	0	2	0	0
Item	lifeorb	Residual	1	0	1	0	3	0	0
Item	lifeorb	Residual	1	0	1	0	4	0	0
Item	lifeorb	Residual	1	0	1	1	0	0	0
Item	lifeorb	Residual	1	0	1	1	1	0	0
Item	lifeorb	Residual	1	0	1	1	2	0	0
Item	lifeorb	Residual	1	0	1	1	3	0	0
Item	lifeorb	Residual	1	0	1	1	4	0	0
Item	lifeorb	Residual	1	1	0	0	0	0	0
Item	lifeorb	Residual	1	1	0	0	1	0	0
Item	lifeorb	Residual	1	1	0	0	2	0	0
Item	lifeorb	Residual	1	1	0	0	3	0	0
Item	lifeorb	Residual	1	1	0	0	4	0	0
Item	lifeorb	Residual	1	1	0	1	0	0	0
Item	lifeorb	Residual	1	1	0	1	1	0	0
Item	lifeorb	Residual	1	1	0	1	2	0	0
Item	lifeorb	Residual	1	1	0	1	3	0	0
Item	lifeorb	Residual	1	1	0	1	4	0	0
Item	lifeorb	Residual	1	1	1	0	0	0	0
Item	lifeorb	Residual	1	1	1	0	1	0	0
Item	lifeorb	Residual	1	1	1	0	2	0	0
Item	lifeorb	Residual	1	1	1	0	3	0	0
Item	lifeorb	Residual	1	1	1	0	4	0	0
Item	lifeorb	Residual	1	1	1	1	0	0	0
Item	lifeorb	Residual	1	1	1	1	1	0	0
Item	lifeorb	Residual	1	1	1	1	2	0	0
Item	lifeorb	Residual	1	1	1	1	3	0	0
Item	lifeorb	Residual	1	1	1	1	4	0	0
Item	lifeorb	Residual	1	2	0	0	0	0	0
Item	lifeorb	Residual	1	2	0	0	1	0	0
Item	lifeorb	Residual	1	2	0	0	2	0	0
Item	lifeorb	Residual	1	2	0	0	3	0	0
Item	lifeorb	Residual	1	2	0	0	4	0	0
Item	lifeorb	Residual	1	2	0	1	0	0	0
Item	lifeorb	Residual	1	2	0	1	1	0	0
Item	lifeorb	Residual	1	2	0	1	2	0	0
Item	lifeorb	Residual	1	2	0	1	3	0	0
Item	lifeorb	Residual	1	2	0	1	4	0	0
Item	lifeorb	Residual	1	2	1	0	0	0	0
Item	lifeorb	Residual	1	2	1	0	1	0	0
Item	lifeorb	Residual	1	2	1	0	2	0	0
Item	lifeorb	Residual	1	2	1	0	3	0	0
Item	lifeorb	Residual	1	2	1	0	4	0	0
Item	lifeorb	Residual	1	2	1	1	0	0	0
Item	lifeorb	Residual	1	2	1	1	1	0	0
Item	lifeorb	Residual	1	2	1	1	2	0	0
Item	lifeorb	Residual	1	2	1	1	3	0	0
Item	lifeorb	Residual	1	2	1	1	4	0	0
Item	lifeorb	Residual	1	3	0	0	0	0	0
Item	lifeorb	Residual	1	3	0	0	1	0	0
Item	lifeorb	Residual	1	3	0	0	2	0	0
Item	lifeorb	Residual	1	3	0	0	3	0	0
Item	lifeorb	Residual	1	3	0	0	4	0	0
Item	lifeorb	Residual	1	3	0	1	0	0	0
Item	lifeorb	Residual	1	3	0	1	1	0	0
Item	lifeorb	Residual	1	3	0	1	2	0	0
Item	lifeorb	Residual	1	3	0	1	3	0	0
Item	lifeorb	Residual	1	3	0	1	4	0	0
Item	lifeorb	Residual	1	3	1	0	0	0	0
Item	lifeorb	Residual	1	3	1	0	1	0	0
Item	lifeorb	Residual	1	3	1	0	2	0	0
Item	lifeorb	Residual	1	3	1	0	3	0	0
Item	lifeorb	Residual	1	3	1	0	4	0	0
Item	lifeorb	Residual	1	3	1	1	0	0	0
Item	lifeorb	Residual	1	3	1	1	1	0	0
Item	lifeorb	Residual	1	3	1	1	2	0	0
Item	lifeorb	Residual	1	3	1	1	3	0	0
Item	lifeorb	Residual	1	3	1	1	4	0	0
Item	lifeorb	AfterSetStatus	0	0	0	0	0	1	1
Item	lifeorb	AfterSetStatus	0	0	0	0	1	1	1
Item	lifeorb	AfterSetStatus	0	0	0	0	2	1	1
Item	lifeorb	AfterSetStatus	0	0	0	0	3	1	1
Item	lifeorb	AfterSetStatus	0	0	0	0	4	1	1
Item	lifeorb	AfterSetStatus	0	0	0	1	0	1	1
Item	lifeorb	AfterSetStatus	0	0	0	1	1	1	1
Item	lifeorb	AfterSetStatus	0	0	0	1	2	1	1
Item	lifeorb	AfterSetStatus	0	0	0	1	3	1	1
Item	lifeorb	AfterSetStatus	0	0	0	1	4	1	1
Item	lifeorb	AfterSetStatus	0	0	1	0	0	1	1
Item	lifeorb	AfterSetStatus	0	0	1	0	1	1	1
Item	lifeorb	AfterSetStatus	0	0	1	0	2	1	1
Item	lifeorb	AfterSetStatus	0	0	1	0	3	1	1
Item	lifeorb	AfterSetStatus	0	0	1	0	4	1	1
Item	lifeorb	AfterSetStatus	0	0	1	1	0	1	1
Item	lifeorb	AfterSetStatus	0	0	1	1	1	1	1
Item	lifeorb	AfterSetStatus	0	0	1	1	2	1	1
Item	lifeorb	AfterSetStatus	0	0	1	1	3	1	1
Item	lifeorb	AfterSetStatus	0	0	1	1	4	1	1
Item	lifeorb	AfterSetStatus	0	1	0	0	0	1	1
Item	lifeorb	AfterSetStatus	0	1	0	0	1	1	1
Item	lifeorb	AfterSetStatus	0	1	0	0	2	1	1
Item	lifeorb	AfterSetStatus	0	1	0	0	3	1	1
Item	lifeorb	AfterSetStatus	0	1	0	0	4	1	1
Item	lifeorb	AfterSetStatus	0	1	0	1	0	1	1
Item	lifeorb	AfterSetStatus	0	1	0	1	1	1	1
Item	lifeorb	AfterSetStatus	0	1	0	1	2	1	1
Item	lifeorb	AfterSetStatus	0	1	0	1	3	1	1
Item	lifeorb	AfterSetStatus	0	1	0	1	4	1	1
Item	lifeorb	AfterSetStatus	0	1	1	0	0	1	1
Item	lifeorb	AfterSetStatus	0	1	1	0	1	1	1
Item	lifeorb	AfterSetStatus	0	1	1	0	2	1	1
Item	lifeorb	AfterSetStatus	0	1	1	0	3	1	1
Item	lifeorb	AfterSetStatus	0	1	1	0	4	1	1
Item	lifeorb	AfterSetStatus	0	1	1	1	0	1	1
Item	lifeorb	AfterSetStatus	0	1	1	1	1	1	1
Item	lifeorb	AfterSetStatus	0	1	1	1	2	1	1
Item	lifeorb	AfterSetStatus	0	1	1	1	3	1	1
Item	lifeorb	AfterSetStatus	0	1	1	1	4	1	1
Item	lifeorb	AfterSetStatus	0	2	0	0	0	1	1
Item	lifeorb	AfterSetStatus	0	2	0	0	1	1	1
Item	lifeorb	AfterSetStatus	0	2	0	0	2	1	1
Item	lifeorb	AfterSetStatus	0	2	0	0	3	1	1
Item	lifeorb	AfterSetStatus	0	2	0	0	4	1	1
Item	lifeorb	AfterSetStatus	0	2	0	1	0	1	1
Item	lifeorb	AfterSetStatus	0	2	0	1	1	1	1
Item	lifeorb	AfterSetStatus	0	2	0	1	2	1	1
Item	lifeorb	AfterSetStatus	0	2	0	1	3	1	1
Item	lifeorb	AfterSetStatus	0	2	0	1	4	1	1
Item	lifeorb	AfterSetStatus	0	2	1	0	0	1	1
Item	lifeorb	AfterSetStatus	0	2	1	0	1	1	1
Item	lifeorb	AfterSetStatus	0	2	1	0	2	1	1
Item	lifeorb	AfterSetStatus	0	2	1	0	3	1	1
Item	lifeorb	AfterSetStatus	0	2	1	0	4	1	1
Item	lifeorb	AfterSetStatus	0	2	1	1	0	1	1
Item	lifeorb	AfterSetStatus	0	2	1	1	1	1	1
Item	lifeorb	AfterSetStatus	0	2	1	1	2	1	1
Item	lifeorb	AfterSetStatus	0	2	1	1	3	1	1
Item	lifeorb	AfterSetStatus	0	2	1	1	4	1	1
Item	lifeorb	AfterSetStatus	0	3	0	0	0	1	1
Item	lifeorb	AfterSetStatus	0	3	0	0	1	1	1
Item	lifeorb	AfterSetStatus	0	3	0	0	2	1	1
Item	lifeorb	AfterSetStatus	0	3	0	0	3	1	1
Item	lifeorb	AfterSetStatus	0	3	0	0	4	1	1
Item	lifeorb	AfterSetStatus	0	3	0	1	0	1	1
Item	lifeorb	AfterSetStatus	0	3	0	1	1	1	1
Item	lifeorb	AfterSetStatus	0	3	0	1	2	1	1
Item	lifeorb	AfterSetStatus	0	3	0	1	3	1	1
Item	lifeorb	AfterSetStatus	0	3	0	1	4	1	1
Item	lifeorb	AfterSetStatus	0	3	1	0	0	1	1
Item	lifeorb	AfterSetStatus	0	3	1	0	1	1	1
Item	lifeorb	AfterSetStatus	0	3	1	0	2	1	1
Item	lifeorb	AfterSetStatus	0	3	1	0	3	1	1
Item	lifeorb	AfterSetStatus	0	3	1	0	4	1	1
Item	lifeorb	AfterSetStatus	0	3	1	1	0	1	1
Item	lifeorb	AfterSetStatus	0	3	1	1	1	1	1
Item	lifeorb	AfterSetStatus	0	3	1	1	2	1	1
Item	lifeorb	AfterSetStatus	0	3	1	1	3	1	1
Item	lifeorb	AfterSetStatus	0	3	1	1	4	1	1
Item	lifeorb	AfterSetStatus	1	0	0	0	0	0	0
Item	lifeorb	AfterSetStatus	1	0	0	0	1	0	0
Item	lifeorb	AfterSetStatus	1	0	0	0	2	0	0
Item	lifeorb	AfterSetStatus	1	0	0	0	3	0	0
Item	lifeorb	AfterSetStatus	1	0	0	0	4	0	0
Item	lifeorb	AfterSetStatus	1	0	0	1	0	0	0
Item	lifeorb	AfterSetStatus	1	0	0	1	1	0	0
Item	lifeorb	AfterSetStatus	1	0	0	1	2	0	0
Item	lifeorb	AfterSetStatus	1	0	0	1	3	0	0
Item	lifeorb	AfterSetStatus	1	0	0	1	4	0	0
Item	lifeorb	AfterSetStatus	1	0	1	0	0	0	0
Item	lifeorb	AfterSetStatus	1	0	1	0	1	0	0
Item	lifeorb	AfterSetStatus	1	0	1	0	2	0	0
Item	lifeorb	AfterSetStatus	1	0	1	0	3	0	0
Item	lifeorb	AfterSetStatus	1	0	1	0	4	0	0
Item	lifeorb	AfterSetStatus	1	0	1	1	0	0	0
Item	lifeorb	AfterSetStatus	1	0	1	1	1	0	0
Item	lifeorb	AfterSetStatus	1	0	1	1	2	0	0
Item	lifeorb	AfterSetStatus	1	0	1	1	3	0	0
Item	lifeorb	AfterSetStatus	1	0	1	1	4	0	0
Item	lifeorb	AfterSetStatus	1	1	0	0	0	0	0
Item	lifeorb	AfterSetStatus	1	1	0	0	1	0	0
Item	lifeorb	AfterSetStatus	1	1	0	0	2	0	0
Item	lifeorb	AfterSetStatus	1	1	0	0	3	0	0
Item	lifeorb	AfterSetStatus	1	1	0	0	4	0	0
Item	lifeorb	AfterSetStatus	1	1	0	1	0	0	0
Item	lifeorb	AfterSetStatus	1	1	0	1	1	0	0
Item	lifeorb	AfterSetStatus	1	1	0	1	2	0	0
Item	lifeorb	AfterSetStatus	1	1	0	1	3	0	0
Item	lifeorb	AfterSetStatus	1	1	0	1	4	0	0
Item	lifeorb	AfterSetStatus	1	1	1	0	0	0	0
Item	lifeorb	AfterSetStatus	1	1	1	0	1	0	0
Item	lifeorb	AfterSetStatus	1	1	1	0	2	0	0
Item	lifeorb	AfterSetStatus	1	1	1	0	3	0	0
Item	lifeorb	AfterSetStatus	1	1	1	0	4	0	0
Item	lifeorb	AfterSetStatus	1	1	1	1	0	0	0
Item	lifeorb	AfterSetStatus	1	1	1	1	1	0	0
Item	lifeorb	AfterSetStatus	1	1	1	1	2	0	0
Item	lifeorb	AfterSetStatus	1	1	1	1	3	0	0
Item	lifeorb	AfterSetStatus	1	1	1	1	4	0	0
Item	lifeorb	AfterSetStatus	1	2	0	0	0	0	0
Item	lifeorb	AfterSetStatus	1	2	0	0	1	0	0
Item	lifeorb	AfterSetStatus	1	2	0	0	2	0	0
Item	lifeorb	AfterSetStatus	1	2	0	0	3	0	0
Item	lifeorb	AfterSetStatus	1	2	0	0	4	0	0
Item	lifeorb	AfterSetStatus	1	2	0	1	0	0	0
Item	lifeorb	AfterSetStatus	1	2	0	1	1	0	0
Item	lifeorb	AfterSetStatus	1	2	0	1	2	0	0
Item	lifeorb	AfterSetStatus	1	2	0	1	3	0	0
Item	lifeorb	AfterSetStatus	1	2	0	1	4	0	0
Item	lifeorb	AfterSetStatus	1	2	1	0	0	0	0
Item	lifeorb	AfterSetStatus	1	2	1	0	1	0	0
Item	lifeorb	AfterSetStatus	1	2	1	0	2	0	0
Item	lifeorb	AfterSetStatus	1	2	1	0	3	0	0
Item	lifeorb	AfterSetStatus	1	2	1	0	4	0	0
Item	lifeorb	AfterSetStatus	1	2	1	1	0	0	0
Item	lifeorb	AfterSetStatus	1	2	1	1	1	0	0
Item	lifeorb	AfterSetStatus	1	2	1	1	2	0	0
Item	lifeorb	AfterSetStatus	1	2	1	1	3	0	0
Item	lifeorb	AfterSetStatus	1	2	1	1	4	0	0
Item	lifeorb	AfterSetStatus	1	3	0	0	0	0	0
Item	lifeorb	AfterSetStatus	1	3	0	0	1	0	0
Item	lifeorb	AfterSetStatus	1	3	0	0	2	0	0
Item	lifeorb	AfterSetStatus	1	3	0	0	3	0	0
Item	lifeorb	AfterSetStatus	1	3	0	0	4	0	0
Item	lifeorb	AfterSetStatus	1	3	0	1	0	0	0
Item	lifeorb	AfterSetStatus	1	3	0	1	1	0	0
Item	lifeorb	AfterSetStatus	1	3	0	1	2	0	0
Item	lifeorb	AfterSetStatus	1	3	0	1	3	0	0
Item	lifeorb	AfterSetStatus	1	3	0	1	4	0	0
Item	lifeorb	AfterSetStatus	1	3	1	0	0	0	0
Item	lifeorb	AfterSetStatus	1	3	1	0	1	0	0
Item	lifeorb	AfterSetStatus	1	3	1	0	2	0	0
Item	lifeorb	AfterSetStatus	1	3	1	0	3	0	0
Item	lifeorb	AfterSetStatus	1	3	1	0	4	0	0
Item	lifeorb	AfterSetStatus	1	3	1	1	0	0	0
Item	lifeorb	AfterSetStatus	1	3	1	1	1	0	0
Item	lifeorb	AfterSetStatus	1	3	1	1	2	0	0
Item	lifeorb	AfterSetStatus	1	3	1	1	3	0	0
Item	lifeorb	AfterSetStatus	1	3	1	1	4	0	0
Status	brn	Start	0	0	0	0	0	1	1
Status	brn	Start	0	0	0	0	1	1	1
Status	brn	Start	0	0	0	0	2	1	1
Status	brn	Start	0	0	0	0	3	1	1
Status	brn	Start	0	0	0	0	4	1	1
Status	brn	Start	0	0	0	1	0	0	0
Status	brn	Start	0	0	0	1	1	0	0
Status	brn	Start	0	0	0	1	2	0	0
Status	brn	Start	0	0	0	1	3	0	0
Status	brn	Start	0	0	0	1	4	0	0
Status	brn	Start	0	0	1	0	0	1	1
Status	brn	Start	0	0	1	0	1	1	1
Status	brn	Start	0	0	1	0	2	1	1
Status	brn	Start	0	0	1	0	3	1	1
Status	brn	Start	0	0	1	0	4	1	1
Status	brn	Start	0	0	1	1	0	0	0
Status	brn	Start	0	0	1	1	1	0	0
Status	brn	Start	0	0	1	1	2	0	0
Status	brn	Start	0	0	1	1	3	0	0
Status	brn	Start	0	0	1	1	4	0	0
Status	brn	Start	0	1	0	0	0	1	1
Status	brn	Start	0	1	0	0	1	1	1
Status	brn	Start	0	1	0	0	2	1	1
Status	brn	Start	0	1	0	0	3	1	1
Status	brn	Start	0	1	0	0	4	1	1
Status	brn	Start	0	1	0	1	0	0	0
Status	brn	Start	0	1	0	1	1	0	0
Status	brn	Start	0	1	0	1	2	0	0
Status	brn	Start	0	1	0	1	3	0	0
Status	brn	Start	0	1	0	1	4	0	0
Status	brn	Start	0	1	1	0	0	1	1
Status	brn	Start	0	1	1	0	1	1	1
Status	brn	Start	0	1	1	0	2	1	1
Status	brn	Start	0	1	1	0	3	1	1
Status	brn	Start	0	1	1	0	4	1	1
Status	brn	Start	0	1	1	1	0	0	0
Status	brn	Start	0	1	1	1	1	0	0
Status	brn	Start	0	1	1	1	2	0	0
Status	brn	Start	0	1	1	1	3	0	0
Status	brn	Start	0	1	1	1	4	0	0
Status	brn	Start	0	2	0	0	0	1	1
Status	brn	Start	0	2	0	0	1	1	1
Status	brn	Start	0	2	0	0	2	1	1
Status	brn	Start	0	2	0	0	3	1	1
Status	brn	Start	0	2	0	0	4	1	1
Status	brn	Start	0	2	0	1	0	0	0
Status	brn	Start	0	2	0	1	1	0	0
Status	brn	Start	0	2	0	1	2	0	0
Status	brn	Start	0	2	0	1	3	0	0
Status	brn	Start	0	2	0	1	4	0	0
Status	brn	Start	0	2	1	0	0	1	1
Status	brn	Start	0	2	1	0	1	1	1
Status	brn	Start	0	2	1	0	2	1	1
Status	brn	Start	0	2	1	0	3	1	1
Status	brn	Start	0	2	1	0	4	1	1
Status	brn	Start	0	2	1	1	0	0	0
Status	brn	Start	0	2	1	1	1	0	0
Status	brn	Start	0	2	1	1	2	0	0
Status	brn	Start	0	2	1	1	3	0	0
Status	brn	Start	0	2	1	1	4	0	0
Status	brn	Start	0	3	0	0	0	1	1
Status	brn	Start	0	3	0	0	1	1	1
Status	brn	Start	0	3	0	0	2	1	1
Status	brn	Start	0	3	0	0	3	1	1
Status	brn	Start	0	3	0	0	4	1	1
Status	brn	Start	0	3	0	1	0	0	0
Status	brn	Start	0	3	0	1	1	0	0
Status	brn	Start	0	3	0	1	2	0	0
Status	brn	Start	0	3	0	1	3	0	0
Status	brn	Start	0	3	0	1	4	0	0
Status	brn	Start	0	3	1	0	0	1	1
Status	brn	Start	0	3	1	0	1	1	1
Status	brn	Start	0	3	1	0	2	1	1
Status	brn	Start	0	3	1	0	3	1	1
Status	brn	Start	0	3	1	0	4	1	1
Status	brn	Start	0	3	1	1	0	0	0
Status	brn	Start	0	3	1	1	1	0	0
Status	brn	Start	0	3	1	1	2	0	0
Status	brn	Start	0	3	1	1	3	0	0
Status	brn	Start	0	3	1	1	4	0	0
Status	brn	Start	1	0	0	0	0	1	1
Status	brn	Start	1	0	0	0	1	1	1
Status	brn	Start	1	0	0	0	2	1	1
Status	brn	Start	1	0	0	0	3	1	1
Status	brn	Start	1	0	0	0	4	1	1
Status	brn	Start	1	0	0	1	0	0	0
Status	brn	Start	1	0	0	1	1	0	0
Status	brn	Start	1	0	0	1	2	0	0
Status	brn	Start	1	0	0	1	3	0	0
Status	brn	Start	1	0	0	1	4	0	0
Status	brn	Start	1	0	1	0	0	1	1
Status	brn	Start	1	0	1	0	1	1	1
Status	brn	Start	1	0	1	0	2	1	1
Status	brn	Start	1	0	1	0	3	1	1
Status	brn	Start	1	0	1	0	4	1	1
Status	brn	Start	1	0	1	1	0	0	0
Status	brn	Start	1	0	1	1	1	0	0
Status	brn	Start	1	0	1	1	2	0	0
Status	brn	Start	1	0	1	1	3	0	0
Status	brn	Start	1	0	1	1	4	0	0
Status	brn	Start	1	1	0	0	0	1	1
Status	brn	Start	1	1	0	0	1	1	1
Status	brn	Start	1	1	0	0	2	1	1
Status	brn	Start	1	1	0	0	3	1	1
Status	brn	Start	1	1	0	0	4	1	1
Status	brn	Start	1	1	0	1	0	0	0
Status	brn	Start	1	1	0	1	1	0	0
Status	brn	Start	1	1	0	1	2	0	0
Status	brn	Start	1	1	0	1	3	0	0
Status	brn	Start	1	1	0	1	4	0	0
Status	brn	Start	1	1	1	0	0	1	1
Status	brn	Start	1	1	1	0	1	1	1
Status	brn	Start	1	1	1	0	2	1	1
Status	brn	Start	1	1	1	0	3	1	1
Status	brn	Start	1	1	1	0	4	1	1
Status	brn	Start	1	1	1	1	0	0	0
Status	brn	Start	1	1	1	1	1	0	0
Status	brn	Start	1	1	1	1	2	0	0
Status	brn	Start	1	1	1	1	3	0	0
Status	brn	Start	1	1	1	1	4	0	0
Status	brn	Start	1	2	0	0	0	1	1
Status	brn	Start	1	2	0	0	1	1	1
Status	brn	Start	1	2	0	0	2	1	1
Status	brn	Start	1	2	0	0	3	1	1
Status	brn	Start	1	2	0	0	4	1	1
Status	brn	Start	1	2	0	1	0	0	0
Status	brn	Start	1	2	0	1	1	0	0
Status	brn	Start	1	2	0	1	2	0	0
Status	brn	Start	1	2	0	1	3	0	0
Status	brn	Start	1	2	0	1	4	0	0
Status	brn	Start	1	2	1	0	0	1	1
Status	brn	Start	1	2	1	0	1	1	1
Status	brn	Start	1	2	1	0	2	1	1
Status	brn	Start	1	2	1	0	3	1	1
Status	brn	Start	1	2	1	0	4	1	1
Status	brn	Start	1	2	1	1	0	0	0
Status	brn	Start	1	2	1	1	1	0	0
Status	brn	Start	1	2	1	1	2	0	0
Status	brn	Start	1	2	1	1	3	0	0
Status	brn	Start	1	2	1	1	4	0	0
Status	brn	Start	1	3	0	0	0	1	1
Status	brn	Start	1	3	0	0	1	1	1
Status	brn	Start	1	3	0	0	2	1	1
Status	brn	Start	1	3	0	0	3	1	1
Status	brn	Start	1	3	0	0	4	1	1
Status	brn	Start	1	3	0	1	0	0	0
Status	brn	Start	1	3	0	1	1	0	0
Status	brn	Start	1	3	0	1	2	0	0
Status	brn	Start	1	3	0	1	3	0	0
Status	brn	Start	1	3	0	1	4	0	0
Status	brn	Start	1	3	1	0	0	1	1
Status	brn	Start	1	3	1	0	1	1	1
Status	brn	Start	1	3	1	0	2	1	1
Status	brn	Start	1	3	1	0	3	1	1
Status	brn	Start	1	3	1	0	4	1	1
Status	brn	Start	1	3	1	1	0	0	0
Status	brn	Start	1	3	1	1	1	0	0
Status	brn	Start	1	3	1	1	2	0	0
Status	brn	Start	1	3	1	1	3	0	0
Status	brn	Start	1	3	1	1	4	0	0
Status	brn	End	0	0	0	0	0	1	1
Status	brn	End	0	0	0	0	1	1	1
Status	brn	End	0	0	0	0	2	1	1
Status	brn	End	0	0	0	0	3	1	1
Status	brn	End	0	0	0	0	4	1	1
Status	brn	End	0	0	0	1	0	0	0
Status	brn	End	0	0	0	1	1	0	0
Status	brn	End	0	0	0	1	2	0	0
Status	brn	End	0	0	0	1	3	0	0
Status	brn	End	0	0	0	1	4	0	0
Status	brn	End	0	0	1	0	0	1	1
Status	brn	End	0	0	1	0	1	1	1
Status	brn	End	0	0	1	0	2	1	1
Status	brn	End	0	0	1	0	3	1	1
Status	brn	End	0	0	1	0	4	1	1
Status	brn	End	0	0	1	1	0	0	0
Status	brn	End	0	0	1	1	1	0	0
Status	brn	End	0	0	1	1	2	0	0
Status	brn	End	0	0	1	1	3	0	0
Status	brn	End	0	0	1	1	4	0	0
Status	brn	End	0	1	0	0	0	1	1
Status	brn	End	0	1	0	0	1	1	1
Status	brn	End	0	1	0	0	2	1	1
Status	brn	End	0	1	0	0	3	1	1
Status	brn	End	0	1	0	0	4	1	1
Status	brn	End	0	1	0	1	0	0	0
Status	brn	End	0	1	0	1	1	0	0
Status	brn	End	0	1	0	1	2	0	0
Status	brn	End	0	1	0	1	3	0	0
Status	brn	End	0	1	0	1	4	0	0
Status	brn	End	0	1	1	0	0	1	1
Status	brn	End	0	1	1	0	1	1	1
Status	brn	End	0	1	1	0	2	1	1
Status	brn	End	0	1	1	0	3	1	1
Status	brn	End	0	1	1	0	4	1	1
Status	brn	End	0	1	1	1	0	0	0
Status	brn	End	0	1	1	1	1	0	0
Status	brn	End	0	1	1	1	2	0	0
Status	brn	End	0	1	1	1	3	0	0
Status	brn	End	0	1	1	1	4	0	0
Status	brn	End	0	2	0	0	0	1	1
Status	brn	End	0	2	0	0	1	1	1
Status	brn	End	0	2	0	0	2	1	1
Status	brn	End	0	2	0	0	3	1	1
Status	brn	End	0	2	0	0	4	1	1
Status	brn	End	0	2	0	1	0	0	0
Status	brn	End	0	2	0	1	1	0	0
Status	brn	End	0	2	0	1	2	0	0
Status	brn	End	0	2	0	1	3	0	0
Status	brn	End	0	2	0	1	4	0	0
Status	brn	End	0	2	1	0	0	1	1
Status	brn	End	0	2	1	0	1	1	1
Status	brn	End	0	2	1	0	2	1	1
Status	brn	End	0	2	1	0	3	1	1
Status	brn	End	0	2	1	0	4	1	1
Status	brn	End	0	2	1	1	0	0	0
Status	brn	End	0	2	1	1	1	0	0
Status	brn	End	0	2	1	1	2	0	0
Status	brn	End	0	2	1	1	3	0	0
Status	brn	End	0	2	1	1	4	0	0
Status	brn	End	0	3	0	0	0	1	1
Status	brn	End	0	3	0	0	1	1	1
Status	brn	End	0	3	0	0	2	1	1
Status	brn	End	0	3	0	0	3	1	1
Status	brn	End	0	3	0	0	4	1	1
Status	brn	End	0	3	0	1	0	0	0
Status	brn	End	0	3	0	1	1	0	0
Status	brn	End	0	3	0	1	2	0	0
Status	brn	End	0	3	0	1	3	0	0
Status	brn	End	0	3	0	1	4	0	0
Status	brn	End	0	3	1	0	0	1	1
Status	brn	End	0	3	1	0	1	1	1
Status	brn	End	0	3	1	0	2	1	1
Status	brn	End	0	3	1	0	3	1	1
Status	brn	End	0	3	1	0	4	1	1
Status	brn	End	0	3	1	1	0	0	0
Status	brn	End	0	3	1	1	1	0	0
Status	brn	End	0	3	1	1	2	0	0
Status	brn	End	0	3	1	1	3	0	0
Status	brn	End	0	3	1	1	4	0	0
Status	brn	End	1	0	0	0	0	1	1
Status	brn	End	1	0	0	0	1	1	1
Status	brn	End	1	0	0	0	2	1	1
Status	brn	End	1	0	0	0	3	1	1
Status	brn	End	1	0	0	0	4	1	1
Status	brn	End	1	0	0	1	0	0	0
Status	brn	End	1	0	0	1	1	0	0
Status	brn	End	1	0	0	1	2	0	0
Status	brn	End	1	0	0	1	3	0	0
Status	brn	End	1	0	0	1	4	0	0
Status	brn	End	1	0	1	0	0	1	1
Status	brn	End	1	0	1	0	1	1	1
Status	brn	End	1	0	1	0	2	1	1
Status	brn	End	1	0	1	0	3	1	1
Status	brn	End	1	0	1	0	4	1	1
Status	brn	End	1	0	1	1	0	0	0
Status	brn	End	1	0	1	1	1	0	0
Status	brn	End	1	0	1	1	2	0	0
Status	brn	End	1	0	1	1	3	0	0
Status	brn	End	1	0	1	1	4	0	0
Status	brn	End	1	1	0	0	0	1	1
Status	brn	End	1	1	0	0	1	1	1
Status	brn	End	1	1	0	0	2	1	1
Status	brn	End	1	1	0	0	3	1	1
Status	brn	End	1	1	0	0	4	1	1
Status	brn	End	1	1	0	1	0	0	0
Status	brn	End	1	1	0	1	1	0	0
Status	brn	End	1	1	0	1	2	0	0
Status	brn	End	1	1	0	1	3	0	0
Status	brn	End	1	1	0	1	4	0	0
Status	brn	End	1	1	1	0	0	1	1
Status	brn	End	1	1	1	0	1	1	1
Status	brn	End	1	1	1	0	2	1	1
Status	brn	End	1	1	1	0	3	1	1
Status	brn	End	1	1	1	0	4	1	1
Status	brn	End	1	1	1	1	0	0	0
Status	brn	End	1	1	1	1	1	0	0
Status	brn	End	1	1	1	1	2	0	0
Status	brn	End	1	1	1	1	3	0	0
Status	brn	End	1	1	1	1	4	0	0
Status	brn	End	1	2	0	0	0	1	1
Status	brn	End	1	2	0	0	1	1	1
Status	brn	End	1	2	0	0	2	1	1
Status	brn	End	1	2	0	0	3	1	1
Status	brn	End	1	2	0	0	4	1	1
Status	brn	End	1	2	0	1	0	0	0
Status	brn	End	1	2	0	1	1	0	0
Status	brn	End	1	2	0	1	2	0	0
Status	brn	End	1	2	0	1	3	0	0
Status	brn	End	1	2	0	1	4	0	0
Status	brn	End	1	2	1	0	0	1	1
Status	brn	End	1	2	1	0	1	1	1
Status	brn	End	1	2	1	0	2	1	1
Status	brn	End	1	2	1	0	3	1	1
Status	brn	End	1	2	1	0	4	1	1
Status	brn	End	1	2	1	1	0	0	0
Status	brn	End	1	2	1	1	1	0	0
Status	brn	End	1	2	1	1	2	0	0
Status	brn	End	1	2	1	1	3	0	0
Status	brn	End	1	2	1	1	4	0	0
Status	brn	End	1	3	0	0	0	1	1
Status	brn	End	1	3	0	0	1	1	1
Status	brn	End	1	3	0	0	2	1	1
Status	brn	End	1	3	0	0	3	1	1
Status	brn	End	1	3	0	0	4	1	1
Status	brn	End	1	3	0	1	0	0	0
Status	brn	End	1	3	0	1	1	0	0
Status	brn	End	1	3	0	1	2	0	0
Status	brn	End	1	3	0	1	3	0	0
Status	brn	End	1	3	0	1	4	0	0
Status	brn	End	1	3	1	0	0	1	1
Status	brn	End	1	3	1	0	1	1	1
Status	brn	End	1	3	1	0	2	1	1
Status	brn	End	1	3	1	0	3	1	1
Status	brn	End	1	3	1	0	4	1	1
Status	brn	End	1	3	1	1	0	0	0
Status	brn	End	1	3	1	1	1	0	0
Status	brn	End	1	3	1	1	2	0	0
Status	brn	End	1	3	1	1	3	0	0
Status	brn	End	1	3	1	1	4	0	0
Status	brn	SwitchIn	0	0	0	0	0	1	1
Status	brn	SwitchIn	0	0	0	0	1	1	1
Status	brn	SwitchIn	0	0	0	0	2	1	1
Status	brn	SwitchIn	0	0	0	0	3	1	1
Status	brn	SwitchIn	0	0	0	0	4	1	1
Status	brn	SwitchIn	0	0	0	1	0	0	0
Status	brn	SwitchIn	0	0	0	1	1	0	0
Status	brn	SwitchIn	0	0	0	1	2	0	0
Status	brn	SwitchIn	0	0	0	1	3	0	0
Status	brn	SwitchIn	0	0	0	1	4	0	0
Status	brn	SwitchIn	0	0	1	0	0	1	1
Status	brn	SwitchIn	0	0	1	0	1	1	1
Status	brn	SwitchIn	0	0	1	0	2	1	1
Status	brn	SwitchIn	0	0	1	0	3	1	1
Status	brn	SwitchIn	0	0	1	0	4	1	1
Status	brn	SwitchIn	0	0	1	1	0	0	0
Status	brn	SwitchIn	0	0	1	1	1	0	0
Status	brn	SwitchIn	0	0	1	1	2	0	0
Status	brn	SwitchIn	0	0	1	1	3	0	0
Status	brn	SwitchIn	0	0	1	1	4	0	0
Status	brn	SwitchIn	0	1	0	0	0	1	1
Status	brn	SwitchIn	0	1	0	0	1	1	1
Status	brn	SwitchIn	0	1	0	0	2	1	1
Status	brn	SwitchIn	0	1	0	0	3	1	1
Status	brn	SwitchIn	0	1	0	0	4	1	1
Status	brn	SwitchIn	0	1	0	1	0	0	0
Status	brn	SwitchIn	0	1	0	1	1	0	0
Status	brn	SwitchIn	0	1	0	1	2	0	0
Status	brn	SwitchIn	0	1	0	1	3	0	0
Status	brn	SwitchIn	0	1	0	1	4	0	0
Status	brn	SwitchIn	0	1	1	0	0	1	1
Status	brn	SwitchIn	0	1	1	0	1	1	1
Status	brn	SwitchIn	0	1	1	0	2	1	1
Status	brn	SwitchIn	0	1	1	0	3	1	1
Status	brn	SwitchIn	0	1	1	0	4	1	1
Status	brn	SwitchIn	0	1	1	1	0	0	0
Status	brn	SwitchIn	0	1	1	1	1	0	0
Status	brn	SwitchIn	0	1	1	1	2	0	0
Status	brn	SwitchIn	0	1	1	1	3	0	0
Status	brn	SwitchIn	0	1	1	1	4	0	0
Status	brn	SwitchIn	0	2	0	0	0	1	1
Status	brn	SwitchIn	0	2	0	0	1	1	1
Status	brn	SwitchIn	0	2	0	0	2	1	1
Status	brn	SwitchIn	0	2	0	0	3	1	1
Status	brn	SwitchIn	0	2	0	0	4	1	1
Status	brn	SwitchIn	0	2	0	1	0	0	0
Status	brn	SwitchIn	0	2	0	1	1	0	0
Status	brn	SwitchIn	0	2	0	1	2	0	0
Status	brn	SwitchIn	0	2	0	1	3	0	0
Status	brn	SwitchIn	0	2	0	1	4	0	0
Status	brn	SwitchIn	0	2	1	0	0	1	1
Status	brn	SwitchIn	0	2	1	0	1	1	1
Status	brn	SwitchIn	0	2	1	0	2	1	1
Status	brn	SwitchIn	0	2	1	0	3	1	1
Status	brn	SwitchIn	0	2	1	0	4	1	1
Status	brn	SwitchIn	0	2	1	1	0	0	0
Status	brn	SwitchIn	0	2	1	1	1	0	0
Status	brn	SwitchIn	0	2	1	1	2	0	0
Status	brn	SwitchIn	0	2	1	1	3	0	0
Status	brn	SwitchIn	0	2	1	1	4	0	0
Status	brn	SwitchIn	0	3	0	0	0	1	1
Status	brn	SwitchIn	0	3	0	0	1	1	1
Status	brn	SwitchIn	0	3	0	0	2	1	1
Status	brn	SwitchIn	0	3	0	0	3	1	1
Status	brn	SwitchIn	0	3	0	0	4	1	1
Status	brn	SwitchIn	0	3	0	1	0	0	0
Status	brn	SwitchIn	0	3	0	1	1	0	0
Status	brn	SwitchIn	0	3	0	1	2	0	0
Status	brn	SwitchIn	0	3	0	1	3	0	0
Status	brn	SwitchIn	0	3	0	1	4	0	0
Status	brn	SwitchIn	0	3	1	0	0	1	1
Status	brn	SwitchIn	0	3	1	0	1	1	1
Status	brn	SwitchIn	0	3	1	0	2	1	1
Status	brn	SwitchIn	0	3	1	0	3	1	1
Status	brn	SwitchIn	0	3	1	0	4	1	1
Status	brn	SwitchIn	0	3	1	1	0	0	0
Status	brn	SwitchIn	0	3	1	1	1	0	0
Status	brn	SwitchIn	0	3	1	1	2	0	0
Status	brn	SwitchIn	0	3	1	1	3	0	0
Status	brn	SwitchIn	0	3	1	1	4	0	0
Status	brn	SwitchIn	1	0	0	0	0	1	1
Status	brn	SwitchIn	1	0	0	0	1	1	1
Status	brn	SwitchIn	1	0	0	0	2	1	1
Status	brn	SwitchIn	1	0	0	0	3	1	1
Status	brn	SwitchIn	1	0	0	0	4	1	1
Status	brn	SwitchIn	1	0	0	1	0	0	0
Status	brn	SwitchIn	1	0	0	1	1	0	0
Status	brn	SwitchIn	1	0	0	1	2	0	0
Status	brn	SwitchIn	1	0	0	1	3	0	0
Status	brn	SwitchIn	1	0	0	1	4	0	0
Status	brn	SwitchIn	1	0	1	0	0	1	1
Status	brn	SwitchIn	1	0	1	0	1	1	1
Status	brn	SwitchIn	1	0	1	0	2	1	1
Status	brn	SwitchIn	1	0	1	0	3	1	1
Status	brn	SwitchIn	1	0	1	0	4	1	1
Status	brn	SwitchIn	1	0	1	1	0	0	0
Status	brn	SwitchIn	1	0	1	1	1	0	0
Status	brn	SwitchIn	1	0	1	1	2	0	0
Status	brn	SwitchIn	1	0	1	1	3	0	0
Status	brn	SwitchIn	1	0	1	1	4	0	0
Status	brn	SwitchIn	1	1	0	0	0	1	1
Status	brn	SwitchIn	1	1	0	0	1	1	1
Status	brn	SwitchIn	1	1	0	0	2	1	1
Status	brn	SwitchIn	1	1	0	0	3	1	1
Status	brn	SwitchIn	1	1	0	0	4	1	1
Status	brn	SwitchIn	1	1	0	1	0	0	0
Status	brn	SwitchIn	1	1	0	1	1	0	0
Status	brn	SwitchIn	1	1	0	1	2	0	0
Status	brn	SwitchIn	1	1	0	1	3	0	0
Status	brn	SwitchIn	1	1	0	1	4	0	0
Status	brn	SwitchIn	1	1	1	0	0	1	1
Status	brn	SwitchIn	1	1	1	0	1	1	1
Status	brn	SwitchIn	1	1	1	0	2	1	1
Status	brn	SwitchIn	1	1	1	0	3	1	1
Status	brn	SwitchIn	1	1	1	0	4	1	1
Status	brn	SwitchIn	1	1	1	1	0	0	0
Status	brn	SwitchIn	1	1	1	1	1	0	0
Status	brn	SwitchIn	1	1	1	1	2	0	0
Status	brn	SwitchIn	1	1	1	1	3	0	0
Status	brn	SwitchIn	1	1	1	1	4	0	0
Status	brn	SwitchIn	1	2	0	0	0	1	1
Status	brn	SwitchIn	1	2	0	0	1	1	1
Status	brn	SwitchIn	1	2	0	0	2	1	1
Status	brn	SwitchIn	1	2	0	0	3	1	1
Status	brn	SwitchIn	1	2	0	0	4	1	1
Status	brn	SwitchIn	1	2	0	1	0	0	0
Status	brn	SwitchIn	1	2	0	1	1	0	0
Status	brn	SwitchIn	1	2	0	1	2	0	0
Status	brn	SwitchIn	1	2	0	1	3	0	0
Status	brn	SwitchIn	1	2	0	1	4	0	0
Status	brn	SwitchIn	1	2	1	0	0	1	1
Status	brn	SwitchIn	1	2	1	0	1	1	1
Status	brn	SwitchIn	1	2	1	0	2	1	1
Status	brn	SwitchIn	1	2	1	0	3	1	1
Status	brn	SwitchIn	1	2	1	0	4	1	1
Status	brn	SwitchIn	1	2	1	1	0	0	0
Status	brn	SwitchIn	1	2	1	1	1	0	0
Status	brn	SwitchIn	1	2	1	1	2	0	0
Status	brn	SwitchIn	1	2	1	1	3	0	0
Status	brn	SwitchIn	1	2	1	1	4	0	0
Status	brn	SwitchIn	1	3	0	0	0	1	1
Status	brn	SwitchIn	1	3	0	0	1	1	1
Status	brn	SwitchIn	1	3	0	0	2	1	1
Status	brn	SwitchIn	1	3	0	0	3	1	1
Status	brn	SwitchIn	1	3	0	0	4	1	1
Status	brn	SwitchIn	1	3	0	1	0	0	0
Status	brn	SwitchIn	1	3	0	1	1	0	0
Status	brn	SwitchIn	1	3	0	1	2	0	0
Status	brn	SwitchIn	1	3	0	1	3	0	0
Status	brn	SwitchIn	1	3	0	1	4	0	0
Status	brn	SwitchIn	1	3	1	0	0	1	1
Status	brn	SwitchIn	1	3	1	0	1	1	1
Status	brn	SwitchIn	1	3	1	0	2	1	1
Status	brn	SwitchIn	1	3	1	0	3	1	1
Status	brn	SwitchIn	1	3	1	0	4	1	1
Status	brn	SwitchIn	1	3	1	1	0	0	0
Status	brn	SwitchIn	1	3	1	1	1	0	0
Status	brn	SwitchIn	1	3	1	1	2	0	0
Status	brn	SwitchIn	1	3	1	1	3	0	0
Status	brn	SwitchIn	1	3	1	1	4	0	0
Status	brn	TakeItem	0	0	0	0	0	1	1
Status	brn	TakeItem	0	0	0	0	1	1	1
Status	brn	TakeItem	0	0	0	0	2	1	1
Status	brn	TakeItem	0	0	0	0	3	1	1
Status	brn	TakeItem	0	0	0	0	4	1	1
Status	brn	TakeItem	0	0	0	1	0	0	0
Status	brn	TakeItem	0	0	0	1	1	0	0
Status	brn	TakeItem	0	0	0	1	2	0	0
Status	brn	TakeItem	0	0	0	1	3	0	0
Status	brn	TakeItem	0	0	0	1	4	0	0
Status	brn	TakeItem	0	0	1	0	0	1	1
Status	brn	TakeItem	0	0	1	0	1	1	1
Status	brn	TakeItem	0	0	1	0	2	1	1
Status	brn	TakeItem	0	0	1	0	3	1	1
Status	brn	TakeItem	0	0	1	0	4	1	1
Status	brn	TakeItem	0	0	1	1	0	0	0
Status	brn	TakeItem	0	0	1	1	1	0	0
Status	brn	TakeItem	0	0	1	1	2	0	0
Status	brn	TakeItem	0	0	1	1	3	0	0
Status	brn	TakeItem	0	0	1	1	4	0	0
Status	brn	TakeItem	0	1	0	0	0	1	1
Status	brn	TakeItem	0	1	0	0	1	1	1
Status	brn	TakeItem	0	1	0	0	2	1	1
Status	brn	TakeItem	0	1	0	0	3	1	1
Status	brn	TakeItem	0	1	0	0	4	1	1
Status	brn	TakeItem	0	1	0	1	0	0	0
Status	brn	TakeItem	0	1	0	1	1	0	0
Status	brn	TakeItem	0	1	0	1	2	0	0
Status	brn	TakeItem	0	1	0	1	3	0	0
Status	brn	TakeItem	0	1	0	1	4	0	0
Status	brn	TakeItem	0	1	1	0	0	1	1
Status	brn	TakeItem	0	1	1	0	1	1	1
Status	brn	TakeItem	0	1	1	0	2	1	1
Status	brn	TakeItem	0	1	1	0	3	1	1
Status	brn	TakeItem	0	1	1	0	4	1	1
Status	brn	TakeItem	0	1	1	1	0	0	0
Status	brn	TakeItem	0	1	1	1	1	0	0
Status	brn	TakeItem	0	1	1	1	2	0	0
Status	brn	TakeItem	0	1	1	1	3	0	0
Status	brn	TakeItem	0	1	1	1	4	0	0
Status	brn	TakeItem	0	2	0	0	0	1	1
Status	brn	TakeItem	0	2	0	0	1	1	1
Status	brn	TakeItem	0	2	0	0	2	1	1
Status	brn	TakeItem	0	2	0	0	3	1	1
Status	brn	TakeItem	0	2	0	0	4	1	1
Status	brn	TakeItem	0	2	0	1	0	0	0
Status	brn	TakeItem	0	2	0	1	1	0	0
Status	brn	TakeItem	0	2	0	1	2	0	0
Status	brn	TakeItem	0	2	0	1	3	0	0
Status	brn	TakeItem	0	2	0	1	4	0	0
Status	brn	TakeItem	0	2	1	0	0	1	1
Status	brn	TakeItem	0	2	1	0	1	1	1
Status	brn	TakeItem	0	2	1	0	2	1	1
Status	brn	TakeItem	0	2	1	0	3	1	1
Status	brn	TakeItem	0	2	1	0	4	1	1
Status	brn	TakeItem	0	2	1	1	0	0	0
Status	brn	TakeItem	0	2	1	1	1	0	0
Status	brn	TakeItem	0	2	1	1	2	0	0
Status	brn	TakeItem	0	2	1	1	3	0	0
Status	brn	TakeItem	0	2	1	1	4	0	0
Status	brn	TakeItem	0	3	0	0	0	1	1
Status	brn	TakeItem	0	3	0	0	1	1	1
Status	brn	TakeItem	0	3	0	0	2	1	1
Status	brn	TakeItem	0	3	0	0	3	1	1
Status	brn	TakeItem	0	3	0	0	4	1	1
Status	brn	TakeItem	0	3	0	1	0	0	0
Status	brn	TakeItem	0	3	0	1	1	0	0
Status	brn	TakeItem	0	3	0	1	2	0	0
Status	brn	TakeItem	0	3	0	1	3	0	0
Status	brn	TakeItem	0	3	0	1	4	0	0
Status	brn	TakeItem	0	3	1	0	0	1	1
Status	brn	TakeItem	0	3	1	0	1	1	1
Status	brn	TakeItem	0	3	1	0	2	1	1
Status	brn	TakeItem	0	3	1	0	3	1	1
Status	brn	TakeItem	0	3	1	0	4	1	1
Status	brn	TakeItem	0	3	1	1	0	0	0
Status	brn	TakeItem	0	3	1	1	1	0	0
Status	brn	TakeItem	0	3	1	1	2	0	0
Status	brn	TakeItem	0	3	1	1	3	0	0
Status	brn	TakeItem	0	3	1	1	4	0	0
Status	brn	TakeItem	1	0	0	0	0	1	1
Status	brn	TakeItem	1	0	0	0	1	1	1
Status	brn	TakeItem	1	0	0	0	2	1	1
Status	brn	TakeItem	1	0	0	0	3	1	1
Status	brn	TakeItem	1	0	0	0	4	1	1
Status	brn	TakeItem	1	0	0	1	0	0	0
Status	brn	TakeItem	1	0	0	1	1	0	0
Status	brn	TakeItem	1	0	0	1	2	0	0
Status	brn	TakeItem	1	0	0	1	3	0	0
Status	brn	TakeItem	1	0	0	1	4	0	0
Status	brn	TakeItem	1	0	1	0	0	1	1
Status	brn	TakeItem	1	0	1	0	1	1	1
Status	brn	TakeItem	1	0	1	0	2	1	1
Status	brn	TakeItem	1	0	1	0	3	1	1
Status	brn	TakeItem	1	0	1	0	4	1	1
Status	brn	TakeItem	1	0	1	1	0	0	0
Status	brn	TakeItem	1	0	1	1	1	0	0
Status	brn	TakeItem	1	0	1	1	2	0	0
Status	brn	TakeItem	1	0	1	1	3	0	0
Status	brn	TakeItem	1	0	1	1	4	0	0
Status	brn	TakeItem	1	1	0	0	0	1	1
Status	brn	TakeItem	1	1	0	0	1	1	1
Status	brn	TakeItem	1	1	0	0	2	1	1
Status	brn	TakeItem	1	1	0	0	3	1	1
Status	brn	TakeItem	1	1	0	0	4	1	1
Status	brn	TakeItem	1	1	0	1	0	0	0
Status	brn	TakeItem	1	1	0	1	1	0	0
Status	brn	TakeItem	1	1	0	1	2	0	0
Status	brn	TakeItem	1	1	0	1	3	0	0
Status	brn	TakeItem	1	1	0	1	4	0	0
Status	brn	TakeItem	1	1	1	0	0	1	1
Status	brn	TakeItem	1	1	1	0	1	1	1
Status	brn	TakeItem	1	1	1	0	2	1	1
Status	brn	TakeItem	1	1	1	0	3	1	1
Status	brn	TakeItem	1	1	1	0	4	1	1
Status	brn	TakeItem	1	1	1	1	0	0	0
Status	brn	TakeItem	1	1	1	1	1	0	0
Status	brn	TakeItem	1	1	1	1	2	0	0
Status	brn	TakeItem	1	1	1	1	3	0	0
Status	brn	TakeItem	1	1	1	1	4	0	0
Status	brn	TakeItem	1	2	0	0	0	1	1
Status	brn	TakeItem	1	2	0	0	1	1	1
Status	brn	TakeItem	1	2	0	0	2	1	1
Status	brn	TakeItem	1	2	0	0	3	1	1
Status	brn	TakeItem	1	2	0	0	4	1	1
Status	brn	TakeItem	1	2	0	1	0	0	0
Status	brn	TakeItem	1	2	0	1	1	0	0
Status	brn	TakeItem	1	2	0	1	2	0	0
Status	brn	TakeItem	1	2	0	1	3	0	0
Status	brn	TakeItem	1	2	0	1	4	0	0
Status	brn	TakeItem	1	2	1	0	0	1	1
Status	brn	TakeItem	1	2	1	0	1	1	1
Status	brn	TakeItem	1	2	1	0	2	1	1
Status	brn	TakeItem	1	2	1	0	3	1	1
Status	brn	TakeItem	1	2	1	0	4	1	1
Status	brn	TakeItem	1	2	1	1	0	0	0
Status	brn	TakeItem	1	2	1	1	1	0	0
Status	brn	TakeItem	1	2	1	1	2	0	0
Status	brn	TakeItem	1	2	1	1	3	0	0
Status	brn	TakeItem	1	2	1	1	4	0	0
Status	brn	TakeItem	1	3	0	0	0	1	1
Status	brn	TakeItem	1	3	0	0	1	1	1
Status	brn	TakeItem	1	3	0	0	2	1	1
Status	brn	TakeItem	1	3	0	0	3	1	1
Status	brn	TakeItem	1	3	0	0	4	1	1
Status	brn	TakeItem	1	3	0	1	0	0	0
Status	brn	TakeItem	1	3	0	1	1	0	0
Status	brn	TakeItem	1	3	0	1	2	0	0
Status	brn	TakeItem	1	3	0	1	3	0	0
Status	brn	TakeItem	1	3	0	1	4	0	0
Status	brn	TakeItem	1	3	1	0	0	1	1
Status	brn	TakeItem	1	3	1	0	1	1	1
Status	brn	TakeItem	1	3	1	0	2	1	1
Status	brn	TakeItem	1	3	1	0	3	1	1
Status	brn	TakeItem	1	3	1	0	4	1	1
Status	brn	TakeItem	1	3	1	1	0	0	0
Status	brn	TakeItem	1	3	1	1	1	0	0
Status	brn	TakeItem	1	3	1	1	2	0	0
Status	brn	TakeItem	1	3	1	1	3	0	0
Status	brn	TakeItem	1	3	1	1	4	0	0
Status	brn	SetAbility	0	0	0	0	0	1	1
Status	brn	SetAbility	0	0	0	0	1	1	1
Status	brn	SetAbility	0	0	0	0	2	1	1
Status	brn	SetAbility	0	0	0	0	3	1	1
Status	brn	SetAbility	0	0	0	0	4	1	1
Status	brn	SetAbility	0	0	0	1	0	0	0
Status	brn	SetAbility	0	0	0	1	1	0	0
Status	brn	SetAbility	0	0	0	1	2	0	0
Status	brn	SetAbility	0	0	0	1	3	0	0
Status	brn	SetAbility	0	0	0	1	4	0	0
Status	brn	SetAbility	0	0	1	0	0	1	1
Status	brn	SetAbility	0	0	1	0	1	1	1
Status	brn	SetAbility	0	0	1	0	2	1	1
Status	brn	SetAbility	0	0	1	0	3	1	1
Status	brn	SetAbility	0	0	1	0	4	1	1
Status	brn	SetAbility	0	0	1	1	0	0	0
Status	brn	SetAbility	0	0	1	1	1	0	0
Status	brn	SetAbility	0	0	1	1	2	0	0
Status	brn	SetAbility	0	0	1	1	3	0	0
Status	brn	SetAbility	0	0	1	1	4	0	0
Status	brn	SetAbility	0	1	0	0	0	1	1
Status	brn	SetAbility	0	1	0	0	1	1	1
Status	brn	SetAbility	0	1	0	0	2	1	1
Status	brn	SetAbility	0	1	0	0	3	1	1
Status	brn	SetAbility	0	1	0	0	4	1	1
Status	brn	SetAbility	0	1	0	1	0	0	0
Status	brn	SetAbility	0	1	0	1	1	0	0
Status	brn	SetAbility	0	1	0	1	2	0	0
Status	brn	SetAbility	0	1	0	1	3	0	0
Status	brn	SetAbility	0	1	0	1	4	0	0
Status	brn	SetAbility	0	1	1	0	0	1	1
Status	brn	SetAbility	0	1	1	0	1	1	1
Status	brn	SetAbility	0	1	1	0	2	1	1
Status	brn	SetAbility	0	1	1	0	3	1	1
Status	brn	SetAbility	0	1	1	0	4	1	1
Status	brn	SetAbility	0	1	1	1	0	0	0
Status	brn	SetAbility	0	1	1	1	1	0	0
Status	brn	SetAbility	0	1	1	1	2	0	0
Status	brn	SetAbility	0	1	1	1	3	0	0
Status	brn	SetAbility	0	1	1	1	4	0	0
Status	brn	SetAbility	0	2	0	0	0	1	1
Status	brn	SetAbility	0	2	0	0	1	1	1
Status	brn	SetAbility	0	2	0	0	2	1	1
Status	brn	SetAbility	0	2	0	0	3	1	1
Status	brn	SetAbility	0	2	0	0	4	1	1
Status	brn	SetAbility	0	2	0	1	0	0	0
Status	brn	SetAbility	0	2	0	1	1	0	0
Status	brn	SetAbility	0	2	0	1	2	0	0
Status	brn	SetAbility	0	2	0	1	3	0	0
Status	brn	SetAbility	0	2	0	1	4	0	0
Status	brn	SetAbility	0	2	1	0	0	1	1
Status	brn	SetAbility	0	2	1	0	1	1	1
Status	brn	SetAbility	0	2	1	0	2	1	1
Status	brn	SetAbility	0	2	1	0	3	1	1
Status	brn	SetAbility	0	2	1	0	4	1	1
Status	brn	SetAbility	0	2	1	1	0	0	0
Status	brn	SetAbility	0	2	1	1	1	0	0
Status	brn	SetAbility	0	2	1	1	2	0	0
Status	brn	SetAbility	0	2	1	1	3	0	0
Status	brn	SetAbility	0	2	1	1	4	0	0
Status	brn	SetAbility	0	3	0	0	0	1	1
Status	brn	SetAbility	0	3	0	0	1	1	1
Status	brn	SetAbility	0	3	0	0	2	1	1
Status	brn	SetAbility	0	3	0	0	3	1	1
Status	brn	SetAbility	0	3	0	0	4	1	1
Status	brn	SetAbility	0	3	0	1	0	0	0
Status	brn	SetAbility	0	3	0	1	1	0	0
Status	brn	SetAbility	0	3	0	1	2	0	0
Status	brn	SetAbility	0	3	0	1	3	0	0
Status	brn	SetAbility	0	3	0	1	4	0	0
Status	brn	SetAbility	0	3	1	0	0	1	1
Status	brn	SetAbility	0	3	1	0	1	1	1
Status	brn	SetAbility	0	3	1	0	2	1	1
Status	brn	SetAbility	0	3	1	0	3	1	1
Status	brn	SetAbility	0	3	1	0	4	1	1
Status	brn	SetAbility	0	3	1	1	0	0	0
Status	brn	SetAbility	0	3	1	1	1	0	0
Status	brn	SetAbility	0	3	1	1	2	0	0
Status	brn	SetAbility	0	3	1	1	3	0	0
Status	brn	SetAbility	0	3	1	1	4	0	0
Status	brn	SetAbility	1	0	0	0	0	1	1
Status	brn	SetAbility	1	0	0	0	1	1	1
Status	brn	SetAbility	1	0	0	0	2	1	1
Status	brn	SetAbility	1	0	0	0	3	1	1
Status	brn	SetAbility	1	0	0	0	4	1	1
Status	brn	SetAbility	1	0	0	1	0	0	0
Status	brn	SetAbility	1	0	0	1	1	0	0
Status	brn	SetAbility	1	0	0	1	2	0	0
Status	brn	SetAbility	1	0	0	1	3	0	0
Status	brn	SetAbility	1	0	0	1	4	0	0
Status	brn	SetAbility	1	0	1	0	0	1	1
Status	brn	SetAbility	1	0	1	0	1	1	1
Status	brn	SetAbility	1	0	1	0	2	1	1
Status	brn	SetAbility	1	0	1	0	3	1	1
Status	brn	SetAbility	1	0	1	0	4	1	1
Status	brn	SetAbility	1	0	1	1	0	0	0
Status	brn	SetAbility	1	0	1	1	1	0	0
Status	brn	SetAbility	1	0	1	1	2	0	0
Status	brn	SetAbility	1	0	1	1	3	0	0
Status	brn	SetAbility	1	0	1	1	4	0	0
Status	brn	SetAbility	1	1	0	0	0	1	1
Status	brn	SetAbility	1	1	0	0	1	1	1
Status	brn	SetAbility	1	1	0	0	2	1	1
Status	brn	SetAbility	1	1	0	0	3	1	1
Status	brn	SetAbility	1	1	0	0	4	1	1
Status	brn	SetAbility	1	1	0	1	0	0	0
Status	brn	SetAbility	1	1	0	1	1	0	0
Status	brn	SetAbility	1	1	0	1	2	0	0
Status	brn	SetAbility	1	1	0	1	3	0	0
Status	brn	SetAbility	1	1	0	1	4	0	0
Status	brn	SetAbility	1	1	1	0	0	1	1
Status	brn	SetAbility	1	1	1	0	1	1	1
Status	brn	SetAbility	1	1	1	0	2	1	1
Status	brn	SetAbility	1	1	1	0	3	1	1
Status	brn	SetAbility	1	1	1	0	4	1	1
Status	brn	SetAbility	1	1	1	1	0	0	0
Status	brn	SetAbility	1	1	1	1	1	0	0
Status	brn	SetAbility	1	1	1	1	2	0	0
Status	brn	SetAbility	1	1	1	1	3	0	0
Status	brn	SetAbility	1	1	1	1	4	0	0
Status	brn	SetAbility	1	2	0	0	0	1	1
Status	brn	SetAbility	1	2	0	0	1	1	1
Status	brn	SetAbility	1	2	0	0	2	1	1
Status	brn	SetAbility	1	2	0	0	3	1	1
Status	brn	SetAbility	1	2	0	0	4	1	1
Status	brn	SetAbility	1	2	0	1	0	0	0
Status	brn	SetAbility	1	2	0	1	1	0	0
Status	brn	SetAbility	1	2	0	1	2	0	0
Status	brn	SetAbility	1	2	0	1	3	0	0
Status	brn	SetAbility	1	2	0	1	4	0	0
Status	brn	SetAbility	1	2	1	0	0	1	1
Status	brn	SetAbility	1	2	1	0	1	1	1
Status	brn	SetAbility	1	2	1	0	2	1	1
Status	brn	SetAbility	1	2	1	0	3	1	1
Status	brn	SetAbility	1	2	1	0	4	1	1
Status	brn	SetAbility	1	2	1	1	0	0	0
Status	brn	SetAbility	1	2	1	1	1	0	0
Status	brn	SetAbility	1	2	1	1	2	0	0
Status	brn	SetAbility	1	2	1	1	3	0	0
Status	brn	SetAbility	1	2	1	1	4	0	0
Status	brn	SetAbility	1	3	0	0	0	1	1
Status	brn	SetAbility	1	3	0	0	1	1	1
Status	brn	SetAbility	1	3	0	0	2	1	1
Status	brn	SetAbility	1	3	0	0	3	1	1
Status	brn	SetAbility	1	3	0	0	4	1	1
Status	brn	SetAbility	1	3	0	1	0	0	0
Status	brn	SetAbility	1	3	0	1	1	0	0
Status	brn	SetAbility	1	3	0	1	2	0	0
Status	brn	SetAbility	1	3	0	1	3	0	0
Status	brn	SetAbility	1	3	0	1	4	0	0
Status	brn	SetAbility	1	3	1	0	0	1	1
Status	brn	SetAbility	1	3	1	0	1	1	1
Status	brn	SetAbility	1	3	1	0	2	1	1
Status	brn	SetAbility	1	3	1	0	3	1	1
Status	brn	SetAbility	1	3	1	0	4	1	1
Status	brn	SetAbility	1	3	1	1	0	0	0
Status	brn	SetAbility	1	3	1	1	1	0	0
Status	brn	SetAbility	1	3	1	1	2	0	0
Status	brn	SetAbility	1	3	1	1	3	0	0
Status	brn	SetAbility	1	3	1	1	4	0	0
Status	brn	Update	0	0	0	0	0	1	1
Status	brn	Update	0	0	0	0	1	1	1
Status	brn	Update	0	0	0	0	2	1	1
Status	brn	Update	0	0	0	0	3	1	1
Status	brn	Update	0	0	0	0	4	1	1
Status	brn	Update	0	0	0	1	0	0	0
Status	brn	Update	0	0	0	1	1	0	0
Status	brn	Update	0	0	0	1	2	0	0
Status	brn	Update	0	0	0	1	3	0	0
Status	brn	Update	0	0	0	1	4	0	0
Status	brn	Update	0	0	1	0	0	1	1
Status	brn	Update	0	0	1	0	1	1	1
Status	brn	Update	0	0	1	0	2	1	1
Status	brn	Update	0	0	1	0	3	1	1
Status	brn	Update	0	0	1	0	4	1	1
Status	brn	Update	0	0	1	1	0	0	0
Status	brn	Update	0	0	1	1	1	0	0
Status	brn	Update	0	0	1	1	2	0	0
Status	brn	Update	0	0	1	1	3	0	0
Status	brn	Update	0	0	1	1	4	0	0
Status	brn	Update	0	1	0	0	0	1	1
Status	brn	Update	0	1	0	0	1	1	1
Status	brn	Update	0	1	0	0	2	1	1
Status	brn	Update	0	1	0	0	3	1	1
Status	brn	Update	0	1	0	0	4	1	1
Status	brn	Update	0	1	0	1	0	0	0
Status	brn	Update	0	1	0	1	1	0	0
Status	brn	Update	0	1	0	1	2	0	0
Status	brn	Update	0	1	0	1	3	0	0
Status	brn	Update	0	1	0	1	4	0	0
Status	brn	Update	0	1	1	0	0	1	1
Status	brn	Update	0	1	1	0	1	1	1
Status	brn	Update	0	1	1	0	2	1	1
Status	brn	Update	0	1	1	0	3	1	1
Status	brn	Update	0	1	1	0	4	1	1
Status	brn	Update	0	1	1	1	0	0	0
Status	brn	Update	0	1	1	1	1	0	0
Status	brn	Update	0	1	1	1	2	0	0
Status	brn	Update	0	1	1	1	3	0	0
Status	brn	Update	0	1	1	1	4	0	0
Status	brn	Update	0	2	0	0	0	1	1
Status	brn	Update	0	2	0	0	1	1	1
Status	brn	Update	0	2	0	0	2	1	1
Status	brn	Update	0	2	0	0	3	1	1
Status	brn	Update	0	2	0	0	4	1	1
Status	brn	Update	0	2	0	1	0	0	0
Status	brn	Update	0	2	0	1	1	0	0
Status	brn	Update	0	2	0	1	2	0	0
Status	brn	Update	0	2	0	1	3	0	0
Status	brn	Update	0	2	0	1	4	0	0
Status	brn	Update	0	2	1	0	0	1	1
Status	brn	Update	0	2	1	0	1	1	1
Status	brn	Update	0	2	1	0	2	1	1
Status	brn	Update	0	2	1	0	3	1	1
Status	brn	Update	0	2	1	0	4	1	1
Status	brn	Update	0	2	1	1	0	0	0
Status	brn	Update	0	2	1	1	1	0	0
Status	brn	Update	0	2	1	1	2	0	0
Status	brn	Update	0	2	1	1	3	0	0
Status	brn	Update	0	2	1	1	4	0	0
Status	brn	Update	0	3	0	0	0	1	1
Status	brn	Update	0	3	0	0	1	1	1
Status	brn	Update	0	3	0	0	2	1	1
Status	brn	Update	0	3	0	0	3	1	1
Status	brn	Update	0	3	0	0	4	1	1
Status	brn	Update	0	3	0	1	0	0	0
Status	brn	Update	0	3	0	1	1	0	0
Status	brn	Update	0	3	0	1	2	0	0
Status	brn	Update	0	3	0	1	3	0	0
Status	brn	Update	0	3	0	1	4	0	0
Status	brn	Update	0	3	1	0	0	1	1
Status	brn	Update	0	3	1	0	1	1	1
Status	brn	Update	0	3	1	0	2	1	1
Status	brn	Update	0	3	1	0	3	1	1
Status	brn	Update	0	3	1	0	4	1	1
Status	brn	Update	0	3	1	1	0	0	0
Status	brn	Update	0	3	1	1	1	0	0
Status	brn	Update	0	3	1	1	2	0	0
Status	brn	Update	0	3	1	1	3	0	0
Status	brn	Update	0	3	1	1	4	0	0
Status	brn	Update	1	0	0	0	0	1	1
Status	brn	Update	1	0	0	0	1	1	1
Status	brn	Update	1	0	0	0	2	1	1
Status	brn	Update	1	0	0	0	3	1	1
Status	brn	Update	1	0	0	0	4	1	1
Status	brn	Update	1	0	0	1	0	0	0
Status	brn	Update	1	0	0	1	1	0	0
Status	brn	Update	1	0	0	1	2	0	0
Status	brn	Update	1	0	0	1	3	0	0
Status	brn	Update	1	0	0	1	4	0	0
Status	brn	Update	1	0	1	0	0	1	1
Status	brn	Update	1	0	1	0	1	1	1
Status	brn	Update	1	0	1	0	2	1	1
Status	brn	Update	1	0	1	0	3	1	1
Status	brn	Update	1	0	1	0	4	1	1
Status	brn	Update	1	0	1	1	0	0	0
Status	brn	Update	1	0	1	1	1	0	0
Status	brn	Update	1	0	1	1	2	0	0
Status	brn	Update	1	0	1	1	3	0	0
Status	brn	Update	1	0	1	1	4	0	0
Status	brn	Update	1	1	0	0	0	1	1
Status	brn	Update	1	1	0	0	1	1	1
Status	brn	Update	1	1	0	0	2	1	1
Status	brn	Update	1	1	0	0	3	1	1
Status	brn	Update	1	1	0	0	4	1	1
Status	brn	Update	1	1	0	1	0	0	0
Status	brn	Update	1	1	0	1	1	0	0
Status	brn	Update	1	1	0	1	2	0	0
Status	brn	Update	1	1	0	1	3	0	0
Status	brn	Update	1	1	0	1	4	0	0
Status	brn	Update	1	1	1	0	0	1	1
Status	brn	Update	1	1	1	0	1	1	1
Status	brn	Update	1	1	1	0	2	1	1
Status	brn	Update	1	1	1	0	3	1	1
Status	brn	Update	1	1	1	0	4	1	1
Status	brn	Update	1	1	1	1	0	0	0
Status	brn	Update	1	1	1	1	1	0	0
Status	brn	Update	1	1	1	1	2	0	0
Status	brn	Update	1	1	1	1	3	0	0
Status	brn	Update	1	1	1	1	4	0	0
Status	brn	Update	1	2	0	0	0	1	1
Status	brn	Update	1	2	0	0	1	1	1
Status	brn	Update	1	2	0	0	2	1	1
Status	brn	Update	1	2	0	0	3	1	1
Status	brn	Update	1	2	0	0	4	1	1
Status	brn	Update	1	2	0	1	0	0	0
Status	brn	Update	1	2	0	1	1	0	0
Status	brn	Update	1	2	0	1	2	0	0
Status	brn	Update	1	2	0	1	3	0	0
Status	brn	Update	1	2	0	1	4	0	0
Status	brn	Update	1	2	1	0	0	1	1
Status	brn	Update	1	2	1	0	1	1	1
Status	brn	Update	1	2	1	0	2	1	1
Status	brn	Update	1	2	1	0	3	1	1
Status	brn	Update	1	2	1	0	4	1	1
Status	brn	Update	1	2	1	1	0	0	0
Status	brn	Update	1	2	1	1	1	0	0
Status	brn	Update	1	2	1	1	2	0	0
Status	brn	Update	1	2	1	1	3	0	0
Status	brn	Update	1	2	1	1	4	0	0
Status	brn	Update	1	3	0	0	0	1	1
Status	brn	Update	1	3	0	0	1	1	1
Status	brn	Update	1	3	0	0	2	1	1
Status	brn	Update	1	3	0	0	3	1	1
Status	brn	Update	1	3	0	0	4	1	1
Status	brn	Update	1	3	0	1	0	0	0
Status	brn	Update	1	3	0	1	1	0	0
Status	brn	Update	1	3	0	1	2	0	0
Status	brn	Update	1	3	0	1	3	0	0
Status	brn	Update	1	3	0	1	4	0	0
Status	brn	Update	1	3	1	0	0	1	1
Status	brn	Update	1	3	1	0	1	1	1
Status	brn	Update	1	3	1	0	2	1	1
Status	brn	Update	1	3	1	0	3	1	1
Status	brn	Update	1	3	1	0	4	1	1
Status	brn	Update	1	3	1	1	0	0	0
Status	brn	Update	1	3	1	1	1	0	0
Status	brn	Update	1	3	1	1	2	0	0
Status	brn	Update	1	3	1	1	3	0	0
Status	brn	Update	1	3	1	1	4	0	0
Status	brn	BasePower	0	0	0	0	0	1	1
Status	brn	BasePower	0	0	0	0	1	1	1
Status	brn	BasePower	0	0	0	0	2	1	1
Status	brn	BasePower	0	0	0	0	3	1	1
Status	brn	BasePower	0	0	0	0	4	1	1
Status	brn	BasePower	0	0	0	1	0	0	0
Status	brn	BasePower	0	0	0	1	1	0	0
Status	brn	BasePower	0	0	0	1	2	0	0
Status	brn	BasePower	0	0	0	1	3	0	0
Status	brn	BasePower	0	0	0	1	4	0	0
Status	brn	BasePower	0	0	1	0	0	1	1
Status	brn	BasePower	0	0	1	0	1	1	1
Status	brn	BasePower	0	0	1	0	2	1	1
Status	brn	BasePower	0	0	1	0	3	1	1
Status	brn	BasePower	0	0	1	0	4	1	1
Status	brn	BasePower	0	0	1	1	0	0	0
Status	brn	BasePower	0	0	1	1	1	0	0
Status	brn	BasePower	0	0	1	1	2	0	0
Status	brn	BasePower	0	0	1	1	3	0	0
Status	brn	BasePower	0	0	1	1	4	0	0
Status	brn	BasePower	0	1	0	0	0	1	1
Status	brn	BasePower	0	1	0	0	1	1	1
Status	brn	BasePower	0	1	0	0	2	1	1
Status	brn	BasePower	0	1	0	0	3	1	1
Status	brn	BasePower	0	1	0	0	4	1	1
Status	brn	BasePower	0	1	0	1	0	0	0
Status	brn	BasePower	0	1	0	1	1	0	0
Status	brn	BasePower	0	1	0	1	2	0	0
Status	brn	BasePower	0	1	0	1	3	0	0
Status	brn	BasePower	0	1	0	1	4	0	0
Status	brn	BasePower	0	1	1	0	0	1	1
Status	brn	BasePower	0	1	1	0	1	1	1
Status	brn	BasePower	0	1	1	0	2	1	1
Status	brn	BasePower	0	1	1	0	3	1	1
Status	brn	BasePower	0	1	1	0	4	1	1
Status	brn	BasePower	0	1	1	1	0	0	0
Status	brn	BasePower	0	1	1	1	1	0	0
Status	brn	BasePower	0	1	1	1	2	0	0
Status	brn	BasePower	0	1	1	1	3	0	0
Status	brn	BasePower	0	1	1	1	4	0	0
Status	brn	BasePower	0	2	0	0	0	1	1
Status	brn	BasePower	0	2	0	0	1	1	1
Status	brn	BasePower	0	2	0	0	2	1	1
Status	brn	BasePower	0	2	0	0	3	1	1
Status	brn	BasePower	0	2	0	0	4	1	1
Status	brn	BasePower	0	2	0	1	0	0	0
Status	brn	BasePower	0	2	0	1	1	0	0
Status	brn	BasePower	0	2	0	1	2	0	0
Status	brn	BasePower	0	2	0	1	3	0	0
Status	brn	BasePower	0	2	0	1	4	0	0
Status	brn	BasePower	0	2	1	0	0	1	1
Status	brn	BasePower	0	2	1	0	1	1	1
Status	brn	BasePower	0	2	1	0	2	1	1
Status	brn	BasePower	0	2	1	0	3	1	1
Status	brn	BasePower	0	2	1	0	4	1	1
Status	brn	BasePower	0	2	1	1	0	0	0
Status	brn	BasePower	0	2	1	1	1	0	0
Status	brn	BasePower	0	2	1	1	2	0	0
Status	brn	BasePower	0	2	1	1	3	0	0
Status	brn	BasePower	0	2	1	1	4	0	0
Status	brn	BasePower	0	3	0	0	0	1	1
Status	brn	BasePower	0	3	0	0	1	1	1
Status	brn	BasePower	0	3	0	0	2	1	1
Status	brn	BasePower	0	3	0	0	3	1	1
Status	brn	BasePower	0	3	0	0	4	1	1
Status	brn	BasePower	0	3	0	1	0	0	0
Status	brn	BasePower	0	3	0	1	1	0	0
Status	brn	BasePower	0	3	0	1	2	0	0
Status	brn	BasePower	0	3	0	1	3	0	0
Status	brn	BasePower	0	3	0	1	4	0	0
Status	brn	BasePower	0	3	1	0	0	1	1
Status	brn	BasePower	0	3	1	0	1	1	1
Status	brn	BasePower	0	3	1	0	2	1	1
Status	brn	BasePower	0	3	1	0	3	1	1
Status	brn	BasePower	0	3	1	0	4	1	1
Status	brn	BasePower	0	3	1	1	0	0	0
Status	brn	BasePower	0	3	1	1	1	0	0
Status	brn	BasePower	0	3	1	1	2	0	0
Status	brn	BasePower	0	3	1	1	3	0	0
Status	brn	BasePower	0	3	1	1	4	0	0
Status	brn	BasePower	1	0	0	0	0	1	1
Status	brn	BasePower	1	0	0	0	1	1	1
Status	brn	BasePower	1	0	0	0	2	1	1
Status	brn	BasePower	1	0	0	0	3	1	1
Status	brn	BasePower	1	0	0	0	4	1	1
Status	brn	BasePower	1	0	0	1	0	0	0
Status	brn	BasePower	1	0	0	1	1	0	0
Status	brn	BasePower	1	0	0	1	2	0	0
Status	brn	BasePower	1	0	0	1	3	0	0
Status	brn	BasePower	1	0	0	1	4	0	0
Status	brn	BasePower	1	0	1	0	0	1	1
Status	brn	BasePower	1	0	1	0	1	1	1
Status	brn	BasePower	1	0	1	0	2	1	1
Status	brn	BasePower	1	0	1	0	3	1	1
Status	brn	BasePower	1	0	1	0	4	1	1
Status	brn	BasePower	1	0	1	1	0	0	0
Status	brn	BasePower	1	0	1	1	1	0	0
Status	brn	BasePower	1	0	1	1	2	0	0
Status	brn	BasePower	1	0	1	1	3	0	0
Status	brn	BasePower	1	0	1	1	4	0	0
Status	brn	BasePower	1	1	0	0	0	1	1
Status	brn	BasePower	1	1	0	0	1	1	1
Status	brn	BasePower	1	1	0	0	2	1	1
Status	brn	BasePower	1	1	0	0	3	1	1
Status	brn	BasePower	1	1	0	0	4	1	1
Status	brn	BasePower	1	1	0	1	0	0	0
Status	brn	BasePower	1	1	0	1	1	0	0
Status	brn	BasePower	1	1	0	1	2	0	0
Status	brn	BasePower	1	1	0	1	3	0	0
Status	brn	BasePower	1	1	0	1	4	0	0
Status	brn	BasePower	1	1	1	0	0	1	1
Status	brn	BasePower	1	1	1	0	1	1	1
Status	brn	BasePower	1	1	1	0	2	1	1
Status	brn	BasePower	1	1	1	0	3	1	1
Status	brn	BasePower	1	1	1	0	4	1	1
Status	brn	BasePower	1	1	1	1	0	0	0
Status	brn	BasePower	1	1	1	1	1	0	0
Status	brn	BasePower	1	1	1	1	2	0	0
Status	brn	BasePower	1	1	1	1	3	0	0
Status	brn	BasePower	1	1	1	1	4	0	0
Status	brn	BasePower	1	2	0	0	0	1	1
Status	brn	BasePower	1	2	0	0	1	1	1
Status	brn	BasePower	1	2	0	0	2	1	1
Status	brn	BasePower	1	2	0	0	3	1	1
Status	brn	BasePower	1	2	0	0	4	1	1
Status	brn	BasePower	1	2	0	1	0	0	0
Status	brn	BasePower	1	2	0	1	1	0	0
Status	brn	BasePower	1	2	0	1	2	0	0
Status	brn	BasePower	1	2	0	1	3	0	0
Status	brn	BasePower	1	2	0	1	4	0	0
Status	brn	BasePower	1	2	1	0	0	1	1
Status	brn	BasePower	1	2	1	0	1	1	1
Status	brn	BasePower	1	2	1	0	2	1	1
Status	brn	BasePower	1	2	1	0	3	1	1
Status	brn	BasePower	1	2	1	0	4	1	1
Status	brn	BasePower	1	2	1	1	0	0	0
Status	brn	BasePower	1	2	1	1	1	0	0
Status	brn	BasePower	1	2	1	1	2	0	0
Status	brn	BasePower	1	2	1	1	3	0	0
Status	brn	BasePower	1	2	1	1	4	0	0
Status	brn	BasePower	1	3	0	0	0	1	1
Status	brn	BasePower	1	3	0	0	1	1	1
Status	brn	BasePower	1	3	0	0	2	1	1
Status	brn	BasePower	1	3	0	0	3	1	1
Status	brn	BasePower	1	3	0	0	4	1	1
Status	brn	BasePower	1	3	0	1	0	0	0
Status	brn	BasePower	1	3	0	1	1	0	0
Status	brn	BasePower	1	3	0	1	2	0	0
Status	brn	BasePower	1	3	0	1	3	0	0
Status	brn	BasePower	1	3	0	1	4	0	0
Status	brn	BasePower	1	3	1	0	0	1	1
Status	brn	BasePower	1	3	1	0	1	1	1
Status	brn	BasePower	1	3	1	0	2	1	1
Status	brn	BasePower	1	3	1	0	3	1	1
Status	brn	BasePower	1	3	1	0	4	1	1
Status	brn	BasePower	1	3	1	1	0	0	0
Status	brn	BasePower	1	3	1	1	1	0	0
Status	brn	BasePower	1	3	1	1	2	0	0
Status	brn	BasePower	1	3	1	1	3	0	0
Status	brn	BasePower	1	3	1	1	4	0	0
Status	brn	Weather	0	0	0	0	0	1	1
Status	brn	Weather	0	0	0	0	1	1	1
Status	brn	Weather	0	0	0	0	2	1	1
Status	brn	Weather	0	0	0	0	3	1	1
Status	brn	Weather	0	0	0	0	4	1	1
Status	brn	Weather	0	0	0	1	0	0	0
Status	brn	Weather	0	0	0	1	1	0	1
Status	brn	Weather	0	0	0	1	2	0	0
Status	brn	Weather	0	0	0	1	3	0	0
Status	brn	Weather	0	0	0	1	4	0	0
Status	brn	Weather	0	0	1	0	0	1	1
Status	brn	Weather	0	0	1	0	1	1	1
Status	brn	Weather	0	0	1	0	2	1	1
Status	brn	Weather	0	0	1	0	3	1	1
Status	brn	Weather	0	0	1	0	4	1	1
Status	brn	Weather	0	0	1	1	0	0	0
Status	brn	Weather	0	0	1	1	1	0	1
Status	brn	Weather	0	0	1	1	2	0	0
Status	brn	Weather	0	0	1	1	3	0	0
Status	brn	Weather	0	0	1	1	4	0	0
Status	brn	Weather	0	1	0	0	0	1	1
Status	brn	Weather	0	1	0	0	1	1	1
Status	brn	Weather	0	1	0	0	2	1	1
Status	brn	Weather	0	1	0	0	3	1	1
Status	brn	Weather	0	1	0	0	4	1	1
Status	brn	Weather	0	1	0	1	0	0	0
Status	brn	Weather	0	1	0	1	1	0	1
Status	brn	Weather	0	1	0	1	2	0	0
Status	brn	Weather	0	1	0	1	3	0	0
Status	brn	Weather	0	1	0	1	4	0	0
Status	brn	Weather	0	1	1	0	0	1	1
Status	brn	Weather	0	1	1	0	1	1	1
Status	brn	Weather	0	1	1	0	2	1	1
Status	brn	Weather	0	1	1	0	3	1	1
Status	brn	Weather	0	1	1	0	4	1	1
Status	brn	Weather	0	1	1	1	0	0	0
Status	brn	Weather	0	1	1	1	1	0	1
Status	brn	Weather	0	1	1	1	2	0	0
Status	brn	Weather	0	1	1	1	3	0	0
Status	brn	Weather	0	1	1	1	4	0	0
Status	brn	Weather	0	2	0	0	0	1	1
Status	brn	Weather	0	2	0	0	1	1	1
Status	brn	Weather	0	2	0	0	2	1	1
Status	brn	Weather	0	2	0	0	3	1	1
Status	brn	Weather	0	2	0	0	4	1	1
Status	brn	Weather	0	2	0	1	0	0	0
Status	brn	Weather	0	2	0	1	1	0	1
Status	brn	Weather	0	2	0	1	2	0	0
Status	brn	Weather	0	2	0	1	3	0	0
Status	brn	Weather	0	2	0	1	4	0	0
Status	brn	Weather	0	2	1	0	0	1	1
Status	brn	Weather	0	2	1	0	1	1	1
Status	brn	Weather	0	2	1	0	2	1	1
Status	brn	Weather	0	2	1	0	3	1	1
Status	brn	Weather	0	2	1	0	4	1	1
Status	brn	Weather	0	2	1	1	0	0	0
Status	brn	Weather	0	2	1	1	1	0	1
Status	brn	Weather	0	2	1	1	2	0	0
Status	brn	Weather	0	2	1	1	3	0	0
Status	brn	Weather	0	2	1	1	4	0	0
Status	brn	Weather	0	3	0	0	0	1	1
Status	brn	Weather	0	3	0	0	1	1	1
Status	brn	Weather	0	3	0	0	2	1	1
Status	brn	Weather	0	3	0	0	3	1	1
Status	brn	Weather	0	3	0	0	4	1	1
Status	brn	Weather	0	3	0	1	0	0	0
Status	brn	Weather	0	3	0	1	1	0	1
Status	brn	Weather	0	3	0	1	2	0	0
Status	brn	Weather	0	3	0	1	3	0	0
Status	brn	Weather	0	3	0	1	4	0	0
Status	brn	Weather	0	3	1	0	0	1	1
Status	brn	Weather	0	3	1	0	1	1	1
Status	brn	Weather	0	3	1	0	2	1	1
Status	brn	Weather	0	3	1	0	3	1	1
Status	brn	Weather	0	3	1	0	4	1	1
Status	brn	Weather	0	3	1	1	0	0	0
Status	brn	Weather	0	3	1	1	1	0	1
Status	brn	Weather	0	3	1	1	2	0	0
Status	brn	Weather	0	3	1	1	3	0	0
Status	brn	Weather	0	3	1	1	4	0	0
Status	brn	Weather	1	0	0	0	0	1	1
Status	brn	Weather	1	0	0	0	1	1	1
Status	brn	Weather	1	0	0	0	2	1	1
Status	brn	Weather	1	0	0	0	3	1	1
Status	brn	Weather	1	0	0	0	4	1	1
Status	brn	Weather	1	0	0	1	0	0	0
Status	brn	Weather	1	0	0	1	1	0	1
Status	brn	Weather	1	0	0	1	2	0	0
Status	brn	Weather	1	0	0	1	3	0	0
Status	brn	Weather	1	0	0	1	4	0	0
Status	brn	Weather	1	0	1	0	0	1	1
Status	brn	Weather	1	0	1	0	1	1	1
Status	brn	Weather	1	0	1	0	2	1	1
Status	brn	Weather	1	0	1	0	3	1	1
Status	brn	Weather	1	0	1	0	4	1	1
Status	brn	Weather	1	0	1	1	0	0	0
Status	brn	Weather	1	0	1	1	1	0	1
Status	brn	Weather	1	0	1	1	2	0	0
Status	brn	Weather	1	0	1	1	3	0	0
Status	brn	Weather	1	0	1	1	4	0	0
Status	brn	Weather	1	1	0	0	0	1	1
Status	brn	Weather	1	1	0	0	1	1	1
Status	brn	Weather	1	1	0	0	2	1	1
Status	brn	Weather	1	1	0	0	3	1	1
Status	brn	Weather	1	1	0	0	4	1	1
Status	brn	Weather	1	1	0	1	0	0	0
Status	brn	Weather	1	1	0	1	1	0	1
Status	brn	Weather	1	1	0	1	2	0	0
Status	brn	Weather	1	1	0	1	3	0	0
Status	brn	Weather	1	1	0	1	4	0	0
Status	brn	Weather	1	1	1	0	0	1	1
Status	brn	Weather	1	1	1	0	1	1	1
Status	brn	Weather	1	1	1	0	2	1	1
Status	brn	Weather	1	1	1	0	3	1	1
Status	brn	Weather	1	1	1	0	4	1	1
Status	brn	Weather	1	1	1	1	0	0	0
Status	brn	Weather	1	1	1	1	1	0	1
Status	brn	Weather	1	1	1	1	2	0	0
Status	brn	Weather	1	1	1	1	3	0	0
Status	brn	Weather	1	1	1	1	4	0	0
Status	brn	Weather	1	2	0	0	0	1	1
Status	brn	Weather	1	2	0	0	1	1	1
Status	brn	Weather	1	2	0	0	2	1	1
Status	brn	Weather	1	2	0	0	3	1	1
Status	brn	Weather	1	2	0	0	4	1	1
Status	brn	Weather	1	2	0	1	0	0	0
Status	brn	Weather	1	2	0	1	1	0	1
Status	brn	Weather	1	2	0	1	2	0	0
Status	brn	Weather	1	2	0	1	3	0	0
Status	brn	Weather	1	2	0	1	4	0	0
Status	brn	Weather	1	2	1	0	0	1	1
Status	brn	Weather	1	2	1	0	1	1	1
Status	brn	Weather	1	2	1	0	2	1	1
Status	brn	Weather	1	2	1	0	3	1	1
Status	brn	Weather	1	2	1	0	4	1	1
Status	brn	Weather	1	2	1	1	0	0	0
Status	brn	Weather	1	2	1	1	1	0	1
Status	brn	Weather	1	2	1	1	2	0	0
Status	brn	Weather	1	2	1	1	3	0	0
Status	brn	Weather	1	2	1	1	4	0	0
Status	brn	Weather	1	3	0	0	0	1	1
Status	brn	Weather	1	3	0	0	1	1	1
Status	brn	Weather	1	3	0	0	2	1	1
Status	brn	Weather	1	3	0	0	3	1	1
Status	brn	Weather	1	3	0	0	4	1	1
Status	brn	Weather	1	3	0	1	0	0	0
Status	brn	Weather	1	3	0	1	1	0	1
Status	brn	Weather	1	3	0	1	2	0	0
Status	brn	Weather	1	3	0	1	3	0	0
Status	brn	Weather	1	3	0	1	4	0	0
Status	brn	Weather	1	3	1	0	0	1	1
Status	brn	Weather	1	3	1	0	1	1	1
Status	brn	Weather	1	3	1	0	2	1	1
Status	brn	Weather	1	3	1	0	3	1	1
Status	brn	Weather	1	3	1	0	4	1	1
Status	brn	Weather	1	3	1	1	0	0	0
Status	brn	Weather	1	3	1	1	1	0	1
Status	brn	Weather	1	3	1	1	2	0	0
Status	brn	Weather	1	3	1	1	3	0	0
Status	brn	Weather	1	3	1	1	4	0	0
Status	brn	FieldStart	0	0	0	0	0	1	1
Status	brn	FieldStart	0	0	0	0	1	1	1
Status	brn	FieldStart	0	0	0	0	2	1	1
Status	brn	FieldStart	0	0	0	0	3	1	1
Status	brn	FieldStart	0	0	0	0	4	1	1
Status	brn	FieldStart	0	0	0	1	0	0	0
Status	brn	FieldStart	0	0	0	1	1	0	0
Status	brn	FieldStart	0	0	0	1	2	0	0
Status	brn	FieldStart	0	0	0	1	3	0	0
Status	brn	FieldStart	0	0	0	1	4	0	0
Status	brn	FieldStart	0	0	1	0	0	1	1
Status	brn	FieldStart	0	0	1	0	1	1	1
Status	brn	FieldStart	0	0	1	0	2	1	1
Status	brn	FieldStart	0	0	1	0	3	1	1
Status	brn	FieldStart	0	0	1	0	4	1	1
Status	brn	FieldStart	0	0	1	1	0	0	0
Status	brn	FieldStart	0	0	1	1	1	0	0
Status	brn	FieldStart	0	0	1	1	2	0	0
Status	brn	FieldStart	0	0	1	1	3	0	0
Status	brn	FieldStart	0	0	1	1	4	0	0
Status	brn	FieldStart	0	1	0	0	0	1	1
Status	brn	FieldStart	0	1	0	0	1	1	1
Status	brn	FieldStart	0	1	0	0	2	1	1
Status	brn	FieldStart	0	1	0	0	3	1	1
Status	brn	FieldStart	0	1	0	0	4	1	1
Status	brn	FieldStart	0	1	0	1	0	0	0
Status	brn	FieldStart	0	1	0	1	1	0	0
Status	brn	FieldStart	0	1	0	1	2	0	0
Status	brn	FieldStart	0	1	0	1	3	0	0
Status	brn	FieldStart	0	1	0	1	4	0	0
Status	brn	FieldStart	0	1	1	0	0	1	1
Status	brn	FieldStart	0	1	1	0	1	1	1
Status	brn	FieldStart	0	1	1	0	2	1	1
Status	brn	FieldStart	0	1	1	0	3	1	1
Status	brn	FieldStart	0	1	1	0	4	1	1
Status	brn	FieldStart	0	1	1	1	0	0	0
Status	brn	FieldStart	0	1	1	1	1	0	0
Status	brn	FieldStart	0	1	1	1	2	0	0
Status	brn	FieldStart	0	1	1	1	3	0	0
Status	brn	FieldStart	0	1	1	1	4	0	0
Status	brn	FieldStart	0	2	0	0	0	1	1
Status	brn	FieldStart	0	2	0	0	1	1	1
Status	brn	FieldStart	0	2	0	0	2	1	1
Status	brn	FieldStart	0	2	0	0	3	1	1
Status	brn	FieldStart	0	2	0	0	4	1	1
Status	brn	FieldStart	0	2	0	1	0	0	0
Status	brn	FieldStart	0	2	0	1	1	0	0
Status	brn	FieldStart	0	2	0	1	2	0	0
Status	brn	FieldStart	0	2	0	1	3	0	0
Status	brn	FieldStart	0	2	0	1	4	0	0
Status	brn	FieldStart	0	2	1	0	0	1	1
Status	brn	FieldStart	0	2	1	0	1	1	1
Status	brn	FieldStart	0	2	1	0	2	1	1
Status	brn	FieldStart	0	2	1	0	3	1	1
Status	brn	FieldStart	0	2	1	0	4	1	1
Status	brn	FieldStart	0	2	1	1	0	0	0
Status	brn	FieldStart	0	2	1	1	1	0	0
Status	brn	FieldStart	0	2	1	1	2	0	0
Status	brn	FieldStart	0	2	1	1	3	0	0
Status	brn	FieldStart	0	2	1	1	4	0	0
Status	brn	FieldStart	0	3	0	0	0	1	1
Status	brn	FieldStart	0	3	0	0	1	1	1
Status	brn	FieldStart	0	3	0	0	2	1	1
Status	brn	FieldStart	0	3	0	0	3	1	1
Status	brn	FieldStart	0	3	0	0	4	1	1
Status	brn	FieldStart	0	3	0	1	0	0	0
Status	brn	FieldStart	0	3	0	1	1	0	0
Status	brn	FieldStart	0	3	0	1	2	0	0
Status	brn	FieldStart	0	3	0	1	3	0	0
Status	brn	FieldStart	0	3	0	1	4	0	0
Status	brn	FieldStart	0	3	1	0	0	1	1
Status	brn	FieldStart	0	3	1	0	1	1	1
Status	brn	FieldStart	0	3	1	0	2	1	1
Status	brn	FieldStart	0	3	1	0	3	1	1
Status	brn	FieldStart	0	3	1	0	4	1	1
Status	brn	FieldStart	0	3	1	1	0	0	0
Status	brn	FieldStart	0	3	1	1	1	0	0
Status	brn	FieldStart	0	3	1	1	2	0	0
Status	brn	FieldStart	0	3	1	1	3	0	0
Status	brn	FieldStart	0	3	1	1	4	0	0
Status	brn	FieldStart	1	0	0	0	0	1	1
Status	brn	FieldStart	1	0	0	0	1	1	1
Status	brn	FieldStart	1	0	0	0	2	1	1
Status	brn	FieldStart	1	0	0	0	3	1	1
Status	brn	FieldStart	1	0	0	0	4	1	1
Status	brn	FieldStart	1	0	0	1	0	0	0
Status	brn	FieldStart	1	0	0	1	1	0	0
Status	brn	FieldStart	1	0	0	1	2	0	0
Status	brn	FieldStart	1	0	0	1	3	0	0
Status	brn	FieldStart	1	0	0	1	4	0	0
Status	brn	FieldStart	1	0	1	0	0	1	1
Status	brn	FieldStart	1	0	1	0	1	1	1
Status	brn	FieldStart	1	0	1	0	2	1	1
Status	brn	FieldStart	1	0	1	0	3	1	1
Status	brn	FieldStart	1	0	1	0	4	1	1
Status	brn	FieldStart	1	0	1	1	0	0	0
Status	brn	FieldStart	1	0	1	1	1	0	0
Status	brn	FieldStart	1	0	1	1	2	0	0
Status	brn	FieldStart	1	0	1	1	3	0	0
Status	brn	FieldStart	1	0	1	1	4	0	0
Status	brn	FieldStart	1	1	0	0	0	1	1
Status	brn	FieldStart	1	1	0	0	1	1	1
Status	brn	FieldStart	1	1	0	0	2	1	1
Status	brn	FieldStart	1	1	0	0	3	1	1
Status	brn	FieldStart	1	1	0	0	4	1	1
Status	brn	FieldStart	1	1	0	1	0	0	0
Status	brn	FieldStart	1	1	0	1	1	0	0
Status	brn	FieldStart	1	1	0	1	2	0	0
Status	brn	FieldStart	1	1	0	1	3	0	0
Status	brn	FieldStart	1	1	0	1	4	0	0
Status	brn	FieldStart	1	1	1	0	0	1	1
Status	brn	FieldStart	1	1	1	0	1	1	1
Status	brn	FieldStart	1	1	1	0	2	1	1
Status	brn	FieldStart	1	1	1	0	3	1	1
Status	brn	FieldStart	1	1	1	0	4	1	1
Status	brn	FieldStart	1	1	1	1	0	0	0
Status	brn	FieldStart	1	1	1	1	1	0	0
Status	brn	FieldStart	1	1	1	1	2	0	0
Status	brn	FieldStart	1	1	1	1	3	0	0
Status	brn	FieldStart	1	1	1	1	4	0	0
Status	brn	FieldStart	1	2	0	0	0	1	1
Status	brn	FieldStart	1	2	0	0	1	1	1
Status	brn	FieldStart	1	2	0	0	2	1	1
Status	brn	FieldStart	1	2	0	0	3	1	1
Status	brn	FieldStart	1	2	0	0	4	1	1
Status	brn	FieldStart	1	2	0	1	0	0	0
Status	brn	FieldStart	1	2	0	1	1	0	0
Status	brn	FieldStart	1	2	0	1	2	0	0
Status	brn	FieldStart	1	2	0	1	3	0	0
Status	brn	FieldStart	1	2	0	1	4	0	0
Status	brn	FieldStart	1	2	1	0	0	1	1
Status	brn	FieldStart	1	2	1	0	1	1	1
Status	brn	FieldStart	1	2	1	0	2	1	1
Status	brn	FieldStart	1	2	1	0	3	1	1
Status	brn	FieldStart	1	2	1	0	4	1	1
Status	brn	FieldStart	1	2	1	1	0	0	0
Status	brn	FieldStart	1	2	1	1	1	0	0
Status	brn	FieldStart	1	2	1	1	2	0	0
Status	brn	FieldStart	1	2	1	1	3	0	0
Status	brn	FieldStart	1	2	1	1	4	0	0
Status	brn	FieldStart	1	3	0	0	0	1	1
Status	brn	FieldStart	1	3	0	0	1	1	1
Status	brn	FieldStart	1	3	0	0	2	1	1
Status	brn	FieldStart	1	3	0	0	3	1	1
Status	brn	FieldStart	1	3	0	0	4	1	1
Status	brn	FieldStart	1	3	0	1	0	0	0
Status	brn	FieldStart	1	3	0	1	1	0	0
Status	brn	FieldStart	1	3	0	1	2	0	0
Status	brn	FieldStart	1	3	0	1	3	0	0
Status	brn	FieldStart	1	3	0	1	4	0	0
Status	brn	FieldStart	1	3	1	0	0	1	1
Status	brn	FieldStart	1	3	1	0	1	1	1
Status	brn	FieldStart	1	3	1	0	2	1	1
Status	brn	FieldStart	1	3	1	0	3	1	1
Status	brn	FieldStart	1	3	1	0	4	1	1
Status	brn	FieldStart	1	3	1	1	0	0	0
Status	brn	FieldStart	1	3	1	1	1	0	0
Status	brn	FieldStart	1	3	1	1	2	0	0
Status	brn	FieldStart	1	3	1	1	3	0	0
Status	brn	FieldStart	1	3	1	1	4	0	0
Status	brn	FieldResidual	0	0	0	0	0	1	1
Status	brn	FieldResidual	0	0	0	0	1	1	1
Status	brn	FieldResidual	0	0	0	0	2	1	1
Status	brn	FieldResidual	0	0	0	0	3	1	1
Status	brn	FieldResidual	0	0	0	0	4	1	1
Status	brn	FieldResidual	0	0	0	1	0	0	0
Status	brn	FieldResidual	0	0	0	1	1	0	0
Status	brn	FieldResidual	0	0	0	1	2	0	0
Status	brn	FieldResidual	0	0	0	1	3	0	0
Status	brn	FieldResidual	0	0	0	1	4	0	0
Status	brn	FieldResidual	0	0	1	0	0	1	1
Status	brn	FieldResidual	0	0	1	0	1	1	1
Status	brn	FieldResidual	0	0	1	0	2	1	1
Status	brn	FieldResidual	0	0	1	0	3	1	1
Status	brn	FieldResidual	0	0	1	0	4	1	1
Status	brn	FieldResidual	0	0	1	1	0	0	0
Status	brn	FieldResidual	0	0	1	1	1	0	0
Status	brn	FieldResidual	0	0	1	1	2	0	0
Status	brn	FieldResidual	0	0	1	1	3	0	0
Status	brn	FieldResidual	0	0	1	1	4	0	0
Status	brn	FieldResidual	0	1	0	0	0	1	1
Status	brn	FieldResidual	0	1	0	0	1	1	1
Status	brn	FieldResidual	0	1	0	0	2	1	1
Status	brn	FieldResidual	0	1	0	0	3	1	1
Status	brn	FieldResidual	0	1	0	0	4	1	1
Status	brn	FieldResidual	0	1	0	1	0	0	0
Status	brn	FieldResidual	0	1	0	1	1	0	0
Status	brn	FieldResidual	0	1	0	1	2	0	0
Status	brn	FieldResidual	0	1	0	1	3	0	0
Status	brn	FieldResidual	0	1	0	1	4	0	0
Status	brn	FieldResidual	0	1	1	0	0	1	1
Status	brn	FieldResidual	0	1	1	0	1	1	1
Status	brn	FieldResidual	0	1	1	0	2	1	1
Status	brn	FieldResidual	0	1	1	0	3	1	1
Status	brn	FieldResidual	0	1	1	0	4	1	1
Status	brn	FieldResidual	0	1	1	1	0	0	0
Status	brn	FieldResidual	0	1	1	1	1	0	0
Status	brn	FieldResidual	0	1	1	1	2	0	0
Status	brn	FieldResidual	0	1	1	1	3	0	0
Status	brn	FieldResidual	0	1	1	1	4	0	0
Status	brn	FieldResidual	0	2	0	0	0	1	1
Status	brn	FieldResidual	0	2	0	0	1	1	1
Status	brn	FieldResidual	0	2	0	0	2	1	1
Status	brn	FieldResidual	0	2	0	0	3	1	1
Status	brn	FieldResidual	0	2	0	0	4	1	1
Status	brn	FieldResidual	0	2	0	1	0	0	0
Status	brn	FieldResidual	0	2	0	1	1	0	0
Status	brn	FieldResidual	0	2	0	1	2	0	0
Status	brn	FieldResidual	0	2	0	1	3	0	0
Status	brn	FieldResidual	0	2	0	1	4	0	0
Status	brn	FieldResidual	0	2	1	0	0	1	1
Status	brn	FieldResidual	0	2	1	0	1	1	1
Status	brn	FieldResidual	0	2	1	0	2	1	1
Status	brn	FieldResidual	0	2	1	0	3	1	1
Status	brn	FieldResidual	0	2	1	0	4	1	1
Status	brn	FieldResidual	0	2	1	1	0	0	0
Status	brn	FieldResidual	0	2	1	1	1	0	0
Status	brn	FieldResidual	0	2	1	1	2	0	0
Status	brn	FieldResidual	0	2	1	1	3	0	0
Status	brn	FieldResidual	0	2	1	1	4	0	0
Status	brn	FieldResidual	0	3	0	0	0	1	1
Status	brn	FieldResidual	0	3	0	0	1	1	1
Status	brn	FieldResidual	0	3	0	0	2	1	1
Status	brn	FieldResidual	0	3	0	0	3	1	1
Status	brn	FieldResidual	0	3	0	0	4	1	1
Status	brn	FieldResidual	0	3	0	1	0	0	0
Status	brn	FieldResidual	0	3	0	1	1	0	0
Status	brn	FieldResidual	0	3	0	1	2	0	0
Status	brn	FieldResidual	0	3	0	1	3	0	0
Status	brn	FieldResidual	0	3	0	1	4	0	0
Status	brn	FieldResidual	0	3	1	0	0	1	1
Status	brn	FieldResidual	0	3	1	0	1	1	1
Status	brn	FieldResidual	0	3	1	0	2	1	1
Status	brn	FieldResidual	0	3	1	0	3	1	1
Status	brn	FieldResidual	0	3	1	0	4	1	1
Status	brn	FieldResidual	0	3	1	1	0	0	0
Status	brn	FieldResidual	0	3	1	1	1	0	0
Status	brn	FieldResidual	0	3	1	1	2	0	0
Status	brn	FieldResidual	0	3	1	1	3	0	0
Status	brn	FieldResidual	0	3	1	1	4	0	0
Status	brn	FieldResidual	1	0	0	0	0	1	1
Status	brn	FieldResidual	1	0	0	0	1	1	1
Status	brn	FieldResidual	1	0	0	0	2	1	1
Status	brn	FieldResidual	1	0	0	0	3	1	1
Status	brn	FieldResidual	1	0	0	0	4	1	1
Status	brn	FieldResidual	1	0	0	1	0	0	0
Status	brn	FieldResidual	1	0	0	1	1	0	0
Status	brn	FieldResidual	1	0	0	1	2	0	0
Status	brn	FieldResidual	1	0	0	1	3	0	0
Status	brn	FieldResidual	1	0	0	1	4	0	0
Status	brn	FieldResidual	1	0	1	0	0	1	1
Status	brn	FieldResidual	1	0	1	0	1	1	1
Status	brn	FieldResidual	1	0	1	0	2	1	1
Status	brn	FieldResidual	1	0	1	0	3	1	1
Status	brn	FieldResidual	1	0	1	0	4	1	1
Status	brn	FieldResidual	1	0	1	1	0	0	0
Status	brn	FieldResidual	1	0	1	1	1	0	0
Status	brn	FieldResidual	1	0	1	1	2	0	0
Status	brn	FieldResidual	1	0	1	1	3	0	0
Status	brn	FieldResidual	1	0	1	1	4	0	0
Status	brn	FieldResidual	1	1	0	0	0	1	1
Status	brn	FieldResidual	1	1	0	0	1	1	1
Status	brn	FieldResidual	1	1	0	0	2	1	1
Status	brn	FieldResidual	1	1	0	0	3	1	1
Status	brn	FieldResidual	1	1	0	0	4	1	1
Status	brn	FieldResidual	1	1	0	1	0	0	0
Status	brn	FieldResidual	1	1	0	1	1	0	0
Status	brn	FieldResidual	1	1	0	1	2	0	0
Status	brn	FieldResidual	1	1	0	1	3	0	0
Status	brn	FieldResidual	1	1	0	1	4	0	0
Status	brn	FieldResidual	1	1	1	0	0	1	1
Status	brn	FieldResidual	1	1	1	0	1	1	1
Status	brn	FieldResidual	1	1	1	0	2	1	1
Status	brn	FieldResidual	1	1	1	0	3	1	1
Status	brn	FieldResidual	1	1	1	0	4	1	1
Status	brn	FieldResidual	1	1	1	1	0	0	0
Status	brn	FieldResidual	1	1	1	1	1	0	0
Status	brn	FieldResidual	1	1	1	1	2	0	0
Status	brn	FieldResidual	1	1	1	1	3	0	0
Status	brn	FieldResidual	1	1	1	1	4	0	0
Status	brn	FieldResidual	1	2	0	0	0	1	1
Status	brn	FieldResidual	1	2	0	0	1	1	1
Status	brn	FieldResidual	1	2	0	0	2	1	1
Status	brn	FieldResidual	1	2	0	0	3	1	1
Status	brn	FieldResidual	1	2	0	0	4	1	1
Status	brn	FieldResidual	1	2	0	1	0	0	0
Status	brn	FieldResidual	1	2	0	1	1	0	0
Status	brn	FieldResidual	1	2	0	1	2	0	0
Status	brn	FieldResidual	1	2	0	1	3	0	0
Status	brn	FieldResidual	1	2	0	1	4	0	0
Status	brn	FieldResidual	1	2	1	0	0	1	1
Status	brn	FieldResidual	1	2	1	0	1	1	1
Status	brn	FieldResidual	1	2	1	0	2	1	1
Status	brn	FieldResidual	1	2	1	0	3	1	1
Status	brn	FieldResidual	1	2	1	0	4	1	1
Status	brn	FieldResidual	1	2	1	1	0	0	0
Status	brn	FieldResidual	1	2	1	1	1	0	0
Status	brn	FieldResidual	1	2	1	1	2	0	0
Status	brn	FieldResidual	1	2	1	1	3	0	0
Status	brn	FieldResidual	1	2	1	1	4	0	0
Status	brn	FieldResidual	1	3	0	0	0	1	1
Status	brn	FieldResidual	1	3	0	0	1	1	1
Status	brn	FieldResidual	1	3	0	0	2	1	1
Status	brn	FieldResidual	1	3	0	0	3	1	1
Status	brn	FieldResidual	1	3	0	0	4	1	1
Status	brn	FieldResidual	1	3	0	1	0	0	0
Status	brn	FieldResidual	1	3	0	1	1	0	0
Status	brn	FieldResidual	1	3	0	1	2	0	0
Status	brn	FieldResidual	1	3	0	1	3	0	0
Status	brn	FieldResidual	1	3	0	1	4	0	0
Status	brn	FieldResidual	1	3	1	0	0	1	1
Status	brn	FieldResidual	1	3	1	0	1	1	1
Status	brn	FieldResidual	1	3	1	0	2	1	1
Status	brn	FieldResidual	1	3	1	0	3	1	1
Status	brn	FieldResidual	1	3	1	0	4	1	1
Status	brn	FieldResidual	1	3	1	1	0	0	0
Status	brn	FieldResidual	1	3	1	1	1	0	0
Status	brn	FieldResidual	1	3	1	1	2	0	0
Status	brn	FieldResidual	1	3	1	1	3	0	0
Status	brn	FieldResidual	1	3	1	1	4	0	0
Status	brn	FieldEnd	0	0	0	0	0	1	1
Status	brn	FieldEnd	0	0	0	0	1	1	1
Status	brn	FieldEnd	0	0	0	0	2	1	1
Status	brn	FieldEnd	0	0	0	0	3	1	1
Status	brn	FieldEnd	0	0	0	0	4	1	1
Status	brn	FieldEnd	0	0	0	1	0	0	0
Status	brn	FieldEnd	0	0	0	1	1	0	0
Status	brn	FieldEnd	0	0	0	1	2	0	0
Status	brn	FieldEnd	0	0	0	1	3	0	0
Status	brn	FieldEnd	0	0	0	1	4	0	0
Status	brn	FieldEnd	0	0	1	0	0	1	1
Status	brn	FieldEnd	0	0	1	0	1	1	1
Status	brn	FieldEnd	0	0	1	0	2	1	1
Status	brn	FieldEnd	0	0	1	0	3	1	1
Status	brn	FieldEnd	0	0	1	0	4	1	1
Status	brn	FieldEnd	0	0	1	1	0	0	0
Status	brn	FieldEnd	0	0	1	1	1	0	0
Status	brn	FieldEnd	0	0	1	1	2	0	0
Status	brn	FieldEnd	0	0	1	1	3	0	0
Status	brn	FieldEnd	0	0	1	1	4	0	0
Status	brn	FieldEnd	0	1	0	0	0	1	1
Status	brn	FieldEnd	0	1	0	0	1	1	1
Status	brn	FieldEnd	0	1	0	0	2	1	1
Status	brn	FieldEnd	0	1	0	0	3	1	1
Status	brn	FieldEnd	0	1	0	0	4	1	1
Status	brn	FieldEnd	0	1	0	1	0	0	0
Status	brn	FieldEnd	0	1	0	1	1	0	0
Status	brn	FieldEnd	0	1	0	1	2	0	0
Status	brn	FieldEnd	0	1	0	1	3	0	0
Status	brn	FieldEnd	0	1	0	1	4	0	0
Status	brn	FieldEnd	0	1	1	0	0	1	1
Status	brn	FieldEnd	0	1	1	0	1	1	1
Status	brn	FieldEnd	0	1	1	0	2	1	1
Status	brn	FieldEnd	0	1	1	0	3	1	1
Status	brn	FieldEnd	0	1	1	0	4	1	1
Status	brn	FieldEnd	0	1	1	1	0	0	0
Status	brn	FieldEnd	0	1	1	1	1	0	0
Status	brn	FieldEnd	0	1	1	1	2	0	0
Status	brn	FieldEnd	0	1	1	1	3	0	0
Status	brn	FieldEnd	0	1	1	1	4	0	0
Status	brn	FieldEnd	0	2	0	0	0	1	1
Status	brn	FieldEnd	0	2	0	0	1	1	1
Status	brn	FieldEnd	0	2	0	0	2	1	1
Status	brn	FieldEnd	0	2	0	0	3	1	1
Status	brn	FieldEnd	0	2	0	0	4	1	1
Status	brn	FieldEnd	0	2	0	1	0	0	0
Status	brn	FieldEnd	0	2	0	1	1	0	0
Status	brn	FieldEnd	0	2	0	1	2	0	0
Status	brn	FieldEnd	0	2	0	1	3	0	0
Status	brn	FieldEnd	0	2	0	1	4	0	0
Status	brn	FieldEnd	0	2	1	0	0	1	1
Status	brn	FieldEnd	0	2	1	0	1	1	1
Status	brn	FieldEnd	0	2	1	0	2	1	1
Status	brn	FieldEnd	0	2	1	0	3	1	1
Status	brn	FieldEnd	0	2	1	0	4	1	1
Status	brn	FieldEnd	0	2	1	1	0	0	0
Status	brn	FieldEnd	0	2	1	1	1	0	0
Status	brn	FieldEnd	0	2	1	1	2	0	0
Status	brn	FieldEnd	0	2	1	1	3	0	0
Status	brn	FieldEnd	0	2	1	1	4	0	0
Status	brn	FieldEnd	0	3	0	0	0	1	1
Status	brn	FieldEnd	0	3	0	0	1	1	1
Status	brn	FieldEnd	0	3	0	0	2	1	1
Status	brn	FieldEnd	0	3	0	0	3	1	1
Status	brn	FieldEnd	0	3	0	0	4	1	1
Status	brn	FieldEnd	0	3	0	1	0	0	0
Status	brn	FieldEnd	0	3	0	1	1	0	0
Status	brn	FieldEnd	0	3	0	1	2	0	0
Status	brn	FieldEnd	0	3	0	1	3	0	0
Status	brn	FieldEnd	0	3	0	1	4	0	0
Status	brn	FieldEnd	0	3	1	0	0	1	1
Status	brn	FieldEnd	0	3	1	0	1	1	1
Status	brn	FieldEnd	0	3	1	0	2	1	1
Status	brn	FieldEnd	0	3	1	0	3	1	1
Status	brn	FieldEnd	0	3	1	0	4	1	1
Status	brn	FieldEnd	0	3	1	1	0	0	0
Status	brn	FieldEnd	0	3	1	1	1	0	0
Status	brn	FieldEnd	0	3	1	1	2	0	0
Status	brn	FieldEnd	0	3	1	1	3	0	0
Status	brn	FieldEnd	0	3	1	1	4	0	0
Status	brn	FieldEnd	1	0	0	0	0	1	1
Status	brn	FieldEnd	1	0	0	0	1	1	1
Status	brn	FieldEnd	1	0	0	0	2	1	1
Status	brn	FieldEnd	1	0	0	0	3	1	1
Status	brn	FieldEnd	1	0	0	0	4	1	1
Status	brn	FieldEnd	1	0	0	1	0	0	0
Status	brn	FieldEnd	1	0	0	1	1	0	0
Status	brn	FieldEnd	1	0	0	1	2	0	0
Status	brn	FieldEnd	1	0	0	1	3	0	0
Status	brn	FieldEnd	1	0	0	1	4	0	0
Status	brn	FieldEnd	1	0	1	0	0	1	1
Status	brn	FieldEnd	1	0	1	0	1	1	1
Status	brn	FieldEnd	1	0	1	0	2	1	1
Status	brn	FieldEnd	1	0	1	0	3	1	1
Status	brn	FieldEnd	1	0	1	0	4	1	1
Status	brn	FieldEnd	1	0	1	1	0	0	0
Status	brn	FieldEnd	1	0	1	1	1	0	0
Status	brn	FieldEnd	1	0	1	1	2	0	0
Status	brn	FieldEnd	1	0	1	1	3	0	0
Status	brn	FieldEnd	1	0	1	1	4	0	0
Status	brn	FieldEnd	1	1	0	0	0	1	1
Status	brn	FieldEnd	1	1	0	0	1	1	1
Status	brn	FieldEnd	1	1	0	0	2	1	1
Status	brn	FieldEnd	1	1	0	0	3	1	1
Status	brn	FieldEnd	1	1	0	0	4	1	1
Status	brn	FieldEnd	1	1	0	1	0	0	0
Status	brn	FieldEnd	1	1	0	1	1	0	0
Status	brn	FieldEnd	1	1	0	1	2	0	0
Status	brn	FieldEnd	1	1	0	1	3	0	0
Status	brn	FieldEnd	1	1	0	1	4	0	0
Status	brn	FieldEnd	1	1	1	0	0	1	1
Status	brn	FieldEnd	1	1	1	0	1	1	1
Status	brn	FieldEnd	1	1	1	0	2	1	1
Status	brn	FieldEnd	1	1	1	0	3	1	1
Status	brn	FieldEnd	1	1	1	0	4	1	1
Status	brn	FieldEnd	1	1	1	1	0	0	0
Status	brn	FieldEnd	1	1	1	1	1	0	0
Status	brn	FieldEnd	1	1	1	1	2	0	0
Status	brn	FieldEnd	1	1	1	1	3	0	0
Status	brn	FieldEnd	1	1	1	1	4	0	0
Status	brn	FieldEnd	1	2	0	0	0	1	1
Status	brn	FieldEnd	1	2	0	0	1	1	1
Status	brn	FieldEnd	1	2	0	0	2	1	1
Status	brn	FieldEnd	1	2	0	0	3	1	1
Status	brn	FieldEnd	1	2	0	0	4	1	1
Status	brn	FieldEnd	1	2	0	1	0	0	0
Status	brn	FieldEnd	1	2	0	1	1	0	0
Status	brn	FieldEnd	1	2	0	1	2	0	0
Status	brn	FieldEnd	1	2	0	1	3	0	0
Status	brn	FieldEnd	1	2	0	1	4	0	0
Status	brn	FieldEnd	1	2	1	0	0	1	1
Status	brn	FieldEnd	1	2	1	0	1	1	1
Status	brn	FieldEnd	1	2	1	0	2	1	1
Status	brn	FieldEnd	1	2	1	0	3	1	1
Status	brn	FieldEnd	1	2	1	0	4	1	1
Status	brn	FieldEnd	1	2	1	1	0	0	0
Status	brn	FieldEnd	1	2	1	1	1	0	0
Status	brn	FieldEnd	1	2	1	1	2	0	0
Status	brn	FieldEnd	1	2	1	1	3	0	0
Status	brn	FieldEnd	1	2	1	1	4	0	0
Status	brn	FieldEnd	1	3	0	0	0	1	1
Status	brn	FieldEnd	1	3	0	0	1	1	1
Status	brn	FieldEnd	1	3	0	0	2	1	1
Status	brn	FieldEnd	1	3	0	0	3	1	1
Status	brn	FieldEnd	1	3	0	0	4	1	1
Status	brn	FieldEnd	1	3	0	1	0	0	0
Status	brn	FieldEnd	1	3	0	1	1	0	0
Status	brn	FieldEnd	1	3	0	1	2	0	0
Status	brn	FieldEnd	1	3	0	1	3	0	0
Status	brn	FieldEnd	1	3	0	1	4	0	0
Status	brn	FieldEnd	1	3	1	0	0	1	1
Status	brn	FieldEnd	1	3	1	0	1	1	1
Status	brn	FieldEnd	1	3	1	0	2	1	1
Status	brn	FieldEnd	1	3	1	0	3	1	1
Status	brn	FieldEnd	1	3	1	0	4	1	1
Status	brn	FieldEnd	1	3	1	1	0	0	0
Status	brn	FieldEnd	1	3	1	1	1	0	0
Status	brn	FieldEnd	1	3	1	1	2	0	0
Status	brn	FieldEnd	1	3	1	1	3	0	0
Status	brn	FieldEnd	1	3	1	1	4	0	0
Status	brn	Residual	0	0	0	0	0	1	1
Status	brn	Residual	0	0	0	0	1	1	1
Status	brn	Residual	0	0	0	0	2	1	1
Status	brn	Residual	0	0	0	0	3	1	1
Status	brn	Residual	0	0	0	0	4	1	1
Status	brn	Residual	0	0	0	1	0	0	0
Status	brn	Residual	0	0	0	1	1	0	0
Status	brn	Residual	0	0	0	1	2	0	0
Status	brn	Residual	0	0	0	1	3	0	0
Status	brn	Residual	0	0	0	1	4	0	0
Status	brn	Residual	0	0	1	0	0	1	1
Status	brn	Residual	0	0	1	0	1	1	1
Status	brn	Residual	0	0	1	0	2	1	1
Status	brn	Residual	0	0	1	0	3	1	1
Status	brn	Residual	0	0	1	0	4	1	1
Status	brn	Residual	0	0	1	1	0	0	0
Status	brn	Residual	0	0	1	1	1	0	0
Status	brn	Residual	0	0	1	1	2	0	0
Status	brn	Residual	0	0	1	1	3	0	0
Status	brn	Residual	0	0	1	1	4	0	0
Status	brn	Residual	0	1	0	0	0	1	1
Status	brn	Residual	0	1	0	0	1	1	1
Status	brn	Residual	0	1	0	0	2	1	1
Status	brn	Residual	0	1	0	0	3	1	1
Status	brn	Residual	0	1	0	0	4	1	1
Status	brn	Residual	0	1	0	1	0	0	0
Status	brn	Residual	0	1	0	1	1	0	0
Status	brn	Residual	0	1	0	1	2	0	0
Status	brn	Residual	0	1	0	1	3	0	0
Status	brn	Residual	0	1	0	1	4	0	0
Status	brn	Residual	0	1	1	0	0	1	1
Status	brn	Residual	0	1	1	0	1	1	1
Status	brn	Residual	0	1	1	0	2	1	1
Status	brn	Residual	0	1	1	0	3	1	1
Status	brn	Residual	0	1	1	0	4	1	1
Status	brn	Residual	0	1	1	1	0	0	0
Status	brn	Residual	0	1	1	1	1	0	0
Status	brn	Residual	0	1	1	1	2	0	0
Status	brn	Residual	0	1	1	1	3	0	0
Status	brn	Residual	0	1	1	1	4	0	0
Status	brn	Residual	0	2	0	0	0	1	1
Status	brn	Residual	0	2	0	0	1	1	1
Status	brn	Residual	0	2	0	0	2	1	1
Status	brn	Residual	0	2	0	0	3	1	1
Status	brn	Residual	0	2	0	0	4	1	1
Status	brn	Residual	0	2	0	1	0	0	0
Status	brn	Residual	0	2	0	1	1	0	0
Status	brn	Residual	0	2	0	1	2	0	0
Status	brn	Residual	0	2	0	1	3	0	0
Status	brn	Residual	0	2	0	1	4	0	0
Status	brn	Residual	0	2	1	0	0	1	1
Status	brn	Residual	0	2	1	0	1	1	1
Status	brn	Residual	0	2	1	0	2	1	1
Status	brn	Residual	0	2	1	0	3	1	1
Status	brn	Residual	0	2	1	0	4	1	1
Status	brn	Residual	0	2	1	1	0	0	0
Status	brn	Residual	0	2	1	1	1	0	0
Status	brn	Residual	0	2	1	1	2	0	0
Status	brn	Residual	0	2	1	1	3	0	0
Status	brn	Residual	0	2	1	1	4	0	0
Status	brn	Residual	0	3	0	0	0	1	1
Status	brn	Residual	0	3	0	0	1	1	1
Status	brn	Residual	0	3	0	0	2	1	1
Status	brn	Residual	0	3	0	0	3	1	1
Status	brn	Residual	0	3	0	0	4	1	1
Status	brn	Residual	0	3	0	1	0	0	0
Status	brn	Residual	0	3	0	1	1	0	0
Status	brn	Residual	0	3	0	1	2	0	0
Status	brn	Residual	0	3	0	1	3	0	0
Status	brn	Residual	0	3	0	1	4	0	0
Status	brn	Residual	0	3	1	0	0	1	1
Status	brn	Residual	0	3	1	0	1	1	1
Status	brn	Residual	0	3	1	0	2	1	1
Status	brn	Residual	0	3	1	0	3	1	1
Status	brn	Residual	0	3	1	0	4	1	1
Status	brn	Residual	0	3	1	1	0	0	0
Status	brn	Residual	0	3	1	1	1	0	0
Status	brn	Residual	0	3	1	1	2	0	0
Status	brn	Residual	0	3	1	1	3	0	0
Status	brn	Residual	0	3	1	1	4	0	0
Status	brn	Residual	1	0	0	0	0	1	1
Status	brn	Residual	1	0	0	0	1	1	1
Status	brn	Residual	1	0	0	0	2	1	1
Status	brn	Residual	1	0	0	0	3	1	1
Status	brn	Residual	1	0	0	0	4	1	1
Status	brn	Residual	1	0	0	1	0	0	0
Status	brn	Residual	1	0	0	1	1	0	0
Status	brn	Residual	1	0	0	1	2	0	0
Status	brn	Residual	1	0	0	1	3	0	0
Status	brn	Residual	1	0	0	1	4	0	0
Status	brn	Residual	1	0	1	0	0	1	1
Status	brn	Residual	1	0	1	0	1	1	1
Status	brn	Residual	1	0	1	0	2	1	1
Status	brn	Residual	1	0	1	0	3	1	1
Status	brn	Residual	1	0	1	0	4	1	1
Status	brn	Residual	1	0	1	1	0	0	0
Status	brn	Residual	1	0	1	1	1	0	0
Status	brn	Residual	1	0	1	1	2	0	0
Status	brn	Residual	1	0	1	1	3	0	0
Status	brn	Residual	1	0	1	1	4	0	0
Status	brn	Residual	1	1	0	0	0	1	1
Status	brn	Residual	1	1	0	0	1	1	1
Status	brn	Residual	1	1	0	0	2	1	1
Status	brn	Residual	1	1	0	0	3	1	1
Status	brn	Residual	1	1	0	0	4	1	1
Status	brn	Residual	1	1	0	1	0	0	0
Status	brn	Residual	1	1	0	1	1	0	0
Status	brn	Residual	1	1	0	1	2	0	0
Status	brn	Residual	1	1	0	1	3	0	0
Status	brn	Residual	1	1	0	1	4	0	0
Status	brn	Residual	1	1	1	0	0	1	1
Status	brn	Residual	1	1	1	0	1	1	1
Status	brn	Residual	1	1	1	0	2	1	1
Status	brn	Residual	1	1	1	0	3	1	1
Status	brn	Residual	1	1	1	0	4	1	1
Status	brn	Residual	1	1	1	1	0	0	0
Status	brn	Residual	1	1	1	1	1	0	0
Status	brn	Residual	1	1	1	1	2	0	0
Status	brn	Residual	1	1	1	1	3	0	0
Status	brn	Residual	1	1	1	1	4	0	0
Status	brn	Residual	1	2	0	0	0	1	1
Status	brn	Residual	1	2	0	0	1	1	1
Status	brn	Residual	1	2	0	0	2	1	1
Status	brn	Residual	1	2	0	0	3	1	1
Status	brn	Residual	1	2	0	0	4	1	1
Status	brn	Residual	1	2	0	1	0	0	0
Status	brn	Residual	1	2	0	1	1	0	0
Status	brn	Residual	1	2	0	1	2	0	0
Status	brn	Residual	1	2	0	1	3	0	0
Status	brn	Residual	1	2	0	1	4	0	0
Status	brn	Residual	1	2	1	0	0	1	1
Status	brn	Residual	1	2	1	0	1	1	1
Status	brn	Residual	1	2	1	0	2	1	1
Status	brn	Residual	1	2	1	0	3	1	1
Status	brn	Residual	1	2	1	0	4	1	1
Status	brn	Residual	1	2	1	1	0	0	0
Status	brn	Residual	1	2	1	1	1	0	0
Status	brn	Residual	1	2	1	1	2	0	0
Status	brn	Residual	1	2	1	1	3	0	0
Status	brn	Residual	1	2	1	1	4	0	0
Status	brn	Residual	1	3	0	0	0	1	1
Status	brn	Residual	1	3	0	0	1	1	1
Status	brn	Residual	1	3	0	0	2	1	1
Status	brn	Residual	1	3	0	0	3	1	1
Status	brn	Residual	1	3	0	0	4	1	1
Status	brn	Residual	1	3	0	1	0	0	0
Status	brn	Residual	1	3	0	1	1	0	0
Status	brn	Residual	1	3	0	1	2	0	0
Status	brn	Residual	1	3	0	1	3	0	0
Status	brn	Residual	1	3	0	1	4	0	0
Status	brn	Residual	1	3	1	0	0	1	1
Status	brn	Residual	1	3	1	0	1	1	1
Status	brn	Residual	1	3	1	0	2	1	1
Status	brn	Residual	1	3	1	0	3	1	1
Status	brn	Residual	1	3	1	0	4	1	1
Status	brn	Residual	1	3	1	1	0	0	0
Status	brn	Residual	1	3	1	1	1	0	0
Status	brn	Residual	1	3	1	1	2	0	0
Status	brn	Residual	1	3	1	1	3	0	0
Status	brn	Residual	1	3	1	1	4	0	0
Status	brn	AfterSetStatus	0	0	0	0	0	1	1
Status	brn	AfterSetStatus	0	0	0	0	1	1	1
Status	brn	AfterSetStatus	0	0	0	0	2	1	1
Status	brn	AfterSetStatus	0	0	0	0	3	1	1
Status	brn	AfterSetStatus	0	0	0	0	4	1	1
Status	brn	AfterSetStatus	0	0	0	1	0	0	0
Status	brn	AfterSetStatus	0	0	0	1	1	0	0
Status	brn	AfterSetStatus	0	0	0	1	2	0	0
Status	brn	AfterSetStatus	0	0	0	1	3	0	0
Status	brn	AfterSetStatus	0	0	0	1	4	0	0
Status	brn	AfterSetStatus	0	0	1	0	0	1	1
Status	brn	AfterSetStatus	0	0	1	0	1	1	1
Status	brn	AfterSetStatus	0	0	1	0	2	1	1
Status	brn	AfterSetStatus	0	0	1	0	3	1	1
Status	brn	AfterSetStatus	0	0	1	0	4	1	1
Status	brn	AfterSetStatus	0	0	1	1	0	0	0
Status	brn	AfterSetStatus	0	0	1	1	1	0	0
Status	brn	AfterSetStatus	0	0	1	1	2	0	0
Status	brn	AfterSetStatus	0	0	1	1	3	0	0
Status	brn	AfterSetStatus	0	0	1	1	4	0	0
Status	brn	AfterSetStatus	0	1	0	0	0	1	1
Status	brn	AfterSetStatus	0	1	0	0	1	1	1
Status	brn	AfterSetStatus	0	1	0	0	2	1	1
Status	brn	AfterSetStatus	0	1	0	0	3	1	1
Status	brn	AfterSetStatus	0	1	0	0	4	1	1
Status	brn	AfterSetStatus	0	1	0	1	0	0	0
Status	brn	AfterSetStatus	0	1	0	1	1	0	0
Status	brn	AfterSetStatus	0	1	0	1	2	0	0
Status	brn	AfterSetStatus	0	1	0	1	3	0	0
Status	brn	AfterSetStatus	0	1	0	1	4	0	0
Status	brn	AfterSetStatus	0	1	1	0	0	1	1
Status	brn	AfterSetStatus	0	1	1	0	1	1	1
Status	brn	AfterSetStatus	0	1	1	0	2	1	1
Status	brn	AfterSetStatus	0	1	1	0	3	1	1
Status	brn	AfterSetStatus	0	1	1	0	4	1	1
Status	brn	AfterSetStatus	0	1	1	1	0	0	0
Status	brn	AfterSetStatus	0	1	1	1	1	0	0
Status	brn	AfterSetStatus	0	1	1	1	2	0	0
Status	brn	AfterSetStatus	0	1	1	1	3	0	0
Status	brn	AfterSetStatus	0	1	1	1	4	0	0
Status	brn	AfterSetStatus	0	2	0	0	0	1	1
Status	brn	AfterSetStatus	0	2	0	0	1	1	1
Status	brn	AfterSetStatus	0	2	0	0	2	1	1
Status	brn	AfterSetStatus	0	2	0	0	3	1	1
Status	brn	AfterSetStatus	0	2	0	0	4	1	1
Status	brn	AfterSetStatus	0	2	0	1	0	0	0
Status	brn	AfterSetStatus	0	2	0	1	1	0	0
Status	brn	AfterSetStatus	0	2	0	1	2	0	0
Status	brn	AfterSetStatus	0	2	0	1	3	0	0
Status	brn	AfterSetStatus	0	2	0	1	4	0	0
Status	brn	AfterSetStatus	0	2	1	0	0	1	1
Status	brn	AfterSetStatus	0	2	1	0	1	1	1
Status	brn	AfterSetStatus	0	2	1	0	2	1	1
Status	brn	AfterSetStatus	0	2	1	0	3	1	1
Status	brn	AfterSetStatus	0	2	1	0	4	1	1
Status	brn	AfterSetStatus	0	2	1	1	0	0	0
Status	brn	AfterSetStatus	0	2	1	1	1	0	0
Status	brn	AfterSetStatus	0	2	1	1	2	0	0
Status	brn	AfterSetStatus	0	2	1	1	3	0	0
Status	brn	AfterSetStatus	0	2	1	1	4	0	0
Status	brn	AfterSetStatus	0	3	0	0	0	1	1
Status	brn	AfterSetStatus	0	3	0	0	1	1	1
Status	brn	AfterSetStatus	0	3	0	0	2	1	1
Status	brn	AfterSetStatus	0	3	0	0	3	1	1
Status	brn	AfterSetStatus	0	3	0	0	4	1	1
Status	brn	AfterSetStatus	0	3	0	1	0	0	0
Status	brn	AfterSetStatus	0	3	0	1	1	0	0
Status	brn	AfterSetStatus	0	3	0	1	2	0	0
Status	brn	AfterSetStatus	0	3	0	1	3	0	0
Status	brn	AfterSetStatus	0	3	0	1	4	0	0
Status	brn	AfterSetStatus	0	3	1	0	0	1	1
Status	brn	AfterSetStatus	0	3	1	0	1	1	1
Status	brn	AfterSetStatus	0	3	1	0	2	1	1
Status	brn	AfterSetStatus	0	3	1	0	3	1	1
Status	brn	AfterSetStatus	0	3	1	0	4	1	1
Status	brn	AfterSetStatus	0	3	1	1	0	0	0
Status	brn	AfterSetStatus	0	3	1	1	1	0	0
Status	brn	AfterSetStatus	0	3	1	1	2	0	0
Status	brn	AfterSetStatus	0	3	1	1	3	0	0
Status	brn	AfterSetStatus	0	3	1	1	4	0	0
Status	brn	AfterSetStatus	1	0	0	0	0	1	1
Status	brn	AfterSetStatus	1	0	0	0	1	1	1
Status	brn	AfterSetStatus	1	0	0	0	2	1	1
Status	brn	AfterSetStatus	1	0	0	0	3	1	1
Status	brn	AfterSetStatus	1	0	0	0	4	1	1
Status	brn	AfterSetStatus	1	0	0	1	0	0	0
Status	brn	AfterSetStatus	1	0	0	1	1	0	0
Status	brn	AfterSetStatus	1	0	0	1	2	0	0
Status	brn	AfterSetStatus	1	0	0	1	3	0	0
Status	brn	AfterSetStatus	1	0	0	1	4	0	0
Status	brn	AfterSetStatus	1	0	1	0	0	1	1
Status	brn	AfterSetStatus	1	0	1	0	1	1	1
Status	brn	AfterSetStatus	1	0	1	0	2	1	1
Status	brn	AfterSetStatus	1	0	1	0	3	1	1
Status	brn	AfterSetStatus	1	0	1	0	4	1	1
Status	brn	AfterSetStatus	1	0	1	1	0	0	0
Status	brn	AfterSetStatus	1	0	1	1	1	0	0
Status	brn	AfterSetStatus	1	0	1	1	2	0	0
Status	brn	AfterSetStatus	1	0	1	1	3	0	0
Status	brn	AfterSetStatus	1	0	1	1	4	0	0
Status	brn	AfterSetStatus	1	1	0	0	0	1	1
Status	brn	AfterSetStatus	1	1	0	0	1	1	1
Status	brn	AfterSetStatus	1	1	0	0	2	1	1
Status	brn	AfterSetStatus	1	1	0	0	3	1	1
Status	brn	AfterSetStatus	1	1	0	0	4	1	1
Status	brn	AfterSetStatus	1	1	0	1	0	0	0
Status	brn	AfterSetStatus	1	1	0	1	1	0	0
Status	brn	AfterSetStatus	1	1	0	1	2	0	0
Status	brn	AfterSetStatus	1	1	0	1	3	0	0
Status	brn	AfterSetStatus	1	1	0	1	4	0	0
Status	brn	AfterSetStatus	1	1	1	0	0	1	1
Status	brn	AfterSetStatus	1	1	1	0	1	1	1
Status	brn	AfterSetStatus	1	1	1	0	2	1	1
Status	brn	AfterSetStatus	1	1	1	0	3	1	1
Status	brn	AfterSetStatus	1	1	1	0	4	1	1
Status	brn	AfterSetStatus	1	1	1	1	0	0	0
Status	brn	AfterSetStatus	1	1	1	1	1	0	0
Status	brn	AfterSetStatus	1	1	1	1	2	0	0
Status	brn	AfterSetStatus	1	1	1	1	3	0	0
Status	brn	AfterSetStatus	1	1	1	1	4	0	0
Status	brn	AfterSetStatus	1	2	0	0	0	1	1
Status	brn	AfterSetStatus	1	2	0	0	1	1	1
Status	brn	AfterSetStatus	1	2	0	0	2	1	1
Status	brn	AfterSetStatus	1	2	0	0	3	1	1
Status	brn	AfterSetStatus	1	2	0	0	4	1	1
Status	brn	AfterSetStatus	1	2	0	1	0	0	0
Status	brn	AfterSetStatus	1	2	0	1	1	0	0
Status	brn	AfterSetStatus	1	2	0	1	2	0	0
Status	brn	AfterSetStatus	1	2	0	1	3	0	0
Status	brn	AfterSetStatus	1	2	0	1	4	0	0
Status	brn	AfterSetStatus	1	2	1	0	0	1	1
Status	brn	AfterSetStatus	1	2	1	0	1	1	1
Status	brn	AfterSetStatus	1	2	1	0	2	1	1
Status	brn	AfterSetStatus	1	2	1	0	3	1	1
Status	brn	AfterSetStatus	1	2	1	0	4	1	1
Status	brn	AfterSetStatus	1	2	1	1	0	0	0
Status	brn	AfterSetStatus	1	2	1	1	1	0	0
Status	brn	AfterSetStatus	1	2	1	1	2	0	0
Status	brn	AfterSetStatus	1	2	1	1	3	0	0
Status	brn	AfterSetStatus	1	2	1	1	4	0	0
Status	brn	AfterSetStatus	1	3	0	0	0	1	1
Status	brn	AfterSetStatus	1	3	0	0	1	1	1
Status	brn	AfterSetStatus	1	3	0	0	2	1	1
Status	brn	AfterSetStatus	1	3	0	0	3	1	1
Status	brn	AfterSetStatus	1	3	0	0	4	1	1
Status	brn	AfterSetStatus	1	3	0	1	0	0	0
Status	brn	AfterSetStatus	1	3	0	1	1	0	0
Status	brn	AfterSetStatus	1	3	0	1	2	0	0
Status	brn	AfterSetStatus	1	3	0	1	3	0	0
Status	brn	AfterSetStatus	1	3	0	1	4	0	0
Status	brn	AfterSetStatus	1	3	1	0	0	1	1
Status	brn	AfterSetStatus	1	3	1	0	1	1	1
Status	brn	AfterSetStatus	1	3	1	0	2	1	1
Status	brn	AfterSetStatus	1	3	1	0	3	1	1
Status	brn	AfterSetStatus	1	3	1	0	4	1	1
Status	brn	AfterSetStatus	1	3	1	1	0	0	0
Status	brn	AfterSetStatus	1	3	1	1	1	0	0
Status	brn	AfterSetStatus	1	3	1	1	2	0	0
Status	brn	AfterSetStatus	1	3	1	1	3	0	0
Status	brn	AfterSetStatus	1	3	1	1	4	0	0
Weather	snowscape	Start	0	0	0	0	0	0	0
Weather	snowscape	Start	0	0	0	0	1	1	1
Weather	snowscape	Start	0	0	0	0	2	0	0
Weather	snowscape	Start	0	0	0	0	3	0	0
Weather	snowscape	Start	0	0	0	0	4	0	0
Weather	snowscape	Start	0	0	0	1	0	0	0
Weather	snowscape	Start	0	0	0	1	1	1	1
Weather	snowscape	Start	0	0	0	1	2	0	0
Weather	snowscape	Start	0	0	0	1	3	0	0
Weather	snowscape	Start	0	0	0	1	4	0	0
Weather	snowscape	Start	0	0	1	0	0	0	0
Weather	snowscape	Start	0	0	1	0	1	1	1
Weather	snowscape	Start	0	0	1	0	2	0	0
Weather	snowscape	Start	0	0	1	0	3	0	0
Weather	snowscape	Start	0	0	1	0	4	0	0
Weather	snowscape	Start	0	0	1	1	0	0	0
Weather	snowscape	Start	0	0	1	1	1	1	1
Weather	snowscape	Start	0	0	1	1	2	0	0
Weather	snowscape	Start	0	0	1	1	3	0	0
Weather	snowscape	Start	0	0	1	1	4	0	0
Weather	snowscape	Start	0	1	0	0	0	0	0
Weather	snowscape	Start	0	1	0	0	1	1	1
Weather	snowscape	Start	0	1	0	0	2	0	0
Weather	snowscape	Start	0	1	0	0	3	0	0
Weather	snowscape	Start	0	1	0	0	4	0	0
Weather	snowscape	Start	0	1	0	1	0	0	0
Weather	snowscape	Start	0	1	0	1	1	1	1
Weather	snowscape	Start	0	1	0	1	2	0	0
Weather	snowscape	Start	0	1	0	1	3	0	0
Weather	snowscape	Start	0	1	0	1	4	0	0
Weather	snowscape	Start	0	1	1	0	0	0	0
Weather	snowscape	Start	0	1	1	0	1	1	1
Weather	snowscape	Start	0	1	1	0	2	0	0
Weather	snowscape	Start	0	1	1	0	3	0	0
Weather	snowscape	Start	0	1	1	0	4	0	0
Weather	snowscape	Start	0	1	1	1	0	0	0
Weather	snowscape	Start	0	1	1	1	1	1	1
Weather	snowscape	Start	0	1	1	1	2	0	0
Weather	snowscape	Start	0	1	1	1	3	0	0
Weather	snowscape	Start	0	1	1	1	4	0	0
Weather	snowscape	Start	0	2	0	0	0	0	0
Weather	snowscape	Start	0	2	0	0	1	1	1
Weather	snowscape	Start	0	2	0	0	2	0	0
Weather	snowscape	Start	0	2	0	0	3	0	0
Weather	snowscape	Start	0	2	0	0	4	0	0
Weather	snowscape	Start	0	2	0	1	0	0	0
Weather	snowscape	Start	0	2	0	1	1	1	1
Weather	snowscape	Start	0	2	0	1	2	0	0
Weather	snowscape	Start	0	2	0	1	3	0	0
Weather	snowscape	Start	0	2	0	1	4	0	0
Weather	snowscape	Start	0	2	1	0	0	0	0
Weather	snowscape	Start	0	2	1	0	1	1	1
Weather	snowscape	Start	0	2	1	0	2	0	0
Weather	snowscape	Start	0	2	1	0	3	0	0
Weather	snowscape	Start	0	2	1	0	4	0	0
Weather	snowscape	Start	0	2	1	1	0	0	0
Weather	snowscape	Start	0	2	1	1	1	1	1
Weather	snowscape	Start	0	2	1	1	2	0	0
Weather	snowscape	Start	0	2	1	1	3	0	0
Weather	snowscape	Start	0	2	1	1	4	0	0
Weather	snowscape	Start	0	3	0	0	0	0	0
Weather	snowscape	Start	0	3	0	0	1	1	1
Weather	snowscape	Start	0	3	0	0	2	0	0
Weather	snowscape	Start	0	3	0	0	3	0	0
Weather	snowscape	Start	0	3	0	0	4	0	0
Weather	snowscape	Start	0	3	0	1	0	0	0
Weather	snowscape	Start	0	3	0	1	1	1	1
Weather	snowscape	Start	0	3	0	1	2	0	0
Weather	snowscape	Start	0	3	0	1	3	0	0
Weather	snowscape	Start	0	3	0	1	4	0	0
Weather	snowscape	Start	0	3	1	0	0	0	0
Weather	snowscape	Start	0	3	1	0	1	1	1
Weather	snowscape	Start	0	3	1	0	2	0	0
Weather	snowscape	Start	0	3	1	0	3	0	0
Weather	snowscape	Start	0	3	1	0	4	0	0
Weather	snowscape	Start	0	3	1	1	0	0	0
Weather	snowscape	Start	0	3	1	1	1	1	1
Weather	snowscape	Start	0	3	1	1	2	0	0
Weather	snowscape	Start	0	3	1	1	3	0	0
Weather	snowscape	Start	0	3	1	1	4	0	0
Weather	snowscape	Start	1	0	0	0	0	0	0
Weather	snowscape	Start	1	0	0	0	1	1	1
Weather	snowscape	Start	1	0	0	0	2	0	0
Weather	snowscape	Start	1	0	0	0	3	0	0
Weather	snowscape	Start	1	0	0	0	4	0	0
Weather	snowscape	Start	1	0	0	1	0	0	0
Weather	snowscape	Start	1	0	0	1	1	1	1
Weather	snowscape	Start	1	0	0	1	2	0	0
Weather	snowscape	Start	1	0	0	1	3	0	0
Weather	snowscape	Start	1	0	0	1	4	0	0
Weather	snowscape	Start	1	0	1	0	0	0	0
Weather	snowscape	Start	1	0	1	0	1	1	1
Weather	snowscape	Start	1	0	1	0	2	0	0
Weather	snowscape	Start	1	0	1	0	3	0	0
Weather	snowscape	Start	1	0	1	0	4	0	0
Weather	snowscape	Start	1	0	1	1	0	0	0
Weather	snowscape	Start	1	0	1	1	1	1	1
Weather	snowscape	Start	1	0	1	1	2	0	0
Weather	snowscape	Start	1	0	1	1	3	0	0
Weather	snowscape	Start	1	0	1	1	4	0	0
Weather	snowscape	Start	1	1	0	0	0	0	0
Weather	snowscape	Start	1	1	0	0	1	1	1
Weather	snowscape	Start	1	1	0	0	2	0	0
Weather	snowscape	Start	1	1	0	0	3	0	0
Weather	snowscape	Start	1	1	0	0	4	0	0
Weather	snowscape	Start	1	1	0	1	0	0	0
Weather	snowscape	Start	1	1	0	1	1	1	1
Weather	snowscape	Start	1	1	0	1	2	0	0
Weather	snowscape	Start	1	1	0	1	3	0	0
Weather	snowscape	Start	1	1	0	1	4	0	0
Weather	snowscape	Start	1	1	1	0	0	0	0
Weather	snowscape	Start	1	1	1	0	1	1	1
Weather	snowscape	Start	1	1	1	0	2	0	0
Weather	snowscape	Start	1	1	1	0	3	0	0
Weather	snowscape	Start	1	1	1	0	4	0	0
Weather	snowscape	Start	1	1	1	1	0	0	0
Weather	snowscape	Start	1	1	1	1	1	1	1
Weather	snowscape	Start	1	1	1	1	2	0	0
Weather	snowscape	Start	1	1	1	1	3	0	0
Weather	snowscape	Start	1	1	1	1	4	0	0
Weather	snowscape	Start	1	2	0	0	0	0	0
Weather	snowscape	Start	1	2	0	0	1	1	1
Weather	snowscape	Start	1	2	0	0	2	0	0
Weather	snowscape	Start	1	2	0	0	3	0	0
Weather	snowscape	Start	1	2	0	0	4	0	0
Weather	snowscape	Start	1	2	0	1	0	0	0
Weather	snowscape	Start	1	2	0	1	1	1	1
Weather	snowscape	Start	1	2	0	1	2	0	0
Weather	snowscape	Start	1	2	0	1	3	0	0
Weather	snowscape	Start	1	2	0	1	4	0	0
Weather	snowscape	Start	1	2	1	0	0	0	0
Weather	snowscape	Start	1	2	1	0	1	1	1
Weather	snowscape	Start	1	2	1	0	2	0	0
Weather	snowscape	Start	1	2	1	0	3	0	0
Weather	snowscape	Start	1	2	1	0	4	0	0
Weather	snowscape	Start	1	2	1	1	0	0	0
Weather	snowscape	Start	1	2	1	1	1	1	1
Weather	snowscape	Start	1	2	1	1	2	0	0
Weather	snowscape	Start	1	2	1	1	3	0	0
Weather	snowscape	Start	1	2	1	1	4	0	0
Weather	snowscape	Start	1	3	0	0	0	0	0
Weather	snowscape	Start	1	3	0	0	1	1	1
Weather	snowscape	Start	1	3	0	0	2	0	0
Weather	snowscape	Start	1	3	0	0	3	0	0
Weather	snowscape	Start	1	3	0	0	4	0	0
Weather	snowscape	Start	1	3	0	1	0	0	0
Weather	snowscape	Start	1	3	0	1	1	1	1
Weather	snowscape	Start	1	3	0	1	2	0	0
Weather	snowscape	Start	1	3	0	1	3	0	0
Weather	snowscape	Start	1	3	0	1	4	0	0
Weather	snowscape	Start	1	3	1	0	0	0	0
Weather	snowscape	Start	1	3	1	0	1	1	1
Weather	snowscape	Start	1	3	1	0	2	0	0
Weather	snowscape	Start	1	3	1	0	3	0	0
Weather	snowscape	Start	1	3	1	0	4	0	0
Weather	snowscape	Start	1	3	1	1	0	0	0
Weather	snowscape	Start	1	3	1	1	1	1	1
Weather	snowscape	Start	1	3	1	1	2	0	0
Weather	snowscape	Start	1	3	1	1	3	0	0
Weather	snowscape	Start	1	3	1	1	4	0	0
Weather	snowscape	End	0	0	0	0	0	0	0
Weather	snowscape	End	0	0	0	0	1	1	0
Weather	snowscape	End	0	0	0	0	2	0	0
Weather	snowscape	End	0	0	0	0	3	0	0
Weather	snowscape	End	0	0	0	0	4	0	0
Weather	snowscape	End	0	0	0	1	0	0	0
Weather	snowscape	End	0	0	0	1	1	1	0
Weather	snowscape	End	0	0	0	1	2	0	0
Weather	snowscape	End	0	0	0	1	3	0	0
Weather	snowscape	End	0	0	0	1	4	0	0
Weather	snowscape	End	0	0	1	0	0	0	0
Weather	snowscape	End	0	0	1	0	1	1	0
Weather	snowscape	End	0	0	1	0	2	0	0
Weather	snowscape	End	0	0	1	0	3	0	0
Weather	snowscape	End	0	0	1	0	4	0	0
Weather	snowscape	End	0	0	1	1	0	0	0
Weather	snowscape	End	0	0	1	1	1	1	0
Weather	snowscape	End	0	0	1	1	2	0	0
Weather	snowscape	End	0	0	1	1	3	0	0
Weather	snowscape	End	0	0	1	1	4	0	0
Weather	snowscape	End	0	1	0	0	0	0	0
Weather	snowscape	End	0	1	0	0	1	1	0
Weather	snowscape	End	0	1	0	0	2	0	0
Weather	snowscape	End	0	1	0	0	3	0	0
Weather	snowscape	End	0	1	0	0	4	0	0
Weather	snowscape	End	0	1	0	1	0	0	0
Weather	snowscape	End	0	1	0	1	1	1	0
Weather	snowscape	End	0	1	0	1	2	0	0
Weather	snowscape	End	0	1	0	1	3	0	0
Weather	snowscape	End	0	1	0	1	4	0	0
Weather	snowscape	End	0	1	1	0	0	0	0
Weather	snowscape	End	0	1	1	0	1	1	0
Weather	snowscape	End	0	1	1	0	2	0	0
Weather	snowscape	End	0	1	1	0	3	0	0
Weather	snowscape	End	0	1	1	0	4	0	0
Weather	snowscape	End	0	1	1	1	0	0	0
Weather	snowscape	End	0	1	1	1	1	1	0
Weather	snowscape	End	0	1	1	1	2	0	0
Weather	snowscape	End	0	1	1	1	3	0	0
Weather	snowscape	End	0	1	1	1	4	0	0
Weather	snowscape	End	0	2	0	0	0	0	0
Weather	snowscape	End	0	2	0	0	1	1	0
Weather	snowscape	End	0	2	0	0	2	0	0
Weather	snowscape	End	0	2	0	0	3	0	0
Weather	snowscape	End	0	2	0	0	4	0	0
Weather	snowscape	End	0	2	0	1	0	0	0
Weather	snowscape	End	0	2	0	1	1	1	0
Weather	snowscape	End	0	2	0	1	2	0	0
Weather	snowscape	End	0	2	0	1	3	0	0
Weather	snowscape	End	0	2	0	1	4	0	0
Weather	snowscape	End	0	2	1	0	0	0	0
Weather	snowscape	End	0	2	1	0	1	1	0
Weather	snowscape	End	0	2	1	0	2	0	0
Weather	snowscape	End	0	2	1	0	3	0	0
Weather	snowscape	End	0	2	1	0	4	0	0
Weather	snowscape	End	0	2	1	1	0	0	0
Weather	snowscape	End	0	2	1	1	1	1	0
Weather	snowscape	End	0	2	1	1	2	0	0
Weather	snowscape	End	0	2	1	1	3	0	0
Weather	snowscape	End	0	2	1	1	4	0	0
Weather	snowscape	End	0	3	0	0	0	0	0
Weather	snowscape	End	0	3	0	0	1	1	0
Weather	snowscape	End	0	3	0	0	2	0	0
Weather	snowscape	End	0	3	0	0	3	0	0
Weather	snowscape	End	0	3	0	0	4	0	0
Weather	snowscape	End	0	3	0	1	0	0	0
Weather	snowscape	End	0	3	0	1	1	1	0
Weather	snowscape	End	0	3	0	1	2	0	0
Weather	snowscape	End	0	3	0	1	3	0	0
Weather	snowscape	End	0	3	0	1	4	0	0
Weather	snowscape	End	0	3	1	0	0	0	0
Weather	snowscape	End	0	3	1	0	1	1	0
Weather	snowscape	End	0	3	1	0	2	0	0
Weather	snowscape	End	0	3	1	0	3	0	0
Weather	snowscape	End	0	3	1	0	4	0	0
Weather	snowscape	End	0	3	1	1	0	0	0
Weather	snowscape	End	0	3	1	1	1	1	0
Weather	snowscape	End	0	3	1	1	2	0	0
Weather	snowscape	End	0	3	1	1	3	0	0
Weather	snowscape	End	0	3	1	1	4	0	0
Weather	snowscape	End	1	0	0	0	0	0	0
Weather	snowscape	End	1	0	0	0	1	1	0
Weather	snowscape	End	1	0	0	0	2	0	0
Weather	snowscape	End	1	0	0	0	3	0	0
Weather	snowscape	End	1	0	0	0	4	0	0
Weather	snowscape	End	1	0	0	1	0	0	0
Weather	snowscape	End	1	0	0	1	1	1	0
Weather	snowscape	End	1	0	0	1	2	0	0
Weather	snowscape	End	1	0	0	1	3	0	0
Weather	snowscape	End	1	0	0	1	4	0	0
Weather	snowscape	End	1	0	1	0	0	0	0
Weather	snowscape	End	1	0	1	0	1	1	0
Weather	snowscape	End	1	0	1	0	2	0	0
Weather	snowscape	End	1	0	1	0	3	0	0
Weather	snowscape	End	1	0	1	0	4	0	0
Weather	snowscape	End	1	0	1	1	0	0	0
Weather	snowscape	End	1	0	1	1	1	1	0
Weather	snowscape	End	1	0	1	1	2	0	0
Weather	snowscape	End	1	0	1	1	3	0	0
Weather	snowscape	End	1	0	1	1	4	0	0
Weather	snowscape	End	1	1	0	0	0	0	0
Weather	snowscape	End	1	1	0	0	1	1	0
Weather	snowscape	End	1	1	0	0	2	0	0
Weather	snowscape	End	1	1	0	0	3	0	0
Weather	snowscape	End	1	1	0	0	4	0	0
Weather	snowscape	End	1	1	0	1	0	0	0
Weather	snowscape	End	1	1	0	1	1	1	0
Weather	snowscape	End	1	1	0	1	2	0	0
Weather	snowscape	End	1	1	0	1	3	0	0
Weather	snowscape	End	1	1	0	1	4	0	0
Weather	snowscape	End	1	1	1	0	0	0	0
Weather	snowscape	End	1	1	1	0	1	1	0
Weather	snowscape	End	1	1	1	0	2	0	0
Weather	snowscape	End	1	1	1	0	3	0	0
Weather	snowscape	End	1	1	1	0	4	0	0
Weather	snowscape	End	1	1	1	1	0	0	0
Weather	snowscape	End	1	1	1	1	1	1	0
Weather	snowscape	End	1	1	1	1	2	0	0
Weather	snowscape	End	1	1	1	1	3	0	0
Weather	snowscape	End	1	1	1	1	4	0	0
Weather	snowscape	End	1	2	0	0	0	0	0
Weather	snowscape	End	1	2	0	0	1	1	0
Weather	snowscape	End	1	2	0	0	2	0	0
Weather	snowscape	End	1	2	0	0	3	0	0
Weather	snowscape	End	1	2	0	0	4	0	0
Weather	snowscape	End	1	2	0	1	0	0	0
Weather	snowscape	End	1	2	0	1	1	1	0
Weather	snowscape	End	1	2	0	1	2	0	0
Weather	snowscape	End	1	2	0	1	3	0	0
Weather	snowscape	End	1	2	0	1	4	0	0
Weather	snowscape	End	1	2	1	0	0	0	0
Weather	snowscape	End	1	2	1	0	1	1	0
Weather	snowscape	End	1	2	1	0	2	0	0
Weather	snowscape	End	1	2	1	0	3	0	0
Weather	snowscape	End	1	2	1	0	4	0	0
Weather	snowscape	End	1	2	1	1	0	0	0
Weather	snowscape	End	1	2	1	1	1	1	0
Weather	snowscape	End	1	2	1	1	2	0	0
Weather	snowscape	End	1	2	1	1	3	0	0
Weather	snowscape	End	1	2	1	1	4	0	0
Weather	snowscape	End	1	3	0	0	0	0	0
Weather	snowscape	End	1	3	0	0	1	1	0
Weather	snowscape	End	1	3	0	0	2	0	0
Weather	snowscape	End	1	3	0	0	3	0	0
Weather	snowscape	End	1	3	0	0	4	0	0
Weather	snowscape	End	1	3	0	1	0	0	0
Weather	snowscape	End	1	3	0	1	1	1	0
Weather	snowscape	End	1	3	0	1	2	0	0
Weather	snowscape	End	1	3	0	1	3	0	0
Weather	snowscape	End	1	3	0	1	4	0	0
Weather	snowscape	End	1	3	1	0	0	0	0
Weather	snowscape	End	1	3	1	0	1	1	0
Weather	snowscape	End	1	3	1	0	2	0	0
Weather	snowscape	End	1	3	1	0	3	0	0
Weather	snowscape	End	1	3	1	0	4	0	0
Weather	snowscape	End	1	3	1	1	0	0	0
Weather	snowscape	End	1	3	1	1	1	1	0
Weather	snowscape	End	1	3	1	1	2	0	0
Weather	snowscape	End	1	3	1	1	3	0	0
Weather	snowscape	End	1	3	1	1	4	0	0
Weather	snowscape	SwitchIn	0	0	0	0	0	0	0
Weather	snowscape	SwitchIn	0	0	0	0	1	1	1
Weather	snowscape	SwitchIn	0	0	0	0	2	0	0
Weather	snowscape	SwitchIn	0	0	0	0	3	0	0
Weather	snowscape	SwitchIn	0	0	0	0	4	0	0
Weather	snowscape	SwitchIn	0	0	0	1	0	0	0
Weather	snowscape	SwitchIn	0	0	0	1	1	1	1
Weather	snowscape	SwitchIn	0	0	0	1	2	0	0
Weather	snowscape	SwitchIn	0	0	0	1	3	0	0
Weather	snowscape	SwitchIn	0	0	0	1	4	0	0
Weather	snowscape	SwitchIn	0	0	1	0	0	0	0
Weather	snowscape	SwitchIn	0	0	1	0	1	1	1
Weather	snowscape	SwitchIn	0	0	1	0	2	0	0
Weather	snowscape	SwitchIn	0	0	1	0	3	0	0
Weather	snowscape	SwitchIn	0	0	1	0	4	0	0
Weather	snowscape	SwitchIn	0	0	1	1	0	0	0
Weather	snowscape	SwitchIn	0	0	1	1	1	1	1
Weather	snowscape	SwitchIn	0	0	1	1	2	0	0
Weather	snowscape	SwitchIn	0	0	1	1	3	0	0
Weather	snowscape	SwitchIn	0	0	1	1	4	0	0
Weather	snowscape	SwitchIn	0	1	0	0	0	0	0
Weather	snowscape	SwitchIn	0	1	0	0	1	1	1
Weather	snowscape	SwitchIn	0	1	0	0	2	0	0
Weather	snowscape	SwitchIn	0	1	0	0	3	0	0
Weather	snowscape	SwitchIn	0	1	0	0	4	0	0
Weather	snowscape	SwitchIn	0	1	0	1	0	0	0
Weather	snowscape	SwitchIn	0	1	0	1	1	1	1
Weather	snowscape	SwitchIn	0	1	0	1	2	0	0
Weather	snowscape	SwitchIn	0	1	0	1	3	0	0
Weather	snowscape	SwitchIn	0	1	0	1	4	0	0
Weather	snowscape	SwitchIn	0	1	1	0	0	0	0
Weather	snowscape	SwitchIn	0	1	1	0	1	1	1
Weather	snowscape	SwitchIn	0	1	1	0	2	0	0
Weather	snowscape	SwitchIn	0	1	1	0	3	0	0
Weather	snowscape	SwitchIn	0	1	1	0	4	0	0
Weather	snowscape	SwitchIn	0	1	1	1	0	0	0
Weather	snowscape	SwitchIn	0	1	1	1	1	1	1
Weather	snowscape	SwitchIn	0	1	1	1	2	0	0
Weather	snowscape	SwitchIn	0	1	1	1	3	0	0
Weather	snowscape	SwitchIn	0	1	1	1	4	0	0
Weather	snowscape	SwitchIn	0	2	0	0	0	0	0
Weather	snowscape	SwitchIn	0	2	0	0	1	1	1
Weather	snowscape	SwitchIn	0	2	0	0	2	0	0
Weather	snowscape	SwitchIn	0	2	0	0	3	0	0
Weather	snowscape	SwitchIn	0	2	0	0	4	0	0
Weather	snowscape	SwitchIn	0	2	0	1	0	0	0
Weather	snowscape	SwitchIn	0	2	0	1	1	1	1
Weather	snowscape	SwitchIn	0	2	0	1	2	0	0
Weather	snowscape	SwitchIn	0	2	0	1	3	0	0
Weather	snowscape	SwitchIn	0	2	0	1	4	0	0
Weather	snowscape	SwitchIn	0	2	1	0	0	0	0
Weather	snowscape	SwitchIn	0	2	1	0	1	1	1
Weather	snowscape	SwitchIn	0	2	1	0	2	0	0
Weather	snowscape	SwitchIn	0	2	1	0	3	0	0
Weather	snowscape	SwitchIn	0	2	1	0	4	0	0
Weather	snowscape	SwitchIn	0	2	1	1	0	0	0
Weather	snowscape	SwitchIn	0	2	1	1	1	1	1
Weather	snowscape	SwitchIn	0	2	1	1	2	0	0
Weather	snowscape	SwitchIn	0	2	1	1	3	0	0
Weather	snowscape	SwitchIn	0	2	1	1	4	0	0
Weather	snowscape	SwitchIn	0	3	0	0	0	0	0
Weather	snowscape	SwitchIn	0	3	0	0	1	1	1
Weather	snowscape	SwitchIn	0	3	0	0	2	0	0
Weather	snowscape	SwitchIn	0	3	0	0	3	0	0
Weather	snowscape	SwitchIn	0	3	0	0	4	0	0
Weather	snowscape	SwitchIn	0	3	0	1	0	0	0
Weather	snowscape	SwitchIn	0	3	0	1	1	1	1
Weather	snowscape	SwitchIn	0	3	0	1	2	0	0
Weather	snowscape	SwitchIn	0	3	0	1	3	0	0
Weather	snowscape	SwitchIn	0	3	0	1	4	0	0
Weather	snowscape	SwitchIn	0	3	1	0	0	0	0
Weather	snowscape	SwitchIn	0	3	1	0	1	1	1
Weather	snowscape	SwitchIn	0	3	1	0	2	0	0
Weather	snowscape	SwitchIn	0	3	1	0	3	0	0
Weather	snowscape	SwitchIn	0	3	1	0	4	0	0
Weather	snowscape	SwitchIn	0	3	1	1	0	0	0
Weather	snowscape	SwitchIn	0	3	1	1	1	1	1
Weather	snowscape	SwitchIn	0	3	1	1	2	0	0
Weather	snowscape	SwitchIn	0	3	1	1	3	0	0
Weather	snowscape	SwitchIn	0	3	1	1	4	0	0
Weather	snowscape	SwitchIn	1	0	0	0	0	0	0
Weather	snowscape	SwitchIn	1	0	0	0	1	1	1
Weather	snowscape	SwitchIn	1	0	0	0	2	0	0
Weather	snowscape	SwitchIn	1	0	0	0	3	0	0
Weather	snowscape	SwitchIn	1	0	0	0	4	0	0
Weather	snowscape	SwitchIn	1	0	0	1	0	0	0
Weather	snowscape	SwitchIn	1	0	0	1	1	1	1
Weather	snowscape	SwitchIn	1	0	0	1	2	0	0
Weather	snowscape	SwitchIn	1	0	0	1	3	0	0
Weather	snowscape	SwitchIn	1	0	0	1	4	0	0
Weather	snowscape	SwitchIn	1	0	1	0	0	0	0
Weather	snowscape	SwitchIn	1	0	1	0	1	1	1
Weather	snowscape	SwitchIn	1	0	1	0	2	0	0
Weather	snowscape	SwitchIn	1	0	1	0	3	0	0
Weather	snowscape	SwitchIn	1	0	1	0	4	0	0
Weather	snowscape	SwitchIn	1	0	1	1	0	0	0
Weather	snowscape	SwitchIn	1	0	1	1	1	1	1
Weather	snowscape	SwitchIn	1	0	1	1	2	0	0
Weather	snowscape	SwitchIn	1	0	1	1	3	0	0
Weather	snowscape	SwitchIn	1	0	1	1	4	0	0
Weather	snowscape	SwitchIn	1	1	0	0	0	0	0
Weather	snowscape	SwitchIn	1	1	0	0	1	1	1
Weather	snowscape	SwitchIn	1	1	0	0	2	0	0
Weather	snowscape	SwitchIn	1	1	0	0	3	0	0
Weather	snowscape	SwitchIn	1	1	0	0	4	0	0
Weather	snowscape	SwitchIn	1	1	0	1	0	0	0
Weather	snowscape	SwitchIn	1	1	0	1	1	1	1
Weather	snowscape	SwitchIn	1	1	0	1	2	0	0
Weather	snowscape	SwitchIn	1	1	0	1	3	0	0
Weather	snowscape	SwitchIn	1	1	0	1	4	0	0
Weather	snowscape	SwitchIn	1	1	1	0	0	0	0
Weather	snowscape	SwitchIn	1	1	1	0	1	1	1
Weather	snowscape	SwitchIn	1	1	1	0	2	0	0
Weather	snowscape	SwitchIn	1	1	1	0	3	0	0
Weather	snowscape	SwitchIn	1	1	1	0	4	0	0
Weather	snowscape	SwitchIn	1	1	1	1	0	0	0
Weather	snowscape	SwitchIn	1	1	1	1	1	1	1
Weather	snowscape	SwitchIn	1	1	1	1	2	0	0
Weather	snowscape	SwitchIn	1	1	1	1	3	0	0
Weather	snowscape	SwitchIn	1	1	1	1	4	0	0
Weather	snowscape	SwitchIn	1	2	0	0	0	0	0
Weather	snowscape	SwitchIn	1	2	0	0	1	1	1
Weather	snowscape	SwitchIn	1	2	0	0	2	0	0
Weather	snowscape	SwitchIn	1	2	0	0	3	0	0
Weather	snowscape	SwitchIn	1	2	0	0	4	0	0
Weather	snowscape	SwitchIn	1	2	0	1	0	0	0
Weather	snowscape	SwitchIn	1	2	0	1	1	1	1
Weather	snowscape	SwitchIn	1	2	0	1	2	0	0
Weather	snowscape	SwitchIn	1	2	0	1	3	0	0
Weather	snowscape	SwitchIn	1	2	0	1	4	0	0
Weather	snowscape	SwitchIn	1	2	1	0	0	0	0
Weather	snowscape	SwitchIn	1	2	1	0	1	1	1
Weather	snowscape	SwitchIn	1	2	1	0	2	0	0
Weather	snowscape	SwitchIn	1	2	1	0	3	0	0
Weather	snowscape	SwitchIn	1	2	1	0	4	0	0
Weather	snowscape	SwitchIn	1	2	1	1	0	0	0
Weather	snowscape	SwitchIn	1	2	1	1	1	1	1
Weather	snowscape	SwitchIn	1	2	1	1	2	0	0
Weather	snowscape	SwitchIn	1	2	1	1	3	0	0
Weather	snowscape	SwitchIn	1	2	1	1	4	0	0
Weather	snowscape	SwitchIn	1	3	0	0	0	0	0
Weather	snowscape	SwitchIn	1	3	0	0	1	1	1
Weather	snowscape	SwitchIn	1	3	0	0	2	0	0
Weather	snowscape	SwitchIn	1	3	0	0	3	0	0
Weather	snowscape	SwitchIn	1	3	0	0	4	0	0
Weather	snowscape	SwitchIn	1	3	0	1	0	0	0
Weather	snowscape	SwitchIn	1	3	0	1	1	1	1
Weather	snowscape	SwitchIn	1	3	0	1	2	0	0
Weather	snowscape	SwitchIn	1	3	0	1	3	0	0
Weather	snowscape	SwitchIn	1	3	0	1	4	0	0
Weather	snowscape	SwitchIn	1	3	1	0	0	0	0
Weather	snowscape	SwitchIn	1	3	1	0	1	1	1
Weather	snowscape	SwitchIn	1	3	1	0	2	0	0
Weather	snowscape	SwitchIn	1	3	1	0	3	0	0
Weather	snowscape	SwitchIn	1	3	1	0	4	0	0
Weather	snowscape	SwitchIn	1	3	1	1	0	0	0
Weather	snowscape	SwitchIn	1	3	1	1	1	1	1
Weather	snowscape	SwitchIn	1	3	1	1	2	0	0
Weather	snowscape	SwitchIn	1	3	1	1	3	0	0
Weather	snowscape	SwitchIn	1	3	1	1	4	0	0
Weather	snowscape	TakeItem	0	0	0	0	0	0	0
Weather	snowscape	TakeItem	0	0	0	0	1	1	1
Weather	snowscape	TakeItem	0	0	0	0	2	0	0
Weather	snowscape	TakeItem	0	0	0	0	3	0	0
Weather	snowscape	TakeItem	0	0	0	0	4	0	0
Weather	snowscape	TakeItem	0	0	0	1	0	0	0
Weather	snowscape	TakeItem	0	0	0	1	1	1	1
Weather	snowscape	TakeItem	0	0	0	1	2	0	0
Weather	snowscape	TakeItem	0	0	0	1	3	0	0
Weather	snowscape	TakeItem	0	0	0	1	4	0	0
Weather	snowscape	TakeItem	0	0	1	0	0	0	0
Weather	snowscape	TakeItem	0	0	1	0	1	1	1
Weather	snowscape	TakeItem	0	0	1	0	2	0	0
Weather	snowscape	TakeItem	0	0	1	0	3	0	0
Weather	snowscape	TakeItem	0	0	1	0	4	0	0
Weather	snowscape	TakeItem	0	0	1	1	0	0	0
Weather	snowscape	TakeItem	0	0	1	1	1	1	1
Weather	snowscape	TakeItem	0	0	1	1	2	0	0
Weather	snowscape	TakeItem	0	0	1	1	3	0	0
Weather	snowscape	TakeItem	0	0	1	1	4	0	0
Weather	snowscape	TakeItem	0	1	0	0	0	0	0
Weather	snowscape	TakeItem	0	1	0	0	1	1	1
Weather	snowscape	TakeItem	0	1	0	0	2	0	0
Weather	snowscape	TakeItem	0	1	0	0	3	0	0
Weather	snowscape	TakeItem	0	1	0	0	4	0	0
Weather	snowscape	TakeItem	0	1	0	1	0	0	0
Weather	snowscape	TakeItem	0	1	0	1	1	1	1
Weather	snowscape	TakeItem	0	1	0	1	2	0	0
Weather	snowscape	TakeItem	0	1	0	1	3	0	0
Weather	snowscape	TakeItem	0	1	0	1	4	0	0
Weather	snowscape	TakeItem	0	1	1	0	0	0	0
Weather	snowscape	TakeItem	0	1	1	0	1	1	1
Weather	snowscape	TakeItem	0	1	1	0	2	0	0
Weather	snowscape	TakeItem	0	1	1	0	3	0	0
Weather	snowscape	TakeItem	0	1	1	0	4	0	0
Weather	snowscape	TakeItem	0	1	1	1	0	0	0
Weather	snowscape	TakeItem	0	1	1	1	1	1	1
Weather	snowscape	TakeItem	0	1	1	1	2	0	0
Weather	snowscape	TakeItem	0	1	1	1	3	0	0
Weather	snowscape	TakeItem	0	1	1	1	4	0	0
Weather	snowscape	TakeItem	0	2	0	0	0	0	0
Weather	snowscape	TakeItem	0	2	0	0	1	1	1
Weather	snowscape	TakeItem	0	2	0	0	2	0	0
Weather	snowscape	TakeItem	0	2	0	0	3	0	0
Weather	snowscape	TakeItem	0	2	0	0	4	0	0
Weather	snowscape	TakeItem	0	2	0	1	0	0	0
Weather	snowscape	TakeItem	0	2	0	1	1	1	1
Weather	snowscape	TakeItem	0	2	0	1	2	0	0
Weather	snowscape	TakeItem	0	2	0	1	3	0	0
Weather	snowscape	TakeItem	0	2	0	1	4	0	0
Weather	snowscape	TakeItem	0	2	1	0	0	0	0
Weather	snowscape	TakeItem	0	2	1	0	1	1	1
Weather	snowscape	TakeItem	0	2	1	0	2	0	0
Weather	snowscape	TakeItem	0	2	1	0	3	0	0
Weather	snowscape	TakeItem	0	2	1	0	4	0	0
Weather	snowscape	TakeItem	0	2	1	1	0	0	0
Weather	snowscape	TakeItem	0	2	1	1	1	1	1
Weather	snowscape	TakeItem	0	2	1	1	2	0	0
Weather	snowscape	TakeItem	0	2	1	1	3	0	0
Weather	snowscape	TakeItem	0	2	1	1	4	0	0
Weather	snowscape	TakeItem	0	3	0	0	0	0	0
Weather	snowscape	TakeItem	0	3	0	0	1	1	1
Weather	snowscape	TakeItem	0	3	0	0	2	0	0
Weather	snowscape	TakeItem	0	3	0	0	3	0	0
Weather	snowscape	TakeItem	0	3	0	0	4	0	0
Weather	snowscape	TakeItem	0	3	0	1	0	0	0
Weather	snowscape	TakeItem	0	3	0	1	1	1	1
Weather	snowscape	TakeItem	0	3	0	1	2	0	0
Weather	snowscape	TakeItem	0	3	0	1	3	0	0
Weather	snowscape	TakeItem	0	3	0	1	4	0	0
Weather	snowscape	TakeItem	0	3	1	0	0	0	0
Weather	snowscape	TakeItem	0	3	1	0	1	1	1
Weather	snowscape	TakeItem	0	3	1	0	2	0	0
Weather	snowscape	TakeItem	0	3	1	0	3	0	0
Weather	snowscape	TakeItem	0	3	1	0	4	0	0
Weather	snowscape	TakeItem	0	3	1	1	0	0	0
Weather	snowscape	TakeItem	0	3	1	1	1	1	1
Weather	snowscape	TakeItem	0	3	1	1	2	0	0
Weather	snowscape	TakeItem	0	3	1	1	3	0	0
Weather	snowscape	TakeItem	0	3	1	1	4	0	0
Weather	snowscape	TakeItem	1	0	0	0	0	0	0
Weather	snowscape	TakeItem	1	0	0	0	1	1	1
Weather	snowscape	TakeItem	1	0	0	0	2	0	0
Weather	snowscape	TakeItem	1	0	0	0	3	0	0
Weather	snowscape	TakeItem	1	0	0	0	4	0	0
Weather	snowscape	TakeItem	1	0	0	1	0	0	0
Weather	snowscape	TakeItem	1	0	0	1	1	1	1
Weather	snowscape	TakeItem	1	0	0	1	2	0	0
Weather	snowscape	TakeItem	1	0	0	1	3	0	0
Weather	snowscape	TakeItem	1	0	0	1	4	0	0
Weather	snowscape	TakeItem	1	0	1	0	0	0	0
Weather	snowscape	TakeItem	1	0	1	0	1	1	1
Weather	snowscape	TakeItem	1	0	1	0	2	0	0
Weather	snowscape	TakeItem	1	0	1	0	3	0	0
Weather	snowscape	TakeItem	1	0	1	0	4	0	0
Weather	snowscape	TakeItem	1	0	1	1	0	0	0
Weather	snowscape	TakeItem	1	0	1	1	1	1	1
Weather	snowscape	TakeItem	1	0	1	1	2	0	0
Weather	snowscape	TakeItem	1	0	1	1	3	0	0
Weather	snowscape	TakeItem	1	0	1	1	4	0	0
Weather	snowscape	TakeItem	1	1	0	0	0	0	0
Weather	snowscape	TakeItem	1	1	0	0	1	1	1
Weather	snowscape	TakeItem	1	1	0	0	2	0	0
Weather	snowscape	TakeItem	1	1	0	0	3	0	0
Weather	snowscape	TakeItem	1	1	0	0	4	0	0
Weather	snowscape	TakeItem	1	1	0	1	0	0	0
Weather	snowscape	TakeItem	1	1	0	1	1	1	1
Weather	snowscape	TakeItem	1	1	0	1	2	0	0
Weather	snowscape	TakeItem	1	1	0	1	3	0	0
Weather	snowscape	TakeItem	1	1	0	1	4	0	0
Weather	snowscape	TakeItem	1	1	1	0	0	0	0
Weather	snowscape	TakeItem	1	1	1	0	1	1	1
Weather	snowscape	TakeItem	1	1	1	0	2	0	0
Weather	snowscape	TakeItem	1	1	1	0	3	0	0
Weather	snowscape	TakeItem	1	1	1	0	4	0	0
Weather	snowscape	TakeItem	1	1	1	1	0	0	0
Weather	snowscape	TakeItem	1	1	1	1	1	1	1
Weather	snowscape	TakeItem	1	1	1	1	2	0	0
Weather	snowscape	TakeItem	1	1	1	1	3	0	0
Weather	snowscape	TakeItem	1	1	1	1	4	0	0
Weather	snowscape	TakeItem	1	2	0	0	0	0	0
Weather	snowscape	TakeItem	1	2	0	0	1	1	1
Weather	snowscape	TakeItem	1	2	0	0	2	0	0
Weather	snowscape	TakeItem	1	2	0	0	3	0	0
Weather	snowscape	TakeItem	1	2	0	0	4	0	0
Weather	snowscape	TakeItem	1	2	0	1	0	0	0
Weather	snowscape	TakeItem	1	2	0	1	1	1	1
Weather	snowscape	TakeItem	1	2	0	1	2	0	0
Weather	snowscape	TakeItem	1	2	0	1	3	0	0
Weather	snowscape	TakeItem	1	2	0	1	4	0	0
Weather	snowscape	TakeItem	1	2	1	0	0	0	0
Weather	snowscape	TakeItem	1	2	1	0	1	1	1
Weather	snowscape	TakeItem	1	2	1	0	2	0	0
Weather	snowscape	TakeItem	1	2	1	0	3	0	0
Weather	snowscape	TakeItem	1	2	1	0	4	0	0
Weather	snowscape	TakeItem	1	2	1	1	0	0	0
Weather	snowscape	TakeItem	1	2	1	1	1	1	1
Weather	snowscape	TakeItem	1	2	1	1	2	0	0
Weather	snowscape	TakeItem	1	2	1	1	3	0	0
Weather	snowscape	TakeItem	1	2	1	1	4	0	0
Weather	snowscape	TakeItem	1	3	0	0	0	0	0
Weather	snowscape	TakeItem	1	3	0	0	1	1	1
Weather	snowscape	TakeItem	1	3	0	0	2	0	0
Weather	snowscape	TakeItem	1	3	0	0	3	0	0
Weather	snowscape	TakeItem	1	3	0	0	4	0	0
Weather	snowscape	TakeItem	1	3	0	1	0	0	0
Weather	snowscape	TakeItem	1	3	0	1	1	1	1
Weather	snowscape	TakeItem	1	3	0	1	2	0	0
Weather	snowscape	TakeItem	1	3	0	1	3	0	0
Weather	snowscape	TakeItem	1	3	0	1	4	0	0
Weather	snowscape	TakeItem	1	3	1	0	0	0	0
Weather	snowscape	TakeItem	1	3	1	0	1	1	1
Weather	snowscape	TakeItem	1	3	1	0	2	0	0
Weather	snowscape	TakeItem	1	3	1	0	3	0	0
Weather	snowscape	TakeItem	1	3	1	0	4	0	0
Weather	snowscape	TakeItem	1	3	1	1	0	0	0
Weather	snowscape	TakeItem	1	3	1	1	1	1	1
Weather	snowscape	TakeItem	1	3	1	1	2	0	0
Weather	snowscape	TakeItem	1	3	1	1	3	0	0
Weather	snowscape	TakeItem	1	3	1	1	4	0	0
Weather	snowscape	SetAbility	0	0	0	0	0	0	0
Weather	snowscape	SetAbility	0	0	0	0	1	1	1
Weather	snowscape	SetAbility	0	0	0	0	2	0	0
Weather	snowscape	SetAbility	0	0	0	0	3	0	0
Weather	snowscape	SetAbility	0	0	0	0	4	0	0
Weather	snowscape	SetAbility	0	0	0	1	0	0	0
Weather	snowscape	SetAbility	0	0	0	1	1	1	1
Weather	snowscape	SetAbility	0	0	0	1	2	0	0
Weather	snowscape	SetAbility	0	0	0	1	3	0	0
Weather	snowscape	SetAbility	0	0	0	1	4	0	0
Weather	snowscape	SetAbility	0	0	1	0	0	0	0
Weather	snowscape	SetAbility	0	0	1	0	1	1	1
Weather	snowscape	SetAbility	0	0	1	0	2	0	0
Weather	snowscape	SetAbility	0	0	1	0	3	0	0
Weather	snowscape	SetAbility	0	0	1	0	4	0	0
Weather	snowscape	SetAbility	0	0	1	1	0	0	0
Weather	snowscape	SetAbility	0	0	1	1	1	1	1
Weather	snowscape	SetAbility	0	0	1	1	2	0	0
Weather	snowscape	SetAbility	0	0	1	1	3	0	0
Weather	snowscape	SetAbility	0	0	1	1	4	0	0
Weather	snowscape	SetAbility	0	1	0	0	0	0	0
Weather	snowscape	SetAbility	0	1	0	0	1	1	1
Weather	snowscape	SetAbility	0	1	0	0	2	0	0
Weather	snowscape	SetAbility	0	1	0	0	3	0	0
Weather	snowscape	SetAbility	0	1	0	0	4	0	0
Weather	snowscape	SetAbility	0	1	0	1	0	0	0
Weather	snowscape	SetAbility	0	1	0	1	1	1	1
Weather	snowscape	SetAbility	0	1	0	1	2	0	0
Weather	snowscape	SetAbility	0	1	0	1	3	0	0
Weather	snowscape	SetAbility	0	1	0	1	4	0	0
Weather	snowscape	SetAbility	0	1	1	0	0	0	0
Weather	snowscape	SetAbility	0	1	1	0	1	1	1
Weather	snowscape	SetAbility	0	1	1	0	2	0	0
Weather	snowscape	SetAbility	0	1	1	0	3	0	0
Weather	snowscape	SetAbility	0	1	1	0	4	0	0
Weather	snowscape	SetAbility	0	1	1	1	0	0	0
Weather	snowscape	SetAbility	0	1	1	1	1	1	1
Weather	snowscape	SetAbility	0	1	1	1	2	0	0
Weather	snowscape	SetAbility	0	1	1	1	3	0	0
Weather	snowscape	SetAbility	0	1	1	1	4	0	0
Weather	snowscape	SetAbility	0	2	0	0	0	0	0
Weather	snowscape	SetAbility	0	2	0	0	1	1	1
Weather	snowscape	SetAbility	0	2	0	0	2	0	0
Weather	snowscape	SetAbility	0	2	0	0	3	0	0
Weather	snowscape	SetAbility	0	2	0	0	4	0	0
Weather	snowscape	SetAbility	0	2	0	1	0	0	0
Weather	snowscape	SetAbility	0	2	0	1	1	1	1
Weather	snowscape	SetAbility	0	2	0	1	2	0	0
Weather	snowscape	SetAbility	0	2	0	1	3	0	0
Weather	snowscape	SetAbility	0	2	0	1	4	0	0
Weather	snowscape	SetAbility	0	2	1	0	0	0	0
Weather	snowscape	SetAbility	0	2	1	0	1	1	1
Weather	snowscape	SetAbility	0	2	1	0	2	0	0
Weather	snowscape	SetAbility	0	2	1	0	3	0	0
Weather	snowscape	SetAbility	0	2	1	0	4	0	0
Weather	snowscape	SetAbility	0	2	1	1	0	0	0
Weather	snowscape	SetAbility	0	2	1	1	1	1	1
Weather	snowscape	SetAbility	0	2	1	1	2	0	0
Weather	snowscape	SetAbility	0	2	1	1	3	0	0
Weather	snowscape	SetAbility	0	2	1	1	4	0	0
Weather	snowscape	SetAbility	0	3	0	0	0	0	0
Weather	snowscape	SetAbility	0	3	0	0	1	1	1
Weather	snowscape	SetAbility	0	3	0	0	2	0	0
Weather	snowscape	SetAbility	0	3	0	0	3	0	0
Weather	snowscape	SetAbility	0	3	0	0	4	0	0
Weather	snowscape	SetAbility	0	3	0	1	0	0	0
Weather	snowscape	SetAbility	0	3	0	1	1	1	1
Weather	snowscape	SetAbility	0	3	0	1	2	0	0
Weather	snowscape	SetAbility	0	3	0	1	3	0	0
Weather	snowscape	SetAbility	0	3	0	1	4	0	0
Weather	snowscape	SetAbility	0	3	1	0	0	0	0
Weather	snowscape	SetAbility	0	3	1	0	1	1	1
Weather	snowscape	SetAbility	0	3	1	0	2	0	0
Weather	snowscape	SetAbility	0	3	1	0	3	0	0
Weather	snowscape	SetAbility	0	3	1	0	4	0	0
Weather	snowscape	SetAbility	0	3	1	1	0	0	0
Weather	snowscape	SetAbility	0	3	1	1	1	1	1
Weather	snowscape	SetAbility	0	3	1	1	2	0	0
Weather	snowscape	SetAbility	0	3	1	1	3	0	0
Weather	snowscape	SetAbility	0	3	1	1	4	0	0
Weather	snowscape	SetAbility	1	0	0	0	0	0	0
Weather	snowscape	SetAbility	1	0	0	0	1	1	1
Weather	snowscape	SetAbility	1	0	0	0	2	0	0
Weather	snowscape	SetAbility	1	0	0	0	3	0	0
Weather	snowscape	SetAbility	1	0	0	0	4	0	0
Weather	snowscape	SetAbility	1	0	0	1	0	0	0
Weather	snowscape	SetAbility	1	0	0	1	1	1	1
Weather	snowscape	SetAbility	1	0	0	1	2	0	0
Weather	snowscape	SetAbility	1	0	0	1	3	0	0
Weather	snowscape	SetAbility	1	0	0	1	4	0	0
Weather	snowscape	SetAbility	1	0	1	0	0	0	0
Weather	snowscape	SetAbility	1	0	1	0	1	1	1
Weather	snowscape	SetAbility	1	0	1	0	2	0	0
Weather	snowscape	SetAbility	1	0	1	0	3	0	0
Weather	snowscape	SetAbility	1	0	1	0	4	0	0
Weather	snowscape	SetAbility	1	0	1	1	0	0	0
Weather	snowscape	SetAbility	1	0	1	1	1	1	1
Weather	snowscape	SetAbility	1	0	1	1	2	0	0
Weather	snowscape	SetAbility	1	0	1	1	3	0	0
Weather	snowscape	SetAbility	1	0	1	1	4	0	0
Weather	snowscape	SetAbility	1	1	0	0	0	0	0
Weather	snowscape	SetAbility	1	1	0	0	1	1	1
Weather	snowscape	SetAbility	1	1	0	0	2	0	0
Weather	snowscape	SetAbility	1	1	0	0	3	0	0
Weather	snowscape	SetAbility	1	1	0	0	4	0	0
Weather	snowscape	SetAbility	1	1	0	1	0	0	0
Weather	snowscape	SetAbility	1	1	0	1	1	1	1
Weather	snowscape	SetAbility	1	1	0	1	2	0	0
Weather	snowscape	SetAbility	1	1	0	1	3	0	0
Weather	snowscape	SetAbility	1	1	0	1	4	0	0
Weather	snowscape	SetAbility	1	1	1	0	0	0	0
Weather	snowscape	SetAbility	1	1	1	0	1	1	1
Weather	snowscape	SetAbility	1	1	1	0	2	0	0
Weather	snowscape	SetAbility	1	1	1	0	3	0	0
Weather	snowscape	SetAbility	1	1	1	0	4	0	0
Weather	snowscape	SetAbility	1	1	1	1	0	0	0
Weather	snowscape	SetAbility	1	1	1	1	1	1	1
Weather	snowscape	SetAbility	1	1	1	1	2	0	0
Weather	snowscape	SetAbility	1	1	1	1	3	0	0
Weather	snowscape	SetAbility	1	1	1	1	4	0	0
Weather	snowscape	SetAbility	1	2	0	0	0	0	0
Weather	snowscape	SetAbility	1	2	0	0	1	1	1
Weather	snowscape	SetAbility	1	2	0	0	2	0	0
Weather	snowscape	SetAbility	1	2	0	0	3	0	0
Weather	snowscape	SetAbility	1	2	0	0	4	0	0
Weather	snowscape	SetAbility	1	2	0	1	0	0	0
Weather	snowscape	SetAbility	1	2	0	1	1	1	1
Weather	snowscape	SetAbility	1	2	0	1	2	0	0
Weather	snowscape	SetAbility	1	2	0	1	3	0	0
Weather	snowscape	SetAbility	1	2	0	1	4	0	0
Weather	snowscape	SetAbility	1	2	1	0	0	0	0
Weather	snowscape	SetAbility	1	2	1	0	1	1	1
Weather	snowscape	SetAbility	1	2	1	0	2	0	0
Weather	snowscape	SetAbility	1	2	1	0	3	0	0
Weather	snowscape	SetAbility	1	2	1	0	4	0	0
Weather	snowscape	SetAbility	1	2	1	1	0	0	0
Weather	snowscape	SetAbility	1	2	1	1	1	1	1
Weather	snowscape	SetAbility	1	2	1	1	2	0	0
Weather	snowscape	SetAbility	1	2	1	1	3	0	0
Weather	snowscape	SetAbility	1	2	1	1	4	0	0
Weather	snowscape	SetAbility	1	3	0	0	0	0	0
Weather	snowscape	SetAbility	1	3	0	0	1	1	1
Weather	snowscape	SetAbility	1	3	0	0	2	0	0
Weather	snowscape	SetAbility	1	3	0	0	3	0	0
Weather	snowscape	SetAbility	1	3	0	0	4	0	0
Weather	snowscape	SetAbility	1	3	0	1	0	0	0
Weather	snowscape	SetAbility	1	3	0	1	1	1	1
Weather	snowscape	SetAbility	1	3	0	1	2	0	0
Weather	snowscape	SetAbility	1	3	0	1	3	0	0
Weather	snowscape	SetAbility	1	3	0	1	4	0	0
Weather	snowscape	SetAbility	1	3	1	0	0	0	0
Weather	snowscape	SetAbility	1	3	1	0	1	1	1
Weather	snowscape	SetAbility	1	3	1	0	2	0	0
Weather	snowscape	SetAbility	1	3	1	0	3	0	0
Weather	snowscape	SetAbility	1	3	1	0	4	0	0
Weather	snowscape	SetAbility	1	3	1	1	0	0	0
Weather	snowscape	SetAbility	1	3	1	1	1	1	1
Weather	snowscape	SetAbility	1	3	1	1	2	0	0
Weather	snowscape	SetAbility	1	3	1	1	3	0	0
Weather	snowscape	SetAbility	1	3	1	1	4	0	0
Weather	snowscape	Update	0	0	0	0	0	0	0
Weather	snowscape	Update	0	0	0	0	1	1	1
Weather	snowscape	Update	0	0	0	0	2	0	0
Weather	snowscape	Update	0	0	0	0	3	0	0
Weather	snowscape	Update	0	0	0	0	4	0	0
Weather	snowscape	Update	0	0	0	1	0	0	0
Weather	snowscape	Update	0	0	0	1	1	1	1
Weather	snowscape	Update	0	0	0	1	2	0	0
Weather	snowscape	Update	0	0	0	1	3	0	0
Weather	snowscape	Update	0	0	0	1	4	0	0
Weather	snowscape	Update	0	0	1	0	0	0	0
Weather	snowscape	Update	0	0	1	0	1	1	1
Weather	snowscape	Update	0	0	1	0	2	0	0
Weather	snowscape	Update	0	0	1	0	3	0	0
Weather	snowscape	Update	0	0	1	0	4	0	0
Weather	snowscape	Update	0	0	1	1	0	0	0
Weather	snowscape	Update	0	0	1	1	1	1	1
Weather	snowscape	Update	0	0	1	1	2	0	0
Weather	snowscape	Update	0	0	1	1	3	0	0
Weather	snowscape	Update	0	0	1	1	4	0	0
Weather	snowscape	Update	0	1	0	0	0	0	0
Weather	snowscape	Update	0	1	0	0	1	1	1
Weather	snowscape	Update	0	1	0	0	2	0	0
Weather	snowscape	Update	0	1	0	0	3	0	0
Weather	snowscape	Update	0	1	0	0	4	0	0
Weather	snowscape	Update	0	1	0	1	0	0	0
Weather	snowscape	Update	0	1	0	1	1	1	1
Weather	snowscape	Update	0	1	0	1	2	0	0
Weather	snowscape	Update	0	1	0	1	3	0	0
Weather	snowscape	Update	0	1	0	1	4	0	0
Weather	snowscape	Update	0	1	1	0	0	0	0
Weather	snowscape	Update	0	1	1	0	1	1	1
Weather	snowscape	Update	0	1	1	0	2	0	0
Weather	snowscape	Update	0	1	1	0	3	0	0
Weather	snowscape	Update	0	1	1	0	4	0	0
Weather	snowscape	Update	0	1	1	1	0	0	0
Weather	snowscape	Update	0	1	1	1	1	1	1
Weather	snowscape	Update	0	1	1	1	2	0	0
Weather	snowscape	Update	0	1	1	1	3	0	0
Weather	snowscape	Update	0	1	1	1	4	0	0
Weather	snowscape	Update	0	2	0	0	0	0	0
Weather	snowscape	Update	0	2	0	0	1	1	1
Weather	snowscape	Update	0	2	0	0	2	0	0
Weather	snowscape	Update	0	2	0	0	3	0	0
Weather	snowscape	Update	0	2	0	0	4	0	0
Weather	snowscape	Update	0	2	0	1	0	0	0
Weather	snowscape	Update	0	2	0	1	1	1	1
Weather	snowscape	Update	0	2	0	1	2	0	0
Weather	snowscape	Update	0	2	0	1	3	0	0
Weather	snowscape	Update	0	2	0	1	4	0	0
Weather	snowscape	Update	0	2	1	0	0	0	0
Weather	snowscape	Update	0	2	1	0	1	1	1
Weather	snowscape	Update	0	2	1	0	2	0	0
Weather	snowscape	Update	0	2	1	0	3	0	0
Weather	snowscape	Update	0	2	1	0	4	0	0
Weather	snowscape	Update	0	2	1	1	0	0	0
Weather	snowscape	Update	0	2	1	1	1	1	1
Weather	snowscape	Update	0	2	1	1	2	0	0
Weather	snowscape	Update	0	2	1	1	3	0	0
Weather	snowscape	Update	0	2	1	1	4	0	0
Weather	snowscape	Update	0	3	0	0	0	0	0
Weather	snowscape	Update	0	3	0	0	1	1	1
Weather	snowscape	Update	0	3	0	0	2	0	0
Weather	snowscape	Update	0	3	0	0	3	0	0
Weather	snowscape	Update	0	3	0	0	4	0	0
Weather	snowscape	Update	0	3	0	1	0	0	0
Weather	snowscape	Update	0	3	0	1	1	1	1
Weather	snowscape	Update	0	3	0	1	2	0	0
Weather	snowscape	Update	0	3	0	1	3	0	0
Weather	snowscape	Update	0	3	0	1	4	0	0
Weather	snowscape	Update	0	3	1	0	0	0	0
Weather	snowscape	Update	0	3	1	0	1	1	1
Weather	snowscape	Update	0	3	1	0	2	0	0
Weather	snowscape	Update	0	3	1	0	3	0	0
Weather	snowscape	Update	0	3	1	0	4	0	0
Weather	snowscape	Update	0	3	1	1	0	0	0
Weather	snowscape	Update	0	3	1	1	1	1	1
Weather	snowscape	Update	0	3	1	1	2	0	0
Weather	snowscape	Update	0	3	1	1	3	0	0
Weather	snowscape	Update	0	3	1	1	4	0	0
Weather	snowscape	Update	1	0	0	0	0	0	0
Weather	snowscape	Update	1	0	0	0	1	1	1
Weather	snowscape	Update	1	0	0	0	2	0	0
Weather	snowscape	Update	1	0	0	0	3	0	0
Weather	snowscape	Update	1	0	0	0	4	0	0
Weather	snowscape	Update	1	0	0	1	0	0	0
Weather	snowscape	Update	1	0	0	1	1	1	1
Weather	snowscape	Update	1	0	0	1	2	0	0
Weather	snowscape	Update	1	0	0	1	3	0	0
Weather	snowscape	Update	1	0	0	1	4	0	0
Weather	snowscape	Update	1	0	1	0	0	0	0
Weather	snowscape	Update	1	0	1	0	1	1	1
Weather	snowscape	Update	1	0	1	0	2	0	0
Weather	snowscape	Update	1	0	1	0	3	0	0
Weather	snowscape	Update	1	0	1	0	4	0	0
Weather	snowscape	Update	1	0	1	1	0	0	0
Weather	snowscape	Update	1	0	1	1	1	1	1
Weather	snowscape	Update	1	0	1	1	2	0	0
Weather	snowscape	Update	1	0	1	1	3	0	0
Weather	snowscape	Update	1	0	1	1	4	0	0
Weather	snowscape	Update	1	1	0	0	0	0	0
Weather	snowscape	Update	1	1	0	0	1	1	1
Weather	snowscape	Update	1	1	0	0	2	0	0
Weather	snowscape	Update	1	1	0	0	3	0	0
Weather	snowscape	Update	1	1	0	0	4	0	0
Weather	snowscape	Update	1	1	0	1	0	0	0
Weather	snowscape	Update	1	1	0	1	1	1	1
Weather	snowscape	Update	1	1	0	1	2	0	0
Weather	snowscape	Update	1	1	0	1	3	0	0
Weather	snowscape	Update	1	1	0	1	4	0	0
Weather	snowscape	Update	1	1	1	0	0	0	0
Weather	snowscape	Update	1	1	1	0	1	1	1
Weather	snowscape	Update	1	1	1	0	2	0	0
Weather	snowscape	Update	1	1	1	0	3	0	0
Weather	snowscape	Update	1	1	1	0	4	0	0
Weather	snowscape	Update	1	1	1	1	0	0	0
Weather	snowscape	Update	1	1	1	1	1	1	1
Weather	snowscape	Update	1	1	1	1	2	0	0
Weather	snowscape	Update	1	1	1	1	3	0	0
Weather	snowscape	Update	1	1	1	1	4	0	0
Weather	snowscape	Update	1	2	0	0	0	0	0
Weather	snowscape	Update	1	2	0	0	1	1	1
Weather	snowscape	Update	1	2	0	0	2	0	0
Weather	snowscape	Update	1	2	0	0	3	0	0
Weather	snowscape	Update	1	2	0	0	4	0	0
Weather	snowscape	Update	1	2	0	1	0	0	0
Weather	snowscape	Update	1	2	0	1	1	1	1
Weather	snowscape	Update	1	2	0	1	2	0	0
Weather	snowscape	Update	1	2	0	1	3	0	0
Weather	snowscape	Update	1	2	0	1	4	0	0
Weather	snowscape	Update	1	2	1	0	0	0	0
Weather	snowscape	Update	1	2	1	0	1	1	1
Weather	snowscape	Update	1	2	1	0	2	0	0
Weather	snowscape	Update	1	2	1	0	3	0	0
Weather	snowscape	Update	1	2	1	0	4	0	0
Weather	snowscape	Update	1	2	1	1	0	0	0
Weather	snowscape	Update	1	2	1	1	1	1	1
Weather	snowscape	Update	1	2	1	1	2	0	0
Weather	snowscape	Update	1	2	1	1	3	0	0
Weather	snowscape	Update	1	2	1	1	4	0	0
Weather	snowscape	Update	1	3	0	0	0	0	0
Weather	snowscape	Update	1	3	0	0	1	1	1
Weather	snowscape	Update	1	3	0	0	2	0	0
Weather	snowscape	Update	1	3	0	0	3	0	0
Weather	snowscape	Update	1	3	0	0	4	0	0
Weather	snowscape	Update	1	3	0	1	0	0	0
Weather	snowscape	Update	1	3	0	1	1	1	1
Weather	snowscape	Update	1	3	0	1	2	0	0
Weather	snowscape	Update	1	3	0	1	3	0	0
Weather	snowscape	Update	1	3	0	1	4	0	0
Weather	snowscape	Update	1	3	1	0	0	0	0
Weather	snowscape	Update	1	3	1	0	1	1	1
Weather	snowscape	Update	1	3	1	0	2	0	0
Weather	snowscape	Update	1	3	1	0	3	0	0
Weather	snowscape	Update	1	3	1	0	4	0	0
Weather	snowscape	Update	1	3	1	1	0	0	0
Weather	snowscape	Update	1	3	1	1	1	1	1
Weather	snowscape	Update	1	3	1	1	2	0	0
Weather	snowscape	Update	1	3	1	1	3	0	0
Weather	snowscape	Update	1	3	1	1	4	0	0
Weather	snowscape	BasePower	0	0	0	0	0	0	0
Weather	snowscape	BasePower	0	0	0	0	1	1	1
Weather	snowscape	BasePower	0	0	0	0	2	0	0
Weather	snowscape	BasePower	0	0	0	0	3	0	0
Weather	snowscape	BasePower	0	0	0	0	4	0	0
Weather	snowscape	BasePower	0	0	0	1	0	0	0
Weather	snowscape	BasePower	0	0	0	1	1	1	1
Weather	snowscape	BasePower	0	0	0	1	2	0	0
Weather	snowscape	BasePower	0	0	0	1	3	0	0
Weather	snowscape	BasePower	0	0	0	1	4	0	0
Weather	snowscape	BasePower	0	0	1	0	0	0	0
Weather	snowscape	BasePower	0	0	1	0	1	1	1
Weather	snowscape	BasePower	0	0	1	0	2	0	0
Weather	snowscape	BasePower	0	0	1	0	3	0	0
Weather	snowscape	BasePower	0	0	1	0	4	0	0
Weather	snowscape	BasePower	0	0	1	1	0	0	0
Weather	snowscape	BasePower	0	0	1	1	1	1	1
Weather	snowscape	BasePower	0	0	1	1	2	0	0
Weather	snowscape	BasePower	0	0	1	1	3	0	0
Weather	snowscape	BasePower	0	0	1	1	4	0	0
Weather	snowscape	BasePower	0	1	0	0	0	0	0
Weather	snowscape	BasePower	0	1	0	0	1	1	1
Weather	snowscape	BasePower	0	1	0	0	2	0	0
Weather	snowscape	BasePower	0	1	0	0	3	0	0
Weather	snowscape	BasePower	0	1	0	0	4	0	0
Weather	snowscape	BasePower	0	1	0	1	0	0	0
Weather	snowscape	BasePower	0	1	0	1	1	1	1
Weather	snowscape	BasePower	0	1	0	1	2	0	0
Weather	snowscape	BasePower	0	1	0	1	3	0	0
Weather	snowscape	BasePower	0	1	0	1	4	0	0
Weather	snowscape	BasePower	0	1	1	0	0	0	0
Weather	snowscape	BasePower	0	1	1	0	1	1	1
Weather	snowscape	BasePower	0	1	1	0	2	0	0
Weather	snowscape	BasePower	0	1	1	0	3	0	0
Weather	snowscape	BasePower	0	1	1	0	4	0	0
Weather	snowscape	BasePower	0	1	1	1	0	0	0
Weather	snowscape	BasePower	0	1	1	1	1	1	1
Weather	snowscape	BasePower	0	1	1	1	2	0	0
Weather	snowscape	BasePower	0	1	1	1	3	0	0
Weather	snowscape	BasePower	0	1	1	1	4	0	0
Weather	snowscape	BasePower	0	2	0	0	0	0	0
Weather	snowscape	BasePower	0	2	0	0	1	1	1
Weather	snowscape	BasePower	0	2	0	0	2	0	0
Weather	snowscape	BasePower	0	2	0	0	3	0	0
Weather	snowscape	BasePower	0	2	0	0	4	0	0
Weather	snowscape	BasePower	0	2	0	1	0	0	0
Weather	snowscape	BasePower	0	2	0	1	1	1	1
Weather	snowscape	BasePower	0	2	0	1	2	0	0
Weather	snowscape	BasePower	0	2	0	1	3	0	0
Weather	snowscape	BasePower	0	2	0	1	4	0	0
Weather	snowscape	BasePower	0	2	1	0	0	0	0
Weather	snowscape	BasePower	0	2	1	0	1	1	1
Weather	snowscape	BasePower	0	2	1	0	2	0	0
Weather	snowscape	BasePower	0	2	1	0	3	0	0
Weather	snowscape	BasePower	0	2	1	0	4	0	0
Weather	snowscape	BasePower	0	2	1	1	0	0	0
Weather	snowscape	BasePower	0	2	1	1	1	1	1
Weather	snowscape	BasePower	0	2	1	1	2	0	0
Weather	snowscape	BasePower	0	2	1	1	3	0	0
Weather	snowscape	BasePower	0	2	1	1	4	0	0
Weather	snowscape	BasePower	0	3	0	0	0	0	0
Weather	snowscape	BasePower	0	3	0	0	1	1	1
Weather	snowscape	BasePower	0	3	0	0	2	0	0
Weather	snowscape	BasePower	0	3	0	0	3	0	0
Weather	snowscape	BasePower	0	3	0	0	4	0	0
Weather	snowscape	BasePower	0	3	0	1	0	0	0
Weather	snowscape	BasePower	0	3	0	1	1	1	1
Weather	snowscape	BasePower	0	3	0	1	2	0	0
Weather	snowscape	BasePower	0	3	0	1	3	0	0
Weather	snowscape	BasePower	0	3	0	1	4	0	0
Weather	snowscape	BasePower	0	3	1	0	0	0	0
Weather	snowscape	BasePower	0	3	1	0	1	1	1
Weather	snowscape	BasePower	0	3	1	0	2	0	0
Weather	snowscape	BasePower	0	3	1	0	3	0	0
Weather	snowscape	BasePower	0	3	1	0	4	0	0
Weather	snowscape	BasePower	0	3	1	1	0	0	0
Weather	snowscape	BasePower	0	3	1	1	1	1	1
Weather	snowscape	BasePower	0	3	1	1	2	0	0
Weather	snowscape	BasePower	0	3	1	1	3	0	0
Weather	snowscape	BasePower	0	3	1	1	4	0	0
Weather	snowscape	BasePower	1	0	0	0	0	0	0
Weather	snowscape	BasePower	1	0	0	0	1	1	1
Weather	snowscape	BasePower	1	0	0	0	2	0	0
Weather	snowscape	BasePower	1	0	0	0	3	0	0
Weather	snowscape	BasePower	1	0	0	0	4	0	0
Weather	snowscape	BasePower	1	0	0	1	0	0	0
Weather	snowscape	BasePower	1	0	0	1	1	1	1
Weather	snowscape	BasePower	1	0	0	1	2	0	0
Weather	snowscape	BasePower	1	0	0	1	3	0	0
Weather	snowscape	BasePower	1	0	0	1	4	0	0
Weather	snowscape	BasePower	1	0	1	0	0	0	0
Weather	snowscape	BasePower	1	0	1	0	1	1	1
Weather	snowscape	BasePower	1	0	1	0	2	0	0
Weather	snowscape	BasePower	1	0	1	0	3	0	0
Weather	snowscape	BasePower	1	0	1	0	4	0	0
Weather	snowscape	BasePower	1	0	1	1	0	0	0
Weather	snowscape	BasePower	1	0	1	1	1	1	1
Weather	snowscape	BasePower	1	0	1	1	2	0	0
Weather	snowscape	BasePower	1	0	1	1	3	0	0
Weather	snowscape	BasePower	1	0	1	1	4	0	0
Weather	snowscape	BasePower	1	1	0	0	0	0	0
Weather	snowscape	BasePower	1	1	0	0	1	1	1
Weather	snowscape	BasePower	1	1	0	0	2	0	0
Weather	snowscape	BasePower	1	1	0	0	3	0	0
Weather	snowscape	BasePower	1	1	0	0	4	0	0
Weather	snowscape	BasePower	1	1	0	1	0	0	0
Weather	snowscape	BasePower	1	1	0	1	1	1	1
Weather	snowscape	BasePower	1	1	0	1	2	0	0
Weather	snowscape	BasePower	1	1	0	1	3	0	0
Weather	snowscape	BasePower	1	1	0	1	4	0	0
Weather	snowscape	BasePower	1	1	1	0	0	0	0
Weather	snowscape	BasePower	1	1	1	0	1	1	1
Weather	snowscape	BasePower	1	1	1	0	2	0	0
Weather	snowscape	BasePower	1	1	1	0	3	0	0
Weather	snowscape	BasePower	1	1	1	0	4	0	0
Weather	snowscape	BasePower	1	1	1	1	0	0	0
Weather	snowscape	BasePower	1	1	1	1	1	1	1
Weather	snowscape	BasePower	1	1	1	1	2	0	0
Weather	snowscape	BasePower	1	1	1	1	3	0	0
Weather	snowscape	BasePower	1	1	1	1	4	0	0
Weather	snowscape	BasePower	1	2	0	0	0	0	0
Weather	snowscape	BasePower	1	2	0	0	1	1	1
Weather	snowscape	BasePower	1	2	0	0	2	0	0
Weather	snowscape	BasePower	1	2	0	0	3	0	0
Weather	snowscape	BasePower	1	2	0	0	4	0	0
Weather	snowscape	BasePower	1	2	0	1	0	0	0
Weather	snowscape	BasePower	1	2	0	1	1	1	1
Weather	snowscape	BasePower	1	2	0	1	2	0	0
Weather	snowscape	BasePower	1	2	0	1	3	0	0
Weather	snowscape	BasePower	1	2	0	1	4	0	0
Weather	snowscape	BasePower	1	2	1	0	0	0	0
Weather	snowscape	BasePower	1	2	1	0	1	1	1
Weather	snowscape	BasePower	1	2	1	0	2	0	0
Weather	snowscape	BasePower	1	2	1	0	3	0	0
Weather	snowscape	BasePower	1	2	1	0	4	0	0
Weather	snowscape	BasePower	1	2	1	1	0	0	0
Weather	snowscape	BasePower	1	2	1	1	1	1	1
Weather	snowscape	BasePower	1	2	1	1	2	0	0
Weather	snowscape	BasePower	1	2	1	1	3	0	0
Weather	snowscape	BasePower	1	2	1	1	4	0	0
Weather	snowscape	BasePower	1	3	0	0	0	0	0
Weather	snowscape	BasePower	1	3	0	0	1	1	1
Weather	snowscape	BasePower	1	3	0	0	2	0	0
Weather	snowscape	BasePower	1	3	0	0	3	0	0
Weather	snowscape	BasePower	1	3	0	0	4	0	0
Weather	snowscape	BasePower	1	3	0	1	0	0	0
Weather	snowscape	BasePower	1	3	0	1	1	1	1
Weather	snowscape	BasePower	1	3	0	1	2	0	0
Weather	snowscape	BasePower	1	3	0	1	3	0	0
Weather	snowscape	BasePower	1	3	0	1	4	0	0
Weather	snowscape	BasePower	1	3	1	0	0	0	0
Weather	snowscape	BasePower	1	3	1	0	1	1	1
Weather	snowscape	BasePower	1	3	1	0	2	0	0
Weather	snowscape	BasePower	1	3	1	0	3	0	0
Weather	snowscape	BasePower	1	3	1	0	4	0	0
Weather	snowscape	BasePower	1	3	1	1	0	0	0
Weather	snowscape	BasePower	1	3	1	1	1	1	1
Weather	snowscape	BasePower	1	3	1	1	2	0	0
Weather	snowscape	BasePower	1	3	1	1	3	0	0
Weather	snowscape	BasePower	1	3	1	1	4	0	0
Weather	snowscape	Weather	0	0	0	0	0	0	0
Weather	snowscape	Weather	0	0	0	0	1	1	1
Weather	snowscape	Weather	0	0	0	0	2	0	0
Weather	snowscape	Weather	0	0	0	0	3	0	0
Weather	snowscape	Weather	0	0	0	0	4	0	0
Weather	snowscape	Weather	0	0	0	1	0	0	0
Weather	snowscape	Weather	0	0	0	1	1	1	1
Weather	snowscape	Weather	0	0	0	1	2	0	0
Weather	snowscape	Weather	0	0	0	1	3	0	0
Weather	snowscape	Weather	0	0	0	1	4	0	0
Weather	snowscape	Weather	0	0	1	0	0	0	0
Weather	snowscape	Weather	0	0	1	0	1	1	1
Weather	snowscape	Weather	0	0	1	0	2	0	0
Weather	snowscape	Weather	0	0	1	0	3	0	0
Weather	snowscape	Weather	0	0	1	0	4	0	0
Weather	snowscape	Weather	0	0	1	1	0	0	0
Weather	snowscape	Weather	0	0	1	1	1	1	1
Weather	snowscape	Weather	0	0	1	1	2	0	0
Weather	snowscape	Weather	0	0	1	1	3	0	0
Weather	snowscape	Weather	0	0	1	1	4	0	0
Weather	snowscape	Weather	0	1	0	0	0	0	0
Weather	snowscape	Weather	0	1	0	0	1	1	1
Weather	snowscape	Weather	0	1	0	0	2	0	0
Weather	snowscape	Weather	0	1	0	0	3	0	0
Weather	snowscape	Weather	0	1	0	0	4	0	0
Weather	snowscape	Weather	0	1	0	1	0	0	0
Weather	snowscape	Weather	0	1	0	1	1	1	1
Weather	snowscape	Weather	0	1	0	1	2	0	0
Weather	snowscape	Weather	0	1	0	1	3	0	0
Weather	snowscape	Weather	0	1	0	1	4	0	0
Weather	snowscape	Weather	0	1	1	0	0	0	0
Weather	snowscape	Weather	0	1	1	0	1	1	1
Weather	snowscape	Weather	0	1	1	0	2	0	0
Weather	snowscape	Weather	0	1	1	0	3	0	0
Weather	snowscape	Weather	0	1	1	0	4	0	0
Weather	snowscape	Weather	0	1	1	1	0	0	0
Weather	snowscape	Weather	0	1	1	1	1	1	1
Weather	snowscape	Weather	0	1	1	1	2	0	0
Weather	snowscape	Weather	0	1	1	1	3	0	0
Weather	snowscape	Weather	0	1	1	1	4	0	0
Weather	snowscape	Weather	0	2	0	0	0	0	0
Weather	snowscape	Weather	0	2	0	0	1	1	1
Weather	snowscape	Weather	0	2	0	0	2	0	0
Weather	snowscape	Weather	0	2	0	0	3	0	0
Weather	snowscape	Weather	0	2	0	0	4	0	0
Weather	snowscape	Weather	0	2	0	1	0	0	0
Weather	snowscape	Weather	0	2	0	1	1	1	1
Weather	snowscape	Weather	0	2	0	1	2	0	0
Weather	snowscape	Weather	0	2	0	1	3	0	0
Weather	snowscape	Weather	0	2	0	1	4	0	0
Weather	snowscape	Weather	0	2	1	0	0	0	0
Weather	snowscape	Weather	0	2	1	0	1	1	1
Weather	snowscape	Weather	0	2	1	0	2	0	0
Weather	snowscape	Weather	0	2	1	0	3	0	0
Weather	snowscape	Weather	0	2	1	0	4	0	0
Weather	snowscape	Weather	0	2	1	1	0	0	0
Weather	snowscape	Weather	0	2	1	1	1	1	1
Weather	snowscape	Weather	0	2	1	1	2	0	0
Weather	snowscape	Weather	0	2	1	1	3	0	0
Weather	snowscape	Weather	0	2	1	1	4	0	0
Weather	snowscape	Weather	0	3	0	0	0	0	0
Weather	snowscape	Weather	0	3	0	0	1	1	1
Weather	snowscape	Weather	0	3	0	0	2	0	0
Weather	snowscape	Weather	0	3	0	0	3	0	0
Weather	snowscape	Weather	0	3	0	0	4	0	0
Weather	snowscape	Weather	0	3	0	1	0	0	0
Weather	snowscape	Weather	0	3	0	1	1	1	1
Weather	snowscape	Weather	0	3	0	1	2	0	0
Weather	snowscape	Weather	0	3	0	1	3	0	0
Weather	snowscape	Weather	0	3	0	1	4	0	0
Weather	snowscape	Weather	0	3	1	0	0	0	0
Weather	snowscape	Weather	0	3	1	0	1	1	1
Weather	snowscape	Weather	0	3	1	0	2	0	0
Weather	snowscape	Weather	0	3	1	0	3	0	0
Weather	snowscape	Weather	0	3	1	0	4	0	0
Weather	snowscape	Weather	0	3	1	1	0	0	0
Weather	snowscape	Weather	0	3	1	1	1	1	1
Weather	snowscape	Weather	0	3	1	1	2	0	0
Weather	snowscape	Weather	0	3	1	1	3	0	0
Weather	snowscape	Weather	0	3	1	1	4	0	0
Weather	snowscape	Weather	1	0	0	0	0	0	0
Weather	snowscape	Weather	1	0	0	0	1	1	1
Weather	snowscape	Weather	1	0	0	0	2	0	0
Weather	snowscape	Weather	1	0	0	0	3	0	0
Weather	snowscape	Weather	1	0	0	0	4	0	0
Weather	snowscape	Weather	1	0	0	1	0	0	0
Weather	snowscape	Weather	1	0	0	1	1	1	1
Weather	snowscape	Weather	1	0	0	1	2	0	0
Weather	snowscape	Weather	1	0	0	1	3	0	0
Weather	snowscape	Weather	1	0	0	1	4	0	0
Weather	snowscape	Weather	1	0	1	0	0	0	0
Weather	snowscape	Weather	1	0	1	0	1	1	1
Weather	snowscape	Weather	1	0	1	0	2	0	0
Weather	snowscape	Weather	1	0	1	0	3	0	0
Weather	snowscape	Weather	1	0	1	0	4	0	0
Weather	snowscape	Weather	1	0	1	1	0	0	0
Weather	snowscape	Weather	1	0	1	1	1	1	1
Weather	snowscape	Weather	1	0	1	1	2	0	0
Weather	snowscape	Weather	1	0	1	1	3	0	0
Weather	snowscape	Weather	1	0	1	1	4	0	0
Weather	snowscape	Weather	1	1	0	0	0	0	0
Weather	snowscape	Weather	1	1	0	0	1	1	1
Weather	snowscape	Weather	1	1	0	0	2	0	0
Weather	snowscape	Weather	1	1	0	0	3	0	0
Weather	snowscape	Weather	1	1	0	0	4	0	0
Weather	snowscape	Weather	1	1	0	1	0	0	0
Weather	snowscape	Weather	1	1	0	1	1	1	1
Weather	snowscape	Weather	1	1	0	1	2	0	0
Weather	snowscape	Weather	1	1	0	1	3	0	0
Weather	snowscape	Weather	1	1	0	1	4	0	0
Weather	snowscape	Weather	1	1	1	0	0	0	0
Weather	snowscape	Weather	1	1	1	0	1	1	1
Weather	snowscape	Weather	1	1	1	0	2	0	0
Weather	snowscape	Weather	1	1	1	0	3	0	0
Weather	snowscape	Weather	1	1	1	0	4	0	0
Weather	snowscape	Weather	1	1	1	1	0	0	0
Weather	snowscape	Weather	1	1	1	1	1	1	1
Weather	snowscape	Weather	1	1	1	1	2	0	0
Weather	snowscape	Weather	1	1	1	1	3	0	0
Weather	snowscape	Weather	1	1	1	1	4	0	0
Weather	snowscape	Weather	1	2	0	0	0	0	0
Weather	snowscape	Weather	1	2	0	0	1	1	1
Weather	snowscape	Weather	1	2	0	0	2	0	0
Weather	snowscape	Weather	1	2	0	0	3	0	0
Weather	snowscape	Weather	1	2	0	0	4	0	0
Weather	snowscape	Weather	1	2	0	1	0	0	0
Weather	snowscape	Weather	1	2	0	1	1	1	1
Weather	snowscape	Weather	1	2	0	1	2	0	0
Weather	snowscape	Weather	1	2	0	1	3	0	0
Weather	snowscape	Weather	1	2	0	1	4	0	0
Weather	snowscape	Weather	1	2	1	0	0	0	0
Weather	snowscape	Weather	1	2	1	0	1	1	1
Weather	snowscape	Weather	1	2	1	0	2	0	0
Weather	snowscape	Weather	1	2	1	0	3	0	0
Weather	snowscape	Weather	1	2	1	0	4	0	0
Weather	snowscape	Weather	1	2	1	1	0	0	0
Weather	snowscape	Weather	1	2	1	1	1	1	1
Weather	snowscape	Weather	1	2	1	1	2	0	0
Weather	snowscape	Weather	1	2	1	1	3	0	0
Weather	snowscape	Weather	1	2	1	1	4	0	0
Weather	snowscape	Weather	1	3	0	0	0	0	0
Weather	snowscape	Weather	1	3	0	0	1	1	1
Weather	snowscape	Weather	1	3	0	0	2	0	0
Weather	snowscape	Weather	1	3	0	0	3	0	0
Weather	snowscape	Weather	1	3	0	0	4	0	0
Weather	snowscape	Weather	1	3	0	1	0	0	0
Weather	snowscape	Weather	1	3	0	1	1	1	1
Weather	snowscape	Weather	1	3	0	1	2	0	0
Weather	snowscape	Weather	1	3	0	1	3	0	0
Weather	snowscape	Weather	1	3	0	1	4	0	0
Weather	snowscape	Weather	1	3	1	0	0	0	0
Weather	snowscape	Weather	1	3	1	0	1	1	1
Weather	snowscape	Weather	1	3	1	0	2	0	0
Weather	snowscape	Weather	1	3	1	0	3	0	0
Weather	snowscape	Weather	1	3	1	0	4	0	0
Weather	snowscape	Weather	1	3	1	1	0	0	0
Weather	snowscape	Weather	1	3	1	1	1	1	1
Weather	snowscape	Weather	1	3	1	1	2	0	0
Weather	snowscape	Weather	1	3	1	1	3	0	0
Weather	snowscape	Weather	1	3	1	1	4	0	0
Weather	snowscape	FieldStart	0	0	0	0	0	0	0
Weather	snowscape	FieldStart	0	0	0	0	1	0	1
Weather	snowscape	FieldStart	0	0	0	0	2	0	0
Weather	snowscape	FieldStart	0	0	0	0	3	0	0
Weather	snowscape	FieldStart	0	0	0	0	4	0	0
Weather	snowscape	FieldStart	0	0	0	1	0	0	0
Weather	snowscape	FieldStart	0	0	0	1	1	0	1
Weather	snowscape	FieldStart	0	0	0	1	2	0	0
Weather	snowscape	FieldStart	0	0	0	1	3	0	0
Weather	snowscape	FieldStart	0	0	0	1	4	0	0
Weather	snowscape	FieldStart	0	0	1	0	0	0	0
Weather	snowscape	FieldStart	0	0	1	0	1	0	1
Weather	snowscape	FieldStart	0	0	1	0	2	0	0
Weather	snowscape	FieldStart	0	0	1	0	3	0	0
Weather	snowscape	FieldStart	0	0	1	0	4	0	0
Weather	snowscape	FieldStart	0	0	1	1	0	0	0
Weather	snowscape	FieldStart	0	0	1	1	1	0	1
Weather	snowscape	FieldStart	0	0	1	1	2	0	0
Weather	snowscape	FieldStart	0	0	1	1	3	0	0
Weather	snowscape	FieldStart	0	0	1	1	4	0	0
Weather	snowscape	FieldStart	0	1	0	0	0	0	0
Weather	snowscape	FieldStart	0	1	0	0	1	0	1
Weather	snowscape	FieldStart	0	1	0	0	2	0	0
Weather	snowscape	FieldStart	0	1	0	0	3	0	0
Weather	snowscape	FieldStart	0	1	0	0	4	0	0
Weather	snowscape	FieldStart	0	1	0	1	0	0	0
Weather	snowscape	FieldStart	0	1	0	1	1	0	1
Weather	snowscape	FieldStart	0	1	0	1	2	0	0
Weather	snowscape	FieldStart	0	1	0	1	3	0	0
Weather	snowscape	FieldStart	0	1	0	1	4	0	0
Weather	snowscape	FieldStart	0	1	1	0	0	0	0
Weather	snowscape	FieldStart	0	1	1	0	1	0	1
Weather	snowscape	FieldStart	0	1	1	0	2	0	0
Weather	snowscape	FieldStart	0	1	1	0	3	0	0
Weather	snowscape	FieldStart	0	1	1	0	4	0	0
Weather	snowscape	FieldStart	0	1	1	1	0	0	0
Weather	snowscape	FieldStart	0	1	1	1	1	0	1
Weather	snowscape	FieldStart	0	1	1	1	2	0	0
Weather	snowscape	FieldStart	0	1	1	1	3	0	0
Weather	snowscape	FieldStart	0	1	1	1	4	0	0
Weather	snowscape	FieldStart	0	2	0	0	0	0	0
Weather	snowscape	FieldStart	0	2	0	0	1	0	1
Weather	snowscape	FieldStart	0	2	0	0	2	0	0
Weather	snowscape	FieldStart	0	2	0	0	3	0	0
Weather	snowscape	FieldStart	0	2	0	0	4	0	0
Weather	snowscape	FieldStart	0	2	0	1	0	0	0
Weather	snowscape	FieldStart	0	2	0	1	1	0	1
Weather	snowscape	FieldStart	0	2	0	1	2	0	0
Weather	snowscape	FieldStart	0	2	0	1	3	0	0
Weather	snowscape	FieldStart	0	2	0	1	4	0	0
Weather	snowscape	FieldStart	0	2	1	0	0	0	0
Weather	snowscape	FieldStart	0	2	1	0	1	0	1
Weather	snowscape	FieldStart	0	2	1	0	2	0	0
Weather	snowscape	FieldStart	0	2	1	0	3	0	0
Weather	snowscape	FieldStart	0	2	1	0	4	0	0
Weather	snowscape	FieldStart	0	2	1	1	0	0	0
Weather	snowscape	FieldStart	0	2	1	1	1	0	1
Weather	snowscape	FieldStart	0	2	1	1	2	0	0
Weather	snowscape	FieldStart	0	2	1	1	3	0	0
Weather	snowscape	FieldStart	0	2	1	1	4	0	0
Weather	snowscape	FieldStart	0	3	0	0	0	0	0
Weather	snowscape	FieldStart	0	3	0	0	1	0	1
Weather	snowscape	FieldStart	0	3	0	0	2	0	0
Weather	snowscape	FieldStart	0	3	0	0	3	0	0
Weather	snowscape	FieldStart	0	3	0	0	4	0	0
Weather	snowscape	FieldStart	0	3	0	1	0	0	0
Weather	snowscape	FieldStart	0	3	0	1	1	0	1
Weather	snowscape	FieldStart	0	3	0	1	2	0	0
Weather	snowscape	FieldStart	0	3	0	1	3	0	0
Weather	snowscape	FieldStart	0	3	0	1	4	0	0
Weather	snowscape	FieldStart	0	3	1	0	0	0	0
Weather	snowscape	FieldStart	0	3	1	0	1	0	1
Weather	snowscape	FieldStart	0	3	1	0	2	0	0
Weather	snowscape	FieldStart	0	3	1	0	3	0	0
Weather	snowscape	FieldStart	0	3	1	0	4	0	0
Weather	snowscape	FieldStart	0	3	1	1	0	0	0
Weather	snowscape	FieldStart	0	3	1	1	1	0	1
Weather	snowscape	FieldStart	0	3	1	1	2	0	0
Weather	snowscape	FieldStart	0	3	1	1	3	0	0
Weather	snowscape	FieldStart	0	3	1	1	4	0	0
Weather	snowscape	FieldStart	1	0	0	0	0	0	0
Weather	snowscape	FieldStart	1	0	0	0	1	0	1
Weather	snowscape	FieldStart	1	0	0	0	2	0	0
Weather	snowscape	FieldStart	1	0	0	0	3	0	0
Weather	snowscape	FieldStart	1	0	0	0	4	0	0
Weather	snowscape	FieldStart	1	0	0	1	0	0	0
Weather	snowscape	FieldStart	1	0	0	1	1	0	1
Weather	snowscape	FieldStart	1	0	0	1	2	0	0
Weather	snowscape	FieldStart	1	0	0	1	3	0	0
Weather	snowscape	FieldStart	1	0	0	1	4	0	0
Weather	snowscape	FieldStart	1	0	1	0	0	0	0
Weather	snowscape	FieldStart	1	0	1	0	1	0	1
Weather	snowscape	FieldStart	1	0	1	0	2	0	0
Weather	snowscape	FieldStart	1	0	1	0	3	0	0
Weather	snowscape	FieldStart	1	0	1	0	4	0	0
Weather	snowscape	FieldStart	1	0	1	1	0	0	0
Weather	snowscape	FieldStart	1	0	1	1	1	0	1
Weather	snowscape	FieldStart	1	0	1	1	2	0	0
Weather	snowscape	FieldStart	1	0	1	1	3	0	0
Weather	snowscape	FieldStart	1	0	1	1	4	0	0
Weather	snowscape	FieldStart	1	1	0	0	0	0	0
Weather	snowscape	FieldStart	1	1	0	0	1	0	1
Weather	snowscape	FieldStart	1	1	0	0	2	0	0
Weather	snowscape	FieldStart	1	1	0	0	3	0	0
Weather	snowscape	FieldStart	1	1	0	0	4	0	0
Weather	snowscape	FieldStart	1	1	0	1	0	0	0
Weather	snowscape	FieldStart	1	1	0	1	1	0	1
Weather	snowscape	FieldStart	1	1	0	1	2	0	0
Weather	snowscape	FieldStart	1	1	0	1	3	0	0
Weather	snowscape	FieldStart	1	1	0	1	4	0	0
Weather	snowscape	FieldStart	1	1	1	0	0	0	0
Weather	snowscape	FieldStart	1	1	1	0	1	0	1
Weather	snowscape	FieldStart	1	1	1	0	2	0	0
Weather	snowscape	FieldStart	1	1	1	0	3	0	0
Weather	snowscape	FieldStart	1	1	1	0	4	0	0
Weather	snowscape	FieldStart	1	1	1	1	0	0	0
Weather	snowscape	FieldStart	1	1	1	1	1	0	1
Weather	snowscape	FieldStart	1	1	1	1	2	0	0
Weather	snowscape	FieldStart	1	1	1	1	3	0	0
Weather	snowscape	FieldStart	1	1	1	1	4	0	0
Weather	snowscape	FieldStart	1	2	0	0	0	0	0
Weather	snowscape	FieldStart	1	2	0	0	1	0	1
Weather	snowscape	FieldStart	1	2	0	0	2	0	0
Weather	snowscape	FieldStart	1	2	0	0	3	0	0
Weather	snowscape	FieldStart	1	2	0	0	4	0	0
Weather	snowscape	FieldStart	1	2	0	1	0	0	0
Weather	snowscape	FieldStart	1	2	0	1	1	0	1
Weather	snowscape	FieldStart	1	2	0	1	2	0	0
Weather	snowscape	FieldStart	1	2	0	1	3	0	0
Weather	snowscape	FieldStart	1	2	0	1	4	0	0
Weather	snowscape	FieldStart	1	2	1	0	0	0	0
Weather	snowscape	FieldStart	1	2	1	0	1	0	1
Weather	snowscape	FieldStart	1	2	1	0	2	0	0
Weather	snowscape	FieldStart	1	2	1	0	3	0	0
Weather	snowscape	FieldStart	1	2	1	0	4	0	0
Weather	snowscape	FieldStart	1	2	1	1	0	0	0
Weather	snowscape	FieldStart	1	2	1	1	1	0	1
Weather	snowscape	FieldStart	1	2	1	1	2	0	0
Weather	snowscape	FieldStart	1	2	1	1	3	0	0
Weather	snowscape	FieldStart	1	2	1	1	4	0	0
Weather	snowscape	FieldStart	1	3	0	0	0	0	0
Weather	snowscape	FieldStart	1	3	0	0	1	0	1
Weather	snowscape	FieldStart	1	3	0	0	2	0	0
Weather	snowscape	FieldStart	1	3	0	0	3	0	0
Weather	snowscape	FieldStart	1	3	0	0	4	0	0
Weather	snowscape	FieldStart	1	3	0	1	0	0	0
Weather	snowscape	FieldStart	1	3	0	1	1	0	1
Weather	snowscape	FieldStart	1	3	0	1	2	0	0
Weather	snowscape	FieldStart	1	3	0	1	3	0	0
Weather	snowscape	FieldStart	1	3	0	1	4	0	0
Weather	snowscape	FieldStart	1	3	1	0	0	0	0
Weather	snowscape	FieldStart	1	3	1	0	1	0	1
Weather	snowscape	FieldStart	1	3	1	0	2	0	0
Weather	snowscape	FieldStart	1	3	1	0	3	0	0
Weather	snowscape	FieldStart	1	3	1	0	4	0	0
Weather	snowscape	FieldStart	1	3	1	1	0	0	0
Weather	snowscape	FieldStart	1	3	1	1	1	0	1
Weather	snowscape	FieldStart	1	3	1	1	2	0	0
Weather	snowscape	FieldStart	1	3	1	1	3	0	0
Weather	snowscape	FieldStart	1	3	1	1	4	0	0
Weather	snowscape	FieldResidual	0	0	0	0	0	0	0
Weather	snowscape	FieldResidual	0	0	0	0	1	0	1
Weather	snowscape	FieldResidual	0	0	0	0	2	0	0
Weather	snowscape	FieldResidual	0	0	0	0	3	0	0
Weather	snowscape	FieldResidual	0	0	0	0	4	0	0
Weather	snowscape	FieldResidual	0	0	0	1	0	0	0
Weather	snowscape	FieldResidual	0	0	0	1	1	0	1
Weather	snowscape	FieldResidual	0	0	0	1	2	0	0
Weather	snowscape	FieldResidual	0	0	0	1	3	0	0
Weather	snowscape	FieldResidual	0	0	0	1	4	0	0
Weather	snowscape	FieldResidual	0	0	1	0	0	0	0
Weather	snowscape	FieldResidual	0	0	1	0	1	0	1
Weather	snowscape	FieldResidual	0	0	1	0	2	0	0
Weather	snowscape	FieldResidual	0	0	1	0	3	0	0
Weather	snowscape	FieldResidual	0	0	1	0	4	0	0
Weather	snowscape	FieldResidual	0	0	1	1	0	0	0
Weather	snowscape	FieldResidual	0	0	1	1	1	0	1
Weather	snowscape	FieldResidual	0	0	1	1	2	0	0
Weather	snowscape	FieldResidual	0	0	1	1	3	0	0
Weather	snowscape	FieldResidual	0	0	1	1	4	0	0
Weather	snowscape	FieldResidual	0	1	0	0	0	0	0
Weather	snowscape	FieldResidual	0	1	0	0	1	0	1
Weather	snowscape	FieldResidual	0	1	0	0	2	0	0
Weather	snowscape	FieldResidual	0	1	0	0	3	0	0
Weather	snowscape	FieldResidual	0	1	0	0	4	0	0
Weather	snowscape	FieldResidual	0	1	0	1	0	0	0
Weather	snowscape	FieldResidual	0	1	0	1	1	0	1
Weather	snowscape	FieldResidual	0	1	0	1	2	0	0
Weather	snowscape	FieldResidual	0	1	0	1	3	0	0
Weather	snowscape	FieldResidual	0	1	0	1	4	0	0
Weather	snowscape	FieldResidual	0	1	1	0	0	0	0
Weather	snowscape	FieldResidual	0	1	1	0	1	0	1
Weather	snowscape	FieldResidual	0	1	1	0	2	0	0
Weather	snowscape	FieldResidual	0	1	1	0	3	0	0
Weather	snowscape	FieldResidual	0	1	1	0	4	0	0
Weather	snowscape	FieldResidual	0	1	1	1	0	0	0
Weather	snowscape	FieldResidual	0	1	1	1	1	0	1
Weather	snowscape	FieldResidual	0	1	1	1	2	0	0
Weather	snowscape	FieldResidual	0	1	1	1	3	0	0
Weather	snowscape	FieldResidual	0	1	1	1	4	0	0
Weather	snowscape	FieldResidual	0	2	0	0	0	0	0
Weather	snowscape	FieldResidual	0	2	0	0	1	0	1
Weather	snowscape	FieldResidual	0	2	0	0	2	0	0
Weather	snowscape	FieldResidual	0	2	0	0	3	0	0
Weather	snowscape	FieldResidual	0	2	0	0	4	0	0
Weather	snowscape	FieldResidual	0	2	0	1	0	0	0
Weather	snowscape	FieldResidual	0	2	0	1	1	0	1
Weather	snowscape	FieldResidual	0	2	0	1	2	0	0
Weather	snowscape	FieldResidual	0	2	0	1	3	0	0
Weather	snowscape	FieldResidual	0	2	0	1	4	0	0
Weather	snowscape	FieldResidual	0	2	1	0	0	0	0
Weather	snowscape	FieldResidual	0	2	1	0	1	0	1
Weather	snowscape	FieldResidual	0	2	1	0	2	0	0
Weather	snowscape	FieldResidual	0	2	1	0	3	0	0
Weather	snowscape	FieldResidual	0	2	1	0	4	0	0
Weather	snowscape	FieldResidual	0	2	1	1	0	0	0
Weather	snowscape	FieldResidual	0	2	1	1	1	0	1
Weather	snowscape	FieldResidual	0	2	1	1	2	0	0
Weather	snowscape	FieldResidual	0	2	1	1	3	0	0
Weather	snowscape	FieldResidual	0	2	1	1	4	0	0
Weather	snowscape	FieldResidual	0	3	0	0	0	0	0
Weather	snowscape	FieldResidual	0	3	0	0	1	0	1
Weather	snowscape	FieldResidual	0	3	0	0	2	0	0
Weather	snowscape	FieldResidual	0	3	0	0	3	0	0
Weather	snowscape	FieldResidual	0	3	0	0	4	0	0
Weather	snowscape	FieldResidual	0	3	0	1	0	0	0
Weather	snowscape	FieldResidual	0	3	0	1	1	0	1
Weather	snowscape	FieldResidual	0	3	0	1	2	0	0
Weather	snowscape	FieldResidual	0	3	0	1	3	0	0
Weather	snowscape	FieldResidual	0	3	0	1	4	0	0
Weather	snowscape	FieldResidual	0	3	1	0	0	0	0
Weather	snowscape	FieldResidual	0	3	1	0	1	0	1
Weather	snowscape	FieldResidual	0	3	1	0	2	0	0
Weather	snowscape	FieldResidual	0	3	1	0	3	0	0
Weather	snowscape	FieldResidual	0	3	1	0	4	0	0
Weather	snowscape	FieldResidual	0	3	1	1	0	0	0
Weather	snowscape	FieldResidual	0	3	1	1	1	0	1
Weather	snowscape	FieldResidual	0	3	1	1	2	0	0
Weather	snowscape	FieldResidual	0	3	1	1	3	0	0
Weather	snowscape	FieldResidual	0	3	1	1	4	0	0
Weather	snowscape	FieldResidual	1	0	0	0	0	0	0
Weather	snowscape	FieldResidual	1	0	0	0	1	0	1
Weather	snowscape	FieldResidual	1	0	0	0	2	0	0
Weather	snowscape	FieldResidual	1	0	0	0	3	0	0
Weather	snowscape	FieldResidual	1	0	0	0	4	0	0
Weather	snowscape	FieldResidual	1	0	0	1	0	0	0
Weather	snowscape	FieldResidual	1	0	0	1	1	0	1
Weather	snowscape	FieldResidual	1	0	0	1	2	0	0
Weather	snowscape	FieldResidual	1	0	0	1	3	0	0
Weather	snowscape	FieldResidual	1	0	0	1	4	0	0
Weather	snowscape	FieldResidual	1	0	1	0	0	0	0
Weather	snowscape	FieldResidual	1	0	1	0	1	0	1
Weather	snowscape	FieldResidual	1	0	1	0	2	0	0
Weather	snowscape	FieldResidual	1	0	1	0	3	0	0
Weather	snowscape	FieldResidual	1	0	1	0	4	0	0
Weather	snowscape	FieldResidual	1	0	1	1	0	0	0
Weather	snowscape	FieldResidual	1	0	1	1	1	0	1
Weather	snowscape	FieldResidual	1	0	1	1	2	0	0
Weather	snowscape	FieldResidual	1	0	1	1	3	0	0
Weather	snowscape	FieldResidual	1	0	1	1	4	0	0
Weather	snowscape	FieldResidual	1	1	0	0	0	0	0
Weather	snowscape	FieldResidual	1	1	0	0	1	0	1
Weather	snowscape	FieldResidual	1	1	0	0	2	0	0
Weather	snowscape	FieldResidual	1	1	0	0	3	0	0
Weather	snowscape	FieldResidual	1	1	0	0	4	0	0
Weather	snowscape	FieldResidual	1	1	0	1	0	0	0
Weather	snowscape	FieldResidual	1	1	0	1	1	0	1
Weather	snowscape	FieldResidual	1	1	0	1	2	0	0
Weather	snowscape	FieldResidual	1	1	0	1	3	0	0
Weather	snowscape	FieldResidual	1	1	0	1	4	0	0
Weather	snowscape	FieldResidual	1	1	1	0	0	0	0
Weather	snowscape	FieldResidual	1	1	1	0	1	0	1
Weather	snowscape	FieldResidual	1	1	1	0	2	0	0
Weather	snowscape	FieldResidual	1	1	1	0	3	0	0
Weather	snowscape	FieldResidual	1	1	1	0	4	0	0
Weather	snowscape	FieldResidual	1	1	1	1	0	0	0
Weather	snowscape	FieldResidual	1	1	1	1	1	0	1
Weather	snowscape	FieldResidual	1	1	1	1	2	0	0
Weather	snowscape	FieldResidual	1	1	1	1	3	0	0
Weather	snowscape	FieldResidual	1	1	1	1	4	0	0
Weather	snowscape	FieldResidual	1	2	0	0	0	0	0
Weather	snowscape	FieldResidual	1	2	0	0	1	0	1
Weather	snowscape	FieldResidual	1	2	0	0	2	0	0
Weather	snowscape	FieldResidual	1	2	0	0	3	0	0
Weather	snowscape	FieldResidual	1	2	0	0	4	0	0
Weather	snowscape	FieldResidual	1	2	0	1	0	0	0
Weather	snowscape	FieldResidual	1	2	0	1	1	0	1
Weather	snowscape	FieldResidual	1	2	0	1	2	0	0
Weather	snowscape	FieldResidual	1	2	0	1	3	0	0
Weather	snowscape	FieldResidual	1	2	0	1	4	0	0
Weather	snowscape	FieldResidual	1	2	1	0	0	0	0
Weather	snowscape	FieldResidual	1	2	1	0	1	0	1
Weather	snowscape	FieldResidual	1	2	1	0	2	0	0
Weather	snowscape	FieldResidual	1	2	1	0	3	0	0
Weather	snowscape	FieldResidual	1	2	1	0	4	0	0
Weather	snowscape	FieldResidual	1	2	1	1	0	0	0
Weather	snowscape	FieldResidual	1	2	1	1	1	0	1
Weather	snowscape	FieldResidual	1	2	1	1	2	0	0
Weather	snowscape	FieldResidual	1	2	1	1	3	0	0
Weather	snowscape	FieldResidual	1	2	1	1	4	0	0
Weather	snowscape	FieldResidual	1	3	0	0	0	0	0
Weather	snowscape	FieldResidual	1	3	0	0	1	0	1
Weather	snowscape	FieldResidual	1	3	0	0	2	0	0
Weather	snowscape	FieldResidual	1	3	0	0	3	0	0
Weather	snowscape	FieldResidual	1	3	0	0	4	0	0
Weather	snowscape	FieldResidual	1	3	0	1	0	0	0
Weather	snowscape	FieldResidual	1	3	0	1	1	0	1
Weather	snowscape	FieldResidual	1	3	0	1	2	0	0
Weather	snowscape	FieldResidual	1	3	0	1	3	0	0
Weather	snowscape	FieldResidual	1	3	0	1	4	0	0
Weather	snowscape	FieldResidual	1	3	1	0	0	0	0
Weather	snowscape	FieldResidual	1	3	1	0	1	0	1
Weather	snowscape	FieldResidual	1	3	1	0	2	0	0
Weather	snowscape	FieldResidual	1	3	1	0	3	0	0
Weather	snowscape	FieldResidual	1	3	1	0	4	0	0
Weather	snowscape	FieldResidual	1	3	1	1	0	0	0
Weather	snowscape	FieldResidual	1	3	1	1	1	0	1
Weather	snowscape	FieldResidual	1	3	1	1	2	0	0
Weather	snowscape	FieldResidual	1	3	1	1	3	0	0
Weather	snowscape	FieldResidual	1	3	1	1	4	0	0
Weather	snowscape	FieldEnd	0	0	0	0	0	0	0
Weather	snowscape	FieldEnd	0	0	0	0	1	0	1
Weather	snowscape	FieldEnd	0	0	0	0	2	0	0
Weather	snowscape	FieldEnd	0	0	0	0	3	0	0
Weather	snowscape	FieldEnd	0	0	0	0	4	0	0
Weather	snowscape	FieldEnd	0	0	0	1	0	0	0
Weather	snowscape	FieldEnd	0	0	0	1	1	0	1
Weather	snowscape	FieldEnd	0	0	0	1	2	0	0
Weather	snowscape	FieldEnd	0	0	0	1	3	0	0
Weather	snowscape	FieldEnd	0	0	0	1	4	0	0
Weather	snowscape	FieldEnd	0	0	1	0	0	0	0
Weather	snowscape	FieldEnd	0	0	1	0	1	0	1
Weather	snowscape	FieldEnd	0	0	1	0	2	0	0
Weather	snowscape	FieldEnd	0	0	1	0	3	0	0
Weather	snowscape	FieldEnd	0	0	1	0	4	0	0
Weather	snowscape	FieldEnd	0	0	1	1	0	0	0
Weather	snowscape	FieldEnd	0	0	1	1	1	0	1
Weather	snowscape	FieldEnd	0	0	1	1	2	0	0
Weather	snowscape	FieldEnd	0	0	1	1	3	0	0
Weather	snowscape	FieldEnd	0	0	1	1	4	0	0
Weather	snowscape	FieldEnd	0	1	0	0	0	0	0
Weather	snowscape	FieldEnd	0	1	0	0	1	0	1
Weather	snowscape	FieldEnd	0	1	0	0	2	0	0
Weather	snowscape	FieldEnd	0	1	0	0	3	0	0
Weather	snowscape	FieldEnd	0	1	0	0	4	0	0
Weather	snowscape	FieldEnd	0	1	0	1	0	0	0
Weather	snowscape	FieldEnd	0	1	0	1	1	0	1
Weather	snowscape	FieldEnd	0	1	0	1	2	0	0
Weather	snowscape	FieldEnd	0	1	0	1	3	0	0
Weather	snowscape	FieldEnd	0	1	0	1	4	0	0
Weather	snowscape	FieldEnd	0	1	1	0	0	0	0
Weather	snowscape	FieldEnd	0	1	1	0	1	0	1
Weather	snowscape	FieldEnd	0	1	1	0	2	0	0
Weather	snowscape	FieldEnd	0	1	1	0	3	0	0
Weather	snowscape	FieldEnd	0	1	1	0	4	0	0
Weather	snowscape	FieldEnd	0	1	1	1	0	0	0
Weather	snowscape	FieldEnd	0	1	1	1	1	0	1
Weather	snowscape	FieldEnd	0	1	1	1	2	0	0
Weather	snowscape	FieldEnd	0	1	1	1	3	0	0
Weather	snowscape	FieldEnd	0	1	1	1	4	0	0
Weather	snowscape	FieldEnd	0	2	0	0	0	0	0
Weather	snowscape	FieldEnd	0	2	0	0	1	0	1
Weather	snowscape	FieldEnd	0	2	0	0	2	0	0
Weather	snowscape	FieldEnd	0	2	0	0	3	0	0
Weather	snowscape	FieldEnd	0	2	0	0	4	0	0
Weather	snowscape	FieldEnd	0	2	0	1	0	0	0
Weather	snowscape	FieldEnd	0	2	0	1	1	0	1
Weather	snowscape	FieldEnd	0	2	0	1	2	0	0
Weather	snowscape	FieldEnd	0	2	0	1	3	0	0
Weather	snowscape	FieldEnd	0	2	0	1	4	0	0
Weather	snowscape	FieldEnd	0	2	1	0	0	0	0
Weather	snowscape	FieldEnd	0	2	1	0	1	0	1
Weather	snowscape	FieldEnd	0	2	1	0	2	0	0
Weather	snowscape	FieldEnd	0	2	1	0	3	0	0
Weather	snowscape	FieldEnd	0	2	1	0	4	0	0
Weather	snowscape	FieldEnd	0	2	1	1	0	0	0
Weather	snowscape	FieldEnd	0	2	1	1	1	0	1
Weather	snowscape	FieldEnd	0	2	1	1	2	0	0
Weather	snowscape	FieldEnd	0	2	1	1	3	0	0
Weather	snowscape	FieldEnd	0	2	1	1	4	0	0
Weather	snowscape	FieldEnd	0	3	0	0	0	0	0
Weather	snowscape	FieldEnd	0	3	0	0	1	0	1
Weather	snowscape	FieldEnd	0	3	0	0	2	0	0
Weather	snowscape	FieldEnd	0	3	0	0	3	0	0
Weather	snowscape	FieldEnd	0	3	0	0	4	0	0
Weather	snowscape	FieldEnd	0	3	0	1	0	0	0
Weather	snowscape	FieldEnd	0	3	0	1	1	0	1
Weather	snowscape	FieldEnd	0	3	0	1	2	0	0
Weather	snowscape	FieldEnd	0	3	0	1	3	0	0
Weather	snowscape	FieldEnd	0	3	0	1	4	0	0
Weather	snowscape	FieldEnd	0	3	1	0	0	0	0
Weather	snowscape	FieldEnd	0	3	1	0	1	0	1
Weather	snowscape	FieldEnd	0	3	1	0	2	0	0
Weather	snowscape	FieldEnd	0	3	1	0	3	0	0
Weather	snowscape	FieldEnd	0	3	1	0	4	0	0
Weather	snowscape	FieldEnd	0	3	1	1	0	0	0
Weather	snowscape	FieldEnd	0	3	1	1	1	0	1
Weather	snowscape	FieldEnd	0	3	1	1	2	0	0
Weather	snowscape	FieldEnd	0	3	1	1	3	0	0
Weather	snowscape	FieldEnd	0	3	1	1	4	0	0
Weather	snowscape	FieldEnd	1	0	0	0	0	0	0
Weather	snowscape	FieldEnd	1	0	0	0	1	0	1
Weather	snowscape	FieldEnd	1	0	0	0	2	0	0
Weather	snowscape	FieldEnd	1	0	0	0	3	0	0
Weather	snowscape	FieldEnd	1	0	0	0	4	0	0
Weather	snowscape	FieldEnd	1	0	0	1	0	0	0
Weather	snowscape	FieldEnd	1	0	0	1	1	0	1
Weather	snowscape	FieldEnd	1	0	0	1	2	0	0
Weather	snowscape	FieldEnd	1	0	0	1	3	0	0
Weather	snowscape	FieldEnd	1	0	0	1	4	0	0
Weather	snowscape	FieldEnd	1	0	1	0	0	0	0
Weather	snowscape	FieldEnd	1	0	1	0	1	0	1
Weather	snowscape	FieldEnd	1	0	1	0	2	0	0
Weather	snowscape	FieldEnd	1	0	1	0	3	0	0
Weather	snowscape	FieldEnd	1	0	1	0	4	0	0
Weather	snowscape	FieldEnd	1	0	1	1	0	0	0
Weather	snowscape	FieldEnd	1	0	1	1	1	0	1
Weather	snowscape	FieldEnd	1	0	1	1	2	0	0
Weather	snowscape	FieldEnd	1	0	1	1	3	0	0
Weather	snowscape	FieldEnd	1	0	1	1	4	0	0
Weather	snowscape	FieldEnd	1	1	0	0	0	0	0
Weather	snowscape	FieldEnd	1	1	0	0	1	0	1
Weather	snowscape	FieldEnd	1	1	0	0	2	0	0
Weather	snowscape	FieldEnd	1	1	0	0	3	0	0
Weather	snowscape	FieldEnd	1	1	0	0	4	0	0
Weather	snowscape	FieldEnd	1	1	0	1	0	0	0
Weather	snowscape	FieldEnd	1	1	0	1	1	0	1
Weather	snowscape	FieldEnd	1	1	0	1	2	0	0
Weather	snowscape	FieldEnd	1	1	0	1	3	0	0
Weather	snowscape	FieldEnd	1	1	0	1	4	0	0
Weather	snowscape	FieldEnd	1	1	1	0	0	0	0
Weather	snowscape	FieldEnd	1	1	1	0	1	0	1
Weather	snowscape	FieldEnd	1	1	1	0	2	0	0
Weather	snowscape	FieldEnd	1	1	1	0	3	0	0
Weather	snowscape	FieldEnd	1	1	1	0	4	0	0
Weather	snowscape	FieldEnd	1	1	1	1	0	0	0
Weather	snowscape	FieldEnd	1	1	1	1	1	0	1
Weather	snowscape	FieldEnd	1	1	1	1	2	0	0
Weather	snowscape	FieldEnd	1	1	1	1	3	0	0
Weather	snowscape	FieldEnd	1	1	1	1	4	0	0
Weather	snowscape	FieldEnd	1	2	0	0	0	0	0
Weather	snowscape	FieldEnd	1	2	0	0	1	0	1
Weather	snowscape	FieldEnd	1	2	0	0	2	0	0
Weather	snowscape	FieldEnd	1	2	0	0	3	0	0
Weather	snowscape	FieldEnd	1	2	0	0	4	0	0
Weather	snowscape	FieldEnd	1	2	0	1	0	0	0
Weather	snowscape	FieldEnd	1	2	0	1	1	0	1
Weather	snowscape	FieldEnd	1	2	0	1	2	0	0
Weather	snowscape	FieldEnd	1	2	0	1	3	0	0
Weather	snowscape	FieldEnd	1	2	0	1	4	0	0
Weather	snowscape	FieldEnd	1	2	1	0	0	0	0
Weather	snowscape	FieldEnd	1	2	1	0	1	0	1
Weather	snowscape	FieldEnd	1	2	1	0	2	0	0
Weather	snowscape	FieldEnd	1	2	1	0	3	0	0
Weather	snowscape	FieldEnd	1	2	1	0	4	0	0
Weather	snowscape	FieldEnd	1	2	1	1	0	0	0
Weather	snowscape	FieldEnd	1	2	1	1	1	0	1
Weather	snowscape	FieldEnd	1	2	1	1	2	0	0
Weather	snowscape	FieldEnd	1	2	1	1	3	0	0
Weather	snowscape	FieldEnd	1	2	1	1	4	0	0
Weather	snowscape	FieldEnd	1	3	0	0	0	0	0
Weather	snowscape	FieldEnd	1	3	0	0	1	0	1
Weather	snowscape	FieldEnd	1	3	0	0	2	0	0
Weather	snowscape	FieldEnd	1	3	0	0	3	0	0
Weather	snowscape	FieldEnd	1	3	0	0	4	0	0
Weather	snowscape	FieldEnd	1	3	0	1	0	0	0
Weather	snowscape	FieldEnd	1	3	0	1	1	0	1
Weather	snowscape	FieldEnd	1	3	0	1	2	0	0
Weather	snowscape	FieldEnd	1	3	0	1	3	0	0
Weather	snowscape	FieldEnd	1	3	0	1	4	0	0
Weather	snowscape	FieldEnd	1	3	1	0	0	0	0
Weather	snowscape	FieldEnd	1	3	1	0	1	0	1
Weather	snowscape	FieldEnd	1	3	1	0	2	0	0
Weather	snowscape	FieldEnd	1	3	1	0	3	0	0
Weather	snowscape	FieldEnd	1	3	1	0	4	0	0
Weather	snowscape	FieldEnd	1	3	1	1	0	0	0
Weather	snowscape	FieldEnd	1	3	1	1	1	0	1
Weather	snowscape	FieldEnd	1	3	1	1	2	0	0
Weather	snowscape	FieldEnd	1	3	1	1	3	0	0
Weather	snowscape	FieldEnd	1	3	1	1	4	0	0
Weather	snowscape	Residual	0	0	0	0	0	0	0
Weather	snowscape	Residual	0	0	0	0	1	1	0
Weather	snowscape	Residual	0	0	0	0	2	0	0
Weather	snowscape	Residual	0	0	0	0	3	0	0
Weather	snowscape	Residual	0	0	0	0	4	0	0
Weather	snowscape	Residual	0	0	0	1	0	0	0
Weather	snowscape	Residual	0	0	0	1	1	1	0
Weather	snowscape	Residual	0	0	0	1	2	0	0
Weather	snowscape	Residual	0	0	0	1	3	0	0
Weather	snowscape	Residual	0	0	0	1	4	0	0
Weather	snowscape	Residual	0	0	1	0	0	0	0
Weather	snowscape	Residual	0	0	1	0	1	1	0
Weather	snowscape	Residual	0	0	1	0	2	0	0
Weather	snowscape	Residual	0	0	1	0	3	0	0
Weather	snowscape	Residual	0	0	1	0	4	0	0
Weather	snowscape	Residual	0	0	1	1	0	0	0
Weather	snowscape	Residual	0	0	1	1	1	1	0
Weather	snowscape	Residual	0	0	1	1	2	0	0
Weather	snowscape	Residual	0	0	1	1	3	0	0
Weather	snowscape	Residual	0	0	1	1	4	0	0
Weather	snowscape	Residual	0	1	0	0	0	0	0
Weather	snowscape	Residual	0	1	0	0	1	1	0
Weather	snowscape	Residual	0	1	0	0	2	0	0
Weather	snowscape	Residual	0	1	0	0	3	0	0
Weather	snowscape	Residual	0	1	0	0	4	0	0
Weather	snowscape	Residual	0	1	0	1	0	0	0
Weather	snowscape	Residual	0	1	0	1	1	1	0
Weather	snowscape	Residual	0	1	0	1	2	0	0
Weather	snowscape	Residual	0	1	0	1	3	0	0
Weather	snowscape	Residual	0	1	0	1	4	0	0
Weather	snowscape	Residual	0	1	1	0	0	0	0
Weather	snowscape	Residual	0	1	1	0	1	1	0
Weather	snowscape	Residual	0	1	1	0	2	0	0
Weather	snowscape	Residual	0	1	1	0	3	0	0
Weather	snowscape	Residual	0	1	1	0	4	0	0
Weather	snowscape	Residual	0	1	1	1	0	0	0
Weather	snowscape	Residual	0	1	1	1	1	1	0
Weather	snowscape	Residual	0	1	1	1	2	0	0
Weather	snowscape	Residual	0	1	1	1	3	0	0
Weather	snowscape	Residual	0	1	1	1	4	0	0
Weather	snowscape	Residual	0	2	0	0	0	0	0
Weather	snowscape	Residual	0	2	0	0	1	1	0
Weather	snowscape	Residual	0	2	0	0	2	0	0
Weather	snowscape	Residual	0	2	0	0	3	0	0
Weather	snowscape	Residual	0	2	0	0	4	0	0
Weather	snowscape	Residual	0	2	0	1	0	0	0
Weather	snowscape	Residual	0	2	0	1	1	1	0
Weather	snowscape	Residual	0	2	0	1	2	0	0
Weather	snowscape	Residual	0	2	0	1	3	0	0
Weather	snowscape	Residual	0	2	0	1	4	0	0
Weather	snowscape	Residual	0	2	1	0	0	0	0
Weather	snowscape	Residual	0	2	1	0	1	1	0
Weather	snowscape	Residual	0	2	1	0	2	0	0
Weather	snowscape	Residual	0	2	1	0	3	0	0
Weather	snowscape	Residual	0	2	1	0	4	0	0
Weather	snowscape	Residual	0	2	1	1	0	0	0
Weather	snowscape	Residual	0	2	1	1	1	1	0
Weather	snowscape	Residual	0	2	1	1	2	0	0
Weather	snowscape	Residual	0	2	1	1	3	0	0
Weather	snowscape	Residual	0	2	1	1	4	0	0
Weather	snowscape	Residual	0	3	0	0	0	0	0
Weather	snowscape	Residual	0	3	0	0	1	1	0
Weather	snowscape	Residual	0	3	0	0	2	0	0
Weather	snowscape	Residual	0	3	0	0	3	0	0
Weather	snowscape	Residual	0	3	0	0	4	0	0
Weather	snowscape	Residual	0	3	0	1	0	0	0
Weather	snowscape	Residual	0	3	0	1	1	1	0
Weather	snowscape	Residual	0	3	0	1	2	0	0
Weather	snowscape	Residual	0	3	0	1	3	0	0
Weather	snowscape	Residual	0	3	0	1	4	0	0
Weather	snowscape	Residual	0	3	1	0	0	0	0
Weather	snowscape	Residual	0	3	1	0	1	1	0
Weather	snowscape	Residual	0	3	1	0	2	0	0
Weather	snowscape	Residual	0	3	1	0	3	0	0
Weather	snowscape	Residual	0	3	1	0	4	0	0
Weather	snowscape	Residual	0	3	1	1	0	0	0
Weather	snowscape	Residual	0	3	1	1	1	1	0
Weather	snowscape	Residual	0	3	1	1	2	0	0
Weather	snowscape	Residual	0	3	1	1	3	0	0
Weather	snowscape	Residual	0	3	1	1	4	0	0
Weather	snowscape	Residual	1	0	0	0	0	0	0
Weather	snowscape	Residual	1	0	0	0	1	1	0
Weather	snowscape	Residual	1	0	0	0	2	0	0
Weather	snowscape	Residual	1	0	0	0	3	0	0
Weather	snowscape	Residual	1	0	0	0	4	0	0
Weather	snowscape	Residual	1	0	0	1	0	0	0
Weather	snowscape	Residual	1	0	0	1	1	1	0
Weather	snowscape	Residual	1	0	0	1	2	0	0
Weather	snowscape	Residual	1	0	0	1	3	0	0
Weather	snowscape	Residual	1	0	0	1	4	0	0
Weather	snowscape	Residual	1	0	1	0	0	0	0
Weather	snowscape	Residual	1	0	1	0	1	1	0
Weather	snowscape	Residual	1	0	1	0	2	0	0
Weather	snowscape	Residual	1	0	1	0	3	0	0
Weather	snowscape	Residual	1	0	1	0	4	0	0
Weather	snowscape	Residual	1	0	1	1	0	0	0
Weather	snowscape	Residual	1	0	1	1	1	1	0
Weather	snowscape	Residual	1	0	1	1	2	0	0
Weather	snowscape	Residual	1	0	1	1	3	0	0
Weather	snowscape	Residual	1	0	1	1	4	0	0
Weather	snowscape	Residual	1	1	0	0	0	0	0
Weather	snowscape	Residual	1	1	0	0	1	1	0
Weather	snowscape	Residual	1	1	0	0	2	0	0
Weather	snowscape	Residual	1	1	0	0	3	0	0
Weather	snowscape	Residual	1	1	0	0	4	0	0
Weather	snowscape	Residual	1	1	0	1	0	0	0
Weather	snowscape	Residual	1	1	0	1	1	1	0
Weather	snowscape	Residual	1	1	0	1	2	0	0
Weather	snowscape	Residual	1	1	0	1	3	0	0
Weather	snowscape	Residual	1	1	0	1	4	0	0
Weather	snowscape	Residual	1	1	1	0	0	0	0
Weather	snowscape	Residual	1	1	1	0	1	1	0
Weather	snowscape	Residual	1	1	1	0	2	0	0
Weather	snowscape	Residual	1	1	1	0	3	0	0
Weather	snowscape	Residual	1	1	1	0	4	0	0
Weather	snowscape	Residual	1	1	1	1	0	0	0
Weather	snowscape	Residual	1	1	1	1	1	1	0
Weather	snowscape	Residual	1	1	1	1	2	0	0
Weather	snowscape	Residual	1	1	1	1	3	0	0
Weather	snowscape	Residual	1	1	1	1	4	0	0
Weather	snowscape	Residual	1	2	0	0	0	0	0
Weather	snowscape	Residual	1	2	0	0	1	1	0
Weather	snowscape	Residual	1	2	0	0	2	0	0
Weather	snowscape	Residual	1	2	0	0	3	0	0
Weather	snowscape	Residual	1	2	0	0	4	0	0
Weather	snowscape	Residual	1	2	0	1	0	0	0
Weather	snowscape	Residual	1	2	0	1	1	1	0
Weather	snowscape	Residual	1	2	0	1	2	0	0
Weather	snowscape	Residual	1	2	0	1	3	0	0
Weather	snowscape	Residual	1	2	0	1	4	0	0
Weather	snowscape	Residual	1	2	1	0	0	0	0
Weather	snowscape	Residual	1	2	1	0	1	1	0
Weather	snowscape	Residual	1	2	1	0	2	0	0
Weather	snowscape	Residual	1	2	1	0	3	0	0
Weather	snowscape	Residual	1	2	1	0	4	0	0
Weather	snowscape	Residual	1	2	1	1	0	0	0
Weather	snowscape	Residual	1	2	1	1	1	1	0
Weather	snowscape	Residual	1	2	1	1	2	0	0
Weather	snowscape	Residual	1	2	1	1	3	0	0
Weather	snowscape	Residual	1	2	1	1	4	0	0
Weather	snowscape	Residual	1	3	0	0	0	0	0
Weather	snowscape	Residual	1	3	0	0	1	1	0
Weather	snowscape	Residual	1	3	0	0	2	0	0
Weather	snowscape	Residual	1	3	0	0	3	0	0
Weather	snowscape	Residual	1	3	0	0	4	0	0
Weather	snowscape	Residual	1	3	0	1	0	0	0
Weather	snowscape	Residual	1	3	0	1	1	1	0
Weather	snowscape	Residual	1	3	0	1	2	0	0
Weather	snowscape	Residual	1	3	0	1	3	0	0
Weather	snowscape	Residual	1	3	0	1	4	0	0
Weather	snowscape	Residual	1	3	1	0	0	0	0
Weather	snowscape	Residual	1	3	1	0	1	1	0
Weather	snowscape	Residual	1	3	1	0	2	0	0
Weather	snowscape	Residual	1	3	1	0	3	0	0
Weather	snowscape	Residual	1	3	1	0	4	0	0
Weather	snowscape	Residual	1	3	1	1	0	0	0
Weather	snowscape	Residual	1	3	1	1	1	1	0
Weather	snowscape	Residual	1	3	1	1	2	0	0
Weather	snowscape	Residual	1	3	1	1	3	0	0
Weather	snowscape	Residual	1	3	1	1	4	0	0
Weather	snowscape	AfterSetStatus	0	0	0	0	0	0	0
Weather	snowscape	AfterSetStatus	0	0	0	0	1	1	1
Weather	snowscape	AfterSetStatus	0	0	0	0	2	0	0
Weather	snowscape	AfterSetStatus	0	0	0	0	3	0	0
Weather	snowscape	AfterSetStatus	0	0	0	0	4	0	0
Weather	snowscape	AfterSetStatus	0	0	0	1	0	0	0
Weather	snowscape	AfterSetStatus	0	0	0	1	1	1	1
Weather	snowscape	AfterSetStatus	0	0	0	1	2	0	0
Weather	snowscape	AfterSetStatus	0	0	0	1	3	0	0
Weather	snowscape	AfterSetStatus	0	0	0	1	4	0	0
Weather	snowscape	AfterSetStatus	0	0	1	0	0	0	0
Weather	snowscape	AfterSetStatus	0	0	1	0	1	1	1
Weather	snowscape	AfterSetStatus	0	0	1	0	2	0	0
Weather	snowscape	AfterSetStatus	0	0	1	0	3	0	0
Weather	snowscape	AfterSetStatus	0	0	1	0	4	0	0
Weather	snowscape	AfterSetStatus	0	0	1	1	0	0	0
Weather	snowscape	AfterSetStatus	0	0	1	1	1	1	1
Weather	snowscape	AfterSetStatus	0	0	1	1	2	0	0
Weather	snowscape	AfterSetStatus	0	0	1	1	3	0	0
Weather	snowscape	AfterSetStatus	0	0	1	1	4	0	0
Weather	snowscape	AfterSetStatus	0	1	0	0	0	0	0
Weather	snowscape	AfterSetStatus	0	1	0	0	1	1	1
Weather	snowscape	AfterSetStatus	0	1	0	0	2	0	0
Weather	snowscape	AfterSetStatus	0	1	0	0	3	0	0
Weather	snowscape	AfterSetStatus	0	1	0	0	4	0	0
Weather	snowscape	AfterSetStatus	0	1	0	1	0	0	0
Weather	snowscape	AfterSetStatus	0	1	0	1	1	1	1
Weather	snowscape	AfterSetStatus	0	1	0	1	2	0	0
Weather	snowscape	AfterSetStatus	0	1	0	1	3	0	0
Weather	snowscape	AfterSetStatus	0	1	0	1	4	0	0
Weather	snowscape	AfterSetStatus	0	1	1	0	0	0	0
Weather	snowscape	AfterSetStatus	0	1	1	0	1	1	1
Weather	snowscape	AfterSetStatus	0	1	1	0	2	0	0
Weather	snowscape	AfterSetStatus	0	1	1	0	3	0	0
Weather	snowscape	AfterSetStatus	0	1	1	0	4	0	0
Weather	snowscape	AfterSetStatus	0	1	1	1	0	0	0
Weather	snowscape	AfterSetStatus	0	1	1	1	1	1	1
Weather	snowscape	AfterSetStatus	0	1	1	1	2	0	0
Weather	snowscape	AfterSetStatus	0	1	1	1	3	0	0
Weather	snowscape	AfterSetStatus	0	1	1	1	4	0	0
Weather	snowscape	AfterSetStatus	0	2	0	0	0	0	0
Weather	snowscape	AfterSetStatus	0	2	0	0	1	1	1
Weather	snowscape	AfterSetStatus	0	2	0	0	2	0	0
Weather	snowscape	AfterSetStatus	0	2	0	0	3	0	0
Weather	snowscape	AfterSetStatus	0	2	0	0	4	0	0
Weather	snowscape	AfterSetStatus	0	2	0	1	0	0	0
Weather	snowscape	AfterSetStatus	0	2	0	1	1	1	1
Weather	snowscape	AfterSetStatus	0	2	0	1	2	0	0
Weather	snowscape	AfterSetStatus	0	2	0	1	3	0	0
Weather	snowscape	AfterSetStatus	0	2	0	1	4	0	0
Weather	snowscape	AfterSetStatus	0	2	1	0	0	0	0
Weather	snowscape	AfterSetStatus	0	2	1	0	1	1	1
Weather	snowscape	AfterSetStatus	0	2	1	0	2	0	0
Weather	snowscape	AfterSetStatus	0	2	1	0	3	0	0
Weather	snowscape	AfterSetStatus	0	2	1	0	4	0	0
Weather	snowscape	AfterSetStatus	0	2	1	1	0	0	0
Weather	snowscape	AfterSetStatus	0	2	1	1	1	1	1
Weather	snowscape	AfterSetStatus	0	2	1	1	2	0	0
Weather	snowscape	AfterSetStatus	0	2	1	1	3	0	0
Weather	snowscape	AfterSetStatus	0	2	1	1	4	0	0
Weather	snowscape	AfterSetStatus	0	3	0	0	0	0	0
Weather	snowscape	AfterSetStatus	0	3	0	0	1	1	1
Weather	snowscape	AfterSetStatus	0	3	0	0	2	0	0
Weather	snowscape	AfterSetStatus	0	3	0	0	3	0	0
Weather	snowscape	AfterSetStatus	0	3	0	0	4	0	0
Weather	snowscape	AfterSetStatus	0	3	0	1	0	0	0
Weather	snowscape	AfterSetStatus	0	3	0	1	1	1	1
Weather	snowscape	AfterSetStatus	0	3	0	1	2	0	0
Weather	snowscape	AfterSetStatus	0	3	0	1	3	0	0
Weather	snowscape	AfterSetStatus	0	3	0	1	4	0	0
Weather	snowscape	AfterSetStatus	0	3	1	0	0	0	0
Weather	snowscape	AfterSetStatus	0	3	1	0	1	1	1
Weather	snowscape	AfterSetStatus	0	3	1	0	2	0	0
Weather	snowscape	AfterSetStatus	0	3	1	0	3	0	0
Weather	snowscape	AfterSetStatus	0	3	1	0	4	0	0
Weather	snowscape	AfterSetStatus	0	3	1	1	0	0	0
Weather	snowscape	AfterSetStatus	0	3	1	1	1	1	1
Weather	snowscape	AfterSetStatus	0	3	1	1	2	0	0
Weather	snowscape	AfterSetStatus	0	3	1	1	3	0	0
Weather	snowscape	AfterSetStatus	0	3	1	1	4	0	0
Weather	snowscape	AfterSetStatus	1	0	0	0	0	0	0
Weather	snowscape	AfterSetStatus	1	0	0	0	1	1	1
Weather	snowscape	AfterSetStatus	1	0	0	0	2	0	0
Weather	snowscape	AfterSetStatus	1	0	0	0	3	0	0
Weather	snowscape	AfterSetStatus	1	0	0	0	4	0	0
Weather	snowscape	AfterSetStatus	1	0	0	1	0	0	0
Weather	snowscape	AfterSetStatus	1	0	0	1	1	1	1
Weather	snowscape	AfterSetStatus	1	0	0	1	2	0	0
Weather	snowscape	AfterSetStatus	1	0	0	1	3	0	0
Weather	snowscape	AfterSetStatus	1	0	0	1	4	0	0
Weather	snowscape	AfterSetStatus	1	0	1	0	0	0	0
Weather	snowscape	AfterSetStatus	1	0	1	0	1	1	1
Weather	snowscape	AfterSetStatus	1	0	1	0	2	0	0
Weather	snowscape	AfterSetStatus	1	0	1	0	3	0	0
Weather	snowscape	AfterSetStatus	1	0	1	0	4	0	0
Weather	snowscape	AfterSetStatus	1	0	1	1	0	0	0
Weather	snowscape	AfterSetStatus	1	0	1	1	1	1	1
Weather	snowscape	AfterSetStatus	1	0	1	1	2	0	0
Weather	snowscape	AfterSetStatus	1	0	1	1	3	0	0
Weather	snowscape	AfterSetStatus	1	0	1	1	4	0	0
Weather	snowscape	AfterSetStatus	1	1	0	0	0	0	0
Weather	snowscape	AfterSetStatus	1	1	0	0	1	1	1
Weather	snowscape	AfterSetStatus	1	1	0	0	2	0	0
Weather	snowscape	AfterSetStatus	1	1	0	0	3	0	0
Weather	snowscape	AfterSetStatus	1	1	0	0	4	0	0
Weather	snowscape	AfterSetStatus	1	1	0	1	0	0	0
Weather	snowscape	AfterSetStatus	1	1	0	1	1	1	1
Weather	snowscape	AfterSetStatus	1	1	0	1	2	0	0
Weather	snowscape	AfterSetStatus	1	1	0	1	3	0	0
Weather	snowscape	AfterSetStatus	1	1	0	1	4	0	0
Weather	snowscape	AfterSetStatus	1	1	1	0	0	0	0
Weather	snowscape	AfterSetStatus	1	1	1	0	1	1	1
Weather	snowscape	AfterSetStatus	1	1	1	0	2	0	0
Weather	snowscape	AfterSetStatus	1	1	1	0	3	0	0
Weather	snowscape	AfterSetStatus	1	1	1	0	4	0	0
Weather	snowscape	AfterSetStatus	1	1	1	1	0	0	0
Weather	snowscape	AfterSetStatus	1	1	1	1	1	1	1
Weather	snowscape	AfterSetStatus	1	1	1	1	2	0	0
Weather	snowscape	AfterSetStatus	1	1	1	1	3	0	0
Weather	snowscape	AfterSetStatus	1	1	1	1	4	0	0
Weather	snowscape	AfterSetStatus	1	2	0	0	0	0	0
Weather	snowscape	AfterSetStatus	1	2	0	0	1	1	1
Weather	snowscape	AfterSetStatus	1	2	0	0	2	0	0
Weather	snowscape	AfterSetStatus	1	2	0	0	3	0	0
Weather	snowscape	AfterSetStatus	1	2	0	0	4	0	0
Weather	snowscape	AfterSetStatus	1	2	0	1	0	0	0
Weather	snowscape	AfterSetStatus	1	2	0	1	1	1	1
Weather	snowscape	AfterSetStatus	1	2	0	1	2	0	0
Weather	snowscape	AfterSetStatus	1	2	0	1	3	0	0
Weather	snowscape	AfterSetStatus	1	2	0	1	4	0	0
Weather	snowscape	AfterSetStatus	1	2	1	0	0	0	0
Weather	snowscape	AfterSetStatus	1	2	1	0	1	1	1
Weather	snowscape	AfterSetStatus	1	2	1	0	2	0	0
Weather	snowscape	AfterSetStatus	1	2	1	0	3	0	0
Weather	snowscape	AfterSetStatus	1	2	1	0	4	0	0
Weather	snowscape	AfterSetStatus	1	2	1	1	0	0	0
Weather	snowscape	AfterSetStatus	1	2	1	1	1	1	1
Weather	snowscape	AfterSetStatus	1	2	1	1	2	0	0
Weather	snowscape	AfterSetStatus	1	2	1	1	3	0	0
Weather	snowscape	AfterSetStatus	1	2	1	1	4	0	0
Weather	snowscape	AfterSetStatus	1	3	0	0	0	0	0
Weather	snowscape	AfterSetStatus	1	3	0	0	1	1	1
Weather	snowscape	AfterSetStatus	1	3	0	0	2	0	0
Weather	snowscape	AfterSetStatus	1	3	0	0	3	0	0
Weather	snowscape	AfterSetStatus	1	3	0	0	4	0	0
Weather	snowscape	AfterSetStatus	1	3	0	1	0	0	0
Weather	snowscape	AfterSetStatus	1	3	0	1	1	1	1
Weather	snowscape	AfterSetStatus	1	3	0	1	2	0	0
Weather	snowscape	AfterSetStatus	1	3	0	1	3	0	0
Weather	snowscape	AfterSetStatus	1	3	0	1	4	0	0
Weather	snowscape	AfterSetStatus	1	3	1	0	0	0	0
Weather	snowscape	AfterSetStatus	1	3	1	0	1	1	1
Weather	snowscape	AfterSetStatus	1	3	1	0	2	0	0
Weather	snowscape	AfterSetStatus	1	3	1	0	3	0	0
Weather	snowscape	AfterSetStatus	1	3	1	0	4	0	0
Weather	snowscape	AfterSetStatus	1	3	1	1	0	0	0
Weather	snowscape	AfterSetStatus	1	3	1	1	1	1	1
Weather	snowscape	AfterSetStatus	1	3	1	1	2	0	0
Weather	snowscape	AfterSetStatus	1	3	1	1	3	0	0
Weather	snowscape	AfterSetStatus	1	3	1	1	4	0	0
Rule	hppercentagemod	Start	0	0	0	0	0	0	0
Rule	hppercentagemod	Start	0	0	0	0	1	0	0
Rule	hppercentagemod	Start	0	0	0	0	2	0	0
Rule	hppercentagemod	Start	0	0	0	0	3	0	0
Rule	hppercentagemod	Start	0	0	0	0	4	0	0
Rule	hppercentagemod	Start	0	0	0	1	0	0	0
Rule	hppercentagemod	Start	0	0	0	1	1	0	0
Rule	hppercentagemod	Start	0	0	0	1	2	0	0
Rule	hppercentagemod	Start	0	0	0	1	3	0	0
Rule	hppercentagemod	Start	0	0	0	1	4	0	0
Rule	hppercentagemod	Start	0	0	1	0	0	0	0
Rule	hppercentagemod	Start	0	0	1	0	1	0	0
Rule	hppercentagemod	Start	0	0	1	0	2	0	0
Rule	hppercentagemod	Start	0	0	1	0	3	0	0
Rule	hppercentagemod	Start	0	0	1	0	4	0	0
Rule	hppercentagemod	Start	0	0	1	1	0	0	0
Rule	hppercentagemod	Start	0	0	1	1	1	0	0
Rule	hppercentagemod	Start	0	0	1	1	2	0	0
Rule	hppercentagemod	Start	0	0	1	1	3	0	0
Rule	hppercentagemod	Start	0	0	1	1	4	0	0
Rule	hppercentagemod	Start	0	1	0	0	0	0	0
Rule	hppercentagemod	Start	0	1	0	0	1	0	0
Rule	hppercentagemod	Start	0	1	0	0	2	0	0
Rule	hppercentagemod	Start	0	1	0	0	3	0	0
Rule	hppercentagemod	Start	0	1	0	0	4	0	0
Rule	hppercentagemod	Start	0	1	0	1	0	0	0
Rule	hppercentagemod	Start	0	1	0	1	1	0	0
Rule	hppercentagemod	Start	0	1	0	1	2	0	0
Rule	hppercentagemod	Start	0	1	0	1	3	0	0
Rule	hppercentagemod	Start	0	1	0	1	4	0	0
Rule	hppercentagemod	Start	0	1	1	0	0	0	0
Rule	hppercentagemod	Start	0	1	1	0	1	0	0
Rule	hppercentagemod	Start	0	1	1	0	2	0	0
Rule	hppercentagemod	Start	0	1	1	0	3	0	0
Rule	hppercentagemod	Start	0	1	1	0	4	0	0
Rule	hppercentagemod	Start	0	1	1	1	0	0	0
Rule	hppercentagemod	Start	0	1	1	1	1	0	0
Rule	hppercentagemod	Start	0	1	1	1	2	0	0
Rule	hppercentagemod	Start	0	1	1	1	3	0	0
Rule	hppercentagemod	Start	0	1	1	1	4	0	0
Rule	hppercentagemod	Start	0	2	0	0	0	0	0
Rule	hppercentagemod	Start	0	2	0	0	1	0	0
Rule	hppercentagemod	Start	0	2	0	0	2	0	0
Rule	hppercentagemod	Start	0	2	0	0	3	0	0
Rule	hppercentagemod	Start	0	2	0	0	4	0	0
Rule	hppercentagemod	Start	0	2	0	1	0	0	0
Rule	hppercentagemod	Start	0	2	0	1	1	0	0
Rule	hppercentagemod	Start	0	2	0	1	2	0	0
Rule	hppercentagemod	Start	0	2	0	1	3	0	0
Rule	hppercentagemod	Start	0	2	0	1	4	0	0
Rule	hppercentagemod	Start	0	2	1	0	0	0	0
Rule	hppercentagemod	Start	0	2	1	0	1	0	0
Rule	hppercentagemod	Start	0	2	1	0	2	0	0
Rule	hppercentagemod	Start	0	2	1	0	3	0	0
Rule	hppercentagemod	Start	0	2	1	0	4	0	0
Rule	hppercentagemod	Start	0	2	1	1	0	0	0
Rule	hppercentagemod	Start	0	2	1	1	1	0	0
Rule	hppercentagemod	Start	0	2	1	1	2	0	0
Rule	hppercentagemod	Start	0	2	1	1	3	0	0
Rule	hppercentagemod	Start	0	2	1	1	4	0	0
Rule	hppercentagemod	Start	0	3	0	0	0	0	0
Rule	hppercentagemod	Start	0	3	0	0	1	0	0
Rule	hppercentagemod	Start	0	3	0	0	2	0	0
Rule	hppercentagemod	Start	0	3	0	0	3	0	0
Rule	hppercentagemod	Start	0	3	0	0	4	0	0
Rule	hppercentagemod	Start	0	3	0	1	0	0	0
Rule	hppercentagemod	Start	0	3	0	1	1	0	0
Rule	hppercentagemod	Start	0	3	0	1	2	0	0
Rule	hppercentagemod	Start	0	3	0	1	3	0	0
Rule	hppercentagemod	Start	0	3	0	1	4	0	0
Rule	hppercentagemod	Start	0	3	1	0	0	0	0
Rule	hppercentagemod	Start	0	3	1	0	1	0	0
Rule	hppercentagemod	Start	0	3	1	0	2	0	0
Rule	hppercentagemod	Start	0	3	1	0	3	0	0
Rule	hppercentagemod	Start	0	3	1	0	4	0	0
Rule	hppercentagemod	Start	0	3	1	1	0	0	0
Rule	hppercentagemod	Start	0	3	1	1	1	0	0
Rule	hppercentagemod	Start	0	3	1	1	2	0	0
Rule	hppercentagemod	Start	0	3	1	1	3	0	0
Rule	hppercentagemod	Start	0	3	1	1	4	0	0
Rule	hppercentagemod	Start	1	0	0	0	0	0	0
Rule	hppercentagemod	Start	1	0	0	0	1	0	0
Rule	hppercentagemod	Start	1	0	0	0	2	0	0
Rule	hppercentagemod	Start	1	0	0	0	3	0	0
Rule	hppercentagemod	Start	1	0	0	0	4	0	0
Rule	hppercentagemod	Start	1	0	0	1	0	0	0
Rule	hppercentagemod	Start	1	0	0	1	1	0	0
Rule	hppercentagemod	Start	1	0	0	1	2	0	0
Rule	hppercentagemod	Start	1	0	0	1	3	0	0
Rule	hppercentagemod	Start	1	0	0	1	4	0	0
Rule	hppercentagemod	Start	1	0	1	0	0	0	0
Rule	hppercentagemod	Start	1	0	1	0	1	0	0
Rule	hppercentagemod	Start	1	0	1	0	2	0	0
Rule	hppercentagemod	Start	1	0	1	0	3	0	0
Rule	hppercentagemod	Start	1	0	1	0	4	0	0
Rule	hppercentagemod	Start	1	0	1	1	0	0	0
Rule	hppercentagemod	Start	1	0	1	1	1	0	0
Rule	hppercentagemod	Start	1	0	1	1	2	0	0
Rule	hppercentagemod	Start	1	0	1	1	3	0	0
Rule	hppercentagemod	Start	1	0	1	1	4	0	0
Rule	hppercentagemod	Start	1	1	0	0	0	0	0
Rule	hppercentagemod	Start	1	1	0	0	1	0	0
Rule	hppercentagemod	Start	1	1	0	0	2	0	0
Rule	hppercentagemod	Start	1	1	0	0	3	0	0
Rule	hppercentagemod	Start	1	1	0	0	4	0	0
Rule	hppercentagemod	Start	1	1	0	1	0	0	0
Rule	hppercentagemod	Start	1	1	0	1	1	0	0
Rule	hppercentagemod	Start	1	1	0	1	2	0	0
Rule	hppercentagemod	Start	1	1	0	1	3	0	0
Rule	hppercentagemod	Start	1	1	0	1	4	0	0
Rule	hppercentagemod	Start	1	1	1	0	0	0	0
Rule	hppercentagemod	Start	1	1	1	0	1	0	0
Rule	hppercentagemod	Start	1	1	1	0	2	0	0
Rule	hppercentagemod	Start	1	1	1	0	3	0	0
Rule	hppercentagemod	Start	1	1	1	0	4	0	0
Rule	hppercentagemod	Start	1	1	1	1	0	0	0
Rule	hppercentagemod	Start	1	1	1	1	1	0	0
Rule	hppercentagemod	Start	1	1	1	1	2	0	0
Rule	hppercentagemod	Start	1	1	1	1	3	0	0
Rule	hppercentagemod	Start	1	1	1	1	4	0	0
Rule	hppercentagemod	Start	1	2	0	0	0	0	0
Rule	hppercentagemod	Start	1	2	0	0	1	0	0
Rule	hppercentagemod	Start	1	2	0	0	2	0	0
Rule	hppercentagemod	Start	1	2	0	0	3	0	0
Rule	hppercentagemod	Start	1	2	0	0	4	0	0
Rule	hppercentagemod	Start	1	2	0	1	0	0	0
Rule	hppercentagemod	Start	1	2	0	1	1	0	0
Rule	hppercentagemod	Start	1	2	0	1	2	0	0
Rule	hppercentagemod	Start	1	2	0	1	3	0	0
Rule	hppercentagemod	Start	1	2	0	1	4	0	0
Rule	hppercentagemod	Start	1	2	1	0	0	0	0
Rule	hppercentagemod	Start	1	2	1	0	1	0	0
Rule	hppercentagemod	Start	1	2	1	0	2	0	0
Rule	hppercentagemod	Start	1	2	1	0	3	0	0
Rule	hppercentagemod	Start	1	2	1	0	4	0	0
Rule	hppercentagemod	Start	1	2	1	1	0	0	0
Rule	hppercentagemod	Start	1	2	1	1	1	0	0
Rule	hppercentagemod	Start	1	2	1	1	2	0	0
Rule	hppercentagemod	Start	1	2	1	1	3	0	0
Rule	hppercentagemod	Start	1	2	1	1	4	0	0
Rule	hppercentagemod	Start	1	3	0	0	0	0	0
Rule	hppercentagemod	Start	1	3	0	0	1	0	0
Rule	hppercentagemod	Start	1	3	0	0	2	0	0
Rule	hppercentagemod	Start	1	3	0	0	3	0	0
Rule	hppercentagemod	Start	1	3	0	0	4	0	0
Rule	hppercentagemod	Start	1	3	0	1	0	0	0
Rule	hppercentagemod	Start	1	3	0	1	1	0	0
Rule	hppercentagemod	Start	1	3	0	1	2	0	0
Rule	hppercentagemod	Start	1	3	0	1	3	0	0
Rule	hppercentagemod	Start	1	3	0	1	4	0	0
Rule	hppercentagemod	Start	1	3	1	0	0	0	0
Rule	hppercentagemod	Start	1	3	1	0	1	0	0
Rule	hppercentagemod	Start	1	3	1	0	2	0	0
Rule	hppercentagemod	Start	1	3	1	0	3	0	0
Rule	hppercentagemod	Start	1	3	1	0	4	0	0
Rule	hppercentagemod	Start	1	3	1	1	0	0	0
Rule	hppercentagemod	Start	1	3	1	1	1	0	0
Rule	hppercentagemod	Start	1	3	1	1	2	0	0
Rule	hppercentagemod	Start	1	3	1	1	3	0	0
Rule	hppercentagemod	Start	1	3	1	1	4	0	0
Rule	hppercentagemod	End	0	0	0	0	0	0	0
Rule	hppercentagemod	End	0	0	0	0	1	0	0
Rule	hppercentagemod	End	0	0	0	0	2	0	0
Rule	hppercentagemod	End	0	0	0	0	3	0	0
Rule	hppercentagemod	End	0	0	0	0	4	0	0
Rule	hppercentagemod	End	0	0	0	1	0	0	0
Rule	hppercentagemod	End	0	0	0	1	1	0	0
Rule	hppercentagemod	End	0	0	0	1	2	0	0
Rule	hppercentagemod	End	0	0	0	1	3	0	0
Rule	hppercentagemod	End	0	0	0	1	4	0	0
Rule	hppercentagemod	End	0	0	1	0	0	0	0
Rule	hppercentagemod	End	0	0	1	0	1	0	0
Rule	hppercentagemod	End	0	0	1	0	2	0	0
Rule	hppercentagemod	End	0	0	1	0	3	0	0
Rule	hppercentagemod	End	0	0	1	0	4	0	0
Rule	hppercentagemod	End	0	0	1	1	0	0	0
Rule	hppercentagemod	End	0	0	1	1	1	0	0
Rule	hppercentagemod	End	0	0	1	1	2	0	0
Rule	hppercentagemod	End	0	0	1	1	3	0	0
Rule	hppercentagemod	End	0	0	1	1	4	0	0
Rule	hppercentagemod	End	0	1	0	0	0	0	0
Rule	hppercentagemod	End	0	1	0	0	1	0	0
Rule	hppercentagemod	End	0	1	0	0	2	0	0
Rule	hppercentagemod	End	0	1	0	0	3	0	0
Rule	hppercentagemod	End	0	1	0	0	4	0	0
Rule	hppercentagemod	End	0	1	0	1	0	0	0
Rule	hppercentagemod	End	0	1	0	1	1	0	0
Rule	hppercentagemod	End	0	1	0	1	2	0	0
Rule	hppercentagemod	End	0	1	0	1	3	0	0
Rule	hppercentagemod	End	0	1	0	1	4	0	0
Rule	hppercentagemod	End	0	1	1	0	0	0	0
Rule	hppercentagemod	End	0	1	1	0	1	0	0
Rule	hppercentagemod	End	0	1	1	0	2	0	0
Rule	hppercentagemod	End	0	1	1	0	3	0	0
Rule	hppercentagemod	End	0	1	1	0	4	0	0
Rule	hppercentagemod	End	0	1	1	1	0	0	0
Rule	hppercentagemod	End	0	1	1	1	1	0	0
Rule	hppercentagemod	End	0	1	1	1	2	0	0
Rule	hppercentagemod	End	0	1	1	1	3	0	0
Rule	hppercentagemod	End	0	1	1	1	4	0	0
Rule	hppercentagemod	End	0	2	0	0	0	0	0
Rule	hppercentagemod	End	0	2	0	0	1	0	0
Rule	hppercentagemod	End	0	2	0	0	2	0	0
Rule	hppercentagemod	End	0	2	0	0	3	0	0
Rule	hppercentagemod	End	0	2	0	0	4	0	0
Rule	hppercentagemod	End	0	2	0	1	0	0	0
Rule	hppercentagemod	End	0	2	0	1	1	0	0
Rule	hppercentagemod	End	0	2	0	1	2	0	0
Rule	hppercentagemod	End	0	2	0	1	3	0	0
Rule	hppercentagemod	End	0	2	0	1	4	0	0
Rule	hppercentagemod	End	0	2	1	0	0	0	0
Rule	hppercentagemod	End	0	2	1	0	1	0	0
Rule	hppercentagemod	End	0	2	1	0	2	0	0
Rule	hppercentagemod	End	0	2	1	0	3	0	0
Rule	hppercentagemod	End	0	2	1	0	4	0	0
Rule	hppercentagemod	End	0	2	1	1	0	0	0
Rule	hppercentagemod	End	0	2	1	1	1	0	0
Rule	hppercentagemod	End	0	2	1	1	2	0	0
Rule	hppercentagemod	End	0	2	1	1	3	0	0
Rule	hppercentagemod	End	0	2	1	1	4	0	0
Rule	hppercentagemod	End	0	3	0	0	0	0	0
Rule	hppercentagemod	End	0	3	0	0	1	0	0
Rule	hppercentagemod	End	0	3	0	0	2	0	0
Rule	hppercentagemod	End	0	3	0	0	3	0	0
Rule	hppercentagemod	End	0	3	0	0	4	0	0
Rule	hppercentagemod	End	0	3	0	1	0	0	0
Rule	hppercentagemod	End	0	3	0	1	1	0	0
Rule	hppercentagemod	End	0	3	0	1	2	0	0
Rule	hppercentagemod	End	0	3	0	1	3	0	0
Rule	hppercentagemod	End	0	3	0	1	4	0	0
Rule	hppercentagemod	End	0	3	1	0	0	0	0
Rule	hppercentagemod	End	0	3	1	0	1	0	0
Rule	hppercentagemod	End	0	3	1	0	2	0	0
Rule	hppercentagemod	End	0	3	1	0	3	0	0
Rule	hppercentagemod	End	0	3	1	0	4	0	0
Rule	hppercentagemod	End	0	3	1	1	0	0	0
Rule	hppercentagemod	End	0	3	1	1	1	0	0
Rule	hppercentagemod	End	0	3	1	1	2	0	0
Rule	hppercentagemod	End	0	3	1	1	3	0	0
Rule	hppercentagemod	End	0	3	1	1	4	0	0
Rule	hppercentagemod	End	1	0	0	0	0	0	0
Rule	hppercentagemod	End	1	0	0	0	1	0	0
Rule	hppercentagemod	End	1	0	0	0	2	0	0
Rule	hppercentagemod	End	1	0	0	0	3	0	0
Rule	hppercentagemod	End	1	0	0	0	4	0	0
Rule	hppercentagemod	End	1	0	0	1	0	0	0
Rule	hppercentagemod	End	1	0	0	1	1	0	0
Rule	hppercentagemod	End	1	0	0	1	2	0	0
Rule	hppercentagemod	End	1	0	0	1	3	0	0
Rule	hppercentagemod	End	1	0	0	1	4	0	0
Rule	hppercentagemod	End	1	0	1	0	0	0	0
Rule	hppercentagemod	End	1	0	1	0	1	0	0
Rule	hppercentagemod	End	1	0	1	0	2	0	0
Rule	hppercentagemod	End	1	0	1	0	3	0	0
Rule	hppercentagemod	End	1	0	1	0	4	0	0
Rule	hppercentagemod	End	1	0	1	1	0	0	0
Rule	hppercentagemod	End	1	0	1	1	1	0	0
Rule	hppercentagemod	End	1	0	1	1	2	0	0
Rule	hppercentagemod	End	1	0	1	1	3	0	0
Rule	hppercentagemod	End	1	0	1	1	4	0	0
Rule	hppercentagemod	End	1	1	0	0	0	0	0
Rule	hppercentagemod	End	1	1	0	0	1	0	0
Rule	hppercentagemod	End	1	1	0	0	2	0	0
Rule	hppercentagemod	End	1	1	0	0	3	0	0
Rule	hppercentagemod	End	1	1	0	0	4	0	0
Rule	hppercentagemod	End	1	1	0	1	0	0	0
Rule	hppercentagemod	End	1	1	0	1	1	0	0
Rule	hppercentagemod	End	1	1	0	1	2	0	0
Rule	hppercentagemod	End	1	1	0	1	3	0	0
Rule	hppercentagemod	End	1	1	0	1	4	0	0
Rule	hppercentagemod	End	1	1	1	0	0	0	0
Rule	hppercentagemod	End	1	1	1	0	1	0	0
Rule	hppercentagemod	End	1	1	1	0	2	0	0
Rule	hppercentagemod	End	1	1	1	0	3	0	0
Rule	hppercentagemod	End	1	1	1	0	4	0	0
Rule	hppercentagemod	End	1	1	1	1	0	0	0
Rule	hppercentagemod	End	1	1	1	1	1	0	0
Rule	hppercentagemod	End	1	1	1	1	2	0	0
Rule	hppercentagemod	End	1	1	1	1	3	0	0
Rule	hppercentagemod	End	1	1	1	1	4	0	0
Rule	hppercentagemod	End	1	2	0	0	0	0	0
Rule	hppercentagemod	End	1	2	0	0	1	0	0
Rule	hppercentagemod	End	1	2	0	0	2	0	0
Rule	hppercentagemod	End	1	2	0	0	3	0	0
Rule	hppercentagemod	End	1	2	0	0	4	0	0
Rule	hppercentagemod	End	1	2	0	1	0	0	0
Rule	hppercentagemod	End	1	2	0	1	1	0	0
Rule	hppercentagemod	End	1	2	0	1	2	0	0
Rule	hppercentagemod	End	1	2	0	1	3	0	0
Rule	hppercentagemod	End	1	2	0	1	4	0	0
Rule	hppercentagemod	End	1	2	1	0	0	0	0
Rule	hppercentagemod	End	1	2	1	0	1	0	0
Rule	hppercentagemod	End	1	2	1	0	2	0	0
Rule	hppercentagemod	End	1	2	1	0	3	0	0
Rule	hppercentagemod	End	1	2	1	0	4	0	0
Rule	hppercentagemod	End	1	2	1	1	0	0	0
Rule	hppercentagemod	End	1	2	1	1	1	0	0
Rule	hppercentagemod	End	1	2	1	1	2	0	0
Rule	hppercentagemod	End	1	2	1	1	3	0	0
Rule	hppercentagemod	End	1	2	1	1	4	0	0
Rule	hppercentagemod	End	1	3	0	0	0	0	0
Rule	hppercentagemod	End	1	3	0	0	1	0	0
Rule	hppercentagemod	End	1	3	0	0	2	0	0
Rule	hppercentagemod	End	1	3	0	0	3	0	0
Rule	hppercentagemod	End	1	3	0	0	4	0	0
Rule	hppercentagemod	End	1	3	0	1	0	0	0
Rule	hppercentagemod	End	1	3	0	1	1	0	0
Rule	hppercentagemod	End	1	3	0	1	2	0	0
Rule	hppercentagemod	End	1	3	0	1	3	0	0
Rule	hppercentagemod	End	1	3	0	1	4	0	0
Rule	hppercentagemod	End	1	3	1	0	0	0	0
Rule	hppercentagemod	End	1	3	1	0	1	0	0
Rule	hppercentagemod	End	1	3	1	0	2	0	0
Rule	hppercentagemod	End	1	3	1	0	3	0	0
Rule	hppercentagemod	End	1	3	1	0	4	0	0
Rule	hppercentagemod	End	1	3	1	1	0	0	0
Rule	hppercentagemod	End	1	3	1	1	1	0	0
Rule	hppercentagemod	End	1	3	1	1	2	0	0
Rule	hppercentagemod	End	1	3	1	1	3	0	0
Rule	hppercentagemod	End	1	3	1	1	4	0	0
Rule	hppercentagemod	SwitchIn	0	0	0	0	0	0	0
Rule	hppercentagemod	SwitchIn	0	0	0	0	1	0	0
Rule	hppercentagemod	SwitchIn	0	0	0	0	2	0	0
Rule	hppercentagemod	SwitchIn	0	0	0	0	3	0	0
Rule	hppercentagemod	SwitchIn	0	0	0	0	4	0	0
Rule	hppercentagemod	SwitchIn	0	0	0	1	0	0	0
Rule	hppercentagemod	SwitchIn	0	0	0	1	1	0	0
Rule	hppercentagemod	SwitchIn	0	0	0	1	2	0	0
Rule	hppercentagemod	SwitchIn	0	0	0	1	3	0	0
Rule	hppercentagemod	SwitchIn	0	0	0	1	4	0	0
Rule	hppercentagemod	SwitchIn	0	0	1	0	0	0	0
Rule	hppercentagemod	SwitchIn	0	0	1	0	1	0	0
Rule	hppercentagemod	SwitchIn	0	0	1	0	2	0	0
Rule	hppercentagemod	SwitchIn	0	0	1	0	3	0	0
Rule	hppercentagemod	SwitchIn	0	0	1	0	4	0	0
Rule	hppercentagemod	SwitchIn	0	0	1	1	0	0	0
Rule	hppercentagemod	SwitchIn	0	0	1	1	1	0	0
Rule	hppercentagemod	SwitchIn	0	0	1	1	2	0	0
Rule	hppercentagemod	SwitchIn	0	0	1	1	3	0	0
Rule	hppercentagemod	SwitchIn	0	0	1	1	4	0	0
Rule	hppercentagemod	SwitchIn	0	1	0	0	0	0	0
Rule	hppercentagemod	SwitchIn	0	1	0	0	1	0	0
Rule	hppercentagemod	SwitchIn	0	1	0	0	2	0	0
Rule	hppercentagemod	SwitchIn	0	1	0	0	3	0	0
Rule	hppercentagemod	SwitchIn	0	1	0	0	4	0	0
Rule	hppercentagemod	SwitchIn	0	1	0	1	0	0	0
Rule	hppercentagemod	SwitchIn	0	1	0	1	1	0	0
Rule	hppercentagemod	SwitchIn	0	1	0	1	2	0	0
Rule	hppercentagemod	SwitchIn	0	1	0	1	3	0	0
Rule	hppercentagemod	SwitchIn	0	1	0	1	4	0	0
Rule	hppercentagemod	SwitchIn	0	1	1	0	0	0	0
Rule	hppercentagemod	SwitchIn	0	1	1	0	1	0	0
Rule	hppercentagemod	SwitchIn	0	1	1	0	2	0	0
Rule	hppercentagemod	SwitchIn	0	1	1	0	3	0	0
Rule	hppercentagemod	SwitchIn	0	1	1	0	4	0	0
Rule	hppercentagemod	SwitchIn	0	1	1	1	0	0	0
Rule	hppercentagemod	SwitchIn	0	1	1	1	1	0	0
Rule	hppercentagemod	SwitchIn	0	1	1	1	2	0	0
Rule	hppercentagemod	SwitchIn	0	1	1	1	3	0	0
Rule	hppercentagemod	SwitchIn	0	1	1	1	4	0	0
Rule	hppercentagemod	SwitchIn	0	2	0	0	0	0	0
Rule	hppercentagemod	SwitchIn	0	2	0	0	1	0	0
Rule	hppercentagemod	SwitchIn	0	2	0	0	2	0	0
Rule	hppercentagemod	SwitchIn	0	2	0	0	3	0	0
Rule	hppercentagemod	SwitchIn	0	2	0	0	4	0	0
Rule	hppercentagemod	SwitchIn	0	2	0	1	0	0	0
Rule	hppercentagemod	SwitchIn	0	2	0	1	1	0	0
Rule	hppercentagemod	SwitchIn	0	2	0	1	2	0	0
Rule	hppercentagemod	SwitchIn	0	2	0	1	3	0	0
Rule	hppercentagemod	SwitchIn	0	2	0	1	4	0	0
Rule	hppercentagemod	SwitchIn	0	2	1	0	0	0	0
Rule	hppercentagemod	SwitchIn	0	2	1	0	1	0	0
Rule	hppercentagemod	SwitchIn	0	2	1	0	2	0	0
Rule	hppercentagemod	SwitchIn	0	2	1	0	3	0	0
Rule	hppercentagemod	SwitchIn	0	2	1	0	4	0	0
Rule	hppercentagemod	SwitchIn	0	2	1	1	0	0	0
Rule	hppercentagemod	SwitchIn	0	2	1	1	1	0	0
Rule	hppercentagemod	SwitchIn	0	2	1	1	2	0	0
Rule	hppercentagemod	SwitchIn	0	2	1	1	3	0	0
Rule	hppercentagemod	SwitchIn	0	2	1	1	4	0	0
Rule	hppercentagemod	SwitchIn	0	3	0	0	0	0	0
Rule	hppercentagemod	SwitchIn	0	3	0	0	1	0	0
Rule	hppercentagemod	SwitchIn	0	3	0	0	2	0	0
Rule	hppercentagemod	SwitchIn	0	3	0	0	3	0	0
Rule	hppercentagemod	SwitchIn	0	3	0	0	4	0	0
Rule	hppercentagemod	SwitchIn	0	3	0	1	0	0	0
Rule	hppercentagemod	SwitchIn	0	3	0	1	1	0	0
Rule	hppercentagemod	SwitchIn	0	3	0	1	2	0	0
Rule	hppercentagemod	SwitchIn	0	3	0	1	3	0	0
Rule	hppercentagemod	SwitchIn	0	3	0	1	4	0	0
Rule	hppercentagemod	SwitchIn	0	3	1	0	0	0	0
Rule	hppercentagemod	SwitchIn	0	3	1	0	1	0	0
Rule	hppercentagemod	SwitchIn	0	3	1	0	2	0	0
Rule	hppercentagemod	SwitchIn	0	3	1	0	3	0	0
Rule	hppercentagemod	SwitchIn	0	3	1	0	4	0	0
Rule	hppercentagemod	SwitchIn	0	3	1	1	0	0	0
Rule	hppercentagemod	SwitchIn	0	3	1	1	1	0	0
Rule	hppercentagemod	SwitchIn	0	3	1	1	2	0	0
Rule	hppercentagemod	SwitchIn	0	3	1	1	3	0	0
Rule	hppercentagemod	SwitchIn	0	3	1	1	4	0	0
Rule	hppercentagemod	SwitchIn	1	0	0	0	0	0	0
Rule	hppercentagemod	SwitchIn	1	0	0	0	1	0	0
Rule	hppercentagemod	SwitchIn	1	0	0	0	2	0	0
Rule	hppercentagemod	SwitchIn	1	0	0	0	3	0	0
Rule	hppercentagemod	SwitchIn	1	0	0	0	4	0	0
Rule	hppercentagemod	SwitchIn	1	0	0	1	0	0	0
Rule	hppercentagemod	SwitchIn	1	0	0	1	1	0	0
Rule	hppercentagemod	SwitchIn	1	0	0	1	2	0	0
Rule	hppercentagemod	SwitchIn	1	0	0	1	3	0	0
Rule	hppercentagemod	SwitchIn	1	0	0	1	4	0	0
Rule	hppercentagemod	SwitchIn	1	0	1	0	0	0	0
Rule	hppercentagemod	SwitchIn	1	0	1	0	1	0	0
Rule	hppercentagemod	SwitchIn	1	0	1	0	2	0	0
Rule	hppercentagemod	SwitchIn	1	0	1	0	3	0	0
Rule	hppercentagemod	SwitchIn	1	0	1	0	4	0	0
Rule	hppercentagemod	SwitchIn	1	0	1	1	0	0	0
Rule	hppercentagemod	SwitchIn	1	0	1	1	1	0	0
Rule	hppercentagemod	SwitchIn	1	0	1	1	2	0	0
Rule	hppercentagemod	SwitchIn	1	0	1	1	3	0	0
Rule	hppercentagemod	SwitchIn	1	0	1	1	4	0	0
Rule	hppercentagemod	SwitchIn	1	1	0	0	0	0	0
Rule	hppercentagemod	SwitchIn	1	1	0	0	1	0	0
Rule	hppercentagemod	SwitchIn	1	1	0	0	2	0	0
Rule	hppercentagemod	SwitchIn	1	1	0	0	3	0	0
Rule	hppercentagemod	SwitchIn	1	1	0	0	4	0	0
Rule	hppercentagemod	SwitchIn	1	1	0	1	0	0	0
Rule	hppercentagemod	SwitchIn	1	1	0	1	1	0	0
Rule	hppercentagemod	SwitchIn	1	1	0	1	2	0	0
Rule	hppercentagemod	SwitchIn	1	1	0	1	3	0	0
Rule	hppercentagemod	SwitchIn	1	1	0	1	4	0	0
Rule	hppercentagemod	SwitchIn	1	1	1	0	0	0	0
Rule	hppercentagemod	SwitchIn	1	1	1	0	1	0	0
Rule	hppercentagemod	SwitchIn	1	1	1	0	2	0	0
Rule	hppercentagemod	SwitchIn	1	1	1	0	3	0	0
Rule	hppercentagemod	SwitchIn	1	1	1	0	4	0	0
Rule	hppercentagemod	SwitchIn	1	1	1	1	0	0	0
Rule	hppercentagemod	SwitchIn	1	1	1	1	1	0	0
Rule	hppercentagemod	SwitchIn	1	1	1	1	2	0	0
Rule	hppercentagemod	SwitchIn	1	1	1	1	3	0	0
Rule	hppercentagemod	SwitchIn	1	1	1	1	4	0	0
Rule	hppercentagemod	SwitchIn	1	2	0	0	0	0	0
Rule	hppercentagemod	SwitchIn	1	2	0	0	1	0	0
Rule	hppercentagemod	SwitchIn	1	2	0	0	2	0	0
Rule	hppercentagemod	SwitchIn	1	2	0	0	3	0	0
Rule	hppercentagemod	SwitchIn	1	2	0	0	4	0	0
Rule	hppercentagemod	SwitchIn	1	2	0	1	0	0	0
Rule	hppercentagemod	SwitchIn	1	2	0	1	1	0	0
Rule	hppercentagemod	SwitchIn	1	2	0	1	2	0	0
Rule	hppercentagemod	SwitchIn	1	2	0	1	3	0	0
Rule	hppercentagemod	SwitchIn	1	2	0	1	4	0	0
Rule	hppercentagemod	SwitchIn	1	2	1	0	0	0	0
Rule	hppercentagemod	SwitchIn	1	2	1	0	1	0	0
Rule	hppercentagemod	SwitchIn	1	2	1	0	2	0	0
Rule	hppercentagemod	SwitchIn	1	2	1	0	3	0	0
Rule	hppercentagemod	SwitchIn	1	2	1	0	4	0	0
Rule	hppercentagemod	SwitchIn	1	2	1	1	0	0	0
Rule	hppercentagemod	SwitchIn	1	2	1	1	1	0	0
Rule	hppercentagemod	SwitchIn	1	2	1	1	2	0	0
Rule	hppercentagemod	SwitchIn	1	2	1	1	3	0	0
Rule	hppercentagemod	SwitchIn	1	2	1	1	4	0	0
Rule	hppercentagemod	SwitchIn	1	3	0	0	0	0	0
Rule	hppercentagemod	SwitchIn	1	3	0	0	1	0	0
Rule	hppercentagemod	SwitchIn	1	3	0	0	2	0	0
Rule	hppercentagemod	SwitchIn	1	3	0	0	3	0	0
Rule	hppercentagemod	SwitchIn	1	3	0	0	4	0	0
Rule	hppercentagemod	SwitchIn	1	3	0	1	0	0	0
Rule	hppercentagemod	SwitchIn	1	3	0	1	1	0	0
Rule	hppercentagemod	SwitchIn	1	3	0	1	2	0	0
Rule	hppercentagemod	SwitchIn	1	3	0	1	3	0	0
Rule	hppercentagemod	SwitchIn	1	3	0	1	4	0	0
Rule	hppercentagemod	SwitchIn	1	3	1	0	0	0	0
Rule	hppercentagemod	SwitchIn	1	3	1	0	1	0	0
Rule	hppercentagemod	SwitchIn	1	3	1	0	2	0	0
Rule	hppercentagemod	SwitchIn	1	3	1	0	3	0	0
Rule	hppercentagemod	SwitchIn	1	3	1	0	4	0	0
Rule	hppercentagemod	SwitchIn	1	3	1	1	0	0	0
Rule	hppercentagemod	SwitchIn	1	3	1	1	1	0	0
Rule	hppercentagemod	SwitchIn	1	3	1	1	2	0	0
Rule	hppercentagemod	SwitchIn	1	3	1	1	3	0	0
Rule	hppercentagemod	SwitchIn	1	3	1	1	4	0	0
Rule	hppercentagemod	TakeItem	0	0	0	0	0	0	0
Rule	hppercentagemod	TakeItem	0	0	0	0	1	0	0
Rule	hppercentagemod	TakeItem	0	0	0	0	2	0	0
Rule	hppercentagemod	TakeItem	0	0	0	0	3	0	0
Rule	hppercentagemod	TakeItem	0	0	0	0	4	0	0
Rule	hppercentagemod	TakeItem	0	0	0	1	0	0	0
Rule	hppercentagemod	TakeItem	0	0	0	1	1	0	0
Rule	hppercentagemod	TakeItem	0	0	0	1	2	0	0
Rule	hppercentagemod	TakeItem	0	0	0	1	3	0	0
Rule	hppercentagemod	TakeItem	0	0	0	1	4	0	0
Rule	hppercentagemod	TakeItem	0	0	1	0	0	0	0
Rule	hppercentagemod	TakeItem	0	0	1	0	1	0	0
Rule	hppercentagemod	TakeItem	0	0	1	0	2	0	0
Rule	hppercentagemod	TakeItem	0	0	1	0	3	0	0
Rule	hppercentagemod	TakeItem	0	0	1	0	4	0	0
Rule	hppercentagemod	TakeItem	0	0	1	1	0	0	0
Rule	hppercentagemod	TakeItem	0	0	1	1	1	0	0
Rule	hppercentagemod	TakeItem	0	0	1	1	2	0	0
Rule	hppercentagemod	TakeItem	0	0	1	1	3	0	0
Rule	hppercentagemod	TakeItem	0	0	1	1	4	0	0
Rule	hppercentagemod	TakeItem	0	1	0	0	0	0	0
Rule	hppercentagemod	TakeItem	0	1	0	0	1	0	0
Rule	hppercentagemod	TakeItem	0	1	0	0	2	0	0
Rule	hppercentagemod	TakeItem	0	1	0	0	3	0	0
Rule	hppercentagemod	TakeItem	0	1	0	0	4	0	0
Rule	hppercentagemod	TakeItem	0	1	0	1	0	0	0
Rule	hppercentagemod	TakeItem	0	1	0	1	1	0	0
Rule	hppercentagemod	TakeItem	0	1	0	1	2	0	0
Rule	hppercentagemod	TakeItem	0	1	0	1	3	0	0
Rule	hppercentagemod	TakeItem	0	1	0	1	4	0	0
Rule	hppercentagemod	TakeItem	0	1	1	0	0	0	0
Rule	hppercentagemod	TakeItem	0	1	1	0	1	0	0
Rule	hppercentagemod	TakeItem	0	1	1	0	2	0	0
Rule	hppercentagemod	TakeItem	0	1	1	0	3	0	0
Rule	hppercentagemod	TakeItem	0	1	1	0	4	0	0
Rule	hppercentagemod	TakeItem	0	1	1	1	0	0	0
Rule	hppercentagemod	TakeItem	0	1	1	1	1	0	0
Rule	hppercentagemod	TakeItem	0	1	1	1	2	0	0
Rule	hppercentagemod	TakeItem	0	1	1	1	3	0	0
Rule	hppercentagemod	TakeItem	0	1	1	1	4	0	0
Rule	hppercentagemod	TakeItem	0	2	0	0	0	0	0
Rule	hppercentagemod	TakeItem	0	2	0	0	1	0	0
Rule	hppercentagemod	TakeItem	0	2	0	0	2	0	0
Rule	hppercentagemod	TakeItem	0	2	0	0	3	0	0
Rule	hppercentagemod	TakeItem	0	2	0	0	4	0	0
Rule	hppercentagemod	TakeItem	0	2	0	1	0	0	0
Rule	hppercentagemod	TakeItem	0	2	0	1	1	0	0
Rule	hppercentagemod	TakeItem	0	2	0	1	2	0	0
Rule	hppercentagemod	TakeItem	0	2	0	1	3	0	0
Rule	hppercentagemod	TakeItem	0	2	0	1	4	0	0
Rule	hppercentagemod	TakeItem	0	2	1	0	0	0	0
Rule	hppercentagemod	TakeItem	0	2	1	0	1	0	0
Rule	hppercentagemod	TakeItem	0	2	1	0	2	0	0
Rule	hppercentagemod	TakeItem	0	2	1	0	3	0	0
Rule	hppercentagemod	TakeItem	0	2	1	0	4	0	0
Rule	hppercentagemod	TakeItem	0	2	1	1	0	0	0
Rule	hppercentagemod	TakeItem	0	2	1	1	1	0	0
Rule	hppercentagemod	TakeItem	0	2	1	1	2	0	0
Rule	hppercentagemod	TakeItem	0	2	1	1	3	0	0
Rule	hppercentagemod	TakeItem	0	2	1	1	4	0	0
Rule	hppercentagemod	TakeItem	0	3	0	0	0	0	0
Rule	hppercentagemod	TakeItem	0	3	0	0	1	0	0
Rule	hppercentagemod	TakeItem	0	3	0	0	2	0	0
Rule	hppercentagemod	TakeItem	0	3	0	0	3	0	0
Rule	hppercentagemod	TakeItem	0	3	0	0	4	0	0
Rule	hppercentagemod	TakeItem	0	3	0	1	0	0	0
Rule	hppercentagemod	TakeItem	0	3	0	1	1	0	0
Rule	hppercentagemod	TakeItem	0	3	0	1	2	0	0
Rule	hppercentagemod	TakeItem	0	3	0	1	3	0	0
Rule	hppercentagemod	TakeItem	0	3	0	1	4	0	0
Rule	hppercentagemod	TakeItem	0	3	1	0	0	0	0
Rule	hppercentagemod	TakeItem	0	3	1	0	1	0	0
Rule	hppercentagemod	TakeItem	0	3	1	0	2	0	0
Rule	hppercentagemod	TakeItem	0	3	1	0	3	0	0
Rule	hppercentagemod	TakeItem	0	3	1	0	4	0	0
Rule	hppercentagemod	TakeItem	0	3	1	1	0	0	0
Rule	hppercentagemod	TakeItem	0	3	1	1	1	0	0
Rule	hppercentagemod	TakeItem	0	3	1	1	2	0	0
Rule	hppercentagemod	TakeItem	0	3	1	1	3	0	0
Rule	hppercentagemod	TakeItem	0	3	1	1	4	0	0
Rule	hppercentagemod	TakeItem	1	0	0	0	0	0	0
Rule	hppercentagemod	TakeItem	1	0	0	0	1	0	0
Rule	hppercentagemod	TakeItem	1	0	0	0	2	0	0
Rule	hppercentagemod	TakeItem	1	0	0	0	3	0	0
Rule	hppercentagemod	TakeItem	1	0	0	0	4	0	0
Rule	hppercentagemod	TakeItem	1	0	0	1	0	0	0
Rule	hppercentagemod	TakeItem	1	0	0	1	1	0	0
Rule	hppercentagemod	TakeItem	1	0	0	1	2	0	0
Rule	hppercentagemod	TakeItem	1	0	0	1	3	0	0
Rule	hppercentagemod	TakeItem	1	0	0	1	4	0	0
Rule	hppercentagemod	TakeItem	1	0	1	0	0	0	0
Rule	hppercentagemod	TakeItem	1	0	1	0	1	0	0
Rule	hppercentagemod	TakeItem	1	0	1	0	2	0	0
Rule	hppercentagemod	TakeItem	1	0	1	0	3	0	0
Rule	hppercentagemod	TakeItem	1	0	1	0	4	0	0
Rule	hppercentagemod	TakeItem	1	0	1	1	0	0	0
Rule	hppercentagemod	TakeItem	1	0	1	1	1	0	0
Rule	hppercentagemod	TakeItem	1	0	1	1	2	0	0
Rule	hppercentagemod	TakeItem	1	0	1	1	3	0	0
Rule	hppercentagemod	TakeItem	1	0	1	1	4	0	0
Rule	hppercentagemod	TakeItem	1	1	0	0	0	0	0
Rule	hppercentagemod	TakeItem	1	1	0	0	1	0	0
Rule	hppercentagemod	TakeItem	1	1	0	0	2	0	0
Rule	hppercentagemod	TakeItem	1	1	0	0	3	0	0
Rule	hppercentagemod	TakeItem	1	1	0	0	4	0	0
Rule	hppercentagemod	TakeItem	1	1	0	1	0	0	0
Rule	hppercentagemod	TakeItem	1	1	0	1	1	0	0
Rule	hppercentagemod	TakeItem	1	1	0	1	2	0	0
Rule	hppercentagemod	TakeItem	1	1	0	1	3	0	0
Rule	hppercentagemod	TakeItem	1	1	0	1	4	0	0
Rule	hppercentagemod	TakeItem	1	1	1	0	0	0	0
Rule	hppercentagemod	TakeItem	1	1	1	0	1	0	0
Rule	hppercentagemod	TakeItem	1	1	1	0	2	0	0
Rule	hppercentagemod	TakeItem	1	1	1	0	3	0	0
Rule	hppercentagemod	TakeItem	1	1	1	0	4	0	0
Rule	hppercentagemod	TakeItem	1	1	1	1	0	0	0
Rule	hppercentagemod	TakeItem	1	1	1	1	1	0	0
Rule	hppercentagemod	TakeItem	1	1	1	1	2	0	0
Rule	hppercentagemod	TakeItem	1	1	1	1	3	0	0
Rule	hppercentagemod	TakeItem	1	1	1	1	4	0	0
Rule	hppercentagemod	TakeItem	1	2	0	0	0	0	0
Rule	hppercentagemod	TakeItem	1	2	0	0	1	0	0
Rule	hppercentagemod	TakeItem	1	2	0	0	2	0	0
Rule	hppercentagemod	TakeItem	1	2	0	0	3	0	0
Rule	hppercentagemod	TakeItem	1	2	0	0	4	0	0
Rule	hppercentagemod	TakeItem	1	2	0	1	0	0	0
Rule	hppercentagemod	TakeItem	1	2	0	1	1	0	0
Rule	hppercentagemod	TakeItem	1	2	0	1	2	0	0
Rule	hppercentagemod	TakeItem	1	2	0	1	3	0	0
Rule	hppercentagemod	TakeItem	1	2	0	1	4	0	0
Rule	hppercentagemod	TakeItem	1	2	1	0	0	0	0
Rule	hppercentagemod	TakeItem	1	2	1	0	1	0	0
Rule	hppercentagemod	TakeItem	1	2	1	0	2	0	0
Rule	hppercentagemod	TakeItem	1	2	1	0	3	0	0
Rule	hppercentagemod	TakeItem	1	2	1	0	4	0	0
Rule	hppercentagemod	TakeItem	1	2	1	1	0	0	0
Rule	hppercentagemod	TakeItem	1	2	1	1	1	0	0
Rule	hppercentagemod	TakeItem	1	2	1	1	2	0	0
Rule	hppercentagemod	TakeItem	1	2	1	1	3	0	0
Rule	hppercentagemod	TakeItem	1	2	1	1	4	0	0
Rule	hppercentagemod	TakeItem	1	3	0	0	0	0	0
Rule	hppercentagemod	TakeItem	1	3	0	0	1	0	0
Rule	hppercentagemod	TakeItem	1	3	0	0	2	0	0
Rule	hppercentagemod	TakeItem	1	3	0	0	3	0	0
Rule	hppercentagemod	TakeItem	1	3	0	0	4	0	0
Rule	hppercentagemod	TakeItem	1	3	0	1	0	0	0
Rule	hppercentagemod	TakeItem	1	3	0	1	1	0	0
Rule	hppercentagemod	TakeItem	1	3	0	1	2	0	0
Rule	hppercentagemod	TakeItem	1	3	0	1	3	0	0
Rule	hppercentagemod	TakeItem	1	3	0	1	4	0	0
Rule	hppercentagemod	TakeItem	1	3	1	0	0	0	0
Rule	hppercentagemod	TakeItem	1	3	1	0	1	0	0
Rule	hppercentagemod	TakeItem	1	3	1	0	2	0	0
Rule	hppercentagemod	TakeItem	1	3	1	0	3	0	0
Rule	hppercentagemod	TakeItem	1	3	1	0	4	0	0
Rule	hppercentagemod	TakeItem	1	3	1	1	0	0	0
Rule	hppercentagemod	TakeItem	1	3	1	1	1	0	0
Rule	hppercentagemod	TakeItem	1	3	1	1	2	0	0
Rule	hppercentagemod	TakeItem	1	3	1	1	3	0	0
Rule	hppercentagemod	TakeItem	1	3	1	1	4	0	0
Rule	hppercentagemod	SetAbility	0	0	0	0	0	0	0
Rule	hppercentagemod	SetAbility	0	0	0	0	1	0	0
Rule	hppercentagemod	SetAbility	0	0	0	0	2	0	0
Rule	hppercentagemod	SetAbility	0	0	0	0	3	0	0
Rule	hppercentagemod	SetAbility	0	0	0	0	4	0	0
Rule	hppercentagemod	SetAbility	0	0	0	1	0	0	0
Rule	hppercentagemod	SetAbility	0	0	0	1	1	0	0
Rule	hppercentagemod	SetAbility	0	0	0	1	2	0	0
Rule	hppercentagemod	SetAbility	0	0	0	1	3	0	0
Rule	hppercentagemod	SetAbility	0	0	0	1	4	0	0
Rule	hppercentagemod	SetAbility	0	0	1	0	0	0	0
Rule	hppercentagemod	SetAbility	0	0	1	0	1	0	0
Rule	hppercentagemod	SetAbility	0	0	1	0	2	0	0
Rule	hppercentagemod	SetAbility	0	0	1	0	3	0	0
Rule	hppercentagemod	SetAbility	0	0	1	0	4	0	0
Rule	hppercentagemod	SetAbility	0	0	1	1	0	0	0
Rule	hppercentagemod	SetAbility	0	0	1	1	1	0	0
Rule	hppercentagemod	SetAbility	0	0	1	1	2	0	0
Rule	hppercentagemod	SetAbility	0	0	1	1	3	0	0
Rule	hppercentagemod	SetAbility	0	0	1	1	4	0	0
Rule	hppercentagemod	SetAbility	0	1	0	0	0	0	0
Rule	hppercentagemod	SetAbility	0	1	0	0	1	0	0
Rule	hppercentagemod	SetAbility	0	1	0	0	2	0	0
Rule	hppercentagemod	SetAbility	0	1	0	0	3	0	0
Rule	hppercentagemod	SetAbility	0	1	0	0	4	0	0
Rule	hppercentagemod	SetAbility	0	1	0	1	0	0	0
Rule	hppercentagemod	SetAbility	0	1	0	1	1	0	0
Rule	hppercentagemod	SetAbility	0	1	0	1	2	0	0
Rule	hppercentagemod	SetAbility	0	1	0	1	3	0	0
Rule	hppercentagemod	SetAbility	0	1	0	1	4	0	0
Rule	hppercentagemod	SetAbility	0	1	1	0	0	0	0
Rule	hppercentagemod	SetAbility	0	1	1	0	1	0	0
Rule	hppercentagemod	SetAbility	0	1	1	0	2	0	0
Rule	hppercentagemod	SetAbility	0	1	1	0	3	0	0
Rule	hppercentagemod	SetAbility	0	1	1	0	4	0	0
Rule	hppercentagemod	SetAbility	0	1	1	1	0	0	0
Rule	hppercentagemod	SetAbility	0	1	1	1	1	0	0
Rule	hppercentagemod	SetAbility	0	1	1	1	2	0	0
Rule	hppercentagemod	SetAbility	0	1	1	1	3	0	0
Rule	hppercentagemod	SetAbility	0	1	1	1	4	0	0
Rule	hppercentagemod	SetAbility	0	2	0	0	0	0	0
Rule	hppercentagemod	SetAbility	0	2	0	0	1	0	0
Rule	hppercentagemod	SetAbility	0	2	0	0	2	0	0
Rule	hppercentagemod	SetAbility	0	2	0	0	3	0	0
Rule	hppercentagemod	SetAbility	0	2	0	0	4	0	0
Rule	hppercentagemod	SetAbility	0	2	0	1	0	0	0
Rule	hppercentagemod	SetAbility	0	2	0	1	1	0	0
Rule	hppercentagemod	SetAbility	0	2	0	1	2	0	0
Rule	hppercentagemod	SetAbility	0	2	0	1	3	0	0
Rule	hppercentagemod	SetAbility	0	2	0	1	4	0	0
Rule	hppercentagemod	SetAbility	0	2	1	0	0	0	0
Rule	hppercentagemod	SetAbility	0	2	1	0	1	0	0
Rule	hppercentagemod	SetAbility	0	2	1	0	2	0	0
Rule	hppercentagemod	SetAbility	0	2	1	0	3	0	0
Rule	hppercentagemod	SetAbility	0	2	1	0	4	0	0
Rule	hppercentagemod	SetAbility	0	2	1	1	0	0	0
Rule	hppercentagemod	SetAbility	0	2	1	1	1	0	0
Rule	hppercentagemod	SetAbility	0	2	1	1	2	0	0
Rule	hppercentagemod	SetAbility	0	2	1	1	3	0	0
Rule	hppercentagemod	SetAbility	0	2	1	1	4	0	0
Rule	hppercentagemod	SetAbility	0	3	0	0	0	0	0
Rule	hppercentagemod	SetAbility	0	3	0	0	1	0	0
Rule	hppercentagemod	SetAbility	0	3	0	0	2	0	0
Rule	hppercentagemod	SetAbility	0	3	0	0	3	0	0
Rule	hppercentagemod	SetAbility	0	3	0	0	4	0	0
Rule	hppercentagemod	SetAbility	0	3	0	1	0	0	0
Rule	hppercentagemod	SetAbility	0	3	0	1	1	0	0
Rule	hppercentagemod	SetAbility	0	3	0	1	2	0	0
Rule	hppercentagemod	SetAbility	0	3	0	1	3	0	0
Rule	hppercentagemod	SetAbility	0	3	0	1	4	0	0
Rule	hppercentagemod	SetAbility	0	3	1	0	0	0	0
Rule	hppercentagemod	SetAbility	0	3	1	0	1	0	0
Rule	hppercentagemod	SetAbility	0	3	1	0	2	0	0
Rule	hppercentagemod	SetAbility	0	3	1	0	3	0	0
Rule	hppercentagemod	SetAbility	0	3	1	0	4	0	0
Rule	hppercentagemod	SetAbility	0	3	1	1	0	0	0
Rule	hppercentagemod	SetAbility	0	3	1	1	1	0	0
Rule	hppercentagemod	SetAbility	0	3	1	1	2	0	0
Rule	hppercentagemod	SetAbility	0	3	1	1	3	0	0
Rule	hppercentagemod	SetAbility	0	3	1	1	4	0	0
Rule	hppercentagemod	SetAbility	1	0	0	0	0	0	0
Rule	hppercentagemod	SetAbility	1	0	0	0	1	0	0
Rule	hppercentagemod	SetAbility	1	0	0	0	2	0	0
Rule	hppercentagemod	SetAbility	1	0	0	0	3	0	0
Rule	hppercentagemod	SetAbility	1	0	0	0	4	0	0
Rule	hppercentagemod	SetAbility	1	0	0	1	0	0	0
Rule	hppercentagemod	SetAbility	1	0	0	1	1	0	0
Rule	hppercentagemod	SetAbility	1	0	0	1	2	0	0
Rule	hppercentagemod	SetAbility	1	0	0	1	3	0	0
Rule	hppercentagemod	SetAbility	1	0	0	1	4	0	0
Rule	hppercentagemod	SetAbility	1	0	1	0	0	0	0
Rule	hppercentagemod	SetAbility	1	0	1	0	1	0	0
Rule	hppercentagemod	SetAbility	1	0	1	0	2	0	0
Rule	hppercentagemod	SetAbility	1	0	1	0	3	0	0
Rule	hppercentagemod	SetAbility	1	0	1	0	4	0	0
Rule	hppercentagemod	SetAbility	1	0	1	1	0	0	0
Rule	hppercentagemod	SetAbility	1	0	1	1	1	0	0
Rule	hppercentagemod	SetAbility	1	0	1	1	2	0	0
Rule	hppercentagemod	SetAbility	1	0	1	1	3	0	0
Rule	hppercentagemod	SetAbility	1	0	1	1	4	0	0
Rule	hppercentagemod	SetAbility	1	1	0	0	0	0	0
Rule	hppercentagemod	SetAbility	1	1	0	0	1	0	0
Rule	hppercentagemod	SetAbility	1	1	0	0	2	0	0
Rule	hppercentagemod	SetAbility	1	1	0	0	3	0	0
Rule	hppercentagemod	SetAbility	1	1	0	0	4	0	0
Rule	hppercentagemod	SetAbility	1	1	0	1	0	0	0
Rule	hppercentagemod	SetAbility	1	1	0	1	1	0	0
Rule	hppercentagemod	SetAbility	1	1	0	1	2	0	0
Rule	hppercentagemod	SetAbility	1	1	0	1	3	0	0
Rule	hppercentagemod	SetAbility	1	1	0	1	4	0	0
Rule	hppercentagemod	SetAbility	1	1	1	0	0	0	0
Rule	hppercentagemod	SetAbility	1	1	1	0	1	0	0
Rule	hppercentagemod	SetAbility	1	1	1	0	2	0	0
Rule	hppercentagemod	SetAbility	1	1	1	0	3	0	0
Rule	hppercentagemod	SetAbility	1	1	1	0	4	0	0
Rule	hppercentagemod	SetAbility	1	1	1	1	0	0	0
Rule	hppercentagemod	SetAbility	1	1	1	1	1	0	0
Rule	hppercentagemod	SetAbility	1	1	1	1	2	0	0
Rule	hppercentagemod	SetAbility	1	1	1	1	3	0	0
Rule	hppercentagemod	SetAbility	1	1	1	1	4	0	0
Rule	hppercentagemod	SetAbility	1	2	0	0	0	0	0
Rule	hppercentagemod	SetAbility	1	2	0	0	1	0	0
Rule	hppercentagemod	SetAbility	1	2	0	0	2	0	0
Rule	hppercentagemod	SetAbility	1	2	0	0	3	0	0
Rule	hppercentagemod	SetAbility	1	2	0	0	4	0	0
Rule	hppercentagemod	SetAbility	1	2	0	1	0	0	0
Rule	hppercentagemod	SetAbility	1	2	0	1	1	0	0
Rule	hppercentagemod	SetAbility	1	2	0	1	2	0	0
Rule	hppercentagemod	SetAbility	1	2	0	1	3	0	0
Rule	hppercentagemod	SetAbility	1	2	0	1	4	0	0
Rule	hppercentagemod	SetAbility	1	2	1	0	0	0	0
Rule	hppercentagemod	SetAbility	1	2	1	0	1	0	0
Rule	hppercentagemod	SetAbility	1	2	1	0	2	0	0
Rule	hppercentagemod	SetAbility	1	2	1	0	3	0	0
Rule	hppercentagemod	SetAbility	1	2	1	0	4	0	0
Rule	hppercentagemod	SetAbility	1	2	1	1	0	0	0
Rule	hppercentagemod	SetAbility	1	2	1	1	1	0	0
Rule	hppercentagemod	SetAbility	1	2	1	1	2	0	0
Rule	hppercentagemod	SetAbility	1	2	1	1	3	0	0
Rule	hppercentagemod	SetAbility	1	2	1	1	4	0	0
Rule	hppercentagemod	SetAbility	1	3	0	0	0	0	0
Rule	hppercentagemod	SetAbility	1	3	0	0	1	0	0
Rule	hppercentagemod	SetAbility	1	3	0	0	2	0	0
Rule	hppercentagemod	SetAbility	1	3	0	0	3	0	0
Rule	hppercentagemod	SetAbility	1	3	0	0	4	0	0
Rule	hppercentagemod	SetAbility	1	3	0	1	0	0	0
Rule	hppercentagemod	SetAbility	1	3	0	1	1	0	0
Rule	hppercentagemod	SetAbility	1	3	0	1	2	0	0
Rule	hppercentagemod	SetAbility	1	3	0	1	3	0	0
Rule	hppercentagemod	SetAbility	1	3	0	1	4	0	0
Rule	hppercentagemod	SetAbility	1	3	1	0	0	0	0
Rule	hppercentagemod	SetAbility	1	3	1	0	1	0	0
Rule	hppercentagemod	SetAbility	1	3	1	0	2	0	0
Rule	hppercentagemod	SetAbility	1	3	1	0	3	0	0
Rule	hppercentagemod	SetAbility	1	3	1	0	4	0	0
Rule	hppercentagemod	SetAbility	1	3	1	1	0	0	0
Rule	hppercentagemod	SetAbility	1	3	1	1	1	0	0
Rule	hppercentagemod	SetAbility	1	3	1	1	2	0	0
Rule	hppercentagemod	SetAbility	1	3	1	1	3	0	0
Rule	hppercentagemod	SetAbility	1	3	1	1	4	0	0
Rule	hppercentagemod	Update	0	0	0	0	0	0	0
Rule	hppercentagemod	Update	0	0	0	0	1	0	0
Rule	hppercentagemod	Update	0	0	0	0	2	0	0
Rule	hppercentagemod	Update	0	0	0	0	3	0	0
Rule	hppercentagemod	Update	0	0	0	0	4	0	0
Rule	hppercentagemod	Update	0	0	0	1	0	0	0
Rule	hppercentagemod	Update	0	0	0	1	1	0	0
Rule	hppercentagemod	Update	0	0	0	1	2	0	0
Rule	hppercentagemod	Update	0	0	0	1	3	0	0
Rule	hppercentagemod	Update	0	0	0	1	4	0	0
Rule	hppercentagemod	Update	0	0	1	0	0	0	0
Rule	hppercentagemod	Update	0	0	1	0	1	0	0
Rule	hppercentagemod	Update	0	0	1	0	2	0	0
Rule	hppercentagemod	Update	0	0	1	0	3	0	0
Rule	hppercentagemod	Update	0	0	1	0	4	0	0
Rule	hppercentagemod	Update	0	0	1	1	0	0	0
Rule	hppercentagemod	Update	0	0	1	1	1	0	0
Rule	hppercentagemod	Update	0	0	1	1	2	0	0
Rule	hppercentagemod	Update	0	0	1	1	3	0	0
Rule	hppercentagemod	Update	0	0	1	1	4	0	0
Rule	hppercentagemod	Update	0	1	0	0	0	0	0
Rule	hppercentagemod	Update	0	1	0	0	1	0	0
Rule	hppercentagemod	Update	0	1	0	0	2	0	0
Rule	hppercentagemod	Update	0	1	0	0	3	0	0
Rule	hppercentagemod	Update	0	1	0	0	4	0	0
Rule	hppercentagemod	Update	0	1	0	1	0	0	0
Rule	hppercentagemod	Update	0	1	0	1	1	0	0
Rule	hppercentagemod	Update	0	1	0	1	2	0	0
Rule	hppercentagemod	Update	0	1	0	1	3	0	0
Rule	hppercentagemod	Update	0	1	0	1	4	0	0
Rule	hppercentagemod	Update	0	1	1	0	0	0	0
Rule	hppercentagemod	Update	0	1	1	0	1	0	0
Rule	hppercentagemod	Update	0	1	1	0	2	0	0
Rule	hppercentagemod	Update	0	1	1	0	3	0	0
Rule	hppercentagemod	Update	0	1	1	0	4	0	0
Rule	hppercentagemod	Update	0	1	1	1	0	0	0
Rule	hppercentagemod	Update	0	1	1	1	1	0	0
Rule	hppercentagemod	Update	0	1	1	1	2	0	0
Rule	hppercentagemod	Update	0	1	1	1	3	0	0
Rule	hppercentagemod	Update	0	1	1	1	4	0	0
Rule	hppercentagemod	Update	0	2	0	0	0	0	0
Rule	hppercentagemod	Update	0	2	0	0	1	0	0
Rule	hppercentagemod	Update	0	2	0	0	2	0	0
Rule	hppercentagemod	Update	0	2	0	0	3	0	0
Rule	hppercentagemod	Update	0	2	0	0	4	0	0
Rule	hppercentagemod	Update	0	2	0	1	0	0	0
Rule	hppercentagemod	Update	0	2	0	1	1	0	0
Rule	hppercentagemod	Update	0	2	0	1	2	0	0
Rule	hppercentagemod	Update	0	2	0	1	3	0	0
Rule	hppercentagemod	Update	0	2	0	1	4	0	0
Rule	hppercentagemod	Update	0	2	1	0	0	0	0
Rule	hppercentagemod	Update	0	2	1	0	1	0	0
Rule	hppercentagemod	Update	0	2	1	0	2	0	0
Rule	hppercentagemod	Update	0	2	1	0	3	0	0
Rule	hppercentagemod	Update	0	2	1	0	4	0	0
Rule	hppercentagemod	Update	0	2	1	1	0	0	0
Rule	hppercentagemod	Update	0	2	1	1	1	0	0
Rule	hppercentagemod	Update	0	2	1	1	2	0	0
Rule	hppercentagemod	Update	0	2	1	1	3	0	0
Rule	hppercentagemod	Update	0	2	1	1	4	0	0
Rule	hppercentagemod	Update	0	3	0	0	0	0	0
Rule	hppercentagemod	Update	0	3	0	0	1	0	0
Rule	hppercentagemod	Update	0	3	0	0	2	0	0
Rule	hppercentagemod	Update	0	3	0	0	3	0	0
Rule	hppercentagemod	Update	0	3	0	0	4	0	0
Rule	hppercentagemod	Update	0	3	0	1	0	0	0
Rule	hppercentagemod	Update	0	3	0	1	1	0	0
Rule	hppercentagemod	Update	0	3	0	1	2	0	0
Rule	hppercentagemod	Update	0	3	0	1	3	0	0
Rule	hppercentagemod	Update	0	3	0	1	4	0	0
Rule	hppercentagemod	Update	0	3	1	0	0	0	0
Rule	hppercentagemod	Update	0	3	1	0	1	0	0
Rule	hppercentagemod	Update	0	3	1	0	2	0	0
Rule	hppercentagemod	Update	0	3	1	0	3	0	0
Rule	hppercentagemod	Update	0	3	1	0	4	0	0
Rule	hppercentagemod	Update	0	3	1	1	0	0	0
Rule	hppercentagemod	Update	0	3	1	1	1	0	0
Rule	hppercentagemod	Update	0	3	1	1	2	0	0
Rule	hppercentagemod	Update	0	3	1	1	3	0	0
Rule	hppercentagemod	Update	0	3	1	1	4	0	0
Rule	hppercentagemod	Update	1	0	0	0	0	0	0
Rule	hppercentagemod	Update	1	0	0	0	1	0	0
Rule	hppercentagemod	Update	1	0	0	0	2	0	0
Rule	hppercentagemod	Update	1	0	0	0	3	0	0
Rule	hppercentagemod	Update	1	0	0	0	4	0	0
Rule	hppercentagemod	Update	1	0	0	1	0	0	0
Rule	hppercentagemod	Update	1	0	0	1	1	0	0
Rule	hppercentagemod	Update	1	0	0	1	2	0	0
Rule	hppercentagemod	Update	1	0	0	1	3	0	0
Rule	hppercentagemod	Update	1	0	0	1	4	0	0
Rule	hppercentagemod	Update	1	0	1	0	0	0	0
Rule	hppercentagemod	Update	1	0	1	0	1	0	0
Rule	hppercentagemod	Update	1	0	1	0	2	0	0
Rule	hppercentagemod	Update	1	0	1	0	3	0	0
Rule	hppercentagemod	Update	1	0	1	0	4	0	0
Rule	hppercentagemod	Update	1	0	1	1	0	0	0
Rule	hppercentagemod	Update	1	0	1	1	1	0	0
Rule	hppercentagemod	Update	1	0	1	1	2	0	0
Rule	hppercentagemod	Update	1	0	1	1	3	0	0
Rule	hppercentagemod	Update	1	0	1	1	4	0	0
Rule	hppercentagemod	Update	1	1	0	0	0	0	0
Rule	hppercentagemod	Update	1	1	0	0	1	0	0
Rule	hppercentagemod	Update	1	1	0	0	2	0	0
Rule	hppercentagemod	Update	1	1	0	0	3	0	0
Rule	hppercentagemod	Update	1	1	0	0	4	0	0
Rule	hppercentagemod	Update	1	1	0	1	0	0	0
Rule	hppercentagemod	Update	1	1	0	1	1	0	0
Rule	hppercentagemod	Update	1	1	0	1	2	0	0
Rule	hppercentagemod	Update	1	1	0	1	3	0	0
Rule	hppercentagemod	Update	1	1	0	1	4	0	0
Rule	hppercentagemod	Update	1	1	1	0	0	0	0
Rule	hppercentagemod	Update	1	1	1	0	1	0	0
Rule	hppercentagemod	Update	1	1	1	0	2	0	0
Rule	hppercentagemod	Update	1	1	1	0	3	0	0
Rule	hppercentagemod	Update	1	1	1	0	4	0	0
Rule	hppercentagemod	Update	1	1	1	1	0	0	0
Rule	hppercentagemod	Update	1	1	1	1	1	0	0
Rule	hppercentagemod	Update	1	1	1	1	2	0	0
Rule	hppercentagemod	Update	1	1	1	1	3	0	0
Rule	hppercentagemod	Update	1	1	1	1	4	0	0
Rule	hppercentagemod	Update	1	2	0	0	0	0	0
Rule	hppercentagemod	Update	1	2	0	0	1	0	0
Rule	hppercentagemod	Update	1	2	0	0	2	0	0
Rule	hppercentagemod	Update	1	2	0	0	3	0	0
Rule	hppercentagemod	Update	1	2	0	0	4	0	0
Rule	hppercentagemod	Update	1	2	0	1	0	0	0
Rule	hppercentagemod	Update	1	2	0	1	1	0	0
Rule	hppercentagemod	Update	1	2	0	1	2	0	0
Rule	hppercentagemod	Update	1	2	0	1	3	0	0
Rule	hppercentagemod	Update	1	2	0	1	4	0	0
Rule	hppercentagemod	Update	1	2	1	0	0	0	0
Rule	hppercentagemod	Update	1	2	1	0	1	0	0
Rule	hppercentagemod	Update	1	2	1	0	2	0	0
Rule	hppercentagemod	Update	1	2	1	0	3	0	0
Rule	hppercentagemod	Update	1	2	1	0	4	0	0
Rule	hppercentagemod	Update	1	2	1	1	0	0	0
Rule	hppercentagemod	Update	1	2	1	1	1	0	0
Rule	hppercentagemod	Update	1	2	1	1	2	0	0
Rule	hppercentagemod	Update	1	2	1	1	3	0	0
Rule	hppercentagemod	Update	1	2	1	1	4	0	0
Rule	hppercentagemod	Update	1	3	0	0	0	0	0
Rule	hppercentagemod	Update	1	3	0	0	1	0	0
Rule	hppercentagemod	Update	1	3	0	0	2	0	0
Rule	hppercentagemod	Update	1	3	0	0	3	0	0
Rule	hppercentagemod	Update	1	3	0	0	4	0	0
Rule	hppercentagemod	Update	1	3	0	1	0	0	0
Rule	hppercentagemod	Update	1	3	0	1	1	0	0
Rule	hppercentagemod	Update	1	3	0	1	2	0	0
Rule	hppercentagemod	Update	1	3	0	1	3	0	0
Rule	hppercentagemod	Update	1	3	0	1	4	0	0
Rule	hppercentagemod	Update	1	3	1	0	0	0	0
Rule	hppercentagemod	Update	1	3	1	0	1	0	0
Rule	hppercentagemod	Update	1	3	1	0	2	0	0
Rule	hppercentagemod	Update	1	3	1	0	3	0	0
Rule	hppercentagemod	Update	1	3	1	0	4	0	0
Rule	hppercentagemod	Update	1	3	1	1	0	0	0
Rule	hppercentagemod	Update	1	3	1	1	1	0	0
Rule	hppercentagemod	Update	1	3	1	1	2	0	0
Rule	hppercentagemod	Update	1	3	1	1	3	0	0
Rule	hppercentagemod	Update	1	3	1	1	4	0	0
Rule	hppercentagemod	BasePower	0	0	0	0	0	0	0
Rule	hppercentagemod	BasePower	0	0	0	0	1	0	0
Rule	hppercentagemod	BasePower	0	0	0	0	2	0	0
Rule	hppercentagemod	BasePower	0	0	0	0	3	0	0
Rule	hppercentagemod	BasePower	0	0	0	0	4	0	0
Rule	hppercentagemod	BasePower	0	0	0	1	0	0	0
Rule	hppercentagemod	BasePower	0	0	0	1	1	0	0
Rule	hppercentagemod	BasePower	0	0	0	1	2	0	0
Rule	hppercentagemod	BasePower	0	0	0	1	3	0	0
Rule	hppercentagemod	BasePower	0	0	0	1	4	0	0
Rule	hppercentagemod	BasePower	0	0	1	0	0	0	0
Rule	hppercentagemod	BasePower	0	0	1	0	1	0	0
Rule	hppercentagemod	BasePower	0	0	1	0	2	0	0
Rule	hppercentagemod	BasePower	0	0	1	0	3	0	0
Rule	hppercentagemod	BasePower	0	0	1	0	4	0	0
Rule	hppercentagemod	BasePower	0	0	1	1	0	0	0
Rule	hppercentagemod	BasePower	0	0	1	1	1	0	0
Rule	hppercentagemod	BasePower	0	0	1	1	2	0	0
Rule	hppercentagemod	BasePower	0	0	1	1	3	0	0
Rule	hppercentagemod	BasePower	0	0	1	1	4	0	0
Rule	hppercentagemod	BasePower	0	1	0	0	0	0	0
Rule	hppercentagemod	BasePower	0	1	0	0	1	0	0
Rule	hppercentagemod	BasePower	0	1	0	0	2	0	0
Rule	hppercentagemod	BasePower	0	1	0	0	3	0	0
Rule	hppercentagemod	BasePower	0	1	0	0	4	0	0
Rule	hppercentagemod	BasePower	0	1	0	1	0	0	0
Rule	hppercentagemod	BasePower	0	1	0	1	1	0	0
Rule	hppercentagemod	BasePower	0	1	0	1	2	0	0
Rule	hppercentagemod	BasePower	0	1	0	1	3	0	0
Rule	hppercentagemod	BasePower	0	1	0	1	4	0	0
Rule	hppercentagemod	BasePower	0	1	1	0	0	0	0
Rule	hppercentagemod	BasePower	0	1	1	0	1	0	0
Rule	hppercentagemod	BasePower	0	1	1	0	2	0	0
Rule	hppercentagemod	BasePower	0	1	1	0	3	0	0
Rule	hppercentagemod	BasePower	0	1	1	0	4	0	0
Rule	hppercentagemod	BasePower	0	1	1	1	0	0	0
Rule	hppercentagemod	BasePower	0	1	1	1	1	0	0
Rule	hppercentagemod	BasePower	0	1	1	1	2	0	0
Rule	hppercentagemod	BasePower	0	1	1	1	3	0	0
Rule	hppercentagemod	BasePower	0	1	1	1	4	0	0
Rule	hppercentagemod	BasePower	0	2	0	0	0	0	0
Rule	hppercentagemod	BasePower	0	2	0	0	1	0	0
Rule	hppercentagemod	BasePower	0	2	0	0	2	0	0
Rule	hppercentagemod	BasePower	0	2	0	0	3	0	0
Rule	hppercentagemod	BasePower	0	2	0	0	4	0	0
Rule	hppercentagemod	BasePower	0	2	0	1	0	0	0
Rule	hppercentagemod	BasePower	0	2	0	1	1	0	0
Rule	hppercentagemod	BasePower	0	2	0	1	2	0	0
Rule	hppercentagemod	BasePower	0	2	0	1	3	0	0
Rule	hppercentagemod	BasePower	0	2	0	1	4	0	0
Rule	hppercentagemod	BasePower	0	2	1	0	0	0	0
Rule	hppercentagemod	BasePower	0	2	1	0	1	0	0
Rule	hppercentagemod	BasePower	0	2	1	0	2	0	0
Rule	hppercentagemod	BasePower	0	2	1	0	3	0	0
Rule	hppercentagemod	BasePower	0	2	1	0	4	0	0
Rule	hppercentagemod	BasePower	0	2	1	1	0	0	0
Rule	hppercentagemod	BasePower	0	2	1	1	1	0	0
Rule	hppercentagemod	BasePower	0	2	1	1	2	0	0
Rule	hppercentagemod	BasePower	0	2	1	1	3	0	0
Rule	hppercentagemod	BasePower	0	2	1	1	4	0	0
Rule	hppercentagemod	BasePower	0	3	0	0	0	0	0
Rule	hppercentagemod	BasePower	0	3	0	0	1	0	0
Rule	hppercentagemod	BasePower	0	3	0	0	2	0	0
Rule	hppercentagemod	BasePower	0	3	0	0	3	0	0
Rule	hppercentagemod	BasePower	0	3	0	0	4	0	0
Rule	hppercentagemod	BasePower	0	3	0	1	0	0	0
Rule	hppercentagemod	BasePower	0	3	0	1	1	0	0
Rule	hppercentagemod	BasePower	0	3	0	1	2	0	0
Rule	hppercentagemod	BasePower	0	3	0	1	3	0	0
Rule	hppercentagemod	BasePower	0	3	0	1	4	0	0
Rule	hppercentagemod	BasePower	0	3	1	0	0	0	0
Rule	hppercentagemod	BasePower	0	3	1	0	1	0	0
Rule	hppercentagemod	BasePower	0	3	1	0	2	0	0
Rule	hppercentagemod	BasePower	0	3	1	0	3	0	0
Rule	hppercentagemod	BasePower	0	3	1	0	4	0	0
Rule	hppercentagemod	BasePower	0	3	1	1	0	0	0
Rule	hppercentagemod	BasePower	0	3	1	1	1	0	0
Rule	hppercentagemod	BasePower	0	3	1	1	2	0	0
Rule	hppercentagemod	BasePower	0	3	1	1	3	0	0
Rule	hppercentagemod	BasePower	0	3	1	1	4	0	0
Rule	hppercentagemod	BasePower	1	0	0	0	0	0	0
Rule	hppercentagemod	BasePower	1	0	0	0	1	0	0
Rule	hppercentagemod	BasePower	1	0	0	0	2	0	0
Rule	hppercentagemod	BasePower	1	0	0	0	3	0	0
Rule	hppercentagemod	BasePower	1	0	0	0	4	0	0
Rule	hppercentagemod	BasePower	1	0	0	1	0	0	0
Rule	hppercentagemod	BasePower	1	0	0	1	1	0	0
Rule	hppercentagemod	BasePower	1	0	0	1	2	0	0
Rule	hppercentagemod	BasePower	1	0	0	1	3	0	0
Rule	hppercentagemod	BasePower	1	0	0	1	4	0	0
Rule	hppercentagemod	BasePower	1	0	1	0	0	0	0
Rule	hppercentagemod	BasePower	1	0	1	0	1	0	0
Rule	hppercentagemod	BasePower	1	0	1	0	2	0	0
Rule	hppercentagemod	BasePower	1	0	1	0	3	0	0
Rule	hppercentagemod	BasePower	1	0	1	0	4	0	0
Rule	hppercentagemod	BasePower	1	0	1	1	0	0	0
Rule	hppercentagemod	BasePower	1	0	1	1	1	0	0
Rule	hppercentagemod	BasePower	1	0	1	1	2	0	0
Rule	hppercentagemod	BasePower	1	0	1	1	3	0	0
Rule	hppercentagemod	BasePower	1	0	1	1	4	0	0
Rule	hppercentagemod	BasePower	1	1	0	0	0	0	0
Rule	hppercentagemod	BasePower	1	1	0	0	1	0	0
Rule	hppercentagemod	BasePower	1	1	0	0	2	0	0
Rule	hppercentagemod	BasePower	1	1	0	0	3	0	0
Rule	hppercentagemod	BasePower	1	1	0	0	4	0	0
Rule	hppercentagemod	BasePower	1	1	0	1	0	0	0
Rule	hppercentagemod	BasePower	1	1	0	1	1	0	0
Rule	hppercentagemod	BasePower	1	1	0	1	2	0	0
Rule	hppercentagemod	BasePower	1	1	0	1	3	0	0
Rule	hppercentagemod	BasePower	1	1	0	1	4	0	0
Rule	hppercentagemod	BasePower	1	1	1	0	0	0	0
Rule	hppercentagemod	BasePower	1	1	1	0	1	0	0
Rule	hppercentagemod	BasePower	1	1	1	0	2	0	0
Rule	hppercentagemod	BasePower	1	1	1	0	3	0	0
Rule	hppercentagemod	BasePower	1	1	1	0	4	0	0
Rule	hppercentagemod	BasePower	1	1	1	1	0	0	0
Rule	hppercentagemod	BasePower	1	1	1	1	1	0	0
Rule	hppercentagemod	BasePower	1	1	1	1	2	0	0
Rule	hppercentagemod	BasePower	1	1	1	1	3	0	0
Rule	hppercentagemod	BasePower	1	1	1	1	4	0	0
Rule	hppercentagemod	BasePower	1	2	0	0	0	0	0
Rule	hppercentagemod	BasePower	1	2	0	0	1	0	0
Rule	hppercentagemod	BasePower	1	2	0	0	2	0	0
Rule	hppercentagemod	BasePower	1	2	0	0	3	0	0
Rule	hppercentagemod	BasePower	1	2	0	0	4	0	0
Rule	hppercentagemod	BasePower	1	2	0	1	0	0	0
Rule	hppercentagemod	BasePower	1	2	0	1	1	0	0
Rule	hppercentagemod	BasePower	1	2	0	1	2	0	0
Rule	hppercentagemod	BasePower	1	2	0	1	3	0	0
Rule	hppercentagemod	BasePower	1	2	0	1	4	0	0
Rule	hppercentagemod	BasePower	1	2	1	0	0	0	0
Rule	hppercentagemod	BasePower	1	2	1	0	1	0	0
Rule	hppercentagemod	BasePower	1	2	1	0	2	0	0
Rule	hppercentagemod	BasePower	1	2	1	0	3	0	0
Rule	hppercentagemod	BasePower	1	2	1	0	4	0	0
Rule	hppercentagemod	BasePower	1	2	1	1	0	0	0
Rule	hppercentagemod	BasePower	1	2	1	1	1	0	0
Rule	hppercentagemod	BasePower	1	2	1	1	2	0	0
Rule	hppercentagemod	BasePower	1	2	1	1	3	0	0
Rule	hppercentagemod	BasePower	1	2	1	1	4	0	0
Rule	hppercentagemod	BasePower	1	3	0	0	0	0	0
Rule	hppercentagemod	BasePower	1	3	0	0	1	0	0
Rule	hppercentagemod	BasePower	1	3	0	0	2	0	0
Rule	hppercentagemod	BasePower	1	3	0	0	3	0	0
Rule	hppercentagemod	BasePower	1	3	0	0	4	0	0
Rule	hppercentagemod	BasePower	1	3	0	1	0	0	0
Rule	hppercentagemod	BasePower	1	3	0	1	1	0	0
Rule	hppercentagemod	BasePower	1	3	0	1	2	0	0
Rule	hppercentagemod	BasePower	1	3	0	1	3	0	0
Rule	hppercentagemod	BasePower	1	3	0	1	4	0	0
Rule	hppercentagemod	BasePower	1	3	1	0	0	0	0
Rule	hppercentagemod	BasePower	1	3	1	0	1	0	0
Rule	hppercentagemod	BasePower	1	3	1	0	2	0	0
Rule	hppercentagemod	BasePower	1	3	1	0	3	0	0
Rule	hppercentagemod	BasePower	1	3	1	0	4	0	0
Rule	hppercentagemod	BasePower	1	3	1	1	0	0	0
Rule	hppercentagemod	BasePower	1	3	1	1	1	0	0
Rule	hppercentagemod	BasePower	1	3	1	1	2	0	0
Rule	hppercentagemod	BasePower	1	3	1	1	3	0	0
Rule	hppercentagemod	BasePower	1	3	1	1	4	0	0
Rule	hppercentagemod	Weather	0	0	0	0	0	0	0
Rule	hppercentagemod	Weather	0	0	0	0	1	0	1
Rule	hppercentagemod	Weather	0	0	0	0	2	0	0
Rule	hppercentagemod	Weather	0	0	0	0	3	0	0
Rule	hppercentagemod	Weather	0	0	0	0	4	0	0
Rule	hppercentagemod	Weather	0	0	0	1	0	0	0
Rule	hppercentagemod	Weather	0	0	0	1	1	0	1
Rule	hppercentagemod	Weather	0	0	0	1	2	0	0
Rule	hppercentagemod	Weather	0	0	0	1	3	0	0
Rule	hppercentagemod	Weather	0	0	0	1	4	0	0
Rule	hppercentagemod	Weather	0	0	1	0	0	0	0
Rule	hppercentagemod	Weather	0	0	1	0	1	0	1
Rule	hppercentagemod	Weather	0	0	1	0	2	0	0
Rule	hppercentagemod	Weather	0	0	1	0	3	0	0
Rule	hppercentagemod	Weather	0	0	1	0	4	0	0
Rule	hppercentagemod	Weather	0	0	1	1	0	0	0
Rule	hppercentagemod	Weather	0	0	1	1	1	0	1
Rule	hppercentagemod	Weather	0	0	1	1	2	0	0
Rule	hppercentagemod	Weather	0	0	1	1	3	0	0
Rule	hppercentagemod	Weather	0	0	1	1	4	0	0
Rule	hppercentagemod	Weather	0	1	0	0	0	0	0
Rule	hppercentagemod	Weather	0	1	0	0	1	0	1
Rule	hppercentagemod	Weather	0	1	0	0	2	0	0
Rule	hppercentagemod	Weather	0	1	0	0	3	0	0
Rule	hppercentagemod	Weather	0	1	0	0	4	0	0
Rule	hppercentagemod	Weather	0	1	0	1	0	0	0
Rule	hppercentagemod	Weather	0	1	0	1	1	0	1
Rule	hppercentagemod	Weather	0	1	0	1	2	0	0
Rule	hppercentagemod	Weather	0	1	0	1	3	0	0
Rule	hppercentagemod	Weather	0	1	0	1	4	0	0
Rule	hppercentagemod	Weather	0	1	1	0	0	0	0
Rule	hppercentagemod	Weather	0	1	1	0	1	0	1
Rule	hppercentagemod	Weather	0	1	1	0	2	0	0
Rule	hppercentagemod	Weather	0	1	1	0	3	0	0
Rule	hppercentagemod	Weather	0	1	1	0	4	0	0
Rule	hppercentagemod	Weather	0	1	1	1	0	0	0
Rule	hppercentagemod	Weather	0	1	1	1	1	0	1
Rule	hppercentagemod	Weather	0	1	1	1	2	0	0
Rule	hppercentagemod	Weather	0	1	1	1	3	0	0
Rule	hppercentagemod	Weather	0	1	1	1	4	0	0
Rule	hppercentagemod	Weather	0	2	0	0	0	0	0
Rule	hppercentagemod	Weather	0	2	0	0	1	0	1
Rule	hppercentagemod	Weather	0	2	0	0	2	0	0
Rule	hppercentagemod	Weather	0	2	0	0	3	0	0
Rule	hppercentagemod	Weather	0	2	0	0	4	0	0
Rule	hppercentagemod	Weather	0	2	0	1	0	0	0
Rule	hppercentagemod	Weather	0	2	0	1	1	0	1
Rule	hppercentagemod	Weather	0	2	0	1	2	0	0
Rule	hppercentagemod	Weather	0	2	0	1	3	0	0
Rule	hppercentagemod	Weather	0	2	0	1	4	0	0
Rule	hppercentagemod	Weather	0	2	1	0	0	0	0
Rule	hppercentagemod	Weather	0	2	1	0	1	0	1
Rule	hppercentagemod	Weather	0	2	1	0	2	0	0
Rule	hppercentagemod	Weather	0	2	1	0	3	0	0
Rule	hppercentagemod	Weather	0	2	1	0	4	0	0
Rule	hppercentagemod	Weather	0	2	1	1	0	0	0
Rule	hppercentagemod	Weather	0	2	1	1	1	0	1
Rule	hppercentagemod	Weather	0	2	1	1	2	0	0
Rule	hppercentagemod	Weather	0	2	1	1	3	0	0
Rule	hppercentagemod	Weather	0	2	1	1	4	0	0
Rule	hppercentagemod	Weather	0	3	0	0	0	0	0
Rule	hppercentagemod	Weather	0	3	0	0	1	0	1
Rule	hppercentagemod	Weather	0	3	0	0	2	0	0
Rule	hppercentagemod	Weather	0	3	0	0	3	0	0
Rule	hppercentagemod	Weather	0	3	0	0	4	0	0
Rule	hppercentagemod	Weather	0	3	0	1	0	0	0
Rule	hppercentagemod	Weather	0	3	0	1	1	0	1
Rule	hppercentagemod	Weather	0	3	0	1	2	0	0
Rule	hppercentagemod	Weather	0	3	0	1	3	0	0
Rule	hppercentagemod	Weather	0	3	0	1	4	0	0
Rule	hppercentagemod	Weather	0	3	1	0	0	0	0
Rule	hppercentagemod	Weather	0	3	1	0	1	0	1
Rule	hppercentagemod	Weather	0	3	1	0	2	0	0
Rule	hppercentagemod	Weather	0	3	1	0	3	0	0
Rule	hppercentagemod	Weather	0	3	1	0	4	0	0
Rule	hppercentagemod	Weather	0	3	1	1	0	0	0
Rule	hppercentagemod	Weather	0	3	1	1	1	0	1
Rule	hppercentagemod	Weather	0	3	1	1	2	0	0
Rule	hppercentagemod	Weather	0	3	1	1	3	0	0
Rule	hppercentagemod	Weather	0	3	1	1	4	0	0
Rule	hppercentagemod	Weather	1	0	0	0	0	0	0
Rule	hppercentagemod	Weather	1	0	0	0	1	0	1
Rule	hppercentagemod	Weather	1	0	0	0	2	0	0
Rule	hppercentagemod	Weather	1	0	0	0	3	0	0
Rule	hppercentagemod	Weather	1	0	0	0	4	0	0
Rule	hppercentagemod	Weather	1	0	0	1	0	0	0
Rule	hppercentagemod	Weather	1	0	0	1	1	0	1
Rule	hppercentagemod	Weather	1	0	0	1	2	0	0
Rule	hppercentagemod	Weather	1	0	0	1	3	0	0
Rule	hppercentagemod	Weather	1	0	0	1	4	0	0
Rule	hppercentagemod	Weather	1	0	1	0	0	0	0
Rule	hppercentagemod	Weather	1	0	1	0	1	0	1
Rule	hppercentagemod	Weather	1	0	1	0	2	0	0
Rule	hppercentagemod	Weather	1	0	1	0	3	0	0
Rule	hppercentagemod	Weather	1	0	1	0	4	0	0
Rule	hppercentagemod	Weather	1	0	1	1	0	0	0
Rule	hppercentagemod	Weather	1	0	1	1	1	0	1
Rule	hppercentagemod	Weather	1	0	1	1	2	0	0
Rule	hppercentagemod	Weather	1	0	1	1	3	0	0
Rule	hppercentagemod	Weather	1	0	1	1	4	0	0
Rule	hppercentagemod	Weather	1	1	0	0	0	0	0
Rule	hppercentagemod	Weather	1	1	0	0	1	0	1
Rule	hppercentagemod	Weather	1	1	0	0	2	0	0
Rule	hppercentagemod	Weather	1	1	0	0	3	0	0
Rule	hppercentagemod	Weather	1	1	0	0	4	0	0
Rule	hppercentagemod	Weather	1	1	0	1	0	0	0
Rule	hppercentagemod	Weather	1	1	0	1	1	0	1
Rule	hppercentagemod	Weather	1	1	0	1	2	0	0
Rule	hppercentagemod	Weather	1	1	0	1	3	0	0
Rule	hppercentagemod	Weather	1	1	0	1	4	0	0
Rule	hppercentagemod	Weather	1	1	1	0	0	0	0
Rule	hppercentagemod	Weather	1	1	1	0	1	0	1
Rule	hppercentagemod	Weather	1	1	1	0	2	0	0
Rule	hppercentagemod	Weather	1	1	1	0	3	0	0
Rule	hppercentagemod	Weather	1	1	1	0	4	0	0
Rule	hppercentagemod	Weather	1	1	1	1	0	0	0
Rule	hppercentagemod	Weather	1	1	1	1	1	0	1
Rule	hppercentagemod	Weather	1	1	1	1	2	0	0
Rule	hppercentagemod	Weather	1	1	1	1	3	0	0
Rule	hppercentagemod	Weather	1	1	1	1	4	0	0
Rule	hppercentagemod	Weather	1	2	0	0	0	0	0
Rule	hppercentagemod	Weather	1	2	0	0	1	0	1
Rule	hppercentagemod	Weather	1	2	0	0	2	0	0
Rule	hppercentagemod	Weather	1	2	0	0	3	0	0
Rule	hppercentagemod	Weather	1	2	0	0	4	0	0
Rule	hppercentagemod	Weather	1	2	0	1	0	0	0
Rule	hppercentagemod	Weather	1	2	0	1	1	0	1
Rule	hppercentagemod	Weather	1	2	0	1	2	0	0
Rule	hppercentagemod	Weather	1	2	0	1	3	0	0
Rule	hppercentagemod	Weather	1	2	0	1	4	0	0
Rule	hppercentagemod	Weather	1	2	1	0	0	0	0
Rule	hppercentagemod	Weather	1	2	1	0	1	0	1
Rule	hppercentagemod	Weather	1	2	1	0	2	0	0
Rule	hppercentagemod	Weather	1	2	1	0	3	0	0
Rule	hppercentagemod	Weather	1	2	1	0	4	0	0
Rule	hppercentagemod	Weather	1	2	1	1	0	0	0
Rule	hppercentagemod	Weather	1	2	1	1	1	0	1
Rule	hppercentagemod	Weather	1	2	1	1	2	0	0
Rule	hppercentagemod	Weather	1	2	1	1	3	0	0
Rule	hppercentagemod	Weather	1	2	1	1	4	0	0
Rule	hppercentagemod	Weather	1	3	0	0	0	0	0
Rule	hppercentagemod	Weather	1	3	0	0	1	0	1
Rule	hppercentagemod	Weather	1	3	0	0	2	0	0
Rule	hppercentagemod	Weather	1	3	0	0	3	0	0
Rule	hppercentagemod	Weather	1	3	0	0	4	0	0
Rule	hppercentagemod	Weather	1	3	0	1	0	0	0
Rule	hppercentagemod	Weather	1	3	0	1	1	0	1
Rule	hppercentagemod	Weather	1	3	0	1	2	0	0
Rule	hppercentagemod	Weather	1	3	0	1	3	0	0
Rule	hppercentagemod	Weather	1	3	0	1	4	0	0
Rule	hppercentagemod	Weather	1	3	1	0	0	0	0
Rule	hppercentagemod	Weather	1	3	1	0	1	0	1
Rule	hppercentagemod	Weather	1	3	1	0	2	0	0
Rule	hppercentagemod	Weather	1	3	1	0	3	0	0
Rule	hppercentagemod	Weather	1	3	1	0	4	0	0
Rule	hppercentagemod	Weather	1	3	1	1	0	0	0
Rule	hppercentagemod	Weather	1	3	1	1	1	0	1
Rule	hppercentagemod	Weather	1	3	1	1	2	0	0
Rule	hppercentagemod	Weather	1	3	1	1	3	0	0
Rule	hppercentagemod	Weather	1	3	1	1	4	0	0
Rule	hppercentagemod	FieldStart	0	0	0	0	0	0	0
Rule	hppercentagemod	FieldStart	0	0	0	0	1	0	0
Rule	hppercentagemod	FieldStart	0	0	0	0	2	0	0
Rule	hppercentagemod	FieldStart	0	0	0	0	3	0	0
Rule	hppercentagemod	FieldStart	0	0	0	0	4	0	0
Rule	hppercentagemod	FieldStart	0	0	0	1	0	0	0
Rule	hppercentagemod	FieldStart	0	0	0	1	1	0	0
Rule	hppercentagemod	FieldStart	0	0	0	1	2	0	0
Rule	hppercentagemod	FieldStart	0	0	0	1	3	0	0
Rule	hppercentagemod	FieldStart	0	0	0	1	4	0	0
Rule	hppercentagemod	FieldStart	0	0	1	0	0	0	0
Rule	hppercentagemod	FieldStart	0	0	1	0	1	0	0
Rule	hppercentagemod	FieldStart	0	0	1	0	2	0	0
Rule	hppercentagemod	FieldStart	0	0	1	0	3	0	0
Rule	hppercentagemod	FieldStart	0	0	1	0	4	0	0
Rule	hppercentagemod	FieldStart	0	0	1	1	0	0	0
Rule	hppercentagemod	FieldStart	0	0	1	1	1	0	0
Rule	hppercentagemod	FieldStart	0	0	1	1	2	0	0
Rule	hppercentagemod	FieldStart	0	0	1	1	3	0	0
Rule	hppercentagemod	FieldStart	0	0	1	1	4	0	0
Rule	hppercentagemod	FieldStart	0	1	0	0	0	0	0
Rule	hppercentagemod	FieldStart	0	1	0	0	1	0	0
Rule	hppercentagemod	FieldStart	0	1	0	0	2	0	0
Rule	hppercentagemod	FieldStart	0	1	0	0	3	0	0
Rule	hppercentagemod	FieldStart	0	1	0	0	4	0	0
Rule	hppercentagemod	FieldStart	0	1	0	1	0	0	0
Rule	hppercentagemod	FieldStart	0	1	0	1	1	0	0
Rule	hppercentagemod	FieldStart	0	1	0	1	2	0	0
Rule	hppercentagemod	FieldStart	0	1	0	1	3	0	0
Rule	hppercentagemod	FieldStart	0	1	0	1	4	0	0
Rule	hppercentagemod	FieldStart	0	1	1	0	0	0	0
Rule	hppercentagemod	FieldStart	0	1	1	0	1	0	0
Rule	hppercentagemod	FieldStart	0	1	1	0	2	0	0
Rule	hppercentagemod	FieldStart	0	1	1	0	3	0	0
Rule	hppercentagemod	FieldStart	0	1	1	0	4	0	0
Rule	hppercentagemod	FieldStart	0	1	1	1	0	0	0
Rule	hppercentagemod	FieldStart	0	1	1	1	1	0	0
Rule	hppercentagemod	FieldStart	0	1	1	1	2	0	0
Rule	hppercentagemod	FieldStart	0	1	1	1	3	0	0
Rule	hppercentagemod	FieldStart	0	1	1	1	4	0	0
Rule	hppercentagemod	FieldStart	0	2	0	0	0	0	0
Rule	hppercentagemod	FieldStart	0	2	0	0	1	0	0
Rule	hppercentagemod	FieldStart	0	2	0	0	2	0	0
Rule	hppercentagemod	FieldStart	0	2	0	0	3	0	0
Rule	hppercentagemod	FieldStart	0	2	0	0	4	0	0
Rule	hppercentagemod	FieldStart	0	2	0	1	0	0	0
Rule	hppercentagemod	FieldStart	0	2	0	1	1	0	0
Rule	hppercentagemod	FieldStart	0	2	0	1	2	0	0
Rule	hppercentagemod	FieldStart	0	2	0	1	3	0	0
Rule	hppercentagemod	FieldStart	0	2	0	1	4	0	0
Rule	hppercentagemod	FieldStart	0	2	1	0	0	0	0
Rule	hppercentagemod	FieldStart	0	2	1	0	1	0	0
Rule	hppercentagemod	FieldStart	0	2	1	0	2	0	0
Rule	hppercentagemod	FieldStart	0	2	1	0	3	0	0
Rule	hppercentagemod	FieldStart	0	2	1	0	4	0	0
Rule	hppercentagemod	FieldStart	0	2	1	1	0	0	0
Rule	hppercentagemod	FieldStart	0	2	1	1	1	0	0
Rule	hppercentagemod	FieldStart	0	2	1	1	2	0	0
Rule	hppercentagemod	FieldStart	0	2	1	1	3	0	0
Rule	hppercentagemod	FieldStart	0	2	1	1	4	0	0
Rule	hppercentagemod	FieldStart	0	3	0	0	0	0	0
Rule	hppercentagemod	FieldStart	0	3	0	0	1	0	0
Rule	hppercentagemod	FieldStart	0	3	0	0	2	0	0
Rule	hppercentagemod	FieldStart	0	3	0	0	3	0	0
Rule	hppercentagemod	FieldStart	0	3	0	0	4	0	0
Rule	hppercentagemod	FieldStart	0	3	0	1	0	0	0
Rule	hppercentagemod	FieldStart	0	3	0	1	1	0	0
Rule	hppercentagemod	FieldStart	0	3	0	1	2	0	0
Rule	hppercentagemod	FieldStart	0	3	0	1	3	0	0
Rule	hppercentagemod	FieldStart	0	3	0	1	4	0	0
Rule	hppercentagemod	FieldStart	0	3	1	0	0	0	0
Rule	hppercentagemod	FieldStart	0	3	1	0	1	0	0
Rule	hppercentagemod	FieldStart	0	3	1	0	2	0	0
Rule	hppercentagemod	FieldStart	0	3	1	0	3	0	0
Rule	hppercentagemod	FieldStart	0	3	1	0	4	0	0
Rule	hppercentagemod	FieldStart	0	3	1	1	0	0	0
Rule	hppercentagemod	FieldStart	0	3	1	1	1	0	0
Rule	hppercentagemod	FieldStart	0	3	1	1	2	0	0
Rule	hppercentagemod	FieldStart	0	3	1	1	3	0	0
Rule	hppercentagemod	FieldStart	0	3	1	1	4	0	0
Rule	hppercentagemod	FieldStart	1	0	0	0	0	0	0
Rule	hppercentagemod	FieldStart	1	0	0	0	1	0	0
Rule	hppercentagemod	FieldStart	1	0	0	0	2	0	0
Rule	hppercentagemod	FieldStart	1	0	0	0	3	0	0
Rule	hppercentagemod	FieldStart	1	0	0	0	4	0	0
Rule	hppercentagemod	FieldStart	1	0	0	1	0	0	0
Rule	hppercentagemod	FieldStart	1	0	0	1	1	0	0
Rule	hppercentagemod	FieldStart	1	0	0	1	2	0	0
Rule	hppercentagemod	FieldStart	1	0	0	1	3	0	0
Rule	hppercentagemod	FieldStart	1	0	0	1	4	0	0
Rule	hppercentagemod	FieldStart	1	0	1	0	0	0	0
Rule	hppercentagemod	FieldStart	1	0	1	0	1	0	0
Rule	hppercentagemod	FieldStart	1	0	1	0	2	0	0
Rule	hppercentagemod	FieldStart	1	0	1	0	3	0	0
Rule	hppercentagemod	FieldStart	1	0	1	0	4	0	0
Rule	hppercentagemod	FieldStart	1	0	1	1	0	0	0
Rule	hppercentagemod	FieldStart	1	0	1	1	1	0	0
Rule	hppercentagemod	FieldStart	1	0	1	1	2	0	0
Rule	hppercentagemod	FieldStart	1	0	1	1	3	0	0
Rule	hppercentagemod	FieldStart	1	0	1	1	4	0	0
Rule	hppercentagemod	FieldStart	1	1	0	0	0	0	0
Rule	hppercentagemod	FieldStart	1	1	0	0	1	0	0
Rule	hppercentagemod	FieldStart	1	1	0	0	2	0	0
Rule	hppercentagemod	FieldStart	1	1	0	0	3	0	0
Rule	hppercentagemod	FieldStart	1	1	0	0	4	0	0
Rule	hppercentagemod	FieldStart	1	1	0	1	0	0	0
Rule	hppercentagemod	FieldStart	1	1	0	1	1	0	0
Rule	hppercentagemod	FieldStart	1	1	0	1	2	0	0
Rule	hppercentagemod	FieldStart	1	1	0	1	3	0	0
Rule	hppercentagemod	FieldStart	1	1	0	1	4	0	0
Rule	hppercentagemod	FieldStart	1	1	1	0	0	0	0
Rule	hppercentagemod	FieldStart	1	1	1	0	1	0	0
Rule	hppercentagemod	FieldStart	1	1	1	0	2	0	0
Rule	hppercentagemod	FieldStart	1	1	1	0	3	0	0
Rule	hppercentagemod	FieldStart	1	1	1	0	4	0	0
Rule	hppercentagemod	FieldStart	1	1	1	1	0	0	0
Rule	hppercentagemod	FieldStart	1	1	1	1	1	0	0
Rule	hppercentagemod	FieldStart	1	1	1	1	2	0	0
Rule	hppercentagemod	FieldStart	1	1	1	1	3	0	0
Rule	hppercentagemod	FieldStart	1	1	1	1	4	0	0
Rule	hppercentagemod	FieldStart	1	2	0	0	0	0	0
Rule	hppercentagemod	FieldStart	1	2	0	0	1	0	0
Rule	hppercentagemod	FieldStart	1	2	0	0	2	0	0
Rule	hppercentagemod	FieldStart	1	2	0	0	3	0	0
Rule	hppercentagemod	FieldStart	1	2	0	0	4	0	0
Rule	hppercentagemod	FieldStart	1	2	0	1	0	0	0
Rule	hppercentagemod	FieldStart	1	2	0	1	1	0	0
Rule	hppercentagemod	FieldStart	1	2	0	1	2	0	0
Rule	hppercentagemod	FieldStart	1	2	0	1	3	0	0
Rule	hppercentagemod	FieldStart	1	2	0	1	4	0	0
Rule	hppercentagemod	FieldStart	1	2	1	0	0	0	0
Rule	hppercentagemod	FieldStart	1	2	1	0	1	0	0
Rule	hppercentagemod	FieldStart	1	2	1	0	2	0	0
Rule	hppercentagemod	FieldStart	1	2	1	0	3	0	0
Rule	hppercentagemod	FieldStart	1	2	1	0	4	0	0
Rule	hppercentagemod	FieldStart	1	2	1	1	0	0	0
Rule	hppercentagemod	FieldStart	1	2	1	1	1	0	0
Rule	hppercentagemod	FieldStart	1	2	1	1	2	0	0
Rule	hppercentagemod	FieldStart	1	2	1	1	3	0	0
Rule	hppercentagemod	FieldStart	1	2	1	1	4	0	0
Rule	hppercentagemod	FieldStart	1	3	0	0	0	0	0
Rule	hppercentagemod	FieldStart	1	3	0	0	1	0	0
Rule	hppercentagemod	FieldStart	1	3	0	0	2	0	0
Rule	hppercentagemod	FieldStart	1	3	0	0	3	0	0
Rule	hppercentagemod	FieldStart	1	3	0	0	4	0	0
Rule	hppercentagemod	FieldStart	1	3	0	1	0	0	0
Rule	hppercentagemod	FieldStart	1	3	0	1	1	0	0
Rule	hppercentagemod	FieldStart	1	3	0	1	2	0	0
Rule	hppercentagemod	FieldStart	1	3	0	1	3	0	0
Rule	hppercentagemod	FieldStart	1	3	0	1	4	0	0
Rule	hppercentagemod	FieldStart	1	3	1	0	0	0	0
Rule	hppercentagemod	FieldStart	1	3	1	0	1	0	0
Rule	hppercentagemod	FieldStart	1	3	1	0	2	0	0
Rule	hppercentagemod	FieldStart	1	3	1	0	3	0	0
Rule	hppercentagemod	FieldStart	1	3	1	0	4	0	0
Rule	hppercentagemod	FieldStart	1	3	1	1	0	0	0
Rule	hppercentagemod	FieldStart	1	3	1	1	1	0	0
Rule	hppercentagemod	FieldStart	1	3	1	1	2	0	0
Rule	hppercentagemod	FieldStart	1	3	1	1	3	0	0
Rule	hppercentagemod	FieldStart	1	3	1	1	4	0	0
Rule	hppercentagemod	FieldResidual	0	0	0	0	0	0	0
Rule	hppercentagemod	FieldResidual	0	0	0	0	1	0	0
Rule	hppercentagemod	FieldResidual	0	0	0	0	2	0	0
Rule	hppercentagemod	FieldResidual	0	0	0	0	3	0	0
Rule	hppercentagemod	FieldResidual	0	0	0	0	4	0	0
Rule	hppercentagemod	FieldResidual	0	0	0	1	0	0	0
Rule	hppercentagemod	FieldResidual	0	0	0	1	1	0	0
Rule	hppercentagemod	FieldResidual	0	0	0	1	2	0	0
Rule	hppercentagemod	FieldResidual	0	0	0	1	3	0	0
Rule	hppercentagemod	FieldResidual	0	0	0	1	4	0	0
Rule	hppercentagemod	FieldResidual	0	0	1	0	0	0	0
Rule	hppercentagemod	FieldResidual	0	0	1	0	1	0	0
Rule	hppercentagemod	FieldResidual	0	0	1	0	2	0	0
Rule	hppercentagemod	FieldResidual	0	0	1	0	3	0	0
Rule	hppercentagemod	FieldResidual	0	0	1	0	4	0	0
Rule	hppercentagemod	FieldResidual	0	0	1	1	0	0	0
Rule	hppercentagemod	FieldResidual	0	0	1	1	1	0	0
Rule	hppercentagemod	FieldResidual	0	0	1	1	2	0	0
Rule	hppercentagemod	FieldResidual	0	0	1	1	3	0	0
Rule	hppercentagemod	FieldResidual	0	0	1	1	4	0	0
Rule	hppercentagemod	FieldResidual	0	1	0	0	0	0	0
Rule	hppercentagemod	FieldResidual	0	1	0	0	1	0	0
Rule	hppercentagemod	FieldResidual	0	1	0	0	2	0	0
Rule	hppercentagemod	FieldResidual	0	1	0	0	3	0	0
Rule	hppercentagemod	FieldResidual	0	1	0	0	4	0	0
Rule	hppercentagemod	FieldResidual	0	1	0	1	0	0	0
Rule	hppercentagemod	FieldResidual	0	1	0	1	1	0	0
Rule	hppercentagemod	FieldResidual	0	1	0	1	2	0	0
Rule	hppercentagemod	FieldResidual	0	1	0	1	3	0	0
Rule	hppercentagemod	FieldResidual	0	1	0	1	4	0	0
Rule	hppercentagemod	FieldResidual	0	1	1	0	0	0	0
Rule	hppercentagemod	FieldResidual	0	1	1	0	1	0	0
Rule	hppercentagemod	FieldResidual	0	1	1	0	2	0	0
Rule	hppercentagemod	FieldResidual	0	1	1	0	3	0	0
Rule	hppercentagemod	FieldResidual	0	1	1	0	4	0	0
Rule	hppercentagemod	FieldResidual	0	1	1	1	0	0	0
Rule	hppercentagemod	FieldResidual	0	1	1	1	1	0	0
Rule	hppercentagemod	FieldResidual	0	1	1	1	2	0	0
Rule	hppercentagemod	FieldResidual	0	1	1	1	3	0	0
Rule	hppercentagemod	FieldResidual	0	1	1	1	4	0	0
Rule	hppercentagemod	FieldResidual	0	2	0	0	0	0	0
Rule	hppercentagemod	FieldResidual	0	2	0	0	1	0	0
Rule	hppercentagemod	FieldResidual	0	2	0	0	2	0	0
Rule	hppercentagemod	FieldResidual	0	2	0	0	3	0	0
Rule	hppercentagemod	FieldResidual	0	2	0	0	4	0	0
Rule	hppercentagemod	FieldResidual	0	2	0	1	0	0	0
Rule	hppercentagemod	FieldResidual	0	2	0	1	1	0	0
Rule	hppercentagemod	FieldResidual	0	2	0	1	2	0	0
Rule	hppercentagemod	FieldResidual	0	2	0	1	3	0	0
Rule	hppercentagemod	FieldResidual	0	2	0	1	4	0	0
Rule	hppercentagemod	FieldResidual	0	2	1	0	0	0	0
Rule	hppercentagemod	FieldResidual	0	2	1	0	1	0	0
Rule	hppercentagemod	FieldResidual	0	2	1	0	2	0	0
Rule	hppercentagemod	FieldResidual	0	2	1	0	3	0	0
Rule	hppercentagemod	FieldResidual	0	2	1	0	4	0	0
Rule	hppercentagemod	FieldResidual	0	2	1	1	0	0	0
Rule	hppercentagemod	FieldResidual	0	2	1	1	1	0	0
Rule	hppercentagemod	FieldResidual	0	2	1	1	2	0	0
Rule	hppercentagemod	FieldResidual	0	2	1	1	3	0	0
Rule	hppercentagemod	FieldResidual	0	2	1	1	4	0	0
Rule	hppercentagemod	FieldResidual	0	3	0	0	0	0	0
Rule	hppercentagemod	FieldResidual	0	3	0	0	1	0	0
Rule	hppercentagemod	FieldResidual	0	3	0	0	2	0	0
Rule	hppercentagemod	FieldResidual	0	3	0	0	3	0	0
Rule	hppercentagemod	FieldResidual	0	3	0	0	4	0	0
Rule	hppercentagemod	FieldResidual	0	3	0	1	0	0	0
Rule	hppercentagemod	FieldResidual	0	3	0	1	1	0	0
Rule	hppercentagemod	FieldResidual	0	3	0	1	2	0	0
Rule	hppercentagemod	FieldResidual	0	3	0	1	3	0	0
Rule	hppercentagemod	FieldResidual	0	3	0	1	4	0	0
Rule	hppercentagemod	FieldResidual	0	3	1	0	0	0	0
Rule	hppercentagemod	FieldResidual	0	3	1	0	1	0	0
Rule	hppercentagemod	FieldResidual	0	3	1	0	2	0	0
Rule	hppercentagemod	FieldResidual	0	3	1	0	3	0	0
Rule	hppercentagemod	FieldResidual	0	3	1	0	4	0	0
Rule	hppercentagemod	FieldResidual	0	3	1	1	0	0	0
Rule	hppercentagemod	FieldResidual	0	3	1	1	1	0	0
Rule	hppercentagemod	FieldResidual	0	3	1	1	2	0	0
Rule	hppercentagemod	FieldResidual	0	3	1	1	3	0	0
Rule	hppercentagemod	FieldResidual	0	3	1	1	4	0	0
Rule	hppercentagemod	FieldResidual	1	0	0	0	0	0	0
Rule	hppercentagemod	FieldResidual	1	0	0	0	1	0	0
Rule	hppercentagemod	FieldResidual	1	0	0	0	2	0	0
Rule	hppercentagemod	FieldResidual	1	0	0	0	3	0	0
Rule	hppercentagemod	FieldResidual	1	0	0	0	4	0	0
Rule	hppercentagemod	FieldResidual	1	0	0	1	0	0	0
Rule	hppercentagemod	FieldResidual	1	0	0	1	1	0	0
Rule	hppercentagemod	FieldResidual	1	0	0	1	2	0	0
Rule	hppercentagemod	FieldResidual	1	0	0	1	3	0	0
Rule	hppercentagemod	FieldResidual	1	0	0	1	4	0	0
Rule	hppercentagemod	FieldResidual	1	0	1	0	0	0	0
Rule	hppercentagemod	FieldResidual	1	0	1	0	1	0	0
Rule	hppercentagemod	FieldResidual	1	0	1	0	2	0	0
Rule	hppercentagemod	FieldResidual	1	0	1	0	3	0	0
Rule	hppercentagemod	FieldResidual	1	0	1	0	4	0	0
Rule	hppercentagemod	FieldResidual	1	0	1	1	0	0	0
Rule	hppercentagemod	FieldResidual	1	0	1	1	1	0	0
Rule	hppercentagemod	FieldResidual	1	0	1	1	2	0	0
Rule	hppercentagemod	FieldResidual	1	0	1	1	3	0	0
Rule	hppercentagemod	FieldResidual	1	0	1	1	4	0	0
Rule	hppercentagemod	FieldResidual	1	1	0	0	0	0	0
Rule	hppercentagemod	FieldResidual	1	1	0	0	1	0	0
Rule	hppercentagemod	FieldResidual	1	1	0	0	2	0	0
Rule	hppercentagemod	FieldResidual	1	1	0	0	3	0	0
Rule	hppercentagemod	FieldResidual	1	1	0	0	4	0	0
Rule	hppercentagemod	FieldResidual	1	1	0	1	0	0	0
Rule	hppercentagemod	FieldResidual	1	1	0	1	1	0	0
Rule	hppercentagemod	FieldResidual	1	1	0	1	2	0	0
Rule	hppercentagemod	FieldResidual	1	1	0	1	3	0	0
Rule	hppercentagemod	FieldResidual	1	1	0	1	4	0	0
Rule	hppercentagemod	FieldResidual	1	1	1	0	0	0	0
Rule	hppercentagemod	FieldResidual	1	1	1	0	1	0	0
Rule	hppercentagemod	FieldResidual	1	1	1	0	2	0	0
Rule	hppercentagemod	FieldResidual	1	1	1	0	3	0	0
Rule	hppercentagemod	FieldResidual	1	1	1	0	4	0	0
Rule	hppercentagemod	FieldResidual	1	1	1	1	0	0	0
Rule	hppercentagemod	FieldResidual	1	1	1	1	1	0	0
Rule	hppercentagemod	FieldResidual	1	1	1	1	2	0	0
Rule	hppercentagemod	FieldResidual	1	1	1	1	3	0	0
Rule	hppercentagemod	FieldResidual	1	1	1	1	4	0	0
Rule	hppercentagemod	FieldResidual	1	2	0	0	0	0	0
Rule	hppercentagemod	FieldResidual	1	2	0	0	1	0	0
Rule	hppercentagemod	FieldResidual	1	2	0	0	2	0	0
Rule	hppercentagemod	FieldResidual	1	2	0	0	3	0	0
Rule	hppercentagemod	FieldResidual	1	2	0	0	4	0	0
Rule	hppercentagemod	FieldResidual	1	2	0	1	0	0	0
Rule	hppercentagemod	FieldResidual	1	2	0	1	1	0	0
Rule	hppercentagemod	FieldResidual	1	2	0	1	2	0	0
Rule	hppercentagemod	FieldResidual	1	2	0	1	3	0	0
Rule	hppercentagemod	FieldResidual	1	2	0	1	4	0	0
Rule	hppercentagemod	FieldResidual	1	2	1	0	0	0	0
Rule	hppercentagemod	FieldResidual	1	2	1	0	1	0	0
Rule	hppercentagemod	FieldResidual	1	2	1	0	2	0	0
Rule	hppercentagemod	FieldResidual	1	2	1	0	3	0	0
Rule	hppercentagemod	FieldResidual	1	2	1	0	4	0	0
Rule	hppercentagemod	FieldResidual	1	2	1	1	0	0	0
Rule	hppercentagemod	FieldResidual	1	2	1	1	1	0	0
Rule	hppercentagemod	FieldResidual	1	2	1	1	2	0	0
Rule	hppercentagemod	FieldResidual	1	2	1	1	3	0	0
Rule	hppercentagemod	FieldResidual	1	2	1	1	4	0	0
Rule	hppercentagemod	FieldResidual	1	3	0	0	0	0	0
Rule	hppercentagemod	FieldResidual	1	3	0	0	1	0	0
Rule	hppercentagemod	FieldResidual	1	3	0	0	2	0	0
Rule	hppercentagemod	FieldResidual	1	3	0	0	3	0	0
Rule	hppercentagemod	FieldResidual	1	3	0	0	4	0	0
Rule	hppercentagemod	FieldResidual	1	3	0	1	0	0	0
Rule	hppercentagemod	FieldResidual	1	3	0	1	1	0	0
Rule	hppercentagemod	FieldResidual	1	3	0	1	2	0	0
Rule	hppercentagemod	FieldResidual	1	3	0	1	3	0	0
Rule	hppercentagemod	FieldResidual	1	3	0	1	4	0	0
Rule	hppercentagemod	FieldResidual	1	3	1	0	0	0	0
Rule	hppercentagemod	FieldResidual	1	3	1	0	1	0	0
Rule	hppercentagemod	FieldResidual	1	3	1	0	2	0	0
Rule	hppercentagemod	FieldResidual	1	3	1	0	3	0	0
Rule	hppercentagemod	FieldResidual	1	3	1	0	4	0	0
Rule	hppercentagemod	FieldResidual	1	3	1	1	0	0	0
Rule	hppercentagemod	FieldResidual	1	3	1	1	1	0	0
Rule	hppercentagemod	FieldResidual	1	3	1	1	2	0	0
Rule	hppercentagemod	FieldResidual	1	3	1	1	3	0	0
Rule	hppercentagemod	FieldResidual	1	3	1	1	4	0	0
Rule	hppercentagemod	FieldEnd	0	0	0	0	0	0	0
Rule	hppercentagemod	FieldEnd	0	0	0	0	1	0	0
Rule	hppercentagemod	FieldEnd	0	0	0	0	2	0	0
Rule	hppercentagemod	FieldEnd	0	0	0	0	3	0	0
Rule	hppercentagemod	FieldEnd	0	0	0	0	4	0	0
Rule	hppercentagemod	FieldEnd	0	0	0	1	0	0	0
Rule	hppercentagemod	FieldEnd	0	0	0	1	1	0	0
Rule	hppercentagemod	FieldEnd	0	0	0	1	2	0	0
Rule	hppercentagemod	FieldEnd	0	0	0	1	3	0	0
Rule	hppercentagemod	FieldEnd	0	0	0	1	4	0	0
Rule	hppercentagemod	FieldEnd	0	0	1	0	0	0	0
Rule	hppercentagemod	FieldEnd	0	0	1	0	1	0	0
Rule	hppercentagemod	FieldEnd	0	0	1	0	2	0	0
Rule	hppercentagemod	FieldEnd	0	0	1	0	3	0	0
Rule	hppercentagemod	FieldEnd	0	0	1	0	4	0	0
Rule	hppercentagemod	FieldEnd	0	0	1	1	0	0	0
Rule	hppercentagemod	FieldEnd	0	0	1	1	1	0	0
Rule	hppercentagemod	FieldEnd	0	0	1	1	2	0	0
Rule	hppercentagemod	FieldEnd	0	0	1	1	3	0	0
Rule	hppercentagemod	FieldEnd	0	0	1	1	4	0	0
Rule	hppercentagemod	FieldEnd	0	1	0	0	0	0	0
Rule	hppercentagemod	FieldEnd	0	1	0	0	1	0	0
Rule	hppercentagemod	FieldEnd	0	1	0	0	2	0	0
Rule	hppercentagemod	FieldEnd	0	1	0	0	3	0	0
Rule	hppercentagemod	FieldEnd	0	1	0	0	4	0	0
Rule	hppercentagemod	FieldEnd	0	1	0	1	0	0	0
Rule	hppercentagemod	FieldEnd	0	1	0	1	1	0	0
Rule	hppercentagemod	FieldEnd	0	1	0	1	2	0	0
Rule	hppercentagemod	FieldEnd	0	1	0	1	3	0	0
Rule	hppercentagemod	FieldEnd	0	1	0	1	4	0	0
Rule	hppercentagemod	FieldEnd	0	1	1	0	0	0	0
Rule	hppercentagemod	FieldEnd	0	1	1	0	1	0	0
Rule	hppercentagemod	FieldEnd	0	1	1	0	2	0	0
Rule	hppercentagemod	FieldEnd	0	1	1	0	3	0	0
Rule	hppercentagemod	FieldEnd	0	1	1	0	4	0	0
Rule	hppercentagemod	FieldEnd	0	1	1	1	0	0	0
Rule	hppercentagemod	FieldEnd	0	1	1	1	1	0	0
Rule	hppercentagemod	FieldEnd	0	1	1	1	2	0	0
Rule	hppercentagemod	FieldEnd	0	1	1	1	3	0	0
Rule	hppercentagemod	FieldEnd	0	1	1	1	4	0	0
Rule	hppercentagemod	FieldEnd	0	2	0	0	0	0	0
Rule	hppercentagemod	FieldEnd	0	2	0	0	1	0	0
Rule	hppercentagemod	FieldEnd	0	2	0	0	2	0	0
Rule	hppercentagemod	FieldEnd	0	2	0	0	3	0	0
Rule	hppercentagemod	FieldEnd	0	2	0	0	4	0	0
Rule	hppercentagemod	FieldEnd	0	2	0	1	0	0	0
Rule	hppercentagemod	FieldEnd	0	2	0	1	1	0	0
Rule	hppercentagemod	FieldEnd	0	2	0	1	2	0	0
Rule	hppercentagemod	FieldEnd	0	2	0	1	3	0	0
Rule	hppercentagemod	FieldEnd	0	2	0	1	4	0	0
Rule	hppercentagemod	FieldEnd	0	2	1	0	0	0	0
Rule	hppercentagemod	FieldEnd	0	2	1	0	1	0	0
Rule	hppercentagemod	FieldEnd	0	2	1	0	2	0	0
Rule	hppercentagemod	FieldEnd	0	2	1	0	3	0	0
Rule	hppercentagemod	FieldEnd	0	2	1	0	4	0	0
Rule	hppercentagemod	FieldEnd	0	2	1	1	0	0	0
Rule	hppercentagemod	FieldEnd	0	2	1	1	1	0	0
Rule	hppercentagemod	FieldEnd	0	2	1	1	2	0	0
Rule	hppercentagemod	FieldEnd	0	2	1	1	3	0	0
Rule	hppercentagemod	FieldEnd	0	2	1	1	4	0	0
Rule	hppercentagemod	FieldEnd	0	3	0	0	0	0	0
Rule	hppercentagemod	FieldEnd	0	3	0	0	1	0	0
Rule	hppercentagemod	FieldEnd	0	3	0	0	2	0	0
Rule	hppercentagemod	FieldEnd	0	3	0	0	3	0	0
Rule	hppercentagemod	FieldEnd	0	3	0	0	4	0	0
Rule	hppercentagemod	FieldEnd	0	3	0	1	0	0	0
Rule	hppercentagemod	FieldEnd	0	3	0	1	1	0	0
Rule	hppercentagemod	FieldEnd	0	3	0	1	2	0	0
Rule	hppercentagemod	FieldEnd	0	3	0	1	3	0	0
Rule	hppercentagemod	FieldEnd	0	3	0	1	4	0	0
Rule	hppercentagemod	FieldEnd	0	3	1	0	0	0	0
Rule	hppercentagemod	FieldEnd	0	3	1	0	1	0	0
Rule	hppercentagemod	FieldEnd	0	3	1	0	2	0	0
Rule	hppercentagemod	FieldEnd	0	3	1	0	3	0	0
Rule	hppercentagemod	FieldEnd	0	3	1	0	4	0	0
Rule	hppercentagemod	FieldEnd	0	3	1	1	0	0	0
Rule	hppercentagemod	FieldEnd	0	3	1	1	1	0	0
Rule	hppercentagemod	FieldEnd	0	3	1	1	2	0	0
Rule	hppercentagemod	FieldEnd	0	3	1	1	3	0	0
Rule	hppercentagemod	FieldEnd	0	3	1	1	4	0	0
Rule	hppercentagemod	FieldEnd	1	0	0	0	0	0	0
Rule	hppercentagemod	FieldEnd	1	0	0	0	1	0	0
Rule	hppercentagemod	FieldEnd	1	0	0	0	2	0	0
Rule	hppercentagemod	FieldEnd	1	0	0	0	3	0	0
Rule	hppercentagemod	FieldEnd	1	0	0	0	4	0	0
Rule	hppercentagemod	FieldEnd	1	0	0	1	0	0	0
Rule	hppercentagemod	FieldEnd	1	0	0	1	1	0	0
Rule	hppercentagemod	FieldEnd	1	0	0	1	2	0	0
Rule	hppercentagemod	FieldEnd	1	0	0	1	3	0	0
Rule	hppercentagemod	FieldEnd	1	0	0	1	4	0	0
Rule	hppercentagemod	FieldEnd	1	0	1	0	0	0	0
Rule	hppercentagemod	FieldEnd	1	0	1	0	1	0	0
Rule	hppercentagemod	FieldEnd	1	0	1	0	2	0	0
Rule	hppercentagemod	FieldEnd	1	0	1	0	3	0	0
Rule	hppercentagemod	FieldEnd	1	0	1	0	4	0	0
Rule	hppercentagemod	FieldEnd	1	0	1	1	0	0	0
Rule	hppercentagemod	FieldEnd	1	0	1	1	1	0	0
Rule	hppercentagemod	FieldEnd	1	0	1	1	2	0	0
Rule	hppercentagemod	FieldEnd	1	0	1	1	3	0	0
Rule	hppercentagemod	FieldEnd	1	0	1	1	4	0	0
Rule	hppercentagemod	FieldEnd	1	1	0	0	0	0	0
Rule	hppercentagemod	FieldEnd	1	1	0	0	1	0	0
Rule	hppercentagemod	FieldEnd	1	1	0	0	2	0	0
Rule	hppercentagemod	FieldEnd	1	1	0	0	3	0	0
Rule	hppercentagemod	FieldEnd	1	1	0	0	4	0	0
Rule	hppercentagemod	FieldEnd	1	1	0	1	0	0	0
Rule	hppercentagemod	FieldEnd	1	1	0	1	1	0	0
Rule	hppercentagemod	FieldEnd	1	1	0	1	2	0	0
Rule	hppercentagemod	FieldEnd	1	1	0	1	3	0	0
Rule	hppercentagemod	FieldEnd	1	1	0	1	4	0	0
Rule	hppercentagemod	FieldEnd	1	1	1	0	0	0	0
Rule	hppercentagemod	FieldEnd	1	1	1	0	1	0	0
Rule	hppercentagemod	FieldEnd	1	1	1	0	2	0	0
Rule	hppercentagemod	FieldEnd	1	1	1	0	3	0	0
Rule	hppercentagemod	FieldEnd	1	1	1	0	4	0	0
Rule	hppercentagemod	FieldEnd	1	1	1	1	0	0	0
Rule	hppercentagemod	FieldEnd	1	1	1	1	1	0	0
Rule	hppercentagemod	FieldEnd	1	1	1	1	2	0	0
Rule	hppercentagemod	FieldEnd	1	1	1	1	3	0	0
Rule	hppercentagemod	FieldEnd	1	1	1	1	4	0	0
Rule	hppercentagemod	FieldEnd	1	2	0	0	0	0	0
Rule	hppercentagemod	FieldEnd	1	2	0	0	1	0	0
Rule	hppercentagemod	FieldEnd	1	2	0	0	2	0	0
Rule	hppercentagemod	FieldEnd	1	2	0	0	3	0	0
Rule	hppercentagemod	FieldEnd	1	2	0	0	4	0	0
Rule	hppercentagemod	FieldEnd	1	2	0	1	0	0	0
Rule	hppercentagemod	FieldEnd	1	2	0	1	1	0	0
Rule	hppercentagemod	FieldEnd	1	2	0	1	2	0	0
Rule	hppercentagemod	FieldEnd	1	2	0	1	3	0	0
Rule	hppercentagemod	FieldEnd	1	2	0	1	4	0	0
Rule	hppercentagemod	FieldEnd	1	2	1	0	0	0	0
Rule	hppercentagemod	FieldEnd	1	2	1	0	1	0	0
Rule	hppercentagemod	FieldEnd	1	2	1	0	2	0	0
Rule	hppercentagemod	FieldEnd	1	2	1	0	3	0	0
Rule	hppercentagemod	FieldEnd	1	2	1	0	4	0	0
Rule	hppercentagemod	FieldEnd	1	2	1	1	0	0	0
Rule	hppercentagemod	FieldEnd	1	2	1	1	1	0	0
Rule	hppercentagemod	FieldEnd	1	2	1	1	2	0	0
Rule	hppercentagemod	FieldEnd	1	2	1	1	3	0	0
Rule	hppercentagemod	FieldEnd	1	2	1	1	4	0	0
Rule	hppercentagemod	FieldEnd	1	3	0	0	0	0	0
Rule	hppercentagemod	FieldEnd	1	3	0	0	1	0	0
Rule	hppercentagemod	FieldEnd	1	3	0	0	2	0	0
Rule	hppercentagemod	FieldEnd	1	3	0	0	3	0	0
Rule	hppercentagemod	FieldEnd	1	3	0	0	4	0	0
Rule	hppercentagemod	FieldEnd	1	3	0	1	0	0	0
Rule	hppercentagemod	FieldEnd	1	3	0	1	1	0	0
Rule	hppercentagemod	FieldEnd	1	3	0	1	2	0	0
Rule	hppercentagemod	FieldEnd	1	3	0	1	3	0	0
Rule	hppercentagemod	FieldEnd	1	3	0	1	4	0	0
Rule	hppercentagemod	FieldEnd	1	3	1	0	0	0	0
Rule	hppercentagemod	FieldEnd	1	3	1	0	1	0	0
Rule	hppercentagemod	FieldEnd	1	3	1	0	2	0	0
Rule	hppercentagemod	FieldEnd	1	3	1	0	3	0	0
Rule	hppercentagemod	FieldEnd	1	3	1	0	4	0	0
Rule	hppercentagemod	FieldEnd	1	3	1	1	0	0	0
Rule	hppercentagemod	FieldEnd	1	3	1	1	1	0	0
Rule	hppercentagemod	FieldEnd	1	3	1	1	2	0	0
Rule	hppercentagemod	FieldEnd	1	3	1	1	3	0	0
Rule	hppercentagemod	FieldEnd	1	3	1	1	4	0	0
Rule	hppercentagemod	Residual	0	0	0	0	0	0	0
Rule	hppercentagemod	Residual	0	0	0	0	1	0	0
Rule	hppercentagemod	Residual	0	0	0	0	2	0	0
Rule	hppercentagemod	Residual	0	0	0	0	3	0	0
Rule	hppercentagemod	Residual	0	0	0	0	4	0	0
Rule	hppercentagemod	Residual	0	0	0	1	0	0	0
Rule	hppercentagemod	Residual	0	0	0	1	1	0	0
Rule	hppercentagemod	Residual	0	0	0	1	2	0	0
Rule	hppercentagemod	Residual	0	0	0	1	3	0	0
Rule	hppercentagemod	Residual	0	0	0	1	4	0	0
Rule	hppercentagemod	Residual	0	0	1	0	0	0	0
Rule	hppercentagemod	Residual	0	0	1	0	1	0	0
Rule	hppercentagemod	Residual	0	0	1	0	2	0	0
Rule	hppercentagemod	Residual	0	0	1	0	3	0	0
Rule	hppercentagemod	Residual	0	0	1	0	4	0	0
Rule	hppercentagemod	Residual	0	0	1	1	0	0	0
Rule	hppercentagemod	Residual	0	0	1	1	1	0	0
Rule	hppercentagemod	Residual	0	0	1	1	2	0	0
Rule	hppercentagemod	Residual	0	0	1	1	3	0	0
Rule	hppercentagemod	Residual	0	0	1	1	4	0	0
Rule	hppercentagemod	Residual	0	1	0	0	0	0	0
Rule	hppercentagemod	Residual	0	1	0	0	1	0	0
Rule	hppercentagemod	Residual	0	1	0	0	2	0	0
Rule	hppercentagemod	Residual	0	1	0	0	3	0	0
Rule	hppercentagemod	Residual	0	1	0	0	4	0	0
Rule	hppercentagemod	Residual	0	1	0	1	0	0	0
Rule	hppercentagemod	Residual	0	1	0	1	1	0	0
Rule	hppercentagemod	Residual	0	1	0	1	2	0	0
Rule	hppercentagemod	Residual	0	1	0	1	3	0	0
Rule	hppercentagemod	Residual	0	1	0	1	4	0	0
Rule	hppercentagemod	Residual	0	1	1	0	0	0	0
Rule	hppercentagemod	Residual	0	1	1	0	1	0	0
Rule	hppercentagemod	Residual	0	1	1	0	2	0	0
Rule	hppercentagemod	Residual	0	1	1	0	3	0	0
Rule	hppercentagemod	Residual	0	1	1	0	4	0	0
Rule	hppercentagemod	Residual	0	1	1	1	0	0	0
Rule	hppercentagemod	Residual	0	1	1	1	1	0	0
Rule	hppercentagemod	Residual	0	1	1	1	2	0	0
Rule	hppercentagemod	Residual	0	1	1	1	3	0	0
Rule	hppercentagemod	Residual	0	1	1	1	4	0	0
Rule	hppercentagemod	Residual	0	2	0	0	0	0	0
Rule	hppercentagemod	Residual	0	2	0	0	1	0	0
Rule	hppercentagemod	Residual	0	2	0	0	2	0	0
Rule	hppercentagemod	Residual	0	2	0	0	3	0	0
Rule	hppercentagemod	Residual	0	2	0	0	4	0	0
Rule	hppercentagemod	Residual	0	2	0	1	0	0	0
Rule	hppercentagemod	Residual	0	2	0	1	1	0	0
Rule	hppercentagemod	Residual	0	2	0	1	2	0	0
Rule	hppercentagemod	Residual	0	2	0	1	3	0	0
Rule	hppercentagemod	Residual	0	2	0	1	4	0	0
Rule	hppercentagemod	Residual	0	2	1	0	0	0	0
Rule	hppercentagemod	Residual	0	2	1	0	1	0	0
Rule	hppercentagemod	Residual	0	2	1	0	2	0	0
Rule	hppercentagemod	Residual	0	2	1	0	3	0	0
Rule	hppercentagemod	Residual	0	2	1	0	4	0	0
Rule	hppercentagemod	Residual	0	2	1	1	0	0	0
Rule	hppercentagemod	Residual	0	2	1	1	1	0	0
Rule	hppercentagemod	Residual	0	2	1	1	2	0	0
Rule	hppercentagemod	Residual	0	2	1	1	3	0	0
Rule	hppercentagemod	Residual	0	2	1	1	4	0	0
Rule	hppercentagemod	Residual	0	3	0	0	0	0	0
Rule	hppercentagemod	Residual	0	3	0	0	1	0	0
Rule	hppercentagemod	Residual	0	3	0	0	2	0	0
Rule	hppercentagemod	Residual	0	3	0	0	3	0	0
Rule	hppercentagemod	Residual	0	3	0	0	4	0	0
Rule	hppercentagemod	Residual	0	3	0	1	0	0	0
Rule	hppercentagemod	Residual	0	3	0	1	1	0	0
Rule	hppercentagemod	Residual	0	3	0	1	2	0	0
Rule	hppercentagemod	Residual	0	3	0	1	3	0	0
Rule	hppercentagemod	Residual	0	3	0	1	4	0	0
Rule	hppercentagemod	Residual	0	3	1	0	0	0	0
Rule	hppercentagemod	Residual	0	3	1	0	1	0	0
Rule	hppercentagemod	Residual	0	3	1	0	2	0	0
Rule	hppercentagemod	Residual	0	3	1	0	3	0	0
Rule	hppercentagemod	Residual	0	3	1	0	4	0	0
Rule	hppercentagemod	Residual	0	3	1	1	0	0	0
Rule	hppercentagemod	Residual	0	3	1	1	1	0	0
Rule	hppercentagemod	Residual	0	3	1	1	2	0	0
Rule	hppercentagemod	Residual	0	3	1	1	3	0	0
Rule	hppercentagemod	Residual	0	3	1	1	4	0	0
Rule	hppercentagemod	Residual	1	0	0	0	0	0	0
Rule	hppercentagemod	Residual	1	0	0	0	1	0	0
Rule	hppercentagemod	Residual	1	0	0	0	2	0	0
Rule	hppercentagemod	Residual	1	0	0	0	3	0	0
Rule	hppercentagemod	Residual	1	0	0	0	4	0	0
Rule	hppercentagemod	Residual	1	0	0	1	0	0	0
Rule	hppercentagemod	Residual	1	0	0	1	1	0	0
Rule	hppercentagemod	Residual	1	0	0	1	2	0	0
Rule	hppercentagemod	Residual	1	0	0	1	3	0	0
Rule	hppercentagemod	Residual	1	0	0	1	4	0	0
Rule	hppercentagemod	Residual	1	0	1	0	0	0	0
Rule	hppercentagemod	Residual	1	0	1	0	1	0	0
Rule	hppercentagemod	Residual	1	0	1	0	2	0	0
Rule	hppercentagemod	Residual	1	0	1	0	3	0	0
Rule	hppercentagemod	Residual	1	0	1	0	4	0	0
Rule	hppercentagemod	Residual	1	0	1	1	0	0	0
Rule	hppercentagemod	Residual	1	0	1	1	1	0	0
Rule	hppercentagemod	Residual	1	0	1	1	2	0	0
Rule	hppercentagemod	Residual	1	0	1	1	3	0	0
Rule	hppercentagemod	Residual	1	0	1	1	4	0	0
Rule	hppercentagemod	Residual	1	1	0	0	0	0	0
Rule	hppercentagemod	Residual	1	1	0	0	1	0	0
Rule	hppercentagemod	Residual	1	1	0	0	2	0	0
Rule	hppercentagemod	Residual	1	1	0	0	3	0	0
Rule	hppercentagemod	Residual	1	1	0	0	4	0	0
Rule	hppercentagemod	Residual	1	1	0	1	0	0	0
Rule	hppercentagemod	Residual	1	1	0	1	1	0	0
Rule	hppercentagemod	Residual	1	1	0	1	2	0	0
Rule	hppercentagemod	Residual	1	1	0	1	3	0	0
Rule	hppercentagemod	Residual	1	1	0	1	4	0	0
Rule	hppercentagemod	Residual	1	1	1	0	0	0	0
Rule	hppercentagemod	Residual	1	1	1	0	1	0	0
Rule	hppercentagemod	Residual	1	1	1	0	2	0	0
Rule	hppercentagemod	Residual	1	1	1	0	3	0	0
Rule	hppercentagemod	Residual	1	1	1	0	4	0	0
Rule	hppercentagemod	Residual	1	1	1	1	0	0	0
Rule	hppercentagemod	Residual	1	1	1	1	1	0	0
Rule	hppercentagemod	Residual	1	1	1	1	2	0	0
Rule	hppercentagemod	Residual	1	1	1	1	3	0	0
Rule	hppercentagemod	Residual	1	1	1	1	4	0	0
Rule	hppercentagemod	Residual	1	2	0	0	0	0	0
Rule	hppercentagemod	Residual	1	2	0	0	1	0	0
Rule	hppercentagemod	Residual	1	2	0	0	2	0	0
Rule	hppercentagemod	Residual	1	2	0	0	3	0	0
Rule	hppercentagemod	Residual	1	2	0	0	4	0	0
Rule	hppercentagemod	Residual	1	2	0	1	0	0	0
Rule	hppercentagemod	Residual	1	2	0	1	1	0	0
Rule	hppercentagemod	Residual	1	2	0	1	2	0	0
Rule	hppercentagemod	Residual	1	2	0	1	3	0	0
Rule	hppercentagemod	Residual	1	2	0	1	4	0	0
Rule	hppercentagemod	Residual	1	2	1	0	0	0	0
Rule	hppercentagemod	Residual	1	2	1	0	1	0	0
Rule	hppercentagemod	Residual	1	2	1	0	2	0	0
Rule	hppercentagemod	Residual	1	2	1	0	3	0	0
Rule	hppercentagemod	Residual	1	2	1	0	4	0	0
Rule	hppercentagemod	Residual	1	2	1	1	0	0	0
Rule	hppercentagemod	Residual	1	2	1	1	1	0	0
Rule	hppercentagemod	Residual	1	2	1	1	2	0	0
Rule	hppercentagemod	Residual	1	2	1	1	3	0	0
Rule	hppercentagemod	Residual	1	2	1	1	4	0	0
Rule	hppercentagemod	Residual	1	3	0	0	0	0	0
Rule	hppercentagemod	Residual	1	3	0	0	1	0	0
Rule	hppercentagemod	Residual	1	3	0	0	2	0	0
Rule	hppercentagemod	Residual	1	3	0	0	3	0	0
Rule	hppercentagemod	Residual	1	3	0	0	4	0	0
Rule	hppercentagemod	Residual	1	3	0	1	0	0	0
Rule	hppercentagemod	Residual	1	3	0	1	1	0	0
Rule	hppercentagemod	Residual	1	3	0	1	2	0	0
Rule	hppercentagemod	Residual	1	3	0	1	3	0	0
Rule	hppercentagemod	Residual	1	3	0	1	4	0	0
Rule	hppercentagemod	Residual	1	3	1	0	0	0	0
Rule	hppercentagemod	Residual	1	3	1	0	1	0	0
Rule	hppercentagemod	Residual	1	3	1	0	2	0	0
Rule	hppercentagemod	Residual	1	3	1	0	3	0	0
Rule	hppercentagemod	Residual	1	3	1	0	4	0	0
Rule	hppercentagemod	Residual	1	3	1	1	0	0	0
Rule	hppercentagemod	Residual	1	3	1	1	1	0	0
Rule	hppercentagemod	Residual	1	3	1	1	2	0	0
Rule	hppercentagemod	Residual	1	3	1	1	3	0	0
Rule	hppercentagemod	Residual	1	3	1	1	4	0	0
Rule	hppercentagemod	AfterSetStatus	0	0	0	0	0	0	0
Rule	hppercentagemod	AfterSetStatus	0	0	0	0	1	0	0
Rule	hppercentagemod	AfterSetStatus	0	0	0	0	2	0	0
Rule	hppercentagemod	AfterSetStatus	0	0	0	0	3	0	0
Rule	hppercentagemod	AfterSetStatus	0	0	0	0	4	0	0
Rule	hppercentagemod	AfterSetStatus	0	0	0	1	0	0	0
Rule	hppercentagemod	AfterSetStatus	0	0	0	1	1	0	0
Rule	hppercentagemod	AfterSetStatus	0	0	0	1	2	0	0
Rule	hppercentagemod	AfterSetStatus	0	0	0	1	3	0	0
Rule	hppercentagemod	AfterSetStatus	0	0	0	1	4	0	0
Rule	hppercentagemod	AfterSetStatus	0	0	1	0	0	0	0
Rule	hppercentagemod	AfterSetStatus	0	0	1	0	1	0	0
Rule	hppercentagemod	AfterSetStatus	0	0	1	0	2	0	0
Rule	hppercentagemod	AfterSetStatus	0	0	1	0	3	0	0
Rule	hppercentagemod	AfterSetStatus	0	0	1	0	4	0	0
Rule	hppercentagemod	AfterSetStatus	0	0	1	1	0	0	0
Rule	hppercentagemod	AfterSetStatus	0	0	1	1	1	0	0
Rule	hppercentagemod	AfterSetStatus	0	0	1	1	2	0	0
Rule	hppercentagemod	AfterSetStatus	0	0	1	1	3	0	0
Rule	hppercentagemod	AfterSetStatus	0	0	1	1	4	0	0
Rule	hppercentagemod	AfterSetStatus	0	1	0	0	0	0	0
Rule	hppercentagemod	AfterSetStatus	0	1	0	0	1	0	0
Rule	hppercentagemod	AfterSetStatus	0	1	0	0	2	0	0
Rule	hppercentagemod	AfterSetStatus	0	1	0	0	3	0	0
Rule	hppercentagemod	AfterSetStatus	0	1	0	0	4	0	0
Rule	hppercentagemod	AfterSetStatus	0	1	0	1	0	0	0
Rule	hppercentagemod	AfterSetStatus	0	1	0	1	1	0	0
Rule	hppercentagemod	AfterSetStatus	0	1	0	1	2	0	0
Rule	hppercentagemod	AfterSetStatus	0	1	0	1	3	0	0
Rule	hppercentagemod	AfterSetStatus	0	1	0	1	4	0	0
Rule	hppercentagemod	AfterSetStatus	0	1	1	0	0	0	0
Rule	hppercentagemod	AfterSetStatus	0	1	1	0	1	0	0
Rule	hppercentagemod	AfterSetStatus	0	1	1	0	2	0	0
Rule	hppercentagemod	AfterSetStatus	0	1	1	0	3	0	0
Rule	hppercentagemod	AfterSetStatus	0	1	1	0	4	0	0
Rule	hppercentagemod	AfterSetStatus	0	1	1	1	0	0	0
Rule	hppercentagemod	AfterSetStatus	0	1	1	1	1	0	0
Rule	hppercentagemod	AfterSetStatus	0	1	1	1	2	0	0
Rule	hppercentagemod	AfterSetStatus	0	1	1	1	3	0	0
Rule	hppercentagemod	AfterSetStatus	0	1	1	1	4	0	0
Rule	hppercentagemod	AfterSetStatus	0	2	0	0	0	0	0
Rule	hppercentagemod	AfterSetStatus	0	2	0	0	1	0	0
Rule	hppercentagemod	AfterSetStatus	0	2	0	0	2	0	0
Rule	hppercentagemod	AfterSetStatus	0	2	0	0	3	0	0
Rule	hppercentagemod	AfterSetStatus	0	2	0	0	4	0	0
Rule	hppercentagemod	AfterSetStatus	0	2	0	1	0	0	0
Rule	hppercentagemod	AfterSetStatus	0	2	0	1	1	0	0
Rule	hppercentagemod	AfterSetStatus	0	2	0	1	2	0	0
Rule	hppercentagemod	AfterSetStatus	0	2	0	1	3	0	0
Rule	hppercentagemod	AfterSetStatus	0	2	0	1	4	0	0
Rule	hppercentagemod	AfterSetStatus	0	2	1	0	0	0	0
Rule	hppercentagemod	AfterSetStatus	0	2	1	0	1	0	0
Rule	hppercentagemod	AfterSetStatus	0	2	1	0	2	0	0
Rule	hppercentagemod	AfterSetStatus	0	2	1	0	3	0	0
Rule	hppercentagemod	AfterSetStatus	0	2	1	0	4	0	0
Rule	hppercentagemod	AfterSetStatus	0	2	1	1	0	0	0
Rule	hppercentagemod	AfterSetStatus	0	2	1	1	1	0	0
Rule	hppercentagemod	AfterSetStatus	0	2	1	1	2	0	0
Rule	hppercentagemod	AfterSetStatus	0	2	1	1	3	0	0
Rule	hppercentagemod	AfterSetStatus	0	2	1	1	4	0	0
Rule	hppercentagemod	AfterSetStatus	0	3	0	0	0	0	0
Rule	hppercentagemod	AfterSetStatus	0	3	0	0	1	0	0
Rule	hppercentagemod	AfterSetStatus	0	3	0	0	2	0	0
Rule	hppercentagemod	AfterSetStatus	0	3	0	0	3	0	0
Rule	hppercentagemod	AfterSetStatus	0	3	0	0	4	0	0
Rule	hppercentagemod	AfterSetStatus	0	3	0	1	0	0	0
Rule	hppercentagemod	AfterSetStatus	0	3	0	1	1	0	0
Rule	hppercentagemod	AfterSetStatus	0	3	0	1	2	0	0
Rule	hppercentagemod	AfterSetStatus	0	3	0	1	3	0	0
Rule	hppercentagemod	AfterSetStatus	0	3	0	1	4	0	0
Rule	hppercentagemod	AfterSetStatus	0	3	1	0	0	0	0
Rule	hppercentagemod	AfterSetStatus	0	3	1	0	1	0	0
Rule	hppercentagemod	AfterSetStatus	0	3	1	0	2	0	0
Rule	hppercentagemod	AfterSetStatus	0	3	1	0	3	0	0
Rule	hppercentagemod	AfterSetStatus	0	3	1	0	4	0	0
Rule	hppercentagemod	AfterSetStatus	0	3	1	1	0	0	0
Rule	hppercentagemod	AfterSetStatus	0	3	1	1	1	0	0
Rule	hppercentagemod	AfterSetStatus	0	3	1	1	2	0	0
Rule	hppercentagemod	AfterSetStatus	0	3	1	1	3	0	0
Rule	hppercentagemod	AfterSetStatus	0	3	1	1	4	0	0
Rule	hppercentagemod	AfterSetStatus	1	0	0	0	0	0	0
Rule	hppercentagemod	AfterSetStatus	1	0	0	0	1	0	0
Rule	hppercentagemod	AfterSetStatus	1	0	0	0	2	0	0
Rule	hppercentagemod	AfterSetStatus	1	0	0	0	3	0	0
Rule	hppercentagemod	AfterSetStatus	1	0	0	0	4	0	0
Rule	hppercentagemod	AfterSetStatus	1	0	0	1	0	0	0
Rule	hppercentagemod	AfterSetStatus	1	0	0	1	1	0	0
Rule	hppercentagemod	AfterSetStatus	1	0	0	1	2	0	0
Rule	hppercentagemod	AfterSetStatus	1	0	0	1	3	0	0
Rule	hppercentagemod	AfterSetStatus	1	0	0	1	4	0	0
Rule	hppercentagemod	AfterSetStatus	1	0	1	0	0	0	0
Rule	hppercentagemod	AfterSetStatus	1	0	1	0	1	0	0
Rule	hppercentagemod	AfterSetStatus	1	0	1	0	2	0	0
Rule	hppercentagemod	AfterSetStatus	1	0	1	0	3	0	0
Rule	hppercentagemod	AfterSetStatus	1	0	1	0	4	0	0
Rule	hppercentagemod	AfterSetStatus	1	0	1	1	0	0	0
Rule	hppercentagemod	AfterSetStatus	1	0	1	1	1	0	0
Rule	hppercentagemod	AfterSetStatus	1	0	1	1	2	0	0
Rule	hppercentagemod	AfterSetStatus	1	0	1	1	3	0	0
Rule	hppercentagemod	AfterSetStatus	1	0	1	1	4	0	0
Rule	hppercentagemod	AfterSetStatus	1	1	0	0	0	0	0
Rule	hppercentagemod	AfterSetStatus	1	1	0	0	1	0	0
Rule	hppercentagemod	AfterSetStatus	1	1	0	0	2	0	0
Rule	hppercentagemod	AfterSetStatus	1	1	0	0	3	0	0
Rule	hppercentagemod	AfterSetStatus	1	1	0	0	4	0	0
Rule	hppercentagemod	AfterSetStatus	1	1	0	1	0	0	0
Rule	hppercentagemod	AfterSetStatus	1	1	0	1	1	0	0
Rule	hppercentagemod	AfterSetStatus	1	1	0	1	2	0	0
Rule	hppercentagemod	AfterSetStatus	1	1	0	1	3	0	0
Rule	hppercentagemod	AfterSetStatus	1	1	0	1	4	0	0
Rule	hppercentagemod	AfterSetStatus	1	1	1	0	0	0	0
Rule	hppercentagemod	AfterSetStatus	1	1	1	0	1	0	0
Rule	hppercentagemod	AfterSetStatus	1	1	1	0	2	0	0
Rule	hppercentagemod	AfterSetStatus	1	1	1	0	3	0	0
Rule	hppercentagemod	AfterSetStatus	1	1	1	0	4	0	0
Rule	hppercentagemod	AfterSetStatus	1	1	1	1	0	0	0
Rule	hppercentagemod	AfterSetStatus	1	1	1	1	1	0	0
Rule	hppercentagemod	AfterSetStatus	1	1	1	1	2	0	0
Rule	hppercentagemod	AfterSetStatus	1	1	1	1	3	0	0
Rule	hppercentagemod	AfterSetStatus	1	1	1	1	4	0	0
Rule	hppercentagemod	AfterSetStatus	1	2	0	0	0	0	0
Rule	hppercentagemod	AfterSetStatus	1	2	0	0	1	0	0
Rule	hppercentagemod	AfterSetStatus	1	2	0	0	2	0	0
Rule	hppercentagemod	AfterSetStatus	1	2	0	0	3	0	0
Rule	hppercentagemod	AfterSetStatus	1	2	0	0	4	0	0
Rule	hppercentagemod	AfterSetStatus	1	2	0	1	0	0	0
Rule	hppercentagemod	AfterSetStatus	1	2	0	1	1	0	0
Rule	hppercentagemod	AfterSetStatus	1	2	0	1	2	0	0
Rule	hppercentagemod	AfterSetStatus	1	2	0	1	3	0	0
Rule	hppercentagemod	AfterSetStatus	1	2	0	1	4	0	0
Rule	hppercentagemod	AfterSetStatus	1	2	1	0	0	0	0
Rule	hppercentagemod	AfterSetStatus	1	2	1	0	1	0	0
Rule	hppercentagemod	AfterSetStatus	1	2	1	0	2	0	0
Rule	hppercentagemod	AfterSetStatus	1	2	1	0	3	0	0
Rule	hppercentagemod	AfterSetStatus	1	2	1	0	4	0	0
Rule	hppercentagemod	AfterSetStatus	1	2	1	1	0	0	0
Rule	hppercentagemod	AfterSetStatus	1	2	1	1	1	0	0
Rule	hppercentagemod	AfterSetStatus	1	2	1	1	2	0	0
Rule	hppercentagemod	AfterSetStatus	1	2	1	1	3	0	0
Rule	hppercentagemod	AfterSetStatus	1	2	1	1	4	0	0
Rule	hppercentagemod	AfterSetStatus	1	3	0	0	0	0	0
Rule	hppercentagemod	AfterSetStatus	1	3	0	0	1	0	0
Rule	hppercentagemod	AfterSetStatus	1	3	0	0	2	0	0
Rule	hppercentagemod	AfterSetStatus	1	3	0	0	3	0	0
Rule	hppercentagemod	AfterSetStatus	1	3	0	0	4	0	0
Rule	hppercentagemod	AfterSetStatus	1	3	0	1	0	0	0
Rule	hppercentagemod	AfterSetStatus	1	3	0	1	1	0	0
Rule	hppercentagemod	AfterSetStatus	1	3	0	1	2	0	0
Rule	hppercentagemod	AfterSetStatus	1	3	0	1	3	0	0
Rule	hppercentagemod	AfterSetStatus	1	3	0	1	4	0	0
Rule	hppercentagemod	AfterSetStatus	1	3	1	0	0	0	0
Rule	hppercentagemod	AfterSetStatus	1	3	1	0	1	0	0
Rule	hppercentagemod	AfterSetStatus	1	3	1	0	2	0	0
Rule	hppercentagemod	AfterSetStatus	1	3	1	0	3	0	0
Rule	hppercentagemod	AfterSetStatus	1	3	1	0	4	0	0
Rule	hppercentagemod	AfterSetStatus	1	3	1	1	0	0	0
Rule	hppercentagemod	AfterSetStatus	1	3	1	1	1	0	0
Rule	hppercentagemod	AfterSetStatus	1	3	1	1	2	0	0
Rule	hppercentagemod	AfterSetStatus	1	3	1	1	3	0	0
Rule	hppercentagemod	AfterSetStatus	1	3	1	1	4	0	0
